단지코드,일반관리-관리방식,일반관리-인원,경비관리-관리방식,경비관리-인원,경비관리-계약업체,청소관리-관리방식,청소관리-인원,청소관리-계약업체,음식물 처리방법,소독관리-관리방식,소독관리-계약업체
A10020550,자치관리(직영),4,자치관리(직영),,,자치관리(직영),1,,음식물쓰레기종량제,위탁관리,xxx
A10020888,위탁관리,2,위탁관리,,(주)동우개발,위탁관리,2,(주)동우개발,음식물쓰레기종량제,위탁관리,태은환경
A10023322,위탁관리,1,위탁관리,2,(주)성우알티에스,위탁관리,1,,차량수거방식,위탁관리,
A10023788,위탁관리,4,자치관리(직영),2,,자치관리(직영),3,,차량수거방식,위탁관리,대양디아이
A10023815,위탁관리,3,위탁관리,2,(주)크린서비스,위탁관리,2,,음식물쓰레기종량제,위탁관리,
A10023891,위탁관리,7,위탁관리,4,웅산개발(주),위탁관리,7,서일개발(주),차량수거방식,위탁관리,비엔비클린
A10024034,자치관리,4,자치관리,2,,자치관리,3,,음식물쓰레기종량제,위탁관리,굿모닝환경
A10024237,위탁관리,2,위탁관리,2,(주)혜진종합관리,위탁관리,1,,음식물쓰레기종량제,위탁관리,
A10024327,자치관리,1,자치관리(직영),2,,자치관리,1,,음식물쓰레기종량제,자치관리,
A10024359,위탁관리,4,,,,위탁관리,3,,기타,위탁관리,
A10024398,위탁관리,15,위탁관리,11,에스원,위탁관리,16,(주)피누스이앤씨,거점장비수거방식,위탁관리,에이원한강
A10024408,위탁관리,5,위탁관리,2,(주)승학,위탁관리,5,(주)승학,거점장비수거방식,위탁관리,성산산업개발㈜
A10024410,위탁관리,5,위탁관리,2,(주)서호씨엠,위탁관리,2,(주)서호씨엠,차량수거방식,위탁관리,주식회사 서호씨엠
A10024421,위탁관리,8,위탁관리,6,대온관리,위탁관리,8,대온관리,음식물쓰레기종량제,위탁관리,굿에어테크
A10024422,위탁관리,8,위탁관리,6,(주)신현대관리,위탁관리,8,(주)국보종합관리,거점장비수거방식,위탁관리,지산아이앤씨
A10024436,위탁관리,7,위탁관리,2,우리자산관리(주),위탁관리,5,우리자산관리(주),음식물쓰레기종량제,위탁관리,굿에어테크
A10024443,위탁관리,4,위탁관리,2,(주)에스원,위탁관리,2,(주)참우리,음식물쓰레기종량제,위탁관리,굿에어테크
A10024463,위탁관리,1,자치관리(직영),2,(주)듀델코리아,자치관리(직영),1,,거점장비수거방식,위탁관리,
A10024464,위탁관리,3,위탁관리,0,,위탁관리,4,,음식물쓰레기종량제,위탁관리,
A10024468,위탁관리,12,위탁관리,7,에스원,위탁관리,12,에이제이대원,음식물쓰레기종량제,위탁관리,지산아이앤씨
A10024470,위탁관리,7,위탁관리,5,(주)유케이개발,위탁관리,7,,차량수거방식,위탁관리,
A10024473,위탁관리,16,위탁관리,12,(주)에스원,위탁관리,27,(주)듀델코리아,거점장비수거방식,위탁관리,태양지엔씨
A10024488,위탁관리,13,위탁관리,7,주식회사 에스원,위탁관리,20,㈜피누스이앤씨,음식물쓰레기종량제,위탁관리,㈜와이브이시스템
A10024490,위탁관리,5,관리방식미정,0,,위탁관리,3,주식회사 크라운티엠에스,차량수거방식,위탁관리,(주)시스템 
A10024492,위탁관리,6,위탁관리,4,(주)청담관리,위탁관리,5,(주)청담관리,음식물쓰레기종량제,위탁관리,나라개발시스템주식회사
A10024495,위탁관리,4,위탁관리,2,(주)세연종합관리,위탁관리,3,(주)세연종합관리,거점장비수거방식,위탁관리,(주)성산산업개발
A10024501,위탁관리,5,위탁관리,2,,위탁관리,4,,음식물쓰레기종량제,위탁관리,
A10024503,위탁관리,24,위탁관리,18,(주)타워피엠씨,위탁관리,13,(주)타워피엠씨,차량수거방식,위탁관리,성우서비스
A10024505,위탁관리,6,위탁관리,3,(주)듀델코리아,위탁관리,4,,거점장비수거방식,위탁관리,더자람
A10024524,위탁관리,4,관리방식미정,0,,위탁관리,1,(주)세안텍스,음식물쓰레기종량제,위탁관리,(주)세안텍스
A10024532,위탁관리,5,위탁관리,2,(주)세연종합관리,위탁관리(직영+위탁),2,(주)이오티앤디,거점장비수거방식,위탁관리,(주)동명환경
A10024547,위탁관리,9,위탁관리,7,에스원,위탁관리,13,승인산업,차량수거방식,위탁관리,(주)태은환경
A10024552,위탁관리,15,위탁관리,12,(주)에스텍시스템,위탁관리,17,(주)듀델코리아,거점장비수거방식,위탁관리,세영에이앤씨(주)
A10024562,위탁관리,7,위탁관리,3,주식회사 에이디티 캡스,위탁관리,6,동성자산관리(주),음식물쓰레기종량제,위탁관리,(주)굿에어테크
A10024564,위탁관리,23,위탁관리,25,에스텍시스템,위탁관리,39,삼우서비스(주_),거점장비수거방식,위탁관리,에이스나무병원
A10024567,위탁관리,9,위탁관리,4,(주)유케이개발,위탁관리,8,,거점장비수거방식,위탁관리,
A10024574,위탁관리,10,위탁관리,6,홈스웰,위탁관리,10,홈스웰,차량수거방식,위탁관리,블루써브
A10024577,위탁관리,6,위탁관리,5,(주)이엠피서비스,위탁관리,6,삼우안전관리,음식물쓰레기종량제,위탁관리,(주)굿에어테크
A10024615,위탁관리,13,위탁관리,10,SK쉴더스(주),위탁관리,15,,차량수거방식,위탁관리,
A10024667,위탁관리,2,위탁관리,2,...,위탁관리,2,,차량수거방식,위탁관리,
A10024691,위탁관리,16,위탁관리,24,(주)에스원,위탁관리,20,(주)밝은티에스,거점장비수거방식,위탁관리,지산아이앤씨
A10024703,위탁관리,5,위탁관리,5,에스원,위탁관리,6,이데아그룹,음식물쓰레기종량제,위탁관리,태은환경
A10024719,위탁관리,22,위탁관리,10,(주)에스원,위탁관리,14,태영건물종합관리,거점장비수거방식,위탁관리,(주)굿에어테크
A10024725,위탁관리,7,위탁관리,6,(주)씨큐원,위탁관리,11,(주)이엠피서비스,음식물쓰레기종량제,위탁관리,(유)우원티엠
A10024741,위탁관리,11,위탁관리,11,(주)에이디티캡스,위탁관리,17,,음식물쓰레기종량제,위탁관리,
A10024745,위탁관리,10,위탁관리,6,새롬시큐리티(주),위탁관리,12,,차량수거방식,위탁관리,
A10024768,위탁관리,4,관리방식미정,0,,위탁관리,2,주식회사 주나,음식물쓰레기종량제,위탁관리,주식회사 쾌청
A10024787,위탁관리,11,위탁관리,13,주식회사 에스원,위탁관리,13,주식회사 라포프,거점장비수거방식,위탁관리,(주)한빛티에스
A10024789,위탁관리,10,위탁관리,6,듀델코리아,위탁관리,10,라포르,음식물쓰레기종량제,위탁관리,지산아이엔씨
A10024793,위탁관리,2,위탁관리,4,웅산산업개발,위탁관리,1,태경종합관리(주),음식물쓰레기종량제,위탁관리,에이스시설관리(주)
A10024811,위탁관리,2,위탁관리,2,국보종합관리,자치관리,1,,차량수거방식,위탁관리,국보종합관리
A10024822,자치관리,1,자치관리,2,,자치관리,1,,음식물쓰레기종량제,위탁관리,
A10024828,위탁관리(직영+위탁),10,위탁관리,8,에스원,위탁관리,14,(주)에이치엠씨,거점장비수거방식,위탁관리,(주)피누스이엔씨
A10024831,위탁관리,17,위탁관리,16,(주)에스원,위탁관리,28,(주)라포르,음식물쓰레기종량제,위탁관리,(주)굿에어테크
A10024849,위탁관리,5,위탁관리,2,혜진종합관리,위탁관리,3,(주)홈스웰,음식물쓰레기종량제,위탁관리,대양디아이(주)
A10024886,위탁관리,5,관리방식미정,0,,자치관리,1,,음식물쓰레기종량제,위탁관리,국보종합관리
A10024891,위탁관리,9,위탁관리,7,크린서비스(주),위탁관리,7,크린서비스(주),음식물쓰레기종량제,위탁관리,(주)다인서비스
A10024894,위탁관리,6,위탁관리,4,(주)두원에이앤씨,위탁관리,6,(주)듀델코리아,차량수거방식,위탁관리,(주)와이브이시스템
A10024913,위탁관리,9,위탁관리,8,(주)에스원,위탁관리,9,(주)지엔비,거점장비수거방식,위탁관리,동부이엔피
A10024925,위탁관리,8,위탁관리,4,(주)홈스웰,위탁관리,7,(주)홈스웰,거점장비수거방식,위탁관리,(주)지산아이엔씨
A10024927,위탁관리,5,위탁관리,3,그린코리아주식회사,위탁관리,4,그린코리아주식회사,거점장비수거방식,위탁관리,(주)굿에어테크
A10024932,위탁관리,5,위탁관리,3,(주)SK쉴더스,위탁관리,5,이오티앤디,거점장비수거방식,위탁관리,(유)미래환경
A10024938,위탁관리,11,위탁관리,9,(주)에스원,위탁관리,11,(주)홈스웰,거점장비수거방식,위탁관리,(주)동진엠엔에스
A10024947,위탁관리,8,위탁관리,5,에스원,위탁관리,9,(주)홈스웰,차량수거방식,위탁관리,(주)한영방재
A10024966,위탁관리,7,위탁관리,2,,위탁관리,5,,음식물쓰레기종량제,관리방식미정,
A10024974,위탁관리,10,위탁관리,7,(주)에스원,위탁관리,17,승인산업(주),음식물쓰레기종량제,위탁관리,(주)와이브이시스템즈
A10025003,위탁관리,23,위탁관리,9,에스원(주),위탁관리,17,(주)라포르,음식물쓰레기종량제,위탁관리,(주)굿에어테크
A10025010,위탁관리,43,위탁관리,25,세이프원,위탁관리,55,신화비엠씨,거점장비수거방식,위탁관리,다인서비스
A10025013,위탁관리,9,위탁관리,6,주식회사 에스원,위탁관리,13,(주)효명종합관리,음식물쓰레기종량제,위탁관리,(주)태양씨에스
A10025015,위탁관리,4,위탁관리,4,(주)태영,위탁관리,4,(유)화이트시스템,차량수거방식,위탁관리,(주)성우서비스
A10025024,위탁관리,9,위탁관리,9,(주)듀델코리아,위탁관리,10,(주)라포르,음식물쓰레기종량제,위탁관리,(주)새롬에스앤씨
A10025070,위탁관리,12,위탁관리,12,(주)에스원,위탁관리,20,(주)피누스이앤씨,음식물쓰레기종량제,위탁관리,(주)동진엠엔에스
A10025092,위탁관리,11,위탁관리,10,한국보안컨설팅(주),위탁관리,15,효명종합관리,음식물쓰레기종량제,위탁관리,에이스나무병원(주)
A10025097,위탁관리,7,위탁관리,6,에스원,위탁관리,12,주식회사 다우시스템,거점장비수거방식,위탁관리,태은환경
A10025104,위탁관리,15,위탁관리,9,(주)에스원,위탁관리,21,(주)두원에이앤씨,음식물쓰레기종량제,위탁관리,(주)한영방제
A10025112,위탁관리,22,위탁관리,13,(주)에스텍시스템,위탁관리,25,(주)라포르,음식물쓰레기종량제,위탁관리,(주)동진엠엔에스
A10025115,위탁관리,5,위탁관리,4,승학(주),위탁관리,4,주)시티관리,음식물쓰레기종량제,위탁관리,주)그린피아한성
A10025116,위탁관리,6,위탁관리,4,(주)듀델코리아,위탁관리,4,(주)듀델코리아,음식물쓰레기종량제,위탁관리,(주)휘성
A10025122,위탁관리,8,위탁관리,2,(주)듀델코리아,위탁관리,2,,거점장비수거방식,위탁관리,
A10025130,위탁관리,10,위탁관리,8,(주)이엠피서비스,위탁관리,12,삼우서비스,차량수거방식,위탁관리,(주)한영방제
A10025133,위탁관리,7,위탁관리,7,(주)에스텍시스템,위탁관리,9,,거점장비수거방식,위탁관리,
A10025137,위탁관리(직영+위탁),3,위탁관리(직영+위탁),2,태영건물종합관리주식회사,위탁관리(직영+위탁),1,태영건물종합관리주식회사,차량수거방식,위탁관리,굿에어테크
A10025157,위탁관리,2,위탁관리,2,(주)무림하우징,위탁관리,1,믿음환경,음식물쓰레기종량제,위탁관리,(주)우양)
A10025159,위탁관리,5,위탁관리,4,주식회사 에스원,위탁관리,6,진성관리,음식물쓰레기종량제,위탁관리,굿에어테크
A10025166,위탁관리,6,위탁관리,4,(주)듀델코리아,위탁관리,5,듀델,거점장비수거방식,위탁관리,태강티엠에스
A10025174,위탁관리,6,위탁관리,3,세원종합관리,위탁관리,5,,차량수거방식,위탁관리,
A10025192,위탁관리,24,위탁관리,22,(주)에스텍,위탁관리,28,태진자산관리(주),거점장비수거방식,위탁관리,(주)태양씨에스
A10025193,위탁관리,6,위탁관리,4,혜진종합관리,위탁관리,8,(주)대원,음식물쓰레기종량제,위탁관리,(주)동진엠엔에스
A10025203,위탁관리,16,위탁관리,14,(주)세이프원,위탁관리,22,(주)타워피엠씨,차량수거방식,위탁관리,(주)다인서비스
A10025223,자치관리,5,자치관리,2,,자치관리,2,,음식물쓰레기종량제,위탁관리,
A10025241,위탁관리,10,위탁관리,8,(주)에스원,위탁관리,14,(주)아이원서비스,기타,위탁관리,(주)청정티엠에스
A10025245,위탁관리,12,위탁관리,11,주식회사인동,위탁관리,15,주원그린,차량수거방식,위탁관리,청정티엠스
A10025259,위탁관리,5,위탁관리,2,듀델코리아,위탁관리,3,우리관리(주),차량수거방식,위탁관리,(주)유니탑
A10025263,위탁관리,35,위탁관리,34,탄천산업,위탁관리,58,승인산업,음식물쓰레기종량제,위탁관리(직영+위탁),삼우서비스
A10025283,위탁관리,9,위탁관리,9,(주)새롬종합관리,위탁관리,12,(주)유케이개발,차량수거방식,위탁관리,(주)TH서비스
A10025302,위탁관리,4,위탁관리,2,(주)에스제이종합,위탁관리,2,나라개발시스템(주),음식물쓰레기종량제,위탁관리,(주)휘성
A10025310,위탁관리,11,위탁관리,5,에스원,위탁관리,16,세연종합관리,차량수거방식,위탁관리,지산이엔씨
A10025372,위탁관리,3,위탁관리,2,듀델(주),위탁관리,2,(주)듀델,음식물쓰레기종량제,위탁관리,(주)휘성
A10025375,위탁관리,3,위탁관리,0,,위탁관리,1,(주)아이비에스인더스트리,음식물쓰레기종량제,위탁관리,제이마스터(주)
A10025386,위탁관리,3,위탁관리,2,(주)진성관리,위탁관리,2,(주)진성관리,음식물쓰레기종량제,관리방식미정,
A10025387,위탁관리,6,위탁관리,4,(주)에스제이종합,위탁관리,5,(주)에스제이종합,음식물쓰레기종량제,위탁관리,(주)휘성
A10025397,위탁관리,3,위탁관리,2,(주)에스제이종합,위탁관리,2,,음식물쓰레기종량제,위탁관리,
A10025404,위탁관리,2,위탁관리,2,상우,관리방식미정,1,,차량수거방식,위탁관리,한빛
A10025410,위탁관리,10,위탁관리,6,에스원,위탁관리,13,주원그린,음식물쓰레기종량제,위탁관리,태양지엔씨
A10025415,위탁관리,16,위탁관리,15,(주)에스원,위탁관리,22,한국주택시설관리(주),음식물쓰레기종량제,위탁관리,와이브이시스템
A10025418,위탁관리,16,위탁관리,9,타워PMC,위탁관리,7,새롬에스앤씨,거점장비수거방식,위탁관리,다인서비스
A10025428,위탁관리,3,위탁관리,2,(주)두원에이앤씨,위탁관리,3,(주)두언에이앤씨,음식물쓰레기종량제,위탁관리,(주)굿모닝대양
A10025456,위탁관리,5,위탁관리,3,주식회사 에이치엔서브,위탁관리,5,에이치엔서브,음식물쓰레기종량제,위탁관리,동부이앤피
A10025461,위탁관리,9,위탁관리,5,태영건물종합관리(주),위탁관리,11,(주)피누스이앤씨,음식물쓰레기종량제,위탁관리,(주)더 자람
A10025527,위탁관리,3,위탁관리,2,(주)진성관리,위탁관리,2,에이스시설관리,차량수거방식,자치관리(직영),
A10025533,위탁관리,6,위탁관리,6,(주)한영파트너스,위탁관리,6,(주)효명종합관리,기타,위탁관리,(주)청정티엠에스
A10025562,위탁관리,6,위탁관리,6,(주)우창개발,위탁관리,7,(주)우창개발,거점장비수거방식,위탁관리,(주)청정티엠에스
A10025564,위탁관리,3,위탁관리,2,진성관리,위탁관리,2,진성관리,음식물쓰레기종량제,관리방식미정,
A10025600,위탁관리,5,관리방식미정,4,,관리방식미정,6,,음식물쓰레기종량제,위탁관리,티엔크린
A10025614,위탁관리,9,위탁관리,7,(주)에스제이종합,위탁관리,10,(주)에스제애ㅣ종합,음식물쓰레기종량제,위탁관리,대진에스컴(주)
A10025633,위탁관리,4,위탁관리,2,광인에스테이트서비수(주),위탁관리,3,광인에스테이트서비스(주),거점장비수거방식,위탁관리,대청그린웍스
A10025638,위탁관리,16,위탁관리,12,ADT캡스,위탁관리,25,태영종합관리,차량수거방식,위탁관리,굿에어테크
A10025649,위탁관리,5,위탁관리,2,진성관리(주),위탁관리,3,진성관리,차량수거방식,위탁관리,(주)동진엠엔에스
A10025657,위탁관리,4,위탁관리,2,(유)원광,위탁관리,4,(유)원광,기타,위탁관리,태인이엔지
A10025659,위탁관리,5,위탁관리,4,(주)에스원,위탁관리,4,(주)청아시스템,음식물쓰레기종량제,위탁관리,(주)한영디앤씨
A10025675,위탁관리,40,위탁관리,19,(주)에스케이쉴더스,위탁관리,27,삼우서비스(주),음식물쓰레기종량제,위탁관리,와이브이시스템
A10025677,위탁관리,5,위탁관리,2,(주)스카이빌,위탁관리,2,(주)스카이빌,차량수거방식,위탁관리,에이스시설관리(주)
A10025683,위탁관리,6,위탁관리,6,(주)명원실업,위탁관리,7,(주)명원실업,음식물쓰레기종량제,위탁관리,주식회사 우미종합
A10025710,위탁관리,4,위탁관리,3,성화개발(주),위탁관리,2,성화개발(주),음식물쓰레기종량제,관리방식미정,
A10025729,위탁관리,5,위탁관리,4,이엠피써비스(주),위탁관리,4,선우환경관리주식회사,거점장비수거방식,위탁관리,주식회사 청정티엠에스
A10025753,위탁관리,5,위탁관리,2,주식회사 신현대관리,위탁관리,6,주식회사 신대한관리,차량수거방식,위탁관리,(주)태은환경
A10025754,위탁관리,8,위탁관리,5,에스케이쉴더스(주),위탁관리,9,(유)원광,차량수거방식,위탁관리,와이브이시스템
A10025765,위탁관리,6,위탁관리,4,(주)승학,위탁관리,5,,기타,위탁관리,
A10025767,위탁관리,8,위탁관리,8,듀델코리아,위탁관리,11,듀델코리아,거점장비수거방식,위탁관리,대양디아이
A10025768,위탁관리,13,위탁관리,7,(주)에스원,위탁관리,13,(유)우원티엠,거점장비수거방식,위탁관리,(주)와이브이시스템
A10025770,위탁관리,11,위탁관리,16,에스텍,위탁관리,13,(주)효명종합관리,거점장비수거방식,위탁관리,나라개발시스템
A10025822,위탁관리,5,위탁관리,3,(주)조현시스템,위탁관리,5,(주)청원환경,음식물쓰레기종량제,위탁관리,한영디엔씨
A10025823,위탁관리,16,위탁관리,8,(주)듀델코리아,위탁관리,10,(주)홈스웰,음식물쓰레기종량제,위탁관리,태인이앤지(주)
A10025836,위탁관리,9,위탁관리,5,백송종합관리,위탁관리,10,태은환경,음식물쓰레기종량제,위탁관리,태양씨에스
A10025846,위탁관리,10,위탁관리(직영+위탁),11,(주)상일테크,위탁관리(직영+위탁),15,(주)듀델코리아,음식물쓰레기종량제,위탁관리,(주)와이브이시스템
A10025850,위탁관리,71,위탁관리,70,에스원,위탁관리,109,한강티에스,음식물쓰레기종량제,위탁관리,피누스이앤씨
A10025855,위탁관리,7,위탁관리,6,(주)HMC,위탁관리,9,대신관리,음식물쓰레기종량제,위탁관리,나라개발시스템
A10025858,위탁관리,5,위탁관리,2,인앤인주택관리(주),위탁관리,2,(주)인앤인주택관리,음식물쓰레기종량제,위탁관리,(주)동진엠엔에스
A10025867,위탁관리,6,위탁관리,6,(주)에스원,위탁관리,6,효명종홥관리,차량수거방식,위탁관리,지산아이앤씨
A10025898,위탁관리,8,위탁관리,0,,위탁관리,3,우리관리(주),거점장비수거방식,위탁관리,청정티엠에스(주)
A10025913,자치관리,2,자치관리,2,,위탁관리,1,주나,거점장비수거방식,위탁관리,지앤씨엔바이오
A10025927,위탁관리,6,위탁관리,4,씨큐원,위탁관리,5,듀델코리아,음식물쓰레기종량제,위탁관리,티에이치서비스
A10025946,위탁관리,11,위탁관리,9,밝은티에스,위탁관리,12,(주)한강티에스,음식물쓰레기종량제,위탁관리,칼라즈주식회사
A10025976,위탁관리,10,위탁관리,9,SK쉴더스,위탁관리,15,(주)지앤비,음식물쓰레기종량제,위탁관리,한영디앤씨
A10025985,위탁관리,9,위탁관리,7,주식회사 에스원,위탁관리,13,삼우안전관리(주),음식물쓰레기종량제,위탁관리,(주)에스앤산업
A10026004,위탁관리,7,위탁관리,7,에스케이쉴더스(주),위탁관리,8,,거점장비수거방식,위탁관리,
A10026015,위탁관리,9,위탁관리,10,주식회사 시큐원,위탁관리,10,삼우서비스(주),기타,위탁관리,(주)토우에스이엠
A10026023,위탁관리,5,위탁관리,4,(주)에스원,위탁관리,4,주원그린,음식물쓰레기종량제,위탁관리,태은환경
A10026036,위탁관리,8,위탁관리,8,에스원,위탁관리,12,그린코리아,음식물쓰레기종량제,위탁관리,휘성
A10026039,위탁관리,7,위탁관리,2,원앤원산업개발주식회사,위탁관리,2,(주)원앤원산업개발,거점장비수거방식,위탁관리,(주)동진엠엔에스
A10026051,위탁관리,9,위탁관리,10,시큐원,위탁관리,12,삼우서비스,차량수거방식,위탁관리,다인서비스
A10026053,위탁관리,5,위탁관리,4,SK쉴더스,위탁관리,5,코리아종합관리,음식물쓰레기종량제,위탁관리,태은환경
A10026104,위탁관리,8,위탁관리,6,(주)혜진종합관리,위탁관리,8,(주)태은환경,차량수거방식,위탁관리,(주)휘성
A10026147,위탁관리,4,,,,위탁관리,2,제이마스터 ,차량수거방식,위탁관리,제이마스터 
A10026180,위탁관리,7,위탁관리,5,(주)신화비엠씨,위탁관리,8,(주)신화비엠씨,차량수거방식,위탁관리,나라개발시스템(주)
A10026197,위탁관리,4,위탁관리,2,(주)다보산업관리,위탁관리,2,다보산업관리,음식물쓰레기종량제,위탁관리,서호씨엠
A10026207,위탁관리,10,위탁관리,10,(주)에스원,위탁관리,14,태영그린,차량수거방식,위탁관리,자산INC
A10026227,위탁관리,15,위탁관리,7,(주)에스텍시스템,위탁관리,8,엘림에스(유),음식물쓰레기종량제,위탁관리,(주)토우에스이엠
A10026232,위탁관리,9,위탁관리,9,에스원,위탁관리,13,태강티엠에스,음식물쓰레기종량제,위탁관리,태인이엔지
A10026249,위탁관리,7,위탁관리,6,(주)시큐원,위탁관리,8,세원종합관리,음식물쓰레기종량제,위탁관리,지산아이앤씨
A10026299,위탁관리,7,위탁관리,6,(주)에스원,위탁관리,9,태영건물종합관리(주),음식물쓰레기종량제,위탁관리,와이브이시스템
A10026350,위탁관리,5,위탁관리,7,타워PMC,위탁관리,6,타워PMC,음식물쓰레기종량제,위탁관리,대청그린웍스
A10026362,위탁관리,5,위탁관리,2,(주)한영파트너스 에프에이치,위탁관리,3,서림폴리텍(주),차량수거방식,위탁관리,(주)한빛티에스
A10026370,위탁관리,21,위탁관리,19,(주)에스원,위탁관리,24,삼우서비스 주식회사,거점장비수거방식,위탁관리,(주)지산아이앤씨
A10026376,위탁관리,5,위탁관리,2,집합건물과사람들,위탁관리,3,집합건물과사람들,거점장비수거방식,위탁관리,The자람
A10026403,위탁관리,8,위탁관리,8,(주)에스원,위탁관리,8,(유)우원티엠,음식물쓰레기종량제,위탁관리,(주)다인서비스
A10026411,위탁관리,8,위탁관리,7,에스텍시스템,위탁관리,9,우리관리(주),음식물쓰레기종량제,위탁관리,화성종합관리
A10026414,위탁관리,6,위탁관리,3,이수에이엠씨,위탁관리,4,,기타,관리방식미정,
A10026418,위탁관리,11,위탁관리,12,(주)에스원,위탁관리,12,,음식물쓰레기종량제,위탁관리,
A10026434,위탁관리,7,위탁관리(직영+위탁),4,(유)사랑주택관리,위탁관리(직영+위탁),5,(유)사랑주택관리,거점장비수거방식,위탁관리,(주)동진엠엔에스
A10026469,위탁관리,7,위탁관리,10,자이에스앤디,위탁관리,6,,차량수거방식,위탁관리,
A10026470,위탁관리,7,위탁관리,7,에스원,위탁관리,7,아이원서비스,음식물쓰레기종량제,위탁관리,이수환경
A10026517,위탁관리,3,위탁관리,2,미래M&S,위탁관리,2,미래엠앰에스,음식물쓰레기종량제,위탁관리,(유)굿모닝대양
A10026571,위탁관리,5,위탁관리,4,탄천산업,위탁관리,7,(유)탄천산업,차량수거방식,위탁관리,우원티엠
A10026604,위탁관리,6,위탁관리,6,(주)백송종합관리,위탁관리,5,두원에이앤씨(주),음식물쓰레기종량제,위탁관리,(주)태은환경
A10026626,위탁관리,5,위탁관리,3,(주)듀델코리아,위탁관리,3,(주)듀델코리아,음식물쓰레기종량제,위탁관리,다인서비스
A10026682,위탁관리,15,위탁관리,12,(주)한결에이엠,위탁관리,21,(주)한결에이엠,음식물쓰레기종량제,위탁관리,(주)21세기매니지면트
A10026710,위탁관리,3,위탁관리,3,아이피비엠씨관리 주식회사,위탁관리,1,아이피비엠씨관리(주),음식물쓰레기종량제,위탁관리,(주)일오삼이엔지
A10026720,위탁관리,4,위탁관리,4,인동종합관리,위탁관리,3,인동종합관리,음식물쓰레기종량제,위탁관리,휘성
A10026729,위탁관리,3,자치관리,0,,위탁관리,1,굿에어테크,음식물쓰레기종량제,위탁관리,
A10026734,위탁관리,6,위탁관리,4,주식회사 시큐원,위탁관리,5,(주)이데아그룹,음식물쓰레기종량제,위탁관리,(주)지산아이앤씨
A10026748,위탁관리,14,위탁관리,18,에스원,위탁관리,27,삼일시스템,음식물쓰레기종량제,위탁관리,지산아이앤씨
A10026759,위탁관리,5,위탁관리,10,에스텍시스템,위탁관리,5,한성개발엘리베이터(주),기타,위탁관리,블루써브
A10026761,위탁관리,4,,,,위탁관리,4,벰코,음식물쓰레기종량제,위탁관리,플러스에코
A10026816,위탁관리,12,위탁관리,16,(주)에스원,위탁관리(직영+위탁),16,,차량수거방식,위탁관리,
A10026834,위탁관리(직영+위탁),8,위탁관리,8,홈스텍,위탁관리,12,원광,음식물쓰레기종량제,위탁관리,(유)우원티엠
A10026842,위탁관리,3,위탁관리,2,(주)에스원,위탁관리,2,,기타,위탁관리,
A10026852,위탁관리,18,위탁관리,16,(주)에스텍시스템,위탁관리,20,(주)홈스웰,음식물쓰레기종량제,위탁관리,(주)다인서비
A10026874,위탁관리,6,위탁관리,2,주식회사 쉴드인터내셔널,위탁관리,6,(주)(쉴드인터내셔널,음식물쓰레기종량제,위탁관리,한국종합방제
A10026879,위탁관리,10,위탁관리,9,에스원,위탁관리,17,케이티팝스,거점장비수거방식,위탁관리,새롬에스앤씨주식회사
A10026881,위탁관리,19,위탁관리,11,(주)듀델코리아,위탁관리,20,(주)듀델코리아,음식물쓰레기종량제,위탁관리,나라개발시스템(주)
A10026900,위탁관리,6,위탁관리,5,에스원,위탁관리,9,세원종합관리,차량수거방식,위탁관리,티엔크린
A10026922,위탁관리,6,위탁관리,6,에스원,위탁관리,6,홈스웰,거점장비수거방식,위탁관리,대양디아이
A10026924,위탁관리,5,위탁관리,4,홈스웰,자치관리,3,,음식물쓰레기종량제,위탁관리,이수환경공사
A10026940,위탁관리,5,위탁관리,2,동진파트너스(주),위탁관리,4,동진파트너스(주),차량수거방식,위탁관리,동아기업환경
A10026941,위탁관리,14,위탁관리,10,(주)에스원,위탁관리,14,세이프원,차량수거방식,위탁관리,에이스나무병원주식회사
A10026946,위탁관리,5,위탁관리,3,태림,위탁관리,4,태강티엠에스,차량수거방식,위탁관리,주신환경
A10026947,위탁관리,6,위탁관리,4,ADT캡스,위탁관리,7,지앤비,차량수거방식,위탁관리,
A10026988,위탁관리,20,위탁관리,23,(주)타워피엠씨,위탁관리,24,(주)타워피엠씨,차량수거방식,위탁관리,주식회사 우원티엠
A10027019,위탁관리,3,위탁관리,2,주식회사 휴스트,위탁관리,2,(주)휴스트,음식물쓰레기종량제,위탁관리,(주)성우서비스
A10027071,위탁관리,4,위탁관리,3,한국보안컨설팅,위탁관리,3,우리관리,음식물쓰레기종량제,위탁관리,다빈환경
A10027089,위탁관리,4,위탁관리,2,(주)다보산업관리,위탁관리,2,(주)다보산업관리,음식물쓰레기종량제,위탁관리,(주)해솔
A10027090,위탁관리,6,위탁관리,6,(주)에스원,위탁관리,6,(주)태영그린,차량수거방식,위탁관리,(주)진성관리
A10027105,위탁관리,7,위탁관리,7,에스원,위탁관리,8,(주)두원에이앤씨,음식물쓰레기종량제,위탁관리,이수환경공사(주)
A10027118,위탁관리,19,위탁관리,8,(주)에스원,위탁관리,16,,음식물쓰레기종량제,위탁관리,
A10027121,위탁관리,5,위탁관리,3,(주)혜진종합관리,위탁관리,4,(주)동아씨스템,음식물쓰레기종량제,위탁관리,(주)지산아이앤씨
A10027136,위탁관리,2,위탁관리(직영+위탁),2,세화종합관리(주),위탁관리,1,태영건물종합관리(주),차량수거방식,위탁관리,한빛티에스
A10027157,위탁관리,5,위탁관리,2,(주)이엠피,위탁관리,3,(주)이엠피,음식물쓰레기종량제,위탁관리,성산산업
A10027162,위탁관리,3,위탁관리,2,휴플러스(주),위탁관리,1,휴플러스,음식물쓰레기종량제,위탁관리,
A10027188,위탁관리,12,위탁관리,12,(주)와이번스안전관리시스템,위탁관리,18,(주)에코그린티엠,음식물쓰레기종량제,위탁관리,(주)동진엠엔에스
A10027189,위탁관리,10,위탁관리,9,(주)경진이앤지,위탁관리,14,승인산업(주),차량수거방식,위탁관리,(주)와이브이시스템
A10027205,위탁관리,19,위탁관리,29,(주)타워피엠씨,위탁관리,31,(주)타워피엠씨,거점장비수거방식,위탁관리,(주)좋은서비스
A10027207,위탁관리,45,위탁관리,33,에스원,위탁관리,58,에스텍에이스,거점장비수거방식,위탁관리,천호서비스
A10027221,위탁관리,6,위탁관리,4,타워피엠씨,위탁관리,6,타워피엠씨,음식물쓰레기종량제,위탁관리,세영에이엔씨
A10027227,위탁관리,6,위탁관리,6,새롬시큐리티(주),위탁관리,8,듀델코리아(주),음식물쓰레기종량제,위탁관리,와이브이시스템
A10027274,위탁관리,7,자치관리(직영),3,,위탁관리,8,,차량수거방식,위탁관리,
A10027289,위탁관리,22,위탁관리,25,에스텍시스템,위탁관리,30,라포르,거점장비수거방식,위탁관리,(주)와이브시스템
A10027301,위탁관리,5,위탁관리,4,(주)승학,위탁관리,3,(주)유현종합관리,음식물쓰레기종량제,위탁관리,(주)태강티엠에스
A10027319,위탁관리,2,위탁관리,2,원앤원주식회사,위탁관리,1,원앤원산업개발,음식물쓰레기종량제,위탁관리,이수용역
A10027346,위탁관리,8,위탁관리,8,(주)에스원,위탁관리,14,(유)우원티엠,음식물쓰레기종량제,위탁관리,(주)태영
A10027354,위탁관리,5,위탁관리,6,(주)시큐원,위탁관리,6,두원에이앤씨,음식물쓰레기종량제,위탁관리,화성종합관리
A10027364,위탁관리,5,위탁관리,5,에스텍시스템,위탁관리,6,탄천산업,차량수거방식,위탁관리,우양
A10027371,위탁관리,5,위탁관리,3,(주)코리아종합관리,위탁관리,4,(주)코리아종합관리,음식물쓰레기종량제,위탁관리,(주)동진엠엔에스
A10027375,위탁관리,11,위탁관리,11,(주)에스원,위탁관리,11,(주)한강티에스,음식물쓰레기종량제,위탁관리,주신환경
A10027381,위탁관리,4,위탁관리,3,(주)듀델코리아,위탁관리,2,(주)성우서비스,음식물쓰레기종량제,위탁관리,(주)성우서비스
A10027396,위탁관리,5,위탁관리,4,(주)상우시스템,위탁관리,4,(주)상우시스템,음식물쓰레기종량제,위탁관리,와이브이시스템
A10027403,위탁관리,4,위탁관리,3,(주)미래에이비엠,위탁관리,4,(주)미래에이비엠,거점장비수거방식,위탁관리,(주)정다운세상
A10027424,위탁관리,6,위탁관리,5,(주)케이티팝스,위탁관리,5,(주)두원에이앤씨,음식물쓰레기종량제,위탁관리,(주)청정티엠에스
A10027432,위탁관리,5,위탁관리,2,이엠피서비스,위탁관리,3,,음식물쓰레기종량제,위탁관리,
A10027433,위탁관리,6,위탁관리,4,코리아이지텔,위탁관리,6,일신환경(주),음식물쓰레기종량제,위탁관리,대양DI(주)
A10027439,위탁관리,9,위탁관리,10,(주)에스원,위탁관리,11,두원에이앤씨,음식물쓰레기종량제,위탁관리,(주)다인서비스
A10027446,위탁관리,8,위탁관리,4,타워피엠씨,위탁관리,8,타워pmc,음식물쓰레기종량제,위탁관리,태인이앤지
A10027452,위탁관리,6,위탁관리,6,원앤원산업개발,위탁관리,5,원앤원산업개발,차량수거방식,위탁관리,(주)비엠에스
A10027461,위탁관리,8,위탁관리,5,시큐원,위탁관리,7,(유)와이번즈안전관리,차량수거방식,위탁관리,(주)비전개발
A10027472,위탁관리,5,위탁관리,2,(주)경진관리,위탁관리,3,(주)경진관리,음식물쓰레기종량제,위탁관리,(주)태강티엠에스
A10027474,위탁관리,6,위탁관리,6,(주)타워피엠씨,위탁관리,5,(주)타워피엠씨,음식물쓰레기종량제,위탁관리,은광서비스
A10027541,위탁관리,1,자치관리(직영),2,,자치관리(직영),1,,차량수거방식,위탁관리,
A10027553,위탁관리,6,위탁관리,4,에스텍시스템,위탁관리,7,(유)와이번스안전관리시스템,음식물쓰레기종량제,위탁관리,(주)태인이앤지
A10027558,위탁관리,4,위탁관리,4,에스원,위탁관리,3,우리들관리,음식물쓰레기종량제,위탁관리,천호환경
A10027571,위탁관리,3,위탁관리(직영+위탁),2,세화종합관리(주),위탁관리,2,덕진TMS(주),음식물쓰레기종량제,위탁관리,(주)행복이가득한미래관리
A10027601,위탁관리,5,위탁관리,3,(주)두원에이앤씨,위탁관리,5,(주)두원에이앤씨,차량수거방식,위탁관리,(주)굿에어테크
A10027602,위탁관리,10,위탁관리,10,(주)에스원,위탁관리,13,라포르,음식물쓰레기종량제,위탁관리,동진엠엔에스
A10027614,위탁관리,5,위탁관리,2,대성티엠씨(주),위탁관리,1,대성티엠씨(주),음식물쓰레기종량제,위탁관리,제일방역
A10027622,위탁관리,13,위탁관리,4,(주)타워피엠씨,위탁관리,3,(주)타워피엠씨,음식물쓰레기종량제,위탁관리,(주)청정티엠에스
A10027632,위탁관리,6,위탁관리,6,삼우안전관리 유한회사,위탁관리,4,(주)에코그린,차량수거방식,위탁관리,(주)청정티엠에스
A10027633,위탁관리,7,위탁관리,4,(주)국보종합관리,위탁관리,7,(주)인성종합관리,차량수거방식,위탁관리,세영에이앤씨
A10027638,위탁관리,4,위탁관리,2,이오티앤디,위탁관리,2,이오티앤디,음식물쓰레기종량제,위탁관리,동진엠엔에스
A10027670,위탁관리,5,위탁관리,6,(주)백송종합관리,위탁관리,7,(주)주원그린,음식물쓰레기종량제,위탁관리,(주)청정티엠에스
A10027681,위탁관리,4,위탁관리,4,혜진종합관리,위탁관리,3,주원그린,음식물쓰레기종량제,위탁관리,(주)휘성
A10027684,위탁관리,2,위탁관리,2,경진관리,위탁관리,2,,음식물쓰레기종량제,위탁관리,
A10027687,위탁관리,7,위탁관리,5,(주)씨큐원,위탁관리,7,태영건물종합관리(주),음식물쓰레기종량제,위탁관리,(주)다빈환경
A10027708,위탁관리,2,자치관리(직영),2,,위탁관리,2,(주)피느스이앤씨,음식물쓰레기종량제,위탁관리,(주)진도프로인
A10027714,위탁관리,9,위탁관리,6,(주)sk쉴더스,위탁관리,11,(주)세연종합관리,음식물쓰레기종량제,위탁관리,(주)지산inc
A10027716,위탁관리,6,위탁관리,4,현대관리시스템,위탁관리,7,(주)참우리,기타,위탁관리,이산아이엔씨
A10027744,위탁관리,7,위탁관리,4,(주)타워피엠씨,위탁관리,6,(주)타워피엠씨,차량수거방식,위탁관리,(유)청정티엠에스
A10027748,위탁관리,6,위탁관리,6,홈스웰,위탁관리,6,우리관리(주),음식물쓰레기종량제,위탁관리,태은환경
A10027755,위탁관리,9,위탁관리,10,(주)아주관리,위탁관리,11,삼우안전관리,거점장비수거방식,위탁관리,(주)와이브이시스템
A10027764,위탁관리,4,위탁관리,2,(주)세연종합관리,위탁관리,2,(주)세연종합관리,음식물쓰레기종량제,위탁관리,(주)다빈환경
A10027775,위탁관리,3,위탁관리(직영+위탁),2,(주)미래에이비엠,위탁관리(직영+위탁),1,미래에이비엠,음식물쓰레기종량제,위탁관리,(주)21세기
A10027800,위탁관리,44,위탁관리,20,(주)타워피엠씨,위탁관리(직영+위탁),27,(주)타워피엠씨,음식물쓰레기종량제,위탁관리,세영에이엔씨
A10027816,위탁관리,11,위탁관리,8,(주)새롬종합관리,위탁관리,16,(주)듀델코리아,차량수거방식,위탁관리,주신환경
A10027817,위탁관리,57,위탁관리,46,(주)에스원,위탁관리,56,승인산업,차량수거방식,위탁관리,(주)굿에어테크
A10027849,위탁관리,6,위탁관리,4,에스원,위탁관리,4,신화비엠씨,거점장비수거방식,위탁관리,성산산업개발
A10027851,위탁관리,10,위탁관리,9,에스원,위탁관리,11,선우환경관리(주),음식물쓰레기종량제,위탁관리,태은환경
A10027877,위탁관리,6,위탁관리,4,(주)두온종합관리,위탁관리,3,한국주택시설관리 (주),기타,위탁관리,낙원환경
A10027881,위탁관리,9,위탁관리,2,(주)지앤비시스템,위탁관리,2,(주)지앤비시스템,차량수거방식,위탁관리,(주)정일종합관리
A10027901,위탁관리,11,위탁관리(직영+위탁),7,(주)아스타아이비에스,위탁관리,5,(주)아스타아이비에스,차량수거방식,위탁관리,한영
A10027902,위탁관리,6,위탁관리,4,(주)케이비아주,위탁관리,3,(주)케이비아주,음식물쓰레기종량제,위탁관리,티엔크린
A10027906,위탁관리,12,위탁관리,9,주식회사 에스원,위탁관리(직영+위탁),13,,거점장비수거방식,위탁관리,
A10027908,위탁관리,25,위탁관리,15,(주)에스텍시스템,위탁관리,12,(주)타워피엠씨,기타,위탁관리,블루써브(주)
A10027912,위탁관리,5,위탁관리,3,(주)혜진종합관리,위탁관리,5,(주)듀델코리아,음식물쓰레기종량제,위탁관리,티엔크린(주)
A10027920,위탁관리,13,위탁관리,14,에스원,위탁관리,19,타워씨앤에스,차량수거방식,위탁관리,한빛티에스
A10027935,위탁관리,4,위탁관리,2,주식회사토우에스이엠,위탁관리,3,주식회사토우에스이엠,음식물쓰레기종량제,위탁관리,주식회사토우에스이엠
A10027948,자치관리(직영),5,자치관리(직영),4,,자치관리(직영),3,,음식물쓰레기종량제,위탁관리,청정티엠에스
A10027951,위탁관리,3,위탁관리,2,(주)태경종합관리,위탁관리,1,(주)태경종합관리,음식물쓰레기종량제,위탁관리,(주)거문환경
A10027985,위탁관리,12,위탁관리,4,(주)sk쉴더스,자치관리(직영),14,,음식물쓰레기종량제,위탁관리,지산I&C
A10028000,위탁관리,4,위탁관리,4,엘림에스(유),위탁관리,5,엘림에스(유),음식물쓰레기종량제,위탁관리,태영건물종합관리(주)
A10028001,위탁관리,5,위탁관리,6,한국보안컨설팅(주),위탁관리,6,엘림에스(주),음식물쓰레기종량제,위탁관리,대양씨앤지
A10028006,위탁관리,6,위탁관리,6,에스케이쉴더스(주),위탁관리,7,,차량수거방식,위탁관리,
A10028021,위탁관리,8,위탁관리,7,(주)씨큐원,위탁관리,12,(주)한강티에스,음식물쓰레기종량제,위탁관리,다인서비스
A10028033,위탁관리,3,위탁관리,4,(주)혜진종합관리,위탁관리,3,(주)주원그린,차량수거방식,위탁관리,청정티엠에스
A10028042,자치관리,5,,,,위탁관리,1,에코그린TM,거점장비수거방식,위탁관리,(주)유니탑
A10028046,위탁관리,5,위탁관리,4,(주)세이프원,위탁관리,4,나라개발시스템(주),음식물쓰레기종량제,위탁관리,(주)다인서비스
A10028056,위탁관리,2,위탁관리,2,태림주택종합관리(주),자치관리(직영),1,,음식물쓰레기종량제,자치관리(직영),
A10028063,위탁관리,2,위탁관리,3,,위탁관리,3,,차량수거방식,위탁관리,
A10028080,위탁관리,5,위탁관리,4,(주)혜진종합관리,위탁관리,4,(주)주원그린,음식물쓰레기종량제,위탁관리,휘성
A10028086,위탁관리,8,위탁관리,5,에스원,위탁관리,8,(유)와이번즈안전관리시스템,음식물쓰레기종량제,위탁관리,(주)TH서비스
A10028105,위탁관리,6,위탁관리,4,조은세이프,위탁관리,7,,음식물쓰레기종량제,위탁관리,
A10028146,위탁관리,5,위탁관리,4,(주)에스원,위탁관리,4,(주)주원그린,음식물쓰레기종량제,위탁관리,(주)태은환경
A10028172,위탁관리,9,위탁관리,4,(유)현대관리시스템,위탁관리,9,나라개발시스템(주),음식물쓰레기종량제,위탁관리,(주)동진엠엔에스
A10028177,위탁관리,6,위탁관리,4,율산개발(유),위탁관리,5,우원티엠,차량수거방식,위탁관리,굿모닝대양
A10028201,자치관리,2,자치관리,2,,자치관리,1,,거점장비수거방식,자치관리,
A10044001,위탁관리,4,위탁관리,2,원앤원산업개발,위탁관리,2,,음식물쓰레기종량제,위탁관리,
A10044002,위탁관리,15,위탁관리,15,케이티팝스,위탁관리,20,광인에스테이스서비스(주),음식물쓰레기종량제,위탁관리,세영이앤씨(주)
A10045001,위탁관리,6,위탁관리,6,(주)국보,위탁관리,5,(주)국보,음식물쓰레기종량제,위탁관리,(주)청정티엠에스
A10045002,위탁관리,8,위탁관리,7,(주)융성종합관리,위탁관리,11,(주)이데아그룹,음식물쓰레기종량제,위탁관리,(주)다인서비스
A10045301,위탁관리(직영+위탁),12,위탁관리,14,상우시스템(주),위탁관리,8,(주)이데아그룹,차량수거방식,위탁관리,(주)태양씨에스
A10045302,위탁관리,26,위탁관리,68,(주)케이티팝스,위탁관리,30,(주)한강티에스,음식물쓰레기종량제,위탁관리,(주)나라개발시스템
A10045401,위탁관리,5,위탁관리,2,백송종합관리,위탁관리,2,,음식물쓰레기종량제,위탁관리,
A10045402,위탁관리,5,위탁관리,6,삼우안전관리(유),위탁관리,3,(유)원광,음식물쓰레기종량제,위탁관리,(주)진도프로인
A10045403,위탁관리,10,위탁관리,12,이데아(주),위탁관리,11,제일에스앤씨,음식물쓰레기종량제,위탁관리,지산아이앤씨(주)
A10045404,위탁관리,12,위탁관리,18,(주)굿모닝대양,위탁관리,15,(주)굿모닝대양,거점장비수거방식,위탁관리,나라개발시스템(주)
A10045601,위탁관리,8,위탁관리,25,한국보안컨설팅(주),위탁관리,9,듀델코리아,음식물쓰레기종량제,위탁관리,삼우안전관리
A10071301,위탁관리,5,위탁관리,6,주식회사 에스원,위탁관리,4,,차량수거방식,위탁관리,정다운소독
A10072501,위탁관리,10,위탁관리(직영+위탁),6,주식회사홈스웰,위탁관리,9,(주)홈스웰,차량수거방식,위탁관리,나라개발(주)
A10078103,위탁관리,3,위탁관리,2,(주)대온관리,위탁관리,1,(주)대온관리,차량수거방식,위탁관리,(주)휘성
A10078901,위탁관리,7,위탁관리,8,㈜에스원동부,위탁관리,10,(주)효명종합관리,음식물쓰레기종량제,위탁관리,(주)청정티엠에스
A10078902,위탁관리,3,위탁관리,2,(주)대온관리,위탁관리,1,(주)대온관리,음식물쓰레기종량제,위탁관리,(주)휘성
A10080701,위탁관리,3,위탁관리,4,(주)푸른안전산업,위탁관리,2,정화실업,음식물쓰레기종량제,위탁관리,태양방역
A10085902,위탁관리,3,위탁관리,2,(주)태경종합관리,위탁관리,2,(주)태경종합관리,음식물쓰레기종량제,위탁관리,에이스시설관리
A10085903,위탁관리,6,위탁관리,11,경진이앤지,위탁관리,7,,음식물쓰레기종량제,위탁관리,
A10086301,자치관리,4,자치관리(직영),8,,자치관리(직영),2,,차량수거방식,자치관리,
A10086801,위탁관리,5,위탁관리,6,듀델코리아,위탁관리,4,(주)세연종합관리,음식물쓰레기종량제,위탁관리,삼우서비스
A10088101,위탁관리,8,위탁관리,8,(주)타워피엠씨,위탁관리,8,(주)타워피엠씨,거점장비수거방식,위탁관리,(주)피누스이앤씨
A10088102,위탁관리,10,위탁관리,9,(유)미래환경,위탁관리,10,타워피엠씨,음식물쓰레기종량제,위탁관리,한국환경개발
A10095501,위탁관리(직영+위탁),3,위탁관리,3,(주)에이스티엠,위탁관리,1,(주)에이스티엠,음식물쓰레기종량제,위탁관리,(주)유니탑
A10095502,위탁관리,11,위탁관리,9,(주)에스텍시스템,위탁관리,10,,기타,위탁관리,
A11001203,위탁관리,3,자치관리(직영),2,,자치관리(직영),2,,음식물쓰레기종량제,위탁관리,(주)휘성
A11005401,위탁관리,42,위탁관리,16,(주)아주관리,위탁관리,14,(주)아주관리,거점장비수거방식,위탁관리,
A11007001,위탁관리,5,위탁관리,4,에스원,위탁관리,4,좋은서비스,차량수거방식,위탁관리,좋은서비스
A11008001,위탁관리,5,위탁관리,4,(주)두원에이앤씨,위탁관리,2,에코그린티엠,음식물쓰레기종량제,위탁관리,동진에이엔씨
A11034001,위탁관리,4,위탁관리,4,인덕종합관리(주),위탁관리,2,인덕종합관리(주),음식물쓰레기종량제,위탁관리,굿에어테크
A11041001,위탁관리,6,위탁관리,6,듀델코리아(주),위탁관리,6,엘림에스(주),음식물쓰레기종량제,위탁관리,테강티엠에스
A11052201,위탁관리,5,위탁관리,8,(주)국보종합관리,위탁관리,4,(주)국보종합관리,거점장비수거방식,위탁관리,(주)굿에어테크
A11054101,위탁관리,6,위탁관리,4,국제안전시스템,위탁관리,6,,음식물쓰레기종량제,위탁관리,
A11054301,자치관리,6,위탁관리,8,(주)경진이앤지,위탁관리,6,(주)에스제이두웰,음식물쓰레기종량제,위탁관리,(주)동진엠엔에스
A11055002,위탁관리,4,위탁관리,4,남경종합관리,위탁관리,4,남경종합관리(주),음식물쓰레기종량제,위탁관리,태강티엠에스
A11077101,위탁관리,9,위탁관리,14,(주)뉴맨테크,위탁관리,7,로지앤제니스,음식물쓰레기종량제,위탁관리,휘성
A11081302,위탁관리,8,위탁관리,7,(주)동익,위탁관리,10,(주)효명종합관리,,위탁관리,(주)동진엠엔에스
A11081503,위탁관리,10,위탁관리,24,(주)피누스이앤씨,위탁관리,10,동성자산관리(주),음식물쓰레기종량제,위탁관리,(주)동진엠엔에스
A11084601,위탁관리,3,자치관리(직영),4,,위탁관리,3,유현종합관리,기타,위탁관리,주식회사씨앤
A11087601,위탁관리,5,위탁관리,4,남경종합관리,위탁관리,3,남경종합관리,차량수거방식,위탁관리,태인이엔지
A11087602,위탁관리,5,위탁관리,5,한국보안컨설팅(주),위탁관리,5,(주)이엠피서비스,음식물쓰레기종량제,위탁관리,(주)동진엠엔에스
A12003001,위탁관리,3,위탁관리,3,동성자산관리주식회사,위탁관리,2,(주)대화씨앤씨,거점장비수거방식,위탁관리,한국종합환경
A12004001,위탁관리,9,위탁관리,10,굿모닝 대양,위탁관리,9,홈스웰,음식물쓰레기종량제,위탁관리,굿모닝대양
A12005001,위탁관리,4,위탁관리,4,(주)미래에이비엠,위탁관리,2,(주)정다운세상,음식물쓰레기종량제,위탁관리,(주)미래에이비엠
A12007001,위탁관리,8,위탁관리,13,듀델코리아,위탁관리,8,대신관리(주),음식물쓰레기종량제,위탁관리,동진엠엔에스
A12008001,위탁관리,4,위탁관리,2,유원종합관리(주),위탁관리,3,중림개발(주),기타,위탁관리,(주)동진엠엔에스
A12008003,위탁관리,13,위탁관리,18,(주)에스원,위탁관리,10,(유)원광,음식물쓰레기종량제,위탁관리,(주)굿에어테크
A12009001,위탁관리,1,위탁관리,2,삼대개발,위탁관리,1,우창개발,음식물쓰레기종량제,위탁관리,태영그린
A12009101,자치관리,4,자치관리,2,,자치관리,2,,음식물쓰레기종량제,위탁관리,거문환경
A12009102,위탁관리,7,위탁관리,18,듀텔코리아,위탁관리,6,(주)홈스웰,차량수거방식,위탁관리,지산아이앤씨
A12009201,위탁관리,4,위탁관리,2,에코그린TM,위탁관리,2,에코그린TM,거점장비수거방식,위탁관리,(주)라이프티엠
A12009202,위탁관리,5,위탁관리,4,듀델코리아,위탁관리,4,대양씨엔지,음식물쓰레기종량제,위탁관리,동진엠앤애스
A12009203,위탁관리,8,위탁관리,10,(주)세이프원,위탁관리,9,(주)세이프원,음식물쓰레기종량제,위탁관리,티에이치서비스
A12009302,위탁관리,10,위탁관리,3,율산개발(유),위탁관리,3,(유)탄천산업,음식물쓰레기종량제,위탁관리,(주)The자람
A12009303,위탁관리,4,위탁관리,4,(주)두원에이앤씨,위탁관리,2,(주)에스제이두웰,음식물쓰레기종량제,위탁관리,(주)라이프티엠에스
A12009304,위탁관리,6,위탁관리,9,인덕종합관리,위탁관리,4,,거점장비수거방식,위탁관리,
A12009305,위탁관리,7,위탁관리,9,,위탁관리,4,(주)국보종합관리,음식물쓰레기종량제,위탁관리,성산개발
A12010001,위탁관리,4,위탁관리,4,인덕종합관리(주),위탁관리,3,인덕종합관리(주),음식물쓰레기종량제,위탁관리,(주)청정티엠에스
A12010101,자치관리,3,자치관리,2,,위탁관리,2,,차량수거방식,위탁관리,
A12010103,위탁관리,3,위탁관리,7,인덕종합관리(주),위탁관리,2,(주)이엠피서비스,거점장비수거방식,위탁관리,(주)청정디엠에스
A12010104,위탁관리,9,위탁관리,25,(주)더지엠에스,위탁관리,14,(주)더지엠에스,차량수거방식,위탁관리,(주)티에이치서비스
A12010202,위탁관리,4,위탁관리,6,(주)홈스웰,위탁관리,4,(주)홈스웰,차량수거방식,위탁관리,정일종합관리
A12010203,위탁관리,5,위탁관리,7,유한회사 탄천기업,위탁관리,6,(주)두원에이앤씨,음식물쓰레기종량제,위탁관리,세영A&C(주)
A12011002,위탁관리,6,위탁관리,7,듀델코리아,위탁관리,5,듀델코리아,차량수거방식,위탁관리,대양디아이
A12012101,위탁관리,5,위탁관리,7,(주)케이이비엠,위탁관리,6,(주)대양씨엔지,음식물쓰레기종량제,위탁관리,(주)태강티엠에스
A12012201,위탁관리,4,위탁관리,4,(주)우창개발,위탁관리,2,(주)우창개발,차량수거방식,위탁관리,(주)정다운세상
A12012202,위탁관리,9,위탁관리,12,홈스웰,위탁관리,13,태영건물종합관리,음식물쓰레기종량제,위탁관리,티에이치서비스
A12012203,위탁관리,10,위탁관리,21,(주)한울티피,위탁관리,11,굿모닝대양,거점장비수거방식,위탁관리,대양디엔아이
A12013001,위탁관리,2,위탁관리,4,(주)광운티엠에스,위탁관리,2,동일기업,음식물쓰레기종량제,위탁관리,라이프티엠
A12013002,위탁관리,5,위탁관리,4,(주) 홈스웰,위탁관리,5,두원에이앤씨,음식물쓰레기종량제,위탁관리,동진엠엔에스
A12013003,위탁관리,31,위탁관리,31,(주)에스텍시스템,위탁관리,39,(주)이데아그룹,차량수거방식,위탁관리,(주)그린피아한성
A12013101,자치관리,3,위탁관리,2,성화개발(주),자치관리,2,,차량수거방식,위탁관리,
A12013201,위탁관리,4,위탁관리,4,CM관리,위탁관리,3,,음식물쓰레기종량제,위탁관리,
A12013202,위탁관리,7,위탁관리,10,(주)경진이앤지,위탁관리,7,(주)경진이앤지,음식물쓰레기종량제,위탁관리,(주)청정티엠에스
A12017001,위탁관리,9,위탁관리,12,세연종합관리(주),위탁관리,7,대주에이치알,차량수거방식,위탁관리,지산아이앤씨
A12070101,위탁관리,6,위탁관리,6,(주)엘림테크,위탁관리,7,(주)밝은티에스,음식물쓰레기종량제,위탁관리,(주)에스앤산업
A12070201,위탁관리,7,위탁관리,4,,위탁관리,5,,거점장비수거방식,위탁관리,
A12071001,위탁관리,4,위탁관리,4,주식회사토탈안전관리,위탁관리,3,(주)우리들관리,음식물쓰레기종량제,위탁관리,다빈환경(주)
A12071002,위탁관리,4,위탁관리,4,(주)엘림테크,위탁관리,3,(주)엘림테크,음식물쓰레기종량제,위탁관리,(주)거문환경
A12071003,위탁관리,10,자치관리,4,,자치관리,2,,차량수거방식,위탁관리,(주0동진엠엔에스
A12071101,위탁관리,6,위탁관리,8,향우종합관리(주),위탁관리,6,우원티엠,음식물쓰레기종량제,위탁관리,우원티엠
A12071102,자치관리,2,자치관리,4,,자치관리,2,,기타,위탁관리,더자람
A12071103,위탁관리,4,위탁관리,4,(주)동익,위탁관리,3,,음식물쓰레기종량제,위탁관리,
A12071104,위탁관리,1,위탁관리,2,제일에스테이트서비스(주),위탁관리,1,제일에스테이트서비스(주),음식물쓰레기종량제,자치관리,
A12072801,위탁관리,5,위탁관리,4,인덕종합관리(주),위탁관리,6,(주)듀델코리아,차량수거방식,위탁관리,(주)동진엠엔에스
A12072802,위탁관리,4,위탁관리,4,(주)우창개발,위탁관리,2,(주)우창개발,음식물쓰레기종량제,위탁관리,(주)정다운세상
A12076601,위탁관리,2,위탁관리,2,(주)혜진종합관리,위탁관리,1,,음식물쓰레기종량제,위탁관리,
A12078201,위탁관리,1,위탁관리,2,삼대개발,위탁관리,1,삼대개발,음식물쓰레기종량제,위탁관리,태영그린
A12078704,위탁관리,8,위탁관리,8,주식회사푸른안전산업,위탁관리,8,정화실업,거점장비수거방식,위탁관리,주에스앤산업
A12078705,위탁관리,7,위탁관리,12,(주)대승종합관리,위탁관리,7,(주)신현대관리,음식물쓰레기종량제,위탁관리,대승종합관리
A12078706,위탁관리,3,위탁관리,2,덕진TMS(주),위탁관리,3,중림개발,차량수거방식,위탁관리,사람과자연앤
A12078707,위탁관리,3,위탁관리,2,삼대개발,위탁관리,3,삼대개발,음식물쓰레기종량제,위탁관리,태영그린(주)
A12079501,위탁관리,7,위탁관리,12,(주)한국보안,위탁관리,6,피누스(주),음식물쓰레기종량제,위탁관리,(주)동진엠엔에스
A12079601,위탁관리,5,위탁관리,4,인덕종합관리,위탁관리,2,인덕종합관리,음식물쓰레기종량제,위탁관리,(주)성산산업개발
A12081602,위탁관리,3,위탁관리,2,(주)우창개발,위탁관리,3,(주)성우서비스,차량수거방식,위탁관리,(주)거문환경
A12081703,위탁관리,7,위탁관리,14,국제안전시스템,위탁관리,6,국제안전시스템,차량수거방식,위탁관리,우원티엠
A12084302,위탁관리,4,위탁관리,4,(주)신성티엠,위탁관리,2,,차량수거방식,위탁관리,
A12084504,위탁관리,6,위탁관리,12,인덕종합관리(주),위탁관리,6,두원에이엔씨,음식물쓰레기종량제,위탁관리,성산산업개발
A12085303,위탁관리,8,위탁관리,21,(주)참우리,위탁관리,9,태영종합관리(주),차량수거방식,위탁관리,(주)토우에스이엠
A12086001,위탁관리,4,위탁관리,2,광인산업(주),위탁관리,2,위더스앤,음식물쓰레기종량제,위탁관리,행복이가득한미래관리
A12101001,위탁관리,4,위탁관리,2,코리아이지텔(주),위탁관리,3,태영건물종합관리(주),음식물쓰레기종량제,위탁관리,(주)더자람
A12102002,위탁관리,2,위탁관리,4,인앤인주택관리(주),위탁관리,2,,음식물쓰레기종량제,위탁관리,
A12102005,위탁관리,6,위탁관리,5,(주)이데아그룹,위탁관리,4,위더스엔(주),음식물쓰레기종량제,위탁관리,동진엠엔에스
A12102008,위탁관리,7,위탁관리,7,(주)국보종합관리,위탁관리,9,(주)듀델코리아,음식물쓰레기종량제,위탁관리,(주)좋은서비스
A12103002,위탁관리,4,위탁관리,4,(주)혜진종합관리,위탁관리,4,(주)주원그린,음식물쓰레기종량제,위탁관리,(주)성산산업개발
A12103006,위탁관리,4,위탁관리,3,태경종합관리,위탁관리,3,태경종합관리,음식물쓰레기종량제,위탁관리,주신환경
A12104001,위탁관리,2,위탁관리(직영+위탁),4,대원에스테이트서비스주식회사,위탁관리,1,대원에스테이트서비스,차량수거방식,위탁관리,(주)나라개발
A12104005,위탁관리,12,위탁관리,15,(주)밝은티에스,위탁관리,8,(주)밝은티에스,음식물쓰레기종량제,위탁관리,(주)와이브이시스템
A12104007,자치관리,15,자치관리,20,,위탁관리(직영+위탁),13,(주)이안,음식물쓰레기종량제,위탁관리,굿모닝대양
A12105001,위탁관리,4,위탁관리,4,(주)두원에이앤씨,위탁관리,4,(주)밝은티에스,거점장비수거방식,위탁관리,(주)한빛티에스
A12106001,위탁관리,5,위탁관리,4,(주)홈스웰,위탁관리,6,(주)다빈환경,음식물쓰레기종량제,위탁관리,(주)다빈환경
A12109001,위탁관리,6,위탁관리,5,현대관리시스템,위탁관리,6,(주)피누스이앤씨,음식물쓰레기종량제,위탁관리,한영디앤씨
A12109002,위탁관리,5,위탁관리,13,(주)경진이앤지,위탁관리,7,(주)이안,음식물쓰레기종량제,위탁관리,다인써비스(주)
A12111001,위탁관리,2,위탁관리,3,대경종합관리(주),위탁관리,2,에코그린TM,거점장비수거방식,위탁관리,서울ENC
A12112001,자치관리,3,자치관리(직영),2,,자치관리(직영),2,,차량수거방식,위탁관리,성산산업(주)
A12112002,위탁관리,5,위탁관리,6,(주)신현대관리,위탁관리,5,,음식물쓰레기종량제,위탁관리,
A12114001,위탁관리,5,위탁관리,6,(주)듀델코리아,위탁관리,6,인덕종합관리,음식물쓰레기종량제,위탁관리,(주)다빈환경
A12115001,위탁관리,6,위탁관리,6,(주)케이티팝스,위탁관리,9,주식회사피누스이앤씨,음식물쓰레기종량제,위탁관리,라이프티엠
A12119004,위탁관리,5,위탁관리,6,인앤인주택관리(주),위탁관리,4,(주)인앤인주택관리),음식물쓰레기종량제,위탁관리,한빛티에스
A12119006,위탁관리,6,위탁관리,7,(주)코리아종합관리,위탁관리,9,듀델코리아,음식물쓰레기종량제,위탁관리,한빛티에스
A12119007,위탁관리,6,위탁관리,12,(주)경진이엔지,위탁관리,5,삼우안전관리유한회사,음식물쓰레기종량제,위탁관리,성산산업개발
A12123001,위탁관리,2,위탁관리,2,국제경보산업(주),위탁관리,2,(주)듀델코리아,음식물쓰레기종량제,위탁관리,이수환경공사(주)
A12125001,위탁관리,3,위탁관리,3,(주)뉴맨테크,위탁관리,2,(유)화이트시스템,차량수거방식,위탁관리,(주)휘성
A12125202,위탁관리,9,위탁관리,6,예주산업(주),위탁관리,6,예주산업(주),차량수거방식,위탁관리,(주)와이브이시스템
A12127001,자치관리,6,위탁관리,6,세이프원,위탁관리,5,토탈안전관리,음식물쓰레기종량제,위탁관리,(주)지산아이앤씨
A12127002,위탁관리,6,위탁관리,6,한국보안컨설팅(주),위탁관리,8,엘림에스(주),음식물쓰레기종량제,위탁관리,와이브이시스템
A12127003,위탁관리,5,위탁관리,4,신화비엠씨,위탁관리,7,신화비엠씨,차량수거방식,위탁관리,에이스 나무병원 주식회사
A12127004,위탁관리,7,위탁관리,6,듀델코리아,위탁관리,6,이데아그룹,음식물쓰레기종량제,위탁관리,삼우서비스
A12127005,위탁관리,7,위탁관리,12,(주)엠컨트럴시스템,위탁관리,7,(주)현대종합관리,차량수거방식,위탁관리,(주)씨앤
A12127006,위탁관리,8,위탁관리,10,(주)홈스웰,위탁관리,8,에스제이두웰,차량수거방식,위탁관리,와이브이시스템
A12127007,위탁관리,6,위탁관리,6,주식회사에스지세콤,위탁관리,5,(주)을지종합관리,음식물쓰레기종량제,위탁관리,(주)굿에어테크
A12127008,위탁관리,7,위탁관리,10,정화실업(주),위탁관리,11,마포지역자활센터,음식물쓰레기종량제,위탁관리,다인서비스
A12170401,위탁관리,3,자치관리(직영),2,,자치관리(직영),2,,음식물쓰레기종량제,위탁관리,
A12170402,위탁관리,15,위탁관리,8,(주)무림하우징,위탁관리,13,(주)무림하우징,기타,위탁관리,현대방재시스템
A12170601,위탁관리,5,위탁관리,4,에스원,위탁관리,5,우리들관리,차량수거방식,위탁관리,정일환경
A12170602,위탁관리,2,위탁관리,2,(주)예스종합관리,위탁관리,1,(주)삼대개발,음식물쓰레기종량제,위탁관리,(주)동서환경
A12170603,위탁관리,8,위탁관리,8,(주)에스원,위탁관리,10,(주)신화비엠씨,차량수거방식,위탁관리,(주)태은환경
A12170702,위탁관리,7,위탁관리,5,듀델코리아,위탁관리,7,,차량수거방식,위탁관리,
A12171101,위탁관리,4,위탁관리,4,이데아그룹,위탁관리,3,이데아그룹,차량수거방식,위탁관리,성우서비스
A12171201,위탁관리,4,위탁관리,5,(주)백송종합관리,위탁관리,3,(주)두원에이앤씨,차량수거방식,위탁관리,에이스시설관
A12172201,위탁관리,7,위탁관리,2,무림하우징,위탁관리,3,,차량수거방식,위탁관리,
A12172401,위탁관리,6,위탁관리,7,에스텍시스템,위탁관리,7,대한주택,음식물쓰레기종량제,위탁관리,동진엠엔에스
A12172402,위탁관리,3,위탁관리,2,(주)우송관리,위탁관리,2,,음식물쓰레기종량제,위탁관리,
A12174601,위탁관리,14,위탁관리,25,(주)에스텍시스템,위탁관리,17,(주)홈스웰,거점장비수거방식,위탁관리,(주)와이브이시스템
A12175203,위탁관리,27,위탁관리,57,(주)에스원,위탁관리,49,(유)와이번스안전관리시스템,음식물쓰레기종량제,위탁관리,와이브이시스템
A12177801,위탁관리,4,위탁관리,4,남광개발,위탁관리,3,듀델코리아,음식물쓰레기종량제,위탁관리,굿에어테크
A12177802,위탁관리,2,위탁관리,2,(주)예스종합관리,위탁관리,2,(주)삼대개발,음식물쓰레기종량제,위탁관리,(주)동서환경
A12179001,위탁관리,4,위탁관리,4,(주)강일기업,위탁관리,4,(주)강일기업,음식물쓰레기종량제,위탁관리,세영에이앤씨
A12179002,위탁관리,2,위탁관리,4,(주)예스종합관리,위탁관리,1,(주)삼대개발,음식물쓰레기종량제,위탁관리,(주)동서환경
A12179004,위탁관리,14,위탁관리,6,(주)미래에이비엠,위탁관리,12,(주)두언에이앤씨,음식물쓰레기종량제,위탁관리,(주)휘성
A12179005,위탁관리,3,위탁관리,2,네오피엠,위탁관리(직영+위탁),2,네오피엠,음식물쓰레기종량제,위탁관리,(주)청정시스템
A12179501,위탁관리,3,위탁관리,2,신화BMC,위탁관리,2,대성시스템,음식물쓰레기종량제,위탁관리,대청그린웍스
A12179502,위탁관리,4,위탁관리,2,(주)듀델코리아,위탁관리,3,제일cns,음식물쓰레기종량제,위탁관리,다빈환경
A12179504,위탁관리,8,위탁관리,8,예주산업,위탁관리,10,주원그린(주),차량수거방식,위탁관리,와이브리시스템(주)
A12179505,위탁관리,5,위탁관리,5,새롬에스앤씨(주),위탁관리,5,새롬에스앤씨(주),음식물쓰레기종량제,위탁관리,(주)피누스이앤씨
A12179508,위탁관리,6,위탁관리,8,피누스이앤씨,위탁관리,8,인성종합관리,음식물쓰레기종량제,위탁관리,테은환경
A12180401,위탁관리,2,위탁관리,4,(주)엘림테크,위탁관리,2,,차량수거방식,위탁관리,
A12180404,자치관리,4,위탁관리,2,성화개발,위탁관리,1,이지종합관리,차량수거방식,위탁관리,동명환경(주)
A12180407,자치관리,6,자치관리,8,,위탁관리,7,,음식물쓰레기종량제,위탁관리,
A12180506,위탁관리,5,위탁관리,7,인&인,위탁관리,8,화이트,음식물쓰레기종량제,위탁관리,성산산업
A12181101,위탁관리,2,위탁관리,4,태영건물종합관리,위탁관리,2,진성관리,음식물쓰레기종량제,위탁관리,씨엠시설관리
A12181102,위탁관리,5,위탁관리,2,선우환경관리(주),위탁관리,2,선우환경관리(주),음식물쓰레기종량제,위탁관리,주)씨에이에스
A12181103,위탁관리,14,위탁관리,17,세이프원,위탁관리,15,세이프원,음식물쓰레기종량제,위탁관리,세영에이앤씨
A12181403,위탁관리,6,위탁관리,4,(주)세연종합관리,위탁관리,3,한빛티엠스,차량수거방식,위탁관리,(주)동아기업환경
A12181404,위탁관리,11,위탁관리,19,와이번스안전관리시스템,위탁관리,9,이데아그룹,거점장비수거방식,위탁관리,와이브이시스템
A12181406,위탁관리,12,위탁관리,12,(주)홈스텍,위탁관리,12,(주)두원에이앤씨,음식물쓰레기종량제,위탁관리,에이스나무병원(주)
A12182101,위탁관리,2,위탁관리(직영+위탁),3,국제경보산업(주),위탁관리,2,(주)듀델코리아,음식물쓰레기종량제,위탁관리,동진이엠에스
A12182401,위탁관리,2,위탁관리,4,국제경보산업(주),위탁관리,2,퍼스트그린,음식물쓰레기종량제,위탁관리,씨앤
A12182901,위탁관리,4,위탁관리,3,우원티엠,위탁관리,4,청아시스템,차량수거방식,위탁관리,한빛티에스
A12184201,위탁관리,5,위탁관리,4,(주)신대한관리,위탁관리,4,(주)신대한관리,차량수거방식,위탁관리,벨킨스
A12185001,위탁관리,2,위탁관리,2,세원종합관리,위탁관리,2,세원종합관리,차량수거방식,위탁관리,동산종합관리
A12185003,위탁관리,9,위탁관리,14,(주)다보산업관리,위탁관리,3,(주)다보산업관리,음식물쓰레기종량제,위탁관리,주)휘성
A12185004,위탁관리,29,위탁관리,66,케이비엠플러스,위탁관리,18,,음식물쓰레기종량제,위탁관리,
A12185303,위탁관리,12,위탁관리,12,주식회사 승학,위탁관리,8,주식회사이데아그룹,차량수거방식,위탁관리,주식회사다인서비스
A12185304,위탁관리,5,위탁관리,4,주식회사 우창개발,위탁관리,5,주식회사 우창개발,차량수거방식,위탁관리,(주)한빛티에스
A12185504,위탁관리,4,위탁관리,4,한국보안컨설팅(주),위탁관리,2,아이원서비스,차량수거방식,위탁관리,성산산업개발
A12185602,위탁관리,4,위탁관리,2,(주)승학,위탁관리,2,(주)승학,음식물쓰레기종량제,위탁관리,(주)성산산업개발
A12185603,위탁관리,4,위탁관리,4,(주)가온종합관리,자치관리,2,,음식물쓰레기종량제,위탁관리,성우서비스
A12185605,위탁관리,4,위탁관리,4,(주) 인 동,위탁관리,3,(주)토우에스이엠,음식물쓰레기종량제,위탁관리,탄천산업
A12185606,위탁관리,4,위탁관리,6,예주산업(주),위탁관리,3,현대종합관리,음식물쓰레기종량제,위탁관리,동진 M&S
A12186901,위탁관리,5,위탁관리,8,대원공신,위탁관리,4,(주)우창개발,음식물쓰레기종량제,위탁관리,(주)좋은서비스
A12187403,자치관리,17,자치관리,10,,위탁관리,5,(주)성우서비스,음식물쓰레기종량제,위탁관리,(주)성우서비스/탑쉴드시스템
A12187501,위탁관리,9,위탁관리,9,에스원,위탁관리,8,인동종합관리,차량수거방식,위탁관리,에이스
A12187602,위탁관리,5,위탁관리,6,(주)경진관리,위탁관리,5,성우서비스,음식물쓰레기종량제,위탁관리,성우서비스
A12187703,위탁관리,8,위탁관리,4,듀델코리아,위탁관리,3,에코그린티엠,음식물쓰레기종량제,위탁관리,성산산업개발
A12187901,위탁관리,3,위탁관리,2,피누스이엔씨,위탁관리,2,세원종합관리,차량수거방식,위탁관리,탄천산업
A12187902,위탁관리,2,위탁관리,4,아산종합관리,위탁관리,2,,차량수거방식,위탁관리,
A12187904,위탁관리,6,위탁관리,6,우창개발,위탁관리,4,성화개발(주),차량수거방식,위탁관리,(주)거문환경
A12187905,위탁관리,5,위탁관리,4,경진이앤지(주),위탁관리,5,(주)성우서비스,차량수거방식,위탁관리,(주)씨앤
A12187906,위탁관리,5,위탁관리,7,우창개발(주),위탁관리,6,(주)성우서비스,차량수거방식,위탁관리,(주)성우서비스
A12188201,위탁관리,4,위탁관리,6,(주)코리아종합관리,위탁관리,2,일신환경,음식물쓰레기종량제,위탁관리,신흥시스템
A12188202,위탁관리,4,위탁관리,3,예주산업(주),위탁관리,3,두원에이앤씨,음식물쓰레기종량제,위탁관리,대양디아이(주)
A12188205,위탁관리,5,위탁관리,6,(유)탄천산업,위탁관리,7,(유)와이번즈안전관리,차량수거방식,위탁관리,THE자람
A12201001,위탁관리,3,위탁관리,4,인동,위탁관리,2,인동,차량수거방식,위탁관리,굿모닝대양
A12201002,위탁관리,9,위탁관리,8,(주)에스원,위탁관리,11,듀델코리아,차량수거방식,위탁관리,(주)에스앤산업
A12201003,위탁관리,10,위탁관리,9,주)세계보안시스템,위탁관리,14,케이이비엠,음식물쓰레기종량제,위탁관리,에스엔산업
A12201004,위탁관리,4,위탁관리,5,성화개발(주),위탁관리,2,비엠에스종합개발,거점장비수거방식,위탁관리,굿에어테크
A12201005,위탁관리,4,위탁관리,4,(주)우창개발,위탁관리,3,(주)우창개발,음식물쓰레기종량제,위탁관리,성우서비스
A12201101,자치관리,2,자치관리(직영),4,,자치관리,0,,음식물쓰레기종량제,위탁관리,
A12201102,자치관리,5,자치관리,4,,위탁관리,2,,음식물쓰레기종량제,위탁관리,
A12201103,자치관리,5,자치관리,4,,자치관리,4,,음식물쓰레기종량제,위탁관리,주식회사 거문환경
A12201301,위탁관리,2,위탁관리,2,우진관리(주),위탁관리,1,우진관리(주),음식물쓰레기종량제,위탁관리,정일종합관리
A12204001,위탁관리,2,자치관리,2,,위탁관리,1,,음식물쓰레기종량제,위탁관리,
A12204002,위탁관리,5,위탁관리,2,한길산업(주),위탁관리,2,로이안H&F,음식물쓰레기종량제,위탁관리,이수환경공사(주)
A12204003,위탁관리,6,위탁관리,8,(주)승학,위탁관리,7,(주)두원A&C,음식물쓰레기종량제,위탁관리,(주)토우에스이엠
A12204004,위탁관리,9,위탁관리,12,에스원,위탁관리,13,(주)라포르,음식물쓰레기종량제,위탁관리,(주)진성관리
A12204006,위탁관리,5,위탁관리,5,동남시큐리티,위탁관리,6,태양삼차원환경,차량수거방식,위탁관리,와이브이시스템
A12204102,위탁관리,6,위탁관리,8,(주)원스탑,위탁관리,7,(주)갤럭시코리아,차량수거방식,위탁관리,(주)좋은서비스
A12205001,자치관리,2,자치관리,2,,자치관리,2,,차량수거방식,위탁관리,성산산업개발
A12205003,위탁관리,4,위탁관리,4,와이번스,위탁관리,3,유현종합관리,음식물쓰레기종량제,위탁관리,우원티엠
A12205004,위탁관리,4,위탁관리,4,(주)승학,위탁관리,4,에이스스설관리,음식물쓰레기종량제,위탁관리,거문환경
A12208001,위탁관리,3,위탁관리(직영+위탁),3,(주)디엠지관리,위탁관리(직영+위탁),2,(주)디엠지관리,차량수거방식,위탁관리,국보종합관리
A12208002,위탁관리,4,위탁관리,2,일신주택관리,위탁관리,2,대주에이치알,음식물쓰레기종량제,위탁관리,정일종합관리
A12208101,위탁관리,2,위탁관리,2,(주)세연종합관리,위탁관리,2,(주)인덕종합관리,차량수거방식,위탁관리,(주)은광서비스
A12208102,위탁관리,4,위탁관리,4,광인에스테이트(주),위탁관리,2,세이프원,음식물쓰레기종량제,위탁관리,(주)청정티엠에스
A12208103,위탁관리,4,위탁관리,4,디엠지관리,자치관리,2,,차량수거방식,위탁관리,국보종합관리
A12208104,위탁관리,4,위탁관리(직영+위탁),4,서일개발(주),위탁관리,2,(주)대양씨엔씨,차량수거방식,위탁관리,한영디엔씨
A12208105,위탁관리,4,위탁관리,4,유진토탈써비스(주),위탁관리,3,탄천산업,차량수거방식,위탁관리,은광서비스
A12208203,자치관리,4,자치관리,4,,위탁관리,2,동진종합시스템,차량수거방식,위탁관리,성산산업개발
A12208204,위탁관리,4,위탁관리,6,(유)현대관리시스템,위탁관리,3,(유)우원티엠,차량수거방식,위탁관리,(주)한영디앤씨
A12208205,위탁관리,5,자치관리(직영),12,(주)대한주택개발,위탁관리,4,,차량수거방식,위탁관리,
A12209001,위탁관리,3,위탁관리,2,(주)캐미코,위탁관리,3,듀델코리아,음식물쓰레기종량제,위탁관리,(주)지엘엠
A12220001,위탁관리,4,위탁관리,2,(유)율산개발,위탁관리,2,유)우원티엠,음식물쓰레기종량제,위탁관리,(유)우원티엠
A12220002,위탁관리,4,위탁관리,2,세연종합관리,위탁관리,4,,음식물쓰레기종량제,위탁관리,
A12220003,위탁관리,6,위탁관리,4,(주)한국경영관리,위탁관리,3,인덕종합관리,기타,위탁관리,거문환경
A12220004,위탁관리,5,위탁관리,4,(주)우송관리,위탁관리,4,(주)이데아그룹,거점장비수거방식,위탁관리,(주)동성개발
A12220005,위탁관리,7,위탁관리,6,케이앤비자산관리(주),위탁관리,6,인덕종합관리(주),기타,위탁관리,(주)동진엠엔에스
A12271402,자치관리,8,자치관리,8,,자치관리,2,,음식물쓰레기종량제,위탁관리,휘성
A12275201,위탁관리,7,위탁관리,6,인덕종합관리(주),위탁관리,9,인덕종합관리(주),차량수거방식,위탁관리,에이스나무병원 주식회사
A12275202,위탁관리,9,위탁관리,10,(주)에스원,위탁관리,12,폴리텍(주),음식물쓰레기종량제,위탁관리,(주)다인서비스
A12275501,위탁관리,4,위탁관리,4,((주)국보종합관리,위탁관리,4,(주)무림하우징,차량수거방식,위탁관리,한국종합방제
A12276901,위탁관리,5,위탁관리,1,,위탁관리,1,,기타,위탁관리,
A12281701,자치관리,4,자치관리,4,,위탁관리,2,(주)피누스이앤씨,차량수거방식,위탁관리,(주)거문환경
A12281702,자치관리,4,자치관리,4,,자치관리,3,,음식물쓰레기종량제,위탁관리,
A12281801,위탁관리,3,위탁관리,3,한국그린,위탁관리,2,,차량수거방식,위탁관리,
A12282102,위탁관리,2,위탁관리(직영+위탁),4,,위탁관리,2,,차량수거방식,위탁관리,
A12282203,위탁관리,5,위탁관리,4,(주)듀델코리아,위탁관리,6,,차량수거방식,위탁관리,
A12283601,위탁관리,3,위탁관리,7,(주)무림하우징,위탁관리,2,정다운세상,차량수거방식,위탁관리,정다운세상
A12283602,위탁관리,4,위탁관리,3,예주산업(주),위탁관리,4,동진종합시스템(주),음식물쓰레기종량제,위탁관리,(주)지산아이엔씨
A12283603,위탁관리,4,위탁관리,6,유원종합관리(주),위탁관리,4,유원종합관리(주),음식물쓰레기종량제,위탁관리,지산아이앤씨
A12284501,위탁관리,4,위탁관리,4,대승종합관리(주),위탁관리,3,,음식물쓰레기종량제,위탁관리,
A12284701,위탁관리,1,위탁관리,3,(주)세계보안관리시스템,위탁관리,2,(주)비엠에스종합개발,차량수거방식,위탁관리,(주)제이엔피코리아
A12285703,위탁관리,11,위탁관리,26,(주)푸른안전산업,위탁관리,11,,차량수거방식,위탁관리,
A12287202,위탁관리,3,위탁관리,4,(주)듀델코리아,위탁관리,3,인앤인주택관리(주),음식물쓰레기종량제,위탁관리,(주)정일종합관리
A12287203,위탁관리,4,위탁관리,4,(주)혜진종합관리,위탁관리,3,,거점장비수거방식,위탁관리,
A12287204,위탁관리,10,위탁관리,16,(주)동익,위탁관리,11,(유)우원티엠,음식물쓰레기종량제,위탁관리,(주)와이브이시스템
A12289401,위탁관리,2,위탁관리,4,일신주택관리(주),위탁관리,2,,차량수거방식,위탁관리,
A12289402,위탁관리,3,위탁관리,2,(주)한결에이엠,위탁관리,2,(주)한결에이엠,음식물쓰레기종량제,위탁관리,㈜태양씨에스
A12289501,위탁관리,5,위탁관리,4,(주)케이티팝스,위탁관리,4,(주)케이티팝스,차량수거방식,위탁관리,청정티엠에스 
A12290901,위탁관리,6,위탁관리,7,에스원,위탁관리,9,인성종합관리(주),기타,위탁관리,성우서비스
A12293002,자치관리,4,자치관리(직영),6,,자치관리,3,,음식물쓰레기종량제,위탁관리,주신환경(주)
A12294102,위탁관리,5,위탁관리,6,(주)듀델 코리아,위탁관리,4,(주)듀델코리아,차량수거방식,위탁관리,(주)대양디아이
A13002002,위탁관리,7,위탁관리,6,SK쉴더스,위탁관리,10,(주)지엔비,음식물쓰레기종량제,위탁관리,(주)지산아이앤씨
A13003002,위탁관리,5,위탁관리,6,(주)듀델코리아,자치관리,3,,음식물쓰레기종량제,위탁관리,지산아이앤씨
A13003003,위탁관리,5,위탁관리,4,(주)듀델코리아,위탁관리,5,(주)태은환경,거점장비수거방식,위탁관리,(주)휘성
A13003005,위탁관리,7,위탁관리,6,(주)듀델코리아,위탁관리,8,(주)듀델코리아,차량수거방식,위탁관리,동진엠엔에스
A13003007,위탁관리,19,위탁관리,23,(주)에스원,위탁관리,33,(주)신화비엠씨,음식물쓰레기종량제,위탁관리,(주)와이브이시스템
A13003201,위탁관리,6,위탁관리,10,한국보안컨설팅(주),위탁관리,8,(주)지엔비,음식물쓰레기종량제,위탁관리,(주)와이브이시스템
A13003202,위탁관리,9,위탁관리,20,(주)두온종합관리,위탁관리,10,듀델코리아,음식물쓰레기종량제,위탁관리,(주)에스엔산업
A13003402,위탁관리,4,위탁관리,2,(주)우원티엠,위탁관리,2,(주)현대개발,차량수거방식,위탁관리,(주)태인이앤지
A13003404,위탁관리,7,위탁관리(직영+위탁),4,유원종합관리(주),위탁관리,5,,음식물쓰레기종량제,위탁관리,
A13003405,위탁관리,4,자치관리(직영),8,,위탁관리,5,명진종합관리,차량수거방식,위탁관리,명진종합관리(주)
A13003406,위탁관리,7,위탁관리,6,한국보안컨설팅,위탁관리,7,일신환경(주),차량수거방식,위탁관리,(주)휘성
A13006002,위탁관리,4,위탁관리,4,백송종합관리(주),위탁관리,2,주식회사인동,음식물쓰레기종량제,위탁관리,태강티엠에스
A13006003,위탁관리,4,위탁관리,4,(주)에코그린티엠,위탁관리,3,(주)주원그린,음식물쓰레기종량제,위탁관리,(유)우원티엠
A13006101,위탁관리,9,위탁관리,16,(주)케이비아주,위탁관리,10,(주)이데아그룹,음식물쓰레기종량제,위탁관리,(주)휘성
A13007001,위탁관리,4,위탁관리,4,선우환경관리,위탁관리,4,주식회사 에코그린티엠,차량수거방식,위탁관리,(주)성산산업개발
A13007002,위탁관리,4,위탁관리,4,명원실업,위탁관리,3,(주)유현종합관리,기타,위탁관리,(주)성산산업
A13007004,위탁관리,7,위탁관리,10,(주)경진관리,위탁관리,6,일신환경(주),음식물쓰레기종량제,위탁관리,(주)성산산업개발
A13008001,위탁관리,3,위탁관리,2,국보종합관리(주),위탁관리,2,,음식물쓰레기종량제,위탁관리,
A13009001,위탁관리,4,위탁관리,6,(주)혜진종합관리,위탁관리,4,(주)주원그린,음식물쓰레기종량제,위탁관리,(주)태은환경
A13009002,위탁관리,10,위탁관리,10,한국보안컨설팅,위탁관리,12,,거점장비수거방식,위탁관리,
A13009003,위탁관리,5,위탁관리,5,명원실업,위탁관리,4,명원,음식물쓰레기종량제,위탁관리,청정티엠에스
A13009101,위탁관리,3,위탁관리,3,(유)원광,위탁관리,3,(유)원광,음식물쓰레기종량제,위탁관리,(유)와이번스안전관리시스템
A13009202,위탁관리,4,위탁관리,3,듀델코리아,위탁관리,2,가온종합관리(주),차량수거방식,위탁관리,가온종합관리(주)
A13009206,위탁관리,5,위탁관리,6,백송종합관리,위탁관리,7,한국주택시설관리,음식물쓰레기종량제,위탁관리,(주)휘성
A13010001,위탁관리,2,위탁관리,4,(주)혜진종합관리,위탁관리,2,탄천산업,음식물쓰레기종량제,위탁관리,한빛티에스
A13010002,위탁관리,7,위탁관리,4,(주)한빛관리,위탁관리,5,,음식물쓰레기종량제,위탁관리,
A13010003,위탁관리,7,위탁관리,10,경진이앤지,위탁관리,5,,차량수거방식,위탁관리,
A13010004,위탁관리,10,위탁관리,6,듀델코리아,위탁관리,9,세원종합관리,음식물쓰레기종량제,위탁관리,
A13010005,위탁관리,13,위탁관리,13,(주)우창개발,위탁관리,16,(주)우창개발,음식물쓰레기종량제,위탁관리,(주)태은환경
A13010006,위탁관리,14,위탁관리,30,선우환경관리(주),위탁관리,23,주식회사 청아시스템,음식물쓰레기종량제,위탁관리,와이브이시스템
A13070101,위탁관리,8,자치관리(직영),2,,자치관리(직영),2,,차량수거방식,위탁관리,한빛 T&S
A13070301,위탁관리,8,위탁관리,9,한국보안컨설팅(주),위탁관리,9,새롬에스앤씨(주),차량수거방식,위탁관리,대양디아이주식회사
A13070302,위탁관리,3,위탁관리,2,(주)이오티앤디,위탁관리,1,(주)에스제이종합관리,차량수거방식,위탁관리,(주)비앤비클린
A13071201,위탁관리,3,위탁관리,2,(주)융성종합관리,위탁관리,1,,거점장비수거방식,위탁관리,
A13071301,위탁관리,3,위탁관리,2,(주)유현종합관리,위탁관리,1,(주)청아시스템,차량수거방식,위탁관리,해솔
A13071302,위탁관리,19,위탁관리,21,(주)에스원,위탁관리,28,듀델코리아,음식물쓰레기종량제,위탁관리,(주)태은환경
A13075402,위탁관리,5,위탁관리,6,(주)미래가이드,위탁관리,6,(주)청담위생개발,음식물쓰레기종량제,위탁관리,(유)우원티엠
A13075403,위탁관리,4,위탁관리,4,(주)한빛종합관리,위탁관리,2,,음식물쓰레기종량제,위탁관리,
A13075404,위탁관리,5,위탁관리,2,(주)서호씨엠,위탁관리,3,(주)서호씨엠,거점장비수거방식,위탁관리,(주)해솔
A13075405,위탁관리(직영+위탁),3,위탁관리,3,(주)서호씨엠,위탁관리,1,(주)서호씨엠,차량수거방식,위탁관리,(주)해솔
A13076801,위탁관리,5,위탁관리,4,원앤원산업개발(주)_,위탁관리,5,,차량수거방식,위탁관리,(주)휘성
A13077201,위탁관리,4,위탁관리,4,(주)융성종합관리,위탁관리,1,(주)융성종합관리,차량수거방식,위탁관리,
A13077702,위탁관리,4,위탁관리,4,(주)듀델코리아,위탁관리,3,(주)국보종합관리,음식물쓰레기종량제,위탁관리,(유)우원티엠
A13077703,위탁관리,3,위탁관리,4,신화비엠씨,위탁관리,2,에코그린티엠,음식물쓰레기종량제,위탁관리,청정티엠에스
A13078301,위탁관리,4,위탁관리,4,(주)태룡에스디,위탁관리,3,(주)태룡에스디,음식물쓰레기종량제,위탁관리,(유)굿모닝대양
A13078701,위탁관리(직영+위탁),4,위탁관리,3,유원종합관리(주),위탁관리,3,,음식물쓰레기종량제,위탁관리,
A13079401,위탁관리,4,위탁관리,2,한국경영관리,위탁관리,1,한국경영관리,음식물쓰레기종량제,위탁관리,진도프로인
A13079402,위탁관리,4,위탁관리,2,한국경영관리,위탁관리,1,동진종합,음식물쓰레기종량제,위탁관리,한솔이엔씨
A13079403,위탁관리,4,위탁관리,2,(주)한국경영관리,위탁관리,1,한국경영관리(주),음식물쓰레기종량제,위탁관리,한솔이엔씨
A13080201,위탁관리,4,자치관리(직영),5,,위탁관리,3,중림개발,차량수거방식,위탁관리,사람과자연앤
A13080702,위탁관리,3,위탁관리(직영+위탁),2,서일개발,위탁관리(직영+위탁),1,서일개발,차량수거방식,위탁관리,동서환경
A13080801,위탁관리,4,위탁관리,4,국제안전시스템,위탁관리,2,국제종합관리시스템,음식물쓰레기종량제,위탁관리,(주)휘성
A13082501,위탁관리,4,위탁관리,4,(주)혜진종합관리,위탁관리,3,(주)주원그린,음식물쓰레기종량제,위탁관리,(주)휘성
A13082502,위탁관리,4,위탁관리,4,듀델코리아(주),위탁관리,3,(주)유현종합관리,차량수거방식,위탁관리,태양방역공사
A13082702,위탁관리,5,위탁관리,6,(주)국제안전시스템,위탁관리,5,유한회사 대주에이치알,거점장비수거방식,위탁관리,성산산업개발(주)
A13082703,위탁관리,6,위탁관리,5,(주)국제안전시스템,위탁관리,6,주식회사 인동,차량수거방식,위탁관리,(주)덕정환경
A13082704,위탁관리,9,위탁관리,16,(주)백송종합관리,위탁관리,12,컴크린프로서비스,음식물쓰레기종량제,위탁관리,(주)휘성
A13082805,위탁관리,10,위탁관리,20,더지엠에스,위탁관리,14,현대종합관리,차량수거방식,위탁관리,와이브이시스템
A13083102,위탁관리,6,위탁관리,8,(주)백송종합관리,위탁관리,8,주식회사 인동,음식물쓰레기종량제,위탁관리,주식회사파워씨앤에스
A13084101,위탁관리,6,위탁관리,6,(주)혜진종합관리,위탁관리,6,(주)이지종합관리,음식물쓰레기종량제,위탁관리,(주)다인서비스
A13084701,위탁관리,4,자치관리,4,,위탁관리,3,티엔크린(주),음식물쓰레기종량제,위탁관리,(주)동진엠엔에스
A13084802,위탁관리,5,위탁관리,6,진성관리,위탁관리,3,진성관리,음식물쓰레기종량제,위탁관리,굿에어테크
A13084803,위탁관리,8,위탁관리,20,유원종합관리(주),위탁관리,11,유원종합관리(주),거점장비수거방식,위탁관리,한국종합환경컨설팅(주)
A13084804,위탁관리,13,자치관리,18,,위탁관리,18,,음식물쓰레기종량제,위탁관리,
A13085301,위탁관리,5,위탁관리,4,(주)혜진종합관리,위탁관리,5,(주)유현종합관리,차량수거방식,위탁관리,(주)태양씨에스
A13085901,위탁관리,4,위탁관리,2,(주)듀델코리아,위탁관리,4,(주)듀델코리아,음식물쓰레기종량제,위탁관리,새롬에스앤씨(주)
A13085902,위탁관리,5,위탁관리,4,(주)인덕종합관리,위탁관리,5,인덕종합관리(주),음식물쓰레기종량제,위탁관리,(주)덕정환경
A13086101,위탁관리,6,위탁관리,6,한국보안컨설팅주식회사,위탁관리,6,(주)인동,기타,위탁관리,(주)에스앤산업
A13086701,자치관리,4,자치관리,6,,자치관리,3,,차량수거방식,위탁관리,
A13086703,위탁관리,6,위탁관리,4,선우환경관리,위탁관리,3,선우환경관리,차량수거방식,위탁관리,태양지엔씨
A13086704,위탁관리,9,위탁관리,12,남경종합관리(주),위탁관리,10,남경종합관리(주),차량수거방식,위탁관리,남경종합관리(주)
A13086705,자치관리,10,자치관리,22,,자치관리,8,,음식물쓰레기종량제,위탁관리,(주)에스앤산업
A13086802,위탁관리,4,위탁관리,6,(주)와이번스안전관리시스템,위탁관리,4,(유)와이번스안전관리시스템,차량수거방식,위탁관리,(유)우원티엠
A13087201,위탁관리,7,위탁관리,14,(주)듀델코리아,위탁관리,5,대신관리(주),,위탁관리,(주)태강티엠에스
A13087401,자치관리,2,자치관리,2,,자치관리(직영),1,,음식물쓰레기종량제,위탁관리(직영+위탁),청담위생개발
A13087405,위탁관리,5,위탁관리,4,피에이아름다운관리(주),위탁관리,4,(주)청담위생개발,차량수거방식,위탁관리,(주)지산아이앤씨
A13087407,위탁관리,6,위탁관리,7,(주)신세기시스템,위탁관리,7,청담위생개발,음식물쓰레기종량제,위탁관리,(주)동진엠엔에스
A13113001,위탁관리,3,위탁관리,4,(주)태영,위탁관리,2,(주)태영,음식물쓰레기종량제,위탁관리,21세기매니지먼트
A13113002,위탁관리,4,위탁관리,4,(주)국제안전시스템,위탁관리,3,,음식물쓰레기종량제,위탁관리,
A13113003,위탁관리,5,위탁관리,6,(주) 백송종합관리,위탁관리,4,(주)태은환경,음식물쓰레기종량제,위탁관리,(주)태양이엔지
A13113004,위탁관리,8,위탁관리,13,(주)신현대관리,위탁관리,7,(주)신현대관리,거점장비수거방식,위탁관리,티엔크린
A13113006,위탁관리,3,위탁관리,2,국제안전시스템,위탁관리,2,,음식물쓰레기종량제,위탁관리,
A13113007,위탁관리,12,위탁관리,15,(주)신화비엠씨,위탁관리,14,(주)신화비엠씨,음식물쓰레기종량제,위탁관리,(주)한빛티에스
A13113008,위탁관리,10,위탁관리,11,(유)현대관리시스템,위탁관리,13,(주)세원종합관,음식물쓰레기종량제,위탁관리,(주)태영
A13114002,위탁관리,7,위탁관리,8,태영종합건물관리,위탁관리,4,(주) 진성관리,음식물쓰레기종량제,위탁관리,(주)굿에어테크
A13114103,위탁관리,3,위탁관리,2,에코그린티엠,위탁관리,3,,음식물쓰레기종량제,위탁관리,
A13114106,위탁관리,5,위탁관리,3,주식회사 인동,위탁관리,2,(주)씨엠관리,차량수거방식,위탁관리,한빛티에스
A13114201,위탁관리,2,위탁관리,2,(주)혜진종합관리,위탁관리,2,(주)태은환경,음식물쓰레기종량제,위탁관리,(주)굿에어테크
A13120001,위탁관리,3,위탁관리,4,(주)이오티앤디,위탁관리,2,,음식물쓰레기종량제,위탁관리,
A13120403,위탁관리,4,위탁관리,4,(주)국제안전시스템,위탁관리,3,,차량수거방식,위탁관리,
A13120701,자치관리,2,위탁관리,2,신현대관리,위탁관리,2,한빛TS,차량수거방식,위탁관리,휘성
A13120704,위탁관리,2,위탁관리,2,에이스시설관리(주),위탁관리,2,에이스시설관리(주),거점장비수거방식,위탁관리,에이스시설관리(주)
A13122001,자치관리,5,위탁관리,6,(주)신현대관리,위탁관리,5,주식회사 인동,음식물쓰레기종량제,위탁관리,(주)한빛티에스
A13122002,위탁관리,7,위탁관리,8,(주)에스원,위탁관리(직영+위탁),6,무림하우징,음식물쓰레기종량제,위탁관리,동명환경
A13122104,위탁관리,6,위탁관리,8,(주)인동종합관리,위탁관리,6,에코그린,음식물쓰레기종량제,위탁관리,와이브이시스템
A13123001,위탁관리,3,위탁관리,2,원광,위탁관리,2,원광,음식물쓰레기종량제,위탁관리,강동에코텍
A13123002,위탁관리,4,위탁관리,4,(주)세이프원,위탁관리,4,(주)태백관리,음식물쓰레기종량제,위탁관리,동부이앤피(주)
A13123101,자치관리(직영),1,위탁관리,2,대성종합관리(주),위탁관리,2,대성종합관리,음식물쓰레기종량제,위탁관리,미래환경
A13123102,위탁관리,6,위탁관리,14,(유)화이트시스템,위탁관리,9,(주)에코그린티엠,차량수거방식,위탁관리,티에이치서비스(주)
A13170401,위탁관리,5,위탁관리,6,주식회사씨엠자산,위탁관리,4,,음식물쓰레기종량제,위탁관리,
A13175103,위탁관리,9,위탁관리,15,태영건물종합관리(주),위탁관리,7,(주)진성관리,음식물쓰레기종량제,위탁관리,에이스나무병원(주)
A13176102,위탁관리,2,위탁관리,4,태양삼차원환경,위탁관리,2,태양삼차원 환경,거점장비수거방식,위탁관리,한빛티에스
A13176801,위탁관리,2,위탁관리,4,혜진종합관리,위탁관리,2,,음식물쓰레기종량제,위탁관리,
A13176901,위탁관리,13,위탁관리,26,동익,위탁관리,11,태영건물종합관리(주),음식물쓰레기종량제,위탁관리,(주)동명환경
A13176902,위탁관리,4,위탁관리,4,새롬에스앤씨(주),위탁관리,1,(주)세연종합관리,음식물쓰레기종량제,위탁관리,하나환경(주)
A13177701,위탁관리,7,위탁관리,8,(주)엘림에스,위탁관리,4,이지종합관리,차량수거방식,위탁관리,굿에어테크
A13178101,위탁관리,10,위탁관리,10,(유)현대관리시스템,위탁관리,14,,음식물쓰레기종량제,위탁관리,
A13181201,위탁관리,3,위탁관리,2,(주)남경종합관리,위탁관리,2,,음식물쓰레기종량제,위탁관리,
A13181203,위탁관리,4,위탁관리,6,캠크린프로,위탁관리,4,,음식물쓰레기종량제,위탁관리,
A13183202,위탁관리,2,위탁관리,2,(주)신현대관리,위탁관리,1,(유)화이트시스템,음식물쓰레기종량제,위탁관리,(주)씨엠시설관리
A13183204,자치관리,5,위탁관리,10,덕진TMS,위탁관리,4,덕진TMS(주),음식물쓰레기종량제,위탁관리,태양방역
A13183303,위탁관리,3,위탁관리,2,동우개발(주),위탁관리,2,,음식물쓰레기종량제,위탁관리,
A13183405,위탁관리,3,위탁관리,4,웅산산업개발(주),위탁관리,2,(주)신현대관리,음식물쓰레기종량제,위탁관리,(주)청정티엠에스
A13183502,위탁관리,3,위탁관리,4,(주)혜진종합관리,위탁관리,2,대한종합관리,음식물쓰레기종량제,위탁관리,청정티엠에스
A13183504,위탁관리,5,위탁관리,6,혜진종합관리(주),위탁관리,4,21세기메니지먼트,음식물쓰레기종량제,위탁관리,휘성
A13183701,위탁관리,3,위탁관리,2,씨엠관리,위탁관리,2,주식회사 에스지세콤,음식물쓰레기종량제,위탁관리,주식회사 청정티엠에스
A13184107,위탁관리,5,위탁관리,8,(주)인동,위탁관리,6,에이스시설관리,음식물쓰레기종량제,위탁관리,지산아이앤씨
A13184208,위탁관리,5,위탁관리,10,신현대관리,위탁관리,5,에코그린티엠,음식물쓰레기종량제,위탁관리,(주)휘 성
A13184301,위탁관리,4,위탁관리,4,삼우안전관리(유),위탁관리,3,(주)에스제이두웰,음식물쓰레기종량제,위탁관리,(주)에스앤산업
A13184401,위탁관리,2,위탁관리,2,(주)광운티엠에스,위탁관리,2,(주)청담관리,음식물쓰레기종량제,위탁관리,굿에어
A13184502,위탁관리,2,위탁관리,3,승학,위탁관리,2,인동,차량수거방식,위탁관리,씨엠
A13184609,위탁관리,9,위탁관리,14,현대관리시스템,위탁관리,7,와이번스,차량수거방식,위탁관리,(주)태인 인터내셔널
A13184610,자치관리,14,위탁관리,29,(주)인동,위탁관리,17,(주)인동,음식물쓰레기종량제,위탁관리,(유)우원티엠
A13184804,위탁관리,4,위탁관리,2,가온종합관리,위탁관리,2,,음식물쓰레기종량제,위탁관리,
A13185402,위탁관리,2,자치관리(직영),3,,위탁관리,2,동진종합시스템,음식물쓰레기종량제,위탁관리,한빛티에스
A13185501,위탁관리,1,위탁관리,2,코리아이지텍(주),위탁관리,2,(주)진성관리,음식물쓰레기종량제,위탁관리,동서환경(주)
A13185502,위탁관리,2,위탁관리,2,백송종합관리,위탁관리,2,(주)태은환경,음식물쓰레기종량제,위탁관리,(주)휘성
A13185507,위탁관리,4,위탁관리,3,유케이개발,위탁관리,3,유케이개발,음식물쓰레기종량제,위탁관리,(주)에스앤산업
A13185508,위탁관리,6,위탁관리,6,인덕종합관리,위탁관리,5,(주)미래에이비엠,음식물쓰레기종량제,위탁관리,21세기매니지먼트
A13185602,위탁관리,5,위탁관리,4,국제안전시스템,위탁관리,4,탄천산업,음식물쓰레기종량제,위탁관리,한빛티에스
A13185603,위탁관리,5,위탁관리,6,(주)듀델코리아,위탁관리,4,,음식물쓰레기종량제,위탁관리,
A13185607,위탁관리,9,위탁관리,10,신현대관리(주),위탁관리,14,인동종합관리(주),음식물쓰레기종량제,위탁관리,우원티엠(주)
A13186305,위탁관리,8,위탁관리,16,(주)피누스이앤씨,위탁관리,8,(주)신화비엠씨,음식물쓰레기종량제,위탁관리,태영종합관리(주)
A13186306,위탁관리,8,위탁관리,9,(주)광운티엠에스,위탁관리,3,(주)광운티엠에스,차량수거방식,위탁관리,(주)에스앤산업
A13186401,위탁관리,4,위탁관리,5,인동종합관리(주),위탁관리,3,,음식물쓰레기종량제,위탁관리,
A13186502,위탁관리,2,위탁관리,2,국제안전시스템,위탁관리,2,국제안전시스템,차량수거방식,위탁관리,국제안전시스템
A13186503,위탁관리,4,위탁관리,2,백송종합관리,위탁관리,2,(주) 진성관리,음식물쓰레기종량제,위탁관리,(주) 청정티엠에스
A13186504,위탁관리,4,위탁관리,4,(주)인동,위탁관리,3,(주)인동,음식물쓰레기종량제,위탁관리,(주)동명환경
A13186708,위탁관리,9,위탁관리,20,신현대관리(주),위탁관리,10,신현대관리(주),음식물쓰레기종량제,위탁관리,(주)굿모닝대양
A13186801,위탁관리,1,위탁관리,2,(주)세연종합관리,위탁관리,1,지앤비,음식물쓰레기종량제,위탁관리,(주)청정티엠에스
A13186905,위탁관리,3,위탁관리,4,우진관리주식회사,위탁관리,2,우진관리,음식물쓰레기종량제,위탁관리,(주)와이브이시스템
A13186907,위탁관리,6,위탁관리,11,한국보안컨설팅(주),위탁관리,7,(주)두언에이앤씨,음식물쓰레기종량제,위탁관리,주식회사 한빛티에스
A13187004,위탁관리,8,위탁관리,10,인앤인주택관리(주),위탁관리,7,태경관리,음식물쓰레기종량제,위탁관리,(주)와이브이시스템
A13187201,위탁관리,8,위탁관리,16,(주)국제안전시스템,위탁관리,7,인동종합관리(주),음식물쓰레기종량제,위탁관리,지산INC
A13187203,위탁관리,11,위탁관리,14,한국보안,위탁관리,7,태경종합관리,음식물쓰레기종량제,위탁관리,(주)YV시스템
A13187302,위탁관리,6,위탁관리,12,(주)웅산산업개발,위탁관리,5,,음식물쓰레기종량제,위탁관리,
A13187305,위탁관리,9,위탁관리,20,신현대관리,위탁관리,6,유한회사 화이트시스템,기타,위탁관리,태양이앤지
A13187306,위탁관리,9,위탁관리,10,새롬씨큐리티(주),위탁관리,6,(주)미래에이비엠,음식물쓰레기종량제,위탁관리,(주)태인이앤지
A13187406,위탁관리,6,위탁관리,6,(주) 정화실업,위탁관리,5,(주)신현대관리,차량수거방식,위탁관리,(주)동명환경
A13187501,위탁관리,2,위탁관리,4,(주)신현대관리,위탁관리,2,(주)신현대관리,음식물쓰레기종량제,위탁관리,(주)신현대관리외주_주)신웅환경시스템
A13187702,위탁관리,10,위탁관리,20,인덕종합관리(주),위탁관리,13,뉴먼테크,음식물쓰레기종량제,위탁관리,주신환경(주)
A13188406,위탁관리,6,위탁관리,8,(주)국제안전시스템,위탁관리,4,(주)신현대관리,음식물쓰레기종량제,위탁관리,(주)휘성
A13201001,위탁관리,2,위탁관리,2,(주)국제안전시스템,위탁관리,1,(주)지엔비,음식물쓰레기종량제,위탁관리,(주)휘성
A13201002,위탁관리,4,위탁관리,2,세이프원,위탁관리,2,태성,기타,위탁관리,-
A13201201,위탁관리,4,위탁관리,2,(주)에스지세콤,위탁관리,2,(주)에스지세콤,음식물쓰레기종량제,위탁관리,(주)씨엔자산관리
A13201202,위탁관리,4,위탁관리,0,(주)덕우,자치관리,1,,차량수거방식,위탁관리,(주)휘성
A13201203,위탁관리,6,자치관리(직영),2,,위탁관리,2,동진종합시스템(주),음식물쓰레기종량제,위탁관리,(주)청정티엠에스
A13201206,위탁관리,5,위탁관리,8,(주)이엠피서비스,위탁관리,6,태영건물종합관리(주),차량수거방식,위탁관리,(주)21세기메니지먼트
A13201207,위탁관리,9,위탁관리,12,(주)백송종합관리,위탁관리,6,,차량수거방식,위탁관리,
A13201208,위탁관리,13,위탁관리,26,유원종합관리,위탁관리,11,우원티엠,음식물쓰레기종량제,위탁관리,21세기토탈관리
A13201209,위탁관리,20,위탁관리,30, 새롬종합관리(주),위탁관리,22,라포프,차량수거방식,위탁관리,다인서비스
A13202002,위탁관리,10,위탁관리,15,주)로이안에이치앤에프,위탁관리,18,주)로이안에이치앤에프,차량수거방식,위탁관리,청정티엠에스
A13202102,위탁관리,4,위탁관리,4,(주)대온관리,위탁관리,3,(주)대온관리,음식물쓰레기종량제,위탁관리,(주)동명환경
A13202103,위탁관리,4,위탁관리,4,(주)미래에이비엠,위탁관리,3,(주)정다운세상,차량수거방식,위탁관리,(주)미래에이비엠
A13202302,위탁관리,2,위탁관리,2,(주)국제안전시스템,위탁관리,2,(주)국제안전시스템,차량수거방식,위탁관리,(주)덕정환경
A13202304,자치관리,3,자치관리,2,,자치관리(직영),1,,음식물쓰레기종량제,자치관리(직영),
A13202306,위탁관리,2,위탁관리,5,(주)한국경영관리,위탁관리,3,인덕종합관리(주),차량수거방식,위탁관리,동진엠엔에스
A13202308,위탁관리,5,위탁관리,8,(주)옥산개발,위탁관리,4,태영건물 종합관리(주),거점장비수거방식,위탁관리,21세기 매니지먼트
A13202312,위탁관리,18,위탁관리,33,주식회사 에스원,위탁관리,31,,기타,위탁관리,
A13203001,위탁관리,2,위탁관리,2,가온종합개발,위탁관리,2,가온종합관리,차량수거방식,위탁관리,21세기매니지먼트
A13203002,위탁관리,4,위탁관리,4,(주)혜진종합관리,위탁관리,2,(주)이오티엔디,차량수거방식,위탁관리,(주)동진엠엔에스
A13203102,위탁관리,5,위탁관리,4,(주)혜진종합관리,위탁관리,3,(주)혜진종합관리,음식물쓰레기종량제,위탁관리,(주)21세기매니지먼트
A13203202,위탁관리,2,위탁관리,4,인덕종합관리,위탁관리,2,우인성업,차량수거방식,위탁관리,(주)더자람
A13203302,위탁관리,5,위탁관리,4,조은세이프,위탁관리,5,,음식물쓰레기종량제,위탁관리,
A13203303,자치관리,8,위탁관리,18,인덕종합관리(주),위탁관리,7,인덕종합관리(주),음식물쓰레기종량제,위탁관리,태은환경
A13203401,위탁관리,2,위탁관리,2,승학,위탁관리,2,폴리텍,음식물쓰레기종량제,위탁관리,진성이앤지
A13203403,위탁관리,4,자치관리(직영),,,위탁관리,3,,음식물쓰레기종량제,위탁관리,
A13203408,위탁관리,6,위탁관리,9,진성관리(주),위탁관리,5,주식회사 에스제이두웰,음식물쓰레기종량제,위탁관리,(주)굿에어테크
A13204001,위탁관리,3,위탁관리,2,(주)대온,위탁관리,2,(주)대온,차량수거방식,위탁관리,동서환경(주)
A13204002,위탁관리,5,위탁관리,6,(주)케이엔비자산관리,위탁관리,5,(주)유현종합관리,차량수거방식,위탁관리,(주)휘성
A13204103,위탁관리,14,위탁관리,22,예주산업(주),위탁관리,12,나라개발시스템,음식물쓰레기종량제,위탁관리,삼우안전관리(주)
A13204104,위탁관리,13,위탁관리(직영+위탁),22,세화종합관리,위탁관리,10,진성관리,차량수거방식,위탁관리,라이프티엔
A13204105,위탁관리,20,위탁관리,56,(주)에스텍플러스,위탁관리,20,(주)이데아그룹,음식물쓰레기종량제,위탁관리,세영에이앤씨
A13204201,자치관리,3,자치관리,3,,위탁관리,2,티엔크린(주),차량수거방식,위탁관리,티엔크린(주)
A13204203,위탁관리,4,위탁관리,4,(주)동남시큐리티,위탁관리,4,인덕종합관리,음식물쓰레기종량제,위탁관리,좋은서비스
A13204204,위탁관리,9,위탁관리,12,(주)유케이개발,위탁관리,9,,음식물쓰레기종량제,위탁관리,
A13204205,위탁관리,8,위탁관리,8,sk쉴더스,위탁관리,11,두원에이엔,음식물쓰레기종량제,위탁관리,우원방재
A13204301,위탁관리,2,위탁관리,3,원광,위탁관리,2,동진종합시스템,차량수거방식,위탁관리,태양방역
A13204302,위탁관리,5,위탁관리,10,진성관리,위탁관리,5,인동,차량수거방식,위탁관리,와이브이시스템
A13204402,위탁관리,4,위탁관리,4,한국보안컨설팅(주),위탁관리,2,(주)우리관리,음식물쓰레기종량제,위탁관리,(주)청정티엠에스
A13204404,위탁관리,7,자치관리(직영),8,,위탁관리,9,나라개발시스템,차량수거방식,위탁관리,(주)휘성
A13204406,위탁관리,12,위탁관리,15,(주)탄천산업,위탁관리,12,,음식물쓰레기종량제,위탁관리,
A13204408,위탁관리,16,위탁관리,22,백송종합관리,위탁관리,12,,차량수거방식,위탁관리,
A13204409,위탁관리,15,위탁관리,37,탄천산업,위탁관리,22,크린서비스,음식물쓰레기종량제,위탁관리,와이브시스템
A13204501,위탁관리,2,위탁관리,2,주식회사태경종합관리,위탁관리,2,이데아그룹,음식물쓰레기종량제,위탁관리,한진환경
A13204502,위탁관리,3,위탁관리,3,홈스웰,위탁관리,2,대온관리,차량수거방식,위탁관리,태은환경
A13204503,위탁관리,4,위탁관리,2,한국보안컨설팅,위탁관리,2,(주)정광기업,음식물쓰레기종량제,위탁관리,굿에어테크
A13204505,자치관리,5,자치관리,3,,자치관리,3,,음식물쓰레기종량제,위탁관리,거문환경
A13204506,위탁관리,5,위탁관리,6,새롬에스앤씨(주),위탁관리,4,이데아그룹,차량수거방식,위탁관리,한빛티에스
A13204507,위탁관리,6,위탁관리,9,(주)백송종합관리,위탁관리,4,(주)대신관리,음식물쓰레기종량제,위탁관리,(주)에스앤산업
A13204508,위탁관리,6,위탁관리,12,(주)혜진종합관리,위탁관리,4,나라개발시스템(주),음식물쓰레기종량제,위탁관리,(주)우미종합
A13204510,위탁관리,14,위탁관리,27,(주)동익,위탁관리,27,삼우안전관리(유),차량수거방식,위탁관리,(주)21세기매니지먼트
A13272101,위탁관리,4,위탁관리,2,(주)국제안전시스템,위탁관리,2,(주)인동종합관리,음식물쓰레기종량제,위탁관리,성산산업개발
A13272102,위탁관리,4,위탁관리,6,(주)혜진종합관리,위탁관리,3,(주)동아씨스템,음식물쓰레기종량제,위탁관리,성산산업개발(주)
A13272201,위탁관리,4,위탁관리,4,듀델코리아,위탁관리,3,탄천산업,음식물쓰레기종량제,위탁관리,굿에어테크
A13275302,위탁관리,4,위탁관리,6,(주)세연종합관리,위탁관리,3,(주)세연종합관리,음식물쓰레기종량제,위탁관리,(주)이수환경
A13276414,위탁관리,2,위탁관리,2,(주)혜진종합관리,위탁관리,2,(주)혜진종합관리,차량수거방식,위탁관리,굿에어테크
A13276415,위탁관리,8,위탁관리,14,태영종합건물관리(주),위탁관리,10,(주)진성관리,음식물쓰레기종량제,위탁관리,(주)굿에어테크
A13276416,위탁관리,6,위탁관리,8,위더스엔(주),위탁관리,6,(주)진성관리,음식물쓰레기종량제,위탁관리,(주)태영건물종합관리
A13276417,위탁관리,5,위탁관리,8,(주)경진이앤지,위탁관리,4,국보종합관리,음식물쓰레기종량제,위탁관리,동진엠엔에스
A13280104,위탁관리,4,위탁관리,4,웅산산업개발(주),위탁관리,2,동진종합시스템,차량수거방식,위탁관리,(주)휘성
A13281201,자치관리,4,위탁관리,5,(주)혜진종합관리,위탁관리,3,위더스엔(주),차량수거방식,위탁관리,티엔크린(주)
A13281802,위탁관리,5,위탁관리,10,에이스시설관리,위탁관리,5,굿모니대양,음식물쓰레기종량제,위탁관리,제일종합관리
A13282510,위탁관리,5,위탁관리,8,백송종합관리,위탁관리,6,동진종합시스템,음식물쓰레기종량제,위탁관리,굿에어테크
A13283405,위탁관리,4,위탁관리,4,서림주택관리(주),위탁관리,3,승인산업(주),음식물쓰레기종량제,위탁관리,나라개발시스템(주)
A13283611,위탁관리,6,위탁관리,10,(주)혜진종합관리,위탁관리,7,(주)유현종합관리,음식물쓰레기종량제,위탁관리,청정티엠에스
A13285305,위탁관리,4,위탁관리,6,혜진종합관리,위탁관리,3,대신관리,기타,위탁관리,태은환경
A13285401,위탁관리,2,자치관리,2,,위탁관리(직영+위탁),2,,차량수거방식,위탁관리,성산산업개발
A13285404,위탁관리,7,,,,위탁관리,3,(유)굿모닝대양,차량수거방식,위탁관리,(주)휘성
A13285406,위탁관리,6,위탁관리(직영+위탁),8,주.로이안에이치앤에프,위탁관리,7,로이안에이치엔에프,음식물쓰레기종량제,위탁관리,굿에어테크
A13285503,위탁관리,2,위탁관리,4,태영건물종합관리,위탁관리,2,태영종합건물관리,음식물쓰레기종량제,위탁관리,굿에어테크
A13285507,위탁관리,4,위탁관리,6,(주)혜진종합관리,위탁관리,3,(주)이엠피서비스,차량수거방식,위탁관리,(주)태은환경
A13285601,위탁관리,2,위탁관리,3,(주)혜진종합관리,자치관리(직영),1,,음식물쓰레기종량제,위탁관리,(주)휘성
A13286002,위탁관리,3,위탁관리,2,(주)혜진종합관리,위탁관리,2,(주)에코그린티엠,음식물쓰레기종량제,위탁관리,에이스시설관리주식회사
A13286105,자치관리,5,위탁관리,6,태영그린,위탁관리,3,진성관리(주),음식물쓰레기종량제,위탁관리,나라개발시스템
A13286106,위탁관리,5,위탁관리,6,예주산업(주),위탁관리,4,(유)화이트시스템,음식물쓰레기종량제,위탁관리,(주)굿에어테크
A13286107,위탁관리,6,위탁관리,8,혜진종합관리,위탁관리,6,,차량수거방식,위탁관리,
A13286109,위탁관리,6,위탁관리,12,주식회사 굿모닝대양,위탁관리,6,에이스시설관리(주),음식물쓰레기종량제,위탁관리,(주)와이브이시스템
A13286110,위탁관리,10,위탁관리,24,(주)가온종합관리,위탁관리,10,(주)대온관리,차량수거방식,위탁관리,(주)지산아이앤씨
A13286203,자치관리,2,자치관리,4,,자치관리,2,,음식물쓰레기종량제,위탁관리,
A13286304,위탁관리,11,위탁관리,28,(주) 동익,위탁관리,12,대신관리(주),음식물쓰레기종량제,위탁관리,(주)에스앤산업
A13286904,위탁관리,5,위탁관리,6,(주)혜진종합관리,위탁관리(직영+위탁),4,(주)동우개발,음식물쓰레기종량제,위탁관리,(주)휘성
A13287503,위탁관리,5,위탁관리,8,혜진종합관리,위탁관리,4,주원그린,음식물쓰레기종량제,위탁관리,21세기매니지먼트
A13287801,위탁관리,4,위탁관리,5,(주)혜진종합관리,위탁관리,2,(주sj듀웰,거점장비수거방식,위탁관리,나라개발
A13290003,위탁관리,8,위탁관리,7,(주)한국보안컬설팅,위탁관리,6,(주)에코그린티엠,음식물쓰레기종량제,위탁관리,(주)와이브이시스템
A13290105,위탁관리,10,위탁관리,8,(주)백송종합관리,위탁관리,6,에코그린,음식물쓰레기종량제,위탁관리,(주)와이브이시스템
A13290107,위탁관리,14,위탁관리,32,예주산업,위탁관리,18,인동종합관리(주),차량수거방식,위탁관리,(주)동명환경
A13290404,위탁관리,4,위탁관리,4,(주)듀델코리아,위탁관리,4,(주)에스제이두웰,음식물쓰레기종량제,위탁관리,(주)굿에어테크
A13290809,위탁관리,6,위탁관리,14,주식회사 동익,위탁관리,6,,음식물쓰레기종량제,위탁관리,
A13292002,위탁관리,4,위탁관리,3,남광개발,위탁관리,2,남광개발,음식물쓰레기종량제,위탁관리,덕정
A13292501,위탁관리,2,위탁관리,3,주)덕우,자치관리,2,,음식물쓰레기종량제,위탁관리,(주)21세기매니지먼트
A13292701,위탁관리,3,자치관리,4,,자치관리,2,,,위탁관리,
A13293505,위탁관리,5,위탁관리,4,(주)혜진종합관리,위탁관리,6,태영건물종합관리(주),차량수거방식,위탁관리,(주)태은환경
A13295201,위탁관리,2,위탁관리,2,(주)혜진종합관리,위탁관리,2,주원그린,음식물쓰레기종량제,위탁관리,21세기매니지먼트
A13302001,위탁관리,8,위탁관리,10,피누스인앤씨(주),위탁관리,9,,음식물쓰레기종량제,위탁관리,
A13302201,위탁관리,3,위탁관리,2,무림하우징,위탁관리,3,무림하우징,음식물쓰레기종량제,위탁관리,대양환경공사
A13302203,자치관리,5,위탁관리,8,인덕종합관리,위탁관리,4,,음식물쓰레기종량제,위탁관리,
A13302204,자치관리,5,위탁관리,8,태영건물종합관리(주),위탁관리,5,진성관리,음식물쓰레기종량제,위탁관리,굿에어테크
A13302206,위탁관리,6,위탁관리,10,주식회사 경진이앤지,위탁관리,9,(유)굿모닝대양,차량수거방식,위탁관리,(주)진도프로인
A13305002,위탁관리,4,위탁관리,4,(주)신현대관리,위탁관리,2,신현대관리(주),음식물쓰레기종량제,위탁관리,은광서비스
A13305003,위탁관리,4,위탁관리,4,신현대관리,위탁관리,2,주식회사 에코그린티엠,음식물쓰레기종량제,위탁관리,티멘크린(주)
A13305005,위탁관리,5,위탁관리,2,원앤원산업개발(주),위탁관리,2,원앤원산업개발(주),음식물쓰레기종량제,위탁관리,이수환경공사
A13305006,위탁관리,5,위탁관리,8,(주)홈스웰,위탁관리,4,티엔크린(주),음식물쓰레기종량제,위탁관리,티엔크린(주)
A13305007,위탁관리,10,위탁관리,10,(주)신현대관리,위탁관리,8,아이원서비스,음식물쓰레기종량제,위탁관리,태은환경
A13307001,위탁관리,4,위탁관리,3,신현대관리,위탁관리,2,(주)신현대관리,음식물쓰레기종량제,위탁관리,(주)The 자람
A13307002,위탁관리,5,위탁관리,8,태영건물종합관리(주),위탁관리,6,태영건물종합관리(주),음식물쓰레기종량제,위탁관리,(주)태양지앤씨
A13307003,위탁관리,9,위탁관리,10,(주)에스원,위탁관리,10,한강TS,음식물쓰레기종량제,위탁관리,와이브이시스템
A13307101,위탁관리,5,위탁관리,12,주식회사 경진이앤지,위탁관리,4,(유)우원티엠,차량수거방식,위탁관리,(유)우원티엠
A13307201,위탁관리,3,위탁관리,2,서일개발,위탁관리,2,서일개발,,위탁관리,새롬에스앤씨(주)
A13307202,위탁관리,5,위탁관리,12,경진이앤지,위탁관리,6,(유)원광,거점장비수거방식,위탁관리,(주)태강티엠에스
A13307204,위탁관리,18,위탁관리,34,한국보안컨설팅(주),위탁관리,22,(주)더지엠에스,차량수거방식,위탁관리,동명환경
A13308004,위탁관리,6,위탁관리,17,(주)국제안전시스텤,위탁관리,5,인동,음식물쓰레기종량제,위탁관리,휘성
A13308005,위탁관리,14,위탁관리,15,(유)와이번스,위탁관리,11,와이번스,차량수거방식,위탁관리,우원티엠
A13309101,위탁관리,2,위탁관리,3,홈스웰주식회사,위탁관리,2,서일개발,음식물쓰레기종량제,위탁관리,강동에코텍
A13309102,자치관리,6,자치관리,8,,자치관리,5,,차량수거방식,위탁관리,
A13309103,위탁관리,8,위탁관리,8,(주)융성종합관리,위탁관리,4,,음식물쓰레기종량제,위탁관리,
A13309301,위탁관리,4,위탁관리,6,코리아이지텔(주),위탁관리,3,주식회사 인동,차량수거방식,위탁관리,(주)와이브이시스템
A13309402,위탁관리,4,위탁관리,4,(주)우원티앰,위탁관리,2,(주)청아시스템,음식물쓰레기종량제,위탁관리,(주)피누스이앤씨
A13309404,위탁관리,10,위탁관리,14,주식회사 승학,위탁관리,12,승인산업 주식회사,거점장비수거방식,위탁관리,주식회사 비전개발
A13310004,위탁관리,16,위탁관리,22,아주관리(주),위탁관리,8,(주)효명,음식물쓰레기종량제,위탁관리,(유)굿모닝대양
A13311101,위탁관리,2,위탁관리,3,국보종합관리,위탁관리,2,,음식물쓰레기종량제,위탁관리,
A13312101,위탁관리,3,위탁관리,2,웅산산업개발,자치관리,2,,차량수거방식,위탁관리,나라개발
A13312302,위탁관리,7,위탁관리,9,한국보안컨설팅(주),위탁관리,7,홈스웰,음식물쓰레기종량제,위탁관리,청정티엠에스
A13312303,위탁관리,7,위탁관리,8,(유)현대관리시스템,위탁관리,7,,거점장비수거방식,위탁관리,
A13316001,위탁관리,4,위탁관리,4,(주)향우종합관리,위탁관리,3,,차량수거방식,위탁관리,
A13370801,위탁관리,6,위탁관리,2,신현대관리,위탁관리,4,신현대관리,차량수거방식,위탁관리,(주)휘성
A13372101,위탁관리,4,위탁관리(직영+위탁),6,현대개발,위탁관리,2,현대개발,음식물쓰레기종량제,위탁관리,태인이앤지
A13372102,위탁관리,6,위탁관리,10,듀델코리아,위탁관리,6,화이트시스템,차량수거방식,위탁관리,우원티엠
A13373101,위탁관리,2,위탁관리,2,이데아그룹,위탁관리,1,엘림에스,차량수거방식,위탁관리,(주)진도프로인
A13373301,위탁관리,8,위탁관리,10,(주)백송종합관리,위탁관리,13,(주)라포르,음식물쓰레기종량제,위탁관리,한빛티에스
A13373302,위탁관리,1,위탁관리,2,(주)더지엠에스,위탁관리,1,(주)더지엠에스,차량수거방식,위탁관리,이수환경공사(주)
A13375901,위탁관리,10,위탁관리,20,예주산업(주),위탁관리,6,(유)대주HR,음식물쓰레기종량제,위탁관리,(유)굿모닝대양
A13375902,위탁관리,10,위탁관리,12,(주)삼우안전관리,위탁관리,10,(주) 굿모닝대양,음식물쓰레기종량제,위탁관리,삼우안전관리
A13375903,위탁관리,3,위탁관리,4,성화개발,자치관리(직영),3,,음식물쓰레기종량제,위탁관리,(주)청정티엠에스
A13375904,위탁관리,3,위탁관리,2,원앤원산업개발,위탁관리,1,원앤원산업개발,음식물쓰레기종량제,위탁관리,한솔이앤씨
A13375905,위탁관리,4,위탁관리,2,원앤원산업개발(주),위탁관리,2,원앤원산업관리(주),음식물쓰레기종량제,위탁관리,진도프로인
A13375906,위탁관리,5,위탁관리,3,(주)듀델코리아,위탁관리,3,(주)현대종합관리,음식물쓰레기종량제,위탁관리,(주)청정티엠에스
A13375907,위탁관리,14,위탁관리,16,에스원,위탁관리,20,(주)주원그린,차량수거방식,위탁관리,(주)좋은서비스
A13375908,위탁관리,4,위탁관리,2,(주)유진토탈서비스,위탁관리,2,(주)에스제이종합,차량수거방식,위탁관리,동진MNS
A13376405,자치관리,5,위탁관리,5,남경종합관리(주),위탁관리,3,(주)대원주택관리,음식물쓰레기종량제,위탁관리,(주)굿에어테크
A13376702,위탁관리,10,위탁관리,10,남경종합관리(주),위탁관리,5,유)대주에이치알,거점장비수거방식,위탁관리,삼정환경(주)
A13376906,위탁관리,9,위탁관리,22,예주산업,위탁관리,10,삼일시스템,음식물쓰레기종량제,위탁관리,(주)태영
A13377301,위탁관리,2,위탁관리,2,융성종합관리(주),위탁관리,1,융성종합관리(주),음식물쓰레기종량제,위탁관리,(주)진도프로인
A13377302,위탁관리,4,위탁관리,4,(주)융성종합관리,위탁관리,2,,차량수거방식,위탁관리,
A13377703,위탁관리,18,위탁관리,24,이오티앤디,위탁관리,20,굿모닝대양,음식물쓰레기종량제,위탁관리,새롬에스앤씨
A13377901,위탁관리,5,위탁관리,4,예주산업,위탁관리,3,(주)아이원서비스,음식물쓰레기종량제,위탁관리,(주)덕정환경
A13377902,위탁관리,8,위탁관리,8,삼우안전관리,위탁관리,4,,음식물쓰레기종량제,위탁관리,
A13377903,위탁관리,6,위탁관리,4,엘림에스(주),위탁관리,4,엘림에스(주),음식물쓰레기종량제,위탁관리,(주)휘성
A13378001,위탁관리,7,위탁관리,9,(주)듀델코리아,위탁관리,8,효명종합관리,음식물쓰레기종량제,위탁관리,동진엠엔에스
A13378101,위탁관리(직영+위탁),5,위탁관리,3,선우환경관리주식회사,위탁관리,2,선우환경관리주식회사,음식물쓰레기종량제,위탁관리,동명환경
A13378102,위탁관리,7,위탁관리,8,(주)혜진종합관리,위탁관리,7,(주)이데아그룹,음식물쓰레기종량제,위탁관리,(주)휘성
A13379001,위탁관리,5,위탁관리,12,SK쉴더스(주),위탁관리,5,나라개발시스템(주),음식물쓰레기종량제,위탁관리,국보종합관리
A13379401,위탁관리,18,위탁관리,19,타워씨엔에스,위탁관리,15,,거점장비수거방식,위탁관리,
A13380104,위탁관리,15,위탁관리,29,(주)조현시스템,위탁관리,18,승인산업(주),음식물쓰레기종량제,위탁관리,(주)청정티엠에스
A13380301,위탁관리,5,위탁관리,5,(주)홈스텍,위탁관리,5,두원에이앤씨,거점장비수거방식,위탁관리,(유)우원티엠
A13380302,위탁관리,8,위탁관리,9,KT텔레캅,위탁관리,10,우원티엠,음식물쓰레기종량제,위탁관리,(유)탄천산업
A13380303,위탁관리,4,위탁관리,2,예스제이종합,위탁관리,2,에스제이,음식물쓰레기종량제,위탁관리,동진
A13380602,위탁관리,4,위탁관리,6,(주)국제안전시스템,위탁관리,3,나라개발시스템(주),음식물쓰레기종량제,위탁관리,(주)더자람
A13380703,위탁관리,10,위탁관리,21,(유)굿모닝대양,위탁관리,10,(유)굿모닝대양,음식물쓰레기종량제,위탁관리,와이브이시스템
A13380803,위탁관리,8,위탁관리,12,(주)에스원,위탁관리,12,(주)라포르,차량수거방식,위탁관리,(주)나라개발시스템
A13380901,위탁관리,2,위탁관리,4,국제안전시스템,위탁관리,3,국제안전시스템,차량수거방식,위탁관리,(주)피누스이앤씨
A13381601,자치관리,2,위탁관리,2,탑종합관리(주),위탁관리,2,,음식물쓰레기종량제,위탁관리,이수환경공사
A13381604,위탁관리,5,위탁관리,4,(유)현대관리시스템,위탁관리,3,(유)탄천산업,음식물쓰레기종량제,위탁관리,(주)덕정환경
A13381608,위탁관리,7,위탁관리,10,삼우안전관리(유),위탁관리,10,이데아그룹(주),차량수거방식,위탁관리,다인서비스
A13381701,위탁관리,3,자치관리,4,,자치관리,2,,음식물쓰레기종량제,위탁관리,청정티엠에스
A13381902,자치관리,3,자치관리(직영),2,,위탁관리,2,티엔크린,음식물쓰레기종량제,위탁관리,티엔크린
A13382104,위탁관리,5,위탁관리,5,현대개발,위탁관리,3,(주)현대개발,차량수거방식,위탁관리,(주)굿에어테크
A13382106,자치관리,5,위탁관리,7,와이번스,위탁관리,3,탄천산업,기타,위탁관리,"탄천산업,우원티엠"
A13382502,자치관리,3,자치관리,4,,위탁관리,2,위더스엔,음식물쓰레기종량제,위탁관리,동진엠엔에스
A13382802,위탁관리,4,위탁관리,2,(주)현대개발,위탁관리,2,현대개발,음식물쓰레기종량제,위탁관리(직영+위탁),태인이엔지
A13383003,위탁관리,4,위탁관리,4,현대개발,위탁관리,2,,음식물쓰레기종량제,위탁관리,
A13383301,위탁관리,3,자치관리,2,,위탁관리,2,현대개발(주),차량수거방식,위탁관리,우미종합 (주)
A13383702,위탁관리,4,위탁관리,6,현대개발,위탁관리,4,현대개발,기타,위탁관리,나라개발시스템
A13383801,위탁관리,6,위탁관리,9,(주)승학,위탁관리,6,(유)탄천산업,음식물쓰레기종량제,위탁관리,(주)휘성
A13384301,위탁관리,3,위탁관리,2,듀델코리아,위탁관리,2,인동종합관리,음식물쓰레기종량제,위탁관리,(주)한빛티에스
A13384303,위탁관리,4,위탁관리,4,홈스웰,위탁관리,2,홈스웰,차량수거방식,위탁관리,(주)우미종합
A13384304,위탁관리,4,위탁관리,4,(주)이데아그룹,위탁관리,3,홈스웰,음식물쓰레기종량제,위탁관리,태인이엔지
A13384403,위탁관리,6,위탁관리,14,인덕종합관리,위탁관리,6,인덕종합관리,음식물쓰레기종량제,위탁관리,삼우서비스(주)
A13385202,위탁관리,5,위탁관리,6,(주)세계보안관리시스템,위탁관리,4,한울월드(주),,위탁관리,한울월드(주)
A13385301,위탁관리,5,위탁관리,10,(주)신현대관리,위탁관리,4,,음식물쓰레기종량제,위탁관리,
A13385303,위탁관리,5,자치관리(직영),12,,위탁관리,4,(주)삼일시스템,음식물쓰레기종량제,위탁관리,주식회사 비전개발
A13385705,위탁관리,5,위탁관리,6,(주)덕우,위탁관리,5,(주)인동,차량수거방식,위탁관리,덕정환경
A13385802,위탁관리,4,위탁관리,4,백송종합관리,위탁관리,2,태영건물종합관리(주),음식물쓰레기종량제,위탁관리,(주)공간종합관리
A13386702,위탁관리,10,위탁관리,23,(주)경진이앤지,위탁관리,10,(주)삼일시스템,기타,위탁관리,(주)와이브이시스템
A13388001,위탁관리,3,위탁관리,4,(주)다원피엠씨,위탁관리,2,(주)정다운세상,음식물쓰레기종량제,위탁관리,(주)진도프로인
A13392307,위탁관리,5,위탁관리,6,인덕종합관리(주),위탁관리,6,인덕종합관리(주),음식물쓰레기종량제,위탁관리,와이브이시스템
A13402001,자치관리,5,자치관리(직영),3,,자치관리(직영),5,,차량수거방식,위탁관리,
A13402002,위탁관리,4,위탁관리,3,대한종합개발(주),위탁관리,4,위더스엔(주),음식물쓰레기종량제,위탁관리,티엔그린 주식회사
A13402003,위탁관리,5,위탁관리,4,(주)한빛종합관리,위탁관리,4,미래테크원,음식물쓰레기종량제,위탁관리,피누스이엔씨
A13402103,위탁관리,6,위탁관리,12,(유)와이번스,위탁관리,3,(유)와이번스,음식물쓰레기종량제,위탁관리,대양환경
A13402202,위탁관리,2,위탁관리,3,국제경보산업(주),위탁관리,1,현대개발,음식물쓰레기종량제,위탁관리,정일종합관리
A13402204,위탁관리,3,위탁관리,4,태영이앤씨,위탁관리,2,(주)서림종합관리,음식물쓰레기종량제,위탁관리,(주)우미종합
A13402304,위탁관리,3,위탁관리,4,(주)이오티앤디,위탁관리,1,(주)이오티앤디,음식물쓰레기종량제,위탁관리,(주)진도프로인
A13402305,위탁관리,5,위탁관리,6,한국보안컨설팅,위탁관리,4,덕정환경,음식물쓰레기종량제,위탁관리,대양환경공사
A13403001,위탁관리,2,위탁관리,3,(주)백송종합관리,위탁관리,1,에코그린티엠(주),차량수거방식,관리방식미정,
A13403002,위탁관리,5,위탁관리,3,예주산업,위탁관리,3,홈스웰,음식물쓰레기종량제,위탁관리,휘성
A13403101,위탁관리,11,위탁관리,20,쉴드인터네셔널,위탁관리,10,삼우서비스,음식물쓰레기종량제,위탁관리,대양디아이
A13405002,위탁관리,6,위탁관리,4,(주)듀델코리아,위탁관리,5,,차량수거방식,위탁관리,
A13405003,위탁관리,13,위탁관리,13,SK쉴더스(주),위탁관리,19,,음식물쓰레기종량제,위탁관리,
A13405201,위탁관리,16,위탁관리,36,(주)쉴드인터내셔널,위탁관리,34,(주)우원티엠,음식물쓰레기종량제,위탁관리,(주)다인서비스
A13406002,위탁관리,2,위탁관리,2,베스트종합관리(주),위탁관리,2,위더스엔,음식물쓰레기종량제,위탁관리,태인이앤지
A13406003,위탁관리,3,위탁관리,4,유원종합관리(주),위탁관리,2,중림개발,음식물쓰레기종량제,위탁관리,(주)와이브이시스템
A13406005,위탁관리,6,위탁관리,4,국보종합관리,위탁관리,3,,음식물쓰레기종량제,위탁관리,
A13406201,위탁관리,4,위탁관리(직영+위탁),4,율산개발(유),위탁관리(직영+위탁),1,율산개발(유),차량수거방식,위탁관리,신흥환경
A13406204,위탁관리,4,위탁관리,4,대한종합관리(주),위탁관리,3,중림개발,기타,위탁관리,와이브이시스템
A13406205,위탁관리,5,위탁관리,4,주식회사 에이디티캡스,위탁관리,4,주식회사 인동,기타,위탁관리,천호서비스
A13407002,위탁관리,7,위탁관리,20,경진이앤지,위탁관리,5,삼우서비스,음식물쓰레기종량제,위탁관리,나라개발시스템
A13407104,위탁관리,21,위탁관리,42,예주산업(주),위탁관리,20,(주)듀델코리아,거점장비수거방식,위탁관리,삼우서비스(주)
A13407201,위탁관리,3,위탁관리,2,(주)가온종합관리,위탁관리,2,(유)와이번스,차량수거방식,위탁관리,(유)와이번스
A13407202,자치관리,5,자치관리,5,,위탁관리,4,(주)이오티앤디,음식물쓰레기종량제,위탁관리,주식회사 천호
A13407204,자치관리,9,위탁관리,15,웅산산업개발(주),위탁관리,5,(주)듀델코리아,음식물쓰레기종량제,위탁관리,대경방제개발(주)
A13408003,위탁관리,13,위탁관리,9,(주)상우시스템,위탁관리,18,(주)라포르,거점장비수거방식,위탁관리,(주)우원티엠
A13409001,자치관리,5,자치관리,2,,위탁관리,2,(주)승학,음식물쓰레기종량제,위탁관리,CH환경개발
A13410001,자치관리,4,위탁관리,5,(주)동아씨스템,위탁관리,3,(주)동아씨스템,차량수거방식,,
A13410002,위탁관리,5,위탁관리,4,(주)청담관리,위탁관리,5,(주)청담관리,음식물쓰레기종량제,위탁관리,(주)태양지앤씨
A13410003,위탁관리,5,위탁관리,6,(주)신화비엠씨,위탁관리,4,한빛티에스,음식물쓰레기종량제,위탁관리,동부이엔씨
A13410004,위탁관리,5,위탁관리,6,백송종합관리,위탁관리,5,대신관리,음식물쓰레기종량제,위탁관리,태양지앤씨
A13410005,위탁관리,6,위탁관리,6,유원종합관리(주),위탁관리,8,중림개발,거점장비수거방식,위탁관리,천호서비스
A13410006,위탁관리,6,위탁관리,6,(주)뉴맨테크,위탁관리,6,(주)주빌리씨앤에스,음식물쓰레기종량제,위탁관리,티엔크린(주)
A13410007,위탁관리,7,위탁관리,8,융성종합관리,위탁관리,8,융성종합관리,기타,위탁관리,휘성
A13410008,위탁관리,7,위탁관리,8,백송종합관리,위탁관리,9,(주)동아씨스템,음식물쓰레기종량제,위탁관리,(주)에스앤산업
A13410009,위탁관리,6,위탁관리,6,대한종합개발(주),위탁관리,5,대한종합개발(주),음식물쓰레기종량제,위탁관리,(주)뉴리빙크린
A13410010,위탁관리,6,위탁관리,6,(주)가온종합관리,위탁관리,5,(주)탄천산업,차량수거방식,위탁관리,(주)태은환경
A13410011,위탁관리,6,위탁관리,5,(주)태양삼차원환경,위탁관리,7,한빛티에스,음식물쓰레기종량제,위탁관리,(주)동부이엔피
A13410012,위탁관리,6,위탁관리,6,(주)미래테크윈,위탁관리,6,선우(주),차량수거방식,위탁관리,(주)한빛티에스
A13470101,자치관리,11,위탁관리,18,(주)경진이앤지,자치관리,10,,음식물쓰레기종량제,위탁관리,천호서비스
A13470102,위탁관리,4,자치관리(직영),3,,자치관리(직영),2,,음식물쓰레기종량제,위탁관리,
A13470104,위탁관리,2,위탁관리,2,크로스파워 주식회사,위탁관리,2,크로스파워 주식회사,거점장비수거방식,위탁관리,세평종합관리
A13470502,위탁관리,4,위탁관리,4,주)신현대관리,위탁관리,3,주)에코그린티엠,음식물쓰레기종량제,위탁관리,천호서비스
A13470503,자치관리,8,위탁관리,9,에코그린티엠,위탁관리,10,에코그린티엠,음식물쓰레기종량제,위탁관리,그린이앤에스 주식회사
A13470504,자치관리,1,위탁관리,4,광운티엠에스,위탁관리,1,광운티엠에스,차량수거방식,위탁관리,청청티엠에스
A13471501,위탁관리,5,위탁관리,5,국보종합관리(주),위탁관리,4,국보종합관리(주),거점장비수거방식,위탁관리,좋은서비스(주)
A13472201,위탁관리,3,위탁관리,2,(주)이오티앤디,위탁관리,1,(주)이오티앤디,음식물쓰레기종량제,위탁관리,(주)덕정환경
A13472701,위탁관리,17,위탁관리,57,국제안전시스템(주),위탁관리,23,선우환경관리(주),음식물쓰레기종량제,위탁관리,(주)삼우서비스
A13475001,자치관리,7,자치관리,3,,자치관리,2,,차량수거방식,위탁관리,
A13478601,위탁관리,8,위탁관리,11,(주)뉴멘테크,위탁관리,5,일신환경,음식물쓰레기종량제,위탁관리,서원씨에스
A13480401,위탁관리,5,위탁관리,6,(주)동익,위탁관리,5,(유)화이트시스템,음식물쓰레기종량제,위탁관리,(주)세평종합개발
A13480403,위탁관리,7,위탁관리,12,을지종합관리,위탁관리,8,,차량수거방식,위탁관리,
A13480803,위탁관리,3,위탁관리,4,태영건물종합관리(주),위탁관리,2,진성관리,음식물쓰레기종량제,위탁관리,청정티엠에스
A13481001,위탁관리(직영+위탁),1,위탁관리,3,덕진TMS(주),위탁관리,2,,음식물쓰레기종량제,위탁관리,
A13481305,자치관리,6,위탁관리,14,이오티앤디,위탁관리,7,에코그린,차량수거방식,위탁관리,밝은티에스
A13481802,위탁관리,4,위탁관리,4,웅산산업개발,위탁관리,2,토우에스이엠,음식물쓰레기종량제,위탁관리,청정크린환경
A13482505,위탁관리,8,위탁관리,9,(주)이데아그룹,위탁관리,6,(주) 다굼,음식물쓰레기종량제,위탁관리,(주)와이브씨스템
A13482603,위탁관리(직영+위탁),10,위탁관리(직영+위탁),13,,위탁관리,5,,차량수거방식,위탁관리,
A13482706,위탁관리,15,위탁관리,26,현대관리시스템,위탁관리,11,우원티엠,음식물쓰레기종량제,위탁관리,천호서비스
A13482801,위탁관리,2,위탁관리,4,(유)현대관리시스템,위탁관리,1,율산개발(유),음식물쓰레기종량제,위탁관리,휘성
A13483002,위탁관리,8,위탁관리,11,남경종합관리(주),위탁관리,8,남경종합관리(주),음식물쓰레기종량제,위탁관리,미래에이비엠(주)
A13483803,자치관리,5,자치관리,6,,자치관리,3,,음식물쓰레기종량제,위탁관리,이수환경
A13484003,위탁관리,2,위탁관리,4,한국보안,위탁관리,2,지엔비,기타,위탁관리,에이스시설관리(주)
A13484004,위탁관리,4,위탁관리,5,(주)동우라이프산업,위탁관리,3,(주)동우라이프산업,차량수거방식,위탁관리,(주)청정티엠에스
A13484102,자치관리,2,자치관리,4,,위탁관리,2,세움,차량수거방식,위탁관리,화성종합관리
A13484201,위탁관리,2,위탁관리,4,우진관리(주),위탁관리,2,이오티앤디,음식물쓰레기종량제,위탁관리,한일환경
A13484501,위탁관리,4,위탁관리,3,주식회사진성관리,위탁관리,2,,기타,위탁관리,
A13485301,위탁관리,7,위탁관리,6,에스케이쉴더스(주),위탁관리,7,(주)지앤비,차량수거방식,위탁관리,(주)다인서비스
A13485302,위탁관리,25,위탁관리,19,에스텍시스템,위탁관리,39,한강티에스,차량수거방식,위탁관리,다인서비스
A13485401,위탁관리,4,위탁관리,4,웅산산업개발(주),위탁관리,2,에이스시설관리,음식물쓰레기종량제,위탁관리,고양나무종합병원
A13486102,자치관리,2,자치관리(직영),3,,자치관리(직영),1,,거점장비수거방식,자치관리,
A13486401,위탁관리,2,위탁관리,2,(주)한얼관리,자치관리(직영),1,,기타,위탁관리,(주)한얼관리
A13486504,자치관리,5,자치관리,6,,자치관리,5,,음식물쓰레기종량제,위탁관리,
A13486601,자치관리,3,위탁관리,4,태영건물종합관리,위탁관리,1,진성관리,차량수거방식,위탁관리,ch환경개발
A13486701,위탁관리,2,위탁관리,4,남광개발(주),자치관리(직영),1,,음식물쓰레기종량제,위탁관리,(주)더자람
A13486703,위탁관리,2,위탁관리,2,세원종합관리,위탁관리,1,,음식물쓰레기종량제,위탁관리,
A13486705,위탁관리,2,위탁관리(직영+위탁),4,대한종합개발(주),위탁관리,2,(주)정화실업,음식물쓰레기종량제,위탁관리,(주)우원티엠
A13487102,자치관리,4,자치관리,2,,자치관리,2,,차량수거방식,위탁관리,
A13488104,위탁관리,7,위탁관리,10,하이리치자산관리(주),위탁관리,6,성화개발(주),차량수거방식,위탁관리,(주)태양지앤씨
A13501001,위탁관리,6,위탁관리,16,ADT캡스,위탁관리,10,,음식물쓰레기종량제,위탁관리,
A13501002,위탁관리,4,위탁관리,5,무림하우징,위탁관리,4,무림 하우징,차량수거방식,위탁관리,TH서비스
A13501004,위탁관리,6,위탁관리,8,세연종합관리,위탁관리,6,,음식물쓰레기종량제,위탁관리,
A13501006,위탁관리,5,위탁관리,6,국제안전시스템(주),위탁관리,5,인덕종합관리(주),차량수거방식,위탁관리,(주)제일종합관리
A13508001,자치관리,7,자치관리(직영),3,,위탁관리,3,,음식물쓰레기종량제,위탁관리,세스코
A13508002,위탁관리,4,위탁관리,5,홈스웰,위탁관리,2,한영디앤씨,음식물쓰레기종량제,위탁관리,태인이앤지
A13508003,위탁관리,4,위탁관리,6,국제경보산업(주),위탁관리,9,,음식물쓰레기종량제,위탁관리,
A13508004,위탁관리,4,위탁관리,4,엘림테크,위탁관리,2,,음식물쓰레기종량제,위탁관리,
A13508005,위탁관리,4,위탁관리,2,에코그린티엠,자치관리(직영),2,,음식물쓰레기종량제,자치관리(직영),
A13508006,위탁관리,5,위탁관리,7,세이프원(주),위탁관리,3,삼우서비스,음식물쓰레기종량제,위탁관리,대양디아이
A13508009,위탁관리,7,위탁관리,9,(주)시큐원,위탁관리,8,(주) 두원이엔씨,음식물쓰레기종량제,위탁관리,(주)굿에어테크
A13508010,위탁관리,8,위탁관리,4,홈스웰,위탁관리,5,우리관리주식회사,음식물쓰레기종량제,위탁관리,미래환경
A13508011,위탁관리,7,위탁관리,12,(주)듀델코리아,위탁관리,6,,음식물쓰레기종량제,위탁관리,
A13508012,위탁관리,5,위탁관리,7,(주)조은세이프,위탁관리,5,듀델코리아,음식물쓰레기종량제,위탁관리,(주)블루써브
A13509001,위탁관리,3,자치관리(직영),4,,위탁관리,2,에코그린,음식물쓰레기종량제,위탁관리,에코그린
A13509003,위탁관리,2,위탁관리,3,태경종합관리,위탁관리,2,(주)캠크린,음식물쓰레기종량제,위탁관리,(주)탑플러스
A13509004,위탁관리,4,자치관리(직영),5,,자치관리(직영),2,,음식물쓰레기종량제,위탁관리,(주)미래에이비엠
A13509005,위탁관리,5,위탁관리,7,(주)구일일무인경비시스템,위탁관리,4,(주)듀델코리아,음식물쓰레기종량제,위탁관리,(주)우원방제
A13509006,위탁관리,4,위탁관리,4,(주)경성종합관리,위탁관리,2,(wn)ebepfzhfldk,음식물쓰레기종량제,위탁관리,(주)청정티엠에스
A13509007,위탁관리,5,위탁관리,7,(주)한성안전,위탁관리,4,(주)한성안전,음식물쓰레기종량제,위탁관리,
A13509009,위탁관리,23,위탁관리,26,(주)에스텍시스템,위탁관리,19,(주)타워피엠씨,음식물쓰레기종량제,위탁관리,(주)블루써브
A13509010,위탁관리,8,위탁관리,15,SK쉘더스,위탁관리,11,이엠피서비스(주),음식물쓰레기종량제,위탁관리,(주)지산아이앤씨
A13509012,위탁관리,15,위탁관리,14,주)에스텍시스템,위탁관리,14,,음식물쓰레기종량제,위탁관리,
A13509101,위탁관리,7,위탁관리(직영+위탁),0,,위탁관리,2,성화개발(주),음식물쓰레기종량제,위탁관리,(주)21세기메니지먼트
A13510001,위탁관리,2,위탁관리(직영+위탁),2,(주)서일개발,위탁관리,2,(주)씨엠관리,음식물쓰레기종량제,자치관리,
A13510002,자치관리(직영),2,자치관리,3,,위탁관리,4,,차량수거방식,위탁관리,세스코
A13510003,위탁관리,4,위탁관리,4,덕진tms(주),위탁관리(직영+위탁),2,유원종합관리(주),음식물쓰레기종량제,위탁관리,한국종합방제
A13510005,위탁관리,7,위탁관리,34,삼우안전관리(유),위탁관리,7,나라개발시스템(주),음식물쓰레기종량제,위탁관리,나라개발시스템(주)
A13510006,위탁관리,4,위탁관리,4,한국보안컨설팅(주),위탁관리,4,명진종합관리,음식물쓰레기종량제,위탁관리,누리에이치앤디(주)
A13510007,위탁관리,7,위탁관리,12,(주)홈스웰,위탁관리,10,동진파트너스,음식물쓰레기종량제,위탁관리,대양디아이
A13510009,위탁관리,4,위탁관리,3,홈스웰,위탁관리,3,,음식물쓰레기종량제,위탁관리,
A13510102,위탁관리,5,위탁관리,5,주식회사 미래에이비엠,위탁관리,4,새롬에스앤씨(주),차량수거방식,위탁관리,정다운세상
A13510103,위탁관리,6,위탁관리,9,(주)홈스웰,위탁관리,4,두원에이앤씨,차량수거방식,위탁관리,청정티엠에스
A13510201,위탁관리,4,위탁관리,4,한국보안컨설팅(주),위탁관리,3,(주)세연종합관리,음식물쓰레기종량제,위탁관리,은광서비스(주)
A13510202,위탁관리,5,위탁관리,4,미래테크원,위탁관리,2,미래테크원,음식물쓰레기종량제,위탁관리,다빈환경
A13510203,위탁관리,4,위탁관리,2,한국보안컨설팅 주식회사,위탁관리,2,일신환경(주),차량수거방식,관리방식미정,
A13511001,자치관리,6,자치관리(직영),19,,위탁관리,4,굳모닝대양,음식물쓰레기종량제,위탁관리,굳모닝환경
A13511003,자치관리,11,자치관리,38,,위탁관리,12,듀델코리아,음식물쓰레기종량제,위탁관리,(주)굿모닝대양
A13511004,위탁관리,28,위탁관리,75,(유)와이번스안전관리시스템,위탁관리,23,(유)인동종합관리,기타,위탁관리,좋은서비스
A13511101,자치관리,8,자치관리,24,,위탁관리,8,,음식물쓰레기종량제,위탁관리,
A13511201,자치관리(직영),9,자치관리(직영),13,,위탁관리,5,(주)삼오종합관리,음식물쓰레기종량제,위탁관리,지산아이앤씨
A13519001,위탁관리,5,위탁관리,5,주식회사이데아,위탁관리,4,,음식물쓰레기종량제,위탁관리,
A13519002,위탁관리,6,위탁관리,5,듀델코리아,위탁관리,5,홈스웰,음식물쓰레기종량제,위탁관리,태양지앤씨
A13519003,위탁관리,6,위탁관리,4,(주)아이원서비스,위탁관리,4,,음식물쓰레기종량제,위탁관리,
A13519004,위탁관리,5,위탁관리,5,(주)이오티앤디,위탁관리,4,(주)이오티앤디,음식물쓰레기종량제,위탁관리,굿에어테크
A13519005,위탁관리,5,위탁관리,11,현대관리시스템,위탁관리,6,(주)다굼,음식물쓰레기종량제,위탁관리,태양지앤씨
A13519006,위탁관리,12,위탁관리,4,(주)에스원 강남,위탁관리,12,(주)유케이개발,차량수거방식,위탁관리,(주)동진엠엔에스
A13519007,위탁관리,11,위탁관리,6,두원에이앤씨,위탁관리,8,두원에이앤씨,음식물쓰레기종량제,위탁관리,태인이앤지
A13519008,위탁관리,9,위탁관리,4,(주)함께터,위탁관리,6,(주)청원종합관리,음식물쓰레기종량제,위탁관리,(주)지엘엠
A13520001,위탁관리,8,위탁관리,12,(주)지앤비,위탁관리,9,듀델코리아,음식물쓰레기종량제,위탁관리,에이스나무
A13520002,위탁관리,12,위탁관리,12,새롬종합관리,위탁관리,14,크린서비스,음식물쓰레기종량제,위탁관리,한빛티엣(주)
A13520003,위탁관리,17,위탁관리,9,경진이엔지,위탁관리,18,정화실업,음식물쓰레기종량제,위탁관리,(유)우원티엠
A13520004,위탁관리,5,위탁관리,4,(주)이엠피서비스,위탁관리,6,(주)이엠피서비스,음식물쓰레기종량제,위탁관리,대양디아이주식회사
A13522003,위탁관리,6,위탁관리,10,예주산업,위탁관리,4,(주)우창개발,음식물쓰레기종량제,위탁관리,(유)우원티엠
A13522004,위탁관리,8,위탁관리(직영+위탁),8,대한종합개발,위탁관리,6,티엔크린,음식물쓰레기종량제,위탁관리,티엔크린
A13522006,위탁관리,10,위탁관리,16,(주)듀델코리아,위탁관리,8,(주)태영이엔씨,음식물쓰레기종량제,위탁관리,(주)동진엠엔에스
A13522007,위탁관리,13,위탁관리,14,(유)현대관리시스템,위탁관리,9,(주)듀델코리아,음식물쓰레기종량제,위탁관리,(유)우원티엠
A13522008,자치관리(직영),16,위탁관리,16,(주)태영,위탁관리,5,(주)오케이시스템,차량수거방식,위탁관리,(주)태영
A13523001,위탁관리,4,위탁관리,2,,위탁관리,2,,음식물쓰레기종량제,위탁관리,(주)미래환경
A13523003,위탁관리,7,위탁관리,6,경진이엔지,자치관리(직영),4,,음식물쓰레기종량제,위탁관리,(주)동진엠엔에스
A13523004,자치관리,8,위탁관리,6,(주)911무인경비시스템,위탁관리,11,(주)두원에이앤씨,음식물쓰레기종량제,위탁관리,(주)태인이앤지
A13523005,위탁관리,6,위탁관리,16,(주)엘림테크,관리방식미정,0,,,위탁관리,강동에코텍
A13524004,자치관리,7,자치관리,20,,위탁관리,4,듀델코리아,차량수거방식,위탁관리,나라개발시스템
A13524005,자치관리,29,자치관리,16,,위탁관리,6,듀델코리아(주),음식물쓰레기종량제,위탁관리,(주)태양씨에스
A13524006,자치관리,8,위탁관리,22,남경종합관리(주),위탁관리,5,남경종합관리(주),음식물쓰레기종량제,위탁관리,크린플래닛
A13524009,위탁관리,11,위탁관리,28,남경종합관리(주),위탁관리,12,티엔크린(주),거점장비수거방식,위탁관리,(주)태강티엠에스
A13527001,위탁관리,3,위탁관리,2,(주)티비엠컨설팅,위탁관리,2,(주)티비엠컨설팅,차량수거방식,위탁관리,세한에스에이치
A13527002,자치관리,3,위탁관리,2,승학,위탁관리,1,(주)성우서비스,음식물쓰레기종량제,위탁관리,(주)굿에어테크
A13527004,위탁관리,4,위탁관리,6,(주)혜진종합관리,위탁관리,2,(유)우원티엠,음식물쓰레기종량제,위탁관리,에이스시설관리(주)
A13527005,위탁관리,3,위탁관리,2,미래엠앤에스,위탁관리(직영+위탁),2,(주)미래엠엔에스,차량수거방식,위탁관리,(주)거문환경
A13527006,자치관리,6,자치관리,6,,자치관리,2,,차량수거방식,위탁관리,다빈환경
A13527007,위탁관리,6,위탁관리,6,(주)세이프원,위탁관리,4,,음식물쓰레기종량제,위탁관리,
A13527008,위탁관리,6,위탁관리,5,삼우서비스,위탁관리,3,삼우서비스,음식물쓰레기종량제,위탁관리,나라개발(주)
A13527010,자치관리,5,자치관리,7,,위탁관리,4,(주)밝은티에스,음식물쓰레기종량제,위탁관리,(주)대양디아이
A13527011,위탁관리,12,위탁관리,15,에스텍시스템,위탁관리,10,우리관리(주),음식물쓰레기종량제,위탁관리,청정티엠에스
A13527013,위탁관리,8,위탁관리,18,이오티앤디(주),위탁관리,5,나라개발시스템,음식물쓰레기종량제,위탁관리,(주)와이브이시스템
A13527014,위탁관리,30,위탁관리,12,에스원,위탁관리,15,다우시스템,음식물쓰레기종량제,위탁관리,태양씨에스
A13527016,위탁관리,7,위탁관리(직영+위탁),20,,위탁관리,6,,음식물쓰레기종량제,위탁관리,
A13527017,위탁관리,62,위탁관리,31,새롬종합관리(주),위탁관리(직영+위탁),44,(주)타워피엠씨,음식물쓰레기종량제,위탁관리,(주)한국환경개발
A13527018,위탁관리,6,위탁관리,4,(주)아스타아이비에스,위탁관리,1,(주)아스타아이비에스,음식물쓰레기종량제,위탁관리,세한에스에이치
A13527019,위탁관리,6,위탁관리,6,(주)에스알피,위탁관리,5,(주)밝은티에스,음식물쓰레기종량제,위탁관리,새롬에스앤씨(주)
A13527203,위탁관리,25,위탁관리,41,(주)듀델코리아,위탁관리,35,한강티에스,음식물쓰레기종량제,위탁관리,다인서비스
A13528001,위탁관리,5,위탁관리,4,신대한관리,위탁관리,4,신대한관리,음식물쓰레기종량제,위탁관리,한솔환경
A13528003,위탁관리,9,위탁관리,16,듀델코리아,위탁관리,10,(주)에스씨월드,음식물쓰레기종량제,위탁관리,세영에이엔씨(주)
A13528004,자치관리,32,위탁관리,100,에스텍시스템(주),위탁관리,23,승인산업주식회사,음식물쓰레기종량제,위탁관리,에이스나무병원 주식회사
A13528005,위탁관리,7,위탁관리,5,에스씨관리주식회사,위탁관리,4,,음식물쓰레기종량제,위탁관리,
A13528007,위탁관리,5,위탁관리,4,(유)현대관리시스템,위탁관리,6,,음식물쓰레기종량제,위탁관리,
A13528102,위탁관리,8,위탁관리,11,미래환경,위탁관리,13,(주)신화비엠씨,음식물쓰레기종량제,위탁관리,한빛티에스
A13528103,위탁관리,10,위탁관리,36,(주)에스원,위탁관리,13,태영건물종합관리(주),음식물쓰레기종량제,위탁관리,(주)한영방제
A13528105,위탁관리,17,위탁관리,84,(주)국제안전시스템,위탁관리,11,(주)에코그린티엠,음식물쓰레기종량제,위탁관리,나라개발시스템(주)
A13550403,위탁관리,7,위탁관리,6,(주)새롬종합관리,위탁관리,5,(주)뉴맨테크,거점장비수거방식,위탁관리,(주)와이브이시스템
A13550502,위탁관리,9,위탁관리,10,경진이앤지,위탁관리,7,(주)듀델코리아,음식물쓰레기종량제,위탁관리,대양디아이(주)
A13550701,위탁관리,5,위탁관리,7,(주)넘버원시큐리티,위탁관리,6,(유)우원티엠,거점장비수거방식,위탁관리,청정티엠에스
A13551103,자치관리,17,자치관리,50,,자치관리,11,,음식물쓰레기종량제,위탁관리,
A13552001,위탁관리,9,위탁관리,15,원앤원(주),위탁관리,5,원앤원(주),음식물쓰레기종량제,위탁관리,천호서비스(주)
A13552002,위탁관리,9,위탁관리,8,한국보안,위탁관리,11,(주)이지종합관리,음식물쓰레기종량제,위탁관리,성산산업개발
A13570501,위탁관리,11,위탁관리,9,세이프원,위탁관리,13,태영건물종합관리,음식물쓰레기종량제,위탁관리,대양디아이
A13572601,자치관리,7,위탁관리,4,(주)비졘에프엠에스코리아,위탁관리,5,주)비졘에프엠에스코리아,음식물쓰레기종량제,위탁관리,(주)대성이엔브이
A13579501,위탁관리,6,위탁관리,6,(주)푸른안전산업,위탁관리,4,(유)와이번스안전관리시스템,음식물쓰레기종량제,위탁관리,유한회사 탄천산업
A13579503,위탁관리,2,위탁관리,2,(주)태영E&C,위탁관리,2,무림하우징,음식물쓰레기종량제,위탁관리,kcs비젼
A13579504,위탁관리,6,자치관리(직영),3,,자치관리(직영),4,,음식물쓰레기종량제,위탁관리,늘푸른환경
A13579505,위탁관리,6,위탁관리,6,KT텔레캅(주),위탁관리,6,(주)두원에이앤씨,차량수거방식,위탁관리,나라개발시스템(주)
A13579506,위탁관리,5,위탁관리,4,새롬씨큐리티(주),위탁관리,4,새롬에스앤씨(주),음식물쓰레기종량제,위탁관리,(주)한빛티에스
A13580001,위탁관리,5,위탁관리,8,서림주택관리,위탁관리,3,(주)국보통합관리,차량수거방식,위탁관리,미래환경
A13580002,위탁관리,5,위탁관리,7,(주)두원에이앤씨,자치관리(직영),3,,음식물쓰레기종량제,위탁관리,(주)미래환경
A13580602,위탁관리,8,위탁관리,26,엘림테크,위탁관리,7,화이트,음식물쓰레기종량제,위탁관리,나라개발
A13582002,자치관리,7,위탁관리,15,(주)피누스이앤씨,위탁관리,4,주식회사 피누스이앤씨,음식물쓰레기종량제,위탁관리,대양디아이주식회사
A13583301,위탁관리,3,위탁관리,3,한국보안컨설틷,위탁관리,2,이데아그룹,음식물쓰레기종량제,위탁관리,한국종합방제
A13583402,위탁관리,7,위탁관리,8,주식회사HMC,위탁관리,5,(주)대신관리,차량수거방식,위탁관리,(주)휘성
A13583403,위탁관리,7,위탁관리,12,(주)이엠피서비스,위탁관리,8,(주)에엠피서비스,음식물쓰레기종량제,위탁관리,대양디아이
A13583404,위탁관리,9,위탁관리,22,이오티앤디,위탁관리,8,한국관제종합상사,음식물쓰레기종량제,위탁관리,대양디아이주식회사
A13583507,위탁관리,35,위탁관리,94,(주)현대관리시스템,위탁관리,46,,음식물쓰레기종량제,위탁관리,
A13583604,위탁관리,15,위탁관리,33,(주)현장종합관리,위탁관리,9,(주) 티엠플러스,음식물쓰레기종량제,위탁관리,(주)태양씨에스
A13583701,위탁관리,8,위탁관리,8,한국주택시설관리(주),위탁관리,7,한국주택시설관리,거점장비수거방식,위탁관리,거문환경
A13584101,위탁관리,5,위탁관리,9,(주)세이프원,위탁관리,3,(주)세이프원,음식물쓰레기종량제,위탁관리,(주)굿에어테크
A13585401,위탁관리,3,위탁관리,4,웅산산업개발(주),위탁관리,2,(주)태양삼차원환경,음식물쓰레기종량제,위탁관리,동서환경(주)
A13585402,위탁관리,44,위탁관리,22,주식회사에스텍시스템,위탁관리,28,태영종합관리,음식물쓰레기종량제,위탁관리,한국환경
A13585403,위탁관리,28,위탁관리,15,(주)에스텍시스템,위탁관리,18,(주)타워씨앤에스,음식물쓰레기종량제,위탁관리,한국환경개발
A13585404,자치관리,5,위탁관리,5,(주)시큐원,위탁관리,6,(주)YH INO,음식물쓰레기종량제,위탁관리,블루써브
A13585804,위탁관리,12,위탁관리,42,(주)혜진종합관리,위탁관리,12,일신환경,음식물쓰레기종량제,위탁관리,(주)와이브이시스템
A13586101,자치관리,3,자치관리,2,,위탁관리,2,,차량수거방식,위탁관리,거문환경
A13586102,위탁관리,4,위탁관리,4,,위탁관리,1,,음식물쓰레기종량제,위탁관리,
A13587603,자치관리,9,자치관리,9,,자치관리,7,,음식물쓰레기종량제,위탁관리,청수이엔씨
A13588402,위탁관리,8,위탁관리,13,경진이앤지(주),위탁관리,4,㈜에스제이두웰,음식물쓰레기종량제,위탁관리,세영에이엔씨㈜
A13588601,위탁관리,5,위탁관리,4,(주)가온종합관리,위탁관리,4,(주)가온종합관리,음식물쓰레기종량제,위탁관리,(주)21세기매니지먼트
A13589802,자치관리,35,위탁관리,98,이엠피,위탁관리,35,(유)원광,,위탁관리,
A13590204,자치관리,11,자치관리,33,,위탁관리,12,효명종합관리,음식물쓰레기종량제,위탁관리,덕정환경
A13590602,자치관리,10,자치관리,16,,위탁관리,6,우원방재,거점장비수거방식,위탁관리,태강티엠에스
A13591402,위탁관리,4,위탁관리,4,듀델코리아,위탁관리,2,,차량수거방식,위탁관리,
A13592002,위탁관리,7,자치관리,4,,자치관리,5,,음식물쓰레기종량제,위탁관리,
A13592601,위탁관리,6,위탁관리,7,(주)세이프원,위탁관리,6,대주에이치알,차량수거방식,위탁관리,성산산업개발
A13592604,위탁관리,8,위탁관리,4,(주)듀델코리아,위탁관리,8,(주)나라개발,음식물쓰레기종량제,위탁관리,(주)그린앤크린
A13592605,위탁관리,8,위탁관리,10,(주)케이티팝스,위탁관리,8,,음식물쓰레기종량제,위탁관리,
A13592706,위탁관리,11,위탁관리,11,(주)경진이엔지,위탁관리,10,(주)삼일시스템,음식물쓰레기종량제,위탁관리,새롬에스앤씨
A13593801,위탁관리,8,위탁관리,16,케이티텔레캅 주식회사,위탁관리,8,(주)삼우서비스,음식물쓰레기종량제,위탁관리,(주)천호서비스
A13593802,위탁관리,11,위탁관리,24,(주)삼대개발,위탁관리,19,삼대개발외 2개사,음식물쓰레기종량제,위탁관리,와이브이시스템
A13593901,자치관리,6,위탁관리,7,(주)에스텍시스템,위탁관리,4,(주)한얼관리,음식물쓰레기종량제,위탁관리,(주)한얼관리
A13593908,위탁관리,9,위탁관리,15,예주산업(주),위탁관리,8,선우환경관리(주),음식물쓰레기종량제,위탁관리,(주)굿에어테크
A13594007,위탁관리,7,위탁관리,12,(주)경진이엔지,위탁관리,7,(주)우인성업,음식물쓰레기종량제,위탁관리,(주)천호서비스
A13594203,위탁관리,9,위탁관리,31,국보종합관리,위탁관리,8,듀델코리아,음식물쓰레기종량제,위탁관리,와이브시스템
A13594403,자치관리,9,자치관리,13,,위탁관리,9,,음식물쓰레기종량제,위탁관리,
A13594701,자치관리,8,자치관리,9,,위탁관리,7,삼우안전관리,음식물쓰레기종량제,위탁관리,휘성
A13594702,위탁관리,8,위탁관리,14,(유)두원에이엔씨,위탁관리,7,(주)효명종합관리,음식물쓰레기종량제,위탁관리,(주)그린앤크린
A13599301,자치관리,12,자치관리(직영),18,,위탁관리,8,유원관리(주),음식물쓰레기종량제,위탁관리,한일환경
A13599303,위탁관리,12,위탁관리,19,(주) 백송종합관리,위탁관리,10,(주)이엠피서비스,차량수거방식,위탁관리,하나환경(주)
A13599402,위탁관리,13,위탁관리,14,(주)국제안전시스템,위탁관리,9,유원종합관리(주),음식물쓰레기종량제,위탁관리,한일환경
A13603401,위탁관리,4,위탁관리,4,,위탁관리,3,,음식물쓰레기종량제,위탁관리,
A13603501,위탁관리,4,위탁관리,2,(주)크린서비스,위탁관리,3,(주)라포르,음식물쓰레기종량제,위탁관리,(주)굿에어테크
A13603701,위탁관리,5,위탁관리,10,남경종합관리(주),위탁관리,4,남경종합관리,음식물쓰레기종량제,위탁관리,태강티엠에스
A13603702,위탁관리,4,위탁관리,4,국보종합관리,위탁관리,2,(주)청아시스템,차량수거방식,위탁관리,청정티엠에스
A13604301,위탁관리,3,위탁관리,2,(주)이오티앤디,위탁관리,1,(주)에스제이종합,음식물쓰레기종량제,위탁관리,(주)한솔이앤씨
A13604401,자치관리,4,자치관리,5,,자치관리,3,,차량수거방식,위탁관리,굿모닝환경
A13606002,위탁관리,4,위탁관리,4,(주)인동,위탁관리,4,(주)두원에이앤씨,차량수거방식,위탁관리,(주)휘성
A13606003,위탁관리,7,위탁관리,10,투엠에스엘,위탁관리,8,주식회사인동,차량수거방식,위탁관리,(주)좋은서비스
A13606004,위탁관리,36,위탁관리,66,(주)조현시스템,위탁관리,38,숭인산업,음식물쓰레기종량제,위탁관리,(주)나라개발시스템
A13606005,위탁관리,4,위탁관리,4,인동종합관리,위탁관리,2,인동종합관리,차량수거방식,위탁관리,성우서비스
A13606101,위탁관리,5,위탁관리,7,(주)청담관리,위탁관리,4,예주산업(주),음식물쓰레기종량제,위탁관리,(주)다빈환경
A13606102,위탁관리,6,위탁관리,5,현대시스템,위탁관리,4,(유)우원티엠,음식물쓰레기종량제,위탁관리,(주)한빛티에스
A13606105,위탁관리,3,위탁관리,2,(주)청담관리,위탁관리,2,(주)청담관리,음식물쓰레기종량제,위탁관리,(주)이수환경공사
A13606106,위탁관리,5,위탁관리,3,(주)청담관리,위탁관리,2,(주)청담관리,음식물쓰레기종량제,위탁관리,(주)이수환경공사
A13606107,위탁관리,10,위탁관리,16,(주)예주산업,위탁관리,11,(주)라포르,음식물쓰레기종량제,위탁관리,(주)태은환경
A13606201,위탁관리,10,위탁관리,10,대한종합관리(주),위탁관리,9,주식회사 라포르,음식물쓰레기종량제,위탁관리,(주)굿에어테크
A13607101,위탁관리,6,위탁관리,4,삼우안전관리 (주),위탁관리,7,듀델코리아,음식물쓰레기종량제,위탁관리,휘성
A13607301,자치관리,3,자치관리,6,,자치관리,2,,차량수거방식,위탁관리,우미소독
A13607302,자치관리,3,위탁관리,4,엘림에스 주식회사,위탁관리,3,(유)화이트시스템,차량수거방식,위탁관리,(주)대청그린웍스
A13608301,위탁관리,4,위탁관리,6,와이번스안전관리시스템,위탁관리,4,(유)우원티엠,음식물쓰레기종량제,위탁관리,(주)덕정환경
A13608401,위탁관리,4,위탁관리,2,(주)무림하우징,위탁관리,3,,음식물쓰레기종량제,위탁관리,
A13608601,위탁관리,3,위탁관리,4,(주)신성티엠,위탁관리,2,(주)신성티엠,차량수거방식,위탁관리,대청그린
A13609001,위탁관리,4,관리방식미정,0,,위탁관리,3,태영건물종합관리주식회사,차량수거방식,위탁관리,주식회사 굿에어테크
A13610001,위탁관리,1,위탁관리,2,현대관리시스템,자치관리,2,,음식물쓰레기종량제,위탁관리,청정티엠에스
A13610003,위탁관리,4,위탁관리,4,(주)국제안전시스템,위탁관리,2,(주)피케이와이,음식물쓰레기종량제,위탁관리,한국종합방제
A13610004,자치관리,2,자치관리,2,,자치관리,2,,음식물쓰레기종량제,위탁관리,
A13610005,위탁관리,6,위탁관리,5,(주)한국경영관리,위탁관리,7,인동종합관리,차량수거방식,위탁관리,에스앤산업
A13610007,위탁관리,14,위탁관리,24,(주)태양삼차원,위탁관리,19,(주)주원그린,음식물쓰레기종량제,위탁관리,(주)칼라즈
A13610102,위탁관리,6,위탁관리,11,혜진종합관리,위탁관리,2,혜짐종합관리,음식물쓰레기종량제,위탁관리,국보종합관리
A13610103,위탁관리,4,위탁관리,5,삼우안전관리,위탁관리,4,주식회사 태은환경,음식물쓰레기종량제,위탁관리,동진엠엔에스
A13610107,위탁관리,7,위탁관리,16,경진이앤지(주),위탁관리,7,(주)삼일공사,차량수거방식,위탁관리,(주)에스앤산업
A13610201,위탁관리,2,위탁관리,2,신현대관리,위탁관리,2,신현대관리,음식물쓰레기종량제,위탁관리,리빙크린
A13610202,위탁관리,5,위탁관리,3,원광,위탁관리,5,듀델코리아,음식물쓰레기종량제,위탁관리,라이프티엠
A13610301,위탁관리,4,위탁관리,3,듀델코리아,위탁관리,2,피누스이앤씨,음식물쓰레기종량제,위탁관리,라이프티엠
A13611001,위탁관리,2,위탁관리,2,(주)듀델코리아,위탁관리,1,(주)듀델코리아,차량수거방식,위탁관리,새롬에스앤씨(주)
A13611002,위탁관리,3,위탁관리,2,가온종합관리,위탁관리,2,,음식물쓰레기종량제,위탁관리,
A13611004,위탁관리,6,위탁관리,12,예주산업,위탁관리,6,(주)유현종합관리,차량수거방식,위탁관리,(주)청정티엠에스
A13611005,위탁관리,9,위탁관리,8,(유)와이번스보안관리시스템,위탁관리,11,(유)우원티엠,차량수거방식,위탁관리,삼우안전관리
A13611006,위탁관리,11,위탁관리,28,태영건물종합관리,위탁관리,13,(주)진성관리,차량수거방식,위탁관리,(주)와이브이시스템
A13611007,위탁관리,14,위탁관리,29,(주)혜진종합관리,위탁관리,16,예주산업,차량수거방식,위탁관리,
A13611008,위탁관리,12,위탁관리,14,(주)국제안전시스템,위탁관리,15,우원티엠,거점장비수거방식,위탁관리,동명환경
A13611011,위탁관리,10,위탁관리,10,한국보안컨설팅(주),위탁관리,10,,차량수거방식,위탁관리,
A13611102,위탁관리,5,위탁관리,2,(주)듀델코리아,위탁관리,1,(주)듀델코리아,차량수거방식,위탁관리,새롬에스앤씨(주)
A13611103,위탁관리,9,위탁관리,0,,위탁관리,11,,음식물쓰레기종량제,위탁관리,
A13611201,위탁관리,5,위탁관리,6,(주)아주관리,위탁관리,7,태영건물종합관리(주),음식물쓰레기종량제,위탁관리,(주)진성관리
A13611202,위탁관리,11,위탁관리,17,인덕종합관리(주),위탁관리,15,(주)에코그린티엠,음식물쓰레기종량제,위탁관리,(주)태양지앤씨
A13612001,자치관리,3,자치관리,4,,자치관리,2,,기타,위탁관리,(주)한국종합방제
A13612002,위탁관리,11,위탁관리,12,(주)승학,위탁관리,12,주)굿모닝대양,음식물쓰레기종량제,위탁관리,세움(주)
A13613001,자치관리,4,자치관리,3,,자치관리,2,,음식물쓰레기종량제,위탁관리,한국종합환경컨설팅
A13613002,위탁관리,3,위탁관리,1,신웅,위탁관리,1,,음식물쓰레기종량제,위탁관리,
A13613003,위탁관리,3,위탁관리,2,(주)리드원종합관리,위탁관리,1,(주)정다운세상,음식물쓰레기종량제,위탁관리,(주)태원에이엠
A13613004,위탁관리,5,위탁관리,9,(주)아주관리,위탁관리,4,(주)케이비아주,음식물쓰레기종량제,위탁관리,(주)휘성
A13613005,자치관리,7,위탁관리,6,에스큐 시스텍,위탁관리,7,에스큐 시스텍,음식물쓰레기종량제,위탁관리,성산종합개발
A13613006,위탁관리,9,위탁관리,5,남경종합관리(주),위탁관리,7,듀델코리아(주),음식물쓰레기종량제,위탁관리,(주)태강티엠에스
A13613007,위탁관리,10,위탁관리,10,(유)현대관리시스템,위탁관리,15,(주)한강티에스,음식물쓰레기종량제,위탁관리,(주)한빛티에스
A13613008,위탁관리,14,위탁관리,20,(주)조현시스템,위탁관리,17,(주) 다굼,차량수거방식,위탁관리,나라개발시스템(주)
A13613009,위탁관리,7,위탁관리,6,인덕종합관리(주),위탁관리,6,인덕종합관리(주),음식물쓰레기종량제,위탁관리,라이프티엠
A13613010,위탁관리,4,위탁관리,3,에스제이,위탁관리,3,에스제이,음식물쓰레기종량제,위탁관리,진도프로인
A13613011,위탁관리,7,위탁관리,8,인덕종합관리(주),위탁관리,4,인덕종합관리(주),음식물쓰레기종량제,위탁관리,(주)청정티엠에스
A13613012,위탁관리,5,위탁관리,4,주식회사 동우개발,위탁관리,2,주식회사 동우개발,음식물쓰레기종량제,위탁관리,청정타엠에스
A13613201,위탁관리,5,위탁관리,4,혜진종합관리,위탁관리,4,(주)태양삼차원,차량수거방식,위탁관리,티엔크린
A13614001,위탁관리,6,위탁관리,6,삼우안전관리(주),위탁관리,7,태강티엠에스,음식물쓰레기종량제,위탁관리,태영종합관리(주)
A13614301,위탁관리,3,위탁관리,3,SJ종합,위탁관리,2,,음식물쓰레기종량제,위탁관리,
A13614302,위탁관리,4,위탁관리,6,(주)국제안전시스템,위탁관리,4,(주)인동,음식물쓰레기종량제,위탁관리,(주)휘성
A13615002,위탁관리,4,위탁관리,6,와이번스안전관리시스템,위탁관리,5,주원그린,음식물쓰레기종량제,위탁관리,우원티엠
A13615003,위탁관리,16,위탁관리,30,(주)두원에이앤씨,위탁관리,19,이데아그룹,차량수거방식,위탁관리,(주)지산아이앤씨
A13670801,위탁관리,6,위탁관리,4,한국보안컨설팅,위탁관리,4,인덕종합관리(주),음식물쓰레기종량제,위탁관리,(주)청정TMS
A13671203,위탁관리,4,위탁관리,2,(주)신성티엠,위탁관리,3,,차량수거방식,위탁관리,
A13671204,위탁관리,7,위탁관리,7,주식회사 청담관리,위탁관리,8,(주)두원에이엔씨,차량수거방식,위탁관리,나라개발
A13671205,위탁관리,10,위탁관리(직영+위탁),14,에스원,위탁관리,15,(주)세이프원,차량수거방식,위탁관리,동진엠엔에스
A13671206,위탁관리,6,위탁관리,6,(주)한영파트너스에프에이치,위탁관리,6,(주)에코그린티엠,차량수거방식,위탁관리,티엔크린(주)
A13671207,위탁관리,4,위탁관리,3,국제안전시스템,위탁관리,2,,차량수거방식,위탁관리,
A13671208,위탁관리,9,위탁관리,10,(주)동남시큐리티,위탁관리,11,,음식물쓰레기종량제,위탁관리,
A13671209,위탁관리,8,위탁관리,8,한국보안컨설팅(주),위탁관리,9,(주)동아시스템,차량수거방식,위탁관리,와이브이시스템
A13671210,위탁관리,4,위탁관리,4,(주)이오티앤디,위탁관리,2,,음식물쓰레기종량제,위탁관리,
A13671211,위탁관리,3,위탁관리,,(주)재인지엔에스,위탁관리,1,(주)상우시스템,거점장비수거방식,위탁관리,(주)해솔
A13671212,위탁관리,3,,,,위탁관리,2,(주)삼민,차량수거방식,위탁관리,(주)더죤환경
A13671213,위탁관리,5,위탁관리,4,(주)에코그린티엠,위탁관리,4,인덕종합관리,차량수거방식,위탁관리,굿에어테크
A13672101,위탁관리,12,위탁관리,10,(주)홈스웰,위탁관리,12,효명종합관리(주),음식물쓰레기종량제,위탁관리,동부이엔피(주)
A13672102,위탁관리,5,위탁관리,5,씨큐원,위탁관리,3,위더스엔(주),음식물쓰레기종량제,위탁관리,티엔크린(주)
A13676101,자치관리,6,위탁관리,5,백송종합개발(주),위탁관리,4,(주)대온종합관리,음식물쓰레기종량제,위탁관리,삼우안전관리(주)
A13676103,위탁관리,3,위탁관리(직영+위탁),2,(주)국제안전시스템,자치관리(직영),2,,차량수거방식,위탁관리,(주)청정티엠에스
A13676501,위탁관리,3,위탁관리,2,(주)혜진종합관리,위탁관리,2,(주)유현종합관리,음식물쓰레기종량제,위탁관리,주식회사 한빛티에스
A13676504,위탁관리,5,위탁관리,4,(주)태양삼차원,위탁관리,4,(주)태양삼차원,음식물쓰레기종량제,위탁관리,(주)다빈환경
A13676605,위탁관리,6,위탁관리,6,(주)희망코리아,위탁관리,5,(주)에코그린티엠,음식물쓰레기종량제,위탁관리,동진엠엔에스
A13676702,위탁관리,6,위탁관리,7,(주)혜진종합관리,위탁관리,8,(주)주원그린,음식물쓰레기종량제,위탁관리,휘성
A13676703,위탁관리,7,위탁관리,8,(주)혜진종합관리,위탁관리,8,,음식물쓰레기종량제,위탁관리,
A13676704,위탁관리,3,위탁관리,2,삼대개발(주),위탁관리,2,삼대개발(주),음식물쓰레기종량제,위탁관리,하나환경(주)
A13677101,위탁관리,6,위탁관리,5,에스원,위탁관리,6,(주)에코그린티엠,음식물쓰레기종량제,위탁관리,(주)청정티엠에스
A13677206,자치관리,7,자치관리(직영),10,,위탁관리,8,엘림에스,음식물쓰레기종량제,위탁관리,지산아이엔씨
A13677401,위탁관리,5,위탁관리,6,(주)승학,위탁관리,5,,음식물쓰레기종량제,위탁관리,
A13677807,위탁관리,3,위탁관리,4,(주)혜진종합관리,자치관리(직영),2,,음식물쓰레기종량제,위탁관리,
A13678401,위탁관리,4,위탁관리,2,(주)선우환경관리,위탁관리,2,선우환경관리주식회사,음식물쓰레기종량제,위탁관리,진도프로인
A13679402,위탁관리,3,위탁관리,2,태림주택종합관리,위탁관리,1,태강티엠에스,차량수거방식,,
A13679403,위탁관리,5,위탁관리,5,(주)한영 Partners FH,위탁관리,5,태영건물종합관리(주),음식물쓰레기종량제,위탁관리,(주)국보종합관리
A13679902,위탁관리,2,위탁관리,3,(주)승학,위탁관리,2,(주)주원그린,거점장비수거방식,위탁관리,초록나무
A13679903,위탁관리,4,위탁관리,4,홈스웰,위탁관리,2,홈스퉬,음식물쓰레기종량제,위탁관리,태강티엠에스
A13680701,위탁관리,2,위탁관리,2,태영건물종합관리(주),위탁관리,3,태영건물종합관리(주),음식물쓰레기종량제,위탁관리,주식회사 굿에어테크
A13681303,위탁관리,6,위탁관리,7,듀델코리아,위탁관리,5,(주)신현대관리,차량수거방식,위탁관리,(주)거문환경
A13681304,위탁관리,6,위탁관리,5,이데아그룹,위탁관리,5,두원에이앤씨,차량수거방식,위탁관리,(주)휘성
A13681701,위탁관리,4,위탁관리,4,남경종합관리(주),위탁관리,3,태강티엠에스,음식물쓰레기종량제,위탁관리,태강티엠에스
A13684306,위탁관리,7,위탁관리,8,동익(주),위탁관리,8,(유)유원티엠,음식물쓰레기종량제,위탁관리,(주)청정티엠에스
A13684605,위탁관리,6,위탁관리,6,경진이앤지,위탁관리,6,(주)삼일공사,차량수거방식,위탁관리,(주)에스앤산업
A13684701,위탁관리,4,위탁관리,5,(주)신화비엠씨,위탁관리,2,(주)신화비엠씨,차량수거방식,위탁관리,(주)한빛티에스
A13685104,위탁관리,5,위탁관리,4,남경종합관리(주),위탁관리,5,(주)태강티엠에스,거점장비수거방식,위탁관리,(주)태강티엠에스
A13686302,위탁관리,11,위탁관리,8,백송종합관리,위탁관리,12,태영종합관리,음식물쓰레기종량제,위탁관리,태영건물종합
A13703011,위탁관리,5,위탁관리,4,향우종합관리,위탁관리,5,청아시스템,음식물쓰레기종량제,위탁관리,한빛티에스
A13703019,위탁관리,6,위탁관리,8,경진이앤지(주),위탁관리,8,탄천산업,음식물쓰레기종량제,위탁관리,한빛
A13703027,위탁관리,8,위탁관리,18,(주)조현시스템,위탁관리,9,승인산업(주),음식물쓰레기종량제,위탁관리,좋은서비스
A13704101,자치관리,4,자치관리,6,한얼관리,위탁관리,3,,차량수거방식,위탁관리,
A13704104,위탁관리,51,위탁관리,55,(주)듀델코리아,위탁관리,65,삼우서비스(주),음식물쓰레기종량제,위탁관리,(주)좋은서비스
A13704404,위탁관리,14,위탁관리,31,삼우안전관리,위탁관리,11,(유)탄천산업,음식물쓰레기종량제,위탁관리,(주)한빛티에스
A13706001,자치관리,5,자치관리,4,,자치관리,4,,음식물쓰레기종량제,위탁관리,지산아이앤씨
A13706302,위탁관리,5,위탁관리,4,(유)탄천산업,위탁관리,5,(유)탄천산업,음식물쓰레기종량제,위탁관리,(유)탄천산업
A13706303,위탁관리,4,위탁관리,6,한국보안컨설팅(주),위탁관리,3,위더스앤,음식물쓰레기종량제,위탁관리,성우서비스
A13707002,위탁관리,3,위탁관리,5,남경종합관리,위탁관리,2,남경종합관리,음식물쓰레기종량제,위탁관리,씨엠에스글로벌
A13707003,자치관리,4,자치관리(직영),2,,자치관리(직영),1,,,위탁관리,
A13707006,위탁관리,5,위탁관리,6,홈스웰,위탁관리,5,홈스웰,차량수거방식,위탁관리,블루써브
A13707009,위탁관리,4,위탁관리,4,(주)홈스웰,위탁관리,4,(주)홈스웰,음식물쓰레기종량제,위탁관리,동진엠앤에수
A13707010,위탁관리,6,위탁관리,3,삼우안전관리 유한책임회사,위탁관리,4,삼우안전관리 유한책임회사,음식물쓰레기종량제,위탁관리,플러스에코(주)
A13707016,자치관리,6,자치관리,4,,위탁관리,6,,음식물쓰레기종량제,위탁관리,
A13707203,위탁관리,4,위탁관리,4,(주)홈스웰,자치관리,3,,음식물쓰레기종량제,위탁관리,의창개발
A13713001,위탁관리,3,위탁관리,2,원앤원산업개발,위탁관리,3,원앤원산업개발,음식물쓰레기종량제,위탁관리,(주)동진엠엔에스
A13713002,위탁관리,5,위탁관리,4,(주)더지엠에스,위탁관리,5,엘림에스유한책임회사,음식물쓰레기종량제,위탁관리,동진엠엔에스
A13716001,위탁관리,4,위탁관리,2,아이원,위탁관리,5,,음식물쓰레기종량제,위탁관리,
A13716002,위탁관리,5,위탁관리,4,(주)홈스웰,위탁관리,7,(주)듀델코리아,음식물쓰레기종량제,위탁관리,
A13716003,위탁관리,5,위탁관리,3,에이스엠,위탁관리,7,국보종합관리,음식물쓰레기종량제,위탁관리,(주)삼정환경
A13718001,위탁관리,13,위탁관리,7,세이프원,위탁관리,15,(주)한강티에스,음식물쓰레기종량제,위탁관리,지엘엠
A13770105,위탁관리,5,위탁관리,8,(주)엘림테크,위탁관리,5,화이트시스템,음식물쓰레기종량제,위탁관리,(주)굿에어테크
A13770607,위탁관리,5,위탁관리,3,듀델코리아,위탁관리,3,와이번스,음식물쓰레기종량제,위탁관리,크린크로스
A13770608,위탁관리,8,위탁관리,6,광인산업(주),위탁관리,4,(주)청아시스템,음식물쓰레기종량제,위탁관리,다인서비스
A13770609,위탁관리,19,위탁관리,25,에스원,위탁관리,24,,거점장비수거방식,위탁관리,
A13770610,위탁관리,7,위탁관리,13,(주)에스원,위탁관리,6,(주)지앤지,기타,위탁관리,(주)좋은서비스
A13770611,자치관리,5,위탁관리,4,삼우안전관리 유한책임회사,위탁관리,5,삼우안전관리 유한책임회사,음식물쓰레기종량제,위탁관리,탑플러스
A13770801,위탁관리,3,자치관리,2,,자치관리(직영),1,,음식물쓰레기종량제,자치관리,
A13771001,위탁관리,11,위탁관리,4,(주)케이비아주,위탁관리,11,(주)케이비아주,거점장비수거방식,위탁관리,동진엠엔에스
A13771601,위탁관리,6,위탁관리,6,(주)신화비엠씨,위탁관리,9,(주)홈스웰,음식물쓰레기종량제,위탁관리,(주)블루써브
A13772801,위탁관리,5,위탁관리,5,웅산산업주식회사,위탁관리,4,엘림에스(주),음식물쓰레기종량제,위탁관리,씨에스엠글로벌(주)
A13775102,자치관리,14,자치관리,2,,자치관리,4,,음식물쓰레기종량제,위탁관리,
A13776301,위탁관리,14,위탁관리,13,(주)에스원,위탁관리,15,우원티엠,음식물쓰레기종량제,위탁관리,태양씨에스
A13776508,위탁관리,4,자치관리,6,,자치관리,2,,거점장비수거방식,위탁관리,
A13776509,위탁관리,45,위탁관리,46,주식회사 에스텍시스템,위탁관리,50,태영건물종합관리(주),음식물쓰레기종량제,위탁관리,(주)다인서비스
A13776510,위탁관리,6,위탁관리,5,(주)혜진종합관리,위탁관리,6,(주)동아씨스템,거점장비수거방식,위탁관리,(주)와이브이시스템
A13778201,위탁관리,5,위탁관리,3,상우시스템,위탁관리,3,상우시스템,음식물쓰레기종량제,위탁관리,동진엠엔에스
A13778202,위탁관리,6,위탁관리,14,(주)이데야그룹,위탁관리,6,(주)이데아그룹,음식물쓰레기종량제,위탁관리,동진엠엔에스
A13778203,위탁관리,5,위탁관리,2,(주)상우시스템,위탁관리,3,,음식물쓰레기종량제,위탁관리,
A13778204,위탁관리,10,위탁관리,5,코리아이지텔,위탁관리,17,홈스웰,음식물쓰레기종량제,위탁관리,세영에이앤씨
A13778205,위탁관리,8,위탁관리,9,주)듀델코리아,위탁관리,13,,음식물쓰레기종량제,위탁관리,
A13778207,위탁관리,5,위탁관리,2,이데아그룹,위탁관리,4,이데아그룹,음식물쓰레기종량제,위탁관리,동진엠엔에스(주)
A13778209,위탁관리,5,위탁관리,2,(주)미래에이비엠,위탁관리,4,,음식물쓰레기종량제,위탁관리,
A13778210,위탁관리,5,위탁관리,3,(주)상우시스템,위탁관리,4,(주)상우시스템,음식물쓰레기종량제,위탁관리,청정티엠에스
A13778211,위탁관리,7,위탁관리(직영+위탁),4,남경종합관리(주),위탁관리,8,대호안전관리(주),기타,위탁관리,이수환경공사
A13778212,위탁관리,7,위탁관리,4,한국주택관리사,위탁관리,6,,음식물쓰레기종량제,위탁관리,
A13778306,위탁관리,8,위탁관리,6,(주)태성공사,위탁관리,1,(주)태영,차량수거방식,위탁관리,(주)대영디아이
A13780201,자치관리,2,자치관리,3,,자치관리,1,,차량수거방식,위탁관리,(주)조은에스디아이
A13780402,위탁관리,4,자치관리,4,,위탁관리,2,(주)더지엠에스,음식물쓰레기종량제,위탁관리,(주)The자람
A13780403,자치관리,5,위탁관리,10,(주)융성종합관리,위탁관리,5,세움(주),음식물쓰레기종량제,위탁관리,T&W환경
A13782601,위탁관리,4,위탁관리,4,강일기업,위탁관리,3,홈스웰,차량수거방식,위탁관리,태양방역
A13782602,자치관리,7,자치관리,36,,위탁관리,3,듀델코리아,음식물쓰레기종량제,위탁관리,대양디아이
A13782803,위탁관리,8,위탁관리,4,(주)에스원 서초,위탁관리,9,(주)아주관리,음식물쓰레기종량제,위탁관리,대양디아이(주)
A13782804,자치관리,15,자치관리,27,,자치관리(직영),10,,음식물쓰레기종량제,위탁관리,(주)에스엔산업
A13782902,위탁관리,3,위탁관리,6,경진이앤지,위탁관리,4,우원티엠,음식물쓰레기종량제,위탁관리,태양지앤씨
A13783001,위탁관리,6,위탁관리,7,(주)홈스웰,위탁관리,5,(주)블루써브,음식물쓰레기종량제,위탁관리,(주)블루써브
A13783802,위탁관리,4,위탁관리,6,홈스웰,위탁관리,4,홈스웰,차량수거방식,위탁관리,한솔환경
A13784102,위탁관리,5,위탁관리,8,피누스이앤씨,위탁관리,3,피누스이앤씨,음식물쓰레기종량제,위탁관리,피누스이앤씨
A13784401,위탁관리,3,위탁관리,4,(주) 승 학,위탁관리,2,태인,음식물쓰레기종량제,위탁관리,태인
A13785001,자치관리,6,자치관리,16,,자치관리,2,,음식물쓰레기종량제,위탁관리,삼정환경개발(주)
A13785005,자치관리,7,위탁관리,15,(주)가온종합관리,위탁관리,6,(주)인성종합관리,차량수거방식,위탁관리,(주)THE자람
A13785008,위탁관리,6,위탁관리,13,듀델코리아,위탁관리,12,듀델코리아,음식물쓰레기종량제,위탁관리,다인서비스(주)
A13785201,위탁관리,5,위탁관리,6,(주)승학,위탁관리,3,두원에이앤씨,음식물쓰레기종량제,위탁관리,동진엠엔에스
A13785203,위탁관리,7,위탁관리,9,듀델코리아,위탁관리,7,듀델코리아,음식물쓰레기종량제,위탁관리,와이브이시스템
A13785301,위탁관리,4,위탁관리,4,에코그린티엠,위탁관리,5,하이리치자산관리,거점장비수거방식,위탁관리,그린앤크린
A13785302,위탁관리,4,위탁관리,16,삼우안전(유),위탁관리,5,인덕종합관리,음식물쓰레기종량제,위탁관리,그린앤크린
A13785604,자치관리,9,자치관리,18,,위탁관리,8,우진개발환경,차량수거방식,위탁관리,청정티엠에스
A13785607,위탁관리,11,위탁관리,10,(주)에스원,위탁관리,13,승인산업,음식물쓰레기종량제,위탁관리,동진
A13785705,자치관리,4,자치관리,6,,위탁관리,4,나라개발시스템(주),거점장비수거방식,위탁관리,나라개발시스템(주)
A13786601,위탁관리,5,위탁관리,3,(주)뉴맨테크,위탁관리,3,위더스엔(주),음식물쓰레기종량제,위탁관리,(주)한빛티에스
A13786606,위탁관리,10,위탁관리(직영+위탁),8,우리관리(주),위탁관리,7,우리관리,음식물쓰레기종량제,위탁관리,청정티엠에스
A13786704,위탁관리,2,위탁관리,4,(주)남경,자치관리(직영),2,,차량수거방식,위탁관리,주식회사공간종합관리
A13786901,위탁관리,4,위탁관리,4,이엠피서비스,위탁관리,3,라이프티엠,음식물쓰레기종량제,위탁관리,화성종합관리
A13787102,위탁관리,3,자치관리(직영),3,,위탁관리,2,승진시스템,음식물쓰레기종량제,위탁관리,(주)진도프로인
A13787105,위탁관리,4,위탁관리,3,엘림에스(유),위탁관리,2,엘림에스(유),음식물쓰레기종량제,위탁관리,삼우안전관리
A13788002,위탁관리,6,위탁관리,10,(주)경진이앤지,위탁관리,5,효명종합관리(주),음식물쓰레기종량제,위탁관리,효명종합관리(주)
A13788003,위탁관리,5,위탁관리,6,대원에스테이트서비스(주),위탁관리,3,대원에스테이트서비스 주식회사,음식물쓰레기종량제,위탁관리,(주)진도프로인
A13788201,위탁관리,3,위탁관리,3,새롬종합관리(주),위탁관리,3,태영,음식물쓰레기종량제,위탁관리,(주)태영
A13788203,자치관리,8,위탁관리,12,(주)듀델코리아,위탁관리,6,(주)듀델코리아,음식물쓰레기종량제,위탁관리,(주)휘성
A13788206,위탁관리,38,위탁관리,31,에스텍시스템,위탁관리,23,(주)두원에이앤씨,거점장비수거방식,위탁관리,한국환경
A13788208,위탁관리,13,위탁관리,15,(주)듀델코리,위탁관리,14,(유)우원티엠,음식물쓰레기종량제,위탁관리,에이스나무병원(주)
A13789002,위탁관리,4,관리방식미정,0,,관리방식미정,0,,,관리방식미정,
A13789201,위탁관리,3,위탁관리,3,신현대관리,위탁관리,2,(주)신현대관리,음식물쓰레기종량제,위탁관리,삼정환경개발(주)
A13789203,위탁관리,11,위탁관리,12,(주)원광,위탁관리,8,탄천개발,음식물쓰레기종량제,위탁관리,삼정개발
A13790002,위탁관리,4,위탁관리,4,새롬씨큐리티(주),위탁관리,2,(주)상우시스템,음식물쓰레기종량제,위탁관리,(주)조은에스디아이
A13790003,위탁관리,5,위탁관리,6,(주)경진이앤지,위탁관리,3,(유)원광,음식물쓰레기종량제,위탁관리,태강티엠에스
A13790004,자치관리,9,위탁관리,8,(주)밝은티에스,위탁관리,5,,음식물쓰레기종량제,위탁관리,
A13790604,위탁관리,2,위탁관리,2,예스종합관리,위탁관리,1,주식회사 에이치엠씨,음식물쓰레기종량제,위탁관리,(주)휘성
A13790612,위탁관리,2,위탁관리(직영+위탁),6,광인에스테이트서비스(주),위탁관리,3,더지엠에스,음식물쓰레기종량제,위탁관리,(주)라이프티엠
A13790620,자치관리,6,위탁관리,10,(주)세이프원,위탁관리,5,(주)효종종합관,차량수거방식,위탁관리,세영에이엔씨(주)
A13790701,위탁관리,3,위탁관리,2,웅산개발,위탁관리,2,(유)우원티엠,음식물쓰레기종량제,위탁관리,한일환경
A13790703,위탁관리,3,자치관리,2,,위탁관리,2,일신환경,음식물쓰레기종량제,위탁관리,성우서비스
A13790706,위탁관리,3,위탁관리,2,대진에스컴(주),위탁관리,2,세움주식회사,음식물쓰레기종량제,위탁관리,한일환경
A13790707,자치관리,3,위탁관리,6,웅산산업개발(주),위탁관리,2,(주)태경종합관리,음식물쓰레기종량제,위탁관리,한빛티에스
A13790709,위탁관리,4,위탁관리,5,서일개발,위탁관리,2,대경방제개발,차량수거방식,위탁관리,(주)나래개발 시스템
A13790713,위탁관리,5,자치관리,5,,위탁관리,3,세움주식회사,음식물쓰레기종량제,위탁관리,한일환경
A13790714,위탁관리,6,위탁관리,8,경진이앤지,위탁관리,3,(주)더지엠에스,차량수거방식,위탁관리,거문환경
A13790716,위탁관리,4,위탁관리,8,웅산산업배발,위탁관리,4,탄천산업,음식물쓰레기종량제,위탁관리,우방환경
A13790717,자치관리,5,자치관리,8,,위탁관리,2,세움,음식물쓰레기종량제,위탁관리,거문환경
A13790721,자치관리,5,자치관리,6,,자치관리,3,,음식물쓰레기종량제,위탁관리,씨에스엠글로벌
A13790722,자치관리,7,자치관리(직영),18,,위탁관리,5,주)에코그린티엠,음식물쓰레기종량제,위탁관리,(주)동진엠엔에스
A13790726,자치관리,5,자치관리,6,탑종합관리,위탁관리,4,,음식물쓰레기종량제,위탁관리,
A13790828,자치관리,14,위탁관리,34,삼우안전관리(유),위탁관리,12,,음식물쓰레기종량제,위탁관리,
A13790902,위탁관리,2,위탁관리,2,(주)세연종합관리,자치관리(직영),1,,음식물쓰레기종량제,위탁관리,성우서비스
A13790910,자치관리,4,위탁관리,5,두원에이앤씨,위탁관리,2,태영건물종합관리,음식물쓰레기종량제,위탁관리,TH서비스
A13790929,자치관리,19,자치관리,54,,위탁관리,14,,음식물쓰레기종량제,위탁관리,
A13792001,자치관리,24,위탁관리,120,원광,위탁관리,33,미래티엠에스,음식물쓰레기종량제,위탁관리,블루써브
A13792306,위탁관리,6,위탁관리,4,에스원,위탁관리,6,다웰,음식물쓰레기종량제,위탁관리,우원방재
A13804001,위탁관리,5,위탁관리,6,태경종합관리(주),위탁관리,3,(주)현대개발,음식물쓰레기종량제,위탁관리,티엔크린(주)
A13804002,위탁관리,6,위탁관리,6,(주)백송종합관리,위탁관리,3,일신환경(주),거점장비수거방식,위탁관리,태양지앤씨
A13804003,위탁관리,5,위탁관리,4,(주)백송종합관리,위탁관리,3,태영종합관리(주),음식물쓰레기종량제,위탁관리,태영종합관리(주)
A13804004,위탁관리,8,위탁관리,16,(주)백송종합관리,위탁관리,6,에코그린티엠,음식물쓰레기종량제,위탁관리,지산아이앤씨
A13804206,위탁관리,8,위탁관리,12,(유)현대관리시스템,위탁관리,7,(주)주원그린,음식물쓰레기종량제,위탁관리,(주)태은환경
A13805001,자치관리,7,위탁관리,10,(주)이오티앤디,위탁관리,7,일신환경(주),음식물쓰레기종량제,위탁관리,(주)태영
A13805002,위탁관리,49,위탁관리,222,예주산업(주),위탁관리,54,(주)백산티엠,차량수거방식,위탁관리,나라개발
A13811001,위탁관리,6,위탁관리,7,(주)혜진종합건설,위탁관리,2,유현종합관리,거점장비수거방식,위탁관리,하나환경
A13811202,위탁관리,6,위탁관리,8,아주관리,위탁관리,6,을지종합관리,음식물쓰레기종량제,위탁관리,동진엠앤에스
A13811203,자치관리,5,위탁관리,12,신현대관리,위탁관리,4,인덕종합관리(주),기타,위탁관리,동진엠엔엥스(주)
A13811204,위탁관리,5,위탁관리,5,(주)듀델코리아,위탁관리,2,주식회사서원에이스,음식물쓰레기종량제,위탁관리,하나환경개발
A13811205,위탁관리,6,위탁관리,12,(주)듀델코리아,위탁관리,5,(유)우원티엠,음식물쓰레기종량제,위탁관리,(유)우원티엠
A13811206,위탁관리,8,위탁관리,12,태영그린,위탁관리,6,위더스엔 주식회사,음식물쓰레기종량제,위탁관리,태양방역
A13812001,위탁관리,2,위탁관리,5,현대관리시스템,위탁관리,2,(유)우원티엠,음식물쓰레기종량제,위탁관리,(유)우원티엠
A13812002,위탁관리,3,위탁관리,2,(주)현대개발,위탁관리,2,(주)현대개발,음식물쓰레기종량제,위탁관리,태인이엔지
A13812003,위탁관리,3,위탁관리,4,웅산산업개발,위탁관리,3,(유)대주에이치알,음식물쓰레기종량제,위탁관리,태양방역
A13812004,위탁관리,4,위탁관리,3,(주)조현시스템,위탁관리,2,(주)조현시스템,음식물쓰레기종량제,위탁관리,(주)삼도
A13812005,위탁관리,9,위탁관리,9,인덕종합관리,위탁관리,8,인덕종합관리,음식물쓰레기종량제,위탁관리,조은에스디아이
A13813002,위탁관리,3,자치관리(직영),4,,위탁관리,2,(주)현대개발,음식물쓰레기종량제,위탁관리,태인
A13813003,위탁관리,2,위탁관리,2,(주)융성종합관리,위탁관리,2,폴리텍(주),차량수거방식,위탁관리,성산산업개발
A13813005,위탁관리,4,자치관리,6,,위탁관리,2,,음식물쓰레기종량제,위탁관리,(유)와이번스안전관리시스템
A13813006,위탁관리,4,위탁관리(직영+위탁),4,아주관리,위탁관리(직영+위탁),2,,거점장비수거방식,위탁관리,
A13813008,위탁관리,9,위탁관리,10,(주)이엠피서비스,위탁관리,10,(주)더지엠에스,음식물쓰레기종량제,위탁관리,(주)천호서비스
A13813010,위탁관리,19,위탁관리,44,탄천산업,위탁관리,17,열린서비스주식회사,음식물쓰레기종량제,위탁관리,(주)태인이앤지
A13816002,위탁관리,4,자치관리(직영),6,,위탁관리,4,(주)인성종합관리,음식물쓰레기종량제,위탁관리,(주)한빛티에스
A13816101,위탁관리,3,위탁관리,4,세이프원주식회사,위탁관리,3,(유)대주에이치알,음식물쓰레기종량제,위탁관리,(주)동진엠앤에스
A13816202,위탁관리,9,위탁관리,14,(주)이데아그룹,위탁관리,5,EG TOTAL,음식물쓰레기종량제,위탁관리,에이스나무병원(주)
A13817001,위탁관리(직영+위탁),8,위탁관리,7,(유)현대관리시스템,위탁관리,9,(유)탄천산업,음식물쓰레기종량제,위탁관리,(주)와이브이시스템
A13817101,위탁관리,2,위탁관리,4,SHY&TM(주),위탁관리,2,,음식물쓰레기종량제,위탁관리,
A13819001,위탁관리,5,위탁관리,4,듀델코리아,위탁관리,5,듀델코리아,음식물쓰레기종량제,위탁관리,비앤비클린
A13820001,위탁관리,2,위탁관리,2,(주)승학,위탁관리,2,태인이앤지,음식물쓰레기종량제,위탁관리,태인이앤지
A13820002,위탁관리,2,위탁관리,2,,위탁관리,2,,차량수거방식,위탁관리,
A13820004,위탁관리,9,위탁관리,16,탄천산업,위탁관리,6,그린이앤에스,음식물쓰레기종량제,위탁관리,그린이앤에스
A13820005,위탁관리,7,위탁관리,8,(주)세계보안관리,위탁관리,5,(주)이데아그룹,음식물쓰레기종량제,위탁관리,대양디아이(주)
A13820006,위탁관리,14,위탁관리,18,(주)듀델코리아,위탁관리,24,승인산업,음식물쓰레기종량제,위탁관리,새롬에승엔씨
A13820007,위탁관리,10,위탁관리,0,(유)원광,위탁관리,10,(유)탄천산업,거점장비수거방식,위탁관리,삼우서비스 주식회사
A13820201,위탁관리,49,위탁관리,90,조현시스템,위탁관리,47,두원에이앤씨,음식물쓰레기종량제,위탁관리,1세영이엔씨(주)
A13821001,위탁관리,2,위탁관리,2,백산티엠,위탁관리,2,청아시스템,거점장비수거방식,위탁관리,청정티엠에스
A13821002,위탁관리,4,위탁관리,5,(주)세연종합관리,위탁관리,3,(주)청아시스템,음식물쓰레기종량제,위탁관리,(주)청정티엠에스
A13821003,위탁관리,5,위탁관리,4,(주)신화비엠씨,위탁관리,5, ㈜듀델코리아,거점장비수거방식,위탁관리,(유)우원티엠
A13821004,위탁관리,6,위탁관리,6,(주)국보종합관리,위탁관리,5,(주)국보종합관리,차량수거방식,위탁관리,(주)태영
A13821005,위탁관리,6,위탁관리,6,(주)백산티엠,위탁관리,5,,음식물쓰레기종량제,위탁관리,
A13821006,위탁관리,6,위탁관리,6,(주)미래환경,위탁관리,6,밝은티에스,거점장비수거방식,위탁관리,청정티디엠에스
A13821007,위탁관리,6,위탁관리,8,(주)엘림테크,위탁관리,6,주식회사 앰앰아이,거점장비수거방식,위탁관리,주식회사 청정티엠에스
A13822001,위탁관리,27,위탁관리,29,에스케이쉴더스,위탁관리,37,우원티엠,음식물쓰레기종량제,위탁관리,와이브이시스템
A13822002,위탁관리,30,위탁관리,39,세이프원,위탁관리,52,우원티엠,음식물쓰레기종량제,위탁관리,우원티엠
A13822003,위탁관리,44,위탁관리,51,에스케이쉴더스(주),위탁관리,65,제일씨앤에스,음식물쓰레기종량제,위탁관리,(주)토우에스이엠
A13822004,위탁관리,42,위탁관리,55,에스케이쉴더스(주),위탁관리,73,(주)두원에이앤씨,차량수거방식,위탁관리,삼우서비스
A13822301,위탁관리,38,위탁관리,33,(주타워피엠씨,위탁관리,31,,차량수거방식,위탁관리,
A13822701,위탁관리,17,위탁관리,57,새롬종합관리(주),위탁관리,21,,거점장비수거방식,위탁관리,
A13822702,위탁관리,18,위탁관리,60,예주산업(주),위탁관리,17,예주산업(주),음식물쓰레기종량제,위탁관리,와이브이시스템
A13822902,위탁관리,6,위탁관리,16,(유)탄천산업,위탁관리,7,(유)우원티엠,음식물쓰레기종량제,위탁관리,(유)우원티엠
A13824001,자치관리,10,자치관리(직영),8,,자치관리(직영),8,,음식물쓰레기종량제,위탁관리,(주)청정티엠에스
A13824002,자치관리,8,자치관리,7,,자치관리(직영),7,,음식물쓰레기종량제,자치관리,
A13824003,위탁관리,7,위탁관리,5,,위탁관리,3,,음식물쓰레기종량제,위탁관리,
A13824005,자치관리,35,위탁관리,90,와이번스(주),위탁관리,45,,차량수거방식,위탁관리,
A13824006,자치관리,50,위탁관리,56,(주)세이프원,위탁관리,80,삼우서비스(주),음식물쓰레기종량제,위탁관리,대양디아이주식회사
A13872502,위탁관리,18,위탁관리,17,에스텍시스템,위탁관리,15,삼우안전관리,거점장비수거방식,위탁관리,천호 서비스
A13872503,자치관리,7,위탁관리,6,(주)율산개발,위탁관리,6,(주)에스제이두웰,음식물쓰레기종량제,위탁관리,정정티엠에스
A13872504,자치관리,2,자치관리,4,,위탁관리,0,깨끗한환경,음식물쓰레기종량제,위탁관리,the자람
A13873701,위탁관리,1,위탁관리,2,원앤원산업개발,위탁관리,1,,음식물쓰레기종량제,위탁관리,
A13876108,위탁관리,6,위탁관리,6,(주)듀델코리아,위탁관리,6,듀델코리아,음식물쓰레기종량제,위탁관리,나라개발
A13876109,위탁관리,5,위탁관리,6,(주)코리아이지텔,위탁관리,3,(주)유현종합관리,음식물쓰레기종량제,위탁관리,세영에이앤씨(주)
A13876110,위탁관리,6,위탁관리,12,하이리치 자산관리(주),위탁관리,6,(주) 주원그린,음식물쓰레기종량제,위탁관리,(유)우원티엠
A13876111,위탁관리,4,위탁관리,3,신화비엠씨,위탁관리,3,(주)와이번스,차량수거방식,위탁관리,우원티엠
A13876112,위탁관리,3,위탁관리,2,광인산업,위탁관리,2,에코그린(주),거점장비수거방식,위탁관리,나라개발시스템(주)
A13876113,위탁관리,9,위탁관리,6,(주)시큐원,위탁관리,12,두원에이엔씨,음식물쓰레기종량제,위탁관리,삼우서비스(주)
A13876114,위탁관리,16,위탁관리,12,(주)유케이개발,위탁관리,18,(주)인성종합관리,거점장비수거방식,위탁관리,(주)지산아이앤
A13877501,위탁관리,12,위탁관리,16,바른시스템,위탁관리,11,,음식물쓰레기종량제,위탁관리,
A13879102,자치관리,41,위탁관리,64,(유)탄천산업,위탁관리,40,(유)우원티엠,음식물쓰레기종량제,위탁관리,나라개발시스템(주)
A13880105,위탁관리,6,위탁관리,8,예주산업(주),위탁관리,4,(주)효명종합관리,음식물쓰레기종량제,위탁관리,주식회사 한빛티에스
A13880201,위탁관리,4,위탁관리,2,웅산산업개발,위탁관리,2,(주)듀델코리아,음식물쓰레기종량제,위탁관리,(주)화성종합관리
A13880204,위탁관리,6,위탁관리,8,유원종합관리(주),위탁관리,4,(주)듀델코리아,음식물쓰레기종량제,위탁관리,비앤비클린
A13880406,위탁관리,8,위탁관리,9,(유)와이번스안전관리시스템,위탁관리,9,(주)현대개발,차량수거방식,위탁관리,태양지앤씨
A13880407,위탁관리,8,위탁관리,8,(주)다온관리서비스,위탁관리,8,(주)이지종합관리,음식물쓰레기종량제,위탁관리,에이스 나무병원㈜
A13880602,위탁관리,3,위탁관리,2,웅산산업개발(주),위탁관리,2,청하시스템,음식물쓰레기종량제,위탁관리,더자람
A13880603,위탁관리,4,위탁관리,4,(주)세계보안관리시스템,위탁관리,2,세원종합관리,음식물쓰레기종량제,위탁관리,좋은생활환경
A13880701,위탁관리,6,위탁관리,8,(주)강일기업,자치관리(직영),3,,음식물쓰레기종량제,위탁관리,(유)미래환경
A13880806,위탁관리,22,위탁관리,24,(주)피누스이앤씨,위탁관리,19,(주)청아시스템,차량수거방식,위탁관리,(주)인터내셔날 태인
A13881005,위탁관리,9,위탁관리,9,(주)이엠피서비스,위탁관리,11,(주)크린써비스,음식물쓰레기종량제,위탁관리,동부이앤피(주)
A13881103,위탁관리,10,위탁관리,21,(주)이데아그룹,위탁관리,7,예주산업(주),음식물쓰레기종량제,위탁관리,(주)강동에코텍
A13881204,위탁관리,8,위탁관리,22,예주산업(주),위탁관리,8,(주)강일기업,음식물쓰레기종량제,위탁관리,(유)우원티엠
A13881302,위탁관리,4,위탁관리,5,주식회사 승학,위탁관리,3,주식회사 승학,음식물쓰레기종량제,위탁관리,(주)한빛티에스
A13881401,위탁관리,4,위탁관리,4,이오티앤디,위탁관리,2,이오티앤디,음식물쓰레기종량제,위탁관리,동진엠앤에스
A13881601,위탁관리,4,위탁관리,4,(유)와이번스안전관리시스템,위탁관리,2,(유)우원티엠,음식물쓰레기종량제,위탁관리,(유)우원티엠
A13881603,위탁관리,5,위탁관리,8,신현대관리,위탁관리,3,신현대관리,음식물쓰레기종량제,위탁관리,동아기업환경
A13881701,위탁관리,8,위탁관리,6,예주산업(주),위탁관리,9,(주)두원에이앤씨,음식물쓰레기종량제,위탁관리,(주)와이브이시스템
A13882401,위탁관리,3,위탁관리(직영+위탁),2,인동종합관리(주),위탁관리,2,,거점장비수거방식,위탁관리,
A13882402,위탁관리,4,위탁관리,2,(주)신현대관리,자치관리(직영),2,,음식물쓰레기종량제,위탁관리,(주)21세기종합관리
A13883601,위탁관리(직영+위탁),7,위탁관리(직영+위탁),19,,위탁관리(직영+위탁),3,,차량수거방식,위탁관리,
A13883602,위탁관리,9,위탁관리,16,(주)탄천산업,위탁관리,7,(주)국보종합관리,음식물쓰레기종량제,위탁관리,(주)국보종합관리
A13885102,위탁관리,8,위탁관리,12,인동종합관리,위탁관리,7,,음식물쓰레기종량제,위탁관리,
A13885301,자치관리,4,자치관리,2,,위탁관리,4,동진종합시스템,음식물쓰레기종량제,위탁관리,(주)덕정환경
A13885303,자치관리,6,자치관리,12,,위탁관리,4,두원에이앤씨,음식물쓰레기종량제,위탁관리,유원띠씨에스
A13885304,위탁관리,8,위탁관리,20,앰앰아이,위탁관리,8,,음식물쓰레기종량제,위탁관리,
A13885306,위탁관리,11,위탁관리,34,남광개발(주),위탁관리,9,남광개발(주),음식물쓰레기종량제,위탁관리,태인(주)
A13886009,위탁관리,8,위탁관리,18,바른시스템주식회사,위탁관리,6,우리관리(주),음식물쓰레기종량제,위탁관리,(유)우원방제
A13886701,위탁관리,4,위탁관리,8,현대관리시스템,위탁관리,3,엘림테크,음식물쓰레기종량제,위탁관리,조은에스디아이
A13887301,자치관리,4,위탁관리,4,(유)현대관리시스템,자치관리,2,,음식물쓰레기종량제,위탁관리,한국종합방재
A13887302,위탁관리,7,위탁관리,12,(유)탄천산업,위탁관리,6,(유)우원티엠,음식물쓰레기종량제,위탁관리,(유)우원티엠
A13887403,위탁관리,5,위탁관리,6,(주)승학,위탁관리,4,(주)듀델코리아,음식물쓰레기종량제,위탁관리,대양디아이
A13887405,위탁관리,7,위탁관리,13,(주)이데아그룹,위탁관리,5,(주)주원그린,음식물쓰레기종량제,위탁관리,지산아이앤씨
A13887702,위탁관리,5,위탁관리,6,강동(주),위탁관리,3,,음식물쓰레기종량제,위탁관리,
A13887901,위탁관리,3,위탁관리,3,한국보안컨설팅(주),위탁관리,2,,음식물쓰레기종량제,위탁관리,
A13895501,위탁관리,6,위탁관리,3,(주)두원에이앤씨,위탁관리,5,에코그린티엠,음식물쓰레기종량제,위탁관리,블루크린
A13895502,위탁관리,4,위탁관리,4,승학(주),위탁관리,2,듀델코리아,음식물쓰레기종량제,위탁관리,우원티엠
A13895503,위탁관리(직영+위탁),5,위탁관리,3,(주)한국관리서비스,위탁관리,4,한국관리서비스,차량수거방식,위탁관리,태양방역
A13905003,위탁관리,5,위탁관리,6,삼우안전관리(유),위탁관리,4,(유)와이번스안전관리시스템,음식물쓰레기종량제,위탁관리,(주)청정티엠에스
A13905101,위탁관리,2,위탁관리,2,(주)진성관리,위탁관리,2,(주)진성관리,음식물쓰레기종량제,위탁관리,(주)굿에어테크
A13905102,위탁관리,9,위탁관리,4,이데아,위탁관리,3,폴리텍,차량수거방식,위탁관리,동진엠앤에스
A13905105,위탁관리,8,위탁관리,10,(주)듀델코리아,위탁관리,15,듀델코리아,거점장비수거방식,위탁관리,한빛티에스
A13905202,위탁관리,4,위탁관리,2,(주)진성관리,위탁관리,2,(주)진성관리,음식물쓰레기종량제,위탁관리,굿데이
A13905204,위탁관리,5,위탁관리,2,(주)진성관리,위탁관리,3,,음식물쓰레기종량제,위탁관리,
A13905208,위탁관리,5,위탁관리,4,향우종합관리(주),위탁관리,4,티엔크린(주),음식물쓰레기종량제,위탁관리,티엔크린(주)
A13905301,위탁관리,4,위탁관리,4,한국보안컨설팅,위탁관리,3,동진종합시스템,음식물쓰레기종량제,위탁관리,동명환경
A13905302,위탁관리,6,위탁관리,8,(주)태양삼차원환경,위탁관리,6,인덕종합관리(주),음식물쓰레기종량제,위탁관리,(주)태강티엠에스
A13920001,위탁관리,4,위탁관리,4,국제안전시스템,위탁관리,2,인동종합관리(주),음식물쓰레기종량제,위탁관리,한빛티에스
A13920102,자치관리,4,자치관리(직영),3,,자치관리(직영),2,,음식물쓰레기종량제,위탁관리,(주)21세기매니지먼트
A13920104,위탁관리,3,위탁관리,4,(주)가온종합관리,위탁관리,3,(주)가온종합관리,음식물쓰레기종량제,위탁관리,(주)뉴리빙크린
A13920105,위탁관리,4,위탁관리,6,(주)덕우,위탁관리,3,,기타,위탁관리,
A13920106,위탁관리,4,위탁관리,4,(주)세원종합관리,위탁관리,3,(주)티엔크린,음식물쓰레기종량제,위탁관리,태은환경(주)
A13920202,위탁관리,4,위탁관리,4,주식회사 인동,위탁관리,2,주식회사 인동,음식물쓰레기종량제,위탁관리,티엔크린
A13920205,위탁관리,4,위탁관리,4,우진관리,위탁관리,3,신세기,차량수거방식,위탁관리,신세기
A13920207,위탁관리,5,위탁관리,6,(주)백송종합관리,위탁관리,4,(주)동진종합시스템,차량수거방식,위탁관리,(주)제일종합관리
A13920209,위탁관리,7,위탁관리,13,모아안전시스템,위탁관리,7,을지종합관리,음식물쓰레기종량제,위탁관리,태양지앤씨
A13920501,위탁관리,4,위탁관리,2,(주)케이비아주,위탁관리,2,인동종합관리(주),차량수거방식,위탁관리,(주)태강티엠에스
A13920506,위탁관리,12,위탁관리,22,주식회사 인동,위탁관리,11,(주)태강티엠에스,차량수거방식,위탁관리,(주)와이브이시스템
A13920703,자치관리,6,관리방식미정,3,,위탁관리,5,,,위탁관리,
A13920706,위탁관리,18,위탁관리,36,율산개발 유한회사,위탁관리,16,(유)탄천산업,기타,위탁관리,(유)우원티엠
A13920707,위탁관리,17,위탁관리,56,(주)인동,위탁관리,18,대원에스테이트서비스(주),음식물쓰레기종량제,위탁관리,(주)와이브이 시스템
A13920802,위탁관리,24,위탁관리,24,(주)에스텍시스템,위탁관리,11,(주)신화비엠씨,음식물쓰레기종량제,위탁관리,(주)지산아이앤씨
A13920803,위탁관리,17,위탁관리,38,예주산업,위탁관리,10,태영건물종합관리(주),음식물쓰레기종량제,위탁관리,(주)지산아이앤씨
A13920804,위탁관리,16,위탁관리,48,(주)예주산업,위탁관리,24,이데아그룹,음식물쓰레기종량제,위탁관리,태영종합관리(주)
A13921005,위탁관리,19,위탁관리,54,(주)듀델코리아,위탁관리,29,(주)한강티에스,차량수거방식,위탁관리,(주)나라개발
A13922001,위탁관리,4,위탁관리,4,(주)세연종합관리,위탁관리,2,(주)우리들관리,음식물쓰레기종량제,위탁관리,한국종합방제
A13922002,위탁관리,2,위탁관리,3,한국보안컨설팅(주),위탁관리,2,,음식물쓰레기종량제,위탁관리,
A13922003,위탁관리,5,위탁관리,4,인동종합관리(주),위탁관리,2,인동종합관리(주),음식물쓰레기종량제,위탁관리,지산INC
A13922102,자치관리,4,자치관리,4,,위탁관리,2,(주)동명환경,음식물쓰레기종량제,위탁관리,(주)동명환경
A13922103,위탁관리,3,위탁관리,5,혜진종합관리,위탁관리,2,,거점장비수거방식,위탁관리,
A13922105,위탁관리,3,위탁관리,2,한국보안컨설팅주식회사,위탁관리,1,(주)청아시스템,음식물쓰레기종량제,위탁관리,진도프로인
A13922108,위탁관리,6,위탁관리,10,주식회사 인동,위탁관리,5,주.인동,음식물쓰레기종량제,위탁관리,동명환경
A13922110,위탁관리,6,위탁관리,10,인덕종합관리,위탁관리,6,인동종합관리,음식물쓰레기종량제,위탁관리,태은환경
A13922111,위탁관리,6,위탁관리,6,인덕종합관리,위탁관리,6,인덕종합관리(주),음식물쓰레기종량제,위탁관리,굿에어테크(주)
A13922114,위탁관리,19,위탁관리,38,남경종합관리(주),위탁관리,19,인동(주),차량수거방식,위탁관리,와이브이시스템(주)
A13922406,위탁관리,7,위탁관리,10,태영그린,위탁관리,5,,음식물쓰레기종량제,위탁관리,
A13922901,위탁관리,2,위탁관리,4,한국보안컨설팅(주),자치관리(직영),2,,음식물쓰레기종량제,위탁관리,(주)지산아이앤씨
A13922903,위탁관리,7,위탁관리,10,(주)백송종합관리,위탁관리,5,(주)더지엠에스,차량수거방식,위탁관리,한진환경
A13922904,위탁관리,4,위탁관리,6,(주)국제안전시스템,위탁관리,4,인동종합관리,음식물쓰레기종량제,위탁관리,(주)21세기매니지먼트
A13922905,위탁관리,5,위탁관리,6,신화비엠씨,위탁관리,4,동진종합시스템(주),차량수거방식,위탁관리,지산아이앤씨
A13922907,위탁관리,7,위탁관리,10,(주)에스원,위탁관리,6,SJ두웰,음식물쓰레기종량제,위탁관리,21세기방역
A13922908,위탁관리,5,위탁관리,10,(주)국제안전시스템,위탁관리,4,주식회사 인동,음식물쓰레기종량제,위탁관리,(주)지산아이앤씨
A13922909,위탁관리,5,위탁관리,8,현대관리시스템,위탁관리,4,,음식물쓰레기종량제,위탁관리,
A13922910,위탁관리,5,위탁관리,10,(주)혜진종합관리,자치관리(직영),5,,차량수거방식,위탁관리,지산아이앤씨
A13923102,위탁관리,3,위탁관리,3,(주)인동종합관리,위탁관리,3,(주)인동종합관리,음식물쓰레기종량제,위탁관리,(주)지산아이앤씨
A13923103,위탁관리,8,위탁관리,10,듀델코리아,위탁관리,6,듀델코리아,음식물쓰레기종량제,위탁관리,티엔크린
A13923104,자치관리,7,자치관리,7,,위탁관리,6,티엔크린(주),음식물쓰레기종량제,위탁관리,(주)굿에어테크
A13923106,위탁관리,8,위탁관리,14,홈스웰,위탁관리,7,홈스웰,기타,위탁관리,가나안환경
A13923108,위탁관리,11,위탁관리,14,예주산업주식회사,위탁관리,7,삼우안전관리,음식물쓰레기종량제,위탁관리,지산아이앤씨
A13924003,위탁관리,6,위탁관리,8,국제안전시스템,위탁관리,6,(주)인동,거점장비수거방식,위탁관리,휘성
A13924004,위탁관리,7,위탁관리,18,(주)혜진종합관리,위탁관리,7,주원그린,음식물쓰레기종량제,위탁관리,21세기
A13924205,위탁관리,4,위탁관리,4,태영건물종합관리,위탁관리,4,(주)진성관리,차량수거방식,위탁관리,(주)굿에어테크
A13971501,위탁관리,6,위탁관리,12,(주)국제안전시스템,위탁관리,6,(주)인동,음식물쓰레기종량제,위탁관리,태영종합건물관리(주)
A13971502,위탁관리,15,위탁관리,44,인동종합관리(주),위탁관리,20,(주)뉴맨테크,음식물쓰레기종량제,위탁관리,(주)태은환경
A13972601,위탁관리,8,위탁관리,12,신현대관리(주),위탁관리,6,신현대관리(주),음식물쓰레기종량제,위탁관리,지산INC
A13972603,위탁관리,12,위탁관리,29,(주)혜진,위탁관리,12,,차량수거방식,위탁관리,
A13974101,위탁관리,5,위탁관리,4,주식회사 동익,위탁관리,5,가온종합관리,음식물쓰레기종량제,위탁관리,21세기매니지먼트
A13974102,위탁관리,6,위탁관리,5,(주)홈스웰,위탁관리,7,,차량수거방식,위탁관리,
A13974103,위탁관리,7,위탁관리,6,(주)가은종합관리,위탁관리,5,(주)대온관리,거점장비수거방식,위탁관리,지산INC
A13977913,위탁관리,14,위탁관리,12,(주)세이프원,위탁관리,6,(주)태성공사,음식물쓰레기종량제,위탁관리,대양디아이(주)
A13980004,위탁관리,4,위탁관리,4,인덕종합관리(주),위탁관리,3,주식회사 인동,음식물쓰레기종량제,위탁관리,(주)덕정환경
A13980006,위탁관리,4,위탁관리,4,(주)백송종합관리,위탁관리,3,삼대개발(주),음식물쓰레기종량제,위탁관리,청정티엠에스
A13980009,위탁관리,5,위탁관리,8,(유)탄천산업,위탁관리,4,효명종합관리,음식물쓰레기종량제,위탁관리,
A13980010,위탁관리,6,위탁관리,8,에이치엠씨,위탁관리,5,티엔크린,음식물쓰레기종량제,위탁관리,티엔크린
A13980012,위탁관리,6,위탁관리,6,성진시스템,위탁관리,5,,차량수거방식,위탁관리,
A13980014,위탁관리,7,위탁관리,12,이엠피서비스,위탁관리,6,태영건물종합관리,음식물쓰레기종량제,위탁관리,
A13980017,위탁관리,6,위탁관리,6,(주) 승학,위탁관리,2,(주) 승학,차량수거방식,위탁관리,(주)지산아이앤씨
A13980018,위탁관리,6,위탁관리,6,한국보안컨설팅(주),위탁관리,5,(주)효명종합관리,음식물쓰레기종량제,위탁관리,(주)한빛티에스
A13980019,위탁관리,14,위탁관리,12,혜진종합관리,위탁관리,24,주원그린,차량수거방식,위탁관리,동명환경
A13980102,위탁관리,2,위탁관리,2,인덕종합관리(주),자치관리(직영),1,,음식물쓰레기종량제,위탁관리,(주)한빛티에스
A13980105,위탁관리,3,위탁관리,2,웅산산업개발(주),위탁관리,2,대강(주),기타,위탁관리,남경종합관리
A13980107,위탁관리,4,위탁관리,4,뉴맨테크,위탁관리,4,,기타,위탁관리,
A13980108,위탁관리,4,위탁관리,4,인동종합관리,위탁관리,3,인덕종합관리(주),음식물쓰레기종량제,위탁관리,제일종합관리
A13980401,위탁관리,5,위탁관리,2,국제안전관리,위탁관리,2,(주)동우개발,음식물쓰레기종량제,위탁관리,티엔크린
A13980402,위탁관리,3,위탁관리,2,남경종합관리(주),위탁관리,2,주식회사 인동,음식물쓰레기종량제,위탁관리,(주)태강티엠에스
A13980403,위탁관리,3,위탁관리,4,(주)국제안전시스템,자치관리,2,,거점장비수거방식,위탁관리,덕정환경(주)
A13980407,위탁관리,5,위탁관리,4,듀델코리아(주),위탁관리,3,(주)에코그린티엠,음식물쓰레기종량제,위탁관리,(주)지산아이엔씨
A13980411,위탁관리,5,위탁관리,6,(주)진성관리,위탁관리,4,진성관리,음식물쓰레기종량제,위탁관리,굿 에어테크
A13980413,위탁관리,7,위탁관리,3,이데아그룹,위탁관리(직영+위탁),2,인동,음식물쓰레기종량제,위탁관리,티엔크린
A13980415,위탁관리,5,위탁관리,6,엠컨트럴시스템,위탁관리,5,일신환경(주),음식물쓰레기종량제,위탁관리,티에이치서비스
A13980509,위탁관리,5,위탁관리,6,재인자산관리(주),위탁관리,4,,차량수거방식,위탁관리,
A13980510,위탁관리,6,위탁관리,8,(주)대온관리,위탁관리,4,(주)대온종합관리,기타,위탁관리,(주)휘성
A13980511,위탁관리,6,위탁관리,10,(주)태양삼차원,위탁관리,4,우원티엠,음식물쓰레기종량제,위탁관리,휘성
A13980512,위탁관리,8,위탁관리,16,(주)남경종합관리,위탁관리,5,태강티엠에스,차량수거방식,위탁관리,나라개발시스템
A13980513,위탁관리,11,위탁관리,20,동남시큐리티,위탁관리,16,,음식물쓰레기종량제,위탁관리,
A13980604,위탁관리,3,위탁관리,2,듀델코리아,위탁관리,2,에이스시설관리,음식물쓰레기종량제,위탁관리,한빛티에스
A13980706,위탁관리,3,위탁관리(직영+위탁),2,유원종합관리(주),위탁관리,2,유원종합관리(주),기타,위탁관리,한국환경컨설팅
A13980801,위탁관리,2,위탁관리(직영+위탁),2,(주)덕우,위탁관리(직영+위탁),1,진성관리(주),음식물쓰레기종량제,위탁관리(직영+위탁),열린환경
A13980803,위탁관리,2,위탁관리,2,(주)신성티엠,위탁관리,2,한빛티에스,음식물쓰레기종량제,위탁관리,한빛티에스
A13980903,위탁관리,3,위탁관리,4,(주)혜진종합관리,위탁관리,2,주식회사 인동,음식물쓰레기종량제,위탁관리,(주)한빛티에스
A13981001,위탁관리,2,위탁관리,2,(주)에코그린티엠,위탁관리,1,(주)에코그린티엠,기타,위탁관리,(주)진도프로인
A13981006,위탁관리,6,위탁관리,6,(주)혜진,위탁관리,6,(주)덕우,음식물쓰레기종량제,위탁관리,(주)굿에어테크
A13981204,위탁관리,4,위탁관리,2,(주)에스제이종합,위탁관리,2,(주)에스제이종합,기타,위탁관리,(주)진도프로인
A13981208,위탁관리,6,위탁관리,8,현대관리시스템,위탁관리,8,(주)좋은서비스,차량수거방식,위탁관리,(주)좋은서비스
A13981304,위탁관리,5,위탁관리,5,(주)덕우,위탁관리,3,(주)덕우,음식물쓰레기종량제,위탁관리,(주)태강티엠에스
A13981402,위탁관리,4,위탁관리,2,(주)피누스이앤씨,위탁관리,2,(주)피누스이앤씨,음식물쓰레기종량제,위탁관리,(주)덕정환경
A13981407,위탁관리,6,위탁관리,8,(주)대호안전관리공사,위탁관리,6,(주)대호안전관리공사,음식물쓰레기종량제,위탁관리,(주)태영
A13981604,위탁관리,4,관리방식미정,4,,관리방식미정,2,,차량수거방식,위탁관리,(주)덕정환경
A13981606,위탁관리,4,위탁관리,4,신화비엠씨(주),위탁관리,3,인덕종합관리,음식물쓰레기종량제,위탁관리,(주)한빛티에스
A13981608,위탁관리,4,위탁관리,8,(주)혜진종합관리,위탁관리,4,(주)동아시스템,음식물쓰레기종량제,위탁관리,(주)태은환경
A13981901,위탁관리,8,위탁관리,20,인동,위탁관리,6,미래에이비엠,기타,위탁관리,(주)지산아이앤씨
A13981903,위탁관리,18,위탁관리,32,(주)동남시큐리티,위탁관리,18,(주)신화비엠씨,음식물쓰레기종량제,위탁관리,(주)천호서비스
A13982002,위탁관리,5,위탁관리,3,혜진종합관리,위탁관리,3,(주)듀델코리아,차량수거방식,위탁관리,(주)청정티엠에스
A13982003,위탁관리,5,위탁관리,5,우진관리주식회사,위탁관리,3,신세기환경,차량수거방식,위탁관리,(주)태강티엠에스
A13982005,위탁관리,5,위탁관리,6,한영파트너스에프에이치,위탁관리,4,(주)미래테크원,차량수거방식,위탁관리,(주)21세기매니지먼트
A13982101,위탁관리,3,자치관리(직영),2,,위탁관리,2,서림폴리텍주식회사,음식물쓰레기종량제,위탁관리,(주)태강티엠에스
A13982103,자치관리,4,자치관리,4,,자치관리,3,,음식물쓰레기종량제,위탁관리,
A13982202,위탁관리,16,위탁관리,30,(유)탄천산업,위탁관리,15,폴리텍(주),음식물쓰레기종량제,위탁관리,(주)동명환경
A13982301,위탁관리,16,위탁관리,36,태영건물종합관리(주),위탁관리,18,(주)진성관리,음식물쓰레기종량제,위탁관리,새롬에스엔씨(주)
A13982604,위탁관리,19,위탁관리,45,(주)예주산업,위탁관리,23,국보종합관리,음식물쓰레기종량제,위탁관리,(주)휘성
A13982701,위탁관리,6,위탁관리(직영+위탁),8,웅산산업개발(주),위탁관리,5,두원이엔씨(주),음식물쓰레기종량제,위탁관리,한진환경(주)
A13982702,위탁관리,6,위탁관리,10,(주)듀델코리아,위탁관리,5,(주)신화비엠씨,음식물쓰레기종량제,위탁관리,(주)태양지앤씨
A13982704,위탁관리,21,위탁관리,53,(유)탄천산업,위탁관리,14,(유)탄천산업,음식물쓰레기종량제,위탁관리,(유)와이브이시스템
A13983004,위탁관리,17,위탁관리,38,(주)덕우,위탁관리,16,두원에이엔씨,음식물쓰레기종량제,위탁관리,주식회사21세기메니지먼트
A13983105,위탁관리,16,위탁관리,38,(주)듀델코리아,위탁관리,16,태강티엠에스,차량수거방식,위탁관리,21세기방역
A13983608,위탁관리,4,위탁관리,6,(주)국제안전시스템,위탁관리,4,주식회사인동,음식물쓰레기종량제,위탁관리,태영건물종합관리(주)
A13983707,위탁관리,4,위탁관리,4,예주산업(주),위탁관리,3,동진종합시스템(주),음식물쓰레기종량제,위탁관리,티엔크린(주)
A13983709,위탁관리,5,위탁관리,5,세원종합관리,위탁관리,4,세원종합관리,음식물쓰레기종량제,위탁관리,동명환경
A13983712,위탁관리,6,위탁관리,8,(주)현대관리시스템,위탁관리,4,남경종합관리(주),음식물쓰레기종량제,위탁관리,(주)에스앤산업
A13983713,위탁관리,6,위탁관리,11,(주)뉴맨테크,위탁관리,7,(주)청원환경,차량수거방식,위탁관리,(주)굿에어테크
A13983801,위탁관리,3,위탁관리,2,(주)유케이개발,위탁관리,1,(주)유케이개발,차량수거방식,위탁관리,(주)진도프로인
A13983803,위탁관리,2,위탁관리,3,(주)신화비엠씨,위탁관리,2,한빛티에스,기타,위탁관리,한빛티에스
A13983810,위탁관리,6,위탁관리,6,(주)듀델 코리아,위탁관리,7,두원에스엔씨,거점장비수거방식,위탁관리,(주)굿에어테크
A13983811,위탁관리,6,위탁관리,12,(주)듀델코리아,위탁관리,6,(유)굿모닝대양,음식물쓰레기종량제,위탁관리,(주)동명환경
A13983815,위탁관리,10,위탁관리,18,미래에이비엠,위탁관리,8,,음식물쓰레기종량제,위탁관리,
A13983816,위탁관리,10,위탁관리,20,(주)인동종합관리,위탁관리,9,(주)인동종합관리,음식물쓰레기종량제,위탁관리,(주)지산아이앤씨
A13984003,위탁관리,12,위탁관리,14,광운티엠에스,위탁관리,8,동진종합시스템(주),음식물쓰레기종량제,위탁관리,(주)덕정환경
A13984004,위탁관리,17,위탁관리,27,예주산업(주,위탁관리,28,(유)탄천산업,음식물쓰레기종량제,위탁관리,(주)와이브이시스템
A13984005,자치관리,32,위탁관리,52,(주)백송종합관리,위탁관리,29,(주)태은환경,음식물쓰레기종량제,위탁관리,(주)태은환경
A13984409,위탁관리,6,위탁관리,6,(주)이오티앤디,위탁관리,3,에스제이종합,차량수거방식,위탁관리,진도프로인
A13984411,위탁관리,6,위탁관리,10,태영건물종합관리(주),위탁관리,5,태영건물종합관리(주),차량수거방식,위탁관리,(주)태은환경
A13984603,자치관리,3,위탁관리,8,국제안전시스템,위탁관리,3,국제안전시스템(주),음식물쓰레기종량제,위탁관리,(주)동아기업환경
A13984604,위탁관리,7,위탁관리,19,백송종합관리,위탁관리,8,,차량수거방식,위탁관리,
A13984813,위탁관리,13,위탁관리,10,오케이시스템,위탁관리,4,대덕개발,음식물쓰레기종량제,위탁관리, 
A13984814,위탁관리,11,위탁관리,26,(주)백송종합관리,위탁관리,12,대신관리(주),음식물쓰레기종량제,위탁관리,와이브이시스템(주)
A13985103,자치관리,5,자치관리,6,,위탁관리,4,인동,음식물쓰레기종량제,위탁관리,인동
A13985105,위탁관리,5,위탁관리,4,대한종합개발(주),위탁관리,3,(주)대온관리,음식물쓰레기종량제,위탁관리,(주)뉴리빙크린
A13985106,위탁관리,7,위탁관리,8,(주)혜진종합관리,위탁관리,8,(주)아이원서비스,음식물쓰레기종량제,위탁관리,티엔크린(주)
A13985107,위탁관리,5,위탁관리(직영+위탁),4,대한종합개발(주),위탁관리,4,(주)진성관리,음식물쓰레기종량제,위탁관리,(주)뉴리빙크린
A13985201,위탁관리,3,위탁관리,2,주식회사 인동,위탁관리,2,주식회사 인동,음식물쓰레기종량제,위탁관리,한국 종합 방제
A13985402,위탁관리,4,위탁관리,4,피누스이앤씨,위탁관리,3,동아씨스템,음식물쓰레기종량제,위탁관리,지산INC
A13985406,위탁관리,5,위탁관리,6,(주)홈스웰,위탁관리,5,,차량수거방식,위탁관리,
A13985605,위탁관리,5,위탁관리,10,인동종합관리(주),위탁관리,4,인동종합관리,거점장비수거방식,위탁관리,거문환경(주)
A13985904,위탁관리,4,위탁관리,6,(주)인동,위탁관리,3,(주)인동,음식물쓰레기종량제,위탁관리,(주)21세기매니지먼트
A13985907,위탁관리,7,위탁관리,19,(주)이엠피서비스,위탁관리,8,(주)한빛티에스,음식물쓰레기종량제,위탁관리,(주)한빛티에스
A13985908,위탁관리,9,위탁관리,8,(주)세이프원,위탁관리,3,(주)태성공사,음식물쓰레기종량제,위탁관리,대양디아이(주)
A13985909,위탁관리,11,위탁관리,20,(주)피누스이앤씨,위탁관리,10,(주)인동,음식물쓰레기종량제,위탁관리,(주)태은환경
A13986004,위탁관리,3,위탁관리,6,(주)국제안전시스템,위탁관리,3,주식회사 인동,차량수거방식,위탁관리,(주)태은환경
A13986009,자치관리,7,자치관리,16,,위탁관리,5,두원에이앤씨,음식물쓰레기종량제,위탁관리,승진개발
A13986012,위탁관리,7,위탁관리,18,인동종합관리,위탁관리,7,인동종합관리,음식물쓰레기종량제,위탁관리,휘성(주)
A13986013,위탁관리,13,위탁관리,14,주식회사 듀델 코리아,위탁관리,9,주식회사 뉴맨테크,음식물쓰레기종량제,위탁관리,주)에스앤산업
A13986111,자치관리,13,자치관리,36,,위탁관리,9,,차량수거방식,위탁관리,
A13986201,자치관리,2,자치관리,4,,위탁관리,2,,음식물쓰레기종량제,위탁관리,
A13986207,위탁관리,4,위탁관리,4,K&B자산관리(주),위탁관리,2,K&B자산관리(주),음식물쓰레기종량제,위탁관리,(주)진도프로인
A13986302,위탁관리,16,위탁관리,32,주.동익산업,위탁관리,16,,음식물쓰레기종량제,위탁관리,
A13986306,위탁관리,27,위탁관리,44,(주)이엠피서비스,위탁관리,22,(주)현대종합관리,음식물쓰레기종량제,위탁관리,삼우안전관리(유)
A13986504,위탁관리,18,위탁관리,28,(주)태양삼차원환경,위탁관리,16,(주)승인산업,음식물쓰레기종량제,위탁관리,(주)태은환경
A13986505,위탁관리,16,위탁관리,23,남경종합관리(주),위탁관리,13,삼대개발,음식물쓰레기종량제,위탁관리,태강티엠에스
A13986509,위탁관리,7,위탁관리,4,주식회사 태영,위탁관리,3,(주)세이프원,음식물쓰레기종량제,위탁관리,유한회사 정원토탈
A13986606,위탁관리,4,위탁관리,8,(주)갤럭시코리아,위탁관리,3,(주)서원씨에스,음식물쓰레기종량제,위탁관리,(주)우미종합
A13986701,위탁관리,3,위탁관리,2,국제안전시스템(주),위탁관리,2,주식회사 인동,음식물쓰레기종량제,위탁관리,(주)휘성
A13986702,위탁관리,4,위탁관리,2,(주)혜진종합관리,위탁관리,2,(주)주원그린,거점장비수거방식,위탁관리,주식회사 휘성
A13986703,위탁관리,4,위탁관리,4,(주)인동,위탁관리,3,(주)인동,음식물쓰레기종량제,위탁관리,(주)21세기매니지먼트
A13987205,자치관리,6,자치관리(직영),12,,위탁관리,6,(주)태영종합관리,음식물쓰레기종량제,위탁관리,(주)태영종합관리
A13987301,위탁관리,4,위탁관리,2,뉴맨테크,위탁관리,1,뉴맨테크,차량수거방식,위탁관리,(주)휘성
A13987302,위탁관리,5,위탁관리,2,(주)스카이빌,위탁관리,2,(주)스카이빌,음식물쓰레기종량제,위탁관리,(주)휘성
A13987303,위탁관리,17,위탁관리,24,뉴멘테크,위탁관리,13,(주)라포르,차량수거방식,위탁관리,(주)한빛티에스
A13987304,자치관리,15,위탁관리,36,탄천산업,위탁관리,13,(주)청아시스템,기타,위탁관리,(주)와이브이시스템
A13987305,위탁관리,13,위탁관리,26,(주)백송종합관리,위탁관리,16,대신종합관리,음식물쓰레기종량제,위탁관리,굿에어테크
A13987306,위탁관리,15,위탁관리,24,(주)조현시스템,위탁관리,14,(주)라포르,거점장비수거방식,위탁관리,굿에어테크
A13987501,위탁관리,2,위탁관리,2,듀델코리아,위탁관리,1,,음식물쓰레기종량제,위탁관리,
A13987502,위탁관리,2,위탁관리,4,(주)아주관리,위탁관리,2,동진,음식물쓰레기종량제,위탁관리,동진종합시스템
A13987503,위탁관리,3,위탁관리,2,(주)아이원서비스,자치관리(직영),2,,음식물쓰레기종량제,위탁관리,(주)삼도
A13989701,위탁관리,6,위탁관리,6,동남시큐리티,위탁관리,7,태백관리(주),음식물쓰레기종량제,위탁관리,21세기메니지먼트
A13989702,위탁관리,4,위탁관리,4,K&B자산관리(주),위탁관리,2,K&B자산관리(주),차량수거방식,위탁관리,진도프로인
A13991015,위탁관리,1,위탁관리,2,인동종합관리,위탁관리,1,인동종합관리,음식물쓰레기종량제,위탁관리,한국종합컨설팅
A13991016,위탁관리,2,위탁관리,2,(주)명원실업,위탁관리,3,(주)명원실업,차량수거방식,위탁관리,(주)강동에코텍
A13991017,위탁관리,3,위탁관리,4,세움,자치관리,2,,음식물쓰레기종량제,위탁관리,청정티엠에스
A13991018,위탁관리,7,위탁관리,11,주식회사 인동,위탁관리,9,주식회사 인동,음식물쓰레기종량제,위탁관리,(주)휘성
A13993501,위탁관리,4,위탁관리,6,(주)듀델코리아,위탁관리,5,인동,음식물쓰레기종량제,위탁관리,굿에어테크
A13993502,위탁관리,8,위탁관리,4,(주)인동,위탁관리,9,(주)인동,음식물쓰레기종량제,위탁관리,태강티엠에스
A13993503,위탁관리,9,위탁관리,8,(주)코리아종합관리,위탁관리,5,(주)토탈안전관리,차량수거방식,위탁관리,나라개발시스템(주)
A13993901,위탁관리,2,위탁관리,3,한빛종합관리,위탁관리,2,,차량수거방식,위탁관리,
A13994302,위탁관리,6,위탁관리,6,듀델코리아,위탁관리,5,남경,음식물쓰레기종량제,위탁관리,21세기 토탈관리
A13994501,위탁관리,3,위탁관리,4,한국안전산업 주식회사,위탁관리,1,광인산업(주),음식물쓰레기종량제,위탁관리,(주)태인이앤지
A13995602,위탁관리,8,위탁관리,16,남경종합관리(주),위탁관리,5,(주)태강티엠에스,음식물쓰레기종량제,위탁관리,지산아이앤씨
A14001101,위탁관리,7,위탁관리,12,에이제이대원 주식회사,위탁관리,10,에이제이대원 주식회사,음식물쓰레기종량제,위탁관리,새롬에스앤씨(주)
A14001201,위탁관리,5,자치관리,7,,자치관리,6,,거점장비수거방식,위탁관리,국보종합관리
A14001303,위탁관리,17,위탁관리,13,SK쉘더스,위탁관리,8,(주)지엔비,기타,위탁관리,새롬에스앤씨(주)
A14002501,위탁관리,22,위탁관리,31,타워피엠씨,위탁관리,18,타워피엠씨,거점장비수거방식,위탁관리,성산산업개발
A14003001,위탁관리,4,위탁관리,4,코리아이지텔,위탁관리,2,듀델코리아,기타,위탁관리,한솔환경
A14003002,자치관리,14,자치관리,4,,자치관리,5,,차량수거방식,위탁관리,티엔크린
A14003003,자치관리,6,자치관리,11,,위탁관리,4,(주)신광환경,음식물쓰레기종량제,위탁관리,(주)신광환경
A14003004,자치관리,5,자치관리,6,,위탁관리,3,화이트시스템,음식물쓰레기종량제,위탁관리,천호서비스
A14003006,위탁관리,8,위탁관리,6,구 세이븜원,위탁관리,5,,음식물쓰레기종량제,위탁관리,
A14003007,위탁관리,13,위탁관리,30,(유)우원티엠,위탁관리,15,(유)원광,거점장비수거방식,위탁관리,(주)한빛티에스
A14003008,자치관리,12,자치관리(직영),11,,자치관리(직영),8,,,자치관리,
A14003101,위탁관리,5,위탁관리,4,이엠피서비스,위탁관리,2,(주)우창개발,차량수거방식,위탁관리,에이원이엠에스(주)
A14003104,자치관리,5,자치관리,5,,위탁관리,4,,차량수거방식,자치관리,
A14003105,위탁관리,9,위탁관리,10,(주)우창개발,위탁관리,8,삼우서비스,음식물쓰레기종량제,위탁관리,삼우서비스
A14003106,위탁관리,9,위탁관리,12,듀델코리아,위탁관리,13,,음식물쓰레기종량제,위탁관리,
A14004001,위탁관리,4,위탁관리,2,우진관리,위탁관리,3,티엔크린주식회사,음식물쓰레기종량제,위탁관리,(주)한빛티에스
A14004002,위탁관리,9,위탁관리,19,(주)한국보안컨설팅,위탁관리,10,(주)이엠피서비스,기타,위탁관리,우원티엠
A14005001,위탁관리,11,위탁관리,7,(주)크린서비스,위탁관리,5,삼우서비스,음식물쓰레기종량제,위탁관리,좋은서비스
A14006001,위탁관리,2,자치관리(직영),2,,자치관리(직영),2,,음식물쓰레기종량제,위탁관리,(주)굿모닝환경
A14007001,위탁관리,5,위탁관리,2,혜진종합관리(주),위탁관리,2,(주)에이스엠,차량수거방식,위탁관리,(주)비앤비클린
A14007002,위탁관리,11,위탁관리,12,(주)듀델코리아,위탁관리,16,(주)신현대관리,기타,위탁관리,(주)성산산업개발
A14009001,위탁관리,10,위탁관리,7,(유)굿모닝대양,위탁관리,12,(주)두원에이앤씨,거점장비수거방식,위탁관리,(주)거문환경
A14010001,위탁관리,6,위탁관리,5,(주)듀델코리아,위탁관리,6,(주)듀델코리아,차량수거방식,위탁관리,제일에스테이트서비스(주)
A14010002,위탁관리,4,자치관리(직영),4,,자치관리(직영),3,,음식물쓰레기종량제,위탁관리,태양방역
A14010003,위탁관리,8,위탁관리,8,한국에셋솔루션,위탁관리,6,한국에셋솔루션,기타,위탁관리,청정티엠에스
A14019001,자치관리,2,자치관리,4,,자치관리,2,,차량수거방식,자치관리,
A14021001,위탁관리(직영+위탁),22,위탁관리,6,CHN(주)산업,위탁관리,7,CHN(주)산업,차량수거방식,위탁관리,제이마스터
A14024001,위탁관리,4,위탁관리,3,(유)와이번스안전과리시스템,위탁관리,1,(주)라이프티엠,음식물쓰레기종량제,위탁관리,주)우양
A14024002,자치관리,19,자치관리,112,,위탁관리,16,,음식물쓰레기종량제,위탁관리,
A14070301,위탁관리,10,위탁관리,9,에이제이대원주식회사,위탁관리,8,에이제이대원주식회사,거점장비수거방식,위탁관리(직영+위탁),(주)세한에스에이치
A14070302,위탁관리,9,위탁관리,9,(주)경진관리,위탁관리,11,,음식물쓰레기종량제,위탁관리,
A14070901,위탁관리,10,위탁관리,10,인덕종합관리(주),위탁관리,9,(주)두원에이앤씨,기타,위탁관리,동서환경(주)
A14072701,자치관리,19,위탁관리,18,엘림에스 유한책임회사,위탁관리,20,주식회사 라포르,차량수거방식,위탁관리,(주)태영
A14072702,위탁관리,8,위탁관리,20,(주)세이프원,위탁관리,8,(유)원광,거점장비수거방식,위탁관리,(주)진도프로인
A14072901,위탁관리,4,위탁관리,4,에코그린티엠,위탁관리,2,에코그린티엠,음식물쓰레기종량제,위탁관리,
A14074101,위탁관리,4,위탁관리,4,국보종합관리(주),위탁관리,4,국보종합관리(주),차량수거방식,위탁관리,국보종합관리(주)
A14075201,자치관리,7,위탁관리,9,에이스엠,위탁관리,8,밝은티에스,음식물쓰레기종량제,위탁관리,동진엠앤에스
A14076401,위탁관리,4,위탁관리,2,(주)상우시스템,위탁관리,2,(주)청아시스템,차량수거방식,위탁관리,비앤비클린
A14077901,위탁관리,5,위탁관리,6,에스원,위탁관리,6,피케이와이(주),차량수거방식,위탁관리,(유)굿모닝대양
A14077902,위탁관리,37,위탁관리,35,에스텍시스템,위탁관리,37,(주)타워피엠씨,차량수거방식,위탁관리,세스코
A14082302,위탁관리,4,위탁관리,6,웅산산업개발(주),위탁관리,3,세움(주),차량수거방식,위탁관리,티엔크린(주)
A14082601,자치관리,4,자치관리,5,,자치관리,3,,차량수거방식,위탁관리,(주)동진엠엔에스
A14083101,위탁관리,3,위탁관리,2,(주)피누스이앤씨,위탁관리,3,새롬에스앤씨(주),거점장비수거방식,위탁관리,(주)다빈환경
A14085002,위탁관리,8,위탁관리,12,(주)듀델코리아,위탁관리,3,듀델코리아,음식물쓰레기종량제,위탁관리,성산산업개발
A14085101,위탁관리,4,위탁관리,4,향우종합관리,위탁관리,3,,음식물쓰레기종량제,위탁관리,서림주택관리(주)
A14085501,위탁관리,7,위탁관리,6,삼우안전관,위탁관리,5,,차량수거방식,위탁관리,
A14086001,위탁관리,9,위탁관리,22,듀델코리아,위탁관리,7,주식회사인동,음식물쓰레기종량제,위탁관리,(주)지산아이엔씨
A14086101,자치관리,7,자치관리,8,,위탁관리,5,을지종합관리,,위탁관리,동진엠엔애스
A14088201,위탁관리,9,위탁관리,13,(주)이엠피서비스,위탁관리,9,(주)홈스웰,음식물쓰레기종량제,위탁관리,주)휘성
A14090902,자치관리,7,위탁관리,7,웅산산업개발주식회사,위탁관리,5,주식회사 태경종합관리,음식물쓰레기종량제,위탁관리,
A14206001,위탁관리,3,위탁관리,3,백송종합관리,위탁관리,2,(주)대한,음식물쓰레기종량제,위탁관리,나라개발
A14206002,위탁관리,4,위탁관리,4,(주)국제안전시스템,위탁관리,2,(주)유현종합관리(동아씨스템),거점장비수거방식,위탁관리,(주)굿에어테크
A14206003,위탁관리,12,위탁관리,23,(주)혜진종합관리,위탁관리,11,,차량수거방식,위탁관리,
A14206201,위탁관리,4,위탁관리,3,(주)듀델코리아,위탁관리,2,(주)듀델코리아,음식물쓰레기종량제,위탁관리,삼우안전관리(주)
A14206202,위탁관리,7,위탁관리,16,주식회사 경진이앤지,위탁관리,8,(주)인동,차량수거방식,위탁관리,(주)태양지앤씨
A14206301,위탁관리,4,위탁관리,2,국제안전관리,자치관리,2,,기타,위탁관리,굿에어테크
A14206302,위탁관리,3,위탁관리,2,(주)승학,위탁관리,2,(주)승학,음식물쓰레기종량제,위탁관리,주식회사동명환경
A14206303,위탁관리,3,위탁관리,2,(주)듀델코리아,위탁관리,2,(주)덕우,음식물쓰레기종량제,위탁관리,덕정환경
A14206305,위탁관리,4,위탁관리,2,(주)대온관리,위탁관리,2,대온관리,음식물쓰레기종량제,위탁관리,미래에이비엠
A14206306,위탁관리,4,위탁관리,3,(주)한국경영관리,위탁관리,3,,차량수거방식,위탁관리,
A14206307,위탁관리,4,위탁관리,4,(주)태양삼차원환경,위탁관리,4,(주)엘림테크,음식물쓰레기종량제,위탁관리,㈜태영종합관리
A14206310,위탁관리,10,위탁관리,4,(주)대덕개발,위탁관리,6,,음식물쓰레기종량제,위탁관리,
A14207201,위탁관리,2,위탁관리,2,(주)세연종합관리,위탁관리,1,(주)세연종합관리,음식물쓰레기종량제,위탁관리,(주)진도프로인
A14207202,위탁관리,6,위탁관리,6,남경종합관리(주),위탁관리,6,국제건물관리(주),음식물쓰레기종량제,위탁관리,태영건물종합관리(주)
A14207203,위탁관리,11,위탁관리,16,(주)피누스이앤씨,위탁관리,14,국제관리(주),음식물쓰레기종량제,위탁관리,거문환경(주)
A14209001,위탁관리,4,위탁관리,4,한국보안컨설팅(주),위탁관리(직영+위탁),3,세화종합관리,음식물쓰레기종량제,위탁관리,태은환경
A14210001,위탁관리,5,위탁관리,4,삼우안전관리(유),위탁관리,2,,음식물쓰레기종량제,위탁관리,
A14210002,위탁관리,10,위탁관리,18,(주)상우시스템,위탁관리,15,(주)한빛종합관리,차량수거방식,위탁관리,(주)와이브이시스템
A14270301,위탁관리,4,위탁관리,5,(주)진성관리,위탁관리,3,(주)진성관리,차량수거방식,위탁관리,(주)굿에어테크
A14272303,위탁관리,5,위탁관리,4,(유)현대관리시스템,위탁관리,4,청아시스템(주),기타,위탁관리,(주)HT서비스
A14272304,위탁관리,21,위탁관리,37,에스케이쉴더스(주),위탁관리,51,,음식물쓰레기종량제,위탁관리,
A14272305,위탁관리,11,위탁관리,11,(주)에스원,위탁관리,16,(주)에코그린티엠,음식물쓰레기종량제,위탁관리,(주)한진환경
A14272306,위탁관리,8,위탁관리,16,현대관리시스템,위탁관리,9,(주)세원,음식물쓰레기종량제,위탁관리,(주)청정티엠에스
A14272307,위탁관리,4,위탁관리,4,(주)진흥관리시스템,위탁관리,2,(주)동진종합 시스템,차량수거방식,위탁관리,한솔환경
A14272308,위탁관리,10,위탁관리,9,에스원,위탁관리,16,남경종합관리(주),음식물쓰레기종량제,위탁관리,(주)청정티엠에스
A14272309,위탁관리,10,위탁관리,12,에스케이쉴더스,위탁관리,14,태영건물종합관리(주),차량수거방식,위탁관리,(주)지산아이앤씨
A14272310,위탁관리,4,위탁관리,4,(주)이오티앤디,위탁관리,3,(주)이오티앤디,차량수거방식,위탁관리,(주)진도프로인
A14272311,위탁관리,9,위탁관리,7,삼우안전관리(유),위탁관리,6,승인산업,차량수거방식,위탁관리,진도프로인
A14272313,위탁관리,5,위탁관리,6,(주)홈스웰,위탁관리,5,(주)홈스웰,차량수거방식,위탁관리,휘성
A14272314,위탁관리,11,위탁관리,11,(주)에스원,위탁관리,19,(주)두원에이엔씨,음식물쓰레기종량제,위탁관리,(주)거영그린힐
A14276311,위탁관리,11,위탁관리,8,(주)오케이시스템,위탁관리,5,(주)대덕개발,음식물쓰레기종량제,위탁관리,(주)좋은서비스
A14277601,위탁관리,5,위탁관리,4,웅산산업개발(주),위탁관리,3,에이스시설관리(주),음식물쓰레기종량제,위탁관리,청정티엠에스
A14278101,위탁관리,6,위탁관리,8,(주)혜진종합관리,위탁관리,4,(주)대온관리,거점장비수거방식,위탁관리,(주)휘성
A14280502,위탁관리,5,위탁관리,6,(주)혜진종합관리,위탁관리,5,(주)유현종합관리,음식물쓰레기종량제,위탁관리,(주)휘성
A14281701,자치관리,4,위탁관리,2,웅산산업개발,위탁관리,3,듀델코리아 ,음식물쓰레기종량제,위탁관리,태양방역
A14282301,위탁관리,3,위탁관리,4,백송종합관리,위탁관리,2,(주)에이치엠씨,음식물쓰레기종량제,위탁관리,(주)동진엠엔에스
A14286104,위탁관리,3,위탁관리,3,(주)더지엠에스,위탁관리,3,토우에스이엠,음식물쓰레기종량제,위탁관리,공간종합관리
A14286108,위탁관리,4,위탁관리,6,남경종합관리,위탁관리,4,,음식물쓰레기종량제,위탁관리,
A14286203,위탁관리,9,위탁관리,6,(주)세이프원,위탁관리,5,(주)태성공사,기타,위탁관리,(유)정원토탈
A14287102,자치관리,4,자치관리,4,,위탁관리,3,듀델코리아,음식물쓰레기종량제,위탁관리,(주)성산산업개발
A14313001,자치관리,4,자치관리,3,,자치관리,1,,음식물쓰레기종량제,자치관리,
A14319001,위탁관리,2,위탁관리,4,(주)국보종합관리,위탁관리,2,(주)국보종합관리,음식물쓰레기종량제,위탁관리,CH환경개발
A14319002,자치관리,2,자치관리,2,자치관리,자치관리,1,,음식물쓰레기종량제,위탁관리,
A14319003,자치관리,3,자치관리,4,,자치관리(직영),2,,음식물쓰레기종량제,위탁관리,그린피아한성
A14319005,위탁관리,3,위탁관리,2,(주)신현대관리,위탁관리,2,(주)신현대관리,음식물쓰레기종량제,위탁관리,(주)신웅환경시스템
A14319006,위탁관리,4,위탁관리,3,한국보안컨설팅,위탁관리,2,동아기업환경(주),음식물쓰레기종량제,위탁관리,더자람
A14319007,위탁관리,2,위탁관리(직영+위탁),2,유원종합관리(주),위탁관리,3,중림개발(주),음식물쓰레기종량제,위탁관리,(주)천호서비스
A14319008,위탁관리,4,위탁관리,4,인덕종합관리,위탁관리,3,(주)세이프원,음식물쓰레기종량제,위탁관리,덕정환경
A14319009,위탁관리,4,위탁관리,4,듀델코리아,위탁관리,3,듀델코리아,거점장비수거방식,위탁관리,(주)21세기매니지먼트
A14319010,위탁관리,5,위탁관리,4,(주)승학,위탁관리,3,신한영관리(주),차량수거방식,위탁관리,(주)덕정환경
A14319011,위탁관리,6,위탁관리,12,예주산업,위탁관리,5,한국보안컨설팅(주),음식물쓰레기종량제,위탁관리,나라개발(주)
A14319012,위탁관리,26,위탁관리,26,에스텍,위탁관리,32,승인산업,음식물쓰레기종량제,위탁관리,(주)태영
A14319201,위탁관리,3,위탁관리,2,서림주택관리(주),위탁관리,1,,음식물쓰레기종량제,위탁관리,
A14319203,위탁관리,4,위탁관리,4,(주)듀델코리아,위탁관리,3,(주)듀델코리아,차량수거방식,위탁관리,대양디아이(주)
A14319204,위탁관리,5,위탁관리,4,세연종합관리(주),위탁관리,4,세연종합관리(주),차량수거방식,위탁관리,(주)씨엔
A14319301,위탁관리,2,위탁관리,2,미래에이비엠,위탁관리,2,,음식물쓰레기종량제,위탁관리,
A14319302,위탁관리,3,위탁관리(직영+위탁),4,웅산산업개발주식회사,위탁관리(직영+위탁),2,(주)에이스시설관리,음식물쓰레기종량제,위탁관리,대양환경
A14319303,위탁관리,3,위탁관리,2,백송,위탁관리,3,대신관리,음식물쓰레기종량제,위탁관리,동부이앤피
A14319305,위탁관리,8,위탁관리,10,세이프원,위탁관리,5,,음식물쓰레기종량제,위탁관리,
A14319306,위탁관리(직영+위탁),5,위탁관리,6,에스원,위탁관리,4,(주)두원,음식물쓰레기종량제,위탁관리,(주)씨앤
A14319307,위탁관리,4,위탁관리,4,(주)승학,위탁관리,3,원광,음식물쓰레기종량제,위탁관리,21세기매니지먼트
A14319311,위탁관리,6,자치관리(직영),8,,위탁관리,6,(주)미래에이비엠,거점장비수거방식,위탁관리,(주)미래에이비엠
A14320001,위탁관리,3,위탁관리,3,한국보안컨설팅,위탁관리(직영+위탁),3,이데아그룹,기타,위탁관리,(주)휘성
A14320002,위탁관리,8,위탁관리,7,sk쉴더스 주식회사,위탁관리,6,주)홈스웰,음식물쓰레기종량제,위탁관리,주)한빛티에스
A14320302,위탁관리,5,위탁관리,6,신한영주택관리(주),위탁관리,4,국제건물관리(주),차량수거방식,위탁관리,(주)진도프로인
A14320304,위탁관리,17,위탁관리,32,(주)신현대관리,위탁관리,15,,음식물쓰레기종량제,위탁관리,
A14321001,위탁관리,5,위탁관리,3,(주)동남시큐리티,위탁관리,3,세연종합관리,음식물쓰레기종량제,위탁관리,대양디아이(주)
A14322001,위탁관리,2,위탁관리,4,웅산산업개발,위탁관리,2,에이스시설관리(주),차량수거방식,위탁관리,에이스시설관리(주)
A14375301,위탁관리,8,위탁관리,7,(주)에스원동부,위탁관리,7,삼우안전관리(유),차량수거방식,위탁관리,(주)동진엠엔에스
A14375302,위탁관리,4,위탁관리,3,율산개발(유),위탁관리,3,율산개발,음식물쓰레기종량제,위탁관리,미래에이비엠
A14376501,위탁관리,3,자치관리,2,,자치관리,2,,거점장비수거방식,위탁관리,21세기매니지먼트
A14377402,위탁관리,5,위탁관리,4,(주)이오티엔디,자치관리,5,,차량수거방식,위탁관리,휘성(주)
A14380211,자치관리,19,자치관리,44,,자치관리(직영),10,,거점장비수거방식,위탁관리,대양디아이(주)
A14380409,위탁관리,10,위탁관리,14,(주)신현대관리,위탁관리,5,밝은티에스,음식물쓰레기종량제,위탁관리,와이브이시스템
A14380414,위탁관리,14,위탁관리(직영+위탁),20,율산개발(유),위탁관리,9,(주)효명종합관리,음식물쓰레기종량제,위탁관리,(유)우원티엠
A14380605,위탁관리,4,위탁관리,5,한국에셋솔루션,위탁관리,3,한국에셋솔루션,음식물쓰레기종량제,위탁관리,청정티엠에스
A14381407,위탁관리,5,위탁관리,8,한국보안컨설팅,위탁관리,4,(주)미래에이비엠,음식물쓰레기종량제,위탁관리,(주)청정티엠에스
A14381415,위탁관리,9,위탁관리,22,인덕종합관리,위탁관리,8,(주)태양삼차원환경,차량수거방식,위탁관리,티엔크린(주)
A14381504,위탁관리,4,위탁관리,3,(주)현대개발,위탁관리,2,(주)현대개발,음식물쓰레기종량제,위탁관리,(주)힌빛티에스
A14381506,위탁관리,4,위탁관리,10,듀델코리아,위탁관리,4,㈜세이프원,차량수거방식,위탁관리,한빛티에스
A14381508,자치관리,5,자치관리,5,,위탁관리,4,와이번스,음식물쓰레기종량제,위탁관리,나라개발
A14381510,자치관리,5,자치관리,8,,자치관리,5,,음식물쓰레기종량제,위탁관리,광성환경
A14381512,위탁관리,6,위탁관리,,신화비엠씨,자치관리,4,,음식물쓰레기종량제,위탁관리,
A14381513,위탁관리,6,위탁관리,6,세연종합관리(주),위탁관리,6,(주)인동,음식물쓰레기종량제,위탁관리,(주)동진엠엔에스
A14381516,자치관리,9,자치관리,18,,위탁관리,11,(주)두원에이엔씨,음식물쓰레기종량제,위탁관리,(주)좋은서비스
A14382101,위탁관리,6,위탁관리,3,(주)한국주택시설관리,위탁관리,6,(주)한국주택시설관리,음식물쓰레기종량제,위탁관리,(주)한국주택시설관리
A14383203,위탁관리,5,위탁관리,8,웅산산업개발주식회사,위탁관리,4,에이스시설관리(주),음식물쓰레기종량제,위탁관리,대양디아이(주)
A14383205,위탁관리,11,위탁관리,32,유한회사 탄천산업,위탁관리,16,,차량수거방식,위탁관리,
A14383901,위탁관리,4,위탁관리,7,인덕종합관리,위탁관리,3,인덕종합관리,음식물쓰레기종량제,위탁관리,(주)휘성
A14386109,위탁관리,4,위탁관리,6,에코그린티엠,위탁관리,3,국보종합관리,음식물쓰레기종량제,위탁관리,동부이엔피
A14386110,자치관리,5,위탁관리,8,이엠피 서비스(주),위탁관리,5,,음식물쓰레기종량제,위탁관리,
A14386802,위탁관리,4,위탁관리,2,(주)홈스웰,위탁관리,3,홈스웰,음식물쓰레기종량제,위탁관리,(주)씨앤
A14387605,자치관리,7,자치관리,14,,위탁관리,6,한빛티에스,차량수거방식,위탁관리,한빛티에스
A14388204,위탁관리,4,위탁관리,4,한국보안컨설팅(주),위탁관리,2,(유)우원티엠,차량수거방식,위탁관리,"(주)피누스이앤씨, (주)더자람"
A14388208,위탁관리,4,위탁관리,5,세이프원,위탁관리,3,세이프원,음식물쓰레기종량제,위탁관리,한국종합컨설팅
A15001001,자치관리,4,위탁관리,2,두원에이앤씨,위탁관리,2,,음식물쓰레기종량제,위탁관리,
A15001003,자치관리,6,자치관리(직영),16,,자치관리(직영),2,,음식물쓰레기종량제,위탁관리,
A15001004,자치관리,4,위탁관리,10,이엠피서비스,위탁관리,3,,기타,위탁관리,
A15001005,위탁관리,10,위탁관리,10,가엘S&S,자치관리,10,,음식물쓰레기종량제,위탁관리,청정티엠에스
A15001009,자치관리,6,자치관리,18,,위탁관리,3,,,위탁관리,
A15001012,자치관리,7,자치관리,14,,자치관리(직영),3,,음식물쓰레기종량제,위탁관리,아세아환경
A15001016,자치관리,8,위탁관리,21,(주)이엠피서비스,위탁관리,6,아세아환경,음식물쓰레기종량제,위탁관리,아세아환경
A15001019,자치관리,18,자치관리,36,,위탁관리,9,2025.1.1-2025.12.31,음식물쓰레기종량제,위탁관리,현대종합관리
A15001020,자치관리,14,자치관리,32,,위탁관리,8,,음식물쓰레기종량제,위탁관리,
A15003001,위탁관리,4,위탁관리,4,주식회사 건은휴넥스,위탁관리,3,(주)한강티에스,음식물쓰레기종량제,위탁관리,(주)성산산업개발
A15003002,위탁관리,17,위탁관리,24,(주)듀델코리아,위탁관리,22,(주)한강티에스,거점장비수거방식,위탁관리,
A15003701,자치관리,6,위탁관리,8,(주)푸른안전산업,위탁관리,7,밝은티에스,기타,위탁관리,동아기업환경
A15003801,위탁관리,5,위탁관리,6,이데아그룹,위탁관리,5,이데아그룹,음식물쓰레기종량제,위탁관리,주)국보종합관리
A15003802,위탁관리,5,위탁관리,6,에스씨 월드,위탁관리,5,삼우 안전관리,음식물쓰레기종량제,위탁관리,태은환경
A15004101,위탁관리,2,위탁관리,2,태림주택종합관리(주),위탁관리,2,미진환경,차량수거방식,위탁관리,미진환경
A15004201,위탁관리,7,위탁관리,2,인덕종합관리(주),위탁관리,3,인덕종합관리,차량수거방식,위탁관리,피누스이앤시
A15004202,위탁관리,8,위탁관리,8,경진이앤지,위탁관리,8,삼우안전관리(유),차량수거방식,위탁관리,(주)씨앤
A15004403,위탁관리,4,위탁관리,4,새롬씨큐리티,위탁관리,3,(주)인성종합관리,거점장비수거방식,위탁관리,성산산업개발
A15004405,위탁관리,4,위탁관리,6,(주)경진이엔지,위탁관리,4,(주)현대종합관리,거점장비수거방식,위탁관리,(주)성산산업개발
A15004406,자치관리,6,자치관리,8,,위탁관리,5,삼우안전관리,거점장비수거방식,위탁관리,대양C&G
A15004501,위탁관리,3,위탁관리,2,탑종합관리,위탁관리,3,우창개발,음식물쓰레기종량제,위탁관리,티엔크린
A15004502,위탁관리,5,위탁관리,0,(주)이데아그룹,자치관리(직영),1,,음식물쓰레기종량제,위탁관리,새롬에스엔씨
A15004503,위탁관리,2,위탁관리,6,(주)이데아그룹,위탁관리,2,(주)이데아그룹,음식물쓰레기종량제,위탁관리,(주)태강티엠에스
A15004505,위탁관리,11,위탁관리,8,한국보안컨설팅(주),위탁관리,5,대한종합개발,거점장비수거방식,위탁관리,우원방재
A15004506,위탁관리,4,위탁관리,6,명신주택관리(주),위탁관리,4,위더스엔(주),음식물쓰레기종량제,위탁관리,좋은서비스
A15004507,위탁관리,11,위탁관리,14,(주)세이프원,위탁관리,18,(주)더지엠에스,음식물쓰레기종량제,위탁관리,삼우안전관리 유한책임회사
A15005001,위탁관리,5,위탁관리,10,(주)디엠지관리,위탁관리,5,(주)디엠지관리,음식물쓰레기종량제,위탁관리,(주)세영에이앤씨
A15005002,위탁관리,4,위탁관리,2,한성,위탁관리,2,태광csm,차량수거방식,위탁관리,성산산업개발
A15005102,위탁관리,5,위탁관리,2,(주)에코그린TM,위탁관리,1,,음식물쓰레기종량제,위탁관리,
A15005301,위탁관리,4,위탁관리,4,남경종합관리(주),위탁관리,4,태림주택종합관리,거점장비수거방식,위탁관리,주)태강티엠에스
A15005302,자치관리,4,위탁관리,6,희망코리아(주),위탁관리,5,희망코리아(주),거점장비수거방식,위탁관리,세영씨앤씨
A15005303,위탁관리,5,위탁관리,9,태영건물종합관리(주),위탁관리,7,(주)우창개발,음식물쓰레기종량제,위탁관리,(주)삼우서비스
A15005401,위탁관리,4,위탁관리,3,다보산업관리,위탁관리,2,위더스엔,음식물쓰레기종량제,위탁관리,진도프로인
A15005402,위탁관리,8,위탁관리,12,백송종합관리,위탁관리,8,,음식물쓰레기종량제,위탁관리,
A15005501,위탁관리,5,위탁관리,4,세계보안,위탁관리,3,,차량수거방식,위탁관리,
A15005602,위탁관리,3,위탁관리,4,(주)한영파트너스,자치관리,1,,음식물쓰레기종량제,위탁관리,대양디아이
A15005603,위탁관리,5,위탁관리,4,희망코리아(주),위탁관리,3,(주)우진개발환경,음식물쓰레기종량제,위탁관리,(주)동진엠엔에스
A15005705,위탁관리,13,위탁관리,22,(주)쌍용개발,위탁관리,10,,음식물쓰레기종량제,위탁관리,
A15007002,위탁관리,4,위탁관리,3,두원에이엔씨,자치관리(직영),2,,음식물쓰레기종량제,위탁관리,
A15007101,위탁관리,2,위탁관리,2,유한회사 탄천산업,위탁관리,2,유한회사 탄천산업,차량수거방식,위탁관리,유한회사 우원티엠
A15007201,위탁관리,5,위탁관리,6,세연종합관리,위탁관리,7,열린서비스,기타,위탁관리,(주)덕정
A15009201,위탁관리,5,위탁관리,6,(주)세연종합관리,위탁관리,2,(주)세연종합관리,거점장비수거방식,위탁관리,(주)성산개발
A15009401,위탁관리,3,위탁관리,3,주식회사 동익,위탁관리,2,예주산업,음식물쓰레기종량제,위탁관리,성산산업개발
A15009402,위탁관리,4,위탁관리,3,듀델코리아,위탁관리,4,듀델코리아,음식물쓰레기종량제,위탁관리,성산산업
A15009502,위탁관리,2,위탁관리,2,세연종합관리,위탁관리,2,우리들관리,기타,위탁관리,새롬에스앤씨(주)
A15009503,위탁관리,2,위탁관리,3,푸른안전산업,위탁관리,2,(주)이데아그룹,거점장비수거방식,위탁관리,성산산업개발(주)
A15009504,위탁관리,4,위탁관리,4,㈜세계보안관리시스템,위탁관리,3,㈜두원에이앤씨,음식물쓰레기종량제,위탁관리,㈜성산산업개발
A15009505,위탁관리,3,위탁관리,6,에크그린티엠,위탁관리,3,위더스엔(주),거점장비수거방식,위탁관리,은광서비스
A15009601,위탁관리,3,위탁관리(직영+위탁),3,,위탁관리(직영+위탁),2,,음식물쓰레기종량제,위탁관리,
A15009602,위탁관리,4,위탁관리,2,(주)한빛관리,위탁관리,2,한빛종합관리,거점장비수거방식,위탁관리,(주)거문환경
A15009603,위탁관리,4,위탁관리(직영+위탁),4,광인산업(주),위탁관리,2,제일환경,음식물쓰레기종량제,위탁관리,새롬에스엔씨
A15009604,위탁관리,4,위탁관리,4,대원에스테이트,위탁관리,2,우인성업,음식물쓰레기종량제,위탁관리,새롬에스앤시
A15009605,위탁관리,4,위탁관리,4,유진토탈(주),위탁관리,3,정다운 세상(주),음식물쓰레기종량제,위탁관리,(주)세양
A15009606,위탁관리,4,위탁관리,2,두원에이앤씨(주),위탁관리,3,삼정알엠씨(주),음식물쓰레기종량제,위탁관리,세영에이앤씨(주)
A15009607,위탁관리,4,위탁관리,3,유원종합관리주식회사,위탁관리,3,,음식물쓰레기종량제,위탁관리,
A15010201,위탁관리,2,위탁관리,2,(주)한얼관리,위탁관리,1,(주)한얼관리,음식물쓰레기종량제,위탁관리,(주)한얼관리
A15010202,위탁관리,5,위탁관리,4,남경종합관리(주),위탁관리,4,엘림에스 유한책임회사,음식물쓰레기종량제,위탁관리,태강티엠에스
A15010203,위탁관리,4,위탁관리,6,,위탁관리,3,,음식물쓰레기종량제,위탁관리,
A15010301,위탁관리,2,위탁관리(직영+위탁),2,율산개발,위탁관리,2,한영파트너스,거점장비수거방식,위탁관리,대양환경
A15010302,위탁관리,2,관리방식미정,2,,관리방식미정,2,,음식물쓰레기종량제,위탁관리,동서환경(주)
A15010303,위탁관리,3,위탁관리,2,에이제이대원,자치관리(직영),2,,음식물쓰레기종량제,위탁관리,
A15010304,위탁관리,3,위탁관리,2,뉴맨테크,위탁관리,2,신한영관리(주),음식물쓰레기종량제,위탁관리,세영에에엔시
A15010305,위탁관리,4,위탁관리,4,동익(주),위탁관리,3,엘림에스(주),거점장비수거방식,위탁관리,(주)성산산업개발
A15010306,위탁관리,6,위탁관리,6,(주)듀델코리아,위탁관리,4,(주)우리들관리,음식물쓰레기종량제,위탁관리,(주)그린피아한성
A15010307,위탁관리,7,위탁관리,7,(주)이엠피서비스,위탁관리,7,유한회사 탄천산업,음식물쓰레기종량제,위탁관리,칼라즈(주)
A15010501,위탁관리,3,위탁관리,4,(주)듀델코리아,위탁관리,2,,음식물쓰레기종량제,위탁관리,
A15010502,위탁관리,11,위탁관리,14,(주)세이프원,위탁관리,10,(주)세이프원,거점장비수거방식,위탁관리,(주)에스앤산업
A15010601,위탁관리,4,위탁관리(직영+위탁),2,일신주택관리(주),위탁관리,2,(주)우리들관리,거점장비수거방식,위탁관리,한솔이앤씨
A15010602,위탁관리,3,자치관리(직영),4,,위탁관리,3,위더스엔주식회사,차량수거방식,위탁관리,(주)한영방재
A15072001,위탁관리,4,위탁관리,4,(주)세계보안관리,위탁관리,3,인성종합관리,거점장비수거방식,위탁관리,동진엠앤에스
A15072002,위탁관리(직영+위탁),4,위탁관리,2,승학,위탁관리,2,위더스엔,,위탁관리,한솔관리
A15072201,위탁관리,5,위탁관리,4,밝은티에스,위탁관리,4,밝은티에스,음식물쓰레기종량제,위탁관리,좋은생활환경
A15076301,위탁관리,10,자치관리(직영),9,,자치관리(직영),9,,거점장비수거방식,위탁관리,주)세영
A15076302,위탁관리,12,위탁관리,19,홈스웰,위탁관리,12,우리관리주식회사,차량수거방식,위탁관리,(주)다인서비스
A15076702,위탁관리,8,위탁관리,10,우창개발,위탁관리,8,,차량수거방식,위탁관리,
A15080002,위탁관리,5,위탁관리,8,(주)이오티앤디,위탁관리,3,(주)크린텍종합관리,음식물쓰레기종량제,위탁관리,(주)청정티엠에스
A15080204,위탁관리,5,위탁관리,6,코리아종합관리(주),위탁관리,3,우리들관리,음식물쓰레기종량제,위탁관리,(주)성우
A15080205,위탁관리,5,위탁관리,6,(주)엘림테크,위탁관리,4,남경종합관리(주),음식물쓰레기종량제,위탁관리,(주)태강티엠에스
A15080402,위탁관리,3,위탁관리,4,(주)조현시스템,위탁관리,1,,거점장비수거방식,자치관리,
A15080501,위탁관리,4,위탁관리,4,혜진종합관리(주),위탁관리,2,청아시스템(주),음식물쓰레기종량제,위탁관리,성산산업개발
A15080507,위탁관리,8,위탁관리,14,(주)승학,위탁관리,10,(유)굿모닝대양,거점장비수거방식,위탁관리,(유)굿모닝대양
A15081001,자치관리,5,자치관리,6,,자치관리,4,,음식물쓰레기종량제,위탁관리,
A15081002,위탁관리,7,위탁관리,8,듀델코리아,위탁관리,10,와이번스안전관리,거점장비수거방식,위탁관리,(주)와이브이시스템
A15081105,위탁관리,5,위탁관리,8,듀델코리아,위탁관리,4,두원에이앤씨,음식물쓰레기종량제,위탁관리,동진엠에에스
A15081107,위탁관리,15,위탁관리,19,듀델코리아,위탁관리,10,듀델코리아,기타,위탁관리,좋은서비스
A15081201,위탁관리,3,위탁관리,2,광인산업(주),위탁관리,2,(주)세연종합관리,음식물쓰레기종량제,위탁관리,(주)성산산업개발
A15081503,위탁관리,5,위탁관리,10,(주)경진이앤지,위탁관리,3,,거점장비수거방식,위탁관리,
A15081602,자치관리,4,자치관리,4,,위탁관리,2,,음식물쓰레기종량제,위탁관리,
A15081604,위탁관리,5,위탁관리,6,(주)원광,위탁관리,3,우리들관리,음식물쓰레기종량제,위탁관리,정다운세상
A15081606,위탁관리,5,위탁관리,9,경진이앤지,위탁관리,4,에이스시설관리(주),음식물쓰레기종량제,위탁관리,(주)The자람
A15081802,위탁관리,3,위탁관리,2,듀델코리아,위탁관리,2,듀델코리아,거점장비수거방식,위탁관리,
A15083201,자치관리,3,위탁관리,2,(주)이오티앤디,위탁관리,2,이오티앤디,음식물쓰레기종량제,위탁관리,성산산업
A15083202,위탁관리,4,위탁관리,4,우창개발,위탁관리,4,우창개발,음식물쓰레기종량제,위탁관리,성산산업개발
A15083404,위탁관리,11,위탁관리,22,한국보안컨설팅(주),위탁관리,10,엘림에스(유),거점장비수거방식,위탁관리,에이스나무병원
A15083601,위탁관리,4,위탁관리,3,경진이앤지,위탁관리,3,(주)두원에이앤씨,음식물쓰레기종량제,위탁관리,(주)청정티엠에스
A15083602,위탁관리,4,위탁관리,6,(주)이오티엔디,위탁관리,3,(유)우원티엠,음식물쓰레기종량제,위탁관리,(주)동진엠엠에스
A15083603,위탁관리,9,위탁관리,10,조은세이프,위탁관리,9,,음식물쓰레기종량제,위탁관리,
A15083701,위탁관리,2,위탁관리(직영+위탁),2,산한영관리,자치관리,1,,음식물쓰레기종량제,자치관리,
A15083703,자치관리,4,위탁관리,4,이데아그룹,위탁관리,5,,음식물쓰레기종량제,위탁관리,
A15085404,위탁관리,5,위탁관리,8,이데아그룹,위탁관리,4,(주)에코그린티엠,차량수거방식,위탁관리,(주)성산산업개발
A15086001,위탁관리,3,위탁관리(직영+위탁),2,(주)한빛종합관리,위탁관리(직영+위탁),2,(주)한빛종합관리,음식물쓰레기종량제,위탁관리,(주)다빈환경
A15086004,자치관리,5,자치관리(직영),9,,자치관리(직영),3,,음식물쓰레기종량제,위탁관리(직영+위탁),동진엠에스
A15086006,위탁관리,6,위탁관리,8,(주)듀델코리아,위탁관리,5,(주)미래에이비엠,음식물쓰레기종량제,위탁관리,(주)동진엠엔에스
A15086007,위탁관리,6,위탁관리,9,굿모닝대양,위탁관리,6,,음식물쓰레기종량제,위탁관리,
A15086201,위탁관리,2,위탁관리,2,일신주택관리(주),위탁관리,2,(유)대주에이치알,음식물쓰레기종량제,위탁관리,(주)휘성
A15086202,위탁관리,5,위탁관리,10,(주)경진관리,위탁관리,5,,거점장비수거방식,위탁관리,
A15086601,위탁관리,2,위탁관리,3,(주)한영파트너스FH,위탁관리,2,(주)한영파트너스FH,음식물쓰레기종량제,위탁관리,(유)굿모닝대양
A15086603,위탁관리,4,위탁관리,4,(주)혜진종합관리,위탁관리,4,삼우안전관리(유),음식물쓰레기종량제,위탁관리,굿모닝대양(주)
A15086702,위탁관리,3,위탁관리,2,성화개발(주),위탁관리,2,성화개발(주),음식물쓰레기종량제,위탁관리,한일환경
A15088208,자치관리,6,자치관리,6,,자치관리,2,,음식물쓰레기종량제,위탁관리,
A15088614,위탁관리,11,위탁관리,8,(주)무림하우징,위탁관리,12,(주)두원에이앤씨,차량수거방식,위탁관리,아세아환경(주)
A15088717,자치관리,8,위탁관리,21,삼우안전관리(유),위탁관리,7,(주)이데아그룹,음식물쓰레기종량제,위탁관리,삼우서비스(주)
A15088802,자치관리,4,자치관리(직영),6,,자치관리(직영),2,,음식물쓰레기종량제,위탁관리,오티스엘리베이터
A15088915,위탁관리,12,위탁관리,11,(주)세안텍스,위탁관리,18,(주)세안텍스,거점장비수거방식,위탁관리,대우지엔엠
A15088918,자치관리,10,위탁관리,31,이데아그룹,자치관리,9,,거점장비수거방식,위탁관리,에스앤산업
A15089307,위탁관리,10,위탁관리,8,인덕종합관리,위탁관리,8,삼우안전관리,거점장비수거방식,위탁관리,나라개발시스템
A15089411,자치관리,7,자치관리,12,,자치관리,3,,,위탁관리,(주)아세아환경
A15089421,자치관리,23,위탁관리,55,(주)에스텍시스템,위탁관리,27,아세아환경(주),음식물쓰레기종량제,위탁관리,아세아환경(주)
A15089510,자치관리,6,자치관리,16,,위탁관리,3,아세아환경(주),거점장비수거방식,위탁관리,아세아환경(주)
A15089513,자치관리,6,위탁관리,8,한국보안컨설팅,위탁관리,3,,음식물쓰레기종량제,위탁관리,
A15095001,자치관리,2,위탁관리,3,(주)푸른안전산업,위탁관리,2,(주)피누스이엔씨,차량수거방식,위탁관리,(주)성우서비스
A15095002,위탁관리,2,위탁관리,2,성화개발,위탁관리,2,성화개발,음식물쓰레기종량제,위탁관리,한국종합환경컨설팅
A15096001,위탁관리,4,위탁관리,4,세이프원,위탁관리,2,국제건물관리(주),음식물쓰레기종량제,위탁관리,(주)동진엠엔에스
A15101101,위탁관리,5,위탁관리,7,한국보안컨설팅(주),위탁관리,5,성화개발,기타,위탁관리,대양디아이(주)
A15101501,위탁관리,1,위탁관리,4,위더스엔(주),위탁관리,2,위더스엔(주),차량수거방식,위탁관리,미래환경
A15101503,위탁관리,4,위탁관리,7,(주)경진이앤지,위탁관리,4,(주)서원씨에스 구.서원에이스,음식물쓰레기종량제,위탁관리,(주)성산산업개발
A15101504,위탁관리,25,위탁관리,28,(주)케이티팝스,위탁관리,26,주식회사 청원환경,차량수거방식,위탁관리,(주)삼우서비스
A15101505,위탁관리,2,자치관리,2,,자치관리(직영),2,,기타,위탁관리,미래에이비엠
A15101506,위탁관리,13,위탁관리,16,(유)와이번스안전시스템,위탁관리,12,(유)와이번스안전시스템,차량수거방식,위탁관리,(주)와이브이시스템
A15101507,위탁관리,8,위탁관리,6,(주)대한주택개발,위탁관리,5,(주)태영,차량수거방식,위탁관리,(주)좋은서비스
A15101508,위탁관리,16,위탁관리,18,(주)이데어그룹,위탁관리,15,(주)이데아그룹,차량수거방식,위탁관리,에이스나무병원 주식회사
A15101509,위탁관리,2,위탁관리,2,에스엠피티(주),위탁관리,1,에스알이엔씨,음식물쓰레기종량제,위탁관리,태강티엠에스
A15101702,위탁관리,5,위탁관리,3,주)나래종합관리,위탁관리,3,주)해광,음식물쓰레기종량제,위탁관리,주)지엘엠
A15101802,위탁관리,4,위탁관리,4,(주)듀델코리아,위탁관리,3,듀델코리아,음식물쓰레기종량제,위탁관리,한솔이앤씨
A15101901,위탁관리,4,자치관리,4,,위탁관리,2,,차량수거방식,위탁관리,미래환경
A15101903,자치관리,6,위탁관리,10,(주)에스원,위탁관리,7,(주)두원에이앤씨,차량수거방식,위탁관리,국보종합관리
A15102202,위탁관리,4,위탁관리,2,코리아이지텔,위탁관리,3,(주)청아시스템,차량수거방식,위탁관리,라이프티엠
A15102203,위탁관리,4,위탁관리,6,(주)인동,위탁관리,4,((주)우진개발환경,차량수거방식,위탁관리,미래환경
A15102902,위탁관리,4,위탁관리,3,오석SPS,위탁관리,2,한국주택시설관리(주),기타,위탁관리,대양디아이(주)
A15105004,위탁관리,6,위탁관리,10,(유)탄천산업,위탁관리,7,(주)피누스이앤씨,거점장비수거방식,위탁관리,(주)피누스이앤씨
A15105005,위탁관리,4,위탁관리,4,한국주택시설관리(주),위탁관리,3,한국주택시설관리(주),차량수거방식,위탁관리,(주)동진엠앤에스
A15105006,위탁관리,4,위탁관리,6,삼정알엠씨(주),위탁관리(직영+위탁),2,삼정알엠씨(주),차량수거방식,위탁관리,태인이앤지
A15105008,위탁관리,5,위탁관리,4,코리아이지텔,위탁관리,4,(주)라이프티엠,차량수거방식,위탁관리,(주)신광환경
A15105301,위탁관리,3,위탁관리,2,위더스엔(주),위탁관리,2,위더스엔(주),차량수거방식,위탁관리,대양디아이(주)
A15105302,위탁관리,12,위탁관리,24,(주)예주산업,위탁관리,18,(주)인성종합관리,차량수거방식,위탁관리,(주)다인서비스
A15105303,위탁관리,14,위탁관리,30,(유)굿모닝대양,위탁관리,18,(유)굿모닝대양,음식물쓰레기종량제,위탁관리,와이브이시스템
A15105503,위탁관리,10,위탁관리,10,예주산업(주),위탁관리,5,(주)코리아종합관리,차량수거방식,위탁관리,(주)진도프로인
A15105602,위탁관리,5,위탁관리,4,경진이앤지,위탁관리,2,(주)경진이앤지,음식물쓰레기종량제,위탁관리,(주)진도프로인
A15105603,위탁관리,13,위탁관리,16,(주)푸른안전산업,위탁관리,13,라포르,음식물쓰레기종량제,위탁관리,나무병원
A15106001,위탁관리,4,자치관리(직영),2,,자치관리(직영),2,,거점장비수거방식,위탁관리,(주) 라이프 티엠
A15106101,위탁관리,3,위탁관리(직영+위탁),3,유원종합관리(주),위탁관리,2,중림개발,음식물쓰레기종량제,위탁관리,한국종합방재
A15106103,위탁관리,4,위탁관리,4,나래종합관리,위탁관리,4,(주)에코그린티엠,차량수거방식,위탁관리,동진MS
A15106901,위탁관리,13,위탁관리,28,경진이앤지,위탁관리,19,탄천산업,음식물쓰레기종량제,위탁관리,삼우서비스주식회사
A15108001,위탁관리,1,위탁관리,4,남광개발,위탁관리,2,더지엠에스,음식물쓰레기종량제,위탁관리,대성소독
A15108003,위탁관리,3,위탁관리,12,대성티엠씨 주식회사,위탁관리,2,온마을,차량수거방식,위탁관리,(주)씨에스엠글로
A15176202,위탁관리,9,위탁관리,16,우창개발,위탁관리,15,(주)우창개발,음식물쓰레기종량제,위탁관리,와이브이시스템
A15176602,위탁관리,4,위탁관리,2,광운티엠에스,자치관리(직영),2,,음식물쓰레기종량제,위탁관리,(주)라이프티엠
A15176701,위탁관리,6,위탁관리,10,(주)남경종합관리,위탁관리,5,태강티엠에스,음식물쓰레기종량제,위탁관리,(주) 태강티엠에스
A15177101,위탁관리,3,위탁관리,2,대한종합관리,위탁관리,1,(주)오케이시스템,음식물쓰레기종량제,위탁관리,미래환경
A15178201,위탁관리,13,위탁관리,36,대한종합관리(주),위탁관리,19,(주)피누스이앤씨,음식물쓰레기종량제,위탁관리,대양디아이(주)
A15178202,위탁관리,4,위탁관리,6,경진이앤지,위탁관리,3,(주)태영,거점장비수거방식,위탁관리,(주)티엠크린
A15178203,위탁관리,4,위탁관리,4,위더스엔(주),위탁관리,2,위더스엔(주),차량수거방식,위탁관리,(주)대양디아이
A15178204,위탁관리,6,위탁관리,6,(주)다원피엠씨,위탁관리,3,(주)다원피엠씨,음식물쓰레기종량제,위탁관리,(주)비앤비클린
A15179403,위탁관리,6,위탁관리,6,(주)태영,위탁관리,3,(주)태영,음식물쓰레기종량제,위탁관리,(주)
A15179701,위탁관리,5,위탁관리,5,듀델코리아,위탁관리,5,위더스엔,차량수거방식,위탁관리,성산개발
A15180701,위탁관리,4,위탁관리,3,(주)무림하우징,위탁관리,2,남경종합관리,차량수거방식,위탁관리,와이브이시스템
A15180705,위탁관리,25,위탁관리,25,(주)신현대관리,위탁관리,29,청아시스템,음식물쓰레기종량제,위탁관리,토우에스이엠
A15181602,위탁관리,2,자치관리,6,,자치관리,2,,거점장비수거방식,위탁관리,새롬
A15183001,위탁관리,5,위탁관리,4,엘림테크,위탁관리,3,엘림테크,차량수거방식,위탁관리,삼우방역
A15184101,위탁관리,4,위탁관리,5,(주)경진이앤지,위탁관리,4,(주)명원실업,차량수거방식,위탁관리,(주)창세환경
A15185201,위탁관리,3,,,,위탁관리,2,현대개발,음식물쓰레기종량제,위탁관리,태영
A15185704,자치관리,4,자치관리,6,,자치관리,3,,거점장비수거방식,위탁관리,
A15186002,위탁관리,4,위탁관리,4,신한영관리(주),위탁관리,3,신현대관리,음식물쓰레기종량제,위탁관리,청정티엠에스
A15187101,위탁관리,3,위탁관리,2,광인산업(주),위탁관리,2,(주)피누스이엔씨,음식물쓰레기종량제,위탁관리,행복이가득한미래관리
A15188101,자치관리,3,자치관리,6,,자치관리,2,,음식물쓰레기종량제,위탁관리,가디언위생방역
A15190301,자치관리,3,자치관리,5,,자치관리,1,,음식물쓰레기종량제,위탁관리,
A15190705,위탁관리,12,위탁관리,14,(주)경진이엔지,위탁관리,15,,음식물쓰레기종량제,위탁관리,
A15192201,위탁관리,5,위탁관리,4,제일종합관리(주),위탁관리,5,(주)미래테크원,차량수거방식,위탁관리,피누스이엔씨
A15192202,위탁관리,6,위탁관리,8,승학,위탁관리,3,(주)승학,차량수거방식,위탁관리,진도프로인
A15205001,위탁관리,2,위탁관리,2,듀델코리아,위탁관리,2,듀델코리아,차량수거방식,위탁관리,휘성
A15205002,위탁관리,4,위탁관리,2,다보산업관리(주),위탁관리,2,,차량수거방식,위탁관리,
A15205103,위탁관리,4,위탁관리,4,서비스뱅크,위탁관리,3,(주) 두원에이앤씨,기타,위탁관리,성산산업개발(주)
A15205104,위탁관리,6,위탁관리,4,듀델코리아,위탁관리,5,듀델코리아,음식물쓰레기종량제,위탁관리,블루써브
A15205108,위탁관리,7,위탁관리,8,(주)경진ENG,위탁관리,6,엘림에스(주),음식물쓰레기종량제,위탁관리,삼우안전관리
A15205301,위탁관리,4,위탁관리,4,(유)우원티엠,위탁관리,2,,음식물쓰레기종량제,위탁관리,
A15205305,위탁관리,5,위탁관리,6,동성자산관리(주),위탁관리,6,(주)청원환경,음식물쓰레기종량제,위탁관리,(주)창세환경
A15205405,위탁관리,9,위탁관리,10,경진이엔지,위탁관리,10,주원그린,거점장비수거방식,위탁관리,와이브이시스템
A15205508,위탁관리,6,위탁관리,5,(주)케이티팝스,위탁관리,5,(주)성우서비스,기타,위탁관리,티엔크린(주)
A15205511,위탁관리,7,위탁관리,6,세원종합관리(주),위탁관리,6,,거점장비수거방식,위탁관리,
A15205513,위탁관리,10,위탁관리,8,(주)홈스웰,위탁관리,14,(주)비엠에스종합개발,음식물쓰레기종량제,위탁관리,에이스나무병원
A15208003,위탁관리,6,위탁관리,4,(주) 세계보안관리시스템,위탁관리,5,더지엠에스,음식물쓰레기종량제,위탁관리,(주)와이브이시스템
A15208005,위탁관리,2,위탁관리,2,(주)태룡에스디,위탁관리,2,에코그린티엠,음식물쓰레기종량제,위탁관리,(주)세영에이엔씨
A15208006,위탁관리,5,위탁관리,4,국제경보산업(주),위탁관리,4,(주)더지엠에스,음식물쓰레기종량제,위탁관리,대양디아이
A15208007,위탁관리,2,위탁관리,3,(주)한영파트너스에프에이치,위탁관리,2,위더스엔(주),음식물쓰레기종량제,위탁관리,동서환경(주)
A15208201,위탁관리,2,위탁관리(직영+위탁),2,(주)더지엠에스,위탁관리(직영+위탁),2,(주)더지엠에스,음식물쓰레기종량제,위탁관리,이수환경공사(주)
A15208202,위탁관리,3,위탁관리,4,(주)웅산산업개발,위탁관리,2,,음식물쓰레기종량제,위탁관리,(유)굿모닝대양
A15208204,위탁관리,5,위탁관리,4,(유)탄천산업,위탁관리,4,,차량수거방식,위탁관리,
A15209002,위탁관리,13,위탁관리,15, 듀델코리아,위탁관리,18,,음식물쓰레기종량제,위탁관리,
A15209003,자치관리,1,자치관리,3,자치관리,자치관리,1,,차량수거방식,위탁관리,창세환경
A15209004,위탁관리,7,위탁관리,8,성진시스템즈,위탁관리,7,,차량수거방식,위탁관리,
A15209007,위탁관리,8,위탁관리,8,(주)이엠피서비스,위탁관리,7,,음식물쓰레기종량제,위탁관리,태양방역
A15209201,위탁관리,2,위탁관리,2,유원종합관리(주),위탁관리,2,유원종합관리,차량수거방식,위탁관리,씨에스엠글로벌
A15209202,위탁관리,4,위탁관리,4,푸른안전산업,위탁관리,3,우리비젼,차량수거방식,위탁관리,휘성
A15209203,위탁관리,7,위탁관리,6,(주)푸른안전산업,위탁관리,4,엘림에스,거점장비수거방식,위탁관리,동진엠엔에스
A15209205,위탁관리,6,위탁관리,7,을지종합관리,위탁관리,8,을지종합관리,음식물쓰레기종량제,위탁관리,동진엔엠에스
A15209206,위탁관리,8,위탁관리,8,(주)경진이앤지,위탁관리,8,(주)라포르,음식물쓰레기종량제,위탁관리,(주)와이브이씨스템
A15209207,위탁관리,17,위탁관리,20,(주)성진시스템,위탁관리,27,홈스웰(주),차량수거방식,위탁관리,(주)다인서비스
A15209303,위탁관리,2,위탁관리,4,(주)한영파트너스에프에이치,위탁관리,2,(주)한영파트너스에프에이치,음식물쓰레기종량제,위탁관리,(주)씨에스엠글로벌
A15209304,위탁관리,2,위탁관리,2,월드보안,위탁관리,2,월드보안,음식물쓰레기종량제,위탁관리,(주)우양
A15209305,위탁관리,10,위탁관리,14,(주)경진이앤지,위탁관리,13,(주)두원에이앤씨,음식물쓰레기종량제,위탁관리,세영에이앤씨(주)
A15210001,위탁관리,5,위탁관리,4,(주)에코그린티엠,위탁관리,4,(주)더지엠에스,음식물쓰레기종량제,위탁관리,(주)와이브이시스템
A15210101,위탁관리,1,위탁관리,2,(주)탑쉴드시스템,위탁관리,1,(주)탑쉴드시스템,음식물쓰레기종량제,위탁관리,라이프티엠(주)
A15210102,위탁관리,2,위탁관리,2,위더스엔,위탁관리,2,위더스엔(주),차량수거방식,위탁관리,이수환경(주)
A15210103,위탁관리,3,위탁관리,2,(주)듀델코리아,위탁관리,2,듀델코리아(주),차량수거방식,위탁관리,와이브시스템
A15210104,위탁관리,4,위탁관리,2,국보종합관리,위탁관리,1,국보종합관리,음식물쓰레기종량제,위탁관리,한영디엔지(주)
A15210105,위탁관리,6,위탁관리,2,듀델코리아(주),위탁관리,2,,음식물쓰레기종량제,위탁관리,
A15210106,위탁관리,3,위탁관리,4,(주)이오티앤디,위탁관리,4,주식회사 인성종합관리,음식물쓰레기종량제,위탁관리,(유)유원티엠
A15210107,위탁관리,8,위탁관리,13,(주)듀델코리아,위탁관리,9,(주)윈잉,음식물쓰레기종량제,위탁관리,우원티엠(유)
A15210206,위탁관리,3,위탁관리,4,세연종합관리,자치관리(직영),2,,차량수거방식,자치관리(직영),
A15210207,위탁관리,4,위탁관리,4,(주)이데아그룹,위탁관리,3,이데아그룹,음식물쓰레기종량제,위탁관리,(주)와이브이시스템
A15210209,위탁관리,5,위탁관리,4,탄천산업,위탁관리,4,(유)탄천산업,거점장비수거방식,위탁관리,(유)탄천산업
A15210210,위탁관리,5,위탁관리,4,(주)듀델코리아,위탁관리,3,,음식물쓰레기종량제,위탁관리,
A15210211,위탁관리,7,위탁관리,6,세연종합관리,위탁관리,6,세연종합관리,음식물쓰레기종량제,위탁관리,그린피아한성
A15210212,위탁관리,7,위탁관리,2,주식회사탄천산업,위탁관리,7,주)더지엠에스,음식물쓰레기종량제,위탁관리,주)와이브이시스텝
A15213001,위탁관리,5,위탁관리,6,(주)에스제이종합,위탁관리,4,(주)두원에이앤씨,차량수거방식,위탁관리,(주)와이브이시스템
A15213002,위탁관리,6,위탁관리,8,코리아종합관리,위탁관리,5,굿모닝대양,음식물쓰레기종량제,위탁관리,와이브이시스템
A15213003,위탁관리,5,위탁관리,6,신대륙시스템,위탁관리,3,,음식물쓰레기종량제,위탁관리,
A15213004,위탁관리,5,위탁관리,6,(주)듀델코리아,위탁관리,4,화이트시스템,음식물쓰레기종량제,위탁관리,와이브이시스템
A15213005,위탁관리,8,위탁관리,10,(주)티아이시스템,위탁관리,7,,음식물쓰레기종량제,위탁관리,
A15213006,위탁관리,3,위탁관리,4,한영파트너스FH(주),위탁관리,2,(주)한영파트너스에프에이치,음식물쓰레기종량제,위탁관리,대양디아이주식회사
A15213007,위탁관리,7,위탁관리,11,주식회사 한영파트너에프에이치,위탁관리,8,주(듀델코리아),음식물쓰레기종량제,위탁관리,에이스나무병원
A15271601,위탁관리,4,위탁관리,3,(주)인성종합관리,위탁관리,3,(주)인성종합관리,거점장비수거방식,위탁관리,다빈환경
A15275101,위탁관리,3,위탁관리,2,쌍용개발,위탁관리,2,주식회사 대양테크윈,기타,위탁관리,나라개발시스템(주)
A15277302,위탁관리,11,위탁관리,11,에스원,위탁관리,12,선우환경관리(주),음식물쓰레기종량제,위탁관리,에이스나무병원
A15278301,위탁관리,3,위탁관리,4,(주)서호씨엠,위탁관리,2,(주)서호,음식물쓰레기종량제,위탁관리,우양
A15279101,위탁관리,10,위탁관리,6,(주)선우환경관리,위탁관리,11,승인산업(주),음식물쓰레기종량제,위탁관리,(주)와이브이시스템
A15279402,위탁관리,5,위탁관리,4,(주)이엠피써비스,위탁관리,5,주식회사에코그린티엠,거점장비수거방식,위탁관리,주신환경
A15279403,위탁관리,7,위탁관리,4,경진관리(주),위탁관리,6,이데아그룹,음식물쓰레기종량제,위탁관리,굿모닝대양
A15279404,위탁관리,9,위탁관리,12,(주)로이안,위탁관리,9,(주)우리비전,차량수거방식,위탁관리,(주)태영
A15280303,위탁관리,2,위탁관리,4,국보,위탁관리,2,듀델,음식물쓰레기종량제,위탁관리,나라개발시스템
A15280304,위탁관리,3,위탁관리,4,(주)케이티팝스시큐리티,위탁관리,2,위더스엔,음식물쓰레기종량제,위탁관리,나라개발시스템(주)
A15280602,위탁관리,1,위탁관리,2,인앤인,위탁관리,2,인앤인,차량수거방식,위탁관리,삼정그린환경
A15282105,위탁관리,5,위탁관리,4,(주)태영,위탁관리,3,(주)태영,거점장비수거방식,위탁관리,(주)공간종합관리
A15282403,자치관리,3,자치관리,4,,위탁관리,3,듀델코리아(주),음식물쓰레기종량제,위탁관리,(주)세영에이앤씨
A15282405,위탁관리,3,위탁관리,3,,위탁관리,1,,차량수거방식,,
A15282608,위탁관리,11,자치관리(직영),4,,위탁관리,4,효명종합관리,음식물쓰레기종량제,위탁관리,세영이앤씨(주)
A15282810,위탁관리,6,위탁관리,10,동익,위탁관리,5,듀델코리아,음식물쓰레기종량제,위탁관리,대양디아이
A15283603,위탁관리,2,위탁관리,4,(주)신성티엠,위탁관리,2,(주)신성티엠,음식물쓰레기종량제,위탁관리,(주)씨앤
A15283701,위탁관리,2,위탁관리,2,(주)무림하우징,위탁관리,2,,음식물쓰레기종량제,위탁관리,
A15283702,위탁관리,2,위탁관리,2,(주)더지엠에스,위탁관리,3,(주)더지엠에스,음식물쓰레기종량제,위탁관리,세영에이앤씨(주)
A15283704,자치관리,3,자치관리,4,,자치관리,2,,차량수거방식,자치관리,
A15283706,위탁관리,4,위탁관리,4,(주)경진관리,위탁관리,3,(주)경진관리,차량수거방식,위탁관리,동서환경(주)
A15283707,위탁관리,5,위탁관리,4,성안씨에스(주),위탁관리,4,(주)이안,음식물쓰레기종량제,위탁관리,동아기업환경
A15283709,위탁관리,6,위탁관리,6,삼우안전관리(유),위탁관리,4,삼우안전관리(유),거점장비수거방식,위탁관리,삼우안전관리(유)
A15283711,위탁관리,8,위탁관리,8,새롬 씨큐리티,위탁관리,9,더지엠에스,음식물쓰레기종량제,위탁관리,와이브이시스템
A15283801,위탁관리,5,위탁관리,4,삼우안전관리(유),위탁관리(직영+위탁),2,,음식물쓰레기종량제,위탁관리,청풍
A15283803,위탁관리,2,위탁관리,2,,자치관리(직영),2,,차량수거방식,위탁관리,
A15283806,위탁관리,4,위탁관리,4,(주)세연종합관리,위탁관리,2,(주)이오티앤디,음식물쓰레기종량제,위탁관리,(주)동진엠엔에스
A15283807,위탁관리,4,위탁관리,3,(주)경진관리,위탁관리,2,위더스앤,차량수거방식,위탁관리,(주)The 자람
A15283809,자치관리,5,자치관리(직영),4,,위탁관리,3,삼우서비스(주),음식물쓰레기종량제,위탁관리,(주)진성이앤지
A15283902,위탁관리,4,위탁관리,4,(주)세연종합관리,위탁관리,4,(주)세연종합관리,차량수거방식,위탁관리,삼정환경개발
A15284101,자치관리,2,자치관리,4,,자치관리,1,,음식물쓰레기종량제,위탁관리,대성방역
A15284204,위탁관리,2,위탁관리,2,태영(주),위탁관리,1,태영(주),음식물쓰레기종량제,위탁관리,비젬코
A15284302,위탁관리,3,위탁관리,2,(주)밝은티에스,위탁관리,2,(주)밝은티에스,음식물쓰레기종량제,위탁관리,(주)동진엠엔에스
A15284305,위탁관리,4,위탁관리,2,듀델코리아,위탁관리,3,서림주택관리주식회사,음식물쓰레기종량제,위탁관리,나라개발
A15284603,위탁관리,4,위탁관리,8,(주)세연종합관리,위탁관리,3,(주) 세연종합관리,음식물쓰레기종량제,위탁관리,이현서비스
A15284906,위탁관리,11,위탁관리,11,(주)세이프원,위탁관리,14,우창,차량수거방식,위탁관리,국보종합관리
A15285004,위탁관리,5,위탁관리,5,세이브원,위탁관리,5,세이브원,거점장비수거방식,위탁관리,세영에이앤씨
A15285503,자치관리,2,자치관리,4,,자치관리,4,,차량수거방식,위탁관리,
A15285804,위탁관리,6,위탁관리,6,삼우안전관리유한회사,위탁관리,5,주식회사 이엠피서비스,거점장비수거방식,위탁관리,와이브이시스템(주)
A15286210,위탁관리,5,위탁관리,4,세연종합관리(주),위탁관리,5,유한책임회사화이트시스템,음식물쓰레기종량제,위탁관리,성산산업개발
A15286602,위탁관리,4,위탁관리,3,경진이앤지,위탁관리,2,듀델코리아,음식물쓰레기종량제,위탁관리,대양환경
A15286801,위탁관리,5,위탁관리,4,신한영주택관리(주),위탁관리,2,(주)뉴맨테크,차량수거방식,위탁관리,(주)승진개발
A15286802,위탁관리,4,위탁관리,4,희망코리아,위탁관리,2,대양씨앤지(주),음식물쓰레기종량제,위탁관리,(주)성산산업개발
A15286805,자치관리,5,자치관리(직영),6,,위탁관리,3,대양씨엔지,차량수거방식,위탁관리,대양씨엔지
A15286806,위탁관리,7,위탁관리,9,(주)코리아종합관리,위탁관리,5,(주)효명종합관리,거점장비수거방식,위탁관리,삼정환경개발(주)
A15286807,위탁관리,9,위탁관리,10,성진시스템즈,위탁관리,6,두원에이앤씨,음식물쓰레기종량제,위탁관리,삼우안전관리
A15286809,위탁관리,15,위탁관리,36,(유)굿모닝대양,위탁관리,18,(유)굿모닝대양,차량수거방식,위탁관리,?
A15288002,위탁관리,5,위탁관리,4,(주)우창개발,위탁관리,7,(주)효명종합관리,음식물쓰레기종량제,위탁관리,(주)씨앤
A15288004,위탁관리,5,위탁관리,12,인덕종합관리(주),위탁관리,5,열린서비스(주),기타,위탁관리,이현서비스
A15288301,자치관리,4,위탁관리,4,듀델,위탁관리,2,에코그린티엠,차량수거방식,위탁관리,대양디아이
A15288611,위탁관리,9,위탁관리,12,(주)우창개발,위탁관리,6,,거점장비수거방식,위탁관리,
A15288801,위탁관리,1,위탁관리,3,남경종합관리(주),위탁관리,1,승진개발(주),음식물쓰레기종량제,위탁관리,승진개발(주)
A15288802,위탁관리,3,위탁관리,4,(주)우창개발,위탁관리,2,에이스시설관리,거점장비수거방식,위탁관리,에이스시설관리
A15288803,위탁관리,3,위탁관리,4,새롬시큐리티,위탁관리,2,남경종합관리,음식물쓰레기종량제,위탁관리,(주)휘성
A15288804,위탁관리,4,위탁관리,4,(주)듀델코리아,위탁관리,2,(주)듀델코리아,차량수거방식,위탁관리,(주)태강티엠에스
A15288805,위탁관리,5,위탁관리,3,주식회사 승학,위탁관리,4,듀델코리아,음식물쓰레기종량제,위탁관리,대양디아이(주)
A15288806,위탁관리,5,위탁관리,7,삼우안전관리(주),위탁관리,3,,음식물쓰레기종량제,위탁관리,
A15288807,위탁관리,5,위탁관리,5,(주)세이프원,위탁관리,3,(주)밝은티에스,음식물쓰레기종량제,위탁관리,(유)안전관리시스템
A15288808,위탁관리,6,위탁관리,5,티비엠컨설팅,위탁관리,6,(주)티비엠컨설팅,음식물쓰레기종량제,위탁관리,주신환경
A15288809,위탁관리,6,위탁관리,8,듀델코리아주식회사,위탁관리,7,듀델코리아주식회사,거점장비수거방식,위탁관리,삼우서비스(주)
A15288810,위탁관리,7,위탁관리,8,혜진종합관리,위탁관리,6,코리아종합관리,차량수거방식,위탁관리,태강티엠에스
A15288812,위탁관리,8,위탁관리,20,(주)이엠피서비스,위탁관리,11,주식회사 라포르,음식물쓰레기종량제,위탁관리,좋은서비스
A15288813,위탁관리,8,위탁관리,14,(주)듀델코리아,위탁관리,8,(주)듀델코리아,거점장비수거방식,위탁관리,(주)와이브이시스템
A15288814,위탁관리,15,위탁관리,28,코리아종합관리,위탁관리,19,(주)에크그린티엠,차량수거방식,위탁관리,와이브이시스템
A15289508,자치관리,2,위탁관리,2,듀델코리아,자치관리,1,,차량수거방식,위탁관리,(주)지산아이앤씨
A15301105,위탁관리,5,위탁관리,4,(주)이데아그룹,위탁관리,6,(주)듀델코리아,음식물쓰레기종량제,위탁관리,(주)와이브이시스템
A15303002,위탁관리,13,위탁관리,22,상일테크,위탁관리,11,비엠에스,음식물쓰레기종량제,위탁관리,와이브이시스템
A15303102,위탁관리,3,위탁관리,3,인엔인,위탁관리,2,진성관리,음식물쓰레기종량제,위탁관리,태강티엠에스
A15303103,위탁관리,4,위탁관리,2,서림주택관리(주),위탁관리,2,서림주택관리(주),음식물쓰레기종량제,위탁관리,국보종합관리(주)
A15303202,위탁관리,4,위탁관리,6,(주)이데아그룹,위탁관리,2,(주)이데아그룹,음식물쓰레기종량제,위탁관리,(주)그린피아한성
A15303203,위탁관리,6,위탁관리,10,인앤인주택관리(주),위탁관리,6,탄천산업,음식물쓰레기종량제,위탁관리,벨킨스
A15303204,자치관리,9,위탁관리,10,(주)다보산업관리,위탁관리,5,(주)이데아그룹,음식물쓰레기종량제,위탁관리,(주)토우에스이엠
A15303205,위탁관리,15,위탁관리,22,남광개발주식회사,위탁관리,12,주식회사 유케이개발,거점장비수거방식,위탁관리,(주)와이브이시스템
A15303401,위탁관리,1,위탁관리,2,인앤인주택관리(주),위탁관리,2,폴리텍(주),음식물쓰레기종량제,위탁관리,(주)동진 엠앤에스
A15303502,위탁관리,2,위탁관리,3,유원종합관리주식회사,위탁관리,2,유원종합관리(주),거점장비수거방식,위탁관리,한국종합환경(주)
A15370103,위탁관리,11,위탁관리,22,(주)이데아그룹,위탁관리,14,(주)이데아그룹,기타,위탁관리,세영에이앤씨(주)
A15370301,위탁관리,4,위탁관리,4,승학,위탁관리,2,승학,거점장비수거방식,위탁관리,이수환경공사
A15375809,위탁관리,9,위탁관리,10,(주)듀델코리아,위탁관리,5,다굼,음식물쓰레기종량제,위탁관리,
A15375810,위탁관리,2,위탁관리,2,폴리텍,위탁관리,2,,음식물쓰레기종량제,위탁관리,
A15378501,위탁관리,2,위탁관리,2,세화종합관리(주),자치관리(직영),2,,거점장비수거방식,위탁관리,(주)동진엠엔에스
A15380101,위탁관리,3,위탁관리,3,,위탁관리,2,,거점장비수거방식,위탁관리,
A15380403,위탁관리,13,위탁관리,26,(주)이엠피서비스,위탁관리,13,(주)진성관리,음식물쓰레기종량제,위탁관리,(주)다인서비스
A15381303,위탁관리,2,위탁관리,2,(주)듀델코리아,위탁관리,2,일신환경(주),기타,위탁관리,(주)동진엠엔에스
A15381402,위탁관리,2,자치관리,2,,자치관리,2,,음식물쓰레기종량제,위탁관리,
A15381706,위탁관리,9,위탁관리,7,(주)에이스엠,위탁관리,9,청원환경,음식물쓰레기종량제,위탁관리,(주)동진엠엔에스
A15382301,위탁관리,4,위탁관리,6,(주)듀델코리아,위탁관리,3,듀델코리아,음식물쓰레기종량제,위탁관리,이수환경공사
A15383307,위탁관리,8,위탁관리,15,(주)듀델코리아,위탁관리,10,(주)지엔텍,거점장비수거방식,위탁관리,주)삼정환경개발
A15383308,위탁관리,17,위탁관리,4,이데아그룹,위탁관리,12,태영,거점장비수거방식,위탁관리,(주)좋은서비스
A15383601,위탁관리,2,위탁관리,2,웅산산업개발주식회사,위탁관리,2,에이스시설관리,음식물쓰레기종량제,위탁관리,에이스 시설관리
A15383604,위탁관리,2,위탁관리,2,우리관리,위탁관리,2,(주)승학,음식물쓰레기종량제,위탁관리,동진엠엔에스
A15383702,위탁관리,6,위탁관리,6,성화개발(주),위탁관리,8,,차량수거방식,위탁관리,와이브이시스템(주)
A15383905,위탁관리,7,위탁관리,12,(주)승학,위탁관리,7,더지엠에스,차량수거방식,위탁관리,벨킨스
A15384101,위탁관리,3,위탁관리,3,이데아그룹(주),위탁관리,2,이데아그룹(주),거점장비수거방식,위탁관리,밸킨스
A15384501,위탁관리,3,자치관리(직영),4,,자치관리(직영),2,,음식물쓰레기종량제,위탁관리,신흥시스템
A15384603,위탁관리,5,위탁관리,8,(주)더지엠에스,위탁관리,3,(주)세연종합관리,음식물쓰레기종량제,위탁관리,(주)동진엠앤에스
A15386303,위탁관리,2,위탁관리,2,(주)승학,자치관리,2,,,위탁관리,벨킨스
A15386404,위탁관리,3,위탁관리,2,세화종합관리(주),위탁관리(직영+위탁),3,(주)우리들관리,음식물쓰레기종량제,위탁관리,에이원이엠에스(주)
A15601002,자치관리,6,위탁관리,4,(주)듀델코리아,자치관리,3,,음식물쓰레기종량제,위탁관리,(주)티엔크린
A15601003,위탁관리,5,위탁관리,6,국제경보산업(주),위탁관리,4,삼우서비스,음식물쓰레기종량제,위탁관리,티엔크린
A15601102,위탁관리,4,위탁관리,5,(주)홈스웰,위탁관리,3,승진개발,거점장비수거방식,위탁관리,태은환경
A15601103,위탁관리,6,위탁관리,6,(주)듀델코리아,위탁관리,5,(주)이데아 그룹,음식물쓰레기종량제,위탁관리,에이스나무병원(주)
A15601104,위탁관리,6,위탁관리,6,(주)제일씨엔에이이,위탁관리,8,(주)정화실업,차량수거방식,위탁관리,(주)와이브이사스템
A15601105,위탁관리,8,위탁관리,12,승학(주),위탁관리,7,삼우안전관리,음식물쓰레기종량제,위탁관리,삼우서비스
A15601201,위탁관리,2,위탁관리,2,새롬씨큐리티(주),위탁관리,2,(주)우리들관리,음식물쓰레기종량제,위탁관리,새롬에스앤씨(주)
A15601202,자치관리,4,자치관리,5,,자치관리,3,,음식물쓰레기종량제,위탁관리,다인서비스
A15602001,자치관리(직영),2,위탁관리,2,(주)광운티엠에스,위탁관리,2,(주)더지엠에스,음식물쓰레기종량제,위탁관리,(주)휘성
A15602002,위탁관리,3,위탁관리,2,대명진흥개발,위탁관리,2,대명진흥개발,음식물쓰레기종량제,위탁관리,씨에스엠글로벌
A15602007,위탁관리,6,위탁관리,8,(주)듀델코리아,위탁관리,5,아이원서비스(주),차량수거방식,위탁관리,삼우서비스(주)
A15603001,위탁관리,4,위탁관리(직영+위탁),2,대원종합관리(주),자치관리(직영),2,,차량수거방식,위탁관리,삼우서비스 주식회사
A15603002,위탁관리,5,위탁관리,6,주식회사 가온종합관리,위탁관리,4,대온관리,음식물쓰레기종량제,위탁관리,뉴리빙크린
A15603003,위탁관리,4,위탁관리,6,한결에이엠,위탁관리,3,(주)한결에이엠,음식물쓰레기종량제,위탁관리,(주)한일
A15603004,위탁관리,6,위탁관리,4,(주)이오티앤디,위탁관리,5,(주)나라개발,차량수거방식,위탁관리,지산아이엔씨
A15603006,위탁관리,12,위탁관리,9,(주)에스텍시스템,위탁관리,19,(주)효명종합관리,음식물쓰레기종량제,위탁관리,새롬에스앤씨
A15603007,위탁관리,1,위탁관리,2,(주)헬씨아이,위탁관리,1,부건비엠주식회사,음식물쓰레기종량제,위탁관리,(주)진도프로인
A15603008,위탁관리,9,위탁관리,9,(주)국제안전시스템,위탁관리,11,,음식물쓰레기종량제,위탁관리,
A15603203,위탁관리,6,위탁관리,4,(주)홈스웰,위탁관리,4,좋은서비스,기타,위탁관리,좋은서비스
A15603204,위탁관리,5,위탁관리,5,(주)대신티엠,위탁관리,5,(주)폴리텍,차량수거방식,위탁관리,(주)삼우서비스
A15603205,위탁관리,9,위탁관리,10,예주산업(주),위탁관리,8,(주)제일에스앤씨,음식물쓰레기종량제,위탁관리,(주)에스산업
A15603206,위탁관리,11,위탁관리,13,(주)대산시스템,위탁관리,13,(주)피누스이앤씨,차량수거방식,위탁관리,(주)와이브이시스템
A15603401,위탁관리,3,관리방식미정,0,,위탁관리,2,(주)에코그린티엠,음식물쓰레기종량제,위탁관리,세영에이앤씨(주)
A15603502,위탁관리,5,위탁관리,4,경진이앤지,위탁관리,5,이데아그룹,음식물쓰레기종량제,위탁관리,삼우안전관리
A15605001,위탁관리,4,위탁관리,2,,위탁관리,2,,음식물쓰레기종량제,위탁관리,
A15605002,위탁관리,10,위탁관리,9,코리아종합관리,위탁관리,12,크린텍종합관리,거점장비수거방식,위탁관리,동진엠엔에스
A15605003,위탁관리,4,자치관리,4,,자치관리,4,,차량수거방식,위탁관리,국보종합관리
A15605102,위탁관리,4,위탁관리,4,(주)캠크린프로서비스,위탁관리,2,(주)캠크린프로서비스,차량수거방식,위탁관리,(유)굿모닝대양
A15605103,위탁관리,17,위탁관리,15,(유)미래환경,위탁관리,16,(유)원광,거점장비수거방식,위탁관리,태은환경(주)
A15606001,위탁관리,4,위탁관리,3,국제안전시스템,위탁관리,3,더지엠에스,음식물쓰레기종량제,위탁관리,(주)휘성
A15606002,위탁관리,4,위탁관리,4,새롬에스앤씨,자치관리(직영),2,,차량수거방식,위탁관리,새롬에스엔씨
A15606003,위탁관리,6,위탁관리,6,(주)세이프원,위탁관리,6,(주)듀델코리아,음식물쓰레기종량제,위탁관리,(주)동진엠엔에스
A15606004,자치관리,11,위탁관리,6,(주)이데아그룹,위탁관리,7,이데아,차량수거방식,위탁관리,주식회사 The 자람
A15606005,위탁관리,2,자치관리(직영),2,,자치관리(직영),2,,음식물쓰레기종량제,위탁관리,동진엠앤에스
A15606007,위탁관리,6,위탁관리,6,(주)피누스이앤씨,위탁관리,8,(주)피누스이앤씨,음식물쓰레기종량제,위탁관리,(주)The자람
A15607001,위탁관리,6,위탁관리,6,나래종합관리,위탁관리,4,나래종합관리,차량수거방식,위탁관리,㈜ The자람
A15608001,위탁관리,3,위탁관리,4,청원종합관리,위탁관리,2,성화개발(주),음식물쓰레기종량제,위탁관리,더자람
A15608002,위탁관리,5,위탁관리,4,(주)크린서비스,위탁관리,3,(주)크린서비스,음식물쓰레기종량제,위탁관리,성산산업개발
A15608003,위탁관리,6,위탁관리,7,(주)홈스웰,위탁관리,10,(주)에코그린티엠,음식물쓰레기종량제,위탁관리,(주)휘성
A15609001,위탁관리,2,위탁관리,4,탄천산업,위탁관리,2,,음식물쓰레기종량제,위탁관리,
A15609002,위탁관리,2,위탁관리,2,(주)국보종합관리,위탁관리,3,(주)국보종합관리,음식물쓰레기종량제,위탁관리,(유)우원티엠
A15609003,위탁관리,5,위탁관리,4,삼우안전관리(유),위탁관리,5,(주)국보종합관리,음식물쓰레기종량제,위탁관리,(주)국보종합관리
A15609005,위탁관리,12,위탁관리,24,(주)국보종합관리,위탁관리,10,(주)국보종합관리,음식물쓰레기종량제,위탁관리,(주)지산아이앤씨
A15609006,위탁관리,4,위탁관리,4,국보종합관리(주),위탁관리,3,국보종합관리,차량수거방식,위탁관리,태강티엠에스
A15609007,위탁관리,5,위탁관리,4,(주)새롬씨큐러티,위탁관리,5,새롬에스앤씨,음식물쓰레기종량제,위탁관리,동진엠엔에스
A15609301,위탁관리,4,위탁관리,4,선우환경관리,위탁관리,2,듀델코리아,차량수거방식,위탁관리,화성종합관리
A15609303,자치관리,4,자치관리,6,,위탁관리,3,(주)더지엠에스,차량수거방식,위탁관리,(주)동진엠엔에스
A15609305,위탁관리,5,위탁관리,4,(주)이데아그룹,위탁관리,7,원광,음식물쓰레기종량제,위탁관리,우원티엠
A15609306,위탁관리,7,위탁관리,6,예주산업,위탁관리,11,삼우안전관리,음식물쓰레기종량제,위탁관리,와이브이.
A15609401,위탁관리,3,위탁관리,2,성화개발,위탁관리,2,국보종합관리,음식물쓰레기종량제,위탁관리,국보종합관리
A15609501,위탁관리,3,위탁관리,6,(주)탄천산업,위탁관리,3,탄천산업(주),음식물쓰레기종량제,위탁관리,탄천산업(주)
A15609502,위탁관리,7,위탁관리,8,에스씨관리(주),위탁관리,7,국보종합관리(주),음식물쓰레기종량제,위탁관리,국보종합관리(주)
A15670001,위탁관리,7,위탁관리,10,코리아이지텔(주),위탁관리,9,새롬에스앤씨,차량수거방식,위탁관리,(주)동진엠엔에스
A15671801,위탁관리,4,위탁관리(직영+위탁),2,대원에스테이트서비스,자치관리,2,,차량수거방식,위탁관리,(주)휘성
A15672001,위탁관리,4,위탁관리,4,녹색개발,위탁관리,2,녹색개발,거점장비수거방식,위탁관리,삼우방역
A15672002,위탁관리,8,위탁관리,5,(주)녹색개발,위탁관리,10,녹색개발,차량수거방식,위탁관리,대양디아이
A15676512,위탁관리,8,위탁관리,6,주식회사 대한주택개발,관리방식미정,0,,,위탁관리,대양디아이주식회사
A15676701,위탁관리,7,위탁관리,8,남경종합관리,위탁관리,5,남경종합관리,음식물쓰레기종량제,위탁관리,동진엠엔에스
A15676702,위탁관리,3,위탁관리,2,(주)코리아종합관리,위탁관리,1,(주)코리아종합관리,차량수거방식,위탁관리,(주)지산아이앤씨
A15677204,위탁관리,12,위탁관리,7,(유)탄천산업,위탁관리,8,(유)탄천산업,차량수거방식,위탁관리,(주)동진엠엔에스
A15677501,위탁관리,5,위탁관리,4,(주)국보종합관리,위탁관리,5,국보종합관리,음식물쓰레기종량제,위탁관리,국보종합관리
A15678101,위탁관리,3,위탁관리,4,그린코리아(주),위탁관리,2,그린코리아(주),음식물쓰레기종량제,위탁관리,국보종합관리
A15678102,위탁관리,9,위탁관리,10,희망코리아,위탁관리,5,(주)대명진흥개발,차량수거방식,위탁관리,(주)와이브이시스템
A15678103,위탁관리,13,위탁관리,12,케이티팝스,위탁관리,17,삼우서비스,음식물쓰레기종량제,위탁관리,한영방제
A15679103,위탁관리,2,위탁관리,3,엘림에스(주),위탁관리,2,엘림에스(유),음식물쓰레기종량제,위탁관리,더자람
A15679104,위탁관리,4,위탁관리,6,한국보안컨설팅(주),위탁관리,2,우리들관리,음식물쓰레기종량제,위탁관리,(주)나무종합병원
A15679105,위탁관리,9,위탁관리,12,새롬에스앤씨(주),위탁관리,6,,음식물쓰레기종량제,위탁관리,
A15679106,위탁관리,4,위탁관리,2,(주)신대한관리,위탁관리,3,(주)신대한관리,차량수거방식,위탁관리,동진엠엔에스
A15679107,위탁관리,8,위탁관리,8,(주)강일기업,위탁관리,7,(주)강일기업,차량수거방식,위탁관리,(주)티에이치서비스
A15679108,위탁관리,8,위탁관리,12,예주산업주식회사,위탁관리,9,태영,차량수거방식,위탁관리,주식회사 태영
A15679109,위탁관리,9,위탁관리,4,(주)듀델코리아,위탁관리,11,효명종합관리,차량수거방식,위탁관리,주신환경
A15681103,위탁관리,2,위탁관리,2,(주)국제안전시스템,위탁관리,2,국제안전시스템(주),음식물쓰레기종량제,위탁관리,(주) 휘성
A15681104,위탁관리,4,위탁관리,4,(주)엘림테크,위탁관리,2,,음식물쓰레기종량제,위탁관리,
A15681105,위탁관리,5,위탁관리,13,(주)엘림테크,위탁관리,4,,음식물쓰레기종량제,위탁관리,
A15681106,위탁관리,5,위탁관리,7,(주)듀델코리아,위탁관리,4,이데아그룹,차량수거방식,위탁관리,yv시스템
A15681108,위탁관리,7,위탁관리,12,인앤인주택관리 (주),위탁관리,6,인앤인,음식물쓰레기종량제,위탁관리,(주)와이브이시스템
A15681110,위탁관리,16,위탁관리,23,(주)신화비엠씨,위탁관리,13,(주)신화비엠씨,거점장비수거방식,위탁관리,(주)와이브이시스템
A15681501,위탁관리,11,위탁관리,12,탄천산업,위탁관리,7,엘림에스,음식물쓰레기종량제,위탁관리,삼우안전관리
A15681502,위탁관리,11,위탁관리,9,(주)위더스엔,위탁관리,9,(주)밝은티에스,음식물쓰레기종량제,위탁관리,에이스나문병원
A15681503,위탁관리,13,위탁관리,10,(유)탄천산업,위탁관리,14,(유) 탄천산업,차량수거방식,위탁관리,(주)성산산업개발
A15681802,자치관리,3,자치관리,6,,자치관리,3,,음식물쓰레기종량제,위탁관리,대양씨앤지(주)
A15683402,위탁관리,6,위탁관리,7,(주)동익,위탁관리,6,(주)이데아그룹,차량수거방식,위탁관리,동진엠엔에스
A15683601,위탁관리,3,위탁관리,4,(주)홈스웰,위탁관리,3,(주)홈스웰,음식물쓰레기종량제,위탁관리,제이마스터(주)
A15683901,위탁관리,5,위탁관리,5,성화개발,위탁관리,3,일신환경,거점장비수거방식,위탁관리,동진엠앤에스
A15685201,자치관리,1,위탁관리,2,우창개발,위탁관리,3,,거점장비수거방식,위탁관리,
A15685206,자치관리,9,위탁관리,32,(주)우창개발,위탁관리,11,(주)듀델코리아,음식물쓰레기종량제,위탁관리,삼우서비스 주식회사
A15685503,위탁관리,5,위탁관리,6,(주)동익,위탁관리,4,,음식물쓰레기종량제,위탁관리,
A15685702,위탁관리,10,위탁관리,25,에스텍시스템,위탁관리,8,대정에프엠,거점장비수거방식,위탁관리,청정티엠에스
A15701002,위탁관리,3,위탁관리,2,와이번스,위탁관리,3,,기타,위탁관리,
A15701003,위탁관리,17,위탁관리,33,한국보안컨설팅(주),위탁관리,24,(주)크린텍종합관리,음식물쓰레기종량제,위탁관리,(주)지산아이앤씨
A15701004,위탁관리,2,위탁관리,2,(주)미래에이비엠,위탁관리,2,(주)미래에이비엠,음식물쓰레기종량제,위탁관리,(주)미래에이비엠
A15701007,위탁관리,19,위탁관리,21,(주)피누스이앤씨,위탁관리,29,(주)열린서비스,음식물쓰레기종량제,위탁관리,에이스나무병원
A15701601,위탁관리,2,위탁관리,2,에코그린티엠,위탁관리,2,에코그린티엠,음식물쓰레기종량제,위탁관리,공간종합관리
A15701602,위탁관리,10,위탁관리,11,제일씨엔에스,위탁관리,13,,음식물쓰레기종량제,위탁관리,
A15703001,자치관리,2,위탁관리,2,코리아이지텔(주),위탁관리,3,,음식물쓰레기종량제,위탁관리,
A15703002,위탁관리,3,위탁관리(직영+위탁),4,(주)세연종합관리,위탁관리,2,(주)에코그린티엠,음식물쓰레기종량제,위탁관리,(주)성산산업개발
A15703004,위탁관리,7,위탁관리,14,(주)공간종합관리,위탁관리,7,(주)삼일시스템,음식물쓰레기종량제,위탁관리,(주)공간종합관리
A15703005,위탁관리,2,위탁관리,4,(주)혜진종합관리,위탁관리,2,,음식물쓰레기종량제,위탁관리,
A15703204,위탁관리,13,위탁관리,28,듀델코리아(주),위탁관리,18,(주)현대종합관리,음식물쓰레기종량제,위탁관리,좋은서비스
A15703301,위탁관리,5,위탁관리,8,(주)융성종합관리,위탁관리,3,삼우안전관리(유),음식물쓰레기종량제,위탁관리,삼우안전관리(유)
A15703302,위탁관리,6,위탁관리,8,(주)경진이앤지,위탁관리,5,공간종합관리,음식물쓰레기종량제,위탁관리,지산아이엔씨
A15703303,위탁관리,5,위탁관리,8,(주)이데아그룹,위탁관리,4,(주)이데아그룹,음식물쓰레기종량제,위탁관리,(주)성산산업개발
A15703304,위탁관리,5,위탁관리,12,(주)코리아이지텔,위탁관리,3,(주)이지종합관리,음식물쓰레기종량제,위탁관리,(주)태인 이앤지
A15703306,위탁관리,5,위탁관리,10,코리아종합관리,위탁관리,4,코리아종합관리,음식물쓰레기종량제,위탁관리,
A15703307,위탁관리,7,위탁관리,7,홈스웰(주),위탁관리,6,듀텔코리아,음식물쓰레기종량제,위탁관리,굿에어테크
A15703308,위탁관리,8,위탁관리,12,한국보안컨설팅㈜,위탁관리,5,㈜정화실업,음식물쓰레기종량제,위탁관리,동진엠엔에스
A15703309,위탁관리,8,위탁관리,18,조현시스템,위탁관리,8,동성자산관리(주),음식물쓰레기종량제,위탁관리,신광환경
A15703313,자치관리(직영),10,위탁관리,8,(주)태영,위탁관리,2,주식회사 에코그린티엠,기타,위탁관리,대양디아이 주식회사
A15703318,자치관리,4,위탁관리,4,(주)태영,위탁관리,2,,음식물쓰레기종량제,위탁관리,
A15704001,위탁관리,2,위탁관리,3,유진토탈써비스(주),위탁관리,1,(주)에코그린티엠,차량수거방식,위탁관리,(주)태강티엠스
A15704002,위탁관리,2,위탁관리,2,이데아그룹,위탁관리,3,주식회사 이데아그룹,음식물쓰레기종량제,위탁관리,라이프티엠
A15704003,위탁관리,2,위탁관리,2,코리아이지텔(주),위탁관리,2,(주)듀델코리아,음식물쓰레기종량제,위탁관리,(주)다빈환경
A15704006,위탁관리,3,위탁관리,3,(주)가온종합관리,위탁관리,2,블루써브(주),음식물쓰레기종량제,위탁관리,(주)성산산업개발
A15704007,위탁관리,3,위탁관리,4,(주)세계보안관리시스템,위탁관리,2,에코그린,거점장비수거방식,위탁관리,이수환경
A15704009,위탁관리,4,위탁관리,2,이데아그룹,위탁관리,2,에코그린티엠,음식물쓰레기종량제,위탁관리,(주)성산산업개발
A15704015,위탁관리,5,위탁관리,4,(주)듀델코리아,위탁관리,3,(주)청아시스템,음식물쓰레기종량제,위탁관리,(주)휘성
A15704017,자치관리,3,위탁관리,4,(유)와이번스안전시스템,위탁관리,3,,차량수거방식,위탁관리,
A15704023,위탁관리,5,위탁관리,6,(주)성진시스템즈,위탁관리,5,일신환경(주),음식물쓰레기종량제,위탁관리,(주)성산산업개발
A15704025,자치관리,5,위탁관리,6,(주)공간종합관리,위탁관리,4,(주)에코그린티엠,음식물쓰레기종량제,위탁관리,(주)씨엔
A15704028,위탁관리,6,위탁관리,12,(주)국보종합관리,위탁관리,7,(주)국보종합관리,차량수거방식,위탁관리,(주)국보종합관리
A15720001,위탁관리,8,위탁관리,8,(주)상우시스템,위탁관리,9,(주)수림종합관리,음식물쓰레기종량제,위탁관리,(주)휘성
A15720101,위탁관리,2,위탁관리,2,코리아이지텔,자치관리(직영),2,,음식물쓰레기종량제,위탁관리,성산산업개발
A15721001,위탁관리,2,위탁관리,2,(주)엘림에스,위탁관리,2,(주)엘림에스,음식물쓰레기종량제,위탁관리,(주)휘성
A15721003,자치관리,8,자치관리(직영),4,,자치관리(직영),2,,,위탁관리,
A15721004,위탁관리,3,위탁관리,2,(주)코리아종합관리,위탁관리,3,태은환경,음식물쓰레기종량제,위탁관리,동진엠엔에스
A15721005,위탁관리,5,위탁관리,4,남광개발,위탁관리,4,,음식물쓰레기종량제,위탁관리,
A15721006,위탁관리,10,위탁관리,11,한국보안컨설팅(주),위탁관리,13,(주)듀델코리아,음식물쓰레기종량제,위탁관리,(주)블루써브
A15721007,위탁관리,10,위탁관리,10,세롬씨큐리티,위탁관리,12,(주)라포르,음식물쓰레기종량제,위탁관리,새롬에스엔씨(주)
A15721008,위탁관리,5,위탁관리,4,크린서비스,위탁관리,5,크린서비스,음식물쓰레기종량제,위탁관리,와이브이시스템
A15721009,위탁관리,5,위탁관리,4,(주)국보종합관리,위탁관리,4,(주)현대종합관리,음식물쓰레기종량제,위탁관리,(유)우원티엠
A15721010,위탁관리,9,위탁관리,8,(주)듀델코리아,위탁관리,9,(주)청아시스템,음식물쓰레기종량제,위탁관리,다인서비스
A15721011,위탁관리,4,위탁관리,2,(주)국보종합관리,위탁관리,3,(주)에코그린티엠,음식물쓰레기종량제,위탁관리,(주)국보종합관리
A15722001,위탁관리,4,위탁관리,2,신현대관리,위탁관리,2,,,위탁관리,
A15722003,위탁관리,4,위탁관리,5,공간종합관리,위탁관리,2,정화실업,음식물쓰레기종량제,위탁관리,이산INC
A15722004,위탁관리,4,위탁관리,2,(주)세이프원,위탁관리,3,,거점장비수거방식,위탁관리,
A15722005,위탁관리,4,위탁관리,4,이데아그룹(주0,위탁관리,3,,음식물쓰레기종량제,위탁관리,
A15722007,위탁관리,2,위탁관리,4,웅산산업개발(주),위탁관리,2,에이스시설관리(주),음식물쓰레기종량제,위탁관리,에이스시설관리(주)
A15722010,위탁관리,5,위탁관리,4,명원실업,위탁관리,4,,거점장비수거방식,위탁관리,
A15722102,위탁관리,3,위탁관리,3,(주)코리아종합관리,위탁관리,2,일신환경,음식물쓰레기종량제,위탁관리,(대)대청그린윅스
A15722104,위탁관리,3,위탁관리,4,듀델코리아,위탁관리,2,듀델코리아,음식물쓰레기종량제,위탁관리,은광서비스
A15722106,위탁관리,4,위탁관리,3,경진관리,위탁관리,3,현대종합관리,기타,위탁관리,탑플러스
A15722108,위탁관리,5,위탁관리,6,(주)승학,위탁관리,4,(주)듀델코리아,음식물쓰레기종량제,위탁관리,(주)좋은서비스
A15722201,위탁관리,2,위탁관리,2,(주)한빛종합관리,위탁관리,2,(주)한빛종합관리,음식물쓰레기종량제,위탁관리,씨앤소독
A15722203,위탁관리,3,위탁관리,4,이엠피서비스,위탁관리,2,이엠피서비스,음식물쓰레기종량제,위탁관리,성산산업개발
A15722204,위탁관리,4,위탁관리,6,코리아이지텔,위탁관리,2,하늘종합관리,음식물쓰레기종량제,위탁관리,라이프티엠
A15722304,위탁관리,3,위탁관리,2,(주) 공간,위탁관리,2,(주) 성산간업개발,음식물쓰레기종량제,위탁관리,(주)성산간업개발
A15722306,위탁관리,6,자치관리(직영),2,,위탁관리,2,에코캠크린,기타,위탁관리,(주)굿모닝대양
A15722307,위탁관리,4,위탁관리,6,(주)지엔비,위탁관리,3,(주)지엔비,차량수거방식,위탁관리,한일환경
A15722314,위탁관리,8,위탁관리,12,탑종합관리주식회사,관리방식미정,1,,기타,위탁관리,세영에이앤씨
A15728002,위탁관리,5,위탁관리,6,(주)에스지세콤,위탁관리,4,(주)에스지세콤,기타,위탁관리,(주)씨엠시설관리
A15728003,위탁관리,6,위탁관리,8,에스지세콤,위탁관리,5,에스지세콤,기타,위탁관리,씨엠시설
A15728004,위탁관리,7,위탁관리,6,새롬씨큐리티(주),위탁관리,5,새롬에스앤씨(주),음식물쓰레기종량제,위탁관리,(주)지산이앤씨
A15728005,위탁관리,6,위탁관리,8,(주)공간,위탁관리,6,,음식물쓰레기종량제,위탁관리,
A15728006,위탁관리,8,위탁관리,10,(주)에코그린티엠,위탁관리,8,주식회사태룡에스디,음식물쓰레기종량제,위탁관리,(주)다빈환경
A15728007,위탁관리,8,위탁관리,14,밝은티엠에스,위탁관리,11,삼정알엠씨(주),음식물쓰레기종량제,위탁관리,라이프티엠
A15728008,위탁관리,10,위탁관리,11,(주)이엠피서비스,위탁관리,11,밝은티에스,음식물쓰레기종량제,위탁관리,다인서비스
A15728009,위탁관리,15,위탁관리,22,성화개발(주),위탁관리,25,(주)피누스이앤씨,음식물쓰레기종량제,위탁관리,(주)와이브이시스템
A15728010,위탁관리,2,위탁관리,2,주)신세기시스템,위탁관리,2,,음식물쓰레기종량제,위탁관리,
A15728011,위탁관리,12,위탁관리,9,(주)이데아,위탁관리,9,(주)이데아,,위탁관리,(주)범주
A15770101,위탁관리,2,위탁관리,2,예주산업,위탁관리,2,(주)캠크린프로서비스,거점장비수거방식,위탁관리,공간종합관리
A15770801,위탁관리,7,위탁관리,6,(주)듀델코리아,위탁관리,5,(주)효명종합관리,음식물쓰레기종량제,위탁관리,(주)와이브이시스템
A15773501,위탁관리,4,위탁관리,4,세계보안관리시스템,위탁관리,3,우인성업,음식물쓰레기종량제,위탁관리,대청그린웍스
A15774708,위탁관리,12,위탁관리,8,대한주택개발,위탁관리,5,(주)태영,음식물쓰레기종량제,위탁관리,대양디아이
A15776001,자치관리,2,위탁관리,3,(주)이데아그룹,위탁관리,2,,음식물쓰레기종량제,위탁관리,
A15776414,위탁관리,9,위탁관리,7,(주)대한주택개발,위탁관리,3,(주)태영,음식물쓰레기종량제,위탁관리,(주)좋은서비스
A15776617,위탁관리,5,위탁관리,6,태영,위탁관리,2,(주)오케이시스,음식물쓰레기종량제,위탁관리,대양디아
A15776715,위탁관리,9,위탁관리,6,대한주택개발,위탁관리,3,태영,음식물쓰레기종량제,위탁관리,대양디아이
A15776916,위탁관리,9,위탁관리,6,태영,위탁관리(직영+위탁),4,,음식물쓰레기종량제,위탁관리,
A15777501,위탁관리,7,위탁관리,10,(주)케이티원,위탁관리,4,하늘좋합관리,음식물쓰레기종량제,위탁관리,삼우서비스(주)
A15778101,위탁관리,7,위탁관리,10,주식회사 승학,위탁관리,5,(주)에코그린티엠,거점장비수거방식,위탁관리,성산산업개발
A15779704,위탁관리,2,위탁관리,4,주식회사신세기시스템,위탁관리,2,삼우서비스(주),음식물쓰레기종량제,위탁관리,(주)굿모닝환경
A15780002,위탁관리,5,위탁관리,6,남경종합관리,위탁관리,4,(주)듀델코리아,거점장비수거방식,위탁관리,(주)태광티엠에스
A15780401,위탁관리,7,위탁관리,7,듀델코리아,위탁관리,5,듀델코리아,거점장비수거방식,위탁관리,(주)지산아이앤씨 
A15780602,위탁관리,5,위탁관리,4,코리아종합관리,위탁관리,3,새롬에스앤씨(주),음식물쓰레기종량제,위탁관리,(주)공간종합관리
A15780603,위탁관리,7,위탁관리,6,코리아이지텔(주),위탁관리,11,우원티엠,음식물쓰레기종량제,위탁관리,주)와이브이시스템
A15780604,위탁관리,10,위탁관리,10,(주)피누스이앤씨,위탁관리,7,피누스,음식물쓰레기종량제,위탁관리,에이스나무병원
A15780605,위탁관리,10,위탁관리,18,인앤인주식회사,위탁관리,9,티엔크린(주),음식물쓰레기종량제,위탁관리,와이브리시스템
A15780701,위탁관리,3,위탁관리,2,승학(주),위탁관리,2,위더스엔(주),음식물쓰레기종량제,위탁관리,성산산업개발(주)
A15780703,위탁관리,6,위탁관리,10,경진이앤씨,위탁관리,4,에코그린,음식물쓰레기종량제,위탁관리,성산산업개발
A15780704,위탁관리,9,위탁관리,26,예주산업(주),위탁관리,7,(주)위더스엔,음식물쓰레기종량제,위탁관리,(주)성산산업개발
A15780705,위탁관리,12,위탁관리,24,(주) 엠컨트럴시스템,위탁관리,7,(주)엠컨트럴시스템,음식물쓰레기종량제,위탁관리,에이스나무병원(주)
A15780806,위탁관리,13,위탁관리,32,삼우안전관리(주),위탁관리,8,(주)두원이엔씨,음식물쓰레기종량제,위탁관리,(주)비엔비클릭
A15780904,위탁관리,7,위탁관리,13,(주) 한결에이엠,위탁관리,7,(주)한빛티에스,음식물쓰레기종량제,위탁관리,에스앤산업
A15780905,위탁관리,10,위탁관리,20,남경종합관리(주),위탁관리,10,(주)청아시스템,음식물쓰레기종량제,위탁관리,(주)에스엔산업
A15781002,위탁관리,7,위탁관리,6,태림주택종합관리,위탁관리,7,(주)태강티엠에스,음식물쓰레기종량제,위탁관리,지산아이앤씨
A15781003,위탁관리,8,위탁관리,12,코리아종합관리,위탁관리,7,(주)수림종합관리,음식물쓰레기종량제,위탁관리,지산INC
A15781201,위탁관리,3,위탁관리,3,(주)인덕종합관리,위탁관리,3,피누스이앤씨(주),음식물쓰레기종량제,위탁관리,성우서비스(주)
A15782501,위탁관리,2,위탁관리,2,CM자산,위탁관리,2,,음식물쓰레기종량제,위탁관리,
A15783701,위탁관리,2,위탁관리,4,(유)와이번스안전관리시스템,위탁관리,2,(유)와이번스안전관리시스템,차량수거방식,위탁관리,동진엠엔에스
A15783703,위탁관리,3,위탁관리,4,국제경보산업(주),위탁관리,2,선우환경(주),음식물쓰레기종량제,위탁관리,(주)태양이엔씨
A15783806,위탁관리,4,위탁관리,4,제상에스디,위탁관리,3,,기타,위탁관리,
A15783902,위탁관리,3,위탁관리,2,듀델코리아(주),위탁관리,2,에코그린티엠,음식물쓰레기종량제,위탁관리,성산산업개발(주)
A15783905,위탁관리,2,위탁관리,3,(주)듀델코리아,위탁관리,2,대주에이치알,음식물쓰레기종량제,위탁관리,대청그린웍스
A15783907,위탁관리,4,위탁관리,3,(유)탄천산업,위탁관리,3,(주)승학,음식물쓰레기종량제,위탁관리,(주)씨앤
A15784003,위탁관리,2,위탁관리,3,코리아종합관리(주),위탁관리,2,일신환경,음식물쓰레기종량제,위탁관리,
A15784008,위탁관리,5,위탁관리,5,삼우안전관리,위탁관리,4,동진종합시스템,음식물쓰레기종량제,위탁관리,(주)범주
A15784201,자치관리,2,위탁관리,2,공간종합관리,위탁관리,2,,음식물쓰레기종량제,위탁관리,
A15784402,위탁관리,3,위탁관리,6,새롬씨큐리티(주),위탁관리,2,위더스엔주식회사,음식물쓰레기종량제,위탁관리,이수환경
A15784601,위탁관리,2,위탁관리,4,아산종합관리,위탁관리,2,,음식물쓰레기종량제,위탁관리,
A15785002,위탁관리,2,위탁관리,3,(주)코리아종합관리,위탁관리,2,(주)듀델코리아,음식물쓰레기종량제,위탁관리,(주)청정티엠에스
A15785005,위탁관리,7,위탁관리,8,(주)에스제이종합,위탁관리,4,에이스시설관리(주),음식물쓰레기종량제,위탁관리,(주)지산아이앤씨
A15785507,위탁관리,4,위탁관리,6,코리아종합관리,위탁관리,3,(주)토탈안전관리,음식물쓰레기종량제,위탁관리,티엔크린(주)
A15785601,위탁관리,4,위탁관리,2,코리아이지텔(주),위탁관리,2,대진에스컴 주식회사,음식물쓰레기종량제,위탁관리,은광서비스 주식회사
A15785605,위탁관리,4,위탁관리,3,코리아종합관리,,0,,,위탁관리,
A15785608,위탁관리,6,위탁관리,6,(주)이데아그룹,위탁관리,5,에코그린TM,차량수거방식,위탁관리,삼우안전관리
A15785612,위탁관리,7,위탁관리,8,(주)다보산업관리,위탁관리,1,(주) 우리들관리,음식물쓰레기종량제,위탁관리,동진엠엔에스
A15785613,위탁관리,8,위탁관리,14,명신주택관리(주),위탁관리,7,,차량수거방식,위탁관리,
A15785703,위탁관리,3,위탁관리,2,(주)코리아종합관리,위탁관리,2,에코그린티엠,음식물쓰레기종량제,위탁관리,성산산업개발
A15785709,위탁관리,5,위탁관리,6,(주)지엔비,자치관리,2,,음식물쓰레기종량제,위탁관리,(주)지산아이앤씨
A15785710,자치관리,9,위탁관리,8,명신주택관리(주),위탁관리,7,청아시스템,차량수거방식,위탁관리,성산산업개발
A15785711,위탁관리,7,위탁관리,14,공간종합관리(주),위탁관리,6,공간종합관리(주),음식물쓰레기종량제,위탁관리,(주)삼우서비스
A15785919,위탁관리,4,위탁관리,6,국보종합관리,위탁관리,4,(주)대양씨앤지,음식물쓰레기종량제,위탁관리,(주)국보종합관리
A15786104,위탁관리,3,위탁관리,2,위더스앤주식회사,위탁관리,2,위더스앤주식회사,음식물쓰레기종량제,위탁관리,성산산업개발(주)
A15786111,위탁관리,3,위탁관리,2,(주)이데아,위탁관리,2,,기타,위탁관리,
A15786116,위탁관리,3,위탁관리,3,(유)와이번스안전관리시스템,위탁관리,2,(주)우리들관리,음식물쓰레기종량제,위탁관리,(주) 성산산업개발
A15786118,위탁관리,4,위탁관리,4,삼우안전관리,위탁관리,3,에코그린티엠,음식물쓰레기종량제,위탁관리,라이프티엠
A15786213,위탁관리,3,위탁관리,2,세화종합관리(주),위탁관리,3,세화ㅗㅇ합관리(주),음식물쓰레기종량제,위탁관리,(주)휘성
A15786222,자치관리,5,자치관리,4,,자치관리,3,,거점장비수거방식,위탁관리,주식회사 씨엔
A15786227,위탁관리,6,위탁관리,6,백송종합관리,위탁관리,4,태영관리,음식물쓰레기종량제,위탁관리,새롬에스엔씨
A15786312,위탁관리,2,위탁관리,4,탑종합관리,위탁관리,3,,음식물쓰레기종량제,위탁관리,
A15786314,위탁관리,2,위탁관리,3,인덕종합관리,위탁관리,3,국제건물관리,음식물쓰레기종량제,위탁관리,공
A15786321,위탁관리,4,위탁관리,2,엘림에스(주),위탁관리,3,토탈안전관리,기타,위탁관리,이수환경공사
A15786405,위탁관리,2,위탁관리,2,예스종합관리,위탁관리,2,,음식물쓰레기종량제,위탁관리,
A15786408,위탁관리,3,위탁관리,5,코리아이지텔(주),자치관리(직영),1,,음식물쓰레기종량제,위탁관리,성산산업개발
A15786420,위탁관리,4,위탁관리,6,공간종합관리,위탁관리,3,국제건물관리(주),음식물쓰레기종량제,위탁관리,국보종합관리
A15786424,위탁관리,7,위탁관리,6,(주)우창개발,위탁관리,4,(주)가온종합관리,음식물쓰레기종량제,위탁관리,(주)성산산업개발
A15786426,위탁관리,5,위탁관리,6,(주)듀델코리아,위탁관리,5,,음식물쓰레기종량제,위탁관리,
A15786510,위탁관리,3,위탁관리,3,(주)듀델코리아,위탁관리,2,주식회사 에스제이두웰,음식물쓰레기종량제,위탁관리,주식회사 다빈환경
A15788203,위탁관리,4,위탁관리,8,예주산업(주),위탁관리,4,(주)청아시스템,차량수거방식,위탁관리,(주)지산아이앤씨
A15788302,위탁관리,4,위탁관리,10,인앤인주택관리(주),위탁관리,3,대양씨엔지(주),차량수거방식,위탁관리,(주)휘성
A15788901,위탁관리,3,위탁관리(직영+위탁),4,유원종합관리(주),위탁관리,2,서림폴리텍(주),음식물쓰레기종량제,위탁관리,(주)지산아이앤씨
A15791001,위탁관리,3,위탁관리,3,코리아이지텔(주),위탁관리,2,(주)한빛종합관리,거점장비수거방식,위탁관리,(주)정일종합관리
A15792602,위탁관리,18,위탁관리,29,(주)피누스이앤씨,위탁관리,23,(주)나래종합관리,거점장비수거방식,위탁관리,(주)참나무병원
A15805002,위탁관리,15,위탁관리,46,(주)동신종합관리,위탁관리,13,서림폴리텍(주),음식물쓰레기종량제,위탁관리,(주)씨에이에스
A15805003,위탁관리,16,위탁관리,70,동익,위탁관리,13,원광,음식물쓰레기종량제,위탁관리,대원에스테이트서비스
A15805101,위탁관리,2,위탁관리,2,국제경보산업,위탁관리,2,(유)대주에이치알,음식물쓰레기종량제,위탁관리(직영+위탁),성우서비스
A15805102,위탁관리,2,위탁관리,2,(주)미래에이비엠,위탁관리,2,(주)미래에이비엠,음식물쓰레기종량제,위탁관리,(주)미래에이비엠
A15805105,위탁관리,4,위탁관리,2,(유)탄천산업,위탁관리,2,새롬에스앤씨(주),음식물쓰레기종량제,위탁관리,신흥시스템
A15805109,위탁관리,4,위탁관리,4,(주)을지종합관리,위탁관리,3,(주)을지종합관리,음식물쓰레기종량제,위탁관리,세영에이앤씨(주)
A15805111,위탁관리,10,위탁관리,22,(주)홈스웰,위탁관리,15,(주)홈스웰,거점장비수거방식,위탁관리,(주)청정티엠에스
A15805114,위탁관리,18,위탁관리,26,(주)에스텍시스템,위탁관리,23,(주)현대종합관리,음식물쓰레기종량제,위탁관리,(주)좋은서비스
A15805115,위탁관리,23,위탁관리,45,유한회사탄천산업,위탁관리,18,유한회사탄천산업,음식물쓰레기종량제,위탁관리,(주)좋은서비스
A15805202,위탁관리,4,위탁관리,6,(주)코리아종합관리,위탁관리,4,(유)대주에이치알,음식물쓰레기종량제,위탁관리,나라개발시스템(주)
A15805203,위탁관리,4,위탁관리,6,(주)상우시스템,위탁관리,3,,음식물쓰레기종량제,위탁관리,
A15805301,위탁관리,8,위탁관리,6,(주)국제안전시스템,위탁관리,7,엘림에스(유),음식물쓰레기종량제,위탁관리,주식회사 정일종합관리
A15805302,위탁관리,5,위탁관리,6,(주)에스알피,위탁관리,5,이오티앤디,음식물쓰레기종량제,위탁관리,성산산업개발
A15805303,위탁관리,10,위탁관리,12,(주)동익,위탁관리,15,(주)에코그린티엠,음식물쓰레기종량제,위탁관리,에이스나무병원(주)
A15805403,위탁관리,4,위탁관리,6,위더스엠엔씨,위탁관리,4,,음식물쓰레기종량제,위탁관리,
A15805404,위탁관리,5,위탁관리,7,(주)세계보안관리시스템,위탁관리,6,,음식물쓰레기종량제,위탁관리,
A15805501,자치관리,6,위탁관리,6,오행종합개발(주),위탁관리,6,오행종합개발,음식물쓰레기종량제,위탁관리,태양방역
A15805502,위탁관리,6,위탁관리,4,(주)에스원,위탁관리,6,,음식물쓰레기종량제,위탁관리,
A15805503,위탁관리,15,위탁관리,28,미래티엠에스(주),위탁관리,9,(주)밝은티에스,음식물쓰레기종량제,위탁관리,삼우안전관리(유)
A15805504,위탁관리,18,위탁관리,77,삼우안전관리(유),위탁관리,17,효명종합관리,음식물쓰레기종량제,위탁관리,좋은서비스
A15807001,위탁관리,4,위탁관리,4,엘림테크,위탁관리,4,두원,음식물쓰레기종량제,위탁관리,(주)휘성
A15807002,위탁관리,8,위탁관리,8,남광개발(주),위탁관리,8,남광개발(주),음식물쓰레기종량제,위탁관리,(주)에스앤산업
A15807003,위탁관리,4,위탁관리,3,대한티에스(주),위탁관리,2,디티에스,음식물쓰레기종량제,위탁관리,(주)라이프티엠
A15807004,위탁관리,5,위탁관리,6,예주산업(주),위탁관리,4,엘림에스(유),음식물쓰레기종량제,위탁관리,굿모닝대양(유)
A15807101,위탁관리,22,위탁관리,102,관리업체와 동일,위탁관리,21,(주)에코그린티엠,음식물쓰레기종량제,위탁관리,(주)동명환경
A15807202,위탁관리,4,위탁관리,2,(주)한영파트너스FH,위탁관리,2,주식회사 한영파트너스에프에이치,차량수거방식,위탁관리,(주)동진엠엔에스
A15807204,위탁관리,4,위탁관리,4,(주)코리아종합관리,위탁관리,2,성산산업개발,음식물쓰레기종량제,위탁관리,성산산업개발
A15807205,위탁관리,4,위탁관리,4,(주)코리아종합관리,위탁관리,3,성산산업개발(주),음식물쓰레기종량제,위탁관리,성산산업개발(주)
A15807208,위탁관리,5,위탁관리,8,남경종합관리.주,위탁관리,4,대주에이치알(유),음식물쓰레기종량제,위탁관리,(주)라이프티엠
A15807210,위탁관리,6,위탁관리,10,(주)듀델코리아,위탁관리,8,삼일시스템,음식물쓰레기종량제,위탁관리,굿모닝대양
A15807211,위탁관리,9,위탁관리,12,광인산업,위탁관리,9,,음식물쓰레기종량제,위탁관리,
A15807306,위탁관리,5,위탁관리,4,(주)에코그린티엠,위탁관리,5,(주)에코그린티엠,기타,위탁관리,동아기업환경
A15807311,위탁관리,7,위탁관리,6,예주산업(주),위탁관리,7,(주)효명종합관리,음식물쓰레기종량제,위탁관리,(주)좋은서비스
A15807313,위탁관리,6,위탁관리,4,(주)코리아종합관리,위탁관리,2,,음식물쓰레기종량제,위탁관리,
A15807315,위탁관리,11,위탁관리,11,(주)남경,위탁관리,13,남경,음식물쓰레기종량제,위탁관리,태양씨에스
A15807316,위탁관리,8,위탁관리,8,명원실업,위탁관리,7,명원실업,음식물쓰레기종량제,위탁관리,(주)에스앤산업
A15807601,위탁관리,5,위탁관리,6,(주)듀델코리아,위탁관리,3,,음식물쓰레기종량제,위탁관리,
A15807603,위탁관리,8,위탁관리,12,kfns,위탁관리,7,kfns,거점장비수거방식,위탁관리,(주)성산산업
A15807604,위탁관리,13,위탁관리,48,인덕종합관리,위탁관리,11,두원에이앤씨,음식물쓰레기종량제,위탁관리,와이브이시스템
A15807605,위탁관리,22,위탁관리,100,(주)동익,위탁관리,22,(주)밝은티에스,음식물쓰레기종량제,위탁관리,(주)좋은서비스
A15807606,위탁관리,26,위탁관리,75,(주)와이번스안전관리시스템,위탁관리,23,한강티에스,음식물쓰레기종량제,위탁관리,좋은서비스
A15807701,자치관리,3,위탁관리,4,(주)듀델코리아,위탁관리,4,(주)듀델코리아,거점장비수거방식,위탁관리,(주)성산산업개발
A15807702,위탁관리,5,위탁관리,4,한국보안컨설팅(주),위탁관리,3,(주)이엠피서비스,음식물쓰레기종량제,위탁관리,(주)동진엠엔에스
A15807703,위탁관리,10,위탁관리,12,(주)듀델코리아,위탁관리,11,(주)이데아그룹,음식물쓰레기종량제,위탁관리,(주)와이브이시스템
A15807704,위탁관리,8,위탁관리,8,(주)이오티앤디,위탁관리,4,(주)이오티앤디,음식물쓰레기종량제,위탁관리,피누스이앤씨
A15807705,위탁관리,17,위탁관리,33,경진이앤지,위탁관리,12,삼우안전관리(주),음식물쓰레기종량제,위탁관리,삼우서비스(주)
A15807706,위탁관리,15,위탁관리,38,(주)듀델코리아,위탁관리,14,(주)효명종합관리,음식물쓰레기종량제,위탁관리,에이스나무병원(주)
A15807707,위탁관리,14,위탁관리,24,(주)예주산업,위탁관리,15,삼우안전관리(주),음식물쓰레기종량제,위탁관리,와이브이씨스템
A15809001,위탁관리,1,위탁관리,2,조현시스템,위탁관리,2,제일환경,음식물쓰레기종량제,위탁관리,정일종합관리
A15809002,위탁관리,5,위탁관리,6,신현대관리(주),위탁관리,4,이엠피서비스,음식물쓰레기종량제,위탁관리,이엠피서비스
A15809201,위탁관리,2,위탁관리(직영+위탁),2,일신주택관리,위탁관리,1,우리들관리,기타,위탁관리,주식회사성우서비스
A15809401,위탁관리,1,위탁관리,2,듀델코리아,위탁관리,2,듀델코리아,음식물쓰레기종량제,위탁관리,정일종합관리
A15809402,위탁관리,3,위탁관리,2,대한티에스,위탁관리,2,,기타,위탁관리,
A15809403,위탁관리,2,위탁관리,4,케이앤비자산관리(주),위탁관리,4,케이앤비자산관리(주),음식물쓰레기종량제,위탁관리,라이프티엠
A15809502,위탁관리,2,위탁관리,2,남경종합관리(주),위탁관리,2,남경종합관리,음식물쓰레기종량제,위탁관리,동진엠엔에스
A15809601,위탁관리,6,위탁관리,2,공간종합관리,위탁관리,2,,차량수거방식,위탁관리,
A15809603,위탁관리,4,위탁관리,5,인앤인주택관리(주),위탁관리,4,인앤인주택관리(주),음식물쓰레기종량제,위탁관리,새롬에스앤씨(주)
A15809702,자치관리,2,자치관리,7,,자치관리,2,,음식물쓰레기종량제,위탁관리,
A15870101,위탁관리,14,위탁관리,21,새롬종합관리(주),위탁관리,15,태영,음식물쓰레기종량제,위탁관리,(주)서원씨에스
A15870102,위탁관리,5,위탁관리,4,(주)서호씨엠,위탁관리,2,(주)서호씨엠,차량수거방식,위탁관리,(주)서호씨엠
A15870701,위탁관리,5,위탁관리,6,(주)이데아그룹,위탁관리,5,(주)이데아그룹,음식물쓰레기종량제,위탁관리,굿모닝대양
A15873701,위탁관리,20,위탁관리,58,웅산산업개발,위탁관리,20,에이스시설관리(주),음식물쓰레기종량제,위탁관리,(주)좋은서비스
A15873902,위탁관리,5,위탁관리,4,웅산산업개발(주),위탁관리,4,(주)피누스이앤씨,차량수거방식,위탁관리,(주)우원티엠
A15875101,위탁관리,19,위탁관리,54,남경종합관리,위탁관리,16,선우환경관리,음식물쓰레기종량제,위탁관리,와이브이시스템
A15875102,위탁관리,17,위탁관리,63,경진이앤지,위탁관리,16,(유)원광,거점장비수거방식,위탁관리,(유)삼우안전관리
A15875103,위탁관리,14,위탁관리,59,삼우안전관리(유),위탁관리,12,엘림에스,음식물쓰레기종량제,위탁관리,(주)성산산업개발
A15876401,위탁관리,5,위탁관리,4,원앤원산업개발(주),위탁관리,2,(주)이데아그룹,음식물쓰레기종량제,위탁관리,(주)동진엠엔에스
A15876402,위탁관리,5,위탁관리,4,원앤원산업개발,위탁관리,2,원앤원산업개발,음식물쓰레기종량제,위탁관리,(주)굿에어테크
A15878601,위탁관리,1,위탁관리,2,,위탁관리,2,,음식물쓰레기종량제,위탁관리,
A15879501,위탁관리,5,위탁관리,4,(주)세연종합관리,위탁관리,2,,차량수거방식,위탁관리,
A15879502,위탁관리,8,위탁관리,6,(주)듀델코리아,위탁관리,10,(주)듀델코리아,차량수거방식,위탁관리,(주)조흥환경
A15880204,자치관리,5,자치관리,4,,자치관리,3,,음식물쓰레기종량제,위탁관리,(주)성산산업개발
A15880905,위탁관리,6,위탁관리,10,(유)탄천산업,위탁관리,5,(유)탄천산업,음식물쓰레기종량제,위탁관리,(유)탄천산업
A15881601,위탁관리,4,위탁관리,2,이오티앤디,위탁관리,2,이안,거점장비수거방식,위탁관리,서호씨엠
A15881701,위탁관리,1,위탁관리,4,한양파트너스에프에이치,위탁관리,2,(주)이안,차량수거방식,위탁관리,주식회사 동아기업환경
A15881702,위탁관리,4,자치관리(직영),2,,위탁관리,1,,차량수거방식,위탁관리,
A15882006,위탁관리,2,위탁관리,2,(주)상원써비스,위탁관리,2,(주)한빛종합관리,음식물쓰레기종량제,위탁관리,다빈환경
A15882008,위탁관리,4,위탁관리,3,나래종합관리,위탁관리,2,,음식물쓰레기종량제,위탁관리,
A15882010,위탁관리,5,자치관리,6,,위탁관리,3,대주에이치알,차량수거방식,위탁관리,이산
A15882103,위탁관리,3,위탁관리,3,캐이앤비자산관리(주),위탁관리,2,인덕종합관리(주),음식물쓰레기종량제,위탁관리,삼우서비스(주)
A15882104,위탁관리,3,위탁관리,2,인덕종합관리(주),위탁관리,2,한국경영관리(주),기타,위탁관리,(주)성산산업개발
A15882107,위탁관리,4,위탁관리,4,듀델코리아주식회사,위탁관리,2,삼일시스템,음식물쓰레기종량제,위탁관리,나라개발시스템
A15882201,위탁관리,3,위탁관리,2,코리아이지텔,위탁관리,2,화이트시스템,음식물쓰레기종량제,위탁관리,정일종합건설
A15883101,위탁관리,2,관리방식미정,2,,관리방식미정,2,,음식물쓰레기종량제,위탁관리,정일종합관리
A15883201,위탁관리,5,위탁관리,6,주)신원티엠씨(TMC),위탁관리,5,주)신원티엠씨,,위탁관리,세연종합관리
A15883202,위탁관리,4,위탁관리,4,(주)상우시스템,위탁관리,3,(주)상우시스템,기타,위탁관리,(주)지산아이엔씨
A15883401,위탁관리,4,위탁관리,4,한영파트너스에프에이치,위탁관리,4,한영파트너스에프에이치,음식물쓰레기종량제,위탁관리,티엔크린
A15883402,위탁관리,9,위탁관리,6,코리아이지텔주식회사,위탁관리,12,(주)라포르,음식물쓰레기종량제,위탁관리,에이스나무병원
A15883702,위탁관리,2,위탁관리,4,새롬씨큐리티(주),자치관리(직영),2,,음식물쓰레기종량제,위탁관리,새롬에스앤씨
A15883803,위탁관리,3,위탁관리,8,한국보안컨설팅(주),위탁관리,2,(주)비엠에스종합개발,거점장비수거방식,위탁관리,(주)휘성
A15884202,위탁관리,5,위탁관리,6,코리아이지텔,위탁관리,4,(주)밝은티에스,음식물쓰레기종량제,위탁관리,(주)좋은서비스
A15884703,위탁관리,14,위탁관리,42,(주)푸른안전산업,위탁관리,11,예주산업,음식물쓰레기종량제,위탁관리,와이브시스템
A15884901,위탁관리,1,위탁관리,2,경진이엔지,위탁관리,2,,기타,위탁관리,
A15885303,위탁관리,4,위탁관리,4,코리아종합관리,위탁관리,2,일신환경,음식물쓰레기종량제,위탁관리,지산아이앤씨
A15885306,위탁관리,5,위탁관리,5,피누스이앤씨,위탁관리,2,에스엠피티(주),음식물쓰레기종량제,위탁관리,성산산업개발
A15885307,위탁관리,4,위탁관리,4,(주)푸른안전산업,위탁관리,4,(주)우리비젼,음식물쓰레기종량제,위탁관리,(주)한영디앤씨
A15885514,위탁관리,7,위탁관리,6,남경종합관리(주),위탁관리,7,남경종합관리(주),음식물쓰레기종량제,위탁관리,(주)와이브이시스템
A15886402,위탁관리,2,위탁관리,2,성안씨에스,위탁관리,2,(주)이안,음식물쓰레기종량제,위탁관리,성우서비스
A15886501,위탁관리,2,위탁관리,2,코리아종합관리(주),위탁관리,2,베스트,거점장비수거방식,위탁관리,
A15886504,위탁관리,5,위탁관리,4,(주)듀델코리아,위탁관리,4,(주)뉴맨테크,음식물쓰레기종량제,위탁관리,대양디아이
A15886505,위탁관리,5,위탁관리,8,(주)경진관리,위탁관리,4,경진관리,음식물쓰레기종량제,위탁관리,
A15886507,위탁관리,5,위탁관리,8,유원종합관리(주),위탁관리,5,유원종합관리(주),음식물쓰레기종량제,위탁관리,(주)피누스이앤씨
A15886508,위탁관리,5,위탁관리,6,(주)상일테크,위탁관리,4,(주)조흥환경,음식물쓰레기종량제,위탁관리,성우서비스
A15886510,위탁관리,5,위탁관리,4,삼대개발(주),위탁관리,2,(주)에코그린티엠,음식물쓰레기종량제,위탁관리,(주)씨앤
A15886512,위탁관리,5,위탁관리,6,(주)국보종합관리,위탁관리,6,(주)국보종합관리,음식물쓰레기종량제,위탁관리,(주)서원씨에스
A41279901,위탁관리,5,위탁관리,2,광인산업(주),위탁관리,3,엘림에스(유),기타,위탁관리,(주)성산산업개발
A41279902,위탁관리,4,위탁관리,4,(유)대주에이치알,위탁관리,5,(유)대주에이치알,기타,위탁관리,(주)거문환경
A41279903,위탁관리,5,위탁관리,4,세이프원(주),위탁관리,4,(주)청아시스템,거점장비수거방식,위탁관리,기산종합환경
A41279904,위탁관리,5,위탁관리,3,듀델코리아,위탁관리,4,태은환경,음식물쓰레기종량제,위탁관리,태은환경
A41279905,위탁관리,4,자치관리,2,,위탁관리,2,케이앤비자산관리,기타,위탁관리,동명환경
A41279908,위탁관리,4,위탁관리(직영+위탁),2,(주)에코그린티엠,위탁관리,3,대진에스컴,기타,위탁관리,거문환경
A41279909,위탁관리,3,위탁관리,2,주)듀델코리아,위탁관리,2,유)대주에이치알,거점장비수거방식,위탁관리,주)동진엠엔에스
A41279910,위탁관리,8,위탁관리,10,율산개발,위탁관리,8,,거점장비수거방식,위탁관리,
A41279911,위탁관리,6,위탁관리,8,상일테크,위탁관리,6,(주)에스씨월드,기타,위탁관리,에이스나무병원(주)
A41279912,위탁관리,6,위탁관리,6,현대관리시스템,위탁관리,7,승인산업,기타,위탁관리,에이스나무병원
A41279913,위탁관리,5,위탁관리,3,대온관리 ,위탁관리,4,대온관리,음식물쓰레기종량제,위탁관리,대양디아이 
A41279914,위탁관리,5,위탁관리,4,이오티엔디,위탁관리,4,대주에이치알,기타,위탁관리,에이스시설관리(주)
A41279915,위탁관리,5,위탁관리,2,혜진종합관리,위탁관리,6,(주)청아시스템,기타,위탁관리,(주)지산아이앤씨
A41279916,위탁관리,5,위탁관리,6,(유)와이번스안전관리시스템,위탁관리,3,탄천산업,거점장비수거방식,위탁관리,성산산업개발
A41279917,위탁관리,5,위탁관리,2,율산개발(유),자치관리(직영),4,,음식물쓰레기종량제,위탁관리,(주)성산산업개발
A41279918,위탁관리,6,위탁관리,4,탄천,위탁관리,7,,거점장비수거방식,위탁관리,우원티엠
A41279920,위탁관리,5,위탁관리,6,(주)홈스텍,위탁관리,6,(주)두원에이앤씨,거점장비수거방식,위탁관리,(주)대청그린웍스
A41279921,위탁관리,8,위탁관리,8,(주)에스제이종합,위탁관리,8,(주)이오티앤디,거점장비수거방식,위탁관리,(주)와이브이시스템
A41279922,위탁관리,3,위탁관리,2,세연종합관리(주),위탁관리,3,삼우서비스(주),음식물쓰레기종량제,위탁관리,은광서비스(주)
A41279923,위탁관리,5,위탁관리,2,더지엠에스,위탁관리,4,이데아그룹,거점장비수거방식,위탁관리,좋은서비스
A41279924,위탁관리,6,위탁관리,6,듀델코리아,위탁관리,7,,기타,위탁관리,
A41279925,위탁관리,3,위탁관리,2,(주)듀델코리아,위탁관리,3,(주)듀델코리아,거점장비수거방식,위탁관리,(주)동진엠엔에스
A41279927,위탁관리,5,위탁관리,4,(주)듀델코리아,위탁관리,4,(주)듀델코리아,거점장비수거방식,위탁관리,대청그린웍스
A41279928,위탁관리,5,위탁관리,6,(주)청담관리,위탁관리,4,(주)에스제이종합,기타,위탁관리,(주)성산산업개발
A41279929,위탁관리,5,위탁관리,4,(주)상우시스템,위탁관리,5,상우시스템,거점장비수거방식,위탁관리,은광서비스
A41279930,위탁관리,4,위탁관리,2,(주)국제안전시스템,위탁관리,3,(주)대호안전관리공사,거점장비수거방식,위탁관리,(주)동아기업환경
A41279931,위탁관리,6,위탁관리,7,듀델코리아,위탁관리,7,(주)듀델코리아,기타,위탁관리,(주)지산아이엔씨
A41279932,위탁관리,5,위탁관리,5,월드보안주식회사,위탁관리,4,주식회사 대한,음식물쓰레기종량제,위탁관리,(주)성산산업개발
