단지코드,차량보유대수(전체),차량보유대수(전기차),전기충전기설치여부(지상),전기충전기설치여부(지하),전기차전용주차면수(지상),전기차전용주차면수(지하),외부인개방여부(지상),외부인개방여부(지하),이용가능시작시간(지상),이용가능시작시간(지하),이용종료시작시간(지상),이용종료시작시간(지하),전기차충전시설(상세),전기차 충전시설 설치대수(지상),전기차 충전시설 설치대수(지하),입주편의시설
A10020550,130,5,미설치,설치,0,3,,입주민전용,시 분,12시 0분,시 분,24시 0분,◆1◆|지하|벽부형충전기|AC단상 5핀|완속|3|나이스|,0,3,없음
A10020888,107,1,미설치,설치,0,1,,입주민전용,시 분,24시 0분,시 분,24시 0분,◆1◆|지하|벽부형충전기|AC단상 5핀|완속|1|지에스차지비|,0,1,있음
A10023322,29,0,미설치,미설치,0,0,,,시 분,시 분,시 분,시 분,,,,없음
A10023788,101,3,설치,설치,2,8,외부인허용,외부인허용,0시 1분,0시 1분,23시 59분,23시 59분,"◆1◆|지상|이동형충전기|AC단상 5핀|완속|1|홈앤스비스(주)|,◆2◆|지하|벽부형충전기|AC단상 5핀|완속|4|에스트레픽(주)|,◆3◆|지하|이동형충전기|AC단상 5핀|완속|2|홈엔서비스(주)|",1,6,없음
A10023815,166,0,미설치,설치,0,4,,외부인허용,시 분,0시 0분,시 분,0시 0분,"◆1◆|지하|벽부형충전기|AC단상 5핀|완속|2|(주)에버온|,◆2◆|지하|스탠드형충전기|AC단상 5핀|급속|2|(주)에버온|",0,4,없음
A10023891,360,7,미설치,설치,0,7,,,시 분,0시 0분,시 분,0시 0분,◆1◆|지하|벽부형충전기|AC단상 5핀|완속|7|이카플러그|,0,7,있음
A10024034,179,6,미설치,설치,0,6,,외부인허용,시 분,0시 0분,시 분,23시 0분,◆1◆|지하|벽부형충전기|AC단상 5핀|완속|6|파워큐전기차충전서비|,0,6,없음
A10024237,47,0,미설치,미설치,0,0,입주민전용,입주민전용,시 분,시 분,시 분,시 분,,,,없음
A10024327,142,2,미설치,설치,0,0,,입주민전용,시 분,0시 0분,시 분,0시 0분,◆1◆|지하|벽부형충전기|AC3상 7핀|완속|3|에스트래픽|,0,3,없음
A10024359,70,1,미설치,설치,0,2,,입주민전용,시 분,0시 0분,시 분,24시 0분,◆1◆|지하|스탠드형충전기|직접입력|완속|2|직접운영|,0,2,없음
A10024398,1874,10,미설치,설치,0,41,입주민전용,입주민전용,시 분,23시 50분,시 분,23시 50분,◆1◆|지하|벽부형충전기|직접입력|완속|41|나이스차저|,0,41,없음
A10024408,398,29,미설치,설치,0,36,,입주민전용,시 분,1시 1분,시 분,24시 59분,◆1◆|지하|벽부형충전기|AC단상 5핀|완속|29|스타코프|,0,29,있음
A10024410,170,4,미설치,설치,0,10,,입주민전용,시 분,0시 0분,시 분,23시 59분,"◆1◆|지하|스탠드형충전기|DC콤보 7핀|완속|2|시그넷이브이|,◆2◆|지하|스탠드형충전기|직접입력|급속|1|시그넷이브이|",0,3,없음
A10024421,824,4,미설치,설치,0,6,,입주민전용,시 분,24시 1분,시 분,24시 1분,"◆1◆|지하|스탠드형충전기|AC3상 7핀|급속|1|중앙제어(주)|,◆2◆|지하|벽부형충전기|AC3상 7핀|완속|5|중앙제어(주)|",0,6,있음
A10024422,780,8,미설치,설치,0,31,,입주민전용,시 분,1시 1분,시 분,23시 59분,◆1◆|지하|벽부형충전기|AC단상 5핀|급속|31|차지비|,0,31,없음
A10024436,34,0,미설치,설치,0,7,,외부인허용,시 분,0시 0분,시 분,23시 59분,"◆1◆|지하|스탠드형충전기|AC3상 7핀|급속|2|사용 안함(입주민 전용)|,◆2◆|지하|벽부형충전기|AC3상 7핀|완속|1|사용 안함(입주민 전용)|,◆3◆|지하|벽부형충전기|AC단상 5핀|완속|3|휴맥스EV|",0,6,없음
A10024443,300,9,미설치,설치,0,16,,입주민전용,시 분,0시 0분,시 분,24시 0분,◆1◆|지하|벽부형충전기|AC단상 5핀|완속|16|스타코프|,0,16,없음
A10024463,103,3,미설치,설치,0,5,,입주민전용,시 분,23시 59분,시 분,23시 59분,◆1◆|지하|벽부형충전기|AC단상 5핀|완속|5|홈앤서비스 주식회사|,0,5,없음
A10024464,183,2,미설치,설치,0,2,,외부인허용,시 분,0시 0분,시 분,0시 0분,◆1◆|지하|스탠드형충전기|직접입력|완속|2|자가|,0,2,없음
A10024468,899,23,미설치,미설치,0,32,,,시 분,시 분,시 분,시 분,,,,있음
A10024470,740,5,미설치,설치,0,5,,,시 분,0시 0분,시 분,23시 0분,◆1◆|지하|스탠드형충전기|AC단상 5핀|완속|5|*|,0,5,없음
A10024473,2532,240,미설치,설치,0,133,,입주민전용,시 분,0시 0분,시 분,23시 59분,"◆1◆|지하|벽부형충전기|AC단상 5핀|완속|83|SK|,◆2◆|지하|스탠드형충전기|AC단상 5핀|완속|13|코스텔|,◆3◆|지하|벽부형충전기|AC단상 5핀|완속|48|대영채비|,◆4◆|지하|스탠드형충전기|AC단상 5핀|급속|1|대영채비|",0,145,없음
A10024488,1876,94,미설치,설치,0,44,,입주민전용,시 분,0시 1분,시 분,23시 19분,"◆1◆|지하|벽부형충전기|AC단상 5핀|완속|43|㈜에버홈|,◆2◆|지하|스탠드형충전기|AC3상 7핀|급속|1|㈜에버홈|",0,44,없음
A10024490,1,7,미설치,설치,0,5,,입주민전용,시 분,23시 59분,시 분,23시 59분,◆1◆|지하|벽부형충전기|직접입력|완속|1|대영채비|,0,1,없음
A10024492,158,8,미설치,설치,0,15,,입주민전용,시 분,0시 0분,시 분,0시 0분,"◆1◆|지하|스탠드형충전기|AC3상 7핀|초급속|1|대영채비|,◆2◆|지하|스탠드형충전기|AC단상 5핀|완속|2|대영채비|,◆3◆|지하|벽부형충전기|직접입력|완속|12|대영채비|",0,15,없음
A10024495,299,11,미설치,설치,0,3,,입주민전용,시 분,9시 0분,시 분,9시 0분,"◆1◆|지하|스탠드형충전기|DC콤보 7핀|급속|1|중앙제어(주)|,◆2◆|지하|스탠드형충전기|AC단상 5핀|완속|1|중앙제어(주)|,◆3◆|지하|벽부형충전기|AC단상 5핀|완속|8|홈앤서비스|",0,10,있음
A10024501,100,4,미설치,설치,0,4,,입주민전용,시 분,0시 0분,시 분,0시 0분,◆1◆|지하|벽부형충전기|AC단상 5핀|완속|4|파워큐브코리아|,0,4,없음
A10024503,72,72,미설치,설치,0,37,,입주민전용,시 분,23시 59분,시 분,23시 59분,"◆1◆|지하|스탠드형충전기|DC콤보 7핀|급속|2|현대엔지니어링|,◆2◆|지하|스탠드형충전기|DC콤보 7핀|완속|35|현대엔지니어링|",0,37,없음
A10024505,298,7,미설치,설치,0,6,,입주민전용,,0시 0분,,23시 59분,"◆1◆|지하|스탠드형충전기|DC콤보 7핀|급속|0|신마곡벽산블루밍|,◆2◆|지하|스탠드형충전기|DC차데모 10핀|완속|6|지차저|",0,6,없음
A10024524,0,0,미설치,미설치,0,0,,,,,,,,,,없음
A10024532,3,3,미설치,설치,0,3,,입주민전용,시 분,0시 0분,시 분,23시 50분,"◆1◆|지하|벽부형충전기|AC3상 7핀|완속|3|LGu+|,◆2◆|지하|벽부형충전기|AC3상 7핀|완속|3|(주)이지차저|",0,6,없음
A10024547,28,28,미설치,설치,0,28,,입주민전용,시 분,0시 0분,시 분,23시 0분,"◆1◆|지하|벽부형충전기|DC콤보 7핀|완속|21|에버온|,◆2◆|지하|벽부형충전기|DC콤보 7핀|완속|6|자체|,◆3◆|지하|벽부형충전기|DC콤보 7핀|급속|1|자체|",0,28,없음
A10024552,1500,95,미설치,설치,0,51,,입주민전용,시 분,0시 0분,시 분,24시 0분,"◆1◆|지하|스탠드형충전기|AC단상 5핀|급속|4|자체운영|,◆2◆|지하|스탠드형충전기|AC단상 5핀|완속|10|자체운영|,◆3◆|지하|스탠드형충전기|AC단상 5핀|완속|37|휴맥스|",0,51,없음
A10024562,656,10,미설치,설치,0,14,,입주민전용,시 분,0시 1분,시 분,23시 59분,"◆1◆|지하|벽부형충전기|DC콤보 7핀|완속|8|sk|,◆2◆|지하|스탠드형충전기|AC단상 5핀|급속|2|자체|,◆3◆|지하|벽부형충전기|DC콤보 7핀|완속|4|자체|",0,14,없음
A10024564,2221,200,미설치,설치,0,225,,입주민전용,시 분,23시 59분,시 분,23시 59분,"◆1◆|지하|스탠드형충전기|AC단상 5핀|급속|1|LG유플러스볼트업|,◆2◆|지하|벽부형충전기|AC단상 5핀|완속|10|이비랑|,◆3◆|지하|벽부형충전기|AC단상 5핀|완속|51|LG유플러스볼트업|,◆4◆|지하|벽부형충전기|AC단상 5핀|완속|74|스타코프|",0,136,있음
A10024567,213,10,미설치,설치,0,2,,입주민전용,시 분,0시 0분,시 분,23시 0분,◆1◆|지하|스탠드형충전기|AC3상 7핀|완속|2|옴니시스템(주)|,0,2,있음
A10024574,413,30,미설치,설치,0,7,입주민전용,입주민전용,시 분,0시 0분,시 분,23시 59분,"◆1◆|지하|스탠드형충전기|AC단상 5핀|급속|2|한국전력공사|,◆2◆|지하|스탠드형충전기|AC3상 7핀|완속|6|한국전력공사|",0,8,있음
A10024577,855,0,미설치,설치,0,14,,입주민전용,시 분,24시 1분,시 분,24시 1분,"◆1◆|지하|벽부형충전기|AC단상 5핀|완속|5|지에스커넥터|,◆2◆|지하|스탠드형충전기|AC단상 5핀|완속|4|대영채비|,◆3◆|지하|스탠드형충전기|AC3상 7핀|급속|1|대영채비|,◆4◆|지하|이동형충전기|AC단상 5핀|완속|18|파워큐브|",0,28,있음
A10024615,1611,39,미설치,설치,0,10,,입주민전용,,0시 0분,,24시 0분,◆1◆|지하|스탠드형충전기|AC단상 5핀|완속|10|PNE시스템|,0,10,있음
A10024667,156,0,미설치,미설치,0,0,,,시 분,시 분,시 분,시 분,,,,없음
A10024691,1671,159,미설치,설치,0,41,,입주민전용,시 분,24시 0분,시 분,24시 0분,"◆1◆|지하|벽부형충전기|AC단상 5핀|완속|118|sk|,◆2◆|지하|벽부형충전기|AC단상 5핀|완속|32|나이스|,◆3◆|지하|스탠드형충전기|AC단상 5핀|완속|7|중앙제어|,◆4◆|지하|스탠드형충전기|AC단상 5핀|급속|2|중앙제어|",0,159,없음
A10024703,540,10,미설치,설치,0,11,,입주민전용,시 분,0시 0분,시 분,0시 0분,"◆1◆|지하|벽부형충전기|AC단상 5핀|완속|6|휴맥스이브이|,◆2◆|지하|벽부형충전기|AC단상 5핀|완속|5|이지차저|",0,11,없음
A10024719,1408,43,미설치,설치,0,22,,입주민전용,시 분,0시 0분,시 분,23시 59분,"◆1◆|지하|스탠드형충전기|DC콤보 7핀|완속|5|중앙제어|,◆2◆|지하|벽부형충전기|DC콤보 7핀|완속|15|(주)휴맥스이브이|,◆3◆|지하|스탠드형충전기|DC콤보 7핀|급속|2|중앙제어|",0,22,없음
A10024725,1028,50,미설치,설치,0,15,,입주민전용,시 분,0시 1분,시 분,11시 59분,"◆1◆|지하|벽부형충전기|직접입력|완속|5|지차저|,◆2◆|지하|벽부형충전기|직접입력|완속|10|GS|",0,15,없음
A10024741,1907,45,미설치,설치,0,62,외부인허용,입주민전용,,0시 0분,,23시 59분,"◆1◆|지하|스탠드형충전기|AC3상 7핀|급속|4|관리사무소|,◆2◆|지하|이동형충전기|AC단상 5핀|완속|53|파워큐브코리아|,◆3◆|지하|벽부형충전기|AC단상 5핀|완속|31|차지비|",0,88,없음
A10024745,1302,40,미설치,설치,0,27,입주민전용,,시 분,0시 0분,시 분,24시 0분,"◆1◆|지하|벽부형충전기|직접입력|완속|25|LGU+볼트업|,◆2◆|지하|스탠드형충전기|직접입력|급속|1|옴니시스템|",0,26,있음
A10024768,0,0,미설치,설치,0,2,,입주민전용,시 분,0시 0분,시 분,23시 0분,◆1◆|지하|벽부형충전기|직접입력|완속|2|LG u+|,0,2,없음
A10024787,1532,63,미설치,설치,0,30,,입주민전용,시 분,0시 0분,시 분,23시 59분,"◆1◆|지하|스탠드형충전기|AC3상 7핀|급속|2|피앤이시스템즈|,◆2◆|지하|스탠드형충전기|AC단상 5핀|완속|2|피앤이시스템즈|,◆3◆|지하|벽부형충전기|AC단상 5핀|완속|26|g차져|",0,30,없음
A10024789,932,25,미설치,설치,0,23,,입주민전용,시 분,0시 0분,시 분,23시 59분,"◆1◆|지하|벽부형충전기|AC3상 7핀|완속|5|한국알박|,◆2◆|지하|벽부형충전기|AC3상 7핀|완속|18|sk홈앤서비스|",0,23,있음
A10024793,153,3,미설치,설치,0,3,,입주민전용,시 분,0시 0분,시 분,23시 59분,◆1◆|지하|벽부형충전기|AC단상 5핀|완속|3|한국전기차인프라기술|,0,3,없음
A10024811,3,5,설치,설치,2,1,입주민전용,입주민전용,0시 0분,0시 0분,24시 0분,24시 0분,"◆1◆|지하|벽부형충전기|AC단상 5핀|완속|1|파킹클라우드(주)|,◆2◆|지상|벽부형충전기|AC단상 5핀|완속|1|파킹클라우드(주)|,◆3◆|지상|스탠드형충전기|DC콤보 7핀|급속|1|파킹클라우드(주)|",2,1,없음
A10024822,110,1,설치,미설치,4,0,입주민전용,,0시 0분,,24시 0분,,◆1◆|지상|벽부형충전기|AC단상 5핀|완속|4|sk브로드밴드/홈앤|,4,0,없음
A10024828,1454,51,미설치,설치,0,28,,입주민전용,시 분,23시 59분,시 분,23시 59분,"◆1◆|지하|벽부형충전기|DC차데모 10핀|완속|26|(주)휴맥스|,◆2◆|지하|스탠드형충전기|DC콤보 7핀|급속|2|(주)휴맥스|",0,28,있음
A10024831,2715,75,미설치,설치,0,110,입주민전용,입주민전용,시 분,0시 1분,시 분,0시 1분,◆1◆|지하|벽부형충전기|AC단상 5핀|완속|110|플러그링크|,0,110,없음
A10024849,444,14,미설치,설치,0,14,,입주민전용,시 분,0시 0분,시 분,23시 59분,"◆1◆|지하|스탠드형충전기|AC단상 5핀|급속|1|관리소|,◆2◆|지하|스탠드형충전기|AC단상 5핀|완속|1|관리소|,◆3◆|지하|벽부형충전기|DC콤보 7핀|완속|12|차지비|",0,14,없음
A10024886,0,0,미설치,미설치,0,0,,,시 분,시 분,시 분,시 분,,,,없음
A10024891,5,5,미설치,설치,0,5,,,시 분,1시 0분,시 분,24시 0분,"◆1◆|지하|스탠드형충전기||완속|3||,◆2◆|지하|스탠드형충전기||급속|2||",0,5,없음
A10024894,650,26,미설치,설치,0,38,,입주민전용,시 분,12시 0분,시 분,12시 0분,"◆1◆|지하|스탠드형충전기|DC콤보 7핀|완속|37|플러그링크|,◆2◆|지하|스탠드형충전기|DC콤보 7핀|급속|1|코스텔|",0,38,없음
A10024913,1138,30,미설치,설치,0,25,,입주민전용,시 분,0시 0분,시 분,23시 59분,"◆1◆|지하|벽부형충전기|AC단상 5핀|완속|23|차지비|,◆2◆|지하|스탠드형충전기|AC3상 7핀|급속|2|케이차저|",0,25,없음
A10024925,582,10,미설치,설치,0,10,,입주민전용,시 분,0시 0분,시 분,23시 59분,◆1◆|지하|벽부형충전기|AC단상 5핀|완속|10|대영채비|,0,10,없음
A10024927,493,5,설치,미설치,10,0,,입주민전용,24시 0분,시 분,24시 0분,시 분,◆1◆|지상|벽부형충전기|AC단상 5핀|완속|10|LG유플러스|,10,0,없음
A10024932,461,10,미설치,설치,0,10,,,시 분,0시 0분,시 분,23시 59분,◆1◆|지하|벽부형충전기|AC단상 5핀|완속|10|파워큐브|,0,10,없음
A10024938,8,8,미설치,설치,0,26,,입주민전용,시 분,23시 59분,시 분,23시 59분,"◆1◆|지하|벽부형충전기|AC단상 5핀|완속|5|k차저|,◆2◆|지하|벽부형충전기|AC단상 5핀|완속|17|EZ차저|,◆3◆|지하|벽부형충전기|AC단상 5핀|완속|4|ss차저|",0,26,없음
A10024947,804,6,미설치,설치,0,9,,입주민전용,시 분,1시 0분,시 분,23시 59분,◆1◆|지하|벽부형충전기|AC3상 7핀|완속|9|(주)파워큐브코리아|,0,9,없음
A10024966,253,3,미설치,설치,0,25,,입주민전용,시 분,0시 0분,시 분,23시 59분,◆1◆|지하|벽부형충전기|AC3상 7핀|급속|3|홈앤서비스|,0,3,없음
A10024974,1229,53,미설치,설치,0,27,,입주민전용,시 분,0시 0분,시 분,23시 0분,◆1◆|지하|벽부형충전기|DC차데모 10핀|완속|27|(주)파워큐브코리|,0,27,있음
A10025003,1421,16,미설치,설치,0,30,,외부인허용,시 분,0시 0분,시 분,23시 0분,"◆1◆|지하|벽부형충전기|AC단상 5핀|완속|10|에버온|,◆2◆|지하|스탠드형충전기|AC3상 7핀|급속|3|COSTEL|,◆3◆|지하|벽부형충전기|AC단상 5핀|완속|62|플러그링크|",0,75,없음
A10025010,5506,392,미설치,설치,0,388,,입주민전용,시 분,0시 0분,시 분,24시 0분,◆1◆|지하|벽부형충전기|AC단상 5핀|완속|388|고덕아르테온아파트|,0,388,있음
A10025013,1259,29,미설치,설치,0,24,,입주민전용,시 분,0시 0분,시 분,0시 0분,◆1◆|지하|벽부형충전기|AC단상 5핀|완속|24|롯데건설|,0,24,있음
A10025015,350,4,미설치,설치,0,7,,입주민전용,시 분,0시 0분,시 분,0시 0분,◆1◆|지하|벽부형충전기|AC단상 5핀|완속|7|지에스차지비|,0,7,없음
A10025024,1151,48,미설치,설치,0,25,,입주민전용,시 분,0시 0분,시 분,23시 59분,"◆1◆|지하|스탠드형충전기|AC단상 5핀|완속|16|서울씨엔지(주)|,◆2◆|지하|벽부형충전기|AC단상 5핀|완속|36|서울씨엔지(주)|,◆3◆|지하|스탠드형충전기|AC3상 7핀|급속|1|서울씨엔지(주)|,◆4◆|지하|벽부형충전기|AC단상 5핀|완속|10|대영채비|",0,63,있음
A10025070,1833,40,미설치,설치,0,30,,입주민전용,시 분,0시 0분,시 분,23시 59분,"◆1◆|지하|벽부형충전기|AC단상 5핀|완속|8|휴맥스|,◆2◆|지하|스탠드형충전기|AC단상 5핀|완속|32|휴맥스|",0,40,없음
A10025092,0,0,미설치,설치,0,0,,,시 분,0시 0분,시 분,24시 0분,"◆1◆|지하|벽부형충전기|AC단상 5핀|급속|2|시어스|,◆2◆|지하|벽부형충전기|AC단상 5핀|완속|7|시어스|",0,9,없음
A10025097,1116,10,미설치,설치,0,23,,입주민전용,시 분,0시 0분,시 분,23시 59분,"◆1◆|지하|벽부형충전기|AC단상 5핀|완속|5|한국전기차충전서비스|,◆2◆|지하|벽부형충전기|AC단상 5핀|완속|18|나이스|",0,23,없음
A10025104,2331,20,미설치,설치,0,52,,입주민전용,시 분,23시 0분,시 분,23시 0분,"◆1◆|지하|스탠드형충전기|직접입력|급속|4|파워큐브코리아|,◆2◆|지하|벽부형충전기|직접입력|완속|48|지차저|",0,52,없음
A10025112,2594,95,미설치,설치,0,48,,입주민전용,시 분,0시 0분,시 분,23시 59분,"◆1◆|지하|벽부형충전기|AC단상 5핀|완속|70|스타코프|,◆2◆|지하|벽부형충전기|AC단상 5핀|완속|10|이지차저|,◆3◆|지하|스탠드형충전기|AC단상 5핀|완속|6|PNEC|,◆4◆|지하|벽부형충전기|AC단상 5핀|완속|26|에버온|,◆5◆|지하|스탠드형충전기|DC차데모 10핀|급속|6|PNEC|",0,118,없음
A10025115,649,5,미설치,설치,0,14,,입주민전용,시 분,0시 0분,시 분,24시 0분,◆1◆|지하|벽부형충전기|AC3상 7핀|완속|14|차지비|,0,14,없음
A10025116,449,15,미설치,설치,0,4,,입주민전용,시 분,23시 59분,시 분,23시 59분,◆1◆|지하|벽부형충전기|AC3상 7핀|완속|4|(주)파워큐브코리아|,0,4,없음
A10025122,187,2,미설치,설치,0,4,,입주민전용,시 분,0시 0분,시 분,23시 0분,◆1◆|지하|벽부형충전기|AC단상 5핀|완속|4|대영체비|,0,4,없음
A10025130,1261,11,미설치,설치,0,0,,,시 분,24시 0분,시 분,24시 0분,"◆1◆|지하|벽부형충전기|AC단상 5핀|완속|12|이지차저|,◆2◆|지하|스탠드형충전기|AC단상 5핀|완속|4|한화솔루션|,◆3◆|지하|벽부형충전기|AC단상 5핀|완속|6|아이파킹|,◆4◆|지하|벽부형충전기|AC단상 5핀|완속|5|클린일렉스|,◆5◆|지하|스탠드형충전기|AC단상 5핀|급속|1|아이파킹|",0,28,없음
A10025133,942,15,미설치,설치,0,4,,입주민전용,시 분,0시 0분,시 분,23시 0분,"◆1◆|지하|벽부형충전기|AC단상 5핀|완속|4|이카플러그|,◆2◆|지하|벽부형충전기|AC단상 5핀|완속|16|LG유플러스|",0,20,없음
A10025137,120,5,설치,미설치,8,0,입주민전용,,0시 0분,시 분,0시 0분,시 분,"◆1◆|지상|벽부형충전기|AC단상 5핀|완속|8|펌프킨, 에버온|",8,0,없음
A10025157,156,2,미설치,설치,0,3,,,시 분,0시 0분,시 분,23시 0분,◆1◆|지상|벽부형충전기|AC단상 5핀|완속|3|이지차저|,3,0,없음
A10025159,590,27,미설치,설치,0,27,,입주민전용,시 분,0시 0분,시 분,0시 0분,"◆1◆|지하|벽부형충전기|AC단상 5핀|완속|19|스타코프|,◆2◆|지하|벽부형충전기|AC단상 5핀|완속|8|이지차저|",0,27,없음
A10025166,480,6,미설치,설치,0,15,,입주민전용,시 분,0시 0분,시 분,0시 0분,"◆1◆|지하|벽부형충전기|DC콤보 7핀|완속|5|(주)클린일렉스|,◆2◆|지하|스탠드형충전기|DC콤보 7핀|완속|7|(주)클린일렉스|,◆3◆|지하|이동형충전기|DC콤보 7핀|완속|3|(주)메니지온|",0,15,있음
A10025174,569,0,미설치,미설치,0,0,,,시 분,시 분,시 분,시 분,,,,없음
A10025192,1594,45,미설치,설치,0,32,,,시 분,0시 0분,시 분,23시 59분,"◆1◆|지하|벽부형충전기|AC단상 5핀|완속|25|이엘일렉트릭|,◆2◆|지하|스탠드형충전기|DC콤보 7핀|급속|7|나인원한남입주자대표|",0,32,없음
A10025193,816,30,미설치,설치,0,0,,,시 분,0시 0분,시 분,23시 0분,"◆1◆|지하|벽부형충전기|AC단상 5핀|완속|11|신세계아이앤씨|,◆2◆|지하|스탠드형충전기|AC단상 5핀|급속|1|신세계아이앤씨|",0,12,없음
A10025203,2052,54,미설치,설치,0,42,,입주민전용,시 분,0시 0분,시 분,0시 0분,"◆1◆|지하|스탠드형충전기|DC콤보 7핀|급속|4|자체 설치|,◆2◆|지하|벽부형충전기|DC콤보 7핀|완속|38|자체설치, 에버온외|,◆3◆|지하|벽부형충전기|DC콤보 7핀|완속|65|에버온|",0,107,없음
A10025223,250,4,미설치,설치,0,3,,외부인허용,시 분,0시 0분,시 분,0시 0분,◆1◆|지하|벽부형충전기|AC단상 5핀|완속|3|차지비|,0,3,없음
A10025241,1380,69,미설치,설치,0,69,,입주민전용,시 분,24시 0분,시 분,24시 0분,◆1◆|지하|벽부형충전기|AC3상 7핀|완속|69|에버온|,0,69,없음
A10025245,1899,39,미설치,설치,0,39,,입주민전용,시 분,1시 1분,시 분,23시 59분,"◆1◆|지하|벽부형충전기|AC단상 5핀|완속|11|파워큐브|,◆2◆|지하|벽부형충전기|AC단상 5핀|완속|14|이지차져|,◆3◆|지하|벽부형충전기|AC단상 5핀|완속|14|이지차져|",0,39,없음
A10025259,75,2,미설치,설치,0,3,,입주민전용,,0시 0분,,23시 59분,◆1◆|지하|벽부형충전기|AC단상 5핀|완속|3|(주)엘엔테크|,0,3,없음
A10025263,6905,204,미설치,설치,0,138,,입주민전용,시 분,0시 0분,시 분,23시 59분,"◆1◆|지하|스탠드형충전기|직접입력|급속|3|코스텍(주)|,◆2◆|지하|벽부형충전기|직접입력|완속|116|이지차저(주)|,◆3◆|지하|벽부형충전기|직접입력|완속|16|클린일렉스(주)|",0,135,있음
A10025283,1270,76,미설치,설치,0,26,,입주민전용,시 분,23시 59분,시 분,23시 59분,"◆1◆|지하|벽부형충전기|직접입력|완속|12|LG유플러스|,◆2◆|지하|스탠드형충전기|직접입력|완속|4|LG유플러스|,◆3◆|지하|스탠드형충전기|직접입력|완속|10|한국전력|",0,26,없음
A10025302,350,5,미설치,설치,0,2,,,시 분,6시 0분,시 분,22시 0분,◆1◆|지하|벽부형충전기|AC단상 5핀|완속|2|파워큐브코리아|,0,2,없음
A10025310,1507,13,미설치,미설치,0,100,,,시 분,시 분,시 분,시 분,,,,없음
A10025372,199,4,미설치,설치,0,4,,입주민전용,시 분,0시 23분,시 분,0시 23분,◆1◆|지하|벽부형충전기|AC단상 5핀|완속|4|에버온|,0,4,없음
A10025375,0,0,미설치,미설치,0,0,,,시 분,시 분,시 분,시 분,,,,없음
A10025386,207,5,미설치,설치,0,10,,입주민전용,시 분,23시 0분,시 분,24시 0분,"◆1◆|지하|벽부형충전기|AC단상 5핀|완속|5|(주)에버온|,◆2◆|지하|벽부형충전기|AC단상 5핀|완속|5|이지차저|",0,10,있음
A10025387,771,22,설치,설치,7,23,입주민전용,입주민전용,24시 0분,24시 0분,0시 0분,0시 0분,"◆1◆|지하|스탠드형충전기|AC단상 5핀|완속|8|플러그링크|,◆2◆|지상|스탠드형충전기|AC단상 5핀|완속|7|플러그링크|,◆3◆|지하|벽부형충전기|AC단상 5핀|완속|10|한국전자금융|,◆4◆|지하|벽부형충전기|AC단상 5핀|완속|5|레드이엔지|,◆5◆|지하|벽부형충전기|AC단상 5핀|완속|26|스타코프|",7,49,있음
A10025397,124,10,미설치,설치,3,8,입주민전용,입주민전용,,0시 0분,,23시 59분,"◆1◆|지하|벽부형충전기|AC단상 5핀|완속|8|파워큐브코리아|,◆2◆||스탠드형충전기|AC단상 5핀|완속|3|에버온|",0,8,있음
A10025404,50,0,미설치,미설치,0,0,,,시 분,시 분,시 분,시 분,,,,없음
A10025410,1077,29,미설치,설치,0,37,,입주민전용,시 분,23시 59분,시 분,23시 59분,"◆1◆|지하|벽부형충전기|AC단상 5핀|완속|1|(주)파워큐브코리아|,◆2◆|지하|벽부형충전기|AC단상 5핀|완속|25|나이스차저|,◆3◆|지하|벽부형충전기|AC단상 5핀|완속|10|(주)에버온인프라|,◆4◆|지하|스탠드형충전기|AC3상 7핀|급속|1|PNE|",0,37,있음
A10025415,2304,138,미설치,설치,0,47,입주민전용,입주민전용,시 분,23시 0분,시 분,23시 0분,◆1◆|지하|벽부형충전기|AC단상 5핀|완속|70|이지차저|,0,70,없음
A10025418,860,30,미설치,설치,0,35,,입주민전용,시 분,24시 0분,시 분,24시 0분,"◆1◆|지하|스탠드형충전기|AC단상 5핀|완속|1|피앤이시스템|,◆2◆|지하|벽부형충전기|AC단상 5핀|완속|30|차지비|,◆3◆|지하|벽부형충전기|AC단상 5핀|완속|4|차지비|",0,35,있음
A10025428,0,0,미설치,미설치,0,3,,,시 분,시 분,시 분,시 분,,,,없음
A10025456,450,3,미설치,설치,0,11,,,시 분,12시 0분,시 분,12시 0분,◆1◆|지하|스탠드형충전기|AC단상 5핀|완속|11|자체|,0,11,없음
A10025461,1118,10,미설치,설치,0,10,,입주민전용,시 분,0시 0분,시 분,0시 0분,◆1◆|지하|벽부형충전기|직접입력|완속|10|g차저|,0,10,없음
A10025527,155,5,미설치,설치,0,11,,입주민전용,시 분,0시 0분,시 분,0시 0분,◆1◆|지하|벽부형충전기|AC단상 5핀|완속|5|이지차저|,0,5,없음
A10025533,0,0,미설치,설치,0,10,입주민전용,,시 분,0시 0분,시 분,0시 0분,◆1◆|지하|벽부형충전기|DC콤보 7핀|완속|11|지차저|,0,11,있음
A10025562,706,23,미설치,설치,0,22,,입주민전용,,24시 1분,,24시 1분,◆1◆|지하|벽부형충전기|AC단상 5핀|완속|22|파워큐브코리아|,0,22,없음
A10025564,219,0,미설치,설치,0,5,,외부인허용,시 분,23시 0분,시 분,23시 0분,◆1◆|지하|벽부형충전기|AC단상 5핀|완속|5|이브이시스(주)|,0,5,있음
A10025600,630,10,미설치,설치,0,17,,외부인허용,시 분,0시 0분,시 분,23시 59분,"◆1◆|지하|벽부형충전기|직접입력|완속|12|도시가스|,◆2◆|지하|스탠드형충전기|직접입력|완속|5|한전|",0,17,없음
A10025614,1356,54,설치,설치,12,15,입주민전용,입주민전용,23시 59분,23시 59분,23시 59분,23시 59분,"◆1◆|지상|벽부형충전기|AC단상 5핀|완속|12|한국전력|,◆2◆|지하|벽부형충전기|AC단상 5핀|완속|15|한국전력|",12,15,없음
A10025633,440,15,미설치,설치,0,0,,입주민전용,시 분,0시 0분,시 분,23시 59분,◆1◆|지하|스탠드형충전기|AC단상 5핀|완속|7|타디스테크놀리지|,0,7,있음
A10025638,2383,60,미설치,설치,0,132,,입주민전용,시 분,24시 0분,시 분,23시 59분,◆1◆|지하|벽부형충전기|AC단상 5핀|완속|132|(주)피엔이시스템즈|,0,132,없음
A10025649,319,4,미설치,설치,0,7,,외부인허용,시 분,0시 0분,시 분,0시 0분,◆1◆|지하|벽부형충전기|DC콤보 7핀|완속|7|한국알박|,0,7,없음
A10025657,329,14,미설치,설치,0,4,,입주민전용,시 분,0시 0분,시 분,23시 59분,"◆1◆|지하|벽부형충전기|AC단상 5핀|완속|3|케이차저|,◆2◆|지하|스탠드형충전기|AC단상 5핀|완속|1|OMNI EVAS|,◆3◆|지하|벽부형충전기|직접입력|완속|24|스타코프|",0,28,있음
A10025659,455,7,미설치,설치,0,23,,입주민전용,시 분,0시 0분,시 분,0시 0분,"◆1◆|지하|벽부형충전기|직접입력|완속|3|파워큐브코리아|,◆2◆|지하|벽부형충전기|직접입력|완속|40|스타코프|",0,43,없음
A10025675,2984,114,미설치,설치,0,28,,입주민전용,시 분,0시 0분,시 분,23시 59분,"◆1◆|지하|스탠드형충전기|직접입력|완속|6|아파트|,◆2◆|지하|스탠드형충전기|직접입력|급속|6|아파트|,◆3◆|지하|벽부형충전기|직접입력|완속|16|차지비|",0,28,없음
A10025677,236,6,설치,설치,6,1,,입주민전용,24시 0분,24시 0분,24시 0분,24시 0분,"◆1◆|지하|스탠드형충전기|AC3상 7핀|완속|1|evas|,◆2◆|지상|스탠드형충전기|직접입력|완속|6|(주)플러그링크|",6,1,있음
A10025683,837,45,미설치,설치,0,20,,입주민전용,시 분,0시 0분,시 분,0시 0분,"◆1◆|지하|벽부형충전기|AC단상 5핀|완속|14|차지비|,◆2◆|지하|이동형충전기|AC단상 5핀|완속|6|파워 큐브|",0,20,없음
A10025710,5,6,미설치,설치,0,5,,입주민전용,시 분,1시 1분,시 분,23시 1분,◆1◆|지하|벽부형충전기|직접입력|완속|5|(주)코스텔|,0,5,있음
A10025729,459,20,미설치,설치,0,10,,입주민전용,시 분,0시 0분,시 분,23시 0분,◆1◆|지하|벽부형충전기|AC단상 5핀|완속|10|파워큐브코리아|,0,10,없음
A10025753,486,11,미설치,설치,0,11,,입주민전용,시 분,0시 0분,시 분,0시 0분,◆1◆|지하|벽부형충전기|AC단상 5핀|완속|10|gs커낵트|,0,10,없음
A10025754,887,14,미설치,설치,0,18,,,시 분,10시 50분,시 분,10시 50분,"◆1◆|지하|벽부형충전기|AC단상 5핀|완속|5|파워큐브|,◆2◆|지하|벽부형충전기|AC단상 5핀|완속|13|지커넥트|",0,18,없음
A10025765,454,3,미설치,설치,0,3,,입주민전용,,0시 0분,,0시 0분,◆1◆|지하|스탠드형충전기|AC단상 5핀|완속|3|한전|,0,3,없음
A10025767,1010,20,미설치,설치,0,5,,입주민전용,시 분,0시 0분,시 분,23시 29분,◆1◆|지하|벽부형충전기|AC단상 5핀|완속|5|차지비|,0,5,없음
A10025768,1154,31,미설치,설치,0,14,,외부인허용,시 분,24시 0분,시 분,24시 0분,"◆1◆|지하|벽부형충전기|DC콤보 7핀|완속|10|sk파킹클라우드|,◆2◆|지하|스탠드형충전기|AC3상 7핀|급속|2|상도노빌리티|,◆3◆|지하|벽부형충전기|DC콤보 7핀|완속|10|차지비|,◆4◆|지하|스탠드형충전기|DC콤보 7핀|완속|2|상도노빌리티|",0,24,있음
A10025770,1338,40,미설치,설치,0,27,,입주민전용,시 분,24시 0분,시 분,24시 0분,◆1◆|지하|벽부형충전기|AC단상 5핀|완속|27|플러그링크|,0,27,있음
A10025822,10,72,미설치,설치,0,10,,입주민전용,시 분,24시 0분,시 분,24시 0분,◆1◆|지하|벽부형충전기|AC단상 5핀|완속|10|지커넥트|,0,10,있음
A10025823,1297,34,미설치,설치,0,27,입주민전용,입주민전용,시 분,0시 0분,시 분,0시 0분,"◆1◆|지하|벽부형충전기|AC단상 5핀|완속|17|휴맥스EV|,◆2◆|지하|스탠드형충전기|DC차데모 10핀|급속|5|래미안개포루체하임|,◆3◆|지하|스탠드형충전기|DC차데모 10핀|완속|4|래미안개포루체하임|",0,26,없음
A10025836,1016,36,미설치,설치,0,84,,입주민전용,시 분,1시 10분,시 분,23시 59분,◆1◆|지하|벽부형충전기|직접입력|완속|14|파워큐브코리아|,0,14,없음
A10025846,1396,14,미설치,설치,0,38,,,시 분,0시 0분,시 분,23시 0분,◆1◆|지하|벽부형충전기|AC단상 5핀|완속|38|에버원|,0,38,없음
A10025850,10000,100,미설치,설치,0,36,,,시 분,23시 59분,시 분,23시 59분,"◆1◆|지하|스탠드형충전기|AC단상 5핀|초급속|12|헬리오시티|,◆2◆|지하|벽부형충전기|AC단상 5핀|완속|24|차지비 차지인|,◆3◆|지하|이동형충전기|AC단상 5핀|완속|220|스타코프|",0,256,없음
A10025855,800,10,미설치,설치,0,0,,입주민전용,시 분,6시 0분,시 분,6시 0분,"◆1◆|지하|벽부형충전기|AC단상 5핀|완속|34|지커넷|,◆2◆|지하|스탠드형충전기|AC단상 5핀|완속|6|지커넷|,◆3◆|지하|벽부형충전기|AC단상 5핀|완속|5|에버온|",0,45,있음
A10025858,278,15,미설치,설치,0,9,입주민전용,입주민전용,시 분,0시 1분,시 분,24시 0분,"◆1◆|지하|벽부형충전기|AC단상 5핀|완속|3|(주)플러그링크|,◆2◆|지하|벽부형충전기|AC단상 5핀|완속|6|(주)이지차저|",0,9,있음
A10025867,667,15,설치,설치,0,18,,외부인허용,0시 0분,24시 0분,0시 0분,24시 0분,◆1◆|지하|벽부형충전기|AC단상 5핀|완속|18|에버온|,0,18,없음
A10025898,318,10,미설치,설치,0,5,,입주민전용,시 분,0시 0분,시 분,23시 0분,"◆1◆|지하|벽부형충전기|AC단상 5핀|완속|2|(주)지엔텔|,◆2◆|지하|벽부형충전기|AC단상 5핀|완속|2|(주)이지차저|,◆3◆|지하|벽부형충전기|AC단상 5핀|완속|1|(주)이지자처|",0,5,없음
A10025913,99,0,미설치,설치,0,2,,외부인허용,시 분,0시 0분,시 분,24시 0분,◆1◆|지하|벽부형충전기|직접입력|완속|2|(주)차지비|,0,2,없음
A10025927,619,24,미설치,설치,0,13,,입주민전용,시 분,0시 1분,시 분,23시 59분,"◆1◆|지하|벽부형충전기|AC단상 5핀|완속|3|관리사무소|,◆2◆|지하|벽부형충전기|AC단상 5핀|완속|8|플러그링크|,◆3◆|지하|스탠드형충전기|DC콤보 7핀|급속|2|관리사무소|",0,13,없음
A10025946,1351,47,미설치,설치,0,31,,입주민전용,시 분,23시 59분,시 분,23시 59분,"◆1◆|지하|벽부형충전기|AC단상 5핀|완속|24|파워큐브코리아|,◆2◆|지하|스탠드형충전기|AC단상 5핀|완속|7|파워큐브코리아|",0,31,없음
A10025976,1496,48,미설치,설치,0,33,,,시 분,24시 0분,시 분,24시 0분,"◆1◆|지하|스탠드형충전기|AC단상 5핀|완속|6|한국전력 남부산전|,◆2◆|지하|벽부형충전기|AC단상 5핀|완속|6|지커넥트|,◆3◆|지하|스탠드형충전기|AC단상 5핀|급속|1|한화솔루션|,◆4◆|지하|벽부형충전기|AC단상 5핀|완속|20|한화솔루션|",0,33,없음
A10025985,1188,88,미설치,설치,0,23,,입주민전용,시 분,0시 0분,시 분,0시 0분,◆1◆|지하|벽부형충전기|AC단상 5핀|완속|23|파워큐브코리아|,0,23,없음
A10026004,907,100,미설치,설치,0,49,입주민전용,입주민전용,시 분,0시 0분,시 분,23시 0분,"◆1◆|지하|스탠드형충전기|DC차데모 10핀|급속|3|코스텍|,◆2◆|지하|벽부형충전기|AC단상 5핀|완속|49|스타코프,sk|",0,52,없음
A10026015,1367,35,미설치,설치,0,60,,입주민전용,시 분,0시 0분,시 분,23시 59분,"◆1◆|지하|벽부형충전기|AC단상 5핀|완속|50|플러그링크|,◆2◆|지하|벽부형충전기|DC콤보 7핀|완속|10|파워큐브|",0,60,없음
A10026023,487,10,미설치,설치,0,10,,입주민전용,시 분,0시 0분,시 분,0시 0분,◆1◆|지하|벽부형충전기|AC단상 5핀|완속|10|파워큐브|,0,10,없음
A10026036,1,1,미설치,설치,0,26,,,시 분,0시 0분,시 분,0시 0분,◆1◆|지하|벽부형충전기|직접입력|완속|26|한국알박|,0,26,없음
A10026039,164,5,미설치,설치,0,4,,입주민전용,시 분,0시 0분,시 분,0시 0분,◆1◆|지하|벽부형충전기|AC단상 5핀|완속|4|설치보조지원사업|,0,4,없음
A10026051,1350,65,미설치,설치,0,27,,,시 분,0시 0분,시 분,23시 59분,"◆1◆|지하|벽부형충전기|AC단상 5핀|완속|5|파워큐브|,◆2◆|지하|벽부형충전기|AC단상 5핀|완속|22|휴맥스 EV|",0,27,없음
A10026053,532,35,미설치,설치,0,9,,입주민전용,시 분,1시 0분,시 분,23시 0분,"◆1◆|지하|스탠드형충전기|DC차데모 10핀|완속|10|나이스|,◆2◆|지하|스탠드형충전기|DC차데모 10핀|급속|1|아파트|,◆3◆|지하|스탠드형충전기|DC차데모 10핀|완속|1|아파트|,◆4◆|지하|벽부형충전기|AC단상 5핀|완속|8|차지비|",0,20,있음
A10026104,861,16,미설치,설치,0,19,,,시 분,0시 0분,시 분,0시 0분,"◆1◆|지하|스탠드형충전기|DC차데모 10핀|급속|1|한전|,◆2◆|지하|벽부형충전기|AC단상 5핀|완속|3|에스트래픽(주)|,◆3◆|지하|벽부형충전기|AC단상 5핀|완속|5|(주)에버온|,◆4◆|지하|벽부형충전기|AC단상 5핀|완속|4|(주)클린일렉스|,◆5◆|지하|벽부형충전기|AC단상 5핀|완속|6|(주)지컨넥트|",0,19,있음
A10026147,80,0,미설치,설치,0,1,,외부인허용,시 분,0시 0분,시 분,0시 0분,◆1◆|지하|벽부형충전기|직접입력|완속|1|파워큐브코리아|,0,1,없음
A10026180,626,27,미설치,설치,0,17,,입주민전용,시 분,0시 0분,시 분,23시 59분,"◆1◆|지하|벽부형충전기|AC3상 7핀|완속|17|(주)kes|,◆2◆|지하|이동형충전기|AC단상 5핀|완속|60|파워큐브|",0,77,있음
A10026197,280,6,미설치,설치,0,0,,,시 분,0시 0분,시 분,23시 0분,◆1◆|지하|벽부형충전기|AC단상 5핀|완속|21|파워큐브코리아|,0,21,있음
A10026207,1313,50,미설치,설치,0,16,,입주민전용,시 분,23시 59분,시 분,23시 59분,"◆1◆|지하|벽부형충전기|AC단상 5핀|완속|6|차지비|,◆2◆|지하|벽부형충전기|AC단상 5핀|완속|10|신세계I&C|",0,16,없음
A10026227,0,0,미설치,미설치,0,0,,,시 분,시 분,시 분,시 분,,,,없음
A10026232,1277,30,미설치,설치,0,24,,입주민전용,,0시 1분,,23시 1분,"◆1◆|지하|벽부형충전기|AC단상 5핀|완속|10|파워큐브코리아|,◆2◆|지하|벽부형충전기|AC단상 5핀|완속|14|나이스|",0,24,없음
A10026249,791,69,설치,설치,6,12,외부인허용,외부인허용,1시 0분,1시 0분,23시 0분,23시 0분,"◆1◆|지상|벽부형충전기|AC단상 5핀|완속|6|레드이앤지|,◆2◆|지하|벽부형충전기|AC단상 5핀|완속|12|레드이앤지|",6,12,없음
A10026299,873,21,미설치,설치,0,17,,입주민전용,시 분,0시 0분,시 분,23시 59분,"◆1◆|지하|벽부형충전기|AC3상 7핀|완속|3|서울EV|,◆2◆|지하|벽부형충전기|AC3상 7핀|완속|14|에버온|",0,17,있음
A10026350,703,10,미설치,설치,0,21,입주민전용,입주민전용,시 분,0시 0분,시 분,23시 59분,"◆1◆|지하|벽부형충전기|AC단상 5핀|완속|8|지엔텔|,◆2◆|지하|벽부형충전기|AC단상 5핀|완속|13|지엔텔|",0,21,없음
A10026362,382,13,미설치,설치,0,9,입주민전용,입주민전용,시 분,0시 0분,시 분,23시 0분,"◆1◆|지하|벽부형충전기|AC단상 5핀|완속|7|대영채비|,◆2◆|지하|스탠드형충전기|DC콤보 7핀|급속|1|아이파킹|,◆3◆|지하|스탠드형충전기|AC단상 5핀|완속|1|아이파킹|",0,9,없음
A10026370,2435,54,미설치,설치,0,65,,입주민전용,시 분,0시 0분,시 분,23시 59분,◆1◆|지하|벽부형충전기|AC단상 5핀|완속|65|GS커넥트 주식회사|,0,65,없음
A10026376,152,1,미설치,설치,0,6,입주민전용,입주민전용,시 분,24시 0분,시 분,8시 0분,◆1◆|지하|스탠드형충전기|직접입력|완속|6|한국전자금융(주)|,0,6,없음
A10026403,883,20,미설치,설치,0,20,,입주민전용,시 분,0시 0분,시 분,0시 0분,◆1◆|지하|벽부형충전기|AC3상 7핀|완속|20|에버온|,0,20,없음
A10026411,854,18,미설치,설치,0,25,입주민전용,입주민전용,시 분,7시 0분,시 분,7시 0분,"◆1◆|지하|벽부형충전기|DC콤보 7핀|완속|18|..파워큐브 코리아|,◆2◆|지하|이동형충전기|DC콤보 7핀|완속|7|..|",0,25,있음
A10026414,480,10,미설치,설치,0,7,,입주민전용,시 분,0시 24분,시 분,0시 24분,◆1◆|지하|벽부형충전기|DC콤보 7핀|완속|7|SK|,0,7,없음
A10026418,1677,50,미설치,설치,0,74,,,시 분,0시 0분,시 분,23시 59분,"◆1◆|지하|스탠드형충전기|AC단상 5핀|급속|1|한전|,◆2◆|지하|스탠드형충전기|AC단상 5핀|완속|3|한전|",0,4,없음
A10026434,440,10,미설치,설치,0,8,,입주민전용,시 분,23시 59분,시 분,23시 59분,◆1◆|지하|벽부형충전기|AC3상 7핀|완속|8|차지비|,0,8,없음
A10026469,475,25,설치,설치,3,7,입주민전용,입주민전용,0시 0분,0시 0분,0시 0분,0시 0분,"◆1◆|지하|벽부형충전기|AC단상 5핀|완속|7|sk홈앤서비스|,◆2◆|지상|스탠드형충전기|AC단상 5핀|급속|1|한국전력|,◆3◆|지상|스탠드형충전기|AC단상 5핀|완속|2|한국전력|",3,7,없음
A10026470,818,20,미설치,설치,0,15,,,시 분,0시 0분,시 분,23시 0분,◆1◆|지하|벽부형충전기|AC단상 5핀|완속|15|플러그링크|,0,15,있음
A10026517,246,10,미설치,설치,0,5,,입주민전용,시 분,1시 1분,시 분,1시 1분,◆1◆|지하|벽부형충전기|AC단상 5핀|완속|5|플러그링크|,0,5,없음
A10026571,501,10,미설치,설치,0,12,,입주민전용,시 분,0시 1분,시 분,23시 1분,◆1◆|지하|벽부형충전기|AC단상 5핀|완속|12|gs차지비|,0,12,있음
A10026604,693,10,미설치,설치,0,8,,입주민전용,시 분,0시 0분,시 분,23시 59분,◆1◆|지하|벽부형충전기|AC3상 7핀|완속|8|차지비|,0,8,있음
A10026626,360,20,미설치,설치,0,7,,입주민전용,시 분,0시 24분,시 분,0시 24분,◆1◆|지하|벽부형충전기|AC단상 5핀|완속|7|지커넥트|,0,7,있음
A10026682,2127,63,설치,설치,6,55,입주민전용,입주민전용,0시 0분,0시 0분,23시 59분,23시 59분,"◆1◆|지하|벽부형충전기|직접입력|완속|55|파워큐브|,◆2◆|지하|벽부형충전기|AC단상 5핀|완속|23|플러그링크|,◆3◆|지하|스탠드형충전기|AC단상 5핀|급속|2|대영채비|,◆4◆|지상|스탠드형충전기|AC단상 5핀|완속|6|플러그링크|,◆5◆|지하|스탠드형충전기|AC단상 5핀|완속|6|켐코플러그|",6,86,없음
A10026710,54,0,미설치,미설치,0,0,,외부인허용,시 분,시 분,시 분,시 분,,,,없음
A10026720,363,20,미설치,설치,0,18,,입주민전용,시 분,23시 59분,시 분,23시 59분,"◆1◆|지하|벽부형충전기|DC콤보 7핀|완속|10|볼트업(LG)|,◆2◆|지하|벽부형충전기|DC콤보 7핀|완속|8|파워큐브|",0,18,없음
A10026729,50,0,미설치,설치,0,3,,외부인허용,시 분,23시 0분,시 분,23시 0분,◆1◆|지하|벽부형충전기|AC단상 5핀|급속|3|클린일렉스|,0,3,없음
A10026734,568,10,설치,설치,11,10,,입주민전용,24시 0분,23시 0분,24시 0분,23시 0분,"◆1◆|지하|스탠드형충전기|AC단상 5핀|완속|4|중앙제어|,◆2◆|지하|벽부형충전기|AC단상 5핀|완속|6|GS차지비|,◆3◆|지상|스탠드형충전기|AC단상 5핀|완속|10|I PAKING|,◆4◆|지상|스탠드형충전기|AC3상 7핀|급속|1|IPAKING|",11,10,없음
A10026748,2462,175,미설치,설치,0,118,,입주민전용,시 분,0시 0분,시 분,23시 59분,"◆1◆|지하|스탠드형충전기|AC단상 5핀|완속|112|에버온|,◆2◆|지하|스탠드형충전기|AC단상 5핀|급속|6|자체시설|",0,118,없음
A10026759,332,10,미설치,설치,0,7,,입주민전용,시 분,0시 0분,시 분,0시 0분,◆1◆|지하|벽부형충전기|AC단상 5핀|완속|7|차지비|,0,7,없음
A10026761,0,0,미설치,설치,0,0,,입주민전용,시 분,0시 0분,시 분,12시 59분,◆1◆|지하|이동형충전기|직접입력|완속|4|파워큐브코리아|,0,4,있음
A10026816,1485,45,미설치,설치,0,130,외부인허용,입주민전용,,0시 0분,,23시 59분,◆1◆|지하|스탠드형충전기|AC단상 5핀|완속|91|관리사무소|,0,91,있음
A10026834,1157,20,미설치,설치,0,24,,입주민전용,시 분,0시 23분,시 분,0시 23분,◆1◆|지하|벽부형충전기|AC단상 5핀|완속|24|gs커넥트|,0,24,없음
A10026842,252,10,미설치,설치,0,6,,입주민전용,시 분,0시 0분,시 분,23시 59분,◆1◆|지하|벽부형충전기|AC3상 7핀|완속|6|GS커넥트|,0,6,없음
A10026852,1329,40,미설치,설치,0,9,,입주민전용,시 분,0시 0분,시 분,23시 59분,◆1◆|지하|스탠드형충전기|AC단상 5핀|완속|9|자치관리|,0,9,없음
A10026874,245,8,미설치,설치,0,5,,외부인허용,시 분,0시 0분,시 분,0시 0분,◆1◆|지하|벽부형충전기|AC단상 5핀|완속|5|차지비|,0,5,없음
A10026879,1681,63,미설치,설치,0,37,,,시 분,24시 0분,시 분,24시 0분,"◆1◆|지하|스탠드형충전기|AC단상 5핀|급속|1|차지비|,◆2◆|지하|벽부형충전기|AC단상 5핀|완속|2|한전|,◆3◆|지하|벽부형충전기|AC단상 5핀|완속|33|차지비|,◆4◆|지하|벽부형충전기|AC단상 5핀|급속|1|한전|",0,37,없음
A10026881,33,28,미설치,설치,0,31,,입주민전용,시 분,1시 1분,시 분,23시 59분,"◆1◆|지하|벽부형충전기|AC단상 5핀|완속|150|스타코프|,◆2◆|지하|스탠드형충전기|AC3상 7핀|급속|2|한화모티브|,◆3◆|지하|벽부형충전기|AC단상 5핀|완속|41|한화모티브|,◆4◆|지하|벽부형충전기|AC단상 5핀|완속|2|동하정보기술(주)|",0,195,없음
A10026900,850,50,미설치,설치,0,0,,입주민전용,시 분,0시 0분,시 분,0시 0분,◆1◆|지하|벽부형충전기|직접입력|완속|6|에버온|,0,6,없음
A10026922,400,10,미설치,설치,0,10,,입주민전용,시 분,0시 0분,시 분,23시 0분,◆1◆|지하|벽부형충전기|AC단상 5핀|완속|10|클린일렉스|,0,10,있음
A10026924,7,50,미설치,설치,0,7,,입주민전용,시 분,0시 0분,시 분,23시 0분,◆1◆|지하|벽부형충전기|AC단상 5핀|완속|7|GS커넥터|,0,7,없음
A10026940,190,3,미설치,설치,0,0,,외부인허용,시 분,0시 0분,시 분,23시 59분,"◆1◆|지하|벽부형충전기|AC단상 5핀|완속|5|파워큐브|,◆2◆|지하|이동형충전기|AC단상 5핀|완속|10|파워큐브|,◆3◆|지하|이동형충전기|AC단상 5핀|완속|20|한국알박|,◆4◆|지하|벽부형충전기|AC단상 5핀|완속|5|한국알박|",0,40,있음
A10026941,1283,26,미설치,설치,0,26,,입주민전용,시 분,0시 1분,시 분,23시 59분,"◆1◆|지하|벽부형충전기|AC3상 7핀|완속|14|LG유플러스 볼트업|,◆2◆|지하|벽부형충전기|AC3상 7핀|완속|12|애버온|",0,26,없음
A10026946,496,10,미설치,설치,0,0,,외부인허용,시 분,0시 0분,시 분,23시 59분,◆1◆|지하|스탠드형충전기|AC단상 5핀|완속|2|지커넥트|,0,2,없음
A10026947,710,14,미설치,설치,0,8,,외부인허용,시 분,0시 0분,시 분,23시 59분,◆1◆|지하|벽부형충전기|AC단상 5핀|완속|8|(주)에버온|,0,8,없음
A10026988,1179,171,미설치,설치,0,22,,입주민전용,시 분,0시 0분,시 분,23시 0분,"◆1◆|지하|벽부형충전기|AC단상 5핀|완속|4|서울이브이|,◆2◆|지하|스탠드형충전기|AC단상 5핀|완속|4|트리마제|,◆3◆|지하|벽부형충전기|AC단상 5핀|완속|14|차지비|",0,22,없음
A10027019,139,2,설치,설치,3,1,외부인허용,입주민전용,0시 0분,0시 0분,0시 0분,0시 0분,"◆1◆|지하|벽부형충전기|AC단상 5핀|완속|1|(주)차지비|,◆2◆|지상|벽부형충전기|AC3상 7핀|완속|3|(주)서울EV|",3,1,없음
A10027071,256,0,미설치,설치,0,2,,입주민전용,시 분,0시 0분,시 분,23시 59분,◆1◆|지하|벽부형충전기|AC단상 5핀|완속|2|(주)파워큐브|,0,2,없음
A10027089,70,0,미설치,미설치,0,0,,,시 분,시 분,시 분,시 분,,,,없음
A10027090,582,9,미설치,설치,0,12,,입주민전용,,0시 0분,,23시 59분,"◆1◆|지하|벽부형충전기|AC단상 5핀|완속|5|크린일렉스|,◆2◆|지하|벽부형충전기|AC단상 5핀|완속|7|지차저|",0,12,있음
A10027105,750,30,미설치,설치,0,15,,입주민전용,시 분,0시 0분,시 분,23시 0분,"◆1◆|지하|벽부형충전기|AC단상 5핀|완속|5|에버온|,◆2◆|지하|벽부형충전기|AC단상 5핀|완속|10|차지비|",0,15,없음
A10027118,1094,54,미설치,설치,0,124,,입주민전용,,0시 0분,,0시 0분,"◆1◆|지하|벽부형충전기|직접입력|완속|10|에버온|,◆2◆|지하|벽부형충전기|직접입력|완속|14|나이스|,◆3◆|지하|벽부형충전기|직접입력|완속|50|유니브이|,◆4◆|지하|벽부형충전기|직접입력|완속|10|지커넥트|,◆5◆|지하|벽부형충전기|직접입력|완속|40|플러그링크|",0,124,없음
A10027121,401,10,미설치,설치,0,8,입주민전용,입주민전용,시 분,0시 0분,시 분,0시 0분,◆1◆|지하|이동형충전기|AC단상 5핀|완속|53|파워큐브|,0,53,없음
A10027136,178,9,미설치,설치,0,4,,입주민전용,시 분,0시 0분,시 분,24시 0분,◆1◆|지하|벽부형충전기|AC3상 7핀|완속|4|클린 일렉스|,0,4,없음
A10027157,163,0,미설치,미설치,0,0,,,시 분,시 분,시 분,시 분,,,,없음
A10027162,20,0,미설치,미설치,0,0,,,시 분,시 분,시 분,시 분,,,,없음
A10027188,2411,113,미설치,설치,0,4,,입주민전용,시 분,24시 0분,시 분,24시 0분,"◆1◆|지하|벽부형충전기|AC단상 5핀|완속|2|GS커넥터|,◆2◆|지하|스탠드형충전기|AC3상 7핀|급속|2|gs커넥터|,◆3◆|지하|벽부형충전기|AC단상 5핀|완속|30|gs커넥터|,◆4◆|지하|이동형충전기|직접입력|완속|87|파워큐브|",0,121,없음
A10027189,1321,24,미설치,설치,0,26,,입주민전용,시 분,0시 0분,시 분,23시 0분,"◆1◆|지하|벽부형충전기|AC단상 5핀|완속|16|한국전자금융(주)|,◆2◆|지하|벽부형충전기|AC단상 5핀|완속|10|(주)에버온인프라|",0,26,없음
A10027205,3065,150,미설치,설치,0,62,,입주민전용,시 분,0시 0분,시 분,23시 0분,"◆1◆|지하|벽부형충전기|AC단상 5핀|완속|1|한전|,◆2◆|지하|벽부형충전기|AC단상 5핀|완속|20|에스이피|,◆3◆|지하|벽부형충전기|AC단상 5핀|완속|31|파워큐브|,◆4◆|지하|이동형충전기|AC단상 5핀|완속|5|파워큐브|,◆5◆|지하|스탠드형충전기|AC단상 5핀|급속|7|중앙제어|",0,64,없음
A10027207,6019,373,미설치,설치,0,373,입주민전용,입주민전용,시 분,1시 1분,시 분,23시 1분,◆1◆|지하|벽부형충전기|AC단상 5핀|완속|373|피에니시스템|,0,373,없음
A10027221,620,30,미설치,설치,0,15,,입주민전용,시 분,0시 0분,시 분,0시 0분,"◆1◆|지하|이동형충전기|AC단상 5핀|완속|10|파워큐브|,◆2◆|지하|벽부형충전기|AC단상 5핀|완속|5|차지비|",0,15,없음
A10027227,731,8,미설치,설치,0,15,,입주민전용,시 분,24시 0분,시 분,24시 0분,◆1◆|지하|벽부형충전기|AC단상 5핀|완속|15|차지비|,0,15,있음
A10027274,450,5,미설치,설치,0,5,,외부인허용,시 분,23시 10분,시 분,23시 10분,◆1◆|지하|벽부형충전기|AC단상 5핀|완속|5|한국알박(주)|,0,5,없음
A10027289,2890,100,미설치,설치,0,70,,입주민전용,시 분,23시 0분,시 분,23시 0분,◆1◆|지하|스탠드형충전기|AC3상 7핀|급속|70|홈앤서비스(주)|,0,70,없음
A10027301,320,17,미설치,설치,0,5,입주민전용,입주민전용,시 분,24시 0분,시 분,23시 0분,"◆1◆|지하|벽부형충전기|AC단상 5핀|완속|2|나이스차저|,◆2◆|지하|스탠드형충전기|AC단상 5핀|완속|4|나이츠차저|,◆3◆|지하|스탠드형충전기|AC단상 5핀|완속|5|한전마포용산지사|",0,11,없음
A10027319,170,2,미설치,설치,0,6,,입주민전용,시 분,24시 0분,시 분,24시 0분,◆1◆|지하|벽부형충전기|AC단상 5핀|완속|3|GS차지비|,0,3,없음
A10027346,1416,35,미설치,설치,0,71,,입주민전용,시 분,24시 0분,시 분,24시 0분,"◆1◆|지하|스탠드형충전기|직접입력|급속|2|한화에너지|,◆2◆|지하|벽부형충전기|직접입력|완속|69|한화에너지|",0,71,있음
A10027354,658,9,미설치,설치,0,12,,입주민전용,시 분,0시 0분,시 분,23시 0분,◆1◆|지하|벽부형충전기|AC단상 5핀|완속|12|지에스커넥트|,0,12,없음
A10027364,314,19,미설치,설치,0,10,,입주민전용,시 분,0시 0분,시 분,23시 59분,"◆1◆|지하|스탠드형충전기|AC단상 5핀|완속|2|한전|,◆2◆|지하|벽부형충전기|AC단상 5핀|완속|8|파워큐브|",0,10,있음
A10027371,426,8,미설치,설치,0,8,,외부인허용,시 분,0시 1분,시 분,0시 1분,"◆1◆|지하|벽부형충전기|AC단상 5핀|완속|6|플러그링크|,◆2◆|지하|스탠드형충전기|AC단상 5핀|완속|2|플러그링크|",0,8,없음
A10027375,1470,37,미설치,설치,0,28,,입주민전용,시 분,0시 0분,시 분,23시 59분,"◆1◆|지하|벽부형충전기|AC단상 5핀|완속|1|한국전력|,◆2◆|지하|벽부형충전기|AC단상 5핀|완속|23|LG유플러스|,◆3◆|지하|스탠드형충전기|AC3상 7핀|급속|1|한국전력|,◆4◆|지하|벽부형충전기|AC단상 5핀|완속|3|에스에스차저|,◆5◆|지하|이동형충전기|직접입력|완속|16|파워큐브|",0,44,없음
A10027381,280,3,미설치,설치,0,0,,외부인허용,시 분,23시 0분,시 분,23시 0분,◆1◆|지하|벽부형충전기|직접입력|완속|6|나이스차져|,0,6,없음
A10027396,521,9,설치,설치,6,5,,입주민전용,0시 1분,0시 1분,23시 59분,23시 59분,"◆1◆|지상|이동형충전기|AC단상 5핀|완속|6|지에스차지비|,◆2◆|지하|스탠드형충전기|DC콤보 7핀|급속|1|한전|,◆3◆|지하|이동형충전기|AC단상 5핀|급속|4|파워큐브|",6,5,없음
A10027403,430,6,미설치,설치,0,8,,입주민전용,,0시 0분,,24시 0분,◆1◆|지하|이동형충전기|AC단상 5핀|완속|38|파워큐브|,0,38,없음
A10027424,563,12,미설치,설치,0,12,,,시 분,0시 0분,시 분,23시 59분,"◆1◆|지하|벽부형충전기|DC콤보 7핀|완속|10|지커넥트|,◆2◆|지하|스탠드형충전기|DC콤보 7핀|급속|2|한전|",0,12,없음
A10027432,310,6,미설치,설치,0,8,,입주민전용,시 분,0시 23분,시 분,0시 23분,"◆1◆|지하|스탠드형충전기|AC단상 5핀|완속|2|(주)이지차저|,◆2◆|지하|벽부형충전기|AC단상 5핀|완속|6|에버온|",0,8,없음
A10027433,633,8,미설치,설치,0,13,,,시 분,0시 10분,시 분,23시 10분,"◆1◆|지하|벽부형충전기|AC단상 5핀|급속|13|한전|,◆2◆|지하|벽부형충전기|AC단상 5핀|완속|26|주식회사 타키온|",0,39,없음
A10027439,1362,20,미설치,설치,0,28,,입주민전용,시 분,24시 0분,시 분,24시 0분,◆1◆|지하|벽부형충전기|AC단상 5핀|완속|28|애버온|,0,28,있음
A10027446,849,0,미설치,설치,0,18,외부인허용,,시 분,24시 0분,시 분,24시 0분,◆1◆|지하|벽부형충전기|AC단상 5핀|완속|18|클린일렉스|,0,18,없음
A10027452,654,4,미설치,설치,0,17,,입주민전용,시 분,0시 23분,시 분,0시 23분,◆1◆|지하|벽부형충전기|AC단상 5핀|완속|17|(주)스타코프|,0,17,없음
A10027461,900,30,미설치,설치,0,0,,입주민전용,시 분,0시 0분,시 분,23시 59분,"◆1◆|지하|벽부형충전기|AC단상 5핀|완속|9|에버온|,◆2◆|지하|스탠드형충전기|AC단상 5핀|급속|2|에버온|",0,11,없음
A10027472,231,17,미설치,설치,0,6,,입주민전용,시 분,1시 0분,시 분,23시 0분,◆1◆|지하|벽부형충전기|AC단상 5핀|완속|6|GS커넥트(주)|,0,6,없음
A10027474,657,10,미설치,설치,0,13,,입주민전용,시 분,0시 0분,시 분,0시 0분,"◆1◆|지하|스탠드형충전기|AC단상 5핀|완속|10|차지비, 코스텔|,◆2◆|지하|벽부형충전기|AC단상 5핀|완속|3|차지비|",0,13,없음
A10027541,0,0,미설치,미설치,0,0,,,시 분,시 분,시 분,시 분,,,,없음
A10027553,912,33,미설치,설치,0,33,,입주민전용,시 분,0시 0분,시 분,23시 0분,"◆1◆|지하|스탠드형충전기|직접입력|급속|2|중앙컨트롤|,◆2◆|지하|벽부형충전기|직접입력|완속|9|이카블러그|,◆3◆|지하|벽부형충전기|직접입력|완속|20|스타코프|,◆4◆|지하|벽부형충전기|직접입력|완속|1|중앙제어|,◆5◆|지하|벽부형충전기|직접입력|완속|1|차지비|",0,33,있음
A10027558,413,5,미설치,설치,0,7,,입주민전용,시 분,1시 1분,시 분,23시 59분,◆1◆|지하|벽부형충전기|AC단상 5핀|완속|7|한국알박(주)|,0,7,없음
A10027571,178,17,설치,미설치,2,0,입주민전용,,0시 1분,시 분,23시 59분,시 분,◆1◆|지상|스탠드형충전기|AC단상 5핀|완속|2|개포|,2,0,없음
A10027601,457,10,미설치,설치,0,12,,입주민전용,시 분,24시 0분,시 분,24시 0분,"◆1◆|지하|스탠드형충전기|AC단상 5핀|완속|11|엘지U+볼트업|,◆2◆|지하|스탠드형충전기|AC단상 5핀|급속|1|한전|",0,12,없음
A10027602,1278,120,미설치,설치,0,32,,입주민전용,시 분,0시 0분,시 분,23시 59분,"◆1◆|지하|스탠드형충전기|DC콤보 7핀|급속|1|에스트래픽(주)|,◆2◆|지하|스탠드형충전기|DC콤보 7핀|완속|5|에스트래픽(주)|,◆3◆|지하|벽부형충전기|DC콤보 7핀|완속|26|홈앤서비스(주)|",0,32,없음
A10027614,70,3,설치,설치,3,0,,,24시 0분,0시 0분,24시 0분,0시 0분,◆1◆|지상|벽부형충전기|직접입력|완속|3|에버온|,3,0,없음
A10027622,361,8,미설치,설치,0,2,,입주민전용,시 분,0시 0분,시 분,0시 0분,◆1◆|지하|스탠드형충전기|AC단상 5핀|완속|2|.|,0,2,없음
A10027632,688,13,미설치,설치,0,13,입주민전용,입주민전용,,23시 59분,,23시 59분,"◆1◆|지하|스탠드형충전기|DC콤보 7핀|급속|2|한전|,◆2◆|지하|스탠드형충전기|AC3상 7핀|완속|11|ev-line|,◆3◆|지하|벽부형충전기|AC단상 5핀|완속|39|파워큐브|",0,52,없음
A10027633,704,12,미설치,설치,0,12,,입주민전용,시 분,1시 1분,시 분,24시 59분,◆1◆|지하|벽부형충전기|AC단상 5핀|완속|12|파워큐브|,0,12,있음
A10027638,106,0,설치,설치,4,1,,,0시 0분,0시 0분,24시 0분,24시 0분,"◆1◆|지하|스탠드형충전기|AC단상 5핀|완속|1|(주)클린일렉스앤컴퍼니|,◆2◆|지상|스탠드형충전기|AC단상 5핀|완속|4|(주)에버온|",4,1,없음
A10027670,529,20,미설치,설치,0,10,,입주민전용,시 분,24시 0분,시 분,24시 0분,◆1◆|지하|벽부형충전기|AC단상 5핀|완속|13|(주)에버온|,0,13,있음
A10027681,334,15,미설치,설치,0,11,입주민전용,입주민전용,시 분,23시 59분,시 분,23시 59분,◆1◆|지하|벽부형충전기|AC3상 7핀|급속|11|파워큐브|,0,11,없음
A10027684,205,10,미설치,설치,0,4,입주민전용,입주민전용,시 분,0시 0분,시 분,23시 0분,"◆1◆|지하|스탠드형충전기|AC단상 5핀|완속|1|kt|,◆2◆|지하|스탠드형충전기|AC3상 7핀|완속|3|일렉트로닉|",0,4,없음
A10027687,795,125,미설치,설치,0,4,,입주민전용,시 분,24시 0분,시 분,24시 0분,"◆1◆|지하|스탠드형충전기|DC콤보 7핀|완속|3|한국전력공사|,◆2◆|지하|스탠드형충전기|DC콤보 7핀|급속|1|한국전력공사|",0,4,없음
A10027708,231,8,미설치,설치,0,0,,입주민전용,시 분,23시 0분,시 분,23시 0분,◆1◆|지하|벽부형충전기|AC단상 5핀|급속|2|한국전력(주)|,0,2,없음
A10027714,1019,56,미설치,설치,0,19,,입주민전용,시 분,0시 0분,시 분,0시 0분,◆1◆|지하|벽부형충전기|AC단상 5핀|완속|19|알박|,0,19,없음
A10027716,650,11,미설치,설치,0,0,,,시 분,0시 0분,시 분,23시 0분,◆1◆|지하|벽부형충전기|직접입력|완속|11|지에스커넥트(주)|,0,11,있음
A10027744,716,20,미설치,설치,0,7,,입주민전용,시 분,0시 59분,시 분,0시 59분,◆1◆|지하|스탠드형충전기|AC단상 5핀|완속|7|나이스인프라|,0,7,없음
A10027748,412,50,미설치,설치,0,11,,외부인허용,시 분,0시 0분,시 분,23시 0분,◆1◆|지하|벽부형충전기|AC단상 5핀|완속|11|차지비|,0,11,없음
A10027755,1146,30,미설치,설치,0,24,,입주민전용,시 분,1시 0분,시 분,24시 0분,"◆1◆|지하|스탠드형충전기|AC단상 5핀|완속|19|(주)씨어스/한솔엠에스|,◆2◆|지하|스탠드형충전기|AC단상 5핀|급속|1|한전|,◆3◆|지하|스탠드형충전기|AC단상 5핀|완속|3|한전|",0,23,없음
A10027764,74,0,미설치,미설치,0,0,입주민전용,입주민전용,시 분,시 분,시 분,시 분,,,,없음
A10027775,40,0,설치,미설치,3,0,입주민전용,,6시 0분,시 분,10시 0분,시 분,◆1◆|지상|벽부형충전기|AC단상 5핀|완속|3|에버온|,3,0,없음
A10027800,3274,61,미설치,설치,0,59,,입주민전용,시 분,23시 1분,시 분,22시 59분,"◆1◆|지하|벽부형충전기|AC단상 5핀|완속|3|케이차저|,◆2◆|지하|벽부형충전기|AC단상 5핀|완속|20|차지비|,◆3◆|지하|벽부형충전기|AC단상 5핀|완속|34|차지비|,◆4◆|지하|스탠드형충전기|DC콤보 7핀|급속|2|한전|",0,59,있음
A10027816,1609,30,미설치,설치,0,14,입주민전용,입주민전용,시 분,0시 0분,시 분,23시 59분,"◆1◆|지하|벽부형충전기|DC콤보 7핀|완속|10|클린일렉스|,◆2◆|지하|스탠드형충전기|직접입력|급속|4|중앙제어|",0,14,있음
A10027817,5721,20,미설치,설치,0,291,,입주민전용,시 분,0시 0분,시 분,23시 59분,"◆1◆|지하|벽부형충전기|AC단상 5핀|완속|51|에버온|,◆2◆|지하|벽부형충전기|AC단상 5핀|완속|3|대영채비|,◆3◆|지하|벽부형충전기|AC단상 5핀|완속|237|GS차지비|",0,291,없음
A10027849,352,20,미설치,설치,0,7,,입주민전용,시 분,24시 0분,시 분,24시 0분,◆1◆|지하|벽부형충전기|AC단상 5핀|완속|7|(주)LG유플러스 볼트업|,0,7,없음
A10027851,1154,30,미설치,설치,0,26,,입주민전용,시 분,0시 58분,시 분,0시 58분,"◆1◆|지하|벽부형충전기|AC3상 7핀|완속|5|파워큐버|,◆2◆|지하|벽부형충전기|AC3상 7핀|완속|21|이지차저|",0,26,없음
A10027877,59,2,미설치,미설치,0,0,,,시 분,시 분,시 분,시 분,,,,없음
A10027881,200,0,미설치,설치,0,1,입주민전용,,시 분,0시 1분,시 분,24시 0분,◆1◆|지하|벽부형충전기|AC단상 5핀|완속|1|(주)딜라이브|,0,1,없음
A10027901,9,9,미설치,설치,0,9,,,시 분,,시 분,,◆1◆|지하|벽부형충전기|AC단상 5핀|완속|9|용산kcc웰츠타워|,0,9,없음
A10027902,385,12,미설치,설치,0,8,입주민전용,입주민전용,시 분,0시 0분,시 분,23시 59분,◆1◆|지하|스탠드형충전기|AC단상 5핀|완속|8|나이스차저|,0,8,없음
A10027906,1367,27,미설치,설치,0,27,,입주민전용,시 분,23시 59분,시 분,23시 59분,◆1◆|지하|벽부형충전기|AC3상 7핀|완속|27|에버온|,0,27,없음
A10027908,1200,40,미설치,설치,0,25,입주민전용,입주민전용,,0시 0분,,23시 59분,"◆1◆|지하|스탠드형충전기|DC콤보 7핀|급속|1|한국전력|,◆2◆|지하|스탠드형충전기|AC3상 7핀|완속|2|한국전력|,◆3◆|지하|벽부형충전기|AC3상 7핀|완속|2|차지비|,◆4◆|지하|벽부형충전기|AC단상 5핀|완속|20|차지인과금형콘센트|,◆5◆|지하|벽부형충전기|AC3상 7핀|완속|10|에버온|",0,35,없음
A10027912,439,7,미설치,설치,0,2,,입주민전용,시 분,23시 10분,시 분,23시 10분,"◆1◆|지하|스탠드형충전기|AC단상 5핀|완속|2|한국전력|,◆2◆|지하|벽부형충전기|AC단상 5핀|완속|5|kt파워큐브|,◆3◆|지하|스탠드형충전기|AC단상 5핀|급속|1|한국전력|",0,8,없음
A10027920,2015,10,미설치,설치,0,42,,입주민전용,시 분,0시 0분,시 분,0시 0분,"◆1◆|지하|벽부형충전기|AC단상 5핀|급속|4|에비온|,◆2◆|지하|벽부형충전기|AC단상 5핀|완속|38|나이스|",0,42,없음
A10027935,134,0,미설치,미설치,0,0,,,시 분,시 분,시 분,시 분,,,,없음
A10027948,382,8,미설치,설치,0,18,,외부인허용,시 분,24시 0분,시 분,24시 0분,"◆1◆|지하|스탠드형충전기|DC차데모 10핀|급속|1|한국전력|,◆2◆|지하|스탠드형충전기|DC차데모 10핀|완속|4|(주)이지차저|,◆3◆|지하|벽부형충전기|DC차데모 10핀|완속|13|나이스차저|",0,18,있음
A10027951,99,0,미설치,설치,0,3,,입주민전용,시 분,0시 0분,시 분,23시 59분,◆1◆|지하|벽부형충전기|직접입력|완속|3|gs커넥트|,0,3,없음
A10027985,1701,80,미설치,설치,0,28,,입주민전용,시 분,0시 0분,시 분,0시 0분,"◆1◆|지하|스탠드형충전기|AC단상 5핀|완속|4|한전|,◆2◆|지하|스탠드형충전기|AC단상 5핀|완속|23|지차저|,◆3◆|지하|스탠드형충전기|AC단상 5핀|급속|1|한전|",0,28,없음
A10028000,4,4,미설치,설치,0,4,,입주민전용,시 분,0시 0분,시 분,24시 0분,◆1◆|지하|벽부형충전기|AC3상 7핀|완속|4|GS커넥터|,0,4,없음
A10028001,558,5,미설치,설치,0,17,,입주민전용,,0시 1분,,23시 59분,"◆1◆|지하|스탠드형충전기|AC3상 7핀|급속|1|한국전력|,◆2◆|지하|스탠드형충전기|AC단상 5핀|완속|2|한국전력|,◆3◆|지하|벽부형충전기|AC단상 5핀|완속|5|차지비|,◆4◆|지하|벽부형충전기|직접입력|완속|24|차지인|,◆5◆|지하|벽부형충전기|AC단상 5핀|완속|9|파워큐브|",0,41,있음
A10028006,673,10,미설치,설치,0,0,입주민전용,입주민전용,시 분,0시 0분,시 분,23시 0분,"◆1◆|지하|이동형충전기|AC단상 5핀|완속|11|휴맥스,한전,아파트|",0,11,없음
A10028021,1170,46,미설치,설치,0,12,,입주민전용,시 분,0시 0분,시 분,23시 0분,◆1◆|지하|벽부형충전기|AC단상 5핀|완속|12|파워큐브코리아|,0,12,없음
A10028033,332,8,미설치,설치,0,7,,입주민전용,시 분,0시 0분,시 분,23시 0분,◆1◆|지하|벽부형충전기|직접입력|완속|7|(주)차지비|,0,7,없음
A10028042,68,1,설치,미설치,2,0,입주민전용,,24시 0분,시 분,24시 0분,시 분,◆1◆|지상|스탠드형충전기|AC단상 5핀|완속|2|나이스인프라(주)|,2,0,없음
A10028046,432,24,미설치,설치,0,24,,입주민전용,시 분,0시 0분,시 분,24시 0분,◆1◆|지하|이동형충전기|AC단상 5핀|완속|24|파워큐브|,0,24,없음
A10028056,120,1,미설치,설치,0,10,,외부인허용,시 분,0시 1분,시 분,23시 59분,◆1◆|지하|벽부형충전기|AC단상 5핀|완속|4|gs커넥트(주)|,0,4,없음
A10028063,197,0,미설치,미설치,0,0,,,,,,,,,,없음
A10028080,337,3,미설치,미설치,0,3,입주민전용,입주민전용,시 분,시 분,시 분,시 분,,,,없음
A10028086,1067,52,미설치,설치,0,16,,외부인허용,시 분,0시 0분,시 분,0시 0분,"◆1◆|지하|스탠드형충전기|AC단상 5핀|급속|1|한국전력공사강동지사|,◆2◆|지하|벽부형충전기|AC단상 5핀|완속|15|파워큐브|",0,16,없음
A10028105,594,0,미설치,설치,0,22,입주민전용,입주민전용,,0시 0분,,0시 0분,◆1◆|지하|벽부형충전기|AC단상 5핀|완속|22|파워큐브|,0,22,없음
A10028146,460,16,미설치,설치,0,5,,입주민전용,시 분,1시 0분,시 분,23시 0분,"◆1◆|지하|스탠드형충전기|DC차데모 10핀|완속|2|한국전력공사|,◆2◆|지하|벽부형충전기|DC차데모 10핀|완속|3|(주)클린일렉스|",0,5,없음
A10028172,5,5,설치,설치,10,7,,,24시 0분,24시 0분,24시 0분,24시 0분,"◆1◆|지하|스탠드형충전기|AC3상 7핀|급속|1|한전 강남지사|,◆2◆|지하|벽부형충전기|AC단상 5핀|완속|3|(쥬)타디스테크놀로|,◆3◆|지하|스탠드형충전기|AC3상 7핀|완속|1|한전 강남지사|,◆4◆|지하|벽부형충전기|AC단상 5핀|완속|18|한화솔루션(주)|,◆5◆|지상|벽부형충전기|AC단상 5핀|완속|15|한화솔루션(주)|",15,23,있음
A10028177,5,5,미설치,설치,0,12,,입주민전용,시 분,24시 0분,시 분,24시 0분,"◆1◆|지하|벽부형충전기|AC단상 5핀|완속|5|이지자처|,◆2◆|지하|벽부형충전기|AC단상 5핀|완속|4|에버온|,◆3◆|지하|스탠드형충전기|AC3상 7핀|급속|1|한국전력|,◆4◆|지하|스탠드형충전기|AC단상 5핀|완속|2|한국전력|",0,12,없음
A10028201,0,0,미설치,미설치,0,0,,,시 분,시 분,시 분,시 분,,,,없음
A10044001,160,0,설치,미설치,3,0,,,,시 분,,시 분,◆1◆|지상|벽부형충전기|AC단상 5핀|완속|3|대상파워텍|,3,0,없음
A10044002,1904,138,설치,미설치,39,0,외부인허용,,0시 0분,시 분,23시 59분,시 분,"◆1◆|지상|스탠드형충전기|AC3상 7핀|급속|2|한국전력|,◆2◆|지상|벽부형충전기|AC단상 5핀|완속|15|이카플러그|,◆3◆|지상|벽부형충전기|AC단상 5핀|완속|2|한국전력|,◆4◆|지상|벽부형충전기|AC단상 5핀|완속|20|나이스|,◆5◆|지상|이동형충전기|직접입력|완속|50|홈엔서비스|",89,0,없음
A10045001,631,10,미설치,설치,0,0,,외부인허용,시 분,0시 0분,시 분,23시 30분,◆1◆|지하|벽부형충전기|AC단상 5핀|완속|13|나이스차저|,0,13,있음
A10045002,1200,6,미설치,설치,0,21,,입주민전용,시 분,0시 0분,시 분,23시 59분,"◆1◆|지하|벽부형충전기|AC단상 5핀|완속|11|나이스차저|,◆2◆|지하|벽부형충전기|AC단상 5핀|완속|10|이지차저|",0,21,없음
A10045301,1197,12,미설치,설치,0,17,,입주민전용,시 분,1시 1분,시 분,23시 59분,"◆1◆|지하|벽부형충전기|AC단상 5핀|완속|15|이지차저|,◆2◆|지하|벽부형충전기|AC단상 5핀|완속|2|레드이엔지(주)|",0,17,없음
A10045302,3740,20,설치,미설치,0,0,입주민전용,입주민전용,0시 0분,시 분,24시 0분,시 분,◆1◆|지상|벽부형충전기|AC단상 5핀|완속|67|LGU+볼트업|,67,0,있음
A10045401,148,0,미설치,미설치,0,0,,,시 분,시 분,시 분,시 분,,,,없음
A10045402,200,7,설치,설치,3,1,입주민전용,입주민전용,24시 0분,24시 0분,24시 0분,24시 0분,"◆1◆|지하|벽부형충전기|AC단상 5핀|완속|1|에버온|,◆2◆|지상|스탠드형충전기|AC단상 5핀|완속|3|에버온|",3,1,없음
A10045403,1277,26,설치,설치,24,26,,입주민전용,24시 10분,24시 10분,24시 10분,24시 10분,"◆1◆|지하|벽부형충전기|AC단상 5핀|완속|16|이지차저|,◆2◆|지하|벽부형충전기|AC단상 5핀|완속|10|에버온|,◆3◆|지상|벽부형충전기|AC단상 5핀|완속|24|서울씨앤지|",24,26,없음
A10045404,1820,49,미설치,설치,0,45,,입주민전용,시 분,0시 1분,시 분,23시 1분,◆1◆|지하|벽부형충전기|AC단상 5핀|완속|125|(주)에버온|,0,125,없음
A10045601,753,5,미설치,미설치,0,0,,,시 분,시 분,시 분,시 분,,,,없음
A10071301,536,10,미설치,설치,0,12,,입주민전용,,0시 24분,,0시 24분,"◆1◆|지하|벽부형충전기|DC콤보 7핀|완속|10|파워큐브|,◆2◆|지하|스탠드형충전기|DC콤보 7핀|완속|2|파워큐브|",0,12,없음
A10072501,470,20,미설치,설치,0,13,,입주민전용,시 분,0시 23분,시 분,0시 0분,"◆1◆|지하|이동형충전기|AC단상 5핀|완속|24|홈앤서비스|,◆2◆|지하|벽부형충전기|AC단상 5핀|완속|7|(주)지커넥트|,◆3◆|지하|벽부형충전기|AC단상 5핀|완속|4|SK일렉링크|,◆4◆|지하|스탠드형충전기|AC단상 5핀|완속|1|한국전력공사|,◆5◆|지하|스탠드형충전기|AC3상 7핀|급속|1|한국전력공사|",0,37,없음
A10078103,97,1,미설치,미설치,0,0,,,시 분,시 분,시 분,시 분,,,,없음
A10078901,0,0,미설치,설치,0,28,,외부인허용,시 분,24시 0분,시 분,24시 0분,"◆1◆|지하|벽부형충전기|직접입력|완속|30|홈앤서비스|,◆2◆|지하|벽부형충전기|AC단상 5핀|완속|5|에버온|,◆3◆|지하|벽부형충전기|AC단상 5핀|완속|10|나이스차저|,◆4◆|지하|벽부형충전기|AC단상 5핀|완속|5|지커넥터|",0,50,없음
A10078902,95,1,미설치,설치,0,8,,외부인허용,시 분,0시 1분,시 분,23시 59분,"◆1◆|지하|벽부형충전기|AC단상 5핀|완속|2|에스트레픽|,◆2◆|지하|벽부형충전기|AC단상 5핀|완속|6|에버온|",0,8,없음
A10080701,221,10,설치,미설치,10,0,입주민전용,,0시 0분,시 분,24시 0분,시 분,◆1◆|지상|스탠드형충전기|AC단상 5핀|완속|10|파워큐브코리아|,10,0,없음
A10085902,178,0,미설치,미설치,0,0,,,시 분,시 분,시 분,시 분,,,,없음
A10085903,890,30,미설치,설치,0,0,,입주민전용,시 분,0시 0분,시 분,23시 59분,"◆1◆|지하|벽부형충전기|직접입력|완속|12|스타코프|,◆2◆|지하|벽부형충전기|AC단상 5핀|완속|2|자지비|",0,14,없음
A10086301,0,0,미설치,미설치,0,0,,,시 분,시 분,시 분,시 분,,,,없음
A10086801,413,11,미설치,설치,0,10,입주민전용,입주민전용,시 분,0시 0분,시 분,0시 0분,◆1◆|지하|벽부형충전기|AC단상 5핀|완속|10|이엘일렉트릭|,0,10,없음
A10088101,432,10,미설치,설치,0,12,,입주민전용,시 분,0시 0분,시 분,0시 0분,◆1◆|지하|벽부형충전기|AC단상 5핀|완속|12|(주)지커넥트GS|,0,12,없음
A10088102,593,15,미설치,설치,0,16,,,시 분,0시 0분,시 분,23시 59분,"◆1◆|지하|벽부형충전기|AC3상 7핀|급속|1|한국전력|,◆2◆|지하|벽부형충전기|AC단상 5핀|완속|8|GS커넥트|,◆3◆|지하|벽부형충전기|AC단상 5핀|완속|7|신세계아이앤씨|",0,16,없음
A10095501,80,0,미설치,미설치,0,0,,입주민전용,시 분,시 분,시 분,시 분,,,,없음
A10095502,350,20,미설치,설치,0,6,,,시 분,0시 0분,시 분,23시 59분,"◆1◆|지하|스탠드형충전기|AC3상 7핀|급속|1|나이스차지|,◆2◆|지하|벽부형충전기|AC3상 7핀|완속|5|나이스차지|",0,6,없음
A11001203,190,3,설치,설치,0,0,,,0시 0분,0시 0분,24시 0분,24시 0분,"◆1◆|지상|스탠드형충전기|AC단상 5핀|완속|2|현대엔지니어링|,◆2◆|지하|벽부형충전기|AC단상 5핀|완속|1|현대엔지니어링|",2,1,없음
A11005401,1123,0,미설치,설치,0,40,,입주민전용,시 분,0시 0분,시 분,23시 59분,"◆1◆|지하|벽부형충전기|AC단상 5핀|완속|48|홈앤차지|,◆2◆|지하|스탠드형충전기|AC단상 5핀|완속|33|에버온|,◆3◆|지하|스탠드형충전기|AC단상 5핀|완속|3|차지비|,◆4◆|지하|스탠드형충전기|AC단상 5핀|완속|3|KEPCO 한국전력|,◆5◆|지하|벽부형충전기|AC단상 5핀|완속|47|스타코프|,◆6◆|지하|스탠드형충전기|직접입력|급속|1|KEPCO 한국전력|",0,135,없음
A11007001,271,7,미설치,설치,0,2,,입주민전용,시 분,0시 0분,시 분,23시 0분,◆1◆|지하|스탠드형충전기|AC단상 5핀|완속|2|한국전력|,0,2,없음
A11008001,200,0,설치,설치,1,3,,입주민전용,0시 0분,0시 0분,23시 59분,23시 59분,"◆1◆|지상|스탠드형충전기|AC단상 5핀|완속|1|에버원|,◆2◆|지하|벽부형충전기|AC단상 5핀|완속|3|한국전기차인프라기술|",1,3,없음
A11034001,253,0,미설치,미설치,0,0,,외부인허용,시 분,시 분,시 분,시 분,,,,없음
A11041001,447,15,미설치,설치,0,2,,입주민전용,시 분,0시 0분,시 분,23시 0분,◆1◆|지하|벽부형충전기|DC콤보 7핀|완속|2|한국전력|,0,2,없음
A11052201,476,1,미설치,설치,0,3,,외부인허용,시 분,24시 0분,시 분,24시 0분,"◆1◆|지하|스탠드형충전기|AC단상 5핀|완속|2|kepco|,◆2◆|지하|스탠드형충전기|AC3상 7핀|급속|1|kepco|",0,3,없음
A11054101,532,4,미설치,설치,0,3,,,,0시 0분,,24시 0분,◆1◆|지하|스탠드형충전기|AC3상 7핀|완속|3|한전|,0,3,없음
A11054301,7,7,설치,미설치,6,0,입주민전용,,9시 0분,시 분,23시 59분,시 분,◆1◆|지상|스탠드형충전기|AC단상 5핀|완속|6|GS컨넥트|,6,0,없음
A11055002,342,2,미설치,설치,0,7,,입주민전용,시 분,24시 1분,시 분,24시 1분,"◆1◆|지하|벽부형충전기|AC단상 5핀|완속|2|차지비|,◆2◆|지하|벽부형충전기|AC단상 5핀|완속|5|한국알박|",0,7,있음
A11077101,837,20,미설치,설치,0,3,,입주민전용,시 분,1시 1분,시 분,23시 59분,"◆1◆|지하|스탠드형충전기|AC3상 7핀|초급속|2|(주)시그넷시스템|,◆2◆|지하|스탠드형충전기|AC단상 5핀|완속|1|클린일렉스앤컴퍼니|",0,3,없음
A11081302,1123,50,미설치,설치,0,15,,입주민전용,시 분,0시 23분,시 분,0시 23분,◆1◆|지하|벽부형충전기|AC단상 5핀|완속|15|에버온|,0,15,없음
A11081503,1450,20,미설치,미설치,0,0,,,시 분,시 분,시 분,시 분,,,,없음
A11084601,287,10,미설치,설치,0,5,,입주민전용,시 분,0시 0분,시 분,0시 0분,◆1◆|지하|벽부형충전기|AC단상 5핀|완속|5|플러그링크|,0,5,없음
A11087601,316,7,미설치,설치,0,7,입주민전용,입주민전용,시 분,0시 0분,시 분,23시 59분,◆1◆|지하|벽부형충전기|AC단상 5핀|완속|7|차지비|,0,7,없음
A11087602,502,17,설치,설치,3,8,입주민전용,입주민전용,0시 0분,0시 0분,23시 59분,23시 59분,"◆1◆|지하|벽부형충전기|AC단상 5핀|완속|3|sk일렉링크|,◆2◆|지상|벽부형충전기|AC단상 5핀|완속|3|sk일렉링크|,◆3◆|지하|벽부형충전기|AC단상 5핀|완속|4|코스텔|,◆4◆|지하|스탠드형충전기|AC3상 7핀|급속|1|시그넷시스템|",3,8,없음
A12003001,186,3,미설치,설치,0,4,,입주민전용,시 분,0시 0분,시 분,0시 0분,"◆1◆|지하|벽부형충전기|직접입력|완속|4|GS|,◆2◆|지하|이동형충전기|직접입력|완속|1|콘센트형 5대|",0,5,없음
A12004001,789,40,설치,미설치,16,0,입주민전용,,0시 0분,시 분,23시 0분,시 분,"◆1◆|지상|벽부형충전기|AC단상 5핀|완속|4|에버온|,◆2◆|지상|벽부형충전기|AC단상 5핀|완속|12|한화솔루션|",16,0,없음
A12005001,284,6,미설치,설치,0,6,,입주민전용,시 분,0시 0분,시 분,24시 0분,◆1◆|지하|벽부형충전기|AC3상 7핀|완속|6|(주)차지비|,0,6,없음
A12007001,1084,10,미설치,설치,0,19,,입주민전용,시 분,0시 1분,시 분,23시 59분,"◆1◆|지하|벽부형충전기|AC단상 5핀|완속|16|위브차저|,◆2◆|지하|벽부형충전기|AC단상 5핀|완속|3|에비온|",0,19,없음
A12008001,250,5,미설치,설치,0,5,,외부인허용,시 분,0시 1분,시 분,23시 0분,◆1◆|지하|이동형충전기|AC단상 5핀|완속|5|스타코프|,0,5,없음
A12008003,1461,20,미설치,설치,0,20,,입주민전용,시 분,0시 0분,시 분,23시 59분,"◆1◆|지하|벽부형충전기|AC단상 5핀|완속|20|스타코프|,◆2◆|지하|벽부형충전기|AC단상 5핀|완속|27|나이스차져|",0,47,있음
A12009001,45,0,미설치,미설치,0,0,외부인허용,외부인허용,시 분,시 분,시 분,시 분,,,,없음
A12009101,195,0,미설치,설치,0,5,,,시 분,0시 0분,시 분,24시 0분,◆1◆|지하|벽부형충전기|직접입력|완속|5|현대엔지니어링(주)|,0,5,없음
A12009102,713,10,미설치,설치,0,3,,입주민전용,시 분,23시 59분,시 분,23시 59분,◆1◆|지하|벽부형충전기|AC단상 5핀|급속|3|차지비|,0,3,없음
A12009201,242,3,미설치,설치,0,7,,입주민전용,시 분,0시 0분,시 분,0시 0분,◆1◆|지하|벽부형충전기|AC3상 7핀|완속|7|파워큐브|,0,7,없음
A12009202,550,5,미설치,설치,0,5,,입주민전용,시 분,0시 0분,시 분,23시 0분,"◆1◆|지하|벽부형충전기|AC단상 5핀|완속|5|차지비|,◆2◆|지하|벽부형충전기|AC단상 5핀|완속|6|나이스차저|",0,11,없음
A12009203,966,16,설치,설치,4,12,,,0시 0분,0시 0분,24시 0분,24시 0분,"◆1◆|지상|벽부형충전기|AC단상 5핀|완속|4|현대자동차|,◆2◆|지하|벽부형충전기|AC단상 5핀|완속|12|(주)차지인|",4,12,없음
A12009302,264,10,설치,설치,5,5,입주민전용,입주민전용,12시 0분,12시 0분,23시 59분,23시 59분,"◆1◆|지상|벽부형충전기|AC단상 5핀|완속|5|차지비|,◆2◆|지하|벽부형충전기|AC단상 5핀|완속|5|차지비|",5,5,없음
A12009303,5,5,설치,미설치,3,0,입주민전용,,0시 1분,시 분,24시 0분,시 분,◆1◆|지상|스탠드형충전기|AC단상 5핀|완속|3|에버온|,3,0,없음
A12009304,620,0,설치,설치,5,4,,,24시 0분,24시 0분,23시 59분,23시 59분,"◆1◆|지상|스탠드형충전기|AC3상 7핀|완속|5|spharos|,◆2◆|지하|벽부형충전기|AC3상 7핀|완속|4|evzone|",5,4,없음
A12009305,769,5,설치,설치,6,10,외부인허용,외부인허용,0시 1분,0시 1분,23시 59분,23시 59분,"◆1◆|지하|벽부형충전기|AC단상 5핀|완속|10|차지인|,◆2◆|지상|벽부형충전기|AC단상 5핀|완속|5|서울씨엔지(주)|,◆3◆|지상|벽부형충전기|DC콤보 7핀|급속|1|서울씨엔지(주)|",6,10,없음
A12010001,264,10,미설치,설치,0,2,,입주민전용,시 분,1시 0분,시 분,23시 59분,◆1◆|지하|벽부형충전기|직접입력|완속|2|에버온|,0,2,있음
A12010101,114,0,설치,미설치,3,0,,,0시 0분,시 분,24시 0분,시 분,◆1◆|지상|스탠드형충전기|AC단상 5핀|완속|3|에버딘|,3,0,없음
A12010103,256,4,미설치,설치,0,4,,입주민전용,시 분,1시 1분,시 분,23시 59분,◆1◆|지하|벽부형충전기|DC차데모 10핀|완속|4|홈앤서비스|,0,4,없음
A12010104,1260,25,설치,미설치,25,0,입주민전용,,24시 0분,시 분,0시 0분,시 분,◆1◆|지상|스탠드형충전기|AC3상 7핀|완속|25|롯데이브이시스|,25,0,없음
A12010202,462,6,설치,설치,11,5,입주민전용,입주민전용,23시 0분,23시 0분,23시 0분,23시 0분,"◆1◆|지하|벽부형충전기|AC단상 5핀|완속|5|이지차저|,◆2◆|지상|스탠드형충전기|AC단상 5핀|급속|1|하나솔루션|,◆3◆|지상|스탠드형충전기|AC단상 5핀|완속|10|하나솔루션|",11,5,없음
A12010203,570,7,미설치,설치,0,6,,입주민전용,시 분,23시 29분,시 분,23시 59분,"◆1◆|지하|벽부형충전기|AC단상 5핀|완속|3|에버온|,◆2◆|지하|벽부형충전기|AC단상 5핀|완속|3|이지차저|",0,6,없음
A12011002,642,5,미설치,설치,0,15,,,시 분,24시 0분,시 분,24시 0분,"◆1◆|지하|벽부형충전기|AC단상 5핀|완속|12|드림이엔지|,◆2◆|지하|스탠드형충전기|직접입력|완속|3|한전|",0,15,없음
A12012101,610,12,미설치,설치,0,12,,입주민전용,시 분,0시 1분,시 분,23시 59분,◆1◆|지하|벽부형충전기|AC3상 7핀|완속|12|이지차저|,0,12,없음
A12012201,197,5,미설치,설치,0,11,,입주민전용,시 분,24시 0분,시 분,24시 0분,"◆1◆|지하|벽부형충전기|직접입력|완속|2|한국전기차인프라기술|,◆2◆|지하|벽부형충전기|AC단상 5핀|완속|3|지에스차지비|",0,5,없음
A12012202,1429,18,미설치,설치,0,27,,입주민전용,시 분,0시 1분,시 분,23시 59분,"◆1◆|지하|스탠드형충전기|AC단상 5핀|완속|26|1533-2522|,◆2◆|지하|스탠드형충전기|AC3상 7핀|급속|1|1533-2522|",0,27,있음
A12012203,10,10,미설치,설치,0,10,,입주민전용,시 분,0시 1분,시 분,23시 59분,◆1◆|지하|벽부형충전기|직접입력|완속|10|(주)에버온|,0,10,없음
A12013001,2,2,미설치,설치,0,2,,입주민전용,시 분,1시 1분,시 분,23시 59분,◆1◆|지하|벽부형충전기|직접입력|완속|2|...|,0,2,없음
A12013002,466,11,미설치,설치,0,9,,외부인허용,시 분,0시 0분,시 분,23시 59분,"◆1◆|지하|벽부형충전기|AC단상 5핀|완속|8|차지비, 에버온|,◆2◆|지하|스탠드형충전기|AC3상 7핀|급속|1|한국전력|",0,9,없음
A12013003,4895,46,미설치,설치,0,99,,입주민전용,,0시 0분,,23시 59분,"◆1◆|지하|벽부형충전기|AC단상 5핀|완속|98|나이스차저,파워큐브|,◆2◆|지하|벽부형충전기|AC3상 7핀|급속|1|한전|",0,99,없음
A12013101,238,3,설치,미설치,4,0,입주민전용,,0시 0분,시 분,23시 59분,시 분,◆1◆|지상|스탠드형충전기|AC3상 7핀|완속|4|LG유플러스|,4,0,없음
A12013201,295,8,미설치,설치,0,4,,입주민전용,시 분,0시 0분,시 분,0시 0분,◆1◆|지하|벽부형충전기|AC3상 7핀|완속|4|차지비|,0,4,없음
A12013202,668,9,설치,설치,8,6,입주민전용,입주민전용,0시 0분,0시 0분,0시 0분,0시 0분,"◆1◆|지하|벽부형충전기|AC3상 7핀|완속|6|차지비|,◆2◆|지상|스탠드형충전기|직접입력|완속|8|나이스|",8,6,없음
A12017001,793,15,설치,설치,10,0,입주민전용,입주민전용,24시 0분,24시 0분,24시 0분,24시 0분,"◆1◆|지하|벽부형충전기|AC단상 5핀|완속|11|파워큐브코리아|,◆2◆|지상|스탠드형충전기|AC3상 7핀|완속|9|아이파킹|,◆3◆|지상|스탠드형충전기|AC3상 7핀|급속|1|아이파킹|",10,11,없음
A12070101,687,89,미설치,설치,0,14,,입주민전용,시 분,1시 0분,시 분,23시 0분,"◆1◆|지하|스탠드형충전기|직접입력|완속|1|한전|,◆2◆|지하|스탠드형충전기|직접입력|급속|1|한전|,◆3◆|지하|벽부형충전기|직접입력|완속|4|플러그링크|,◆4◆|지하|벽부형충전기|직접입력|완속|8|파워큐브|",0,14,있음
A12070201,203,6,미설치,설치,0,18,,,시 분,0시 0분,시 분,0시 0분,◆1◆|지하|벽부형충전기|AC단상 5핀|완속|18|(주)파워큐브코리아|,0,18,없음
A12071001,300,2,미설치,설치,0,5,,,시 분,0시 23분,시 분,0시 23분,◆1◆|지하|벽부형충전기|AC단상 5핀|완속|5|한국알박|,0,5,없음
A12071002,257,10,설치,설치,2,2,입주민전용,입주민전용,0시 1분,0시 1분,23시 59분,23시 59분,"◆1◆|지상|스탠드형충전기|AC단상 5핀|완속|2|에버온|,◆2◆|지하|벽부형충전기|AC단상 5핀|완속|2|에버온|",2,2,없음
A12071003,0,0,미설치,미설치,0,0,,,시 분,시 분,시 분,시 분,,,,없음
A12071101,890,10,미설치,설치,0,1,,외부인허용,시 분,0시 0분,시 분,23시 59분,◆1◆|지하|스탠드형충전기|AC단상 5핀|급속|1|한전|,0,1,없음
A12071102,198,4,미설치,설치,0,4,,입주민전용,시 분,1시 0분,시 분,23시 59분,"◆1◆|지하|벽부형충전기|AC단상 5핀|완속|1|지커넥트|,◆2◆|지하|벽부형충전기|AC단상 5핀|완속|3|플러그링크|",0,4,없음
A12071103,250,2,설치,미설치,4,0,,,0시 0분,시 분,23시 1분,시 분,◆1◆|지상|벽부형충전기|AC단상 5핀|완속|4|(주)차지비|,4,0,없음
A12071104,54,0,미설치,미설치,24,26,,,시 분,시 분,시 분,시 분,,,,없음
A12072801,570,13,미설치,설치,0,13,,입주민전용,시 분,0시 0분,시 분,0시 0분,◆1◆|지하|벽부형충전기|AC단상 5핀|완속|3|차지비|,0,3,있음
A12072802,98,1,미설치,설치,0,3,,입주민전용,시 분,0시 0분,시 분,23시 0분,"◆1◆|지하|벽부형충전기|AC단상 5핀|완속|2|한국전기차인프라기술|,◆2◆|지하|벽부형충전기|AC단상 5핀|급속|1|GS커넥트|",0,3,없음
A12076601,115,2,미설치,미설치,0,0,입주민전용,입주민전용,시 분,시 분,시 분,시 분,,,,없음
A12078201,120,2,미설치,미설치,0,2,,외부인허용,시 분,시 분,시 분,시 분,,,,없음
A12078704,1003,2,미설치,설치,0,4,,,시 분,0시 0분,시 분,23시 59분,◆1◆|지하|벽부형충전기|직접입력|완속|4|지커넥트|,0,4,없음
A12078705,791,11,설치,설치,12,12,입주민전용,입주민전용,23시 59분,23시 59분,23시 59분,23시 59분,"◆1◆|지상|벽부형충전기|AC단상 5핀|완속|12|이지차저|,◆2◆|지하|벽부형충전기|AC단상 5핀|완속|12|이지차저|",12,12,없음
A12078706,200,3,미설치,설치,0,6,,,시 분,0시 0분,시 분,23시 0분,◆1◆|지하|벽부형충전기|AC단상 5핀|완속|6|차지비|,0,6,있음
A12078707,250,0,미설치,미설치,0,3,외부인허용,외부인허용,시 분,시 분,시 분,시 분,,,,없음
A12079501,836,17,미설치,설치,15,11,,,시 분,23시 59분,시 분,23시 59분,"◆1◆|지하|스탠드형충전기|AC단상 5핀|완속|15|프러그링크|,◆2◆|지하|벽부형충전기|AC단상 5핀|완속|10|애버온|",0,25,없음
A12079601,400,1,미설치,설치,0,11,,입주민전용,시 분,1시 1분,시 분,23시 59분,"◆1◆|지하|벽부형충전기|AC단상 5핀|완속|4|티움코리아|,◆2◆|지하|벽부형충전기|AC단상 5핀|완속|4|현대엔지니어링|",0,8,없음
A12081602,310,6,미설치,설치,0,6,,입주민전용,시 분,24시 0분,시 분,24시 0분,◆1◆|지하|벽부형충전기|직접입력|완속|6|알박|,0,6,없음
A12081703,672,8,설치,미설치,7,0,입주민전용,입주민전용,24시 0분,시 분,24시 0분,시 분,◆1◆|지상|스탠드형충전기|AC단상 5핀|완속|7|현대엔지니어링(주)|,7,0,없음
A12084302,265,0,설치,미설치,4,0,,,0시 0분,시 분,24시 0분,시 분,◆1◆|지상|스탠드형충전기|직접입력|완속|4|에버온|,4,0,없음
A12084504,616,5,설치,미설치,5,0,입주민전용,,0시 0분,시 분,23시 59분,시 분,◆1◆|지상|스탠드형충전기|AC단상 5핀|완속|5|에버온|,5,0,없음
A12085303,975,3,미설치,설치,0,5,,입주민전용,시 분,0시 0분,시 분,0시 0분,"◆1◆|지하|벽부형충전기|AC단상 5핀|완속|5|차지비|,◆2◆|지하|벽부형충전기|AC단상 5핀|완속|21|홈앤서비스|",0,26,없음
A12086001,170,3,미설치,설치,0,0,,입주민전용,시 분,0시 0분,시 분,23시 59분,"◆1◆|지하|벽부형충전기|AC단상 5핀|완속|4|차지비|,◆2◆|지하|이동형충전기|AC단상 5핀|완속|33|파워큐브코리아|",0,37,없음
A12101001,1,1,미설치,설치,0,3,,입주민전용,시 분,0시 0분,시 분,23시 59분,◆1◆|지하|벽부형충전기|AC단상 5핀|완속|3|(주)에버온|,0,3,없음
A12102002,325,11,미설치,설치,0,12,,입주민전용,,23시 59분,,23시 59분,◆1◆|지하|벽부형충전기|직접입력|완속|12|한국전자금융|,0,12,없음
A12102005,465,3,미설치,미설치,0,0,,,시 분,시 분,시 분,시 분,,,,없음
A12102008,856,8,미설치,설치,0,8,,입주민전용,시 분,0시 1분,시 분,23시 59분,◆1◆|지하|벽부형충전기|AC단상 5핀|완속|8|채지비|,0,8,없음
A12103002,376,5,설치,미설치,10,0,,입주민전용,0시 0분,시 분,0시 0분,시 분,◆1◆|지상|스탠드형충전기|직접입력|완속|10|한국전자금융|,10,0,없음
A12103006,242,1,미설치,설치,0,6,,입주민전용,시 분,0시 0분,시 분,24시 0분,◆1◆|지하|벽부형충전기|AC단상 5핀|완속|6|엘지유플러스 볼트업|,0,6,없음
A12104001,212,2,미설치,미설치,3,0,외부인허용,입주민전용,시 분,시 분,시 분,시 분,,,,없음
A12104005,1380,0,미설치,미설치,0,0,,,시 분,시 분,시 분,시 분,,,,없음
A12104007,1,1,설치,미설치,1,0,입주민전용,,0시 10분,,9시 10분,,◆1◆|지상|스탠드형충전기|AC3상 7핀|급속|2|대영채비|,2,0,없음
A12105001,292,0,설치,설치,6,4,입주민전용,입주민전용,0시 1분,0시 1분,23시 59분,23시 59분,"◆1◆|지상|스탠드형충전기|AC단상 5핀|완속|6|(주)이엘일렉트릭|,◆2◆|지하|벽부형충전기|AC단상 5핀|완속|9|홈앤차지(주)|,◆3◆|지하|벽부형충전기|AC단상 5핀|완속|3|(주)클린이엑스|,◆4◆|지하|스탠드형충전기|AC3상 7핀|급속|1|KEPCOLUG|",6,13,없음
A12106001,510,22,미설치,설치,0,14,,입주민전용,시 분,0시 0분,시 분,23시 59분,"◆1◆|지하|벽부형충전기|AC단상 5핀|완속|12|LGU+|,◆2◆|지하|스탠드형충전기|AC단상 5핀|완속|1|한국전력|,◆3◆|지하|스탠드형충전기|AC단상 5핀|급속|1|한국전력|,◆4◆|지하|이동형충전기|AC단상 5핀|완속|10|파워큐브|",0,24,없음
A12109001,819,19,미설치,설치,0,19,,입주민전용,시 분,0시 0분,시 분,23시 59분,"◆1◆|지하|벽부형충전기|AC단상 5핀|완속|9|나이스차지|,◆2◆|지하|벽부형충전기|AC단상 5핀|완속|10|클린일렉스|",0,19,없음
A12109002,652,10,설치,설치,2,12,입주민전용,입주민전용,1시 1분,1시 1분,23시 59분,23시 29분,"◆1◆|지상|스탠드형충전기|AC단상 5핀|완속|2|이지차저|,◆2◆|지하|벽부형충전기|AC단상 5핀|완속|12|이지차저|",2,12,없음
A12111001,204,7,설치,미설치,4,0,입주민전용,,0시 0분,시 분,23시 59분,시 분,◆1◆|지상|스탠드형충전기|DC차데모 10핀|완속|4|(주)플러그링크|,4,0,없음
A12112001,289,1,미설치,미설치,0,0,,,시 분,시 분,시 분,시 분,,,,없음
A12112002,646,5,미설치,설치,0,12,,입주민전용,시 분,0시 0분,시 분,23시 59분,◆1◆|지하|벽부형충전기|AC단상 5핀|완속|12|스타코프|,0,12,없음
A12114001,651,10,미설치,설치,0,6,,입주민전용,시 분,0시 0분,시 분,24시 0분,◆1◆|지하|벽부형충전기|AC단상 5핀|완속|6|퍼스트텔레콤|,0,6,없음
A12115001,984,0,미설치,설치,0,20,,입주민전용,시 분,22시 0분,시 분,22시 0분,"◆1◆|지하|벽부형충전기|AC단상 5핀|완속|14|파워큐브|,◆2◆|지하|이동형충전기|AC단상 5핀|완속|6|파워큐브|",0,20,없음
A12119004,555,20,설치,미설치,12,0,입주민전용,,0시 0분,시 분,0시 0분,시 분,"◆1◆|지상|스탠드형충전기|AC단상 5핀|완속|2|파워큐브|,◆2◆|지상|스탠드형충전기|AC단상 5핀|완속|10|에버온|",12,0,있음
A12119006,809,10,미설치,설치,0,5,,입주민전용,시 분,0시 0분,시 분,0시 0분,◆1◆|지하|벽부형충전기|AC단상 5핀|완속|5|알박|,0,5,없음
A12119007,758,12,미설치,설치,0,13,,입주민전용,시 분,0시 0분,시 분,0시 0분,"◆1◆|지하|이동형충전기|AC단상 5핀|완속|92|파원큐브코리아|,◆2◆|지하|벽부형충전기|AC단상 5핀|완속|12|파원큐브코리아|,◆3◆|지하|스탠드형충전기|AC단상 5핀|급속|1|한전|",0,105,없음
A12123001,248,4,미설치,설치,0,4,,입주민전용,시 분,0시 0분,시 분,24시 0분,◆1◆|지하|벽부형충전기|AC단상 5핀|완속|4|나이스|,0,4,없음
A12125001,219,5,미설치,설치,0,5,,입주민전용,시 분,6시 10분,시 분,23시 50분,◆1◆|지하|벽부형충전기|직접입력|완속|5|한국전자금융(주)|,0,5,없음
A12125202,1113,15,미설치,설치,0,20,,입주민전용,시 분,0시 0분,시 분,24시 0분,"◆1◆|지하|벽부형충전기|AC단상 5핀|완속|6|(주)클린일렉스|,◆2◆|지하|벽부형충전기|AC단상 5핀|완속|14|LG U+|",0,20,없음
A12127001,642,21,미설치,설치,0,11,,입주민전용,시 분,0시 0분,시 분,0시 0분,"◆1◆|지하|벽부형충전기|AC단상 5핀|완속|10|(주)신세계아이앤씨|,◆2◆|지하|스탠드형충전기|DC콤보 7핀|급속|1|(주)신세계아이앤씨|",0,11,없음
A12127002,793,20,미설치,설치,0,15,,입주민전용,시 분,24시 0분,시 분,24시 0분,"◆1◆|지하|벽부형충전기|직접입력|완속|26|GS차지비|,◆2◆|지하|스탠드형충전기|AC3상 7핀|급속|1|아이파킹|,◆3◆|지하|스탠드형충전기|AC단상 5핀|완속|14|아이파킹|",0,41,없음
A12127003,700,50,미설치,설치,0,21,,입주민전용,시 분,0시 0분,시 분,23시 59분,"◆1◆|지하|벽부형충전기|DC차데모 10핀|급속|1|한전|,◆2◆|지하|벽부형충전기|직접입력|완속|2|한전|",0,3,없음
A12127004,723,8,미설치,설치,0,16,,입주민전용,시 분,0시 24분,시 분,0시 24분,◆1◆|지하|벽부형충전기|AC단상 5핀|완속|16|스타코프|,0,16,없음
A12127005,1000,20,미설치,설치,0,0,,입주민전용,시 분,9시 0분,시 분,9시 0분,"◆1◆|지하|이동형충전기|직접입력|완속|46|파워큐브|,◆2◆|지하|벽부형충전기|AC3상 7핀|완속|6|아이마켓코리아|",0,52,없음
A12127006,1050,15,미설치,설치,0,20,,입주민전용,시 분,0시 0분,시 분,23시 0분,"◆1◆|지하|스탠드형충전기|AC3상 7핀|완속|20|이지차저|,◆2◆|지하|벽부형충전기|직접입력|완속|2|파워큐브|",0,22,없음
A12127007,618,10,미설치,설치,0,13,,입주민전용,시 분,23시 1분,시 분,23시 1분,◆1◆|지하|벽부형충전기|AC단상 5핀|완속|13|g차저|,0,13,없음
A12127008,650,2,미설치,설치,0,32,,입주민전용,시 분,0시 0분,시 분,23시 0분,◆1◆|지하|벽부형충전기|AC3상 7핀|완속|32|스타코프|,0,32,없음
A12170401,0,0,미설치,미설치,0,0,외부인허용,외부인허용,,,,,,,,없음
A12170402,645,25,미설치,설치,0,25,입주민전용,입주민전용,,0시 0분,,23시 0분,"◆1◆|지하|벽부형충전기|AC3상 7핀|완속|5|한국전기차충전서비스|,◆2◆|지하|벽부형충전기|AC3상 7핀|완속|15|(주)지커넥트|",0,20,없음
A12170601,635,13,설치,설치,5,8,입주민전용,입주민전용,0시 23분,0시 23분,0시 23분,0시 23분,"◆1◆|지하|벽부형충전기|AC단상 5핀|완속|5|파워큐브코리아|,◆2◆|지상|스탠드형충전기|AC단상 5핀|완속|5|한국전자금융|,◆3◆|지하|벽부형충전기|AC단상 5핀|완속|3|한국전자금융|",5,8,없음
A12170602,157,0,미설치,설치,0,4,입주민전용,입주민전용,시 분,0시 0분,시 분,24시 0분,◆1◆|지하|벽부형충전기|AC단상 5핀|완속|4|지에스커넥트|,0,4,없음
A12170603,1650,10,미설치,설치,0,27,,입주민전용,시 분,24시 0분,시 분,24시 0분,"◆1◆|지하|벽부형충전기|AC단상 5핀|완속|8|주) 스타코프|,◆2◆|지하|벽부형충전기|AC단상 5핀|완속|19|한국전자금융|",0,27,없음
A12170702,630,10,미설치,설치,0,13,,입주민전용,시 분,0시 0분,시 분,0시 0분,◆1◆|지하|스탠드형충전기|AC단상 5핀|완속|13|알박|,0,13,없음
A12171101,412,11,미설치,설치,0,4,,외부인허용,시 분,0시 0분,시 분,23시 59분,◆1◆|지하|벽부형충전기|AC단상 5핀|완속|4|에버온인프라|,0,4,있음
A12171201,406,6,미설치,설치,0,7,,외부인허용,0시 0분,23시 59분,0시 0분,23시 59분,"◆1◆|지하|벽부형충전기|AC단상 5핀|완속|7|에버온|,◆2◆|지상|스탠드형충전기|AC단상 5핀|완속|9|에버온|",9,7,없음
A12172201,2,2,미설치,설치,0,2,,입주민전용,시 분,0시 1분,시 분,0시 0분,"◆1◆|지하|스탠드형충전기|AC3상 7핀|급속|1|한전|,◆2◆|지하|스탠드형충전기|AC3상 7핀|완속|1|한전|",0,2,없음
A12172401,691,5,미설치,설치,0,42,,입주민전용,시 분,0시 1분,시 분,23시 59분,"◆1◆|지하|벽부형충전기|직접입력|급속|2|한전|,◆2◆|지하|벽부형충전기|직접입력|완속|10|이지차저|,◆3◆|지하|벽부형충전기|직접입력|완속|30|스타코프|",0,42,있음
A12172402,40,0,미설치,미설치,0,0,입주민전용,,시 분,시 분,시 분,시 분,,,,없음
A12174601,1205,20,미설치,설치,0,12,,입주민전용,시 분,0시 0분,시 분,23시 59분,"◆1◆|지하|스탠드형충전기|AC단상 5핀|완속|3|켑코플러그|,◆2◆|지하|스탠드형충전기|AC단상 5핀|급속|1|켑코플러그|,◆3◆|지하|벽부형충전기|AC단상 5핀|완속|8|에버온|",0,12,없음
A12175203,4690,39,미설치,설치,0,92,,입주민전용,시 분,0시 0분,시 분,23시 59분,"◆1◆|지하|스탠드형충전기|AC단상 5핀|완속|18|한국전력|,◆2◆|지하|스탠드형충전기|AC단상 5핀|완속|74|파워큐브|",0,92,없음
A12177801,276,12,미설치,설치,0,7,,외부인허용,시 분,0시 0분,시 분,23시 59분,"◆1◆|지하|벽부형충전기|AC단상 5핀|완속|5|(주)클린일렉스|,◆2◆|지하|벽부형충전기|AC단상 5핀|완속|2|엘지유플러스|",0,7,없음
A12177802,90,2,미설치,설치,0,4,,입주민전용,시 분,23시 59분,시 분,23시 59분,◆1◆|지하|벽부형충전기|DC콤보 7핀|완속|4|지에스커넥트(주)|,0,4,없음
A12179001,347,6,미설치,설치,4,3,,입주민전용,시 분,0시 1분,시 분,23시 59분,◆1◆|지하|스탠드형충전기|AC단상 5핀|완속|2|캡코플러그|,0,2,없음
A12179002,320,1,미설치,설치,0,6,입주민전용,입주민전용,시 분,23시 59분,시 분,23시 59분,◆1◆|지하|벽부형충전기|DC콤보 7핀|급속|20|스타코프|,0,20,없음
A12179004,895,30,미설치,설치,0,19,입주민전용,입주민전용,,0시 0분,,23시 59분,◆1◆|지하|벽부형충전기|AC3상 7핀|완속|19|마포펜트라우스|,0,19,없음
A12179005,240,10,미설치,설치,0,5,,입주민전용,시 분,0시 0분,시 분,23시 0분,"◆1◆|지하|스탠드형충전기|AC단상 5핀|완속|2|한전|,◆2◆|지하|벽부형충전기|AC단상 5핀|완속|3|플러그링크|",0,5,있음
A12179501,192,4,미설치,설치,0,4,,,시 분,24시 0분,시 분,24시 0분,◆1◆|지하|벽부형충전기|AC단상 5핀|완속|4|에버온|,0,4,없음
A12179502,0,3,미설치,설치,0,2,,입주민전용,,0시 0분,,23시 0분,◆1◆|지하|벽부형충전기|AC단상 5핀|완속|2|이지차저|,0,2,없음
A12179504,1100,15,미설치,설치,0,24,,입주민전용,시 분,1시 0분,시 분,23시 59분,"◆1◆|지하|벽부형충전기|직접입력|완속|24|에버온,이지차저|",0,24,없음
A12179505,508,4,미설치,설치,0,0,,입주민전용,시 분,5시 0분,시 분,24시 0분,"◆1◆|지하|벽부형충전기|AC단상 5핀|완속|6|차지비|,◆2◆|지하|스탠드형충전기|AC단상 5핀|완속|3|차지비|",0,9,있음
A12179508,979,14,설치,설치,2,6,,,0시 0분,0시 0분,23시 59분,23시 59분,"◆1◆|지상|스탠드형충전기|AC단상 5핀|완속|2|에버온|,◆2◆|지하|벽부형충전기|AC단상 5핀|완속|6|에버온|",2,6,없음
A12180401,181,5,설치,미설치,1,0,입주민전용,,1시 1분,시 분,23시 59분,시 분,◆1◆|지상|벽부형충전기|AC3상 7핀|완속|1|파워큐브|,1,0,없음
A12180404,1,1,미설치,설치,0,2,,입주민전용,시 분,23시 0분,시 분,23시 0분,◆1◆|지하|벽부형충전기|AC단상 5핀|완속|2|플러그링크|,0,2,없음
A12180407,740,37,미설치,설치,0,14,,입주민전용,시 분,23시 59분,시 분,23시 59분,◆1◆|지하|벽부형충전기|AC단상 5핀|완속|14|에버온|,0,14,없음
A12180506,750,20,설치,설치,0,0,외부인허용,외부인허용,12시 1분,12시 1분,23시 59분,23시 59분,"◆1◆|지하|벽부형충전기|AC단상 5핀|초급속|6|(주)차지비|,◆2◆|지상|벽부형충전기|AC단상 5핀|초급속|8|(주)이지차저|",8,6,없음
A12181101,195,1,미설치,설치,0,4,,입주민전용,시 분,12시 30분,시 분,12시 30분,◆1◆|지하|벽부형충전기|AC단상 5핀|완속|4|에버온|,0,4,없음
A12181102,198,4,미설치,설치,0,4,,입주민전용,시 분,0시 0분,시 분,23시 59분,◆1◆|지하|벽부형충전기|AC단상 5핀|완속|4|에버온|,0,4,없음
A12181103,1700,30,설치,설치,24,12,입주민전용,입주민전용,24시 0분,24시 0분,24시 0분,24시 0분,"◆1◆|지상|스탠드형충전기|DC콤보 7핀|완속|24|플러그링크|,◆2◆|지하|벽부형충전기|AC단상 5핀|완속|12|플러그링크|",24,12,없음
A12181403,298,3,미설치,설치,0,0,,입주민전용,시 분,1시 30분,시 분,23시 30분,◆1◆|지하|벽부형충전기|AC단상 5핀|완속|3|(주)플러그링크|,0,3,있음
A12181404,1155,10,미설치,설치,0,10,,입주민전용,시 분,23시 0분,시 분,23시 0분,◆1◆|지하|벽부형충전기|AC단상 5핀|완속|10|에브온|,0,10,없음
A12181406,1021,15,설치,설치,1,14,입주민전용,,24시 0분,24시 0분,24시 0분,24시 0분,◆1◆|지하|벽부형충전기|AC단상 5핀|완속|15|(주)지에스커넥트|,0,15,없음
A12182101,270,4,설치,설치,5,5,입주민전용,입주민전용,0시 0분,0시 0분,0시 0분,0시 0분,"◆1◆|지상|벽부형충전기|AC단상 5핀|완속|5|이엘일렉트릭|,◆2◆|지하|벽부형충전기|AC단상 5핀|완속|5|한국전기차충전서비스|",5,5,없음
A12182401,350,2,설치,설치,4,2,입주민전용,입주민전용,24시 0분,24시 0분,24시 0분,24시 0분,◆1◆|지하|벽부형충전기|AC단상 5핀|완속|6|플러그링크|,0,6,없음
A12182901,425,7,설치,설치,7,7,,입주민전용,0시 50분,0시 50분,0시 50분,0시 50분,"◆1◆|지하|벽부형충전기|AC단상 5핀|완속|7|스타코프|,◆2◆|지상|스탠드형충전기|AC단상 5핀|완속|7|LG U+|",7,7,없음
A12184201,301,3,미설치,설치,0,10,,,시 분,0시 0분,시 분,23시 0분,◆1◆|지하|벽부형충전기|AC3상 7핀|완속|10|파워큐브|,0,10,있음
A12185001,200,4,미설치,설치,0,4,입주민전용,입주민전용,시 분,0시 0분,시 분,23시 59분,◆1◆|지하|벽부형충전기|DC콤보 7핀|완속|4|에버온|,0,4,없음
A12185003,545,1,미설치,미설치,0,0,,,시 분,시 분,시 분,시 분,,,,없음
A12185004,0,0,미설치,미설치,0,0,,,시 분,시 분,시 분,시 분,,,,없음
A12185303,1173,5,미설치,설치,0,22,,입주민전용,시 분,1시 1분,시 분,23시 1분,◆1◆|지하|벽부형충전기|AC단상 5핀|완속|22|주식회사지커넥트|,0,22,없음
A12185304,641,21,설치,미설치,11,0,입주민전용,입주민전용,0시 0분,시 분,23시 59분,시 분,◆1◆|지상|스탠드형충전기|직접입력|완속|11|에버온(주)|,11,0,없음
A12185504,303,3,미설치,설치,0,6,,,시 분,0시 0분,시 분,0시 0분,◆1◆|지하|벽부형충전기|AC3상 7핀|완속|6|에버원|,0,6,없음
A12185602,230,8,미설치,설치,0,4,,외부인허용,시 분,6시 0분,시 분,22시 0분,"◆1◆|지하|벽부형충전기|AC단상 5핀|완속|2|한국알박(주)|,◆2◆|지하|벽부형충전기|AC단상 5핀|완속|2| 서울씨엔지(주)|",0,4,없음
A12185603,0,4,미설치,설치,0,3,,입주민전용,시 분,6시 0분,시 분,6시 0분,◆1◆|지하|벽부형충전기|AC단상 5핀|완속|3|00|,0,3,없음
A12185605,388,4,미설치,미설치,0,0,,,시 분,시 분,시 분,시 분,,,,없음
A12185606,398,12,설치,미설치,18,0,외부인허용,,0시 1분,시 분,24시 0분,시 분,"◆1◆|지상|스탠드형충전기|AC단상 5핀|완속|17|스파로스|,◆2◆|지상|스탠드형충전기|DC콤보 7핀|급속|1|스파로스|",18,0,없음
A12186901,475,6,미설치,설치,0,6,,입주민전용,시 분,23시 59분,시 분,23시 59분,◆1◆|지하|벽부형충전기|직접입력|완속|6|주식회사에버온|,0,6,없음
A12187403,520,5,설치,설치,1,4,입주민전용,입주민전용,0시 0분,0시 0분,24시 0분,24시 0분,"◆1◆|지상|스탠드형충전기|AC단상 5핀|완속|1|지에스차지비주식회사|,◆2◆|지하|벽부형충전기|AC단상 5핀|완속|4|중앙제어주식회사|",1,4,없음
A12187501,750,20,미설치,설치,0,14,,입주민전용,시 분,0시 0분,시 분,0시 0분,"◆1◆|지하|벽부형충전기|AC3상 7핀|완속|9|지에스커넥트|,◆2◆|지하|스탠드형충전기|AC3상 7핀|완속|3|한전|,◆3◆|지하|스탠드형충전기|AC3상 7핀|급속|1|한전|,◆4◆|지하|스탠드형충전기|AC3상 7핀|완속|1|에브온|",0,14,없음
A12187602,533,5,미설치,설치,0,4,,,시 분,6시 1분,시 분,6시 1분,◆1◆|지하|벽부형충전기|AC단상 5핀|완속|4|한국알박(주)|,0,4,없음
A12187703,353,5,미설치,설치,0,3,입주민전용,,시 분,0시 0분,시 분,23시 0분,◆1◆|지하|벽부형충전기|직접입력|완속|3|차GB|,0,3,없음
A12187901,225,3,설치,미설치,3,0,외부인허용,,0시 0분,시 분,23시 0분,시 분,◆1◆|지상|스탠드형충전기|AC단상 5핀|완속|4|한국알박|,4,0,없음
A12187902,240,0,미설치,설치,0,4,,,시 분,1시 1분,시 분,23시 59분,◆1◆|지하|벽부형충전기|AC3상 7핀|완속|4|파워큐브|,0,4,있음
A12187904,270,10,미설치,설치,0,0,,입주민전용,시 분,0시 0분,시 분,24시 0분,◆1◆|지하|이동형충전기|AC단상 5핀|완속|25|파워큐브|,0,25,없음
A12187905,14,14,설치,설치,10,5,외부인허용,외부인허용,24시 0분,24시 0분,24시 0분,24시 0분,"◆1◆|지하|벽부형충전기|AC단상 5핀|완속|5|차지비|,◆2◆|지상|스탠드형충전기|AC단상 5핀|완속|10|LGU+|",10,5,있음
A12187906,637,15,미설치,설치,0,2,,입주민전용,시 분,24시 0분,시 분,24시 0분,"◆1◆|지하|벽부형충전기|AC단상 5핀|완속|57|스타코프|,◆2◆|지하|벽부형충전기|AC단상 5핀|완속|12|차지인|,◆3◆|지하|벽부형충전기|AC단상 5핀|완속|10|플러그링크|",0,79,없음
A12188201,281,6,미설치,설치,0,6,입주민전용,입주민전용,시 분,23시 0분,시 분,23시 0분,◆1◆|지하|벽부형충전기|AC단상 5핀|완속|20|스타코프|,0,20,없음
A12188202,0,0,미설치,미설치,0,0,,,시 분,시 분,시 분,시 분,,,,있음
A12188205,683,11,미설치,설치,0,13,,입주민전용,시 분,1시 0분,시 분,11시 0분,◆1◆|지하|스탠드형충전기|AC단상 5핀|완속|13|에버원|,0,13,없음
A12201001,0,5,설치,설치,6,6,입주민전용,입주민전용,0시 0분,0시 0분,23시 59분,23시 59분,"◆1◆|지상|벽부형충전기|AC단상 5핀|급속|6|LG유플러스|,◆2◆|지하|벽부형충전기|AC단상 5핀|급속|6|GS차지비|",6,6,있음
A12201002,1171,5,미설치,설치,0,22,,외부인허용,시 분,1시 0분,시 분,23시 0분,"◆1◆|지하|이동형충전기|AC단상 5핀|완속|10|(주)파워큐브코리아|,◆2◆|지하|이동형충전기|AC단상 5핀|완속|12|(주)에버온|",0,22,없음
A12201003,1343,26,미설치,설치,0,24,,,시 분,23시 0분,시 분,23시 0분,◆1◆|지하|벽부형충전기|AC3상 7핀|완속|24|에버온|,0,24,없음
A12201004,275,7,설치,설치,9,2,입주민전용,입주민전용,24시 0분,24시 0분,24시 0분,24시 0분,"◆1◆|지하|벽부형충전기|AC단상 5핀|완속|2|레드이엔지|,◆2◆|지상|스탠드형충전기|AC단상 5핀|완속|9|evsis|",9,2,없음
A12201005,411,4,미설치,설치,0,9,,입주민전용,시 분,0시 1분,시 분,23시 59분,◆1◆|지하|벽부형충전기|AC단상 5핀|완속|9|파워큐브|,0,9,없음
A12201101,138,0,설치,미설치,3,0,,,0시 0분,시 분,24시 0분,시 분,◆1◆|지상|스탠드형충전기|AC단상 5핀|완속|3|에버온|,3,0,없음
A12201102,300,6,미설치,미설치,6,0,,,시 분,시 분,시 분,시 분,,,,없음
A12201103,422,0,미설치,설치,0,9,,,시 분,0시 0분,시 분,24시 0분,◆1◆|지하|벽부형충전기|AC단상 5핀|완속|9|(주)LG유플러스|,0,9,없음
A12201301,155,5,설치,설치,5,2,외부인허용,입주민전용,0시 0분,0시 0분,23시 59분,23시 59분,"◆1◆|지상|스탠드형충전기|AC단상 5핀|완속|3|(주)이엘일렉트릭|,◆2◆|지하|벽부형충전기|AC단상 5핀|완속|2|(주)클린일렉스|,◆3◆|지상|스탠드형충전기|AC단상 5핀|완속|2|(주)클린일렉스|",5,2,없음
A12204001,177,1,미설치,설치,0,4,,,시 분,0시 30분,시 분,23시 30분,◆1◆|지하|벽부형충전기|AC단상 5핀|완속|4|홍앤서비스|,0,4,없음
A12204002,273,11,미설치,설치,0,6,,입주민전용,시 분,0시 0분,시 분,23시 59분,◆1◆|지하|벽부형충전기|AC단상 5핀|완속|6|에버온|,0,6,있음
A12204003,698,8,미설치,설치,0,14,,입주민전용,시 분,0시 0분,시 분,24시 0분,"◆1◆|지하|벽부형충전기|AC단상 5핀|완속|10|클린일렉스|,◆2◆|지하|벽부형충전기|AC단상 5핀|완속|4|플러그링크|",0,14,없음
A12204004,10,10,미설치,설치,0,16,,,시 분,0시 0분,시 분,23시 59분,◆1◆|지하|벽부형충전기|AC단상 5핀|완속|10|에버온|,0,10,없음
A12204006,550,20,미설치,설치,0,12,,입주민전용,시 분,0시 0분,시 분,24시 0분,◆1◆|지하|벽부형충전기|AC단상 5핀|완속|30|지에스커넥트|,0,30,없음
A12204102,759,21,설치,설치,15,6,입주민전용,입주민전용,0시 24분,0시 24분,0시 24분,0시 24분,"◆1◆|지상|벽부형충전기|AC단상 5핀|완속|15|플러그링크|,◆2◆|지하|벽부형충전기|AC단상 5핀|완속|6|플러그링크|",15,6,없음
A12205001,236,3,설치,설치,6,5,,입주민전용,24시 0분,24시 0분,24시 0분,24시 0분,"◆1◆|지상|스탠드형충전기|AC단상 5핀|완속|6|플러그링크|,◆2◆|지하|벽부형충전기|AC단상 5핀|완속|5|ULVAC|",6,5,없음
A12205003,388,2,미설치,설치,0,8,입주민전용,입주민전용,시 분,1시 0분,시 분,4시 0분,◆1◆|지하|벽부형충전기|DC콤보 7핀|완속|8|한국전기자동차충전서|,0,8,없음
A12205004,409,4,설치,설치,8,0,입주민전용,입주민전용,24시 0분,24시 0분,24시 0분,24시 0분,"◆1◆|지상|스탠드형충전기|AC단상 5핀|완속|8|에버온|,◆2◆|지하|이동형충전기|직접입력|완속|20|파워큐브|",8,20,없음
A12208001,234,4,미설치,설치,0,5,,입주민전용,시 분,1시 1분,시 분,23시 59분,"◆1◆|지하|벽부형충전기|AC단상 5핀|완속|10|지에스차지비(주)|,◆2◆|지하|벽부형충전기|AC3상 7핀|완속|4|플러그링크|",0,14,없음
A12208002,290,5,설치,설치,3,3,입주민전용,입주민전용,24시 0분,24시 0분,24시 0분,24시 0분,"◆1◆|지하|벽부형충전기|AC단상 5핀|완속|3|에버온|,◆2◆|지상|스탠드형충전기|AC단상 5핀|완속|3|에버온|",3,3,없음
A12208101,158,4,미설치,설치,0,3,입주민전용,입주민전용,시 분,23시 59분,시 분,23시 59분,◆1◆|지하|벽부형충전기|AC단상 5핀|완속|3|GS차지비|,0,3,없음
A12208102,277,8,미설치,설치,0,3,,입주민전용,시 분,0시 0분,시 분,23시 0분,◆1◆|지하|벽부형충전기|AC단상 5핀|완속|3|차지비|,0,3,없음
A12208103,334,6,미설치,설치,0,7,,입주민전용,시 분,24시 0분,시 분,24시 0분,"◆1◆|지하|벽부형충전기|AC단상 5핀|완속|7|에버원3대, 플렁크링크 4대|,◆2◆|지하|이동형충전기|AC단상 5핀|완속|20|스타코프|",0,27,없음
A12208104,330,3,설치,미설치,89,121,외부인허용,,0시 1분,시 분,24시 0분,시 분,◆1◆|지상|벽부형충전기|AC단상 5핀|완속|4|GS CHARGEV|,4,0,없음
A12208105,405,2,설치,설치,5,3,입주민전용,입주민전용,1시 0분,1시 0분,12시 0분,12시 0분,"◆1◆|지하|벽부형충전기|DC차데모 10핀|완속|3|한국알박(주)|,◆2◆|지상|벽부형충전기|AC단상 5핀|완속|5|lg u+|",5,3,없음
A12208203,200,3,설치,미설치,3,0,입주민전용,,0시 1분,시 분,23시 59분,시 분,◆1◆|지상|벽부형충전기|AC단상 5핀|완속|3|LGU+|,3,0,없음
A12208204,520,6,설치,미설치,6,0,입주민전용,입주민전용,0시 1분,시 분,24시 0분,시 분,◆1◆|지상|스탠드형충전기|AC단상 5핀|완속|6|서울 ev|,6,0,없음
A12208205,544,0,미설치,미설치,0,0,,,,,,,,,,없음
A12209001,232,10,설치,미설치,6,0,입주민전용,입주민전용,0시 0분,시 분,24시 0분,시 분,◆1◆|지상|스탠드형충전기|AC3상 7핀|완속|6|플러그링크|,6,0,없음
A12220001,245,3,미설치,설치,0,3,,,시 분,0시 0분,시 분,0시 0분,◆1◆|지하|이동형충전기|AC단상 5핀|완속|5|파워큐브코리아|,0,5,있음
A12220002,440,22,미설치,설치,0,12,,외부인허용,시 분,0시 1분,시 분,23시 59분,◆1◆|지하|벽부형충전기|AC3상 7핀|완속|8|파워큐브|,0,8,없음
A12220003,434,11,미설치,설치,0,11,,외부인허용,시 분,23시 0분,시 분,23시 0분,◆1◆|지하|벽부형충전기|AC단상 5핀|완속|11|에버온|,0,11,없음
A12220004,577,50,미설치,설치,0,18,,입주민전용,시 분,0시 1분,시 분,23시 59분,◆1◆|지하|벽부형충전기|DC콤보 7핀|완속|18|LG|,0,18,없음
A12220005,662,29,미설치,설치,0,16,,,시 분,0시 0분,시 분,23시 59분,◆1◆|지하|벽부형충전기|AC단상 5핀|완속|16|헬로플러그인|,0,16,없음
A12271402,5,3,미설치,설치,0,5,,입주민전용,시 분,23시 59분,시 분,23시 59분,◆1◆|지하|벽부형충전기|AC단상 5핀|완속|5|이지차저|,0,5,없음
A12275201,776,0,미설치,설치,0,8,,,시 분,0시 0분,시 분,23시 59분,◆1◆|지하|벽부형충전기|DC콤보 7핀|완속|8|에버온|,0,8,없음
A12275202,1167,10,미설치,설치,0,5,,입주민전용,시 분,12시 1분,시 분,12시 1분,"◆1◆|지하|벽부형충전기|직접입력|완속|10|(주)에버온,스타코프,파워큐브코리사|",0,10,없음
A12275501,209,16,미설치,설치,0,5,,입주민전용,시 분,0시 0분,시 분,24시 0분,◆1◆|지하|벽부형충전기|AC단상 5핀|완속|5|(주)파워큐브코리아|,0,5,없음
A12276901,80,0,미설치,미설치,0,0,입주민전용,입주민전용,시 분,시 분,시 분,시 분,,,,없음
A12281701,251,5,미설치,설치,0,5,,입주민전용,시 분,0시 1분,시 분,23시 59분,◆1◆|지하|벽부형충전기|직접입력|완속|5|차지비|,0,5,없음
A12281702,286,0,미설치,미설치,0,0,입주민전용,,시 분,시 분,시 분,시 분,,,,없음
A12281801,231,0,설치,미설치,5,0,,입주민전용,,시 분,,시 분,◆1◆|지상|스탠드형충전기||완속|5|LG유플러스|,5,0,없음
A12282102,240,4,미설치,설치,0,5,,입주민전용,시 분,0시 0분,시 분,0시 0분,"◆1◆|지하|벽부형충전기|AC단상 5핀|완속|5|차지비|,◆2◆|지하|벽부형충전기|AC단상 5핀|완속|22|스타코프|",0,27,없음
A12282203,475,13,미설치,설치,0,13,,입주민전용,시 분,1시 1분,시 분,23시 59분,◆1◆|지하|벽부형충전기|AC단상 5핀|완속|13|GS차지비|,0,13,없음
A12283601,171,0,미설치,미설치,0,0,,,시 분,시 분,시 분,시 분,,,,없음
A12283602,331,6,설치,미설치,8,0,입주민전용,,12시 12분,시 분,12시 12분,시 분,◆1◆|지상|스탠드형충전기|직접입력|완속|8|LGU+|,8,0,없음
A12283603,387,12,미설치,설치,0,5,,입주민전용,시 분,0시 0분,시 분,23시 59분,"◆1◆|지하|벽부형충전기|AC단상 5핀|완속|5|엘지유플러스볼트업|,◆2◆|지하|이동형충전기|DC콤보 7핀|완속|6|스타코프|",0,11,없음
A12284501,334,7,미설치,설치,0,7,입주민전용,입주민전용,시 분,0시 1분,시 분,23시 59분,◆1◆|지하|벽부형충전기|AC단상 5핀|완속|7|차지비|,0,7,없음
A12284701,5,1,미설치,설치,0,5,,입주민전용,시 분,0시 0분,시 분,23시 0분,◆1◆|지하|벽부형충전기|AC3상 7핀|완속|5|sk호맨서비스|,0,5,없음
A12285703,990,0,미설치,미설치,0,0,,,시 분,시 분,시 분,시 분,,,,없음
A12287202,293,2,미설치,설치,0,6,,외부인허용,시 분,0시 0분,시 분,24시 0분,"◆1◆|지하|벽부형충전기|AC3상 7핀|완속|4|주식회사 차지인|,◆2◆|지하|벽부형충전기|AC3상 7핀|완속|11|(주)엘지유플러스|",0,15,없음
A12287203,289,0,미설치,미설치,0,0,입주민전용,입주민전용,시 분,시 분,시 분,시 분,,,,없음
A12287204,20,10,미설치,설치,0,20,,입주민전용,시 분,1시 1분,시 분,23시 59분,◆1◆|지하|벽부형충전기|AC단상 5핀|급속|20|차지비|,0,20,없음
A12289401,180,0,미설치,미설치,6,0,입주민전용,,시 분,시 분,시 분,시 분,,,,없음
A12289402,175,9,미설치,설치,0,4,,입주민전용,시 분,0시 24분,시 분,0시 24분,◆1◆|지하|벽부형충전기|AC단상 5핀|완속|4|(주)클린일렉스|,0,4,없음
A12289501,475,10,미설치,미설치,0,0,,,시 분,시 분,시 분,시 분,,,,없음
A12290901,965,24,미설치,설치,0,20,,입주민전용,시 분,23시 55분,시 분,23시 55분,"◆1◆|지하|벽부형충전기|AC3상 7핀|완속|10|주식회사 에버온|,◆2◆|지하|벽부형충전기|AC3상 7핀|완속|10|(주)파워큐브코리아|",0,20,없음
A12293002,301,12,설치,미설치,2,0,입주민전용,,23시 50분,시 분,23시 5분,시 분,◆1◆|지상|벽부형충전기|AC단상 5핀|완속|2|에버온|,2,0,없음
A12294102,599,11,설치,설치,5,15,입주민전용,입주민전용,23시 30분,23시 30분,23시 30분,23시 30분,"◆1◆|지하|벽부형충전기|AC단상 5핀|완속|15|LGU+|,◆2◆|지상|벽부형충전기|AC단상 5핀|완속|5|LGU+|",5,15,없음
A13002002,975,7,미설치,설치,0,24,,입주민전용,시 분,0시 0분,시 분,23시 0분,◆1◆|지하|벽부형충전기|직접입력|완속|23|홈앤서비스|,0,23,없음
A13003002,482,0,미설치,미설치,0,0,,,시 분,시 분,시 분,시 분,,,,없음
A13003003,639,15,설치,설치,6,6,입주민전용,입주민전용,0시 1분,0시 1분,23시 59분,23시 59분,"◆1◆|지상|벽부형충전기|AC단상 5핀|완속|6|서울씨엔지(주)|,◆2◆|지하|벽부형충전기|AC단상 5핀|완속|6|지에스커넥트|",6,6,없음
A13003005,867,20,미설치,설치,0,35,,,시 분,0시 1분,시 분,23시 59분,◆1◆|지하|벽부형충전기|직접입력|완속|35|sk|,0,35,없음
A13003007,3300,68,미설치,설치,0,64,,입주민전용,시 분,24시 0분,시 분,24시 0분,"◆1◆|지하|벽부형충전기|AC단상 5핀|완속|29|나이스차저|,◆2◆|지하|벽부형충전기|AC단상 5핀|완속|29|GS차지비|,◆3◆|지하|스탠드형충전기|AC단상 5핀|완속|4|캡코플러그|,◆4◆|지하|스탠드형충전기|DC콤보 7핀|급속|2|캡코플러그|",0,64,있음
A13003201,758,10,설치,설치,17,2,입주민전용,입주민전용,0시 0분,0시 0분,0시 0분,0시 0분,"◆1◆|지하|벽부형충전기|AC단상 5핀|완속|2|파워큐브|,◆2◆|지상|스탠드형충전기|AC단상 5핀|완속|17|에버온|",17,2,없음
A13003202,1383,32,미설치,설치,0,2,,,시 분,0시 0분,시 분,24시 0분,"◆1◆|지하|스탠드형충전기|직접입력|급속|1|한국전력공사|,◆2◆|지하|스탠드형충전기|직접입력|완속|1|한국전력공사|",0,2,없음
A13003402,282,4,설치,미설치,7,0,입주민전용,,0시 0분,시 분,0시 0분,시 분,"◆1◆|지상|벽부형충전기|AC단상 5핀|완속|3|차지비|,◆2◆|지상|스탠드형충전기|AC단상 5핀|완속|4|한화모티브|",7,0,없음
A13003404,574,0,설치,미설치,8,0,,,0시 0분,시 분,24시 0분,시 분,◆1◆|지상|스탠드형충전기|AC단상 5핀|완속|8|나이스|,8,0,없음
A13003405,469,4,설치,미설치,0,0,입주민전용,,0시 0분,,23시 59분,,◆1◆|지상|벽부형충전기|AC3상 7핀|완속|4|한국알박|,4,0,없음
A13003406,944,39,미설치,설치,17,17,외부인허용,입주민전용,시 분,0시 1분,시 분,23시 59분,"◆1◆|지하|스탠드형충전기|DC차데모 10핀|완속|17|GS차지비(주)|,◆2◆|지하|벽부형충전기|DC차데모 10핀|완속|17|파워규브코리아|",0,34,없음
A13006002,279,1,미설치,설치,0,3,,입주민전용,시 분,1시 1분,시 분,23시 59분,◆1◆|지하|벽부형충전기|AC단상 5핀|완속|3|(주)크린일렉스|,0,3,없음
A13006003,347,8,미설치,설치,0,7,,입주민전용,시 분,0시 0분,시 분,23시 0분,◆1◆|지하|이동형충전기|AC단상 5핀|완속|7|파워큐브코리아|,0,7,없음
A13006101,1264,20,설치,설치,10,10,입주민전용,입주민전용,0시 0분,0시 0분,0시 0분,0시 0분,"◆1◆|지상|벽부형충전기|AC단상 5핀|완속|10|에버온|,◆2◆|지하|벽부형충전기|AC단상 5핀|완속|10|에버온|",10,10,없음
A13007001,415,7,미설치,설치,0,4,,입주민전용,시 분,23시 10분,시 분,23시 10분,◆1◆|지하|벽부형충전기|AC3상 7핀|완속|4|클린일렉스|,0,4,없음
A13007002,353,0,미설치,설치,0,9,,외부인허용,시 분,24시 0분,시 분,24시 0분,◆1◆|지하|벽부형충전기|AC단상 5핀|완속|9|이브이시스(주)|,0,9,없음
A13007004,718,10,설치,미설치,9,0,입주민전용,,24시 0분,시 분,24시 0분,시 분,◆1◆|지상|벽부형충전기|AC단상 5핀|완속|9|나이스차저|,9,0,없음
A13008001,0,0,설치,미설치,6,0,,,24시 0분,시 분,24시 0분,시 분,◆1◆|지상|스탠드형충전기|AC단상 5핀|완속|6|차재비|,6,0,없음
A13009001,596,5,설치,설치,12,8,입주민전용,입주민전용,23시 59분,23시 59분,23시 59분,23시 59분,"◆1◆|지상|스탠드형충전기|AC단상 5핀|완속|4|지에스차지비|,◆2◆|지하|벽부형충전기|AC단상 5핀|완속|3|지에스차지비|,◆3◆|지하|벽부형충전기|AC단상 5핀|완속|5|성원이엔씨|,◆4◆|지상|스탠드형충전기|AC단상 5핀|완속|8|플러그링크|",12,8,없음
A13009002,1849,14,설치,설치,3,64,입주민전용,입주민전용,0시 0분,23시 0분,0시 0분,23시 0분,"◆1◆|지하|벽부형충전기|직접입력|완속|50|스타코프|,◆2◆|지하|스탠드형충전기|직접입력|급속|1|한전|,◆3◆|지하|스탠드형충전기|직접입력|완속|4|한전|,◆4◆|지상|스탠드형충전기|직접입력|완속|3|gs커넥트|,◆5◆|지하|스탠드형충전기|직접입력|완속|9|gs커넥트|",3,64,없음
A13009003,530,5,미설치,설치,0,9,,입주민전용,시 분,0시 1분,시 분,24시 0분,"◆1◆|지하|스탠드형충전기|DC차데모 10핀|급속|1|에버온|,◆2◆|지하|벽부형충전기|AC단상 5핀|완속|9|에버온|",0,10,없음
A13009101,265,2,설치,설치,5,3,외부인허용,외부인허용,1시 1분,1시 1분,23시 55분,23시 55분,"◆1◆|지상|벽부형충전기|AC단상 5핀|완속|5|g차져|,◆2◆|지하|벽부형충전기|AC단상 5핀|완속|3|g차져|",5,3,없음
A13009202,290,12,미설치,설치,0,6,,입주민전용,시 분,0시 0분,시 분,0시 0분,"◆1◆|지하|벽부형충전기|AC단상 5핀|완속|2|한국알박|,◆2◆|지하|벽부형충전기|AC단상 5핀|완속|4|KEVIT|",0,6,있음
A13009206,610,10,미설치,설치,0,10,입주민전용,입주민전용,시 분,0시 0분,시 분,23시 59분,"◆1◆|지하|스탠드형충전기|AC단상 5핀|급속|1|한전|,◆2◆|지하|스탠드형충전기|AC단상 5핀|완속|7|GS차지비|,◆3◆|지하|벽부형충전기|AC단상 5핀|완속|2|GS차지비|",0,10,없음
A13010001,244,4,설치,설치,9,6,입주민전용,입주민전용,0시 0분,0시 0분,0시 0분,0시 0분,"◆1◆|지상|스탠드형충전기|AC단상 5핀|완속|9|플러그링크|,◆2◆|지하|벽부형충전기|AC단상 5핀|완속|2|(주)차지인|,◆3◆|지하|벽부형충전기|AC단상 5핀|완속|4|(주)차지인|",9,6,없음
A13010002,380,3,미설치,설치,0,6,,입주민전용,시 분,0시 0분,시 분,23시 59분,◆1◆|지하|벽부형충전기|AC단상 5핀|완속|6|에버온|,0,6,있음
A13010003,270,0,미설치,미설치,0,0,,외부인허용,시 분,시 분,시 분,시 분,,,,없음
A13010004,1164,0,미설치,설치,0,11,,입주민전용,시 분,23시 23분,시 분,23시 23분,◆1◆|지하|벽부형충전기|AC단상 5핀|완속|8|.|,0,8,없음
A13010005,2318,281,설치,설치,42,10,입주민전용,입주민전용,0시 0분,0시 0분,23시 59분,23시 59분,"◆1◆|지하|벽부형충전기|AC단상 5핀|완속|10|에버온|,◆2◆|지상|스탠드형충전기|AC단상 5핀|완속|42|플러그링크|",42,10,있음
A13010006,3053,10,미설치,설치,0,60,,입주민전용,시 분,0시 0분,시 분,0시 0분,"◆1◆|지하|벽부형충전기|AC3상 7핀|완속|40|홈앤서비스sk브로드|,◆2◆|지하|벽부형충전기|AC단상 5핀|급속|20|홈앤서비스sk브로|",0,60,있음
A13070101,228,5,미설치,설치,0,5,,입주민전용,시 분,0시 0분,시 분,23시 59분,◆1◆|지하|벽부형충전기|AC단상 5핀|완속|5|(주)에버온|,0,5,없음
A13070301,1016,30,미설치,설치,0,26,,입주민전용,시 분,0시 0분,시 분,23시 59분,"◆1◆|지하|벽부형충전기|AC단상 5핀|완속|9|나이스차저|,◆2◆|지하|벽부형충전기|AC단상 5핀|완속|11|현대엔지니어링|,◆3◆|지하|벽부형충전기|AC단상 5핀|완속|6|에버온|",0,26,있음
A13070302,147,0,미설치,설치,0,4,,외부인허용,시 분,0시 0분,시 분,23시 0분,◆1◆|지하|벽부형충전기|AC3상 7핀|완속|4|(주)에버온|,0,4,없음
A13071201,150,0,미설치,미설치,0,0,,,시 분,시 분,시 분,시 분,,,,없음
A13071301,46,0,미설치,미설치,0,0,,,시 분,시 분,시 분,시 분,,,,없음
A13071302,3037,29,미설치,설치,0,59,,입주민전용,시 분,23시 59분,시 분,23시 59분,◆1◆|지하|벽부형충전기|AC단상 5핀|완속|59|(주)이지차저|,0,59,없음
A13075402,600,7,미설치,설치,0,11,,입주민전용,시 분,0시 1분,시 분,23시 59분,"◆1◆|지하|스탠드형충전기|AC단상 5핀|급속|1|한국전력|,◆2◆|지하|스탠드형충전기|AC단상 5핀|완속|2|한국전력|,◆3◆|지하|벽부형충전기|AC단상 5핀|완속|8|LG유플러스볼트업|",0,11,없음
A13075403,162,0,미설치,미설치,0,0,,,시 분,시 분,시 분,시 분,,,,없음
A13075404,148,1,설치,미설치,6,0,외부인허용,,1시 1분,시 분,23시 59분,시 분,◆1◆|지상|벽부형충전기|AC단상 5핀|완속|6|에버원|,6,0,없음
A13075405,0,0,미설치,미설치,6,0,,외부인허용,시 분,시 분,시 분,시 분,,,,없음
A13076801,650,10,미설치,설치,0,10,입주민전용,입주민전용,시 분,23시 59분,시 분,23시 59분,◆1◆|지하|벽부형충전기|AC3상 7핀|완속|10|차지비|,0,10,없음
A13077201,114,2,미설치,설치,0,3,,입주민전용,시 분,0시 24분,시 분,0시 24분,◆1◆|지하|벽부형충전기|AC단상 5핀|완속|3|한국전기차인프라기술|,0,3,없음
A13077702,353,0,미설치,설치,0,7,외부인허용,입주민전용,시 분,0시 0분,시 분,0시 0분,◆1◆|지하|벽부형충전기|AC단상 5핀|완속|7|(주)서울씨엔지|,0,7,없음
A13077703,290,2,설치,설치,7,8,,,0시 0분,0시 0분,23시 59분,23시 59분,"◆1◆|지하|벽부형충전기|AC단상 5핀|완속|8|(주)지에스커넥트|,◆2◆|지상|벽부형충전기|AC단상 5핀|완속|7|플러그링크|",7,8,없음
A13078301,350,1,미설치,설치,0,8,,입주민전용,시 분,0시 0분,시 분,23시 59분,"◆1◆|지하|벽부형충전기|AC단상 5핀|완속|3|(주)지엔텔|,◆2◆|지하|벽부형충전기|AC단상 5핀|완속|5|플러그링크|",0,8,없음
A13078701,207,4,미설치,설치,0,6,,입주민전용,시 분,23시 59분,시 분,23시 59분,"◆1◆|지하|벽부형충전기|AC단상 5핀|완속|4|(주)에버온|,◆2◆|지하|벽부형충전기|AC단상 5핀|완속|2|(주)파워큐브코리아|",0,6,없음
A13079401,62,1,설치,미설치,3,0,외부인허용,,9시 0분,시 분,8시 59분,시 분,◆1◆|지상|스탠드형충전기|AC단상 5핀|완속|3|(주)에버온|,3,0,없음
A13079402,78,1,미설치,설치,0,2,,외부인허용,시 분,0시 0분,시 분,23시 59분,◆1◆|지하|스탠드형충전기|AC3상 7핀|완속|2|레드이엔지|,0,2,없음
A13079403,71,0,미설치,설치,0,2,,외부인허용,시 분,23시 59분,시 분,23시 59분,◆1◆|지하|벽부형충전기|AC단상 5핀|완속|2|(주)에버온|,0,2,없음
A13080201,396,5,미설치,설치,0,9,,입주민전용,시 분,0시 0분,시 분,23시 59분,◆1◆|지하|벽부형충전기|AC단상 5핀|완속|9|지앤텔|,0,9,없음
A13080702,170,0,미설치,미설치,0,0,,,시 분,시 분,시 분,시 분,,,,없음
A13080801,261,5,미설치,설치,0,5,,입주민전용,시 분,0시 0분,시 분,23시 59분,◆1◆|지하|벽부형충전기|AC단상 5핀|완속|5|(주)엘지헬로비전|,0,5,없음
A13082501,352,6,설치,미설치,7,0,,입주민전용,24시 0분,시 분,24시 0분,시 분,◆1◆|지상|벽부형충전기|AC단상 5핀|완속|7|한국전기차충전서비스(주)|,7,0,없음
A13082502,331,9,미설치,설치,0,9,,입주민전용,시 분,0시 0분,시 분,0시 0분,◆1◆|지하|벽부형충전기|AC단상 5핀|완속|9|한국전기차인프라기술|,0,9,없음
A13082702,621,5,미설치,설치,0,6,,입주민전용,,0시 0분,,0시 0분,◆1◆|지하|벽부형충전기|AC3상 7핀|완속|6|한국충전기|,0,6,없음
A13082703,623,0,미설치,설치,0,5,,입주민전용,시 분,1시 0분,시 분,23시 59분,◆1◆|지하|벽부형충전기|AC단상 5핀|완속|5|에버온|,0,5,없음
A13082704,1400,40,설치,설치,2,28,외부인허용,외부인허용,0시 0분,0시 0분,0시 0분,23시 0분,"◆1◆|지하|벽부형충전기|AC3상 7핀|완속|25|에버온|,◆2◆|지상|스탠드형충전기|AC3상 7핀|완속|2|에버온|,◆3◆|지하|스탠드형충전기|AC단상 5핀|완속|2|한국전력|,◆4◆|지하|스탠드형충전기|AC단상 5핀|급속|1|한국전력|",2,28,없음
A13082805,1672,6,미설치,설치,0,32,,,시 분,0시 0분,시 분,23시 59분,◆1◆|지하|스탠드형충전기|AC단상 5핀|완속|32|voltup|,0,32,없음
A13083102,765,5,미설치,설치,0,10,입주민전용,입주민전용,시 분,24시 0분,시 분,24시 0분,◆1◆|지하|벽부형충전기|AC단상 5핀|완속|10|알박|,0,10,있음
A13084101,710,20,미설치,설치,0,8,입주민전용,,시 분,0시 0분,시 분,23시 59분,◆1◆|지하|벽부형충전기|AC단상 5핀|완속|14|(주)에버온|,0,14,없음
A13084701,347,2,미설치,설치,0,3,,,시 분,6시 0분,시 분,23시 0분,◆1◆|지하|스탠드형충전기|AC단상 5핀|완속|3|(주)에버온|,0,3,없음
A13084802,325,2,설치,설치,5,2,입주민전용,입주민전용,0시 0분,0시 0분,24시 59분,24시 59분,"◆1◆|지하|벽부형충전기|직접입력|완속|2|에버온|,◆2◆|지상|스탠드형충전기|직접입력|완속|5|에버온|",5,2,없음
A13084803,1369,35,미설치,설치,0,5,입주민전용,입주민전용,시 분,0시 0분,시 분,24시 0분,◆1◆|지하|벽부형충전기|AC단상 5핀|완속|5|파워큐브코리아|,0,5,없음
A13084804,1922,23,미설치,설치,0,10,,입주민전용,시 분,0시 0분,시 분,23시 0분,"◆1◆|지하|벽부형충전기|AC단상 5핀|급속|8|차즈비|,◆2◆|지하|스탠드형충전기|AC3상 7핀|급속|2|한국전력|",0,10,없음
A13085301,636,16,미설치,설치,0,12,,입주민전용,시 분,0시 0분,시 분,23시 59분,◆1◆|지하|벽부형충전기|AC단상 5핀|완속|10|대영채비|,0,10,없음
A13085901,0,6,미설치,설치,0,3,,입주민전용,시 분,0시 0분,시 분,24시 0분,◆1◆|지하|벽부형충전기|AC단상 5핀|급속|3|(주)이지차저|,0,3,없음
A13085902,2,2,미설치,미설치,0,0,,,시 분,시 분,시 분,시 분,,,,있음
A13086101,1041,9,미설치,설치,0,18,,입주민전용,시 분,24시 0분,시 분,24시 0분,◆1◆|지하|벽부형충전기|AC단상 5핀|완속|18|GS커넥트|,0,18,있음
A13086701,245,0,설치,미설치,1,0,입주민전용,,0시 0분,시 분,23시 0분,시 분,◆1◆|지상|스탠드형충전기|직접입력|완속|1|skon|,1,0,없음
A13086703,164,4,설치,미설치,4,0,입주민전용,,0시 0분,시 분,23시 0분,시 분,◆1◆|지상|스탠드형충전기|AC단상 5핀|완속|4|에버원|,4,0,없음
A13086704,1218,6,미설치,설치,0,10,,입주민전용,시 분,1시 0분,시 분,23시 59분,◆1◆|지하|벽부형충전기|직접입력|완속|10|파워큐브|,0,10,없음
A13086705,1060,66,설치,미설치,16,0,입주민전용,,0시 0분,시 분,0시 0분,시 분,"◆1◆|지상|스탠드형충전기|직접입력|완속|11|이엘일렉트랙|,◆2◆|지상|스탠드형충전기|직접입력|완속|5|에버온|",16,0,없음
A13086802,365,4,미설치,설치,0,9,,외부인허용,시 분,0시 0분,시 분,23시 59분,"◆1◆|지하|벽부형충전기|AC단상 5핀|완속|9|에버온인프라|,◆2◆|지하|벽부형충전기|AC단상 5핀|급속|15|홈앤서비스|",0,24,있음
A13087201,688,0,미설치,미설치,0,0,,,시 분,시 분,시 분,시 분,,,,없음
A13087401,157,4,설치,미설치,4,0,입주민전용,,0시 0분,시 분,24시 0분,시 분,◆1◆|지상|스탠드형충전기|직접입력|완속|4|에버온|,4,0,없음
A13087405,473,6,미설치,설치,0,9,,입주민전용,시 분,24시 0분,시 분,24시 0분,"◆1◆|지하|벽부형충전기|AC3상 7핀|완속|7|한국전자금융(주)|,◆2◆|지하|스탠드형충전기|DC콤보 7핀|완속|2|한국전력|",0,9,있음
A13087407,714,0,미설치,설치,0,0,,,시 분,23시 0분,시 분,23시 24분,"◆1◆|지하|벽부형충전기|AC단상 5핀|급속|1|(주)지엔텔|,◆2◆|지하|벽부형충전기|AC단상 5핀|완속|2|(주)지엔텔|,◆3◆|지하|벽부형충전기|AC단상 5핀|완속|12|지에스커넥트(주)|",0,15,없음
A13113001,264,2,미설치,설치,0,2,,입주민전용,시 분,23시 0분,시 분,23시 0분,"◆1◆|지하|벽부형충전기|AC단상 5핀|완속|2|파워큐브코리아|,◆2◆|지하|이동형충전기|직접입력|완속|6|파워큐브코리아|",0,8,없음
A13113002,361,2,미설치,설치,0,7,입주민전용,입주민전용,시 분,0시 1분,시 분,23시 59분,◆1◆|지하|벽부형충전기|직접입력|완속|7|에버온|,0,7,없음
A13113003,3,3,설치,설치,6,3,,입주민전용,0시 0분,0시 0분,24시 0분,24시 0분,"◆1◆|지하|벽부형충전기|DC콤보 7핀|완속|3|주식회사 차지비|,◆2◆|지상|스탠드형충전기|DC콤보 7핀|완속|6|에버온|",6,3,없음
A13113004,970,35,미설치,설치,0,39,,입주민전용,시 분,0시 0분,시 분,0시 0분,"◆1◆|지하|벽부형충전기|AC단상 5핀|완속|10|지에스커넥트|,◆2◆|지하|벽부형충전기|AC단상 5핀|완속|30|엠에스텍|",0,40,없음
A13113006,249,5,미설치,설치,0,6,입주민전용,입주민전용,시 분,0시 0분,시 분,23시 59분,◆1◆|지하|벽부형충전기|직접입력|완속|6|클린 일렉스|,0,6,없음
A13113007,2221,100,미설치,설치,0,92,,입주민전용,시 분,0시 1분,시 분,23시 59분,"◆1◆|지하|벽부형충전기|AC단상 5핀|완속|70|파워큐브|,◆2◆|지하|벽부형충전기|AC단상 5핀|완속|92|한국전자금융|",0,162,없음
A13113008,0,20,미설치,설치,0,29,,입주민전용,시 분,1시 0분,시 분,23시 0분,◆1◆|지하|벽부형충전기|AC단상 5핀|완속|29|에버온|,0,29,없음
A13114002,885,16,미설치,설치,0,16,,입주민전용,시 분,0시 0분,시 분,23시 59분,"◆1◆|지하|벽부형충전기|AC3상 7핀|완속|5|파워큐브코리아|,◆2◆|지하|벽부형충전기|AC3상 7핀|완속|11|에버온|",0,16,없음
A13114103,225,4,미설치,설치,0,4,입주민전용,입주민전용,시 분,0시 0분,시 분,0시 0분,◆1◆|지하|벽부형충전기|직접입력|완속|4|.|,0,4,없음
A13114106,260,10,미설치,설치,0,8,입주민전용,입주민전용,시 분,9시 0분,시 분,18시 0분,◆1◆|지하|벽부형충전기|AC단상 5핀|완속|8|GS 컨넥트|,0,8,없음
A13114201,193,0,미설치,설치,0,15,입주민전용,입주민전용,시 분,0시 0분,시 분,23시 59분,"◆1◆|지하|벽부형충전기|AC단상 5핀|완속|5|(주) 지에스커넥트|,◆2◆|지하|이동형충전기|AC단상 5핀|완속|10|(주) 스타코프|",0,15,없음
A13120001,5,5,미설치,설치,0,5,,,시 분,0시 0분,시 분,23시 59분,◆1◆|지하|벽부형충전기|직접입력|완속|5|에버온|,0,5,없음
A13120403,448,2,미설치,미설치,0,0,,,시 분,시 분,시 분,시 분,,,,없음
A13120701,210,6,미설치,설치,0,4,,입주민전용,시 분,1시 1분,시 분,23시 59분,"◆1◆|지하|벽부형충전기|직접입력|완속|2|(주)차지비|,◆2◆|지하|벽부형충전기|직접입력|완속|2|(주)차지비|",0,4,있음
A13120704,214,4,설치,설치,2,5,외부인허용,외부인허용,0시 0분,0시 0분,23시 59분,23시 59분,"◆1◆|지하|벽부형충전기|AC단상 5핀|완속|2|차지비|,◆2◆|지하|벽부형충전기|AC단상 5핀|완속|3|한국전자금융|,◆3◆|지상|스탠드형충전기|AC단상 5핀|완속|2|한국전자금융|",2,5,없음
A13122001,597,8,미설치,설치,0,10,,,시 분,0시 0분,시 분,0시 0분,◆1◆|지하|벽부형충전기|직접입력|완속|10|(주)지에스커넥트|,0,10,없음
A13122002,819,10,설치,미설치,15,0,입주민전용,,23시 59분,시 분,23시 59분,시 분,"◆1◆|지상|벽부형충전기|AC단상 5핀|완속|10|한국전기차충전서비스|,◆2◆|지상|벽부형충전기|AC단상 5핀|완속|5|나이스차저|",15,0,없음
A13122104,10,13,미설치,설치,0,13,,입주민전용,시 분,23시 23분,시 분,23시 23분,◆1◆|지하|벽부형충전기|DC콤보 7핀|완속|13|파워큐브외2개사|,0,13,없음
A13123001,191,5,미설치,설치,5,0,,입주민전용,시 분,8시 30분,시 분,11시 30분,◆1◆|지하|벽부형충전기|직접입력|완속|5|스타코프|,0,5,없음
A13123002,513,17,미설치,설치,0,18,,입주민전용,시 분,1시 1분,시 분,23시 59분,"◆1◆|지하|벽부형충전기|AC단상 5핀|완속|18|나이스차저|,◆2◆|지하|벽부형충전기|직접입력|완속|20|스타코프|",0,38,없음
A13123101,185,5,미설치,설치,0,4,,,시 분,1시 30분,시 분,1시 30분,◆1◆|지하|벽부형충전기|AC단상 5핀|완속|4|g|,0,4,없음
A13123102,901,9,설치,설치,5,15,입주민전용,입주민전용,0시 0분,0시 0분,0시 0분,0시 0분,"◆1◆|지하|벽부형충전기|AC단상 5핀|완속|13|에버온|,◆2◆|지하|스탠드형충전기|AC3상 7핀|완속|1|(주)파워큐브코리아|,◆3◆|지상|스탠드형충전기|AC단상 5핀|완속|5|에버온|",5,14,없음
A13170401,597,5,미설치,설치,0,14,입주민전용,입주민전용,시 분,0시 0분,시 분,23시 0분,"◆1◆|지하|스탠드형충전기|AC3상 7핀|급속|1|한국전력|,◆2◆|지하|스탠드형충전기|AC단상 5핀|완속|1|한국전력|,◆3◆|지하|벽부형충전기|직접입력|완속|12|스타코프|",0,14,없음
A13175103,681,12,설치,미설치,14,0,입주민전용,,0시 0분,시 분,23시 59분,시 분,"◆1◆|지상|스탠드형충전기|AC단상 5핀|완속|14|차비지, 알박|",14,0,없음
A13176102,256,5,설치,미설치,5,0,외부인허용,,0시 0분,시 분,24시 0분,시 분,◆1◆|지상|스탠드형충전기|AC단상 5핀|완속|5|현대엔지니어링|,5,0,없음
A13176801,192,0,설치,설치,4,2,,외부인허용,24시 0분,0시 0분,24시 0분,0시 0분,◆1◆|지하|벽부형충전기|AC단상 5핀|완속|2|(주)에버온|,0,2,없음
A13176901,1300,20,미설치,설치,0,2,,입주민전용,시 분,23시 0분,시 분,23시 0분,◆1◆|지하|스탠드형충전기|AC단상 5핀|완속|2|차지비|,0,2,없음
A13176902,262,0,설치,미설치,9,0,입주민전용,,0시 1분,시 분,23시 59분,시 분,◆1◆|지상|스탠드형충전기|AC단상 5핀|완속|9|에버온|,9,0,있음
A13177701,198,2,설치,미설치,11,0,입주민전용,,0시 0분,시 분,24시 0분,시 분,"◆1◆|지상|벽부형충전기|AC단상 5핀|완속|9|에버온|,◆2◆|지상|스탠드형충전기|AC단상 5핀|완속|2|에버온|",11,0,없음
A13178101,1525,20,설치,설치,3,28,입주민전용,입주민전용,0시 0분,0시 0분,0시 0분,0시 0분,"◆1◆|지하|이동형충전기|AC단상 5핀|완속|68|파워큐브코리아|,◆2◆|지상|스탠드형충전기|AC단상 5핀|완속|3|주)알박|,◆3◆|지하|스탠드형충전기|AC단상 5핀|완속|28|주)알박|",3,96,없음
A13181201,178,4,미설치,설치,0,4,,외부인허용,시 분,23시 0분,시 분,23시 0분,◆1◆|지하|벽부형충전기|직접입력|완속|4|(주)한국전기차인프|,0,4,없음
A13181203,440,11,미설치,설치,0,135,,입주민전용,시 분,9시 1분,시 분,18시 1분,◆1◆|지하|벽부형충전기|AC3상 7핀|완속|9|클린일렉스|,0,9,없음
A13183202,178,9,설치,설치,5,4,입주민전용,입주민전용,0시 0분,0시 0분,0시 0분,0시 0분,"◆1◆|지하|벽부형충전기|직접입력|완속|3|클린일렉스|,◆2◆|지하|벽부형충전기|직접입력|완속|1|한국알바|,◆3◆|지상|스탠드형충전기|직접입력|완속|5|(주)에버온|",5,4,없음
A13183204,171,3,미설치,설치,0,3,,,시 분,0시 0분,시 분,23시 0분,◆1◆|지하|벽부형충전기|AC단상 5핀|완속|3|(주)클린일렉스|,0,3,없음
A13183303,193,0,미설치,설치,0,3,,,시 분,12시 0분,시 분,24시 0분,◆1◆|지하|벽부형충전기|AC단상 5핀|완속|3|클린일렉스|,0,3,없음
A13183405,256,16,미설치,설치,0,23,입주민전용,입주민전용,시 분,23시 59분,시 분,23시 59분,"◆1◆|지하|스탠드형충전기|AC3상 7핀|완속|7|(주)엘지유플러스볼트업|,◆2◆|지하|벽부형충전기|AC3상 7핀|완속|3|(주)에버온|,◆3◆|지하|이동형충전기|AC3상 7핀|완속|20|(주)스타코프|",0,30,없음
A13183502,262,5,미설치,설치,0,5,,입주민전용,시 분,0시 0분,시 분,0시 0분,"◆1◆|지하|벽부형충전기|직접입력|완속|5|파워콤,SK홈앤서비|",0,5,없음
A13183504,647,93,미설치,설치,0,0,,입주민전용,시 분,12시 1분,시 분,23시 59분,"◆1◆|지하|벽부형충전기|AC3상 7핀|완속|10|(주)임하이엔씨|,◆2◆|지하|벽부형충전기|AC단상 5핀|완속|26|(주)임하이엔씨|",0,36,없음
A13183701,202,1,미설치,설치,0,5,,입주민전용,시 분,6시 10분,시 분,23시 10분,◆1◆|지하|벽부형충전기|직접입력|완속|5|차지비|,0,5,없음
A13184107,620,15,미설치,설치,0,13,,,시 분,0시 0분,시 분,23시 0분,"◆1◆|지하|벽부형충전기|AC단상 5핀|완속|10|에버원|,◆2◆|지하|스탠드형충전기|AC3상 7핀|급속|1|한국전력|,◆3◆|지하|스탠드형충전기|AC단상 5핀|완속|2|한국전력|",0,13,없음
A13184208,425,9,설치,미설치,9,0,외부인허용,,7시 10분,시 분,7시 10분,시 분,◆1◆|지상|벽부형충전기|AC단상 5핀|완속|9|(주)에버온|,9,0,있음
A13184301,290,3,미설치,설치,0,6,,입주민전용,시 분,1시 0분,시 분,0시 0분,◆1◆|지하|벽부형충전기|AC단상 5핀|완속|6|(주)클린일렉스|,0,6,없음
A13184401,225,4,미설치,설치,0,14,,입주민전용,시 분,1시 0분,시 분,23시 0분,◆1◆|지하|벽부형충전기|AC단상 5핀|급속|4|파워큐브|,0,4,없음
A13184502,9,9,미설치,설치,0,4,,입주민전용,시 분,0시 50분,시 분,23시 50분,◆1◆|지하|벽부형충전기|AC3상 7핀|완속|4|(주)차지비|,0,4,없음
A13184609,894,8,미설치,설치,0,10,,입주민전용,시 분,24시 0분,시 분,24시 0분,◆1◆|지하|벽부형충전기|AC단상 5핀|완속|10|GS커넥트|,0,10,없음
A13184610,1972,29,미설치,설치,0,30,,외부인허용,시 분,0시 0분,시 분,23시 59분,"◆1◆|지하|벽부형충전기|AC단상 5핀|완속|30|에버온|,◆2◆|지하|이동형충전기|AC단상 5핀|완속|100|파워큐브, 스타코등|",0,130,없음
A13184804,258,1,미설치,설치,0,5,,,,0시 0분,,0시 0분,◆1◆|지하|벽부형충전기|직접입력|완속|5|(주)지엔텔|,0,5,있음
A13185402,3,3,미설치,설치,0,5,,입주민전용,시 분,0시 0분,시 분,23시 59분,◆1◆|지하|벽부형충전기|AC단상 5핀|완속|5|(주)클린일렉스|,0,5,있음
A13185501,173,2,미설치,설치,0,3,,,시 분,0시 0분,시 분,0시 0분,◆1◆|지하|벽부형충전기|직접입력|완속|3|클린일렉스|,0,3,없음
A13185502,184,2,미설치,설치,0,5,,,시 분,0시 0분,시 분,23시 0분,◆1◆|지하|벽부형충전기|AC단상 5핀|완속|5|클린일렉스|,0,5,없음
A13185507,310,2,미설치,설치,0,7,,입주민전용,시 분,0시 0분,시 분,0시 0분,"◆1◆|지하|벽부형충전기|AC3상 7핀|완속|4|(주)에버온|,◆2◆|지하|벽부형충전기|AC3상 7핀|완속|3|지에스차지비|",0,7,없음
A13185508,711,23,설치,설치,3,11,입주민전용,입주민전용,0시 0분,0시 0분,0시 0분,0시 0분,"◆1◆|지하|벽부형충전기|AC단상 5핀|완속|5|LG유플러스볼트업|,◆2◆|지하|벽부형충전기|AC단상 5핀|급속|1|한국전력|,◆3◆|지상|스탠드형충전기|AC단상 5핀|완속|3|LG유플러스볼트업|,◆4◆|지하|벽부형충전기|AC단상 5핀|완속|5|에버온|",3,11,없음
A13185602,2,3,미설치,설치,0,2,외부인허용,외부인허용,시 분,23시 0분,시 분,23시 0분,"◆1◆|지하|벽부형충전기|AC단상 5핀|급속|2|한전|,◆2◆|지하|벽부형충전기|AC단상 5핀|급속|2|한전|,◆3◆|지하|벽부형충전기|AC단상 5핀|완속|2|한전|",0,6,없음
A13185603,486,10,미설치,설치,0,8,,,시 분,0시 24분,시 분,0시 24분,"◆1◆|지하|벽부형충전기|AC단상 5핀|완속|7|스타코프|,◆2◆|지하|벽부형충전기|AC단상 5핀|완속|1|스타코프|",0,8,없음
A13185607,1230,50,설치,설치,21,6,입주민전용,입주민전용,0시 0분,0시 0분,23시 59분,23시 59분,"◆1◆|지상|벽부형충전기|AC단상 5핀|완속|21|플러그링크|,◆2◆|지하|벽부형충전기|AC단상 5핀|완속|6|GS커넥트|",21,6,없음
A13186305,922,12,미설치,설치,0,0,,,시 분,0시 0분,시 분,0시 0분,◆1◆|지하|벽부형충전기|AC단상 5핀|완속|17|플러그링크|,0,17,없음
A13186306,360,2,미설치,설치,0,9,입주민전용,입주민전용,시 분,0시 1분,시 분,23시 59분,◆1◆|지하|벽부형충전기|직접입력|완속|9|에버온|,0,9,없음
A13186401,392,5,미설치,설치,0,9,,입주민전용,,9시 59분,,18시 59분,◆1◆|지하|벽부형충전기|AC단상 5핀|완속|9|(주)클린일렉스|,0,9,없음
A13186502,5,5,미설치,설치,0,5,,입주민전용,,24시 24분,,24시 24분,◆1◆|지하|벽부형충전기|직접입력|완속|5|(주)지에스커넥트|,0,5,있음
A13186503,276,9,설치,미설치,4,0,,입주민전용,24시 60분,시 분,24시 60분,시 분,◆1◆|지상|스탠드형충전기|AC단상 5핀|완속|4|에버원|,4,0,없음
A13186504,331,8,미설치,설치,0,15,,,시 분,0시 0분,시 분,0시 0분,"◆1◆|지하|벽부형충전기|AC단상 5핀|완속|5|LG헬로비젼|,◆2◆|지하|이동형충전기|AC단상 5핀|완속|10|LG헬로비젼|",0,15,없음
A13186708,1189,2,미설치,설치,0,8,,입주민전용,시 분,0시 0분,시 분,23시 59분,"◆1◆|지하|벽부형충전기|AC단상 5핀|완속|8|G차저|,◆2◆|지하|벽부형충전기|AC단상 5핀|급속|29|홈앤서비스(SK)|",0,37,없음
A13186801,177,3,미설치,설치,0,4,,입주민전용,시 분,0시 0분,시 분,23시 59분,"◆1◆|지하|벽부형충전기|AC단상 5핀|완속|2|이지차저|,◆2◆|지하|벽부형충전기|AC단상 5핀|완속|2|터키온|",0,4,없음
A13186905,134,0,미설치,설치,0,3,,입주민전용,시 분,23시 0분,시 분,23시 0분,◆1◆|지하|벽부형충전기|AC단상 5핀|급속|3|지에스차지비|,0,3,없음
A13186907,0,12,설치,미설치,9,0,입주민전용,,0시 0분,시 분,23시 59분,시 분,◆1◆|지상|스탠드형충전기|AC단상 5핀|완속|9|에버원|,9,0,없음
A13187004,973,21,설치,설치,11,3,입주민전용,입주민전용,1시 0분,1시 0분,23시 0분,23시 0분,"◆1◆|지상|벽부형충전기|AC단상 5핀|완속|3|파워큐브코리아|,◆2◆|지상|스탠드형충전기|DC콤보 7핀|완속|11|아이파킹코리아|,◆3◆|지상|스탠드형충전기|DC콤보 7핀|초급속|1|아이파킹코리아|",15,0,없음
A13187201,872,15,미설치,설치,0,14,,입주민전용,시 분,0시 0분,시 분,23시 59분,◆1◆|지하|벽부형충전기|AC단상 5핀|완속|14|한국알박|,0,14,없음
A13187203,1020,10,설치,설치,9,16,입주민전용,입주민전용,0시 0분,0시 0분,0시 0분,23시 30분,"◆1◆|지상|스탠드형충전기|AC단상 5핀|완속|9|플러그링크|,◆2◆|지하|스탠드형충전기|AC단상 5핀|완속|1|(주)클린일렉스|,◆3◆|지하|스탠드형충전기|AC3상 7핀|급속|1|모던택|,◆4◆|지하|벽부형충전기|직접입력|완속|14|스타코프|",9,16,없음
A13187302,388,8,미설치,설치,0,8,입주민전용,입주민전용,시 분,0시 0분,시 분,23시 0분,◆1◆|지하|벽부형충전기|AC단상 5핀|완속|8|한국전자금융(주)|,0,8,없음
A13187305,942,20,미설치,설치,0,26,,입주민전용,시 분,0시 0분,시 분,24시 0분,◆1◆|지하|벽부형충전기|AC단상 5핀|완속|26|스타코프|,0,26,없음
A13187306,402,6,설치,미설치,20,0,입주민전용,,0시 1분,시 분,23시 59분,시 분,◆1◆|지상|스탠드형충전기|AC단상 5핀|완속|20|에버온|,20,0,있음
A13187406,667,18,미설치,설치,0,12,,외부인허용,시 분,24시 1분,시 분,24시 1분,"◆1◆|지하|벽부형충전기|AC단상 5핀|완속|6|에버온(주)|,◆2◆|지하|벽부형충전기|AC단상 5핀|완속|6|한국전자금융(주)|",0,12,있음
A13187501,0,0,미설치,미설치,0,0,,,시 분,시 분,시 분,시 분,,,,없음
A13187702,1611,15,설치,설치,28,12,,,24시 0분,24시 0분,24시 0분,24시 0분,"◆1◆|지하|벽부형충전기|AC단상 5핀|완속|12|케이차저|,◆2◆|지상|벽부형충전기|AC단상 5핀|완속|28|이지차저|",28,12,없음
A13188406,433,10,미설치,설치,0,8,입주민전용,입주민전용,시 분,0시 1분,시 분,0시 1분,"◆1◆|지하|벽부형충전기|AC단상 5핀|완속|5|에버온|,◆2◆|지하|스탠드형충전기|AC3상 7핀|급속|1|시그넷시스템|,◆3◆|지하|스탠드형충전기|AC단상 5핀|완속|2|클린일렉스앤캠퍼니|",0,8,없음
A13201001,2,0,미설치,설치,0,2,,입주민전용,시 분,0시 0분,시 분,0시 0분,◆1◆|지하|벽부형충전기|AC3상 7핀|완속|2|한전|,0,2,없음
A13201002,108,0,미설치,미설치,0,0,,,시 분,시 분,시 분,시 분,,,,없음
A13201201,221,5,미설치,설치,0,5,,,시 분,9시 10분,시 분,18시 10분,◆1◆|지하|벽부형충전기|DC차데모 10핀|급속|5|한국전자금융|,0,5,없음
A13201202,224,2,설치,미설치,5,0,입주민전용,,0시 0분,시 분,24시 0분,시 분,◆1◆|지상|벽부형충전기|AC단상 5핀|완속|5|나이스차저|,5,0,없음
A13201203,201,3,설치,미설치,3,0,입주민전용,,0시 0분,시 분,24시 0분,시 분,◆1◆|지상|스탠드형충전기|AC단상 5핀|완속|3|신세계아인앤씨|,3,0,없음
A13201206,724,12,설치,설치,15,20,입주민전용,입주민전용,1시 0분,1시 0분,23시 0분,23시 0분,"◆1◆|지상|스탠드형충전기|직접입력|완속|15|플러그링크|,◆2◆|지하|벽부형충전기|AC3상 7핀|완속|12|지커넥트, 이지차져|,◆3◆|지하|벽부형충전기|AC단상 5핀|완속|8|LG U+|",15,20,없음
A13201207,0,0,미설치,미설치,0,0,,,,,,,,,,없음
A13201208,2000,15,설치,미설치,14,0,입주민전용,,24시 0분,시 분,24시 0분,시 분,◆1◆|지상|벽부형충전기|AC3상 7핀|완속|14|서원아파트|,14,0,없음
A13201209,3059,30,설치,설치,12,39,,입주민전용,1시 1분,1시 1분,1시 1분,1시 1분,"◆1◆|지하|벽부형충전기|AC단상 5핀|완속|39|파워큐브코리아,엠에스텍|,◆2◆|지상|벽부형충전기|AC단상 5핀|완속|12|파워큐브코리아|",12,39,없음
A13202002,0,0,미설치,설치,0,69,,입주민전용,시 분,0시 59분,시 분,23시 59분,"◆1◆|지하|이동형충전기|AC단상 5핀|완속|48|스타코프|,◆2◆|지하|벽부형충전기|AC3상 7핀|완속|17|차지비|,◆3◆|지하|스탠드형충전기|AC3상 7핀|급속|1|한전|,◆4◆|지하|스탠드형충전기|AC3상 7핀|완속|2|한전|",0,68,없음
A13202102,232,4,설치,설치,3,2,입주민전용,입주민전용,24시 0분,24시 0분,24시 0분,24시 0분,"◆1◆|지상|스탠드형충전기|AC단상 5핀|완속|3|(주)이엘 일렉트릭|,◆2◆|지하|벽부형충전기|AC단상 5핀|완속|2|한국알박(주)|",3,2,없음
A13202103,356,9,설치,설치,9,7,입주민전용,입주민전용,0시 1분,0시 1분,23시 59분,23시 59분,"◆1◆|지하|벽부형충전기|AC단상 5핀|완속|2|(주)에버온|,◆2◆|지상|스탠드형충전기|AC단상 5핀|완속|9|(주)플러그링크|,◆3◆|지하|벽부형충전기|AC단상 5핀|완속|5|(주)클린일렉스|",9,7,없음
A13202302,195,5,미설치,미설치,0,0,,,시 분,시 분,시 분,시 분,,,,없음
A13202304,152,2,설치,미설치,1,0,입주민전용,,0시 1분,,23시 59분,,◆1◆|지상|스탠드형충전기|AC3상 7핀|완속|1|휴테크|,1,0,없음
A13202306,333,6,미설치,설치,0,5,,입주민전용,시 분,23시 0분,시 분,23시 0분,◆1◆|지하|벽부형충전기|AC단상 5핀|완속|5|(주)지커넥트|,0,5,없음
A13202308,430,3,설치,미설치,3,0,외부인허용,,0시 0분,시 분,23시 59분,시 분,◆1◆|지상|벽부형충전기|AC3상 7핀|완속|3|한국알박(주)|,3,0,없음
A13202312,2846,29,설치,설치,18,12,외부인허용,외부인허용,0시 0분,0시 0분,23시 59분,23시 59분,"◆1◆|지하|벽부형충전기|AC단상 5핀|완속|12|에버원|,◆2◆|지상|벽부형충전기|AC단상 5핀|완속|6|에버원|,◆3◆|지상|스탠드형충전기|AC단상 5핀|완속|12|에버원|",18,12,없음
A13203001,175,4,미설치,설치,0,7,,입주민전용,,24시 0분,,24시 0분,"◆1◆|지하|벽부형충전기|AC3상 7핀|완속|7|성원이앤씨|,◆2◆|지하|벽부형충전기|AC3상 7핀|완속|5|지에스커넥트|",0,12,없음
A13203002,332,8,미설치,설치,0,8,,입주민전용,시 분,0시 0분,시 분,23시 59분,"◆1◆|지하|스탠드형충전기|AC3상 7핀|급속|1|sk시그넷|,◆2◆|지하|벽부형충전기|AC단상 5핀|완속|5|(주)클린일렉스|",0,6,없음
A13203102,370,2,미설치,미설치,0,0,,,,,,,,,,없음
A13203202,275,6,설치,미설치,4,0,입주민전용,,0시 0분,시 분,23시 59분,시 분,◆1◆|지상|스탠드형충전기|AC단상 5핀|완속|4|엘지유플러스|,4,0,없음
A13203302,462,2,미설치,설치,0,9,,입주민전용,,23시 0분,,23시 0분,◆1◆|지하|벽부형충전기|AC단상 5핀|완속|9|나이스|,0,9,없음
A13203303,600,12,설치,미설치,12,0,입주민전용,,0시 0분,시 분,0시 0분,시 분,"◆1◆|지상|스탠드형충전기|AC3상 7핀|완속|7|홈앤서비스주식회사|,◆2◆|지상|스탠드형충전기|AC3상 7핀|완속|5|지에스커넥터|",12,0,없음
A13203401,240,1,설치,설치,7,6,입주민전용,입주민전용,23시 59분,23시 59분,23시 59분,23시 59분,"◆1◆|지하|벽부형충전기|DC콤보 7핀|완속|6|파워큐브코리아|,◆2◆|지상|스탠드형충전기|DC콤보 7핀|완속|3|파워큐브코리아|,◆3◆|지상|벽부형충전기|DC콤보 7핀|완속|4|파워큐브코리아|",7,6,없음
A13203403,400,2,설치,미설치,4,0,,,24시 분,시 분,24시 분,시 분,◆1◆|지상|스탠드형충전기|직접입력|완속|4|한국전자금융(주)|,4,0,없음
A13203408,0,0,설치,미설치,8,0,입주민전용,,0시 0분,시 분,0시 0분,시 분,◆1◆|지상|스탠드형충전기|AC단상 5핀|완속|8|(주)신세계아이앤씨|,8,0,없음
A13204001,192,0,미설치,설치,0,6,,외부인허용,시 분,0시 0분,시 분,23시 0분,◆1◆|지하|벽부형충전기|AC3상 7핀|완속|6|GS커넥트|,0,6,없음
A13204002,645,1,설치,설치,9,36,입주민전용,입주민전용,1시 1분,1시 1분,23시 59분,23시 59분,"◆1◆|지상|스탠드형충전기|AC단상 5핀|완속|9|LG U+|,◆2◆|지하|벽부형충전기|AC단상 5핀|완속|36|파워큐브|",9,36,없음
A13204103,1899,10,미설치,설치,0,20,,입주민전용,시 분,0시 1분,시 분,23시 59분,◆1◆|지하|벽부형충전기|직접입력|완속|20|1|,0,20,없음
A13204104,0,0,설치,미설치,11,0,입주민전용,,0시 0분,시 분,0시 0분,시 분,◆1◆|지상|스탠드형충전기|AC단상 5핀|완속|11|한국전자금융(주)|,11,0,없음
A13204105,2300,18,설치,미설치,4,0,입주민전용,,0시 1분,시 분,23시 59분,시 분,◆1◆|지상|스탠드형충전기|AC3상 7핀|완속|4|에버온|,4,0,없음
A13204201,226,1,미설치,설치,0,4,,외부인허용,시 분,0시 0분,시 분,24시 0분,◆1◆|지하|벽부형충전기|AC단상 5핀|완속|4|한국알박(주)|,0,4,없음
A13204203,405,5,설치,설치,3,5,입주민전용,입주민전용,0시 0분,0시 0분,23시 59분,23시 59분,"◆1◆|지상|벽부형충전기|AC단상 5핀|완속|3|(주)차지비|,◆2◆|지하|벽부형충전기|AC단상 5핀|완속|2|(주)차지비|,◆3◆|지하|벽부형충전기|AC단상 5핀|완속|3|(주)이지차저|",3,5,없음
A13204204,1039,8,미설치,설치,0,21,외부인허용,입주민전용,,0시 10분,,23시 10분,◆1◆|지하|벽부형충전기|AC단상 5핀|완속|20|지넥스컨넥드|,0,20,없음
A13204205,1544,22,설치,설치,22,5,입주민전용,입주민전용,0시 0분,0시 0분,24시 0분,24시 0분,"◆1◆|지상|스탠드형충전기|DC콤보 7핀|완속|22|플러그링크|,◆2◆|지하|벽부형충전기|DC콤보 7핀|완속|5|지엔텍|",22,5,없음
A13204301,165,4,설치,미설치,5,0,입주민전용,입주민전용,0시 0분,시 분,24시 0분,시 분,◆1◆|지상|스탠드형충전기|AC단상 5핀|완속|5|플러그링크|,5,0,없음
A13204302,525,6,미설치,설치,0,6,입주민전용,입주민전용,시 분,0시 0분,시 분,23시 0분,◆1◆|지하|벽부형충전기|직접입력|완속|6|나이스|,0,6,없음
A13204402,285,5,설치,미설치,7,0,입주민전용,,0시 1분,시 분,23시 59분,시 분,◆1◆|지상|스탠드형충전기|AC단상 5핀|완속|7|차지비|,7,0,없음
A13204404,1000,50,미설치,설치,0,5,,입주민전용,시 분,0시 0분,시 분,0시 0분,"◆1◆|지하|스탠드형충전기|DC차데모 10핀|급속|1|한국전력공사|,◆2◆|지하|스탠드형충전기|DC콤보 7핀|완속|4|한국전력공사|",0,5,없음
A13204406,1864,41,미설치,설치,0,16,,입주민전용,,0시 0분,,23시 59분,"◆1◆|지하|스탠드형충전기|AC단상 5핀|급속|1|에버온|,◆2◆|지하|벽부형충전기|AC단상 5핀|완속|50|에버온,케이차저 외|",0,51,없음
A13204408,1214,0,미설치,미설치,0,0,,,시 분,시 분,시 분,시 분,,,,없음
A13204409,3007,3,설치,설치,5,18,,,0시 0분,0시 0분,23시 59분,23시 59분,"◆1◆|지하|스탠드형충전기|직접입력|완속|18|차지비|,◆2◆|지상|스탠드형충전기|직접입력|완속|3|한국전력|,◆3◆|지상|스탠드형충전기|직접입력|급속|2|한국전력|",5,18,없음
A13204501,215,6,미설치,설치,0,11,,입주민전용,시 분,0시 1분,시 분,23시 59분,"◆1◆|지하|스탠드형충전기|AC단상 5핀|완속|2|kepco|,◆2◆|지하|벽부형충전기|AC단상 5핀|완속|9|플러그링크|",0,11,없음
A13204502,310,9,미설치,설치,0,17,,입주민전용,시 분,0시 1분,시 분,23시 55분,◆1◆|지하|벽부형충전기|AC단상 5핀|완속|17|서울씨엔지|,0,17,없음
A13204503,232,10,설치,설치,2,8,입주민전용,입주민전용,0시 0분,0시 0분,23시 0분,23시 0분,"◆1◆|지하|벽부형충전기|AC단상 5핀|완속|3|(주)차지비|,◆2◆|지상|스탠드형충전기|AC단상 5핀|완속|2|(주)차지비|,◆3◆|지하|벽부형충전기|AC단상 5핀|완속|4|서울씨앤지(주)|",2,7,없음
A13204505,378,2,설치,미설치,5,0,외부인허용,,0시 0분,시 분,23시 0분,시 분,◆1◆|지상|스탠드형충전기|AC단상 5핀|완속|5|대영 차처|,5,0,있음
A13204506,397,2,미설치,설치,0,3,,입주민전용,시 분,9시 0분,시 분,9시 0분,◆1◆|지하|벽부형충전기|AC단상 5핀|완속|3|SK브로드밴드홈앤서|,0,3,없음
A13204507,603,7,설치,미설치,7,0,입주민전용,,0시 0분,시 분,24시 0분,시 분,◆1◆|지상|스탠드형충전기|AC3상 7핀|완속|7|나이스차적|,7,0,없음
A13204508,313,6,설치,미설치,7,0,입주민전용,,0시 0분,시 분,24시 0분,시 분,◆1◆|지상|스탠드형충전기|AC단상 5핀|완속|7|한국전자금융(주)|,7,0,없음
A13204510,2988,21,미설치,설치,60,5,,입주민전용,시 분,0시 24분,시 분,0시 24분,◆1◆|지하|벽부형충전기|AC단상 5핀|완속|5|(주)차지비|,0,5,없음
A13272101,260,10,미설치,설치,0,5,,입주민전용,시 분,0시 0분,시 분,0시 0분,"◆1◆|지하|스탠드형충전기|AC단상 5핀|완속|2|한전|,◆2◆|지하|벽부형충전기|AC단상 5핀|완속|3|신세계아이앤씨|",0,5,없음
A13272102,368,8,설치,설치,6,2,입주민전용,입주민전용,0시 0분,0시 0분,23시 59분,23시 59분,"◆1◆|지상|스탠드형충전기|AC3상 7핀|완속|6|엘지유플러스|,◆2◆|지하|스탠드형충전기|AC3상 7핀|완속|2|.|",6,2,없음
A13272201,371,9,설치,미설치,8,0,,입주민전용,9시 0분,시 분,9시 0분,시 분,"◆1◆|지상|스탠드형충전기|AC단상 5핀|완속|3|플러그링크|,◆2◆|지상|스탠드형충전기|DC차데모 10핀|완속|5|이지차저|",8,0,없음
A13275302,160,3,미설치,설치,0,3,입주민전용,입주민전용,시 분,24시 0분,시 분,24시 0분,◆1◆|지하|벽부형충전기|AC단상 5핀|완속|3|에버온|,0,3,없음
A13276414,240,3,설치,설치,0,3,,입주민전용,23시 0분,23시 0분,23시 0분,23시 0분,"◆1◆|지상|벽부형충전기|AC단상 5핀|완속|2|NICEcharger|,◆2◆|지하|벽부형충전기|AC3상 7핀|완속|3|GS커넥트|",2,3,없음
A13276415,1014,10,설치,설치,10,3,외부인허용,외부인허용,0시 0분,0시 0분,23시 59분,23시 59분,"◆1◆|지상|스탠드형충전기|AC단상 5핀|완속|10|차지비|,◆2◆|지하|벽부형충전기|AC단상 5핀|완속|3|차지비|",10,3,없음
A13276416,13,3,미설치,설치,0,8,,외부인허용,시 분,24시 1분,시 분,24시 1분,"◆1◆|지하|벽부형충전기|AC3상 7핀|완속|4|한국알박(주)|,◆2◆|지하|스탠드형충전기|DC차데모 10핀|급속|1|(주)클린일렉스앤컴|,◆3◆|지하|스탠드형충전기|DC콤보 7핀|완속|3|(주)클린일렉스앤컴|",0,8,없음
A13276417,310,2,설치,미설치,3,0,입주민전용,입주민전용,0시 0분,시 분,24시 0분,시 분,◆1◆|지상|스탠드형충전기|AC3상 7핀|완속|3|플러그링크|,3,0,없음
A13280104,215,0,설치,미설치,4,0,입주민전용,,24시 0분,시 분,24시 0분,시 분,◆1◆|지상|스탠드형충전기|AC단상 5핀|완속|4|LG유플러스볼트업|,4,0,없음
A13281201,3,3,설치,미설치,3,0,입주민전용,,0시 0분,시 분,23시 59분,시 분,"◆1◆|지상|스탠드형충전기|AC3상 7핀|급속|1|kepco|,◆2◆|지상|스탠드형충전기|AC3상 7핀|완속|2|kepco|",3,0,없음
A13281802,700,5,설치,설치,2,3,입주민전용,입주민전용,23시 0분,23시 0분,23시 0분,23시 0분,"◆1◆|지상|스탠드형충전기|AC단상 5핀|완속|2|차지비|,◆2◆|지하|벽부형충전기|AC단상 5핀|완속|3|클린일렉스|",2,3,없음
A13282510,652,30,미설치,설치,0,9,,입주민전용,시 분,24시 0분,시 분,24시 0분,◆1◆|지하|벽부형충전기|AC단상 5핀|완속|9|차지비|,0,9,없음
A13283405,345,6,미설치,설치,0,5,입주민전용,입주민전용,,0시 59분,,23시 59분,◆1◆|지하|벽부형충전기|AC단상 5핀|완속|5|지에스커넥터|,0,5,없음
A13283611,5,5,미설치,설치,0,12,,입주민전용,시 분,6시 30분,시 분,23시 30분,"◆1◆|지하|벽부형충전기|AC단상 5핀|완속|5|홈앤서비스|,◆2◆|지하|벽부형충전기|AC단상 5핀|완속|5|한국알박|,◆3◆|지하|벽부형충전기|AC단상 5핀|완속|2|스타코트|",0,12,없음
A13285305,0,0,미설치,미설치,0,0,,,시 분,시 분,시 분,시 분,,,,없음
A13285401,198,0,미설치,설치,0,2,입주민전용,입주민전용,시 분,0시 0분,시 분,23시 59분,◆1◆|지하|벽부형충전기|AC3상 7핀|완속|2|(주)에버온|,0,2,없음
A13285404,510,11,미설치,설치,0,11,,외부인허용,시 분,0시 0분,시 분,23시 59분,"◆1◆|지하|벽부형충전기|AC단상 5핀|완속|5|홈엔서비스,SK|,◆2◆|지하|이동형충전기|AC단상 5핀|완속|6|홈엔서비스|",0,11,없음
A13285406,21,21,미설치,설치,0,21,,,시 분,23시 0분,시 분,23시 59분,◆1◆|지하|벽부형충전기|AC단상 5핀|완속|21|알박|,0,21,없음
A13285503,239,10,설치,설치,3,2,입주민전용,입주민전용,24시 0분,24시 0분,24시 0분,24시 0분,"◆1◆|지하|벽부형충전기|DC차데모 10핀|완속|2|지케넥트|,◆2◆|지상|스탠드형충전기|DC차데모 10핀|완속|3|플러스링크|,◆3◆|지상|스탠드형충전기|DC차데모 10핀|완속|3|지커넥트|",6,2,있음
A13285507,387,6,설치,미설치,6,5,,,0시 0분,시 분,23시 59분,시 분,◆1◆|지상|스탠드형충전기|AC단상 5핀|완속|6|한화솔루션주식회사|,6,0,없음
A13285601,180,4,설치,설치,4,2,입주민전용,입주민전용,0시 0분,0시 0분,23시 0분,23시 0분,"◆1◆|지하|스탠드형충전기|AC단상 5핀|완속|2|KEPCO|,◆2◆|지상|벽부형충전기|AC단상 5핀|완속|4|(주)플러그링크|",4,2,없음
A13286002,136,3,설치,설치,4,3,,입주민전용,23시 59분,23시 59분,23시 59분,23시 59분,"◆1◆|지하|벽부형충전기|AC단상 5핀|완속|3|(주)차지비|,◆2◆|지상|벽부형충전기|AC단상 5핀|완속|4|지에스커넥트(주)|",4,3,없음
A13286105,440,6,설치,미설치,6,0,입주민전용,,0시 1분,시 분,23시 59분,시 분,◆1◆|지상|스탠드형충전기|AC단상 5핀|완속|6|플러그링크|,6,0,없음
A13286106,494,1,미설치,미설치,6,0,입주민전용,,시 분,시 분,시 분,시 분,,,,없음
A13286107,690,3,설치,미설치,9,0,입주민전용,,0시 0분,시 분,23시 59분,시 분,◆1◆|지상|스탠드형충전기|AC3상 7핀|완속|9|한국전력|,9,0,없음
A13286109,701,10,설치,미설치,6,0,,,0시 0분,시 분,24시 0분,시 분,◆1◆|지상|스탠드형충전기|AC단상 5핀|완속|6|엘지유플러스|,6,0,없음
A13286110,1081,18,설치,미설치,6,0,외부인허용,,0시 0분,시 분,0시 0분,시 분,"◆1◆|지상|스탠드형충전기|AC단상 5핀|완속|6|한국전자금융(주)|,◆2◆|지상|스탠드형충전기|AC단상 5핀|완속|12|지에스커넥트(주)|",18,0,없음
A13286203,199,0,설치,미설치,140,0,,,0시 0분,시 분,24시 0분,시 분,◆1◆|지상|벽부형충전기|직접입력|완속|4|에버온|,4,0,없음
A13286304,0,0,설치,미설치,10,0,입주민전용,,0시 0분,시 분,24시 0분,시 분,◆1◆|지상|스탠드형충전기|AC단상 5핀|완속|10|주식회사 엘지유플러스볼트업|,10,0,없음
A13286904,494,5,미설치,설치,0,5,,입주민전용,시 분,1시 1분,시 분,23시 59분,◆1◆|지하|벽부형충전기|AC단상 5핀|완속|5|차지비|,0,5,없음
A13287503,7,7,설치,미설치,7,0,입주민전용,,12시 0분,시 분,12시 0분,시 분,"◆1◆|지상|벽부형충전기|직접입력|완속|5|클린일렉스|,◆2◆|지상|벽부형충전기|직접입력|완속|2|나이스|",7,0,없음
A13287801,211,0,설치,설치,2,3,입주민전용,입주민전용,0시 0분,0시 0분,0시 0분,0시 0분,"◆1◆|지상|벽부형충전기|AC단상 5핀|완속|2|(주)플러그링크|,◆2◆|지하|벽부형충전기|AC단상 5핀|완속|3|(주)플러그링크|",2,3,없음
A13290003,684,6,설치,미설치,9,0,외부인허용,,0시 0분,시 분,23시 59분,시 분,"◆1◆|지상|스탠드형충전기|직접입력|완속|3|한국전자금융(주)|,◆2◆|지상|스탠드형충전기|직접입력|완속|6|한국전자금융(주)|",9,0,없음
A13290105,711,9,설치,미설치,9,0,입주민전용,,0시 0분,시 분,23시 59분,시 분,"◆1◆|지상|스탠드형충전기|AC3상 7핀|완속|3|플러그링크|,◆2◆|지상|스탠드형충전기|AC3상 7핀|급속|1|한전|,◆3◆|지상|스탠드형충전기|AC3상 7핀|완속|5|차지비|",9,0,없음
A13290107,18,18,설치,미설치,4,0,입주민전용,,0시 0분,시 분,0시 0분,시 분,"◆1◆|지상|스탠드형충전기|직접입력|급속|2|한국전력|,◆2◆|지상|스탠드형충전기|직접입력|완속|18|파킹클라우드|,◆3◆|지상|스탠드형충전기|직접입력|완속|2|한국전력|",22,0,없음
A13290404,408,7,미설치,설치,0,4,,입주민전용,시 분,24시 0분,시 분,24시 0분,◆1◆|지하|벽부형충전기|직접입력|완속|4|(주)파워큐브코리아|,0,4,있음
A13290809,350,7,설치,미설치,7,0,,,24시 0분,시 분,24시 0분,시 분,◆1◆|지상|스탠드형충전기|AC단상 5핀|완속|7|한국전자금융 나이스차저|,7,0,없음
A13292002,267,3,설치,설치,9,2,입주민전용,입주민전용,0시 0분,0시 0분,23시 0분,23시 0분,"◆1◆|지하|스탠드형충전기|AC단상 5핀|완속|2|주)차지비|,◆2◆|지상|스탠드형충전기|AC3상 7핀|완속|9|LGU+|",9,2,없음
A13292501,150,5,미설치,설치,0,4,,입주민전용,시 분,23시 59분,시 분,23시 59분,◆1◆|지하|벽부형충전기|AC단상 5핀|완속|4|이지차저|,0,4,없음
A13292701,218,2,미설치,설치,0,5,,,시 분,0시 0분,시 분,23시 59분,◆1◆|지하|벽부형충전기|AC3상 7핀|완속|5|sk|,0,5,없음
A13293505,497,5,미설치,설치,0,10,입주민전용,입주민전용,시 분,0시 0분,시 분,23시 59분,◆1◆|지하|벽부형충전기|AC단상 5핀|완속|10|GS커넥트(주)|,0,10,없음
A13295201,170,0,미설치,설치,0,10,,,시 분,0시 0분,시 분,0시 0분,◆1◆|지하|벽부형충전기|직접입력|완속|10|스타코프|,0,10,없음
A13302001,0,0,설치,미설치,28,0,입주민전용,,24시 0분,,24시 0분,,◆1◆|지상|스탠드형충전기|DC콤보 7핀|완속|28|gs차지비|,28,0,없음
A13302201,279,8,미설치,설치,0,8,,입주민전용,시 분,0시 0분,시 분,0시 0분,◆1◆|지하|벽부형충전기|직접입력|완속|8|파워큐브|,0,8,없음
A13302203,502,7,설치,설치,2,9,입주민전용,입주민전용,0시 59분,0시 59분,23시 59분,23시 59분,◆1◆|지하|벽부형충전기|AC단상 5핀|완속|11|한국알박|,0,11,없음
A13302204,531,10,미설치,설치,0,10,입주민전용,입주민전용,시 분,1시 30분,시 분,23시 30분,◆1◆|지하|벽부형충전기|직접입력|완속|10|(주)차지비|,0,10,없음
A13302206,954,10,미설치,설치,0,90,,입주민전용,시 분,0시 0분,시 분,23시 59분,◆1◆|지하|벽부형충전기|AC단상 5핀|완속|90|스타코프|,0,90,없음
A13305002,304,10,설치,설치,12,2,입주민전용,입주민전용,1시 1분,1시 1분,24시 0분,24시 0분,"◆1◆|지하|벽부형충전기|AC단상 5핀|완속|2|EVERON|,◆2◆|지상|스탠드형충전기|AC단상 5핀|완속|12|EVERON|",12,2,없음
A13305003,363,9,미설치,설치,0,7,외부인허용,외부인허용,시 분,0시 0분,시 분,24시 0분,◆1◆|지하|벽부형충전기|AC3상 7핀|완속|7|파워큐브차저|,0,7,없음
A13305005,1,0,미설치,설치,0,8,,입주민전용,시 분,0시 0분,시 분,24시 0분,◆1◆|지하|스탠드형충전기|AC단상 5핀|완속|8|LG U+ 볼트업|,0,8,있음
A13305006,492,12,미설치,설치,0,0,,,시 분,13시 20분,시 분,13시 20분,◆1◆|지하|이동형충전기|AC단상 5핀|완속|22|(주)파워큐브코리아|,0,22,없음
A13305007,811,20,설치,미설치,9,0,입주민전용,,12시 0분,,12시 0분,,◆1◆|지상|스탠드형충전기|AC단상 5핀|완속|7|제이테크놀|,7,0,없음
A13307001,255,0,미설치,설치,0,11,,,시 분,23시 50분,시 분,23시 50분,"◆1◆|지하|벽부형충전기|AC3상 7핀|완속|5|(주)엘엔테크|,◆2◆|지하|벽부형충전기|AC3상 7핀|완속|6|(주)엘엔테크|",0,11,없음
A13307002,0,10,미설치,설치,0,21,,입주민전용,시 분,0시 0분,시 분,23시 59분,◆1◆|지하|벽부형충전기|직접입력|완속|21|(주)에버온|,0,21,없음
A13307003,770,35,미설치,설치,0,48,,입주민전용,시 분,0시 0분,시 분,23시 59분,"◆1◆|지하|벽부형충전기|AC단상 5핀|완속|30|스타코프|,◆2◆|지하|벽부형충전기|AC단상 5핀|완속|10|파워큐브(환경부)|,◆3◆|지하|스탠드형충전기|DC콤보 7핀|급속|4|서울숲더샵아파트|,◆4◆|지하|스탠드형충전기|AC단상 5핀|완속|10|서울숲더샵아파트|",0,54,없음
A13307101,617,11,미설치,설치,0,12,,입주민전용,시 분,0시 0분,시 분,23시 0분,◆1◆|지하|벽부형충전기|AC3상 7핀|완속|12|한국전자금융|,0,12,없음
A13307201,224,0,미설치,미설치,0,0,,,시 분,시 분,시 분,시 분,,,,없음
A13307202,639,11,미설치,설치,0,22,,,시 분,0시 0분,시 분,23시 59분,"◆1◆|지하|벽부형충전기|AC3상 7핀|완속|20|에버온인츠라|,◆2◆|지하|스탠드형충전기|AC3상 7핀|완속|2|(주)차지비|",0,22,없음
A13307204,3150,39,설치,설치,14,44,입주민전용,입주민전용,23시 59분,23시 59분,23시 59분,23시 59분,◆1◆|지하|벽부형충전기|AC3상 7핀|완속|58|지커넥트 외|,0,58,없음
A13308004,670,5,설치,미설치,7,0,입주민전용,외부인허용,0시 0분,시 분,0시 0분,시 분,◆1◆|지상|벽부형충전기|직접입력|완속|7|나이스|,7,0,없음
A13308005,980,7,설치,미설치,0,0,입주민전용,,0시 0분,,23시 59분,,◆1◆|지상|스탠드형충전기|AC단상 5핀|완속|2|에버온|,2,0,없음
A13309101,200,12,미설치,설치,0,4,,입주민전용,시 분,0시 0분,시 분,23시 59분,◆1◆|지하|벽부형충전기|AC단상 5핀|완속|10|지에스커넥트|,0,10,없음
A13309102,687,8,미설치,설치,0,9,,입주민전용,시 분,0시 1분,시 분,23시 59분,"◆1◆|지하|벽부형충전기|AC3상 7핀|완속|3|알박|,◆2◆|지하|벽부형충전기|AC3상 7핀|완속|6|파워큐브|",0,9,없음
A13309103,406,1,미설치,설치,0,6,,입주민전용,시 분,0시 0분,시 분,0시 0분,◆1◆|지하|벽부형충전기|AC단상 5핀|완속|6|서울시(지알이시스템|,0,6,없음
A13309301,395,10,미설치,설치,0,20,입주민전용,입주민전용,시 분,24시 0분,시 분,24시 0분,◆1◆|지하|벽부형충전기|DC콤보 7핀|완속|20|에버온|,0,20,없음
A13309402,280,6,미설치,설치,0,3,,입주민전용,,1시 0분,,24시 0분,◆1◆|지하|벽부형충전기|AC단상 5핀|완속|3|차지비|,0,3,없음
A13309404,1600,53,설치,설치,34,40,외부인허용,입주민전용,0시 0분,0시 0분,24시 0분,24시 0분,"◆1◆|지하|벽부형충전기|AC단상 5핀|완속|40|에버원|,◆2◆|지상|스탠드형충전기|AC단상 5핀|완속|34|에버원|",34,40,없음
A13310004,1154,26,설치,미설치,18,0,입주민전용,,0시 0분,시 분,0시 0분,시 분,"◆1◆|지상|스탠드형충전기|AC단상 5핀|완속|13|아이마켓코리아|,◆2◆|지상|벽부형충전기|AC단상 5핀|완속|5|아이마켓코리아|",18,0,없음
A13311101,191,2,설치,설치,0,10,입주민전용,입주민전용,24시 0분,24시 0분,23시 59분,23시 59분,"◆1◆|지하|벽부형충전기|DC콤보 7핀|완속|10|차지인|,◆2◆|지상|스탠드형충전기|AC단상 5핀|완속|2|차지비|",2,10,없음
A13312101,283,7,미설치,설치,0,8,,입주민전용,시 분,0시 0분,시 분,23시 59분,"◆1◆|지하|스탠드형충전기|AC3상 7핀|완속|2|차지비|,◆2◆|지하|벽부형충전기|AC3상 7핀|완속|6|엘지유플러스|",0,8,없음
A13312302,851,5,미설치,설치,0,18,,입주민전용,시 분,0시 0분,시 분,24시 0분,"◆1◆|지하|이동형충전기|직접입력|완속|20|스타코프-과금형콘센|,◆2◆|지하|벽부형충전기|직접입력|완속|13|차지비|",0,33,있음
A13312303,975,37,미설치,미설치,0,37,입주민전용,입주민전용,시 분,시 분,시 분,시 분,,,,없음
A13316001,341,3,미설치,설치,0,14,,입주민전용,시 분,0시 1분,시 분,23시 59분,"◆1◆|지하|스탠드형충전기|AC단상 5핀|완속|2|(주)차지비|,◆2◆|지하|벽부형충전기|AC단상 5핀|완속|12|스타코프|",0,14,없음
A13370801,500,4,미설치,설치,0,4,입주민전용,입주민전용,시 분,1시 0분,시 분,1시 0분,◆1◆|지하|벽부형충전기|AC단상 5핀|완속|4|(주)클린일렉스|,0,4,없음
A13372101,333,2,미설치,설치,0,2,입주민전용,입주민전용,시 분,0시 0분,시 분,0시 0분,◆1◆|지하|벽부형충전기|AC단상 5핀|완속|2|kepco|,0,2,없음
A13372102,861,26,미설치,설치,0,16,,입주민전용,시 분,23시 30분,시 분,23시 30분,◆1◆|지하|스탠드형충전기|AC3상 7핀|완속|16|한국알박|,0,16,없음
A13373101,81,0,설치,미설치,3,0,외부인허용,,8시 0분,시 분,21시 0분,시 분,◆1◆|지상|스탠드형충전기|AC단상 5핀|완속|3|EV파킹|,3,0,없음
A13373301,1354,55,미설치,설치,0,37,,입주민전용,시 분,12시 0분,시 분,23시 0분,"◆1◆|지하|이동형충전기|AC단상 5핀|완속|30|(주)홈앤서비스|,◆2◆|지하|벽부형충전기|AC단상 5핀|완속|10|(주)에버온|,◆3◆|지하|벽부형충전기|AC단상 5핀|완속|27|(주)나이스인프라|",0,67,없음
A13373302,106,0,미설치,설치,0,3,,입주민전용,시 분,0시 0분,시 분,23시 59분,◆1◆|지하|벽부형충전기|AC단상 5핀|완속|3|현대ENG.|,0,3,없음
A13375901,709,0,미설치,미설치,0,0,,,시 분,시 분,시 분,시 분,,,,없음
A13375902,1561,10,미설치,설치,0,0,,입주민전용,시 분,23시 59분,시 분,23시 59분,◆1◆|지하|벽부형충전기|AC단상 5핀|완속|29|파워큐브코리아|,0,29,없음
A13375903,337,15,미설치,설치,0,8,,입주민전용,시 분,0시 0분,시 분,24시 0분,"◆1◆|지하|벽부형충전기|AC단상 5핀|완속|8|파워큐브코리아|,◆2◆|지하|이동형충전기|AC단상 5핀|완속|2|파워큐브코리아|,◆3◆|지하|이동형충전기|AC단상 5핀|완속|4|파워큐브코리아|",0,14,없음
A13375904,114,2,미설치,설치,0,2,,입주민전용,시 분,0시 0분,시 분,23시 59분,◆1◆|지하|벽부형충전기|AC단상 5핀|완속|2|플러그링크|,0,2,있음
A13375905,170,2,미설치,설치,0,4,,입주민전용,시 분,0시 0분,시 분,23시 59분,◆1◆|지하|벽부형충전기|AC단상 5핀|완속|4|티움코리아|,0,4,없음
A13375906,440,29,미설치,설치,0,11,,입주민전용,시 분,0시 0분,시 분,23시 0분,"◆1◆|지하|이동형충전기|AC단상 5핀|완속|6|파워큐브|,◆2◆|지하|스탠드형충전기|AC단상 5핀|완속|2|차지비|,◆3◆|지하|벽부형충전기|AC단상 5핀|완속|3|캐빗|",0,11,없음
A13375907,2094,38,미설치,설치,0,83,,입주민전용,시 분,0시 1분,시 분,23시 59분,"◆1◆|지하|벽부형충전기|AC단상 5핀|완속|50|스타코프|,◆2◆|지하|벽부형충전기|AC단상 5핀|완속|33|플러그링크|",0,83,없음
A13375908,287,6,미설치,설치,0,4,,입주민전용,시 분,23시 0분,시 분,23시 0분,◆1◆|지하|벽부형충전기|AC단상 5핀|완속|4|파워큐브코리아|,0,4,없음
A13376405,402,6,설치,설치,3,3,입주민전용,입주민전용,1시 0분,1시 0분,24시 0분,23시 0분,"◆1◆|지상|스탠드형충전기|AC단상 5핀|완속|3|한국전기차충전서비스|,◆2◆|지하|벽부형충전기|AC단상 5핀|완속|3|한국전기차충전서비스|",3,3,없음
A13376702,651,3,설치,미설치,8,0,외부인허용,,0시 0분,시 분,23시 59분,시 분,◆1◆|지상|벽부형충전기|AC3상 7핀|완속|8|현대엔지니어링|,8,0,없음
A13376906,1445,33,미설치,설치,0,9,,입주민전용,시 분,23시 59분,시 분,23시 59분,◆1◆|지하|벽부형충전기|AC단상 5핀|완속|9|이지차저|,0,9,없음
A13377301,63,2,미설치,설치,1,10,,입주민전용,시 분,6시 0분,시 분,6시 0분,◆1◆|지하|벽부형충전기|AC단상 5핀|완속|1|메디아나|,0,1,없음
A13377302,126,1,미설치,설치,0,2,,입주민전용,시 분,0시 0분,시 분,23시 59분,◆1◆|지하|벽부형충전기|AC단상 5핀|완속|2|한국전기차인프라(주|,0,2,없음
A13377703,2615,41,설치,설치,18,160,,외부인허용,24시 0분,24시 0분,23시 59분,23시 59분,"◆1◆|지하|벽부형충전기|AC단상 5핀|완속|24|에버온|,◆2◆|지하|벽부형충전기|AC단상 5핀|완속|41|스타코프|,◆3◆|지하|스탠드형충전기|AC단상 5핀|완속|2|클린일렉스앤컴퍼니|,◆4◆|지하|스탠드형충전기|AC3상 7핀|급속|2|시그넷시스템|",0,69,없음
A13377901,345,0,미설치,미설치,0,0,,,,,,,,,,없음
A13377902,0,0,미설치,미설치,0,0,,,시 분,시 분,시 분,시 분,,,,없음
A13377903,403,4,미설치,설치,0,0,,입주민전용,시 분,0시 0분,시 분,23시 0분,◆1◆|지하|벽부형충전기|AC단상 5핀|완속|4|kevit|,0,4,없음
A13378001,775,15,미설치,설치,0,16,,입주민전용,시 분,0시 0분,시 분,23시 59분,◆1◆|지하|벽부형충전기|AC단상 5핀|완속|16|파워큐브코리아|,0,16,있음
A13378101,285,0,미설치,설치,0,4,,입주민전용,시 분,0시 0분,시 분,0시 0분,◆1◆|지하|벽부형충전기|AC단상 5핀|완속|4|한국전기차인프라기술|,0,4,없음
A13378102,844,10,미설치,설치,0,6,,,시 분,0시 0분,시 분,0시 0분,◆1◆|지하|벽부형충전기|직접입력|완속|6|에버온|,0,6,없음
A13379001,523,23,미설치,설치,0,4,,입주민전용,시 분,23시 0분,시 분,23시 0분,"◆1◆|지하|벽부형충전기|AC단상 5핀|완속|4|에버온|,◆2◆|지하|벽부형충전기|AC단상 5핀|완속|9|에버온|",0,13,없음
A13379401,712,20,미설치,설치,0,20,,,시 분,0시 0분,시 분,24시 0분,"◆1◆|지하|벽부형충전기|DC콤보 7핀|완속|20|개인용(모자분리)|,◆2◆|||||||",0,20,없음
A13380104,2500,20,미설치,설치,0,47,,입주민전용,시 분,0시 0분,시 분,23시 0분,"◆1◆|지하|벽부형충전기|AC단상 5핀|완속|10|에버온|,◆2◆|지하|벽부형충전기|AC단상 5핀|완속|37|SK홈엔서비스|",0,47,없음
A13380301,552,22,미설치,설치,0,10,,,시 분,0시 0분,시 분,23시 59분,◆1◆|지하|스탠드형충전기|AC단상 5핀|완속|10|나이스차져|,0,10,없음
A13380302,1027,10,미설치,설치,0,10,,,시 분,0시 0분,시 분,23시 0분,◆1◆|지하|스탠드형충전기|AC3상 7핀|완속|5|한국전자금융주식회사|,0,5,있음
A13380303,265,0,미설치,설치,0,3,,외부인허용,시 분,1시 0분,시 분,0시 0분,◆1◆|지하|벽부형충전기|AC단상 5핀|완속|3|(주)레드이엔지|,0,3,없음
A13380602,363,18,설치,설치,9,9,,입주민전용,1시 1분,1시 1분,1시 1분,1시 1분,"◆1◆|지하|벽부형충전기|AC3상 7핀|완속|15|에버온|,◆2◆|지하|벽부형충전기|AC3상 7핀|완속|3|지에스커넥트|",0,18,없음
A13380703,1001,16,미설치,설치,0,15,입주민전용,입주민전용,시 분,0시 23분,시 분,0시 23분,"◆1◆|지하|벽부형충전기|AC단상 5핀|완속|5|lg헬로비젼|,◆2◆|지하|벽부형충전기|AC단상 5핀|완속|10|에버온|",0,15,없음
A13380803,1200,38,미설치,설치,0,1,,입주민전용,시 분,23시 59분,시 분,23시 59분,◆1◆|지하|스탠드형충전기|DC콤보 7핀|급속|1|한전|,0,1,없음
A13380901,299,12,미설치,설치,0,0,,입주민전용,시 분,24시 0분,시 분,0시 0분,◆1◆|지하|이동형충전기|AC단상 5핀|완속|14|홈앤서비스|,0,14,없음
A13381601,178,4,미설치,설치,0,4,,입주민전용,,0시 0분,,11시 59분,◆1◆|지하|벽부형충전기|직접입력|완속|4|차지비|,0,4,없음
A13381604,450,10,미설치,설치,0,10,,입주민전용,시 분,0시 0분,시 분,23시 29분,◆1◆|지하|벽부형충전기|AC단상 5핀|완속|10|GS커넥트(주)|,0,10,없음
A13381608,1267,10,미설치,설치,0,22,,입주민전용,시 분,0시 20분,시 분,23시 20분,◆1◆|지하|벽부형충전기|AC3상 7핀|급속|22|(주)이브이에스이피|,0,22,없음
A13381701,257,0,미설치,미설치,0,0,입주민전용,,시 분,시 분,시 분,시 분,,,,없음
A13381902,247,4,미설치,설치,0,0,,입주민전용,시 분,0시 0분,시 분,0시 0분,◆1◆|지하|벽부형충전기|AC3상 7핀|완속|8|스타코프|,0,8,없음
A13382104,429,4,미설치,설치,0,8,,입주민전용,시 분,24시 30분,시 분,24시 30분,◆1◆|지하|벽부형충전기|AC단상 5핀|완속|8|(주)차지비|,0,8,없음
A13382106,350,7,설치,설치,7,0,입주민전용,,0시 0분,0시 0분,24시 0분,0시 0분,◆1◆|지상|스탠드형충전기|AC단상 5핀|완속|7|LG유플러스볼트업|,7,0,없음
A13382502,150,3,설치,미설치,3,0,,,0시 0분,시 분,0시 0분,시 분,◆1◆|지상|벽부형충전기|AC단상 5핀|완속|3|플러그링크|,3,0,없음
A13382802,254,4,미설치,설치,0,5,,입주민전용,시 분,0시 0분,시 분,23시 0분,◆1◆|지하|벽부형충전기|AC단상 5핀|완속|5|홈앤서비스 주식회사|,0,5,없음
A13383003,294,2,설치,미설치,4,0,,,24시 분,시 분,,시 분,◆1◆|지상|스탠드형충전기|AC단상 5핀|완속|4|GS차지비|,4,0,없음
A13383301,339,3,미설치,설치,0,2,,외부인허용,시 분,23시 0분,시 분,23시 0분,◆1◆|지하|스탠드형충전기|AC3상 7핀|완속|2|주)차지비|,0,2,없음
A13383702,453,14,설치,설치,2,12,입주민전용,입주민전용,0시 0분,0시 0분,23시 59분,23시 59분,"◆1◆|지하|벽부형충전기|AC3상 7핀|완속|12|sk브로드밴드|,◆2◆|지상|벽부형충전기|AC3상 7핀|완속|2|에버온|",2,12,없음
A13383801,751,12,설치,설치,11,3,외부인허용,입주민전용,0시 0분,0시 0분,24시 0분,24시 0분,"◆1◆|지상|스탠드형충전기|AC3상 7핀|완속|11|(주)에버온|,◆2◆|지하|벽부형충전기|AC3상 7핀|완속|3|(주)차지비|",11,3,없음
A13384301,182,3,미설치,설치,0,10,,,시 분,0시 0분,시 분,23시 59분,"◆1◆|지하|벽부형충전기|AC3상 7핀|완속|6|플러그인|,◆2◆|지하|벽부형충전기|직접입력|완속|4|지에스차지비|,◆3◆|지하|벽부형충전기|AC3상 7핀|완속|4|차지인|",0,14,없음
A13384303,329,10,미설치,설치,0,6,,입주민전용,시 분,0시 0분,시 분,23시 59분,◆1◆|지하|벽부형충전기|AC3상 7핀|완속|6|(주)에버온|,0,6,없음
A13384304,375,17,미설치,설치,0,8,,외부인허용,시 분,8시 0분,시 분,18시 0분,"◆1◆|지하|스탠드형충전기|AC3상 7핀|완속|3|차지비|,◆2◆|지하|벽부형충전기|직접입력|완속|5|차지비|",0,8,없음
A13384403,611,0,미설치,설치,0,10,,입주민전용,시 분,23시 59분,시 분,0시 0분,"◆1◆|지하|벽부형충전기|AC단상 5핀|완속|3|차지비|,◆2◆|지하|벽부형충전기|AC단상 5핀|완속|7|GS커넥트|",0,10,없음
A13385202,320,0,미설치,미설치,0,0,,,시 분,시 분,시 분,시 분,,,,없음
A13385301,471,6,미설치,설치,0,23,,입주민전용,시 분,23시 0분,시 분,23시 0분,"◆1◆|지하|벽부형충전기|직접입력|완속|20|홈앤서비스|,◆2◆|지하|스탠드형충전기|직접입력|완속|2|한국전력|,◆3◆|지하|스탠드형충전기|직접입력|급속|1|한국전력|",0,23,없음
A13385303,414,0,설치,미설치,0,0,입주민전용,,23시 30분,시 분,23시 30분,시 분,"◆1◆|지상|벽부형충전기|직접입력|완속|3|동양이엔피(주)|,◆2◆|지상|벽부형충전기|AC단상 5핀|완속|2|sk브로드밴드|",5,0,없음
A13385705,600,1,미설치,미설치,0,0,,,시 분,시 분,시 분,시 분,,,,없음
A13385802,308,0,설치,미설치,10,0,입주민전용,입주민전용,0시 0분,시 분,23시 0분,시 분,◆1◆|지상|벽부형충전기|AC단상 5핀|완속|10|(주)스타코프|,10,0,없음
A13386702,1711,23,설치,설치,24,10,,입주민전용,24시 0분,24시 0분,24시 0분,23시 0분,"◆1◆|지상|스탠드형충전기|AC3상 7핀|완속|24|파워큐브|,◆2◆|지하|벽부형충전기|AC3상 7핀|완속|10|에버온|",24,10,없음
A13388001,132,3,미설치,설치,0,3,,외부인허용,시 분,6시 0분,시 분,6시 0분,◆1◆|지하|벽부형충전기|직접입력|완속|3|이지차저|,0,3,없음
A13392307,660,10,미설치,설치,0,8,,입주민전용,시 분,23시 59분,시 분,23시 59분,◆1◆|지하|벽부형충전기|AC단상 5핀|완속|8|스타코프|,0,8,없음
A13402001,259,2,미설치,설치,0,4,,외부인허용,시 분,23시 59분,시 분,23시 59분,◆1◆|지하|벽부형충전기|AC단상 5핀|완속|4|Seoulev|,0,4,없음
A13402002,525,4,설치,설치,2,8,입주민전용,입주민전용,0시 0분,0시 0분,0시 0분,0시 0분,"◆1◆|지상|벽부형충전기|AC단상 5핀|완속|2|에버온|,◆2◆|지하|벽부형충전기|AC단상 5핀|완속|8|에버온|",2,8,없음
A13402003,394,20,미설치,설치,0,12,,입주민전용,시 분,23시 0분,시 분,23시 0분,"◆1◆|지하|스탠드형충전기|AC단상 5핀|완속|2|재원쏠라|,◆2◆|지하|벽부형충전기|AC단상 5핀|완속|6|에버온|",0,8,있음
A13402103,342,7,설치,미설치,3,0,입주민전용,,0시 0분,시 분,23시 59분,시 분,◆1◆|지상|스탠드형충전기|AC단상 5핀|완속|3|sk브로드밴드|,3,0,없음
A13402202,210,18,설치,설치,5,5,외부인허용,외부인허용,0시 0분,0시 0분,23시 59분,23시 59분,"◆1◆|지상|스탠드형충전기|AC3상 7핀|완속|5|한국전기차충전서비스(주)|,◆2◆|지하|벽부형충전기|AC3상 7핀|완속|5|한국알박|",5,5,없음
A13402204,264,10,설치,설치,6,4,,,0시 0분,1시 1분,24시 0분,23시 59분,"◆1◆|지상|스탠드형충전기|AC3상 7핀|완속|6|현대엔지니어링|,◆2◆|지하|벽부형충전기|AC3상 7핀|완속|4|차지비|",6,4,없음
A13402304,123,0,미설치,미설치,0,0,,,시 분,시 분,시 분,시 분,,,,없음
A13402305,480,3,미설치,설치,0,5,,입주민전용,시 분,1시 1분,시 분,23시 0분,◆1◆|지하|벽부형충전기|AC단상 5핀|급속|5|에버온인프라|,0,5,없음
A13403001,197,2,미설치,설치,0,6,,입주민전용,시 분,23시 0분,시 분,23시 0분,"◆1◆|지하|벽부형충전기|AC3상 7핀|완속|4|크린일렉스|,◆2◆|지하|벽부형충전기|AC3상 7핀|완속|2|홈앤서비스|",0,6,없음
A13403002,343,5,미설치,미설치,0,0,,,시 분,시 분,시 분,시 분,,,,없음
A13403101,1451,31,미설치,설치,0,5,,입주민전용,시 분,0시 0분,시 분,23시 59분,"◆1◆|지하|스탠드형충전기|AC3상 7핀|급속|1|한국전력공사|,◆2◆|지하|스탠드형충전기|AC3상 7핀|완속|4|한국전력공사|",0,5,있음
A13405002,666,10,미설치,설치,0,13,입주민전용,입주민전용,,0시 0분,,0시 0분,◆1◆|지하|벽부형충전기|AC단상 5핀|완속|13|한국알박|,0,13,없음
A13405003,2185,46,미설치,설치,0,46,,,시 분,0시 0분,시 분,23시 59분,◆1◆|지하|벽부형충전기|AC단상 5핀|완속|46|휴멕스|,0,46,없음
A13405201,131,50,미설치,설치,0,30,,입주민전용,시 분,24시 0분,시 분,24시 0분,"◆1◆|지하|벽부형충전기|AC단상 5핀|완속|131|스타코프, 나이스|,◆2◆|지하|벽부형충전기|AC단상 5핀|완속|50|LGU+|",0,181,없음
A13406002,192,20,미설치,미설치,0,0,입주민전용,입주민전용,시 분,시 분,시 분,시 분,,,,없음
A13406003,261,3,미설치,설치,0,5,,입주민전용,시 분,0시 10분,시 분,23시 10분,◆1◆|지하|벽부형충전기|AC단상 5핀|완속|5|(주)이브이세상|,0,5,있음
A13406005,0,0,미설치,미설치,0,0,,,시 분,시 분,시 분,시 분,,,,없음
A13406201,200,5,설치,미설치,0,0,입주민전용,,0시 0분,시 분,24시 0분,시 분,◆1◆|지상|스탠드형충전기|직접입력|완속|2|(주)이엘일렉트릭|,2,0,없음
A13406204,441,8,미설치,설치,0,9,,입주민전용,시 분,23시 59분,시 분,23시 59분,◆1◆|지하|벽부형충전기|AC3상 7핀|완속|8|파워큐브|,0,8,없음
A13406205,528,20,미설치,설치,0,3,,입주민전용,시 분,0시 0분,시 분,23시 59분,"◆1◆|지하|스탠드형충전기|AC3상 7핀|완속|2|한국전력공사|,◆2◆|지하|스탠드형충전기|AC3상 7핀|급속|1|한국전력공사|",0,3,없음
A13407002,10,10,미설치,미설치,2,0,,,시 분,시 분,시 분,시 분,,,,있음
A13407104,2690,28,미설치,미설치,0,0,,,시 분,시 분,시 분,시 분,,,,없음
A13407201,181,0,설치,미설치,3,0,입주민전용,,0시 0분,시 분,24시 0분,시 분,◆1◆|지상|스탠드형충전기|AC단상 5핀|완속|3|에버온|,3,0,없음
A13407202,369,0,미설치,미설치,0,0,,,시 분,시 분,시 분,시 분,,,,없음
A13407204,752,15,미설치,미설치,0,0,,,시 분,시 분,시 분,시 분,,,,없음
A13408003,2011,8,미설치,설치,0,9,입주민전용,입주민전용,시 분,0시 1분,시 분,23시 59분,"◆1◆|지하|벽부형충전기|직접입력|급속|1|한국전력|,◆2◆|지하|벽부형충전기|직접입력|완속|5|에버온|,◆3◆|지하|벽부형충전기|직접입력|완속|3|한국전력|,◆4◆|지하|이동형충전기|직접입력|완속|28|파워큐브|",0,37,없음
A13409001,263,4,설치,미설치,4,0,입주민전용,,0시 0분,시 분,24시 0분,시 분,◆1◆|지상|벽부형충전기|AC단상 5핀|완속|4|플러그링크|,4,0,없음
A13410001,320,0,미설치,미설치,0,0,입주민전용,입주민전용,시 분,시 분,시 분,시 분,,,,없음
A13410002,454,6,미설치,설치,0,3,,입주민전용,시 분,0시 0분,시 분,23시 59분,"◆1◆|지하|벽부형충전기|AC단상 5핀|완속|2|홈앤서비스|,◆2◆|지하|벽부형충전기|AC단상 5핀|완속|1|파워큐브|",0,3,없음
A13410003,580,12,미설치,설치,0,12,,입주민전용,시 분,0시 23분,시 분,0시 24분,"◆1◆|지하|벽부형충전기|AC3상 7핀|완속|5|파워큐브|,◆2◆|지하|벽부형충전기|AC3상 7핀|완속|7|G-connect|",0,12,없음
A13410004,575,15,설치,설치,0,13,,입주민전용,0시 0분,0시 0분,24시 0분,24시 0분,"◆1◆|지상|스탠드형충전기|AC단상 5핀|완속|12|현대엔지니어링|,◆2◆|지하|스탠드형충전기|AC단상 5핀|완속|12|GS컨넥트|",12,12,없음
A13410005,850,16,미설치,설치,16,4,,입주민전용,시 분,24시 0분,시 분,0시 0분,"◆1◆|지하|스탠드형충전기|AC3상 7핀|완속|16|LGU+|,◆2◆|지하|이동형충전기|AC3상 7핀|완속|33|파워큐브코리아|,◆3◆|지하|스탠드형충전기|AC3상 7핀|급속|1|한전|,◆4◆|지하|벽부형충전기|AC3상 7핀|완속|3|레드이엔지|",0,53,없음
A13410006,780,17,미설치,설치,0,15,,입주민전용,시 분,0시 0분,시 분,0시 0분,◆1◆|지하|벽부형충전기|AC3상 7핀|완속|17|파워큐브코리아|,0,17,없음
A13410007,841,21,설치,설치,12,9,입주민전용,입주민전용,23시 0분,1시 0분,23시 0분,23시 0분,"◆1◆|지하|벽부형충전기|AC3상 7핀|완속|9|(주)에버온|,◆2◆|지상|스탠드형충전기|AC3상 7핀|완속|11|아이파킹주식회사|,◆3◆|지상|스탠드형충전기|AC3상 7핀|급속|1|아이파킹주식회사|",12,9,없음
A13410008,981,6,설치,설치,16,6,입주민전용,입주민전용,23시 59분,23시 59분,23시 59분,23시 59분,"◆1◆|지하|벽부형충전기|AC단상 5핀|완속|3|한국알박|,◆2◆|지하|벽부형충전기|AC단상 5핀|완속|2|(주)에버온|,◆3◆|지하|스탠드형충전기|AC3상 7핀|급속|1|한국전력|,◆4◆|지상|스탠드형충전기|AC단상 5핀|완속|16|(주)에버온|",16,6,없음
A13410009,767,11,설치,미설치,17,0,외부인허용,외부인허용,24시 0분,시 분,24시 0분,시 분,◆1◆|지상|스탠드형충전기|AC단상 5핀|완속|17|에버온|,17,0,없음
A13410010,892,3,설치,설치,10,7,입주민전용,입주민전용,23시 59분,23시 59분,23시 59분,23시 59분,"◆1◆|지하|스탠드형충전기|AC단상 5핀|완속|3|한국전력공사|,◆2◆|지하|스탠드형충전기|AC3상 7핀|급속|1|한국전력공사|,◆3◆|지하|벽부형충전기|AC단상 5핀|완속|3|차지비|,◆4◆|지상|스탠드형충전기|AC단상 5핀|완속|10|차지비|",10,7,있음
A13410011,752,15,설치,설치,12,3,,,24시 0분,23시 0분,24시 0분,23시 0분,◆1◆|지하|벽부형충전기|AC단상 5핀|완속|3|파워큐브|,0,3,없음
A13410012,716,6,미설치,설치,0,12,,입주민전용,시 분,0시 0분,시 분,23시 0분,◆1◆|지하|벽부형충전기|AC단상 5핀|완속|12|(주)이즈차저|,0,12,없음
A13470101,1110,11,설치,미설치,3,0,입주민전용,,0시 0분,시 분,0시 0분,시 분,"◆1◆|지상|스탠드형충전기|AC3상 7핀|급속|1|한국전력공사|,◆2◆|지상|스탠드형충전기|AC3상 7핀|완속|2|한국전력공사|",3,0,없음
A13470102,70,0,미설치,미설치,0,0,입주민전용,입주민전용,시 분,시 분,시 분,시 분,,,,없음
A13470104,45,0,미설치,미설치,0,0,,,시 분,시 분,시 분,시 분,,,,없음
A13470502,7,4,미설치,설치,0,7,,입주민전용,시 분,20시 0분,시 분,20시 0분,◆1◆|지하|벽부형충전기|AC3상 7핀|완속|7|(주)sk|,0,7,없음
A13470503,1112,23,미설치,설치,0,23,,입주민전용,시 분,0시 0분,시 분,23시 59분,"◆1◆|지하|스탠드형충전기|AC3상 7핀|급속|1|한전|,◆2◆|지하|스탠드형충전기|AC3상 7핀|완속|3|한전|",0,4,없음
A13470504,162,0,미설치,미설치,0,0,,,시 분,시 분,시 분,시 분,,,,없음
A13471501,472,3,설치,설치,7,3,,입주민전용,0시 0분,0시 0분,0시 0분,0시 0분,"◆1◆|지상|스탠드형충전기|직접입력|완속|7|(주)에버온|,◆2◆|지하|벽부형충전기|직접입력|완속|3|(주)에버온|",7,3,없음
A13472201,143,0,설치,미설치,2,0,입주민전용,입주민전용,0시 0분,시 분,0시 0분,시 분,◆1◆|지상|스탠드형충전기|직접입력|완속|2|(주)에버온|,2,0,없음
A13472701,2720,48,미설치,설치,0,52,,입주민전용,시 분,1시 1분,시 분,23시 59분,"◆1◆|지하|벽부형충전기|AC단상 5핀|완속|40|나이스차저|,◆2◆|지하|벽부형충전기|AC단상 5핀|완속|10|파워큐브|,◆3◆|지하|스탠드형충전기|AC3상 7핀|급속|2|한국전력 강동지사|",0,52,있음
A13475001,200,1,미설치,미설치,0,0,,입주민전용,시 분,시 분,시 분,시 분,,,,없음
A13478601,706,1,미설치,미설치,0,0,,,시 분,시 분,시 분,시 분,,,,없음
A13480401,569,18,미설치,설치,0,9,,입주민전용,시 분,0시 0분,시 분,24시 0분,"◆1◆|지하|벽부형충전기|AC단상 5핀|완속|9|파워큐브코리아, 나이스인프라|",0,9,없음
A13480403,1050,35,미설치,설치,0,12,,,시 분,0시 0분,시 분,23시 0분,"◆1◆|지하|벽부형충전기|AC단상 5핀|완속|3|휴맥스|,◆2◆|지하|벽부형충전기|AC단상 5핀|완속|9|에버온|",0,12,없음
A13480803,318,7,미설치,설치,0,12,입주민전용,입주민전용,시 분,24시 0분,시 분,24시 0분,◆1◆|지하|벽부형충전기|AC3상 7핀|완속|12|lg차지비|,0,12,없음
A13481001,168,5,미설치,미설치,0,0,,,시 분,시 분,시 분,시 분,,,,없음
A13481305,456,0,미설치,설치,0,1,,,시 분,23시 0분,시 분,23시 0분,◆1◆|지하|이동형충전기|AC단상 5핀|완속|1|길동우성2차|,0,1,없음
A13481802,235,3,설치,미설치,6,0,입주민전용,,0시 0분,시 분,23시 59분,시 분,◆1◆|지상|벽부형충전기|AC단상 5핀|완속|6|에버온|,6,0,없음
A13482505,783,3,설치,미설치,8,0,,,0시 0분,시 분,24시 0분,시 분,"◆1◆|지상|스탠드형충전기|AC단상 5핀|완속|3|(주)에버온|,◆2◆|지상|벽부형충전기|AC단상 5핀|완속|5|(주)에버온|",8,0,없음
A13482603,723,5,설치,미설치,7,0,,,0시 0분,시 분,24시 0분,시 분,"◆1◆|지상|스탠드형충전기||급속|1||,◆2◆|지상|스탠드형충전기||완속|6||",7,0,없음
A13482706,681,14,설치,미설치,6,0,입주민전용,,0시 0분,시 분,24시 0분,시 분,"◆1◆|지상|스탠드형충전기|AC단상 5핀|완속|3|kevit|,◆2◆|지상|스탠드형충전기|AC단상 5핀|완속|3|플러그인|",6,0,없음
A13482801,0,0,미설치,미설치,0,0,,,시 분,시 분,시 분,시 분,,,,있음
A13483002,925,26,미설치,설치,0,18,,입주민전용,시 분,24시 0분,시 분,24시 0분,"◆1◆|지하|벽부형충전기|직접입력|완속|1|(주)파워큐브|,◆2◆|지하|벽부형충전기|직접입력|완속|18|플러그링크|",0,19,없음
A13483803,447,20,미설치,설치,0,7,,,시 분,12시 0분,시 분,24시 0분,◆1◆|지하|벽부형충전기|직접입력|완속|8|(주)LG유플러스|,0,8,없음
A13484003,265,3,설치,미설치,3,0,,,0시 24분,시 분,0시 24분,시 분,◆1◆|지상|스탠드형충전기|직접입력|완속|3|everon|,3,0,없음
A13484004,280,10,미설치,설치,0,5,,입주민전용,시 분,0시 0분,시 분,23시 0분,◆1◆|지하|벽부형충전기|AC단상 5핀|완속|5|이지차저|,0,5,없음
A13484102,299,0,설치,미설치,6,0,입주민전용,,24시 0분,시 분,24시 0분,시 분,◆1◆|지상|벽부형충전기|직접입력|완속|6|GS차지비|,6,0,없음
A13484201,242,10,설치,미설치,2,0,외부인허용,,0시 0분,시 분,23시 59분,시 분,◆1◆|지상|스탠드형충전기|AC단상 5핀|완속|2|한전|,2,0,없음
A13484501,228,0,미설치,미설치,0,0,입주민전용,입주민전용,시 분,시 분,시 분,시 분,,,,없음
A13485301,760,90,미설치,설치,0,104,입주민전용,입주민전용,시 분,0시 0분,시 분,24시 0분,"◆1◆|지하|스탠드형충전기|AC단상 5핀|완속|14|현대엔지니어링|,◆2◆|지하|벽부형충전기|AC단상 5핀|완속|40|(주)스타코프|,◆3◆|지하|벽부형충전기|AC단상 5핀|완속|50|홈엔서비스(주)|",0,104,없음
A13485302,4730,162,미설치,설치,0,93,,,시 분,0시 1분,시 분,23시 59분,◆1◆|지하|벽부형충전기|AC단상 5핀|완속|93|차지비|,0,93,없음
A13485401,263,0,미설치,미설치,0,0,,,시 분,시 분,시 분,시 분,,,,없음
A13486102,153,1,미설치,미설치,0,0,,,시 분,시 분,시 분,시 분,,,,없음
A13486401,69,0,설치,미설치,2,0,입주민전용,,1시 0분,시 분,23시 0분,시 분,◆1◆|지상|벽부형충전기|AC단상 5핀|완속|2|플러그링크|,2,0,없음
A13486504,617,22,미설치,설치,0,11,,입주민전용,시 분,0시 10분,시 분,23시 30분,◆1◆|지하|벽부형충전기|AC단상 5핀|완속|11|(주)이지차처|,0,11,없음
A13486601,205,4,설치,미설치,2,0,,,24시 0분,시 분,24시 0분,시 분,◆1◆|지상|스탠드형충전기|AC3상 7핀|완속|2|플러그링크|,2,0,없음
A13486701,176,1,미설치,설치,0,8,,입주민전용,시 분,23시 0분,시 분,23시 0분,◆1◆|지하|벽부형충전기|AC단상 5핀|완속|8|sk브로드밴드|,0,8,없음
A13486703,155,11,미설치,설치,0,11,,입주민전용,시 분,5시 1분,시 분,23시 55분,"◆1◆|지하|스탠드형충전기|직접입력|완속|1|(주)중앙제어|,◆2◆|지하|벽부형충전기|직접입력|완속|10|SK 홈앤서비스|",0,11,없음
A13486705,243,8,미설치,설치,0,5,,,시 분,0시 0분,시 분,23시 59분,"◆1◆|지하|벽부형충전기|직접입력|완속|6|홈앤서비스(주)|,◆2◆|지하|이동형충전기|직접입력|완속|5|(주)스타코프|",0,11,없음
A13487102,5,5,미설치,설치,0,5,입주민전용,입주민전용,시 분,0시 0분,시 분,23시 0분,◆1◆|지하|벽부형충전기|AC단상 5핀|완속|5|차지비|,0,5,없음
A13488104,960,49,미설치,설치,0,20,,입주민전용,시 분,23시 0분,시 분,23시 0분,"◆1◆|지하|스탠드형충전기|DC콤보 7핀|급속|1|한국전력공사|,◆2◆|지하|벽부형충전기|AC단상 5핀|완속|20|엘지유플러스|,◆3◆|지하|스탠드형충전기|AC단상 5핀|완속|2|한국전력공사|",0,23,없음
A13501001,527,24,미설치,설치,0,13,,입주민전용,시 분,0시 0분,시 분,0시 0분,◆1◆|지하|벽부형충전기|AC단상 5핀|완속|10|파워큐브|,0,10,없음
A13501002,300,9,미설치,설치,0,2,,입주민전용,시 분,1시 0분,시 분,24시 0분,◆1◆|지하|벽부형충전기|AC단상 5핀|완속|2|차지비|,0,2,없음
A13501004,916,35,미설치,설치,0,8,,입주민전용,시 분,24시 0분,시 분,24시 0분,◆1◆|지하|벽부형충전기|AC단상 5핀|완속|8|차지비|,0,8,없음
A13501006,615,10,미설치,설치,0,626,,입주민전용,시 분,24시 0분,시 분,24시 0분,"◆1◆|지하|스탠드형충전기|DC콤보 7핀|급속|1|한국전력공사 강남지|,◆2◆|지하|벽부형충전기|AC단상 5핀|완속|30|플러그링크(주)|",0,31,있음
A13508001,70,0,미설치,미설치,0,0,,,,,,,,,,없음
A13508002,210,4,미설치,설치,0,2,,입주민전용,시 분,23시 0분,시 분,23시 0분,"◆1◆|지하|벽부형충전기|AC3상 7핀|완속|2|한국전기차인프라기술|,◆2◆|지하|벽부형충전기|AC단상 5핀|완속|4|홈앤서비스|",0,6,없음
A13508003,500,5,미설치,설치,0,2,,,,0시 1분,,23시 59분,◆1◆|지하|벽부형충전기|AC단상 5핀|완속|2|(주)클린일렉스|,0,2,없음
A13508004,260,7,미설치,설치,0,5,,입주민전용,시 분,0시 0분,시 분,24시 0분,◆1◆|지하|벽부형충전기|AC단상 5핀|완속|5|한국알박|,0,5,없음
A13508005,194,3,미설치,설치,0,3,,입주민전용,시 분,24시 0분,시 분,24시 0분,◆1◆|지하|벽부형충전기|AC3상 7핀|완속|3|이카플러그|,0,3,있음
A13508006,600,3,미설치,설치,0,7,,입주민전용,시 분,0시 0분,시 분,23시 59분,"◆1◆|지하|벽부형충전기|AC단상 5핀|완속|7|플러그링크|,◆2◆|지하|벽부형충전기|AC단상 5핀|완속|7|이지챠저|",0,14,없음
A13508009,867,43,미설치,설치,0,18,,입주민전용,시 분,1시 0분,시 분,24시 0분,"◆1◆|지하|스탠드형충전기|AC3상 7핀|완속|2|(주)에버온|,◆2◆|지하|벽부형충전기|AC3상 7핀|완속|16|(주)에버온|",0,18,있음
A13508010,400,5,미설치,설치,0,3,입주민전용,입주민전용,시 분,0시 0분,시 분,23시 59분,◆1◆|지하|벽부형충전기|AC3상 7핀|완속|3|sk홈앤서비스|,0,3,없음
A13508011,700,30,미설치,설치,0,13,,,시 분,0시 0분,시 분,0시 0분,◆1◆|지하|벽부형충전기|AC단상 5핀|완속|13|에버온|,0,13,없음
A13508012,588,6,미설치,설치,0,6,,입주민전용,시 분,0시 1분,시 분,23시 59분,◆1◆|지하|벽부형충전기|AC단상 5핀|완속|6|에버온|,0,6,없음
A13509001,278,9,미설치,설치,0,8,,입주민전용,시 분,24시 0분,시 분,24시 0분,"◆1◆|지하|벽부형충전기|직접입력|완속|8|윤우테크|,◆2◆|지하|벽부형충전기|직접입력|완속|8|윤우테크|",0,16,없음
A13509003,341,10,미설치,설치,0,6,,외부인허용,시 분,1시 0분,시 분,24시 0분,"◆1◆|지하|벽부형충전기|직접입력|완속|5|KEVIT|,◆2◆|지하|벽부형충전기|직접입력|완속|1|EVERON|",0,6,없음
A13509004,348,2,미설치,설치,0,14,입주민전용,,시 분,0시 0분,시 분,0시 0분,◆1◆|지하|벽부형충전기|AC단상 5핀|완속|14|플러그링크|,0,14,없음
A13509005,484,24,미설치,설치,0,4,,입주민전용,시 분,23시 59분,시 분,23시 59분,"◆1◆|지하|벽부형충전기|AC단상 5핀|완속|4|차지비|,◆2◆|지하|벽부형충전기|직접입력|완속|6|차지인|",0,10,없음
A13509006,394,6,미설치,설치,0,2,,입주민전용,시 분,23시 0분,시 분,23시 0분,"◆1◆|지하|벽부형충전기|AC3상 7핀|완속|2|GS커넥트|,◆2◆|지하|이동형충전기|AC3상 7핀|완속|2|파워큐브코리아|",0,4,없음
A13509007,430,10,설치,설치,5,3,,입주민전용,24시 0분,24시 0분,24시 0분,24시 0분,"◆1◆|지하|벽부형충전기|AC3상 7핀|완속|3|(주)클린일랙스|,◆2◆|지상|스탠드형충전기|AC단상 5핀|완속|5|(주)신세계아앤씨|",5,3,없음
A13509009,1250,22,미설치,설치,0,0,,입주민전용,시 분,0시 0분,시 분,0시 0분,"◆1◆|지하|벽부형충전기|AC단상 5핀|완속|10|이비랑|,◆2◆|지하|스탠드형충전기|DC콤보 7핀|급속|1|한국전력|",0,11,없음
A13509010,1460,118,미설치,설치,0,72,,입주민전용,시 분,0시 0분,시 분,23시 59분,◆1◆|지하|벽부형충전기|AC단상 5핀|완속|72|스타코프|,0,72,없음
A13509012,1795,50,미설치,설치,0,0,입주민전용,입주민전용,시 분,0시 0분,시 분,23시 0분,◆1◆|지하|벽부형충전기|AC단상 5핀|완속|5|전기|,0,5,없음
A13509101,204,8,설치,미설치,2,0,,,0시 0분,시 분,0시 0분,시 분,◆1◆|지상|스탠드형충전기|AC단상 5핀|완속|2|플러그링크|,2,0,없음
A13510001,185,1,미설치,미설치,0,0,,,,,,,,,,없음
A13510002,161,0,미설치,미설치,0,0,입주민전용,입주민전용,시 분,시 분,시 분,시 분,,,,없음
A13510003,373,41,미설치,설치,0,13,,외부인허용,시 분,24시 0분,시 분,24시 0분,"◆1◆|지하|벽부형충전기|AC단상 5핀|완속|13|(주)타디스테크놀로|,◆2◆|지하|이동형충전기|AC단상 5핀|완속|8|GS차지비|",0,21,있음
A13510005,1073,5,미설치,미설치,0,0,,,시 분,시 분,시 분,시 분,,,,없음
A13510006,450,0,미설치,미설치,0,0,,,시 분,시 분,시 분,시 분,,,,없음
A13510007,1183,10,미설치,설치,0,18,,,시 분,0시 0분,시 분,24시 0분,"◆1◆|지하|스탠드형충전기|AC단상 5핀|완속|3|한전 plug|,◆2◆|지하|벽부형충전기|AC단상 5핀|완속|14|스타코프|,◆3◆|지하|벽부형충전기|AC단상 5핀|완속|170|스타코프|,◆4◆|지하|스탠드형충전기|DC콤보 7핀|급속|1|한전 plug|",0,188,없음
A13510009,282,7,설치,설치,0,0,입주민전용,입주민전용,6시 0분,6시 0분,23시 0분,23시 0분,"◆1◆|지상|벽부형충전기|AC단상 5핀|완속|19|스타코프|,◆2◆|지하|벽부형충전기|AC단상 5핀|완속|65|스타코프|",19,65,없음
A13510102,500,15,미설치,설치,0,9,,입주민전용,시 분,0시 0분,시 분,23시 59분,◆1◆|지하|벽부형충전기|AC단상 5핀|완속|9|(주)퍼스트텔레콤|,0,9,없음
A13510103,542,42,미설치,설치,0,5,,입주민전용,시 분,24시 0분,시 분,24시 0분,◆1◆|지하|벽부형충전기|AC단상 5핀|완속|5|(주(파워큐브코리아|,0,5,없음
A13510201,243,9,설치,설치,2,2,입주민전용,입주민전용,0시 0분,0시 0분,24시 0분,24시 0분,"◆1◆|지하|벽부형충전기|AC단상 5핀|완속|2|지에스차지비|,◆2◆|지상|스탠드형충전기|AC단상 5핀|완속|2|지에스차지비|",2,2,없음
A13510202,253,0,미설치,미설치,0,0,,,시 분,시 분,시 분,시 분,,,,없음
A13510203,319,0,미설치,미설치,0,0,외부인허용,입주민전용,,,,,,,,없음
A13511001,0,0,미설치,미설치,0,0,,,시 분,시 분,시 분,시 분,,,,없음
A13511003,1281,10,미설치,설치,0,36,,입주민전용,시 분,0시 0분,시 분,23시 59분,◆1◆|지하|이동형충전기|AC단상 5핀|완속|36|(주)파워큐브|,0,36,없음
A13511004,2900,0,미설치,미설치,0,0,,,시 분,시 분,시 분,시 분,,,,없음
A13511101,650,5,미설치,미설치,0,0,입주민전용,입주민전용,시 분,시 분,시 분,시 분,,,,없음
A13511201,811,5,미설치,미설치,0,0,,,시 분,시 분,시 분,시 분,,,,없음
A13519001,392,5,미설치,설치,0,9,,입주민전용,시 분,0시 0분,시 분,24시 0분,"◆1◆|지하|벽부형충전기|AC단상 5핀|완속|2|레드이엔지|,◆2◆|지하|스탠드형충전기|AC단상 5핀|완속|3|한국전력|,◆3◆|지하|벽부형충전기|AC단상 5핀|완속|4|지커넥트|",0,9,없음
A13519002,14,11,미설치,설치,0,14,,외부인허용,시 분,0시 0분,시 분,0시 0분,"◆1◆|지하|벽부형충전기|AC단상 5핀|급속|1|한국전력|,◆2◆|지하|벽부형충전기|AC단상 5핀|완속|4|한국전기차인프라기술|,◆3◆|지하|벽부형충전기|AC단상 5핀|완속|7|클린일렉스|,◆4◆|지하|벽부형충전기|AC단상 5핀|완속|2|에버온|",0,14,없음
A13519003,407,4,미설치,설치,0,2,,입주민전용,시 분,0시 0분,시 분,23시 59분,"◆1◆|지하|스탠드형충전기|DC차데모 10핀|급속|1|한전|,◆2◆|지하|스탠드형충전기|AC3상 7핀|완속|1|한전|",0,2,없음
A13519004,287,1,미설치,설치,0,22,,입주민전용,시 분,0시 0분,시 분,0시 0분,"◆1◆|지하|스탠드형충전기|AC단상 5핀|완속|7|(주)에버온|,◆2◆|지하|벽부형충전기|AC단상 5핀|완속|2|(주)차지비|",0,9,없음
A13519005,874,10,미설치,설치,0,10,입주민전용,입주민전용,시 분,1시 1분,시 분,23시 59분,"◆1◆|지하|스탠드형충전기|AC단상 5핀|급속|1|사업자|,◆2◆|지하|스탠드형충전기|AC단상 5핀|완속|8|사업자|,◆3◆|지하|벽부형충전기|AC단상 5핀|완속|1|사업자|",0,10,있음
A13519006,1258,34,미설치,설치,0,0,,입주민전용,시 분,0시 0분,시 분,0시 0분,"◆1◆|지하|벽부형충전기|AC3상 7핀|급속|1|한전|,◆2◆|지하|벽부형충전기|AC단상 5핀|완속|22|파워큐브,한화|",0,23,있음
A13519007,779,30,미설치,설치,0,20,,입주민전용,시 분,0시 0분,시 분,24시 0분,"◆1◆|지하|벽부형충전기|AC단상 5핀|완속|15|이지차저|,◆2◆|지하|벽부형충전기|AC단상 5핀|완속|5|에버온|",0,20,없음
A13519008,700,3,설치,설치,15,5,입주민전용,입주민전용,0시 0분,0시 0분,0시 0분,0시 0분,"◆1◆|지상|스탠드형충전기|AC단상 5핀|완속|15|나이스차저0|,◆2◆|지하|벽부형충전기|AC단상 5핀|완속|5|이카플러스|",15,5,없음
A13520001,1393,20,미설치,설치,0,12,,입주민전용,시 분,0시 0분,시 분,23시 59분,◆1◆|지하|벽부형충전기|AC단상 5핀|완속|12|sk홈앤서비스|,0,12,없음
A13520002,1860,50,미설치,설치,0,58,,입주민전용,시 분,0시 1분,시 분,23시 59분,"◆1◆|지하|스탠드형충전기|AC단상 5핀|완속|4|한전|,◆2◆|지하|스탠드형충전기|DC콤보 7핀|급속|1|한전|,◆3◆|지하|벽부형충전기|AC단상 5핀|완속|28|파워큐브코리아|",0,33,없음
A13520003,1665,44,미설치,설치,0,0,,입주민전용,시 분,0시 24분,시 분,0시 24분,◆1◆|지하|벽부형충전기|DC콤보 7핀|급속|76|한국전력|,0,76,있음
A13520004,613,14,미설치,설치,0,11,입주민전용,입주민전용,시 분,0시 24분,시 분,0시 24분,◆1◆|지하|벽부형충전기|AC단상 5핀|완속|11|에바|,0,11,없음
A13522003,624,18,설치,미설치,8,0,입주민전용,,24시 0분,시 분,24시 0분,시 분,◆1◆|지상|스탠드형충전기|AC3상 7핀|완속|8|이지차저|,8,0,없음
A13522004,984,10,미설치,설치,0,16,,입주민전용,시 분,9시 0분,시 분,9시 0분,◆1◆|지하|벽부형충전기|AC단상 5핀|완속|16|에버온|,0,16,없음
A13522006,325,0,미설치,미설치,0,0,,,시 분,시 분,시 분,시 분,,,,없음
A13522007,936,11,미설치,설치,0,12,,외부인허용,시 분,0시 0분,시 분,24시 0분,◆1◆|지하|벽부형충전기|직접입력|완속|12|채비(주)|,0,12,없음
A13522008,658,8,설치,미설치,17,0,입주민전용,,24시 0분,시 분,23시 59분,시 분,◆1◆|지상|스탠드형충전기|AC3상 7핀|완속|12|(주)큐브이엔씨|,12,0,없음
A13523001,319,4,설치,미설치,4,0,입주민전용,외부인허용,0시 0분,시 분,23시 59분,시 분,◆1◆|지상|스탠드형충전기|AC단상 5핀|완속|4|(주)에바온|,4,0,없음
A13523003,627,2,설치,설치,6,41,,,24시 0분,24시 0분,24시 0분,24시 0분,"◆1◆|지하|벽부형충전기|AC단상 5핀|완속|3|에버온|,◆2◆|지하|스탠드형충전기|직접입력|급속|1|한전 강남지사|,◆3◆|지상|스탠드형충전기|AC단상 5핀|완속|6|에버온|",6,4,없음
A13523004,1011,13,미설치,설치,0,5,,입주민전용,,1시 0분,,23시 0분,"◆1◆|지하|벽부형충전기|직접입력|완속|4|LG유플러스|,◆2◆|지하|스탠드형충전기|직접입력|급속|1|한국전력공사|",0,5,없음
A13523005,1100,19,설치,설치,10,9,,입주민전용,24시 0분,24시 0분,24시 0분,24시 0분,"◆1◆|지상|스탠드형충전기|AC단상 5핀|완속|10|(주)에버온|,◆2◆|지하|벽부형충전기|AC단상 5핀|완속|9|(주)에버온|",10,9,없음
A13524004,419,20,설치,미설치,9,0,입주민전용,,23시 0분,시 분,23시 0분,시 분,◆1◆|지상|스탠드형충전기|AC단상 5핀|완속|9|한국전기차인프라기술|,9,0,없음
A13524005,9,9,설치,미설치,9,0,입주민전용,,6시 0분,시 분,6시 0분,시 분,◆1◆|지상|스탠드형충전기|AC단상 5핀|완속|9|LGu+|,9,0,없음
A13524006,842,14,미설치,미설치,0,0,,,시 분,시 분,시 분,시 분,,,,없음
A13524009,511,13,설치,설치,11,2,입주민전용,입주민전용,0시 0분,0시 0분,0시 0분,0시 0분,"◆1◆|지상|스탠드형충전기|직접입력|완속|11|플러그링크|,◆2◆|지하|벽부형충전기|직접입력|완속|2|홈앤서비스주식회사|",11,2,없음
A13527001,98,3,미설치,설치,0,2,,입주민전용,시 분,24시 0분,시 분,24시 0분,◆1◆|지하|벽부형충전기|직접입력|완속|2|LG유플러스볼트업|,0,2,없음
A13527002,204,0,설치,미설치,0,0,입주민전용,,24시 0분,시 분,24시 0분,시 분,◆1◆|지상|스탠드형충전기|AC단상 5핀|완속|3|LG유플러스|,3,0,없음
A13527004,279,3,설치,미설치,3,0,입주민전용,,0시 1분,시 분,0시 1분,시 분,◆1◆|지상|스탠드형충전기|AC3상 7핀|완속|5|SK일렉링크|,5,0,없음
A13527005,153,0,미설치,설치,0,0,,입주민전용,시 분,0시 0분,시 분,0시 0분,◆1◆|지하|벽부형충전기|AC3상 7핀|완속|3|LGU+|,0,3,없음
A13527006,280,4,미설치,미설치,6,0,,,시 분,시 분,시 분,시 분,,,,없음
A13527007,592,11,미설치,설치,0,11,,입주민전용,,0시 0분,,0시 0분,◆1◆|지하|벽부형충전기|AC단상 5핀|완속|11|에버온|,0,11,없음
A13527008,450,18,설치,설치,6,2,입주민전용,입주민전용,0시 0분,0시 0분,24시 0분,24시 0분,"◆1◆|지상|스탠드형충전기|AC3상 7핀|완속|6|파킹클라우드|,◆2◆|지하|벽부형충전기|AC3상 7핀|완속|2|에버온|",6,2,없음
A13527010,370,5,미설치,미설치,0,0,,,시 분,시 분,시 분,시 분,,,,없음
A13527011,637,54,미설치,설치,0,13,,입주민전용,시 분,0시 1분,시 분,23시 55분,"◆1◆|지하|스탠드형충전기|DC콤보 7핀|급속|1|아이파킹|,◆2◆|지하|벽부형충전기|AC단상 5핀|완속|9|아이파킹|,◆3◆|지하|벽부형충전기|AC단상 5핀|완속|3|에버온|",0,13,없음
A13527013,2,1,미설치,미설치,0,0,입주민전용,,시 분,시 분,시 분,시 분,,,,없음
A13527014,954,48,미설치,설치,0,117,,입주민전용,시 분,0시 1분,시 분,23시 59분,"◆1◆|지하|벽부형충전기|AC단상 5핀|완속|39|아이파킹|,◆2◆|지하|벽부형충전기|AC단상 5핀|완속|54|스타코프|,◆3◆|지하|벽부형충전기|AC단상 5핀|완속|63|파워큐브|,◆4◆|지하|스탠드형충전기|직접입력|급속|1|한국전력|",0,157,없음
A13527016,694,0,미설치,미설치,0,0,,,시 분,시 분,시 분,시 분,,,,없음
A13527017,3558,59,미설치,설치,0,72,,입주민전용,시 분,0시 0분,시 분,23시 59분,"◆1◆|지하|벽부형충전기|직접입력|완속|42|차지인|,◆2◆|지하|스탠드형충전기|DC콤보 7핀|급속|1|한국전력|,◆3◆|지하|스탠드형충전기|AC단상 5핀|완속|4|한국전력|,◆4◆|지하|스탠드형충전기|DC콤보 7핀|급속|3|에스트래피|,◆5◆|지하|벽부형충전기|AC단상 5핀|완속|5|파워큐브|,◆6◆|지하|벽부형충전기|AC단상 5핀|완속|35|에스트래피|",0,90,없음
A13527018,4,4,미설치,미설치,0,0,,,,,,,,,,없음
A13527019,547,20,미설치,설치,0,9,입주민전용,입주민전용,시 분,1시 1분,시 분,23시 59분,◆1◆|지하|벽부형충전기|AC단상 5핀|완속|9|에버온|,0,9,없음
A13527203,4435,50,미설치,설치,0,89,,입주민전용,시 분,1시 10분,시 분,23시 50분,"◆1◆|지하|벽부형충전기|AC단상 5핀|완속|85|Gcharger|,◆2◆|지하|스탠드형충전기|AC단상 5핀|완속|2|한국전력|,◆3◆|지하|스탠드형충전기|AC단상 5핀|급속|2|한국전력|",0,89,있음
A13528001,360,10,미설치,설치,0,5,,외부인허용,시 분,1시 1분,시 분,23시 59분,◆1◆|지하|벽부형충전기|AC단상 5핀|완속|5|한국전자금융(주)|,0,5,없음
A13528003,1552,21,설치,미설치,25,0,입주민전용,,0시 0분,시 분,23시 59분,시 분,◆1◆|지상|벽부형충전기|직접입력|완속|25|차지비|,25,0,있음
A13528004,2906,3,설치,미설치,3,0,입주민전용,,0시 1분,시 분,23시 59분,시 분,◆1◆|지상|스탠드형충전기|AC단상 5핀|완속|3|해피차저|,3,0,없음
A13528005,450,0,미설치,미설치,0,0,,외부인허용,시 분,시 분,시 분,시 분,,,,없음
A13528007,613,89,미설치,설치,0,52,입주민전용,입주민전용,시 분,1시 0분,시 분,24시 0분,"◆1◆|지하|벽부형충전기|DC콤보 7핀|완속|50|에버온|,◆2◆|지하|스탠드형충전기|AC3상 7핀|급속|1|한국전령|,◆3◆|지하|스탠드형충전기|AC단상 5핀|완속|1|한국전력|",0,52,없음
A13528102,1250,20,미설치,설치,0,23,,,시 분,23시 59분,시 분,23시 59분,◆1◆|지하|벽부형충전기|AC단상 5핀|완속|10|에버원|,0,10,없음
A13528103,1804,32,미설치,설치,0,37,,입주민전용,시 분,0시 0분,시 분,23시 59분,"◆1◆|지하|벽부형충전기|DC콤보 7핀|완속|32|플러그링크(26.4월추가설치완료)|,◆2◆|지하|벽부형충전기|DC콤보 7핀|완속|37|플러그링크|",0,69,없음
A13528105,1886,44,설치,미설치,4,0,외부인허용,,0시 0분,시 분,24시 0분,시 분,◆1◆|지상|스탠드형충전기|AC단상 5핀|완속|4|지에스차지비(주)|,4,0,없음
A13550403,456,0,설치,미설치,9,0,,,0시 0분,시 분,24시 0분,시 분,◆1◆|지상|스탠드형충전기|AC단상 5핀|완속|9|LGU+|,9,0,있음
A13550502,1213,30,미설치,설치,0,31,,입주민전용,시 분,0시 0분,시 분,23시 0분,◆1◆|지하|벽부형충전기|AC단상 5핀|완속|22|플러그링크|,0,22,없음
A13550701,567,20,미설치,설치,0,18,,입주민전용,시 분,24시 0분,시 분,24시 0분,"◆1◆|지하|벽부형충전기|직접입력|완속|17|플러그링크|,◆2◆|지하|스탠드형충전기|직접입력|완속|1|한전|",0,18,없음
A13551103,0,0,미설치,미설치,0,0,,,시 분,시 분,시 분,시 분,,,,없음
A13552001,452,0,설치,미설치,6,0,,,0시 0분,시 분,24시 0분,시 분,◆1◆|지상|스탠드형충전기|AC단상 5핀|완속|6|(주)에버온|,6,0,없음
A13552002,1126,154,미설치,설치,0,19,,입주민전용,시 분,0시 1분,시 분,23시 55분,"◆1◆|지하|스탠드형충전기|AC단상 5핀|완속|4|한전|,◆2◆|지하|벽부형충전기|AC단상 5핀|완속|14|이지차저|,◆3◆|지하|벽부형충전기|AC단상 5핀|완속|1|한전|",0,19,없음
A13570501,1400,50,미설치,설치,0,16,,입주민전용,시 분,6시 0분,시 분,6시 0분,"◆1◆|지하|스탠드형충전기|AC단상 5핀|급속|1|한전|,◆2◆|지하|스탠드형충전기|AC단상 5핀|완속|3|한전|,◆3◆|지하|벽부형충전기|직접입력|완속|4|스타코프|,◆4◆|지하|벽부형충전기|AC단상 5핀|완속|8|스타코프|",0,16,없음
A13572601,323,4,미설치,설치,0,4,,외부인허용,시 분,24시 0분,시 분,24시 0분,◆1◆|지하|벽부형충전기|AC단상 5핀|완속|4|한국전기차인프라기술|,0,4,없음
A13579501,607,30,미설치,설치,0,552,,입주민전용,시 분,23시 59분,시 분,23시 59분,"◆1◆|지하|스탠드형충전기|AC단상 5핀|완속|3|한국전기차충전서비스|,◆2◆|지하|벽부형충전기|직접입력|완속|9|플러그링크|",0,12,없음
A13579503,239,12,미설치,설치,0,3,입주민전용,입주민전용,시 분,0시 0분,시 분,23시 59분,"◆1◆|지하|벽부형충전기|DC콤보 7핀|완속|6|홈앤서비스|,◆2◆|지하|스탠드형충전기|AC단상 5핀|완속|3|한전evc|",0,9,있음
A13579504,140,0,미설치,미설치,0,0,,,시 분,시 분,시 분,시 분,,,,없음
A13579505,710,119,미설치,설치,0,12,,입주민전용,시 분,0시 0분,시 분,23시 0분,"◆1◆|지하|벽부형충전기|AC단상 5핀|완속|10|지에스차지비|,◆2◆|지하|스탠드형충전기|AC3상 7핀|급속|1|한국전력|,◆3◆|지하|스탠드형충전기|AC3상 7핀|완속|1|한국전력|",0,12,있음
A13579506,439,15,미설치,설치,0,8,,,시 분,0시 0분,시 분,23시 0분,◆1◆|지하|벽부형충전기|AC3상 7핀|완속|8|(주)지커넥트|,0,8,있음
A13580001,355,5,설치,미설치,5,0,입주민전용,,0시 0분,시 분,23시 59분,시 분,"◆1◆|지상|벽부형충전기|AC단상 5핀|완속|4|현대엔진니어링|,◆2◆|지상|벽부형충전기|AC단상 5핀|완속|1|(주)지니|",5,0,없음
A13580002,290,10,설치,미설치,3,0,외부인허용,,0시 0분,시 분,24시 0분,시 분,◆1◆|지상|스탠드형충전기|직접입력|완속|3|CHARGEV|,3,0,없음
A13580602,1110,20,설치,미설치,9,0,입주민전용,,0시 0분,시 분,0시 0분,시 분,◆1◆|지상|벽부형충전기|AC단상 5핀|완속|9|플러그링크|,9,0,없음
A13582002,720,15,설치,미설치,12,0,,,9시 30분,시 분,12시 0분,시 분,◆1◆|지상|스탠드형충전기|AC단상 5핀|완속|12|지에스차지비|,12,0,없음
A13583301,240,10,설치,설치,2,2,,,0시 0분,0시 0분,23시 59분,23시 59분,◆1◆|지하|벽부형충전기|AC단상 5핀|완속|2|차지비|,0,2,없음
A13583402,484,1,미설치,미설치,0,0,,,시 분,시 분,시 분,시 분,,,,없음
A13583403,643,0,미설치,미설치,0,0,,,시 분,시 분,시 분,시 분,,,,없음
A13583404,883,9,설치,미설치,5,0,입주민전용,,0시 1분,시 분,23시 59분,시 분,◆1◆|지상|스탠드형충전기|AC단상 5핀|완속|5|한국전기차인프라기술|,5,0,없음
A13583507,0,0,미설치,미설치,0,0,,,시 분,시 분,시 분,시 분,,,,없음
A13583604,1672,0,설치,미설치,22,0,입주민전용,,0시 0분,시 분,23시 59분,시 분,◆1◆|지상|스탠드형충전기|AC단상 5핀|완속|22|에보온|,22,0,없음
A13583701,866,11,미설치,설치,0,5,,외부인허용,시 분,0시 1분,시 분,23시 59분,"◆1◆|지하|이동형충전기|직접입력|완속|10|홈앤차지서비스|,◆2◆|지하|벽부형충전기|AC단상 5핀|완속|3|클린일렉스|,◆3◆|지하|벽부형충전기|AC단상 5핀|완속|1|한전|,◆4◆|지하|벽부형충전기|직접입력|급속|1|한전|",0,15,없음
A13584101,576,14,미설치,설치,0,14,,입주민전용,시 분,0시 0분,시 분,23시 59분,◆1◆|지하|벽부형충전기|AC단상 5핀|완속|14|GS커넥트|,0,14,없음
A13585401,0,0,미설치,미설치,0,0,,,시 분,시 분,시 분,시 분,,,,없음
A13585402,2109,39,미설치,설치,0,39,,외부인허용,시 분,0시 0분,시 분,0시 0분,"◆1◆|지하|벽부형충전기|DC콤보 7핀|완속|5|한국전기차|,◆2◆|지하|스탠드형충전기|DC콤보 7핀|완속|1|한국전력|,◆3◆|지하|벽부형충전기|DC콤보 7핀|완속|26|한국전기차|,◆4◆|지하|벽부형충전기|DC콤보 7핀|완속|6|지에스커넥트|,◆5◆|지하|스탠드형충전기|DC콤보 7핀|급속|1|한국전력|",0,39,없음
A13585403,1291,100,미설치,설치,0,96,,,시 분,0시 0분,시 분,23시 59분,◆1◆|지하|벽부형충전기|AC3상 7핀|완속|96|휴맥스이브이|,0,96,없음
A13585404,602,26,미설치,설치,0,57,,입주민전용,시 분,1시 0분,시 분,24시 59분,"◆1◆|지하|벽부형충전기|AC단상 5핀|완속|6|스타코프|,◆2◆|지하|벽부형충전기|AC단상 5핀|완속|51|스타코프|",0,57,없음
A13585804,1616,20,미설치,설치,0,18,입주민전용,입주민전용,시 분,0시 0분,시 분,23시 59분,◆1◆|지하|벽부형충전기|AC단상 5핀|완속|18|파워규브|,0,18,없음
A13586101,183,0,미설치,설치,0,3,,입주민전용,시 분,24시 0분,시 분,24시 0분,◆1◆|지하|스탠드형충전기|AC단상 5핀|완속|3|gs커넥터|,0,3,있음
A13586102,2,2,미설치,미설치,0,0,,,시 분,시 분,시 분,시 분,,,,없음
A13587603,250,0,미설치,설치,0,7,,외부인허용,시 분,0시 0분,시 분,23시 59분,◆1◆|지하|벽부형충전기|직접입력|완속|7|에버온|,0,7,없음
A13588402,865,25,미설치,설치,0,15,,입주민전용,시 분,24시 0분,시 분,24시 0분,◆1◆|지하|벽부형충전기|AC단상 5핀|완속|15|(주)클린일렉스|,0,15,없음
A13588601,9,0,설치,미설치,7,0,외부인허용,,0시 0분,시 분,24시 0분,시 분,◆1◆|지상|스탠드형충전기|AC단상 5핀|완속|7|LG유플러스|,7,0,없음
A13589802,6000,0,미설치,미설치,0,0,입주민전용,,시 분,시 분,시 분,시 분,,,,없음
A13590204,1259,47,설치,미설치,5,0,입주민전용,,0시 0분,시 분,23시 59분,시 분,◆1◆|지상|스탠드형충전기|AC단상 5핀|완속|5|엘지유플러스|,5,0,없음
A13590602,339,0,미설치,미설치,0,0,,,시 분,시 분,시 분,시 분,,,,없음
A13591402,298,0,미설치,미설치,0,0,,,,,,,,,,없음
A13592002,257,16,미설치,설치,0,0,,,,23시 0분,,23시 0분,◆1◆|지하|벽부형충전기|AC단상 5핀|완속|16|sk브로드밴드|,0,16,없음
A13592601,743,35,미설치,설치,0,0,,,시 분,0시 0분,시 분,0시 0분,"◆1◆|지하|스탠드형충전기|직접입력|급속|1|한국전력|,◆2◆|지하|스탠드형충전기|직접입력|완속|2|한국전력|",0,3,없음
A13592604,944,10,미설치,설치,0,39,,입주민전용,시 분,0시 1분,시 분,0시 1분,"◆1◆|지하|벽부형충전기|AC단상 5핀|완속|9|클린일렉스|,◆2◆|지하|이동형충전기|직접입력|완속|30|스타코크|",0,39,없음
A13592605,1080,30,미설치,설치,0,60,,입주민전용,시 분,0시 1분,시 분,23시 59분,"◆1◆|지하|스탠드형충전기|AC단상 5핀|급속|1|한국전력공사.테슬라|,◆2◆|지하|스탠드형충전기|DC차데모 10핀|완속|3|한국전력공사.테슬라|,◆3◆|지하|벽부형충전기|DC차데모 10핀|완속|85|스타코프|",0,89,없음
A13592706,1250,45,설치,설치,16,5,입주민전용,입주민전용,0시 0분,0시 0분,0시 0분,0시 0분,"◆1◆|지하|스탠드형충전기|AC3상 7핀|급속|1|한전|,◆2◆|지하|스탠드형충전기|AC단상 5핀|완속|4|한전|,◆3◆|지상|스탠드형충전기|AC3상 7핀|급속|2|파킹클라우드(주)|,◆4◆|지상|스탠드형충전기|AC단상 5핀|완속|14|파킹클라우드|",16,5,없음
A13593801,690,14,설치,미설치,7,0,입주민전용,,24시 0분,시 분,24시 0분,시 분,"◆1◆|지상|스탠드형충전기|AC3상 7핀|완속|3|에버온|,◆2◆|지상|스탠드형충전기|AC3상 7핀|완속|8|에버온|",11,0,없음
A13593802,1289,19,설치,미설치,11,0,입주민전용,,23시 59분,시 분,23시 59분,시 분,◆1◆|지상|스탠드형충전기|AC단상 5핀|완속|11|(주)에버온|,11,0,없음
A13593901,414,10,설치,설치,5,5,외부인허용,외부인허용,0시 0분,0시 0분,23시 50분,23시 50분,"◆1◆|지하|벽부형충전기|AC단상 5핀|완속|4|차지인|,◆2◆|지하|벽부형충전기|AC단상 5핀|완속|1|차지비|,◆3◆|지상|스탠드형충전기|AC단상 5핀|완속|5|플러그링크|",5,5,없음
A13593908,575,0,미설치,미설치,0,0,입주민전용,,시 분,시 분,시 분,시 분,,,,없음
A13594007,717,12,설치,미설치,2,0,외부인허용,,0시 0분,시 분,24시 0분,시 분,"◆1◆|지상|스탠드형충전기|AC단상 5핀|완속|4|(주)플러그링크|,◆2◆|지상|스탠드형충전기|직접입력|급속|2|태영채비|",6,0,없음
A13594203,1094,17,미설치,미설치,0,0,,,시 분,시 분,시 분,시 분,,,,없음
A13594403,951,10,미설치,설치,0,5,,외부인허용,,0시 0분,,23시 0분,"◆1◆|지하|벽부형충전기|AC단상 5핀|완속|3|(주)클린일렉스|,◆2◆|지하|스탠드형충전기|AC3상 7핀|급속|1|한국전력공사|,◆3◆|지하|스탠드형충전기|AC단상 5핀|완속|1|한국전력공사|",0,5,없음
A13594701,727,2,미설치,설치,0,10,입주민전용,입주민전용,시 분,23시 59분,시 분,23시 59분,◆1◆|지하|스탠드형충전기|AC단상 5핀|완속|2|(주)차지비|,0,2,없음
A13594702,888,0,미설치,설치,8,6,,,시 분,24시 0분,시 분,24시 0분,◆1◆|지하|벽부형충전기|AC단상 5핀|완속|6|한국전자금융(주)|,0,6,없음
A13599301,1100,0,미설치,미설치,0,0,,외부인허용,시 분,시 분,시 분,시 분,,,,없음
A13599303,1107,0,미설치,미설치,0,0,외부인허용,,시 분,시 분,시 분,시 분,,,,없음
A13599402,0,0,미설치,미설치,0,0,,,시 분,시 분,시 분,시 분,,,,없음
A13603401,323,1,미설치,설치,0,6,,입주민전용,,0시 0분,,23시 0분,◆1◆|지하|벽부형충전기|AC단상 5핀|완속|6|플러그링크|,0,6,없음
A13603501,364,10,미설치,설치,0,6,,입주민전용,시 분,0시 0분,시 분,23시 0분,◆1◆|지하|벽부형충전기|AC단상 5핀|완속|6|클린일렉스|,0,6,없음
A13603701,489,8,미설치,설치,0,11,,,시 분,0시 0분,시 분,24시 0분,"◆1◆|지하|벽부형충전기|직접입력|완속|2|홈앤서비스|,◆2◆|지하|스탠드형충전기|DC차데모 10핀|급속|1|한전|,◆3◆|지하|벽부형충전기|AC단상 5핀|완속|8|(주)파워큐브코리아|",0,11,없음
A13603702,250,5,미설치,설치,0,2,입주민전용,입주민전용,시 분,0시 0분,시 분,23시 59분,◆1◆|지하|벽부형충전기|AC단상 5핀|완속|2|에버그린|,0,2,없음
A13604301,200,0,미설치,설치,0,4,,,시 분,6시 0분,시 분,22시 0분,◆1◆|지하|벽부형충전기|AC단상 5핀|완속|4|클린일렉스|,0,4,없음
A13604401,438,2,미설치,설치,0,13,,입주민전용,시 분,1시 0분,시 분,23시 0분,"◆1◆|지하|벽부형충전기|AC단상 5핀|완속|3|에버온|,◆2◆|지하|벽부형충전기|AC단상 5핀|완속|10|sk|",0,13,없음
A13606002,415,9,미설치,설치,0,9,,입주민전용,시 분,0시 0분,시 분,23시 59분,"◆1◆|지하|스탠드형충전기|AC3상 7핀|급속|1|kt|,◆2◆|지하|스탠드형충전기|AC3상 7핀|완속|8|플러그 링크|",0,9,없음
A13606003,1058,15,미설치,설치,0,20,,입주민전용,시 분,0시 0분,시 분,23시 0분,"◆1◆|지하|벽부형충전기|AC단상 5핀|완속|6|차지비|,◆2◆|지하|벽부형충전기|AC단상 5핀|완속|4|에버온|,◆3◆|지하|스탠드형충전기|AC단상 5핀|급속|1|한전|,◆4◆|지하|스탠드형충전기|AC단상 5핀|완속|1|한전|,◆5◆|지하|벽부형충전기|AC단상 5핀|완속|2|클린일렉스|,◆6◆|지하|벽부형충전기|AC단상 5핀|완속|30|홈앤서비스(sk)|",0,44,없음
A13606004,4966,163,설치,설치,57,39,입주민전용,입주민전용,0시 0분,0시 0분,0시 0분,0시 0분,"◆1◆|지상|벽부형충전기|AC3상 7핀|완속|57|에버온|,◆2◆|지하|벽부형충전기|AC3상 7핀|완속|39|에버온|",57,39,없음
A13606005,256,4,설치,미설치,4,0,,,24시 0분,시 분,24시 0분,시 분,◆1◆|지상|스탠드형충전기|AC단상 5핀|완속|4|(주)플러그링크|,4,0,없음
A13606101,598,8,미설치,설치,0,5,,외부인허용,시 분,0시 1분,시 분,23시 59분,◆1◆|지하|벽부형충전기|AC단상 5핀|완속|5|에버원|,0,5,없음
A13606102,0,9,설치,설치,0,6,,입주민전용,1시 0분,1시 0분,23시 0분,23시 0분,"◆1◆|지하|벽부형충전기|AC단상 5핀|완속|6|에버온|,◆2◆|지상|스탠드형충전기|AC단상 5핀|완속|5|파워큐브|,◆3◆|지상|벽부형충전기|AC단상 5핀|완속|5|파워큐브|",10,6,없음
A13606105,100,0,미설치,미설치,0,0,,,시 분,시 분,시 분,시 분,,,,없음
A13606106,250,0,미설치,미설치,0,0,,,시 분,시 분,시 분,시 분,,,,없음
A13606107,1596,30,미설치,설치,0,34,,입주민전용,시 분,0시 0분,시 분,23시 59분,"◆1◆|지하|벽부형충전기|AC단상 5핀|완속|24|나이스차져|,◆2◆|지하|벽부형충전기|AC단상 5핀|완속|10|에버온|",0,34,없음
A13606201,1315,0,미설치,설치,0,9,,입주민전용,시 분,0시 0분,시 분,23시 59분,"◆1◆|지하|벽부형충전기|AC단상 5핀|완속|50|스타코프|,◆2◆|지하|벽부형충전기|AC단상 5핀|완속|50|홈앤서비스|,◆3◆|지하|벽부형충전기|AC단상 5핀|완속|7|에버온|,◆4◆|지하|스탠드형충전기|DC콤보 7핀|완속|1|캡코|,◆5◆|지하|스탠드형충전기|AC3상 7핀|완속|1|캡코|",0,109,없음
A13607101,12,32,미설치,설치,0,12,,입주민전용,시 분,23시 0분,시 분,23시 0분,"◆1◆|지하|벽부형충전기|AC단상 5핀|완속|12|나이스, 에보원|",0,12,없음
A13607301,270,0,설치,미설치,5,0,입주민전용,,0시 0분,시 분,23시 0분,시 분,◆1◆|지상|벽부형충전기|AC단상 5핀|완속|5|GS차지비|,5,0,없음
A13607302,208,2,설치,미설치,1,0,입주민전용,,0시 0분,시 분,24시 0분,시 분,◆1◆|지상|벽부형충전기|AC단상 5핀|완속|1|(주)클린일렉스|,1,0,없음
A13608301,5,0,미설치,설치,0,5,,입주민전용,시 분,0시 0분,시 분,0시 0분,◆1◆|지하|벽부형충전기|AC단상 5핀|완속|5|엘지헬로비젼|,0,5,없음
A13608401,2,2,미설치,설치,0,2,,입주민전용,시 분,7시 30분,시 분,7시 30분,"◆1◆|지하|벽부형충전기|직접입력|완속|1|보문하우스토리|,◆2◆|지하|스탠드형충전기|직접입력|완속|1|보문하우스토리|",0,2,없음
A13608601,223,4,설치,미설치,4,0,입주민전용,,24시 0분,시 분,24시 0분,시 분,◆1◆|지상|스탠드형충전기|AC단상 5핀|완속|4|플러그 링크|,4,0,없음
A13609001,0,7,미설치,설치,0,7,,입주민전용,시 분,0시 0분,시 분,23시 59분,◆1◆|지하|벽부형충전기|AC단상 5핀|완속|7|GS 차지비|,0,7,없음
A13610001,190,2,미설치,설치,0,4,,입주민전용,시 분,12시 10분,시 분,12시 10분,◆1◆|지하|벽부형충전기|AC단상 5핀|완속|4|플러그링크|,0,4,없음
A13610003,263,4,미설치,설치,0,6,,,시 분,0시 1분,시 분,23시 1분,"◆1◆|지하|벽부형충전기|AC3상 7핀|완속|6|차지비, SK|",0,6,없음
A13610004,150,0,미설치,미설치,0,0,입주민전용,입주민전용,시 분,시 분,시 분,시 분,,,,없음
A13610005,649,5,미설치,설치,0,13,,,,0시 0분,,23시 55분,◆1◆|지하|벽부형충전기|AC단상 5핀|완속|13|(주)에버온|,0,13,없음
A13610007,2262,58,미설치,설치,0,48,,입주민전용,시 분,0시 0분,시 분,0시 0분,"◆1◆|지하|벽부형충전기|DC콤보 7핀|완속|45|파워큐브|,◆2◆|지하|스탠드형충전기|DC콤보 7핀|완속|2|한전인프라코어|,◆3◆|지하|스탠드형충전기|DC콤보 7핀|급속|1|한전인프라코어|",0,48,없음
A13610102,297,3,미설치,설치,0,3,,,시 분,0시 0분,시 분,0시 0분,◆1◆|지하|벽부형충전기|AC단상 5핀|완속|3|에버온|,0,3,없음
A13610103,421,8,미설치,설치,0,12,,입주민전용,시 분,10시 0분,시 분,18시 0분,"◆1◆|지하|스탠드형충전기|AC단상 5핀|완속|2|(주)차지비|,◆2◆|지하|벽부형충전기|AC단상 5핀|완속|10|(주)스타코프|",0,12,없음
A13610107,877,14,설치,설치,16,10,입주민전용,입주민전용,0시 0분,0시 0분,0시 0분,0시 0분,"◆1◆|지상|벽부형충전기|AC단상 5핀|완속|10|플러그링크|,◆2◆|지상|스탠드형충전기|AC단상 5핀|완속|4|나이스|,◆3◆|지하|벽부형충전기|AC단상 5핀|완속|10|나이스|,◆4◆|지상|스탠드형충전기|AC단상 5핀|완속|2|차지비|",16,10,없음
A13610201,200,2,설치,설치,3,1,입주민전용,입주민전용,23시 0분,23시 0분,23시 0분,23시 0분,"◆1◆|지상|스탠드형충전기|AC단상 5핀|완속|3|(주) 에버원|,◆2◆|지하|벽부형충전기|AC단상 5핀|완속|1|(주) 알박|",3,1,없음
A13610202,501,13,설치,설치,9,3,입주민전용,입주민전용,0시 1분,0시 1분,23시 59분,23시 59분,"◆1◆|지하|벽부형충전기|AC단상 5핀|완속|3|에버온|,◆2◆|지상|벽부형충전기|AC단상 5핀|완속|9|에버온|",9,3,없음
A13610301,326,0,설치,미설치,6,0,입주민전용,,24시 0분,시 분,24시 0분,시 분,◆1◆|지상|스탠드형충전기|AC단상 5핀|급속|6|에버원|,6,0,있음
A13611001,1,1,설치,설치,3,2,,외부인허용,0시 0분,0시 0분,24시 0분,23시 59분,"◆1◆|지하|벽부형충전기|AC단상 5핀|완속|2|플러그링크|,◆2◆|지상|스탠드형충전기|AC단상 5핀|완속|3|클린일렉스|",3,2,없음
A13611002,163,0,미설치,설치,0,2,외부인허용,외부인허용,,23시 59분,,23시 59분,◆1◆|지하|벽부형충전기|AC단상 5핀|완속|2|(주)클린일렉스|,0,2,없음
A13611004,287,10,설치,설치,6,2,외부인허용,외부인허용,24시 0분,24시 0분,24시 0분,24시 0분,"◆1◆|지하|벽부형충전기|AC단상 5핀|완속|2|애버온|,◆2◆|지하|스탠드형충전기|AC단상 5핀|완속|6|애버온|",0,8,없음
A13611005,1253,3,미설치,설치,0,26,,입주민전용,시 분,0시 0분,시 분,23시 59분,"◆1◆|지하|벽부형충전기|AC단상 5핀|완속|25|에버원|,◆2◆|지하|스탠드형충전기|AC3상 7핀|급속|1|한전|",0,26,없음
A13611006,2205,38,미설치,설치,0,38,입주민전용,입주민전용,시 분,0시 0분,시 분,0시 0분,◆1◆|지하|벽부형충전기|AC단상 5핀|완속|38|GS차지비|,0,38,없음
A13611007,2960,0,미설치,미설치,0,0,입주민전용,입주민전용,시 분,시 분,시 분,시 분,,,,없음
A13611008,1806,40,설치,설치,7,42,입주민전용,입주민전용,24시 0분,24시 0분,24시 0분,24시 0분,"◆1◆|지상|벽부형충전기|DC콤보 7핀|완속|7|플러그링크|,◆2◆|지하|벽부형충전기|DC콤보 7핀|완속|42|플러그링크|",7,42,없음
A13611011,1,1,미설치,설치,0,30,,,시 분,24시 0분,시 분,24시 0분,◆1◆|지하|벽부형충전기|DC차데모 10핀|완속|30|GS커넥트(주)|,0,30,없음
A13611102,2,2,미설치,설치,0,5,,외부인허용,시 분,0시 0분,시 분,23시 59분,◆1◆|지하|벽부형충전기|AC단상 5핀|완속|5|레드이엔지|,0,5,없음
A13611103,1210,43,미설치,설치,0,26,,입주민전용,시 분,23시 0분,시 분,23시 0분,"◆1◆|지하|벽부형충전기|AC단상 5핀|완속|21|나이스정보통신(주)|,◆2◆|지하|벽부형충전기|AC단상 5핀|완속|5|에버온|,◆3◆|지하|벽부형충전기|AC단상 5핀|완속|38|매니지온(콘센트형)|",0,64,없음
A13611201,560,50,미설치,설치,0,14,,,시 분,0시 0분,시 분,24시 0분,"◆1◆|지하|스탠드형충전기|AC단상 5핀|완속|12|코스텔(주)|,◆2◆|지하|벽부형충전기|AC단상 5핀|완속|2|(주)시그넷이브이|,◆3◆||이동형충전기|직접입력|완속|60|케이티|",0,14,없음
A13611202,34,34,미설치,설치,0,34,,입주민전용,시 분,0시 0분,시 분,23시 59분,"◆1◆|지하|벽부형충전기|AC단상 5핀|완속|25|LG U+|,◆2◆|지하|벽부형충전기|AC단상 5핀|완속|9|클린일렉스|",0,34,없음
A13612001,224,5,설치,미설치,5,0,입주민전용,,0시 0분,시 분,23시 0분,시 분,◆1◆|지상|벽부형충전기|AC단상 5핀|완속|1|차지비|,1,0,있음
A13612002,1484,15,미설치,설치,0,16,외부인허용,,시 분,23시 59분,시 분,23시 59분,"◆1◆|지하|스탠드형충전기|AC단상 5핀|완속|3|대영채비,  시그넷|,◆2◆|지하|벽부형충전기|AC단상 5핀|완속|25|파워큐브코리아|,◆3◆|지하|스탠드형충전기|AC3상 7핀|급속|1|대영채비,  시그넷|",0,29,없음
A13613001,193,0,미설치,미설치,0,0,외부인허용,,시 분,시 분,시 분,시 분,,,,없음
A13613002,139,0,설치,설치,0,3,,입주민전용,23시 30분,23시 30분,23시 30분,23시 30분,◆1◆|지하|벽부형충전기|AC단상 5핀|급속|2|그린카|,0,2,없음
A13613003,0,0,미설치,미설치,0,0,외부인허용,외부인허용,시 분,시 분,시 분,시 분,,,,없음
A13613004,300,5,미설치,설치,0,14,,입주민전용,시 분,1시 0분,시 분,23시 59분,◆1◆|지하|벽부형충전기|AC단상 5핀|완속|14|에버온|,0,14,없음
A13613005,800,0,설치,미설치,13,0,입주민전용,입주민전용,0시 0분,시 분,24시 0분,시 분,◆1◆|지상|스탠드형충전기|AC3상 7핀|완속|13|차지비|,13,0,없음
A13613006,1005,26,미설치,설치,0,19,,외부인허용,시 분,23시 59분,시 분,23시 0분,"◆1◆|지하|벽부형충전기|AC단상 5핀|완속|19|에버온|,◆2◆|지하|벽부형충전기|AC단상 5핀|완속|39|이지차져|",0,58,없음
A13613007,1608,24,미설치,설치,0,35,,,시 분,23시 59분,시 분,23시 59분,◆1◆|지하|벽부형충전기|AC3상 7핀|완속|35|지에스커넥터|,0,35,없음
A13613008,2834,51,미설치,설치,0,55,,입주민전용,시 분,0시 1분,시 분,0시 1분,◆1◆|지하|벽부형충전기|직접입력|완속|55|(주)지커넥트|,0,55,없음
A13613009,876,5,미설치,미설치,0,15,,,시 분,시 분,시 분,시 분,,,,없음
A13613010,258,1,미설치,설치,0,4,,,시 분,9시 0분,시 분,9시 9분,◆1◆|지하|스탠드형충전기|AC단상 5핀|급속|5|레드이엔지|,0,5,없음
A13613011,750,30,설치,설치,16,3,입주민전용,입주민전용,0시 0분,0시 0분,23시 59분,23시 59분,"◆1◆|지상|벽부형충전기|DC콤보 7핀|완속|16|에버온|,◆2◆|지하|스탠드형충전기|DC콤보 7핀|급속|1|한국전력|,◆3◆|지하|스탠드형충전기|DC콤보 7핀|급속|2|한국전력|",16,3,있음
A13613012,215,5,미설치,설치,0,14,,입주민전용,시 분,0시 0분,시 분,23시 0분,"◆1◆|지하|벽부형충전기|AC단상 5핀|완속|3|파워큐브|,◆2◆|지하|벽부형충전기|AC단상 5핀|완속|6|유플러스|,◆3◆|지하|벽부형충전기|AC단상 5핀|완속|5|에버온|",0,14,없음
A13613201,450,20,미설치,설치,0,8,입주민전용,입주민전용,시 분,12시 0분,시 분,23시 0분,"◆1◆|지하|벽부형충전기|AC단상 5핀|완속|2|클린일렉스|,◆2◆|지하|스탠드형충전기|AC단상 5핀|급속|1|한전|,◆3◆|지하|스탠드형충전기|AC단상 5핀|완속|2|한전|,◆4◆|지하|벽부형충전기|AC단상 5핀|완속|3|나이스차지|",0,8,없음
A13614001,805,20,설치,설치,17,3,입주민전용,입주민전용,0시 0분,0시 0분,0시 0분,0시 0분,"◆1◆|지하|스탠드형충전기|AC단상 5핀|급속|1|한전|,◆2◆|지상|스탠드형충전기|AC단상 5핀|완속|17|이지차저|,◆3◆|지하|스탠드형충전기|AC단상 5핀|완속|2|한전|",17,3,없음
A13614301,190,0,미설치,설치,0,4,,입주민전용,,23시 10분,,23시 10분,◆1◆|지하|벽부형충전기|AC단상 5핀|완속|4|이지차저|,0,4,없음
A13614302,412,9,미설치,설치,0,9,,입주민전용,시 분,0시 0분,시 분,0시 0분,◆1◆|지하|벽부형충전기|AC단상 5핀|완속|9|알박|,0,9,없음
A13615002,515,5,미설치,설치,0,5,입주민전용,입주민전용,시 분,0시 0분,시 분,23시 0분,◆1◆|지하|벽부형충전기|AC단상 5핀|완속|5|한국전기차인프라기술|,0,5,없음
A13615003,2195,15,미설치,설치,0,44,,입주민전용,시 분,0시 0분,시 분,23시 59분,"◆1◆|지하|스탠드형충전기|AC3상 7핀|급속|2|한전|,◆2◆|지하|벽부형충전기|AC단상 5핀|완속|20|에버온|,◆3◆|지하|벽부형충전기|AC단상 5핀|완속|22|나이스|",0,44,없음
A13670801,630,10,미설치,설치,0,13,,외부인허용,시 분,0시 0분,시 분,23시 59분,"◆1◆|지하|스탠드형충전기|AC단상 5핀|급속|1|한국전력|,◆2◆|지하|스탠드형충전기|AC단상 5핀|완속|2|한국전력|,◆3◆|지하|벽부형충전기|AC단상 5핀|완속|20|피워큐브|",0,23,없음
A13671203,182,1,미설치,설치,0,5,,입주민전용,시 분,0시 1분,시 분,23시 59분,◆1◆|지하|벽부형충전기|AC단상 5핀|완속|5|sk브로드밴드|,0,5,없음
A13671204,1,0,미설치,미설치,0,0,,,시 분,시 분,시 분,시 분,,,,없음
A13671205,14,14,미설치,설치,0,14,,입주민전용,시 분,0시 0분,시 분,23시 59분,◆1◆|지하|벽부형충전기|AC단상 5핀|완속|14|알박|,0,14,없음
A13671206,611,4,설치,설치,6,6,,입주민전용,24시 0분,24시 0분,24시 0분,24시 0분,"◆1◆|지하|스탠드형충전기|AC단상 5핀|완속|4|GS차지비|,◆2◆|지상|스탠드형충전기|AC단상 5핀|완속|6|GS차지비|,◆3◆|지하|벽부형충전기|AC단상 5핀|완속|2|GS차지비|",6,6,있음
A13671207,0,0,미설치,설치,5,5,,입주민전용,시 분,23시 59분,시 분,23시 59분,◆1◆|지하|벽부형충전기|AC3상 7핀|완속|5|(주)차지비|,0,5,없음
A13671208,1200,20,미설치,설치,0,12,,,시 분,,시 분,,"◆1◆|지하|벽부형충전기||완속|6|나이스정보통신|,◆2◆|지하|벽부형충전기||완속|6|파워큐브코리아|",0,12,없음
A13671209,1111,25,미설치,설치,0,21,,입주민전용,시 분,0시 0분,시 분,23시 59분,"◆1◆|지하|벽부형충전기|직접입력|완속|16|(주)플러그링크|,◆2◆|지하|벽부형충전기|직접입력|완속|5|(주)파워큐브코리아|",0,21,없음
A13671210,130,0,미설치,미설치,0,0,,,시 분,시 분,시 분,시 분,,,,없음
A13671211,2,2,미설치,설치,0,3,,외부인허용,시 분,6시 0분,시 분,22시 0분,◆1◆|지하|벽부형충전기|AC단상 5핀|완속|3|주)레드이엔지|,0,3,없음
A13671212,3,2,미설치,설치,0,3,외부인허용,입주민전용,시 분,6시 0분,시 분,23시 0분,◆1◆|지하|벽부형충전기|AC단상 5핀|완속|4|주)레드이엔지|,0,4,없음
A13671213,466,12,미설치,설치,0,20,입주민전용,입주민전용,시 분,0시 0분,시 분,23시 59분,"◆1◆|지하|벽부형충전기|AC단상 5핀|완속|5|에버온|,◆2◆|지하|벽부형충전기|AC단상 5핀|급속|15|에버온|",0,20,없음
A13672101,1139,20,미설치,설치,0,57,,입주민전용,시 분,1시 1분,시 분,23시 1분,"◆1◆|지하|벽부형충전기|AC단상 5핀|완속|1|클린일렉스|,◆2◆|지하|스탠드형충전기|AC단상 5핀|급속|1|한전|,◆3◆|지하|스탠드형충전기|AC단상 5핀|완속|3|한전|,◆4◆|지하|벽부형충전기|AC단상 5핀|완속|10|에버온|,◆5◆|지하|벽부형충전기|AC단상 5핀|완속|42|한화모티브|,◆6◆|지하|벽부형충전기|AC단상 5핀|완속|38|콘센트형|",0,95,없음
A13672102,451,13,미설치,설치,0,6,,,시 분,0시 0분,시 분,24시 0분,"◆1◆|지하|스탠드형충전기|AC단상 5핀|완속|3|한국전력|,◆2◆|지하|벽부형충전기|AC단상 5핀|완속|3|이지차저|",0,6,없음
A13676101,701,12,미설치,설치,0,14,,입주민전용,,0시 0분,,23시 0분,◆1◆|지하|벽부형충전기|AC단상 5핀|완속|14|GS커넥트|,0,14,없음
A13676103,245,8,미설치,설치,0,5,,입주민전용,시 분,0시 0분,시 분,23시 59분,"◆1◆|지하|벽부형충전기|AC단상 5핀|완속|7|(주)이엘일렉트릭|,◆2◆|지하|벽부형충전기|AC단상 5핀|완속|5|(주)클린일렉스|",0,12,없음
A13676501,208,4,설치,미설치,4,0,외부인허용,입주민전용,0시 0분,시 분,24시 0분,시 분,◆1◆|지상|벽부형충전기|AC단상 5핀|완속|4|파워큐브코리아|,4,0,있음
A13676504,472,10,미설치,설치,0,16,,입주민전용,시 분,0시 0분,시 분,23시 59분,"◆1◆|지하|벽부형충전기|직접입력|완속|16|에버온,플러그링크|",0,16,없음
A13676605,570,21,미설치,설치,0,10,,입주민전용,시 분,0시 0분,시 분,0시 0분,◆1◆|지하|벽부형충전기|AC단상 5핀|완속|10|에버온|,0,10,없음
A13676702,752,11,미설치,설치,0,13,입주민전용,입주민전용,시 분,24시 0분,시 분,24시 0분,◆1◆|지하|벽부형충전기|AC단상 5핀|완속|13|차지비|,0,13,있음
A13676703,904,9,미설치,설치,0,16,,입주민전용,,23시 0분,,23시 0분,"◆1◆|지하|스탠드형충전기|DC콤보 7핀|급속|1|한전|,◆2◆|지하|스탠드형충전기|DC차데모 10핀|완속|4|한국전기차인프라기술|,◆3◆|지하|벽부형충전기|AC단상 5핀|완속|22|SK홈앤서비스|",0,27,없음
A13676704,125,0,미설치,설치,0,0,,입주민전용,시 분,0시 0분,시 분,0시 0분,◆1◆|지하|벽부형충전기|AC단상 5핀|완속|5|(주)레드이앤지|,0,5,없음
A13677101,648,21,미설치,설치,44,583,입주민전용,입주민전용,시 분,0시 0분,시 분,0시 0분,"◆1◆|지하|벽부형충전기|AC단상 5핀|완속|24|파워큐브코리아|,◆2◆|지하|스탠드형충전기|AC3상 7핀|완속|3|한국전력강북지사|,◆3◆|지하|스탠드형충전기|AC3상 7핀|급속|1|한국전력강북지사|",0,28,없음
A13677206,15,8,설치,미설치,15,0,입주민전용,,24시 0분,시 분,24시 0분,시 분,◆1◆|지상|스탠드형충전기|AC단상 5핀|완속|15|(주)신세계아이앤씨|,15,0,없음
A13677401,535,7,미설치,설치,0,12,,입주민전용,,0시 0분,,23시 59분,"◆1◆|지하|벽부형충전기|AC단상 5핀|완속|4|파워큐브차저|,◆2◆|지하|벽부형충전기|AC단상 5핀|완속|7|ever-on|,◆3◆|지하|벽부형충전기|AC단상 5핀|완속|1|ev-chargin|",0,12,있음
A13677807,250,3,설치,설치,6,3,,입주민전용,0시 0분,0시 0분,23시 59분,0시 0분,"◆1◆|지하|스탠드형충전기|AC단상 5핀|완속|3|차지비|,◆2◆|지상|벽부형충전기|AC단상 5핀|완속|6|한화|",6,3,없음
A13678401,128,0,미설치,미설치,0,0,,,시 분,시 분,시 분,시 분,,,,없음
A13679402,176,0,미설치,설치,0,4,,,시 분,6시 0분,시 분,6시 0분,◆1◆|지하|벽부형충전기|AC단상 5핀|완속|4|한국시험연구원|,0,4,없음
A13679403,584,16,미설치,설치,0,11,,입주민전용,시 분,0시 0분,시 분,0시 0분,◆1◆|지하|벽부형충전기|AC단상 5핀|완속|11|에버온|,0,11,없음
A13679902,252,6,미설치,설치,0,5,,외부인허용,시 분,0시 0분,시 분,0시 0분,◆1◆|지하|벽부형충전기|AC단상 5핀|완속|5|엘지유플러스볼트업|,0,5,없음
A13679903,303,10,미설치,설치,0,6,,입주민전용,시 분,0시 0분,시 분,24시 0분,◆1◆|지하|벽부형충전기|AC단상 5핀|완속|6|에버온|,0,6,없음
A13680701,262,2,설치,미설치,2,0,입주민전용,,23시 50분,시 분,23시 50분,시 분,◆1◆|지상|벽부형충전기|AC3상 7핀|완속|2|차지비|,2,0,없음
A13681303,683,13,설치,설치,4,10,입주민전용,입주민전용,24시 0분,24시 0분,24시 0분,24시 0분,"◆1◆|지상|스탠드형충전기|AC단상 5핀|완속|4|(주)LG유플러스|,◆2◆|지하|벽부형충전기|AC단상 5핀|완속|10|(주)차지비|",4,10,있음
A13681304,520,4,미설치,설치,0,8,,,시 분,0시 1분,시 분,23시 59분,"◆1◆|지하|스탠드형충전기|AC단상 5핀|완속|3|에버온|,◆2◆|지하|벽부형충전기|AC단상 5핀|완속|3|에버온|,◆3◆|지하|스탠드형충전기|AC단상 5핀|완속|2|한전|",0,8,없음
A13681701,304,5,설치,설치,3,2,입주민전용,입주민전용,0시 1분,0시 1분,23시 59분,23시 59분,"◆1◆|지상|스탠드형충전기|AC단상 5핀|완속|3|에버온|,◆2◆|지하|벽부형충전기|AC단상 5핀|완속|2|에버온|",3,2,없음
A13684306,1023,18,미설치,설치,0,18,,입주민전용,,0시 0분,,23시 59분,◆1◆|지하|벽부형충전기|AC단상 5핀|완속|18|파워큐브|,0,18,없음
A13684605,645,12,설치,미설치,11,0,입주민전용,입주민전용,0시 0분,시 분,0시 0분,시 분,"◆1◆|지상|스탠드형충전기|AC3상 7핀|완속|6|파워큐브|,◆2◆|지상|스탠드형충전기|AC3상 7핀|완속|5|플러그링크|",11,0,있음
A13684701,239,4,설치,설치,0,4,,외부인허용,0시 0분,24시 0분,0시 0분,24시 0분,◆1◆|지하|벽부형충전기|AC단상 5핀|완속|4|차지비|,0,4,없음
A13685104,513,63,설치,설치,9,20,입주민전용,입주민전용,0시 0분,0시 0분,24시 0분,24시 0분,"◆1◆|지상|스탠드형충전기|AC3상 7핀|완속|9|딜라이브|,◆2◆|지하|벽부형충전기|직접입력|완속|20|스타코프|",9,20,없음
A13686302,1335,20,설치,설치,1196,139,입주민전용,입주민전용,0시 0분,0시 0분,0시 0분,0시 0분,"◆1◆|지상|스탠드형충전기|AC단상 5핀|완속|4|파워큐브|,◆2◆|지하|벽부형충전기|AC단상 5핀|완속|15|에버온|,◆3◆|지하|스탠드형충전기|AC단상 5핀|급속|1|한전|",4,16,없음
A13703011,499,8,미설치,설치,0,5,,,시 분,23시 59분,시 분,23시 59분,◆1◆|지하|벽부형충전기|AC단상 5핀|완속|5|전기차충전에버온|,0,5,없음
A13703019,853,10,미설치,설치,0,5,,,시 분,23시 59분,시 분,23시 59분,"◆1◆|지하|벽부형충전기|DC콤보 7핀|완속|5|에버온|,◆2◆|지하|벽부형충전기|AC단상 5핀|완속|31|홈앤서비스|",0,36,없음
A13703027,1274,150,미설치,설치,0,21,,입주민전용,시 분,0시 0분,시 분,23시 59분,◆1◆|지하|벽부형충전기|직접입력|완속|21|지에스차지비|,0,21,없음
A13704101,257,0,미설치,미설치,0,0,입주민전용,,시 분,시 분,시 분,시 분,,,,없음
A13704104,6426,148,미설치,설치,0,132,입주민전용,입주민전용,시 분,0시 0분,시 분,24시 0분,"◆1◆|지하|벽부형충전기|AC단상 5핀|완속|54|(주)이카플러그|,◆2◆|지하|벽부형충전기|AC단상 5핀|완속|72|지에스차지비(주)|,◆3◆|지하|벽부형충전기|DC콤보 7핀|급속|6|(주)이카플러그|",0,132,있음
A13704404,1590,200,설치,설치,0,0,외부인허용,입주민전용,1시 1분,1시 1분,23시 59분,23시 59분,◆1◆|지하|스탠드형충전기|AC단상 5핀|완속|10|중앙제어|,0,10,없음
A13706001,511,11,미설치,설치,0,11,,입주민전용,시 분,0시 0분,시 분,23시 59분,◆1◆|지하|벽부형충전기|AC단상 5핀|완속|11|GS커넥트|,0,11,없음
A13706302,520,12,미설치,설치,0,13,,입주민전용,시 분,23시 59분,시 분,23시 59분,◆1◆|지하|스탠드형충전기|AC단상 5핀|완속|13|클린일렉스|,0,13,없음
A13706303,436,6,설치,미설치,6,0,외부인허용,,24시 0분,시 분,24시 0분,시 분,◆1◆|지상|스탠드형충전기|AC단상 5핀|완속|6|한화솔루션|,6,0,없음
A13707002,0,0,미설치,미설치,0,0,,,시 분,시 분,시 분,시 분,,,,없음
A13707003,0,0,미설치,미설치,0,0,,,시 분,시 분,시 분,시 분,,,,없음
A13707006,268,1,미설치,설치,0,0,,,시 분,0시 0분,시 분,23시 59분,◆1◆|지하|벽부형충전기|AC단상 5핀|완속|4|위더스|,0,4,없음
A13707009,567,21,미설치,설치,0,11,,입주민전용,시 분,0시 0분,시 분,0시 0분,"◆1◆|지하|스탠드형충전기|AC단상 5핀|급속|1|클린일렉스|,◆2◆|지하|스탠드형충전기|AC단상 5핀|완속|2|클린일렉스|,◆3◆|지하|벽부형충전기|AC단상 5핀|완속|24|스타코프|,◆4◆|지하|벽부형충전기|AC단상 5핀|완속|1|클린일렉스|",0,28,없음
A13707010,440,0,미설치,미설치,0,0,,,시 분,시 분,시 분,시 분,,,,없음
A13707016,690,15,미설치,설치,0,7,,,시 분,0시 0분,시 분,24시 0분,◆1◆|지하|벽부형충전기||완속|7|GS커넥트(주)|,0,7,없음
A13707203,162,11,미설치,설치,0,4,,외부인허용,시 분,24시 0분,시 분,24시 0분,◆1◆|지하|벽부형충전기|AC단상 5핀|완속|4|파워큐브|,0,4,없음
A13713001,292,6,미설치,설치,0,23,,입주민전용,시 분,0시 30분,시 분,24시 30분,◆1◆|지하|이동형충전기|직접입력|완속|23|POWERCUBE|,0,23,있음
A13713002,476,0,미설치,미설치,0,0,,,시 분,시 분,시 분,시 분,,,,없음
A13716001,302,3,미설치,설치,0,0,,,시 분,23시 59분,시 분,23시 59분,◆1◆|지하|벽부형충전기|AC3상 7핀|완속|3|에버온|,0,3,없음
A13716002,753,10,미설치,설치,0,32,입주민전용,입주민전용,,0시 0분,,23시 59분,"◆1◆|지하|벽부형충전기|AC단상 5핀|완속|10|(주)에버온|,◆2◆|지하|벽부형충전기|AC단상 5핀|완속|18|파워큐브|,◆3◆|지하|스탠드형충전기|AC단상 5핀|완속|3|한국전력|,◆4◆|지하|스탠드형충전기|AC3상 7핀|급속|1|한국전력|",0,32,있음
A13716003,660,20,미설치,설치,0,12,,입주민전용,시 분,0시 0분,시 분,23시 59분,◆1◆|지하|벽부형충전기|AC3상 7핀|완속|12|(주)에버온|,0,12,있음
A13718001,2228,105,미설치,설치,0,36,,외부인허용,시 분,0시 0분,시 분,23시 59분,"◆1◆|지하|스탠드형충전기|AC단상 5핀|완속|4|한전|,◆2◆|지하|벽부형충전기|AC단상 5핀|완속|6|이지차저|,◆3◆|지하|벽부형충전기|AC단상 5핀|완속|9|G차저|,◆4◆|지하|벽부형충전기|AC단상 5핀|완속|10|KEVIT|,◆5◆|지하|스탠드형충전기|AC단상 5핀|급속|1|한전|,◆6◆|지하|벽부형충전기|AC단상 5핀|완속|6|차지비|",0,36,없음
A13770105,500,0,미설치,미설치,0,0,,,시 분,시 분,시 분,시 분,,,,없음
A13770607,460,10,미설치,설치,0,15,입주민전용,입주민전용,시 분,0시 24분,시 분,0시 23분,◆1◆|지하|벽부형충전기|직접입력|완속|9|GS케넥트|,0,9,없음
A13770608,319,8,미설치,설치,0,3,,입주민전용,시 분,0시 0분,시 분,24시 0분,◆1◆|지하|벽부형충전기|직접입력|완속|3|한국충전서비스(주)|,0,3,없음
A13770609,1548,200,미설치,설치,0,40,외부인허용,입주민전용,,0시 1분,,23시 59분,"◆1◆|지하|벽부형충전기|직접입력|완속|40|파워큐브,지커넥트|",0,40,없음
A13770610,350,10,미설치,미설치,0,0,,,시 분,시 분,시 분,시 분,,,,없음
A13770611,7,0,미설치,설치,0,7,,입주민전용,시 분,6시 5분,시 분,23시 5분,◆1◆|지하|벽부형충전기|AC단상 5핀|완속|7|서초이오빌|,0,7,없음
A13770801,132,10,미설치,설치,0,0,,입주민전용,시 분,23시 59분,시 분,23시 59분,◆1◆|지하|벽부형충전기|AC단상 5핀|완속|4|케이차저(클린일렉스|,0,4,없음
A13771001,1212,8,미설치,설치,0,6,,입주민전용,시 분,0시 0분,시 분,0시 0분,◆1◆|지하|스탠드형충전기|AC단상 5핀|완속|6|한전|,0,6,없음
A13771601,5,19,미설치,설치,0,19,,입주민전용,시 분,0시 0분,시 분,23시 0분,◆1◆|지하|벽부형충전기|직접입력|완속|19|파워큐브코리아|,0,19,없음
A13772801,387,18,미설치,설치,0,7,,입주민전용,시 분,23시 59분,시 분,23시 10분,◆1◆|지하|벽부형충전기|AC3상 7핀|완속|7|SK브로드밴드|,0,7,없음
A13775102,390,4,미설치,미설치,0,0,,,시 분,시 분,시 분,시 분,,,,없음
A13776301,1699,51,미설치,설치,0,34,,,시 분,0시 0분,시 분,23시 59분,"◆1◆|지하|벽부형충전기|AC단상 5핀|완속|15|이지차저|,◆2◆|지하|벽부형충전기|AC단상 5핀|완속|15|GS차지비|,◆3◆|지하|스탠드형충전기|AC단상 5핀|완속|3|한전|,◆4◆|지하|스탠드형충전기|AC단상 5핀|급속|1|한전|",0,34,없음
A13776508,308,10,미설치,설치,0,5,,입주민전용,시 분,0시 0분,시 분,23시 59분,◆1◆|지하|벽부형충전기|AC단상 5핀|완속|5|(주)클린일렉스|,0,5,있음
A13776509,4393,84,미설치,설치,0,116,,입주민전용,시 분,0시 0분,시 분,23시 59분,"◆1◆|지하|벽부형충전기|직접입력|완속|10|이브이플러그|,◆2◆|지하|벽부형충전기|직접입력|완속|28|스타코프|,◆3◆|지하|벽부형충전기|직접입력|완속|78|(주)에버온|",0,116,없음
A13776510,705,41,미설치,설치,0,16,,입주민전용,시 분,0시 0분,시 분,0시 0분,"◆1◆|지하|이동형충전기|직접입력|완속|6|(주)스타코프|,◆2◆|지하|벽부형충전기|AC단상 5핀|완속|10|서울씨엔지(주)|",0,16,있음
A13778201,443,7,미설치,설치,0,40,입주민전용,입주민전용,시 분,0시 0분,시 분,23시 59분,◆1◆|지하|이동형충전기|AC단상 5핀|완속|40|홈앤서비스|,0,40,없음
A13778202,644,6,미설치,설치,0,12,,,시 분,0시 0분,시 분,0시 0분,◆1◆|지하|벽부형충전기|AC3상 7핀|완속|46|파워큐브|,0,46,없음
A13778203,295,2,미설치,설치,0,2,,입주민전용,시 분,1시 1분,시 분,23시 59분,◆1◆|지하|벽부형충전기|AC단상 5핀|완속|2|파워큐브코리아|,0,2,없음
A13778204,1455,24,설치,설치,5,22,외부인허용,외부인허용,0시 0분,0시 0분,23시 55분,23시 55분,"◆1◆|지하|벽부형충전기|AC3상 7핀|완속|18|휴맥스|,◆2◆|지하|스탠드형충전기|AC3상 7핀|완속|3|한전|,◆3◆|지하|스탠드형충전기|AC3상 7핀|급속|1|한전|,◆4◆|지상|스탠드형충전기|AC3상 7핀|완속|5|휴맥스|",5,22,없음
A13778205,1516,45,미설치,설치,0,30,,입주민전용,,23시 10분,,23시 10분,◆1◆|지하|벽부형충전기|AC단상 5핀|완속|30|sk 브로드밴드|,0,30,없음
A13778207,466,30,미설치,설치,0,9,,입주민전용,시 분,12시 0분,시 분,12시 0분,"◆1◆|지하|벽부형충전기|DC콤보 7핀|완속|6|홈앤서비스|,◆2◆|지하|스탠드형충전기|DC콤보 7핀|완속|3|-|",0,9,없음
A13778209,524,12,미설치,설치,0,10,입주민전용,입주민전용,,0시 0분,,24시 60분,"◆1◆|지하|스탠드형충전기|AC단상 5핀|완속|2|한전|,◆2◆|지하|벽부형충전기|AC단상 5핀|완속|8|이지차저|",0,10,없음
A13778210,419,14,설치,설치,6,3,입주민전용,입주민전용,24시 0분,24시 0분,24시 0분,24시 0분,"◆1◆|지상|스탠드형충전기|AC단상 5핀|완속|6|파워큐브|,◆2◆|지하|스탠드형충전기|AC단상 5핀|완속|3|한국전력|",6,3,없음
A13778211,1055,30,미설치,설치,0,22,,입주민전용,시 분,24시 0분,시 분,24시 0분,"◆1◆|지하|스탠드형충전기|AC단상 5핀|급속|1|한전|,◆2◆|지하|벽부형충전기|AC단상 5핀|완속|10|(주)에베리스트이브이|,◆3◆|지하|벽부형충전기|AC단상 5핀|완속|11|차지비|",0,22,있음
A13778212,673,0,미설치,미설치,0,0,입주민전용,입주민전용,시 분,시 분,시 분,시 분,,,,없음
A13778306,0,0,설치,미설치,0,0,입주민전용,,24시 0분,시 분,24시 0분,시 분,◆1◆|지상|스탠드형충전기|AC단상 5핀|완속|4|나이스차저|,4,0,없음
A13780201,211,3,미설치,설치,0,3,,입주민전용,시 분,0시 0분,시 분,23시 59분,"◆1◆|지하|벽부형충전기|AC단상 5핀|완속|1|(주)차지비|,◆2◆|지하|벽부형충전기|AC단상 5핀|완속|2|(주)이카플러그|",0,3,없음
A13780402,255,0,설치,미설치,3,0,,,0시 0분,시 분,0시 0분,시 분,◆1◆|지상|스탠드형충전기|AC단상 5핀|완속|3|현대엔지니어링|,3,0,없음
A13780403,550,10,미설치,설치,0,6,,입주민전용,시 분,1시 0분,시 분,24시 0분,◆1◆|지하|스탠드형충전기|AC단상 5핀|완속|6|플러그링크|,0,6,없음
A13782601,304,10,설치,미설치,5,0,입주민전용,,0시 0분,시 분,24시 0분,시 분,◆1◆|지상|스탠드형충전기|AC단상 5핀|완속|5|아이마켓코리아|,5,0,없음
A13782602,10,10,미설치,미설치,0,0,,,시 분,시 분,시 분,시 분,,,,없음
A13782803,598,10,미설치,설치,0,3,,외부인허용,시 분,0시 1분,시 분,23시 59분,"◆1◆|지하|스탠드형충전기|AC단상 5핀|급속|3|파워큐브|,◆2◆|지하|이동형충전기|AC단상 5핀|완속|59|파워큐브|",0,62,없음
A13782804,1080,2,미설치,미설치,0,0,,,시 분,시 분,시 분,시 분,,,,없음
A13782902,11,11,미설치,설치,0,12,,,시 분,0시 1분,시 분,23시 1분,◆1◆|지하|벽부형충전기|AC3상 7핀|완속|8|에버온|,0,8,없음
A13783001,545,21,미설치,설치,0,38,,입주민전용,시 분,0시 0분,시 분,24시 0분,"◆1◆|지하|스탠드형충전기|AC단상 5핀|완속|2|한국전력공사|,◆2◆|지하|벽부형충전기|AC단상 5핀|완속|11|클린일렉스|",0,13,있음
A13783802,450,1,미설치,미설치,0,0,,,시 분,시 분,시 분,시 분,,,,없음
A13784102,419,7,미설치,설치,0,22,,입주민전용,시 분,0시 0분,시 분,24시 0분,"◆1◆|지하|벽부형충전기|AC단상 5핀|완속|20|(주)스타코프|,◆2◆|지하|스탠드형충전기|AC단상 5핀|완속|2|한전|",0,22,없음
A13784401,245,1,미설치,설치,0,5,,입주민전용,시 분,9시 0분,시 분,9시 0분,◆1◆|지하|벽부형충전기|AC단상 5핀|완속|5|성원이앤씨|,0,5,없음
A13785001,0,0,미설치,미설치,0,0,,,시 분,시 분,시 분,시 분,,,,없음
A13785005,526,5,미설치,미설치,0,0,,,시 분,시 분,시 분,시 분,,,,없음
A13785008,1218,36,미설치,설치,0,15,입주민전용,입주민전용,시 분,24시 0분,시 분,24시 0분,"◆1◆|지하|벽부형충전기|AC단상 5핀|완속|15|에버온|,◆2◆|지하|이동형충전기|직접입력|완속|40|스타코프(주)|",0,55,없음
A13785201,561,34,미설치,설치,0,34,,,시 분,1시 0분,시 분,23시 0분,◆1◆|지하|벽부형충전기|AC단상 5핀|완속|34|(주)클린일렉스|,0,34,없음
A13785203,680,5,설치,설치,14,2,입주민전용,입주민전용,24시 0분,24시 0분,24시 0분,24시 0분,◆1◆|지하|스탠드형충전기|AC3상 7핀|완속|2|에비온|,0,2,없음
A13785301,450,15,미설치,설치,0,8,,입주민전용,시 분,6시 0분,시 분,14시 0분,◆1◆|지하|벽부형충전기|AC단상 5핀|완속|8|에버온|,0,8,없음
A13785302,468,7,설치,미설치,7,0,입주민전용,,24시 0분,시 분,24시 0분,시 분,◆1◆|지상|스탠드형충전기|AC3상 7핀|완속|7|플러그링크|,7,0,없음
A13785604,729,18,미설치,미설치,0,0,,,시 분,시 분,시 분,시 분,,,,없음
A13785607,1537,48,미설치,설치,0,29,,입주민전용,시 분,0시 0분,시 분,23시 59분,◆1◆|지하|벽부형충전기|AC단상 5핀|완속|29|(주)클린일렉스|,0,29,없음
A13785705,477,20,미설치,설치,0,9,,입주민전용,시 분,22시 0분,시 분,0시 0분,"◆1◆|지하|벽부형충전기|AC단상 5핀|완속|5|파워큐브|,◆2◆|지하|벽부형충전기|AC단상 5핀|완속|4|파워큐브|",0,9,없음
A13786601,374,10,미설치,설치,0,8,,입주민전용,시 분,0시 0분,시 분,0시 0분,◆1◆|지하|벽부형충전기|AC3상 7핀|완속|8|클린일렉스|,0,8,없음
A13786606,816,0,미설치,설치,0,14,,입주민전용,시 분,23시 0분,시 분,23시 0분,◆1◆|지하|벽부형충전기|AC단상 5핀|완속|14|나이스park|,0,14,없음
A13786704,305,11,미설치,설치,0,6,,입주민전용,시 분,6시 0분,시 분,6시 0분,◆1◆|지하|벽부형충전기|AC단상 5핀|완속|6|주식회사플러그링크|,0,6,없음
A13786901,314,7,미설치,설치,0,7,,입주민전용,시 분,0시 0분,시 분,23시 0분,◆1◆|지하|벽부형충전기|AC단상 5핀|완속|7|클린일렉스.지커넥트|,0,7,없음
A13787102,3,3,미설치,미설치,0,6,,,시 분,시 분,시 분,시 분,,,,없음
A13787105,350,7,설치,미설치,7,0,입주민전용,,8시 0분,시 분,24시 0분,시 분,◆1◆|지상|스탠드형충전기|AC단상 5핀|완속|7|차지비|,7,0,있음
A13788002,467,0,미설치,미설치,0,0,,,시 분,시 분,시 분,시 분,,,,없음
A13788003,497,12,미설치,설치,0,10,,입주민전용,시 분,0시 0분,시 분,23시 0분,"◆1◆|지하|벽부형충전기|AC단상 5핀|완속|10|나이스인프라|,◆2◆|지하|이동형충전기|AC단상 5핀|완속|2|스타코프|,◆3◆|지하|이동형충전기|AC단상 5핀|완속|8|파워큐브|",0,20,없음
A13788201,238,1,미설치,설치,0,0,입주민전용,입주민전용,시 분,12시 1분,시 분,23시 59분,◆1◆|지하|벽부형충전기|직접입력|완속|14|(주)차지인|,0,14,없음
A13788203,428,0,미설치,미설치,9,0,,,시 분,시 분,시 분,시 분,,,,없음
A13788206,1678,170,미설치,설치,0,44,,입주민전용,시 분,0시 0분,시 분,0시 0분,"◆1◆|지하|벽부형충전기|AC단상 5핀|완속|20|차지인|,◆2◆|지하|벽부형충전기|AC단상 5핀|완속|7|파워큐브|,◆3◆|지하|벽부형충전기|AC단상 5핀|완속|10|이지차저|,◆4◆|지하|스탠드형충전기|DC콤보 7핀|급속|2|지엔텔|,◆5◆|지하|벽부형충전기|AC단상 5핀|완속|5|에버온|,◆6◆|지하|이동형충전기|AC단상 5핀|완속|69|스타코프|,◆7◆|지하|벽부형충전기|AC단상 5핀|완속|6|지알이  스파클|",0,119,있음
A13788208,1845,36,미설치,설치,0,36,,입주민전용,시 분,24시 0분,시 분,24시 0분,"◆1◆|지하|벽부형충전기|AC단상 5핀|완속|35|(주)파킹클라우드|,◆2◆|지하|스탠드형충전기|DC콤보 7핀|급속|1|(주)파킹클리우드|",0,36,있음
A13789002,225,2,설치,설치,1,2,입주민전용,입주민전용,0시 0분,0시 0분,23시 59분,23시 59분,"◆1◆|지상|벽부형충전기|AC단상 5핀|완속|1|이지스|,◆2◆|지하|벽부형충전기|AC단상 5핀|완속|2|한국충전서비스|",1,2,없음
A13789201,206,4,설치,미설치,3,0,입주민전용,,1시 0분,시 분,24시 0분,시 분,◆1◆|지상|스탠드형충전기|직접입력|완속|3|(주)플러그링크7|,3,0,없음
A13789203,0,0,미설치,미설치,0,0,,,시 분,시 분,시 분,시 분,,,,없음
A13790002,344,7,설치,미설치,6,0,외부인허용,,0시 0분,시 분,0시 0분,시 분,◆1◆|지상|스탠드형충전기|AC단상 5핀|완속|6|에버온|,6,0,없음
A13790003,410,2,설치,미설치,6,0,입주민전용,,1시 0분,시 분,24시 0분,시 분,◆1◆|지상|스탠드형충전기|AC단상 5핀|완속|6|플러그 링크|,6,0,없음
A13790004,0,0,미설치,미설치,0,0,입주민전용,입주민전용,시 분,시 분,시 분,시 분,,,,없음
A13790604,2,5,미설치,설치,0,3,,외부인허용,시 분,1시 0분,시 분,12시 0분,◆1◆|지하|벽부형충전기|AC단상 5핀|완속|3|gs차지비|,0,3,없음
A13790612,240,0,미설치,미설치,0,0,,,시 분,시 분,시 분,시 분,,,,없음
A13790620,9,9,미설치,미설치,0,0,,,시 분,시 분,시 분,시 분,,,,없음
A13790701,190,4,설치,설치,3,3,입주민전용,입주민전용,0시 1분,0시 1분,23시 59분,23시 59분,"◆1◆|지하|벽부형충전기|AC단상 5핀|완속|3|지에스차지비|,◆2◆|지상|스탠드형충전기|AC단상 5핀|완속|3|지에스차지비|",3,3,없음
A13790703,180,3,설치,미설치,3,0,입주민전용,입주민전용,0시 0분,시 분,0시 0분,시 분,◆1◆|지상|벽부형충전기|AC3상 7핀|완속|3|서울도시가스|,3,0,없음
A13790706,256,4,설치,설치,3,3,입주민전용,입주민전용,23시 23분,23시 23분,23시 23분,23시 23분,"◆1◆|지하|벽부형충전기|AC단상 5핀|완속|3|차지비|,◆2◆|지상|스탠드형충전기|AC단상 5핀|완속|3|이브이세상|",3,3,없음
A13790707,310,4,설치,미설치,3,0,,외부인허용,0시 0분,시 분,24시 0분,시 분,◆1◆|지상|스탠드형충전기|AC단상 5핀|완속|3|LG유플러스|,3,0,없음
A13790709,275,0,미설치,미설치,0,0,,,시 분,시 분,시 분,시 분,,,,없음
A13790713,447,21,설치,설치,4,23,입주민전용,입주민전용,9시 0분,9시 0분,8시 59분,8시 0분,"◆1◆|지하|이동형충전기|AC단상 5핀|완속|20|(주)스타코프|,◆2◆|지하|벽부형충전기|AC단상 5핀|완속|3|주식회사 지엔텔|,◆3◆|지상|스탠드형충전기|AC단상 5핀|완속|4|(주)엘지유플러스볼트업|",4,23,없음
A13790714,403,0,미설치,미설치,0,0,외부인허용,,시 분,시 분,시 분,시 분,,,,없음
A13790716,472,4,설치,미설치,2,0,,,23시 0분,시 분,23시 0분,시 분,◆1◆|지상|스탠드형충전기|AC단상 5핀|완속|2|한국전기차충전서비수|,2,0,없음
A13790717,378,0,미설치,미설치,0,0,,,시 분,시 분,시 분,시 분,,,,없음
A13790721,177,2,설치,미설치,4,0,입주민전용,,24시 0분,시 분,24시 0분,시 분,◆1◆|지상|스탠드형충전기|AC단상 5핀|완속|2|(주)TBU|,2,0,없음
A13790722,390,7,설치,미설치,8,0,,,0시 0분,시 분,24시 0분,시 분,◆1◆|지상|스탠드형충전기|AC3상 7핀|완속|8|엘지유플러스|,8,0,없음
A13790726,0,0,미설치,미설치,0,0,,,시 분,시 분,시 분,시 분,,,,없음
A13790828,1964,0,미설치,미설치,0,0,,,시 분,시 분,시 분,시 분,,,,없음
A13790902,138,4,미설치,설치,0,4,,입주민전용,시 분,0시 0분,시 분,23시 0분,◆1◆|지하|벽부형충전기|AC단상 5핀|완속|4|(주)에버온|,0,4,없음
A13790910,0,0,미설치,미설치,0,0,,,시 분,시 분,시 분,시 분,,,,없음
A13790929,2046,0,미설치,미설치,0,0,,,시 분,시 분,시 분,시 분,,,,없음
A13792001,0,0,미설치,미설치,0,0,,,시 분,시 분,시 분,시 분,,,,없음
A13792306,568,10,미설치,설치,0,11,,입주민전용,시 분,0시 0분,시 분,23시 59분,◆1◆|지하|벽부형충전기|직접입력|급속|11|차지비|,0,11,없음
A13804001,0,0,미설치,미설치,0,0,,,시 분,시 분,시 분,시 분,,,,없음
A13804002,535,5,설치,설치,3,5,외부인허용,외부인허용,24시 0분,24시 0분,24시 0분,24시 0분,"◆1◆|지하|벽부형충전기|AC단상 5핀|완속|2|엘지유프러스볼트업|,◆2◆|지하|스탠드형충전기|AC3상 7핀|초급속|1|한전|,◆3◆|지하|스탠드형충전기|AC단상 5핀|완속|2|한전|,◆4◆|지상|스탠드형충전기|AC단상 5핀|완속|3|플러그링크|",3,5,없음
A13804003,508,10,미설치,설치,0,4,,,시 분,10시 30분,시 분,23시 30분,◆1◆|지하|벽부형충전기|AC단상 5핀|완속|4|에버온|,0,4,없음
A13804004,820,7,설치,미설치,2,0,입주민전용,,0시 0분,시 분,0시 0분,시 분,◆1◆|지상|스탠드형충전기|AC단상 5핀|완속|2|에버온|,2,0,없음
A13804206,1132,7,설치,설치,9,9,입주민전용,입주민전용,0시 0분,0시 0분,0시 0분,0시 0분,"◆1◆|지상|스탠드형충전기|AC단상 5핀|완속|7|에버온|,◆2◆|지하|벽부형충전기|AC단상 5핀|완속|9|에버온|,◆3◆|지상|스탠드형충전기|DC차데모 10핀|급속|1|캡코플러그|,◆4◆|지상|스탠드형충전기|AC단상 5핀|완속|1|캡코플러그|",9,9,없음
A13805001,626,62,설치,미설치,10,0,입주민전용,,1시 1분,시 분,23시 59분,시 분,◆1◆|지상|스탠드형충전기|직접입력|완속|10|(주)이지차저|,10,0,있음
A13805002,9800,42,설치,미설치,1,0,입주민전용,,0시 0분,시 분,0시 0분,시 분,◆1◆|지상|스탠드형충전기|AC단상 5핀|완속|1|에버온|,1,0,없음
A13811001,445,10,미설치,설치,0,6,,입주민전용,시 분,0시 0분,시 분,23시 59분,◆1◆|지하|벽부형충전기|AC단상 5핀|완속|6|G커넥트|,0,6,없음
A13811202,782,50,미설치,설치,0,19,,입주민전용,시 분,0시 0분,시 분,0시 0분,◆1◆|지하|벽부형충전기|AC3상 7핀|완속|19|휴맥스이브이|,0,19,없음
A13811203,512,11,미설치,설치,0,7,,외부인허용,시 분,9시 0분,시 분,18시 0분,"◆1◆|지하|벽부형충전기|AC단상 5핀|완속|3|한국알박|,◆2◆|지하|스탠드형충전기|AC단상 5핀|완속|3|한국전력|,◆3◆|지하|스탠드형충전기|직접입력|급속|1|한국전력|",0,7,없음
A13811204,430,0,미설치,설치,0,9,,,시 분,0시 0분,시 분,24시 0분,◆1◆|지하|벽부형충전기|AC단상 5핀|완속|9|한국전자금융(주)|,0,9,있음
A13811205,634,17,미설치,설치,0,4,,입주민전용,시 분,1시 1분,시 분,23시 59분,"◆1◆|지하|벽부형충전기|AC단상 5핀|완속|5|LG U+|,◆2◆|지하|벽부형충전기|AC단상 5핀|완속|9|스타코프|,◆3◆|지하|스탠드형충전기|DC차데모 10핀|급속|1|한국전력강동지사|,◆4◆|지하|스탠드형충전기|AC단상 5핀|완속|3|한국전력강동지사|",0,18,없음
A13811206,945,18,미설치,설치,0,12,,외부인허용,시 분,0시 0분,시 분,0시 0분,"◆1◆|지하|스탠드형충전기|AC단상 5핀|완속|10|한국전력공사|,◆2◆|지하|스탠드형충전기|AC3상 7핀|급속|2|한국전력공사|,◆3◆|지하|벽부형충전기|직접입력|완속|20|파워큐브|",0,32,없음
A13812001,234,3,미설치,미설치,0,0,외부인허용,입주민전용,시 분,시 분,시 분,시 분,,,,있음
A13812002,223,6,미설치,설치,0,6,,입주민전용,시 분,0시 0분,시 분,24시 0분,◆1◆|지하|벽부형충전기|AC단상 5핀|초급속|6|아이파킹|,0,6,없음
A13812003,282,5,설치,미설치,6,0,입주민전용,,1시 1분,시 분,24시 59분,시 분,◆1◆|지상|스탠드형충전기|직접입력|완속|6|GS차지비(주)|,6,0,없음
A13812004,268,7,설치,설치,5,5,,입주민전용,0시 1분,0시 1분,23시 59분,23시 59분,"◆1◆|지상|스탠드형충전기|AC3상 7핀|완속|5|볼트업|,◆2◆|지하|벽부형충전기|AC단상 5핀|완속|5|홈앤서비스|",5,5,없음
A13812005,1057,10,미설치,설치,0,19,,입주민전용,시 분,0시 0분,시 분,23시 59분,"◆1◆|지하|벽부형충전기|AC단상 5핀|완속|16|(주)휴맥스이브이|,◆2◆|지하|스탠드형충전기|AC단상 5핀|완속|2|한전|,◆3◆|지하|스탠드형충전기|AC단상 5핀|급속|1|한전|",0,19,없음
A13813002,235,6,미설치,설치,0,6,,입주민전용,시 분,0시 23분,시 분,23시 0분,◆1◆|지하|벽부형충전기|AC단상 5핀|완속|6|(주)클린일렉스|,0,6,없음
A13813003,236,0,미설치,미설치,0,0,입주민전용,,시 분,시 분,시 분,시 분,,,,없음
A13813005,350,0,미설치,미설치,0,0,,,시 분,시 분,시 분,시 분,,,,없음
A13813006,340,3,미설치,설치,0,4,,입주민전용,시 분,23시 59분,시 분,23시 59분,"◆1◆|지하|벽부형충전기|직접입력|완속|2|에너지공사|,◆2◆|지하|벽부형충전기|직접입력|완속|2|파워큐브|",0,4,없음
A13813008,765,22,설치,미설치,15,0,입주민전용,,0시 0분,시 분,0시 0분,시 분,"◆1◆|지상|스탠드형충전기|AC단상 5핀|완속|3|lg헬로비전|,◆2◆|지상|벽부형충전기|AC단상 5핀|완속|5|엘지|,◆3◆|지상|스탠드형충전기|AC단상 5핀|완속|7|엘지|",15,0,없음
A13813010,1769,0,미설치,미설치,0,0,,,시 분,시 분,시 분,시 분,,,,있음
A13816002,449,30,미설치,설치,0,8,입주민전용,입주민전용,시 분,23시 59분,시 분,23시 59분,◆1◆|지하|벽부형충전기|AC단상 5핀|급속|4|차지인|,0,4,없음
A13816101,256,6,설치,설치,5,5,입주민전용,입주민전용,0시 0분,0시 0분,0시 0분,0시 0분,"◆1◆|지상|벽부형충전기|AC단상 5핀|완속|5|플러그링크|,◆2◆|지하|벽부형충전기|AC단상 5핀|완속|5|지에스커넥트|",5,5,없음
A13816202,889,7,설치,미설치,10,0,입주민전용,,24시 0분,시 분,0시 0분,시 분,◆1◆|지상|스탠드형충전기|AC단상 5핀|완속|10|큐브이앤씨|,10,0,없음
A13817001,1261,80,미설치,설치,0,0,,입주민전용,시 분,23시 50분,시 분,23시 50분,◆1◆|지하|벽부형충전기|AC단상 5핀|완속|70|(주)파워큐브코리아|,0,70,없음
A13817101,240,1,설치,설치,2,1,,,0시 0분,1시 0분,0시 0분,23시 0분,"◆1◆|지하|벽부형충전기|AC단상 5핀|완속|1|대영채비|,◆2◆|지상|스탠드형충전기|AC3상 7핀|완속|2|한국전력|",2,1,없음
A13819001,471,3,미설치,설치,0,9,,입주민전용,시 분,1시 0분,시 분,23시 0분,◆1◆|지하|벽부형충전기|AC3상 7핀|완속|21|(주)신세계아이앤씨|,0,21,없음
A13820001,217,5,미설치,설치,0,4,,입주민전용,시 분,0시 0분,시 분,23시 59분,◆1◆|지하|벽부형충전기|AC단상 5핀|완속|4|에버온|,0,4,없음
A13820002,182,0,미설치,미설치,0,0,,,시 분,시 분,시 분,시 분,,,,없음
A13820004,613,0,미설치,미설치,0,0,입주민전용,입주민전용,시 분,시 분,시 분,시 분,,,,없음
A13820005,693,10,미설치,미설치,0,0,입주민전용,입주민전용,시 분,시 분,시 분,시 분,,,,있음
A13820006,3511,47,미설치,설치,0,66,입주민전용,입주민전용,시 분,0시 0분,시 분,23시 59분,"◆1◆|지하|스탠드형충전기|AC3상 7핀|급속|1|한국전력|,◆2◆|지하|스탠드형충전기|AC단상 5핀|완속|3|한국전력|,◆3◆|지하|벽부형충전기|AC단상 5핀|완속|10|에버온|,◆4◆|지하|벽부형충전기|AC단상 5핀|완속|52|G-커넥터|",0,66,없음
A13820007,0,0,미설치,미설치,0,0,입주민전용,입주민전용,시 분,시 분,시 분,시 분,,,,없음
A13820201,6873,60,설치,미설치,85,0,입주민전용,,0시 0분,시 분,0시 0분,시 분,"◆1◆|지상|스탠드형충전기|AC단상 5핀|완속|84|에버온|,◆2◆|지상|스탠드형충전기|직접입력|급속|1|에버온|",85,0,없음
A13821001,230,4,미설치,설치,0,4,,,시 분,0시 0분,시 분,23시 55분,◆1◆|지하|벽부형충전기|AC단상 5핀|완속|4|gs커넥트|,0,4,없음
A13821002,430,9,설치,설치,2,5,입주민전용,입주민전용,0시 0분,0시 0분,0시 0분,0시 0분,"◆1◆|지하|벽부형충전기|AC단상 5핀|완속|4|파워큐브|,◆2◆|지상|벽부형충전기|AC단상 5핀|완속|2|파워큐브|,◆3◆|지하|이동형충전기|AC단상 5핀|완속|1|파워큐브|",2,5,없음
A13821003,520,46,설치,설치,1,15,,입주민전용,0시 0분,0시 0분,24시 0분,24시 0분,"◆1◆|지상|스탠드형충전기|DC콤보 7핀|급속|1|파킹클라우드|,◆2◆|지하|벽부형충전기|DC콤보 7핀|완속|15|파킹클라우드|",1,15,없음
A13821004,0,15,설치,설치,4,19,외부인허용,외부인허용,12시 0분,12시 0분,12시 0분,12시 0분,"◆1◆|지상|스탠드형충전기|AC3상 7핀|급속|2|대영채비(주)|,◆2◆|지하|벽부형충전기|AC단상 5핀|완속|19|대영채비(주)|",2,19,없음
A13821005,574,10,미설치,설치,0,18,,입주민전용,시 분,0시 0분,시 분,24시 0분,"◆1◆|지하|벽부형충전기|AC단상 5핀|완속|17|GS커넥트|,◆2◆|지하|스탠드형충전기|AC3상 7핀|급속|1|한국전력공사|",0,18,없음
A13821006,515,0,미설치,설치,0,0,입주민전용,입주민전용,시 분,0시 0분,시 분,24시 0분,◆1◆|지하|벽부형충전기|AC단상 5핀|완속|17|.|,0,17,없음
A13821007,641,5,미설치,설치,0,17,,외부인허용,시 분,0시 0분,시 분,0시 0분,"◆1◆|지하|스탠드형충전기|AC단상 5핀|완속|2|한전산업|,◆2◆|지하|벽부형충전기|AC단상 5핀|완속|13|휴맥스ev|,◆3◆|지하|스탠드형충전기|AC3상 7핀|급속|1|한전산업|",0,16,없음
A13822001,4200,150,미설치,설치,0,82,,입주민전용,시 분,0시 0분,시 분,23시 0분,"◆1◆|지하|스탠드형충전기|AC단상 5핀|급속|8|한전|,◆2◆|지하|벽부형충전기|AC3상 7핀|완속|40|이지차저|",0,48,없음
A13822002,4686,171,미설치,설치,0,5,입주민전용,입주민전용,시 분,24시 0분,시 분,24시 0분,"◆1◆|지하|이동형충전기|직접입력|완속|100|(주)파워큐브코리아|,◆2◆|지하|벽부형충전기|직접입력|완속|70|스타코프|,◆3◆|지하|스탠드형충전기|AC단상 5핀|완속|5|(주)에버온|",0,175,있음
A13822003,7451,220,미설치,설치,0,207,,입주민전용,시 분,0시 0분,시 분,0시 0분,◆1◆|지하|벽부형충전기|AC단상 5핀|완속|207|스타코프|,0,207,없음
A13822004,8026,360,미설치,설치,0,7712,입주민전용,입주민전용,시 분,0시 0분,시 분,0시 0분,"◆1◆|지하|벽부형충전기|AC단상 5핀|완속|20|스타코프|,◆2◆|지하|벽부형충전기|DC콤보 7핀|급속|1|이지차저|,◆3◆|지하|벽부형충전기|AC단상 5핀|완속|200|이지차저, 테슬라|",0,221,없음
A13822301,1444,50,미설치,설치,0,43,,입주민전용,,0시 0분,,24시 0분,"◆1◆|지하|스탠드형충전기|AC3상 7핀|급속|1|한국전력공사|,◆2◆|지하|스탠드형충전기|DC콤보 7핀|완속|3|한국전력공사|,◆3◆|지하|벽부형충전기|직접입력|완속|30|(주)스타코프|,◆4◆|지하|벽부형충전기|AC단상 5핀|완속|9|(주)스타코프|",0,43,있음
A13822701,1379,0,미설치,미설치,0,0,,,시 분,시 분,시 분,시 분,,,,없음
A13822702,1000,0,미설치,미설치,20,0,입주민전용,,시 분,시 분,시 분,시 분,,,,없음
A13822902,3,3,미설치,미설치,0,0,,,시 분,시 분,시 분,시 분,,,,없음
A13824001,400,5,미설치,설치,0,0,,,시 분,0시 0분,시 분,0시 0분,"◆1◆|지하|벽부형충전기|직접입력|완속|6|플러그링크|,◆2◆|지하|벽부형충전기|직접입력|완속|2|파워큐브|,◆3◆|지하|벽부형충전기|직접입력|완속|3|스타코프|,◆4◆|지하|벽부형충전기|직접입력|급속|1|한국전력|",0,12,없음
A13824002,581,34,미설치,설치,0,23,,,시 분,23시 59분,시 분,23시 59분,◆1◆|지하|벽부형충전기|AC단상 5핀|완속|23|파워큐브코리아|,0,23,없음
A13824003,536,11,미설치,설치,0,6,,입주민전용,시 분,0시 0분,시 분,0시 0분,"◆1◆|지하|벽부형충전기|AC단상 5핀|완속|4|나이스|,◆2◆|지하|벽부형충전기|AC단상 5핀|완속|2|(주)스타코프|",0,6,없음
A13824005,0,0,미설치,미설치,0,0,입주민전용,,시 분,시 분,시 분,시 분,,,,없음
A13824006,9928,252,미설치,설치,0,30,입주민전용,,시 분,24시 0분,시 분,24시 0분,◆1◆|지하|벽부형충전기|직접입력|완속|30|파워큐브코리아|,0,30,없음
A13872502,892,16,미설치,설치,0,31,,입주민전용,시 분,0시 0분,시 분,23시 59분,"◆1◆|지하|스탠드형충전기|DC콤보 7핀|급속|1|시그넷시스템|,◆2◆|지하|벽부형충전기|AC단상 5핀|완속|2|클린일렉스컴퍼니|,◆3◆|지하|벽부형충전기|AC단상 5핀|완속|12|에버온|,◆4◆|지하|벽부형충전기|직접입력|완속|16|차지콘|",0,31,있음
A13872503,402,20,미설치,설치,0,16,,,시 분,0시 0분,시 분,0시 0분,"◆1◆|지하|벽부형충전기|AC단상 5핀|완속|5|차지비|,◆2◆|지하|스탠드형충전기|AC단상 5핀|급속|1|한화모티브|,◆3◆|지하|벽부형충전기|AC단상 5핀|완속|10|한화모티브|",0,16,있음
A13872504,192,0,설치,미설치,3,0,입주민전용,,0시 0분,시 분,0시 0분,시 분,◆1◆|지상|스탠드형충전기|AC3상 7핀|완속|3|ga차지비|,3,0,없음
A13873701,0,0,미설치,미설치,0,0,입주민전용,입주민전용,시 분,시 분,시 분,시 분,,,,없음
A13876108,653,52,미설치,설치,0,18,,외부인허용,시 분,1시 1분,시 분,24시 59분,"◆1◆|지하|벽부형충전기|AC단상 5핀|완속|17|GS커넥트|,◆2◆|지하|스탠드형충전기|AC단상 5핀|급속|1|한전|",0,18,없음
A13876109,483,3,설치,설치,8,8,입주민전용,입주민전용,0시 1분,0시 1분,0시 0분,0시 0분,"◆1◆|지상|스탠드형충전기|AC단상 5핀|완속|8|(주)LG유플러스볼트업|,◆2◆|지하|벽부형충전기|AC단상 5핀|완속|8|서울씨엔지(주)|",8,8,없음
A13876110,825,27,미설치,설치,0,15,입주민전용,입주민전용,시 분,0시 0분,시 분,24시 0분,◆1◆|지하|벽부형충전기|AC단상 5핀|완속|15|지차저|,0,15,없음
A13876111,282,19,설치,설치,5,4,입주민전용,입주민전용,0시 1분,0시 1분,23시 59분,23시 59분,"◆1◆|지상|스탠드형충전기|AC단상 5핀|완속|2|플러그링크|,◆2◆|지상|스탠드형충전기|AC단상 5핀|완속|3|gs차지비|,◆3◆|지하|벽부형충전기|AC단상 5핀|완속|4|한국전자금융(주)|",5,4,없음
A13876112,6,6,설치,설치,5,2,,,23시 59분,23시 59분,23시 59분,23시 59분,"◆1◆|지하|이동형충전기|AC단상 5핀|완속|19|파워큐브|,◆2◆|지하|벽부형충전기|AC단상 5핀|완속|2|파워큐브|,◆3◆|지상|스탠드형충전기|AC단상 5핀|완속|5|gs차지비|",5,21,없음
A13876113,1306,14,미설치,설치,0,4,,입주민전용,시 분,0시 0분,시 분,0시 0분,"◆1◆|지하|스탠드형충전기|AC단상 5핀|급속|1|홈앤서비스|,◆2◆|지하|스탠드형충전기|AC단상 5핀|완속|3|홈앤서비스|",0,4,없음
A13876114,2291,46,미설치,설치,0,26,외부인허용,외부인허용,시 분,24시 0분,시 분,24시 0분,"◆1◆|지하|스탠드형충전기|DC콤보 7핀|급속|2|(한전)대영채비(주)|,◆2◆|지하|벽부형충전기|AC단상 5핀|완속|10|EVERON|,◆3◆|지하|스탠드형충전기|AC단상 5핀|완속|5|(한전)보타니에너지(주)|,◆4◆|지하|벽부형충전기|AC단상 5핀|완속|9|(차지비)중앙제어(주)|,◆5◆|지하|스탠드형충전기|DC차데모 10핀|급속|2|(한전)대영채비(주)|",0,28,없음
A13877501,100,29,미설치,설치,0,29,입주민전용,,,0시 0분,,23시 59분,"◆1◆|지하|스탠드형충전기|DC콤보 7핀|급속|1|시어스|,◆2◆|지하|스탠드형충전기|DC콤보 7핀|완속|3|시어스|,◆3◆|지하|벽부형충전기|AC3상 7핀|완속|24|시어스|",0,28,없음
A13879102,5611,0,미설치,미설치,0,0,,,,,,,,,,있음
A13880105,651,7,미설치,설치,0,14,,입주민전용,시 분,12시 0분,시 분,12시 0분,◆1◆|지하|벽부형충전기|AC단상 5핀|완속|14|엘지유플러스|,0,14,없음
A13880201,138,0,미설치,미설치,0,0,,,시 분,시 분,시 분,시 분,,,,없음
A13880204,307,2,미설치,미설치,0,0,입주민전용,입주민전용,시 분,시 분,시 분,시 분,,,,없음
A13880406,0,0,설치,미설치,10,0,,,24시 0분,시 분,24시 0분,시 분,◆1◆|지상|스탠드형충전기|AC단상 5핀|완속|10|신세계아이앤씨|,10,0,없음
A13880407,1004,30,미설치,설치,0,7,,입주민전용,시 분,1시 0분,시 분,23시 0분,"◆1◆|지하|벽부형충전기|AC단상 5핀|완속|7|파워큐브|,◆2◆|지하|벽부형충전기|AC단상 5핀|완속|32|스타코프|",0,39,있음
A13880602,190,4,미설치,설치,0,4,,입주민전용,시 분,0시 0분,시 분,23시 0분,"◆1◆|지하|벽부형충전기|AC단상 5핀|완속|8|하이파킹|,◆2◆|지하|스탠드형충전기|AC단상 5핀|급속|1|하이파킹|",0,9,없음
A13880603,296,4,설치,미설치,3,0,,,0시 0분,시 분,24시 0분,시 분,◆1◆|지상|스탠드형충전기|AC단상 5핀|완속|9|이지차저|,9,0,없음
A13880701,480,2,설치,미설치,1,0,,,0시 0분,,23시 59분,,◆1◆|지상|이동형충전기|DC콤보 7핀|완속|1|파워큐브|,1,0,없음
A13880806,2064,35,미설치,설치,0,6,,입주민전용,시 분,1시 0분,시 분,24시 0분,"◆1◆|지하|스탠드형충전기|AC3상 7핀|급속|2|한전|,◆2◆|지하|벽부형충전기|AC3상 7핀|완속|60|파워큐브코리아|,◆3◆|지하|스탠드형충전기|AC3상 7핀|완속|4|한전|",0,66,있음
A13881005,1429,12,미설치,설치,0,24,,입주민전용,시 분,24시 0분,시 분,24시 0분,"◆1◆|지하|벽부형충전기|DC콤보 7핀|급속|1|파워큐브코리아|,◆2◆|지하|벽부형충전기|DC콤보 7핀|완속|23|파워큐브코리아|",0,24,있음
A13881103,789,0,미설치,미설치,0,0,,,,,,,,,,없음
A13881204,672,0,미설치,미설치,0,0,,,시 분,시 분,시 분,시 분,,,,없음
A13881302,384,10,설치,미설치,4,0,입주민전용,,0시 0분,시 분,24시 0분,시 분,◆1◆|지상|벽부형충전기|AC3상 7핀|완속|4|플러그링크|,4,0,있음
A13881401,291,2,설치,미설치,5,0,입주민전용,,0시 0분,시 분,0시 0분,시 분,◆1◆|지상|스탠드형충전기|AC단상 5핀|완속|5|GS차지비|,5,0,없음
A13881601,280,3,미설치,설치,0,1,,입주민전용,시 분,0시 0분,시 분,23시 59분,◆1◆|지하|벽부형충전기|AC단상 5핀|완속|1|(주)차지비|,0,1,없음
A13881603,616,0,미설치,미설치,0,0,,,시 분,시 분,시 분,시 분,,,,없음
A13881701,940,28,미설치,설치,0,18,,입주민전용,시 분,0시 0분,시 분,23시 0분,"◆1◆|지하|벽부형충전기|AC단상 5핀|완속|15|이지차저|,◆2◆|지하|벽부형충전기|직접입력|초급속|1|한전|,◆3◆|지하|벽부형충전기|AC단상 5핀|완속|2|한전|",0,18,없음
A13882401,175,0,설치,미설치,8,0,,,0시 0분,시 분,24시 0분,시 분,◆1◆|지상|스탠드형충전기|AC단상 5핀|완속|4|I 파킹|,4,0,없음
A13882402,298,1,미설치,미설치,1,1,,,시 분,시 분,시 분,시 분,,,,없음
A13883601,326,3,설치,미설치,1,0,외부인허용,,23시 59분,시 분,23시 59분,시 분,◆1◆|지상|벽부형충전기|직접입력|완속|1|kepco|,1,0,없음
A13883602,965,20,설치,설치,12,0,입주민전용,입주민전용,0시 0분,0시 0분,0시 0분,0시 0분,"◆1◆|지상|스탠드형충전기|AC3상 7핀|완속|12|주식회사에버온|,◆2◆|지하|벽부형충전기|AC단상 5핀|완속|4|주시회사스타코프|",12,4,있음
A13885102,704,0,설치,미설치,7,0,입주민전용,,0시 0분,시 분,24시 0분,시 분,◆1◆|지상|스탠드형충전기|AC단상 5핀|완속|7|LGU+|,7,0,있음
A13885301,396,3,미설치,설치,0,5,,입주민전용,시 분,12시 0분,시 분,23시 0분,◆1◆|지하|벽부형충전기|AC단상 5핀|완속|5|차지비|,0,5,없음
A13885303,221,5,설치,미설치,5,0,,,0시 0분,시 분,23시 0분,시 분,◆1◆|지상|벽부형충전기|DC콤보 7핀|완속|5|이지자처|,5,0,없음
A13885304,974,7,설치,미설치,3,0,입주민전용,,0시 0분,시 분,23시 0분,시 분,◆1◆|지상|스탠드형충전기|AC단상 5핀|완속|3|알박|,3,0,없음
A13885306,1021,8,설치,미설치,5,0,,,0시 0분,시 분,23시 0분,시 분,◆1◆|지상|스탠드형충전기|AC단상 5핀|완속|5|스타코프|,5,0,없음
A13886009,660,1,설치,미설치,7,0,외부인허용,,0시 0분,시 분,23시 59분,시 분,"◆1◆|지상|벽부형충전기|AC단상 5핀|완속|3|에버온|,◆2◆|지상|스탠드형충전기|AC단상 5핀|완속|1|에버온|",4,0,없음
A13886701,0,0,설치,미설치,6,0,,,0시 0분,시 분,24시 0분,시 분,◆1◆|지상|스탠드형충전기|직접입력|완속|6|(주)에버온|,6,0,없음
A13887301,253,7,설치,미설치,6,0,,입주민전용,24시 0분,시 분,24시 0분,시 분,◆1◆|지상|스탠드형충전기|AC단상 5핀|완속|6|SK스크넷|,6,0,없음
A13887302,894,18,미설치,설치,0,0,,입주민전용,시 분,23시 59분,시 분,23시 59분,◆1◆|지하|벽부형충전기|AC단상 5핀|완속|13|스타코프|,0,13,없음
A13887403,390,12,미설치,설치,0,8,,입주민전용,시 분,0시 0분,시 분,0시 0분,◆1◆|지하|벽부형충전기|AC단상 5핀|완속|6|(주)지엔텔-지차저|,0,6,없음
A13887405,697,10,미설치,설치,0,0,,입주민전용,시 분,23시 59분,시 분,23시 59분,◆1◆|지하|벽부형충전기|AC단상 5핀|완속|73|스타코프|,0,73,있음
A13887702,356,12,설치,미설치,7,0,외부인허용,,0시 0분,시 분,0시 0분,시 분,◆1◆|지상|스탠드형충전기|AC3상 7핀|완속|3|에버온|,3,0,없음
A13887901,242,3,미설치,설치,0,1,,입주민전용,시 분,0시 0분,시 분,23시 59분,"◆1◆|지하|벽부형충전기|직접입력|완속|58|스타코프|,◆2◆|지하|스탠드형충전기|직접입력|완속|1|스타코프|",0,59,없음
A13895501,590,33,미설치,설치,0,17,,입주민전용,시 분,0시 0분,시 분,23시 59분,"◆1◆|지하|스탠드형충전기|AC3상 7핀|급속|1|차지비|,◆2◆|지하|스탠드형충전기|AC단상 5핀|완속|2|차지비|,◆3◆|지하|벽부형충전기|AC단상 5핀|완속|14|차지비|",0,17,없음
A13895502,0,0,미설치,미설치,0,0,,,시 분,시 분,시 분,시 분,,,,없음
A13895503,115,0,미설치,미설치,0,0,입주민전용,입주민전용,시 분,시 분,시 분,시 분,,,,없음
A13905003,570,10,미설치,설치,0,10,,입주민전용,,0시 0분,,23시 59분,"◆1◆|지하|벽부형충전기|AC단상 5핀|완속|4|대영채비|,◆2◆|지하|벽부형충전기|AC단상 5핀|완속|9|현대엔지니어링|",0,13,없음
A13905101,228,6,미설치,설치,0,5,입주민전용,,시 분,0시 59분,시 분,0시 59분,◆1◆|지하|벽부형충전기|AC단상 5핀|완속|5|fhhhh|,0,5,없음
A13905102,237,9,설치,설치,4,5,,,24시 0분,24시 0분,24시 0분,24시 0분,"◆1◆|지상|스탠드형충전기|AC3상 7핀|완속|4|나이스|,◆2◆|지하|벽부형충전기|AC3상 7핀|완속|5|차지|",4,5,없음
A13905105,1461,15,미설치,설치,0,56,,외부인허용,시 분,1시 1분,시 분,24시 1분,"◆1◆|지하|벽부형충전기|직접입력|완속|46|홈앤서비스|,◆2◆|지하|벽부형충전기|직접입력|완속|10|GS커넥트|",0,56,없음
A13905202,12,12,미설치,설치,0,5,,입주민전용,시 분,0시 0분,시 분,23시 59분,"◆1◆|지하|벽부형충전기|AC단상 5핀|완속|5|엘지유플러스|,◆2◆|지하|이동형충전기|AC단상 5핀|완속|8|GS차지비|",0,13,없음
A13905204,348,5,미설치,설치,0,2,,입주민전용,시 분,1시 1분,시 분,13시 59분,"◆1◆|지하|스탠드형충전기|AC단상 5핀|완속|2|차지비|,◆2◆|지하|벽부형충전기|직접입력|완속|2|차지비|",0,4,없음
A13905208,0,0,미설치,설치,0,8,,,시 분,24시 0분,시 분,24시 0분,◆1◆|지하|벽부형충전기|AC3상 7핀|완속|8|앨지|,0,8,없음
A13905301,293,8,미설치,설치,0,5,,입주민전용,시 분,0시 0분,시 분,23시 0분,◆1◆|지하|벽부형충전기|AC단상 5핀|완속|5|알박|,0,5,없음
A13905302,572,8,설치,미설치,0,0,외부인허용,,24시 0분,시 분,24시 0분,시 분,◆1◆|지상|스탠드형충전기|AC단상 5핀|완속|8|파킹앤차징|,8,0,없음
A13920001,365,3,미설치,설치,0,12,,입주민전용,시 분,0시 0분,시 분,23시 59분,◆1◆|지하|벽부형충전기|DC콤보 7핀|완속|12|지커넥트|,0,12,없음
A13920102,217,4,설치,미설치,0,0,입주민전용,,0시 0분,시 분,0시 0분,시 분,◆1◆|지상|스탠드형충전기|AC단상 5핀|완속|3|플러그링크|,3,0,없음
A13920104,343,18,미설치,설치,0,6,,입주민전용,시 분,0시 0분,시 분,0시 0분,◆1◆|지하|벽부형충전기|AC단상 5핀|완속|6|(주)에버온인프라|,0,6,없음
A13920105,331,1,미설치,설치,0,14,,입주민전용,시 분,0시 0분,시 분,23시 0분,"◆1◆|지하|벽부형충전기|AC단상 5핀|완속|6|클릭일렉트|,◆2◆|지하|벽부형충전기|AC단상 5핀|완속|8|플러그링크|",0,14,없음
A13920106,311,0,미설치,미설치,0,0,,,,,,,,,,없음
A13920202,250,3,미설치,설치,0,15,,외부인허용,시 분,0시 0분,시 분,23시 59분,◆1◆|지하|벽부형충전기|AC3상 7핀|완속|15|g-connect|,0,15,있음
A13920205,375,2,미설치,미설치,0,0,,,시 분,시 분,시 분,시 분,,,,없음
A13920207,530,2,설치,미설치,10,0,입주민전용,,0시 1분,시 분,23시 59분,시 분,◆1◆|지상|스탠드형충전기|AC3상 7핀|완속|10|(주)차지비|,10,0,없음
A13920209,1400,7,미설치,설치,0,3,,입주민전용,시 분,6시 10분,시 분,23시 10분,"◆1◆|지하|벽부형충전기|AC단상 5핀|완속|6|차지비 3 에버온15대|,◆2◆|지상|스탠드형충전기|AC단상 5핀|완속|12|에버온|",12,6,없음
A13920501,262,3,미설치,설치,0,5,,입주민전용,시 분,0시 1분,시 분,23시 59분,◆1◆|지하|벽부형충전기|직접입력|완속|5|타키온네트워크|,0,5,없음
A13920506,583,10,설치,설치,1,11,,,0시 59분,0시 59분,0시 59분,0시 59분,"◆1◆|지상|벽부형충전기|AC단상 5핀|완속|1|클린일렉스|,◆2◆|지하|벽부형충전기|AC단상 5핀|완속|9|(주)지엔텔|",1,9,없음
A13920703,360,0,미설치,미설치,0,0,입주민전용,,시 분,시 분,시 분,시 분,,,,없음
A13920706,0,0,설치,미설치,30,0,,,0시 0분,시 분,24시 0분,시 분,◆1◆|지상|스탠드형충전기|AC단상 5핀|완속|30|(주)에버온|,30,0,있음
A13920707,2014,7,설치,미설치,16,0,외부인허용,,24시 0분,시 분,24시 0분,시 분,◆1◆|지상|스탠드형충전기|AC단상 5핀|완속|16|나이스인프라(주)|,16,0,없음
A13920802,1703,22,설치,미설치,2,0,입주민전용,,0시 0분,시 분,0시 0분,시 분,◆1◆|지상|스탠드형충전기|DC차데모 10핀|급속|2|한국전력|,2,0,없음
A13920803,2123,24,설치,미설치,19,0,입주민전용,,24시 0분,시 분,24시 0분,시 분,"◆1◆|지상|스탠드형충전기|DC콤보 7핀|급속|1|한국전력공사|,◆2◆|지상|스탠드형충전기|DC콤보 7핀|완속|1|한국전력공사|,◆3◆|지상|스탠드형충전기|AC단상 5핀|완속|17|(주)에버온|",19,0,있음
A13920804,2000,2,미설치,미설치,0,0,,,시 분,시 분,시 분,시 분,,,,없음
A13921005,2174,0,미설치,미설치,0,0,,,시 분,시 분,시 분,시 분,,,,없음
A13922001,219,3,미설치,설치,0,11,,입주민전용,시 분,0시 0분,시 분,24시 0분,◆1◆|지하|벽부형충전기|AC단상 5핀|완속|11|에버온|,0,11,없음
A13922002,240,2,미설치,미설치,0,0,,,시 분,시 분,시 분,시 분,,,,없음
A13922003,408,7,미설치,설치,0,9,,입주민전용,시 분,0시 1분,시 분,23시 59분,◆1◆|지하|벽부형충전기|AC단상 5핀|완속|9|플러그링크|,0,9,없음
A13922102,312,4,설치,미설치,9,0,외부인허용,,0시 0분,시 분,24시 0분,시 분,◆1◆|지상|스탠드형충전기|AC단상 5핀|완속|9|(주)이지차저|,9,0,없음
A13922103,340,5,미설치,설치,0,6,,외부인허용,시 분,0시 0분,시 분,9시 0분,◆1◆|지하|벽부형충전기|AC단상 5핀|완속|6|매니지온|,0,6,있음
A13922105,64,0,미설치,설치,0,3,,,시 분,0시 0분,시 분,24시 0분,◆1◆|지하|벽부형충전기|AC단상 5핀|완속|1|GS차지비|,0,1,없음
A13922108,672,4,미설치,미설치,0,0,입주민전용,입주민전용,시 분,시 분,시 분,시 분,,,,없음
A13922110,789,30,설치,설치,0,14,,입주민전용,0시 0분,0시 0분,0시 0분,0시 0분,◆1◆|지하|벽부형충전기|AC단상 5핀|완속|14|지에스커넥터|,0,14,있음
A13922111,9,9,설치,미설치,7,0,입주민전용,,24시 1분,시 분,24시 1분,시 분,"◆1◆|지상|스탠드형충전기|AC단상 5핀|완속|4|gs차지비|,◆2◆|지상|벽부형충전기|AC단상 5핀|완속|3|이지차저|",7,0,있음
A13922114,2067,0,설치,미설치,15,0,,,0시 0분,시 분,24시 0분,시 분,"◆1◆|지상|스탠드형충전기|AC단상 5핀|완속|13|아이파킹|,◆2◆|지상|스탠드형충전기|AC단상 5핀|급속|2|아이파킹|",15,0,없음
A13922406,609,5,미설치,미설치,0,0,,,시 분,시 분,시 분,시 분,,,,없음
A13922901,251,1,미설치,미설치,0,0,,,시 분,시 분,시 분,시 분,,,,없음
A13922903,660,16,설치,미설치,13,0,외부인허용,,24시 0분,시 분,24시 0분,시 분,◆1◆|지상|스탠드형충전기|AC단상 5핀|완속|13|플러그링크|,13,0,없음
A13922904,480,16,설치,미설치,7,0,입주민전용,입주민전용,0시 0분,시 분,24시 0분,시 분,◆1◆|지상|스탠드형충전기|직접입력|완속|7|현대엔지니어링|,7,0,없음
A13922905,597,5,설치,설치,7,4,,,0시 0분,0시 0분,0시 0분,0시 0분,"◆1◆|지상|스탠드형충전기|AC단상 5핀|완속|4|LGU+|,◆2◆|지하|벽부형충전기|AC단상 5핀|완속|4|(주)에버온|,◆3◆|지상|스탠드형충전기|AC단상 5핀|완속|7|(주)에버온|",11,4,없음
A13922907,760,14,미설치,설치,0,14,,입주민전용,시 분,1시 0분,시 분,23시 59분,"◆1◆|지하|벽부형충전기|AC단상 5핀|완속|12|차지비|,◆2◆|지하|스탠드형충전기|AC단상 5핀|초급속|1|한전|,◆3◆|지하|스탠드형충전기|AC단상 5핀|완속|1|한전|",0,14,없음
A13922908,629,6,설치,설치,14,8,입주민전용,입주민전용,24시 0분,24시 0분,24시 0분,24시 0분,"◆1◆|지상|스탠드형충전기|AC단상 5핀|완속|6|한국전자금융|,◆2◆|지하|스탠드형충전기|AC단상 5핀|급속|1|한국전력공사|,◆3◆|지하|벽부형충전기|AC단상 5핀|완속|5|(주)클린일렉스|,◆4◆|지상|스탠드형충전기|AC단상 5핀|완속|8|GS차지비|,◆5◆|지하|스탠드형충전기|AC단상 5핀|완속|2|한국전력공사|",14,8,없음
A13922909,0,0,미설치,미설치,0,0,,,시 분,시 분,시 분,시 분,,,,없음
A13922910,521,8,설치,미설치,7,0,외부인허용,,6시 0분,시 분,18시 0분,시 분,◆1◆|지상|스탠드형충전기|AC단상 5핀|완속|7|(주)신세계아이앤씨|,7,0,없음
A13923102,345,3,미설치,설치,0,7,,입주민전용,시 분,23시 59분,시 분,23시 59분,◆1◆|지하|벽부형충전기|AC단상 5핀|완속|7|차지비|,0,7,없음
A13923103,450,2,설치,미설치,9,0,입주민전용,,0시 0분,시 분,24시 0분,시 분,◆1◆|지상|스탠드형충전기|AC단상 5핀|완속|9|플러그링크|,9,0,있음
A13923104,0,17,미설치,미설치,0,0,,,시 분,시 분,시 분,시 분,,,,없음
A13923106,900,10,미설치,설치,0,21,,입주민전용,시 분,0시 0분,시 분,0시 59분,◆1◆|지하|벽부형충전기|AC단상 5핀|완속|21|GS차지비|,0,21,없음
A13923108,0,0,미설치,미설치,0,0,,,시 분,시 분,시 분,시 분,,,,없음
A13924003,660,5,설치,설치,8,5,,,0시 0분,0시 0분,23시 0분,23시 0분,"◆1◆|지하|벽부형충전기|AC단상 5핀|완속|5|프링크|,◆2◆|지상|스탠드형충전기|AC단상 5핀|완속|8|파워큐브코리아|",8,5,없음
A13924004,800,24,미설치,설치,10,6,,입주민전용,시 분,0시 10분,시 분,23시 10분,"◆1◆|지하|벽부형충전기|AC3상 7핀|완속|6|g차지|,◆2◆|지하|스탠드형충전기|AC3상 7핀|급속|1|신세계I&C|,◆3◆|지하|스탠드형충전기|AC3상 7핀|완속|9|신세계I&C|",0,16,없음
A13924205,317,7,설치,미설치,6,0,입주민전용,,0시 1분,시 분,23시 59분,시 분,"◆1◆|지상|스탠드형충전기|AC단상 5핀|완속|4|파워큐브|,◆2◆|지상|스탠드형충전기|AC단상 5핀|완속|2|(주)씨어스|",6,0,없음
A13971501,700,8,설치,미설치,6,0,,,0시 0분,시 분,0시 0분,시 분,"◆1◆|지상|스탠드형충전기|AC단상 5핀|완속|2|플러그링크|,◆2◆|지상|스탠드형충전기|AC단상 5핀|완속|3|GS차저|,◆3◆|지상|스탠드형충전기|AC단상 5핀|완속|3|나이스차저|",8,0,없음
A13971502,857,0,설치,미설치,17,0,,,24시 250분,시 분,24시 250분,시 분,◆1◆|지상|스탠드형충전기|AC단상 5핀|완속|17|에버온|,17,0,없음
A13972601,790,0,설치,미설치,11,0,,,24시 분,시 분,24시 분,시 분,◆1◆|지상|스탠드형충전기|AC단상 5핀|완속|11|나이스|,11,0,없음
A13972603,1100,0,미설치,미설치,0,0,,,시 분,시 분,시 분,시 분,,,,없음
A13974101,550,20,설치,설치,0,12,입주민전용,입주민전용,0시 50분,0시 50분,0시 50분,0시 50분,◆1◆|지하|벽부형충전기|AC단상 5핀|완속|20|sk홈앤서비스|,0,20,없음
A13974102,695,10,미설치,설치,0,9,,입주민전용,시 분,0시 0분,시 분,0시 0분,"◆1◆|지하|벽부형충전기|AC단상 5핀|완속|6|SK홈앤서비스|,◆2◆|지하|스탠드형충전기|AC단상 5핀|완속|1|한국전력|,◆3◆|지하|스탠드형충전기|AC단상 5핀|급속|1|한국전력|",0,8,없음
A13974103,450,5,설치,설치,3,4,입주민전용,입주민전용,0시 0분,0시 0분,0시 0분,0시 0분,"◆1◆|지상|스탠드형충전기|AC단상 5핀|완속|3|G커넥트|,◆2◆|지하|스탠드형충전기|AC단상 5핀|완속|4|G커넥트|,◆3◆|지하|벽부형충전기|AC단상 5핀|완속|30|스타코|",3,34,없음
A13977913,756,0,미설치,미설치,0,0,,,시 분,시 분,시 분,시 분,,,,없음
A13980004,341,2,미설치,설치,0,5,,입주민전용,시 분,23시 59분,시 분,23시 59분,"◆1◆|지하|벽부형충전기|AC단상 5핀|완속|3|크린일렉스|,◆2◆|지하|스탠드형충전기|AC단상 5핀|완속|4|(주)에버온|",0,7,없음
A13980006,343,8,미설치,설치,0,8,,입주민전용,시 분,0시 0분,시 분,0시 0분,◆1◆|지하|벽부형충전기|AC3상 7핀|완속|8|플러그링크|,0,8,없음
A13980009,476,8,설치,미설치,2,0,,,23시 59분,시 분,23시 59분,시 분,◆1◆|지상|벽부형충전기|AC3상 7핀|완속|2|차지비|,2,0,없음
A13980010,548,5,미설치,설치,0,11,,,시 분,0시 0분,시 분,23시 59분,◆1◆|지하|스탠드형충전기|AC3상 7핀|급속|11|00|,0,11,없음
A13980012,625,8,미설치,설치,0,26,입주민전용,입주민전용,시 분,23시 59분,시 분,23시 59분,◆1◆|지하|벽부형충전기|직접입력|완속|26|체비등|,0,26,없음
A13980014,16,16,미설치,설치,0,2,,입주민전용,,1시 0분,,23시 59분,"◆1◆|지하|스탠드형충전기|AC단상 5핀|완속|2|한국전기차인프라기술|,◆2◆|지하|벽부형충전기|AC단상 5핀|완속|30|(주)파워큐브코리아|",0,32,없음
A13980017,373,7,설치,설치,5,2,,,23시 0분,23시 0분,0시 0분,0시 0분,"◆1◆|지상|스탠드형충전기|AC단상 5핀|완속|5|지엑스커넥터|,◆2◆|지하|벽부형충전기|AC단상 5핀|완속|2|스타코프|",5,2,없음
A13980018,676,14,설치,설치,11,0,입주민전용,입주민전용,0시 0분,0시 0분,23시 59분,23시 59분,◆1◆|지상|스탠드형충전기|AC단상 5핀|완속|11|한국전자금융(주)|,11,0,없음
A13980019,1239,25,설치,설치,10,15,,,0시 0분,0시 0분,23시 59분,23시 59분,"◆1◆|지상|스탠드형충전기|AC단상 5핀|완속|10|지에스커넥트(주)|,◆2◆|지하|벽부형충전기|AC단상 5핀|완속|15|지에스커넥트(주)|",10,15,없음
A13980102,3,3,미설치,설치,3,5,,입주민전용,시 분,0시 0분,시 분,23시 59분,"◆1◆|지하|벽부형충전기|AC단상 5핀|완속|3|플러그링크-지상에설치|,◆2◆|지하|벽부형충전기|AC단상 5핀|완속|5|플러그링크|",0,8,없음
A13980105,220,1,설치,미설치,0,0,,,0시 0분,시 분,24시 0분,시 분,◆1◆|지상|스탠드형충전기|AC단상 5핀|완속|5|주식회사 엘지유플러스볼트업트업|,5,0,없음
A13980107,471,10,미설치,설치,0,9,,입주민전용,시 분,23시 59분,시 분,23시 59분,"◆1◆|지하|벽부형충전기|AC단상 5핀|완속|20|스타코프|,◆2◆|지하|벽부형충전기|AC단상 5핀|완속|9|스타코프|",0,29,없음
A13980108,410,7,미설치,설치,0,7,,입주민전용,시 분,0시 0분,시 분,6시 10분,"◆1◆|지하|벽부형충전기|AC3상 7핀|완속|2|에버온|,◆2◆|지하|벽부형충전기|AC단상 5핀|완속|5|알박|",0,7,없음
A13980401,243,15,미설치,설치,0,5,,입주민전용,시 분,23시 59분,시 분,23시 59분,"◆1◆|지하|스탠드형충전기|AC단상 5핀|완속|6|(주)플러그링크|,◆2◆|지하|벽부형충전기|AC단상 5핀|완속|5|(주)에버원|",0,11,없음
A13980402,257,2,설치,설치,2,2,입주민전용,입주민전용,0시 0분,0시 0분,0시 0분,0시 0분,◆1◆|지상|벽부형충전기|직접입력|완속|4|플러그 링크|,4,0,없음
A13980403,273,6,설치,미설치,6,0,입주민전용,,0시 0분,시 분,24시 0분,시 분,◆1◆|지상|스탠드형충전기|AC단상 5핀|완속|6|(주)LG유플러스|,6,0,없음
A13980407,386,7,설치,미설치,3,0,외부인허용,,0시 0분,시 분,23시 59분,시 분,◆1◆|지상|스탠드형충전기|AC단상 5핀|완속|7|(주)차지비|,7,0,없음
A13980411,565,3,미설치,설치,0,12,,입주민전용,시 분,12시 10분,시 분,12시 10분,"◆1◆|지하|스탠드형충전기|AC단상 5핀|급속|1|캡코플러스|,◆2◆|지하|벽부형충전기|AC단상 5핀|완속|24|스타코프|,◆3◆|지하|스탠드형충전기|AC단상 5핀|완속|1|클린일렉스|",0,26,없음
A13980413,250,4,설치,설치,4,9,입주민전용,입주민전용,6시 0분,6시 0분,6시 0분,6시 0분,"◆1◆|지상|스탠드형충전기|AC단상 5핀|완속|2|플러그링크|,◆2◆|지상|스탠드형충전기|AC단상 5핀|완속|2|엘지u|,◆3◆|지하|이동형충전기|AC단상 5핀|완속|4|스타코프|,◆4◆|지하|이동형충전기|직접입력|완속|1|파워큐브코리아|,◆5◆|지하|벽부형충전기|직접입력|완속|4|엘지u플러스|",4,9,없음
A13980415,700,10,미설치,설치,0,14,입주민전용,입주민전용,시 분,14시 0분,시 분,14시 0분,◆1◆|지하|벽부형충전기|AC3상 7핀|완속|14|한국알박|,0,14,없음
A13980509,397,0,미설치,미설치,0,0,,,,,,,,,,없음
A13980510,439,3,설치,미설치,6,0,,,1시 1분,시 분,23시 59분,시 분,"◆1◆|지상|스탠드형충전기|AC단상 5핀|급속|1|한국전력공사|,◆2◆|지상|벽부형충전기|AC단상 5핀|완속|5|한국전자금융|",6,0,없음
A13980511,321,6,미설치,미설치,0,0,입주민전용,입주민전용,시 분,시 분,시 분,시 분,,,,없음
A13980512,500,1,미설치,미설치,0,0,,외부인허용,시 분,시 분,시 분,시 분,,,,없음
A13980513,2062,25,설치,설치,27,33,,,0시 0분,0시 0분,23시 59분,23시 59분,"◆1◆|지하|벽부형충전기|AC단상 5핀|완속|14|파워큐브코리아|,◆2◆|지하|스탠드형충전기|AC단상 5핀|완속|3|한전|,◆3◆|지하|벽부형충전기|AC단상 5핀|완속|16|파워큐브코리아|,◆4◆|지상|벽부형충전기|AC단상 5핀|완속|18|파워큐브코리아|,◆5◆|지상|스탠드형충전기|AC단상 5핀|완속|9|파워큐브코리아|",27,33,없음
A13980604,215,0,설치,설치,6,2,입주민전용,입주민전용,0시 0분,0시 0분,23시 59분,23시 59분,"◆1◆|지상|스탠드형충전기|AC단상 5핀|완속|6|플러그링크|,◆2◆|지하|벽부형충전기|AC단상 5핀|완속|2|나이스|",6,2,없음
A13980706,226,8,미설치,설치,0,7,,입주민전용,시 분,0시 0분,시 분,23시 59분,"◆1◆|지하|스탠드형충전기|AC단상 5핀|완속|2|플러그링크|,◆2◆|지하|스탠드형충전기|AC단상 5핀|완속|5|플러그링크|",0,7,없음
A13980801,163,6,미설치,설치,0,6,,입주민전용,시 분,1시 1분,시 분,23시 59분,◆1◆|지하|벽부형충전기|AC단상 5핀|완속|5|신세계|,0,5,없음
A13980803,142,3,설치,미설치,4,0,,,24시 0분,시 분,24시 0분,시 분,◆1◆|지상|스탠드형충전기|AC단상 5핀|완속|4|에버온|,4,0,없음
A13980903,243,5,설치,미설치,4,0,입주민전용,,0시 0분,시 분,24시 0분,시 분,◆1◆|지상|스탠드형충전기|AC단상 5핀|완속|4|주식회사 플러그링크|,4,0,없음
A13981001,49,0,미설치,미설치,0,0,,,시 분,시 분,시 분,시 분,,,,없음
A13981006,740,3,설치,설치,9,5,,외부인허용,0시 1분,24시 1분,23시 59분,24시 1분,"◆1◆|지하|벽부형충전기|AC3상 7핀|완속|5|(주) 에버온|,◆2◆|지상|스탠드형충전기|AC3상 7핀|완속|9|(주) 에버온|",9,5,없음
A13981204,145,0,미설치,설치,0,3,,입주민전용,시 분,1시 1분,시 분,23시 59분,◆1◆|지하|벽부형충전기|AC단상 5핀|급속|3|지에스차지비|,0,3,없음
A13981208,900,16,미설치,설치,9,8,,,시 분,0시 0분,시 분,23시 59분,◆1◆|지하|벽부형충전기|AC단상 5핀|완속|8|(주)파워큐브코리아|,0,8,있음
A13981304,377,0,설치,미설치,5,0,입주민전용,,0시 0분,시 분,24시 0분,시 분,◆1◆|지상|스탠드형충전기|직접입력|완속|5|(주)에버온|,5,0,없음
A13981402,284,12,미설치,설치,0,6,,입주민전용,시 분,0시 0분,시 분,0시 0분,◆1◆|지하|벽부형충전기|DC콤보 7핀|완속|6|(주) 에버온인프라|,0,6,없음
A13981407,588,5,설치,설치,8,0,입주민전용,입주민전용,0시 0분,0시 0분,23시 59분,23시 59분,◆1◆|지상|스탠드형충전기|AC단상 5핀|완속|8|차지비|,8,0,있음
A13981604,283,0,미설치,미설치,0,0,,,시 분,시 분,시 분,시 분,,,,없음
A13981606,416,4,설치,설치,9,4,입주민전용,입주민전용,24시 0분,24시 0분,24시 0분,24시 0분,"◆1◆|지상|스탠드형충전기|AC3상 7핀|완속|9|(주)이엘일렉트릭|,◆2◆|지하|벽부형충전기|AC단상 5핀|완속|4|GS커넥터|",9,4,없음
A13981608,560,5,설치,설치,3,8,입주민전용,입주민전용,0시 0분,0시 0분,0시 0분,0시 0분,"◆1◆|지하|벽부형충전기|AC단상 5핀|완속|1|sk브로드밴드홈앤써|,◆2◆|지상|스탠드형충전기|DC차데모 10핀|완속|2|한국전력|,◆3◆|지하|벽부형충전기|AC단상 5핀|완속|5|에버온|,◆4◆|지상|스탠드형충전기|AC3상 7핀|급속|1|한국전력|,◆5◆|지하|벽부형충전기|AC단상 5핀|완속|2|크린일렉스|",3,8,없음
A13981901,720,0,설치,미설치,11,0,입주민전용,,0시 0분,시 분,24시 0분,시 분,◆1◆|지상|스탠드형충전기|AC단상 5핀|완속|11|플러그링크|,11,0,없음
A13981903,0,0,미설치,미설치,0,0,,,시 분,시 분,시 분,시 분,,,,없음
A13982002,368,0,설치,미설치,6,0,입주민전용,,6시 0분,시 분,6시 0분,시 분,"◆1◆|지상|벽부형충전기|AC단상 5핀|완속|4|GS차지비|,◆2◆|지상|벽부형충전기|AC단상 5핀|완속|2|에버온|",6,0,없음
A13982003,478,10,설치,설치,5,0,입주민전용,입주민전용,0시 0분,0시 0분,24시 0분,24시 0분,"◆1◆|지상|스탠드형충전기|AC단상 5핀|완속|5|딜라이브|,◆2◆|지하|벽부형충전기|AC단상 5핀|완속|32|스타코프|",5,32,없음
A13982005,400,5,설치,미설치,4,0,입주민전용,,0시 0분,시 분,23시 0분,시 분,◆1◆|지상|스탠드형충전기|AC단상 5핀|완속|4|LG유플러스|,4,0,없음
A13982101,192,6,설치,미설치,5,0,입주민전용,입주민전용,6시 10분,시 분,23시 30분,시 분,"◆1◆|지상|스탠드형충전기|AC3상 7핀|완속|3|볼트업|,◆2◆|지상|스탠드형충전기|AC3상 7핀|완속|2|차지비|",5,0,없음
A13982103,304,6,미설치,설치,0,6,입주민전용,입주민전용,,23시 0분,,23시 0분,◆1◆|지하|벽부형충전기|AC단상 5핀|완속|6|클린일렉스|,0,6,없음
A13982202,1244,0,미설치,미설치,0,0,,,시 분,시 분,시 분,시 분,,,,없음
A13982301,1708,0,설치,미설치,18,0,,,0시 0분,시 분,23시 59분,시 분,◆1◆|지상|스탠드형충전기|AC3상 7핀|완속|18|에버온|,18,0,없음
A13982604,3159,49,설치,미설치,38,0,,,0시 0분,시 분,0시 0분,시 분,◆1◆|지상|스탠드형충전기|AC단상 5핀|완속|38|gs차지비|,38,0,없음
A13982701,630,0,미설치,미설치,0,0,,,시 분,시 분,시 분,시 분,,,,없음
A13982702,653,4,설치,미설치,11,0,입주민전용,,0시 0분,시 분,0시 0분,시 분,"◆1◆|지상|스탠드형충전기|AC단상 5핀|완속|8|한솔엠에스|,◆2◆|지상|스탠드형충전기|AC3상 7핀|완속|3|에버온|",11,0,없음
A13982704,5,5,설치,미설치,0,0,입주민전용,,6시 1분,시 분,23시 1분,시 분,◆1◆|지상|스탠드형충전기|AC단상 5핀|완속|19|한국전자금융(주)|,19,0,없음
A13983004,1541,2,설치,미설치,2,0,입주민전용,,0시 0분,시 분,23시 59분,시 분,"◆1◆|지상|스탠드형충전기|AC3상 7핀|완속|11|에버온(설치진행중)|,◆2◆|지상|벽부형충전기|AC3상 7핀|완속|5|클린일렉스|",16,0,없음
A13983105,1701,9,설치,미설치,19,0,입주민전용,,0시 0분,시 분,24시 0분,시 분,"◆1◆|지상|스탠드형충전기|AC단상 5핀|완속|17|에버온|,◆2◆|지상|스탠드형충전기|DC콤보 7핀|급속|2|차지비|",19,0,없음
A13983608,246,8,설치,미설치,5,0,입주민전용,,9시 30분,시 분,18시 30분,시 분,◆1◆|지상|스탠드형충전기|AC단상 5핀|완속|5|NICE인프라(주)|,5,0,있음
A13983707,365,6,설치,미설치,6,0,입주민전용,,0시 0분,시 분,24시 0분,시 분,◆1◆|지상|스탠드형충전기|AC단상 5핀|완속|6|에버온|,6,0,있음
A13983709,520,5,설치,미설치,6,0,,,0시 0분,시 분,0시 0분,시 분,◆1◆|지상|벽부형충전기|AC단상 5핀|초급속|6|에버온|,6,0,없음
A13983712,588,2,설치,미설치,8,0,입주민전용,입주민전용,0시 0분,시 분,24시 0분,시 분,◆1◆|지상|스탠드형충전기|AC단상 5핀|완속|8|(주)휴맥스이브이|,8,0,없음
A13983713,776,10,설치,미설치,10,0,입주민전용,,0시 0분,시 분,23시 59분,시 분,◆1◆|지상|스탠드형충전기|AC단상 5핀|완속|10|(주)파워큐브코리아|,10,0,없음
A13983801,181,3,설치,설치,4,0,,입주민전용,1시 1분,1시 1분,23시 59분,23시 59분,"◆1◆|지상|스탠드형충전기|AC단상 5핀|완속|4|한국전자금융(주)|,◆2◆|지하|벽부형충전기|AC단상 5핀|완속|4|홈앤서비스주식회사|",4,4,없음
A13983803,285,44,미설치,설치,0,2,,입주민전용,,0시 0분,,0시 0분,◆1◆|지하|벽부형충전기|AC단상 5핀|완속|2|GS커넥트|,0,2,없음
A13983810,720,77,설치,설치,15,8,입주민전용,입주민전용,24시 0분,24시 0분,24시 0분,24시 0분,"◆1◆|지하|벽부형충전기|직접입력|완속|8|홈엔서비스|,◆2◆|지상|스탠드형충전기|직접입력|완속|15|나이스|",15,8,없음
A13983811,806,25,설치,미설치,2,0,입주민전용,입주민전용,1시 1분,시 분,23시 59분,시 분,◆1◆|지상|스탠드형충전기|AC단상 5핀|완속|2|한전|,2,0,없음
A13983815,1235,1,미설치,설치,0,14,,,시 분,23시 0분,시 분,23시 0분,◆1◆|지하|벽부형충전기|AC단상 5핀|완속|14|홈앤서비스|,0,14,없음
A13983816,1164,36,설치,설치,16,7,입주민전용,입주민전용,24시 0분,24시 0분,24시 0분,24시 0분,"◆1◆|지상|스탠드형충전기|AC단상 5핀|완속|16|나이스인프라(주)|,◆2◆|지하|벽부형충전기|DC콤보 7핀|완속|7|에버원|",16,7,없음
A13984003,0,0,설치,미설치,6,0,입주민전용,,0시 0분,,24시 0분,,◆1◆|지상|스탠드형충전기|AC3상 7핀|완속|6|LGU+|,6,0,없음
A13984004,4368,68,미설치,설치,0,80,,입주민전용,시 분,0시 24분,시 분,0시 24분,"◆1◆|지하|이동형충전기|AC3상 7핀|완속|24|파워큐브|,◆2◆|지하|벽부형충전기|AC단상 5핀|완속|80|파워규브|",0,104,없음
A13984005,2055,56,설치,미설치,41,0,입주민전용,,0시 0분,시 분,24시 0분,시 분,◆1◆|지상|스탠드형충전기|직접입력|완속|41|엘지유플러스볼트업|,41,0,없음
A13984409,294,0,미설치,미설치,0,0,,,시 분,시 분,시 분,시 분,,,,없음
A13984411,593,4,미설치,설치,0,7,외부인허용,입주민전용,시 분,1시 0분,시 분,23시 0분,◆1◆|지하|벽부형충전기|AC단상 5핀|완속|7|G차저|,0,7,없음
A13984603,265,2,설치,미설치,206,0,입주민전용,,24시 0분,시 분,24시 0분,시 분,◆1◆|지상|스탠드형충전기|AC단상 5핀|완속|2|월계삼창아파트|,2,0,없음
A13984604,950,0,미설치,미설치,0,0,입주민전용,,시 분,시 분,시 분,시 분,,,,없음
A13984813,0,0,미설치,미설치,0,0,,,시 분,시 분,시 분,시 분,,,,없음
A13984814,1500,12,설치,미설치,16,0,입주민전용,입주민전용,0시 0분,시 분,23시 59분,시 분,◆1◆|지상|스탠드형충전기|AC단상 5핀|완속|16|파워큐브코리아|,16,0,없음
A13985103,517,2,미설치,설치,0,13,,외부인허용,시 분,23시 59분,시 분,23시 59분,"◆1◆|지하|벽부형충전기|AC단상 5핀|완속|5|에버온|,◆2◆|지하|벽부형충전기|AC단상 5핀|완속|8|지커넥터|",0,13,없음
A13985105,315,7,설치,미설치,6,0,입주민전용,입주민전용,0시 0분,시 분,24시 0분,시 분,◆1◆|지상|벽부형충전기|AC단상 5핀|완속|6|파워큐브코리아|,6,0,없음
A13985106,561,20,미설치,설치,0,10,,입주민전용,시 분,24시 0분,시 분,23시 59분,"◆1◆|지하|벽부형충전기|AC단상 5핀|완속|7|파워큐브코리아|,◆2◆|지하|스탠드형충전기|AC단상 5핀|완속|2|클린일렉스앤컴퍼니|,◆3◆|지하|스탠드형충전기|DC차데모 10핀|급속|1|시그넷시스템|",0,10,없음
A13985107,495,7,미설치,설치,0,7,,,시 분,0시 0분,시 분,0시 0분,◆1◆|지하|벽부형충전기|직접입력|완속|7|GS차지비|,0,7,없음
A13985201,165,0,미설치,설치,0,3,,입주민전용,시 분,23시 0분,시 분,23시 0분,◆1◆|지하|벽부형충전기|AC단상 5핀|완속|3|GS커넥트|,0,3,없음
A13985402,330,1,설치,미설치,6,0,입주민전용,,0시 0분,시 분,23시 59분,시 분,◆1◆|지상|스탠드형충전기|AC단상 5핀|완속|6|켑코플러스|,6,0,없음
A13985406,522,8,미설치,설치,0,11,입주민전용,입주민전용,,1시 0분,,23시 59분,◆1◆|지하|벽부형충전기|AC단상 5핀|완속|11|차지비|,0,11,없음
A13985605,523,12,미설치,설치,0,7,,입주민전용,시 분,24시 30분,시 분,24시 30분,◆1◆|지하|벽부형충전기|DC차데모 10핀|완속|7|G-커넥터|,0,7,있음
A13985904,368,3,설치,미설치,1,0,입주민전용,,6시 0분,시 분,23시 0분,시 분,◆1◆|지상|스탠드형충전기|AC단상 5핀|완속|1|KEPCO|,1,0,없음
A13985907,982,8,설치,미설치,14,0,,,24시 0분,시 분,24시 0분,시 분,"◆1◆|지상|스탠드형충전기|직접입력|완속|5|(주)엘지유플러스|,◆2◆|지상|벽부형충전기|직접입력|완속|9|(주)엘지유플러스|",14,0,없음
A13985908,0,1,설치,미설치,0,0,입주민전용,,0시 0분,시 분,0시 0분,시 분,◆1◆|지상|스탠드형충전기|AC단상 5핀|완속|6|나이스차저|,6,0,없음
A13985909,1252,14,설치,미설치,5,0,외부인허용,,0시 0분,시 분,23시 0분,시 분,◆1◆|지상|벽부형충전기|AC단상 5핀|완속|5|에버온|,5,0,없음
A13986004,345,10,설치,미설치,4,0,,,0시 0분,시 분,24시 0분,시 분,◆1◆|지상|스탠드형충전기|AC단상 5핀|완속|4|LG유플러스볼트업|,4,0,없음
A13986009,942,23,미설치,설치,0,17,,입주민전용,시 분,0시 0분,시 분,23시 59분,"◆1◆|지하|벽부형충전기|AC단상 5핀|완속|16|휴멕스|,◆2◆|지하|스탠드형충전기|AC단상 5핀|급속|1|휴맥스|",0,17,없음
A13986012,1061,10,미설치,설치,0,16,,입주민전용,시 분,0시 0분,시 분,23시 0분,"◆1◆|지하|스탠드형충전기|AC단상 5핀|완속|18|g차지|,◆2◆|지하|벽부형충전기|AC단상 5핀|완속|30|g차지|",0,48,없음
A13986013,1233,15,미설치,설치,0,4,,외부인허용,시 분,24시 0분,시 분,24시 0분,"◆1◆|지하|이동형충전기|AC단상 5핀|완속|24|파워큐브|,◆2◆|지하|스탠드형충전기|AC단상 5핀|완속|1|한국전력(캡코)|,◆3◆|지하|스탠드형충전기|AC3상 7핀|급속|1|한국전력(캡코)|,◆4◆|지하|벽부형충전기|AC단상 5핀|완속|2|한국전기인프라기술|,◆5◆|지하|이동형충전기|AC3상 7핀|완속|40|스타코프|",0,68,없음
A13986111,1661,17,미설치,설치,0,13,,,시 분,12시 1분,시 분,23시 59분,"◆1◆|지하|스탠드형충전기|AC단상 5핀|완속|3|파워큐브코리아|,◆2◆|지하|이동형충전기|직접입력|완속|9|파워큐브코리아|,◆3◆|지하|스탠드형충전기|AC3상 7핀|급속|1|파워큐브코리아|",0,13,없음
A13986201,242,4,미설치,설치,0,4,,입주민전용,시 분,0시 0분,시 분,23시 59분,◆1◆|지하|벽부형충전기|AC3상 7핀|완속|4|지에스커넥터|,0,4,없음
A13986207,260,3,미설치,설치,0,4,,입주민전용,시 분,1시 0분,시 분,24시 0분,"◆1◆|지하|벽부형충전기|AC단상 5핀|완속|2|플러그링크|,◆2◆|지하|벽부형충전기|AC단상 5핀|완속|2|지에스차지비|",0,4,있음
A13986302,2,2,설치,미설치,2,0,입주민전용,,23시 0분,,23시 0분,,◆1◆|지상|벽부형충전기|AC단상 5핀|급속|2|한전노원지사|,2,0,없음
A13986306,2530,0,설치,미설치,27,0,입주민전용,,0시 0분,시 분,24시 0분,시 분,◆1◆|지상|스탠드형충전기|AC단상 5핀|완속|27|나이스인프라(주)|,27,0,없음
A13986504,1769,0,미설치,미설치,0,0,,,시 분,시 분,시 분,시 분,,,,없음
A13986505,693,20,설치,미설치,34,0,입주민전용,,0시 0분,시 분,23시 59분,시 분,◆1◆|지상|스탠드형충전기|AC단상 5핀|완속|19|(주)케일럼엠|,19,0,있음
A13986509,128,0,설치,미설치,15,0,외부인허용,외부인허용,24시 0분,시 분,24시 0분,시 분,◆1◆|지상|스탠드형충전기|AC단상 5핀|완속|6|나이스차저|,6,0,없음
A13986606,513,0,미설치,미설치,0,0,입주민전용,입주민전용,시 분,시 분,시 분,시 분,,,,없음
A13986701,146,2,미설치,설치,0,7,,입주민전용,시 분,0시 0분,시 분,23시 59분,◆1◆|지하|벽부형충전기|AC단상 5핀|급속|2|(주)클린일렉스|,0,2,없음
A13986702,230,0,미설치,미설치,0,0,,,시 분,시 분,시 분,시 분,,,,없음
A13986703,340,2,미설치,설치,0,6,,입주민전용,시 분,0시 0분,시 분,24시 0분,◆1◆|지하|벽부형충전기|AC단상 5핀|완속|6|(주)에버온|,0,6,있음
A13987205,915,0,설치,미설치,16,0,입주민전용,,0시 0분,시 분,24시 0분,시 분,◆1◆|지상|스탠드형충전기|AC3상 7핀|완속|16|지에스차지비 주식회사|,16,0,있음
A13987301,110,0,설치,미설치,3,0,,외부인허용,0시 0분,시 분,24시 0분,시 분,◆1◆|지상|스탠드형충전기|AC단상 5핀|완속|3|GS차지비|,3,0,없음
A13987302,199,0,미설치,미설치,0,0,,,시 분,시 분,시 분,시 분,,,,없음
A13987303,1565,11,미설치,미설치,0,0,,,시 분,시 분,시 분,시 분,,,,없음
A13987304,1451,5,미설치,미설치,0,0,입주민전용,,,,,,,,,없음
A13987305,2001,0,미설치,설치,0,55,,외부인허용,,,,0시 0분,"◆1◆|지하|스탠드형충전기|직접입력|급속|1|한전|,◆2◆|지하|스탠드형충전기|직접입력|완속|4|한전|,◆3◆|지하|벽부형충전기|직접입력|초급속|50|스타코프|",0,55,없음
A13987306,1300,25,설치,미설치,10,0,입주민전용,,24시 0분,시 분,24시 0분,시 분,◆1◆|지상|스탠드형충전기|AC3상 7핀|완속|10|지에스커넥트|,10,0,없음
A13987501,176,0,미설치,설치,0,2,,,시 분,0시 0분,시 분,23시 59분,◆1◆|지하|벽부형충전기|AC단상 5핀|완속|2|차지비|,0,2,없음
A13987502,261,2,설치,미설치,6,0,,,24시 0분,시 분,24시 0분,시 분,◆1◆|지상|스탠드형충전기|AC단상 5핀|완속|6|주식회사 에버온|,6,0,없음
A13987503,210,3,미설치,설치,0,4,,입주민전용,시 분,0시 0분,시 분,23시 0분,◆1◆|지하|벽부형충전기|직접입력|완속|4|(주)명성전력|,0,4,있음
A13989701,670,12,미설치,설치,0,14,,외부인허용,시 분,23시 0분,시 분,23시 0분,◆1◆|지하|벽부형충전기|AC단상 5핀|완속|14|한국전지금융|,0,14,없음
A13989702,117,0,미설치,설치,0,3,,외부인허용,시 분,23시 23분,시 분,23시 59분,◆1◆|지하|벽부형충전기|AC단상 5핀|완속|3|레드이엔지|,0,3,없음
A13991015,169,2,설치,설치,4,4,외부인허용,입주민전용,24시 0분,24시 0분,23시 59분,23시 59분,"◆1◆|지상|스탠드형충전기|AC단상 5핀|완속|4|플러그링크|,◆2◆|지하|벽부형충전기|AC단상 5핀|완속|4|GS커넥터|",4,4,없음
A13991016,234,3,설치,미설치,4,0,입주민전용,,24시 0분,시 분,24시 0분,시 분,◆1◆|지상|벽부형충전기|AC단상 5핀|완속|4|(주)에버온|,4,0,없음
A13991017,285,5,미설치,설치,0,5,,입주민전용,시 분,1시 0분,시 분,24시 0분,◆1◆|지하|벽부형충전기|AC단상 5핀|완속|5|주식회사 클린일렉스|,0,5,없음
A13991018,1166,16,설치,미설치,15,0,외부인허용,,0시 0분,시 분,23시 59분,시 분,◆1◆|지상|스탠드형충전기|AC단상 5핀|완속|15|플러그링크|,15,0,없음
A13993501,552,5,미설치,설치,0,0,,,,24시 0분,,24시 0분,"◆1◆|지하|이동형충전기|AC단상 5핀|완속|3|(주)파워큐브코리아|,◆2◆||벽부형충전기|직접입력|완속|2|플러그링크|",0,3,있음
A13993502,780,3,미설치,설치,0,19,,입주민전용,시 분,0시 0분,시 분,23시 59분,"◆1◆|지하|벽부형충전기|AC단상 5핀|완속|5|클린일렉스|,◆2◆|지하|이동형충전기|AC단상 5핀|완속|14|sk홈엔서비스|",0,19,없음
A13993503,321,1,설치,미설치,6,0,,,24시 0분,시 분,24시 0분,시 분,◆1◆|지상|스탠드형충전기|AC단상 5핀|완속|6|플러그링크|,6,0,없음
A13993901,254,0,미설치,미설치,0,0,,,시 분,시 분,시 분,시 분,,,,없음
A13994302,584,9,설치,미설치,8,0,입주민전용,,0시 0분,시 분,0시 0분,시 분,◆1◆|지상|스탠드형충전기|AC단상 5핀|완속|8|신세계i&c|,8,0,없음
A13994501,2,2,미설치,설치,0,2,,,시 분,0시 0분,시 분,0시 0분,◆1◆|지하|스탠드형충전기|AC단상 5핀|완속|2|한전|,0,2,없음
A13995602,530,2,설치,미설치,7,0,,입주민전용,9시 0분,시 분,18시 0분,시 분,"◆1◆|지상|스탠드형충전기|AC단상 5핀|완속|2|에버온|,◆2◆|지상|스탠드형충전기|AC단상 5핀|완속|3|차지온|",5,0,없음
A14001101,740,5,미설치,설치,0,5,,입주민전용,시 분,0시 0분,시 분,23시 0분,◆1◆|지하|스탠드형충전기|AC단상 5핀|완속|5|한전|,0,5,없음
A14001201,323,0,미설치,설치,0,4,,입주민전용,시 분,0시 59분,시 분,0시 59분,◆1◆|지하|벽부형충전기|AC단상 5핀|완속|4|에어온|,0,4,없음
A14001303,1083,15,미설치,설치,0,21,,입주민전용,시 분,6시 10분,시 분,6시 10분,"◆1◆|지하|스탠드형충전기|DC콤보 7핀|완속|3|클린일렉스|,◆2◆|지하|스탠드형충전기|DC콤보 7핀|완속|17|나이스차저|,◆3◆|지하|스탠드형충전기|DC콤보 7핀|급속|1|한전|",0,21,없음
A14002501,1737,0,미설치,설치,0,44,,외부인허용,시 분,0시 0분,시 분,23시 59분,"◆1◆|지하|벽부형충전기|AC3상 7핀|완속|36|차지비|,◆2◆|지하|벽부형충전기|AC3상 7핀|완속|4|차지비|,◆3◆|지하|스탠드형충전기|AC3상 7핀|완속|3|차지비|,◆4◆|지하|스탠드형충전기|DC콤보 7핀|급속|1|차지비|",0,44,없음
A14003001,290,10,미설치,설치,0,7,,입주민전용,시 분,0시 0분,시 분,0시 0분,◆1◆|지하|벽부형충전기|AC단상 5핀|완속|7|에이치엘비일렉(주)|,0,7,없음
A14003002,300,5,미설치,미설치,0,0,,,시 분,시 분,시 분,시 분,,,,없음
A14003003,204,0,미설치,미설치,0,0,,,시 분,시 분,시 분,시 분,,,,없음
A14003004,421,7,미설치,미설치,0,0,,,시 분,시 분,시 분,시 분,,,,없음
A14003006,634,3,미설치,미설치,0,0,,,시 분,시 분,시 분,시 분,,,,없음
A14003007,1452,151,미설치,설치,8,57,,,시 분,0시 0분,시 분,0시 0분,"◆1◆|지하|스탠드형충전기|AC단상 5핀|완속|3|한전|,◆2◆|지하|스탠드형충전기|AC3상 7핀|급속|1|한전|,◆3◆|지하|스탠드형충전기|AC단상 5핀|완속|4|차지비|,◆4◆|지하|벽부형충전기|AC단상 5핀|완속|4|차지비|",0,12,없음
A14003008,0,0,미설치,미설치,0,0,,,시 분,시 분,시 분,시 분,,,,있음
A14003101,0,0,미설치,미설치,0,0,입주민전용,입주민전용,시 분,시 분,시 분,시 분,,,,없음
A14003104,652,5,미설치,미설치,0,0,,,시 분,시 분,시 분,시 분,,,,없음
A14003105,900,10,미설치,설치,0,9,,,시 분,24시 5분,시 분,24시 5분,◆1◆|지하|벽부형충전기|AC3상 7핀|완속|8|sk|,0,8,있음
A14003106,1272,35,미설치,설치,0,5,,입주민전용,시 분,0시 0분,시 분,0시 0분,◆1◆|지하|벽부형충전기|AC단상 5핀|완속|5|(주)클랜일랙스|,0,5,없음
A14004001,309,4,미설치,설치,0,4,,입주민전용,시 분,0시 0분,시 분,23시 0분,◆1◆|지하|벽부형충전기|AC단상 5핀|완속|5|(주)차지비|,0,5,없음
A14004002,1516,23,미설치,설치,0,0,입주민전용,입주민전용,시 분,0시 0분,시 분,23시 0분,"◆1◆|지하|벽부형충전기|직접입력|완속|27|(주)에버온인프라|,◆2◆|지하|이동형충전기|직접입력|완속|3|파워큐브코리아|",0,30,없음
A14005001,560,25,미설치,설치,0,11,,입주민전용,시 분,0시 1분,시 분,23시 59분,"◆1◆|지하|벽부형충전기|AC단상 5핀|완속|11|(주)에버온인프라|,◆2◆|지하|스탠드형충전기|AC단상 5핀|완속|2|2015 시그넷EV|,◆3◆|지하|스탠드형충전기|DC콤보 7핀|급속|1|2015 시그넷EV|",0,14,없음
A14006001,218,1,설치,미설치,4,0,입주민전용,,0시 0분,시 분,24시 0분,시 분,◆1◆|지상|벽부형충전기|AC단상 5핀|완속|4|주)신세계아이앤씨|,4,0,없음
A14007001,263,0,미설치,설치,0,3,,외부인허용,시 분,9시 1분,시 분,22시 1분,◆1◆|지하|벽부형충전기|AC단상 5핀|완속|3|(주)에버온|,0,3,없음
A14007002,1927,50,미설치,설치,0,11,,입주민전용,시 분,23시 59분,시 분,23시 59분,"◆1◆|지하|스탠드형충전기|AC단상 5핀|완속|3|파워큐브코리아|,◆2◆|지하|스탠드형충전기|AC단상 5핀|완속|2|스타코프|,◆3◆|지하|벽부형충전기|AC단상 5핀|완속|145|스타코프|,◆4◆|지하|이동형충전기|AC단상 5핀|완속|55|파워큐브코리아|",0,205,있음
A14009001,1162,34,미설치,설치,0,21,,입주민전용,시 분,6시 0분,시 분,24시 0분,◆1◆|지하|벽부형충전기|AC단상 5핀|완속|21|gs커넥트|,0,21,없음
A14010001,404,8,미설치,설치,0,8,입주민전용,입주민전용,시 분,24시 0분,시 분,24시 0분,"◆1◆|지하|스탠드형충전기|AC단상 5핀|완속|2|한국전력|,◆2◆|지하|벽부형충전기|직접입력|완속|16|스타코프|",0,18,없음
A14010002,10,5,미설치,설치,0,7,입주민전용,,시 분,0시 0분,시 분,23시 0분,◆1◆|지하|벽부형충전기|AC단상 5핀|완속|5|차지비|,0,5,없음
A14010003,699,28,설치,설치,0,12,입주민전용,입주민전용,0시 0분,0시 0분,0시 0분,0시 0분,"◆1◆|지하|벽부형충전기|AC단상 5핀|완속|12|파워큐브|,◆2◆|지상|스탠드형충전기|AC단상 5핀|완속|6|현대엔지니어링|",6,12,없음
A14019001,153,0,미설치,미설치,0,0,,,시 분,시 분,시 분,시 분,,,,없음
A14021001,500,7,미설치,설치,0,8,,입주민전용,,12시 0분,,12시 0분,◆1◆|지하|벽부형충전기|AC단상 5핀|완속|8|G커넥트|,0,8,없음
A14024001,277,12,설치,설치,6,6,입주민전용,입주민전용,0시 0분,0시 0분,24시 0분,0시 0분,"◆1◆|지상|벽부형충전기|DC콤보 7핀|완속|6|파워큐브코리아|,◆2◆|지하|벽부형충전기|직접입력|완속|6|(주)알박|",6,6,없음
A14024002,2060,0,미설치,미설치,0,0,입주민전용,,시 분,시 분,시 분,시 분,,,,없음
A14070301,30,30,미설치,설치,0,13,입주민전용,입주민전용,시 분,23시 0분,시 분,23시 0분,"◆1◆|지하|벽부형충전기|AC단상 5핀|완속|12|한국전기차인프라기술|,◆2◆|지하|벽부형충전기|AC단상 5핀|급속|1|한국전기차인프라기술|",0,13,있음
A14070302,814,20,미설치,미설치,0,19,,,시 분,시 분,시 분,시 분,,,,없음
A14070901,498,55,미설치,설치,0,28,,입주민전용,시 분,0시 0분,시 분,24시 0분,"◆1◆|지하|벽부형충전기|AC3상 7핀|완속|14|플러그링크|,◆2◆|지하|벽부형충전기|AC3상 7핀|완속|14|파워큐브|",0,28,없음
A14072701,2355,1,미설치,설치,0,0,입주민전용,입주민전용,시 분,0시 0분,시 분,23시 59분,◆1◆|지하|이동형충전기|AC단상 5핀|완속|67|파워큐브|,0,67,없음
A14072702,1051,50,미설치,설치,0,17,,입주민전용,시 분,0시 0분,시 분,0시 0분,◆1◆|지하|벽부형충전기|AC단상 5핀|완속|17|지커넥트|,0,17,없음
A14072901,0,0,미설치,미설치,0,0,외부인허용,외부인허용,시 분,시 분,시 분,시 분,,,,없음
A14074101,300,20,미설치,설치,0,7,,입주민전용,시 분,5시 0분,시 분,23시 0분,◆1◆|지하|벽부형충전기|직접입력|완속|7|차지비|,0,7,없음
A14075201,0,0,설치,설치,8,3,,입주민전용,0시 0분,0시 0분,23시 59분,23시 59분,◆1◆|지상|벽부형충전기|AC단상 5핀|완속|8|신세계I&C|,8,0,없음
A14076401,152,0,설치,설치,0,0,입주민전용,입주민전용,0시 0분,0시 0분,24시 0분,24시 0분,"◆1◆|지하|벽부형충전기|AC단상 5핀|완속|2|에버온|,◆2◆|지상|스탠드형충전기|AC단상 5핀|완속|3|에버온|",3,2,없음
A14077901,519,20,미설치,설치,0,10,,입주민전용,시 분,1시 1분,시 분,23시 59분,◆1◆|지하|벽부형충전기|AC단상 5핀|완속|10|에버온|,0,10,없음
A14077902,1636,100,미설치,설치,0,43,,입주민전용,시 분,1시 0분,시 분,24시 0분,◆1◆|지하|벽부형충전기|AC단상 5핀|완속|43|에버온|,0,43,있음
A14082302,290,10,미설치,설치,0,12,,입주민전용,시 분,24시 0분,시 분,24시 0분,◆1◆|지하|벽부형충전기|AC단상 5핀|완속|12|(주)스타코프|,0,12,없음
A14082601,232,2,미설치,미설치,0,0,입주민전용,입주민전용,시 분,시 분,시 분,시 분,,,,없음
A14083101,235,7,미설치,설치,0,5,,입주민전용,시 분,24시 1분,시 분,24시 59분,◆1◆|지하|벽부형충전기|AC3상 7핀|완속|5|파워큐브코리아|,0,5,있음
A14085002,625,0,미설치,미설치,0,0,,,,,,,,,,없음
A14085101,322,2,설치,미설치,2,0,,,0시 1분,시 분,23시 59분,시 분,◆1◆|지상|스탠드형충전기|AC단상 5핀|완속|2|(주)프러그링크|,2,0,없음
A14085501,0,0,미설치,미설치,0,0,입주민전용,입주민전용,시 분,시 분,시 분,시 분,,,,없음
A14086001,826,0,설치,미설치,0,0,입주민전용,입주민전용,24시 0분,시 분,24시 0분,시 분,◆1◆|지상|스탠드형충전기|AC단상 5핀|완속|6|현대엔지니어링(주)|,6,0,없음
A14086101,700,15,미설치,설치,0,10,,,시 분,0시 0분,시 분,23시 59분,◆1◆|지하|벽부형충전기|AC단상 5핀|완속|10|LG유플러스|,0,10,없음
A14088201,380,10,미설치,설치,0,10,,,시 분,0시 0분,시 분,0시 0분,◆1◆|지하|벽부형충전기|AC단상 5핀|완속|10|지앤텔|,0,10,있음
A14090902,654,0,미설치,미설치,0,0,,,시 분,시 분,시 분,시 분,,,,없음
A14206001,238,1,미설치,설치,0,4,,입주민전용,시 분,24시 0분,시 분,24시 0분,◆1◆|지하|벽부형충전기|AC3상 7핀|완속|4|에버온|,0,4,없음
A14206002,325,5,미설치,설치,0,5,입주민전용,입주민전용,시 분,23시 0분,시 분,23시 0분,◆1◆|지하|벽부형충전기|직접입력|완속|5|sk일렉링크|,0,5,없음
A14206003,554,44,설치,미설치,4,0,입주민전용,,0시 0분,시 분,23시 59분,시 분,◆1◆|지상|스탠드형충전기|AC3상 7핀|완속|4|한국전기차인프라기술|,4,0,없음
A14206201,352,6,설치,설치,7,7,외부인허용,입주민전용,0시 0분,0시 0분,24시 0분,23시 0분,"◆1◆|지상|스탠드형충전기|AC3상 7핀|완속|7|파워큐브코리아|,◆2◆|지하|이동형충전기|AC3상 7핀|완속|5|파워큐브코리아|,◆3◆|지하|이동형충전기|AC3상 7핀|완속|2|에버온|",7,7,없음
A14206202,813,0,설치,미설치,5,0,입주민전용,,0시 0분,시 분,24시 0분,시 분,◆1◆|지상|스탠드형충전기|AC단상 5핀|완속|5|(주)LG유플러스|,5,0,없음
A14206301,195,2,미설치,설치,0,4,,,,0시 0분,,23시 59분,◆1◆|지하|벽부형충전기|AC단상 5핀|완속|4|중앙 제어|,0,4,없음
A14206302,223,2,설치,설치,4,0,입주민전용,,1시 0분,0시 0분,24시 0분,0시 0분,◆1◆|지상|스탠드형충전기|AC단상 5핀|완속|4|GS차지비|,4,0,없음
A14206303,210,9,설치,설치,8,3,입주민전용,입주민전용,24시 0분,24시 0분,24시 0분,24시 0분,"◆1◆|지상|스탠드형충전기|AC단상 5핀|완속|8|현대엔지니어링|,◆2◆|지하|벽부형충전기|AC단상 5핀|완속|3|한국알박|",8,3,없음
A14206305,212,5,설치,설치,3,2,입주민전용,입주민전용,0시 1분,0시 1분,23시 59분,23시 59분,"◆1◆|지상|스탠드형충전기|AC단상 5핀|완속|3|플러그링크|,◆2◆|지하|벽부형충전기|AC단상 5핀|완속|2|플러그링크|",3,2,없음
A14206306,323,5,설치,미설치,3,0,,입주민전용,24시 0분,시 분,24시 0분,시 분,◆1◆|지상|스탠드형충전기|AC단상 5핀|완속|3|에버온|,3,0,없음
A14206307,410,10,미설치,설치,0,5,,입주민전용,시 분,0시 0분,시 분,24시 0분,◆1◆|지하|벽부형충전기|AC단상 5핀|완속|6|(주)클린일렉스|,0,6,없음
A14206310,323,0,미설치,미설치,0,0,입주민전용,입주민전용,시 분,시 분,시 분,시 분,,,,없음
A14207201,90,2,미설치,설치,0,6,,입주민전용,시 분,0시 0분,시 분,23시 59분,"◆1◆|지하|벽부형충전기|AC단상 5핀|완속|3|레드이엔지|,◆2◆|지하|벽부형충전기|AC단상 5핀|완속|3|차지비|",0,6,없음
A14207202,579,22,설치,설치,6,16,입주민전용,입주민전용,0시 0분,0시 0분,23시 59분,23시 59분,"◆1◆|지하|벽부형충전기|직접입력|완속|3|LG유플러스 볼트업|,◆2◆|지하|벽부형충전기|AC단상 5핀|완속|13|sk 브로드밴드홈앤서비스|,◆3◆|지상|벽부형충전기|직접입력|완속|6|LG유플러스 볼트업|",6,16,없음
A14207203,6,6,미설치,설치,0,6,,입주민전용,시 분,0시 0분,시 분,23시 59분,◆1◆|지하|벽부형충전기|AC단상 5핀|완속|6|(주)플러그링크|,0,6,없음
A14209001,220,10,미설치,설치,0,10,,입주민전용,시 분,1시 0분,시 분,23시 59분,"◆1◆|지하|벽부형충전기|AC단상 5핀|완속|10|sk홈앤서비스|,◆2◆|지하|벽부형충전기|직접입력|완속|4|파워큐브|",0,14,없음
A14210001,348,3,미설치,설치,0,6,,입주민전용,시 분,0시 0분,시 분,23시 0분,◆1◆|지하|벽부형충전기|AC단상 5핀|완속|6|한국전기차인프라기술|,0,6,없음
A14210002,1719,43,설치,설치,22,21,,입주민전용,23시 59분,23시 59분,23시 59분,23시 59분,"◆1◆|지하|벽부형충전기|직접입력|완속|21|클린엘렉스/프러그링크|,◆2◆|지하|스탠드형충전기|직접입력|완속|22|차지비/프러그링크|",0,43,없음
A14270301,362,2,미설치,설치,0,8,,입주민전용,시 분,0시 0분,시 분,0시 0분,◆1◆|지하|벽부형충전기|직접입력|완속|8|(주)클린일렉스|,0,8,없음
A14272303,579,13,미설치,설치,0,11,,입주민전용,시 분,0시 0분,시 분,23시 59분,◆1◆|지하|벽부형충전기|AC단상 5핀|완속|11|한국전기차인프라(주|,0,11,없음
A14272304,4596,320,미설치,설치,0,78,입주민전용,입주민전용,시 분,0시 1분,시 분,23시 59분,◆1◆|지하|스탠드형충전기|AC3상 7핀|완속|78|G-커넥트 외|,0,78,없음
A14272305,1918,50,설치,설치,30,8,,입주민전용,0시 0분,0시 0분,0시 0분,0시 0분,"◆1◆|지하|벽부형충전기|AC3상 7핀|완속|8|파워큐브|,◆2◆|지상|스탠드형충전기|AC단상 5핀|완속|30|에버온|",30,8,없음
A14272306,890,24,설치,설치,21,3,외부인허용,외부인허용,9시 0분,9시 0분,24시 0분,24시 0분,"◆1◆|지하|벽부형충전기|DC콤보 7핀|완속|3|홈앤서비스|,◆2◆|지상|스탠드형충전기|AC단상 5핀|완속|3|(주)플러그링크|,◆3◆|지상|벽부형충전기|AC단상 5핀|완속|18|(주)LG볼트업|",21,3,없음
A14272307,256,1,미설치,미설치,4,0,,,시 분,시 분,시 분,시 분,,,,없음
A14272308,1300,7,미설치,설치,0,54,,입주민전용,시 분,0시 1분,시 분,23시 55분,◆1◆|지하|벽부형충전기|AC단상 5핀|완속|54|한국전기차인프라기술|,0,54,없음
A14272309,1485,24,미설치,설치,0,32,,입주민전용,시 분,23시 30분,시 분,23시 30분,◆1◆|지하|벽부형충전기|직접입력|완속|32|(주)지컨텍트|,0,32,없음
A14272310,1,1,미설치,설치,0,7,,입주민전용,시 분,23시 0분,시 분,23시 0분,◆1◆|지하|벽부형충전기|AC단상 5핀|완속|7|한국전기차인프라기술|,0,7,없음
A14272311,3,3,미설치,설치,0,35,,입주민전용,시 분,0시 0분,시 분,23시 0분,◆1◆|지하|벽부형충전기|AC단상 5핀|완속|14|레드이엔지|,0,14,없음
A14272313,443,2,미설치,설치,0,9,,,시 분,0시 0분,시 분,23시 59분,◆1◆|지하|벽부형충전기|AC단상 5핀|완속|9|GS커넥트(주)|,0,9,있음
A14272314,1573,28,미설치,설치,0,36,,입주민전용,시 분,0시 59분,시 분,0시 59분,◆1◆|지하|벽부형충전기|AC단상 5핀|완속|36|(주)휴맥스이브이|,0,36,있음
A14276311,349,3,미설치,미설치,22,0,입주민전용,,시 분,시 분,시 분,시 분,,,,없음
A14277601,355,20,미설치,설치,0,19,,외부인허용,시 분,0시 0분,시 분,23시 0분,"◆1◆|지하|벽부형충전기|AC단상 5핀|완속|17|홈앤서비스|,◆2◆|지하|스탠드형충전기|직접입력|급속|1|kepco plug|,◆3◆|지하|스탠드형충전기|직접입력|완속|1|kepco plug|,◆4◆|지하|벽부형충전기|직접입력|완속|5|NICE인프라(주)|",0,24,없음
A14278101,315,0,미설치,미설치,0,0,,,시 분,시 분,시 분,시 분,,,,없음
A14280502,490,7,설치,설치,11,3,외부인허용,외부인허용,12시 10분,12시 10분,12시 10분,12시 10분,"◆1◆|지하|스탠드형충전기|직접입력|급속|1|한국전력공사|,◆2◆|지상|스탠드형충전기|직접입력|완속|11|플러그링크|,◆3◆|지하|스탠드형충전기|직접입력|완속|2|한국전력공사|",11,3,없음
A14281701,268,6,미설치,설치,0,6,,입주민전용,시 분,23시 59분,시 분,23시 59분,◆1◆|지하|벽부형충전기|AC3상 7핀|완속|6|지에스커넥트|,0,6,없음
A14282301,258,2,미설치,설치,0,0,,입주민전용,시 분,23시 59분,시 분,23시 59분,"◆1◆|지하|벽부형충전기|AC단상 5핀|완속|5|에버온인프라|,◆2◆|지하|이동형충전기|AC단상 5핀|완속|23|홈앤서비스|",0,28,없음
A14286104,277,10,설치,미설치,4,0,외부인허용,,0시 0분,시 분,23시 59분,시 분,◆1◆|지상|스탠드형충전기|AC3상 7핀|완속|4|지커넥트|,4,0,없음
A14286108,534,4,미설치,설치,0,4,외부인허용,입주민전용,시 분,0시 0분,시 분,23시 1분,"◆1◆|지하|벽부형충전기|AC단상 5핀|급속|1|한전|,◆2◆|지하|벽부형충전기|AC단상 5핀|완속|3|에버온|",0,4,없음
A14286203,227,0,미설치,미설치,0,0,외부인허용,,시 분,시 분,시 분,시 분,,,,없음
A14287102,157,0,미설치,미설치,0,0,,,시 분,시 분,시 분,시 분,,,,없음
A14313001,276,1,미설치,미설치,0,0,,,시 분,시 분,시 분,시 분,,,,없음
A14319001,191,5,설치,미설치,3,0,입주민전용,,0시 0분,시 분,0시 0분,시 분,◆1◆|지상|벽부형충전기|AC단상 5핀|완속|3|(주)차지비|,3,0,있음
A14319002,180,0,미설치,미설치,3,0,,,시 분,시 분,시 분,시 분,,,,없음
A14319003,199,0,설치,미설치,3,0,,,0시 0분,시 분,24시 0분,시 분,◆1◆|지상|스탠드형충전기|AC단상 5핀|완속|3|엘지유플러스볼트업|,3,0,없음
A14319005,188,5,설치,미설치,6,0,입주민전용,,12시 30분,시 분,12시 30분,시 분,◆1◆|지상|벽부형충전기|AC단상 5핀|완속|6|GS커넥터|,6,0,없음
A14319006,205,4,미설치,미설치,0,0,입주민전용,입주민전용,시 분,시 분,시 분,시 분,,,,없음
A14319007,346,6,미설치,설치,0,7,,입주민전용,시 분,0시 1분,시 분,23시 59분,"◆1◆|지하|벽부형충전기|AC단상 5핀|완속|7|에버온|,◆2◆|지하|이동형충전기|AC단상 5핀|완속|12|파워큐브코리아|",0,19,없음
A14319008,330,2,미설치,설치,0,7,,입주민전용,시 분,8시 10분,시 분,8시 10분,"◆1◆|지하|벽부형충전기|AC단상 5핀|완속|5|차지비|,◆2◆|지하|벽부형충전기|AC단상 5핀|완속|2|스타코프|",0,7,있음
A14319009,390,2,설치,미설치,7,0,입주민전용,,8시 0분,시 분,22시 0분,시 분,◆1◆|지상|스탠드형충전기|직접입력|완속|7|현대엔지니어링|,7,0,없음
A14319010,0,1,미설치,미설치,0,0,,,시 분,시 분,시 분,시 분,,,,없음
A14319011,591,0,미설치,미설치,0,0,,,시 분,시 분,시 분,시 분,,,,없음
A14319012,2407,23,미설치,설치,0,56,,입주민전용,시 분,24시 0분,시 분,24시 0분,"◆1◆|지하|벽부형충전기|AC단상 5핀|완속|51|GS커넥트|,◆2◆|지하|스탠드형충전기|AC단상 5핀|완속|4|한국전력|,◆3◆|지하|스탠드형충전기|DC콤보 7핀|급속|1|한국전력|",0,56,없음
A14319201,225,0,미설치,미설치,62,64,,,시 분,시 분,시 분,시 분,,,,없음
A14319203,278,3,설치,설치,0,3,,입주민전용,0시 0분,0시 1분,0시 0분,0시 1분,"◆1◆|지하|벽부형충전기|AC단상 5핀|완속|3|파워큐브|,◆2◆|지상|스탠드형충전기|AC단상 5핀|완속|3|예정|",3,3,없음
A14319204,526,4,설치,설치,6,8,외부인허용,입주민전용,0시 0분,0시 0분,23시 59분,23시 59분,"◆1◆|지상|스탠드형충전기|AC단상 5핀|완속|6|차지비|,◆2◆|지하|벽부형충전기|AC단상 5핀|완속|8|(주)에버온|",6,8,없음
A14319301,4,5,미설치,설치,0,4,입주민전용,입주민전용,시 분,0시 1분,시 분,23시 29분,◆1◆|지하|벽부형충전기|AC단상 5핀|완속|4|차지비|,0,4,없음
A14319302,261,4,설치,설치,3,1,외부인허용,외부인허용,1시 0분,1시 0분,24시 0분,24시 0분,"◆1◆|지하|벽부형충전기|AC3상 7핀|완속|1|파워큐브코리아|,◆2◆|지상|스탠드형충전기|AC3상 7핀|완속|3|이엘일렉트릭|",3,1,없음
A14319303,327,6,설치,설치,5,5,입주민전용,입주민전용,0시 0분,0시 0분,23시 59분,23시 59분,"◆1◆|지하|벽부형충전기|AC단상 5핀|완속|3|한국전자금융(주)|,◆2◆|지하|스탠드형충전기|AC단상 5핀|완속|2|한국전자금융(주)|,◆3◆|지상|벽부형충전기|AC단상 5핀|완속|5|(주)에버온|",5,5,없음
A14319305,410,32,미설치,설치,0,10,,,시 분,,시 분,,◆1◆|지하|벽부형충전기|AC단상 5핀|완속|10||,0,10,없음
A14319306,419,10,미설치,설치,0,9,외부인허용,외부인허용,시 분,0시 0분,시 분,0시 0분,◆1◆|지하|벽부형충전기|AC단상 5핀|완속|9|0|,0,9,없음
A14319307,372,0,설치,미설치,14,0,입주민전용,,0시 0분,시 분,23시 59분,시 분,◆1◆|지상|스탠드형충전기|AC3상 7핀|완속|14|에버온|,14,0,없음
A14319311,722,20,설치,미설치,15,0,입주민전용,,0시 0분,시 분,23시 59분,시 분,◆1◆|지상|스탠드형충전기|AC3상 7핀|완속|15|에버온|,15,0,없음
A14320001,6,5,설치,미설치,6,0,입주민전용,,0시 0분,시 분,0시 0분,시 분,◆1◆|지상|스탠드형충전기|AC3상 7핀|완속|6|플러그링크|,6,0,없음
A14320002,549,20,설치,설치,12,5,외부인허용,입주민전용,24시 1분,24시 1분,24시 1분,24시 1분,"◆1◆|지상|스탠드형충전기|AC3상 7핀|완속|12|딜라이브|,◆2◆|지하|벽부형충전기|AC3상 7핀|완속|5|에버원|",12,5,없음
A14320302,0,0,미설치,미설치,0,0,,,시 분,시 분,시 분,시 분,,,,없음
A14320304,2560,30,미설치,설치,0,18,,외부인허용,시 분,0시 1분,시 분,23시 59분,"◆1◆|지하|벽부형충전기|AC단상 5핀|완속|18|(주)알박|,◆2◆|지하|이동형충전기|직접입력|완속|171|(주)파워큐브|",0,189,없음
A14321001,213,5,미설치,설치,0,6,,입주민전용,시 분,0시 0분,시 분,23시 59분,"◆1◆|지하|벽부형충전기|AC3상 7핀|완속|2|(주)파워큐브코리아|,◆2◆|지하|벽부형충전기|AC단상 5핀|완속|2|(주)에버온|,◆3◆|지하|벽부형충전기|AC단상 5핀|완속|2|(주)차지비|",0,6,없음
A14322001,221,10,미설치,설치,0,5,,입주민전용,시 분,0시 0분,시 분,23시 59분,◆1◆|지하|벽부형충전기|AC3상 7핀|완속|5|차지비|,0,5,있음
A14375301,685,8,미설치,설치,0,9,,외부인허용,시 분,0시 0분,시 분,23시 0분,◆1◆|지하|스탠드형충전기|AC3상 7핀|완속|9|(주)파워큐브코리아|,0,9,없음
A14375302,214,5,미설치,설치,0,5,,입주민전용,시 분,0시 0분,시 분,23시 59분,◆1◆|지하|벽부형충전기|AC단상 5핀|초급속|5|알박|,0,5,없음
A14376501,240,0,미설치,미설치,0,0,,,시 분,시 분,시 분,시 분,,,,없음
A14377402,490,5,미설치,설치,0,9,,입주민전용,시 분,0시 0분,시 분,0시 0분,◆1◆|지하|벽부형충전기|AC단상 5핀|완속|9|한국알박(주)|,0,9,없음
A14380211,1400,30,미설치,미설치,0,0,,,시 분,시 분,시 분,시 분,,,,없음
A14380409,620,5,미설치,미설치,0,0,,,시 분,시 분,시 분,시 분,,,,없음
A14380414,1023,0,미설치,미설치,0,0,,,시 분,시 분,시 분,시 분,,,,없음
A14380605,404,13,미설치,설치,0,10,,외부인허용,시 분,1시 0분,시 분,24시 0분,◆1◆|지하|벽부형충전기|AC단상 5핀|완속|10|파워큐브|,0,10,없음
A14381407,469,0,설치,미설치,7,0,,,0시 0분,시 분,24시 0분,시 분,◆1◆|지상|스탠드형충전기|AC단상 5핀|완속|7|플러그링크(주)|,7,0,없음
A14381415,1144,9,미설치,설치,0,0,,입주민전용,시 분,0시 0분,시 분,23시 0분,◆1◆|지하|벽부형충전기|AC단상 5핀|완속|8|홈앤서비스(주)|,0,8,없음
A14381504,300,14,설치,설치,4,5,입주민전용,입주민전용,1시 1분,1시 1분,23시 59분,23시 59분,"◆1◆|지상|스탠드형충전기|AC단상 5핀|완속|4|한화솔루션(주)|,◆2◆|지하|벽부형충전기|AC3상 7핀|완속|5|차지비|",4,5,없음
A14381506,0,0,미설치,미설치,0,0,,,시 분,시 분,시 분,시 분,,,,없음
A14381508,439,0,미설치,미설치,0,0,입주민전용,입주민전용,시 분,시 분,시 분,시 분,,,,없음
A14381510,705,14,설치,설치,10,4,입주민전용,입주민전용,24시 0분,24시 0분,24시 0분,24시 0분,"◆1◆|지하|벽부형충전기|AC단상 5핀|완속|4|플러그링크|,◆2◆|지상|벽부형충전기|AC단상 5핀|완속|10|플러그링크|",10,4,없음
A14381512,0,0,미설치,미설치,0,0,,,시 분,시 분,시 분,시 분,,,,없음
A14381513,741,10,미설치,설치,0,10,,입주민전용,시 분,0시 0분,시 분,24시 0분,◆1◆|지하|이동형충전기|직접입력|완속|10|파워큐브코리아|,0,10,없음
A14381516,1456,15,미설치,설치,0,10,,입주민전용,시 분,0시 0분,시 분,23시 59분,"◆1◆|지하|이동형충전기|AC단상 5핀|완속|20|(주)파워큐브코리아|,◆2◆|지하|벽부형충전기|AC3상 7핀|완속|10|플러그링크|",0,30,없음
A14382101,252,10,미설치,설치,0,5,,입주민전용,시 분,1시 0분,시 분,24시 0분,◆1◆|지하|스탠드형충전기|직접입력|완속|5|제이오티|,0,5,있음
A14383203,494,9,미설치,미설치,0,0,,,시 분,시 분,시 분,시 분,,,,없음
A14383205,2468,101,미설치,설치,0,40,,,시 분,0시 0분,시 분,24시 0분,◆1◆|지하|벽부형충전기|AC단상 5핀|완속|40|GS차지비|,0,40,없음
A14383901,470,13,미설치,설치,0,7,,입주민전용,시 분,0시 0분,시 분,23시 50분,"◆1◆|지하|벽부형충전기|DC차데모 10핀|완속|4|한국신용관리정보외|,◆2◆|지하|스탠드형충전기|DC콤보 7핀|완속|3|차제비|",0,7,없음
A14386109,144,0,설치,미설치,3,0,입주민전용,,0시 0분,시 분,0시 0분,시 분,◆1◆|지상|스탠드형충전기|AC3상 7핀|완속|3|나이스차저|,3,0,없음
A14386110,422,3,미설치,미설치,0,0,입주민전용,입주민전용,시 분,시 분,시 분,시 분,,,,없음
A14386802,251,4,설치,설치,3,9,외부인허용,외부인허용,24시 0분,24시 0분,24시 0분,24시 0분,"◆1◆|지하|벽부형충전기|직접입력|완속|9|에버온|,◆2◆|지상|벽부형충전기|직접입력|완속|3|신세계아이엔씨|",3,9,없음
A14387605,435,0,설치,미설치,8,0,,,0시 0분,시 분,23시 59분,시 분,◆1◆|지상|스탠드형충전기|AC단상 5핀|완속|8|딜라이브 케이블|,8,0,없음
A14388204,296,6,미설치,설치,0,9,,입주민전용,시 분,24시 0분,시 분,24시 0분,"◆1◆|지하|벽부형충전기|AC단상 5핀|완속|2|(주)클린일렉스|,◆2◆|지하|벽부형충전기|AC단상 5핀|완속|7|(주)스타코프|",0,9,없음
A14388208,367,5,설치,미설치,8,0,입주민전용,,0시 0분,시 분,23시 59분,시 분,"◆1◆|지상|스탠드형충전기|AC3상 7핀|완속|6|차지비|,◆2◆|지상|벽부형충전기|AC3상 7핀|완속|2|차지비|",8,0,없음
A15001001,64,0,미설치,미설치,0,0,외부인허용,외부인허용,시 분,시 분,시 분,시 분,,,,없음
A15001003,280,5,설치,미설치,13,0,입주민전용,,0시 0분,,0시 0분,,◆1◆|지상|스탠드형충전기|AC단상 5핀|완속|13|(주)파워큐브코리아|,13,0,없음
A15001004,220,4,설치,미설치,4,0,,,0시 1분,,23시 59분,,◆1◆|지상|스탠드형충전기|AC단상 5핀|완속|4|대영채비|,4,0,없음
A15001005,517,11,미설치,설치,0,11,,입주민전용,시 분,0시 1분,시 분,23시 59분,◆1◆|지하|벽부형충전기|AC단상 5핀|완속|11|파워큐브코리아|,0,11,없음
A15001009,357,0,미설치,미설치,0,0,입주민전용,,시 분,시 분,시 분,시 분,,,,없음
A15001012,403,0,미설치,미설치,0,0,입주민전용,,시 분,시 분,시 분,시 분,,,,없음
A15001016,600,3,미설치,미설치,0,0,,,시 분,시 분,시 분,시 분,,,,없음
A15001019,0,0,미설치,미설치,0,0,,,시 분,시 분,시 분,시 분,,,,없음
A15001020,0,0,미설치,미설치,0,0,,,,,,,,,,없음
A15003001,322,6,미설치,설치,0,7,,입주민전용,시 분,0시 0분,시 분,0시 0분,"◆1◆|지하|벽부형충전기|직접입력|완속|4|알박 에버온|,◆2◆|지하|벽부형충전기|직접입력|완속|3|케빗 한국전기차인프|",0,7,없음
A15003002,2554,80,설치,설치,12,67,입주민전용,입주민전용,1시 1분,1시 1분,23시 59분,23시 59분,"◆1◆|지상|스탠드형충전기|AC단상 5핀|완속|12|(주)GS커넥트|,◆2◆|지하|스탠드형충전기|AC단상 5핀|완속|57|(주)GS커넥트|,◆3◆|지하|스탠드형충전기|AC단상 5핀|완속|10|(주)에버온|",12,67,없음
A15003701,665,23,미설치,설치,0,15,,외부인허용,시 분,0시 0분,시 분,23시 59분,◆1◆|지하|벽부형충전기|AC단상 5핀|완속|15|파워큐브|,0,15,없음
A15003801,608,20,미설치,설치,0,0,외부인허용,입주민전용,시 분,24시 0분,시 분,24시 0분,◆1◆|지하|벽부형충전기|직접입력|완속|13|주)차지비|,0,13,있음
A15003802,850,17,미설치,설치,0,17,,입주민전용,시 분,0시 59분,시 분,0시 59분,◆1◆|지하|벽부형충전기|AC3상 7핀|완속|17|gs컨네트|,0,17,없음
A15004101,177,2,미설치,설치,0,4,,,시 분,6시 0분,시 분,23시 0분,◆1◆|지하|벽부형충전기|AC3상 7핀|완속|4|한국알박|,0,4,없음
A15004201,426,1,미설치,설치,0,3,,입주민전용,시 분,23시 10분,시 분,23시 10분,"◆1◆|지하|스탠드형충전기|AC단상 5핀|완속|3|한국전력공사|,◆2◆|지하|스탠드형충전기|AC단상 5핀|완속|8|한국전력공사|",0,11,없음
A15004202,740,11,설치,설치,0,7,입주민전용,입주민전용,1시 0분,23시 59분,1시 0분,23시 59분,◆1◆|지상|벽부형충전기|AC단상 5핀|완속|7|주)플러그링크|,7,0,없음
A15004403,352,10,설치,설치,7,23,,입주민전용,24시 59분,23시 59분,24시 59분,23시 59분,"◆1◆|지하|벽부형충전기|AC단상 5핀|완속|3|nice|,◆2◆|지하|벽부형충전기|직접입력|완속|20|홈앤서비스|,◆3◆|지상|스탠드형충전기|직접입력|완속|7|현대엔지니어링(주)|",7,23,있음
A15004405,423,8,설치,미설치,8,0,입주민전용,,1시 1분,시 분,23시 59분,시 분,◆1◆|지상|스탠드형충전기|AC단상 5핀|완속|8|이지차저|,8,0,있음
A15004406,548,15,설치,설치,5,0,,,24시 0분,24시 0분,24시 0분,24시 0분,◆1◆|지상|스탠드형충전기|AC단상 5핀|완속|5|(주)이엘일렉트릭|,5,0,없음
A15004501,224,0,미설치,미설치,0,0,,,시 분,시 분,시 분,시 분,,,,없음
A15004502,195,6,미설치,설치,0,3,,외부인허용,시 분,23시 0분,시 분,23시 0분,◆1◆|지하|벽부형충전기|AC3상 7핀|완속|3|대영채비(주)|,0,3,없음
A15004503,305,6,설치,설치,7,6,입주민전용,입주민전용,6시 30분,4시 30분,22시 30분,22시 30분,"◆1◆|지하|벽부형충전기|직접입력|완속|6|스타코프|,◆2◆|지상|스탠드형충전기|직접입력|완속|7|차지비|",7,6,없음
A15004505,520,13,미설치,미설치,0,0,,,시 분,시 분,시 분,시 분,,,,없음
A15004506,542,5,미설치,설치,0,8,,입주민전용,시 분,0시 0분,시 분,23시 55분,◆1◆|지하|벽부형충전기|직접입력|완속|8|차지비|,0,8,없음
A15004507,2408,4,미설치,설치,0,27,입주민전용,입주민전용,시 분,8시 0분,시 분,23시 0분,◆1◆|지하|벽부형충전기|AC단상 5핀|완속|27|지커넥트|,0,27,없음
A15005001,501,0,미설치,설치,0,2,,입주민전용,,0시 0분,,23시 0분,"◆1◆|지상|스탠드형충전기|AC3상 7핀|완속|4|ChargER|,◆2◆|||||||",4,0,없음
A15005002,58,0,미설치,미설치,0,0,외부인허용,,시 분,시 분,시 분,시 분,,,,없음
A15005102,149,0,미설치,미설치,0,0,,,시 분,시 분,시 분,시 분,,,,없음
A15005301,373,5,설치,미설치,5,0,입주민전용,,0시 0분,시 분,23시 59분,시 분,◆1◆|지상|스탠드형충전기|AC단상 5핀|완속|5|엘지|,5,0,없음
A15005302,424,0,미설치,미설치,0,0,,,시 분,시 분,시 분,시 분,,,,없음
A15005303,681,15,설치,미설치,9,0,외부인허용,,0시 0분,시 분,24시 0분,시 분,◆1◆|지상|스탠드형충전기|AC단상 5핀|완속|9|프르그링크|,9,0,있음
A15005401,176,0,미설치,미설치,0,0,,,시 분,시 분,시 분,시 분,,,,없음
A15005402,1047,31,미설치,설치,0,5,,입주민전용,시 분,23시 1분,시 분,23시 1분,"◆1◆|지하|스탠드형충전기|AC단상 5핀|급속|1|KEPCO|,◆2◆|지하|스탠드형충전기|AC단상 5핀|완속|2|KEPCO|,◆3◆|지하|벽부형충전기|AC단상 5핀|완속|2|매니지온|",0,5,없음
A15005501,388,5,미설치,설치,0,9,입주민전용,입주민전용,,0시 1분,,23시 59분,◆1◆|지하|스탠드형충전기|AC3상 7핀|완속|9|파킹클라우드|,0,9,없음
A15005602,210,3,미설치,미설치,0,0,,,시 분,시 분,시 분,시 분,,,,없음
A15005603,325,0,설치,미설치,4,0,입주민전용,,24시 0분,시 분,24시 0분,시 분,◆1◆|지상|스탠드형충전기|AC단상 5핀|완속|4|LG U+ 볼트업|,4,0,없음
A15005705,1341,50,미설치,설치,0,20,입주민전용,입주민전용,시 분,0시 0분,시 분,0시 0분,◆1◆|지하|벽부형충전기|직접입력|급속|20|스타코프|,0,20,없음
A15007002,289,0,설치,설치,8,6,,입주민전용,0시 1분,0시 1분,23시 59분,23시 59분,"◆1◆|지하|이동형충전기|AC단상 5핀|완속|4|파워큐브|,◆2◆|지하|벽부형충전기|AC단상 5핀|완속|6|이지차저|,◆3◆|지상|스탠드형충전기|AC단상 5핀|완속|8|이엘일렉트릭|",8,10,있음
A15007101,196,0,미설치,설치,0,5,,입주민전용,시 분,1시 0분,시 분,23시 0분,◆1◆|지하|벽부형충전기|AC단상 5핀|완속|5|갑을명가아파트입주자|,0,5,없음
A15007201,454,10,미설치,설치,0,6,,,시 분,0시 0분,시 분,23시 59분,◆1◆|지하|벽부형충전기|AC3상 7핀|완속|6|차지비|,0,6,없음
A15009201,0,0,미설치,미설치,0,0,,외부인허용,시 분,시 분,시 분,시 분,,,,없음
A15009401,258,6,미설치,설치,0,6,,입주민전용,시 분,0시 0분,시 분,23시 59분,◆1◆|지하|벽부형충전기|AC단상 5핀|완속|6|플러그링크|,0,6,있음
A15009402,434,1,미설치,설치,0,23,,,시 분,1시 0분,시 분,23시 59분,◆1◆|지하|이동형충전기|직접입력|완속|23|파워큐브코리아|,0,23,없음
A15009502,100,5,설치,미설치,3,0,입주민전용,,9시 10분,시 분,9시 10분,시 분,◆1◆|지상|스탠드형충전기|AC3상 7핀|완속|3|지에스차지비|,3,0,없음
A15009503,235,0,미설치,미설치,0,0,외부인허용,외부인허용,시 분,시 분,시 분,시 분,,,,없음
A15009504,312,2,미설치,설치,0,4,,입주민전용,시 분,0시 0분,시 분,0시 0분,◆1◆|지하|벽부형충전기|AC단상 5핀|완속|4|한국전기차충전서비스|,0,4,없음
A15009505,408,4,설치,미설치,2,0,외부인허용,,1시 1분,시 분,23시 59분,시 분,◆1◆|지상|벽부형충전기|AC단상 5핀|완속|2|한국EV링크넷|,2,0,없음
A15009601,0,0,미설치,미설치,0,0,,,시 분,시 분,시 분,시 분,,,,없음
A15009602,0,0,설치,미설치,3,0,외부인허용,,0시 24분,시 분,24시 0분,시 분,◆1◆|지상|스탠드형충전기|AC단상 5핀|완속|3|(주)LG유플러스|,3,0,없음
A15009603,240,8,미설치,설치,0,5,,입주민전용,시 분,9시 0분,시 분,9시 0분,◆1◆|지하|벽부형충전기|DC콤보 7핀|완속|5|(주)클린일렉스|,0,5,없음
A15009604,280,8,설치,미설치,5,0,입주민전용,,0시 0분,시 분,0시 0분,시 분,◆1◆|지상|스탠드형충전기|AC단상 5핀|완속|5|나이스인프라(주)|,5,0,없음
A15009605,320,4,설치,미설치,5,0,입주민전용,,24시 0분,시 분,24시 0분,시 분,◆1◆|지상|스탠드형충전기|AC단상 5핀|완속|5|에버온|,5,0,있음
A15009606,350,3,설치,미설치,7,0,입주민전용,,0시 0분,시 분,24시 0분,시 분,◆1◆|지상|벽부형충전기|AC단상 5핀|완속|7|(주)에버온|,7,0,없음
A15009607,342,3,미설치,미설치,0,0,,,시 분,시 분,시 분,시 분,,,,없음
A15010201,100,0,미설치,설치,0,2,입주민전용,입주민전용,시 분,6시 0분,시 분,6시 0분,◆1◆|지하|벽부형충전기|AC단상 5핀|완속|2|홈앤서비스|,0,2,없음
A15010202,455,8,설치,설치,8,8,,외부인허용,0시 0분,0시 0분,23시 59분,23시 59분,◆1◆|지하|벽부형충전기|AC3상 7핀|완속|16|(주) 지에스커넥트|,0,16,없음
A15010203,370,3,미설치,미설치,0,0,,,시 분,시 분,시 분,시 분,,,,없음
A15010301,170,2,미설치,설치,0,4,,입주민전용,시 분,24시 0분,시 분,24시 0분,◆1◆|지하|벽부형충전기|DC콤보 7핀|완속|4|엘지유플러스볼트업|,0,4,없음
A15010302,180,0,미설치,설치,0,4,,외부인허용,시 분,0시 0분,시 분,24시 0분,◆1◆|지하|벽부형충전기|AC단상 5핀|완속|4|LG유플러스 볼트업|,0,4,없음
A15010303,331,3,미설치,설치,0,5,,외부인허용,,8시 30분,,18시 0분,◆1◆|지하|벽부형충전기|AC단상 5핀|급속|5|(차지비)|,0,5,없음
A15010304,213,4,설치,미설치,4,0,,,0시 1분,시 분,23시 1분,시 분,◆1◆|지상|스탠드형충전기|AC단상 5핀|완속|4|지에스차지비|,4,0,없음
A15010305,0,0,미설치,미설치,0,0,,,시 분,시 분,시 분,시 분,,,,없음
A15010306,766,9,미설치,설치,0,14,,입주민전용,,0시 1분,,23시 59분,◆1◆|지하|벽부형충전기|AC단상 5핀|완속|14|클린일렉스|,0,14,없음
A15010307,865,25,설치,설치,16,8,외부인허용,입주민전용,0시 0분,0시 0분,24시 0분,24시 0분,"◆1◆|지상|스탠드형충전기|AC단상 5핀|완속|16|차지비|,◆2◆|지하|벽부형충전기|AC단상 5핀|완속|8|에버온|",16,8,없음
A15010501,202,5,설치,설치,5,2,외부인허용,입주민전용,0시 1분,12시 1분,23시 59분,23시 59분,◆1◆|지상|벽부형충전기|AC단상 5핀|완속|5|(주)지에스차지비|,5,0,없음
A15010502,1537,55,미설치,설치,26,28,,입주민전용,시 분,0시 0분,시 분,23시 59분,"◆1◆|지하|벽부형충전기|AC단상 5핀|완속|15|이지차저|,◆2◆|지하|스탠드형충전기|AC단상 5핀|완속|1|한전|,◆3◆|지하|벽부형충전기|AC단상 5핀|완속|10|에버온|,◆4◆|지하|벽부형충전기|AC단상 5핀|완속|1|김성구|,◆5◆|지하|스탠드형충전기|AC3상 7핀|급속|1|한전|",0,28,없음
A15010601,287,5,미설치,설치,0,5,,입주민전용,시 분,0시 59분,시 분,0시 59분,◆1◆|지하|벽부형충전기|AC단상 5핀|완속|5|주식회사에버온|,0,5,없음
A15010602,350,6,미설치,설치,0,6,입주민전용,입주민전용,,1시 0분,,23시 59분,◆1◆|지하|벽부형충전기|AC단상 5핀|완속|5|에버온|,0,5,없음
A15072001,329,5,미설치,설치,0,6,,입주민전용,,6시 0분,,6시 0분,◆1◆|지하|벽부형충전기|DC콤보 7핀|완속|6|에버온|,0,6,있음
A15072002,3,3,설치,미설치,3,0,입주민전용,외부인허용,0시 0분,시 분,23시 59분,시 분,◆1◆|지상|벽부형충전기|AC단상 5핀|완속|3|(주)이지차저|,3,0,없음
A15072201,600,7,미설치,설치,0,12,,입주민전용,시 분,1시 1분,시 분,23시 59분,◆1◆|지하|벽부형충전기|AC단상 5핀|완속|12|플러그링크|,0,12,없음
A15076301,510,10,설치,미설치,13,0,,,1시 0분,시 분,23시 50분,시 분,"◆1◆|지상|벽부형충전기|DC콤보 7핀|완속|13|파워큐브,에버온,차지비|",13,0,있음
A15076302,5,5,미설치,설치,0,1,,입주민전용,시 분,0시 0분,시 분,23시 59분,◆1◆|지하|벽부형충전기|DC콤보 7핀|완속|1|개인|,0,1,없음
A15076702,1176,20,미설치,설치,0,29,입주민전용,입주민전용,시 분,0시 5분,시 분,23시 55분,"◆1◆|지하|스탠드형충전기|AC단상 5핀|급속|1|한전|,◆2◆|지하|이동형충전기|AC단상 5핀|완속|25|홈앤서비스|,◆3◆|지하|스탠드형충전기|AC단상 5핀|완속|3|한전|",0,29,없음
A15080002,500,20,미설치,설치,0,20,,입주민전용,시 분,0시 0분,시 분,0시 0분,◆1◆|지하|벽부형충전기|AC단상 5핀|완속|20|sk홈앤서비스|,0,20,없음
A15080204,344,0,설치,미설치,295,0,외부인허용,,0시 0분,시 분,24시 0분,시 분,◆1◆|지상|스탠드형충전기|AC3상 7핀|완속|6|GS차지비|,6,0,있음
A15080205,590,0,설치,설치,0,10,입주민전용,입주민전용,0시 59분,0시 59분,23시 59분,23시 59분,"◆1◆|지상|스탠드형충전기|AC3상 7핀|완속|5|나이스자처|,◆2◆|지하|벽부형충전기|AC3상 7핀|완속|5|나이스자처|",5,5,없음
A15080402,155,1,미설치,미설치,0,0,입주민전용,,시 분,시 분,시 분,시 분,,,,없음
A15080501,300,10,설치,미설치,6,0,,,0시 0분,시 분,24시 0분,시 분,◆1◆|지상|벽부형충전기|AC단상 5핀|완속|6|나이스인프라(주)|,6,0,없음
A15080507,1236,10,설치,미설치,5,0,,,0시 0분,시 분,23시 59분,시 분,◆1◆|지상|벽부형충전기|AC단상 5핀|완속|5|한국전기차충전서비스|,5,0,있음
A15081001,387,30,미설치,설치,0,7,,입주민전용,,0시 0분,,23시 0분,◆1◆|지하|벽부형충전기|AC3상 7핀|완속|7|성원이엔씨(주)|,0,7,없음
A15081002,1010,10,미설치,설치,0,10,,입주민전용,시 분,24시 0분,시 분,24시 0분,◆1◆|지하|벽부형충전기|AC단상 5핀|완속|10|지에스커넥트|,0,10,없음
A15081105,565,11,미설치,설치,0,11,,,시 분,0시 0분,시 분,0시 0분,◆1◆|지하|벽부형충전기|AC단상 5핀|완속|11|에버온|,0,11,없음
A15081107,1354,27,미설치,설치,0,27,,입주민전용,시 분,0시 0분,시 분,23시 0분,"◆1◆|지하|벽부형충전기|AC단상 5핀|완속|22|지에스커넥트(주)|,◆2◆|지하|스탠드형충전기|AC단상 5핀|완속|4|한전|,◆3◆|지하|스탠드형충전기|AC3상 7핀|급속|1|한전|",0,27,없음
A15081201,221,1,미설치,설치,0,3,,입주민전용,시 분,0시 0분,시 분,0시 0분,◆1◆|지하|벽부형충전기|직접입력|완속|3|한국전기차인프라기술|,0,3,없음
A15081503,450,0,설치,미설치,6,0,외부인허용,,0시 0분,,23시 59분,,◆1◆|지상|벽부형충전기|AC3상 7핀|완속|6|차지비|,6,0,없음
A15081602,310,4,설치,미설치,5,0,,,12시 0분,시 분,24시 0분,시 분,◆1◆|지상|스탠드형충전기|AC3상 7핀|완속|5|LGU+|,5,0,없음
A15081604,525,624,미설치,미설치,0,0,,,시 분,시 분,시 분,시 분,,,,없음
A15081606,532,6,설치,미설치,0,0,입주민전용,,0시 0분,시 분,23시 59분,시 분,◆1◆|지상|벽부형충전기|직접입력|완속|6|플러그링크|,6,0,있음
A15081802,269,4,설치,설치,4,6,,,23시 0분,9시 0분,23시 0분,18시 0분,◆1◆|지하|벽부형충전기|AC단상 5핀|완속|6|차지비|,0,6,없음
A15083201,191,2,미설치,설치,0,4,,입주민전용,시 분,1시 0분,시 분,23시 0분,◆1◆|지하|벽부형충전기|AC3상 7핀|완속|4|한국전기차충전서비스|,0,4,있음
A15083202,430,4,설치,설치,5,3,,,0시 0분,0시 0분,23시 0분,23시 0분,"◆1◆|지하|벽부형충전기|직접입력|완속|3|파워큐브|,◆2◆|지상|스탠드형충전기|직접입력|완속|5|한국전자인증|",5,3,없음
A15083404,2040,3,미설치,설치,0,3,입주민전용,입주민전용,시 분,23시 55분,시 분,23시 55분,"◆1◆|지하|스탠드형충전기|직접입력|급속|1|한전|,◆2◆|지하|스탠드형충전기|직접입력|완속|2|한전|",0,3,없음
A15083601,0,0,미설치,미설치,0,0,,,시 분,시 분,시 분,시 분,,,,없음
A15083602,350,6,설치,미설치,4,0,,,24시 0분,시 분,24시 0분,시 분,◆1◆|지상|스탠드형충전기|직접입력|완속|4|지에스차지비(주)|,4,0,없음
A15083603,8,8,미설치,설치,0,0,,,시 분,0시 0분,시 분,0시 0분,◆1◆|지하|벽부형충전기|직접입력|급속|8|한전|,0,8,없음
A15083701,108,3,미설치,미설치,0,0,,,시 분,시 분,시 분,시 분,,,,없음
A15083703,409,12,미설치,설치,0,13,,,시 분,0시 0분,시 분,23시 59분,"◆1◆|지하|벽부형충전기|AC단상 5핀|완속|10|1|,◆2◆|지하|스탠드형충전기|AC단상 5핀|급속|1|1|,◆3◆|지하|스탠드형충전기|AC단상 5핀|완속|2|1|",0,13,없음
A15085404,496,3,미설치,설치,0,9,,입주민전용,시 분,1시 0분,시 분,24시 0분,"◆1◆|지하|벽부형충전기|AC단상 5핀|완속|4|(주)차지비|,◆2◆|지하|벽부형충전기|DC콤보 7핀|완속|5|(주)이브이세상|",0,9,있음
A15086001,205,3,미설치,설치,0,6,,입주민전용,시 분,0시 0분,시 분,0시 0분,◆1◆|지하|벽부형충전기|AC단상 5핀|완속|6|이지차저|,0,6,없음
A15086004,461,0,미설치,미설치,0,0,,,시 분,시 분,시 분,시 분,,,,없음
A15086006,826,8,설치,설치,13,3,입주민전용,입주민전용,0시 0분,0시 0분,23시 0분,23시 0분,"◆1◆|지상|스탠드형충전기|AC3상 7핀|완속|13|(주)에버온|,◆2◆|지하|벽부형충전기|AC3상 7핀|완속|3|(주)에버온|",13,3,없음
A15086007,297,0,미설치,미설치,0,0,,,시 분,시 분,시 분,시 분,,,,없음
A15086201,206,5,미설치,설치,0,5,,입주민전용,시 분,0시 0분,시 분,23시 0분,◆1◆|지하|벽부형충전기|AC3상 7핀|완속|5|한국전자금융(주)|,0,5,없음
A15086202,489,0,미설치,미설치,0,0,,,시 분,시 분,시 분,시 분,,,,없음
A15086601,199,10,미설치,설치,0,3,,입주민전용,시 분,0시 0분,시 분,0시 0분,◆1◆|지하|벽부형충전기|AC단상 5핀|완속|3|ulvac|,0,3,없음
A15086603,467,5,미설치,설치,0,7,,,시 분,0시 0분,시 분,23시 59분,◆1◆|지하|벽부형충전기|AC단상 5핀|완속|7|플러그링크|,0,7,없음
A15086702,223,5,미설치,설치,0,5,,입주민전용,시 분,0시 0분,시 분,24시 0분,◆1◆|지하|벽부형충전기|AC단상 5핀|완속|5|GS차지비(주)|,0,5,없음
A15088208,0,0,미설치,미설치,0,0,,,시 분,시 분,시 분,시 분,,,,없음
A15088614,869,44,미설치,설치,0,0,입주민전용,입주민전용,시 분,0시 0분,시 분,23시 59분,"◆1◆|지하|스탠드형충전기|AC단상 5핀|완속|2|한국전기차충전서비|,◆2◆|지하|스탠드형충전기|AC단상 5핀|급속|1|한국전기차충전서비|,◆3◆|지하|스탠드형충전기|AC단상 5핀|완속|16|차지비|",0,19,없음
A15088717,0,0,미설치,미설치,0,0,,,시 분,시 분,시 분,시 분,,,,없음
A15088802,160,4,설치,미설치,4,0,외부인허용,,0시 0분,시 분,23시 0분,시 분,◆1◆|지상|스탠드형충전기|AC단상 5핀|완속|4|서울도시가스|,4,0,없음
A15088915,1081,22,미설치,설치,0,22,,입주민전용,시 분,0시 0분,시 분,23시 59분,◆1◆|지하|벽부형충전기|AC단상 5핀|완속|22|한국전자금융(주)|,0,22,없음
A15088918,610,5,미설치,미설치,0,0,입주민전용,,시 분,시 분,시 분,시 분,,,,없음
A15089307,3,3,미설치,설치,0,0,,입주민전용,시 분,0시 0분,시 분,23시 59분,◆1◆|지하|벽부형충전기|DC콤보 7핀|완속|5|차지비|,0,5,없음
A15089411,400,0,미설치,미설치,0,0,,,시 분,시 분,시 분,시 분,,,,없음
A15089421,1681,20,미설치,미설치,0,0,,,시 분,시 분,시 분,시 분,,,,없음
A15089510,404,0,미설치,미설치,0,0,,,시 분,시 분,시 분,시 분,,,,없음
A15089513,342,0,미설치,미설치,0,0,,,,,,,,,,없음
A15095001,240,5,미설치,설치,0,6,,입주민전용,시 분,0시 0분,시 분,23시 59분,◆1◆|지하|벽부형충전기|AC단상 5핀|완속|6|서울이브이|,0,6,없음
A15095002,246,0,미설치,설치,0,5,,입주민전용,시 분,23시 0분,시 분,23시 0분,◆1◆|지하|벽부형충전기|AC단상 5핀|완속|5|크린일렉스|,0,5,없음
A15096001,252,5,미설치,설치,0,5,,입주민전용,시 분,0시 1분,시 분,23시 59분,◆1◆|지하|벽부형충전기|AC단상 5핀|완속|5|(주)에버원|,0,5,없음
A15101101,429,7,미설치,설치,0,8,,입주민전용,시 분,0시 0분,시 분,0시 0분,◆1◆|지하|벽부형충전기|AC단상 5핀|완속|8|SK|,0,8,없음
A15101501,167,2,설치,미설치,3,0,,,0시 0분,시 분,0시 0분,시 분,◆1◆|지상|스탠드형충전기|AC3상 7핀|완속|3|나이스차저|,3,0,있음
A15101503,460,1,미설치,설치,0,1,,입주민전용,시 분,1시 0분,시 분,23시 59분,◆1◆|지하|스탠드형충전기|DC차데모 10핀|급속|1|한국전력공사 관악동|,0,1,없음
A15101504,3705,20,미설치,설치,0,20,,외부인허용,시 분,0시 0분,시 분,0시 0분,◆1◆|지하|벽부형충전기|AC단상 5핀|완속|20|플러그링크|,0,20,없음
A15101505,209,4,설치,미설치,4,0,입주민전용,,0시 0분,시 분,0시 0분,시 분,"◆1◆|지상|벽부형충전기|AC단상 5핀|완속|2|gs커넥터|,◆2◆|지상|스탠드형충전기|AC단상 5핀|완속|2|gs커넥터|",4,0,없음
A15101506,2038,8,미설치,설치,0,39,,입주민전용,시 분,0시 0분,시 분,0시 0분,"◆1◆|지하|벽부형충전기|AC단상 5핀|완속|34|지커넥트|,◆2◆|지하|벽부형충전기|AC단상 5핀|완속|5|휴맥스|",0,39,없음
A15101507,0,0,설치,미설치,7,0,입주민전용,,24시 0분,시 분,24시 0분,시 분,◆1◆|지상|스탠드형충전기|DC콤보 7핀|완속|7|nicecharger|,7,0,없음
A15101508,20,20,미설치,설치,0,74,,입주민전용,시 분,23시 1분,시 분,23시 1분,◆1◆|지하|벽부형충전기|AC단상 5핀|완속|74|파워큐브코리아|,0,74,없음
A15101509,71,1,미설치,설치,0,3,,입주민전용,시 분,0시 0분,시 분,23시 0분,◆1◆|지하|벽부형충전기|AC단상 5핀|완속|3|차지비|,0,3,없음
A15101702,375,0,설치,미설치,7,0,입주민전용,입주민전용,24시 0분,시 분,24시 0분,시 분,◆1◆|지상|스탠드형충전기|AC단상 5핀|완속|7|나이스차저|,7,0,없음
A15101802,376,3,설치,미설치,8,0,입주민전용,,5시 12분,시 분,13시 0분,시 분,"◆1◆|지상|스탠드형충전기|AC3상 7핀|완속|6|LG헬로우비젼|,◆2◆|지상|스탠드형충전기|AC3상 7핀|완속|2|플러그뱅크|",8,0,없음
A15101901,240,2,설치,미설치,6,0,입주민전용,,24시 0분,시 분,24시 0분,시 분,◆1◆|지상|스탠드형충전기|AC단상 5핀|완속|6|(주)동양이엔피|,6,0,없음
A15101903,652,12,설치,미설치,3,0,입주민전용,,0시 0분,시 분,0시 0분,시 분,◆1◆|지상|벽부형충전기|AC단상 5핀|급속|3|한국알박|,3,0,없음
A15102202,241,5,미설치,설치,0,5,,외부인허용,시 분,0시 1분,시 분,23시 59분,"◆1◆|지하|벽부형충전기|AC단상 5핀|완속|3|(주)휴맥스브이|,◆2◆|지하|스탠드형충전기|AC3상 7핀|완속|2|한국전력 관악동작지사|",0,5,없음
A15102203,397,8,미설치,설치,0,3,입주민전용,입주민전용,시 분,0시 1분,시 분,23시 59분,"◆1◆|지하|스탠드형충전기|DC콤보 7핀|완속|2|한국전력|,◆2◆|지하|스탠드형충전기|AC3상 7핀|급속|1|한국전력|",0,3,없음
A15102902,246,0,설치,미설치,3,0,외부인허용,,0시 0분,시 분,24시 60분,시 분,◆1◆|지상|벽부형충전기|AC단상 5핀|완속|3|LGU+볼트업|,3,0,없음
A15105004,710,0,미설치,설치,0,3,,입주민전용,시 분,0시 1분,시 분,23시 59분,"◆1◆|지하|스탠드형충전기|AC3상 7핀|급속|1|(주)씨그넷시스템|,◆2◆|지하|스탠드형충전기|AC단상 5핀|완속|2|제원쏠라(주)|",0,3,없음
A15105005,325,3,설치,미설치,6,0,입주민전용,,0시 0분,시 분,24시 0분,시 분,◆1◆|지상|벽부형충전기|직접입력|완속|6|한화솔루션|,6,0,없음
A15105006,0,0,미설치,미설치,0,0,입주민전용,입주민전용,시 분,시 분,시 분,시 분,,,,있음
A15105008,473,17,미설치,설치,0,9,,입주민전용,시 분,9시 0분,시 분,9시 0분,◆1◆|지하|벽부형충전기|AC단상 5핀|완속|9|(주)지앤텔|,0,9,없음
A15105301,0,0,미설치,미설치,0,0,외부인허용,외부인허용,시 분,시 분,시 분,시 분,,,,없음
A15105302,2305,10,설치,설치,29,15,입주민전용,입주민전용,0시 0분,0시 0분,0시 0분,0시 0분,"◆1◆|지상|스탠드형충전기|AC단상 5핀|완속|29|에버온|,◆2◆|지하|벽부형충전기|AC단상 5핀|완속|15|애버온|",29,15,없음
A15105303,21100,10,설치,설치,0,0,,,0시 0분,0시 0분,0시 0분,0시 0분,"◆1◆|지하|스탠드형충전기|AC단상 5핀|급속|7|000|,◆2◆|지상|벽부형충전기|AC단상 5핀|급속|2|000|",2,7,없음
A15105503,809,7,설치,미설치,18,0,,,0시 0분,시 분,0시 0분,시 분,"◆1◆|지상|벽부형충전기|AC단상 5핀|완속|16|한화솔류션(주)|,◆2◆|지상|스탠드형충전기|AC단상 5핀|완속|2|한화솔류션(주)|",18,0,있음
A15105602,241,0,설치,미설치,11,0,외부인허용,,8시 0분,시 분,8시 0분,시 분,◆1◆|지상|스탠드형충전기|AC단상 5핀|완속|7|(주)에버온|,7,0,없음
A15105603,1788,12,미설치,설치,0,16,,입주민전용,시 분,0시 0분,시 분,24시 0분,"◆1◆|지하|벽부형충전기|AC단상 5핀|완속|26|gs커넥트|,◆2◆|지하|벽부형충전기|AC단상 5핀|완속|40|스타코프|",0,66,없음
A15106001,193,1,미설치,설치,0,3,,,시 분,0시 23분,시 분,0시 23분,◆1◆|지하|벽부형충전기|직접입력|완속|3|한국알박|,0,3,없음
A15106101,198,2,미설치,설치,0,5,,입주민전용,시 분,1시 0분,시 분,23시 0분,◆1◆|지하|벽부형충전기|AC단상 5핀|완속|5|(주)차지비|,0,5,없음
A15106103,357,4,미설치,설치,0,7,,입주민전용,시 분,23시 59분,시 분,23시 59분,◆1◆|지하|벽부형충전기|AC단상 5핀|완속|7|한전/에버온|,0,7,없음
A15106901,2316,150,설치,미설치,50,0,입주민전용,,0시 0분,시 분,24시 0분,시 분,◆1◆|지상|벽부형충전기|AC단상 5핀|완속|50|플러그링크|,50,0,없음
A15108001,204,5,설치,설치,0,1,외부인허용,외부인허용,0시 1분,0시 1분,23시 59분,23시 59분,"◆1◆|지하|벽부형충전기|AC단상 5핀|완속|1|차지비|,◆2◆|지상|벽부형충전기|AC단상 5핀|완속|4|gs차지비|",4,1,없음
A15108003,198,2,설치,설치,0,2,외부인허용,입주민전용,24시 0분,24시 0분,24시 0분,24시 0분,"◆1◆|지상|벽부형충전기|AC3상 7핀|완속|2|엘지유플러스|,◆2◆|지하|벽부형충전기|AC3상 7핀|완속|2|에이치엘비일렉(주)|",2,2,없음
A15176202,1654,45,설치,설치,7,27,입주민전용,입주민전용,0시 0분,0시 0분,24시 0분,24시 0분,"◆1◆|지상|스탠드형충전기|AC단상 5핀|완속|7|플러그링크|,◆2◆|지하|벽부형충전기|AC단상 5핀|완속|8|플러그링크|,◆3◆|지하|벽부형충전기|AC단상 5핀|완속|19|차지비|",7,27,없음
A15176602,150,5,설치,미설치,3,0,외부인허용,,1시 0분,시 분,24시 0분,시 분,◆1◆|지상|벽부형충전기|AC단상 5핀|완속|3|GS차지비(주)|,3,0,없음
A15176701,630,3,설치,미설치,7,0,,,0시 0분,시 분,0시 0분,시 분,◆1◆|지상|스탠드형충전기|AC단상 5핀|완속|7|플러그링크|,7,0,없음
A15177101,179,2,미설치,설치,0,7,,입주민전용,시 분,0시 0분,시 분,0시 0분,◆1◆|지하|벽부형충전기|직접입력|완속|7|한국전자금융|,0,7,없음
A15178201,2478,0,미설치,설치,0,2,,입주민전용,시 분,23시 0분,시 분,23시 0분,◆1◆|지하|스탠드형충전기|AC단상 5핀|완속|2|파워큐브코리아|,0,2,없음
A15178202,346,0,미설치,미설치,0,0,,,시 분,시 분,시 분,시 분,,,,없음
A15178203,0,0,미설치,미설치,0,0,외부인허용,외부인허용,시 분,시 분,시 분,시 분,,,,없음
A15178204,424,1,미설치,설치,0,9,,입주민전용,시 분,0시 0분,시 분,23시 59분,◆1◆|지하|벽부형충전기|AC단상 5핀|완속|9|에버온|,0,9,없음
A15179403,550,6,미설치,설치,0,3,,,시 분,0시 0분,시 분,23시 0분,◆1◆|지하|스탠드형충전기|AC단상 5핀|완속|3|0|,0,3,없음
A15179701,568,8,미설치,미설치,0,0,입주민전용,입주민전용,시 분,시 분,시 분,시 분,,,,없음
A15180701,203,5,미설치,설치,0,5,,입주민전용,시 분,0시 0분,시 분,23시 59분,◆1◆|지하|벽부형충전기|DC콤보 7핀|완속|5|에버온|,0,5,없음
A15180705,5404,40,설치,설치,15,125,입주민전용,입주민전용,0시 0분,0시 0분,23시 59분,23시 59분,"◆1◆|지상|스탠드형충전기|AC단상 5핀|완속|15|GS커넥트|,◆2◆|지하|벽부형충전기|AC단상 5핀|완속|125|GS커넥트|",15,125,없음
A15181602,260,3,설치,미설치,2,0,외부인허용,,0시 0분,시 분,23시 0분,시 분,◆1◆|지상|스탠드형충전기|AC3상 7핀|완속|2|GS콘넥트|,2,0,없음
A15183001,300,3,미설치,설치,0,3,,외부인허용,시 분,0시 0분,시 분,23시 59분,◆1◆|지하|스탠드형충전기|AC3상 7핀|완속|3|한국전자금융(주)|,0,3,없음
A15184101,417,2,설치,설치,4,5,입주민전용,입주민전용,0시 0분,0시 0분,24시 0분,24시 0분,"◆1◆|지상|벽부형충전기|AC단상 5핀|완속|4|한국방재기술단|,◆2◆|지하|스탠드형충전기|AC3상 7핀|급속|1|한국전력|,◆3◆|지하|스탠드형충전기|AC3상 7핀|완속|1|한국전력|,◆4◆|지하|벽부형충전기|AC단상 5핀|완속|3|한국전력|",4,5,있음
A15185201,171,0,미설치,설치,0,4,,입주민전용,시 분,0시 0분,시 분,23시 59분,◆1◆|지하|벽부형충전기|AC단상 5핀|완속|4|차지비|,0,4,없음
A15185704,307,2,설치,미설치,2,0,입주민전용,,23시 20분,시 분,23시 20분,시 분,◆1◆|지상|스탠드형충전기|직접입력|완속|2|(주)에버온|,2,0,없음
A15186002,316,9,설치,미설치,4,0,입주민전용,,0시 0분,시 분,24시 0분,시 분,◆1◆|지상|벽부형충전기|AC단상 5핀|완속|4|서울씨엔지주식회사|,4,0,없음
A15187101,223,4,미설치,설치,0,4,,외부인허용,시 분,6시 0분,시 분,23시 0분,◆1◆|지하|벽부형충전기|직접입력|완속|4|(주)파워큐브코리아|,0,4,없음
A15188101,270,2,설치,미설치,4,0,,,24시 0분,시 분,24시 0분,시 분,◆1◆|지상|스탠드형충전기|AC3상 7핀|완속|4|(주)LG유플러스|,4,0,없음
A15190301,0,0,미설치,미설치,0,0,,,시 분,시 분,시 분,시 분,,,,없음
A15190705,2174,17,미설치,설치,0,10,,입주민전용,시 분,12시 0분,시 분,12시 0분,◆1◆|지하|벽부형충전기|AC3상 7핀|완속|10|이지차저(주)|,0,10,없음
A15192201,578,3,미설치,설치,0,11,,외부인허용,시 분,12시 1분,시 분,12시 59분,"◆1◆|지하|벽부형충전기|AC단상 5핀|완속|9|한화솔루션|,◆2◆|지하|스탠드형충전기|AC단상 5핀|완속|1|한전|,◆3◆|지하|스탠드형충전기|AC3상 7핀|급속|1|한전|",0,11,없음
A15192202,450,3,미설치,설치,0,10,,입주민전용,시 분,1시 0분,시 분,1시 0분,◆1◆|지하|벽부형충전기|AC단상 5핀|완속|10|이브이시스|,0,10,없음
A15205001,214,0,미설치,미설치,0,0,,입주민전용,시 분,시 분,시 분,시 분,,,,없음
A15205002,0,0,미설치,미설치,0,0,외부인허용,외부인허용,시 분,시 분,시 분,시 분,,,,없음
A15205103,3,3,미설치,미설치,0,0,,,시 분,시 분,시 분,시 분,,,,없음
A15205104,620,4,설치,설치,11,7,,,0시 0분,0시 0분,0시 0분,0시 0분,"◆1◆|지하|스탠드형충전기|DC차데모 10핀|완속|6|엘지유플러스볼트업|,◆2◆|지상|스탠드형충전기|DC차데모 10핀|완속|11|현대엔지니어링|",11,6,없음
A15205108,0,17,미설치,설치,0,17,,,시 분,0시 0분,시 분,24시 0분,"◆1◆|지하|벽부형충전기|AC단상 5핀|완속|5|클린일렉스|,◆2◆|지하|벽부형충전기|AC단상 5핀|완속|17|(주)지커넥트(차지비)|",0,22,없음
A15205301,3,3,설치,미설치,5,0,,,12시 24분,시 분,12시 24분,시 분,◆1◆|지상|벽부형충전기|AC3상 7핀|완속|||,,0,없음
A15205305,585,7,미설치,설치,0,12,,입주민전용,시 분,0시 0분,시 분,23시 59분,◆1◆|지하|벽부형충전기|AC단상 5핀|완속|12|(주)플러그링크|,0,12,없음
A15205405,912,11,미설치,설치,0,11,외부인허용,입주민전용,시 분,0시 0분,시 분,0시 0분,"◆1◆|지하|벽부형충전기|AC단상 5핀|완속|11|지에스차지비|,◆2◆|지하|벽부형충전기|직접입력|완속|30|지앤차이|",0,41,없음
A15205508,450,12,미설치,설치,0,10,입주민전용,입주민전용,시 분,0시 0분,시 분,23시 59분,◆1◆|지하|스탠드형충전기|AC단상 5핀|완속|10|한국전자금융(주)|,0,10,있음
A15205511,857,0,설치,설치,17,1,,입주민전용,,0시 1분,,23시 59분,"◆1◆|지하|스탠드형충전기|직접입력|급속|1|한국전력|,◆2◆|지하|스탠드형충전기|직접입력|완속|1|한국전력|,◆3◆|지하|벽부형충전기|직접입력|완속|3|차지비|,◆4◆|지하|벽부형충전기|직접입력|완속|12|LGU+|,◆5◆|지상|벽부형충전기|직접입력|완속|12|LGU+|,◆6◆|지상|스탠드형충전기|직접입력|완속|16|LGU+|",28,17,없음
A15205513,2222,50,미설치,설치,0,40,,입주민전용,시 분,0시 0분,시 분,23시 59분,◆1◆|지하|벽부형충전기|AC3상 7핀|완속|40|이지커넥트|,0,40,없음
A15208003,900,18,설치,설치,10,3,외부인허용,입주민전용,24시 0분,24시 0분,24시 0분,24시 0분,"◆1◆|지하|벽부형충전기|AC단상 5핀|완속|3|파워큐브|,◆2◆|지상|스탠드형충전기|AC단상 5핀|완속|10|플러그링크|",10,3,없음
A15208005,207,5,설치,미설치,5,0,입주민전용,,0시 1분,시 분,23시 59분,시 분,◆1◆|지상|스탠드형충전기|AC단상 5핀|완속|5|(주)일등전기공사|,5,0,없음
A15208006,442,6,미설치,설치,0,9,,입주민전용,시 분,23시 0분,시 분,23시 0분,"◆1◆|지하|벽부형충전기|AC단상 5핀|완속|9|대영 채비|,◆2◆|지하|이동형충전기|직접입력|완속|10|스타코프|",0,19,있음
A15208007,240,1,설치,미설치,5,0,입주민전용,,24시 1분,시 분,24시 55분,시 분,"◆1◆|지상|스탠드형충전기|AC단상 5핀|완속|2|LG유플러스|,◆2◆|지상|스탠드형충전기|AC단상 5핀|완속|3|GS커텍터|",5,0,없음
A15208201,170,2,미설치,설치,0,8,,입주민전용,시 분,0시 0분,시 분,24시 0분,◆1◆|지하|벽부형충전기|AC단상 5핀|완속|8|에버온|,0,8,없음
A15208202,314,5,미설치,설치,0,5,,입주민전용,시 분,0시 0분,시 분,0시 0분,◆1◆|지하|벽부형충전기|직접입력|완속|5|레드이엔지|,0,5,없음
A15208204,508,8,미설치,설치,0,2,,입주민전용,,0시 0분,,23시 0분,◆1◆|지하|벽부형충전기|AC단상 5핀|완속|2|(주)파워큐브코리아|,0,2,없음
A15209002,2490,13,미설치,설치,0,0,,,시 분,0시 0분,시 분,0시 0분,◆1◆|지하|벽부형충전기|직접입력|완속|124|파워큐브코리아|,0,124,없음
A15209003,0,0,미설치,미설치,0,0,,,시 분,시 분,시 분,시 분,,,,없음
A15209004,912,5,미설치,설치,0,10,,,시 분,0시 0분,시 분,23시 59분,"◆1◆|지하|벽부형충전기|AC단상 5핀|완속|5|케이차저|,◆2◆|지하|벽부형충전기|AC단상 5핀|완속|5|에스에스차저|",0,10,없음
A15209007,1159,24,미설치,설치,0,24,,입주민전용,시 분,0시 0분,시 분,23시 0분,"◆1◆|지하|스탠드형충전기|직접입력|완속|6|GS차지비|,◆2◆|지하|스탠드형충전기|직접입력|완속|6|GS차지비|,◆3◆|지하|벽부형충전기|직접입력|완속|6|GS차지비|,◆4◆|지하|벽부형충전기|직접입력|완속|6|GS차지비|,◆5◆|지하|이동형충전기|AC단상 5핀|완속|52|(주)파워큐브코리아|",0,76,없음
A15209201,4,4,미설치,설치,0,4,,입주민전용,시 분,6시 0분,시 분,6시 0분,◆1◆|지하|벽부형충전기|직접입력|완속|4|클린일렉스|,0,4,없음
A15209202,900,5,미설치,설치,0,0,,,시 분,0시 24분,시 분,0시 24분,◆1◆|지하|벽부형충전기|AC단상 5핀|완속|5|에버온|,0,5,없음
A15209203,5,5,설치,설치,11,11,입주민전용,입주민전용,24시 0분,24시 0분,24시 0분,24시 0분,◆1◆|지상|스탠드형충전기|AC단상 5핀|완속|11|플러그링크|,11,0,없음
A15209205,888,26,설치,설치,9,5,입주민전용,입주민전용,0시 0분,0시 0분,0시 0분,0시 0분,"◆1◆|지상|벽부형충전기|AC단상 5핀|완속|9|엘지유플러스볼트업|,◆2◆|지하|벽부형충전기|AC3상 7핀|완속|5|(주)이지차저|",9,5,있음
A15209206,10,10,미설치,설치,0,6,,입주민전용,시 분,23시 0분,시 분,23시 0분,◆1◆|지하|벽부형충전기|AC단상 5핀|완속|6|파워큐브코리아|,0,6,없음
A15209207,3068,0,미설치,설치,0,62,,입주민전용,시 분,0시 0분,시 분,23시 0분,"◆1◆|지하|벽부형충전기|AC단상 5핀|완속|34|(주)이지차저|,◆2◆|지하|스탠드형충전기|AC단상 5핀|완속|28|(주)이지차저|",0,62,없음
A15209303,174,5,설치,설치,3,2,입주민전용,입주민전용,1시 1분,1시 1분,23시 59분,23시 59분,"◆1◆|지하|스탠드형충전기|AC단상 5핀|완속|2|(주)씨어스|,◆2◆|지상|스탠드형충전기|AC단상 5핀|완속|3|에버온|",3,2,없음
A15209304,262,6,미설치,설치,0,10,,입주민전용,시 분,24시 0분,시 분,24시 0분,◆1◆|지하|벽부형충전기|AC단상 5핀|완속|5|한국전기차충전서비스|,0,5,있음
A15209305,1459,5,미설치,설치,0,0,입주민전용,입주민전용,시 분,1시 1분,시 분,23시 59분,"◆1◆|지하|스탠드형충전기|AC3상 7핀|완속|3|(주)차지비|,◆2◆|지하|벽부형충전기|AC단상 5핀|완속|25|(주)스타코프|",0,28,없음
A15210001,657,5,미설치,설치,0,15,입주민전용,입주민전용,시 분,24시 1분,시 분,24시 1분,"◆1◆|지하|벽부형충전기|AC3상 7핀|완속|12|(주)파워큐브코리아|,◆2◆|지하|스탠드형충전기|AC3상 7핀|급속|1|한전|,◆3◆|지하|스탠드형충전기|AC3상 7핀|완속|2|한전|",0,15,없음
A15210101,120,1,미설치,설치,0,3,,입주민전용,,0시 0분,,23시 0분,◆1◆|지하|벽부형충전기|AC단상 5핀|완속|3|(주)에버온|,0,3,없음
A15210102,205,6,설치,설치,7,4,입주민전용,입주민전용,0시 0분,0시 0분,24시 0분,24시 0분,"◆1◆|지상|스탠드형충전기|AC단상 5핀|완속|7|(주)이엘일렉트릭|,◆2◆|지하|벽부형충전기|AC단상 5핀|완속|4|(주)클린일렉스|",7,4,없음
A15210103,230,2,설치,미설치,10,0,입주민전용,입주민전용,1시 0분,시 분,24시 0분,시 분,◆1◆|지상|스탠드형충전기|AC단상 5핀|완속|10|엘지헬로우|,10,0,없음
A15210104,120,3,미설치,설치,0,6,외부인허용,,시 분,9시 30분,시 분,23시 30분,◆1◆|지하|벽부형충전기|AC단상 5핀|완속|6|(주)에버온|,0,6,없음
A15210105,291,1,미설치,미설치,0,0,,,시 분,시 분,시 분,시 분,,,,없음
A15210106,372,8,미설치,설치,0,7,,입주민전용,시 분,0시 0분,시 분,23시 59분,◆1◆|지하|벽부형충전기|AC단상 5핀|완속|7|(주)에버온|,0,7,없음
A15210107,1054,19,설치,미설치,15,0,입주민전용,,0시 0분,시 분,24시 0분,시 분,◆1◆|지상|벽부형충전기|AC3상 7핀|완속|15|파워큐브|,15,0,없음
A15210206,220,6,설치,설치,0,0,입주민전용,입주민전용,0시 1분,0시 1분,23시 59분,23시 59분,"◆1◆|지상|스탠드형충전기|AC단상 5핀|완속|2|한국알박|,◆2◆|지하|스탠드형충전기|AC단상 5핀|완속|2|한국알박|",2,2,없음
A15210207,322,4,미설치,설치,0,5,,입주민전용,시 분,12시 0분,시 분,12시 0분,◆1◆|지하|벽부형충전기|AC단상 5핀|완속|5|(주)틀린일렉스|,0,5,있음
A15210209,411,7,미설치,설치,0,9,,입주민전용,시 분,0시 1분,시 분,23시 59분,"◆1◆|지하|스탠드형충전기|AC단상 5핀|완속|1|한국전력공사|,◆2◆|지하|스탠드형충전기|AC3상 7핀|급속|1|한국전력공사|,◆3◆|지하|스탠드형충전기|DC차데모 10핀|급속|1|한국전력공사|,◆4◆|지하|벽부형충전기|AC단상 5핀|완속|7|한국전력공사|",0,10,없음
A15210210,14,7,미설치,미설치,0,14,,,시 분,시 분,시 분,시 분,,,,없음
A15210211,795,10,미설치,설치,0,13,,입주민전용,시 분,23시 50분,시 분,23시 50분,◆1◆|지하|벽부형충전기|직접입력|완속|13|딜라이브|,0,13,없음
A15210212,763,4,설치,설치,4,10,입주민전용,입주민전용,0시 0분,0시 0분,24시 0분,24시 0분,"◆1◆|지하|벽부형충전기|AC단상 5핀|완속|10|(주)클린일렉스|,◆2◆|지상|스탠드형충전기|AC단상 5핀|완속|4|나이스챠져|",4,10,없음
A15213001,553,2,미설치,설치,0,8,입주민전용,입주민전용,시 분,6시 0분,시 분,6시 0분,"◆1◆|지하|스탠드형충전기|AC3상 7핀|완속|3|한전|,◆2◆|지하|스탠드형충전기|AC3상 7핀|급속|1|한전|,◆3◆|지하|벽부형충전기|AC3상 7핀|완속|4|이지차저|",0,8,없음
A15213002,738,20,미설치,설치,0,10,,입주민전용,시 분,24시 0분,시 분,24시 0분,◆1◆|지하|벽부형충전기|AC단상 5핀|완속|10|한국전기차충전서비스|,0,10,없음
A15213003,544,16,설치,설치,8,4,입주민전용,입주민전용,0시 0분,0시 0분,23시 59분,23시 59분,"◆1◆|지상|스탠드형충전기|AC단상 5핀|완속|8|LG 유플러스 볼트업|,◆2◆|지하|스탠드형충전기|AC단상 5핀|급속|1|한전|,◆3◆|지하|스탠드형충전기|AC3상 7핀|완속|3|한전|",8,4,없음
A15213004,2,2,미설치,설치,0,3,,입주민전용,시 분,23시 50분,시 분,23시 50분,"◆1◆|지하|스탠드형충전기|직접입력|완속|2|한전|,◆2◆|지하|스탠드형충전기|직접입력|급속|1|한전|",0,3,없음
A15213005,987,4,미설치,설치,0,8,,입주민전용,시 분,0시 0분,시 분,0시 0분,◆1◆|지하|벽부형충전기|AC단상 5핀|완속|8|지에스커넥트주식회사|,0,8,없음
A15213006,343,7,미설치,설치,0,5,,입주민전용,시 분,7시 0분,시 분,18시 0분,◆1◆|지하|벽부형충전기|직접입력|완속|5|한국전기차인프라기술|,0,5,없음
A15213007,1337,27,미설치,설치,0,27,,입주민전용,시 분,0시 0분,시 분,0시 0분,◆1◆|지하|벽부형충전기|직접입력|완속|27|(주)차지비|,0,27,없음
A15271601,308,10,미설치,설치,0,6,,입주민전용,시 분,0시 0분,시 분,0시 0분,◆1◆|지하|벽부형충전기|AC단상 5핀|완속|6|에버온|,0,6,없음
A15275101,209,7,설치,설치,39,175,,,0시 59분,0시 59분,0시 59분,0시 59분,"◆1◆|지상|벽부형충전기|AC단상 5핀|완속|3|에버온|,◆2◆|지하|벽부형충전기|AC단상 5핀|완속|4|SK브로배드|",3,4,없음
A15277302,819,50,미설치,설치,0,18,,입주민전용,시 분,23시 0분,시 분,0시 0분,◆1◆|지하|벽부형충전기|AC3상 7핀|완속|18|지커넥트|,0,18,없음
A15278301,120,3,미설치,설치,0,4,,,시 분,24시 0분,시 분,24시 0분,◆1◆|지하|벽부형충전기|AC3상 7핀|완속|2|이브이식스|,0,2,없음
A15279101,1267,53,미설치,설치,0,44,,입주민전용,시 분,0시 0분,시 분,23시 59분,"◆1◆|지하|벽부형충전기|AC단상 5핀|완속|5|차지비|,◆2◆|지하|벽부형충전기|AC단상 5핀|완속|18|서울씨엔지|,◆3◆|지하|벽부형충전기|AC단상 5핀|완속|21|(주)휴맥스이브이|",0,44,있음
A15279402,491,11,미설치,설치,0,3,,입주민전용,시 분,0시 0분,시 분,23시 59분,"◆1◆|지하|스탠드형충전기|DC콤보 7핀|급속|1|한국전력|,◆2◆|지하|스탠드형충전기|AC단상 5핀|완속|2|한국전력|",0,3,있음
A15279403,910,4,미설치,설치,0,22,,입주민전용,시 분,1시 0분,시 분,23시 0분,"◆1◆|지하|벽부형충전기|AC단상 5핀|완속|18|플러그링크|,◆2◆|지하|스탠드형충전기|AC단상 5핀|급속|1|보터스 에너지|,◆3◆|지하|스탠드형충전기|DC콤보 7핀|완속|3|시그네브이|",0,22,없음
A15279404,1259,1,미설치,미설치,0,4,,,시 분,시 분,시 분,시 분,,,,없음
A15280303,1,1,설치,미설치,5,0,입주민전용,,0시 0분,시 분,24시 0분,시 분,◆1◆|지상|스탠드형충전기|AC단상 5핀|완속|5|gs|,5,0,없음
A15280304,0,0,설치,미설치,5,0,,입주민전용,0시 0분,시 분,24시 0분,시 분,◆1◆|지상|스탠드형충전기|AC단상 5핀|완속|5|대영 채비|,5,0,없음
A15280602,0,0,미설치,미설치,0,0,외부인허용,외부인허용,시 분,시 분,시 분,시 분,,,,없음
A15282105,442,5,미설치,설치,0,9,,외부인허용,시 분,0시 0분,시 분,23시 0분,"◆1◆|지하|스탠드형충전기|AC3상 7핀|완속|1|한국전력공사|,◆2◆|지하|스탠드형충전기|직접입력|급속|1|한국전력공사|,◆3◆|지하|벽부형충전기|AC단상 5핀|완속|7|(주)지커넥트|",0,9,없음
A15282403,150,5,설치,미설치,3,0,외부인허용,,0시 0분,시 분,21시 0분,시 분,◆1◆|지상|스탠드형충전기|AC단상 5핀|완속|3|서울씨엔지(주)|,3,0,없음
A15282405,0,0,미설치,미설치,0,0,,,시 분,시 분,시 분,시 분,,,,없음
A15282608,3,3,설치,설치,4,3,입주민전용,입주민전용,0시 0분,0시 0분,23시 59분,23시 59분,"◆1◆|지하|벽부형충전기|AC단상 5핀|완속|3|(주)클린일렉스|,◆2◆|지상|스탠드형충전기|AC단상 5핀|완속|4|한국전자금융(주)|",4,3,없음
A15282810,752,11,설치,미설치,11,0,외부인허용,,0시 0분,시 분,23시 0분,시 분,◆1◆|지상|스탠드형충전기|직접입력|완속|11|이지차저|,11,0,없음
A15283603,328,0,미설치,미설치,0,0,,,시 분,시 분,시 분,시 분,,,,없음
A15283701,158,2,미설치,설치,0,2,,입주민전용,시 분,0시 50분,시 분,23시 50분,◆1◆|지하|스탠드형충전기|AC단상 5핀|완속|2|한국전력공사|,0,2,없음
A15283702,234,6,설치,설치,4,4,입주민전용,입주민전용,0시 1분,0시 1분,23시 59분,23시 59분,"◆1◆|지상|스탠드형충전기|AC단상 5핀|완속|4|플러그링크|,◆2◆|지하|벽부형충전기|AC단상 5핀|완속|4|플러그링크|",4,4,없음
A15283704,390,9,미설치,설치,0,8,,입주민전용,시 분,0시 1분,시 분,23시 59분,◆1◆|지하|벽부형충전기|AC단상 5핀|완속|8|동해정보통신|,0,8,없음
A15283706,485,9,설치,설치,6,3,외부인허용,입주민전용,1시 0분,1시 0분,23시 50분,23시 50분,"◆1◆|지하|스탠드형충전기|AC단상 5핀|급속|1|한국전력|,◆2◆|지상|스탠드형충전기|AC단상 5핀|완속|6|GS커넥터|,◆3◆|지하|스탠드형충전기|AC단상 5핀|완속|2|한국전력|",6,3,없음
A15283707,465,2,미설치,설치,0,5,,입주민전용,시 분,0시 0분,시 분,0시 0분,◆1◆|지하|벽부형충전기|직접입력|완속|5|(주)차지비|,0,5,없음
A15283709,545,8,미설치,설치,0,10,,외부인허용,,0시 0분,,23시 59분,◆1◆|지하|벽부형충전기|직접입력|완속|10|(주)클린일렉스|,0,10,없음
A15283711,1221,22,설치,미설치,22,0,입주민전용,,0시 1분,시 분,23시 59분,시 분,◆1◆|지상|스탠드형충전기|AC3상 7핀|완속|22|gs|,22,0,없음
A15283801,227,5,미설치,설치,0,6,,입주민전용,,0시 0분,,23시 0분,◆1◆|지하|벽부형충전기|AC단상 5핀|완속|6|플러그링크|,0,6,없음
A15283803,176,3,미설치,설치,0,3,,입주민전용,시 분,24시 0분,시 분,24시 0분,◆1◆|지하|벽부형충전기|AC단상 5핀|완속|3|(주)나이스파크|,0,3,있음
A15283806,290,4,설치,미설치,4,0,입주민전용,,0시 0분,시 분,24시 0분,시 분,"◆1◆|지상|스탠드형충전기|AC단상 5핀|완속|1|한화모티브|,◆2◆|지상|벽부형충전기|AC단상 5핀|완속|3|한화모티브|",4,0,없음
A15283807,360,9,설치,미설치,7,0,입주민전용,,1시 1분,시 분,23시 59분,시 분,◆1◆|지상|벽부형충전기|AC단상 5핀|완속|7|에버온|,7,0,없음
A15283809,323,0,설치,미설치,6,0,입주민전용,,1시 0분,시 분,24시 0분,시 분,◆1◆|지상|스탠드형충전기|AC3상 7핀|완속|6|주식회사 에버온|,6,0,없음
A15283902,200,1,설치,미설치,180,0,,,0시 0분,시 분,24시 0분,시 분,◆1◆|지상|스탠드형충전기|AC단상 5핀|완속|4|파킹클라우드(주)|,4,0,없음
A15284101,194,2,미설치,설치,0,4,입주민전용,입주민전용,시 분,23시 10분,시 분,23시 10분,◆1◆|지하|벽부형충전기|AC단상 5핀|완속|4|이브이세상(주)|,0,4,없음
A15284204,0,0,미설치,미설치,0,0,,,시 분,시 분,시 분,시 분,,,,없음
A15284302,210,5,미설치,설치,0,5,,입주민전용,시 분,12시 12분,시 분,23시 0분,◆1◆|지하|벽부형충전기|AC단상 5핀|완속|5|(주)클린일렉스|,0,5,없음
A15284305,300,5,미설치,설치,0,4,,,시 분,0시 0분,시 분,0시 0분,◆1◆|지하|벽부형충전기|AC단상 5핀|완속|4|주식회사 클린일렉스|,0,4,없음
A15284603,363,9,설치,미설치,0,0,입주민전용,,1시 0분,시 분,24시 0분,시 분,◆1◆|지상|스탠드형충전기|AC단상 5핀|완속|9|파워큐브코리아|,9,0,없음
A15284906,1465,0,미설치,설치,0,30,,,시 분,24시 0분,시 분,24시 0분,"◆1◆|지하|벽부형충전기|DC콤보 7핀|완속|29|휴맥스브이|,◆2◆|지하|벽부형충전기|DC콤보 7핀|급속|1|휴맥스브이|",0,30,없음
A15285004,353,4,미설치,미설치,0,0,,,시 분,시 분,시 분,시 분,,,,없음
A15285503,0,0,미설치,미설치,0,0,,,시 분,시 분,시 분,시 분,,,,없음
A15285804,680,13,설치,설치,13,0,,입주민전용,0시 0분,0시 0분,24시 0분,0시 0분,◆1◆|지상|스탠드형충전기|AC단상 5핀|완속|13|LGU+볼트업|,13,0,없음
A15286210,450,15,설치,미설치,10,0,입주민전용,,0시 1분,시 분,23시 59분,시 분,◆1◆|지상|스탠드형충전기|AC단상 5핀|완속|10|한국전자금융|,10,0,없음
A15286602,3,3,미설치,설치,0,60,입주민전용,입주민전용,시 분,0시 23분,시 분,0시 24분,◆1◆|지하|벽부형충전기|AC단상 5핀|완속|4|(주)에스원|,0,4,없음
A15286801,0,3,미설치,미설치,0,0,,,시 분,시 분,시 분,시 분,,,,없음
A15286802,253,5,설치,미설치,4,0,입주민전용,,0시 0분,시 분,24시 0분,시 분,◆1◆|지상|스탠드형충전기|AC단상 5핀|완속|4|에버온|,4,0,없음
A15286805,376,0,미설치,미설치,0,0,,,시 분,시 분,시 분,시 분,,,,없음
A15286806,0,0,설치,설치,8,0,,,,,,,◆1◆|지상|스탠드형충전기||완속|8||,8,0,없음
A15286807,800,9,설치,미설치,9,0,외부인허용,,0시 0분,시 분,23시 0분,시 분,◆1◆|지상|스탠드형충전기|직접입력|완속|9|홈앤서비스+LG유플러스|,9,0,없음
A15286809,2076,3,설치,미설치,22,0,입주민전용,,0시 0분,시 분,0시 0분,시 분,◆1◆|지상|스탠드형충전기|직접입력|완속|22|신세계|,22,0,없음
A15288002,600,0,설치,미설치,10,9,입주민전용,,0시 0분,시 분,24시 0분,시 분,"◆1◆|지상|스탠드형충전기|AC3상 7핀|완속|9|아이파킹|,◆2◆|지상|스탠드형충전기|AC3상 7핀|급속|1|아이파킹|",10,0,없음
A15288004,361,7,설치,미설치,7,0,입주민전용,,0시 0분,시 분,23시 0분,시 분,◆1◆|지상|스탠드형충전기|AC3상 7핀|급속|7|lg|,7,0,없음
A15288301,654,5,미설치,미설치,0,0,,,시 분,시 분,시 분,시 분,,,,없음
A15288611,758,11,설치,설치,5,5,입주민전용,입주민전용,0시 24분,0시 24분,0시 24분,0시 24분,"◆1◆|지상|스탠드형충전기|AC단상 5핀|완속|5|스파로스EV|,◆2◆|지하|벽부형충전기|AC단상 5핀|완속|2|한국알박|,◆3◆|지하|벽부형충전기|AC단상 5핀|완속|3|플러그링크|",5,5,없음
A15288801,136,0,미설치,미설치,0,0,외부인허용,,시 분,시 분,시 분,시 분,,,,없음
A15288802,290,4,미설치,설치,0,5,,,시 분,23시 59분,시 분,23시 59분,◆1◆|지하|벽부형충전기|DC콤보 7핀|완속|5|클린일렉스|,0,5,없음
A15288803,281,3,미설치,설치,0,3,,,시 분,24시 1분,시 분,24시 1분,◆1◆|지하|벽부형충전기|AC3상 7핀|완속|3|플러그링크|,0,3,있음
A15288804,327,5,설치,미설치,4,0,입주민전용,,0시 0분,시 분,24시 0분,시 분,◆1◆|지상|스탠드형충전기|AC3상 7핀|완속|4|(주)에버온|,4,0,없음
A15288805,467,6,설치,미설치,9,0,외부인허용,,24시 0분,시 분,24시 0분,시 분,◆1◆|지상|벽부형충전기|AC단상 5핀|완속|9|(주)지엔텔|,9,0,있음
A15288806,409,10,미설치,미설치,0,0,,,시 분,시 분,시 분,시 분,,,,없음
A15288807,580,5,미설치,설치,0,8,,입주민전용,시 분,0시 0분,시 분,23시 59분,"◆1◆|지하|벽부형충전기|AC단상 5핀|완속|5|이지차저|,◆2◆|지하|스탠드형충전기|AC단상 5핀|완속|3|한전|",0,8,없음
A15288808,386,40,미설치,설치,0,13,,입주민전용,시 분,1시 0분,시 분,24시 0분,◆1◆|지하|벽부형충전기|AC단상 5핀|완속|13|G커넥트|,0,13,없음
A15288809,730,15,미설치,설치,0,15,,,시 분,0시 0분,시 분,23시 59분,◆1◆|지하|벽부형충전기|AC단상 5핀|완속|15|에버온|,0,15,없음
A15288810,1007,20,설치,설치,16,5,외부인허용,입주민전용,23시 59분,0시 0분,23시 59분,23시 59분,"◆1◆|지하|벽부형충전기|AC단상 5핀|완속|5|이카플러그|,◆2◆|지상|스탠드형충전기|AC3상 7핀|완속|16|한화|",16,5,없음
A15288812,1607,12,미설치,설치,0,30,,입주민전용,시 분,0시 1분,시 분,0시 1분,"◆1◆|지하|벽부형충전기|AC단상 5핀|완속|29|GnTel|,◆2◆|지하|벽부형충전기|AC단상 5핀|급속|1|GnTel|",0,30,없음
A15288813,1491,4,설치,설치,0,31,,입주민전용,0시 0분,0시 0분,23시 0분,23시 0분,"◆1◆|지하|스탠드형충전기|DC차데모 10핀|완속|14|GS차지비|,◆2◆|지상|스탠드형충전기|DC차데모 10핀|완속|17|GS차지비|",17,14,있음
A15288814,2792,27,미설치,설치,0,40,,,시 분,0시 0분,시 분,24시 0분,◆1◆|지하|벽부형충전기|AC단상 5핀|완속|40|GS차지비(주)|,0,40,없음
A15289508,324,6,설치,미설치,6,0,입주민전용,,0시 0분,시 분,0시 0분,시 분,◆1◆|지상|벽부형충전기|AC단상 5핀|완속|6|한국전기차충전소|,6,0,없음
A15301105,697,13,설치,설치,15,13,입주민전용,입주민전용,0시 0분,0시 0분,0시 0분,0시 0분,"◆1◆|지하|벽부형충전기|AC단상 5핀|완속|13|(주)파워큐브코리아|,◆2◆|지상|스탠드형충전기|AC단상 5핀|완속|15|(주)파워큐브코리아|",15,13,없음
A15303002,2135,4,미설치,설치,0,30,,,시 분,0시 0분,시 분,23시 0분,◆1◆|지하|벽부형충전기|직접입력|완속|30|(주)이지차저|,0,30,없음
A15303102,229,6,설치,미설치,5,0,외부인허용,입주민전용,24시 0분,시 분,24시 0분,시 분,◆1◆|지상|스탠드형충전기|AC단상 5핀|완속|5|한국전자금융|,5,0,없음
A15303103,223,1,설치,미설치,2,0,,,23시 30분,시 분,23시 30분,시 분,◆1◆|지상|스탠드형충전기|AC단상 5핀|완속|2|클린일렉스|,2,0,없음
A15303202,283,3,미설치,설치,0,3,,,시 분,12시 0분,시 분,23시 0분,◆1◆|지하|벽부형충전기|AC단상 5핀|완속|3|(주)레드이엔지|,0,3,없음
A15303203,823,5,설치,미설치,16,0,,,24시 0분,시 분,24시 0분,시 분,◆1◆|지상|스탠드형충전기|AC단상 5핀|완속|16|(주)파워큐브코리아|,16,0,있음
A15303204,654,14,설치,설치,1,11,외부인허용,입주민전용,0시 0분,23시 59분,0시 0분,23시 59분,"◆1◆|지하|벽부형충전기|AC단상 5핀|완속|11|레드ENG|,◆2◆|지상|스탠드형충전기|AC단상 5핀|완속|3|플러그링크|",3,11,없음
A15303205,3737,64,미설치,설치,0,13,입주민전용,입주민전용,시 분,0시 0분,시 분,23시 59분,"◆1◆|지하|벽부형충전기|AC3상 7핀|완속|11|gs커넥트|,◆2◆|지하|스탠드형충전기|AC3상 7핀|급속|2|gs커넥트|,◆3◆|지하|벽부형충전기|AC단상 5핀|완속|19|홈앤서비스|",0,32,없음
A15303401,200,5,설치,설치,6,4,입주민전용,입주민전용,0시 0분,24시 0분,0시 0분,24시 0분,"◆1◆|지하|벽부형충전기|직접입력|완속|4|..|,◆2◆|지상|스탠드형충전기|직접입력|완속|6|gs|",6,4,없음
A15303502,251,10,미설치,미설치,0,0,,,,,,,,,,없음
A15370103,2511,10,설치,설치,6,74,,입주민전용,0시 0분,0시 0분,24시 0분,24시 0분,"◆1◆|지하|스탠드형충전기|AC3상 7핀|급속|2|한전|,◆2◆|지하|스탠드형충전기|AC단상 5핀|완속|2|한전|,◆3◆|지하|벽부형충전기|AC단상 5핀|완속|70|스타코프|,◆4◆|지상|스탠드형충전기|AC단상 5핀|완속|6|스타코프|",6,74,없음
A15370301,359,4,미설치,설치,0,5,,,시 분,0시 0분,시 분,0시 0분,◆1◆|지하|벽부형충전기|AC단상 5핀|완속|5|0|,0,5,없음
A15375809,266,5,설치,미설치,5,0,입주민전용,,9시 0분,시 분,23시 0분,시 분,◆1◆|지상|스탠드형충전기|AC3상 7핀|완속|5|코스텔(주)|,5,0,없음
A15375810,0,5,미설치,설치,0,10,,입주민전용,,0시 1분,,23시 59분,◆1◆|지하|벽부형충전기|AC단상 5핀|완속|10|이지차저|,0,10,없음
A15378501,250,0,미설치,미설치,0,0,,,시 분,시 분,시 분,시 분,,,,없음
A15380101,212,6,설치,미설치,5,0,,외부인허용,1시 0분,시 분,23시 0분,시 분,◆1◆|지상|스탠드형충전기|AC단상 5핀|완속|5|나이스차저|,5,0,없음
A15380403,1722,6,미설치,설치,0,5,입주민전용,입주민전용,시 분,0시 0분,시 분,0시 0분,◆1◆|지하|벽부형충전기|AC단상 5핀|완속|5|(주)클린일렉스|,0,5,없음
A15381303,212,11,설치,설치,6,5,,입주민전용,0시 0분,0시 0분,24시 0분,24시 0분,"◆1◆|지상|벽부형충전기|AC단상 5핀|완속|6|(주)플러그링크|,◆2◆|지하|벽부형충전기|AC단상 5핀|완속|5|(주)플러그링크|",6,5,없음
A15381402,154,0,미설치,미설치,0,0,,,시 분,시 분,시 분,시 분,,,,없음
A15381706,6,6,설치,설치,9,9,,입주민전용,24시 0분,24시 0분,24시 0분,24시 0분,"◆1◆|지하|벽부형충전기|AC3상 7핀|완속|9|해피차저|,◆2◆|지상|스탠드형충전기|AC3상 7핀|완속|9|플러그링크|",9,9,없음
A15382301,372,6,설치,미설치,8,0,입주민전용,,24시 0분,시 분,24시 0분,시 분,◆1◆|지상|스탠드형충전기|DC차데모 10핀|완속|8|플러그링크(주)|,8,0,있음
A15383307,841,31,미설치,설치,0,6,,입주민전용,,0시 0분,,23시 59분,◆1◆|지하|벽부형충전기|AC3상 7핀|완속|6|(주)지엔텔|,0,6,없음
A15383308,0,0,설치,미설치,17,0,,,24시 0분,시 분,24시 0분,시 분,◆1◆|지상|스탠드형충전기|AC단상 5핀|급속|17|플러그링크|,17,0,없음
A15383601,159,0,설치,미설치,4,0,,외부인허용,6시 0분,시 분,24시 0분,시 분,◆1◆|지상|스탠드형충전기|AC3상 7핀|완속|4|에버온|,4,0,없음
A15383604,288,5,미설치,설치,0,5,,입주민전용,시 분,0시 0분,시 분,24시 0분,"◆1◆|지하|벽부형충전기|AC단상 5핀|완속|3|엘지유플러스 볼트업|,◆2◆|지하|벽부형충전기|AC단상 5핀|완속|2|엘지유플러스 볼트업|",0,5,없음
A15383702,1021,10,미설치,설치,0,5,,입주민전용,,0시 0분,,24시 0분,◆1◆|지하|벽부형충전기|AC단상 5핀|완속|5|파워큐브|,0,5,없음
A15383905,533,0,미설치,미설치,0,0,입주민전용,,시 분,시 분,시 분,시 분,,,,있음
A15384101,168,4,미설치,설치,0,4,,,시 분,0시 0분,시 분,23시 59분,◆1◆|지하|벽부형충전기|AC단상 5핀|완속|4|플러그링크|,0,4,없음
A15384501,275,2,설치,설치,4,1,입주민전용,입주민전용,23시 59분,23시 59분,23시 59분,23시 59분,"◆1◆|지하|벽부형충전기|AC단상 5핀|완속|1|홈앤차지|,◆2◆|지상|벽부형충전기|AC단상 5핀|완속|4|홈앤차지|",4,1,없음
A15384603,5,5,미설치,미설치,0,0,,,시 분,시 분,시 분,시 분,,,,없음
A15386303,250,3,설치,미설치,3,0,입주민전용,,0시 0분,시 분,23시 59분,시 분,◆1◆|지상|스탠드형충전기|AC단상 5핀|완속|3|차지비|,3,0,없음
A15386404,240,0,설치,미설치,168,0,,,0시 0분,시 분,24시 0분,시 분,◆1◆|지상|스탠드형충전기|AC단상 5핀|완속|4|지에스차지비|,4,0,없음
A15601002,4,0,미설치,미설치,0,0,,,시 분,시 분,시 분,시 분,,,,없음
A15601003,546,15,미설치,설치,0,23,,입주민전용,시 분,24시 0분,시 분,24시 0분,"◆1◆|지하|이동형충전기|직접입력|완속|3|파워큐브|,◆2◆|지하|벽부형충전기|DC콤보 7핀|완속|5|클린일렉스|,◆3◆|지하|벽부형충전기|AC단상 5핀|완속|15|홈앤서비스(주)|",0,23,있음
A15601102,410,10,설치,설치,0,2,외부인허용,외부인허용,24시 0분,24시 0분,24시 0분,24시 0분,"◆1◆|지상|스탠드형충전기|AC3상 7핀|완속|8|이엘일렉트릭|,◆2◆|지하|벽부형충전기|AC단상 5핀|완속|2|차지비|",8,2,없음
A15601103,512,10,설치,미설치,10,0,,입주민전용,0시 1분,시 분,24시 59분,시 분,◆1◆|지상|스탠드형충전기|AC단상 5핀|완속|10|(주)에버온|,10,0,있음
A15601104,812,25,미설치,설치,0,15,,입주민전용,시 분,0시 0분,시 분,23시 59분,"◆1◆|지하|벽부형충전기|AC단상 5핀|완속|10|(주)지엔텔|,◆2◆|지하|벽부형충전기|AC단상 5핀|완속|5|(주)씨어스|",0,15,없음
A15601105,1022,22,설치,설치,2,16,외부인허용,외부인허용,0시 0분,0시 0분,23시 59분,23시 59분,"◆1◆|지하|스탠드형충전기|AC3상 7핀|완속|1|한국전력|,◆2◆|지하|스탠드형충전기|AC3상 7핀|급속|1|한국전력|,◆3◆|지하|벽부형충전기|AC3상 7핀|완속|14|대영채비|,◆4◆|지상|스탠드형충전기|AC3상 7핀|완속|2|대영채비|",2,16,없음
A15601201,116,0,설치,미설치,2,0,외부인허용,외부인허용,0시 0분,시 분,24시 0분,시 분,◆1◆|지상|벽부형충전기|AC단상 5핀|완속|2|(주)차지비|,2,0,없음
A15601202,299,8,설치,미설치,6,0,입주민전용,,0시 0분,시 분,23시 59분,시 분,◆1◆|지상|스탠드형충전기|AC단상 5핀|완속|6|지에스차지비|,6,0,없음
A15602001,194,4,미설치,설치,0,6,,입주민전용,시 분,1시 0분,시 분,24시 0분,"◆1◆|지하|벽부형충전기|AC단상 5핀|완속|3|클린일렉스|,◆2◆|지하|이동형충전기|AC단상 5핀|완속|10|차지비|",0,13,없음
A15602002,237,7,설치,설치,6,2,,입주민전용,0시 0분,0시 0분,0시 0분,0시 0분,"◆1◆|지하|벽부형충전기|AC단상 5핀|완속|2|클린일렉스|,◆2◆|지상|스탠드형충전기|AC단상 5핀|완속|6|신세계 I&C|",6,2,없음
A15602007,793,4,미설치,설치,0,7,,입주민전용,,0시 0분,,0시 0분,◆1◆|지하|벽부형충전기|AC단상 5핀|완속|6|에버온|,0,6,없음
A15603001,190,5,미설치,미설치,0,0,,,시 분,시 분,시 분,시 분,,,,없음
A15603002,509,10,미설치,설치,0,10,,입주민전용,시 분,24시 0분,시 분,24시 0분,◆1◆|지하|벽부형충전기|AC단상 5핀|완속|5|차지비|,0,5,없음
A15603003,1,1,설치,미설치,2,0,,,5시 0분,시 분,5시 0분,시 분,"◆1◆|지상|스탠드형충전기|AC단상 5핀|완속|1|차지비|,◆2◆|지상|스탠드형충전기|AC단상 5핀|완속|1|이지차저|",2,0,없음
A15603004,572,5,설치,설치,2,14,외부인허용,외부인허용,0시 0분,0시 0분,0시 0분,0시 0분,"◆1◆|지하|벽부형충전기|DC콤보 7핀|완속|8|이지차저|,◆2◆|지하|벽부형충전기|DC콤보 7핀|완속|6|클린일렉스|,◆3◆|지상|스탠드형충전기|DC콤보 7핀|급속|1|채비|",1,14,없음
A15603006,2272,46,미설치,설치,0,46,,입주민전용,시 분,0시 0분,시 분,23시 59분,"◆1◆|지하|벽부형충전기|AC3상 7핀|급속|24|나이스|,◆2◆|지하|벽부형충전기|AC3상 7핀|급속|22|에버온|",0,46,없음
A15603007,0,0,미설치,설치,0,14,,외부인허용,시 분,0시 0분,시 분,0시 0분,"◆1◆|지하|벽부형충전기|AC단상 5핀|완속|2|(주)레드이엔지|,◆2◆|지하|벽부형충전기|AC단상 5핀|완속|12|스타코프|",0,14,없음
A15603008,1351,30,미설치,설치,0,24,,입주민전용,시 분,0시 0분,시 분,23시 0분,◆1◆|지하|벽부형충전기|AC단상 5핀|완속|22|파워큐브코리아|,0,22,없음
A15603203,498,9,미설치,설치,0,11,,외부인허용,시 분,24시 0분,시 분,24시 0분,◆1◆|지하|벽부형충전기|AC3상 7핀|완속|11|지에스커넥트|,0,11,없음
A15603204,586,5,미설치,설치,0,0,,,시 분,0시 0분,시 분,0시 0분,◆1◆|지하|스탠드형충전기|직접입력|완속|2|한전|,0,2,없음
A15603205,12,12,미설치,설치,0,8,,입주민전용,시 분,0시 0분,시 분,23시 0분,◆1◆|지하|벽부형충전기|AC단상 5핀|초급속|8|파워큐브|,0,8,없음
A15603206,1664,34,미설치,설치,0,34,,,시 분,0시 0분,시 분,23시 59분,◆1◆|지하|벽부형충전기|직접입력|완속|34|클림일렉스|,0,34,없음
A15603401,269,5,미설치,설치,0,11,,입주민전용,시 분,0시 0분,시 분,23시 59분,"◆1◆|지하|벽부형충전기|AC단상 5핀|완속|5|에버온|,◆2◆|지하|벽부형충전기|AC단상 5핀|완속|6|플러그링크|",0,11,없음
A15603502,538,10,설치,미설치,13,0,입주민전용,입주민전용,0시 0분,시 분,24시 0분,시 분,◆1◆|지상|벽부형충전기|AC3상 7핀|완속|13|차지비|,13,0,없음
A15605001,170,5,미설치,설치,0,4,,,시 분,0시 0분,시 분,0시 0분,◆1◆|지하|벽부형충전기|AC단상 5핀|완속|4|HUMAX EV|,0,4,없음
A15605002,1196,64,설치,설치,10,19,입주민전용,입주민전용,0시 0분,0시 0분,23시 59분,23시 59분,"◆1◆|지상|스탠드형충전기|AC단상 5핀|완속|10|현대엔지니어링|,◆2◆|지하|벽부형충전기|AC단상 5핀|완속|10|(주)지커넥트|,◆3◆|지상|스탠드형충전기|AC단상 5핀|완속|10|(주)신세계아이엔씨|",20,10,없음
A15605003,350,10,미설치,설치,0,3,,,시 분,24시 0분,시 분,24시 0분,"◆1◆|지하|벽부형충전기|직접입력|완속|2|한국알박|,◆2◆|지하|스탠드형충전기|직접입력|완속|1|한국알박|,◆3◆|지하|이동형충전기|AC단상 5핀|완속|10|파워큐브코리아|",0,13,없음
A15605102,325,6,미설치,설치,0,6,입주민전용,입주민전용,시 분,0시 0분,시 분,23시 59분,◆1◆|지하|벽부형충전기|AC단상 5핀|완속|6|주식회사 플러그링크|,0,6,없음
A15605103,2230,3,미설치,설치,0,31,,입주민전용,,24시 분,,23시 55분,◆1◆|지하|벽부형충전기|AC단상 5핀|완속|31|지에스커넥트주식회사|,0,31,없음
A15606001,325,5,미설치,설치,0,5,,입주민전용,시 분,1시 1분,시 분,23시 59분,◆1◆|지하|벽부형충전기|AC단상 5핀|완속|5|한국알박|,0,5,없음
A15606002,347,6,미설치,설치,0,14,,입주민전용,시 분,1시 1분,시 분,23시 59분,"◆1◆|지하|벽부형충전기|AC단상 5핀|완속|7|지케넥트|,◆2◆|지하|벽부형충전기|AC단상 5핀|완속|7|홈앤서비스|",0,14,없음
A15606003,613,0,미설치,설치,0,5,,입주민전용,시 분,0시 0분,시 분,23시 59분,◆1◆|지하|벽부형충전기|직접입력|완속|5|(주)파워큐브코리아|,0,5,없음
A15606004,770,0,미설치,미설치,0,0,,,시 분,시 분,시 분,시 분,,,,없음
A15606005,0,5,설치,설치,2,1,입주민전용,입주민전용,0시 0분,0시 0분,23시 59분,23시 59분,"◆1◆|지상|스탠드형충전기|AC단상 5핀|완속|2|sk|,◆2◆|지하|스탠드형충전기|AC단상 5핀|완속|1|sk|",2,1,없음
A15606007,631,15,미설치,설치,0,13,입주민전용,입주민전용,시 분,1시 1분,시 분,24시 59분,◆1◆|지하|벽부형충전기|AC단상 5핀|완속|13|GS커넥트|,0,13,없음
A15607001,506,9,설치,설치,6,3,입주민전용,입주민전용,0시 0분,0시 0분,0시 0분,0시 0분,"◆1◆|지하|스탠드형충전기|AC단상 5핀|완속|3|에버온|,◆2◆|지상|스탠드형충전기|AC단상 5핀|완속|6|에버온|",6,3,없음
A15608001,246,5,설치,설치,4,11,입주민전용,입주민전용,0시 0분,0시 0분,24시 0분,24시 0분,"◆1◆|지하|벽부형충전기|AC단상 5핀|완속|2|(주)에버온|,◆2◆|지상|벽부형충전기|AC단상 5핀|완속|4|(주0에버온|",4,2,없음
A15608002,344,15,설치,미설치,0,0,외부인허용,,0시 1분,시 분,23시 59분,시 분,◆1◆|지상|스탠드형충전기|AC단상 5핀|완속|7|GS커넥트|,7,0,없음
A15608003,998,20,미설치,설치,0,19,,입주민전용,시 분,0시 1분,시 분,23시 59분,"◆1◆|지하|벽부형충전기|AC3상 7핀|완속|18|한국전력,GS커텍트|,◆2◆|지하|벽부형충전기|AC3상 7핀|급속|1|GS커텍트|",0,19,없음
A15609001,187,2,미설치,미설치,0,0,,,시 분,시 분,시 분,시 분,,,,없음
A15609002,253,6,설치,미설치,5,0,외부인허용,,0시 0분,시 분,0시 0분,시 분,◆1◆|지상|스탠드형충전기|AC3상 7핀|완속|5|아이파킹|,5,0,없음
A15609003,583,22,설치,설치,11,11,입주민전용,입주민전용,1시 1분,1시 1분,23시 1분,23시 1분,"◆1◆|지상|스탠드형충전기|AC단상 5핀|완속|11|에버온|,◆2◆|지하|벽부형충전기|AC단상 5핀|완속|11|에버온|",11,11,없음
A15609005,1205,4,설치,설치,17,2,입주민전용,입주민전용,0시 0분,0시 0분,23시 0분,23시 0분,"◆1◆|지상|스탠드형충전기|AC단상 5핀|완속|14|나이스|,◆2◆|지상|벽부형충전기|AC단상 5핀|완속|3|(주)에버온|,◆3◆|지하|벽부형충전기|AC단상 5핀|완속|2|(주)에버온|",17,2,없음
A15609006,264,0,설치,설치,6,2,,입주민전용,0시 0분,0시 0분,24시 0분,24시 0분,◆1◆|지상|벽부형충전기|AC단상 5핀|급속|6|에버온|,6,0,없음
A15609007,533,30,미설치,설치,0,11,,,시 분,24시 1분,시 분,24시 1분,"◆1◆|지하|벽부형충전기|AC단상 5핀|완속|5|지커넥트|,◆2◆|지하|벽부형충전기|AC단상 5핀|완속|6|지커넥트|",0,11,있음
A15609301,4,4,미설치,설치,0,6,,,시 분,23시 59분,시 분,23시 59분,◆1◆|지하|벽부형충전기|직접입력|완속|6|GS커넥트(주)|,0,6,없음
A15609303,7,7,설치,미설치,7,0,입주민전용,입주민전용,0시 0분,시 분,0시 0분,시 분,◆1◆|지상|벽부형충전기|AC단상 5핀|완속|7|현대엔지니어링|,7,0,없음
A15609305,770,16,미설치,설치,0,16,,입주민전용,시 분,0시 0분,시 분,24시 0분,"◆1◆|지하|스탠드형충전기|AC3상 7핀|초급속|1|한전|,◆2◆|지하|벽부형충전기|직접입력|완속|40|유니이브이(주)|,◆3◆|지하|스탠드형충전기|AC단상 5핀|완속|1|한전|",0,42,있음
A15609306,1250,25,설치,설치,20,6,외부인허용,입주민전용,0시 0분,0시 0분,23시 59분,23시 59분,"◆1◆|지상|스탠드형충전기|AC단상 5핀|완속|20|엘지유플러스|,◆2◆|지하|벽부형충전기|AC3상 7핀|완속|6|파워큐브|",20,6,있음
A15609401,214,0,설치,미설치,4,0,외부인허용,,24시 0분,시 분,24시 0분,시 분,◆1◆|지상|스탠드형충전기|AC단상 5핀|완속|4|지에스차지비|,4,0,없음
A15609501,268,4,미설치,미설치,0,0,,,시 분,시 분,시 분,시 분,,,,없음
A15609502,836,25,미설치,설치,0,9,,입주민전용,시 분,0시 1분,시 분,23시 59분,◆1◆|지하|벽부형충전기|AC단상 5핀|완속|9|파워큐브|,0,9,없음
A15670001,895,5,미설치,설치,0,51,,입주민전용,시 분,0시 0분,시 분,24시 0분,"◆1◆|지하|벽부형충전기|AC단상 5핀|완속|18|차지비|,◆2◆|지하|스탠드형충전기|AC단상 5핀|급속|2|차지비|,◆3◆|지하|스탠드형충전기|AC단상 5핀|완속|31|차지비|",0,51,없음
A15671801,250,7,미설치,설치,0,7,,입주민전용,시 분,0시 0분,시 분,0시 0분,◆1◆|지하|벽부형충전기|직접입력|완속|7|파워큐브|,0,7,없음
A15672001,227,5,미설치,설치,0,10,,외부인허용,시 분,0시 0분,시 분,23시 59분,◆1◆|지하|벽부형충전기|AC단상 5핀|완속|5|클린일렉스|,0,5,있음
A15672002,556,12,설치,미설치,13,0,입주민전용,,0시 0분,시 분,0시 0분,시 분,◆1◆|지상|벽부형충전기|직접입력|완속|13|홈앤서비스|,13,0,없음
A15676512,0,0,설치,미설치,4,0,외부인허용,,0시 0분,시 분,24시 0분,시 분,◆1◆|지상|스탠드형충전기|AC단상 5핀|완속|4|나이스차저|,4,0,없음
A15676701,329,367,미설치,설치,0,7,입주민전용,입주민전용,,12시 1분,,11시 59분,◆1◆|지하|벽부형충전기|AC3상 7핀|완속|7|플러그링크|,0,7,없음
A15676702,72,3,미설치,설치,0,3,,입주민전용,시 분,0시 0분,시 분,0시 0분,◆1◆|지하|벽부형충전기|AC단상 5핀|완속|3|㈜레드이엔지|,0,3,없음
A15677204,921,19,설치,미설치,12,0,,,0시 0분,시 분,24시 0분,시 분,"◆1◆|지상|스탠드형충전기|직접입력|완속|10|(주)플러그링크|,◆2◆|지상|스탠드형충전기|직접입력|급속|2|채비(주)|",12,0,없음
A15677501,614,12,미설치,설치,0,12,,외부인허용,시 분,0시 0분,시 분,0시 0분,◆1◆|지하|벽부형충전기|AC3상 7핀|완속|12|LG유플러스|,0,12,없음
A15678101,204,2,미설치,설치,0,2,,외부인허용,시 분,0시 1분,시 분,23시 59분,◆1◆|지하|벽부형충전기|AC단상 5핀|완속|2|에버온|,0,2,없음
A15678102,617,4,미설치,설치,0,4,,입주민전용,시 분,23시 0분,시 분,23시 0분,◆1◆|지하|벽부형충전기|AC단상 5핀|완속|4|한국전기차충전서비스|,0,4,없음
A15678103,2222,85,미설치,설치,0,10,,입주민전용,시 분,0시 0분,시 분,23시 0분,◆1◆|지하|벽부형충전기|AC단상 5핀|완속|10|에버온|,0,10,없음
A15679103,229,1,미설치,설치,0,5,,입주민전용,시 분,0시 1분,시 분,23시 59분,◆1◆|지하|벽부형충전기|AC단상 5핀|완속|5|sk일렉링크(주)|,0,5,없음
A15679104,262,3,설치,미설치,2,0,입주민전용,,0시 0분,시 분,23시 0분,시 분,◆1◆|지상|스탠드형충전기|AC단상 5핀|완속|2|(주)차지비|,2,0,없음
A15679105,572,8,미설치,설치,0,4,입주민전용,,시 분,0시 0분,시 분,23시 55분,◆1◆|지하|벽부형충전기|AC단상 5핀|완속|4|플러그링크|,0,4,없음
A15679106,317,3,미설치,설치,0,0,,입주민전용,시 분,0시 0분,시 분,23시 59분,◆1◆|지하|벽부형충전기|직접입력|완속|7|(주)차지비|,0,7,없음
A15679107,890,9,미설치,설치,0,16,입주민전용,입주민전용,시 분,0시 0분,시 분,23시 0분,"◆1◆|지하|벽부형충전기|AC단상 5핀|완속|12|윤우테크|,◆2◆|지하|스탠드형충전기|AC3상 7핀|급속|1|대경엔지니어링|,◆3◆|지하|스탠드형충전기|AC단상 5핀|완속|3|제원쏠라|",0,16,있음
A15679108,1218,36,미설치,설치,0,22,,,시 분,0시 0분,시 분,23시 0분,"◆1◆|지하|벽부형충전기|AC단상 5핀|완속|10|(주)이지자처|,◆2◆|지하|스탠드형충전기|AC단상 5핀|급속|2|(주)지에스커넥트|,◆3◆|지하|스탠드형충전기|AC단상 5핀|급속|1|(주)지에스커넥트|,◆4◆|지하|벽부형충전기|AC단상 5핀|완속|10|(주)지에스커넥트|",0,23,없음
A15679109,1256,62,미설치,설치,0,25,,입주민전용,시 분,0시 1분,시 분,23시 59분,◆1◆|지하|벽부형충전기|AC3상 7핀|완속|25|엘지유플러스|,0,25,없음
A15681103,226,5,설치,미설치,5,0,입주민전용,,0시 0분,시 분,0시 0분,시 분,◆1◆|지상|스탠드형충전기|AC단상 5핀|완속|5|홈앤서비스|,5,0,없음
A15681104,296,6,미설치,설치,0,7,,입주민전용,시 분,0시 1분,시 분,23시 59분,◆1◆|지하|벽부형충전기|AC3상 7핀|완속|7|클린일랙스|,0,7,없음
A15681105,566,10,미설치,설치,0,3,입주민전용,입주민전용,,0시 0분,,23시 59분,"◆1◆|지하|스탠드형충전기|AC3상 7핀|급속|1|한국전력|,◆2◆|지하|스탠드형충전기|AC단상 5핀|완속|2|한국전력|",0,3,없음
A15681106,567,14,미설치,설치,0,11,,입주민전용,시 분,0시 0분,시 분,0시 0분,◆1◆|지하|벽부형충전기|AC단상 5핀|완속|11|에버온|,0,11,있음
A15681108,657,30,설치,미설치,9,0,,입주민전용,0시 0분,시 분,24시 0분,시 분,◆1◆|지상|스탠드형충전기|DC콤보 7핀|완속|9|나이스|,9,0,없음
A15681110,2179,0,설치,미설치,41,0,입주민전용,,0시 0분,시 분,24시 0분,시 분,◆1◆|지상|스탠드형충전기|AC단상 5핀|완속|41|아이파킹|,41,0,있음
A15681501,853,22,설치,설치,8,3,외부인허용,외부인허용,0시 0분,0시 0분,24시 0분,24시 0분,"◆1◆|지상|스탠드형충전기|AC3상 7핀|완속|3|플러그링크|,◆2◆|지상|벽부형충전기|AC3상 7핀|완속|5|플러그링크|,◆3◆|지하|벽부형충전기|AC3상 7핀|완속|3|플러그링크|",8,3,없음
A15681502,745,70,설치,미설치,15,0,입주민전용,,9시 0분,시 분,23시 0분,시 분,◆1◆|지상|벽부형충전기|AC단상 5핀|완속|15|에버온|,15,0,없음
A15681503,1756,0,설치,설치,0,0,입주민전용,입주민전용,24시 0분,24시 0분,24시 0분,24시 0분,◆1◆|지상|벽부형충전기|AC3상 7핀|완속|23|한국전자금융(주)|,23,0,없음
A15681802,0,0,미설치,미설치,0,0,,,시 분,시 분,시 분,시 분,,,,없음
A15683402,731,10,미설치,설치,0,7,,입주민전용,시 분,0시 0분,시 분,23시 0분,◆1◆|지하|벽부형충전기|AC3상 7핀|완속|7|(주)파워큐브|,0,7,있음
A15683601,293,3,설치,설치,2,4,입주민전용,입주민전용,24시 0분,24시 0분,24시 0분,24시 0분,"◆1◆|지상|스탠드형충전기|AC3상 7핀|완속|2|(주)플러그링크|,◆2◆|지하|벽부형충전기|AC3상 7핀|완속|4|(주)클린일렉스|",2,4,없음
A15683901,420,3,미설치,설치,0,10,,입주민전용,시 분,0시 0분,시 분,23시 0분,◆1◆|지하|벽부형충전기|AC단상 5핀|완속|10|에버온|,0,10,없음
A15685201,200,5,설치,설치,0,4,입주민전용,입주민전용,,1시 1분,,12시 1분,"◆1◆|지하|벽부형충전기|직접입력|완속|4|차지비|,◆2◆|지상|스탠드형충전기||완속|4|gs커넥트|",4,4,없음
A15685206,1619,8,설치,설치,8,13,입주민전용,입주민전용,1시 0분,1시 0분,23시 0분,23시 0분,"◆1◆|지하|벽부형충전기|AC단상 5핀|완속|13|sk홈|,◆2◆|지상|벽부형충전기|AC단상 5핀|완속|8|sk홈|",8,13,없음
A15685503,535,20,미설치,미설치,0,0,입주민전용,입주민전용,시 분,시 분,시 분,시 분,,,,없음
A15685702,1106,10,미설치,설치,0,12,,입주민전용,시 분,0시 0분,시 분,23시 0분,◆1◆|지하|벽부형충전기|직접입력|완속|12|홈앤서비스|,0,12,없음
A15701002,274,6,미설치,설치,0,6,,입주민전용,시 분,0시 1분,시 분,23시 59분,◆1◆|지하|벽부형충전기|AC단상 5핀|완속|6|(주)에버온|,0,6,없음
A15701003,3316,28,설치,설치,3,63,입주민전용,입주민전용,23시 59분,23시 59분,23시 59분,23시 59분,"◆1◆|지하|벽부형충전기|AC단상 5핀|완속|2|LGU+|,◆2◆|지상|스탠드형충전기|AC단상 5핀|완속|62|LGU+|,◆3◆|지상|스탠드형충전기|AC단상 5핀|급속|1|LGU+|",63,2,없음
A15701004,258,7,미설치,설치,0,6,,외부인허용,시 분,0시 1분,시 분,23시 59분,"◆1◆|지하|벽부형충전기|AC단상 5핀|완속|6|LG유플러스볼트업|,◆2◆|지하|벽부형충전기|AC단상 5핀|완속|30|스타코프|",0,36,없음
A15701007,3965,80,미설치,설치,0,54,,입주민전용,시 분,0시 0분,시 분,23시 0분,◆1◆|지하|벽부형충전기|AC단상 5핀|완속|54|파워큐브/애버온차지|,0,54,없음
A15701601,262,5,미설치,설치,0,5,,,시 분,9시 0분,시 분,11시 0분,◆1◆|지하|벽부형충전기|AC단상 5핀|완속|5|한국알박|,0,5,없음
A15701602,1959,11,미설치,설치,0,10,입주민전용,입주민전용,시 분,0시 0분,시 분,0시 0분,"◆1◆|지하|벽부형충전기|AC단상 5핀|완속|10|파워큐브|,◆2◆|지하|이동형충전기|AC단상 5핀|완속|10|파워큐브|",0,20,없음
A15703001,240,0,설치,미설치,4,0,외부인허용,,0시 0분,시 분,24시 0분,시 분,"◆1◆|지상|스탠드형충전기|AC단상 5핀|완속|2|(주)플러그링크|,◆2◆|지상|벽부형충전기|AC단상 5핀|완속|2|(주)플러그링크|",4,0,없음
A15703002,300,8,미설치,설치,0,6,,입주민전용,시 분,0시 0분,시 분,23시 0분,◆1◆|지하|벽부형충전기|AC단상 5핀|완속|6|파워큐브|,0,6,없음
A15703004,0,0,미설치,미설치,0,0,,,,,,,,,,없음
A15703005,0,0,미설치,설치,0,5,,입주민전용,시 분,1시 30분,시 분,23시 30분,◆1◆|지하|벽부형충전기|AC단상 5핀|완속|16|타디스테크놀로지|,0,16,없음
A15703204,2867,170,설치,설치,39,15,입주민전용,입주민전용,0시 0분,0시 0분,0시 0분,0시 0분,"◆1◆|지상|스탠드형충전기|AC3상 7핀|급속|4|피킹클라우드 주식회사|,◆2◆|지하|벽부형충전기|AC단상 5핀|완속|15|(주)에버온|,◆3◆|지상|스탠드형충전기|AC단상 5핀|완속|35|파킹클라우드 주식회사|",39,15,없음
A15703301,176,4,설치,미설치,4,0,입주민전용,,0시 0분,시 분,24시 0분,시 분,◆1◆|지상|스탠드형충전기|AC단상 5핀|완속|4|(주)에버온|,4,0,없음
A15703302,14,14,설치,설치,16,5,입주민전용,입주민전용,0시 0분,0시 0분,23시 59분,23시 59분,◆1◆|지하|벽부형충전기|AC3상 7핀|완속|5|파워큐브코리아|,0,5,없음
A15703303,610,21,설치,미설치,11,0,외부인허용,,23시 0분,시 분,23시 0분,시 분,◆1◆|지상|스탠드형충전기|AC단상 5핀|완속|11|홈앤서비스|,11,0,있음
A15703304,360,0,미설치,미설치,0,0,,,시 분,시 분,시 분,시 분,,,,없음
A15703306,553,2,설치,미설치,9,0,입주민전용,,0시 0분,시 분,24시 0분,시 분,◆1◆|지상|스탠드형충전기|AC3상 7핀|완속|9|현대엔지니어링|,9,0,없음
A15703307,9,9,설치,설치,0,7,입주민전용,입주민전용,0시 0분,0시 0분,0시 0분,0시 0분,"◆1◆|지하|벽부형충전기|AC단상 5핀|완속|7|파워코리아|,◆2◆|지상|스탠드형충전기|AC단상 5핀|완속|40|한화솔류션|",40,7,없음
A15703308,960,5,설치,미설치,12,0,외부인허용,,0시 0분,시 분,23시 0분,시 분,"◆1◆|지상|스탠드형충전기|AC단상 5핀|완속|11|서울이브이|,◆2◆|지상|스탠드형충전기|AC단상 5핀|완속|1|플러그링크|",12,0,없음
A15703309,18,13,설치,미설치,18,0,외부인허용,,24시 0분,시 분,18시 0분,시 분,◆1◆|지상|스탠드형충전기|AC단상 5핀|완속|18|현대엔지니어링|,18,0,없음
A15703313,0,0,미설치,미설치,0,0,,,시 분,시 분,시 분,시 분,,,,없음
A15703318,274,0,미설치,미설치,0,0,,,,,,,,,,없음
A15704001,203,4,설치,미설치,4,0,,입주민전용,0시 0분,시 분,24시 0분,시 분,◆1◆|지상|스탠드형충전기|DC콤보 7핀|완속|4|LG유플러스|,4,0,없음
A15704002,187,2,설치,미설치,4,0,,,1시 0분,시 분,24시 0분,시 분,◆1◆|지상|스탠드형충전기|AC단상 5핀|완속|4|엘지유플러스|,4,0,없음
A15704003,204,3,설치,설치,5,5,입주민전용,입주민전용,24시 0분,6시 0분,24시 0분,0시 0분,"◆1◆|지상|스탠드형충전기|AC단상 5핀|완속|5|LG커넥트|,◆2◆|지상|스탠드형충전기|AC단상 5핀|완속|5|LG커넥트|",10,0,없음
A15704006,218,0,설치,미설치,3,0,입주민전용,,23시 59분,시 분,23시 59분,시 분,◆1◆|지상|스탠드형충전기|AC3상 7핀|완속|3|차지비2대현대1대|,3,0,없음
A15704007,275,6,설치,설치,0,6,,입주민전용,0시 0분,24시 0분,0시 0분,23시 59분,◆1◆|지하|벽부형충전기|DC콤보 7핀|완속|6|GS 커넥트|,0,6,없음
A15704009,173,6,설치,미설치,4,0,입주민전용,,0시 0분,시 분,24시 0분,시 분,◆1◆|지상|스탠드형충전기|AC단상 5핀|완속|4|LG유플러스|,4,0,없음
A15704015,9,9,미설치,설치,0,9,,입주민전용,시 분,1시 1분,시 분,24시 59분,◆1◆|지하|벽부형충전기|AC단상 5핀|완속|9|에버온|,0,9,없음
A15704017,403,1,미설치,미설치,0,0,,,시 분,시 분,시 분,시 분,,,,없음
A15704023,519,20,미설치,설치,0,2,,,시 분,0시 0분,시 분,23시 59분,◆1◆|지하|벽부형충전기|AC단상 5핀|완속|2|에버온|,0,2,없음
A15704025,20,20,설치,설치,16,11,,입주민전용,0시 0분,0시 0분,0시 0분,0시 0분,"◆1◆|지하|벽부형충전기|AC단상 5핀|완속|11|한국전기차인프라|,◆2◆|지상|스탠드형충전기|AC단상 5핀|완속|16|한국전기차인프라기술(KIVIT)|",16,11,없음
A15704028,983,5,미설치,설치,0,3,입주민전용,입주민전용,,0시 10분,,23시 50분,"◆1◆|지하|벽부형충전기|AC단상 5핀|완속|16|차지인|,◆2◆|||||||",0,16,없음
A15720001,1230,53,미설치,설치,0,12,,,시 분,0시 0분,시 분,23시 0분,"◆1◆|지하|스탠드형충전기|DC콤보 7핀|완속|1|한국전력|,◆2◆|지하|벽부형충전기|DC콤보 7핀|완속|10|에버온|,◆3◆|지하|스탠드형충전기|AC3상 7핀|급속|1|한국전력|",0,12,없음
A15720101,221,3,설치,설치,2,5,입주민전용,입주민전용,0시 0분,0시 0분,23시 59분,23시 59분,"◆1◆|지상|스탠드형충전기|AC단상 5핀|완속|2|에버온|,◆2◆|지하|벽부형충전기|AC단상 5핀|완속|5|에버온|",2,5,없음
A15721001,251,10,설치,설치,6,2,입주민전용,입주민전용,1시 0분,1시 0분,23시 59분,23시 59분,"◆1◆|지상|벽부형충전기|직접입력|완속|2|에버온|,◆2◆|지하|벽부형충전기|직접입력|완속|2|에버온|,◆3◆|지상|벽부형충전기|직접입력|완속|4|에버온|",6,2,없음
A15721003,295,4,미설치,설치,0,4,,입주민전용,,1시 0분,,24시 0분,◆1◆|지하|벽부형충전기|AC단상 5핀|완속|4|이카플러스|,0,4,없음
A15721004,316,9,설치,미설치,6,0,,,0시 1분,시 분,23시 59분,시 분,◆1◆|지상|스탠드형충전기|AC단상 5핀|완속|6|에버온|,6,0,없음
A15721005,0,0,미설치,설치,0,0,,,,0시 0분,,0시 0분,◆1◆|지하|벽부형충전기|AC단상 5핀|완속|5|차지비|,0,5,없음
A15721006,1757,25,미설치,설치,0,15,,입주민전용,시 분,0시 0분,시 분,23시 59분,"◆1◆|지하|벽부형충전기|AC단상 5핀|완속|10|(주)이지차저|,◆2◆|지하|스탠드형충전기|DC콤보 7핀|급속|1|한국 전력|,◆3◆|지하|스탠드형충전기|AC단상 5핀|완속|4|한국 전력|",0,15,없음
A15721007,1631,35,미설치,설치,0,35,입주민전용,입주민전용,시 분,0시 0분,시 분,0시 0분,◆1◆|지하|스탠드형충전기|AC단상 5핀|완속|35|유니이브이|,0,35,없음
A15721008,587,10,미설치,설치,0,12,,입주민전용,시 분,0시 0분,시 분,0시 0분,◆1◆|지하|벽부형충전기|AC단상 5핀|완속|12|에버온인프라|,0,12,없음
A15721009,534,5,미설치,설치,0,13,,입주민전용,시 분,0시 0분,시 분,23시 0분,◆1◆|지하|벽부형충전기|AC3상 7핀|완속|11|(주)스타코프|,0,11,없음
A15721010,1587,14,미설치,설치,0,10,,입주민전용,시 분,0시 0분,시 분,23시 0분,◆1◆|지하|벽부형충전기|AC단상 5핀|완속|10|파워큐브|,0,10,없음
A15721011,400,12,미설치,설치,0,10,,외부인허용,시 분,1시 1분,시 분,23시 59분,"◆1◆|지하|스탠드형충전기|AC단상 5핀|급속|1|한국전자금융|,◆2◆|지하|스탠드형충전기|AC단상 5핀|완속|9|한국전자금융|",0,10,있음
A15722001,200,3,미설치,설치,0,4,,,,0시 0분,,23시 0분,◆1◆|지하|벽부형충전기|AC단상 5핀|완속|4|한국전기차충전서비스|,0,4,없음
A15722003,356,12,설치,미설치,7,0,입주민전용,,0시 55분,시 분,0시 55분,시 분,◆1◆|지상|스탠드형충전기|AC단상 5핀|완속|7|차지비|,7,0,없음
A15722004,461,6,미설치,설치,0,4,외부인허용,입주민전용,시 분,23시 59분,시 분,23시 59분,◆1◆|지하|벽부형충전기|AC단상 5핀|완속|4|에버온|,0,4,없음
A15722005,417,0,미설치,미설치,0,0,,,시 분,시 분,시 분,시 분,,,,있음
A15722007,190,2,미설치,미설치,0,3,입주민전용,입주민전용,시 분,시 분,시 분,시 분,,,,없음
A15722010,453,7,미설치,설치,0,13,입주민전용,입주민전용,,0시 0분,,23시 59분,◆1◆|지하|벽부형충전기|AC단상 5핀|완속|13|스타코프|,0,13,없음
A15722102,236,4,설치,미설치,4,0,입주민전용,,24시 30분,시 분,24시 30분,시 분,◆1◆|지상|스탠드형충전기|AC3상 7핀|완속|4|에버온|,4,0,없음
A15722104,252,0,설치,미설치,5,0,,,0시 0분,시 분,24시 0분,시 분,◆1◆|지상|스탠드형충전기|AC단상 5핀|완속|5|플러그링크|,5,0,없음
A15722106,383,9,미설치,설치,0,8,,입주민전용,시 분,1시 0분,시 분,24시 0분,◆1◆|지하|벽부형충전기|AC단상 5핀|완속|8|(주)파워큐브코리아|,0,8,없음
A15722108,578,15,미설치,설치,0,13,,입주민전용,시 분,0시 0분,시 분,23시 59분,"◆1◆|지하|벽부형충전기|AC단상 5핀|완속|8|에버온|,◆2◆|지하|벽부형충전기|AC단상 5핀|완속|4|차지비|,◆3◆|지하|스탠드형충전기|AC3상 7핀|급속|1|한전플러스|",0,13,없음
A15722201,229,1,미설치,설치,0,5,입주민전용,입주민전용,시 분,0시 0분,시 분,23시 59분,◆1◆|지하|벽부형충전기|직접입력|완속|5|울박|,0,5,없음
A15722203,177,4,설치,미설치,4,0,입주민전용,,1시 0분,시 분,1시 0분,시 분,◆1◆|지상|스탠드형충전기|AC단상 5핀|완속|4|현대엔지니어링|,4,0,없음
A15722204,363,13,미설치,설치,0,6,,입주민전용,시 분,0시 0분,시 분,0시 0분,◆1◆|지하|벽부형충전기|AC단상 5핀|급속|6|에버 온(주)|,0,6,없음
A15722304,244,2,미설치,설치,0,2,,입주민전용,시 분,24시 0분,시 분,24시 0분,◆1◆|지하|스탠드형충전기|AC3상 7핀|완속|2|(주)차지비|,0,2,있음
A15722306,364,5,미설치,설치,0,3,,입주민전용,시 분,0시 0분,시 분,23시 59분,◆1◆|지하|벽부형충전기|직접입력|완속|6|플러그링크|,0,6,없음
A15722307,371,6,설치,미설치,6,0,입주민전용,,0시 0분,시 분,24시 0분,시 분,◆1◆|지상|스탠드형충전기|AC단상 5핀|완속|6|플러그링크|,6,0,있음
A15722314,486,0,미설치,설치,0,8,,입주민전용,시 분,0시 0분,시 분,0시 0분,◆1◆|지하|벽부형충전기|AC3상 7핀|완속|8|(주)에버온|,0,8,없음
A15728002,405,12,설치,설치,8,11,외부인허용,입주민전용,23시 59분,23시 59분,23시 59분,23시 59분,"◆1◆|지하|스탠드형충전기|DC콤보 7핀|급속|1|아이파킹|,◆2◆|지하|벽부형충전기|DC콤보 7핀|완속|9|파워큐브,파워큐브|,◆3◆|지하|스탠드형충전기|DC콤보 7핀|완속|1|아이파킹|,◆4◆|지상|스탠드형충전기|DC콤보 7핀|완속|8|아이파킹|",8,11,없음
A15728003,667,9,미설치,설치,0,15,,외부인허용,시 분,0시 0분,시 분,0시 0분,"◆1◆|지하|스탠드형충전기|AC단상 5핀|완속|1|한전|,◆2◆|지하|스탠드형충전기|AC단상 5핀|급속|1|한전|,◆3◆|지하|벽부형충전기|AC단상 5핀|완속|3|에버원|,◆4◆|지하|벽부형충전기|AC단상 5핀|완속|9|이지차저|",0,14,없음
A15728004,743,15,미설치,설치,0,15,,입주민전용,시 분,0시 0분,시 분,23시 59분,"◆1◆|지하|벽부형충전기|AC단상 5핀|완속|4|(주)차지비|,◆2◆|지하|벽부형충전기|AC단상 5핀|완속|6|이지차저|,◆3◆|지하|벽부형충전기|AC단상 5핀|완속|5|(주)차지비|",0,15,없음
A15728005,727,10,미설치,설치,0,22,,,시 분,1시 1분,시 분,24시 0분,"◆1◆|지하|스탠드형충전기|직접입력|급속|1|한전강서지점|,◆2◆|지하|스탠드형충전기|직접입력|완속|21|한전강서지점|",0,22,있음
A15728006,1094,5,미설치,설치,0,15,,,시 분,0시 0분,시 분,23시 59분,◆1◆|지하|벽부형충전기|직접입력|완속|15|파워큐브코리아|,0,15,없음
A15728007,979,15,미설치,설치,0,13,,외부인허용,시 분,0시 0분,시 분,0시 0분,"◆1◆|지하|스탠드형충전기|AC3상 7핀|급속|1|한국전력|,◆2◆|지하|벽부형충전기|DC콤보 7핀|완속|27|파워큐브|,◆3◆|지하|스탠드형충전기|DC콤보 7핀|완속|12|에버온|",0,40,없음
A15728008,1268,13,미설치,설치,0,31,,외부인허용,시 분,0시 1분,시 분,23시 59분,"◆1◆|지하|벽부형충전기|AC단상 5핀|완속|28|gs커넥트|,◆2◆|지하|스탠드형충전기|AC단상 5핀|급속|1|gs커넥트|,◆3◆|지하|스탠드형충전기|AC단상 5핀|완속|2|gs커넥트|",0,31,없음
A15728009,3100,32,설치,설치,15,41,외부인허용,입주민전용,0시 0분,0시 0분,23시 59분,23시 59분,"◆1◆|지상|스탠드형충전기|AC3상 7핀|완속|15|한국전기차인프라기술|,◆2◆|지하|벽부형충전기|AC3상 7핀|완속|41|한국전기차인프라기술|",15,41,없음
A15728010,160,0,미설치,설치,0,4,,,시 분,0시 0분,시 분,0시 0분,◆1◆|지하|벽부형충전기|AC3상 7핀|급속|4|홈앤서비스|,0,4,없음
A15728011,1502,17,미설치,설치,0,28,,,,0시 0분,,23시 0분,◆1◆|지하|벽부형충전기|AC단상 5핀|완속|28|에버온&타기온|,0,28,없음
A15770101,222,3,미설치,설치,0,5,,입주민전용,시 분,0시 0분,시 분,23시 0분,◆1◆|지하|벽부형충전기|AC단상 5핀|완속|5|(주)엘지유플러스|,0,5,없음
A15770801,581,5,미설치,설치,0,2,,입주민전용,시 분,0시 0분,시 분,23시 59분,◆1◆|지하|스탠드형충전기|직접입력|급속|1|kt|,0,1,없음
A15773501,332,2,설치,설치,6,6,입주민전용,입주민전용,23시 59분,23시 59분,23시 59분,23시 59분,"◆1◆|지상|스탠드형충전기|직접입력|완속|6|플러그링크|,◆2◆|지하|벽부형충전기|AC3상 7핀|완속|6|이지차저|",6,6,없음
A15774708,314,0,설치,미설치,9,0,입주민전용,,0시 0분,시 분,24시 0분,시 분,◆1◆|지상|스탠드형충전기|직접입력|완속|9|나이스인프라|,9,0,없음
A15776001,270,2,미설치,설치,0,5,,,시 분,0시 0분,시 분,23시 23분,◆1◆|지하|벽부형충전기|DC콤보 7핀|완속|5|G차저|,0,5,없음
A15776414,0,0,설치,미설치,7,0,입주민전용,,0시 0분,시 분,24시 0분,시 분,◆1◆|지상|스탠드형충전기|AC단상 5핀|완속|7|(주)큐브이앤씨|,7,0,없음
A15776617,344,2,설치,미설치,7,0,외부인허용,입주민전용,0시 0분,시 분,24시 0분,시 분,◆1◆|지상|스탠드형충전기|AC단상 5핀|초급속|7|나이스차저|,7,0,없음
A15776715,352,1,미설치,미설치,0,0,,,시 분,시 분,시 분,시 분,,,,없음
A15776916,0,0,미설치,미설치,0,0,,,시 분,시 분,시 분,시 분,,,,없음
A15777501,802,0,설치,설치,10,9,외부인허용,입주민전용,24시 0분,24시 0분,24시 0분,0시 0분,"◆1◆|지상|스탠드형충전기|AC단상 5핀|완속|10|서울씨엔지|,◆2◆|지하|벽부형충전기|AC단상 5핀|완속|9|(주)GS커넥트|",10,9,없음
A15778101,780,25,미설치,설치,0,18,,입주민전용,시 분,0시 1분,시 분,23시 59분,"◆1◆|지하|벽부형충전기|DC콤보 7핀|완속|10|에버온|,◆2◆|지하|스탠드형충전기|DC콤보 7핀|완속|8|에버온|",0,18,없음
A15779704,255,0,미설치,미설치,0,0,,,시 분,시 분,시 분,시 분,,,,없음
A15780002,212,0,설치,미설치,6,0,,,0시 0분,시 분,0시 0분,시 분,"◆1◆|지상|벽부형충전기|AC단상 5핀|완속|1|에버온|,◆2◆|지상|스탠드형충전기|AC단상 5핀|완속|5|에버온|",6,0,없음
A15780401,744,16,미설치,설치,0,6,,입주민전용,시 분,0시 0분,시 분,23시 59분,◆1◆|지하|벽부형충전기|AC단상 5핀|완속|6|이지차저|,0,6,없음
A15780602,298,6,설치,설치,4,2,입주민전용,입주민전용,0시 0분,0시 0분,0시 0분,0시 0분,"◆1◆|지상|벽부형충전기|직접입력|완속|2|대영채비(주)|,◆2◆|지상|스탠드형충전기|직접입력|완속|2|대영채비(주)|,◆3◆|지하|벽부형충전기|직접입력|완속|2|(주)에버온|",4,2,없음
A15780603,1300,6,미설치,설치,0,6,,입주민전용,시 분,0시 0분,시 분,24시 0분,◆1◆|지하|벽부형충전기|직접입력|완속|6|무|,0,6,없음
A15780604,1340,30,설치,미설치,4,0,외부인허용,,0시 0분,시 분,23시 0분,시 분,◆1◆|지상|스탠드형충전기|AC단상 5핀|완속|4|차지비|,4,0,없음
A15780605,1298,16,설치,설치,12,3,,,0시 1분,0시 1분,23시 59분,23시 59분,"◆1◆|지하|벽부형충전기|직접입력|완속|3|(주)엘엔테크|,◆2◆|지상|스탠드형충전기|DC차데모 10핀|급속|1|(주)아이파킹|,◆3◆|지상|스탠드형충전기|AC단상 5핀|완속|12|(주)아이파킹|",13,3,없음
A15780701,321,7,미설치,설치,6,7,외부인허용,,시 분,24시 1분,시 분,24시 1분,◆1◆|지하|벽부형충전기|AC단상 5핀|완속|7|한국전기차인프라기술|,0,7,없음
A15780703,912,41,미설치,설치,0,18,,입주민전용,시 분,0시 0분,시 분,23시 0분,◆1◆|지하|벽부형충전기|AC단상 5핀|완속|18|pluglink|,0,18,없음
A15780704,1181,13,설치,설치,8,5,,입주민전용,0시 0분,0시 0분,0시 0분,0시 0분,"◆1◆|지상|스탠드형충전기|AC단상 5핀|완속|8|LG유플러스|,◆2◆|지하|벽부형충전기|AC단상 5핀|완속|5|LG유플러스|",8,5,없음
A15780705,721,0,설치,미설치,9,0,입주민전용,,24시 0분,시 분,24시 0분,시 분,◆1◆|지상|스탠드형충전기|AC단상 5핀|완속|9|가양4단지관리사무소|,9,0,없음
A15780806,783,1,설치,설치,10,2,,입주민전용,24시 0분,24시 0분,24시 0분,24시 0분,◆1◆|지상|스탠드형충전기|AC단상 5핀|완속|10|에버온|,10,0,없음
A15780904,868,5,설치,미설치,7,0,입주민전용,입주민전용,1시 1분,시 분,23시 59분,시 분,◆1◆|지상|스탠드형충전기|직접입력|완속|9|플러그링크|,9,0,없음
A15780905,677,0,미설치,미설치,0,0,,,시 분,시 분,시 분,시 분,,,,없음
A15781002,530,19,미설치,설치,0,5,입주민전용,입주민전용,시 분,0시 0분,시 분,23시 59분,◆1◆|지하|벽부형충전기|AC단상 5핀|완속|5|플러그링크|,0,5,있음
A15781003,0,0,미설치,미설치,0,0,,,시 분,시 분,시 분,시 분,,,,없음
A15781201,253,3,설치,미설치,5,0,입주민전용,,0시 0분,시 분,23시 59분,시 분,◆1◆|지상|벽부형충전기|AC단상 5핀|완속|5|이지차저|,5,0,없음
A15782501,206,3,미설치,설치,0,5,외부인허용,외부인허용,시 분,12시 0분,시 분,12시 0분,◆1◆|지하|벽부형충전기|AC단상 5핀|완속|5|(주)차지비|,0,5,없음
A15783701,206,5,미설치,설치,0,4,외부인허용,입주민전용,시 분,24시 0분,시 분,24시 0분,"◆1◆|지하|이동형충전기|AC단상 5핀|완속|16|(주)파워큐브코리아|,◆2◆|지하|벽부형충전기|DC콤보 7핀|완속|4|엘지유플러스|",0,20,없음
A15783703,288,14,미설치,설치,0,6,,,시 분,23시 59분,시 분,23시 59분,◆1◆|지하|벽부형충전기|AC단상 5핀|완속|6|(주)에버온|,0,6,없음
A15783806,358,2,설치,설치,4,3,,입주민전용,0시 0분,0시 0분,0시 0분,0시 0분,"◆1◆|지하|벽부형충전기|DC콤보 7핀|완속|3|지엔텔|,◆2◆|지상|스탠드형충전기|DC콤보 7핀|완속|4|지엔텔|",4,3,없음
A15783902,232,3,미설치,설치,0,3,,,시 분,0시 0분,시 분,23시 0분,◆1◆|지하|벽부형충전기|AC단상 5핀|완속|3|(주)에버온|,0,3,없음
A15783905,276,7,설치,미설치,0,3,입주민전용,,0시 1분,시 분,23시 59분,시 분,"◆1◆|지상|스탠드형충전기|AC단상 5핀|완속|3|차지인|,◆2◆|지상|스탠드형충전기|AC단상 5핀|완속|2|차지인(과금형콘센트|",5,0,없음
A15783907,399,14,설치,설치,10,4,,입주민전용,1시 0분,1시 0분,23시 59분,23시 59분,"◆1◆|지상|스탠드형충전기|AC단상 5핀|완속|10|(주)파워큐브코리아|,◆2◆|지하|벽부형충전기|AC단상 5핀|완속|4|지에스커넥트(주)|",10,4,없음
A15784003,0,0,미설치,미설치,0,0,,,시 분,시 분,시 분,시 분,,,,없음
A15784008,495,5,미설치,설치,0,10,,외부인허용,시 분,0시 0분,시 분,23시 59분,◆1◆|지하|벽부형충전기|AC3상 7핀|완속|10|플러그링크|,0,10,없음
A15784201,196,0,미설치,미설치,0,0,,,시 분,시 분,시 분,시 분,,,,없음
A15784402,235,0,미설치,미설치,0,0,,,시 분,시 분,시 분,시 분,,,,없음
A15784601,0,0,미설치,설치,0,4,입주민전용,입주민전용,시 분,0시 0분,시 분,23시 59분,◆1◆|지하|벽부형충전기|AC단상 5핀|완속|4|(주)클린일렉스|,0,4,없음
A15785002,0,0,미설치,미설치,0,0,,,시 분,시 분,시 분,시 분,,,,없음
A15785005,0,0,설치,미설치,5,0,외부인허용,,0시 0분,시 분,23시 59분,시 분,◆1◆|지상|스탠드형충전기|AC단상 5핀|완속|5|(주)에버온|,5,0,없음
A15785507,317,0,설치,미설치,6,0,외부인허용,,24시 0분,시 분,24시 0분,시 분,◆1◆|지상|스탠드형충전기|직접입력|완속|6|LG유플러스|,6,0,있음
A15785601,196,0,설치,미설치,5,0,입주민전용,,9시 30분,시 분,21시 30분,시 분,◆1◆|지상|벽부형충전기|AC단상 5핀|완속|5|(주) 차지비|,5,0,없음
A15785605,91,0,미설치,미설치,0,0,,,시 분,시 분,시 분,시 분,,,,없음
A15785608,700,4,미설치,설치,0,6,,입주민전용,시 분,0시 0분,시 분,23시 59분,◆1◆|지하|벽부형충전기|AC단상 5핀|완속|6|에버온|,0,6,없음
A15785612,327,4,설치,설치,2,3,입주민전용,입주민전용,2시 30분,2시 30분,23시 30분,23시 30분,"◆1◆|지하|스탠드형충전기|AC단상 5핀|완속|3|레드이엔지|,◆2◆|지상|스탠드형충전기|AC단상 5핀|완속|2|플러그링크|",2,3,없음
A15785613,1000,0,설치,미설치,27,0,입주민전용,,23시 30분,시 분,23시 30분,시 분,"◆1◆|지상|스탠드형충전기|AC단상 5핀|급속|1|(주)콜린일렉스앤컴|,◆2◆|지상|벽부형충전기|AC단상 5핀|완속|26|(주)콜린일렉스앤컴|",27,0,없음
A15785703,250,2,미설치,설치,0,5,,입주민전용,,0시 0분,,0시 0분,◆1◆|지하|벽부형충전기|AC단상 5핀|완속|5|플러그링크|,0,5,없음
A15785709,0,7,설치,미설치,7,0,입주민전용,,0시 0분,시 분,24시 0분,시 분,◆1◆|지상|스탠드형충전기|AC단상 5핀|완속|7|나이스차저|,7,0,없음
A15785710,1065,21,미설치,설치,0,20,,외부인허용,시 분,0시 1분,시 분,23시 59분,"◆1◆|지하|벽부형충전기|AC단상 5핀|완속|9|에버온|,◆2◆|지하|벽부형충전기|AC3상 7핀|완속|11|에버온|",0,20,없음
A15785711,778,11,설치,미설치,8,0,외부인허용,,24시 0분,시 분,24시 0분,시 분,◆1◆|지상|스탠드형충전기|AC단상 5핀|완속|8|서울 ev|,8,0,없음
A15785919,370,4,미설치,미설치,0,0,,,시 분,시 분,시 분,시 분,,,,없음
A15786104,210,3,미설치,설치,0,3,,입주민전용,시 분,0시 0분,시 분,24시 0분,◆1◆|지하|스탠드형충전기|AC단상 5핀|완속|3|파워큐브|,0,3,없음
A15786111,315,3,미설치,설치,0,2,입주민전용,입주민전용,시 분,0시 0분,시 분,23시 59분,◆1◆|지하|벽부형충전기|AC단상 5핀|완속|2|aaaa|,0,2,없음
A15786116,332,9,미설치,설치,0,10,,입주민전용,시 분,24시 1분,시 분,24시 1분,◆1◆|지하|벽부형충전기|직접입력|완속|10|(주)에버온|,0,10,없음
A15786118,377,17,설치,설치,3,4,입주민전용,입주민전용,23시 59분,23시 59분,23시 59분,23시 59분,"◆1◆|지상|스탠드형충전기|AC단상 5핀|완속|3|홈앤서비스|,◆2◆|지상|벽부형충전기|직접입력|완속|4|홈앤서비스|",7,0,없음
A15786213,320,10,설치,미설치,6,0,입주민전용,,0시 0분,시 분,24시 0분,시 분,◆1◆|지상|스탠드형충전기|AC단상 5핀|완속|6|에버온|,6,0,없음
A15786222,390,5,설치,설치,6,5,입주민전용,입주민전용,0시 0분,0시 0분,24시 0분,24시 0분,"◆1◆|지상|스탠드형충전기|AC단상 5핀|완속|6|(주)플러그링크|,◆2◆|지하|벽부형충전기|AC단상 5핀|완속|5|LG헬로비전|",6,5,없음
A15786227,695,4,미설치,설치,6,8,,입주민전용,시 분,23시 0분,시 분,23시 0분,◆1◆|지하|벽부형충전기|AC단상 5핀|완속|14|서울씨엔지|,0,14,없음
A15786312,256,5,미설치,설치,0,5,외부인허용,입주민전용,시 분,0시 0분,시 분,23시 59분,◆1◆|지하|벽부형충전기|직접입력|완속|5|이지차저|,0,5,없음
A15786314,335,0,설치,미설치,7,0,입주민전용,,0시 0분,시 분,24시 0분,시 분,◆1◆|지상|벽부형충전기|AC단상 5핀|완속|7|에버온|,7,0,없음
A15786321,4,4,설치,미설치,7,0,,,24시 0분,시 분,23시 59분,시 분,"◆1◆|지상|스탠드형충전기|DC콤보 7핀|급속|1|파킹클라우드(주)|,◆2◆|지상|스탠드형충전기|AC단상 5핀|완속|6|파킹클라우드(주)|",7,0,없음
A15786405,222,3,미설치,미설치,0,0,,,시 분,시 분,시 분,시 분,,,,없음
A15786408,286,6,미설치,설치,0,6,,외부인허용,시 분,0시 0분,시 분,23시 0분,◆1◆|지하|벽부형충전기|AC단상 5핀|완속|6|(주)이지차저|,0,6,없음
A15786420,420,6,미설치,설치,0,6,,외부인허용,시 분,0시 0분,시 분,23시 59분,◆1◆|지하|벽부형충전기|AC단상 5핀|완속|6|차지비|,0,6,없음
A15786424,508,3,미설치,설치,0,10,,입주민전용,시 분,9시 0분,시 분,9시 0분,◆1◆|지하|벽부형충전기|AC단상 5핀|완속|10|(주)차지비|,0,10,없음
A15786426,582,5,미설치,설치,0,5,,외부인허용,시 분,0시 0분,시 분,0시 0분,◆1◆|지하|벽부형충전기|AC3상 7핀|완속|5|(주)에버온인프라|,0,5,없음
A15786510,305,10,미설치,설치,0,9,,외부인허용,시 분,0시 1분,시 분,23시 50분,◆1◆|지하|벽부형충전기|AC단상 5핀|완속|9|신청중|,0,9,없음
A15788203,0,0,미설치,미설치,0,0,,,시 분,시 분,시 분,시 분,,,,없음
A15788302,362,8,설치,미설치,8,0,입주민전용,,0시 0분,시 분,0시 24분,시 분,◆1◆|지상|스탠드형충전기|AC3상 7핀|완속|8|(주)차지비|,8,0,없음
A15788901,231,3,설치,미설치,3,0,입주민전용,,24시 0분,시 분,24시 0분,시 분,◆1◆|지상|스탠드형충전기|AC3상 7핀|완속|3|(주)차지비|,3,0,없음
A15791001,238,3,미설치,설치,0,5,,입주민전용,시 분,23시 59분,시 분,23시 59분,◆1◆|지하|벽부형충전기|AC단상 5핀|완속|9|차지인|,0,9,없음
A15792602,3955,98,설치,설치,74,84,,,0시 0분,0시 0분,23시 59분,23시 59분,"◆1◆|지하|벽부형충전기|AC3상 7핀|완속|84|이지차저|,◆2◆|지상|스탠드형충전기|AC3상 7핀|초급속|10|아이파킹|,◆3◆|지상|스탠드형충전기|AC3상 7핀|완속|64|아이파킹|",74,84,없음
A15805002,2056,51,설치,미설치,27,0,입주민전용,입주민전용,24시 0분,시 분,24시 0분,시 분,"◆1◆|지상|스탠드형충전기|AC단상 5핀|완속|25|(주)LG유플러스|,◆2◆|지상|스탠드형충전기|DC콤보 7핀|급속|2|채비(주)|",27,0,없음
A15805003,2900,40,미설치,미설치,24,0,,,시 분,시 분,시 분,시 분,,,,없음
A15805101,0,2,미설치,설치,0,6,,,시 분,24시 0분,시 분,24시 0분,◆1◆|지하|벽부형충전기|AC단상 5핀|완속|6|지에스커넥트|,0,6,없음
A15805102,212,3,미설치,미설치,0,0,,,시 분,시 분,시 분,시 분,,,,없음
A15805105,250,6,미설치,설치,0,4,,입주민전용,시 분,0시 0분,시 분,0시 0분,◆1◆|지하|벽부형충전기|AC단상 5핀|완속|4|플러그링크|,0,4,없음
A15805109,302,0,미설치,미설치,0,0,,,,,,,,,,없음
A15805111,1185,33,미설치,설치,0,23,,입주민전용,시 분,0시 0분,시 분,23시 59분,"◆1◆|지하|벽부형충전기|AC3상 7핀|완속|5|에버온|,◆2◆|지하|벽부형충전기|AC3상 7핀|완속|3|한국전력|,◆3◆|지하|벽부형충전기|AC3상 7핀|급속|1|한국전력|,◆4◆|지하|벽부형충전기|AC3상 7핀|완속|9|에버온|",0,18,없음
A15805114,1823,30,설치,미설치,38,0,입주민전용,,0시 0분,시 분,24시 0분,시 분,"◆1◆|지상|벽부형충전기|AC단상 5핀|완속|5|G커넥트,이지차저|,◆2◆|지상|벽부형충전기|AC단상 5핀|완속|33|이지차저|",38,0,없음
A15805115,3050,80,설치,미설치,26,0,입주민전용,,5시 1분,시 분,23시 59분,시 분,"◆1◆|지상|스탠드형충전기|AC단상 5핀|완속|14|NICE인프라(주)|,◆2◆|지상|스탠드형충전기|AC단상 5핀|완속|12|LGU+|",26,0,없음
A15805202,542,8,미설치,설치,0,11,,입주민전용,시 분,1시 0분,시 분,23시 0분,"◆1◆|지하|벽부형충전기|AC단상 5핀|완속|6|지에스커넥터|,◆2◆|지하|벽부형충전기|AC단상 5핀|완속|5|(주)클린일렉스|",0,11,없음
A15805203,355,4,설치,미설치,6,0,,입주민전용,24시 분,시 분,,시 분,◆1◆|지상|스탠드형충전기|AC단상 5핀|완속|||,,0,없음
A15805301,517,9,미설치,설치,0,10,,입주민전용,시 분,0시 0분,시 분,23시 59분,"◆1◆|지하|벽부형충전기|AC3상 7핀|완속|8|지커넥트|,◆2◆|지하|벽부형충전기|AC3상 7핀|완속|56|스타코프 등|",0,64,없음
A15805302,528,5,설치,설치,7,2,,입주민전용,0시 0분,0시 0분,0시 0분,0시 0분,◆1◆|지하|벽부형충전기|AC3상 7핀|완속|9|퍼스트텔레콤|,0,9,없음
A15805303,1480,29,미설치,설치,0,29,,입주민전용,시 분,0시 0분,시 분,0시 24분,◆1◆|지하|벽부형충전기|AC3상 7핀|완속|29|GS커넥트|,0,29,없음
A15805403,565,2,미설치,설치,0,4,,입주민전용,시 분,0시 1분,시 분,23시 59분,◆1◆|지하|벽부형충전기|직접입력|완속|4|(주)이지차저|,0,4,없음
A15805404,694,9,미설치,설치,0,14,입주민전용,입주민전용,시 분,0시 0분,시 분,0시 0분,"◆1◆|지하|벽부형충전기|AC단상 5핀|완속|4|(주)에버온|,◆2◆|지하|벽부형충전기|AC단상 5핀|완속|9|(주)타티스테크놀로|,◆3◆|지하|벽부형충전기|AC단상 5핀|완속|1|한국전기차충전서비스|",0,14,없음
A15805501,380,6,미설치,설치,0,6,,,시 분,1시 0분,시 분,23시 59분,◆1◆|지하|벽부형충전기|AC단상 5핀|완속|6|한전|,0,6,없음
A15805502,542,13,미설치,설치,0,13,,,시 분,0시 0분,시 분,0시 0분,◆1◆|지하|벽부형충전기|직접입력|완속|13|전기차인프라서비스사|,0,13,없음
A15805503,0,0,미설치,미설치,0,0,,,시 분,시 분,시 분,시 분,,,,없음
A15805504,2999,0,미설치,미설치,0,0,,,시 분,시 분,시 분,시 분,,,,없음
A15807001,400,17,설치,설치,8,5,입주민전용,입주민전용,23시 0분,23시 0분,23시 0분,23시 0분,"◆1◆|지상|스탠드형충전기|AC단상 5핀|완속|5|한국전기차충전서비스(주)|,◆2◆|지하|벽부형충전기|AC3상 7핀|완속|5|(주)에버온인프라|,◆3◆|지상|스탠드형충전기|AC단상 5핀|완속|3|(주)에버온|",8,5,없음
A15807002,926,15,미설치,미설치,0,0,,,시 분,시 분,시 분,시 분,,,,없음
A15807003,250,30,미설치,설치,0,5,,입주민전용,시 분,0시 0분,시 분,23시 59분,"◆1◆|지하|벽부형충전기|AC단상 5핀|완속|5|한국알박|,◆2◆|지하|벽부형충전기|AC단상 5핀|완속|2|플러그링크|",0,7,없음
A15807004,0,4,설치,설치,6,8,입주민전용,입주민전용,24시 0분,24시 0분,24시 0분,24시 0분,"◆1◆|지상|스탠드형충전기|직접입력|급속|1|현대엔지니어링|,◆2◆|지상|스탠드형충전기|직접입력|완속|6|현대엔지니어링|,◆3◆|지상|벽부형충전기|직접입력|완속|8|현대엔지니어링|",15,0,있음
A15807101,3000,88,미설치,미설치,0,0,입주민전용,,시 분,시 분,시 분,시 분,,,,없음
A15807202,270,11,미설치,설치,0,7,,입주민전용,시 분,0시 0분,시 분,23시 0분,"◆1◆|지하|벽부형충전기|AC단상 5핀|완속|7|주식회사차지비|,◆2◆|지하|벽부형충전기|AC단상 5핀|완속|6|플러그링크|",0,13,없음
A15807204,267,1,미설치,설치,0,4,,외부인허용,시 분,23시 30분,시 분,23시 30분,◆1◆|지하|벽부형충전기|AC단상 5핀|완속|4|(주)에버온|,0,4,없음
A15807205,374,4,미설치,설치,0,5,,입주민전용,시 분,9시 0분,시 분,11시 0분,◆1◆|지하|스탠드형충전기|AC단상 5핀|완속|5|(주)파워큐브코리아|,0,5,없음
A15807208,617,0,미설치,미설치,0,0,입주민전용,입주민전용,시 분,시 분,시 분,시 분,,,,없음
A15807210,845,0,미설치,미설치,0,0,,,시 분,시 분,시 분,시 분,,,,없음
A15807211,1800,20,미설치,미설치,0,8,,,시 분,시 분,시 분,시 분,,,,없음
A15807306,562,10,설치,미설치,6,0,입주민전용,,0시 0분,시 분,0시 0분,시 분,◆1◆|지상|스탠드형충전기|AC단상 5핀|완속|6|한국전자금융|,6,0,없음
A15807311,705,10,설치,설치,3,10,입주민전용,입주민전용,24시 0분,0시 0분,24시 0분,23시 59분,◆1◆|지하|벽부형충전기|AC단상 5핀|완속|10|스타코프|,0,10,없음
A15807313,0,1,미설치,설치,0,7,,입주민전용,시 분,0시 24분,시 분,0시 24분,◆1◆|지하|벽부형충전기|AC단상 5핀|완속|7|에버온|,0,7,없음
A15807315,9,15,미설치,설치,0,9,입주민전용,입주민전용,시 분,0시 23분,시 분,0시 23분,"◆1◆|지하|벽부형충전기|AC단상 5핀|완속|7|에버온7|,◆2◆|지하|스탠드형충전기|AC단상 5핀|완속|2|한전2|",0,9,없음
A15807316,816,0,설치,미설치,10,0,입주민전용,,0시 0분,시 분,24시 0분,시 분,◆1◆|지상|스탠드형충전기|AC단상 5핀|완속|10|플러그링크|,10,0,없음
A15807601,434,4,미설치,설치,0,5,,입주민전용,시 분,0시 0분,시 분,0시 0분,"◆1◆|지하|벽부형충전기|AC단상 5핀|완속|5|차지비|,◆2◆|지하|이동형충전기|AC단상 5핀|완속|20|스타코프|",0,25,있음
A15807603,788,23,미설치,설치,0,10,,입주민전용,시 분,1시 0분,시 분,23시 59분,"◆1◆|지하|벽부형충전기|DC콤보 7핀|완속|8|에버온|,◆2◆|지하|벽부형충전기|직접입력|완속|42|스타코프|,◆3◆|지하|이동형충전기|직접입력|완속|24|파워큐브|,◆4◆|지하|스탠드형충전기|DC콤보 7핀|급속|1|한전|,◆5◆|지하|스탠드형충전기|DC차데모 10핀|완속|1|한전|,◆6◆|지하|이동형충전기|직접입력|완속|37|메니지온|",0,113,있음
A15807604,1,10,미설치,설치,0,5,,외부인허용,시 분,1시 10분,시 분,23시 10분,◆1◆|지하|벽부형충전기|AC단상 5핀|완속|10|지엔텔|,0,10,없음
A15807605,3768,33,미설치,미설치,0,0,,,시 분,시 분,시 분,시 분,,,,없음
A15807606,4080,7,미설치,미설치,38,0,,,시 분,시 분,시 분,시 분,,,,없음
A15807701,350,4,미설치,설치,0,9,,입주민전용,시 분,24시 0분,시 분,24시 0분,◆1◆|지하|벽부형충전기|직접입력|완속|9|파워큐브|,0,9,없음
A15807702,459,3,미설치,설치,0,10,,입주민전용,시 분,0시 0분,시 분,23시 0분,◆1◆|지하|벽부형충전기|AC단상 5핀|완속|10|(주)파워큐브코리아|,0,10,없음
A15807703,1574,0,미설치,설치,0,0,입주민전용,입주민전용,시 분,0시 0분,시 분,0시 0분,◆1◆|지하|벽부형충전기|AC단상 5핀|완속|7|파워큐브 코리아|,0,7,없음
A15807704,564,2,설치,미설치,9,0,외부인허용,입주민전용,24시 0분,시 분,24시 0분,시 분,◆1◆|지상|스탠드형충전기|AC단상 5핀|완속|9|에버온|,9,0,없음
A15807705,550,15,설치,미설치,15,0,외부인허용,,0시 0분,시 분,24시 0분,시 분,◆1◆|지상|스탠드형충전기|AC단상 5핀|완속|15|서울도시가스|,15,0,있음
A15807706,1941,17,미설치,미설치,0,0,외부인허용,,시 분,시 분,시 분,시 분,,,,없음
A15807707,2001,7,설치,설치,21,5,입주민전용,입주민전용,,0시 0분,,23시 0분,"◆1◆|지하|벽부형충전기|AC단상 5핀|완속|5|레드이엔지|,◆2◆|지상|스탠드형충전기|AC단상 5핀|완속|21|에버온|",21,5,없음
A15809001,157,12,설치,설치,4,3,,입주민전용,,0시 0분,,23시 59분,"◆1◆|지상|스탠드형충전기|AC단상 5핀|완속|4|플러그링크|,◆2◆|지하|벽부형충전기|AC단상 5핀|완속|3|휴맥스이브이|",4,3,없음
A15809002,586,8,미설치,설치,13,0,,입주민전용,시 분,24시 0분,시 분,24시 0분,◆1◆|지하|벽부형충전기|AC단상 5핀|완속|13|이지차저|,0,13,있음
A15809201,218,9,설치,설치,79,119,외부인허용,입주민전용,24시 0분,24시 0분,24시 0분,24시 0분,"◆1◆|지하|벽부형충전기|AC3상 7핀|완속|2|GS컨넥트|,◆2◆|지상|스탠드형충전기|AC3상 7핀|완속|4|GS컨넥트|",4,2,없음
A15809401,212,7,미설치,설치,0,4,입주민전용,입주민전용,시 분,24시 0분,시 분,24시 0분,◆1◆|지하|벽부형충전기|AC단상 5핀|완속|4|(주)에버온|,0,4,없음
A15809402,308,2,미설치,설치,0,5,입주민전용,입주민전용,시 분,0시 0분,시 분,23시 0분,◆1◆|지하|벽부형충전기|직접입력|완속|5|홈앤서비스|,0,5,없음
A15809403,380,10,미설치,설치,0,8,입주민전용,입주민전용,시 분,0시 0분,시 분,23시 59분,◆1◆|지하|벽부형충전기|AC단상 5핀|완속|8|홈앤서비스|,0,8,없음
A15809502,269,4,미설치,설치,0,5,,입주민전용,시 분,0시 0분,시 분,0시 0분,◆1◆|지하|벽부형충전기|직접입력|완속|5|(주)차지비|,0,5,없음
A15809601,0,0,설치,미설치,4,0,,,0시 0분,시 분,24시 0분,시 분,◆1◆|지상|벽부형충전기|AC단상 5핀|완속|||,,0,없음
A15809603,553,0,설치,미설치,9,0,,입주민전용,24시 0분,시 분,24시 0분,시 분,◆1◆|지상|벽부형충전기|AC단상 5핀|완속|9|이브이시스(주)|,9,0,없음
A15809702,8,8,설치,미설치,8,0,,,0시 0분,시 분,24시 0분,시 분,◆1◆|지상|벽부형충전기|직접입력|완속|8|차지비|,8,0,없음
A15870101,1193,54,설치,미설치,30,0,입주민전용,,0시 0분,시 분,23시 29분,시 분,"◆1◆|지상|벽부형충전기|AC단상 5핀|완속|10|에버온|,◆2◆|지상|이동형충전기|AC단상 5핀|완속|10|파워큐브|,◆3◆|지상|벽부형충전기|AC단상 5핀|완속|10|파워큐브|",30,0,없음
A15870102,303,0,미설치,미설치,4,0,입주민전용,입주민전용,시 분,시 분,시 분,시 분,,,,있음
A15870701,559,5,설치,설치,2,10,,,0시 0분,0시 0분,0시 0분,0시 0분,"◆1◆|지하|벽부형충전기|직접입력|완속|5|(주)이앤에이치에너|,◆2◆|지하|벽부형충전기|직접입력|완속|5|파워큐브코리아|,◆3◆|지상|스탠드형충전기|직접입력|완속|2|(주)이앤에이치에너|",2,10,없음
A15873701,3000,0,미설치,미설치,0,0,입주민전용,,시 분,시 분,시 분,시 분,,,,없음
A15873902,460,15,미설치,설치,0,4,,외부인허용,시 분,23시 0분,시 분,1시 0분,◆1◆|지하|벽부형충전기|AC단상 5핀|완속|4|GS커넥트|,0,4,없음
A15875101,2346,0,미설치,미설치,0,0,,,시 분,시 분,시 분,시 분,,,,없음
A15875102,2403,30,미설치,미설치,0,0,,,시 분,시 분,시 분,시 분,,,,있음
A15875103,1350,38,미설치,미설치,0,0,입주민전용,입주민전용,시 분,시 분,시 분,시 분,,,,없음
A15876401,182,0,미설치,설치,0,4,,,시 분,24시 0분,시 분,24시 0분,◆1◆|지하|벽부형충전기|AC단상 5핀|완속|4|이온 두|,0,4,없음
A15876402,177,0,미설치,설치,0,4,,입주민전용,시 분,24시 0분,시 분,24시 0분,◆1◆|지하|벽부형충전기|AC단상 5핀|완속|4|에버 온|,0,4,없음
A15878601,190,0,미설치,설치,0,4,,,시 분,24시 분,시 분,,◆1◆|지하|벽부형충전기|AC단상 5핀|완속|4|나이스차져|,0,4,없음
A15879501,5,5,미설치,설치,0,3,,입주민전용,시 분,23시 59분,시 분,23시 59분,◆1◆|지하|벽부형충전기|AC단상 5핀|완속|7|한국전기자동차충전서|,0,7,없음
A15879502,1381,15,미설치,설치,0,5,입주민전용,입주민전용,시 분,0시 0분,시 분,23시 59분,◆1◆|지하|벽부형충전기|AC단상 5핀|완속|5|파워큐브코라아|,0,5,없음
A15880204,239,5,미설치,미설치,0,0,,,시 분,시 분,시 분,시 분,,,,없음
A15880905,628,16,설치,설치,12,13,입주민전용,입주민전용,23시 59분,23시 59분,23시 59분,23시 59분,"◆1◆|지하|벽부형충전기|AC단상 5핀|완속|4|(주)차지인|,◆2◆|지하|벽부형충전기|AC단상 5핀|완속|10|지에스커넥트|,◆3◆|지하|스탠드형충전기|AC단상 5핀|완속|15|VOLT UP|",0,29,없음
A15881601,263,2,미설치,미설치,0,0,,,시 분,시 분,시 분,시 분,,,,없음
A15881701,170,0,미설치,미설치,0,0,외부인허용,입주민전용,시 분,시 분,시 분,시 분,,,,없음
A15881702,200,0,미설치,미설치,0,0,,,시 분,시 분,시 분,시 분,,,,없음
A15882006,250,0,설치,미설치,3,0,입주민전용,,24시 0분,시 분,24시 0분,시 분,◆1◆|지상|스탠드형충전기|직접입력|완속|3|나이스차저|,3,0,있음
A15882008,198,30,미설치,설치,0,4,,입주민전용,시 분,1시 59분,시 분,23시 59분,◆1◆|지하|벽부형충전기|DC콤보 7핀|급속|4|(주)스타코프|,0,4,없음
A15882010,264,9,미설치,미설치,0,5,,입주민전용,시 분,시 분,시 분,시 분,,,,없음
A15882103,0,0,미설치,미설치,0,0,,,시 분,시 분,시 분,시 분,,,,없음
A15882104,237,10,설치,미설치,4,0,입주민전용,,0시 0분,시 분,23시 59분,시 분,◆1◆|지상|벽부형충전기|AC단상 5핀|완속|4|차지비|,4,0,없음
A15882107,305,5,설치,설치,5,4,,,0시 1분,0시 1분,23시 1분,23시 1분,"◆1◆|지상|벽부형충전기|AC3상 7핀|완속|5|한국전기차인프라|,◆2◆|지하|벽부형충전기|AC3상 7핀|완속|4|한국전기차인프라|",5,4,없음
A15882201,330,8,미설치,설치,0,6,,입주민전용,시 분,0시 0분,시 분,23시 59분,◆1◆|지하|벽부형충전기|직접입력|완속|2|한국알박주식회사|,0,2,없음
A15883101,145,0,설치,설치,3,0,입주민전용,,1시 1분,0시 0분,12시 59분,0시 0분,◆1◆|지상|스탠드형충전기|AC3상 7핀|완속|3|LG유플러스|,3,0,없음
A15883201,565,8,미설치,설치,0,7,,입주민전용,시 분,0시 0분,시 분,0시 0분,"◆1◆|지하|벽부형충전기|AC단상 5핀|급속|1|한전|,◆2◆|지하|벽부형충전기|AC단상 5핀|완속|2|한전|,◆3◆|지하|벽부형충전기|AC단상 5핀|완속|4|플러그링크|",0,7,없음
A15883202,400,7,미설치,설치,0,7,,입주민전용,시 분,0시 0분,시 분,0시 0분,◆1◆|지하|벽부형충전기|AC단상 5핀|완속|7|에버온|,0,7,없음
A15883401,400,4,미설치,설치,0,1,,,시 분,0시 0분,시 분,0시 0분,◆1◆|지하|스탠드형충전기|AC단상 5핀|급속|1|111|,0,1,없음
A15883402,1136,20,미설치,설치,0,20,,입주민전용,시 분,0시 1분,시 분,23시 59분,◆1◆|지하|벽부형충전기|AC단상 5핀|완속|20|한국전기차인프라기술|,0,20,있음
A15883702,250,4,설치,미설치,4,0,입주민전용,,0시 0분,시 분,23시 59분,시 분,◆1◆|지상|스탠드형충전기|AC단상 5핀|완속|4|에버온|,4,0,없음
A15883803,276,5,미설치,설치,0,5,,입주민전용,시 분,0시 1분,시 분,23시 59분,◆1◆|지하|스탠드형충전기|AC단상 5핀|완속|5|한화솔루션|,0,5,없음
A15884202,471,0,미설치,미설치,0,0,,,시 분,시 분,시 분,시 분,,,,없음
A15884703,1350,10,미설치,미설치,0,0,입주민전용,,시 분,시 분,시 분,시 분,,,,없음
A15884901,171,0,미설치,미설치,0,0,,,시 분,시 분,시 분,시 분,,,,없음
A15885303,240,2,설치,미설치,4,0,외부인허용,,0시 0분,시 분,24시 0분,시 분,◆1◆|지상|스탠드형충전기|AC단상 5핀|완속|4|엘지유플러스|,4,0,없음
A15885306,0,0,미설치,미설치,0,0,입주민전용,입주민전용,시 분,시 분,시 분,시 분,,,,있음
A15885307,340,2,설치,설치,4,4,입주민전용,입주민전용,0시 0분,0시 0분,0시 0분,0시 0분,"◆1◆|지상|스탠드형충전기|AC단상 5핀|완속|4|서울씨엔지(주)|,◆2◆|지하|스탠드형충전기|AC단상 5핀|완속|4|(주)클린일렉스|",4,4,없음
A15885514,900,7,미설치,설치,0,2,,입주민전용,시 분,0시 0분,시 분,23시 59분,◆1◆|지하|벽부형충전기|AC단상 5핀|완속|2|차지비|,0,2,없음
A15886402,212,4,설치,미설치,2,0,,,0시 0분,시 분,0시 0분,시 분,◆1◆|지상|벽부형충전기|AC단상 5핀|급속|4|엘지|,4,0,없음
A15886501,196,4,미설치,설치,0,6,,입주민전용,시 분,0시 0분,시 분,23시 59분,◆1◆|지하|벽부형충전기|AC단상 5핀|완속|6|차지인|,0,6,없음
A15886504,4,10,미설치,설치,0,4,,입주민전용,시 분,24시 0분,시 분,24시 0분,◆1◆|지하|벽부형충전기|AC단상 5핀|급속|4|차지비|,0,4,없음
A15886505,540,3,설치,미설치,5,0,입주민전용,,23시 23분,시 분,23시 23분,시 분,◆1◆|지상|스탠드형충전기|AC단상 5핀|완속|5|한국전자금융(나이스|,5,0,없음
A15886507,558,12,설치,설치,4,4,입주민전용,,24시 0분,24시 0분,24시 0분,24시 0분,◆1◆|지상|스탠드형충전기|직접입력|완속|4|(주)LG유플러스|,4,0,없음
A15886508,374,5,미설치,설치,0,2,,,시 분,0시 0분,시 분,0시 0분,"◆1◆|지하|스탠드형충전기|AC3상 7핀|완속|1|한전|,◆2◆|지하|벽부형충전기|AC단상 5핀|완속|10|sk브로드밴드|,◆3◆|지하|스탠드형충전기|AC3상 7핀|급속|1|한전|",0,12,없음
A15886510,333,3,미설치,설치,0,3,,입주민전용,시 분,0시 0분,시 분,0시 0분,"◆1◆|지하|벽부형충전기|AC단상 5핀|완속|4|에버온|,◆2◆|지하|벽부형충전기|AC단상 5핀|완속|3|레드이앤지|",0,7,없음
A15886512,645,3,미설치,미설치,0,9,,입주민전용,시 분,시 분,시 분,시 분,,,,없음
A41279901,427,11,설치,설치,4,10,외부인허용,외부인허용,0시 0분,0시 0분,24시 0분,24시 0분,"◆1◆|지상|스탠드형충전기|AC단상 5핀|완속|4|이엘일렉트릭|,◆2◆|지하|벽부형충전기|AC단상 5핀|완속|10|파워큐브, 이엘일렉트릭|",4,10,없음
A41279902,505,3,미설치,설치,0,5,입주민전용,입주민전용,시 분,0시 0분,시 분,24시 0분,"◆1◆|지하|스탠드형충전기|AC단상 5핀|완속|5|(주)에버온|,◆2◆|지하|벽부형충전기|AC단상 5핀|완속|24|스타코프|",0,29,없음
A41279903,421,5,미설치,설치,0,4,,입주민전용,시 분,23시 0분,시 분,23시 0분,◆1◆|지하|벽부형충전기|DC콤보 7핀|완속|10|케이차저|,0,10,없음
A41279904,5,5,설치,설치,6,4,입주민전용,입주민전용,0시 0분,0시 0분,23시 59분,23시 59분,"◆1◆|지하|벽부형충전기|AC단상 5핀|완속|4|파워큐브코리아|,◆2◆|지상|스탠드형충전기|AC단상 5핀|완속|5|파워큐브코리아|",5,4,없음
A41279905,200,10,미설치,설치,0,6,입주민전용,입주민전용,시 분,0시 0분,시 분,0시 0분,◆1◆|지하|벽부형충전기|AC단상 5핀|급속|6|에버원|,0,6,없음
A41279908,350,15,미설치,설치,0,3,,입주민전용,시 분,0시 0분,시 분,23시 0분,◆1◆|지하|벽부형충전기|AC단상 5핀|완속|3|에버온|,0,3,없음
A41279909,254,5,미설치,설치,0,0,,입주민전용,시 분,0시 0분,시 분,24시 0분,◆1◆|지하|이동형충전기|AC단상 5핀|완속|6|파워큐브|,0,6,없음
A41279910,3,3,미설치,설치,0,11,입주민전용,입주민전용,시 분,0시 0분,시 분,23시 59분,◆1◆|지하|벽부형충전기|AC단상 5핀|완속|11|(주)파워큐브코리아|,0,11,없음
A41279911,1110,22,미설치,미설치,0,5,,,시 분,시 분,시 분,시 분,,,,없음
A41279912,19,10,설치,미설치,0,19,,,24시 0분,시 분,24시 0분,시 분,◆1◆|지상|벽부형충전기|AC단상 5핀|급속|19|지에스컨넥터|,19,0,없음
A41279913,520,0,미설치,설치,0,13,,입주민전용,시 분,0시 0분,시 분,0시 0분,◆1◆|지하|벽부형충전기|AC단상 5핀|완속|13|(주)클린일렉스|,0,13,없음
A41279914,536,12,미설치,설치,0,12,,입주민전용,시 분,0시 0분,시 분,23시 59분,◆1◆|지하|벽부형충전기|AC단상 5핀|완속|12|GS차지비|,0,12,없음
A41279915,0,0,미설치,설치,0,0,,입주민전용,시 분,0시 24분,시 분,0시 24분,◆1◆|지하|이동형충전기|AC단상 5핀|완속|36|(주)파워큐브코리아|,0,36,없음
A41279916,468,9,설치,설치,3,6,입주민전용,입주민전용,1시 1분,1시 1분,23시 59분,23시 59분,"◆1◆|지상|벽부형충전기|직접입력|완속|3|에버온|,◆2◆|지하|벽부형충전기|직접입력|완속|6|에버온|",3,6,없음
A41279917,519,11,설치,설치,3,8,입주민전용,입주민전용,0시 0분,0시 0분,24시 0분,24시 0분,"◆1◆|지하|벽부형충전기|AC단상 5핀|완속|8|볼트업 LGU+|,◆2◆|지상|스탠드형충전기|AC단상 5핀|완속|3|위브이|",3,8,없음
A41279918,844,39,미설치,설치,0,18,,입주민전용,시 분,0시 0분,시 분,0시 0분,◆1◆|지하|벽부형충전기|AC단상 5핀|완속|18|에버원|,0,18,없음
A41279920,711,11,설치,미설치,16,0,입주민전용,,0시 0분,시 분,24시 0분,시 분,◆1◆|지상|스탠드형충전기|AC단상 5핀|완속|16|나이스차저|,16,0,없음
A41279921,1094,15,설치,설치,57,3,입주민전용,입주민전용,9시 0분,9시 0분,20시 0분,20시 0분,"◆1◆|지상|스탠드형충전기|AC단상 5핀|완속|21|차지비, 에버원,이브시스|,◆2◆|지하|벽부형충전기|AC단상 5핀|완속|3|차지비, 에버원|",21,3,없음
A41279922,284,4,미설치,설치,0,5,,입주민전용,시 분,0시 0분,시 분,24시 0분,"◆1◆|지하|벽부형충전기|AC단상 5핀|완속|3|에버온 인프라|,◆2◆|지하|벽부형충전기|AC단상 5핀|완속|2|GS커넥터|",0,5,없음
A41279923,426,5,미설치,설치,0,10,,입주민전용,시 분,0시 0분,시 분,0시 0분,"◆1◆|지하|벽부형충전기|AC단상 5핀|완속|5|(주)이지차저|,◆2◆|지하|벽부형충전기|AC단상 5핀|완속|5|(주)에버온|",0,10,없음
A41279924,1007,5,미설치,설치,0,5,,입주민전용,시 분,24시 0분,시 분,24시 0분,◆1◆|지하|벽부형충전기|AC단상 5핀|완속|20|차지비|,0,20,없음
A41279925,267,7,미설치,설치,0,7,,입주민전용,시 분,24시 0분,시 분,24시 0분,◆1◆|지하|벽부형충전기|AC3상 7핀|완속|7|파워큐브|,0,7,없음
A41279927,546,6,설치,미설치,11,0,입주민전용,입주민전용,24시 0분,시 분,24시 0분,시 분,◆1◆|지상|스탠드형충전기|AC단상 5핀|완속|11|gs 커넥트|,11,0,있음
A41279928,430,5,미설치,설치,0,11,,입주민전용,시 분,24시 0분,시 분,24시 0분,◆1◆|지하|벽부형충전기|AC단상 5핀|완속|11|GS콘넥터|,0,11,없음
A41279929,23,6,미설치,설치,0,9,,외부인허용,시 분,0시 0분,시 분,24시 0분,◆1◆|지하|벽부형충전기|AC3상 7핀|완속|9|에버온|,0,9,없음
A41279930,375,9,미설치,설치,0,8,,입주민전용,시 분,0시 0분,시 분,24시 0분,"◆1◆|지하|벽부형충전기|AC단상 5핀|완속|3|에버온|,◆2◆|지하|벽부형충전기|AC단상 5핀|완속|5|대영채비|",0,8,없음
A41279931,16,16,미설치,설치,0,18,,,시 분,0시 0분,시 분,23시 0분,◆1◆|지하|벽부형충전기|AC단상 5핀|완속|18|GS차지비(주)|,0,18,있음
A41279932,530,27,미설치,설치,0,9,,입주민전용,시 분,0시 24분,시 분,0시 24분,"◆1◆|지하|벽부형충전기|AC단상 5핀|완속|2|파워큐브|,◆2◆|지하|스탠드형충전기|AC단상 5핀|완속|25|플러그링크|",0,27,없음
