단지코드,위도,경도
A10021295,37.572539708142806,126.972237188911564
A10021652,37.574261614415413,126.970299857241699
A11007001,37.573566855280042,126.972150668900539
A11087101,37.57396839361521,126.971241871232635
A11005401,37.574256374887703,126.969133461998055
A11014001,37.575004257997414,126.98124558376324
A11034001,37.575105738088105,126.990055513545684
A10020992,37.572761908711598,126.987897216976407
A11041001,37.571438029886728,126.998652919393095
A10027162,37.574074393407813,127.001828775139884
A10023586,37.575276145994948,127.004674607835554
A10023741,37.586148149773202,126.99869019277736
A11052201,37.5855637830931,126.999045227428283
A11076701,37.585956343536722,127.000220539341313
A10021626,37.577887612864721,127.014940548978998
A11054101,37.574417567249789,127.014974382212642
A11054301,37.580693118405534,127.013314115596685
A11077101,37.5804360267419,127.012171909431714
A10024713,37.572187523832632,127.020684965210222
A11055002,37.575361746260093,127.021049662575194
A11087601,37.573556898002373,127.016101089832915
A11087602,37.579856632887733,127.015935740611766
A10027105,37.569133554574215,126.966429461486982
A10027118,37.570036619019199,126.962833328766706
A10026940,37.571786495713432,126.961133453626502
A10026946,37.572234431409278,126.9644935362616
A10021355,37.60507350469301,126.95729071539084
A10024669,37.604616908345463,126.957962454378418
A10021278,37.610295791694867,126.978054736957844
A10021787,37.608331158406763,126.976085759387445
A10024780,37.608145930720958,126.968926673063166
A11001203,37.611292540869769,126.979248772527896
A11084601,37.609393851601588,126.975885696377105
A10025710,37.573546655977154,126.959716536058863
A10027708,37.575896910372357,126.959223912664726
A11008001,37.575732078480662,126.958658864469399
A11081302,37.577196799245861,126.955726404024077
A11081503,37.575348293777722,126.961458855213081
A10020414,37.554919257714509,126.974455987091758
A10088101,37.559119675852045,126.980597138140439
A10088102,37.558223330551584,126.981735576588036
A10072501,37.559410562110543,126.983210580386199
A10071301,37.562511142452642,126.997818243566044
A10086301,37.562421965467387,126.995927933419438
A10025223,37.563385639032312,126.999986380582556
A10023352,37.564533957692831,126.996593090464685
A10028201,37.563539121328439,126.995807176495717
A10022761,37.561128588802376,126.999118301191416
A10026849,37.560699888976742,127.000049620040997
A10024327,37.565221357499162,127.001400838087676
A10023343,37.568093948825762,126.994406312364617
A10023356,37.568088413442268,126.993115452180646
A10021020,37.563168265188949,127.025951304679964
A10023488,37.553091477399043,127.010561422976025
A10025372,37.563324675625857,127.024500975242645
A10025456,37.563813898121936,127.025120632397446
A10045001,37.559473733702312,127.019509638408906
A10045002,37.560595731290647,127.018358856517835
A10045301,37.549494905693827,127.010517016571001
A10045302,37.549494905693827,127.010517016571001
A10045401,37.559224376547611,127.018039336472725
A10045402,37.554203461606477,127.015739429843364
A10045403,37.559224376547611,127.018039336472725
A10045404,37.554203461606477,127.015739429843364
A10045601,37.559847695753511,127.020594189939942
A10078102,37.562339816723593,127.017249316796921
A10078103,37.560595731290647,127.018358856517835
A10078901,37.561598702937609,127.021183072941625
A10078902,37.561598702937609,127.021183072941625
A10095501,37.565748508283264,127.015438235668455
A10095502,37.566864049965027,127.017118209115324
A10020147,37.567096434842398,127.023288029891205
A10024801,37.56674162320855,127.022475001085823
A10044001,37.571033599102243,127.020635739839818
A10044002,37.571033599102243,127.020635739839818
A10086801,37.566035518613468,127.021720843161503
A10023548,37.568394598601074,126.9704659692528
A10024359,37.56324590517341,126.972031008905859
A10024756,37.560262438502498,126.972029417492806
A10027364,37.563310911154723,126.970445340010244
A10023788,37.558973708162696,126.966060351503842
A10085902,37.557262626759659,126.964396903526222
A10085903,37.558377506385803,126.965770229225782
A10095301,37.560813195718133,126.968221153898725
A10080701,37.555732133086799,126.966785431780238
A10026517,37.555666073452301,126.96612923980544
A10026881,37.554775141443159,126.964448672133315
A14019001,37.551517198834283,126.975589349154163
A10020608,37.541341442426372,126.971653488826405
A14070901,37.551676553408839,126.972916436379265
A10020656,37.551069527378189,126.968199822228925
A10023798,37.541367191830034,126.96935542639504
A14070301,37.537935802848523,126.967964857719835
A14070302,37.540046873059516,126.970394849985141
A14006001,37.535707885972627,126.953798293512961
A14004001,37.535578014295474,126.949124607296199
A14004002,37.535214537877053,126.9504289280042
A14076401,37.535386081611868,126.952431078315755
A10023464,37.535320095073537,126.947938042670003
A14005001,37.535330915407748,126.946398621661018
A10022232,37.532851747109454,126.954045490142263
A14085002,37.532454127762136,126.94993986271156
A14085101,37.534296820285689,126.94885106830624
A10023858,37.547744605076531,126.96246127409816
A10025533,37.539301139836532,126.96294070899684
A10025898,37.540028560789786,126.960377306399039
A14074101,37.539813745579046,126.958737546000037
A14074102,37.542065073318753,126.958291121707873
A14007001,37.539703785443535,126.956383915711598
A14007002,37.539491269591231,126.957211768922278
A14083101,37.535932216340669,126.959456047881361
A10026183,37.537401012335522,126.967300835902634
A10027901,37.537741384523123,126.968826487656514
A14010001,37.536902747622413,126.968741884960806
A14010002,37.538595490735283,126.970348519548125
A14010003,37.53634601460557,126.969209907454683
A14009001,37.535880023545893,126.967809681790499
A14001101,37.537192567191781,126.973074997618198
A14075201,37.536944154175202,126.971944851428404
A10020622,37.526371191096693,126.965908024263356
A10021269,37.53155953323872,126.96914196712504
A10023195,37.534217143674347,126.970843545765433
A10024333,37.53516591514051,126.97136881947884
A10026719,37.527357941584171,126.968854854016044
A10026759,37.5270335597165,126.964884732129718
A10026922,37.529450990533938,126.967278155130003
A14001201,37.532029136803637,126.969342366214164
A14002501,37.52402560505282,126.971458753304603
A10022504,37.524817099928093,126.963089827518161
A10024691,37.525271400681412,126.967873736368915
A10025626,37.523279024548089,126.9638024962494
A14001303,37.524797163763118,126.968646667932674
A14074501,37.525813323515358,126.960174153235755
A14088201,37.526199352967893,126.969779771364898
A14088302,37.523094543268513,126.962875835304359
A10022800,37.526746224728903,126.955266999256139
A10023360,37.521208188113071,126.964303928284878
A10027908,37.517836563646782,126.980317617351616
A14003001,37.521491491777695,126.969156725854674
A14003002,37.516789958663495,126.978039063674757
A14003003,37.51902589467084,126.976133677565116
A14003004,37.520354233523548,126.966810965020798
A14003006,37.523976749359107,126.958682229140379
A14003007,37.519364721328778,126.969251007105697
A14003008,37.518182385558717,126.974951383203674
A14003101,37.51666323166603,126.98201182059978
A14003104,37.517498854022421,126.97732121759924
A14003105,37.522493894050683,126.969579660462941
A14003106,37.519641805891453,126.976808351294338
A14072701,37.521342738262447,126.970153639057358
A14072702,37.520212328293262,126.979452409033925
A14072901,37.527308099498171,126.953972721041481
A14077401,37.518027674634403,126.978686775471047
A14085501,37.522863462128008,126.959640884706275
A14090902,37.524379659655537,126.95613298487504
A10027425,37.542771458929913,126.989381565417673
A14086001,37.531003549077752,126.994441745464741
A14086101,37.540143361643203,126.988188309222835
A10021339,37.53440865252503,127.008917850412317
A10021637,37.530158589412302,127.007791287351637
A10022228,37.527857768094322,127.005067550637406
A10023379,37.529781021658422,127.008031443838505
A10025192,37.537089679477518,127.003410564013237
A10027071,37.532373686480931,127.007256090103766
A14021001,37.534485484507314,127.007887355226643
A14077901,37.528563452397485,127.00354631756052
A14077902,37.538070960345749,127.009595619317594
A14080901,37.525616275252077,126.995100551771642
A10022221,37.522734516688139,126.99149859516956
A14024001,37.522582557422162,126.991793862812457
A14024002,37.518213498427095,126.990284502883995
A14082302,37.524413997212726,127.000642696804064
A14082601,37.52574320457709,127.001641073148704
A13373301,37.569673150967184,127.025241968980865
A13373302,37.569673150967184,127.025241968980865
A10026900,37.559793664589257,127.025066892187354
A10027289,37.567177436200666,127.025495603713722
A10027432,37.560478066825802,127.027157215058537
A10027454,37.569528183583891,127.029557293469338
A10027920,37.569704421074405,127.026294895227565
A10027969,37.569704421074405,127.026294895227565
A13302001,37.569468266261012,127.032626444070203
A13302201,37.563118590464825,127.027049943182803
A13302203,37.558055999738926,127.023311664898884
A13302204,37.561931856520992,127.02556284280972
A13302206,37.559001180268403,127.025241756908841
A13377301,37.558055999738926,127.023311664898884
A13377302,37.561931856520992,127.02556284280972
A13385705,37.562770517260176,127.027912681940265
A13385802,37.560572502386663,127.028232259581273
A13388001,37.569468266261012,127.032626444070203
A10019969,37.565122687524351,127.034635160691536
A10024762,37.567462384774558,127.031393383158161
A13370801,37.564187626826573,127.035229778108317
A10020365,37.563538970574101,127.042231418160839
A13305002,37.567219688674108,127.038426827802638
A13305003,37.569558100384064,127.044074350632116
A13305005,37.564669719781492,127.040956304382576
A13305006,37.566136681094001,127.04038113306548
A13305007,37.565110126368182,127.045290400366383
A13381601,37.565348510241918,127.039355558261718
A13381604,37.563000765746558,127.040581565971436
A13381608,37.570262083771091,127.041986440867873
A10022058,37.560529539079042,127.04954154789796
A13381701,37.561309240339547,127.048370619536783
A10020503,37.556568311661181,127.036782923124761
A10024464,37.563358817692986,127.037635395839402
A10025685,37.556058848955971,127.033298943756904
A10025686,37.556961701371819,127.031402539559593
A10026207,37.55426720619699,127.038404832424504
A13307001,37.564358226603019,127.037357464204121
A13307002,37.554482735046847,127.031338811002925
A13307003,37.556518803834102,127.04025906253402
A13307101,37.559808915701744,127.037997006299761
A13307201,37.558462149086047,127.030192987571994
A13307202,37.554440003946674,127.031927802534554
A13307204,37.557747971897328,127.025159131356801
A13373101,37.556256833849261,127.035505477556114
A13377703,37.554933317921495,127.026795992486484
A13377901,37.556961701371819,127.031402539559593
A13377902,37.557747971897328,127.025159131356801
A13377903,37.554933317921495,127.026795992486484
A13386702,37.556256833849261,127.035505477556114
A13308004,37.550588816614621,127.031317910078286
A13308005,37.550148468206082,127.031648975429519
A13376906,37.554671653324313,127.035809679608235
A13385202,37.552169194936099,127.03207785996544
A13385301,37.552830016518179,127.03737213037256
A13385303,37.550005484308322,127.029691347024198
A10026418,37.555112496824648,127.024281439151594
A13309101,37.556088088513739,127.02257695825088
A13309102,37.548488823148062,127.026836736327965
A13309103,37.555387269058429,127.025366580862567
A13380104,37.551338290197791,127.027135714830834
A10027602,37.556327460721988,127.019371334755377
A13380301,37.552602834696422,127.023312435941605
A13380302,37.55058169095922,127.025023462636639
A13380303,37.551844942544925,127.02312480238588
A13309301,37.55024078487898,127.018742485068714
A13379001,37.549649543254851,127.021859529831715
A13380602,37.550555294297936,127.020721641544256
A13380703,37.550580733031921,127.015910043221567
A10020977,37.547473365691907,127.023118691756096
A10023252,37.547586145313225,127.015397343168445
A10026470,37.546756547803554,127.02641750893352
A13309402,37.547323999673225,127.017414094796138
A13309404,37.546606215315592,127.022660078552676
A13378101,37.546606215315592,127.022660078552676
A13378102,37.546397113349293,127.024450034164957
A13378103,37.547449432226152,127.023888641842561
A13380803,37.544863121676599,127.024029612562458
A13380901,37.546037070062532,127.015701700051906
A10022640,37.539805219632242,127.010478492854901
A10026748,37.54664734459692,127.01286764488556
A13310004,37.542727490319962,127.010934819395104
A13375901,37.538905383654281,127.01521582488418
A13375902,37.540990694340906,127.013798696322056
A13375903,37.541913069964586,127.018931856200979
A13375904,37.54026410278081,127.016848350065601
A13375905,37.540990694340906,127.013798696322056
A13375906,37.542145385236573,127.018432294532516
A13375907,37.544171215215307,127.01349504005816
A13375908,37.546016581281783,127.015101854956541
A13375909,37.540521770796182,127.013745143822518
A13376702,37.5433796046472,127.018277196546634
A13383801,37.54026410278081,127.016848350065601
A13384403,37.541462817342548,127.01026390188656
A10020345,37.549013006605904,127.043214612393058
A10020907,37.551140802924188,127.0433714434878
A10021528,37.53777504087298,127.046045033902843
A10024503,37.544994778300655,127.043680618871406
A10026988,37.538357117297615,127.045056735827117
A13311101,37.541695560448339,127.050662338585141
A13372101,37.548849160768988,127.049838265314122
A13372102,37.549784169895602,127.046855240940317
A13376405,37.541234589441331,127.04561655293324
A13379401,37.545916618977799,127.041988270625183
A13381902,37.540521328138894,127.050012853533914
A13382104,37.542304035391489,127.044795038090925
A13382106,37.544703321876952,127.045233255500804
A13382502,37.548390044824828,127.040625972985794
A13384301,37.545444438944223,127.048104099324107
A13384303,37.548030566744245,127.047907356847645
A13384304,37.550625749667581,127.047721866177682
A13392307,37.540728928632397,127.045381911163318
A10020852,37.535068346868108,127.057221672690034
A10021167,37.546713453107692,127.059530097632958
A10021449,37.535330752016797,127.057491770861034
A10021638,37.545427997618617,127.06533363598308
A10021716,37.5363688551964,127.050739577978902
A10022325,37.543624934438718,127.053163795964437
A10023316,37.539269030116778,127.057321346455353
A10025101,37.537705835345811,127.058700198098322
A13312101,37.536706157859541,127.058921149231338
A13312302,37.545600769930367,127.056049995981141
A13312303,37.548205790714725,127.056079829030097
A13378001,37.541638658389815,127.052292714870006
A13382802,37.53562968130467,127.053098318193477
A13383003,37.535565821230762,127.055283221716024
A13383301,37.548397060788368,127.051833428801842
A13316001,37.5532312351122,127.069579147209126
A13383702,37.556266508846299,127.071429803902106
A10020466,37.569041859903059,127.048120104692359
A10022175,37.563200315405084,127.055028420102914
A10024886,37.560984454799197,127.065096081741046
A10020191,37.553742583716307,127.089139805818647
A10020402,37.566702981809868,127.078617049464157
A10023395,37.558897864444248,127.07626067959572
A14322001,37.568560157115357,127.086374694213958
A14322002,37.571204300830367,127.07962218935694
A10020066,37.537368446214572,127.084973697840823
A10020269,37.540769083643113,127.08827148232244
A10021381,37.54793406431353,127.093247124787922
A10023951,37.544547441315643,127.081062415295605
A10024667,37.537696586157843,127.093800780816622
A10025573,37.539240956790408,127.092071863470366
A10025985,37.546246263514703,127.089984700675856
A10026874,37.538648542317823,127.090184776211004
A14320001,37.536642559823413,127.091350286833105
A14320002,37.536333617359467,127.093242228975683
A14320003,37.539403032284746,127.094640476147603
A14320302,37.535432551821145,127.093326354518396
A14320304,37.536265110192105,127.096921240456837
A14382101,37.539854555845388,127.094887059268359
A14383203,37.538601540584139,127.094848561411283
A14383205,37.537376807436203,127.095172121483557
A10020376,37.548151858539967,127.109706224476156
A10023281,37.550367802554881,127.10928711277576
A10024751,37.542893965735445,127.09542528830724
A10026162,37.542301611111391,127.101473264666581
A14321001,37.543299060378807,127.097913489185075
A14375301,37.54363701930636,127.099224794819264
A14375302,37.549863015819184,127.109278426816275
A14375303,37.545073029566886,127.102737696990459
A14380211,37.552545062771671,127.108075682855684
A14380409,37.542188670927118,127.102730362349817
A14380414,37.542188670927118,127.102730362349817
A14380605,37.547370326401193,127.105080184648259
A14381407,37.547589281546557,127.108577096986679
A14381415,37.540579830218157,127.098754418962343
A14381504,37.543924323417521,127.09361983264904
A14381506,37.542806666151797,127.10156113531886
A14381508,37.542397761059213,127.09792964946854
A14381510,37.541789698867838,127.099359200460086
A14381512,37.539798163501295,127.099494370440141
A14381513,37.543229359717238,127.095978153113919
A14381516,37.544386907744482,127.102413054369237
A10020506,37.535576511275536,127.088051019095857
A10020686,37.540817992794381,127.066673469819079
A10020868,37.535102626903701,127.089151540928697
A10022137,37.537178925581763,127.06979593981076
A10022362,37.533869868478078,127.069498030144757
A10022641,37.535392300624324,127.069262903509767
A10023099,37.537908679469503,127.062343761164641
A10023282,37.533850532264921,127.061790233032482
A10023336,37.532824391624267,127.084625373476442
A10024132,37.537816273771931,127.069079173949035
A10024154,37.537429557552827,127.074288165870243
A10024965,37.530920815808358,127.084137934841962
A10026399,37.531256406061367,127.069626233258163
A10026720,37.538004623576974,127.08134804423436
A14319001,37.529459012995908,127.083682018570315
A14319002,37.533743991332877,127.064665754731806
A14319003,37.528029182284072,127.082071542547524
A14319005,37.532922171971208,127.066685202247598
A14319006,37.534016638279908,127.070198936017917
A14319007,37.533096232836925,127.072399988126762
A14319008,37.53638947688281,127.068351655951702
A14319009,37.5278028461221,127.081789865143961
A14319010,37.532439514476401,127.065341116838724
A14319011,37.533798232753149,127.074603089443073
A14319012,37.53809819701091,127.072246915894922
A14319013,37.533281293656273,127.066298297915381
A14319015,37.537397881280889,127.083094571151193
A14319201,37.52855653924744,127.085927943261566
A14319203,37.528333878319522,127.079036702627619
A14319204,37.528698973505037,127.082860047558341
A14319301,37.533145962920493,127.071199952715375
A14319302,37.53127752313506,127.070474971458779
A14319303,37.533349237598507,127.070089581714797
A14319305,37.532105440823543,127.067640660544726
A14319306,37.532683165795653,127.067875010584601
A14319307,37.535629576355781,127.07006517248
A14319311,37.535861559084147,127.07438763020896
A14375801,37.536765753754679,127.07019447692754
A14376501,37.528136038913921,127.084255254266878
A14377402,37.531777406564963,127.069136556844683
A14386109,37.532787756910864,127.074337188304639
A14386110,37.53636648392736,127.071939878631483
A14386802,37.528839434159615,127.079260216735406
A14387605,37.533145014519896,127.091267505568041
A14388204,37.532701140548838,127.07033098708304
A14388208,37.53246971407205,127.071135914584801
A10021996,37.547065208000923,127.071844745173522
A10022135,37.547638610013678,127.070890534968157
A10022318,37.546174019716773,127.074657296685643
A10025404,37.54745356142358,127.072057614799604
A14313001,37.544717651452473,127.065801886833313
A10022248,37.548427581941056,127.069731298633357
A10028012,37.548459399791057,127.071044319830193
A14383901,37.551710153494746,127.072667265933759
A10020429,37.573885613567292,127.026030595800961
A10026147,37.573083333168206,127.02377079381624
A10020343,37.577144619325125,127.038705321553834
A10022979,37.570740545404199,127.028439907991356
A10023188,37.577009359193383,127.043326770032522
A10023389,37.578293912699678,127.042197726940501
A10023633,37.579678228878898,127.029776572444263
A10024042,37.571248270551649,127.029184101138199
A10027274,37.577771265460157,127.033027556649884
A10028080,37.579493681711547,127.030966900736459
A13007001,37.57344048974479,127.036508570048554
A13007002,37.577160294392336,127.035806010581524
A13007004,37.572899580250692,127.031914212229722
A13070301,37.574538105259059,127.035992157615325
A13070302,37.576380855611418,127.037011292504701
A10020159,37.591004198735,127.037906180401194
A10020729,37.590080809102162,127.036881131261964
A13006002,37.579982554689003,127.036071626184395
A13006003,37.58194592037772,127.033386558998103
A13006101,37.587787803178109,127.038265865410438
A13077201,37.590544225251399,127.040140459946798
A13086101,37.583892097278472,127.030927979849878
A10019987,37.581328418247296,127.0555547884383
A10020126,37.580607722899217,127.050892931857021
A10020757,37.57721134513001,127.058512454020544
A10023083,37.579008416950607,127.045160590847985
A10026180,37.577322449902603,127.049746180578182
A13002002,37.580493889131645,127.061369766355483
A13071301,37.575334100352471,127.045986999879517
A13071302,37.575612474948166,127.050424641477761
A13084802,37.577262701257361,127.062623155078114
A13084803,37.577341298283535,127.064378084867599
A13084804,37.576776655044696,127.06280719817282
A13085301,37.582218342221999,127.054915251595901
A13085901,37.575334100352471,127.045986999879517
A13085902,37.578443223624099,127.048199197021106
A10019994,37.573086143189002,127.054505304625366
A10020731,37.566663165093942,127.060284561150894
A10020851,37.570155816444512,127.049506226605502
A10020888,37.570347427164336,127.05011657007924
A10022046,37.574059083924872,127.049618609576882
A10022258,37.575484648464688,127.061976715786798
A10022377,37.569895727156052,127.049847511964956
A10023891,37.568952093684729,127.050577915443938
A10025754,37.567281451589245,127.059307099717486
A10026104,37.571811609178482,127.046450029881797
A10026232,37.573637106808597,127.054807784828057
A10026779,37.566990810057845,127.053918814745217
A10027089,37.566093839237205,127.055079149132737
A10028042,37.566269779276212,127.056323678240602
A13003002,37.57266736817909,127.06061164191938
A13003003,37.566150726811003,127.058226715008459
A13003005,37.572332115202606,127.045858008246881
A13003007,37.571304672325269,127.055353905253597
A13003201,37.569935666290448,127.060446506502956
A13003202,37.575226551678902,127.060438058520518
A13003402,37.574146628715511,127.065766972736
A13003404,37.574598209553521,127.066013493524835
A13003405,37.57058347554495,127.062560300400278
A13003406,37.568551156463023,127.061405838677203
A13075402,37.57598959755326,127.064465233554074
A13075403,37.575139620408081,127.061299251204673
A13075404,37.567640140179819,127.061230002477686
A13075405,37.568777743147507,127.059320931635341
A13080201,37.573684382476976,127.053006902160234
A13080702,37.574578885553223,127.044145664057197
A13080801,37.57105665041616,127.063769216098819
A10020768,37.561687795299243,127.067628283684599
A10021037,37.565797454723999,127.069959787697286
A10021586,37.576898192455936,127.073859715352725
A10021838,37.563924952336649,127.070593320289163
A10021855,37.56316050804238,127.071061948948156
A10022117,37.565464319943217,127.065137978321403
A10022452,37.575001674874073,127.072839971265765
A10023253,37.56363719638194,127.063404854209367
A10024892,37.571892310154851,127.067965645873073
A10025227,37.57347053954301,127.070674410940541
A10025509,37.568980513476369,127.070315174083845
A10027877,37.569148176535087,127.069329035491819
A13010001,37.568092928318222,127.071622497888526
A13010002,37.571440816002081,127.070210446028881
A13010003,37.581587929584401,127.069642462081674
A13010004,37.576652835571842,127.075809012537619
A13010005,37.573212814382323,127.074175152288376
A13010006,37.569506464912372,127.073675354061479
A13078701,37.565947448383689,127.061726835913419
A13084101,37.566815009051943,127.072173344424684
A13084701,37.579342760976736,127.071897814294914
A10020081,37.586968255572735,127.045406650376478
A13071201,37.585570765540446,127.045301885775274
A13086701,37.584944151841214,127.046426994846513
A13086703,37.58738225051188,127.047590167962284
A13086704,37.58897516895248,127.049302207675566
A13086705,37.58373289072302,127.045528259601738
A13086802,37.585779814646031,127.045753668777877
A10023539,37.590794646353949,127.05611016676248
A13070101,37.590502278542502,127.052679796688636
A13087201,37.59001393090589,127.052252293103422
A10020570,37.592962268868519,127.062112172682959
A10023368,37.588740716945942,127.058818147747218
A10024082,37.594573213730328,127.063881182748915
A10024244,37.58681744974848,127.070110723046326
A10025015,37.591595233906695,127.062924417394996
A10025410,37.593807421397671,127.066423031911313
A10027101,37.58668165852982,127.055353063478478
A13009001,37.592198575706725,127.067667046643422
A13009002,37.58373825975476,127.068576759501681
A13009003,37.590491038350557,127.066578196700803
A13009101,37.592271667297283,127.06548044388434
A13009202,37.582809522780771,127.073440940900682
A13009206,37.587004499492089,127.069498013053945
A13077702,37.591847626751033,127.065369636386833
A13077703,37.590976545116881,127.063800226875713
A13078301,37.591154031892806,127.067944941602676
A13087401,37.583803558644291,127.071657075121777
A13087405,37.581549625272267,127.073991764576078
A13087407,37.58373825975476,127.068576759501681
A10020006,37.600865170290419,127.056775374353123
A10020344,37.596680096199862,127.063268500890445
A10020919,37.601907841220083,127.060824904325486
A10024594,37.604601696029519,127.070302958946201
A10026322,37.598477582909766,127.061864614152555
A13008001,37.603546557456141,127.062786527948205
A13076801,37.599988459088713,127.05613484953156
A13079401,37.605043427358389,127.062959035675163
A13079402,37.602295828261383,127.070735390568117
A13079403,37.601717409220242,127.067838543780965
A13082501,37.595370249122425,127.067376829481901
A13082502,37.596657994976844,127.064605336551367
A13082702,37.601895243033375,127.069638796985075
A13082703,37.601308306976478,127.069347631076724
A13082704,37.600042519189643,127.068278716334476
A13082805,37.60520477111708,127.065155979236167
A13083102,37.593030167133527,127.060979027821858
A10021752,37.580451026197153,127.07930971655172
A10021891,37.592238471302927,127.078699659275983
A10023384,37.58579245934218,127.096359843661475
A10023606,37.581648345906473,127.083980515370001
A10023835,37.587192617019227,127.08682661505604
A10024366,37.590962362698633,127.072239043291404
A10024443,37.572747935903074,127.085377635062443
A10024703,37.582475623862472,127.078346950422258
A10024741,37.582306321755837,127.081428537051494
A10025159,37.579051668129999,127.094108512295719
A10028033,37.572835286747917,127.087155084714524
A13120001,37.586623807116688,127.083986805543518
A13120003,37.577589631210131,127.080684832217514
A13120403,37.574300095353536,127.080793874739882
A13120701,37.57704082485769,127.091254187665982
A13120704,37.576853088448722,127.089103458213998
A13175101,37.58685176709438,127.074607161250199
A13175102,37.589248917007517,127.076994821722721
A13175103,37.587297983014047,127.075873201777398
A13177701,37.573198589111449,127.087945792448167
A13177702,37.573557259293686,127.079744857712896
A13181201,37.587225575643657,127.096352104959337
A13181203,37.583044839679403,127.094166114950113
A13183202,37.58099990706944,127.094494333826106
A13183204,37.581379982860753,127.094933975347118
A13183303,37.578520699790161,127.094349225588076
A13183405,37.578262630542177,127.090092333880435
A13183502,37.574881530342992,127.079544895356179
A13183504,37.571937601756481,127.080524010176958
A13183701,37.588663364408482,127.084700370274604
A13184107,37.577952454666729,127.081328333572841
A13184208,37.576695728339381,127.09050862363452
A13184301,37.589000707608882,127.073145092476395
A13184401,37.576500622725533,127.088833595577839
A13184502,37.577363381564645,127.090697494199745
A13188406,37.580392660008961,127.08318338739906
A10019970,37.595791808791432,127.081806125584578
A10020104,37.595381051980389,127.085455987194436
A10020423,37.597072095559326,127.087032538625536
A10020428,37.592618763394086,127.084270603824081
A10020694,37.596141307564608,127.086346677715639
A10020884,37.595635650244773,127.086088935760046
A10022528,37.595081123646615,127.082195247648002
A10022775,37.596023947803431,127.088873456644635
A10027670,37.597405443306258,127.092173673681714
A13122001,37.601918356117828,127.091356021324344
A13122002,37.598121840557937,127.090821701351885
A13122104,37.603941130691169,127.092443882673081
A13170401,37.597328789138402,127.090860028616618
A13185602,37.599187137096131,127.088720110723713
A13185603,37.603847996574643,127.094189075625081
A13185607,37.601527934564039,127.095765048613757
A13186305,37.603600540452028,127.090395176585119
A13186306,37.605296529750412,127.090816391958299
A13186401,37.602069689619469,127.093417044671682
A10020555,37.602829481359592,127.076238198995156
A10020974,37.594063043576767,127.074747357026681
A10021393,37.599255804167015,127.077538580001047
A10023899,37.59452691848211,127.07591147063232
A10026046,37.602896118614176,127.079749802425397
A10027456,37.593991875775522,127.075008297295241
A13187501,37.603468354299793,127.08353048951912
A13187702,37.596328747360957,127.080715634733025
A10020086,37.614877441338038,127.077914779221913
A10020587,37.613625977287626,127.078307093217475
A10020959,37.615018326365096,127.076984856367076
A10022599,37.614667256534602,127.077111483463995
A10023285,37.612671621762118,127.073587682758216
A10023815,37.615324370441407,127.076869814067621
A10023834,37.61184107047486,127.078237859692521
A10025187,37.619025991143097,127.086219921869997
A10025855,37.616330115958483,127.083413439303499
A10026469,37.613848674422101,127.07756934446148
A13114002,37.60956287025931,127.073832031760716
A13114003,37.606141498580449,127.079901486329462
A13114103,37.612892669460237,127.079931494024393
A13114106,37.612222994113878,127.081714131844606
A13114201,37.613286649809474,127.074173359384517
A13176801,37.614366038594461,127.076059433096205
A13184609,37.615935611480197,127.084004849792166
A13184610,37.615912997176032,127.087834836880035
A13184804,37.616886908340447,127.077767447146556
A13185402,37.614364841631279,127.073226762174485
A13185501,37.615799413792828,127.083722335258145
A13185502,37.614101170803643,127.080128648091247
A13185507,37.612525624598661,127.080636045542093
A13185508,37.618481719806233,127.082676229001123
A10020869,37.604023461390227,127.106072402263081
A10020968,37.601828633750983,127.107409447588196
A10021760,37.597801210819782,127.094550436695513
A10021794,37.59967325468476,127.104362080079923
A10022919,37.610159090714163,127.102629687370083
A10023816,37.608567218318093,127.106365674718077
A10023952,37.60769960098547,127.108375606087364
A10024008,37.610022789873945,127.104987065607702
A10024018,37.607976450258313,127.110322872248076
A10024214,37.609204388583898,127.110962272394119
A10027498,37.595818792280681,127.094708456106474
A13123001,37.59687178275631,127.102190596624126
A13123002,37.602341418352367,127.104415923730002
A13123003,37.600126965149379,127.107973488990154
A13123004,37.598408819144574,127.106294586782326
A13123101,37.600210716211627,127.108766049868962
A13123102,37.601007561830578,127.109872089449979
A13176101,37.597229281494414,127.093364087615157
A13176102,37.602397144767082,127.110329318272321
A10022836,37.617656980300936,127.110351674262517
A10025137,37.61699488603778,127.093109164912846
A10025397,37.616446383331187,127.112238944282566
A10027297,37.602674676871054,127.096359277795557
A10027775,37.614169585817017,127.097169615823304
A13113001,37.606120499390251,127.09714505056624
A13113002,37.603471674992335,127.100127550832553
A13113003,37.606633792215654,127.097006327692981
A13113004,37.607692126313331,127.095471107306537
A13113006,37.603090991759842,127.096855504794377
A13113007,37.616555338402243,127.109745546056359
A13113008,37.61700088673939,127.10549404630828
A13176901,37.615783549370839,127.092084650842281
A13176902,37.611504236080776,127.095303165636238
A13178101,37.611557164814251,127.100254217022396
A13178102,37.605510570798941,127.098020701929926
A13186502,37.606081606759822,127.098957974373604
A13186503,37.603565449512288,127.101203311683435
A13186504,37.605579824042842,127.099833031178846
A13186708,37.609511540436898,127.097727249609605
A13186801,37.600248319324699,127.095851272126964
A13186905,37.603243307032166,127.099233779618999
A13186907,37.601905140804071,127.098006115762715
A13187004,37.605912699711766,127.094370459348198
A13187201,37.614172008138802,127.095243385531717
A13187203,37.613804894215193,127.093330498349403
A13187302,37.607208663206009,127.093796940046559
A13187305,37.611504236080776,127.095303165636238
A13187306,37.609557136169563,127.095245736332942
A13187406,37.604682905852513,127.101140699875273
A10020069,37.60234998152368,127.02825178549196
A10025140,37.597951954983273,127.012850546733944
A10027227,37.599575217216263,127.013055203382763
A10027350,37.597435808376481,127.021078126802877
A10028001,37.59979334958711,127.022320476332979
A13606002,37.597572007587168,127.010338177233194
A13606003,37.601655299139182,127.012565838057384
A13606004,37.596967505710708,127.012369858965357
A13606005,37.596967505710708,127.012369858965357
A13606101,37.595721214646268,127.022799623266124
A13606102,37.60314943760136,127.02756699764592
A13606105,37.596646824866362,127.022114031927885
A13606106,37.59887331624001,127.024388116366723
A13606107,37.59887331624001,127.024388116366723
A13606201,37.597328694749592,127.019119051210083
A13679902,37.598259138712258,127.015216146800356
A13679903,37.597541867846743,127.011765719541927
A13681303,37.602693236882089,127.026187754246436
A13681304,37.604290037715778,127.028794663138356
A13603401,37.591981666164358,127.009853752152722
A13603701,37.593321115155625,127.011170283808156
A13603501,37.591558374583677,127.01429680112102
A13603702,37.596521380706157,127.013471584340536
A13672101,37.582611812313409,127.013029804320638
A13672102,37.581637497228002,127.012820961884103
A13604301,37.584824296942031,127.014046076723645
A13670801,37.587725887372542,127.011682597251195
A13604401,37.59077740447141,127.012885987874938
A13607101,37.588960653472682,127.024915601103913
A10022341,37.584394393355353,127.023562832225537
A13607301,37.581662263826452,127.025539595392075
A13607302,37.582461206522659,127.024730389419673
A13608401,37.584365364165357,127.020844743411843
A10027189,37.581245431132572,127.018316464409864
A13608601,37.580927008399357,127.017593676342926
A10023669,37.586652053397792,127.020173149495903
A13608301,37.584910758831647,127.017545316894925
A13677401,37.582134607486509,127.0153433757866
A10022655,37.609087967190817,126.996723479949281
A10024056,37.617218755342691,127.001133139180141
A10024237,37.606183493117072,127.000459105686602
A10028000,37.601982085104758,127.010943686548856
A13610001,37.60033764490985,127.009980195159514
A13610003,37.600450588304071,127.017705542903784
A13610004,37.61647092336289,127.00333634971004
A13610005,37.613844894892217,127.006888964140884
A13610007,37.619278926576207,127.006637779167434
A13610102,37.603570864480083,127.018104573596887
A13610103,37.602630396000379,127.015153795405894
A13610107,37.604090990869281,127.017455457959983
A13610201,37.601315749810212,127.008931538989458
A13610202,37.606079086486041,127.009953862398717
A13610301,37.606362090839895,127.008649116674135
A13676501,37.599472635361963,127.018810713451046
A13676504,37.599751380898923,127.016441267743858
A13676605,37.606528601017104,127.016227454680703
A13676702,37.617419115399457,127.003760626095357
A13676703,37.614716992011509,127.010690333016683
A13676704,37.616316156179806,127.0072692287373
A13677101,37.599112800178453,127.018982956526443
A13677206,37.601007696490882,127.015085025781275
A13677807,37.599779344861957,127.010108470066527
A13684306,37.604886381674604,127.009247944373115
A13684605,37.607081418147416,127.014762358185394
A13684701,37.61935951197546,127.002217985001323
A13685104,37.602947842076851,127.00909074502168
A10022419,37.603799926389406,127.023461753854519
A10023926,37.607877143646704,127.026483433260083
A10025638,37.610218820160163,127.028281397162914
A10025753,37.608574035455412,127.016078248833125
A13606006,37.608437281383637,127.020112539654278
A13611001,37.611845335878819,127.018141828268085
A13611002,37.61011924485188,127.025925376162576
A13611004,37.602944358791909,127.023637145875185
A13611005,37.607116049184107,127.023259324721224
A13611006,37.611845335878819,127.018141828268085
A13611007,37.613028030129762,127.016411963344765
A13611008,37.607918501850399,127.018880934330355
A13611009,37.610801083428839,127.020675188817165
A13611010,37.607918501850399,127.018880934330355
A13611011,37.602998559778939,127.021438980918234
A13611012,37.608810344944082,127.018761891025363
A13611102,37.608606595770219,127.017426285717207
A13611103,37.604950467604816,127.02045215991788
A13611201,37.610801083428839,127.020675188817165
A13611202,37.61011924485188,127.025925376162576
A13679402,37.602998559778939,127.021438980918234
A13679403,37.608810344944082,127.018761891025363
A13680701,37.614098367482796,127.015861160975106
A10020419,37.600502945513071,127.032964813474777
A10024603,37.597373088150832,127.030141019957682
A13609001,37.601911201924779,127.03351112139444
A13671203,37.594233283394523,127.033898883673956
A13671204,37.597373088150832,127.030141019957682
A13671205,37.601312220881432,127.037049420640045
A13671206,37.603014906178657,127.029992248169606
A13671207,37.595512221321577,127.033653021842397
A13671208,37.599399159873606,127.031918169789762
A13671209,37.601203074365962,127.039100591660443
A13671210,37.601312220881432,127.037049420640045
A13671211,37.599399159873606,127.031918169789762
A13671212,37.599399159873606,127.031918169789762
A13671213,37.602240864454863,127.034823210165953
A13686302,37.600421266696642,127.030552336796163
A10020292,37.606891800959957,127.030273752376203
A10020750,37.607864279184831,127.030029712826277
A10021241,37.601821274378089,127.040456233131962
A10022464,37.605332350834765,127.034792629691182
A10023322,37.606854394875612,127.029934100998446
A10024661,37.603296858012058,127.042101192959962
A13613001,37.605332350834765,127.034792629691182
A13613002,37.597690808243385,127.042180863043981
A13613003,37.609585681056778,127.036828192704434
A13613004,37.606540646878862,127.030366596685241
A13613005,37.604211807457247,127.036351702248439
A13613006,37.59961137253886,127.042361678679484
A13613007,37.609585681056778,127.036828192704434
A13613008,37.605857474244864,127.039989556417041
A13613009,37.611224924745208,127.038823475473976
A13613010,37.605857474244864,127.039989556417041
A13613011,37.605055901498481,127.030987712575396
A13613012,37.605383758530643,127.027314951066515
A13613201,37.595234590112192,127.041006493179722
A13612001,37.60550308578636,127.046234212934635
A13612002,37.60701595591059,127.045873805320156
A13678401,37.60701595591059,127.045873805320156
A10020716,37.614466572450922,127.054417182004727
A10022357,37.611803746208309,127.058183404433763
A10023569,37.617692315364451,127.056528199554677
A10024488,37.618127803514369,127.047777870062319
A10024702,37.610178373728402,127.054997940406636
A10025245,37.618745829940437,127.051479483455637
A10025259,37.613652256732301,127.060801166593038
A10025461,37.617914864448991,127.053399454938486
A10026571,37.618979274512533,127.046526258765525
A13614001,37.619585987170211,127.047259120729464
A13614301,37.622309190403854,127.047559899446185
A13614302,37.62271379063786,127.049653861367446
A10020602,37.608195524777592,127.05264183302036
A10025283,37.606598306802177,127.061760337864314
A13615002,37.605757123420169,127.065843857297523
A13615003,37.613063797996411,127.067421644979163
A13676101,37.608695284479609,127.053703844882563
A13676102,37.608695284479609,127.053703844882563
A13676103,37.607155521450082,127.054109581440926
A13681701,37.6109694009767,127.066527360881636
A10020346,37.619808647733777,127.021455897042102
A10021203,37.633512700255721,127.026842156122996
A10021213,37.626821214064393,127.030465674015119
A10022183,37.625913947757454,127.031241987496642
A10022391,37.627379502338172,127.019140828211505
A10022897,37.625414773083563,127.019187482387153
A10023829,37.619314656117766,127.033141781235713
A10024034,37.634203369032704,127.023766343222562
A10025241,37.617474245518999,127.035000269048794
A10026947,37.616580456621165,127.036920779582161
A14210001,37.613858186395738,127.018842668785396
A14210002,37.613858186395738,127.018842668785396
A14272303,37.615544428349892,127.037051844296741
A14272304,37.619790638728148,127.014838409740079
A14272305,37.621675652677133,127.01294508163032
A14272306,37.614890938700086,127.035900156639883
A14272307,37.63081203175264,127.025431297341996
A14272308,37.616926864649209,127.019854022901825
A14272309,37.613576728233632,127.020555398235686
A14272310,37.619747862009326,127.008855654489921
A14272311,37.619790638728148,127.014838409740079
A14272313,37.613024674585937,127.026700066524754
A14272314,37.618343243295485,127.015754318294938
A14277601,37.625716450944829,127.020228121035245
A14280502,37.614175132901167,127.025888297787844
A14281701,37.617007847837407,127.022040402581794
A14282301,37.628694360045614,127.018871701149237
A14206001,37.641941010774083,127.031560688228495
A14206002,37.630672708710421,127.035722700709755
A14206003,37.625278976285337,127.046352002046717
A14206004,37.637590401816787,127.032279391783675
A14206201,37.631202254611772,127.035152743773395
A14206202,37.630597941346366,127.039644439389761
A14206301,37.623893972641689,127.037849978540635
A14206302,37.624561304935391,127.044894503671699
A14206303,37.627036099515408,127.03924710159356
A14206305,37.627169525786947,127.043428022638196
A14206306,37.625950946958667,127.042970845724099
A14206307,37.626559683778062,127.039578686363683
A14206310,37.627087880425968,127.045627052345679
A14270301,37.635789028119525,127.032608034141262
A14276311,37.628399193835619,127.042094559560283
A14286104,37.627194317120171,127.040526713753366
A14286108,37.626245702633874,127.037654098115922
A14286203,37.633144225096451,127.033905290552582
A10020326,37.634665817968965,127.020000579573363
A10021522,37.645431156546522,127.018616404390201
A10021929,37.642098841223643,127.019261327885644
A10023268,37.642169145065211,127.025495076402322
A10023955,37.636906214821551,127.023477073620441
A14207201,37.644385818930218,127.018668491505679
A14207202,37.644385818930218,127.018668491505679
A14207203,37.642098841223643,127.019261327885644
A14278101,37.641611638468497,127.012554251425044
A14209001,37.654549026425322,127.011154622830603
A14287102,37.662031895483736,127.01376996964396
A10021859,37.647121865081971,127.026585800563325
A10022118,37.655415335433979,127.03139669122244
A10022144,37.658498083101819,127.036002974579205
A10022967,37.661417732512469,127.038127655279695
A10023732,37.656570145313651,127.013850938028057
A10023827,37.660341786286779,127.039574206885362
A10023914,37.645865909947858,127.032590239386181
A10024827,37.649629925101607,127.027170690827106
A10026175,37.648490860083832,127.026327721681113
A13203001,37.653875974613172,127.01404989046118
A13203002,37.648233985626902,127.022973946035123
A13203102,37.651703853168478,127.027384268751021
A13203202,37.659700706246269,127.03469166778882
A13203302,37.646787173821401,127.028537650856634
A13203303,37.645270600676447,127.030213538528315
A13203401,37.652008765309112,127.029252843975513
A13203403,37.657327865892043,127.029559378744594
A13203408,37.658273588969308,127.03392963386716
A13286002,37.659325003112578,127.030861929464137
A13286105,37.655880041992575,127.032663514694846
A13286106,37.658958381317262,127.029333678375664
A13286107,37.655503730705007,127.028697943473006
A13286109,37.658949830698674,127.031714600284801
A13286110,37.656069326282243,127.030394922562877
A13286203,37.654655276198525,127.035210637470954
A13286304,37.657013278711212,127.036613085218178
A13286904,37.655794978947277,127.033945127459759
A13287503,37.650639710466663,127.024999074270681
A13287801,37.651230444733912,127.021741796520999
A13295201,37.647206844972743,127.029804594292884
A10019968,37.663889572577709,127.045652257396938
A10020507,37.66731425584473,127.045552009926524
A10021809,37.664652367557402,127.033254805114197
A10024463,37.667311501471232,127.044837685834921
A10024822,37.666962920004842,127.036335797604039
A10026279,37.664427825544593,127.044991354814684
A10026856,37.662254918296533,127.028745966860384
A10027555,37.66127141646389,127.033015204312221
A13202002,37.664641545135737,127.046656785930082
A13202102,37.661399551168358,127.035792172565607
A13202103,37.664817837717628,127.045623922478995
A13202302,37.664411075846793,127.026986237886476
A13202304,37.662550991613983,127.028403954749564
A13202306,37.661312662900798,127.03205123067994
A13202308,37.661692248525192,127.034588534071503
A13202312,37.65897448704203,127.026601246667084
A13272101,37.66666609686466,127.0457600575821
A13272102,37.663286288449719,127.03884171799784
A13276414,37.660447401314769,127.023054533856239
A13276415,37.658065526803668,127.026947138128278
A13276416,37.657724708535184,127.022890555166597
A13276417,37.660656683136317,127.032554208295565
A13282510,37.656700808589292,127.021559326931978
A13283405,37.658664124222781,127.025628199173482
A13283611,37.65888684950756,127.022747068680843
A13285305,37.666731206103769,127.039307966157764
A13285401,37.66304015319696,127.045090530031104
A13285404,37.668685386405599,127.04583846209502
A13285406,37.666443778954338,127.046543776753325
A13285503,37.664629891007735,127.029864784978315
A13285507,37.662870073425886,127.029308981044281
A13285601,37.663723058641409,127.028487245098674
A10024782,37.638751498535171,127.041044937494206
A10026109,37.648210382379098,127.044364817243661
A13201003,37.648225604611241,127.039002871741118
A13204001,37.653045804416941,127.045468931033042
A13204002,37.656237811673606,127.045800921890262
A13204003,37.633270571532186,127.043164025477438
A13204103,37.648463623017904,127.049283041494235
A13204104,37.646017241124241,127.048300299943676
A13204105,37.650740576884509,127.046038456436662
A13204201,37.638026424601676,127.035416256025201
A13204203,37.640959215080123,127.034003820612881
A13204204,37.642350097931171,127.037010227664425
A13204205,37.642765118576968,127.032541658819767
A13204301,37.633285303678463,127.042313917481763
A13204302,37.641493483054361,127.041538135759083
A13204402,37.65841076448288,127.04599175740212
A13204404,37.661361069219637,127.046756101012605
A13204406,37.659579731882587,127.047617248622799
A13204408,37.642992353432085,127.053986141288206
A13204409,37.656615407466816,127.047895988525639
A13204501,37.661667224981251,127.044339269925757
A13204502,37.655649364898842,127.042800209364714
A13204503,37.65594766424654,127.040701032594882
A13204505,37.653329545116939,127.044254183435925
A13204506,37.654176592658082,127.046539029214983
A13204507,37.653799516584819,127.042256053911956
A13204508,37.652549897766889,127.043091288980619
A13204510,37.657833749438623,127.043614437597114
A13272201,37.646290671416367,127.049092132516606
A13275001,37.640409457546681,127.034018589216885
A13290003,37.651214930193568,127.049867237406005
A13290105,37.6472673406113,127.052305566450883
A13290107,37.648514309779401,127.050756400575196
A13290404,37.656934549000361,127.041840006868043
A13290809,37.653333707232896,127.038370453893876
A13292002,37.645927249985895,127.034426204012163
A13292501,37.647111323982095,127.035268988096874
A13292701,37.660911779796336,127.049468560112516
A10020195,37.674089913185462,127.047279694142802
A10020905,37.685547634951938,127.043070405749219
A10026714,37.684724468236141,127.046976895294279
A10027136,37.677972759922312,127.042118914794798
A13201001,37.677433623696615,127.049572795359353
A13201002,37.683414204465642,127.050818188660216
A13201201,37.676174031264097,127.047811355490097
A13201202,37.688020555670363,127.048601421620035
A13201203,37.682328912700619,127.049849404327219
A13201206,37.680931214086733,127.047328847855084
A13201207,37.681257687128948,127.047848543922356
A13201208,37.671484816792372,127.047216145275726
A13201209,37.6853774150456,127.048016341468838
A13275301,37.683245476996802,127.049118030427181
A13275302,37.670736640557919,127.047198012571954
A13275303,37.684370328044309,127.051005225683397
A13280104,37.682235185017667,127.048908666291766
A13281201,37.686577448724179,127.041340153248797
A13281802,37.679254449446482,127.0449121560832
A13293505,37.679378127870393,127.046601147121621
A10020255,37.617233473330522,127.06645700443184
A10020305,37.622377180772141,127.060783836849936
A10021254,37.620759855410931,127.062153153082406
A10024636,37.62063893718161,127.061145344668063
A10024812,37.615921366938238,127.067507069620717
A10025097,37.631135599704017,127.057672318223325
A10027121,37.640975803676291,127.052252647120625
A10027716,37.62102682172663,127.054015415607637
A13905003,37.616970548674807,127.066039280245562
A13905101,37.622054770508633,127.061340995484514
A13905102,37.622105982757887,127.060570126691417
A13905105,37.617753596600508,127.063292573595959
A13905202,37.63185931622246,127.044158666579619
A13905204,37.63244613584623,127.044404417850245
A13905208,37.631744885721702,127.042538698350398
A13905301,37.623650924228272,127.063983331319463
A13905302,37.628745266696278,127.062026981046344
A13984003,37.627172156391829,127.063169476959743
A13984004,37.615815863672495,127.068232860119835
A13984005,37.623567019053652,127.065672304862218
A13984409,37.632219602066989,127.060725915331076
A13984411,37.632088727065707,127.05946867875268
A13984603,37.618687778071163,127.060001014612837
A13984604,37.616634621716429,127.060511679740998
A13984813,37.627250612818031,127.052833631508364
A13984814,37.628110416390548,127.051389216154263
A13985103,37.633057795493251,127.05113280526524
A13985105,37.631961845345231,127.049734059057101
A13985106,37.635821994533842,127.050368135993281
A13985107,37.632147075586083,127.051036282563842
A13985201,37.629549789043651,127.045952054638917
A13987501,37.622738095237608,127.058469990318486
A13987502,37.629463980948181,127.0589741871282
A13987503,37.621273272405681,127.06205948793928
A13991015,37.629927077609963,127.045621100504917
A13991016,37.632220366739361,127.0585158947612
A13991017,37.630031041092792,127.044532492112594
A13991018,37.625889288426279,127.050382645029046
A13995602,37.630110639749077,127.060772328000155
A10020049,37.624621706381198,127.090925795938844
A10020204,37.566296823995422,127.04449054798684
A10021097,37.617341380876631,127.073810301272516
A10022152,37.628389611474006,127.075696470157155
A10023478,37.617514513721744,127.074330547718915
A10023990,37.619483725966006,127.075520458449859
A10023991,37.626060450894542,127.082237223412037
A10026289,37.625663206832961,127.071994932937713
A10027622,37.61860348272625,127.076375314509576
A13924003,37.627718964377252,127.079712072301163
A13924004,37.626816960491723,127.082063000236161
A13924205,37.628145977800415,127.07813440796474
A13974401,37.620617537759067,127.07750838429692
A13980004,37.623161957791616,127.085879700422339
A13980006,37.621719918401858,127.085910363406484
A13980009,37.624942915804745,127.084827246773202
A13980010,37.622929061467516,127.088872644465539
A13980012,37.626651949683172,127.086392969541521
A13980014,37.627962717214309,127.087484985626205
A13980017,37.62466188955495,127.086936613497201
A13980018,37.626071995840483,127.088084724553767
A13980019,37.62451350073006,127.083186458168015
A13980102,37.628035199653418,127.074893857122433
A13980105,37.626448457791774,127.069814581891137
A13980107,37.627791344550616,127.069784176648156
A13980108,37.628503193125866,127.072205304575604
A13980401,37.624631899776418,127.080987336284196
A13980402,37.628886397901908,127.075988301738661
A13980403,37.625953904438113,127.080152644812713
A13980407,37.62150287446218,127.088279913240441
A13980411,37.627907576706157,127.077002478681806
A13980413,37.624172788066844,127.081148564197065
A13980415,37.620939195786704,127.079240315640419
A13980509,37.63044651008483,127.071219514504804
A13980510,37.630672181727768,127.066378948302514
A13980511,37.628020597558695,127.068388923085195
A13980512,37.630946093397768,127.069799990895575
A13980513,37.630019937087859,127.065487424303726
A13980604,37.622903432958928,127.071534812016182
A13980706,37.620904922077379,127.072214852420856
A13980801,37.619500254083682,127.07260817154814
A13980803,37.618381176118334,127.072217981298465
A13994501,37.626710441828827,127.077462566458834
A10026660,37.639007072700998,127.073108511985339
A13923001,37.639725987888831,127.070032732536646
A13923102,37.637309418772013,127.077243872077503
A13923103,37.63810071796523,127.069248696969197
A13923104,37.635928163934047,127.069159233343925
A13923106,37.644781700117548,127.072293328316817
A13923108,37.632300841187664,127.07055152119284
A13977913,37.642956330228003,127.073493974806993
A13987205,37.638927155378099,127.070955425789123
A13987301,37.632621034538637,127.064463600003364
A13987302,37.634194677894747,127.065905131233279
A13987303,37.635367436193022,127.066181656114878
A13987304,37.632744058880974,127.068508940754938
A13987305,37.636887128399202,127.060347079714077
A13987306,37.634777781470817,127.065153707849618
A13993501,37.639356554002894,127.077549638572563
A13993502,37.640242353832157,127.075731080229104
A13993503,37.63810071796523,127.069248696969197
A13993901,37.636887128399202,127.060347079714077
A10020107,37.674109646879671,127.054831868407504
A10020253,37.659746812441306,127.063250781851835
A10020593,37.673120664423607,127.050732830306004
A10020986,37.659831751180704,127.069191194357884
A10021185,37.659318569886494,127.062006161727638
A10023024,37.665049207541848,127.076304239366038
A10023060,37.665049207541848,127.076304239366038
A10024434,37.676872799013871,127.051413298493301
A10024547,37.663293497863535,127.062016821433673
A10024770,37.671589987338976,127.051150276957799
A10024778,37.672231170276618,127.051475260272554
A10025133,37.665547005292602,127.074373866818206
A10027533,37.677015907283703,127.058284613126673
A10027601,37.643069963020665,127.060253967105879
A13920001,37.672502874799697,127.056587756360742
A13920102,37.675381071951577,127.05977984216338
A13920104,37.674718483998497,127.056143656491557
A13920105,37.674191338474856,127.059786871167717
A13920106,37.677757016669261,127.056420403733
A13920202,37.6531624594055,127.069354430141516
A13920205,37.654374812184017,127.070605811790159
A13920207,37.653160637425813,127.06885563020198
A13920209,37.655102752481923,127.067551994634741
A13920501,37.667456263760485,127.068977044958316
A13920506,37.660727907656479,127.072723394539082
A13920703,37.652702206234721,127.06428965882516
A13920706,37.650251745908157,127.062172778239315
A13920707,37.65357040089193,127.062640770021943
A13920802,37.667815353948086,127.054041732707475
A13920803,37.670301477715611,127.053629983729294
A13920804,37.66365419582408,127.054837625866483
A13921005,37.664480585619842,127.058880470137595
A13971501,37.64626404745951,127.061153316143844
A13971502,37.65252626141028,127.060594987067859
A13973201,37.657681406636947,127.065326267269313
A13973202,37.659318569886494,127.062006161727638
A13974101,37.685389440842513,127.053539578071238
A13974102,37.686601271385271,127.054609773935155
A13974103,37.683424305263458,127.055864961699342
A13980903,37.672223718520783,127.081320869011194
A13981001,37.663946400583441,127.077931876884676
A13981006,37.663186248460427,127.077085821286445
A13981204,37.668110411467431,127.080414189012799
A13981208,37.667238391200499,127.081054068025935
A13981304,37.666599185128845,127.068755228542514
A13981402,37.665971706990291,127.079700561398766
A13981405,37.66339155455104,127.079046158276114
A13981407,37.662592363140632,127.074855597071661
A13981604,37.6586560521134,127.063211821965481
A13981606,37.657073214170047,127.071542596440693
A13981608,37.657713485656629,127.064249037505505
A13981901,37.667182748386246,127.063229889169477
A13981903,37.668851621024302,127.058763887850006
A13982002,37.666324972039583,127.067713663616274
A13982003,37.667603966966325,127.067468130669937
A13982005,37.664947205265989,127.068061805970274
A13982101,37.660342001853778,127.065775600227354
A13982103,37.656566416202317,127.070978652735761
A13982202,37.665924892519087,127.059461526498922
A13982301,37.666782825281231,127.055102406867121
A13982604,37.666759327751336,127.065726877380683
A13982701,37.661036496942899,127.05621379305866
A13982702,37.659930479319371,127.056911972179407
A13982704,37.660345227715993,127.061773376212074
A13983004,37.650420440658216,127.059065674122365
A13983101,37.641677967356863,127.05679370785856
A13983105,37.647440889558425,127.060103504854524
A13983608,37.673694557698482,127.059506313019781
A13983707,37.672677894240223,127.052810639911755
A13983709,37.67188370538171,127.050173315794837
A13983712,37.671770832567205,127.053677879597714
A13983713,37.67710604482405,127.053498497875793
A13983801,37.676358288690224,127.058379232858087
A13983803,37.674473539714917,127.050962809898579
A13983810,37.679536351095706,127.057407783042393
A13983811,37.681842219616229,127.056997149581562
A13983815,37.680458753185761,127.053433040752125
A13983816,37.680822238181591,127.054213377287297
A13989701,37.666646967232417,127.079492657770061
A13989702,37.666247029032021,127.078553810728963
A13994302,37.652118518928283,127.067331235577285
A10022333,37.659801398026239,127.073238897240245
A10023027,37.658495205695161,127.075944678785405
A13922001,37.660253674400089,127.078701071220962
A13922002,37.648755287262432,127.081985437914042
A13922003,37.659501417281732,127.075031950084565
A13922102,37.65151463385579,127.072277388478838
A13922103,37.65462869631822,127.073506577164039
A13922105,37.654473790888652,127.073042654263944
A13922108,37.65149870012425,127.070372973137324
A13922110,37.653372171136432,127.072493466722861
A13922111,37.646810282906323,127.074945570883102
A13922114,37.651383193745559,127.075815078267354
A13922406,37.654841143269827,127.077439252209004
A13922901,37.649000395992978,127.085033441228475
A13922903,37.646796337829095,127.07859572542084
A13922904,37.647606266743708,127.080767615483438
A13922905,37.647805420612009,127.083555100947464
A13922907,37.649582589114409,127.078908728240521
A13922908,37.648821549443603,127.082880606324125
A13922909,37.648610296620845,127.079231623451022
A13922910,37.64744161024398,127.080088396816535
A13972601,37.647708702764817,127.066710679470475
A13972602,37.64465639386308,127.067589893554725
A13972603,37.642574281813921,127.070050321150447
A13985402,37.646952523713523,127.084512058753361
A13985406,37.64559434216514,127.082762628515198
A13985605,37.659848567175906,127.076322460007106
A13985904,37.655441562030894,127.0739667426773
A13985907,37.656738025897823,127.073562534700287
A13985908,37.657179241011512,127.075940826255604
A13985909,37.658022836943459,127.077432557496465
A13986004,37.647806166030442,127.073670287010302
A13986009,37.646470287249677,127.073145150208873
A13986012,37.649515555259448,127.072798975871919
A13986013,37.648048354242967,127.075845381301846
A13986111,37.652213712494557,127.078689815097917
A13986201,37.652698686556562,127.073188856245494
A13986207,37.652231490244461,127.071116957819484
A13986302,37.638530844554438,127.063658365838336
A13986306,37.64449765887651,127.063646135151274
A13986504,37.643121906750181,127.066986694519159
A13986505,37.645922720888869,127.068806786579898
A13986509,37.646265793147727,127.064055206883566
A13986606,37.650187944711412,127.069326262310739
A13986701,37.661260129244617,127.075339383957726
A13986702,37.659060306812073,127.0726876019326
A13986703,37.662364463701969,127.076648301388602
A13993001,37.65062926883251,127.081759545954483
A13993002,37.648041923104202,127.084165915172676
A10020526,37.581406010706793,126.899928270585605
A10023076,37.5857675400649,126.894445312500153
A10023079,37.583188749075731,126.896017850448104
A10023126,37.585204561761437,126.897156836621434
A10024086,37.581406010706793,126.899928270585605
A10024828,37.585430043039295,126.890166728061402
A12209001,37.58099366075799,126.902151392318544
A12275501,37.579624216460914,126.898719432056694
A12287202,37.585380762861007,126.899896364561798
A12287203,37.586161004840505,126.90089814623542
A12287204,37.587438556081452,126.900434844678401
A10024774,37.603649551374957,126.92312138797152
A10025836,37.601531458963443,126.936188405999161
A10025846,37.602584039452523,126.935772623075025
A10027816,37.608522480916832,126.937370580956397
A12283601,37.605415335260552,126.924795814977998
A12283602,37.599839004670216,126.93851218135552
A12283603,37.59988536524564,126.93689186398008
A10020749,37.616858028073651,126.923914504730874
A10022158,37.614515379857146,126.933393686853876
A10022256,37.613813939131902,126.933727595555496
A10022803,37.6186845734996,126.923265858759663
A10024026,37.612074008111087,126.929911147696103
A10024198,37.612825274769293,126.934312943748282
A10026061,37.620141613794118,126.931911886367516
A10027568,37.611533850086211,126.935671022195834
A10027569,37.61978345663573,126.934282889039864
A10028056,37.615655723517705,126.926892460940167
A12204001,37.621741227865705,126.932794923716457
A12204002,37.62519463534975,126.92932366652856
A12204003,37.612386384451391,126.93866712269778
A12204004,37.619332913118271,126.934308965737486
A12204005,37.611626471820692,126.936191513077205
A12204006,37.613384029750229,126.934297380594273
A12204102,37.61200068409147,126.933401436437094
A12275201,37.611878957010028,126.938104423093634
A12275202,37.617264003441548,126.927695954720434
A12284701,37.614468028738187,126.932918158252136
A12285703,37.613973090102903,126.927483234846633
A10021288,37.622806049208123,126.910972879604799
A10021391,37.628903144014814,126.913599314780257
A10022512,37.617825629986967,126.91904596813022
A10023157,37.617413526011987,126.906868241307961
A10024128,37.616455733660239,126.908190240233282
A12205001,37.618572608160925,126.913351854104405
A12271402,37.612208743230518,126.916902916004915
A12281701,37.623197847691451,126.911819686452844
A12281702,37.62154278550021,126.914314374883361
A12281801,37.618041691558119,126.909911342257502
A10020141,37.614673116909643,126.906799363914018
A10022261,37.616951127890182,126.906328025202058
A10022339,37.612542798874337,126.906170455922705
A10023734,37.612262020690544,126.91491969391582
A12205003,37.612617809251901,126.906747708299847
A12205004,37.61321038861194,126.90628978231814
A12276901,37.605466375134725,126.904198774838136
A12282102,37.611639052357965,126.909282122972925
A12282201,37.610439972598442,126.905632004494606
A12282203,37.606146523725457,126.905020394980696
A10023467,37.612882292147418,126.927446275897623
A12284501,37.609519291707848,126.921693804405635
A10020158,37.591735603084572,126.919803874181255
A10020935,37.598034383382668,126.926857726756822
A10021263,37.600786818385927,126.925692424899836
A10023994,37.596057683568098,126.924437397255204
A10024313,37.600648246649662,126.934325857475784
A10024831,37.598625514989052,126.933548193594362
A10024947,37.596648269679328,126.921714138682816
A10025310,37.594894383527638,126.922475339338703
A10025683,37.591649735581512,126.922511740952501
A10026834,37.590976610492909,126.921259634595984
A10027547,37.597910929772169,126.916380138023527
A10027551,37.599702474276462,126.921441274490959
A12201001,37.586868390064232,126.923488780087993
A12201002,37.589696835098778,126.923127156404206
A12201003,37.592946609306722,126.925990557279121
A12201004,37.592946609306722,126.925990557279121
A12201005,37.59922295228359,126.92661071392898
A12201101,37.596856585056017,126.923762892199463
A12201102,37.599366800343027,126.922837263074115
A12201103,37.597875379284893,126.925669491346525
A12201301,37.583426109675003,126.919981630457045
A12290901,37.588502023957801,126.923940575352901
A12293002,37.5843270651823,126.918071857539417
A10021056,37.603553502989662,126.9073748209412
A10023728,37.602953121278745,126.91895772669244
A12289501,37.602475031053707,126.906205177938446
A10020045,37.597922303414641,126.909605819090885
A10020307,37.590789453362177,126.907158890127477
A10021335,37.590498160750798,126.908384518446539
A10022090,37.595706327981205,126.91348611026676
A10022477,37.598541803989683,126.907323948595419
A10022590,37.597562055688613,126.907864140202875
A10025659,37.598107380937357,126.908766072082926
A12208001,37.600116755131175,126.905057088849276
A12208002,37.590595050124278,126.904351328916704
A12208101,37.600158264643099,126.913349206416754
A12208102,37.599978703145162,126.90449176560368
A12208103,37.598857670972002,126.905610872362885
A12208104,37.602495451069352,126.9048908709388
A12208105,37.597927950567417,126.907136239425753
A12208203,37.589565743779467,126.905786718138685
A12208204,37.593705270956903,126.908053286796275
A12208205,37.589382756124571,126.908835094640153
A12289401,37.593488753737212,126.906219951936023
A12289402,37.592462121893483,126.906398018723607
A10022560,37.584150782784135,126.906203523018036
A10022981,37.581183485652886,126.90404124986182
A10023056,37.583349164078491,126.908112646911519
A10023737,37.57861884794459,126.899531607049539
A10023875,37.581183485652886,126.90404124986182
A10024581,37.587592380572531,126.907693944317998
A10024769,37.578810592620577,126.903573178356481
A10025969,37.586585451845188,126.911813415134674
A12275801,37.587592380572531,126.907693944317998
A12294102,37.581784499892052,126.903470174268719
A10020576,37.633419714161107,126.932207491067004
A10022206,37.639486503961656,126.919410055710557
A10022263,37.634628822527205,126.925035377999038
A10022468,37.645685666348456,126.928226088655336
A10024123,37.627551007234253,126.935753928074021
A10025677,37.630351671563474,126.920365107437135
A10025765,37.634872543216957,126.917757228608082
A10026376,37.639875456580789,126.9196903916812
A10026414,37.63962126994079,126.917493480490435
A10026842,37.643578032101964,126.932266198825559
A12220001,37.647391294164017,126.930525488444999
A12220002,37.640901247376412,126.928568796349765
A12220003,37.645148537216478,126.925271687482919
A12220004,37.640769024923642,126.921780351466879
A12220005,37.644330401839767,126.923849756661042
A41279901,37.641731677753498,126.930682043377047
A41279902,37.648109007132057,126.927969459805567
A41279903,37.648940057262429,126.9320780167279
A41279904,37.649561290471382,126.930066815225501
A41279905,37.646685284353737,126.928048392400527
A41279906,37.644856910317841,126.928323123713156
A41279907,37.64395500649011,126.928205349344637
A41279908,37.646394868794523,126.925783517444046
A41279909,37.630700949879028,126.921745035574915
A41279910,37.633762472172421,126.919295924348802
A41279911,37.631833365216288,126.921078929878277
A41279912,37.632264149900088,126.928090938774403
A41279913,37.632505946844496,126.925913072985395
A41279914,37.632603550707969,126.923747640191195
A41279915,37.636796484302266,126.931535754298324
A41279916,37.634498318541098,126.929717202634222
A41279917,37.634979549817039,126.923026597544421
A41279918,37.635582248828868,126.926478766188794
A41279920,37.643595198076007,126.919128706283843
A41279921,37.642550984634738,126.921233798016985
A41279922,37.638200859755045,126.936818157460038
A41279923,37.635999138969233,126.936302081146238
A41279924,37.628559707355997,126.933706397598783
A41279925,37.638053409510434,126.934257730764244
A41279926,37.627061966747419,126.933389116564939
A41279927,37.643752682741983,126.916339044485198
A41279928,37.641595840983868,126.917625414640725
A41279929,37.635665100587929,126.932428416684914
A41279930,37.630696413686131,126.930074916942203
A41279931,37.642786330745068,126.915949882079275
A41279932,37.633700936689777,126.934460734510779
A10023116,37.563863938509463,126.963172052236985
A10022194,37.561985798223603,126.962438228993435
A10024966,37.561399941876999,126.962442438402718
A12070201,37.560238671264834,126.96474924139126
A12003001,37.561714022700798,126.966108731505514
A10020056,37.566218944534199,126.961739731419883
A12005001,37.566381350883503,126.959802263234167
A12070101,37.566218944534199,126.961739731419883
A12004001,37.567314000348802,126.958765086700737
A10019979,37.570617898887768,126.95985093381816
A12007001,37.569768094638313,126.957331841052323
A12008001,37.574827238181228,126.952040485372862
A12008003,37.572640876796328,126.954830966891905
A12079601,37.572640876796328,126.954830966891905
A10023016,37.560849494625849,126.956400150885116
A10024719,37.562605790626961,126.95027307018816
A10026370,37.55813850333179,126.952943949865741
A10027851,37.559574951852923,126.953658078294154
A12079501,37.559375915444548,126.94961746177944
A10020829,37.586670557651253,126.936651637536841
A10021965,37.585393814840771,126.94492942866566
A10023330,37.581982669613097,126.949836152283922
A10023560,37.57991323720919,126.950621509802616
A10023959,37.590371359221308,126.947305117810799
A10024620,37.584033553253548,126.950874382556478
A10025767,37.583976022972301,126.948201857677887
A10027681,37.584222716526753,126.941245821400457
A12009001,37.595153934400187,126.952344575081256
A12009002,37.585161992607439,126.947388941233299
A12009101,37.588995990024912,126.938537013678456
A12009102,37.588494016496547,126.941021337977887
A12009201,37.583697261690993,126.942586217146044
A12009202,37.578732042799409,126.950528261534714
A12009203,37.582681690006183,126.950906964172361
A12009302,37.592206318590016,126.948424277099377
A12009303,37.588941272834681,126.949886876717486
A12009304,37.595153934400187,126.952344575081256
A12009305,37.592786437228241,126.949122293214216
A12076401,37.590379567097443,126.949060744959837
A12078201,37.58584998501729,126.949954932540379
A12078704,37.586693319582608,126.951047393534395
A12078705,37.58584998501729,126.949954932540379
A12078706,37.580363510089427,126.952475583586704
A12078707,37.586693319582608,126.951047393534395
A12085303,37.582798848949153,126.948969379814216
A12086001,37.593740137966712,126.946827102377327
A12017001,37.559161901080259,126.948181105098143
A10025822,37.576262215279698,126.929595391374164
A12011002,37.561222662507141,126.930400750214304
A12071101,37.575813275350079,126.93746955472092
A12071102,37.565000749052039,126.926975034902483
A12071103,37.575961312688527,126.936381257572521
A12071104,37.564059587779248,126.928057931085277
A10020562,37.601204892695705,126.947179667199194
A10023449,37.593305185892497,126.940600219215156
A10023482,37.586058690811193,126.925647031783242
A10023562,37.598444284998152,126.9466450094842
A10024532,37.599463585363615,126.944892887585638
A10025166,37.596925194340002,126.945614082622257
A10026604,37.593579977258216,126.941527017231877
A12010001,37.599530089610624,126.943702911085964
A12010101,37.594799530524575,126.942106942588723
A12010103,37.593045829074711,126.942935609016544
A12010104,37.595112873689978,126.943565880800563
A12010202,37.603484192036653,126.948873480067959
A12010203,37.602210884437277,126.950287646465796
A12071001,37.57910992034973,126.93135173960988
A12071002,37.597338120385146,126.937636057636055
A12071003,37.593105711268812,126.934677468402967
A12071004,37.57951232804507,126.932560493005766
A12084302,37.597193085174879,126.9450796766682
A12084504,37.589954133907632,126.93721588988042
A10024428,37.575209485399576,126.904417279578325
A12013001,37.577597281308336,126.911453773763355
A12013002,37.576920500967411,126.91492453884976
A12013003,37.573632172131269,126.908008370895601
A12013101,37.576964393993272,126.907461042229727
A12013201,37.580473173782565,126.917025932644634
A12013202,37.576469133803229,126.912968863993356
A12076601,37.576469133803229,126.912968863993356
A12081602,37.576820422784209,126.903928801143664
A12081703,37.575905963561908,126.9084886618148
A10020267,37.571053938178608,126.915162944408976
A10023709,37.571318961826094,126.915896939421557
A10024938,37.575425569549388,126.917008662268501
A10025130,37.576119609946382,126.918837875764439
A10025976,37.580279487853929,126.919790858257642
A10027019,37.569895389267259,126.917833119899797
A10027817,37.57408449496014,126.913757651750302
A12012001,37.575372527150108,126.919047527081261
A12012101,37.57166814534073,126.913606730641519
A12012201,37.578972973352712,126.916222210158637
A12012202,37.578972973352712,126.916222210158637
A12012203,37.575291854832322,126.920973355905403
A12072801,37.575889380055763,126.916019788065199
A12072802,37.575291854832322,126.920973355905403
A10022480,37.552192362159936,126.955489409771275
A10022941,37.5542774846935,126.95614221050856
A10023508,37.555562974877901,126.951502273009197
A10027090,37.555142391298872,126.959985298437886
A10027906,37.552280703701655,126.959020998193523
A10027951,37.554352386554775,126.958711661926415
A12101001,37.556309439877232,126.958957908802276
A12175202,37.552192362159936,126.955489409771275
A12175203,37.553324393560374,126.950805431336633
A10023118,37.546277194603242,126.949159085809441
A10024408,37.545697286546499,126.948506778266278
A10024626,37.544980141538403,126.949349752158497
A10027748,37.544740673334758,126.948253462994018
A12102002,37.54728778110141,126.955219435086462
A12102005,37.549132741465129,126.950722980208923
A12102008,37.550918000574811,126.958657253285295
A12170601,37.549836980125683,126.950978192437802
A12170602,37.550918000574811,126.958657253285295
A12170603,37.549271061807126,126.953337069007816
A12180401,37.548606762916897,126.95003627759796
A12180404,37.547369000603553,126.951347229983895
A12180407,37.547369000603553,126.951347229983895
A12180506,37.547426076093011,126.951992081094502
A10024334,37.542840413081457,126.952467121703194
A10027504,37.542420936207101,126.953364450525356
A12103002,37.545734237947642,126.956475969896402
A12103006,37.543500317117584,126.952881132670456
A12179001,37.541949255835682,126.954669658648356
A12179002,37.542162094321455,126.955867998954119
A12179003,37.546652945326478,126.95829188419728
A12179004,37.543172801074832,126.954173991814073
A12179005,37.544535691945917,126.956529952103153
A12179006,37.541742122637032,126.956663427328522
A12185303,37.542665841948804,126.955649261615235
A12185304,37.546652945326478,126.95829188419728
A12104001,37.5403849501322,126.953594384660661
A12104005,37.54003210980315,126.951367037958633
A12104007,37.535911206234402,126.947130052100817
A12170401,37.540513645074583,126.952189830966418
A12170402,37.539977417924931,126.945447398440677
A12181403,37.53747073233,126.951034915445277
A12181404,37.53747073233,126.951034915445277
A12181406,37.54032215025304,126.955609703951239
A10021282,37.540796008293263,126.94127575589296
A10022303,37.539936681428067,126.942538619413725
A10028006,37.540765416509679,126.944343570034206
A12187501,37.542718865366346,126.941906634847257
A12187602,37.543325047399328,126.942388871399956
A12106001,37.539471178583206,126.941308280469983
A10025672,37.536160500303943,126.946471720572205
A12105001,37.537021412283679,126.945537203738766
A10021649,37.544472973093221,126.944983936461
A10025003,37.55474643918005,126.944579425001976
A12172401,37.549210806431937,126.942378989502558
A12172402,37.556299636660128,126.943277205344273
A12181101,37.54734761812913,126.941023088840637
A12181102,37.545663197987132,126.943163872754056
A12181103,37.545663197987132,126.943163872754056
A10019997,37.54509594603828,126.945205721034554
A10024347,37.552868755841054,126.947808620157957
A10024597,37.543055957761318,126.946499981933002
A10026036,37.551292530554399,126.949982579646118
A12109001,37.543766672023288,126.946211728421247
A12109002,37.549100717925597,126.945798681024996
A12187403,37.551818553005234,126.948744705349597
A10020279,37.552654651666941,126.936828536063942
A10022963,37.553956928825563,126.933965719088377
A12172201,37.556258079759843,126.942111364144338
A10019978,37.548401129417989,126.935117159117596
A10024974,37.550727659687837,126.935337341771216
A12111001,37.549399096922308,126.934588870518539
A12171201,37.546606987116895,126.936907998706076
A12185504,37.54654939558678,126.938063110373506
A12185602,37.547482127083491,126.937082543844554
A12185603,37.542703262256985,126.936722284471486
A12185605,37.548197690299993,126.934043235036199
A12185606,37.550623775410322,126.936232483905982
A10027714,37.545891522203647,126.91216726841256
A12112001,37.542793705528645,126.933020026890603
A12112002,37.542951436629295,126.933958378328782
A10020640,37.548224938646378,126.932209087246605
A10024425,37.549635753433591,126.931315359618196
A10025633,37.549972685937057,126.930158068742102
A12119004,37.546438603882606,126.929992526473086
A12119006,37.548749191889883,126.930642852985045
A12119007,37.551075347236726,126.930783652831082
A12177801,37.546862864094479,126.931993010412555
A12177802,37.551075347236726,126.930783652831082
A12188201,37.552561404870218,126.932413936620875
A12188202,37.550880766685097,126.931554962630045
A12188205,37.553759297504001,126.930355666572964
A10028177,37.547255101275987,126.925503399483219
A12170702,37.546430954654241,126.926551196987717
A12182901,37.546779856252073,126.924159918596914
A12115001,37.545149047858949,126.927998677098955
A12114001,37.544211853452857,126.93177540442538
A10024784,37.553753977613162,126.923687366262257
A10024891,37.550799369880593,126.916713732797959
A12174601,37.550162382046032,126.91367337156764
A12184201,37.557334493965477,126.916787336975645
A10027301,37.55099953484654,126.911640347795995
A10027902,37.550046174884883,126.912055394164
A10022359,37.558992762305408,126.902327227085578
A10023665,37.559707497789411,126.901076059420518
A10023755,37.558994813270651,126.899179627787035
A10024150,37.556329485733869,126.901476717884407
A10026053,37.553136087373041,126.902736285624314
A10027572,37.67129948255414,126.851194671368674
A12123001,37.558487371707173,126.898651560770119
A12182101,37.55324323818914,126.904320422555287
A12182401,37.557426479602682,126.899180898816695
A10024587,37.561685690069311,126.92366024132464
A12186901,37.563781738852938,126.920983194241884
A10022213,37.565055806459043,126.905302073041383
A10027157,37.569151862924898,126.913298068920284
A12125001,37.569858749310008,126.905060056138296
A12125202,37.570421927438751,126.907716710105518
A12171101,37.56736884657154,126.913629112801544
A12185001,37.568581448678032,126.912781653093518
A12185003,37.564621864722483,126.901478317042645
A12185004,37.571288316662717,126.902568705740904
A10022429,37.569854222950347,126.909544351809885
A12187703,37.570704455820277,126.90833729367894
A12187901,37.570729363765018,126.906117588613839
A12187902,37.568766890970011,126.912010183842
A12187904,37.574382557100122,126.901309608407473
A12187905,37.570885489844358,126.906693875117284
A12187906,37.572097299142882,126.905699053959566
A12127001,37.57960987614895,126.887167682344383
A12127002,37.57958142640426,126.885163328604762
A12127003,37.572380631414958,126.890556259189964
A12127004,37.574565468952699,126.891251903140201
A12127005,37.581517229319608,126.879597844942595
A12127006,37.576442575978497,126.888212879991443
A12127007,37.575956296958971,126.893539516060258
A12127008,37.578201817657209,126.883328675421353
A12179501,37.574937258717071,126.896956500555874
A12179502,37.574008914340602,126.896963986779525
A12179503,37.587979282718877,126.881209224853379
A12179504,37.584129751914027,126.879338317117117
A12179505,37.585689478451528,126.879415976960502
A12179508,37.586015693892591,126.88146333289238
A10021466,37.508307643804137,126.86559716120064
A10022222,37.520171396875533,126.849393565124686
A10023593,37.52549606004132,126.855549121774686
A10023886,37.516781995022249,126.852614057519119
A10024398,37.520162211420832,126.851000565337444
A10025649,37.513307436736,126.833996454167035
A10025729,37.510010308273948,126.868796158958205
A10027375,37.520849311736683,126.857976861937559
A10027396,37.506009069255427,126.836052596913518
A15807001,37.518296887407807,126.871080105944117
A15807002,37.513651520106109,126.853750004976277
A15807003,37.510652432713108,126.833103539490622
A15807004,37.511693866471397,126.829190580530678
A15807005,37.511476540982699,126.843449452490233
A15807101,37.518518443624757,126.865318349807595
A15807202,37.518493385210789,126.872436388904376
A15807204,37.517333745328457,126.874720602049635
A15807205,37.520058516109273,126.875229732493153
A15807208,37.515716833266922,126.875763820582662
A15807210,37.521902558785953,126.872826549419685
A15807211,37.521557628104837,126.877480545509101
A15807306,37.51299911820518,126.843322962165601
A15807311,37.511873096094725,126.85324484527608
A15807313,37.512774297050207,126.851573730220636
A15807315,37.510932085070188,126.839561881544839
A15807316,37.510993874274689,126.850706566504087
A15807601,37.521619462515403,126.87044112211548
A15807603,37.522448304606243,126.870366257352885
A15807604,37.51953194480479,126.867742760129644
A15807605,37.512565973028472,126.864655902198081
A15807606,37.514115947218961,126.874724818922886
A15807701,37.506581699533299,126.86311130750552
A15807702,37.510316149083074,126.868680434798122
A15807703,37.508762325633761,126.868025958422905
A15807704,37.506051328934461,126.865050544753274
A15807705,37.513321919324312,126.857769782627756
A15807706,37.514020545016585,126.860275818863755
A15807707,37.511869590513989,126.864220516570484
A15809002,37.515525594484721,126.830955468341159
A15870701,37.514931609125959,126.827939522279081
A15873701,37.516225438495823,126.859645946379302
A15873902,37.505192042087359,126.864492118099264
A15876401,37.517892398736784,126.876390710391036
A15876402,37.517216774339133,126.876464228354394
A15879501,37.512660887721538,126.83602762025356
A15879502,37.511387730771581,126.832429411752599
A15884901,37.521488317079225,126.8728979162656
A15885303,37.517903087109147,126.873301349581126
A15885306,37.517651419650882,126.875136642414319
A15885307,37.519411846796295,126.875665141682518
A15885514,37.50821810532279,126.841011424805217
A15886402,37.521320201933733,126.848500901462643
A15886501,37.511050715421234,126.846304553001659
A15886504,37.51173878573173,126.855056415682157
A15886505,37.512738072615541,126.838538913621164
A15886507,37.511421664536414,126.83685327923564
A15886508,37.514012877179567,126.834420170556683
A15886510,37.509638849757046,126.845264594358298
A15886512,37.508302469820158,126.844834999721257
A10020839,37.535899640064429,126.879489263008196
A10021098,37.53652115468222,126.870893122915433
A10021359,37.549015472959603,126.864471166692198
A10021824,37.525301882620347,126.876464842456116
A10023948,37.54652830892757,126.874703227608904
A10024355,37.5386290339924,126.863925460428561
A10024699,37.536120979958611,126.878729071413801
A10024823,37.535869069926086,126.866937047171305
A10025127,37.538589253242343,126.866585794974284
A10025345,37.535867688775149,126.880270520222481
A10025915,37.538625990617817,126.865034761967095
A10026023,37.545591117561202,126.866288829999519
A10027303,37.543996143018603,126.876524251405584
A10027849,37.52397863027376,126.876792730053438
A10028007,37.538625990617817,126.865034761967095
A15805002,37.541646200836823,126.880437764792077
A15805003,37.533300138659023,126.871984104668726
A15805101,37.528519489175558,126.864588515753724
A15805102,37.529236754184332,126.865555755187927
A15805105,37.526488051732237,126.868996862153921
A15805109,37.523333171081163,126.874048108414797
A15805111,37.523585581969179,126.870662255061475
A15805114,37.527163048224445,126.875589227247474
A15805115,37.527305989167495,126.866884930120406
A15805202,37.538386217434073,126.872450809541562
A15805203,37.54191759315016,126.872092941344803
A15805301,37.536725119239911,126.882210268471184
A15805302,37.542774182055837,126.863731767842523
A15805303,37.546077727746422,126.867948789999076
A15805403,37.533941136723818,126.868798249277717
A15805404,37.531847726680816,126.866688086257923
A15805501,37.536367860201388,126.881115291470834
A15805502,37.532171587997965,126.876735880987155
A15805503,37.532336522699261,126.873837050504875
A15805504,37.533177453842185,126.882907315468927
A15870101,37.52593253995218,126.87131025515032
A15870102,37.523910583627369,126.877562846857344
A15875101,37.538605610632935,126.878142499594162
A15875102,37.537554710971541,126.875423351701926
A15875103,37.534112006320157,126.884088054035459
A15880204,37.54108891177119,126.875597621975999
A15880905,37.544539627387373,126.866863732780246
A15881601,37.538098280484448,126.872543775201237
A15881701,37.537930326983066,126.871469873887705
A15881702,37.535234297669497,126.869590972488737
A15882006,37.52331364536041,126.872067826232197
A15882008,37.525924379079257,126.873166348434438
A15882010,37.523200636516123,126.876255994562243
A15882103,37.525592456193003,126.873463372332225
A15882104,37.524385463830477,126.868539258522844
A15882107,37.525345428642517,126.874472663596123
A10020643,37.522881536457213,126.847231165242761
A10020653,37.525090152094094,126.842413477961315
A10021018,37.521345751881299,126.846599504195567
A10021293,37.530069598202935,126.835081080513262
A10021332,37.531560478124042,126.829352228383513
A10021614,37.524081947075288,126.841030345390323
A10021670,37.526924649516431,126.833615106346059
A10021748,37.522253627017882,126.846150237121407
A10022149,37.531731686391566,126.835722773711197
A10022185,37.532613583574481,126.832274215004318
A10022224,37.527766306558782,126.834218762863557
A10022304,37.520565355703923,126.84240792575622
A10022672,37.523065173289417,126.847840671265558
A10023219,37.522625051138654,126.843238601181781
A10024804,37.521857495228573,126.842985047821713
A10024872,37.514811756285177,126.841870007269605
A10025120,37.542862897884049,126.827688868189597
A10025157,37.542188664068078,126.8280005535578
A10025665,37.519631148252181,126.842981937424724
A10025980,37.527563852855202,126.835080688498095
A15809001,37.52021870499722,126.838438931345493
A15809003,37.521679660543242,126.845046222436821
A15809201,37.518179353759365,126.846117893624935
A15809401,37.524843596480707,126.837006095971958
A15809402,37.522717342638252,126.838779003762795
A15809403,37.520575245120426,126.840948023541486
A15809502,37.543930551883172,126.828403755124683
A15809601,37.514463587403817,126.842472785014238
A15809603,37.513696659207938,126.842332413960847
A15809701,37.523505001764271,126.83139347418394
A15809702,37.524073497008935,126.829917200957681
A15878601,37.534531216213495,126.823960657343846
A15882201,37.543656232165908,126.829300486492045
A15883101,37.52794707720561,126.834307696216243
A15883201,37.524660715289457,126.839757748811394
A15883202,37.523498983247336,126.839937739605162
A15883401,37.518635070387603,126.845401002113064
A15883402,37.518700107305762,126.847380754634713
A15883702,37.525803118126078,126.84908436212794
A15883803,37.522950185683634,126.844978531878553
A15884202,37.515647249774283,126.846241828744681
A15884703,37.517754907050012,126.836276701450842
A10021770,37.55109847570845,126.873068782142539
A10021935,37.549978672199842,126.870972481784193
A10022042,37.548226657887867,126.87542487911324
A10022108,37.553641176341721,126.873239946000993
A10022537,37.551370369522495,126.873349531414959
A10024353,37.54752579436596,126.875838264805282
A10024436,37.550738414089217,126.866403744243044
A10025049,37.555704198768211,126.86796938644892
A10025600,37.548290034760193,126.870386680696924
A10027541,37.555553378015262,126.866736594813446
A15704001,37.551083277814136,126.866842344768713
A15704002,37.552253888447382,126.873387418545477
A15704003,37.552531189397882,126.872988853144875
A15704006,37.551519786564413,126.867563201845059
A15704007,37.551186299563021,126.870939690322317
A15704009,37.557775220788002,126.865902604870314
A15704015,37.550869345291837,126.86897250127268
A15704017,37.555040714020798,126.872005488819397
A15704023,37.551367179342591,126.874447702095736
A15704025,37.556469426298094,126.866117463285917
A15704028,37.554381027071358,126.873380929526874
A15776001,37.557727174921929,126.865348232579237
A15776002,37.552690934777651,126.870825152035522
A15776003,37.550719646003344,126.876422963783995
A15776004,37.551969170300922,126.875789888972378
A15785919,37.555980995542818,126.870854099285836
A15786104,37.55162416885117,126.871920946526714
A15786111,37.553331705145787,126.87097826417704
A15786116,37.556644394614068,126.865130978812218
A15786118,37.555101113359861,126.868121661279801
A15786213,37.55121608132022,126.876554680268285
A15786222,37.549342433462073,126.873366510070966
A15786227,37.54919590494378,126.878043204240797
A15786312,37.548652511656321,126.872443991797283
A15786314,37.553084900071269,126.866961266805177
A15786321,37.552275439987866,126.868971967088157
A15786405,37.555567920023741,126.869453680746446
A15786408,37.547744591917912,126.874602503193159
A15786420,37.555318213708958,126.868267009781206
A15786424,37.548402551969794,126.872898912374154
A15786426,37.553323610511001,126.874544562881326
A15786510,37.553744643923828,126.874054222522943
A10021139,37.564532047316291,126.847117004426138
A10022233,37.557890479713933,126.853911576199437
A10022348,37.555565372381018,126.860600131238257
A10023075,37.553946325074683,126.866240728271819
A10023543,37.556928875029165,126.854429364648638
A10023934,37.559162648390938,126.841095141986145
A10024768,37.551765179378002,126.864583671650081
A10025703,37.538040074941655,126.863353191869194
A15703001,37.554086256032782,126.860431625419878
A15703002,37.555944029461607,126.862283837619316
A15703004,37.56377137929946,126.843228554249322
A15703005,37.554907654208293,126.862315312665686
A15703204,37.544131821360132,126.861433595166602
A15703301,37.561171663959165,126.85232073123224
A15703302,37.563804428297011,126.845934446081245
A15703303,37.5590488326323,126.846564775043078
A15703304,37.563882054464869,126.84206131898452
A15703306,37.562337071968287,126.847894782035794
A15703307,37.561777636241054,126.846155972939684
A15703308,37.561080958856913,126.840817829971883
A15703309,37.559792300257165,126.844101336440474
A15703313,37.563882054464869,126.84206131898452
A15703318,37.55967734750547,126.849389864662598
A15772901,37.557321561636535,126.860336041656439
A15772902,37.557516411320442,126.859700344282942
A15776414,37.562106119435718,126.843628144451557
A15776617,37.560005396036402,126.84840196634444
A15776715,37.561171663959165,126.85232073123224
A15776916,37.562706460980031,126.849499396078684
A15783701,37.539941401097856,126.863257790154563
A15783703,37.541229228968817,126.863054405897358
A15783806,37.559492593915643,126.856796248504594
A15783902,37.555882609793599,126.864265667120605
A15783905,37.554752693693352,126.865339494555997
A15783907,37.554233591718173,126.864347604902633
A15784003,37.555978791627417,126.858717186346155
A15784008,37.557489053113407,126.856326625638062
A15784201,37.555564093808613,126.855392161173114
A15784402,37.549403956312887,126.861298052939802
A10020155,37.539057858366846,126.835408761955136
A10020494,37.528560168810749,126.842383016163737
A10021232,37.532532689602029,126.840333496146954
A10021290,37.54642678935955,126.83468676716744
A10021529,37.551001164099439,126.856654130779702
A10022019,37.535484276940174,126.839469916647317
A10022928,37.550801552563669,126.851470840042694
A10023515,37.54532846760803,126.841352769603034
A10024145,37.546253730006519,126.835967496481757
A10024391,37.537364489810869,126.853477496393594
A10025201,37.550182477199947,126.848713909748113
A15701002,37.548072076760477,126.843604060133003
A15701003,37.548797176927167,126.839476979585385
A15701004,37.55362789424936,126.847495179575716
A15701005,37.547441166718968,126.843609592638401
A15701006,37.536938555718507,126.856356169130834
A15701007,37.54754165059996,126.837393771300313
A15701601,37.552151197479922,126.846138192240844
A15701602,37.556388290376148,126.849543002574137
A15770101,37.553918282666352,126.854410050381233
A15770102,37.554829558132212,126.851288753411325
A15770801,37.545732031266319,126.832960951926367
A15788203,37.534867765046805,126.843674539566564
A15788302,37.533500919318413,126.837789657384846
A15788901,37.535118971174221,126.845087162690504
A15791001,37.530089415430567,126.843456102228643
A15792602,37.547317037070677,126.832720419198679
A10021511,37.560030462429033,126.857912539603205
A10021562,37.569977591385722,126.844125265254036
A10024367,37.561074253438612,126.855933461393704
A10025616,37.567316239050349,126.848576078397002
A15720001,37.567108290014666,126.850095230358718
A15720101,37.56926361729726,126.842161191410639
A15774708,37.561703296381921,126.860559000615964
A15780002,37.561911950544754,126.854182560744604
A15780401,37.560591008399285,126.856571679004162
A15780602,37.568180610177571,126.848410020117285
A15780603,37.572391178216122,126.843764371611954
A15780604,37.57040522494907,126.844846247134882
A15780605,37.57062575877594,126.847233673139584
A15780701,37.569651225096962,126.848668980388837
A15780703,37.566170293677843,126.8549157824025
A15780704,37.565392900470798,126.856156713366644
A15780705,37.565131720675801,126.852897895873554
A15780806,37.564242536186413,126.853471737926299
A15780904,37.562332615366572,126.856941673297314
A15780905,37.563360938269376,126.858744494592159
A15781002,37.560301740176591,126.861397515581444
A15781003,37.558795199935233,126.862825647469862
A10021574,37.568105773458662,126.822309813543995
A10024426,37.560899780166814,126.819997368864662
A10026879,37.557184427115629,126.819680154524676
A10027371,37.559772683006088,126.82149083556024
A10027403,37.558646410188615,126.823131437519677
A10027433,37.564170888382712,126.819865729024258
A10027452,37.559994767704246,126.819360220505914
A10027687,37.563879205423881,126.81773966948208
A15721001,37.574459077875062,126.837993354747354
A15721003,37.56783604547612,126.823999464021796
A15721004,37.569871476520177,126.823720619225682
A15721005,37.575633417947039,126.836850486018761
A15721006,37.566765241991668,126.819604349662001
A15721007,37.565616658380925,126.823634532144595
A15721008,37.569878475863348,126.82494353116482
A15721009,37.569227381212961,126.821427722813056
A15721010,37.557650189598768,126.82387637888344
A15721011,37.567806945872007,126.820500756311361
A15722009,37.567896953154452,126.818914642786567
A15722010,37.566310077159883,126.817264566540601
A15728011,37.555721705279367,126.828682884078674
A10020082,37.555524941729146,126.843380188636544
A10020618,37.557848206282863,126.841367123734202
A10020646,37.549511794655537,126.833515948460743
A10021698,37.551611664829501,126.828697109620236
A15728002,37.550837481524255,126.825703997949802
A15728003,37.553058118673832,126.824710358747737
A15728004,37.555098704503365,126.826910980265566
A15728005,37.548038276511157,126.821676462076624
A15728006,37.551646774965747,126.822221133540125
A15728007,37.552671588691133,126.828053612742139
A15728008,37.553992616715533,126.830532469013519
A15728009,37.556000165924523,126.841315459339526
A15728010,37.554639716546106,126.843036987920087
A15728013,37.554313032090683,126.841024628962685
A15728014,37.548700994547083,126.835187302977275
A15779704,37.551344685018627,126.838888445008536
A15782501,37.556541204923171,126.842975006827459
A10022156,37.561268076396473,126.815102685438035
A10028020,37.563527477521014,126.816146351325287
A15781201,37.561055767303323,126.808062033210163
A10021043,37.571628969403967,126.805076576629119
A10021419,37.57292031613072,126.816298279792278
A10021866,37.571766073043939,126.816206914774966
A10023292,37.57957679117083,126.813983678084881
A10024505,37.571388140871079,126.80857794971736
A10025641,37.572211201101219,126.81836576586096
A15722001,37.571520697814144,126.822109009272438
A15722003,37.571029540188192,126.810449726598634
A15722004,37.569627593171369,126.822058224953281
A15722005,37.572022530638606,126.813803847232123
A15722007,37.571979363935171,126.812581234446824
A15722008,37.57325877571688,126.807869869720165
A15722011,37.569115091562637,126.822278021125484
A15722102,37.57327384610349,126.805831347568144
A15722104,37.573018761561251,126.820861079427161
A15722106,37.571146418278602,126.821285747190998
A15722108,37.574170300423368,126.814248443684704
A15722201,37.57191128306853,126.810181141560847
A15722203,37.569832912557786,126.815465892261159
A15722204,37.569608883910647,126.807960265777155
A15722304,37.579005077787912,126.816423846346041
A15722306,37.579618315017633,126.819600653477835
A15722307,37.574962215415866,126.817140281585594
A15722314,37.575536508634791,126.818256182296324
A15773501,37.574966986807532,126.810209577413275
A15777501,37.5710993788745,126.806983932562446
A15778101,37.579950764471427,126.811647221852965
A15784601,37.573066841017855,126.819818804892833
A15785002,37.568708987408286,126.808206388853804
A15785005,37.570284114830557,126.804760679554406
A15785507,37.57044395488132,126.813591852159362
A15785601,37.577418099143941,126.808578819223285
A15785605,37.575235785263779,126.808395154398795
A15785608,37.580976611174059,126.812906234874404
A15785612,37.578459540702376,126.810958792324058
A15785613,37.578067488750683,126.810192300051156
A15785703,37.57708483202952,126.817913642710877
A15785709,37.575293293743123,126.813615289213999
A15785710,37.576854369084167,126.813918056679341
A15785711,37.575536508634791,126.818256182296324
A10020550,37.507720727499027,126.884135241134715
A10020771,37.507261031354346,126.887601228323319
A10021030,37.504013819742241,126.881959478339596
A10022406,37.50771770845553,126.887020458906761
A10022522,37.510506412350622,126.889441672999766
A10028063,37.511050945527963,126.888418888478682
A15277302,37.508820019542242,126.88927437487078
A15288611,37.507622762180233,126.877483140417965
A15288801,37.512936023308384,126.883458733350096
A15288802,37.506960319559887,126.878348533147559
A15288803,37.512432528395919,126.883700494227526
A15288804,37.513022511572494,126.884487712555824
A15288805,37.507378627766975,126.880766351756293
A15288806,37.511378764560071,126.885587454686217
A15288807,37.508215359591567,126.882196388269804
A15288808,37.506686039417232,126.886225577614098
A15288809,37.509267160223281,126.885118230631477
A15288810,37.508761482313957,126.884941344434083
A15288812,37.510409992538086,126.886489272120244
A15288813,37.511203317410313,126.883054331154597
A15288814,37.50539780602687,126.879458960469663
A10020947,37.500368669424908,126.889920199438436
A10021077,37.498277581871683,126.876123970790175
A10021214,37.488013911871867,126.893968409022804
A10021330,37.498848257844053,126.883529329867798
A10021345,37.490470030118722,126.886098119268524
A10021636,37.498159834643843,126.891567248401302
A10021832,37.493275109892238,126.893439470534673
A10022110,37.486734986094902,126.897688854432843
A10022146,37.496736914663359,126.874541680664976
A10022507,37.492402329675485,126.888491796530317
A10023471,37.496395560898961,126.890280593279257
A10023681,37.495856126623856,126.888803016042161
A10025743,37.502003624543491,126.888854729530081
A10026989,37.490526588650013,126.895316847641482
A10027493,37.493018775640039,126.890918907847436
A10027507,37.497623314778721,126.875122561169377
A15205001,37.496532794713701,126.881998511854377
A15205002,37.489075827290321,126.888394486969901
A15205103,37.494870912951242,126.872803799812417
A15205104,37.486308844741799,126.876359252586781
A15205108,37.490049839130734,126.876429957265259
A15205301,37.47988814445884,126.896601477301687
A15205303,37.487906032937403,126.890519274032002
A15205305,37.485838921778736,126.889936575012243
A15205405,37.489075827290321,126.888394486969901
A15205508,37.499986923612354,126.884096947541423
A15205511,37.502781115741442,126.884096622256493
A15205513,37.506316059061731,126.887880490428159
A15270501,37.503646023682585,126.885752655621033
A15283801,37.500917278174782,126.891431739178643
A15283803,37.499902228152337,126.892107462512797
A15283806,37.502119581090071,126.892112112683435
A15283807,37.503913664369215,126.89218807760426
A15283809,37.504326440056673,126.888337980348922
A15283902,37.49671593194283,126.892981753770641
A15284101,37.496077677795391,126.891561516091599
A15284204,37.496896943202721,126.891373863472438
A15284302,37.499391780986095,126.891002904226596
A15284305,37.499830683328483,126.890467614745361
A15284603,37.492288535765702,126.894397670397339
A15284906,37.487353395283762,126.891722773724979
A15285004,37.490699368401437,126.888607487474616
A15285503,37.495374305280308,126.886272915769695
A15285804,37.499454007216059,126.880435837231602
A15286210,37.504598355919072,126.885156524497646
A15286602,37.505314025059079,126.875533656080236
A15286801,37.497456946894978,126.87434335547448
A15286802,37.496051317517782,126.874434271528102
A15286805,37.496411723059722,126.874408639614401
A15286806,37.497111540264441,126.875500150567163
A15286807,37.492336905017993,126.877689217171124
A15286809,37.491951477868014,126.874683396986114
A15288002,37.490041470694415,126.89387284538806
A15288004,37.488772374663043,126.895987063075481
A10020359,37.483050928369416,126.889393706758781
A10021933,37.499229140527731,126.863569723650244
A10023598,37.500590302330494,126.860254659690099
A10023604,37.497591020685547,126.860664887803694
A10024846,37.501727530269633,126.865551018663197
A15208003,37.497464777300763,126.85899165189528
A15208005,37.50381169789631,126.864254913445194
A15208006,37.504325894488034,126.859328981925401
A15208007,37.502695100518288,126.862782285357696
A15208201,37.504968784004483,126.856551545323725
A15208202,37.508609867222816,126.853182484899406
A15208204,37.507620870221935,126.850351092097839
A15279401,37.506113186067388,126.859811533741762
A15279402,37.505606912271006,126.861196183340439
A15279403,37.506878302599887,126.857960762273336
A15279404,37.502820585850841,126.856004295610447
A15282403,37.501632624758393,126.861320553530433
A15282405,37.503818054983192,126.867117271796459
A15282608,37.4981998779704,126.863250381254318
A15282810,37.501445627838422,126.860077659024554
A15283603,37.504492199369437,126.856759287336359
A15283701,37.505353599272539,126.86269180461268
A15283702,37.503469489999027,126.865988831156344
A15283704,37.507815539009613,126.852974363850365
A15283706,37.500830489745098,126.864676161408639
A15283707,37.504837776611453,126.862311512404645
A15283709,37.501976797285849,126.863297502245274
A15283711,37.496534158965865,126.863581282807019
A10020664,37.4983696994613,126.846482993180416
A10020672,37.492642329570586,126.855639211543846
A10020797,37.495591567848493,126.857627521536926
A10020958,37.499390805196867,126.846949248510825
A10021547,37.493868257810817,126.849078814870722
A10021629,37.495317050975672,126.856871929054662
A10022878,37.493542703132377,126.862102127809479
A10024745,37.496706241448528,126.853771620278764
A15209002,37.494702584061159,126.861571887227953
A15209003,37.495546151640518,126.859222991394233
A15209004,37.490245333236587,126.860727503274845
A15209005,37.489586862355281,126.850722234327037
A15209006,37.499025002892822,126.850900723461393
A15209007,37.499730225649436,126.848021051646981
A15209201,37.493921460137429,126.860469922679258
A15209202,37.494119785590676,126.857153693888961
A15209203,37.495324970486486,126.851724630721435
A15209205,37.494318828831055,126.855636120334438
A15209206,37.492282665053942,126.860778011948284
A15209207,37.493150798996801,126.857976482588001
A15209303,37.48222849754378,126.850118588491085
A15209304,37.482501988908652,126.849041707151983
A15209305,37.484815505640654,126.851781519799118
A15275101,37.500960191659203,126.840645308193643
A15280303,37.500067006884528,126.843730380776634
A15280304,37.500613974993634,126.843216491115356
A15280602,37.496754811925442,126.857719372729719
A15282105,37.495678098169449,126.860285253176684
A10020416,37.487224002438559,126.837497075326198
A10022360,37.497028120429803,126.845114517466257
A10026434,37.495576394423722,126.846643086810957
A10027522,37.493673569320272,126.846467353705279
A15210101,37.493643828851688,126.839499215067846
A15210102,37.498526256239948,126.838981063017599
A15210103,37.497532344074571,126.848277732502964
A15210104,37.49660888795524,126.847539114171482
A15210105,37.496584409446207,126.848003151145519
A15210106,37.49817837205552,126.8412467329386
A15210107,37.49934872355557,126.839381087628993
A15210206,37.493572851346109,126.847814398109435
A15210207,37.490290837165119,126.839506117681694
A15210209,37.492006684183671,126.841708176918445
A15210210,37.492268714989123,126.838595042771985
A15210211,37.489127661541815,126.833012161639701
A15210212,37.491211207373027,126.838072705616995
A15278201,37.489284642140881,126.830488263429686
A15278301,37.49934872355557,126.839381087628993
A15289508,37.492514493559206,126.829430027135203
A15288301,37.494351872892871,126.829187350494237
A15279101,37.497649116197451,126.821001235391435
A10021128,37.484691646732578,126.842417093237927
A10026039,37.476273724665468,126.842547408871638
A10026729,37.488164651092326,126.841300745323238
A10027764,37.482071246802455,126.836422827208381
A15210001,37.486181266969922,126.841227670727761
A15213001,37.479567924050727,126.841692902236005
A15213002,37.478557689712908,126.839948705772997
A15213003,37.484839275221113,126.838185483557723
A15213004,37.479578479528158,126.838740844453525
A15213005,37.481847355878912,126.841514556007084
A15213006,37.486682836909189,126.837433986782997
A15213007,37.483929686044959,126.843170288990379
A10024849,37.476614707668972,126.819981451886875
A10024927,37.475440152099218,126.816373030854294
A10025115,37.480690629590313,126.820295136199078
A10025193,37.478703388754873,126.825843760555713
A10025302,37.481435446419837,126.826011492564916
A10025386,37.478052417428003,126.822343517509964
A10025387,37.48274815917808,126.822289797765421
A10025527,37.479778395912483,126.826263891395513
A10025564,37.480688651701904,126.826244407971259
A10025614,37.479587672571959,126.824433350803062
A10025858,37.474228488966112,126.817266200100633
A15271601,37.484202011124417,126.819618604488838
A15271602,37.485851569994132,126.822770765363202
A10023288,37.475708978725997,126.890188574112443
A10023956,37.485012567441117,126.880102675524896
A10025913,37.477642467797125,126.891077658707886
A15380101,37.472684519980362,126.892735099443556
A15380403,37.475859894999012,126.891487961032439
A10019967,37.469652083227253,126.906160499796641
A10019992,37.467155369505598,126.897269250928204
A10020894,37.477932737918856,126.900247709319487
A10022155,37.471285484757587,126.894114806202921
A10024179,37.466282280718097,126.890480009170616
A10024302,37.463169245931297,126.891579519356398
A10025116,37.466032535203581,126.896260527287765
A10025946,37.460007422791904,126.897236170667782
A10026024,37.460857270710228,126.892457616766535
A10026626,37.458460548777282,126.894387900389717
A10027188,37.460672726552232,126.895138962147485
A15301001,37.467988575228482,126.891008963184319
A15301105,37.465149148967058,126.889234013329798
A15370301,37.475448130155073,126.899091364525034
A15375809,37.459819587547322,126.887004604399195
A15375810,37.460604900586702,126.892459658651873
A15381303,37.467647567541938,126.894811366564596
A15381402,37.466780347403763,126.892681086291745
A15381706,37.462901860555078,126.890416990082798
A15382301,37.477005066492161,126.900390841467924
A15383307,37.45497127810156,126.890684880779474
A15383308,37.457124519564047,126.887003989611401
A15383601,37.470022776191207,126.892202502027473
A15383604,37.468379054527098,126.893324048925322
A10020046,37.44908689901623,126.915978138614335
A10022481,37.443758498523998,126.906659136367296
A10022788,37.451170810239311,126.910885554713843
A10025447,37.454565964684363,126.906686833398425
A10026187,37.451419010998507,126.911855924974461
A10026792,37.453569732592477,126.909340384632415
A15303002,37.451095766995387,126.919399533452847
A15303003,37.454467685237887,126.897947713231517
A15303102,37.458111853378725,126.898472542772097
A15303103,37.451130597210678,126.897544834374642
A15303202,37.451095766995387,126.919399533452847
A15303203,37.449272320431803,126.915196604552861
A15303204,37.449511584205496,126.916189645721417
A15303205,37.449311193317079,126.919424632095399
A15303401,37.463234952009877,126.908065734073475
A15303502,37.447636764462224,126.910743687148965
A15370103,37.445124865085148,126.900566224673682
A15378501,37.459731861072747,126.906906086743319
A15383702,37.46273892024346,126.909811032373085
A15383905,37.455387150578879,126.897962955911922
A15384101,37.454045025957249,126.910659496207018
A15384501,37.453015149756702,126.917462634070077
A15384603,37.44949569510397,126.911170028877279
A15386303,37.43984756266984,126.901490055778197
A15386404,37.452996762460963,126.899384089875994
A15386506,37.449168430494169,126.89986692626826
A10026311,37.516556497238433,126.912951931558325
A15003001,37.514326305337768,126.912177316714903
A15003002,37.512980854347887,126.904493472699642
A10024490,37.517755360813887,126.912965171719406
A10022098,37.521766245498434,126.909323746748726
A10025518,37.52240049757458,126.906387718169384
A10024567,37.523054359209581,126.90556772725904
A10026801,37.524237006303508,126.911341325195963
A10026816,37.523780987487967,126.906671020050794
A15003701,37.52333614592451,126.902464674384376
A15003801,37.529413075096457,126.904611846723256
A15003802,37.530222595450375,126.906065419994079
A10022891,37.523978722885232,126.930355841969657
A10024981,37.518936555198231,126.939017121552041
A15001001,37.530806841723368,126.923931886061794
A15001003,37.526802685738751,126.9309228725906
A15001004,37.523797247117997,126.933854154780875
A15001005,37.518587887242653,126.93961948789908
A15001009,37.523171463377878,126.931176792340807
A15001012,37.526139811395993,126.929909352250206
A15001016,37.521588961122632,126.93385952479268
A15001019,37.520557984022957,126.921985048887095
A15001020,37.523571202960277,126.93183013759004
A15076301,37.517526778724005,126.932588877276601
A15076302,37.518507731435669,126.926674426955003
A15088208,37.525916971098624,126.932298988854114
A15088614,37.52023699915042,126.926400918425642
A15088717,37.519029990265786,126.924712726388236
A15088802,37.522101716321565,126.93553051900264
A15088915,37.520199998123118,126.931799119816262
A15088918,37.52051384053069,126.933335775620137
A15089307,37.517421636189248,126.927610646117245
A15089411,37.519859132946721,126.934019707425961
A15089421,37.521097788148943,126.938593545418399
A15089510,37.518393287562198,126.934721062595159
A15089513,37.517574887236762,126.93322220876
A15004101,37.519602189568509,126.900219879016717
A15075001,37.519948698470607,126.89923258404788
A15080002,37.52030236700157,126.896117741367377
A10023489,37.522136935008007,126.895299471784753
A15004201,37.521448991989161,126.892973812601241
A15004202,37.523907418048552,126.894289291652484
A10020541,37.525243466929354,126.898216852303364
A10021962,37.52444475613288,126.898902289070818
A10021966,37.525051169233912,126.899395376144838
A10021967,37.52416673104603,126.899176127164438
A10024834,37.526555592498291,126.893939677261315
A15072001,37.527084752031541,126.893426112574915
A15072002,37.523971724215542,126.901599517274306
A15080204,37.525308591346061,126.902166013375435
A15080205,37.5240303978998,126.900727643154255
A15080402,37.528093799150327,126.895092941230104
A10026797,37.528326188186746,126.903567948630993
A10027684,37.527212138199602,126.902501662452522
A15004403,37.528455845813966,126.900692239924282
A15004405,37.527643207183672,126.8986389566968
A15004406,37.531904630828919,126.896488249920324
A15072201,37.526942316683979,126.902616988558805
A15080501,37.528187216583774,126.902822094672601
A15080507,37.528893353779154,126.901650743030714
A10024789,37.5295949243176,126.903139087715061
A15004501,37.534541874228523,126.8992966330012
A15004502,37.533241062368262,126.902283791671366
A15004503,37.531449524576502,126.900928602051877
A15004505,37.533218407998362,126.897824545751277
A15004506,37.530445904734016,126.902091057533923
A15004507,37.531757231115712,126.904740348152885
A15081001,37.534687980782721,126.905011336466316
A15081002,37.528174424055024,126.9092392661492
A15076701,37.507751796913645,126.897146649560085
A15076702,37.508968912296417,126.900746243518299
A15083201,37.509653737277617,126.895400191853966
A15083202,37.509037318679979,126.898245150368794
A15009201,37.512832307760085,126.891267112744117
A10022428,37.518399645259287,126.892432710947119
A10024832,37.51703074450495,126.901485209566857
A10027023,37.515535970812401,126.892942501964598
A15076801,37.518984890606554,126.897588147678135
A15083404,37.516780081356792,126.896508234120915
A15083601,37.516112055323248,126.892790730544604
A15083602,37.517376103879457,126.893210493955607
A15083603,37.518555355322803,126.89116404275704
A15009401,37.513962245985013,126.888406447400456
A15009402,37.513519313650313,126.889903689459473
A10026197,37.516794811940848,126.887115954871021
A15009502,37.515906239168082,126.884373502359082
A15009503,37.516889050697785,126.887907294891363
A15009504,37.517485403502157,126.882991298446356
A15009505,37.517142093309218,126.886298369352886
A10024495,37.520158488123244,126.885696529988238
A10024925,37.517809123100427,126.886304222553022
A10027512,37.52099043173034,126.887953006547633
A15009601,37.519873774192781,126.88641179224652
A15009602,37.518934882868017,126.884393885084833
A15009603,37.518960833856823,126.882458605327514
A15009604,37.51910011041538,126.883238275248303
A15009605,37.518626194907007,126.883966408225604
A15009606,37.518991025211299,126.884789490279402
A15009607,37.520684408405138,126.882840475402901
A10020127,37.524503611053348,126.887550844439403
A10024316,37.52320868572513,126.88639579751964
A15086201,37.521398777083718,126.888481548705158
A15086202,37.522277254374522,126.887546410712204
A10022708,37.523123529175649,126.882164008789999
A15010201,37.523716300087642,126.883483197299498
A15010202,37.524646803077758,126.882162763557886
A15010203,37.522280379213733,126.882951812638922
A10020758,37.53125711355441,126.895010803829123
A10021291,37.525751911443358,126.886669214262085
A10026457,37.526147140674304,126.884674139672057
A15010301,37.526461626989118,126.887953577351993
A15010302,37.527346553563802,126.888263235639513
A15010303,37.526132885868158,126.885398561593178
A15010304,37.528334551283898,126.892827476923159
A15010305,37.53214080460679,126.895082892918154
A15010306,37.531205308939377,126.891944035030633
A15010307,37.532109704473726,126.894290872103838
A15086601,37.535587869067854,126.895847358232359
A15086603,37.534221567594621,126.89306271342592
A15086702,37.537092966435473,126.894058144104719
A15010501,37.538303085586371,126.891003512005042
A15010502,37.541129259269695,126.891965324355738
A15010601,37.544603757770581,126.887567563131398
A15010602,37.542010169229243,126.889750835414915
A10021119,37.501643251743317,126.902988317197682
A10021210,37.499801432686702,126.909553381806958
A10022430,37.506151629455431,126.910487711054316
A10022974,37.514934879476101,126.916755356247421
A10023715,37.507992830228666,126.916424679240436
A10024470,37.503397652051405,126.913134177812822
A10024615,37.5034666082502,126.912500062154081
A10025024,37.502353249576686,126.907949370818599
A10025070,37.501728298780762,126.918227048189678
A10025562,37.504161524136883,126.905468648643307
A10026182,37.500999116963698,126.907530151027686
A10027073,37.501093992441177,126.915720372921726
A10027755,37.50522928946237,126.906297425702562
A15005001,37.513507087314579,126.917841428150439
A15005002,37.505627300717066,126.908376082550959
A15005102,37.508454239889069,126.914950187879995
A15005301,37.507029028016717,126.90391846512864
A15005302,37.504500621315891,126.901223207191919
A15005303,37.505031646062989,126.899295571544314
A15005401,37.507312464273483,126.913725825346035
A15005402,37.505043113409357,126.915961134954699
A15005501,37.503061885977722,126.909063840423698
A15005602,37.4966798437748,126.912587173131087
A15005603,37.496338639039443,126.911039994996003
A15005705,37.50853120414363,126.919588582252942
A15083701,37.514293655649261,126.923843845559318
A15083703,37.516062831844273,126.91883999319964
A15085404,37.50452499874693,126.920569976483094
A15086001,37.497419067416615,126.914425392446105
A15086004,37.496771587204243,126.909294416875255
A15086006,37.495386777930072,126.909950144668485
A15086007,37.498923168368492,126.910567169356398
A15096001,37.506831637935427,126.916739206697002
A10021177,37.489715003719922,126.897008844066406
A10021186,37.494489016013851,126.90348645931816
A10023516,37.488284576270409,126.904655644408763
A10024725,37.493511526818047,126.906265759298563
A10024829,37.495265450723693,126.900177000972064
A10025122,37.48658552348784,126.900201163310754
A10026761,37.486079136952647,126.903440222700965
A10027381,37.493236921087536,126.905430822355953
A10027935,37.495299699226749,126.898049955299541
A15007002,37.486995417841626,126.899270354276979
A15007101,37.495516747531433,126.903523535451441
A15007201,37.486578330862585,126.902339056792925
A15081105,37.506833315840822,126.895558711902396
A15081107,37.506380920853474,126.895222930953906
A15081201,37.503710493978843,126.896511627728202
A15081503,37.495973529046523,126.901166856828439
A15081602,37.503008783928223,126.895012543616502
A15081604,37.501938245221403,126.895417158291821
A15081606,37.497410335207512,126.894808827747326
A15081802,37.494887765946189,126.903913164881075
A15095001,37.492744510861428,126.907889480690685
A15095002,37.494819932356961,126.902974762739873
A10020222,37.505350744044492,126.940408611539723
A10022416,37.513076254111837,126.940599872065761
A10023966,37.513113357859815,126.946562772653664
A10024524,37.512363506235246,126.938557138403624
A15603205,37.507007435971168,126.949617486128076
A15605001,37.510583710123882,126.945314177076838
A15605002,37.51013962889661,126.946720508429564
A15605003,37.510356477575463,126.942996301803802
A15605103,37.50738894983882,126.946390062435782
A15676701,37.50738894983882,126.946390062435782
A10020109,37.501537454503683,126.932732526756681
A10021490,37.497590159609707,126.944245064269765
A10022456,37.493726274111481,126.93535952598036
A10022720,37.497253965162372,126.939858137810802
A10022916,37.493973449318176,126.934271671415047
A10024365,37.500883882082292,126.946969828626436
A10024777,37.497001423212957,126.943638530976358
A10025768,37.505267440662386,126.947605028393582
A10027424,37.505723021205625,126.939082070183005
A10027472,37.505846714583079,126.942362271090801
A10027614,37.504960586349647,126.937967679365315
A10027633,37.503708120892021,126.941857738172473
A15603001,37.503303436212072,126.943965126219567
A15603002,37.505882978125854,126.944319364132042
A15603003,37.507007435971168,126.949617486128076
A15603004,37.50262022534686,126.954016799596516
A15603006,37.500131332494469,126.955720615351325
A15603007,37.505051951268051,126.934448307236337
A15603008,37.497110627637277,126.949633565010345
A15603009,37.502896189198083,126.943617419114204
A15603203,37.500914071681471,126.941889850568842
A15603204,37.505051951268051,126.934448307236337
A15603206,37.501445910401841,126.943809198057878
A15603401,37.495533113539231,126.941918584835179
A15603502,37.498202430326039,126.957680466263895
A15671801,37.504502036714769,126.94392229469176
A15678101,37.494352114572273,126.959314684634364
A15678102,37.493328120749062,126.958122957649763
A15678103,37.494516629607297,126.951982981269239
A15683402,37.498660063704797,126.949441182814596
A15683601,37.493246278536873,126.954051108221634
A15683901,37.501537454503683,126.932732526756681
A10026873,37.511651497549529,126.9520048196012
A15605102,37.508917293182762,126.949399798958297
A15606001,37.50983516032781,126.954903382263595
A15606002,37.515311837923043,126.950246758972284
A15606003,37.509697384353139,126.950457661432523
A15606004,37.510713701005336,126.951921156174635
A15606005,37.5123863945783,126.953040446898839
A15606006,37.508917293182762,126.949399798958297
A15606007,37.51464317321274,126.949889566046096
A15676702,37.510631020546697,126.94964745455384
A10023350,37.502498592372923,126.960896434354794
A10025770,37.510306466451127,126.959391974218363
A10025867,37.504205529178222,126.959662249513954
A15607001,37.500899783907748,126.958181378230421
A15679103,37.500211153300469,126.959362946512499
A15679104,37.501419114202221,126.963347927270362
A15679105,37.507215562383607,126.967492780211842
A15679106,37.506623634914135,126.962179236589478
A15679107,37.505772179573107,126.965228872592718
A15679108,37.501379387142109,126.964524822492677
A15679109,37.503136473013761,126.958470688291683
A15685702,37.506258445973756,126.971131470853834
A10023898,37.497897321520981,126.982084907934706
A10025175,37.497099185999431,126.980959127259297
A15608001,37.497512803483929,126.980730004644599
A15608002,37.494075934545968,126.978072745269358
A15608003,37.493979738223217,126.980788404424359
A10020085,37.482615340859773,126.981183756421444
A10021807,37.493331725352881,126.978960288145913
A10022181,37.481564777847424,126.973940936078719
A10022230,37.478292440375228,126.973850775476919
A10024245,37.49328267902834,126.980103176431115
A10024642,37.48025432380561,126.969131899809753
A10024811,37.487312319781502,126.965213443443076
A10025013,37.491510645319117,126.962785351136702
A10026025,37.48248615354516,126.966344983416377
A10026299,37.487791059662626,126.973467439470241
A10027495,37.484378024583904,126.980277997744139
A15609001,37.493506490576088,126.975678482453006
A15609002,37.485994073917226,126.96471383450384
A15609003,37.479666295725018,126.970662949604076
A15609005,37.484155272024459,126.974748474163562
A15609006,37.49124801460475,126.976565297490083
A15609007,37.489883355409049,126.973724237314286
A15609008,37.487404881234099,126.967746550502696
A15609301,37.490457854808334,126.971175024001326
A15609303,37.487640958896428,126.968129466376539
A15609305,37.490610457837896,126.973051731092795
A15609306,37.489104796705391,126.970947016763503
A15609401,37.477184440277952,126.969967930894839
A15609501,37.48338498863118,126.969788400872758
A15609502,37.488210033701897,126.962424395162245
A15677204,37.489772387222679,126.977152497535116
A15677501,37.484914168628045,126.971100991165159
A15681501,37.488977613791462,126.976796062710477
A15681502,37.488010934653474,126.976293784899639
A15681503,37.490828491830861,126.973434806660123
A15681802,37.487724698016343,126.970719208241505
A10022093,37.499605228465512,126.92459026906316
A10022384,37.512302259259002,126.931406390439165
A10023859,37.514105220280015,126.927726499750761
A10024752,37.51175051219461,126.932881541152483
A15602001,37.511778999057917,126.92571885549502
A15602002,37.498814790158633,126.923306634387885
A15602007,37.51165713703093,126.928469358291878
A15676512,37.510132601304527,126.930076379580683
A15681103,37.514005874326202,126.929549046527114
A15681104,37.510212883677134,126.931773001615326
A15681105,37.509160657782289,126.924811108869719
A15681106,37.512614124061642,126.930657218311339
A15681108,37.510132601304527,126.930076379580683
A15681110,37.507829622848391,126.925420991696896
A10020786,37.498656201188183,126.927765229647207
A10021100,37.497465685020643,126.922061271473567
A10022217,37.486115384112367,126.907059529281156
A10023324,37.491883323952109,126.925147246368837
A10023551,37.486302413497107,126.904818421111599
A10024098,37.498696330890525,126.926746740540196
A10024188,37.490529434324898,126.922917864353622
A10025504,37.492039362459209,126.914704949889682
A15183001,37.491206506358523,126.924982753321203
A15601002,37.491274259256123,126.924088584181405
A15601003,37.495319519624182,126.929283957810696
A15601004,37.496626198587343,126.927362145278337
A15601102,37.495818174540993,126.913317935293719
A15601103,37.489543975221679,126.907745068973199
A15601104,37.49342391935393,126.913992780123479
A15601105,37.494203582765529,126.911271698445759
A15601201,37.496600961619443,126.924025054289714
A15601202,37.49509008229537,126.9155408991206
A15670001,37.488131444744525,126.906466705780744
A15672001,37.4923800968905,126.925358370581833
A15672002,37.49142417351802,126.923408710473097
A15685201,37.492584634033577,126.910164497334378
A15685206,37.493453795590248,126.910938213705123
A15685503,37.494183048620343,126.91621540250236
A10020028,37.486794495971459,126.950580230852594
A10020169,37.480494373629902,126.95066029494788
A10020559,37.475046376285043,126.959612131613198
A10020665,37.468898236669979,126.965367270130244
A10020718,37.468128716985539,126.96861830557738
A10020964,37.490274966152072,126.946980183599123
A10021647,37.482136780045501,126.947209830920286
A10021687,37.476965046064215,126.961317418289042
A10021724,37.482382042790128,126.947615208907806
A10023372,37.479686544740268,126.953335437022318
A10023490,37.4888231660629,126.954603637722201
A10024514,37.482560735504343,126.953088282391519
A10024638,37.483517011615703,126.959143937138677
A10024666,37.488647382840121,126.959502856835684
A10024894,37.478272670806071,126.942035663426154
A10025092,37.475770396453143,126.942778087789804
A10025428,37.477670307187658,126.940456744990598
A10026710,37.479691297461109,126.950473899194918
A15105002,37.467973883373283,126.962286624627325
A15105004,37.494270813945363,126.928635814551825
A15105005,37.47613924175608,126.952264230931164
A15105006,37.480447049843157,126.963905126719965
A15105007,37.474770149320605,126.954423036974376
A15105008,37.48301307207354,126.961296620718798
A15105301,37.489588280633079,126.960265278716022
A15105302,37.485751409987856,126.960903688714595
A15105303,37.492046263498914,126.957702356670595
A15105503,37.491274302521205,126.948658308748094
A15105602,37.485041165847711,126.96130468080284
A15105603,37.485422489054962,126.959933292701905
A15106001,37.485015302090687,126.949824106324755
A15106101,37.47109374834195,126.964526075985617
A15106103,37.469659298146368,126.964242280198476
A15106901,37.484665479597226,126.9424971200784
A15176202,37.489839588402717,126.956100719771726
A15176602,37.477291789085832,126.952007000516957
A15176603,37.475083742873778,126.952068361482645
A15178201,37.489174228740133,126.94482776089184
A15178202,37.487945074644017,126.944124231192205
A15178203,37.485337925267096,126.945568752329223
A15178204,37.491516782547173,126.942706377924907
A15180701,37.492515505144446,126.9461604964348
A15180705,37.490264975490717,126.948699663259802
A15181602,37.47236390078421,126.966349103847719
A15184101,37.478329886244758,126.94461393621836
A15192201,37.486780306415461,126.951406063881819
A15192202,37.487972277503403,126.955774912610622
A10020658,37.460884047539651,126.932282187275263
A10020921,37.470577604575283,126.927493068272
A10021418,37.470242403283251,126.938408670670441
A10021742,37.484812867625479,126.928074432148264
A10022412,37.473041785744442,126.915316805906699
A10022424,37.484197784266328,126.907515811479954
A10022801,37.4834531835373,126.930222546572296
A10023661,37.483777385660552,126.906365421358274
A10024621,37.466015960253117,126.931067327806602
A10024634,37.464038587043682,126.932235719678246
A10024749,37.468233361280376,126.944338075982046
A10026910,37.471885140892859,126.929473497200618
A15101101,37.480618329403441,126.929271377402245
A15101501,37.489036998640962,126.921854736026177
A15101503,37.461713898259752,126.919419208897921
A15101504,37.4591613110968,126.919065807437562
A15101505,37.464160151013502,126.931273625602159
A15101506,37.462896767389978,126.927235021667286
A15101507,37.465340185607921,126.927386003189483
A15101508,37.475297771897601,126.930612446271553
A15101509,37.462455262453012,126.919877091242299
A15101702,37.461060885271628,126.918598812958479
A15101802,37.483891967378277,126.91125082375234
A15101901,37.465173712664971,126.93776810133366
A15101903,37.466683940246803,126.942619370479022
A15102202,37.473309039471097,126.916502201465846
A15102203,37.472827839777018,126.912163195844315
A15102902,37.480085622439695,126.932826875352674
A15176701,37.46045095981161,126.928452259924001
A15177101,37.477132266231976,126.913158680065422
A15178401,37.484450145822379,126.909312265083202
A15179403,37.463425918403601,126.926688209463975
A15179701,37.469746375129496,126.919696352292561
A15185201,37.483470921492412,126.937687572934465
A15185704,37.476623084628109,126.912269186975919
A15186002,37.464647766018523,126.937104866984967
A15187101,37.489165445956807,126.918641222769153
A15188101,37.470107942451513,126.91624436466482
A15188801,37.473351311178384,126.914115607356763
A15190301,37.482414587801983,126.904227175356738
A15190705,37.480255016149513,126.910351911894139
A10021899,37.473164439967015,126.978082481614436
A10025511,37.471131980625167,126.973030176983315
A15108001,37.47162172448882,126.973705283751357
A15108003,37.473036552031672,126.975663181023222
A10020138,37.486390702141499,126.995443841683439
A10020303,37.480861164893234,127.005106251397379
A10020358,37.489175736868532,126.989113159452714
A10020361,37.486852995388737,126.983529841949675
A10021518,37.491861559137909,126.984909373922846
A10021884,37.497678429196377,126.987697676485197
A10023272,37.490366017226485,126.995518910251363
A10023620,37.479930970152587,126.998269625119178
A10024171,37.477143016682888,126.999747245547766
A10024322,37.477707311744872,126.998906543004196
A10024857,37.483136113604594,126.995284755458087
A10024942,37.485967027894922,126.997550584820218
A10025472,37.475229338821912,127.001218944907194
A10025927,37.479491460305645,127.003045502898885
A10026154,37.486030804570191,126.983083051762861
A10027016,37.486162456444575,126.998997120688486
A10027585,37.491200280381982,126.984156008353821
A13706001,37.498061482241816,126.984583963682496
A13706002,37.472043400473744,126.983473432393637
A13706302,37.474620867915867,126.991689041124218
A13706303,37.479165260138871,126.994146510429886
A13770801,37.491240521353618,126.989268777039115
A13771001,37.483527672700298,126.983688463693596
A13771601,37.484456823105603,126.99851082528086
A13782601,37.493983216590287,126.987779480608495
A13782602,37.497619306296279,126.988614434221446
A13782803,37.496989441819416,126.984715773880566
A13782804,37.496155032600939,126.987674144925165
A13782902,37.495075200539603,126.988088776163821
A13783001,37.4946282297146,126.991033092552243
A13783802,37.486018560664249,126.98440655337572
A13784102,37.488198943748166,126.99885909259568
A13784401,37.483967071499656,126.991478685178379
A13785001,37.476238873430766,127.003361096152105
A13785005,37.476933532324502,127.001365957173846
A13785008,37.478430350464095,127.005789579965196
A13785201,37.489766768150083,126.984075371951036
A13785203,37.489384204160885,126.983161750119478
A13785301,37.472364890583449,126.984850942521462
A13785302,37.473240048050414,126.982978896124393
A10020025,37.480873016206353,127.036933918803754
A13713001,37.473285104831852,127.032751035324765
A13713002,37.462467224131842,127.036945683535961
A13789002,37.479006946251857,127.0414921450338
A13789201,37.477777663658131,127.029160403179205
A13789203,37.477777663658131,127.029160403179205
A13778201,37.46294067318285,127.026765741800887
A13778202,37.462289033749222,127.026102694376704
A13778203,37.461766360699045,127.023889699096998
A13778204,37.456214212920607,127.0172878161044
A13778205,37.464234250014002,127.027922312093366
A13778207,37.462002009633522,127.026455043275476
A13778208,37.46354658831455,127.02055389130328
A13778209,37.458206790094913,127.024093180541158
A13778210,37.459122964972309,127.025534699184306
A13778211,37.456461855695807,127.011745883065856
A13778212,37.4581735472579,127.022555628236645
A13778213,37.463011647314602,127.022004706597158
A13778214,37.464514094177616,127.021305351448518
A13778306,37.469699889791457,127.024269120363513
A13790001,37.471158953280359,127.026227645805562
A13790002,37.472729460322292,127.026760578057562
A13790003,37.470976511647891,127.023446780925539
A13790004,37.472625507173575,127.023323218963441
A10020027,37.520041560742172,127.013391475284962
A10020044,37.509310656031658,127.014422902152702
A10020557,37.511809651008683,127.012777329364098
A10020770,37.512926749234353,127.017024632582078
A10020999,37.508888587161422,127.01261528066776
A10021612,37.51178220926046,127.006169455811403
A10022466,37.514716462575983,127.013856045825221
A10023143,37.516717558751353,127.013877012301819
A10023462,37.508646312963961,127.002071571281576
A10023673,37.50764717020791,127.002395014792995
A10023971,37.51006582817606,127.011759008650003
A10024913,37.507389595761211,127.001163445046913
A10025381,37.510171917977203,127.004765700899824
A10025418,37.517926460431681,127.014140756096353
A10026004,37.510743323947302,127.007771715371305
A10026227,37.515123511292096,127.007675053659327
A10026977,37.512490960955219,127.01625800259464
A10027439,37.514920925943862,127.013164465898086
A13703011,37.519713918504699,127.017014837493136
A13703019,37.519564747833407,127.015804951091781
A13703027,37.509377117568718,127.010869625759597
A13779432,37.509351576338858,127.011231865742118
A13790604,37.511408671804141,127.018301706485758
A13790612,37.518802706007797,127.014610355889317
A13790620,37.520666647012163,127.014156937854636
A13790701,37.513880476001852,127.007875582349342
A13790703,37.515761122367081,127.013634269770506
A13790706,37.513560517587912,127.008963964133599
A13790707,37.518245672760877,127.012859963129401
A13790709,37.514035222239137,127.010409237656759
A13790713,37.514396779043416,127.008483231869278
A13790714,37.517459787004853,127.012446379370061
A13790716,37.515430878326043,127.010060648854804
A13790717,37.517270297806327,127.010218362794603
A13790721,37.511438857618508,127.008129231091246
A13790722,37.516210149531148,127.011051346958041
A13790726,37.515728560662389,127.014483162741556
A13790828,37.5071280717668,127.005419419295634
A13790902,37.510783055519639,127.006492858827656
A13790910,37.510536904998489,127.005826896377286
A13790929,37.509148433518291,127.001445924287765
A10019966,37.501270809644822,126.986768047811154
A10021765,37.503458118881731,127.0159542441056
A10022556,37.50341159624346,126.994096105230639
A10023043,37.506058403641781,126.997574359096703
A10024254,37.500383824481631,127.013598268300555
A10024646,37.500311033631078,127.000475167516399
A10025550,37.501351316220692,127.009971645321002
A10026015,37.502935762387317,127.016059440876674
A10026051,37.502223104594471,127.013722101292956
A10026342,37.498866412854056,126.999896504363178
A10027205,37.505126003290151,126.992421357146725
A13704004,37.497497941811993,126.993921055757724
A13704101,37.504349085995209,127.011241852311997
A13704104,37.506117523613433,127.01167158087766
A13704404,37.502541029270454,127.009952556069436
A13770105,37.501350072958139,127.007505292458234
A13776301,37.502837408244957,127.014057531386882
A13776508,37.503524064007351,126.995102283812159
A13776509,37.502643014746376,127.002009618466886
A13776510,37.50162949604757,126.996812084564056
A13780201,37.498845749573917,127.010021958818044
A13780402,37.50045921370657,127.001413196267222
A13780403,37.498583009182425,127.001086276359445
A10020415,37.50285300041341,127.0245340220266
A10020455,37.482454865804442,127.013375196322599
A10020535,37.484039523204309,127.017346381516035
A10021305,37.490866721931042,127.029485486631117
A10021789,37.490111657927258,127.005712627971604
A10021828,37.486281027627136,127.030045880288966
A10022209,37.494548139800052,127.025944184308685
A10022390,37.489453584076387,127.021010504276703
A10022474,37.487786540801366,127.016700139972741
A10022539,37.483810175730632,127.014169482752834
A10022623,37.491553674703852,127.029967598358965
A10022656,37.485949700227522,127.026077700746313
A10023049,37.48454616228576,127.031244408471764
A10023191,37.484391715878957,127.024175977887339
A10023644,37.48152890972662,127.013969352486455
A10023688,37.478597174671272,127.006885565857715
A10023694,37.498672715305176,127.025035682466424
A10024156,37.489686905605168,127.007604501159236
A10024240,37.489027567630401,127.027132870656004
A10024552,37.489288569878681,127.029291773715073
A10024574,37.487206172666575,127.011466676967757
A10024687,37.488470944848522,127.005655569223578
A10024987,37.485329273701943,127.026454888690566
A10025375,37.491937060640488,127.013347620936074
A10025615,37.483451779345344,127.014692104185514
A10026317,37.493943523034233,127.021298580101799
A10026337,37.491873569182928,127.017646652099359
A10026340,37.4923618141041,127.018016815846678
A10026411,37.492928817844152,127.026723657072637
A10026941,37.501320870238885,127.020120126344437
A10026972,37.485926112289157,127.022458245674102
A10027221,37.492617826161016,127.025594392160357
A10028146,37.496670394487012,127.020251702103025
A13707002,37.492481615905504,127.020878045063085
A13707003,37.494216533875431,127.017507146398998
A13707006,37.493459859789994,127.015419220999604
A13707009,37.502451441316765,127.021074559516194
A13707010,37.484687052897463,127.016991572626637
A13707016,37.497120542393333,127.017907041959816
A13707017,37.495987552415642,127.025256318875776
A13707019,37.484189480768372,127.009981958243117
A13707203,37.490336013617394,127.029760301913285
A13770606,37.485125995596505,127.003290961105193
A13770607,37.479615259923243,127.006777082969919
A13770608,37.491087978091286,127.008556826813845
A13770609,37.483612842858186,127.016602606211634
A13770610,37.4852776411444,127.011558413325673
A13770611,37.486527181915477,127.012930262476317
A13772801,37.491018926310709,127.020265226620594
A13775102,37.493961139598461,127.027916265339286
A13785604,37.496826653284025,127.02322599667724
A13785607,37.501168348790081,127.022519577329916
A13785705,37.494884446693312,127.026643440666007
A13786601,37.485184565697622,127.019635178371999
A13786606,37.482962026549018,127.018359975240074
A13786704,37.482999112202961,127.014208666977922
A13786803,37.478545500361321,127.007462722689993
A13786901,37.48094272504143,127.007367814183681
A13787102,37.486502016234233,127.009028012253154
A13787105,37.488867821940318,127.007881358460082
A13788002,37.487029489785982,127.02561842227
A13788003,37.493015201465283,127.019098600723865
A13788201,37.499596163856125,127.017144447010381
A13788203,37.495799223186481,127.018809243082444
A13788206,37.498406919319656,127.012887050493205
A13788208,37.499652831778079,127.017777628599958
A13792001,37.499545164486953,127.013501888604793
A13792306,37.486564500098538,127.028799854802685
A10028021,37.455974228775702,127.059700999886616
A13718001,37.453535194626362,127.063118523681283
A10028046,37.456167504509615,127.0583543583828
A10028105,37.449887441239163,127.056604958444765
A13716001,37.447833429057056,127.056899719916203
A13716002,37.451611557397634,127.057273147961538
A13716003,37.454424922839429,127.059981439091686
A10020216,37.502648485423485,127.045861812775456
A10021281,37.496223377233477,127.04627404675216
A10022749,37.507919932355648,127.038498026152155
A10023825,37.500333133556033,127.046158672206474
A10024813,37.49281944407803,127.035502696076719
A10024820,37.501427150060806,127.044692594783157
A10027474,37.501452401465002,127.044228583307202
A13508001,37.506513303045402,127.033777277501997
A13508002,37.500561917381184,127.042378585574383
A13508003,37.49754313891863,127.031083987674336
A13508004,37.50249993472525,127.049437864676605
A13508005,37.491980133864992,127.032951341127117
A13508006,37.500456121991633,127.047673931969086
A13508009,37.499487439472958,127.046571070128962
A13508010,37.495647950061993,127.030496262875104
A13508011,37.495721405877205,127.047001099655944
A13508012,37.502771911363503,127.047490254283474
A13508013,37.493684967186603,127.030994986003222
A13579501,37.499998393857062,127.05055029562574
A13579503,37.496884745692142,127.051881256590278
A13579504,37.501966294967659,127.044259400621399
A13579505,37.496046278306046,127.04710095250104
A13579506,37.500564385426536,127.050060423372926
A13591402,37.492043047543589,127.035190762870215
A13592002,37.501473495195455,127.042689803317458
A13592601,37.499229521704265,127.047477692017921
A13592604,37.497488507337962,127.047114868545677
A13592605,37.499504249281131,127.050971850349796
A13592706,37.498124082090953,127.050685973791218
A10022859,37.481483275182107,127.055004494735641
A10023348,37.485307043466641,127.070150114996324
A10023565,37.476175036014759,127.057614606982824
A10023996,37.485042044104553,127.0569741486418
A10024564,37.480189492573508,127.053722780498518
A10025203,37.483156445745173,127.068680712952656
A10025675,37.480747143465749,127.065493690854041
A13524004,37.483336130876445,127.056350812078279
A13524005,37.482834478787495,127.054781575756721
A13524006,37.482113701508197,127.052478469773675
A13524009,37.495744655246909,127.075090539054798
A13580001,37.487777446049215,127.060532446677115
A13580002,37.488101937019977,127.062962541089107
A13580602,37.484582570466102,127.054635469648247
A13593901,37.496075878050647,127.076966589625343
A13593908,37.492795351252077,127.074575568830539
A13594007,37.495203154627895,127.077412707022063
A13599301,37.487743219961018,127.070837472641955
A13599303,37.487743219961018,127.070837472641955
A13599402,37.487574967710991,127.069186951785184
A10020363,37.521766756719138,127.05786612585068
A10020611,37.526431886778653,127.049678756614554
A10021563,37.523094340587726,127.053761579088757
A10024186,37.518063554123167,127.044003092964246
A10024640,37.521251547346601,127.045613282595156
A10025280,37.525253613473801,127.055095465739257
A10025755,37.523004550403563,127.058651002506494
A13510001,37.519448332204576,127.04783090206486
A13510002,37.523677878749517,127.046051246204982
A13510003,37.523269667458131,127.050082539030342
A13510005,37.520023973865939,127.052240831811645
A13510006,37.520988315565269,127.047482111887064
A13510007,37.523660155944491,127.058013390004007
A13510009,37.524753038193005,127.056207517778759
A13510102,37.526883737552176,127.052358277399222
A13510103,37.521883506726397,127.050588797725524
A13510201,37.521538563585047,127.047591955135275
A13510202,37.521222964787121,127.040554936897223
A13510203,37.517777750265672,127.042352684870082
A10020032,37.508066311640327,127.055514302025713
A10020826,37.51953719284392,127.059418305222536
A10021856,37.50920465507491,127.053821648792223
A10022130,37.516015097676423,127.062437704397794
A10023020,37.506277706045218,127.049720648131398
A10023939,37.517471989876391,127.044866711088645
A10024131,37.517043634313652,127.050697036277086
A10024435,37.508511436698207,127.05404075390166
A10024819,37.513939934958927,127.049900927496935
A10026350,37.515765801501487,127.051247854738435
A10026934,37.512985839346229,127.047892523932177
A13509001,37.51675888800596,127.044599459896503
A13509003,37.515516718779885,127.061727722446875
A13509004,37.516916559633749,127.045752728411117
A13509005,37.516544323460792,127.042722325877918
A13509006,37.517223257783272,127.043476354532004
A13509007,37.51747782585818,127.048736759026724
A13509009,37.518703778566113,127.058302899321319
A13509010,37.514738062742843,127.044136483767261
A13509012,37.516912058099422,127.049283331516435
A13509013,37.516774985854063,127.06318011913028
A13509014,37.516774985854063,127.06318011913028
A13509015,37.516207850877343,127.065820017635176
A13509101,37.5201453672586,127.05814728783956
A13550701,37.5161984477581,127.046526558348361
A13570501,37.513088229435077,127.051105471815674
A13570502,37.516774985854063,127.06318011913028
A13587603,37.506111103398197,127.050943595211834
A10020281,37.504287019150077,127.054823924128456
A10020486,37.502724032451582,127.061078427930354
A10023162,37.501359660782747,127.06261375162336
A10024102,37.501818687102599,127.064873809194722
A10024799,37.499628679685721,127.06495439775702
A10024815,37.496461645125045,127.054406553402487
A10024821,37.504977570453249,127.056290663140103
A10025646,37.501618885338779,127.054794511430273
A10026526,37.504655964537314,127.066780740469824
A10026924,37.495651841183253,127.059592601270793
A10027800,37.497170376244881,127.05831663054478
A13528001,37.505022360439824,127.05382391199656
A13528003,37.496631516526762,127.058840197245885
A13528004,37.494222475979171,127.070415774064358
A13528005,37.505690717870358,127.054181990531603
A13528007,37.501505383485217,127.065463936095398
A13528008,37.499903132601659,127.061174134222298
A13528102,37.494190353512806,127.054442673040754
A13528103,37.492008012601808,127.056559704932795
A13528105,37.4911897019322,127.057073585871919
A13583402,37.499836394222825,127.069987646106483
A13583403,37.49941889192538,127.069198108159355
A13583404,37.497643736818929,127.071821620422682
A13583507,37.499614148759562,127.065904802976419
A13583604,37.493078470220972,127.06080682188184
A13583701,37.501289640551398,127.060747416803821
A13584101,37.503783542494091,127.057564894322098
A10020117,37.525293941327391,127.035142979421366
A10024029,37.520103092497003,127.019615105040842
A10024805,37.527752369859911,127.036859313640718
A10024814,37.526645415950426,127.037296219161362
A10028094,37.523521439395857,127.03366014122588
A10020220,37.518058991327919,127.03588946395584
A10021034,37.514237608051296,127.026894645900796
A10022330,37.517848531010699,127.037384490661424
A10022476,37.506737451564497,127.028933318016314
A10023129,37.505757953975568,127.027423362444878
A10023245,37.510524582368177,127.043064557114803
A10024035,37.516455344119109,127.040697326879496
A10024457,37.512245636717068,127.038290348669221
A10024501,37.512910461542241,127.030874706426602
A13501001,37.515084798479322,127.038261542130442
A13501002,37.513858310395896,127.028967772884357
A13501004,37.514460187985016,127.021733341720719
A13501005,37.513671956787967,127.038847334784677
A13501006,37.509383806327179,127.039439457493444
A13501007,37.519761264764703,127.037859285971578
A13501008,37.506317686754969,127.02764612084168
A13572601,37.510510513884654,127.023534994841754
A13582002,37.518639620925228,127.036847745163087
A13583301,37.510180073848993,127.037918364631693
A13511001,37.525576520558495,127.020157188848302
A13511003,37.523359550102057,127.018032492168416
A13511004,37.525322786017163,127.024278277747115
A13511101,37.531640656905438,127.026365967106202
A13511201,37.529799223276605,127.034764166128539
A13551103,37.529607260909231,127.040990182477103
A13589802,37.532677637574977,127.028724938602366
A13590204,37.530285203533609,127.036866288810302
A13590602,37.528501916953601,127.041845783036763
A10027558,37.473204642609112,127.096536336013997
A13519001,37.464581404475929,127.100020334235424
A13519002,37.463652660541122,127.102592183437679
A13519003,37.463822411986094,127.10483026165538
A13519004,37.462873614701167,127.101442909142335
A13519005,37.461044139848354,127.101531772396996
A13519006,37.467276850279056,127.092214430659425
A13519007,37.466600228027922,127.10262181475332
A10022652,37.478723520639967,127.107997836891059
A10023132,37.47687105678876,127.106593771909957
A10023314,37.47891681714178,127.106492565424816
A10027985,37.471141245358801,127.088902501346439
A10028172,37.474410813264001,127.101359032835006
A13519008,37.4711769936116,127.091412918226993
A13520001,37.475080911986581,127.110391891986097
A13520002,37.47681026014719,127.112746688162119
A13520003,37.472652307823807,127.095804201097565
A13520004,37.472501857846787,127.091371778633913
A10027909,37.470796177186671,127.109407629829718
A10027912,37.468562871703803,127.104613061758641
A10023547,37.487688477403843,127.075645193895326
A10024216,37.490998416582109,127.073680796763256
A10024258,37.490089581769219,127.079138303523834
A10025823,37.489825010131483,127.080780009536596
A10027571,37.490886489452279,127.077651956010087
A13523001,37.48008054265599,127.08311915683656
A13523003,37.481691349167242,127.084931221978536
A13523004,37.485124320314114,127.082027882928983
A13523005,37.485632174750826,127.085463671269224
A13593801,37.493590775128403,127.090510288027716
A13593802,37.491595466720803,127.089559649043295
A13594203,37.484289229380977,127.080381123517
A13594403,37.49172239148951,127.076991144101683
A13594701,37.481804251111043,127.078630557297743
A13594702,37.48204933236461,127.081649138112837
A10025204,37.486598786432069,127.107198827097278
A10027446,37.48210430644793,127.094837121995553
A13522003,37.489468699322053,127.100204401568405
A13522004,37.485158918253561,127.089323395949833
A13522006,37.486980702193527,127.097480289700158
A13522007,37.485482909286397,127.086595618089106
A13522008,37.491608903222527,127.101380770163715
A13552001,37.487898196807912,127.104929704904038
A13552002,37.480786373197823,127.091654672959322
A13588402,37.489197182378163,127.102547388437401
A13588601,37.485700905822988,127.097521089982166
A10020848,37.48604720865184,127.046324286805941
A10024793,37.48916644921254,127.048816633636918
A10027319,37.487722985400175,127.039142635336873
A13527001,37.486484115167002,127.03352850391876
A13527002,37.489040484375089,127.039530452128275
A13527003,37.486310349966701,127.051503285119736
A13527004,37.488174892957062,127.046447158923016
A13527005,37.487338093392125,127.051553698318045
A13527006,37.490439403622617,127.042315916402359
A13527007,37.492302505533772,127.043944821643976
A13527008,37.488611409035158,127.040449331567643
A13527010,37.488247834742921,127.03736348684042
A13527011,37.488863118867179,127.052008362115558
A13527013,37.485091439114775,127.048592295723225
A13527014,37.48803113805689,127.05128938877796
A13527016,37.486970716802304,127.049757376820239
A13527017,37.48825184016281,127.054828607411039
A13527018,37.485252760890418,127.034418430980125
A13527019,37.487611114522522,127.038193154667496
A13527203,37.492362412721192,127.050166190993195
A13550403,37.487762741509883,127.040092560981037
A13550404,37.487936171274256,127.047658940799565
A13550502,37.489081577318181,127.050197177503321
A13585401,37.48603286982123,127.047285833020439
A13585402,37.489929016390725,127.054999644170763
A13585403,37.487171640472283,127.05282157709712
A13585404,37.494902510133699,127.049709763685357
A13585804,37.490219002076877,127.041265252872194
A13586101,37.486662402675336,127.039918324504939
A13586102,37.488845197283119,127.037993258448097
A10023070,37.510511973781306,127.083538346254684
A10023599,37.509744023045215,127.085590606303541
A10027523,37.511406969175482,127.079199678626779
A13822001,37.509793226938989,127.094574356791497
A13822002,37.510625965669888,127.087769528099159
A13822003,37.515476234785702,127.085468385092042
A13822004,37.512624208663553,127.081851943375838
A13822301,37.511496297975341,127.094429363234497
A13822701,37.507606350875989,127.07503462851156
A13822702,37.508316557141917,127.072020902592556
A13822902,37.502683373322228,127.082178921124537
A13879102,37.51504954819314,127.092361996131899
A13886701,37.504109166502936,127.0852031353418
A10020230,37.517331677583535,127.106143824581324
A10020294,37.518577788754861,127.109532141876002
A10023169,37.515120081307678,127.102477845357981
A13824001,37.517731571529652,127.104432992628119
A13824002,37.516912952786846,127.102230699700996
A13824003,37.516324188090252,127.104055681547081
A13824005,37.519127965809162,127.101539963737778
A13824006,37.521295008102094,127.108058136349555
A13872502,37.514419710890323,127.100603171900502
A13872503,37.517475856453927,127.103438529635824
A13872504,37.518514184610282,127.103964896701086
A10020100,37.533799417717113,127.114319760318722
A10021523,37.532579972087277,127.116284112878716
A10024358,37.535190864769696,127.112592146828661
A10024379,37.534961974651267,127.117030261444839
A10025185,37.524912410167467,127.114433419129114
A10025467,37.533478170318162,127.118090467362762
A10025632,37.53023894520409,127.117054411082123
A10026804,37.533889290248645,127.111489663093167
A13804001,37.52606613447292,127.117200233579894
A13804002,37.526878589268037,127.117580876288059
A13804003,37.539262617839121,127.117393124562724
A13804004,37.529128635518873,127.119334969283955
A13804206,37.528895860587333,127.111515563549219
A13887301,37.538818979014749,127.116784150059161
A13887302,37.537914107253449,127.115702142754074
A13887403,37.531832630674003,127.116525624440399
A13887405,37.530875480098857,127.115998574945962
A13887702,37.53439174959766,127.113535725557099
A13887901,37.531397388035337,127.118508531283396
A10020796,37.499961803857786,127.116903626651819
A10021504,37.502828926015553,127.1143773033466
A10023610,37.503000990764207,127.117397222707396
A10025460,37.509107081424411,127.104885841346345
A10028083,37.500596812203135,127.118156182157023
A13817001,37.503431675576479,127.119578615297357
A13817101,37.510033360147801,127.106951591344881
A13877501,37.504032257353821,127.118545991153923
A13885102,37.504583665762553,127.113485777240257
A13885301,37.503362481563002,127.117689540175405
A13885303,37.505870527886827,127.118389551938435
A13885304,37.504162590545349,127.117040559411365
A13885306,37.503633646199752,127.1207203015598
A10027881,37.506567979208889,127.100339517853755
A13819001,37.504016679719818,127.105568882788717
A10021157,37.500181891254961,127.088539698529161
A10020074,37.499548684293629,127.131545219662883
A10021256,37.495512362538655,127.126372499125964
A10021390,37.494587858747657,127.119125723755502
A10025850,37.499228681194822,127.107743596300878
A13816001,37.500022369026482,127.130253161157114
A13816002,37.497663993390908,127.117107687603877
A13816005,37.494342790219768,127.121400794682273
A13816101,37.500305295797233,127.108948505085607
A13816202,37.49526059214913,127.132312926488083
A13880105,37.5021690559484,127.122164556560364
A13880201,37.497330738261326,127.122788525039923
A13880204,37.498770073328799,127.119093169579074
A13880406,37.497171219031159,127.118026556175778
A13880407,37.496353552215218,127.116039655508956
A13880602,37.492012193621832,127.125462333059716
A13880603,37.489690673227997,127.121062295937037
A13880701,37.494041747166122,127.128789393375996
A13880806,37.494838817445647,127.127156427179244
A13881005,37.498642338124654,127.132839380292907
A13881103,37.495030355104738,127.136556309343675
A13881204,37.492075995890247,127.134319490919722
A13895501,37.495206015791091,127.12075161317766
A13895502,37.498114802152834,127.122750641698417
A13895503,37.494849211504317,127.121918619967218
A10022030,37.485781126508307,127.130345981753607
A10022403,37.488881043964717,127.132988967840419
A10022621,37.486371100542257,127.123081175855717
A10022995,37.484185646978432,127.124607834392904
A10024172,37.485685905751559,127.125867189486556
A10027346,37.480297914397113,127.123711137588842
A13820001,37.487195660077283,127.133042459194201
A13820002,37.492201369841673,127.136977258731079
A13820004,37.490803877125103,127.128160631416762
A13820005,37.480926742154161,127.125879609364887
A13820006,37.491507630693725,127.131256670352741
A13820007,37.49009729010271,127.135709193173341
A13820201,37.490103072892673,127.112044605707482
A13882401,37.486979197539497,127.127240738038694
A13882402,37.486656494728791,127.127807912082602
A10023296,37.478178669880911,127.131966852236744
A10023897,37.475008387232478,127.141584299786118
A10026682,37.477440509209792,127.135182519400701
A10027461,37.479041166340885,127.142797858671159
A10027553,37.481734429494303,127.142196882701754
A10027632,37.475859152461553,127.142733835412997
A10027744,37.475712745247982,127.142010707229119
A10028086,37.480714153617669,127.141624911178326
A13821001,37.481568879678022,127.129427950390863
A13821002,37.479605514400419,127.13283075147784
A13821003,37.480180551272603,127.129355633562994
A13821004,37.479047117585559,127.130085088869819
A13821005,37.477308925242163,127.130546056982723
A13821006,37.479314012015656,127.128964052911897
A13821007,37.477843637299422,127.128598090024639
A13876108,37.48069181784237,127.131434242798861
A13876109,37.484639839430827,127.131448782522895
A13876110,37.483363761110304,127.132687940760476
A13876111,37.487247592829547,127.135259259897836
A13876112,37.476715347530522,127.128094727684555
A13876113,37.478733206571732,127.139338396496726
A13876114,37.474826131700667,127.137977397161393
A10021457,37.512477571146839,127.118412491487803
A10022027,37.514880793057003,127.114586875682519
A10026209,37.514903211130658,127.118716980229465
A13805001,37.508163296977941,127.125053526970319
A13805002,37.515027102568766,127.132204655366635
A13805003,37.511265373275457,127.122661833870978
A13883601,37.506237128298501,127.123083146870798
A13883602,37.508307187501394,127.122122305825016
A10021425,37.507795766096002,127.131425486031063
A10022649,37.503222638889682,127.136199811795038
A10023333,37.507086170662816,127.132220989543825
A10025657,37.500173760423479,127.141350913009276
A10026249,37.507236594128607,127.137142067537354
A10026362,37.505604451313111,127.13986539319572
A10026734,37.507392597931442,127.135116009138443
A13813002,37.501268517571965,127.139739142534239
A13813003,37.496552770789918,127.139207464891641
A13813004,37.49882158298719,127.135417923536835
A13813005,37.499026667460441,127.137623016265081
A13813006,37.509348368108469,127.129268033071085
A13813008,37.51005156024133,127.129309814963037
A13813010,37.503992036555154,127.125696659957299
A13873701,37.508895918005472,127.128704532352401
A13886009,37.497186248822722,127.137088885476004
A10021407,37.492104480086944,127.14364063595832
A10022033,37.496566231122969,127.143642061464163
A10023887,37.495071739599375,127.147235284621914
A10023922,37.484801864477113,127.143121078960917
A10023927,37.484152054870052,127.139877901557725
A10024085,37.484404255314558,127.14578107367376
A10024152,37.486312564989319,127.147932534830673
A10024197,37.48573414443878,127.144406130039997
A10024492,37.482681575869833,127.139466459110295
A10024577,37.487946329466673,127.151748193117527
A10024655,37.49187926852121,127.146684689298439
A10024787,37.493365840589711,127.149483169531365
A10025284,37.495669792135701,127.142288787843384
A13811001,37.488138221968974,127.146555258218399
A13811202,37.489975996438773,127.146218553482015
A13811203,37.488886897079126,127.143735103894201
A13811204,37.489357884936688,127.147499704988959
A13811205,37.48870176677223,127.145116013731837
A13811206,37.490753272907483,127.143918544240023
A13881302,37.496723071784572,127.144840487415806
A13881401,37.49500485492905,127.145968579321206
A13881601,37.492569011266191,127.142258327214421
A13881603,37.493035278494659,127.141452924387778
A10020176,37.499002580407179,127.153631424508319
A10021237,37.499943234152028,127.145605862161887
A10022249,37.500729645801229,127.146348839078684
A10026717,37.500020615653803,127.14436101871766
A10026961,37.494490357393694,127.157962365849841
A13812001,37.493212846951344,127.155694397213978
A13812002,37.494684281359625,127.153368552792642
A13812003,37.498628184091373,127.155058620395238
A13812004,37.500016484835001,127.152054173604839
A13812005,37.49452915883473,127.15891244810544
A13881701,37.498209672449811,127.159936519414799
A10021408,37.546846239238882,127.144376406750922
A10025415,37.552588126539163,127.144462338922963
A10026002,37.549401410923664,127.151881341280713
A13407002,37.546173051485006,127.148330426403476
A13407104,37.550742047029225,127.148037253799274
A13407201,37.551866807268283,127.1504207520927
A13407202,37.553824774383052,127.154170366058977
A13407204,37.553955589096766,127.152675312321023
A13478601,37.54975899099874,127.153940091161473
A13478602,37.553294738509003,127.154772854045717
A13482505,37.550842623636278,127.151557647031865
A13482603,37.551340842841427,127.155472459220917
A13482706,37.547014901323926,127.149537768682038
A13482801,37.548437509288931,127.149021674469324
A13483002,37.54899527897981,127.145645450909797
A10020628,37.563778923993183,127.171063676156194
A10022715,37.563999324886012,127.169296301910379
A10024562,37.557870957996542,127.169595120574598
A10025263,37.556916649365121,127.163609976569958
A10027207,37.558086424713714,127.147481889655836
A13408003,37.559839339081137,127.155037044310063
A13480401,37.556362137933966,127.152652820958707
A13480403,37.557579813059668,127.146861559079156
A10020567,37.546121506234194,127.158405824733919
A10021433,37.549479184005612,127.156896141965703
A10022756,37.556153461101083,127.180913306225179
A10023855,37.551587521371843,127.18237057004896
A10024412,37.551356655165478,127.180322412535119
A10024420,37.554126109431422,127.181171026027883
A10024473,37.552156948620343,127.169801488399699
A10024798,37.547233036443686,127.159396962718745
A10025010,37.556727582246793,127.170075693428444
A10025104,37.551353995660527,127.166329423640278
A10025112,37.548140188608826,127.167758838709247
A10026403,37.550943001142649,127.164429305518794
A13409001,37.546642969284001,127.167414548875158
A13472701,37.553306685660537,127.174857123036503
A13483803,37.55000829155852,127.159078667560493
A10020308,37.536495545786565,127.137419142227898
A10020684,37.539938661666639,127.140345529802715
A10020736,37.539604889008523,127.140256577712435
A10020988,37.538041642305465,127.13604203612222
A10020989,37.538502303412393,127.136356735878365
A10022001,37.539350096578609,127.13946544578998
A10022525,37.539084860041122,127.150174812445883
A10024932,37.541459297507359,127.148443125232802
A10024972,37.541510509712737,127.147480710160366
A13470101,37.545595281547577,127.148027491949193
A13470102,37.536617764956311,127.136128189250513
A13470103,37.539141041959603,127.141854833268283
A13470104,37.536366330210207,127.136435021810499
A13480803,37.536695982657427,127.147050616615317
A13481001,37.543418749356618,127.143600288973616
A13481305,37.537022385756387,127.144683402575723
A13488104,37.538282731021773,127.150201198246165
A10021122,37.521676567381256,127.140150290803604
A10021603,37.534076482214118,127.14820613834172
A10021705,37.531527145275923,127.145694155819015
A10023059,37.530207270183865,127.144398830110475
A13406002,37.533033714026338,127.146128447202543
A13406003,37.529507323076359,127.142444158833086
A13406005,37.535914583694421,127.147982445554476
A13406007,37.532894708953442,127.147872137371294
A13406201,37.529204107527541,127.140544209229802
A13406204,37.529423766493103,127.141640988736384
A13406205,37.528049095973024,127.143096226283006
A13470502,37.526879841292882,127.143927973712877
A13470503,37.534694152819803,127.146777084390607
A13470504,37.527342219516271,127.144819863054536
A13481802,37.529942672076082,127.143336198834504
A10020036,37.550071957030262,127.123654987837398
A10020122,37.556055151676119,127.134561850116526
A10021259,37.554971925610033,127.131147976616859
A10023046,37.551206974356973,127.13201561883092
A10025174,37.54854392962811,127.124998519899776
A13405002,37.553885420034888,127.126726599084634
A13405003,37.552805571573309,127.138891173459299
A13405201,37.553474292703271,127.124985138111541
A13471501,37.555136710439264,127.131962330913481
A13485301,37.557006855860486,127.139210561547841
A13485302,37.555523562158669,127.143474716678199
A13485401,37.551818519616894,127.140345056800641
A10020199,37.526878677659681,127.13469290976272
A10020681,37.535988259691443,127.127913754661037
A10022572,37.537351252508152,127.125677126310833
A10022996,37.535747199788297,127.122957308042544
A10027354,37.527316700287543,127.127753115188241
A13403001,37.534533097852815,127.126653296885678
A13403002,37.5316795126787,127.124981108537142
A13403004,37.534443922966361,127.135618094517042
A13403005,37.523133925223554,127.133364455844657
A13403101,37.531083080200837,127.124497415774485
A13484003,37.535444705179167,127.127044909459499
A13484004,37.535245979484699,127.132659998352494
A13484102,37.534678696724143,127.132843879514596
A13484201,37.533375012894822,127.131005360671622
A13484501,37.529442244431308,127.132982726881238
A10020146,37.540273642325879,127.126307728909424
A10020258,37.542401953169218,127.12665934081798
A10020336,37.538677926461517,127.129066274312365
A10020603,37.537235463419222,127.134755582615696
A10021534,37.543444401131424,127.140170209356057
A10022000,37.537032800063123,127.130455343717003
A10022202,37.541513876526473,127.128010812858221
A10023670,37.539458990046029,127.122395287960103
A10023695,37.541921770472392,127.125880672042086
A10023979,37.538199468402681,127.128830941341803
A10024134,37.548385227510082,127.128972892621874
A10026195,37.546282028898972,127.122326912674836
A10026852,37.537829941540323,127.131719153466804
A10027948,37.536754245617146,127.133626031932366
A13402001,37.539401452665722,127.126979924930197
A13402002,37.538339639849362,127.130414936779061
A13402003,37.540548823703723,127.124970648775445
A13402004,37.543680439026126,127.140723756215237
A13402005,37.541634588084165,127.137847045634899
A13402103,37.550110977801687,127.139040025911001
A13402202,37.544134541212742,127.124443283147954
A13402204,37.548250998337934,127.123584898317645
A13402304,37.538339639849362,127.130414936779061
A13402305,37.538299152629939,127.134784351994966
A13472201,37.537694132418927,127.13442509096204
A13475001,37.541200912785762,127.125952191874518
A13486102,37.544847810258609,127.142246381479723
A13486401,37.538291460207496,127.132305482524643
A13486504,37.54467998825735,127.13453814260096
A13486601,37.54556424839447,127.13483947418618
A13486701,37.549077586413247,127.128437381296436
A13486703,37.548427195690131,127.127987780139037
A13486705,37.547856349858428,127.129903807777566
A13487102,37.536043272995478,127.133980395264402
A10022851,37.574017034031762,127.173861130946847
A10024410,37.556866104036473,127.181125386107738
A10024421,37.571167231211902,127.173307348408002
A10024422,37.570650938229569,127.169164976599205
A10024440,37.572142815590439,127.177357202253802
A10024468,37.572640969349067,127.171692843363516
A10024487,37.556778860804734,127.1723059048322
A10027638,37.562206656127792,127.179472136355855
A13410001,37.568045985771569,127.172381111939913
A13410002,37.561350713190862,127.176294121377879
A13410003,37.568724748311752,127.176647221638646
A13410004,37.564415836794645,127.176484676150295
A13410005,37.558883032269129,127.180346871960722
A13410006,37.568353273178232,127.175946753700444
A13410007,37.55909634545317,127.179236368340199
A13410008,37.567879494731017,127.174103043300406
A13410009,37.566780729285171,127.177708713756317
A13410010,37.564304907691294,127.178772433879502
A13410011,37.55988286834188,127.173515139665554
A13410012,37.560813665704487,127.171133326083918
