시도	시군구	동리	단지코드	단지명	단지분류	법정동주소	도로명주소	분양형태	사용승인일	동수	세대수	분양세대수	임대세대수	관리방식	난방방식	복도유형	시공사	주택관리업자
서울특별시	마포구	염리동	A10019997	염리동 중앙하이츠 A.P.T	아파트	서울특별시 마포구 염리동 161-1 염리동 중앙하이츠 A.P.T		분양	19981219	1	114	114	0	자치관리	개별난방	혼합식	중앙건설	 
서울특별시	동대문구	이문동	A10020006	이문아이파크자이3단지	아파트	서울특별시 동대문구 이문동 419-1 이문아이파크자이3단지		분양	20260625	7	152	152	0	위탁관리	개별난방	계단식	현대산업개발	(주)케이비아주
서울특별시	서초구	잠원동	A10020027	오티에르신반포	아파트	서울특별시 서초구 잠원동 49-17 오티에르신반포		분양	20260624	2	178	178	0	위탁관리	지역난방	계단식	포스코이앤씨	우리관리(주)
서울특별시	강동구	암사동	A10020036	한솔 솔파크 더리버 아파트	아파트	서울특별시 강동구 암사동 518 한솔 솔파크 더리버 아파트		분양	20090810	3	127	127	0	위탁관리	개별난방	계단식	한솔건설	한국에셋솔루션(주)
서울특별시	서초구	잠원동	A10020044	오티에르반포	아파트	서울특별시 서초구 잠원동 59-10 오티에르반포		분양	20260605	2	251	251	0	위탁관리	지역난방	계단식	포스코이앤씨	우리관리(주)
서울특별시	은평구	신사동	A10020045	은평자이더스타	도시형 생활주택(주상복합)	서울특별시 은평구 신사동 19-100 은평자이더스타		혼합	20260527	2	262	227	35	위탁관리	개별난방	복도식	GS건설	제일에스테이트서비스 주식회사
서울특별시	금천구	시흥동	A10020046	탑스빌	아파트	서울특별시 금천구 시흥동 268-46 탑스빌		분양	20021206		148	148	0		개별난방		 	(주)아림주택관리
서울특별시	노원구	공릉동	A10020049	태릉현대홈타운스위트	연립주택	"서울특별시 노원구 공릉동 121,서울특별시 노원구 공릉동 121-,서울특별시 노원구 공릉동 115- 태릉현대홈타운스위트"		분양	20040206	10	134	134	0	위탁관리	개별난방	계단식	현대건설	우리관리(주)
서울특별시	광진구	구의동	A10020066	리마크빌 구의	주상복합	"서울특별시 광진구 구의동 683,서울특별시 광진구 구의동 683- 리마크빌 구의"		임대	20251218	1	439	0	439	위탁관리	개별난방	복도식	한양개발	주식회사 케이에스메이트
서울특별시	송파구	가락동	A10020074	더샵송파루미스타	아파트	서울특별시 송파구 가락동 161-3 더샵송파루미스타		분양	20260508	4	179	179	0	위탁관리	지역난방	계단식	포스코이앤씨	(주)케이티팝스
서울특별시	동대문구	청량리동	A10020081	청량리롯데캐슬하이루체	아파트	"서울특별시 동대문구 청량리동 199-,서울특별시 동대문구 청량리동 199 청량리롯데캐슬하이루체"		혼합	20260429	9	761	627	134	위탁관리	개별난방	계단식	롯데건설	대성티엠씨 주식회사
서울특별시	동작구	사당동	A10020085	스타팰리스 이수	도시형 생활주택(주상복합)	서울특별시 동작구 사당동 1008-1 스타팰리스 이수		임대	20260213	1	162	0	162	위탁관리	개별난방	복도식	트래콘건설	에이치와이플러스(주)
서울특별시	중랑구	묵동	A10020086	묵동자이1단지아파트	주상복합	서울특별시 중랑구 묵동 164-4 묵동자이1단지아파트		분양	20101214	1	137	137	0	위탁관리	개별난방	혼합식	GS건설	제일에스테이트서비스 주식회사
서울특별시	송파구	풍납동	A10020100	풍납동신동아아파트	도시형 생활주택(아파트)	서울특별시 송파구 풍납동 220-2 풍납동신동아아파트		분양	19931224	1	135	135	0	위탁관리	개별난방	혼합식	신동아건설	 
서울특별시	중랑구	상봉동	A10020104	포시티주상복합	주상복합	서울특별시 중랑구 상봉동 113-1 포시티주상복합		분양	20140523	1	120	120	0	위탁관리	개별난방	복도식	(주)포스코아이씨티	(주)비오워크
서울특별시	노원구	상계동	A10020107	에드가상계	도시형 생활주택(아파트)	서울특별시 노원구 상계동 1412 에드가상계		임대	20250515	1	443	0	443	위탁관리	개별난방	복도식	(주)우방	우리관리(주)
서울특별시	강동구	암사동	A10020122	한강포스파크아파트	아파트	서울특별시 강동구 암사동 445 한강포스파크아파트		분양	20020906	1	134	134	0	위탁관리	개별난방	계단식	포스코건설	주식회사 한빛관리
서울특별시	동대문구	전농동	A10020126	퀸즈W청년안심주택	아파트	서울특별시 동대문구 전농동 127-359 퀸즈W청년안심주택		임대	20251203	1	206	0	206	위탁관리	개별난방	복도식	대성문D&G(주)	에이치와이플러스(주)
서울특별시	영등포구	양평동1가	A10020127	영등포자이디그니티 아파트	아파트	서울특별시 영등포구 양평동1가 238-7 영등포자이디그니티 아파트		혼합	20260326	4	707	539	168	위탁관리	개별난방	계단식	GS건설	제일에스테이트서비스 주식회사
서울특별시	서초구	방배동	A10020138	브라운스톤방배아파트	아파트	서울특별시 서초구 방배동 899-16 브라운스톤방배아파트		분양	20050817	3	145	145	0	자치관리	개별난방	계단식	이수건설	 
서울특별시	은평구	구산동	A10020141	동익파크1차아파트	아파트	서울특별시 은평구 구산동 355-95 동익파크1차아파트		분양	19910924	1	118	118	0	위탁관리(직영+위탁)	개별난방	계단식	동익건설	 
서울특별시	강동구	천호동	A10020146	엘림스퀘어2차	도시형 생활주택(아파트)	서울특별시 강동구 천호동 416-2 엘림스퀘어2차		분양	20190418	1	143	143	0	위탁관리	개별난방	복도식	엘에스 건설(주0	주식회사 도시종합관리
서울특별시	중구	황학동	A10020147	한양아이클래스	도시형 생활주택(아파트)	서울특별시 중구 황학동 787 한양아이클래스		분양	20130913	1	100	100	0	위탁관리	개별난방	복도식	한양개발(주)	에이티크리에이션 주식회사
서울특별시	강서구	화곡동	A10020155	강서뉴타워아파트	주상복합	서울특별시 강서구 화곡동 1071-19 강서뉴타워아파트		분양	20130110		122	122	0		개별난방		 	대영관리주식회사
서울특별시	동대문구	제기동	A10020159	어진재주상복합관리단	도시형 생활주택(아파트)	"서울특별시 동대문구 제기동 1213,서울특별시 동대문구 제기동 1213- 어진재주상복합관리단"		분양	20140418	1	124	124	0	자치관리(직영)	개별난방	복도식	효진건설	 
서울특별시	관악구	봉천동	A10020169	지안타워	도시형 생활주택(아파트)	서울특별시 관악구 봉천동 868-12 지안타워		임대	20260129	1	169	0	169	위탁관리	개별난방	기타	미주건설	주식회사 피누스이앤씨
서울특별시	광진구	중곡동	A10020191	백악관타워	주상복합	서울특별시 광진구 중곡동 93-13 백악관타워		임대	20250708	1	261	0	261	위탁관리	개별난방	복도식	우암건설	 
서울특별시	도봉구	도봉동	A10020195	도봉아테라	아파트	서울특별시 도봉구 도봉동 95 도봉아테라		혼합	20251231	5	299	239	60	위탁관리	개별난방	혼합식	금호건설	우리관리(주)
서울특별시	강남구	논현동	A10020220	펜트힐 캐스케이드	주상복합	서울특별시 강남구 논현동 106- 펜트힐 캐스케이드		분양	20230228	1	130	130	0	위탁관리	중앙난방	복도식	롯데건설(주)	우리관리(주)
서울특별시	동작구	노량진동	A10020222	힐스테이트장승배기역 	아파트	"서울특별시 동작구 노량진동 336-,서울특별시 동작구 노량진동 328 힐스테이트장승배기역 "		혼합	20260213	3	370	238	132	위탁관리	개별난방	계단식	현대엔지니어링	율산개발 유한회사
서울특별시	송파구	신천동	A10020230	잠실르엘	아파트	서울특별시 송파구 신천동 17-6 잠실르엘		혼합	20251230	13	1865	1667	198	위탁관리	지역난방	계단식	롯데건설	(주)케이티팝스
서울특별시	노원구	상계동	A10020253	해링턴플레이스노원센트럴	도시형 생활주택(아파트)	서울특별시 노원구 상계동 690- 해링턴플레이스노원센트럴		혼합	20250930	1	299	61	238	위탁관리	개별난방	복도식	효성중공업	(주)소유파트너스
서울특별시	노원구	월계동	A10020255	월계건양 노블레스 아파트 	아파트	"서울특별시 노원구 월계동 938-,서울특별시 노원구 월계동 938 월계건양 노블레스 아파트 "		혼합	20031230	1	132	132	0	위탁관리	개별난방	계단식	건양종합건설(주)	대한종합관리(주)
서울특별시	강동구	천호동	A10020258	이편한세상 강동 프레스티지원	아파트	서울특별시 강동구 천호동 423-76 이편한세상 강동 프레스티지원		혼합	20260122	8	535	490	45	위탁관리	지역난방	계단식	DL이앤씨	우리관리(주)
서울특별시	서대문구	남가좌동	A10020267	DMC 가재울 아이파크	주상복합	서울특별시 서대문구 남가좌동 289-54 DMC 가재울 아이파크		혼합	20251126	3	283	237	46	위탁관리	지역난방	계단식	HDC현대산업개발	광인산업(주)
서울특별시	광진구	구의동	A10020269	구의새한	아파트	서울특별시 광진구 구의동 656 구의새한		분양	20000930	5	126	126	0	자치관리	개별난방	계단식	(주)새한	 
서울특별시	마포구	노고산동	A10020279	빌리브 디에이블	도시형 생활주택(주상복합)	서울특별시 마포구 노고산동 129- 빌리브 디에이블		혼합	20250522	1	333	290	43	위탁관리	개별난방	복도식	신세계건설	(주)씨엔에스자산관리
서울특별시	성북구	하월곡동	A10020292	루미아	아파트	서울특별시 성북구 하월곡동 232- 루미아		임대	20251120	1	415	0	415	위탁관리	개별난방	계단식	(주) 우방	아이피비엠씨관리 주식회사
서울특별시	송파구	신천동	A10020294	잠실래미안아이파크	아파트	서울특별시 송파구 신천동 20-4 잠실래미안아이파크		혼합	20251230	23	2678	2326	352	위탁관리	지역난방	혼합식	삼성물산/현대산업개발	(주)타워피엠씨
서울특별시	서초구	방배동	A10020303	삼환나띠르빌	아파트	서울특별시 서초구 방배동 1002-7 삼환나띠르빌		분양	20030401	5	126	126	0	자치관리	개별난방	계단식	삼환까뮤	 
서울특별시	노원구	월계동	A10020305	광운대역 현대프라힐스	아파트	서울특별시 노원구 월계동 410-3 광운대역 현대프라힐스		임대	20250521	1	275	0	275	위탁관리	개별난방	복도식	현대아산(주)	현대지비에프엠에스(주)(HYUNDAI GBFMS)
서울특별시	은평구	신사동	A10020307	새절역 두산위브트레지움 	아파트	서울특별시 은평구 신사동 170-12 새절역 두산위브트레지움 		분양	20251127	6	424	424	0	위탁관리	개별난방	계단식	두산건설(주)	(주)케이티팝스
서울특별시	강동구	천호동	A10020336	더샵강동센트럴시티	아파트	서울특별시 강동구 천호동 410-100 더샵강동센트럴시티		혼합	20251128	3	670	499	171	위탁관리	개별난방	계단식	포스코이앤씨	서일개발(주)
서울특별시	동대문구	용두동	A10020343	힐스테이트청량리메트로블	도시형 생활주택(주상복합)	서울특별시 동대문구 용두동 26-14 힐스테이트청량리메트로블		혼합	20250729	2	288	213	75	위탁관리	개별난방	계단식	현대건설	 
서울특별시	동대문구	이문동	A10020344	이문아이파크자이	아파트	서울특별시 동대문구 이문동 149-8 이문아이파크자이		혼합	20251127	18	4169	2859	1310	위탁관리	개별난방	혼합식	"현대산업개발,GS건설"	(주)케이비아주
서울특별시	성동구	성수동1가	A10020345	서울숲 아이파크 리버포레2차	주상복합	서울특별시 성동구 성수동1가 723- 서울숲 아이파크 리버포레2차		분양	20251127	4	528	528	0	위탁관리	개별난방	계단식	현대산업개발	우리관리(주)
서울특별시	강북구	미아동	A10020346	한화포레나미아아파트	아파트	서울특별시 강북구 미아동 1379- 한화포레나미아아파트		혼합	20251127	4	497	424	73	위탁관리	개별난방	혼합식	한화건설	태영건물종합관리 주식회사
서울특별시	서초구	방배동	A10020358	래미안 원페를라	아파트	서울특별시 서초구 방배동 818-14 래미안 원페를라		분양	20251125	16	1097	1097	0	위탁관리	지역난방	계단식	삼성물산	(주)타워피엠씨
서울특별시	구로구	가리봉동	A10020359	남구로역 동일센타시아	아파트	서울특별시 구로구 가리봉동 779- 남구로역 동일센타시아		분양	20240726	3	162	162	0	위탁관리	개별난방	계단식	동일건설	경성산업관리주식회사
서울특별시	강남구	청담동	A10020363	청담르엘	아파트	서울특별시 강남구 청담동 134-18 청담르엘		혼합	20251031	9	1261	1117	144	위탁관리	지역난방	혼합식	(주)롯데건설	(주)케이티팝스
서울특별시	성동구	마장동	A10020365	라봄성동청년안심주택	도시형 생활주택(주상복합)	서울특별시 성동구 마장동 836- 라봄성동청년안심주택		임대	20250530	1	346	0	346	위탁관리	개별난방	계단식	우암건설(주)	에이치와이플러스(주)
서울특별시	광진구	광장동	A10020376	포제스한강	아파트	서울특별시 광진구 광장동 583- 포제스한강		분양	20250829	3	128	128	0	위탁관리	개별난방	계단식	dL이앤씨	(주)케이엠산업
서울특별시	광진구	중곡동	A10020402	중곡아파트2단지	아파트	서울특별시 광진구 중곡동 190-26 중곡아파트2단지		분양	19761020	3	120	120	0	자치관리	개별난방	계단식	확인불가	 
서울특별시	중구	남대문로5가	A10020414	남대문(양동) 단지	도시형 생활주택(아파트)	서울특별시 중구 남대문로5가 548- 남대문(양동) 단지		임대	20250812	1	182	0	182	위탁관리	중앙난방	복도식	두양종합건설	(주)동우개발
서울특별시	구로구	오류동	A10020416	천왕역모아엘가트레뷰	아파트	서울특별시 구로구 오류동 362- 천왕역모아엘가트레뷰		혼합	20250808	4	440	269	171	위탁관리	개별난방	계단식	(주)모아주택	(주)신원티엠씨(TMC)
서울특별시	성북구	종암동	A10020419	라온프라이빗종암	아파트	서울특별시 성북구 종암동 83-3 라온프라이빗종암		임대	20250602	1	290	0	290	위탁관리	개별난방	복도식	(주)라온건설	(주)현산종합관리
서울특별시	중랑구	상봉동	A10020423	와이센트럴시티상봉	도시형 생활주택(주상복합)	서울특별시 중랑구 상봉동 504- 와이센트럴시티상봉		임대	20250725	1	351	0	351	위탁관리	중앙난방	복도식	HJ중공업	아이피비엠씨관리 주식회사
서울특별시	중랑구	상봉동	A10020428	세이지움상봉	도시형 생활주택(아파트)	서울특별시 중랑구 상봉동 503- 세이지움상봉		임대	20250630	2	782	0	782	위탁관리	개별난방	복도식	태영건설	서일개발(주)
서울특별시	동대문구	신설동	A10020429	신설동역 자이르네	도시형 생활주택(아파트)	서울특별시 동대문구 신설동 96-48 신설동역 자이르네		분양	20241125	2	143	143	0	위탁관리	개별난방	계단식	자이에스앤디(주)	제일에스테이트서비스 주식회사
서울특별시	성동구	용답동	A10020466	청계 sk view 아파트	주상복합	서울특별시 성동구 용답동 253- 청계 sk view 아파트		혼합	20250724	3	396	290	106	위탁관리	개별난방	계단식	sk 에코플랜트	(주)무림하우징
서울특별시	강남구	대치동	A10020486	디에이치 대치 에델루이아파트	아파트	서울특별시 강남구 대치동 964 디에이치 대치 에델루이아파트		혼합	20250808	8	282	245	37	위탁관리	지역난방	계단식	현대건설	경기진흥주택관리(주)
서울특별시	강서구	화곡동	A10020494	웰라이빌주상복합관리단	주상복합	서울특별시 강서구 화곡동 927-1 웰라이빌주상복합관리단		분양	20000920	1	130	130	0	자치관리	개별난방	계단식	(주)순영종합건설	 
서울특별시	성동구	행당동	A10020503	라체르보푸르지오써밋	아파트	서울특별시 성동구 행당동 128- 라체르보푸르지오써밋		혼합	20250728	7	958	795	163	위탁관리	개별난방	계단식	대우건설 푸르지오 써밋	우리관리(주)
서울특별시	광진구	자양동	A10020506	롯데캐슬이스트폴 아파트 	아파트	서울특별시 광진구 자양동 870- 롯데캐슬이스트폴 아파트 		혼합	20250123	6	1063	631	432	위탁관리	개별난방	계단식	롯데건설(주)	(주)타워피엠씨
서울특별시	도봉구	방학동	A10020507	도봉롯데캐슬골든파크	아파트	서울특별시 도봉구 방학동 717-6 도봉롯데캐슬골든파크		임대	20250725	2	282	0	282	위탁관리	개별난방	혼합식	롯데건설	에스에스케이 주식회사
서울특별시	은평구	수색동	A10020526	DMC SK VIEW 2단지	주상복합	서울특별시 은평구 수색동 418- DMC SK VIEW 2단지		혼합	20230824	2	109	101	8	위탁관리	개별난방	계단식	SK에코플랜트	우리관리(주)
서울특별시	서초구	서초동	A10020535	서초쌍용플래티넘	주상복합	서울특별시 서초구 서초동 1445-13 서초쌍용플래티넘		분양	20060224	1	109	109	0	위탁관리	개별난방	복도식	남광토건	주식회사 동명씨앤아이
서울특별시	영등포구	당산동3가	A10020541	리마크빌 당산	도시형 생활주택(주상복합)	서울특별시 영등포구 당산동3가 76- 리마크빌 당산		임대	20250519	1	218	0	218	위탁관리	중앙난방	복도식	(주)보미건설	(주)세안텍스
서울특별시	구로구	신도림동	A10020550	크라운빌	도시형 생활주택(아파트)	서울특별시 구로구 신도림동 694- 크라운빌		임대	20150916	1	232	0	232	자치관리(직영)	개별난방	계단식	계룡건설	 
서울특별시	중랑구	중화동	A10020555	 리버센 SK VIEW 롯데캐슬 아파트	아파트	서울특별시 중랑구 중화동 331-1  리버센 SK VIEW 롯데캐슬 아파트		혼합	20250612	8	1055	865	190	위탁관리	개별난방	혼합식	" SK에코플랜트, 롯데건설"	태영건물종합관리 주식회사
서울특별시	서초구	잠원동	A10020557	메이플자이	아파트	서울특별시 서초구 잠원동 60-3 메이플자이		혼합	20250627	29	3307	3112	195	위탁관리	지역난방	계단식	GS건설	(주)타워피엠씨
서울특별시	관악구	봉천동	A10020559	낙성대현대아파트	아파트	서울특별시 관악구 봉천동 296- 낙성대현대아파트		분양	19981123	2	122	122	0	자치관리	개별난방	혼합식	현대견설(주)	 
서울특별시	서대문구	홍은동	A10020562	서대문 센트럴아이파크	아파트	서울특별시 서대문구 홍은동 11-111 서대문 센트럴아이파크		혼합	20250630	12	827	686	141	위탁관리	개별난방	혼합식	HDC현대산업개발	대승종합관리(주)
서울특별시	강동구	상일동	A10020567	삼성빌라	연립주택	서울특별시 강동구 상일동 173- 삼성빌라		분양	19880728	1	132	132	0	자치관리	개별난방	계단식	삼성물산	 
서울특별시	동대문구	휘경동	A10020570	휘경자이디센시아	아파트	"서울특별시 동대문구 휘경동 172-,서울특별시 동대문구 휘경동 172 휘경자이디센시아"		혼합	20250626	14	1806	1373	433	위탁관리	개별난방+기타	혼합식	GS건설(주)	제일에스테이트서비스 주식회사
서울특별시	은평구	진관동	A10020576	은평 디에트르 더 퍼스트 	아파트	서울특별시 은평구 진관동 144- 은평 디에트르 더 퍼스트 		임대	20250627	15	452	0	452	자치관리(직영)	지역난방	계단식	대방건설(주)	 
서울특별시	중랑구	묵동	A10020587	묵동공감대아파트	주상복합	서울특별시 중랑구 묵동 171-4 묵동공감대아파트		분양	20050328	1	118	118	0	위탁관리	개별난방	계단식	광덕토건(주)	주식회사 씨엠관리
서울특별시	노원구	상계동	A10020593	상계현대4차아파트	아파트	서울특별시 노원구 상계동 1271- 상계현대4차아파트		분양	19950703	1	106	106	0	위탁관리(직영+위탁)	개별난방	계단식	현대산업개발	(주)무림하우징
서울특별시	성북구	석관동	A10020602	장위아트포레아파트	도시형 생활주택(주상복합)	서울특별시 성북구 석관동 338-18 장위아트포레아파트		분양	20250425	1	191	191	0	위탁관리	개별난방	복도식	희성건설	(주)한결에이엠
서울특별시	강동구	천호동	A10020603	강동역 두산위브 센티움 아파트	아파트	서울특별시 강동구 천호동 155-5 강동역 두산위브 센티움 아파트		분양	20040503	1	140	140	0	위탁관리	개별난방	복도식	두산건설주식회사	주식회사 동명씨앤아이
서울특별시	용산구	갈월동	A10020608	용산 남영역 롯데캐슬 헤리티지	주상복합	서울특별시 용산구 갈월동 98-6 용산 남영역 롯데캐슬 헤리티지		임대	20250528	1	269	0	269	위탁관리	개별난방	혼합식	롯데건설	동우씨엠(주) 서울지점
서울특별시	강서구	내발산동	A10020618	센터스퀘어 발산	주상복합	서울특별시 강서구 내발산동 767- 센터스퀘어 발산		임대	20250327	2	716	0	716	위탁관리	개별난방	복도식	요진건설(주)	우리자산관리(주)
서울특별시	용산구	한강로2가	A10020622	호반써밋 에이디션	주상복합	서울특별시 용산구 한강로2가 429- 호반써밋 에이디션		분양	20250321	1	110	110	0	위탁관리	지역난방	혼합식	호반건설(주)	대원에스테이트서비스(주)
서울특별시	강동구	고덕동	A10020628	고덕 온빛채	아파트	"서울특별시 강동구 고덕동 716-62,서울특별시 강동구 고덕동 716-73 고덕 온빛채"		임대	20250516	6	697	0	697	위탁관리	기타	복도식	태영건설	(주)신현대관리
서울특별시	마포구	창전동	A10020640	마포창전쌍용스윗닷홈	아파트	서울특별시 마포구 창전동 441- 마포창전쌍용스윗닷홈		분양	20050915	1	100	100	0	위탁관리	개별난방	계단식	쌍용건설	(주)한국관리서비스
서울특별시	용산구	서계동	A10020656	어반허브 서울스테이션	도시형 생활주택(아파트)	서울특별시 용산구 서계동 100-1 어반허브 서울스테이션		임대	20250331	1	265	0	265	위탁관리	중앙난방	복도식	우암건설(주)	우리관리(주)
서울특별시	관악구	신림동	A10020658	서울대벤처타운역푸르지오아파트	아파트	"서울특별시 관악구 신림동 316-62,서울특별시 관악구 신림동 316-55 서울대벤처타운역푸르지오아파트"		혼합	20250430	8	571	473	98	위탁관리	개별난방	혼합식	(주)대우건설	(주)케이티팝스
서울특별시	구로구	개봉동	A10020664	동도센트리움 아파트 오피스텔	주상복합	서울특별시 구로구 개봉동 70-12 동도센트리움 아파트 오피스텔		분양	20021017	1	136	136	0	위탁관리	개별난방	계단식	(주)동도건설	(주)라이프종합관리
서울특별시	관악구	봉천동	A10020665	반석푸른숲아파트	아파트	서울특별시 관악구 봉천동 1723- 반석푸른숲아파트		분양	20060519	1	0	0	0	위탁관리	개별난방	계단식	반석종합건설	(주)파인스카이 도시관리
서울특별시	구로구	개봉동	A10020672	세이지움 개봉	도시형 생활주택(주상복합)	서울특별시 구로구 개봉동 503- 세이지움 개봉		임대	20250331	1	605	0	605	위탁관리	개별난방	복도식	(주)태영건설	(주)아이비에스인더스트리
서울특별시	강동구	성내동	A10020681	그란츠 리버파크	주상복합	서울특별시 강동구 성내동 611- 그란츠 리버파크		혼합	20250328	2	407	327	80	위탁관리	지역난방	혼합식	(주)대림	대원에스테이트서비스(주)
서울특별시	강동구	길동	A10020684	길동생활B	도시형 생활주택(주상복합)	서울특별시 강동구 길동 368-7 길동생활B		임대	20241204	1	270	0	270	위탁관리	개별난방	복도식	이랜드건설	투투에스앤피 주식회사
서울특별시	광진구	자양동	A10020686	더포디엄830	도시형 생활주택(아파트)	서울특별시 광진구 자양동 864- 더포디엄830		임대	20250206	1	480	0	480	위탁관리	개별난방	복도식	코오롱글로벌	에이치와이플러스(주)
서울특별시	중랑구	상봉동	A10020694	상봉베스트원아파트	주상복합	서울특별시 중랑구 상봉동 101-19 상봉베스트원아파트		분양	20190515	1	114	114	0	위탁관리	개별난방	복도식	한동건설주식회사	플러스에코 주식회사
서울특별시	성북구	장위동	A10020716	장위자이레디언트	아파트	서울특별시 성북구 장위동 62-1 장위자이레디언트		혼합	20250331	31	2840	2356	484	위탁관리	지역난방	혼합식	GS건설	(주)타워피엠씨
서울특별시	관악구	봉천동	A10020718	LH관악봉천행복주택	아파트	"서울특별시 관악구 봉천동 1739-,서울특별시 관악구 봉천동 1740-,서울특별시 관악구 봉천동 1741- LH관악봉천행복주택"		임대	20250313	1	238	0	238	위탁관리	개별난방	복도식	양우종합건설(주)	현대아미스(주)
서울특별시	동대문구	제기동	A10020729	리스트안암	주상복합	서울특별시 동대문구 제기동 136-3 리스트안암		임대	20240819	1	299	0	299	위탁관리	중앙난방	복도식	(주)대원	주식회사 케이에스메이트
서울특별시	동대문구	답십리동	A10020731	e편한세상답십리아르테포레아파트	아파트	"서울특별시 동대문구 답십리동 12,서울특별시 동대문구 답십리동 12-13 e편한세상답십리아르테포레아파트"		혼합	20250325	6	326	268	58	위탁관리	개별난방	혼합식	DL건설	(주)오케이시스템
서울특별시	강동구	길동	A10020736	길동생활A	도시형 생활주택(아파트)	서울특별시 강동구 길동 367-1 길동생활A		임대	20241204	1	297	0	297	위탁관리	개별난방	복도식	이랜드건설(주)	투투에스앤피 주식회사
서울특별시	은평구	불광동	A10020749	루미노816청년안심주택	도시형 생활주택(주상복합)	서울특별시 은평구 불광동 302-13 루미노816청년안심주택		임대	20241105	1	299	0	299	위탁관리	개별난방	계단식	한양건설	에이치와이플러스(주)
서울특별시	성북구	하월곡동	A10020750	성북펠릭스	도시형 생활주택(아파트)	서울특별시 성북구 하월곡동 88-222 성북펠릭스		임대	20250131	1	299	0	299	위탁관리	개별난방	복도식	KBI건설	에이치와이플러스(주)
서울특별시	영등포구	양평동3가	A10020758	양평현대3차아파트	아파트	서울특별시 영등포구 양평동3가 79- 양평현대3차아파트		분양	19910424	1	145	145	0	자치관리	개별난방	계단식	현대산업개발	 
서울특별시	동대문구	장안동	A10020768	장안동  청년주택 하트리움	주상복합	서울특별시 동대문구 장안동 465-4 장안동  청년주택 하트리움		임대	20250318	1	284	0	284	위탁관리	개별난방	복도식	두진건설	(주)크라운종합관리
서울특별시	구로구	신도림동	A10020771	신도림아르디에	도시형 생활주택(아파트)	서울특별시 구로구 신도림동 695- 신도림아르디에		분양	20181102	1	149	149	0	위탁관리	개별난방	혼합식	명주산업개발(주)	(주)크라운종합관리
서울특별시	동작구	신대방동	A10020786	골드타워신대방청년주택	주상복합	서울특별시 동작구 신대방동 351-5 골드타워신대방청년주택		임대	20250210	1	330	0	330	위탁관리	개별난방	복도식	백상건설	(주)신원티엠씨(TMC)
서울특별시	송파구	송파동	A10020796	잠실더샵루벤	아파트	서울특별시 송파구 송파동 171- 잠실더샵루벤		분양	20250305	2	327	327	0	위탁관리	지역난방	계단식	(주)포스코이앤씨	세화종합관리(주)
서울특별시	구로구	개봉동	A10020797	신영지웰에스테이트개봉역	주상복합	서울특별시 구로구 개봉동 171-2 신영지웰에스테이트개봉역		혼합	20240618	1	122	101	21	위탁관리	개별난방	혼합식	신영씨앤디 	위더스앤 주식회사
서울특별시	강남구	삼성동	A10020826	아크로삼성	아파트	"서울특별시 강남구 삼성동 79,서울특별시 강남구 삼성동 79- 아크로삼성"		분양	20250214	4	419	419	0	위탁관리	지역난방	계단식	DL이엔씨	(주)타워피엠씨
서울특별시	서대문구	홍제동	A10020829	홍제중앙하이츠아파트	아파트	서울특별시 서대문구 홍제동 342- 홍제중앙하이츠아파트		분양	20010917	1	0	0	0		개별난방		 	영신산업개발(주)
서울특별시	강남구	도곡동	A10020848	개포럭키아파트	아파트	서울특별시 강남구 도곡동 462- 개포럭키아파트		분양	19861027	2	128	128	0	위탁관리	지역난방	계단식	럭키개발	유원종합관리(주)
서울특별시	동대문구	답십리동	A10020851	청계지웰에스테이트	주상복합	서울특별시 동대문구 답십리동 498-7 청계지웰에스테이트		분양	20120918	1	149	149	0	위탁관리	개별난방	혼합식	(주)신영건설	주식회사 동우개발
서울특별시	성동구	성수동2가	A10020852	강변임광아파트 	아파트	서울특별시 성동구 성수동2가 609-2 강변임광아파트 		분양	20000822	2	141	141	0	위탁관리	개별난방	혼합식	(주)임광토건	현대개발
서울특별시	광진구	자양동	A10020868	어울채행복주택	아파트	서울특별시 광진구 자양동 680-63 어울채행복주택		임대	20241211	1	300	-3	303	위탁관리	개별난방	계단식	롯데건설	국제경보산업(주)
서울특별시	중랑구	망우동	A10020869	경남아파트	아파트	서울특별시 중랑구 망우동 226- 경남아파트		분양	19890520	1	250	250	0	자치관리	개별난방	계단식	경남건설	 
서울특별시	동대문구	답십리동	A10020888	보광타워	주상복합	서울특별시 동대문구 답십리동 530-4 보광타워		분양	20190405	1	160	160	0	위탁관리	개별난방	기타	(주)동아토건	주식회사 동우개발
서울특별시	금천구	독산동	A10020894	독산동삼익아파트	아파트	서울특별시 금천구 독산동 956- 독산동삼익아파트		분양	19980902	1	124	124	0	위탁관리	개별난방	혼합식	삼익건설(주)	(주)아크로비엠에스
서울특별시	성동구	성수동1가	A10020907	서울숲아이파크리버포레	주상복합	서울특별시 성동구 성수동1가 721- 서울숲아이파크리버포레		분양	20241227	5	825	825	0	위탁관리	개별난방	계단식	HDC현대산업개발	우리관리(주)
서울특별시	동대문구	이문동	A10020919	래미안라그란데	아파트	서울특별시 동대문구 이문동 257-42 래미안라그란데		혼합	20250103	39	3069	2528	541	위탁관리	개별난방	혼합식	삼성물산(주)	우리관리(주)
서울특별시	관악구	신림동	A10020921	관악우정하이비전아파트 2단지	아파트	서울특별시 관악구 신림동 1726- 관악우정하이비전아파트 2단지		분양	20040611	2	124	124	0	위탁관리	개별난방	계단식	우정건설(주)	(주)다보산업관리
서울특별시	구로구	구로동	A10020947	현대파크빌아파트	주상복합	서울특별시 구로구 구로동 108- 현대파크빌아파트		분양	19991206	1	104	104	0	자치관리	개별난방	계단식	(주)현대건설	 
서울특별시	구로구	개봉동	A10020958	호반써밋개봉아파트	아파트	서울특별시 구로구 개봉동 68-7 호반써밋개봉아파트		혼합	20241113	3	317	284	33	위탁관리	개별난방	계단식	호반건설	세화종합관리(주)
서울특별시	중랑구	묵동	A10020959	묵동신도브래뉴주상복합아파트	주상복합	서울특별시 중랑구 묵동 169-10 묵동신도브래뉴주상복합아파트		분양	20041012	1	100	100	0	위탁관리	개별난방	복도식	신도산업개발주식회사	효성에프엔씨 주식회사
서울특별시	관악구	봉천동	A10020964	힐스테이트관악센트씨엘	아파트	서울특별시 관악구 봉천동 1699-1 힐스테이트관악센트씨엘		분양	20241230	9	997	997	0	위탁관리	개별난방	계단식	현대건설	세화종합관리(주)
서울특별시	중랑구	망우동	A10020968	염광아파트	아파트	"서울특별시 중랑구 망우동 178-80,서울특별시 중랑구 망우동 178-82,서울특별시 중랑구 망우동 178-84,서울특별시 중랑구 망우동 178-83,서울특별시 중랑구 망우동 178-1 염광아파트"		분양	19830325	11	233	233	0	자치관리	개별난방	계단식	염광건설	 
서울특별시	중랑구	중화동	A10020974	동양엔파트2차	아파트	서울특별시 중랑구 중화동 454- 동양엔파트2차		분양	20130307	2	118	118	0	위탁관리	개별난방	계단식	동양엔파트	율산개발 유한회사
서울특별시	성동구	금호동4가	A10020977	서울숲르씨엘아파트	아파트	서울특별시 성동구 금호동4가 1555- 서울숲르씨엘아파트		분양	20230331	2	108	108	0	위탁관리	개별난방	계단식	제이앤이건설주식회사	현대개발
서울특별시	노원구	상계동	A10020986	노원아이파크	주상복합	서울특별시 노원구 상계동 1318- 노원아이파크		분양	20091229	1	124	124	0	위탁관리	개별난방	계단식	현대	인동종합관리 주식회사
서울특별시	강동구	길동	A10020988	길동한빛아파트103동	주상복합	서울특별시 강동구 길동 384-5 길동한빛아파트103동		분양	20040608	1	108	108	0	위탁관리	개별난방	복도식	한빛건설	(주)무림하우징
서울특별시	강동구	길동	A10020989	길동한빛아파트101동	주상복합	서울특별시 강동구 길동 384-1 길동한빛아파트101동		분양	20011013	1	131	131	0	위탁관리	개별난방	복도식	한빛건설	(주)무림하우징
서울특별시	종로구	낙원동	A10020992	낙원아파트	주상복합	서울특별시 종로구 낙원동 288- 낙원아파트		분양	19680915	1	149	149	0	위탁관리	개별난방	복도식	대일건설	주식회사 우창개발
서울특별시	서초구	잠원동	A10020999	잠원현대훼밀리아파트	아파트	서울특별시 서초구 잠원동 59-3 잠원현대훼밀리아파트		분양	19970827	1	113	113	0	위탁관리	개별난방	혼합식	현대건설	주식회사 한영파트너스에프에이치
서울특별시	양천구	신월동	A10021018	 동방아파트	아파트	서울특별시 양천구 신월동 607-1  동방아파트		분양	19990723	1	136	136	0	위탁관리	개별난방	혼합식	동방	(주)한일주택관리
서울특별시	동대문구	장안동	A10021037	신부파스카 5차	아파트	서울특별시 동대문구 장안동 563- 신부파스카 5차		분양	20050727	1	106	106	0	자치관리	개별난방	계단식	신부종합건설	 
서울특별시	강서구	방화동	A10021043	방화스카이포레아파트	아파트	서울특별시 강서구 방화동 850- 방화스카이포레아파트		임대	20250207	4	315	0	315	위탁관리	개별난방	혼합식	서해종합건설	주식회사 씨엠관리
서울특별시	은평구	역촌동	A10021056	센트레빌아스테리움시그니처아파트	아파트	서울특별시 은평구 역촌동 189-1 센트레빌아스테리움시그니처아파트		혼합	20241125	8	752	684	68	위탁관리	개별난방	계단식	동부건설	(주)케이티팝스
서울특별시	구로구	구로동	A10021077	구로현대의보아파트	아파트	서울특별시 구로구 구로동 642-33 구로현대의보아파트		분양	19941004	1	116	116	0	위탁관리	개별난방	계단식	현대건설(주)	위더스앤 주식회사
서울특별시	양천구	목동	A10021098	목동2차아이파크	아파트	서울특별시 양천구 목동 758-2 목동2차아이파크		분양	20040824	1	111	111	0	위탁관리	개별난방	계단식	현대산업개발	일신주택관리(주)
서울특별시	동작구	신대방동	A10021100	신대방벽산아파트	아파트	서울특별시 동작구 신대방동 709- 신대방벽산아파트		분양	19971212	2	132	132	0	자치관리	개별난방	혼합식	벽산건설	 
서울특별시	영등포구	신길동	A10021119	신길동대성유니드아파트	아파트	서울특별시 영등포구 신길동 389- 신길동대성유니드아파트		분양	20030628	101	134	134	0	위탁관리	개별난방	계단식	성원연립재건축	서림주택관리(주)
서울특별시	강동구	둔촌동	A10021122	올림픽파크포레온	아파트	서울특별시 강동구 둔촌동 633- 올림픽파크포레온		혼합	20241125	85	12032	10986	1046	위탁관리	지역난방	혼합식	"대우건설, 현대산업개발, 현대건설, 롯데건설"	(주)타워피엠씨
서울특별시	강서구	등촌동	A10021139	등촌월드메르디앙	아파트	서울특별시 강서구 등촌동 711- 등촌월드메르디앙		분양	20021122	1	145	145	0	위탁관리	개별난방	계단식	월드건설(주)	(주)공간
서울특별시	송파구	삼전동	A10021157	삼전현대아파트	아파트	서울특별시 송파구 삼전동 39- 삼전현대아파트		분양	19891122	1	120	120	0	위탁관리	개별난방	혼합식	현대산업개발	신한영관리(주)
서울특별시	성동구	성수동2가	A10021167	서울숲 금강아미움아파트	아파트	서울특별시 성동구 성수동2가 836- 서울숲 금강아미움아파트		분양	20040330	2	130	130	0	위탁관리	개별난방	혼합식	(주)금강종합건설	주식회사 동우개발
서울특별시	영등포구	대림동	A10021177	문영칸타빌레아파트	아파트	서울특별시 영등포구 대림동 1061- 문영칸타빌레아파트		분양	20010818	1	133	133	0	위탁관리	개별난방	계단식	문영건설	(주)신세기시스템
서울특별시	노원구	상계동	A10021185	비콘드림힐3차아파트	아파트	서울특별시 노원구 상계동 1310- 비콘드림힐3차아파트		분양	20050530	1	114	114	0	위탁관리	개별난방	계단식	(주)비콘건설	(주)덕우
서울특별시	영등포구	대림동	A10021186	대림동1차한신아파트	아파트	서울특별시 영등포구 대림동 887-1 대림동1차한신아파트		분양	19981210	1	143	143	0	위탁관리	개별난방	혼합식	한신공영(주)	(주)무림하우징
서울특별시	강북구	미아동	A10021203	미아요진아파트	아파트	서울특별시 강북구 미아동 152- 미아요진아파트		분양	20050705	2	123	123	0	자치관리	개별난방	혼합식	요진건설	 
서울특별시	영등포구	신길동	A10021210	신풍역 비스타동원	주상복합	서울특별시 영등포구 신길동 4975- 신풍역 비스타동원		임대	20241008	2	576	0	576	위탁관리	개별난방	복도식	(주)동원개발	(주)케이엠산업
서울특별시	강북구	미아동	A10021213	신구아파트	아파트	서울특별시 강북구 미아동 1352- 신구아파트		분양	20001005	1	105	105	0	위탁관리	개별난방	계단식	신구종합건설	한국경영관리
서울특별시	구로구	구로동	A10021214	우민늘푸른아파트	아파트	서울특별시 구로구 구로동 1279- 우민늘푸른아파트		분양	20041008	1	111	111	0	위탁관리	개별난방	계단식	우민산업개발(주)	(주)무림하우징
서울특별시	강서구	화곡동	A10021232	화곡 1동 복지아파트	아파트	"서울특별시 강서구 화곡동 354-54,서울특별시 강서구 화곡동 354-52 화곡 1동 복지아파트"		분양	19741214	3	104	104	0	자치관리	개별난방	계단식	확인안됨	 
서울특별시	송파구	마천동	A10021237	송파건원여미지아파트	아파트	서울특별시 송파구 마천동 21- 송파건원여미지아파트		분양	20181008	1	107	107	0	자치관리	개별난방	혼합식	(주)건원건설	 
서울특별시	성북구	하월곡동	A10021241	코업스타클래스	주상복합	서울특별시 성북구 하월곡동 46-73 코업스타클래스		분양	20100702	2	120	120	0	자치관리	개별난방	계단식	극동건설	 
서울특별시	노원구	월계동	A10021254	장은하이빌아파트	도시형 생활주택(아파트)	서울특별시 노원구 월계동 931- 장은하이빌아파트		분양	20020513	2	105	105	0	위탁관리(직영+위탁)	개별난방	혼합식	장은건설	 
서울특별시	송파구	가락동	A10021256	가락풍림아파트	아파트	서울특별시 송파구 가락동 142- 가락풍림아파트		분양	19951130	1	105	105	0	위탁관리	개별난방	복도식	풍림건설	보전종합관리
서울특별시	강동구	암사동	A10021259	암사라인아파트	아파트	서울특별시 강동구 암사동 442- 암사라인아파트		분양	19960112	1	107	107	0	위탁관리	개별난방	혼합식	라인건설	에이제이대원 주식회사
서울특별시	은평구	응암동	A10021263	경향렉스빌아파트	아파트	서울특별시 은평구 응암동 96-18 경향렉스빌아파트		분양	20040802	1	124	124	0	자치관리	개별난방	계단식	(주)엘엔씨산업개발	 
서울특별시	용산구	한강로2가	A10021269	한강로대우아이빌	주상복합	서울특별시 용산구 한강로2가 2-11 한강로대우아이빌		분양	20040922	1	110	110	0	위탁관리	개별난방	복도식	대우건설	(주)신대한관리
서울특별시	종로구	평창동	A10021278	평창동 롯데캐슬로잔	아파트	서울특별시 종로구 평창동 108- 평창동 롯데캐슬로잔		분양	20090408	1	112	112	0	위탁관리	개별난방	계단식	롯데건설	(주)세안텍스
서울특별시	강남구	역삼동	A10021281	대림역삼아파트	아파트	서울특별시 강남구 역삼동 761-10 대림역삼아파트		분양	19971001	1	129	129	0	위탁관리	개별난방	혼합식	희훈건설	서림주택관리(주)
서울특별시	마포구	용강동	A10021282	마포대림2차e-편한세상아파트 	아파트	서울특별시 마포구 용강동 501- 마포대림2차e-편한세상아파트 		분양	20040608	1	141	141	0	위탁관리	지역난방	계단식	대림건설	한국주택시설관리(주)
서울특별시	은평구	갈현동	A10021288	라이프시티아파트	아파트	서울특별시 은평구 갈현동 267-1 라이프시티아파트		분양	19911118	1	123	123	0	자치관리	개별난방	복도식	주식회사 라이프	 
서울특별시	강서구	화곡동	A10021290	희훈리치파크아파트	아파트	서울특별시 강서구 화곡동 1011-6 희훈리치파크아파트		분양	20020503	1	111	111	0	위탁관리	개별난방	계단식	희훈건설	(주)공간
서울특별시	영등포구	양평동3가	A10021291	양평역월드메르디앙아파트	아파트	서울특별시 영등포구 양평동3가 19- 양평역월드메르디앙아파트		분양	20051130	2	116	116	0	위탁관리	개별난방	계단식	월드건설	(주)세평종합개발
서울특별시	양천구	신월동	A10021293	신월보람6차아파트	아파트	서울특별시 양천구 신월동 125- 신월보람6차아파트		분양	20051027	2	136	136	0	위탁관리	개별난방	계단식	보람건설	대성티엠씨 주식회사
서울특별시	종로구	내수동	A10021295	경희궁의아침4단지	주상복합	서울특별시 종로구 내수동 73- 경희궁의아침4단지		분양	20040517	1	120	120	0	위탁관리	개별난방	계단식	쌍용건설	우리관리(주)
서울특별시	서초구	서초동	A10021305	현대ESA아파트	주상복합	서울특별시 서초구 서초동 1338- 현대ESA아파트		분양	20020107	1	122	122	0	자치관리	중앙난방	기타	현대건설	 
서울특별시	구로구	구로동	A10021330	뉴홍현솔레디움아파트	아파트	서울특별시 구로구 구로동 1270- 뉴홍현솔레디움아파트		분양	20021223	1	109	109	0	자치관리	개별난방	계단식	(주)홍현건설	 
서울특별시	양천구	신월동	A10021332	신월코아루1단지	아파트	서울특별시 양천구 신월동 197-2 신월코아루1단지		분양	20090130	3	120	120	0	위탁관리	개별난방	계단식	보람건설	우리관리(주)
서울특별시	은평구	신사동	A10021335	신사대주파크빌	아파트	서울특별시 은평구 신사동 368- 신사대주파크빌		분양	20040629	1	105	105	0	위탁관리	개별난방	계단식	대주건설(주)	(주)한성세영비엔에이
서울특별시	용산구	한남동	A10021339	한성아파트	아파트	서울특별시 용산구 한남동 29-4 한성아파트		분양	19740808	2	125	125	0	자치관리(직영)	개별난방	복도식	불명	 
서울특별시	구로구	구로동	A10021345	구로지웰아파트	아파트	서울특별시 구로구 구로동 1287- 구로지웰아파트		분양	20110930	2	148	148	0	위탁관리	개별난방	계단식	신영건설	(주)유청시스템
서울특별시	종로구	구기동	A10021355	구기동 청구빌라	연립주택	서울특별시 종로구 구기동 266- 구기동 청구빌라		분양	19971231	9	114	114	0	자치관리	개별난방	계단식	(주)청구	 
서울특별시	양천구	목동	A10021359	목동신한	주상복합	서울특별시 양천구 목동 960- 목동신한		분양	20060203	1	104	104	0	위탁관리	개별난방	계단식	신한종합건설	에이제이대원 주식회사
서울특별시	광진구	구의동	A10021381	아차산포레안아파트	아파트	서울특별시 광진구 구의동 663- 아차산포레안아파트		분양	20101230	3	125	125	0	위탁관리	개별난방	혼합식	유호산업개발	주식회사 씨엠자산
서울특별시	송파구	가락동	A10021390	송파가락두산위브센티움	주상복합	서울특별시 송파구 가락동 98- 송파가락두산위브센티움		분양	20040329	1	113	113	0	위탁관리	중앙난방	복도식	주)두산건설	광인산업(주)
서울특별시	은평구	갈현동	A10021391	갈현동건영아파트	아파트	서울특별시 은평구 갈현동 541-1 갈현동건영아파트		분양	20010403	1	140	140	0	위탁관리	개별난방	혼합식	(주)건영	에이제이대원 주식회사
서울특별시	중랑구	중화동	A10021393	태능시장 주상복합빌딩	주상복합	서울특별시 중랑구 중화동 314-1 태능시장 주상복합빌딩		분양	20050328	1	103	103	0	위탁관리	개별난방	혼합식	CNC종합건설(주)	(주)라이프종합관리
서울특별시	송파구	거여동	A10021407	어울림거여동아파트	아파트	서울특별시 송파구 거여동 593- 어울림거여동아파트		분양	20031129	3	140	140	0	위탁관리	개별난방	계단식	어울림거여동아파트관리사무소	서림주택관리(주)
서울특별시	강동구	명일동	A10021408	형인허브빌	아파트	서울특별시 강동구 명일동 354- 형인허브빌		분양	20021104	1	103	103	0	위탁관리	개별난방	계단식	형인산업개발	서림
서울특별시	관악구	신림동	A10021418	센터스퀘어 서울대점	주상복합	서울특별시 관악구 신림동 1747- 센터스퀘어 서울대점		임대	20240814	1	413	0	413	위탁관리	개별난방	복도식	요진건설산업	주식회사 케이에스메이트
서울특별시	강서구	방화동	A10021419	마곡센트레빌아파트	아파트	서울특별시 강서구 방화동 906- 마곡센트레빌아파트		분양	20210929	1	143	143	0	위탁관리	개별난방	계단식	동부건설	서림주택관리(주)
서울특별시	송파구	오금동	A10021425	오금쌍용스윗닷홈1차	아파트	서울특별시 송파구 오금동 29- 오금쌍용스윗닷홈1차		분양	20050913	2	110	110	0	위탁관리	개별난방	계단식	남광토건	서일개발(주)
서울특별시	강동구	상일동	A10021433	고덕아르테스미소지움	아파트	서울특별시 강동구 상일동 555- 고덕아르테스미소지움		분양	20220527	3	100	100	0	위탁관리	개별난방	계단식	신성건설주식회사	율산개발 유한회사
서울특별시	성동구	성수동2가	A10021449	성수강변금호타운아파트	아파트	서울특별시 성동구 성수동2가 830- 성수강변금호타운아파트		분양	19940204	1	108	108	0	위탁관리	개별난방	혼합식	금호건설	(주)현대개발
서울특별시	송파구	방이동	A10021457	방이금호어울림아파트	아파트	서울특별시 송파구 방이동 157- 방이금호어울림아파트		분양	20010516	1	144	144	0	위탁관리(직영+위탁)	개별난방	계단식	금호산업개발	(주)현대개발
서울특별시	양천구	신정동	A10021466	목동3차우성아파트	아파트	서울특별시 양천구 신정동 338- 목동3차우성아파트		분양	19990731	1	142	142	0	위탁관리	지역난방	계단식	우성건설주식회사	에이제이대원 주식회사
서울특별시	동작구	상도동	A10021490	건영약수맨션	아파트	서울특별시 동작구 상도동 211-1 건영약수맨션		분양	19800331	3	130	130	0	자치관리(직영)	개별난방	혼합식	건영건설	 
서울특별시	송파구	송파동	A10021504	송파파밀리에더퍼스트아파트	아파트	서울특별시 송파구 송파동 245- 송파파밀리에더퍼스트아파트		혼합	20231219	3	102	101	1	위탁관리	개별난방	계단식	신동아건설 주식회사	(주)유청시스템
서울특별시	강서구	가양동	A10021511	가양우방아파트	아파트	서울특별시 강서구 가양동 448-9 가양우방아파트		분양	19990302	1	137	137	0	위탁관리	지역난방	계단식	(주)우방	서림주택관리(주)
서울특별시	서초구	방배동	A10021518	방배아이파크아파트	아파트	서울특별시 서초구 방배동 3277- 방배아이파크아파트		분양	20060605	2	138	138	0	위탁관리	개별난방	계단식	현대I'PARK	(주)현대개발
서울특별시	강북구	수유동	A10021522	수유현대아파트101동	아파트	서울특별시 강북구 수유동 729- 수유현대아파트101동		분양	20000710	1	110	110	0	자치관리	개별난방	혼합식	현대건설주식회사	 
서울특별시	송파구	풍납동	A10021523	풍납현대사원아파트	아파트	서울특별시 송파구 풍납동 251-2 풍납현대사원아파트		분양	19860731	1	132	132	0	위탁관리	개별난방	복도식	현대산업개발	태림주택종합관리(주)
서울특별시	성동구	성수동1가	A10021528	강변동양아파트	아파트	서울특별시 성동구 성수동1가 479-1 강변동양아파트		분양	20010829	1	142	142	0	위탁관리	개별난방	복도식	동양건설	현대개발
서울특별시	강서구	화곡동	A10021529	비원빌라	연립주택	서울특별시 강서구 화곡동 1130-7 비원빌라		분양	19861224	6	126	126	0	자치관리	개별난방	계단식	확인불가	 
서울특별시	강동구	천호동	A10021534	천호 대명사이버아파트	아파트	서울특별시 강동구 천호동 49-8 천호 대명사이버아파트		분양	20010113	1	100	100	0	위탁관리	개별난방	복도식	한겨레건설(주)	서일개발(주)
서울특별시	구로구	개봉동	A10021547	개봉동인아파트	아파트	서울특별시 구로구 개봉동 335-1 개봉동인아파트		분양	19891025	1	104	104	0	자치관리	개별난방	복도식	동인건설	 
서울특별시	강서구	가양동	A10021562	강서한강월드메르디앙아파트	아파트	서울특별시 강서구 가양동 1462- 강서한강월드메르디앙아파트		분양	20060525	1	144	144	0	위탁관리	개별난방	계단식	월드건설	에이제이대원 주식회사
서울특별시	강남구	청담동	A10021563	청담린든그로브아파트	아파트	서울특별시 강남구 청담동 67-1 청담린든그로브아파트		분양	20170829	5	9	9	0	위탁관리	지역난방	계단식	코오롱글로벌	(주)타워피엠씨
서울특별시	강서구	마곡동	A10021574	마곡나루경남아파트	아파트	서울특별시 강서구 마곡동 1577- 마곡나루경남아파트		분양	19910514	1	140	140	0	위탁관리	개별난방	계단식	경남건설	서림주택관리(주)
서울특별시	동대문구	장안동	A10021586	정은스카이빌 아파트	아파트	서울특별시 동대문구 장안동 327- 정은스카이빌 아파트		분양	20040616	1	107	107	0	위탁관리	개별난방	계단식	정은건설(주)	보전종합관리
서울특별시	강동구	둔촌동	A10021603	둔촌한솔솔파크	아파트	서울특별시 강동구 둔촌동 611- 둔촌한솔솔파크		분양	20030724	2	132	132	0	위탁관리	개별난방	계단식	한솔건설(주)	주식회사 씨엠관리
서울특별시	서초구	잠원동	A10021612	블루힐하우스	아파트	서울특별시 서초구 잠원동 71-1 블루힐하우스		분양	19991106	1	125	125	0	위탁관리	개별난방	계단식	청구건설	세화종합관리(주)
서울특별시	종로구	창신동	A10021626	창신이수아파트	아파트	서울특별시 종로구 창신동 23-816 창신이수아파트		분양	20030808	1	113	113	0	위탁관리	개별난방	계단식	이수건설	(주)더블루피엠씨
서울특별시	구로구	개봉동	A10021629	한양 아이클래스 구로	아파트	서울특별시 구로구 개봉동 493- 한양 아이클래스 구로		분양	20180213	1	149	149	0	자치관리	개별난방	복도식	한양산업개발	 
서울특별시	구로구	구로동	A10021636	순영1차 웰라이빌	주상복합	서울특별시 구로구 구로동 106-10 순영1차 웰라이빌		분양	20031108	1	102	102	0	위탁관리	개별난방	복도식	순영건설	(주)경진관리
서울특별시	용산구	한남동	A10021637	동원베네스트	주상복합	서울특별시 용산구 한남동 522-1 동원베네스트		분양	20100302	1	129	129	0	자치관리	개별난방	복도식	동원시스템즈	 
서울특별시	성동구	성수동2가	A10021638	성수1차대우아파트	주상복합	서울특별시 성동구 성수동2가 279-50 성수1차대우아파트		분양	19990430	1	108	108	0	위탁관리	개별난방	복도식	대우건설	(주)현대개발
서울특별시	관악구	봉천동	A10021647	마에스트로캠퍼스타운	주상복합	서울특별시 관악구 봉천동 893-12 마에스트로캠퍼스타운		분양	20121019	1	117	117	0	위탁관리	개별난방	복도식	(주)한미글로벌건축사사무소	아이피비엠씨관리 주식회사
서울특별시	마포구	대흥동	A10021649	대흥동 세양아파트	아파트	서울특별시 마포구 대흥동 802- 대흥동 세양아파트		분양	20000318	1	126	126	0	자치관리	개별난방	혼합식	세양건설	 
서울특별시	종로구	내수동	A10021652	경희궁파크팰리스	주상복합	서울특별시 종로구 내수동 95- 경희궁파크팰리스		분양	20031119	1	142	142	0	위탁관리	개별난방	계단식	삼성물산	동우씨엠(주) 서울지점
서울특별시	양천구	신월동	A10021670	금강아파트	아파트	서울특별시 양천구 신월동 207-24 금강아파트		분양	19980123	1	139	139	0	위탁관리	개별난방	혼합식	금강주택	광인산업(주)
서울특별시	관악구	봉천동	A10021687	동아타운아파트	주상복합	서울특별시 관악구 봉천동 1629-2 동아타운아파트		분양	19991030	1	121	121	0	위탁관리	개별난방	복도식	동아건설산업(주)	대한종합개발(주)
서울특별시	강서구	내발산동	A10021698	마곡수명산파크8단지	연립주택	서울특별시 강서구 내발산동 745- 마곡수명산파크8단지		분양	20061113	7	115	115	0	위탁관리	지역난방	계단식	성원건설	(주)무림하우징
서울특별시	강동구	둔촌동	A10021705	더샵둔촌포레	아파트	서울특별시 강동구 둔촌동 30-4 더샵둔촌포레		분양	20241030	8	572	572	0	위탁관리	지역난방	계단식	포스코이앤씨	주식회사 동우개발
서울특별시	성동구	성수동2가	A10021716	성수강변현대아파트	아파트	서울특별시 성동구 성수동2가 400- 성수강변현대아파트		분양	19940325	2	123	123	0	위탁관리		복도식	현대건설	(주)현대개발
서울특별시	관악구	봉천동	A10021724	프라비다 M	주상복합	서울특별시 관악구 봉천동 893-1 프라비다 M		분양	20141107	1	114	114	0	위탁관리	개별난방	복도식	대호아이피종합건설(주)	아이피비엠씨관리 주식회사
서울특별시	관악구	신림동	A10021742	프라비다트라움	주상복합	서울특별시 관악구 신림동 1433-55 프라비다트라움		분양	20131217	1	130	130	0	위탁관리	개별난방	복도식	대호아이피종합건설주식회사	아이피비엠씨관리 주식회사
서울특별시	양천구	신월동	A10021748	장수마을동원데쟈뷰아파트	아파트	서울특별시 양천구 신월동 1049- 장수마을동원데쟈뷰아파트		혼합	20070726	1	118	109	9	위탁관리		계단식	동원메이드건설	태림주택종합관리(주)
서울특별시	중랑구	면목동	A10021752	면목신우아파트	아파트	서울특별시 중랑구 면목동 1518- 면목신우아파트		분양	19980530	1	111	111	0	위탁관리	개별난방	계단식	신우건설	(주)현대개발
서울특별시	중랑구	망우동	A10021760	한일써너스빌리젠시2단지	주상복합	서울특별시 중랑구 망우동 495- 한일써너스빌리젠시2단지		분양	20080401	1	146	146	0	위탁관리	개별난방	계단식	한일건설(주)	주식회사 동우개발
서울특별시	강서구	염창동	A10021770	염창현대2차아파트	아파트	서울특별시 강서구 염창동 249-11 염창현대2차아파트		분양	19931223	1	106	106	0	자치관리	개별난방	혼합식	현대산업개발(주)	 
서울특별시	종로구	평창동	A10021787	금강하이츠빌라	연립주택	서울특별시 종로구 평창동 64-3 금강하이츠빌라		분양	19890329	9	252	252	0	위탁관리	개별난방	계단식	금강하이츠빌라	주식회사 피누스이앤씨
서울특별시	서초구	서초동	A10021789	힐스테이트서리풀	주상복합	"서울특별시 서초구 서초동 1498-5,서울특별시 서초구 서초동 1498-5 힐스테이트서리풀"		분양	20170629	2	116	116	0	위탁관리	개별난방	계단식	현대엔지니어링(주)	(주)오케이시스템
서울특별시	중랑구	망우동	A10021794	망우동청광오뜨빌아파트	아파트	서울특별시 중랑구 망우동 575- 망우동청광오뜨빌아파트		분양	20011218	1	105	105	0	위탁관리	개별난방	혼합식	청광종합건설(주)	신한영관리(주)
서울특별시	동작구	사당동	A10021807	사당삼성아파트	아파트	서울특별시 동작구 사당동 1140- 사당삼성아파트		분양	19991231	1	113	113	0	자치관리		혼합식	삼성준공업	 
서울특별시	도봉구	방학동	A10021809	신우빌라	연립주택	"서울특별시 도봉구 방학동 318-44,서울특별시 도봉구 방학동 318-2 신우빌라"		분양	19860807	18	255	255	0	자치관리(직영)	개별난방	계단식	모름	 
서울특별시	양천구	목동	A10021824	목동3차월드메르디앙아파트	아파트	서울특별시 양천구 목동 947- 목동3차월드메르디앙아파트		분양	20031024	2	108	108	0	위탁관리	지역난방	계단식	월드메르디앙건설	(주)신대한관리
서울특별시	서초구	서초동	A10021828	롯데캐슬주피터	아파트	서울특별시 서초구 서초동 1359-50 롯데캐슬주피터		분양	20031129	2	110	110	0	위탁관리	개별난방	계단식	롯데건설	우리관리(주)
서울특별시	구로구	구로동	A10021832	대림역경남아너스빌	아파트	서울특별시 구로구 구로동 1285- 대림역경남아너스빌		분양	20090519	3	129	129	0	위탁관리	개별난방	계단식	경남기업	(주)신대한관리
서울특별시	동대문구	장안동	A10021838	장한평월드메르디앙 1차아파트	아파트	서울특별시 동대문구 장안동 573- 장한평월드메르디앙 1차아파트		분양	20060608	2	123	123	0	위탁관리	개별난방	계단식	월드건설(주)	주식회사 한길종합관리
서울특별시	동대문구	장안동	A10021855	장안월드메르디앙2차아파트	아파트	서울특별시 동대문구 장안동 575- 장안월드메르디앙2차아파트		분양	20070525	2	124	124	0	위탁관리	개별난방	계단식	월드	(주)동우개발
서울특별시	강남구	삼성동	A10021856	삼성파크아파트	아파트	서울특별시 강남구 삼성동 126- 삼성파크아파트		분양	20011217	1	114	114	0	위탁관리	개별난방	계단식	세방기업(주)	서림주택관리(주)
서울특별시	도봉구	쌍문동	A10021859	쌍문역시티프라디움	아파트	서울특별시 도봉구 쌍문동 734- 쌍문역시티프라디움		분양	20211021	2	112	112	0	위탁관리	개별난방	계단식	주식회사 시티종합건설	주식회사 동우개발
서울특별시	강서구	방화동	A10021866	강서센트레빌3차	아파트	"서울특별시 강서구 방화동 893-,서울특별시 강서구 방화동 894- 강서센트레빌3차"		혼합	20090930	3	147	135	12	위탁관리	개별난방	계단식	동부건설	(주)다온관리서비스
서울특별시	서초구	방배동	A10021884	방배동부센트레빌아파트	아파트	서울특별시 서초구 방배동 3275- 방배동부센트레빌아파트		분양	20041112	3	122	122	0	위탁관리	개별난방	계단식	동부건설(주)	서림주택관리(주)
서울특별시	중랑구	면목동	A10021891	현대휴온아파트	아파트	서울특별시 중랑구 면목동 1535- 현대휴온아파트		혼합	20130329	1	149	111	38	자치관리	개별난방	복도식	현대아산(주)	 
서울특별시	관악구	남현동	A10021899	예성그랑펠리체아파트	아파트	서울특별시 관악구 남현동 1138- 예성그랑펠리체아파트		분양	20070328	3	129	129	0	위탁관리		복도식	예성종합건설	(주)융성종합관리
서울특별시	강북구	수유동	A10021929	수유벽산201아파트	아파트	서울특별시 강북구 수유동 648- 수유벽산201아파트		분양	19940212	1	146	146	0	자치관리	개별난방	혼합식	(주)벽산건설	 
서울특별시	구로구	고척동	A10021933	고척신원프라자 	주상복합	서울특별시 구로구 고척동 324- 고척신원프라자 		분양	19970430	1	123	123	0	위탁관리	개별난방	복도식	신원종합건설(주)	신한영관리(주)
서울특별시	강서구	염창동	A10021935	염창삼성한아름아파트	아파트	서울특별시 강서구 염창동 264-27 염창삼성한아름아파트		분양	19930712	1	140	140	0	자치관리	개별난방	혼합식	삼성건설	 
서울특별시	영등포구	당산동3가	A10021962	당산계룡리슈빌3단지	도시형 생활주택(아파트)	서울특별시 영등포구 당산동3가 565- 당산계룡리슈빌3단지		분양	20141121	2	149	149	0	위탁관리		계단식	계룡건설	주식회사 휴시스
서울특별시	서대문구	홍제동	A10021965	고은맨숀아파트		서울특별시 서대문구 홍제동 156-200 고은맨숀아파트		분양	19750617	2	136	136	0	자치관리	개별난방	계단식	광산기업주식회사	 
서울특별시	영등포구	당산동3가	A10021966	당산계룡리슈빌1단지	도시형 생활주택(아파트)	서울특별시 영등포구 당산동3가 564- 당산계룡리슈빌1단지		분양	20140915	1	146	146	0	위탁관리	개별난방	복도식	계룡건설	주식회사 휴시스
서울특별시	영등포구	당산동3가	A10021967	당산계룡리슈빌2단지	도시형 생활주택(아파트)	서울특별시 영등포구 당산동3가 566- 당산계룡리슈빌2단지		분양	20140915	1	146	146	0	위탁관리	개별난방	계단식	계룡건설	주식회사 휴시스
서울특별시	광진구	화양동	A10021996	광진코지웰	주상복합	서울특별시 광진구 화양동 113-1 광진코지웰		분양	20141103	1	296	296	0	위탁관리	개별난방	복도식	포스코ICT	한국주택시설관리(주)
서울특별시	강동구	천호동	A10022000	강동상떼빌 	주상복합	서울특별시 강동구 천호동 450- 강동상떼빌 		분양	20070330	1	110	110	0	위탁관리	개별난방	계단식	성원산업개발	(주)태룡에스디
서울특별시	강동구	길동	A10022001	희훈리치파크아파트	아파트	서울특별시 강동구 길동 472- 희훈리치파크아파트		분양	20021212	1	102	102	0	위탁관리	개별난방	계단식	희훈종합건설	유원종합관리(주)
서울특별시	강서구	화곡동	A10022019	화곡더리브스카이	주상복합	서울특별시 강서구 화곡동 1175- 화곡더리브스카이		분양	20221221	1	140	140	0	위탁관리	개별난방	혼합식	에스지씨이테크건설	성진자산관리(주)
서울특별시	송파구	방이동	A10022027	효성올림픽카운티	주상복합	서울특별시 송파구 방이동 51-4 효성올림픽카운티		분양	20030930	1	138	138	0	위탁관리	개별난방	복도식	효성건설	(주)신대한관리
서울특별시	송파구	문정동	A10022030	문정현대아파트		서울특별시 송파구 문정동 104- 문정현대아파트		분양	19910909	1	120	120	0	위탁관리	개별난방	계단식	한국주택은행과 대한팔프 조합	서일개발(주)
서울특별시	송파구	거여동	A10022033	 삼호아파트	아파트	서울특별시 송파구 거여동 136-  삼호아파트		분양	19990612	1	142	142	0	위탁관리	개별난방	복도식	삼호	보전종합관리
서울특별시	강서구	염창동	A10022042	염창대림아파트	아파트	서울특별시 강서구 염창동 262-2 염창대림아파트		분양	19991026	2	122	122	0	위탁관리	개별난방	혼합식	고려개발주식회사	율산개발 유한회사
서울특별시	동대문구	답십리동	A10022046	한신휴플러스그린파크 아파트	아파트	서울특별시 동대문구 답십리동 1001- 한신휴플러스그린파크 아파트		분양	20100930	3	141	141	0	위탁관리	개별난방	혼합식	한신공영	주식회사 동우개발
서울특별시	성동구	사근동	A10022058	사근벽산아파트	아파트	서울특별시 성동구 사근동 314- 사근벽산아파트		분양	20000515	1	133	133	0	위탁관리	개별난방	계단식	"벽산건설,이연건설"	주식회사 씨엠자산
서울특별시	은평구	신사동	A10022090	신사삼부아파트	주상복합	서울특별시 은평구 신사동 361- 신사삼부아파트		분양	20010628	1	116	116	0	자치관리	개별난방	복도식	삼부토건	 
서울특별시	영등포구	영등포동2가	A10022098	센트레빌아스테리움영등포	주상복합	서울특별시 영등포구 영등포동2가 439- 센트레빌아스테리움영등포		분양	20240726	2	156	156	0	위탁관리	개별난방	계단식	동부건설	서림폴리텍 주식회사
서울특별시	강서구	염창동	A10022108	염창동강변코아루아파트	아파트	서울특별시 강서구 염창동 303- 염창동강변코아루아파트		분양	20070531	3	130	130	0	자치관리	개별난방	계단식	서광건설산업	 
서울특별시	구로구	구로동	A10022110	보람쉬움아파트	아파트	서울특별시 구로구 구로동 1271- 보람쉬움아파트		분양	20030421	2	100	100	0	위탁관리	개별난방	계단식	보람건설	대성티엠씨 주식회사
서울특별시	동대문구	장안동	A10022117	일성트루엘아파트	아파트	서울특별시 동대문구 장안동 581- 일성트루엘아파트		혼합	20120726	2	116	106	10	위탁관리	개별난방	계단식	일성건설	(주)공간
서울특별시	도봉구	쌍문동	A10022118	쌍문미라보아파트	아파트	서울특별시 도봉구 쌍문동 160- 쌍문미라보아파트		분양	19950220	1	142	142	0	위탁관리	개별난방	계단식	미라보건설	태영건물종합관리 주식회사
서울특별시	강남구	삼성동	A10022130	삼성풍림2차아파트	아파트	서울특별시 강남구 삼성동 104- 삼성풍림2차아파트		분양	19981224	1	112	112	0	위탁관리	개별난방	복도식	풍림산업주식회사	광인에스테이트서비스 주식회사
서울특별시	광진구	화양동	A10022135	동도센트리움캠퍼스파크	도시형 생활주택(아파트)	서울특별시 광진구 화양동 116-2 동도센트리움캠퍼스파크		분양	20190927	1	181	181	0	위탁관리		복도식	동도건설(주)	제이에스테크주식회사
서울특별시	광진구	자양동	A10022137	이튼타워리버1차		서울특별시 광진구 자양동 510-5 이튼타워리버1차		분양	20060327	2	146	146	0	위탁관리	개별난방	계단식	인정건설(주)	(주)대화씨앤씨
서울특별시	도봉구	쌍문동	A10022144	신원주상복합2차아파트	아파트	서울특별시 도봉구 쌍문동 723- 신원주상복합2차아파트		분양	19981219	1	136	136	0	위탁관리	개별난방	복도식	신원종합개발주식회사	광인에스테이트서비스 주식회사
서울특별시	구로구	구로동	A10022146	구로영화참마음아파트		서울특별시 구로구 구로동 1268- 구로영화참마음아파트		분양	20010504	1	125	125	0	위탁관리	개별난방	계단식	영화건설주식회사	주식회사 씨엠관리
서울특별시	양천구	신월동	A10022149	신월동 길훈엔트런스빌아파트	아파트	서울특별시 양천구 신월동 1043- 신월동 길훈엔트런스빌아파트		분양	20051007	2	132	132	0	위탁관리	개별난방	혼합식	길훈건설	(주)파인스카이 도시관리
서울특별시	금천구	독산동	A10022155	청광플러스원아파트		서울특별시 금천구 독산동 1139- 청광플러스원아파트		분양	20030722	1	136	136	0	위탁관리	개별난방	계단식	청광건설	대성티엠씨 주식회사
서울특별시	강서구	공항동	A10022156	더트루엘마곡HQ	주상복합	서울특별시 강서구 공항동 11-10 더트루엘마곡HQ		분양	20240913	3	148	148	0	위탁관리	개별난방	혼합식	일성건설	씨에스케이(주)
서울특별시	은평구	불광동	A10022158	대호103동  아파트	아파트	서울특별시 은평구 불광동 629 대호103동  아파트		분양	19991201	1	100	100	0	위탁관리		혼합식	대호건설	신한영관리(주)
서울특별시	성동구	용답동	A10022175	용답중앙하이츠아파트		서울특별시 성동구 용답동 15- 용답중앙하이츠아파트		분양	19951127	1	136	136	0	위탁관리	개별난방	혼합식	(주)중앙종합건설	 
서울특별시	동작구	사당동	A10022181	사당kcc아파트	아파트	"서울특별시 동작구 사당동 1153-,서울특별시 동작구 사당동 1153 사당kcc아파트"		분양	20070720	2	111	111	0	위탁관리	개별난방	계단식	주)kcc건설	세화종합관리(주)
서울특별시	강북구	미아동	A10022183	신일해피트리아파트	아파트	서울특별시 강북구 미아동 1358- 신일해피트리아파트		분양	20060303	1	117	117	0	위탁관리	개별난방	계단식	신일건설	인덕종합관리(주)
서울특별시	양천구	신월동	A10022185	태형아파트	주상복합	서울특별시 양천구 신월동 134-17 태형아파트		분양	19980701	1	106	106	0	위탁관리	개별난방	복도식	태형아파트	(주)무림하우징
서울특별시	서대문구	충정로3가	A10022194	충정우리유앤미아파트	아파트	"서울특별시 서대문구 충정로3가 466-,서울특별시 서대문구 충정로3가 466 충정우리유앤미아파트"		분양	20080528	1	108	108	0	위탁관리	개별난방	계단식	(주)우리건설	대성티엠씨 주식회사
서울특별시	강동구	천호동	A10022202	강동중흥S-클래스	주상복합	서울특별시 강동구 천호동 423-200 강동중흥S-클래스		혼합	20240930	4	999	882	117	위탁관리	지역난방	혼합식	중흥토건	우리관리(주)
서울특별시	은평구	진관동	A10022206	은평뉴타운엘크루	주상복합	서울특별시 은평구 진관동 65- 은평뉴타운엘크루		분양	20170214	3	146	146	0	위탁관리	지역난방	계단식	대우조선해양건설주식회사	에이제이대원 주식회사
서울특별시	서초구	서초동	A10022209	삼성서초가든스위트아파트	아파트	서울특별시 서초구 서초동 1326 삼성서초가든스위트아파트		분양	20000624	3	141	141	0	자치관리	지역난방	복도식	삼성물산	 
서울특별시	마포구	성산동	A10022213	성산동성아파트	아파트	서울특별시 마포구 성산동 597- 성산동성아파트		분양	19990831	1	127	127	0	위탁관리	개별난방	계단식	(주)동성 건설	아산종합관리(주)
서울특별시	동작구	신대방동	A10022217	현진에버빌아파트	아파트	서울특별시 동작구 신대방동 716- 현진에버빌아파트		분양	20031024	1	135	135	0	자치관리	개별난방	계단식	현진건설	 
서울특별시	용산구	서빙고동	A10022221	서빙고 그린파크 아파트	주상복합	서울특별시 용산구 서빙고동 293- 서빙고 그린파크 아파트		분양	20000331	1	123	123	0	위탁관리	개별난방	혼합식	코오롱건설	에이제이대원 주식회사
서울특별시	양천구	신정동	A10022222	신정대성유니드1차아파트	아파트	서울특별시 양천구 신정동 1198-23 신정대성유니드1차아파트		분양	20040421	1	111	111	0	위탁관리	개별난방	계단식	대성산업	일신주택관리(주)
서울특별시	양천구	신월동	A10022224	신월나산아파트	아파트	서울특별시 양천구 신월동 217-2 신월나산아파트		분양	19970603	1	106	106	0	위탁관리	개별난방	복도식	나산종합건설(주)	율산개발 유한회사
서울특별시	용산구	한남동	A10022228	한남동현대하이페리온아파트	아파트	"서울특별시 용산구 한남동 805-,서울특별시 용산구 한남동 805 한남동현대하이페리온아파트"		분양	20021227	2	122	122	0	위탁관리	개별난방	계단식	현대건설	주식회사 신화피엠씨
서울특별시	동작구	사당동	A10022230	르메이에르	아파트	서울특별시 동작구 사당동 1141- 르메이에르		분양	20011207	1	140	140	0	위탁관리	개별난방	혼합식	르메이에르	에이제이대원 주식회사
서울특별시	용산구	원효로4가	A10022232	풍전아파트	아파트	"서울특별시 용산구 원효로4가 109-4,서울특별시 용산구 원효로4가 112-1 풍전아파트"		분양	19710531	4	138	138	0	자치관리	개별난방	계단식	확인불가	 
서울특별시	강서구	등촌동	A10022233	등촌2차보람아파트	아파트	서울특별시 강서구 등촌동 640- 등촌2차보람아파트		분양	20020614	1	101	101	0	위탁관리	개별난방	계단식	(주) 보람	(주)공간
서울특별시	광진구	군자동	A10022248	광진동양파라곤	주상복합	"서울특별시 광진구 군자동 358-9,서울특별시 광진구 군자동 360-20 광진동양파라곤"		분양	20080125	3	122	122	0	위탁관리	개별난방	혼합식	동양건설산업	대원에스테이트서비스(주)
서울특별시	송파구	마천동	A10022249	아남아파트	아파트	서울특별시 송파구 마천동 9- 아남아파트		분양	19921214	1	122	122	0	위탁관리	개별난방	혼합식	마천아남(주)	서일개발(주)
서울특별시	은평구	불광동	A10022256	남해그린힐아파트	아파트	서울특별시 은평구 불광동 632- 남해그린힐아파트		분양	20011115	1	100	100	0	자치관리	개별난방	계단식	남해건설	 
서울특별시	동대문구	답십리동	A10022258	청솔2차우성아파트	아파트	서울특별시 동대문구 답십리동 80-2 청솔2차우성아파트		분양	20001213	1	127	127	0	위탁관리	개별난방	계단식	(주)우성건설	세화종합관리(주)
서울특별시	은평구	구산동	A10022261	은평서해그랑블	아파트	서울특별시 은평구 구산동 548- 은평서해그랑블		분양	20220203	2	146	146	0	위탁관리	개별난방	계단식	서해종합건설	(주)현대개발
서울특별시	마포구	용강동	A10022303	마포대림1차		서울특별시 마포구 용강동 500- 마포대림1차		분양	20021025	3	123	123	0	위탁관리	지역난방	계단식	대림산업	에이제이대원 주식회사
서울특별시	양천구	신월동	A10022304	신월 금용아파트	아파트	서울특별시 양천구 신월동 533-1 신월 금용아파트		분양	19980227	1	108	108	0	위탁관리	개별난방	혼합식	금용종합건설 주식회사	율산개발 유한회사
서울특별시	광진구	화양동	A10022318	씨즈건대힐스	아파트	서울특별시 광진구 화양동 530- 씨즈건대힐스		분양	20170929	1	149	149	0	위탁관리	개별난방	복도식	(주)신성건설	(주)라이프종합관리
서울특별시	성동구	성수동2가	A10022325	성수금호타운2차아파트	아파트	서울특별시 성동구 성수동2가 832- 성수금호타운2차아파트		분양	19970814	1	141	141	0	위탁관리	개별난방	혼합식	금호건설	인덕종합관리(주)
서울특별시	노원구	중계동	A10022333	대호프라자	아파트	서울특별시 노원구 중계동 591- 대호프라자		분양	20000224	1	126	126	0	위탁관리	개별난방+기타	계단식	한신중계지역주택조합	대한종합개발(주)
서울특별시	은평구	구산동	A10022339	구산동2단지e편한세상아파트	아파트	서울특별시 은평구 구산동 546- 구산동2단지e편한세상아파트		분양	20041011	2	122	122	0	자치관리	개별난방	계단식	대림건설	 
서울특별시	성북구	안암동3가	A10022341	해링턴플레이스안암	아파트	서울특별시 성북구 안암동3가 138- 해링턴플레이스안암		분양	20240729	4	199	199	0	위탁관리	개별난방	혼합식	진흥기업	우리관리(주)
서울특별시	강서구	등촌동	A10022348	등촌동코오롱오투빌2차아파트	아파트	서울특별시 강서구 등촌동 712- 등촌동코오롱오투빌2차아파트		분양	20021202	1	105	105	0	위탁관리	개별난방	혼합식	코오롱건설(주)	대성티엠씨 주식회사
서울특별시	마포구	망원동	A10022359	망원미원2차아파트	아파트	서울특별시 마포구 망원동 433-9 망원미원2차아파트		분양	19970430	1	105	105	0	위탁관리	개별난방	복도식	(주)미원건설	국제경보산업(주)
서울특별시	광진구	자양동	A10022362	자양9차현대홈타운아파트	아파트	서울특별시 광진구 자양동 790- 자양9차현대홈타운아파트		분양	20020430	2	119	119	0	위탁관리	개별난방	계단식	현대건설(주)	 
서울특별시	동대문구	답십리동	A10022377	청계벽산메가트리움	아파트	"서울특별시 동대문구 답십리동 999-,서울특별시 동대문구 답십리동 999 청계벽산메가트리움"		분양	20060925	1	114	114	0	자치관리	개별난방	계단식	답십리제15구역재개발조합	 
서울특별시	동작구	대방동	A10022384	대방2차e편한세상아파트	아파트	서울특별시 동작구 대방동 507- 대방2차e편한세상아파트		분양	20030627	1	100	100	0	위탁관리	개별난방	계단식	대림산업	율산개발 유한회사
서울특별시	강북구	미아동	A10022391	북서울자이 폴라리스 아파트	아파트	"서울특별시 강북구 미아동 1375-,서울특별시 강북구 미아동 1376-,서울특별시 강북구 미아동 1374- 북서울자이 폴라리스 아파트"		혼합	20240829	15	1045	888	157	위탁관리	개별난방	혼합식	GS 건설	남경종합관리(주)
서울특별시	송파구	문정동	A10022403	힐스테이트 e편한세상 문정아파트	아파트	서울특별시 송파구 문정동 656 힐스테이트 e편한세상 문정아파트		혼합	20240830	14	1265	1195	70	위탁관리	개별난방	계단식	문정동136번지일원재건축정비사업조합	우리관리(주)
서울특별시	구로구	신도림동	A10022406	신성은하수아파트		서울특별시 구로구 신도림동 640- 신성은하수아파트		분양	19970701	1	120	120	0	위탁관리	개별난방	복도식	(주)신성건설	주식회사 우창개발
서울특별시	관악구	신림동	A10022412	신림한양아파트	아파트	서울특별시 관악구 신림동 1563-82 신림한양아파트		분양	19920218	3	132	132	0	위탁관리	개별난방	계단식	(주)한양건설	신한영관리(주)
서울특별시	동작구	노량진동	A10022416	더써밋타워	주상복합	서울특별시 동작구 노량진동 54-4 더써밋타워		임대	20240329	1	299	0	299	위탁관리	개별난방	복도식	강남건영(주)	행복관리플러스 주식회사
서울특별시	성북구	길음동	A10022419	길음역 롯데캐슬 트윈골드		서울특별시 성북구 길음동 542-1 길음역 롯데캐슬 트윈골드		혼합	20240429	2	395	312	83	위탁관리	개별난방	복도식	롯데건설	태영건물종합관리 주식회사
서울특별시	관악구	신림동	A10022424	우민조원아파트	아파트	서울특별시 관악구 신림동 1719- 우민조원아파트		분양	20030613	1	119	119	0	위탁관리	개별난방	혼합식	우민건설	대성티엠씨 주식회사
서울특별시	영등포구	문래동3가	A10022428	문래건영아파트	아파트	서울특별시 영등포구 문래동3가 93-1 문래건영아파트		분양	19980406	1	141	141	0	위탁관리	개별난방	혼합식	주) 건영	(주)공간
서울특별시	마포구	중동	A10022429	중동 동원월드타운아파트		서울특별시 마포구 중동 395- 중동 동원월드타운아파트		분양	20040922	2	102	102	0	위탁관리	개별난방	혼합식	(주)동원주택건설	인덕종합관리(주)
서울특별시	영등포구	신길동	A10022430	신길AK푸르지오주상복합	주상복합	서울특별시 영등포구 신길동 255-9 신길AK푸르지오주상복합		혼합	20240731	4	296	286	10	위탁관리	개별난방	계단식	대우건설	서일개발(주)
서울특별시	동대문구	장안동	A10022452	장안3차현대홈타운	아파트	서울특별시 동대문구 장안동 571- 장안3차현대홈타운		분양	20060317	2	137	137	0	위탁관리	개별난방	계단식	현대산업개발	 
서울특별시	동작구	상도동	A10022456	상도2차갑을명가아파트	아파트	서울특별시 동작구 상도동 459- 상도2차갑을명가아파트		분양	20060922	1	118	118	0	위탁관리		계단식	..	성화개발(주)
서울특별시	성북구	하월곡동	A10022464	하월곡아남아파트		서울특별시 성북구 하월곡동 218- 하월곡아남아파트		분양	19961203	1	198	198	0	자치관리	개별난방	계단식	아남건설	 
서울특별시	서초구	잠원동	A10022466	잠원금호베스트빌	아파트	서울특별시 서초구 잠원동 58- 잠원금호베스트빌		분양	20021104	2	117	117	0	위탁관리		계단식	금호	세화종합관리(주)
서울특별시	서초구	서초동	A10022474	서초동롯데캐슬리버티	아파트	서울특별시 서초구 서초동 1620-20 서초동롯데캐슬리버티		분양	20050323	3	132	132	0	위탁관리	개별난방	계단식	롯데건설	세화종합관리(주)
서울특별시	은평구	신사동	A10022477	신사두산위브2차아파트	아파트	서울특별시 은평구 신사동 371- 신사두산위브2차아파트		분양	20111028	3	139	139	0	위탁관리	개별난방	혼합식	두산건설(주)	세화종합관리(주)
서울특별시	마포구	아현동	A10022480	마포트라팰리스2		서울특별시 마포구 아현동 738- 마포트라팰리스2		분양	20080718	2	120	120	0	위탁관리	개별난방	기타	삼성물산	 
서울특별시	금천구	시흥동	A10022481	시흥 중앙하이츠빌라		서울특별시 금천구 시흥동 1005- 시흥 중앙하이츠빌라		분양	19881124	12	222	222	0	위탁관리	개별난방	계단식	중앙건설	세화종합관리(주)
서울특별시	용산구	한강로3가	A10022504	에피소드용산241	아파트	"서울특별시 용산구 한강로3가 100,서울특별시 용산구 한강로3가 100- 에피소드용산241"		임대	20240226	1	162	0	162	위탁관리	중앙난방	기타	한신공영	우리관리(주)
서울특별시	은평구	갈현동	A10022512	THE STUDIO 163	주상복합	서울특별시 은평구 갈현동 456-25 THE STUDIO 163		임대	20240430	1	163	0	163	위탁관리	개별난방	복도식	강남건영	주식회사 한화에스테이트서비스
서울특별시	강동구	길동	A10022525	강동헤리티지자이	아파트	"서울특별시 강동구 길동 160,서울특별시 강동구 길동 160- 강동헤리티지자이"		혼합	20240627	8	1299	1185	114	위탁관리	개별난방+기타	계단식	GS건설	제일에스테이트서비스 주식회사
서울특별시	중랑구	상봉동	A10022528	상봉 동양엔파트	주상복합	서울특별시 중랑구 상봉동 118-8 상봉 동양엔파트		임대	20240617	1	299	0	299	위탁관리	개별난방	복도식	(주)동양	우리관리(주)
서울특별시	강서구	염창동	A10022537	염창힐스테이트아파트	아파트	"서울특별시 강서구 염창동 306-,서울특별시 강서구 염창동 306 염창힐스테이트아파트"		분양	20091207	2	135	135	0	위탁관리	개별난방	계단식	현대건설 주식회사	광인산업(주)
서울특별시	서초구	반포동	A10022556	래미안 원펜타스	아파트	"서울특별시 서초구 반포동 12,서울특별시 서초구 반포동 12- 래미안 원펜타스"		혼합	20240613	6	641	604	37	위탁관리	지역난방	혼합식	삼성건설	(주)타워피엠씨
서울특별시	은평구	증산동	A10022560	증산동 두산위브아파트	아파트	서울특별시 은평구 증산동 255 증산동 두산위브아파트	서울특별시 은평구 증산서길 79	분양	20051004	2	122	122	0	위탁관리	개별난방	계단식	두산건설	(주)신성티엠
서울특별시	강동구	성내동	A10022572	힐스테이트 천호역 젠트리스	아파트	서울특별시 강동구 성내동 48-6 힐스테이트 천호역 젠트리스	서울특별시 강동구 천호대로 1024	분양	20240530	1	160	160	0	위탁관리	개별난방	복도식	현대엔지어링	주식회사 중앙종합관리
서울특별시	은평구	신사동	A10022590	신사 홍익아파트	아파트	서울특별시 은평구 신사동 19-117 신사 홍익아파트	서울특별시 은평구 가좌로 342	분양	19951204	1	114	114	0	위탁관리	개별난방	혼합식	홍익건설	(주)신성티엠
서울특별시	송파구	문정동	A10022621	문정동마에스트로청년주택	주상복합	서울특별시 송파구 문정동 55-6 문정동마에스트로청년주택	서울특별시 송파구 문정로 1	임대	20240119	1	438	0	438	위탁관리	개별난방	복도식	효성중공업	주식회사 휴시스
서울특별시	서초구	서초동	A10022623	대우디오빌프라임	주상복합	서울특별시 서초구 서초동 1337-22 대우디오빌프라임	서울특별시 서초구 강남대로 321	분양	20051021	1	261	261	0	위탁관리	개별난방	혼합식	(주)대우건설	에이제이대원 주식회사
서울특별시	광진구	자양동	A10022641	이튼타워리버2차아파트	주상복합	서울특별시 광진구 자양동 507-6 이튼타워리버2차아파트	서울특별시 광진구 능동로 50	분양	20060327	2	131	131	0	위탁관리	개별난방	복도식	인정건설	광인산업(주)
서울특별시	송파구	오금동	A10022649	송파더플래티넘	아파트	서울특별시 송파구 오금동 67 송파더플래티넘	서울특별시 송파구 성내천로6길 1-13	분양	20240130	2	328	328	0	위탁관리	지역난방	계단식	주식회사쌍용	율산개발 유한회사
서울특별시	강남구	자곡동	A10022652	LH 수서2단지	아파트	서울특별시 강남구 자곡동 138-2 LH 수서2단지	서울특별시 강남구 자곡로11길 28	임대	20240417	10	1080	0	1080	위탁관리	지역난방	복도식	효성중공업(주)	신화비엠씨(주)
서울특별시	성북구	정릉동	A10022655	이안테라디움 성북		서울특별시 성북구 정릉동 1056 이안테라디움 성북	서울특별시 성북구 정릉로 104	임대	20230620	2	227	0	227	위탁관리(직영+위탁)	개별난방	복도식	대우산업개발(주)	 
서울특별시	양천구	신월동	A10022672	우당아파트	아파트	서울특별시 양천구 신월동 506-1 우당아파트	서울특별시 양천구 오목로 90	분양	19970927	1	112	112	0	위탁관리	개별난방	혼합식	대원명성재건축조합	국제경보산업(주)
서울특별시	영등포구	양평동2가	A10022708	오목교벽산블루밍	아파트	서울특별시 영등포구 양평동2가 39-1 오목교벽산블루밍	서울특별시 영등포구 선유서로21길 30	분양	19961207	1	114	114	0	위탁관리	개별난방	복도식	벽산건설	대원에스테이트서비스(주)
서울특별시	강동구	고덕동	A10022715	고덕풍경채어바니티	아파트	서울특별시 강동구 고덕동  고덕풍경채어바니티	서울특별시 강동구 아리수로 375	분양	20240130	6	780	780	0	위탁관리	지역난방	혼합식	제일건설	대원에스테이트서비스(주)
서울특별시	동작구	상도동	A10022720	상도 푸르지오 클라베뉴	아파트	"서울특별시 동작구 상도동 906,서울특별시 동작구 상도동 906- 상도 푸르지오 클라베뉴"	서울특별시 동작구 성대로 164	분양	20240229	10	771	771	0	위탁관리	개별난방	기타	(주)대우건설	율산개발 유한회사
서울특별시	강남구	역삼동	A10022749	원에디션강남		서울특별시 강남구 역삼동 653-4 원에디션강남	서울특별시 강남구 언주로 563	분양	20240206	2	229	229	0	위탁관리	지역난방	기타	현대 엔지니어링(주)	엠제이자산관리 주식회사
서울특별시	강동구	상일동	A10022756	e편한세상 고덕 어반브릿지	아파트	서울특별시 강동구 상일동 554-38 e편한세상 고덕 어반브릿지	서울특별시 강동구 고덕로98길 75	분양	20240222	6	593	593	0	위탁관리	지역난방	혼합식	DL 이앤씨(주)	대승종합관리(주)
서울특별시	중구	묵정동	A10022761	힐스테이트 남산	주상복합	서울특별시 중구 묵정동 35 힐스테이트 남산	서울특별시 중구 퇴계로46길 26	분양	20240129	2	282	282	0	위탁관리	중앙난방	복도식	현대건설(주)	세화종합관리(주)
서울특별시	중랑구	상봉동	A10022775	봄작시티 24	주상복합	서울특별시 중랑구 상봉동 90-3 봄작시티 24	서울특별시 중랑구 망우로50길 24	임대	20230705	1	238	0	238	자치관리	개별난방	복도식	주식회사 주함건설	 
서울특별시	용산구	이촌동	A10022800	동원베네스트 아파트	아파트	서울특별시 용산구 이촌동 434 동원베네스트 아파트	서울특별시 용산구 이촌로14길 7	분양	20051118	2	103	103	0	자치관리	개별난방	계단식	동원시스템즈	 
서울특별시	관악구	신림동	A10022801	최강타워	주상복합	서울특별시 관악구 신림동 1745 최강타워	서울특별시 관악구 남부순환로180길 6	임대	20230530	2	299	0	299	위탁관리(직영+위탁)	개별난방	복도식	보미건설	녹색개발(주)
서울특별시	은평구	불광동	A10022803	연신내역루체스테이션	아파트	서울특별시 은평구 불광동 323-21 연신내역루체스테이션	서울특별시 은평구 통일로 838-21	임대	20240124	1	264	0	264	위탁관리	개별난방	복도식	새천년건설	(주)대우에스티
서울특별시	강동구	강일동	A10022851	힐스테이트리슈빌강일	아파트	"서울특별시 강동구 강일동 72-,서울특별시 강동구 강일동 72 힐스테이트리슈빌강일"	서울특별시 강동구 아리수로93다길 80	분양	20231030	8	809	809	0	위탁관리	지역난방	혼합식	현대건설	주식회사 한빛종합관리
서울특별시	강남구	개포동	A10022859	디에이치퍼스티어아이파크	아파트	서울특별시 강남구 개포동 660-4 디에이치퍼스티어아이파크	서울특별시 강남구 개포로 310	혼합	20231129	74	6702	6309	393	위탁관리	지역난방	기타	"현대산업개발, 현대건설"	(주)타워피엠씨
서울특별시	영등포구	여의도동	A10022891	브라이튼여의도아파트		서울특별시 영등포구 여의도동 525 브라이튼여의도아파트	서울특별시 영등포구 국제금융로 39	혼합	20230821	2	454	89	365	위탁관리	지역난방	복도식	GS건설	주식회사 에스엘플랫폼
서울특별시	동작구	상도동	A10022916	상도1차갑을명가아파트	아파트	서울특별시 동작구 상도동 458 상도1차갑을명가아파트	서울특별시 동작구 국사봉길 178	분양	20061016	2	123	123	0	위탁관리	개별난방	계단식	갑을건설(주)	성화개발(주)
서울특별시	중랑구	망우동	A10022919	신내역 시티프라디움 아파트	아파트	서울특별시 중랑구 망우동 584 신내역 시티프라디움 아파트	서울특별시 중랑구 용마산로 670	임대	20231120	4	495	0	495	위탁관리	지역난방	계단식	(주)시티건설 (주)시티종합건설	(주)동우라이프산업
서울특별시	강서구	화곡동	A10022928	강서금호어울림퍼스티어	아파트	서울특별시 강서구 화곡동 980-19 강서금호어울림퍼스티어	서울특별시 강서구 화곡로54길 43	혼합	20231227	5	523	348	175	위탁관리	개별난방	계단식	"금호건설(주),지에스건설(주),(주)대지건설"	대원에스테이트서비스(주)
서울특별시	마포구	아현동	A10022941	마포푸르지오더센트럴	주상복합	서울특별시 마포구 아현동 275-2 마포푸르지오더센트럴	서울특별시 마포구 마포대로 231	혼합	20231031	2	239	234	5	위탁관리	개별난방	혼합식	대우건설	(주)이엠피서비스
서울특별시	마포구	노고산동	A10022963	맹그로브신촌	아파트	서울특별시 마포구 노고산동 56-74 맹그로브신촌	서울특별시 마포구 서강로 121	임대	20230106	1	151	0	151	위탁관리	개별난방+기타	복도식	(주)한신공영	(주)아이비에스인더스트리
서울특별시	도봉구	쌍문동	A10022967	쌍문금강아미움파크타운		서울특별시 도봉구 쌍문동 711 쌍문금강아미움파크타운	서울특별시 도봉구 방학로5길 33	분양	20180718	1	126	126	0	자치관리	개별난방	복도식	금강종합건설(주)	 
서울특별시	영등포구	신길동	A10022974	준타워	주상복합	서울특별시 영등포구 신길동 173-6 준타워	서울특별시 영등포구 영등포로62길 5	임대	20230714	1	162	0	162	위탁관리	개별난방	혼합식	동호건설주식회사	세화종합관리(주)
서울특별시	송파구	문정동	A10022995	문정동현대2차아파트	아파트	서울특별시 송파구 문정동 58 문정동현대2차아파트	서울특별시 송파구 송파대로16길 12	분양	19951107	1	108	108	0	자치관리	개별난방	복도식	현대건설	 
서울특별시	강동구	성내동	A10022996	천호역 효성해링턴타워	주상복합	서울특별시 강동구 성내동 609 천호역 효성해링턴타워	서울특별시 강동구 올림픽로 610	임대	20230724	2	900	0	900	위탁관리	개별난방	복도식	진흥기업	주식회사 케이에스메이트
서울특별시	서대문구	북아현동	A10023016	북아현경남아파트(101동)	아파트	서울특별시 서대문구 북아현동 1006 북아현경남아파트(101동)	서울특별시 서대문구 북아현로 40	분양	19960521	1	106	106	0	위탁관리	개별난방	혼합식	경남기업(주)	서일개발(주)
서울특별시	강남구	삼성동	A10023020	삼성동 마에스트로	주상복합	서울특별시 강남구 삼성동 140-32 삼성동 마에스트로	서울특별시 강남구 선릉로94길 15	임대	20230731	1	299	0	299	위탁관리	개별난방	복도식	한미글로벌	주식회사 휴시스
서울특별시	노원구	상계동	A10023024	노원롯데캐슬시그니처1단지	아파트	서울특별시 노원구 상계동 95-3 노원롯데캐슬시그니처1단지	서울특별시 노원구 덕릉로 753	혼합	20230629	4	553	355	198	위탁관리	개별난방	혼합식	롯데건설(주)	대원에스테이트서비스(주)
서울특별시	서초구	반포동	A10023043	래미안원베일리	아파트	서울특별시 서초구 반포동 1-1 래미안원베일리	서울특별시 서초구 반포대로 333	혼합	20230830	23	2990	2842	148	위탁관리	지역난방	계단식	삼성물산	(주)타워피엠씨
서울특별시	강동구	암사동	A10023046	암사중앙하이츠아파트	아파트	서울특별시 강동구 암사동 493-14 암사중앙하이츠아파트	서울특별시 강동구 올림픽로98가길 47	분양	19980729	1	126	126	0	위탁관리	개별난방	복도식	중앙건설(주)	 
서울특별시	서초구	서초동	A10023049	코네스트	주상복합	서울특별시 서초구 서초동 1365-8 코네스트	서울특별시 서초구 남부순환로 2567	임대	20230612	1	379	0	379	위탁관리	기타	복도식	KCC건설	주식회사 라이언에셋
서울특별시	은평구	증산동	A10023056	증산중앙하이츠아파트	아파트	서울특별시 은평구 증산동 248 증산중앙하이츠아파트	서울특별시 은평구 증산로 285	분양	20010907	1	122	122	0	위탁관리	개별난방	계단식	중앙산업(주)	태림주택종합관리(주)
서울특별시	강동구	둔촌동	A10023059	더샵파크솔레이유아파트	아파트	서울특별시 강동구 둔촌동 85-2 더샵파크솔레이유아파트	서울특별시 강동구 진황도로61길 25-23	분양	20230607	4	195	195	0	위탁관리	개별난방	혼합식	(주)포스코이앤씨	서림주택관리(주)
서울특별시	노원구	상계동	A10023060	노원롯데캐슬시그니처2단지	아파트	서울특별시 노원구 상계동 95-3 노원롯데캐슬시그니처2단지	서울특별시 노원구 덕릉로 753	분양	20230628	6	610	610	0	위탁관리	개별난방	계단식	롯데건설	대원에스테이트서비스(주)
서울특별시	송파구	잠실동	A10023070	잠실 센트럴파크	도시형 생활주택(아파트)	서울특별시 송파구 잠실동 187-10 잠실 센트럴파크	서울특별시 송파구 백제고분로7길 42	임대	20230802	1	217	0	217	위탁관리	개별난방	복도식	한일개발	녹색개발(주)
서울특별시	강서구	등촌동	A10023075	지와인 아파트		서울특별시 강서구 등촌동 633-12 지와인 아파트	서울특별시 강서구 양천로 620	분양	20230630	4	136	136	0	위탁관리	개별난방	계단식	한동건설	우리관리(주)
서울특별시	은평구	수색동	A10023076	DMC SKVIEW 아이파크포레	아파트	"서울특별시 은평구 수색동 191,서울특별시 은평구 수색동 191- DMC SKVIEW 아이파크포레"	서울특별시 은평구 수색로 322	혼합	20230731	21	1486	1186	300	위탁관리	개별난방	혼합식	"sk에코플랜트, 현대산업개발"	세화종합관리(주)
서울특별시	은평구	수색동	A10023079	DMC파인시티자이	아파트	서울특별시 은평구 수색동 190 DMC파인시티자이	서울특별시 은평구 은평터널로 15	혼합	20230731	15	1223	1015	208	위탁관리	개별난방	계단식	GS건설(주)	우리관리(주)
서울특별시	동대문구	전농동	A10023083	청량리역 롯데캐슬 SKY-L65	주상복합	서울특별시 동대문구 전농동 620-47 청량리역 롯데캐슬 SKY-L65	서울특별시 동대문구 답십리로 27	혼합	20230712	4	1425	1361	64	위탁관리	개별난방+기타	혼합식	롯데건설	제일에스테이트서비스 주식회사
서울특별시	광진구	자양동	A10023099	롯데캐슬 리버파크 시그니처 아파트	아파트	"서울특별시 광진구 자양동 236-91,서울특별시 광진구 자양동 863- 롯데캐슬 리버파크 시그니처 아파트"	서울특별시 광진구 뚝섬로 467	혼합	20230629	6	878	779	99	위탁관리	개별난방	계단식	롯데건설	한국주택시설관리(주)
서울특별시	마포구	공덕동	A10023118	공덕동 크로시티 행복주택	아파트	서울특별시 마포구 공덕동 370-4 공덕동 크로시티 행복주택	서울특별시 마포구 백범로31길 19	임대	20230710	2	350	0	350	위탁관리	개별난방	복도식	대우조선해양	(주)신화비엠씨
서울특별시	은평구	수색동	A10023126	DMC아트포레자이아파트	주상복합	서울특별시 은평구 수색동 189 DMC아트포레자이아파트	서울특별시 은평구 은평터널로 27	혼합	20230630	8	672	556	116	위탁관리	개별난방	기타	GS건설주식회사	제일에스테이트서비스 주식회사
서울특별시	강남구	논현동	A10023129	리스트강남	아파트	서울특별시 강남구 논현동 202-7 리스트강남	서울특별시 강남구 봉은사로 125	임대	20220406	1	297	0	297	위탁관리	중앙난방	복도식	동원건설	주식회사 케이티에스
서울특별시	강남구	자곡동	A10023132	디아크리온강남 아파트	아파트	서울특별시 강남구 자곡동  디아크리온강남 아파트	서울특별시 강남구 자곡로11길 11	혼합	20230613	8	597	398	199	위탁관리	지역난방	혼합식	양우건설	우리관리(주)
서울특별시	서초구	잠원동	A10023143	신반포르엘	아파트	서울특별시 서초구 잠원동 52-2 신반포르엘	서울특별시 서초구 잠원로14길 42	혼합	20230627	3	330	299	31	위탁관리	지역난방	계단식	롯데건설	신한영관리(주)
서울특별시	은평구	갈현동	A10023157	우남아파트	아파트	서울특별시 은평구 갈현동 540 우남아파트	서울특별시 은평구 서오릉로 258	분양	19980720	2	109	109	0	위탁관리	개별난방	혼합식	우남주택개발(주)	(주)라이프종합관리
서울특별시	강남구	대치동	A10023162	대치푸르지오써밋	아파트	서울특별시 강남구 대치동 963 대치푸르지오써밋	서울특별시 강남구 삼성로72길 12	혼합	20230605	9	489	469	20	위탁관리	지역난방	계단식	대우건설(주)	(주)타워피엠씨
서울특별시	동대문구	용두동	A10023188	청량리역 한양수자인 그라시엘	주상복합	서울특별시 동대문구 용두동 39-1 청량리역 한양수자인 그라시엘	서울특별시 동대문구 고산자로32길 78	분양	20230602	4	1152	1152	0	위탁관리	개별난방	기타	한양건설	(주)케이티팝스
서울특별시	용산구	한강로2가	A10023195	용산파크 이편한세상	아파트	서울특별시 용산구 한강로2가 417 용산파크 이편한세상	서울특별시 용산구 한강대로53길 16	분양	20070613	2	146	146	0	위탁관리	개별난방	계단식	(주) 삼호	국제경보산업(주)
서울특별시	양천구	신월동	A10023219	신목동파라곤아파트	아파트	서울특별시 양천구 신월동 1085 신목동파라곤아파트	서울특별시 양천구 오목로 55	혼합	20230227	5	299	282	17	위탁관리	개별난방	계단식	동양건설	대원에스테이트서비스(주)
서울특별시	강남구	논현동	A10023245	선정릉역 모아엘가퍼스트홈	주상복합	서울특별시 강남구 논현동 278-4 선정릉역 모아엘가퍼스트홈	서울특별시 강남구 봉은사로 333	임대	20230113	1	283	0	283	위탁관리	개별난방	복도식	혜림건설(주)	주식회사 투엠에스엘
서울특별시	강북구	수유동	A10023268	칸타빌수유팰리스	주상복합	서울특별시 강북구 수유동 741 칸타빌수유팰리스	서울특별시 강북구 한천로148길 12-13	분양	20220629	4	216	216	0	위탁관리	개별난방	혼합식	대원건설	(주)백송종합관리
서울특별시	서초구	방배동	A10023272	방배롯데캐슬로제	아파트	서울특별시 서초구 방배동 849-30 방배롯데캐슬로제	서울특별시 서초구 방배로26길 41	분양	20090701	4	130	130	0	자치관리	개별난방	기타	롯데건설(주)	 
서울특별시	광진구	자양동	A10023282	광진한화꿈에그린아파트	아파트	서울특별시 광진구 자양동 853 광진한화꿈에그린아파트	서울특별시 광진구 뚝섬로24길 74	분양	20060530	2	116	116	0	자치관리	개별난방	복도식	한화건설(주)	 
서울특별시	중랑구	묵동	A10023285	묵동월드메르디앙	아파트	서울특별시 중랑구 묵동 392 묵동월드메르디앙	서울특별시 중랑구 중랑천로 316	혼합	20090319	4	141	131	10	위탁관리	개별난방	계단식	월드건설	주식회사 동우개발
서울특별시	금천구	가산동	A10023288	LH서울금천 행복주택아파트	아파트	서울특별시 금천구 가산동 219-25 LH서울금천 행복주택아파트	서울특별시 금천구 디지털로10길 55	임대	20230630	2	282	0	282	위탁관리	개별난방	복도식	동일토건	주식회사 푸른종합주택관리
서울특별시	송파구	장지동	A10023296	송파파인타운12단지	아파트	서울특별시 송파구 장지동 855 송파파인타운12단지	서울특별시 송파구 송파대로8길 42	분양	20110127	4	149	149	0	위탁관리	개별난방	계단식	양우건설	광인에스테이트서비스 주식회사
서울특별시	강남구	자곡동	A10023314	LH수서1단지(행복주택)	아파트	서울특별시 강남구 자곡동 335 LH수서1단지(행복주택)	서울특별시 강남구 밤고개로 165	임대	20230217	6	830	0	830	위탁관리	지역난방	복도식	동일토건(주)	남부건업(주)
서울특별시	성동구	성수동2가	A10023316	성수신성아파트	아파트	서울특별시 성동구 성수동2가 833 성수신성아파트	서울특별시 성동구 뚝섬로13길 11	분양	20011221	2	146	146	0	위탁관리	개별난방	복도식	신성건설	(주)현대개발
서울특별시	성북구	하월곡동	A10023322	삼전솔하임3차	도시형 생활주택(아파트)	서울특별시 성북구 하월곡동 88-510 삼전솔하임3차	서울특별시 성북구 동소문로46길 18	분양	20131111	1	190	190	0	위탁관리	개별난방	복도식	(주)삼전건설	(주)성우알티에스
서울특별시	서대문구	홍제동	A10023330	무악재한화	아파트	서울특별시 서대문구 홍제동 464 무악재한화	서울특별시 서대문구 통일로 357	분양	20010519	2	139	139	0	위탁관리	개별난방	계단식	(주)한화건설	(주)이엠피서비스
서울특별시	광진구	자양동	A10023336	자양하늘채베르	아파트	서울특별시 광진구 자양동 862 자양하늘채베르	서울특별시 광진구 자양로 55	분양	20230227	2	165	165	0	위탁관리	개별난방	계단식	코오롱	(주)케이티팝스
서울특별시	중구	입정동	A10023343	힐스테이트세운센트럴2단지	주상복합	서울특별시 중구 입정동 2-4 힐스테이트세운센트럴2단지	서울특별시 중구 을지로15길 32	혼합	20230307	1	608	547	61	위탁관리	개별난방	복도식	현대엔지니어링(주)	우리관리(주)
서울특별시	강남구	개포동	A10023348	개포자이프레지던스	아파트	서울특별시 강남구 개포동 189 개포자이프레지던스	서울특별시 강남구 삼성로 14	혼합	20230228	35	3375	3155	220	위탁관리	지역난방	혼합식	GS건설	(주)타워피엠씨
서울특별시	동작구	흑석동	A10023350	흑석자이	아파트	"서울특별시 동작구 흑석동 343-,서울특별시 동작구 흑석동 253-89 흑석자이"	서울특별시 동작구 서달로 90	혼합	20230227	26	1772	1434	338	위탁관리	개별난방	혼합식	GS건설	세화종합관리(주)
서울특별시	중구	인현동2가	A10023352	세운푸르지오헤리시티	주상복합	서울특별시 중구 인현동2가 240 세운푸르지오헤리시티	서울특별시 중구 마른내로 79	혼합	20230116	1	614	574	40	위탁관리	개별난방	복도식	대우건설(주)	에이제이대원 주식회사
서울특별시	중구	입정동	A10023356	힐스테이트세운센트럴1단지	주상복합	서울특별시 중구 입정동 189-1 힐스테이트세운센트럴1단지	서울특별시 중구 을지로15길 32	혼합	20230224	1	414	376	38	위탁관리	개별난방	복도식	(주)현대엔지니어링	대원에스테이트서비스(주)
서울특별시	동대문구	휘경동	A10023368	회기역 하트리움	주상복합	서울특별시 동대문구 휘경동 380 회기역 하트리움	서울특별시 동대문구 망우로 46	임대	20230120	2	582	0	582	위탁관리	중앙난방	복도식	(주)두진건설	서반플래닝
서울특별시	관악구	봉천동	A10023372	BX201 청년주택		서울특별시 관악구 봉천동 854-3 BX201 청년주택	서울특별시 관악구 남부순환로224길 31	임대	20220510	1	201	0	201	위탁관리	개별난방	복도식	강남건영(주)	(주)세안텍스
서울특별시	용산구	한남동	A10023379	한남리버탑아파트	아파트	서울특별시 용산구 한남동 802 한남리버탑아파트	서울특별시 용산구 독서당로6길 16	분양	20010403	1	119	119	0	위탁관리	개별난방	혼합식	신영토건주식회사	광인산업(주)
서울특별시	중랑구	면목동	A10023384	용마산모아엘가파크포레	아파트	서울특별시 중랑구 면목동 1549 용마산모아엘가파크포레	서울특별시 중랑구 용마산로84길 9-16	분양	20230127	5	243	243	0	위탁관리	개별난방	혼합식	혜림건설	국제경보산업(주)
서울특별시	동대문구	용두동	A10023389	청량리역해링턴플레이스	주상복합	서울특별시 동대문구 용두동 797 청량리역해링턴플레이스	서울특별시 동대문구 고산자로34길 70	혼합	20230130	1	220	207	13	위탁관리	개별난방	기타	효성중공업(주)	태영건물종합관리 주식회사
서울특별시	광진구	중곡동	A10023395	리마크빌 군자	아파트	서울특별시 광진구 중곡동 637-5 리마크빌 군자	서울특별시 광진구 천호대로 517	임대	20220830	1	299	0	299	위탁관리	개별난방	복도식	한양산업개발주식회사	주식회사 케이에스메이트
서울특별시	서대문구	홍은동	A10023449	e편한세상 서대문	아파트	서울특별시 서대문구 홍은동 104-5 e편한세상 서대문	서울특별시 서대문구 통일로 505	분양	20230912	6	481	481	0	위탁관리	개별난방	계단식	DL이앤씨(주)	대원에스테이트서비스(주)
서울특별시	서초구	잠원동	A10023462	반포르엘2차	아파트	서울특별시 서초구 잠원동 74 반포르엘2차	서울특별시 서초구 신반포로23길 33	혼합	20221228	3	280	245	35	위탁관리	지역난방	계단식	롯데건설(주)	서림주택관리(주)
서울특별시	은평구	대조동	A10023467	호반베르디움 스테이원	주상복합	서울특별시 은평구 대조동 241 호반베르디움 스테이원	서울특별시 은평구 통일로 767	임대	20221229	4	977	0	977	위탁관리	개별난방	복도식	호반건설	한주피엠씨주식회사
서울특별시	구로구	구로동	A10023471	구로오네뜨시티	아파트	서울특별시 구로구 구로동 103-6 구로오네뜨시티	서울특별시 구로구 가마산로25길 9	분양	20220128	1	208	208	0	위탁관리	개별난방	계단식	남해종합건설(주)	 
서울특별시	노원구	공릉동	A10023478	한일휴니스빌	도시형 생활주택(아파트)	서울특별시 노원구 공릉동 683-14 한일휴니스빌	서울특별시 노원구 화랑로 421	분양	20130924	1	164	164	0	자치관리	개별난방	계단식	한일개발	 
서울특별시	서대문구	홍은동	A10023482	힐스테이트 홍은포레스트 아파트	아파트	서울특별시 서대문구 홍은동 338-5 힐스테이트 홍은포레스트 아파트	서울특별시 서대문구 가좌로4길 21	혼합	20231229	8	623	606	17	위탁관리	개별난방	계단식	현대건설(주)	우리관리(주)
서울특별시	중구	신당동	A10023488	약수역 더시티	주상복합	서울특별시 중구 신당동 367-15 약수역 더시티	서울특별시 중구 동호로7길 14	분양	20210326	1	153	153	0	위탁관리	개별난방	복도식	(주)일군토건	(주)다보산업관리
서울특별시	영등포구	당산동2가	A10023489	포레나 당산	주상복합	서울특별시 영등포구 당산동2가 165 포레나 당산	서울특별시 영등포구 당산로 83	임대	20221202	2	496	0	496	위탁관리	개별난방	복도식	한화건설	주식회사 한화에스테이트서비스
서울특별시	관악구	봉천동	A10023490	일두아파트	아파트	서울특별시 관악구 봉천동 1021 일두아파트	서울특별시 관악구 은천로39길 56	분양	19851120	5	204	204	0	자치관리	개별난방	계단식	정보없음	 
서울특별시	마포구	아현동	A10023508	마포더클래시	아파트	서울특별시 마포구 아현동 804 마포더클래시	서울특별시 마포구 신촌로28길 8	혼합	20221129	17	1419	1278	141	위탁관리	개별난방	혼합식	"HDC현대산업개발(주), SK에코플랜트"	(주)쌍용개발
서울특별시	강서구	화곡동	A10023515	우장산숲 아이파크	아파트	서울특별시 강서구 화곡동 1027-50 우장산숲 아이파크	서울특별시 강서구 화곡로31다길 20	분양	20221201	10	576	576	0	위탁관리	지역난방	복도식	현대산업개발(주)	서림주택관리(주)
서울특별시	영등포구	대림동	A10023516	영등포자이르네	아파트	서울특별시 영등포구 대림동 1132 영등포자이르네	서울특별시 영등포구 시흥대로 625	분양	20221107	3	212	212	0	위탁관리	개별난방	계단식	자이에스앤디(주)	(주)로이안H&F
서울특별시	동대문구	회기동	A10023539	한일베라체캠퍼스	주상복합	서울특별시 동대문구 회기동 346-18 한일베라체캠퍼스	서울특별시 동대문구 이문로 37	분양	20130624	1	264	264	0	위탁관리	개별난방	복도식	한일건설(주)	유브이종합개발(주)
서울특별시	강서구	등촌동	A10023543	가양역두산위브아파트	주상복합	서울특별시 강서구 등촌동 726 가양역두산위브아파트	서울특별시 강서구 공항대로45길 15	분양	20220311	4	220	220	0	위탁관리	개별난방	계단식	두산	(주)대한주택개발
서울특별시	강남구	일원동	A10023547	개포상록스타힐스	아파트	서울특별시 강남구 일원동 688 개포상록스타힐스	서울특별시 강남구 영동대로 16	임대	20221031	12	1829	0	1829	위탁관리	개별난방	혼합식	서희건설	(주)현장종합관리
서울특별시	동작구	신대방동	A10023551	동작협성휴포레시그니처아파트	주상복합	서울특별시 동작구 신대방동 686-48 동작협성휴포레시그니처아파트	서울특별시 동작구 시흥대로 606	분양	20220527	5	274	274	0	위탁관리	개별난방	계단식	(주)협성건설	우리관리(주)
서울특별시	서대문구	홍제동	A10023560	서대문푸르지오센트럴파크	아파트	"서울특별시 서대문구 홍제동 478-,서울특별시 서대문구 홍제동 57-5 서대문푸르지오센트럴파크"	서울특별시 서대문구 통일로 339	혼합	20221028	11	832	794	38	위탁관리	개별난방	혼합식	(주)대우건설	우리관리(주)
서울특별시	서대문구	홍은동	A10023562	홍은동일아파트	아파트	서울특별시 서대문구 홍은동 457 홍은동일아파트	서울특별시 서대문구 홍은중앙로 81	분양	19971008	1	101	101	0	위탁관리	개별난방	혼합식	홍은동일아파트	(주)무림하우징
서울특별시	강남구	개포동	A10023565	개포6차우성아파트	아파트	서울특별시 강남구 개포동 658-1 개포6차우성아파트	서울특별시 강남구 언주로 3	분양	19871121	8	270	270	0	자치관리	개별난방	계단식	우성건설	 
서울특별시	성북구	장위동	A10023569	장위지웰에스테이트	도시형 생활주택(아파트)	서울특별시 성북구 장위동 322-22 장위지웰에스테이트	서울특별시 성북구 한천로 660-16	혼합	20220831	3	173	143	30	위탁관리	개별난방	계단식	신영건설	태영건물종합관리 주식회사
서울특별시	종로구	충신동	A10023586	힐스테이트 창경궁	주상복합	서울특별시 종로구 충신동 60- 힐스테이트 창경궁	서울특별시 종로구 율곡로 236	혼합	20220929	1	181	160	21	위탁관리	개별난방	계단식	현대건설	에이제이대원 주식회사
서울특별시	양천구	신정동	A10023593	신정동 보람쉬움아파트	아파트	서울특별시 양천구 신정동 921-11 신정동 보람쉬움아파트	서울특별시 양천구 오목로35길 5	분양	20030110	1	125	125	0	위탁관리	개별난방	계단식	"대경,우양,평화 재건축 주택조합"	(주)공간
서울특별시	구로구	고척동	A10023598	고척아이파크RD	아파트	서울특별시 구로구 고척동 102-1 고척아이파크RD	서울특별시 구로구 중앙로5길 59	임대	20220831	5	746	0	746	위탁관리	개별난방	계단식	HDC현대산업개발	(주)경진관리
서울특별시	송파구	잠실동	A10023599	잠실엘타워	주상복합	서울특별시 송파구 잠실동 208-4 잠실엘타워	서울특별시 송파구 석촌호수로 74	임대	20221013	2	298	0	298	위탁관리	개별난방	복도식	한양산업개발	우리관리(주)
서울특별시	구로구	고척동	A10023604	고척아이파크MD	주상복합	서울특별시 구로구 고척동 100-7 고척아이파크MD	서울특별시 구로구 경인로43길 49	임대	20220831	6	1459	0	1459	위탁관리	개별난방	계단식	현대산업개발	서림주택관리(주)
서울특별시	중랑구	면목동	A10023606	면목1차두산아파트	아파트	서울특별시 중랑구 면목동 1500 면목1차두산아파트	서울특별시 중랑구 사가정로41길 9	분양	19930201	1	122	122	0	자치관리	개별난방	복도식	두산	 
서울특별시	송파구	송파동	A10023610	송파kcc아파트	아파트	서울특별시 송파구 송파동 164 송파kcc아파트	서울특별시 송파구 송이로 27-1	분양	20030828	1	106	106	0	위탁관리	개별난방	혼합식	(주)금강종합건설	대한종합개발(주)
서울특별시	동대문구	용두동	A10023633	래미안 엘리니티	아파트	서울특별시 동대문구 용두동 753-9 래미안 엘리니티	서울특별시 동대문구 한빛로 49	혼합	20220830	16	1048	869	179	위탁관리	개별난방	계단식	삼성물산(주)	남경종합관리(주)
서울특별시	관악구	신림동	A10023661	힐스테이트뉴포레	아파트	서울특별시 관악구 신림동 1644 힐스테이트뉴포레	서울특별시 관악구 조원로 25	혼합	20220829	7	1143	878	265	위탁관리	개별난방	계단식	현대엔지니어링	대성티엠씨 주식회사
서울특별시	마포구	망원동	A10023665	우림 루미아트	아파트	"서울특별시 마포구 망원동 498,서울특별시 마포구 망원동 498 우림 루미아트"		분양	20030321	1	119	119	0	위탁관리	개별난방	계단식	우림건설	태림주택종합관리(주)
서울특별시	성북구	보문동1가	A10023669	보문리슈빌하우트	아파트	서울특별시 성북구 보문동1가 228 보문리슈빌하우트	서울특별시 성북구 보문로26길 17	혼합	20220330	8	465	395	70	위탁관리	개별난방	혼합식	계룡건설	세화종합관리(주)
서울특별시	강동구	천호동	A10023670	천호역한강청년주택	아파트	서울특별시 강동구 천호동 458-3 천호역한강청년주택	서울특별시 강동구 천호대로 989	임대	20210820	1	223	0	223	위탁관리	중앙난방	복도식	케이알산업	건은
서울특별시	서초구	잠원동	A10023673	반포 르엘 아파트	아파트	서울특별시 서초구 잠원동 74-1 반포 르엘 아파트	서울특별시 서초구 신반포로23길 23	혼합	20220830	7	596	543	53	위탁관리	지역난방	계단식	롯데건설	신한영관리(주)
서울특별시	서초구	서초동	A10023694	엠쉐르빌	주상복합	"서울특별시 서초구 서초동 1316-31,서울특별시 서초구 서초동 1316-31 엠쉐르빌"		분양	20010731	1	125	125	0	위탁관리	개별난방	복도식	삼성중공업	(주)세안텍스
서울특별시	강동구	천호동	A10023695	힐데스하임천호아파트	주상복합	서울특별시 강동구 천호동 437-5 힐데스하임천호아파트	서울특별시 강동구 올림픽로78길 30	혼합	20230511	2	188	156	32	위탁관리	지역난방	계단식	(주)원건설	서림주택관리(주)
서울특별시	서대문구	남가좌동	A10023709	DMC금호리첸시아	주상복합	서울특별시 서대문구 남가좌동 286-1 DMC금호리첸시아	서울특별시 서대문구 수색로2길 39	분양	20240125	5	450	450	0	위탁관리	지역난방	계단식	금호건설	세화종합관리(주)
서울특별시	영등포구	신길동	A10023715	더샵파크프레스티지	아파트	서울특별시 영등포구 신길동 145-40 더샵파크프레스티지	서울특별시 영등포구 가마산로79길 37	혼합	20221125	9	799	649	150	위탁관리	개별난방	혼합식	포스코건설	(주)케이티팝스
서울특별시	도봉구	쌍문동	A10023732	에드가 쌍문 청년주택	아파트	서울특별시 도봉구 쌍문동 507-1 에드가 쌍문 청년주택	서울특별시 도봉구 삼양로 602	임대	20220513	1	253	0	253	위탁관리	개별난방	복도식	(주)세정건설	(주)한울엠에스아이
서울특별시	은평구	구산동	A10023734	구산주택	주상복합	서울특별시 은평구 구산동 198-3 구산주택	서울특별시 은평구 서오릉로 165	임대	20220518	1	238	0	238	위탁관리	개별난방	복도식	(주)서해종합건설	선우안심주택관리 주식회사
서울특별시	은평구	증산동	A10023737	DMC자이2단지아파트	주상복합	"서울특별시 은평구 증산동 223-28,서울특별시 은평구 증산동 223-28 DMC자이2단지아파트"		분양	20090924	2	115	115	0	자치관리	개별난방	기타	GS건설(주)	 
서울특별시	마포구	망원동	A10023755	마포한강 J-SKY아파트	아파트	"서울특별시 마포구 망원동 522,서울특별시 마포구 망원동 522 마포한강 J-SKY아파트"		분양	20190910	2	149	149	0	위탁관리	개별난방	혼합식	제이앤이건설(주)	국제경보산업(주)
서울특별시	중구	중림동	A10023788	더플레이스충정로	도시형 생활주택(아파트)	서울특별시 중구 중림동 1154 더플레이스충정로	서울특별시 중구 중림로 21	임대	20120524	1	277	0	277	위탁관리	개별난방	복도식	(주)cj건설	(주)미래에이비엠
서울특별시	용산구	원효로1가	A10023798	용산원효루미니	아파트	서울특별시 용산구 원효로1가 134 용산원효루미니	서울특별시 용산구 원효로97길 15	임대	20220428	1	752	0	752	위탁관리	개별난방	복도식	롯데건설(주).서울주택도시공사	동우씨엠(주) 서울지점
서울특별시	중랑구	묵동	A10023815	로프트원 태릉입구역	도시형 생활주택(주상복합)	서울특별시 중랑구 묵동 169-12 로프트원 태릉입구역	서울특별시 중랑구 동일로 952	임대	20200108	1	249	0	249	위탁관리	개별난방+기타	복도식	파인건설(주)	우리관리(주)
서울특별시	중랑구	망우동	A10023816	LH서울양원1단지	아파트	서울특별시 중랑구 망우동 608 LH서울양원1단지	서울특별시 중랑구 양원역로 92	임대	20220124	4	1216	0	1216	위탁관리	지역난방	복도식	대보건설	남부건업(주)
서울특별시	강남구	역삼동	A10023825	강남센트럴아이파크	아파트	서울특별시 강남구 역삼동 712-1 강남센트럴아이파크	서울특별시 강남구 테헤란로44길 26	혼합	20220428	5	499	455	44	위탁관리	지역난방	계단식	현대산업개발	우리관리(주)
서울특별시	강북구	미아동	A10023829	꿈의숲한신더휴아파트	아파트	서울특별시 강북구 미아동 1371 꿈의숲한신더휴아파트	서울특별시 강북구 오패산로 202	분양	20220428	6	203	203	0	위탁관리	개별난방	계단식	한신공영	광인에스테이트서비스 주식회사
서울특별시	중랑구	묵동	A10023834	칼튼테라스	주상복합	서울특별시 중랑구 묵동 176-39 칼튼테라스	서울특별시 중랑구 공릉로2길 8-4	임대	20211101	1	235	0	235	위탁관리	개별난방	복도식	파인건설	우리관리(주)
서울특별시	중랑구	면목동	A10023835	중랑지웰에스테이트	주상복합	서울특별시 중랑구 면목동 538 중랑지웰에스테이트	서울특별시 중랑구 면목로69길 16	분양	20131015	2	157	157	0	위탁관리	개별난방	복도식	신영건설	주식회사 씨엠관리
서울특별시	강동구	상일동	A10023855	강동리엔파크13단지아파트	아파트	서울특별시 강동구 상일동 33 강동리엔파크13단지아파트	서울특별시 강동구 고덕로98길 161	임대	20220415	10	675	0	675	위탁관리	지역난방	혼합식	KR산업	(주)미래에이비엠
서울특별시	용산구	효창동	A10023858	용산데시앙포레아파트	아파트	서울특별시 용산구 효창동 288 용산데시앙포레아파트	서울특별시 용산구 효창원로 227	혼합	20220328	7	384	326	58	위탁관리	개별난방	혼합식	태영건설	우리관리(주)
서울특별시	동작구	대방동	A10023859	대방동신일해피트리 아파트	아파트	"서울특별시 동작구 대방동 510,서울특별시 동작구 대방동 510 대방동신일해피트리 아파트"		분양	20051125	2	130	130	0	위탁관리	개별난방	계단식	신일건설주식회사	(주)무림하우징
서울특별시	은평구	증산동	A10023875	DMC센트럴자이	아파트	"서울특별시 은평구 증산동 258,서울특별시 은평구 증산동 260,서울특별시 은평구 증산동 259 DMC센트럴자이"	서울특별시 은평구 수색로 200	혼합	20230112	13	1256	1092	164	위탁관리	개별난방	혼합식	GS건설	우리관리(주)
서울특별시	양천구	신정동	A10023886	호반써밋목동아파트	아파트	서울특별시 양천구 신정동 1327 호반써밋목동아파트	서울특별시 양천구 중앙로29길 11	혼합	20221213	7	407	336	71	위탁관리(직영+위탁)	개별난방	계단식	호반건설(주)	(주)무림하우징
서울특별시	송파구	거여동	A10023887	송파 시그니처 롯데캐슬아파트	아파트	"서울특별시 송파구 거여동 697-,서울특별시 송파구 거여동 697 송파 시그니처 롯데캐슬아파트"	서울특별시 송파구 거마로 56	혼합	20211231	17	1945	1577	368	위탁관리	지역난방	혼합식	(주)롯데건설	대원에스테이트서비스(주)
서울특별시	동대문구	답십리동	A10023891	청계푸르지오시티	주상복합	서울특별시 동대문구 답십리동 497-23 청계푸르지오시티	서울특별시 동대문구 천호대로 257	분양	20150217	1	298	298	0	위탁관리	개별난방	복도식	대우건설(주)	서일개발(주)
서울특별시	송파구	장지동	A10023897	위례중앙푸르지오아파트	주상복합	"서울특별시 송파구 장지동 897,서울특별시 송파구 장지동 896 위례중앙푸르지오아파트"	서울특별시 송파구 위례광장로 120	분양	20161223	4	311	311	0	위탁관리	지역난방	계단식	대우푸르지오	(주)케이엠산업
서울특별시	동작구	동작동	A10023898	이수스위첸포레힐즈아파트	아파트	서울특별시 동작구 동작동 102 이수스위첸포레힐즈아파트	서울특별시 동작구 동작대로45길 10	분양	20220228	7	366	366	0	위탁관리	개별난방	계단식	KCC건설	대원에스테이트서비스(주)
서울특별시	중랑구	중화동	A10023899	범양프레체	아파트	"서울특별시 중랑구 중화동 208-4,서울특별시 중랑구 중화동 208-4 범양프레체"		분양	20120911	1	144	144	0	위탁관리	개별난방	복도식	한사랑농촌문화재단	서일개발(주)
서울특별시	도봉구	쌍문동	A10023914	인히어쌍문아파트	도시형 생활주택(아파트)	서울특별시 도봉구 쌍문동 103-6 인히어쌍문아파트	서울특별시 도봉구 도봉로 445	임대	20220208	1	288	0	288	위탁관리	개별난방	복도식	반도건설	 
서울특별시	송파구	거여동	A10023922	송파레이크파크 호반 써밋2	아파트	서울특별시 송파구 거여동 607 송파레이크파크 호반 써밋2	서울특별시 송파구 위례송파로 80	분양	20220128	11	700	700	0	위탁관리	지역난방	계단식	호반건설( 주)	우리관리(주)
서울특별시	성북구	길음동	A10023926	롯데캐슬클라시아	아파트	서울특별시 성북구 길음동 1289 롯데캐슬클라시아	서울특별시 성북구 숭인로8길 80	혼합	20220127	19	2029	1678	351	위탁관리	개별난방	혼합식	롯데건설	(주)타워피엠씨
서울특별시	송파구	거여동	A10023927	송파레이크파크호반써밋1차	아파트	서울특별시 송파구 거여동 597 송파레이크파크호반써밋1차	서울특별시 송파구 위례송파로 40	분양	20220128	10	689	689	0	위탁관리	지역난방	계단식	호반산업(주)	우리관리(주)
서울특별시	강서구	등촌동	A10023934	엘크루발산아파트	주상복합	서울특별시 강서구 등촌동 671-1 엘크루발산아파트	서울특별시 강서구 강서로56길 44	임대	20220110	1	252	0	252	위탁관리	개별난방	복도식	대우조선해양	(주)듀델코리아
서울특별시	강남구	삼성동	A10023939	삼성석탑아파트	아파트	"서울특별시 강남구 삼성동 3-3,서울특별시 강남구 삼성동 3-3 삼성석탑아파트"		분양	19960408	1	139	139	0	위탁관리	개별난방	혼합식	석탑건설	신한영주택관리(주)
서울특별시	양천구	목동	A10023948	어바니엘 염창	주상복합	서울특별시 양천구 목동 514-18 어바니엘 염창	서울특별시 양천구 공항대로 630	임대	20180801	1	184	0	184	위탁관리	개별난방	계단식	(주) 보미건설	동우씨엠(주)
서울특별시	광진구	구의동	A10023951	광진그랜드파크	아파트	서울특별시 광진구 구의동 680 광진그랜드파크	서울특별시 광진구 광나루로 458	분양	20211230	11	730	730	0	위탁관리	개별난방	계단식	디엘이앤씨	(주)케이비아주
서울특별시	중랑구	망우동	A10023952	중랑숲시티프라디움	아파트	서울특별시 중랑구 망우동 620 중랑숲시티프라디움	서울특별시 중랑구 양원역로10길 47	혼합	20220107	4	403	269	134	위탁관리	지역난방	계단식	"(주)시티건설, 삼부토건(주)"	(주)덕우
서울특별시	강북구	수유동	A10023955	에피소드수유838	주상복합	서울특별시 강북구 수유동 740 에피소드수유838	서울특별시 강북구 도봉로 315	임대	20211210	1	558	0	558	위탁관리	개별난방+기타	복도식	태영건설	우리관리(주)
서울특별시	금천구	가산동	A10023956	어바니엘가산	주상복합	서울특별시 금천구 가산동 775 어바니엘가산	서울특별시 금천구 가산디지털1로 222	임대	20171201	1	299	0	299	위탁관리	개별난방	복도식	(주)케이씨씨건설	동우씨엠(주)
서울특별시	서대문구	홍제동	A10023959	홍제역 해링턴플레이스아파트	아파트	서울특별시 서대문구 홍제동 270-1 홍제역 해링턴플레이스아파트	서울특별시 서대문구 세무서8길 30	혼합	20240327	18	1116	948	168	위탁관리	개별난방	계단식	효성중공업(주)	우리관리(주)
서울특별시	동작구	노량진동	A10023966	어바니엘한강	도시형 생활주택(주상복합)	"서울특별시 동작구 노량진동 333-,서울특별시 동작구 노량진동 333 어바니엘한강"	서울특별시 동작구 노량진로 190	임대	20180724	1	207	0	207	위탁관리	개별난방	계단식	(주)이테크건설	동우씨엠(주)
서울특별시	서초구	잠원동	A10023971	신반포20차아파트	아파트	"서울특별시 서초구 잠원동 60-78,서울특별시 서초구 잠원동 60-78 신반포20차아파트"		분양	19831223	1	112	112	0	자치관리	지역난방	계단식	한신공영	 
서울특별시	강동구	천호동	A10023979	어바니엘 천호	도시형 생활주택(아파트)	서울특별시 강동구 천호동 452-22 어바니엘 천호	서울특별시 강동구 천호대로161길 21	임대	20191031	1	182	0	182	위탁관리	개별난방	혼합식	(주)신화종합건설	동우씨엠(주)
서울특별시	노원구	공릉동	A10023990	청년주택 와이엔타워	주상복합	서울특별시 노원구 공릉동 617-3 청년주택 와이엔타워	서울특별시 노원구 동일로 1000	임대	20211202	1	270	0	270	위탁관리	개별난방	복도식	(주)한양산업개발	(주)청우티에스
서울특별시	노원구	공릉동	A10023991	태릉해링턴플레이스	아파트	서울특별시 노원구 공릉동 758 태릉해링턴플레이스	서울특별시 노원구 공릉로34길 86	혼합	20220118	15	1308	1263	45	위탁관리	개별난방	계단식	효성중공업	우리관리(주)
서울특별시	은평구	응암동	A10023994	e편한세상백련산 아파트	아파트	서울특별시 은평구 응암동 771 e편한세상백련산 아파트	서울특별시 은평구 백련산로 112	분양	20220714	8	358	358	0	위탁관리	개별난방	계단식	DL건설	대원에스테이트서비스(주)
서울특별시	강남구	개포동	A10023996	개포더샵트리에	아파트	서울특별시 강남구 개포동 651-1 개포더샵트리에	서울특별시 강남구 개포로 311	분양	20211201	2	232	232	0	위탁관리	지역난방	계단식	포스코	우리관리(주)
서울특별시	중랑구	망우동	A10024008	신내역 힐데스하임아파트	아파트	서울특별시 중랑구 망우동  신내역 힐데스하임아파트	서울특별시 중랑구 봉화산로 301	분양	20211008	3	218	218	0	위탁관리	지역난방	계단식	원건설	제일에스테이트서비스 주식회사
서울특별시	중랑구	망우동	A10024018	양원역 금호어울림포레스트아파트	아파트	서울특별시 중랑구 망우동  양원역 금호어울림포레스트아파트	서울특별시 중랑구 양원역로10길 75	임대	20211130	4	331	0	331	위탁관리	지역난방	계단식	금호건설	우리관리(주)
서울특별시	은평구	불광동	A10024026	셀립은평	아파트	서울특별시 은평구 불광동 272-5 셀립은평	서울특별시 은평구 통일로 742	임대	20210430	1	201	0	201	위탁관리	개별난방	복도식	대림건설주식회사	동원건설산업 주식회사
서울특별시	강북구	미아동	A10024034	수유역푸르지오시티	주상복합	서울특별시 강북구 미아동 160-3 수유역푸르지오시티	서울특별시 강북구 도봉로 290	분양	20141017	1	298	298	0	자치관리	개별난방	계단식	주식회사대우건설	 
서울특별시	동대문구	용두동	A10024042	e편한세상 청계 센트럴포레	아파트	서울특별시 동대문구 용두동 253 e편한세상 청계 센트럴포레	서울특별시 동대문구 무학로 91	혼합	20211125	8	823	654	169	위탁관리	개별난방	혼합식	DL E&C	대원에스테이트서비스(주)
서울특별시	성북구	정릉동	A10024056	정릉피오레		"서울특별시 성북구 정릉동 1024,서울특별시 성북구 정릉동 1024 정릉피오레"		분양	20041130	2	127	127	0	위탁관리	개별난방	계단식	대주건설	주식회사 한빛종합관리
서울특별시	동대문구	휘경동	A10024082	이문휘경지웰에스테이트아파트	주상복합	서울특별시 동대문구 휘경동 377 이문휘경지웰에스테이트아파트	서울특별시 동대문구 외대역동로 63-12	분양	20210827	2	313	313	0	위탁관리	개별난방	혼합식	(주)신영건설	(주)크라운종합관리
서울특별시	송파구	거여동	A10024085	송파위례리슈빌	아파트	서울특별시 송파구 거여동 654 송파위례리슈빌	서울특별시 송파구 위례송파로 124	분양	20211012	8	494	494	0	위탁관리	지역난방	계단식	계룡건설산업(주)	우리관리(주)
서울특별시	은평구	수색동	A10024086	DMC SK VIEW	아파트	서울특별시 은평구 수색동 30 DMC SK VIEW	서울특별시 은평구 수색로 216	혼합	20230824	6	644	517	127	위탁관리	개별난방	계단식	에스케이건설(주)	우리관리(주)
서울특별시	동작구	신대방동	A10024098	보라매자이 더 포레스트	주상복합	"서울특별시 동작구 신대방동 724-,서울특별시 동작구 신대방동 724 보라매자이 더 포레스트"	서울특별시 동작구 여의대방로22길 121	혼합	20211029	8	959	701	258	위탁관리	개별난방	혼합식	GS건설(주)	우리관리(주)
서울특별시	강남구	대치동	A10024102	대치르엘	아파트	"서울특별시 강남구 대치동 1030-,서울특별시 강남구 대치동 977 대치르엘"	서울특별시 강남구 도곡로93길 23	혼합	20210917	6	273	251	22	위탁관리	개별난방	계단식	롯데건설	세화종합관리(주)
서울특별시	은평구	진관동	A10024123	은평뉴타운폭포동4단지제4관리아파트	아파트	서울특별시 은평구 진관동 135 은평뉴타운폭포동4단지제4관리아파트	서울특별시 은평구 연서로44길 55	분양	20100614	3	125	125	0	위탁관리	지역난방	계단식	현대건설	우리관리(주)
서울특별시	은평구	갈현동	A10024128	현재트윈빌아파트	아파트	서울특별시 은평구 갈현동 542-1 현재트윈빌아파트	서울특별시 은평구 서오릉로20길 5-10	분양	20000421	2	110	110	0	자치관리	개별난방	계단식	현재건설	 
서울특별시	강남구	삼성동	A10024131	래미안 라클래시	아파트	서울특별시 강남구 삼성동 19-4 래미안 라클래시	서울특별시 강남구 삼성로 651	혼합	20210917	7	679	598	81	위탁관리	지역난방	계단식	삼성물산	(주)타워피엠씨
서울특별시	광진구	자양동	A10024132	자양호반써밋아파트	주상복합	서울특별시 광진구 자양동 861 자양호반써밋아파트	서울특별시 광진구 능동로 69	분양	20210830	2	305	305	0	위탁관리	개별난방	계단식	호반건설	신한영관리(주)
서울특별시	강동구	천호동	A10024134	브라운스톤 암사아파트	아파트	서울특별시 강동구 천호동 288-29 브라운스톤 암사아파트		분양	20051028	2	125	125	0	위탁관리	개별난방	계단식	이수건설	광인산업(주)
서울특별시	강서구	화곡동	A10024145	우장산역 해링턴타워	주상복합	서울특별시 강서구 화곡동 1170 우장산역 해링턴타워	서울특별시 강서구 강서로 231	임대	20210903	2	429	0	429	위탁관리	개별난방	복도식	효성중공업(주)	선우안심주택관리 주식회사
서울특별시	마포구	망원동	A10024150	망원성원2차아파트	아파트	"서울특별시 마포구 망원동 489,서울특별시 마포구 망원동 489 망원성원2차아파트"		분양	19991229	1	134	134	0	위탁관리	개별난방	혼합식	성원건설	아산종합관리(주)
서울특별시	송파구	거여동	A10024152	포레나송파	아파트	서울특별시 송파구 거여동 651 포레나송파	서울특별시 송파구 위례송파로 123	분양	20210806	18	1282	1282	0	위탁관리	지역난방	계단식	한화건설외	(주)케이비아주
서울특별시	서초구	서초동	A10024156	서초꽃마을주얼리	아파트	"서울특별시 서초구 서초동 1502-12,서울특별시 서초구 서초동 1502-12 서초꽃마을주얼리"	서울특별시 서초구 반포대로27길 13	임대	20210323	1	280	0	280	위탁관리	개별난방	복도식	한양산업개발	우리관리(주)
서울특별시	서초구	방배동	A10024171	방배그랑자이아파트	아파트	서울특별시 서초구 방배동 1028-1 방배그랑자이아파트	서울특별시 서초구 방배로 21	혼합	20210723	8	758	725	33	위탁관리	지역난방	계단식	GS건설주식회사	(주)케이비아주
서울특별시	송파구	문정동	A10024172	문정현대아파트	아파트	서울특별시 송파구 문정동 62-5 문정현대아파트	서울특별시 송파구 송파대로20길 28	분양	19930928	1	120	120	0	위탁관리	개별난방	혼합식	현대건설(주)	(주)무림하우징
서울특별시	강남구	청담동	A10024186	청담우방아파트	아파트	"서울특별시 강남구 청담동 43,서울특별시 강남구 청담동 43 청담우방아파트"		분양	19991029	1	100	100	0	자치관리	지역난방	계단식	(주)우방	 
서울특별시	송파구	거여동	A10024197	송파레이크힐아파트	아파트	서울특별시 송파구 거여동 606 송파레이크힐아파트	서울특별시 송파구 위례송파로 89	분양	20210810	5	394	394	0	위탁관리	지역난방	계단식	진흥기업	우리관리(주)
서울특별시	중랑구	망우동	A10024214	신내역 금강펜테리움 센트럴파크아파트	아파트	서울특별시 중랑구 망우동 26 신내역 금강펜테리움 센트럴파크아파트	서울특별시 중랑구 용마산로136길 160	분양	20210729	5	490	490	0	위탁관리	지역난방	계단식	금강주택	율산개발 유한회사
서울특별시	강남구	일원동	A10024216	디에이치 자이 개포	아파트	서울특별시 강남구 일원동 611-1 디에이치 자이 개포	서울특별시 강남구 영동대로 22	혼합	20210730	15	1996	1690	306	위탁관리	지역난방	계단식	"현대건설, 현대엔지니어링, GS건설"	우리관리(주)
서울특별시	성북구	정릉동	A10024237	청신호 행복주택 정릉하늘마루	아파트	서울특별시 성북구 정릉동 1054 청신호 행복주택 정릉하늘마루	서울특별시 성북구 정릉로10가길 6-31	임대	20200326	3	166	0	166	위탁관리	개별난방	복도식	대흥토건	(주)케이엠산업
서울특별시	서초구	서초동	A10024240	서초그랑자이	아파트	서울특별시 서초구 서초동 1335 서초그랑자이	서울특별시 서초구 효령로 391	혼합	20210629	9	1446	1307	139	위탁관리	지역난방	혼합식	지에스건설(주)	(주)타워피엠씨
서울특별시	동대문구	휘경동	A10024244	서울휘경행복주택	아파트	서울특별시 동대문구 휘경동 376 서울휘경행복주택	서울특별시 동대문구 장안벚꽃로 317	임대	20210614	1	200	0	200	위탁관리	개별난방	복도식	서한건설	신서림에스앤에스(주)
서울특별시	동작구	사당동	A10024245	이수푸르지오더프레티움	아파트	서울특별시 동작구 사당동 42 이수푸르지오더프레티움	서울특별시 동작구 동작대로39길 39	혼합	20210629	11	514	507	7	위탁관리	개별난방	계단식	대우건설	우리관리(주)
서울특별시	서초구	반포동	A10024254	디에이치반포라클라스	아파트	서울특별시 서초구 반포동 1343 디에이치반포라클라스	서울특별시 서초구 서초중앙로 206	혼합	20210604	6	848	720	128	위탁관리	지역난방	계단식	현대건설	(주)타워피엠씨
서울특별시	강남구	일원동	A10024258	디에이치포레센트아파트	아파트	서울특별시 강남구 일원동 690-1 디에이치포레센트아파트	서울특별시 강남구 개포로110길 38	혼합	20210122	4	184	11	173	위탁관리	지역난방	계단식	현대건설	우리관리(주)
서울특별시	금천구	독산동	A10024302	독산역 롯데캐슬아파트	아파트	서울특별시 금천구 독산동 1160 독산역 롯데캐슬아파트	서울특별시 금천구 벚꽃로 100	임대	20210429	8	927	0	927	위탁관리	개별난방+기타	계단식	롯데건설	우리관리(주)
서울특별시	은평구	응암동	A10024313	힐스테이트녹번역아파트	아파트	서울특별시 은평구 응암동 770 힐스테이트녹번역아파트	서울특별시 은평구 은평로 240	혼합	20221020	11	879	747	132	위탁관리	개별난방	계단식	현대건설	광인에스테이트서비스 주식회사
서울특별시	영등포구	양평동1가	A10024316	영등포 중흥S-클래스	주상복합	서울특별시 영등포구 양평동1가 247 영등포 중흥S-클래스	서울특별시 영등포구 선유서로24길 6	분양	20210329	2	308	308	0	위탁관리	개별난방	계단식	중흥건설(주)	주식회사 한빛종합관리
서울특별시	서초구	방배동	A10024322	삼호한숲아파트	아파트	서울특별시 서초구 방배동 1030-1 삼호한숲아파트	서울특별시 서초구 방배로3길 10-3	분양	19981017	1	116	116	0	위탁관리	개별난방	혼합식	(주)삼호	 
서울특별시	중구	오장동	A10024327	오렌지카운티 을지로	도시형 생활주택(주상복합)	서울특별시 중구 오장동 145-1 오렌지카운티 을지로	서울특별시 중구 동호로33길 15	분양	20200820	1	157	157	0	자치관리	개별난방	복도식	(주)오렌지이앤씨	 
서울특별시	용산구	한강로2가	A10024333	용산 베르디움 프렌즈	주상복합	서울특별시 용산구 한강로2가 426 용산 베르디움 프렌즈	서울특별시 용산구 백범로99길 40	임대	20210305	2	1086	0	1086	위탁관리	개별난방	복도식	(주)호반건설	(주)신대한관리
서울특별시	마포구	신공덕동	A10024334	마포KCC웰츠타워	주상복합	서울특별시 마포구 신공덕동 171 마포KCC웰츠타워	서울특별시 마포구 백범로 202	분양	20110526	2	122	122	0	위탁관리	개별난방	기타	KCC건설	한국주택시설관리(주)
서울특별시	마포구	염리동	A10024347	마포프레스티지자이아파트	아파트	서울특별시 마포구 염리동 507 마포프레스티지자이아파트	서울특별시 마포구 대흥로24길 24	혼합	20211230	18	1694	1399	295	위탁관리	개별난방	계단식	GS건설	제일에스테이트서비스 주식회사
서울특별시	강서구	염창동	A10024353	염창현대아이파크아파트		서울특별시 강서구 염창동 282-19 염창현대아이파크아파트	서울특별시 강서구 공항대로 637	분양	20050722	1	136	136	0	위탁관리	개별난방	계단식	아이씨건설	광인산업(주)
서울특별시	양천구	목동	A10024355	목동세종그랑시아 아파트	아파트	서울특별시 양천구 목동 722-5 목동세종그랑시아 아파트	서울특별시 양천구 목동중앙남로3가길 59	분양	20030517	3	106	106	0	위탁관리	개별난방	계단식	세종건설	한국주택시설관리(주)
서울특별시	중구	정동	A10024359	삼정아트테라스정동	주상복합	서울특별시 중구 정동 37 삼정아트테라스정동	서울특별시 중구 서소문로 89-20	분양	20201221	1	168	168	0	위탁관리	개별난방	복도식	삼정기업	(주)대호안전관리공사
서울특별시	동작구	상도동	A10024365	상도역롯데캐슬파크엘	아파트	서울특별시 동작구 상도동 904 상도역롯데캐슬파크엘	서울특별시 동작구 양녕로 220	분양	20210218	13	950	950	0	위탁관리	개별난방	계단식	롯데건설	에이제이대원 주식회사
서울특별시	중랑구	면목동	A10024366	면목풍림아파트	아파트	서울특별시 중랑구 면목동 1514 면목풍림아파트	서울특별시 중랑구 망우로26길 43	분양	19970123	1	132	132	0	위탁관리	개별난방	혼합식	풍림건설	주식회사 동우개발
서울특별시	강서구	가양동	A10024367	가양동 강나루 2차현대아파트	아파트	서울특별시 강서구 가양동 448 가양동 강나루 2차현대아파트	서울특별시 강서구 양천로 497	분양	20010829	2	114	114	0	위탁관리	개별난방	혼합식	고려산업개발(주)	(주)대한주택개발
서울특별시	강서구	화곡동	A10024391	태영방송인아파트	아파트	서울특별시 강서구 화곡동 1140 태영방송인아파트	서울특별시 강서구 등촌로13자길 74	분양	20000929	3	148	148	0	위탁관리	개별난방	혼합식	거산건설	(주)이오티앤디
서울특별시	양천구	신정동	A10024398	래미안 목동아델리체	아파트	"서울특별시 양천구 신정동 1326-1,서울특별시 양천구 신정동 1326 래미안 목동아델리체"	서울특별시 양천구 중앙로43길 14	혼합	20210128	23	1497	1231	266	위탁관리	지역난방	혼합식	삼성물산(주)	(주)타워피엠씨
서울특별시	마포구	공덕동	A10024408	공덕SK리더스뷰 1단지	주상복합	서울특별시 마포구 공덕동 479 공덕SK리더스뷰 1단지	서울특별시 마포구 백범로31길 7	혼합	20211118	3	298	290	8	위탁관리	개별난방	계단식	sk건설	광인산업(주)
서울특별시	강동구	강일동	A10024410	강동리엔파크9단지아파트	아파트	서울특별시 강동구 강일동 22-36 강동리엔파크9단지아파트	서울특별시 강동구 고덕로98길 29	임대	20210223	2	366	0	366	위탁관리	지역난방	혼합식	대림건설	(주)다보산업관리
서울특별시	강동구	상일동	A10024412	강동리엔파크 14단지 아파트	아파트	서울특별시 강동구 상일동 28 강동리엔파크 14단지 아파트	서울특별시 강동구 고덕로98길 160	혼합	20210210	9	943	411	532	위탁관리	지역난방	혼합식	대우조선해양건설(주)	대성티엠씨 주식회사
서울특별시	강동구	상일동	A10024420	강동리엔파크11단지	아파트	서울특별시 강동구 상일동 36-3 강동리엔파크11단지	서울특별시 강동구 고덕로98길 101	임대	20210215	3	600	0	600	위탁관리	지역난방	복도식	신동아건설	(주)대한주택개발
서울특별시	강동구	강일동	A10024421	강동 리버스트 7단지 아파트	아파트	서울특별시 강동구 강일동 91 강동 리버스트 7단지 아파트	서울특별시 강동구 아리수로93가길 70	임대	20210223	2	1025	0	1025	위탁관리	지역난방	혼합식	화성산업(주)	대한종합개발(주)
서울특별시	강동구	강일동	A10024422	강동리버스트6단지	아파트	서울특별시 강동구 강일동 215 강동리버스트6단지	서울특별시 강동구 아리수로93가길 77	임대	20210223	15	1244	0	1244	위탁관리	지역난방	혼합식	sh	에스더블유엠(주)
서울특별시	마포구	창전동	A10024425	이랜드PEER 신촌 청년주택	아파트	서울특별시 마포구 창전동 19-8 이랜드PEER 신촌 청년주택	서울특별시 마포구 서강로 75-16	임대	20210111	2	589	0	589	위탁관리	개별난방	복도식	이랜드건설(주)	주식회사 이랜드서비스
서울특별시	강서구	마곡동	A10024426	마곡엠밸리9단지	아파트	서울특별시 강서구 마곡동 744 마곡엠밸리9단지	서울특별시 강서구 공항대로 103	혼합	20210215	19	1529	962	567	위탁관리	지역난방	혼합식	한신공영	우리관리(주)
서울특별시	서대문구	북가좌동	A10024428	북가좌 신일해피트리아파트	아파트	서울특별시 서대문구 북가좌동 455 북가좌 신일해피트리아파트	서울특별시 서대문구 수색로 147-1	분양	20051031	2	111	111	0	자치관리	개별난방	계단식	(주)신일건설	 
서울특별시	노원구	상계동	A10024434	상록수아파트	아파트	"서울특별시 노원구 상계동 1296,서울특별시 노원구 상계동 1297 상록수아파트"	서울특별시 노원구 동일로239나길 31	분양	20020528	3	115	115	0	위탁관리	개별난방	계단식	영동건설	(주)동우개발
서울특별시	강서구	염창동	A10024436	센터스퀘어등촌	주상복합	서울특별시 강서구 염창동 274-17 센터스퀘어등촌	서울특별시 강서구 공항대로 543	임대	20201230	1	500	0	500	위탁관리	개별난방	복도식	(주)신라종합건설	우리자산관리(주)
서울특별시	강동구	강일동	A10024440	강동리버스트 8단지	아파트	서울특별시 강동구 강일동 66 강동리버스트 8단지	서울특별시 강동구 아리수로93나길 88	혼합	20210210	12	946	526	420	위탁관리	지역난방	혼합식	sh서울도시공사	우리관리(주)
서울특별시	중랑구	면목동	A10024443	쌍용더플래티넘용마산	아파트	서울특별시 중랑구 면목동 1548 쌍용더플래티넘용마산	서울특별시 중랑구 용마산로 209	분양	20201214	5	245	245	0	위탁관리	개별난방	계단식	쌍용건설	(주)케이비아주
서울특별시	강남구	논현동	A10024457	논현두산2차아파트	아파트	서울특별시 강남구 논현동 258 논현두산2차아파트	서울특별시 강남구 언주로122길 25	분양	20040630	2	136	136	0	위탁관리	개별난방	계단식	두산산업개발(주)	주식회사 씨엠관리
서울특별시	도봉구	방학동	A10024463	방학지음재힐스	주상복합	서울특별시 도봉구 방학동 717-2 방학지음재힐스	서울특별시 도봉구 도봉로150다길 28	분양	20180112	1	187	187	0	위탁관리	개별난방	복도식	(주)도시공감	 
서울특별시	성동구	행당동	A10024464	지웰홈스 왕십리	다세대	서울특별시 성동구 행당동 387 지웰홈스 왕십리	서울특별시 성동구 고산자로14길 26	임대	20200831	1	299	0	299	위탁관리	개별난방	복도식	신영건설	주식회사 에스엘플랫폼
서울특별시	강동구	강일동	A10024468	강동리버스트4단지	아파트	서울특별시 강동구 강일동 114 강동리버스트4단지	서울특별시 강동구 아리수로93가길 110	혼합	20200828	10	1239	642	597	위탁관리	지역난방	혼합식	두산건설	대원에스테이트서비스(주)
서울특별시	영등포구	신길동	A10024470	신길파크자이	아파트	서울특별시 영등포구 신길동 3163 신길파크자이	서울특별시 영등포구 신길로28길 25	혼합	20220217	6	641	522	119	위탁관리	개별난방	혼합식	GS건설	(주)아주관리
서울특별시	강동구	상일동	A10024473	고덕자이 아파트	아파트	서울특별시 강동구 상일동 124 고덕자이 아파트	서울특별시 강동구 상일로 55	분양	20210107	19	1824	1824	0	위탁관리	지역난방	계단식	GS건설	제일에스테이트서비스 주식회사
서울특별시	성북구	장위동	A10024488	꿈의숲아이파크아파트	아파트	서울특별시 성북구 장위동 189-3 꿈의숲아이파크아파트	서울특별시 성북구 돌곶이로40길 46	혼합	20220713	19	1711	1416	295	위탁관리	개별난방	계단식	현대산업개발	주식회사 동우개발
서울특별시	영등포구	영등포동1가	A10024490	여의도더리브스타일	주상복합	서울특별시 영등포구 영등포동1가 94-2 여의도더리브스타일	서울특별시 영등포구 경인로 900	분양	20200723	1	185	185	0	위탁관리	개별난방	복도식	SGC이테크건설	(주)크라운종합관리
서울특별시	송파구	거여동	A10024492	위례포레샤인13단지아파트	아파트	서울특별시 송파구 거여동 599 위례포레샤인13단지아파트	서울특별시 송파구 위례서이로 25	임대	20201222	8	560	0	560	위탁관리	지역난방	복도식	계룡건설외	(주)두온종합관리
서울특별시	영등포구	문래동6가	A10024495	e편한세상 문래 에듀플라츠	아파트	서울특별시 영등포구 문래동6가 36 e편한세상 문래 에듀플라츠	서울특별시 영등포구 선유서로 50	혼합	20200924	4	263	230	33	위탁관리	개별난방	계단식	대림건설(주)	광인에스테이트서비스 주식회사
서울특별시	강남구	논현동	A10024501	논현 기린힐스	아파트	서울특별시 강남구 논현동 130-9 논현 기린힐스	서울특별시 강남구 논현로 661	임대	20201030	1	249	0	249	위탁관리	개별난방	복도식	대림건설	에셋테크(주)
서울특별시	성동구	성수동1가	A10024503	아크로 서울포레스트	주상복합	서울특별시 성동구 성수동1가 685-700 아크로 서울포레스트	서울특별시 성동구 왕십리로 83-21	분양	20201112	2	280	280	0	위탁관리	중앙난방	계단식	대림산업(주)	(주)타워피엠씨
서울특별시	강서구	방화동	A10024505	신마곡 벽산 블루밍	아파트	"서울특별시 강서구 방화동 904,서울특별시 강서구 방화동 537-5 신마곡 벽산 블루밍"	서울특별시 강서구 양천로10길 38	혼합	20201126	5	298	173	125	위탁관리	지역난방	혼합식	벽산블루밍	세화종합관리(주)
서울특별시	관악구	봉천동	A10024514	관악위버폴리스	주상복합	서울특별시 관악구 봉천동 859-17 관악위버폴리스	서울특별시 관악구 관악로 195	분양	20100222	1	108	108	0	위탁관리	개별난방	계단식	(주)풍성주택	 
서울특별시	동작구	노량진동	A10024524	더클래식동작	도시형 생활주택(주상복합)	서울특별시 동작구 노량진동 37-1 더클래식동작	서울특별시 동작구 노량진로8길 55	임대	20201117	1	272	0	272	위탁관리	개별난방	복도식	강남건영	(주)세안텍스
서울특별시	서대문구	홍은동	A10024532	북한산두산위브2차	아파트	서울특별시 서대문구 홍은동 468 북한산두산위브2차	서울특별시 서대문구 홍은중앙로1길 100	혼합	20210913	4	296	266	30	위탁관리	개별난방	복도식	두산건설(주)	광인에스테이트서비스 주식회사
서울특별시	노원구	상계동	A10024547	포레나노원 아파트	아파트	서울특별시 노원구 상계동 680 포레나노원 아파트	서울특별시 노원구 노원로38길 76	혼합	20201125	13	1062	921	141	위탁관리	개별난방	계단식	주식회사 한화건설	대원에스테이트서비스(주)
서울특별시	서초구	서초동	A10024552	래미안리더스원	아파트	서울특별시 서초구 서초동 1336 래미안리더스원	서울특별시 서초구 서운로 62	혼합	20200925	12	1317	1151	166	위탁관리	지역난방	계단식	삼성물산	(주)타워피엠씨
서울특별시	강동구	고덕동	A10024562	고덕센트럴푸르지오	주상복합	서울특별시 강동구 고덕동 210-1 고덕센트럴푸르지오	서울특별시 강동구 고덕로 399	혼합	20200820	4	656	514	142	위탁관리	지역난방	혼합식	(주)대우건설	우리관리(주)
서울특별시	강남구	개포동	A10024564	개포래미안포레스트	아파트	서울특별시 강남구 개포동 1282 개포래미안포레스트	서울특별시 강남구 개포로 264	혼합	20200928	31	2296	2176	120	위탁관리	지역난방	혼합식	삼성물산(주)	(주)타워피엠씨
서울특별시	영등포구	영등포동7가	A10024567	포레나영등포센트럴아파트	주상복합	"서울특별시 영등포구 영등포동7가 208-,서울특별시 영등포구 영등포동7가 29-1 포레나영등포센트럴아파트"	서울특별시 영등포구 국회대로50길 20	분양	20201026	2	185	185	0	위탁관리	개별난방	계단식	(주)한화건설	(주)아주관리
서울특별시	서초구	서초동	A10024574	서초센트럴아이파크	주상복합	서울특별시 서초구 서초동 1582-3 서초센트럴아이파크	서울특별시 서초구 반포대로18길 36	분양	20200907	2	318	318	0	위탁관리	개별난방	계단식	현대산업개발	우리관리(주)
서울특별시	송파구	거여동	A10024577	위례포레샤인18단지	아파트	서울특별시 송파구 거여동 648 위례포레샤인18단지	서울특별시 송파구 위례북로4길 12	임대	20201028	13	685	0	685	위탁관리	지역난방	계단식	대명건설	(주)오케이시스템
서울특별시	은평구	증산동	A10024581	DMC문영퀸즈파크	아파트	서울특별시 은평구 증산동 254 DMC문영퀸즈파크	서울특별시 은평구 증산로13길 44-5	분양	20040625	1	119	119	0	위탁관리	개별난방	계단식	문영건설	광인산업(주)
서울특별시	마포구	연남동	A10024587	대명비발디아파트	아파트	서울특별시 마포구 연남동 259-1 대명비발디아파트	서울특별시 마포구 동교로39길 11	분양	19951115	1	128	128	0	자치관리	개별난방	혼합식	대명건설	 
서울특별시	영등포구	신길동	A10024615	힐스테이트클래시안아파트	아파트	서울특별시 영등포구 신길동 240-16 힐스테이트클래시안아파트	서울특별시 영등포구 신길로28길 9	혼합	20201229	14	1476	1210	266	위탁관리	개별난방	혼합식	현대건설	우리관리(주)
서울특별시	서대문구	홍제동	A10024620	인왕산어울림 아파트		서울특별시 서대문구 홍제동 467 인왕산어울림 아파트		분양	20060704	2	123	123	0	위탁관리	개별난방	계단식	금호건설	인덕종합관리(주)
서울특별시	관악구	신림동	A10024621	태흥아파트	아파트	서울특별시 관악구 신림동 1698 태흥아파트	서울특별시 관악구 호암로 541	분양	19950327	1	127	127	0	자치관리(직영)	개별난방	복도식	태흥건설(주)	 
서울특별시	관악구	신림동	A10024634	신림서초아파트		서울특별시 관악구 신림동 1724 신림서초아파트	서울특별시 관악구 호암로16길 5	분양	20030902	1	109	109	0	위탁관리	개별난방	계단식	서초건설	(주)현장종합관리
서울특별시	노원구	월계동	A10024636	세양청마루	아파트	서울특별시 노원구 월계동 943 세양청마루	서울특별시 노원구 석계로13길 35	분양	20051027	1	115	115	0	위탁관리	개별난방	계단식	세양건설	(주)아주관리
서울특별시	관악구	봉천동	A10024638	관악월드메르디앙아파트	아파트	서울특별시 관악구 봉천동 1724 관악월드메르디앙아파트	서울특별시 관악구 관악로28길 80	분양	20051202	2	118	118	0	위탁관리	개별난방	계단식	월드건설(주)	영광관리(주)
서울특별시	강남구	청담동	A10024640	청담2차e편한세상아파트	아파트	서울특별시 강남구 청담동 14 청담2차e편한세상아파트	서울특별시 강남구 도산대로70길 25	분양	20060427	3	142	142	0	위탁관리	개별난방	계단식	대림산업	국제경보산업(주)
서울특별시	동작구	사당동	A10024642	사당진흥아파트	아파트	서울특별시 동작구 사당동 1142 사당진흥아파트	서울특별시 동작구 사당로16아길 43	분양	20041229	1	140	140	0	위탁관리	개별난방	혼합식	성동종합건설(주)	주식회사 씨엠관리
서울특별시	서초구	반포동	A10024646	궁전아파트	아파트	서울특별시 서초구 반포동 65-1 궁전아파트	서울특별시 서초구 사평대로 142	분양	19840215	2	108	108	0	자치관리	지역난방	계단식	한신공영(주)	 
서울특별시	성북구	하월곡동	A10024661	월곡갑을명가주상복합아파트	주상복합	서울특별시 성북구 하월곡동 227 월곡갑을명가주상복합아파트	서울특별시 성북구 화랑로11길 26	분양	20070730	2	145	145	0	위탁관리	개별난방	계단식	갑을건설	서일개발(주)
서울특별시	관악구	봉천동	A10024666	서희스타힐스	주상복합	서울특별시 관악구 봉천동 1729 서희스타힐스	서울특별시 관악구 청림3길 10	분양	20150910	1	142	142	0	위탁관리	개별난방	혼합식	주식회사 서희건설	 
서울특별시	광진구	구의동	A10024667	구의세양아파트	아파트	서울특별시 광진구 구의동 658 구의세양아파트	서울특별시 광진구 구의강변로 84	분양	20020123	2	130	130	0	위탁관리	개별난방	계단식	(주)세양건설	보전종합관리
서울특별시	종로구	구기동	A10024669	동익빌라	연립주택	서울특별시 종로구 구기동 40 동익빌라	서울특별시 종로구 홍지문길 64	분양	19961107	9	123	123	0	위탁관리		계단식	(주)동익건설	한국주택관리(주)
서울특별시	용산구	한강로3가	A10024691	용산센트럴파크	주상복합	서울특별시 용산구 한강로3가 63-70 용산센트럴파크	서울특별시 용산구 서빙고로 17	혼합	20200820	5	1140	946	194	위탁관리	지역난방	혼합식	효성	우리관리(주)
서울특별시	성북구	장위동	A10024702	장위우방아파트	아파트	서울특별시 성북구 장위동 312 장위우방아파트	서울특별시 성북구 화랑로 235	분양	20011227	1	147	147	0	위탁관리	개별난방	혼합식	(주)우방	대한종합개발(주)
서울특별시	중랑구	면목동	A10024703	면목 라온 프라이빗 아파트	아파트	서울특별시 중랑구 면목동 1544 면목 라온 프라이빗 아파트	서울특별시 중랑구 동일로91길 23	혼합	20200630	4	453	393	60	위탁관리	개별난방	계단식	라온건설(주)	광인산업(주)
서울특별시	종로구	숭인동	A10024713	숭인상가아파트	주상복합	서울특별시 종로구 숭인동 204-11 숭인상가아파트	서울특별시 종로구 청계천로 391	분양	19791022	1	109	109	0	위탁관리	개별난방	복도식	현대건설	주식회사 동재시스템
서울특별시	서대문구	북아현동	A10024719	힐스테이트신촌	아파트	서울특별시 서대문구 북아현동 1017 힐스테이트신촌	서울특별시 서대문구 이화여대8길 123	혼합	20200804	15	1226	992	234	위탁관리	개별난방	계단식	현대건설주식회사	(주)타워피엠씨
서울특별시	영등포구	대림동	A10024725	e편한세상 영등포 아델포레	아파트	서울특별시 영등포구 대림동 1127 e편한세상 영등포 아델포레	서울특별시 영등포구 신길로 29	혼합	20200728	13	859	804	55	위탁관리	개별난방	계단식	대림산업(주)	(주)무림하우징
서울특별시	중랑구	면목동	A10024741	사가정 센트럴 아이파크 아파트	아파트	서울특별시 중랑구 면목동 1545 사가정 센트럴 아이파크 아파트	서울특별시 중랑구 동일로92길 40	혼합	20200730	11	1505	1342	163	위탁관리	개별난방	혼합식	현대산업개발	세화종합관리(주)
서울특별시	구로구	개봉동	A10024745	개봉역 센트레빌레우스	아파트	"서울특별시 구로구 개봉동 498,서울특별시 구로구 개봉동 497 개봉역 센트레빌레우스"	서울특별시 구로구 경인로 302	임대	20200720	8	1089	0	1089	위탁관리	개별난방	혼합식	"범양건영, 동부건설"	대원에스테이트서비스(주)
서울특별시	관악구	신림동	A10024749	신림2차금호타운	아파트	서울특별시 관악구 신림동 1706 신림2차금호타운	서울특별시 관악구 신림로3가길 7	분양	19980601	1	126	126	0	자치관리(직영)	개별난방	혼합식	금호건설	 
서울특별시	광진구	광장동	A10024751	광장자이아파트	아파트	서울특별시 광진구 광장동 581 광장자이아파트	서울특별시 광진구 광나루로 595	분양	20081202	2	122	122	0	위탁관리	개별난방	계단식	GS건설	대승종합관리(주)
서울특별시	동작구	대방동	A10024752	신한토탈아파트	아파트	서울특별시 동작구 대방동 41 신한토탈아파트	서울특별시 동작구 등용로14길 34	분양	19971117	1	134	134	0	위탁관리	개별난방	복도식	(주) 신한건설	 
서울특별시	중구	순화동	A10024756	순화동포스코더샵	주상복합	서울특별시 중구 순화동 151 순화동포스코더샵	서울특별시 중구 칠패로 27	분양	20070525	2	137	137	0	위탁관리	개별난방	계단식	포스코건설	 
서울특별시	성동구	홍익동	A10024762	청계대주파크빌	아파트	서울특별시 성동구 홍익동 53 청계대주파크빌	서울특별시 성동구 무학로12길 11	분양	20051123	1	101	101	0	위탁관리	개별난방	계단식	대주건설(주)	파인스카이 도시관리
서울특별시	강서구	등촌동	A10024768	아임2030(청년주택)	주상복합	서울특별시 강서구 등촌동 648-5 아임2030(청년주택)	서울특별시 강서구 공항대로59가길 14	임대	20200501	1	285	0	285	위탁관리	개별난방	복도식	(주)대명이십일	(주)신성티엠
서울특별시	노원구	상계동	A10024770	상계 대창센시티	아파트	서울특별시 노원구 상계동 1302 상계 대창센시티	서울특별시 노원구 수락산로 246	분양	20020730	1	117	117	0	위탁관리	개별난방	계단식	대창기업(주) 	(주)무림하우징
서울특별시	은평구	녹번동	A10024774	해주드림빌아파트	아파트	서울특별시 은평구 녹번동 279-1 해주드림빌아파트	서울특별시 은평구 응암로 366	분양	20011114	2	111	111	0	위탁관리	개별난방	계단식	해주개발주식회사	(주)아주관리
서울특별시	동작구	상도동	A10024777	상도동 롯데캐슬 비엔	아파트	서울특별시 동작구 상도동 530 상도동 롯데캐슬 비엔	서울특별시 동작구 양녕로 170	분양	20101230	4	141	141	0	위탁관리(직영+위탁)	개별난방	계단식	롯데건설	(주)한성세영비엔에이
서울특별시	노원구	상계동	A10024778	상계중앙하이츠아파트		서울특별시 노원구 상계동 1068 상계중앙하이츠아파트	서울특별시 노원구 동일로231길 72	분양	19961012	1	142	142	0	위탁관리(직영+위탁)	개별난방	혼합식	중앙건설(주)	인덕종합관리(주)
서울특별시	종로구	평창동	A10024780	금강주택	연립주택	서울특별시 종로구 평창동 170 금강주택	서울특별시 종로구 평창12길 8-22	분양	19920519	6	168	168	0	자치관리	개별난방+기타	계단식	확인 안됨	 
서울특별시	도봉구	창동	A10024782	창동한신아파트	아파트	서울특별시 도봉구 창동 451 창동한신아파트	서울특별시 도봉구 덕릉로60바길 17	분양	19990408	1	121	121	0	위탁관리	개별난방	혼합식	한신공영주식회사	주식회사 동우개발
서울특별시	마포구	서교동	A10024784	서교푸르지오아파트	아파트	서울특별시 마포구 서교동 486 서교푸르지오아파트	서울특별시 마포구 홍익로 10	분양	20041126	1	136	136	0	위탁관리		계단식	대우건설	 
서울특별시	송파구	거여동	A10024787	이편한세상 송파파크센트럴	아파트	서울특별시 송파구 거여동 696 이편한세상 송파파크센트럴	서울특별시 송파구 오금로 551	혼합	20210517	12	1199	972	227	위탁관리	지역난방	혼합식	대림산업(주)	율산개발 유한회사
서울특별시	영등포구	당산동5가	A10024789	당산센트럴아이파크	아파트	서울특별시 영등포구 당산동5가 43 당산센트럴아이파크	서울특별시 영등포구 영신로 247	혼합	20200428	7	802	715	87	위탁관리	개별난방	혼합식	현대산업개발	우리관리(주)
서울특별시	강남구	도곡동	A10024793	매봉삼성아파트	아파트	서울특별시 강남구 도곡동 966 매봉삼성아파트	서울특별시 강남구 언주로 203	분양	19990106	1	132	132	0	위탁관리	개별난방	계단식	삼성중공업	서일개발(주)
서울특별시	강동구	상일동	A10024798	상일우성타운	연립주택	서울특별시 강동구 상일동 174 상일우성타운	서울특별시 강동구 상암로 331	분양	19890504	9	105	105	0	자치관리	개별난방	계단식	우성건설	 
서울특별시	강남구	대치동	A10024799	대치1차현대아파트	아파트	서울특별시 강남구 대치동 992 대치1차현대아파트	서울특별시 강남구 영동대로57길 28	분양	19900419	1	120	120	0	위탁관리	중앙난방	계단식	현대산업개발	 
서울특별시	중구	황학동	A10024801	황학코아루	주상복합	서울특별시 중구 황학동 882 황학코아루	서울특별시 중구 난계로11길 30	분양	20101029	3	112	112	0	위탁관리	개별난방	혼합식	우남건설	(주)무림하우징
서울특별시	양천구	신월동	A10024804	신월해태아파트	아파트	서울특별시 양천구 신월동 514-3 신월해태아파트	서울특별시 양천구 월정로 21	분양	19991207	1	126	126	0	위탁관리	개별난방	혼합식	해태제과	(주)국제안전시스템
서울특별시	강남구	신사동	A10024805	압구정대원칸타빌아파트	아파트	서울특별시 강남구 신사동 659 압구정대원칸타빌아파트	서울특별시 강남구 압구정로48길 15	분양	20010720	2	130	130	0	자치관리(직영)	개별난방	혼합식	(주)대원	 
서울특별시	동작구	사당동	A10024811	남해오네뜨아파트	아파트	서울특별시 동작구 사당동 1143 남해오네뜨아파트	서울특별시 동작구 사당로2가길 173	분양	20021230	1	131	131	0	위탁관리	개별난방	혼합식	남해건설	서림주택관리(주)
서울특별시	노원구	월계동	A10024812	월계우남아파트	아파트	서울특별시 노원구 월계동 930 월계우남아파트	서울특별시 노원구 화랑로 355	분양	20011204	2	138	138	0	위탁관리	개별난방	계단식	우남건설	우리관리(주)
서울특별시	강남구	역삼동	A10024813	롯데캐슬노블	아파트	서울특별시 강남구 역삼동 835-68 롯데캐슬노블	서울특별시 강남구 도곡로13길 19	분양	20070226	2	117	117	0	위탁관리	개별난방	계단식	롯데건설	 
서울특별시	강남구	신사동	A10024814	로데오현대아파트	주상복합	서울특별시 강남구 신사동 658 로데오현대아파트	서울특별시 강남구 압구정로50길 28	분양	19981116	1	139	139	0	자치관리	지역난방	혼합식	고려산업개발(주)	 
서울특별시	강남구	대치동	A10024815	롯데캐슬리베아파트	아파트	서울특별시 강남구 대치동 1025 롯데캐슬리베아파트	서울특별시 강남구 도곡로 404	분양	20080222	2	144	144	0	위탁관리	지역난방	계단식	롯데건설	(주)현대개발
서울특별시	강남구	삼성동	A10024819	삼성동한일아파트	아파트	서울특별시 강남구 삼성동 48 삼성동한일아파트	서울특별시 강남구 봉은사로73길 23	분양	20011227	1	127	127	0	위탁관리	개별난방	혼합식	220-81-22460	(주)신대한관리
서울특별시	강남구	역삼동	A10024820	현대까르띠에710아파트	아파트	서울특별시 강남구 역삼동 710 현대까르띠에710아파트	서울특별시 강남구 언주로86길 12	분양	20011109	3	137	137	0	위탁관리	개별난방	계단식	현대건설	서일개발(주)
서울특별시	강남구	대치동	A10024821	대치롯데캐슬아파트	아파트	서울특별시 강남구 대치동 893 대치롯데캐슬아파트	서울특별시 강남구 삼성로85길 11	분양	20020829	3	142	142	0	위탁관리	지역난방	계단식	주)롯데건설	(주)신대한관리
서울특별시	도봉구	방학동	A10024822	송학휴스테이아파트	아파트	서울특별시 도봉구 방학동 636 송학휴스테이아파트	서울특별시 도봉구 도당로15길 36	분양	20161201	3	134	134	0	자치관리	개별난방	계단식	(주)에스에이치건설	 
서울특별시	양천구	목동	A10024823	목동금호타운아파트	아파트	서울특별시 양천구 목동 768-5 목동금호타운아파트	서울특별시 양천구 목동중앙남로3길 11	분양	19951121	1	103	103	0	위탁관리	개별난방	혼합식	  금호건설(주)	주식회사 씨엠자산
서울특별시	도봉구	쌍문동	A10024827	쌍문e-편한세상아파트	아파트	서울특별시 도봉구 쌍문동 731 쌍문e-편한세상아파트	서울특별시 도봉구 노해로41가길 16	분양	20070426	2	141	141	0	위탁관리	개별난방	계단식	대림건설	태영건물종합관리 주식회사
서울특별시	은평구	수색동	A10024828	DMC롯데캐슬더퍼스트	아파트	서울특별시 은평구 수색동 417 DMC롯데캐슬더퍼스트	서울특별시 은평구 수색로 300	혼합	20211209	15	1192	989	203	위탁관리(직영+위탁)	개별난방	혼합식	롯데건설	광인에스테이트서비스 주식회사
서울특별시	영등포구	대림동	A10024829	대림 우성2차	아파트	서울특별시 영등포구 대림동 695 대림 우성2차	서울특별시 영등포구 도림로47길 1	분양	19921128	1	120	120	0	위탁관리	개별난방	계단식	우성건설(주)	대한종합개발(주)
서울특별시	은평구	응암동	A10024831	녹번역e편한세상캐슬	아파트	서울특별시 은평구 응암동 769 녹번역e편한세상캐슬	서울특별시 은평구 은평로 220	분양	20210527	32	2569	2569	0	위탁관리	지역난방	혼합식	"대림산업, 롯데건설"	(주)타워피엠씨
서울특별시	영등포구	문래동3가	A10024832	문래해태아파트	아파트	서울특별시 영등포구 문래동3가 13 문래해태아파트	서울특별시 영등포구 영신로25길 8	분양	19990909	2	101	101	0	위탁관리	개별난방	복도식	해태건설	태영그린(주)
서울특별시	영등포구	당산동3가	A10024834	당산금호2차어울림아파트	아파트	서울특별시 영등포구 당산동3가 563 당산금호2차어울림아파트	서울특별시 영등포구 양산로17길 22	분양	20091119	2	125	125	0	위탁관리	개별난방	계단식	금호건설	유원종합관리(주)
서울특별시	구로구	항동	A10024849	구로항동우남퍼스트빌	아파트	서울특별시 구로구 항동 216-1 구로항동우남퍼스트빌	서울특별시 구로구 항동로 8	분양	20200603	5	337	337	0	위탁관리	지역난방	계단식	우남건설	우리관리(주)
서울특별시	서초구	방배동	A10024857	방배아크로타워아파트	주상복합	서울특별시 서초구 방배동 923-6 방배아크로타워아파트	서울특별시 서초구 방배로13길 18	분양	20070419	1	116	116	0	자치관리	개별난방	복도식	대림산업	 
서울특별시	양천구	신월동	A10024872	목동 센트럴 아이파크위브 아파트	아파트	"서울특별시 양천구 신월동 565-5,서울특별시 양천구 신월동  목동 센트럴 아이파크위브 아파트"	서울특별시 양천구 남부순환로83길 18	혼합	20200528	35	3045	2503	542	위탁관리	개별난방	혼합식	"HDC현대산업개발, 두산건설(주)"	우리관리(주)
서울특별시	성동구	용답동	A10024886	용답동힐데스하임 청년주택	주상복합	서울특별시 성동구 용답동 233-1 용답동힐데스하임 청년주택	서울특별시 성동구 천호대로 416	임대	20200302	1	170	0	170	위탁관리	개별난방	계단식	원건설	서림주택관리(주)
서울특별시	마포구	서교동	A10024891	서교동 효성해링턴타워	아파트	서울특별시 마포구 서교동 494 서교동 효성해링턴타워	서울특별시 마포구 양화로 72	임대	20200423	1	1121	0	1121	위탁관리	개별난방	복도식	효성중공업	우리관리(주)
서울특별시	관악구	봉천동	A10024894	이편한세상서울대입구2차(5단지)	아파트	서울특별시 관악구 봉천동 1733 이편한세상서울대입구2차(5단지)	서울특별시 관악구 참숯1길 19	혼합	20200429	10	519	430	89	위탁관리	개별난방	혼합식	삼호건설	(주)무림하우징
서울특별시	서초구	잠원동	A10024913	반포센트럴자이아파트	아파트	서울특별시 서초구 잠원동 162 반포센트럴자이아파트	서울특별시 서초구 반포대로 310-6	혼합	20200428	7	757	704	53	위탁관리	지역난방	계단식	GS건설	제일에스테이트서비스 주식회사
서울특별시	영등포구	문래동6가	A10024925	문래롯데캐슬아파트	아파트	서울특별시 영등포구 문래동6가 57 문래롯데캐슬아파트	서울특별시 영등포구 선유로9길 30	임대	20200324	5	499	0	499	위탁관리	개별난방	혼합식	롯데건설(주)	우리관리(주)
서울특별시	구로구	항동	A10024927	구로항동제일풍경채포레스트	아파트	서울특별시 구로구 항동 207-1 구로항동제일풍경채포레스트	서울특별시 구로구 부광로 96-16	분양	20200227	4	345	345	0	위탁관리	지역난방	계단식	제일건설(주)	(주)아주관리
서울특별시	강동구	길동	A10024932	e편한세상 강동에코포레 아파트	아파트	서울특별시 강동구 길동 43 e편한세상 강동에코포레 아파트	서울특별시 강동구 천중로 253	혼합	20200414	6	366	328	38	위탁관리	개별난방	계단식	고려개발(주)	(주)케이비아주
서울특별시	서대문구	남가좌동	A10024938	래미안루센티아 아파트	아파트	서울특별시 서대문구 남가좌동 175 래미안루센티아 아파트	서울특별시 서대문구 거북골로 100	혼합	20200423	11	997	827	170	위탁관리	지역난방	혼합식	삼성물산(주)	우리관리(주)
서울특별시	은평구	응암동	A10024947	백련산 해모로 아파트	아파트	서울특별시 은평구 응암동 768 백련산 해모로 아파트	서울특별시 은평구 응암로30길 15	혼합	20200618	9	760	646	114	위탁관리	개별난방	혼합식	한진중공업(주)	우리관리(주)
서울특별시	서대문구	충정로3가	A10024966	더스타일하우스디센트럴	주상복합	서울특별시 서대문구 충정로3가 480 더스타일하우스디센트럴	서울특별시 서대문구 경기대로 26-26	임대	20200117	2	499	0	499	위탁관리	개별난방	복도식	대보건설	동우씨엠(주) 서울지점
서울특별시	마포구	신수동	A10024974	마포 아이파크 포레 아파트	아파트	서울특별시 마포구 신수동 462 마포 아이파크 포레 아파트	서울특별시 마포구 광성로 17	혼합	20190829	7	1015	917	98	위탁관리	지역난방	혼합식	현대산업개발	세화종합관리(주)
서울특별시	서초구	서초동	A10024987	서초동원베네스트아파트	아파트	서울특별시 서초구 서초동 1350-13 서초동원베네스트아파트	서울특별시 서초구 효령로74길 57	분양	20021130	2	126	126	0	자치관리(직영)	개별난방	계단식	동원enc	 
서울특별시	마포구	대흥동	A10025003	마포그랑자이아파트	아파트	"서울특별시 마포구 대흥동 806,서울특별시 마포구 대흥동 807 마포그랑자이아파트"	서울특별시 마포구 대흥로 175	혼합	20200221	18	1248	1032	216	위탁관리	개별난방	혼합식	GS건설	(주)타워피엠씨
서울특별시	강동구	상일동	A10025010	고덕 아르테온 아파트	아파트	서울특별시 강동구 상일동 519 고덕 아르테온 아파트	서울특별시 강동구 고덕로 360	혼합	20200226	41	4066	3958	108	위탁관리	지역난방	계단식	현대건설.대림산업	우리관리(주)
서울특별시	동작구	사당동	A10025013	사당롯데캐슬골든포레	아파트	서울특별시 동작구 사당동 1160 사당롯데캐슬골든포레	서울특별시 동작구 사당로 90	분양	20210702	17	996	996	0	위탁관리	개별난방	혼합식	롯데건설	(주)타워피엠씨
서울특별시	동대문구	휘경동	A10025015	휘경 해모로 프레스티지 아파트	아파트	서울특별시 동대문구 휘경동 243 휘경 해모로 프레스티지 아파트	서울특별시 동대문구 외대역동로1길 60-3	혼합	20210315	6	299	248	51	위탁관리	개별난방	혼합식	한진중공업(주)	세화종합관리(주)
서울특별시	영등포구	신길동	A10025024	신길센트럴자이	아파트	서울특별시 영등포구 신길동 337-246 신길센트럴자이	서울특별시 영등포구 신길로29길 17	혼합	20210413	12	1008	824	184	위탁관리	개별난방	혼합식	GS건설	제일에스테이트서비스 주식회사
서울특별시	강서구	염창동	A10025049	염창동길훈아파트	아파트	서울특별시 강서구 염창동 294 염창동길훈아파트	서울특별시 강서구 양천로65길 45	분양	19990930	2	115	115	0	자치관리	개별난방	계단식	(주)길훈종합건설	 
서울특별시	영등포구	신길동	A10025070	보라매 sk뷰	아파트	서울특별시 영등포구 신길동 1583-1 보라매 sk뷰	서울특별시 영등포구 여의대방로35가길 19	혼합	20200129	18	1546	1260	286	위탁관리	개별난방	혼합식	sk건설	세화종합관리(주)
서울특별시	관악구	봉천동	A10025092	e편한세상서울대입구아파트	아파트	"서울특별시 관악구 봉천동 1540-37,서울특별시 관악구 봉천동 1555-1 e편한세상서울대입구아파트"	"서울특별시 관악구 청룡16길 43,서울특별시 관악구 청룡10길 45"	혼합	20190625	19	1276	1237	39	위탁관리	개별난방	계단식	대림산업	광인에스테이트서비스 주식회사
서울특별시	노원구	월계동	A10025097	월계센트럴아이파크아파트	아파트	서울특별시 노원구 월계동 633-31 월계센트럴아이파크아파트	서울특별시 노원구 초안산로2라길 26	혼합	20200130	7	859	790	69	위탁관리	개별난방	혼합식	현대산업개발	(주)무림하우징
서울특별시	성동구	성수동2가	A10025101	성수 대명루첸아파트	아파트	서울특별시 성동구 성수동2가 840 성수 대명루첸아파트	서울특별시 성동구 뚝섬로 436	분양	20090206	3	114	114	0	위탁관리	개별난방	계단식	대명종합건설주식회사	(주)스마트라이프
서울특별시	강동구	상일동	A10025104	고덕센트럴 아이파크	아파트	서울특별시 강동구 상일동 131 고덕센트럴 아이파크	서울특별시 강동구 고덕로80길 99	혼합	20191230	19	1745	1649	96	위탁관리	지역난방	계단식	현대산업개발	우리관리(주)
서울특별시	강동구	상일동	A10025112	고덕롯데캐슬베네루체	아파트	"서울특별시 강동구 상일동 514,서울특별시 강동구 상일동 187 고덕롯데캐슬베네루체"	서울특별시 강동구 상암로79길 88	분양	20191230	20	1859	1859	0	위탁관리	지역난방	계단식	롯데건설	주식회사 네오피엠
서울특별시	구로구	항동	A10025115	항동중흥S클래스베르데카운티	아파트	서울특별시 구로구 항동 100-5 항동중흥S클래스베르데카운티	서울특별시 구로구 연동로 233	분양	20191206	6	419	419	0	위탁관리	지역난방	계단식	중흥건설(주)	(주)이오티앤디
서울특별시	금천구	독산동	A10025116	e편한세상독산더타워아파트	주상복합	서울특별시 금천구 독산동 1007-13 e편한세상독산더타워아파트	서울특별시 금천구 범안로 1212	분양	20191128	2	432	432	0	위탁관리	개별난방	계단식	대림산업	(주)듀델코리아
서울특별시	양천구	신월동	A10025120	수명산 동원데쟈뷰아파트	아파트	서울특별시 양천구 신월동 1060 수명산 동원데쟈뷰아파트	서울특별시 양천구 화곡로3길 43	분양	20120217	3	134	134	0	위탁관리		계단식	(주)동원메이드건설	세화종합관리(주)
서울특별시	영등포구	대림동	A10025122	지밸리소홈	도시형 생활주택(주상복합)	서울특별시 영등포구 대림동 1101-7 지밸리소홈	서울특별시 영등포구 도림천로19길 11	분양	20181030	1	299	299	0	위탁관리	개별난방	복도식	신세계건설	(주)듀델코리아
서울특별시	서대문구	남가좌동	A10025130	DMC에코자이	아파트	서울특별시 서대문구 남가좌동 224 DMC에코자이	서울특별시 서대문구 거북골로 84	혼합	20191227	11	1047	869	178	위탁관리	지역난방	혼합식	GS건설	율산개발 유한회사
서울특별시	노원구	상계동	A10025133	노원 센트럴푸르지오	아파트	서울특별시 노원구 상계동 85-33 노원 센트럴푸르지오	서울특별시 노원구 수락산로 12	혼합	20210222	7	810	658	152	위탁관리	개별난방	혼합식	상계4구역주택재개발정비사업조합	우리관리(주)
서울특별시	중랑구	신내동	A10025137	신내글로리움아파트	아파트	서울특별시 중랑구 신내동 640 신내글로리움아파트	서울특별시 중랑구 신내로 208	임대	20191001	1	229	0	229	위탁관리(직영+위탁)	지역난방	복도식	(주)옥토	태영건물종합관리 주식회사
서울특별시	성북구	돈암동	A10025140	동소문현대아파트	아파트	서울특별시 성북구 돈암동 630 동소문현대아파트	서울특별시 성북구 아리랑로5길 50-8	분양	19940718	2	141	141	0	위탁관리	개별난방	계단식	현대건설(주)	우리관리(주)
서울특별시	양천구	신월동	A10025157	신도브래뉴신월2차아파트	아파트	서울특별시 양천구 신월동 1031 신도브래뉴신월2차아파트	서울특별시 양천구 화곡로3길 34	분양	20040917	2	126	126	0	위탁관리	개별난방	계단식	신도종합건설(주)	(주)무림하우징
서울특별시	중랑구	면목동	A10025159	한양수자인사가정파크아파트	아파트	서울특별시 중랑구 면목동 520-19 한양수자인사가정파크아파트	서울특별시 중랑구 사가정로72길 26	혼합	20191127	8	497	461	36	위탁관리	개별난방	계단식	(주)한양	태영건물종합관리 주식회사
서울특별시	서대문구	홍은동	A10025166	북한산 두산 위브	아파트	서울특별시 서대문구 홍은동 467 북한산 두산 위브	서울특별시 서대문구 홍은중앙로3길 9	혼합	20200721	11	497	422	75	위탁관리	개별난방	혼합식	두산건설	광인에스테이트서비스 주식회사
서울특별시	강동구	암사동	A10025174	힐스테이트강동리버뷰	주상복합	서울특별시 강동구 암사동 675 힐스테이트강동리버뷰	서울특별시 강동구 올림픽로91길 30	혼합	20191112	5	460	313	147	위탁관리	개별난방	계단식	현대엔지니어링	(주)케이티팝스
서울특별시	송파구	풍납동	A10025185	잠실올림픽공원아이파크	아파트	서울특별시 송파구 풍납동 388-7 잠실올림픽공원아이파크	서울특별시 송파구 올림픽로43길 34	분양	20191114	7	697	697	0	위탁관리	지역난방	계단식	현대산업개발	서림주택관리(주)
서울특별시	용산구	한남동	A10025192	나인원 한남	아파트	서울특별시 용산구 한남동 680-1 나인원 한남	서울특별시 용산구 한남대로 91	분양	20191113	9	341	341	0	위탁관리	개별난방	계단식	(주)롯데건설	주식회사 한화에스테이트서비스
서울특별시	구로구	항동	A10025193	항동 한양수자인 에듀힐즈	아파트	서울특별시 구로구 항동 153 항동 한양수자인 에듀힐즈	서울특별시 구로구 항동로 42	분양	20190927	9	634	634	0	위탁관리	지역난방	계단식	한양건설(주)	에이제이대원 주식회사
서울특별시	강남구	개포동	A10025203	디에이치 아너힐즈	아파트	서울특별시 강남구 개포동 138 디에이치 아너힐즈	서울특별시 강남구 삼성로 11	혼합	20190829	23	1320	1235	85	위탁관리	지역난방	혼합식	현대건설	(주)타워피엠씨
서울특별시	중구	충무로5가	A10025223	충무로엘크루메트로시티2	주상복합	서울특별시 중구 충무로5가 36-2 충무로엘크루메트로시티2	서울특별시 중구 퇴계로49길 14	분양	20160610	1	171	171	0	자치관리	개별난방	복도식	대우조선해양건설	 
서울특별시	동대문구	장안동	A10025227	동대문더퍼스트데시앙아파트	아파트	서울특별시 동대문구 장안동 291 동대문더퍼스트데시앙아파트	서울특별시 동대문구 장한로27가길 37	분양	20191022	8	469	469	0	위탁관리	개별난방	계단식	태영건설	광인산업(주)
서울특별시	강북구	미아동	A10025241	꿈의숲 해링턴 플레이스 아파트	아파트	서울특별시 강북구 미아동 1369 꿈의숲 해링턴 플레이스 아파트	서울특별시 강북구 오현로 45	혼합	20190927	17	1028	940	88	위탁관리	개별난방	계단식	진흥기업(주)	(주)동우개발
서울특별시	성북구	장위동	A10025245	래미안퍼스트하이	아파트	서울특별시 성북구 장위동 173-114 래미안퍼스트하이	서울특별시 성북구 한천로 713	혼합	20201103	16	1562	1286	276	위탁관리	개별난방	계단식	삼성물산	(주)동우개발
서울특별시	성북구	장위동	A10025259	석계역 한일노벨리아시티	주상복합	서울특별시 성북구 장위동 8-2 석계역 한일노벨리아시티	서울특별시 성북구 화랑로 299	분양	20190903	1	299	299	0	위탁관리	개별난방	복도식	한일개발	우리관리(주)
서울특별시	강동구	고덕동	A10025263	고덕 그라시움 아파트	아파트	"서울특별시 강동구 고덕동 212,서울특별시 강동구 고덕동 217 고덕 그라시움 아파트"	서울특별시 강동구 고덕로 333	혼합	20190927	53	4932	4792	140	위탁관리	지역난방	계단식	"대우건설, SK건설, 현대건설"	우리관리(주)
서울특별시	강남구	청담동	A10025280	청담아이파크아파트	아파트	서울특별시 강남구 청담동 130 청담아이파크아파트	서울특별시 강남구 영동대로142길 25	분양	19921028	1	108	108	0	위탁관리	개별난방	계단식	현대산업개발	에이제이대원 주식회사
서울특별시	성북구	석관동	A10025283	래미안아트리치	아파트	서울특별시 성북구 석관동 410 래미안아트리치	서울특별시 성북구 돌곶이로8길 22	혼합	20190228	14	1091	904	187	위탁관리	개별난방	계단식	삼성물산(주)	세화종합관리(주)
서울특별시	구로구	항동	A10025302	항동하버라인4단지아파트	아파트	서울특별시 구로구 항동 84 항동하버라인4단지아파트	서울특별시 구로구 항동로 72	혼합	20190531	4	297	190	107	위탁관리	지역난방	계단식	동부건설	(주)이오티앤디
서울특별시	은평구	응암동	A10025310	백련산 에스케이뷰 아이파크	아파트	서울특별시 은평구 응암동 767 백련산 에스케이뷰 아이파크	서울특별시 은평구 응암로30길 16	혼합	20200521	11	1305	1079	226	위탁관리	개별난방	혼합식	"sk view, 현대산업개발"	세화종합관리(주)
서울특별시	중구	신당동	A10025372	신당KCC스위첸아파트	아파트	서울특별시 중구 신당동 856 신당KCC스위첸아파트	서울특별시 중구 난계로 130	분양	20190605	3	176	176	0	위탁관리	개별난방	계단식	kcc건설	에이제이대원 주식회사
서울특별시	서초구	서초동	A10025375	지웰홈스 서초	주상복합	서울특별시 서초구 서초동 1575-1 지웰홈스 서초	서울특별시 서초구 반포대로28길 94	임대	20190521	1	154	0	154	위탁관리	중앙난방	복도식	신영건설(주)	주식회사 에스엘플랫폼
서울특별시	서초구	잠원동	A10025381	잠원중앙하이츠B아파트	아파트	서울특별시 서초구 잠원동 71-17 잠원중앙하이츠B아파트	서울특별시 서초구 잠원로3길 20	분양	19981218	1	126	126	0	위탁관리	개별난방	복도식	중앙건설	대한종합개발(주)
서울특별시	구로구	항동	A10025386	항동하버라인 11단지 아파트	아파트	서울특별시 구로구 항동 243 항동하버라인 11단지 아파트	서울특별시 구로구 연동로 191-5	임대	20190222	3	276	0	276	위탁관리	지역난방	복도식	서울주택도시공사	삼정알엠씨(주)
서울특별시	구로구	항동	A10025387	항동하버라인2단지	아파트	서울특별시 구로구 항동  항동하버라인2단지	서울특별시 구로구 연동로 234	혼합	20190715	6	646	394	252	위탁관리	지역난방	계단식	계룡건설	(주)이오티앤디
서울특별시	중랑구	신내동	A10025397	신내우디안4단지 아파트	아파트	서울특별시 중랑구 신내동 831 신내우디안4단지 아파트	서울특별시 중랑구 신내역로 160	임대	20180914	3	289	0	289	위탁관리	개별난방	복도식	한일건설	광인산업(주)
서울특별시	광진구	화양동	A10025404	아스하임4차	아파트	서울특별시 광진구 화양동 111-102 아스하임4차	서울특별시 광진구 광나루로 382	분양	20181116	1	162	162	0	위탁관리	개별난방	복도식	원플러스종합건설	주식회사 피누스이앤씨
서울특별시	동대문구	휘경동	A10025410	휘경SK뷰아파트	아파트	서울특별시 동대문구 휘경동 128-12 휘경SK뷰아파트	서울특별시 동대문구 휘경로 60	혼합	20190618	8	900	726	174	위탁관리	개별난방	혼합식	SK건설	우리관리(주)
서울특별시	강동구	명일동	A10025415	래미안솔베뉴	아파트	서울특별시 강동구 명일동 359 래미안솔베뉴	서울특별시 강동구 양재대로 1650	혼합	20190624	13	1900	1744	156	위탁관리	개별난방	계단식	삼성물산(주)	한국주택시설관리(주)
서울특별시	서초구	잠원동	A10025418	래미안 신반포 리오센트	아파트	서울특별시 서초구 잠원동 161 래미안 신반포 리오센트	서울특별시 서초구 잠원로14길 32	혼합	20190621	6	475	404	71	위탁관리	지역난방	계단식	삼성물산	(주)타워피엠씨
서울특별시	관악구	봉천동	A10025428	e편한세상서울대입구 3단지	아파트	서울특별시 관악구 봉천동 1540-37 e편한세상서울대입구 3단지	서울특별시 관악구 참숯5길 7	임대	20190625	2	206	0	206	위탁관리	개별난방	복도식	대림산업	(주)동우라이프산업
서울특별시	금천구	시흥동	A10025447	경남아파트	아파트	서울특별시 금천구 시흥동 820-12 경남아파트	서울특별시 금천구 독산로 78-1	분양	19981219	1	123	123	0	자치관리	개별난방	혼합식	경남기업 주식회사	 
서울특별시	중구	신당동	A10025456	신당 파인힐 하나유보라	주상복합	서울특별시 중구 신당동 171 신당 파인힐 하나유보라	서울특별시 중구 왕십리로 407	임대	20190607	6	718	0	718	위탁관리	개별난방	혼합식	반도건설	주식회사 에이치엔서브
서울특별시	성북구	장위동	A10025461	래미안장위포레카운티아파트	아파트	서울특별시 성북구 장위동 144-24 래미안장위포레카운티아파트	서울특별시 성북구 장월로 160	혼합	20210531	10	939	777	162	위탁관리	개별난방	혼합식	삼성물산(주)건설부문	세화종합관리(주)
서울특별시	송파구	풍납동	A10025467	풍납대아아파트	아파트	서울특별시 송파구 풍납동 163 풍납대아아파트	서울특별시 송파구 풍성로 52	분양	19980312	1	140	140	0	위탁관리	개별난방	혼합식	대아건설	한국주택시설관리(주)
서울특별시	동작구	신대방동	A10025504	숲속마을 신동아파밀리에 아파트	아파트	서울특별시 동작구 신대방동 717 숲속마을 신동아파밀리에 아파트	서울특별시 동작구 여의대방로10길 100	분양	20050624	2	105	105	0	위탁관리	개별난방	계단식	신동아건설	(주)태룡에스디
서울특별시	동대문구	장안동	A10025509	동대문서희스타힐스	주상복합	서울특별시 동대문구 장안동 365-4 동대문서희스타힐스	서울특별시 동대문구 장한로20길 7	분양	20131204	1	132	132	0	위탁관리	개별난방	혼합식	서희건설	주식회사 새한종합관리
서울특별시	영등포구	영등포동5가	A10025518	현대프라자주상복합아파트	주상복합	서울특별시 영등포구 영등포동5가 49-1 현대프라자주상복합아파트	서울특별시 영등포구 양산로 214	분양	19991227	1	115	115	0	위탁관리	개별난방	복도식	현대산업개발(주)	(주)아림주택관리
서울특별시	구로구	항동	A10025527	하버라인10단지	아파트	서울특별시 구로구 항동 135-57 하버라인10단지	서울특별시 구로구 항동로 60	임대	20190222	3	297	0	297	위탁관리	지역난방	복도식	동부건설	대한종합개발(주)
서울특별시	용산구	효창동	A10025533	용산롯데캐슬센터포레아파트	아파트	서울특별시 용산구 효창동 13-2 용산롯데캐슬센터포레아파트	서울특별시 용산구 백범로 313	혼합	20190429	7	478	396	82	위탁관리	개별난방	계단식	롯데건설	우리관리(주)
서울특별시	영등포구	신길동	A10025562	신길센트럴아이파크	아파트	서울특별시 영등포구 신길동 347-50 신길센트럴아이파크	서울특별시 영등포구 가마산로 426	혼합	20190228	6	612	501	111	위탁관리	개별난방	혼합식	HDC현대산업개발	한국주택시설관리(주)
서울특별시	구로구	항동	A10025564	항동 하버라인9단지	아파트	"서울특별시 구로구 항동 136-1,서울특별시 구로구 항동  항동 하버라인9단지"	서울특별시 구로구 항동로 68	임대	20190222	3	298	0	298	위탁관리	지역난방	복도식	동부건설	(주)한결에이엠
서울특별시	강서구	염창동	A10025600	e편한세상 염창	아파트	서울특별시 강서구 염창동 277-24 e편한세상 염창	서울특별시 강서구 공항대로 583	혼합	20190308	6	499	443	56	위탁관리	개별난방	혼합식	대림산업	국제경보산업(주)
서울특별시	구로구	항동	A10025614	항동하버라인3단지	아파트	서울특별시 구로구 항동  항동하버라인3단지	서울특별시 구로구 항동로 43	혼합	20190225	12	1170	732	438	위탁관리	지역난방	혼합식	한신공영	(주)이오티앤디
서울특별시	강서구	가양동	A10025616	가양보람아파트	아파트	서울특별시 강서구 가양동 1497 가양보람아파트	서울특별시 강서구 양천로53길 66	분양	20060427	2	120	120	0	위탁관리	개별난방	계단식	보람건설(주)	세화종합관리(주)
서울특별시	송파구	풍납동	A10025632	송파해모로아파트		서울특별시 송파구 풍납동 512 송파해모로아파트	서울특별시 송파구 풍성로26길 47	분양	20060629	3	114	114	0	위탁관리	개별난방	복도식	(주)한진중공업	서일개발(주)
서울특별시	마포구	창전동	A10025633	마포 웨스트리버 태영데시앙아파트	아파트	서울특별시 마포구 창전동 449 마포 웨스트리버 태영데시앙아파트	서울특별시 마포구 서강로3길 32	혼합	20190524	4	276	267	9	위탁관리	개별난방	기타	태영건설	광인산업(주)
서울특별시	성북구	길음동	A10025638	래미안길음센터피스	아파트	서울특별시 성북구 길음동 1288 래미안길음센터피스	서울특별시 성북구 숭인로 50	혼합	20191129	24	2352	1719	633	위탁관리	개별난방	기타	삼성건설	(주)케이비아주
서울특별시	강서구	방화동	A10025641	마곡보타닉경남아너스빌아파트	아파트	서울특별시 강서구 방화동 883 마곡보타닉경남아너스빌아파트	서울특별시 강서구 양천로26길 38	분양	20050629	2	116	116	0	위탁관리	개별난방	계단식	경남기업 주식회사	광인에스테이트서비스 주식회사
서울특별시	양천구	신정동	A10025649	신정이든채	아파트	서울특별시 양천구 신정동 1320-8 신정이든채	서울특별시 양천구 신정로7길 75	임대	20190222	4	499	0	499	위탁관리	지역난방	복도식	금호산업(주)	(주)동우라이프산업
서울특별시	송파구	오금동	A10025657	송파 두산위브아파트	아파트	서울특별시 송파구 오금동 135 송파 두산위브아파트	서울특별시 송파구 성내천로 103	분양	20190227	2	269	269	0	위탁관리	개별난방	계단식	두산건설	우리관리(주)
서울특별시	은평구	신사동	A10025659	응암역효성해링턴플레이스	아파트	"서울특별시 은평구 신사동 372,서울특별시 은평구 신사동 372- 응암역효성해링턴플레이스"	서울특별시 은평구 가좌로 334	혼합	20180730	6	380	358	22	위탁관리	개별난방	계단식	효성중공업	세화종합관리(주)
서울특별시	마포구	마포동	A10025672	마포 보성 아파트	아파트	서울특별시 마포구 마포동 442 마포 보성 아파트	서울특별시 마포구 마포대로4길 90	분양	19961128	2	133	133	0	위탁관리	개별난방	혼합식	(주) 보성	아산종합관리(주)
서울특별시	강남구	개포동	A10025675	래미안블레스티지	아파트	서울특별시 강남구 개포동 1280 래미안블레스티지	서울특별시 강남구 선릉로 8	혼합	20190226	23	1957	1845	112	위탁관리	지역난방	계단식	삼성물산	(주)타워피엠씨
서울특별시	은평구	진관동	A10025677	은뜨락행복주택	아파트	"서울특별시 은평구 진관동 235-28,서울특별시 은평구 진관동 122 은뜨락행복주택"	서울특별시 은평구 통일로 972	임대	20190208	3	350	0	350	위탁관리	지역난방	복도식	금호산업(주)	(주)경진관리
서울특별시	은평구	응암동	A10025683	백련산파크자이아파트	아파트	서울특별시 은평구 응암동 626-108 백련산파크자이아파트	서울특별시 은평구 백련산로 67	혼합	20210412	9	678	674	4	위탁관리	개별난방	혼합식	GS건설	제일에스테이트서비스 주식회사
서울특별시	종로구	무악동	A10025710	경희궁 롯데캐슬아파트	아파트	"서울특별시 종로구 무악동 89-,서울특별시 종로구 무악동 89 경희궁 롯데캐슬아파트"	서울특별시 종로구 통일로 230	분양	20190122	4	195	195	0	위탁관리	개별난방	계단식	롯데건설(주)	세화종합관리(주)
서울특별시	양천구	신정동	A10025729	목동파크자이아파트	아파트	서울특별시 양천구 신정동 171-61 목동파크자이아파트	서울특별시 양천구 목동남로4길 80	분양	20190207	8	356	356	0	위탁관리	지역난방	계단식	GS건설	세화종합관리(주)
서울특별시	성북구	길음동	A10025753	길음뉴타운11단지 롯데캐슬골든힐스아파트	아파트	서울특별시 성북구 길음동 1287 길음뉴타운11단지 롯데캐슬골든힐스아파트	서울특별시 성북구 서경로 60	혼합	20190507	5	399	359	40	위탁관리	개별난방	계단식	롯데건설주식회사	(주)무림하우징
서울특별시	동대문구	답십리동	A10025754	답십리파크자이	아파트	서울특별시 동대문구 답십리동 25 답십리파크자이	서울특별시 동대문구 답십리로56길 105	분양	20190122	9	802	802	0	위탁관리	개별난방	혼합식	gs건설	(주)아주관리
서울특별시	강남구	청담동	A10025755	청담신동아아파트	아파트	서울특별시 강남구 청담동 134-16 청담신동아아파트	서울특별시 강남구 학동로105길 30	분양	19970220	1	106	106	0	위탁관리	개별난방	계단식	신동아건설	한국주택시설관리(주)
서울특별시	은평구	진관동	A10025765	은평 스카이뷰 자이	주상복합	서울특별시 은평구 진관동 62 은평 스카이뷰 자이	서울특별시 은평구 통일로 1034	분양	20190130	3	361	361	0	위탁관리	지역난방	계단식	GS 건설	제일에스테이트서비스 주식회사
서울특별시	서대문구	홍제동	A10025767	홍제센트럴아이파크	아파트	"서울특별시 서대문구 홍제동 473,서울특별시 서대문구 홍제동 473- 홍제센트럴아이파크"	서울특별시 서대문구 통일로 395	혼합	20200622	14	906	724	182	위탁관리	개별난방	혼합식	현대산업개발	주식회사 한빛종합관리
서울특별시	동작구	상도동	A10025768	이편한세상 상도노빌리티	아파트	서울특별시 동작구 상도동 903 이편한세상 상도노빌리티	서울특별시 동작구 만양로 6	혼합	20181203	8	893	888	5	위탁관리	개별난방	혼합식	대림산업	대원에스테이트서비스(주)
서울특별시	동작구	흑석동	A10025770	아크로 리버하임	아파트	서울특별시 동작구 흑석동 158-1 아크로 리버하임	서울특별시 동작구 현충로 52	혼합	20191224	20	1073	911	162	위탁관리	개별난방	계단식	대림건설(주)	우리관리(주)
서울특별시	서대문구	연희동	A10025822	연희파크푸르지오 아파트	아파트	서울특별시 서대문구 연희동 747 연희파크푸르지오 아파트	서울특별시 서대문구 홍제천로 136	혼합	20181221	5	396	361	35	위탁관리	개별난방	계단식	(주)대우건설	광인에스테이트서비스 주식회사
서울특별시	강남구	일원동	A10025823	래미안개포루체하임	아파트	서울특별시 강남구 일원동 690-2 래미안개포루체하임	서울특별시 강남구 개포로110길 50	혼합	20181121	12	850	800	50	위탁관리	지역난방	계단식	삼성물산	우리관리(주)
서울특별시	은평구	녹번동	A10025836	힐스테이트녹번	아파트	"서울특별시 은평구 녹번동 282,서울특별시 은평구 녹번동 282- 힐스테이트녹번"	서울특별시 은평구 통일로 610	혼합	20181010	13	952	770	182	위탁관리	개별난방	혼합식	현대힐스테이트	대승종합관리(주)
서울특별시	은평구	녹번동	A10025846	래미안베라힐즈	아파트	"서울특별시 은평구 녹번동 21-134,서울특별시 은평구 녹번동 283,서울특별시 은평구 녹번동 283- 래미안베라힐즈"	서울특별시 은평구 통일로 630	혼합	20181227	20	1305	1047	258	위탁관리	개별난방	계단식	삼성물산	광인에스테이트서비스 주식회사
서울특별시	송파구	가락동	A10025850	헬리오시티아파트	아파트	서울특별시 송파구 가락동 479 헬리오시티아파트	서울특별시 송파구 송파대로 345	혼합	20181228	84	9510	8109	1401	위탁관리	지역난방	혼합식	"현대건설,삼성물산,현대산업개발"	율산개발 유한회사
서울특별시	중랑구	묵동	A10025855	e편한세상화랑대아파트	주상복합	서울특별시 중랑구 묵동 396 e편한세상화랑대아파트	서울특별시 중랑구 숙선옹주로 45	혼합	20171206	12	719	639	80	위탁관리	개별난방	계단식	(주)대림산업	경기진흥주택관리(주)
서울특별시	구로구	항동	A10025858	항동하버라인8단지	아파트	서울특별시 구로구 항동  항동하버라인8단지	서울특별시 구로구 서해안로 2036	임대	20181030	5	384	0	384	위탁관리	지역난방	혼합식	(주)대보건설	(주)두온종합관리
서울특별시	동작구	흑석동	A10025867	흑석롯데캐슬에듀포레	아파트	서울특별시 동작구 흑석동 340 흑석롯데캐슬에듀포레	서울특별시 동작구 서달로 123	혼합	20181129	7	545	451	94	위탁관리	개별난방	기타	롯데건설(주)	대원에스테이트서비스(주)
서울특별시	용산구	효창동	A10025898	용산kcc스위첸	아파트	서울특별시 용산구 효창동 286 용산kcc스위첸	서울특별시 용산구 백범로 275	분양	20180921	3	199	199	0	위탁관리	개별난방	계단식	KCC건설	우리관리(주)
서울특별시	금천구	가산동	A10025913	가산지웰에스테이트2차	주상복합	서울특별시 금천구 가산동 143-6 가산지웰에스테이트2차	서울특별시 금천구 가산로9길 12-8	분양	20180829	1	238	238	0	자치관리	개별난방	복도식	신영건설	 
서울특별시	서초구	방배동	A10025927	방배아트자이	아파트	"서울특별시 서초구 방배동 3278,서울특별시 서초구 방배동 992-1 방배아트자이"	서울특별시 서초구 명달로9길 57	혼합	20181029	5	353	312	41	위탁관리	지역난방	계단식	GS건설	(주)타워피엠씨
서울특별시	금천구	독산동	A10025946	금천롯데캐슬골드파크3차아파트	주상복합	서울특별시 금천구 독산동 1155 금천롯데캐슬골드파크3차아파트	서울특별시 금천구 시흥대로 291	분양	20181030	6	1236	1236	0	위탁관리	개별난방	계단식	롯데건설	국제경보산업(주)
서울특별시	은평구	증산동	A10025969	DMC월드아파트	아파트	서울특별시 은평구 증산동 250 DMC월드아파트	서울특별시 은평구 증산로 333	분양	20020702	1	119	119	0	위탁관리	개별난방	계단식	화수종합견설	태림주택종합관리(주)
서울특별시	서대문구	남가좌동	A10025976	DMC센트럴아이파크	아파트	"서울특별시 서대문구 남가좌동 388,서울특별시 서대문구 남가좌동 369-10 DMC센트럴아이파크"	서울특별시 서대문구 증가로 150	혼합	20181231	13	1061	1014	47	위탁관리	개별난방	복도식	HDC현대산업개발	(주)케이비아주
서울특별시	광진구	구의동	A10025985	래미안 구의 파크스위트 아파트	아파트	서울특별시 광진구 구의동 668 래미안 구의 파크스위트 아파트	서울특별시 광진구 광나루로 545	분양	20180927	12	854	854	0	위탁관리	개별난방	계단식	삼성물산(주)	우리관리(주)
서울특별시	강동구	명일동	A10026002	삼환고덕아파트	아파트	서울특별시 강동구 명일동 41 삼환고덕아파트	서울특별시 강동구 고덕로62길 126	분양	19870627	1	120	120	0	위탁관리	중앙난방	계단식	삼환기업(주)까뮈	한국주택시설관리(주)
서울특별시	서초구	잠원동	A10026004	신반포자이아파트	아파트	"서울특별시 서초구 잠원동 160,서울특별시 서초구 잠원동 66 신반포자이아파트"	서울특별시 서초구 잠원로 60	혼합	20180727	7	607	536	71	위탁관리	지역난방	계단식	GS건설	제일에스테이트서비스 주식회사
서울특별시	서초구	반포동	A10026015	반포써밋	아파트	"서울특별시 서초구 반포동 1342,서울특별시 서초구 반포동 30-20 반포써밋"	서울특별시 서초구 고무래로 89	혼합	20180921	8	764	634	130	위탁관리	지역난방	계단식	(주)대우건설	(주)타워피엠씨
서울특별시	양천구	목동	A10026023	목동롯데캐슬 마에스트로	아파트	서울특별시 양천구 목동 965 목동롯데캐슬 마에스트로	서울특별시 양천구 목동중앙북로8길 71	분양	20190423	6	410	410	0	위탁관리	지역난방	계단식	롯데건설(주)	(주)동우개발
서울특별시	금천구	독산동	A10026024	독산라이프아파트	아파트	서울특별시 금천구 독산동 1131 독산라이프아파트	서울특별시 금천구 벚꽃로 60	분양	19960313	1	109	109	0	자치관리	개별난방	계단식	(주)라이프종합건설	 
서울특별시	마포구	염리동	A10026036	마포자이 더 센트리지 아파트	아파트	"서울특별시 마포구 염리동 45,서울특별시 마포구 염리동 533- 마포자이 더 센트리지 아파트"	서울특별시 마포구 숭문길 98	혼합	20180928	12	927	767	160	위탁관리	개별난방	혼합식	GS건설	우리관리(주)
서울특별시	구로구	천왕동	A10026039	천왕이펜하우스8단지	아파트	서울특별시 구로구 천왕동 276 천왕이펜하우스8단지	서울특별시 구로구 금오로 882	임대	20180917	4	298	0	298	위탁관리	개별난방	복도식	동우건설(주)	(주)두온종합관리
서울특별시	중랑구	중화동	A10026046	청광플러스원 아파트	아파트	서울특별시 중랑구 중화동 453 청광플러스원 아파트	서울특별시 중랑구 동일로136길 15	혼합	20070723	2	109	101	8	위탁관리	개별난방	계단식	청광종합건설(주)	서림주택관리(주)
서울특별시	서초구	반포동	A10026051	반포래미안아이파크	아파트	"서울특별시 서초구 반포동 32-5,서울특별시 서초구 반포동 1341 반포래미안아이파크"	서울특별시 서초구 서초중앙로 220	혼합	20180831	11	829	713	116	위탁관리	지역난방	계단식	"삼성물산, 현대산업개발"	우리관리(주)
서울특별시	마포구	망원동	A10026053	마포한강 아이파크	아파트	서울특별시 마포구 망원동 458-16 마포한강 아이파크	서울특별시 마포구 희우정로 77	분양	20190805	6	385	385	0	위탁관리	개별난방	계단식	HDC현대산업개발	세화종합관리(주)
서울특별시	은평구	불광동	A10026061	불광삼익아파트	주상복합	서울특별시 은평구 불광동 217-9 불광삼익아파트	서울특별시 은평구 불광로 153	분양	19920328	1	103	103	0	자치관리	개별난방	계단식	(주)현재건걸	 
서울특별시	동대문구	답십리동	A10026104	힐스테이트청계	아파트	서울특별시 동대문구 답십리동 465 힐스테이트청계	서울특별시 동대문구 천호대로55길 11	혼합	20181130	8	764	650	114	위탁관리	개별난방	계단식	현대건설	(주)동우개발
서울특별시	도봉구	창동	A10026109	창동서울가든아파트	아파트	서울특별시 도봉구 창동 366 창동서울가든아파트	서울특별시 도봉구 해등로 32	분양	19920806	8	160	160	0	자치관리	개별난방	계단식	뉴삼익건설산업	 
서울특별시	동대문구	신설동	A10026147	신설동 지웰홈스	주상복합	서울특별시 동대문구 신설동 117-9 신설동 지웰홈스	서울특별시 동대문구 난계로 242	임대	20171130	1	170	0	170	위탁관리	개별난방	복도식	신영건설 주식회사	주식회사 에스엘플랫폼
서울특별시	광진구	광장동	A10026162	상록타워 아파트	아파트	서울특별시 광진구 광장동 570 상록타워 아파트	서울특별시 광진구 아차산로 540	분양	19970113	1	200	200	0	위탁관리	개별난방	복도식	포스코개발	포스메이트
서울특별시	도봉구	쌍문동	A10026175	쌍문염광아파트	아파트	서울특별시 도봉구 쌍문동 722 쌍문염광아파트	서울특별시 도봉구 우이천로30길 28	분양	19971217	1	103	103	0	위탁관리	개별난방	복도식	염광건설	(주)동우개발
서울특별시	동대문구	전농동	A10026180	롯데캐슬노블레스	아파트	서울특별시 동대문구 전농동 518 롯데캐슬노블레스	서울특별시 동대문구 답십리로23길 30	혼합	20180629	5	584	484	100	위탁관리	개별난방	계단식	롯데건설(주)	(주)무림하우징
서울특별시	영등포구	신길동	A10026182	신미아파트	아파트	서울특별시 영등포구 신길동 340-1 신미아파트	서울특별시 영등포구 신길로23길 20	분양	19810627	4	130	130	0	자치관리	개별난방	계단식	미상	 
서울특별시	금천구	시흥동	A10026187	백운한비치1차아파트	아파트	서울특별시 금천구 시흥동 1012 백운한비치1차아파트	서울특별시 금천구 탑골로2길 19	분양	20030927	1	114	114	0	위탁관리	개별난방	혼합식	백운건설	서일개발(주)
서울특별시	강동구	천호동	A10026195	강변그대가갤럭시아파트	아파트	서울특별시 강동구 천호동 570 강변그대가갤럭시아파트	서울특별시 강동구 올림픽로89길 55	분양	20090420	3	134	134	0	위탁관리	개별난방	계단식	글로에이(구.임광토건)	한국주택시설관리(주)
서울특별시	영등포구	문래동5가	A10026197	문래동모아미래도아파트	아파트	서울특별시 영등포구 문래동5가 67 문래동모아미래도아파트	서울특별시 영등포구 선유로9나길 5	혼합	20171122	4	222	199	23	위탁관리	개별난방	계단식	미래도건설	(주)다보산업관리
서울특별시	성동구	행당동	A10026207	서울숲리버뷰자이아파트	아파트	서울특별시 성동구 행당동 380 서울숲리버뷰자이아파트	서울특별시 성동구 고산자로2길 65	혼합	20180622	7	1034	858	176	위탁관리	개별난방	혼합식	GS건설	(주)아주관리
서울특별시	송파구	방이동	A10026209	올림픽베어스타운	아파트	서울특별시 송파구 방이동 171 올림픽베어스타운	서울특별시 송파구 위례성대로 58	분양	19960425	2	140	140	0	위탁관리	개별난방	복도식	상부종합건설(주)	(주)태룡에스디
서울특별시	서초구	잠원동	A10026227	아크로리버뷰 신반포	아파트	"서울특별시 서초구 잠원동 64-8,서울특별시 서초구 잠원동 159 아크로리버뷰 신반포"	서울특별시 서초구 잠원로 117	분양	20180604	5	595	595	0	위탁관리	지역난방	계단식	아크로리버뷰신반포	(주)타워피엠씨
서울특별시	동대문구	답십리동	A10026232	래미안미드카운티	아파트	서울특별시 동대문구 답십리동 98-4 래미안미드카운티	서울특별시 동대문구 답십리로 141	혼합	20190405	12	1009	837	172	위탁관리	개별난방	혼합식	삼성물산(주) 건설부문	남경종합관리(주)
서울특별시	송파구	오금동	A10026249	송파레미니스2단지	아파트	서울특별시 송파구 오금동 617 송파레미니스2단지	서울특별시 송파구 동남로 341	혼합	20180605	7	818	238	580	위탁관리	개별난방	계단식	"한신공영(주), 한양산업개발(주"	한국주택시설관리(주)
서울특별시	도봉구	방학동	A10026279	방학금광포란재아파트	아파트	서울특별시 도봉구 방학동 714-1 방학금광포란재아파트	서울특별시 도봉구 도봉로150바길 26	분양	20050614	2	105	105	0	위탁관리	개별난방	혼합식	(주)금광건업	주식회사 씨엠관리
서울특별시	노원구	공릉동	A10026289	공릉2차신도브래뉴아파트	아파트	서울특별시 노원구 공릉동 749 공릉2차신도브래뉴아파트	서울특별시 노원구 동일로193길 7	분양	20021129	1	138	138	0	위탁관리	개별난방	혼합식	(주)신도종합건설	(주)무림하우징
서울특별시	동작구	사당동	A10026299	래미안로이파크아파트	아파트	"서울특별시 동작구 사당동 1159,서울특별시 동작구 사당동 167-19 래미안로이파크아파트"	서울특별시 동작구 사당로23길 112	혼합	20181227	6	668	610	58	위탁관리	개별난방	계단식	삼성물산(주)	(주)타워피엠씨
서울특별시	영등포구	영등포동	A10026311	순영웰라이빌아파트	아파트	서울특별시 영등포구 영등포동 648 순영웰라이빌아파트	서울특별시 영등포구 영등포로62길 42	분양	20020718	2	136	136	0	위탁관리	개별난방	계단식	(주)순영종합건설	서림주택관리(주)
서울특별시	동대문구	이문동	A10026322	이문KCC웰츠타워	주상복합	서울특별시 동대문구 이문동 292-10 이문KCC웰츠타워	서울특별시 동대문구 이문로 136	분양	20080901	2	107	107	0	자치관리	개별난방	계단식	(주)KCC건설	 
서울특별시	강남구	삼성동	A10026350	삼성동센트럴아이파크	아파트	서울특별시 강남구 삼성동 188 삼성동센트럴아이파크	서울특별시 강남구 삼성로 629	혼합	20180330	4	416	359	57	위탁관리	지역난방	계단식	현대산업개발	(주)타워피엠씨
서울특별시	송파구	오금동	A10026362	송파호반베르디움더퍼스트	아파트	서울특별시 송파구 오금동 619 송파호반베르디움더퍼스트	서울특별시 송파구 동남로 342	분양	20180223	3	220	220	0	위탁관리	개별난방	계단식	(주)호반건설	제일에스테이트서비스 주식회사
서울특별시	서대문구	북아현동	A10026370	e편한세상신촌아파트	아파트	"서울특별시 서대문구 북아현동 1013,서울특별시 서대문구 북아현동 1014,서울특별시 서대문구 북아현동 1015,서울특별시 서대문구 북아현동 1016 e편한세상신촌아파트"	서울특별시 서대문구 북아현로1길 17	혼합	20180503	22	1910	1584	326	위탁관리	개별난방	혼합식	대림산업	(주)타워피엠씨
서울특별시	은평구	진관동	A10026376	은평뉴타운 한화꿈에그린	아파트	서울특별시 은평구 진관동 66 은평뉴타운 한화꿈에그린	서울특별시 은평구 진관3로 33	분양	20180322	2	142	142	0	위탁관리	지역난방	혼합식	한화건설	주식회사 집합건물과사람들
서울특별시	강동구	상일동	A10026403	고덕숲아이파크아파트	아파트	서울특별시 강동구 상일동 515 고덕숲아이파크아파트	서울특별시 강동구 고덕로80길 134	혼합	20180308	13	687	660	27	위탁관리	지역난방	계단식	현대산업개발(주)	우리관리(주)
서울특별시	서초구	서초동	A10026411	래미안서초에스티지에스아파트	아파트	"서울특별시 서초구 서초동 1754-,서울특별시 서초구 서초동 1331 래미안서초에스티지에스아파트"	서울특별시 서초구 서운로 104	혼합	20180124	5	593	502	91	위탁관리	지역난방	혼합식	삼성물산	우리관리(주)
서울특별시	은평구	진관동	A10026414	은평뉴타운솔하임	주상복합	"서울특별시 은평구 진관동 60,서울특별시 은평구 진관동 59-18 은평뉴타운솔하임"	서울특별시 은평구 통일로 1080	분양	20170928	3	260	260	0	위탁관리	지역난방	혼합식	(주)삼전건설	주식회사 한빛종합관리
서울특별시	성동구	금호동1가	A10026418	e편한세상금호파크힐스	아파트	"서울특별시 성동구 금호동1가 1824,서울특별시 성동구 금호동1가 280 e편한세상금호파크힐스"	서울특별시 성동구 금호로 140	혼합	20190509	17	1330	1330	0	위탁관리	개별난방	계단식	대림산업	주식회사 한빛종합관리
서울특별시	구로구	오류동	A10026434	서울 오류동 행복주택	아파트	"서울특별시 구로구 오류동 64-25,서울특별시 구로구 오류동 64-28 서울 오류동 행복주택"	서울특별시 구로구 경인로20가길 68	임대	20180226	4	890	0	890	위탁관리	개별난방	기타	"롯데건설, 금호건설, 계룔건설"	(유)사랑주택관리
서울특별시	영등포구	양평동3가	A10026457	양평역미소지움아파트	아파트	서울특별시 영등포구 양평동3가 106 양평역미소지움아파트	서울특별시 영등포구 양산로 11	분양	20180124	1	128	128	0	위탁관리	개별난방	혼합식	SG신성건설(주)	(주)로이안
서울특별시	중랑구	묵동	A10026469	묵동자이2단지아파트	주상복합	서울특별시 중랑구 묵동 170-1 묵동자이2단지아파트	서울특별시 중랑구 동일로 932	분양	20101214	2	274	274	0	위탁관리	개별난방	계단식	GS건설(주)	제일에스테이트서비스 주식회사
서울특별시	성동구	금호동4가	A10026470	힐스테이트서울숲리버	아파트	"서울특별시 성동구 금호동4가 1553,서울특별시 성동구 금호동4가 56-1 힐스테이트서울숲리버"	서울특별시 성동구 독서당로 344	혼합	20180219	15	606	502	104	위탁관리	개별난방	혼합식	현대건설	주식회사 대승케이비엠
서울특별시	중구	만리동2가	A10026517	서울역한라비발디센트럴아파트	아파트	서울특별시 중구 만리동2가 288 서울역한라비발디센트럴아파트	서울특별시 중구 만리재로 177	분양	20180116	4	199	199	0	위탁관리	개별난방	계단식	(주)한라건설	(주)신대한관리
서울특별시	성북구	장위동	A10026571	꿈의숲코오롱하늘채아파트	아파트	서울특별시 성북구 장위동 319 꿈의숲코오롱하늘채아파트	서울특별시 성북구 돌곶이로 220	혼합	20171030	5	513	421	92	위탁관리	개별난방	혼합식	코오롱글로벌(주)	율산개발(주)
서울특별시	서대문구	홍은동	A10026604	북한산 더샵	아파트	서울특별시 서대문구 홍은동 464 북한산 더샵	서울특별시 서대문구 통일로 510	혼합	20171218	8	552	458	94	위탁관리	개별난방	혼합식	포스코건설	에이제이대원 주식회사
서울특별시	금천구	독산동	A10026626	금천롯데캐슬골드파크2차	주상복합	서울특별시 금천구 독산동 1150 금천롯데캐슬골드파크2차	서울특별시 금천구 벚꽃로 30	분양	20170928	2	292	292	0	위탁관리	개별난방	계단식	롯데건설(주)	(주)듀델코리아
서울특별시	송파구	장지동	A10026682	위례포레샤인아파트	아파트	서울특별시 송파구 장지동 905 위례포레샤인아파트	서울특별시 송파구 위례순환로 477	임대	20170928	23	2200	0	2200	위탁관리	지역난방	혼합식	계룡건설	(주)한결에이엠
서울특별시	관악구	봉천동	A10026710	프라비다2	주상복합	서울특별시 관악구 봉천동 867-12 프라비다2	서울특별시 관악구 남부순환로218길 37	분양	20130227	1	252	252	0	위탁관리	개별난방	복도식	대호아이피종합건설	아이피비엠씨관리 주식회사
서울특별시	도봉구	도봉동	A10026714	도봉중흥S클래스	아파트	서울특별시 도봉구 도봉동 51-12 도봉중흥S클래스	서울특별시 도봉구 도봉로180가길 32	분양	20041013	1	141	141	0	위탁관리	개별난방	계단식	중흥건설	주식회사 씨엠관리
서울특별시	송파구	마천동	A10026717	마천동신동아아파트	아파트	서울특별시 송파구 마천동 20 마천동신동아아파트	서울특별시 송파구 성내천로21길 11	분양	20010529	2	134	134	0	자치관리	개별난방	혼합식	"신동아건설(주), 재건축 조합"	 
서울특별시	용산구	한강로2가	A10026719	아스테리움용산	주상복합	서울특별시 용산구 한강로2가 419- 아스테리움용산	서울특별시 용산구 한강대로30길 25	분양	20121214	1	128	128	0	위탁관리		기타	동부건설	(주)타워피엠씨
서울특별시	광진구	자양동	A10026720	래미안 프리미어 팰리스	아파트	서울특별시 광진구 자양동 859 래미안 프리미어 팰리스	서울특별시 광진구 아차산로 345	혼합	20171026	2	264	215	49	위탁관리	개별난방	계단식	삼성물산	우리관리(주)
서울특별시	구로구	천왕동	A10026729	천왕연지마을1단지 아파트	아파트	서울특별시 구로구 천왕동  천왕연지마을1단지 아파트	서울특별시 구로구 오류로 36-13	임대	20170830	1	181	0	181	위탁관리	개별난방	복도식	대들보건설	태영건물종합관리 주식회사
서울특별시	송파구	오금동	A10026734	송파레미니스아파트	아파트	서울특별시 송파구 오금동 616 송파레미니스아파트	서울특별시 송파구 성내천로 6	혼합	20171102	5	575	166	409	위탁관리	개별난방	혼합식	한신공영(주)	우리관리(주)
서울특별시	성동구	옥수동	A10026748	옥수파크힐스아파트	아파트	"서울특별시 성동구 옥수동 528-1,서울특별시 성동구 옥수동 528 옥수파크힐스아파트"	서울특별시 성동구 매봉길 50	혼합	20161109	25	1976	1636	340	위탁관리	개별난방	계단식	대림산업(주)	(주)타워피엠씨
서울특별시	용산구	한강로2가	A10026759	용산푸르지오써밋	주상복합	"서울특별시 용산구 한강로2가 420-,서울특별시 용산구 한강로2가 391,서울특별시 용산구 한강로2가 420 용산푸르지오써밋"	서울특별시 용산구 한강대로 69	분양	20170801	1	151	151	0	위탁관리	개별난방	복도식	대우건설(주)	우리관리(주)
서울특별시	영등포구	대림동	A10026761	H하우스 대림 뉴스테이	아파트	서울특별시 영등포구 대림동 1126 H하우스 대림 뉴스테이	서울특별시 영등포구 시흥대로 595	임대	20170627	2	293	0	293	위탁관리	개별난방	혼합식	(주)케이씨씨건설	에셋테크(주)
서울특별시	동대문구	답십리동	A10026779	답십리한화아파트	아파트	서울특별시 동대문구 답십리동 994 답십리한화아파트	서울특별시 동대문구 고미술로 57	분양	20010928	1	146	146	0	위탁관리	개별난방	계단식	한화건설	(주)신대한관리
서울특별시	금천구	시흥동	A10026792	백운한비치2차	아파트	서울특별시 금천구 시흥동 1018 백운한비치2차	서울특별시 금천구 금하로23길 52	분양	20080115	2	112	112	0	위탁관리	개별난방	계단식	백운건설	파인스카이 도시관리
서울특별시	영등포구	당산동4가	A10026797	당산롯데캐슬프레스티지 아파트	아파트	서울특별시 영등포구 당산동4가 99 당산롯데캐슬프레스티지 아파트	서울특별시 영등포구 영신로 237	분양	20170728	2	198	198	0	위탁관리	개별난방	계단식	롯데건설(주)	대원에스테이트서비스(주)
서울특별시	영등포구	영등포동7가	A10026801	브라운스톤 영등포	아파트	서울특별시 영등포구 영등포동7가 202 브라운스톤 영등포	서울특별시 영등포구 버드나루로12가길 13	분양	20040318	1	118	118	0	위탁관리	개별난방	계단식	이수건설	(주)신대한관리
서울특별시	송파구	풍납동	A10026804	강변현대아파트	아파트	서울특별시 송파구 풍납동 299-1 강변현대아파트	서울특별시 송파구 한가람로 402	분양	19911018	1	104	104	0	위탁관리	지역난방	계단식	현대사업개발	유원종합관리(주)
서울특별시	영등포구	영등포동7가	A10026816	아크로타워스퀘어	아파트	서울특별시 영등포구 영등포동7가 145-8 아크로타워스퀘어	서울특별시 영등포구 국회대로54길 10	혼합	20170830	7	1221	1021	200	위탁관리	개별난방	혼합식	대림산업	우리관리(주)
서울특별시	은평구	응암동	A10026834	힐스테이트백련산4차	아파트	서울특별시 은평구 응암동 764 힐스테이트백련산4차	서울특별시 은평구 백련산로 37	혼합	20180219	13	963	933	30	위탁관리(직영+위탁)	개별난방	계단식	현대건설	우리관리(주)
서울특별시	은평구	진관동	A10026842	은평지웰테라스	연립주택	서울특별시 은평구 진관동 9 은평지웰테라스	서울특별시 은평구 진관4로 78-38	분양	20170731	12	220	220	0	위탁관리	지역난방	계단식	(주)한라건설	우리관리(주)
서울특별시	중구	묵정동	A10026849	묵정아파트	아파트	서울특별시 중구 묵정동 11-67 묵정아파트	서울특별시 중구 서애로1길 34	분양	19810525	1	122	122	0	자치관리	개별난방	복도식	라이프주택	 
서울특별시	강동구	천호동	A10026852	래미안강동팰리스	주상복합	서울특별시 강동구 천호동 571 래미안강동팰리스	서울특별시 강동구 천호대로 1077	분양	20170731	3	999	999	0	위탁관리	개별난방	계단식	삼성물산	우리관리(주)
서울특별시	도봉구	방학동	A10026856	신동아 타워 아파트	주상복합	서울특별시 도봉구 방학동 736 신동아 타워 아파트	서울특별시 도봉구 방학로 210	분양	19970825	1	2	2	0	위탁관리	개별난방	복도식	신동아건설	서림주택관리(주)
서울특별시	동작구	본동	A10026873	극동강변아파트	아파트	서울특별시 동작구 본동 148-2 극동강변아파트	서울특별시 동작구 매봉로 156	분양	19920309	1	123	123	0	위탁관리	개별난방	계단식	극동건설(주)	대성티엠씨 주식회사
서울특별시	광진구	구의동	A10026874	강변에스케이뷰	주상복합	서울특별시 광진구 구의동 667 강변에스케이뷰	서울특별시 광진구 아차산로 431	분양	20170714	2	197	197	0	위탁관리	개별난방	계단식	(주)에스케이건설	주식회사 쉴드인터내셔널
서울특별시	강서구	마곡동	A10026879	마곡13단지 힐스테이트마스터 아파트	아파트	서울특별시 강서구 마곡동 748 마곡13단지 힐스테이트마스터 아파트	서울특별시 강서구 마곡중앙1로 71	분양	20170410	22	1194	1194	0	위탁관리	지역난방	계단식	현대엔지니어링	대원종합관리(주)
서울특별시	중구	만리동2가	A10026881	서울역센트럴자이아파트	아파트	서울특별시 중구 만리동2가 273 서울역센트럴자이아파트	서울특별시 중구 만리재로 175	혼합	20170807	14	1341	1113	228	위탁관리	개별난방	혼합식	GS건설주식회사	제일에스테이트서비스 주식회사
서울특별시	성동구	하왕십리동	A10026900	왕십리 자이 아파트	아파트	서울특별시 성동구 하왕십리동 1071 왕십리 자이 아파트	서울특별시 성동구 난계로 100	혼합	20170728	6	713	587	126	위탁관리	개별난방	혼합식	GS건설	(주)타워피엠씨
서울특별시	관악구	신림동	A10026910	관악우정하이비전아파트 1단지	아파트	서울특별시 관악구 신림동 1721 관악우정하이비전아파트 1단지	서울특별시 관악구 양지길 50-5	분양	20040611	2	140	140	0	위탁관리	개별난방	계단식	우정건설(주)	광인산업(주)
서울특별시	용산구	한강로2가	A10026922	래미안용산아파트	주상복합	서울특별시 용산구 한강로2가 422 래미안용산아파트	서울특별시 용산구 한강대로 95	분양	20170531	2	195	195	0	위탁관리	중앙난방	혼합식	삼성물산	우리관리(주)
서울특별시	강남구	대치동	A10026924	대치SK VIEW	아파트	서울특별시 강남구 대치동 1029 대치SK VIEW	서울특별시 강남구 삼성로51길 25	분양	20170620	4	239	239	0	위탁관리	지역난방	계단식	에스케이건설(주)	우리관리(주)
서울특별시	강남구	삼성동	A10026934	삼성동롯데캐슬킹덤아파트	아파트	서울특별시 강남구 삼성동 43 삼성동롯데캐슬킹덤아파트	서울특별시 강남구 선릉로112길 53	분양	20051129	3	118	118	0	위탁관리	개별난방	계단식	롯데건설	태영건물종합관리 주식회사
서울특별시	종로구	교북동	A10026940	경희궁자이4단지주상복합	주상복합	서울특별시 종로구 교북동 126 경희궁자이4단지주상복합	서울특별시 종로구 송월길 155	분양	20170629	3	182	182	0	위탁관리	개별난방	계단식	지에스건설	제일에스테이트서비스 주식회사
서울특별시	서초구	서초동	A10026941	서초푸르지오써밋	아파트	서울특별시 서초구 서초동 1310 서초푸르지오써밋	서울특별시 서초구 서운로 201	혼합	20170622	7	907	844	63	위탁관리	지역난방	계단식	대우건설	(주)타워피엠씨
서울특별시	종로구	행촌동	A10026946	경희궁자이1단지(임대아파트)	아파트	서울특별시 종로구 행촌동 211 경희궁자이1단지(임대아파트)	서울특별시 종로구 송월길 130	임대	20170629	5	496	0	496	위탁관리	개별난방	복도식	GS자이	광인에스테이트서비스 주식회사
서울특별시	강북구	미아동	A10026947	꿈의숲롯데캐슬아파트	아파트	서울특별시 강북구 미아동 4 꿈의숲롯데캐슬아파트	서울특별시 강북구 오현로 56	혼합	20170227	11	615	510	105	위탁관리	개별난방	복도식	롯데건설(주)	(주)아주관리
서울특별시	서초구	서초동	A10026972	서초동 아이파크	아파트	서울특별시 서초구 서초동 1436-14 서초동 아이파크	서울특별시 서초구 효령로68길 38	분양	20030904	3	115	115	0	위탁관리	지역난방	계단식	현대산업개발	(주)무림하우징
서울특별시	서초구	잠원동	A10026977	월드메르디앙아파트	아파트	서울특별시 서초구 잠원동 33-11 월드메르디앙아파트	서울특별시 서초구 신반포로45길 71	분양	20020221	1	107	107	0	위탁관리		계단식	월드건설	(주)한빛관리
서울특별시	성동구	성수동1가	A10026988	트리마제	아파트	서울특별시 성동구 성수동1가 718 트리마제	서울특별시 성동구 왕십리로 16	분양	20170529	4	688	688	0	위탁관리	개별난방	계단식	두산중공업	(주)타워피엠씨
서울특별시	서초구	방배동	A10027016	방배자이아파트	아파트	서울특별시 서초구 방배동 888-53 방배자이아파트	서울특별시 서초구 방배로18길 67	분양	20031101	3	136	136	0	위탁관리	개별난방	계단식	LG건설	세화종합관리(주)
서울특별시	서대문구	남가좌동	A10027019	상암DMC엘가	주상복합	서울특별시 서대문구 남가좌동 387 상암DMC엘가	서울특별시 서대문구 모래내로 151	분양	20170208	1	288	288	0	위탁관리	개별난방	복도식	모아주택산업(주)	주식회사 휴스트
서울특별시	영등포구	문래동3가	A10027023	문래우정아파트	아파트	서울특별시 영등포구 문래동3가 78 문래우정아파트	서울특별시 영등포구 도림로 456	분양	19981208	1	103	103	0	위탁관리	개별난방	혼합식	우정건설	신한영관리(주)
서울특별시	용산구	한남동	A10027071	한남아이파크	주상복합	서울특별시 용산구 한남동 93 한남아이파크	서울특별시 용산구 독서당로 46	분양	20170308	1	280	280	0	위탁관리	개별난방	복도식	현대산업개발	우리관리(주)
서울특별시	영등포구	신길동	A10027073	래미안에스티움	아파트	서울특별시 영등포구 신길동 4950 래미안에스티움	서울특별시 영등포구 신풍로 77	혼합	20170412	19	1722	1533	189	위탁관리	개별난방	혼합식	삼성물산주식회사	대원에스테이트서비스(주)
서울특별시	동대문구	답십리동	A10027089	현대썬앤빌청계	주상복합	서울특별시 동대문구 답십리동 530-15 현대썬앤빌청계	서울특별시 동대문구 고미술로 71	분양	20161222	1	269	269	0	위탁관리	개별난방	복도식	현대bs&c	(주)다보산업관리
서울특별시	마포구	아현동	A10027090	마포센트럴아이파크	아파트	서울특별시 마포구 아현동 802 마포센트럴아이파크	서울특별시 마포구 마포대로 246	혼합	20171116	6	497	412	85	위탁관리	개별난방	계단식	현대산업개발	(주)타워피엠씨
서울특별시	동대문구	휘경동	A10027101	휘경현대아파트	아파트	서울특별시 동대문구 휘경동 363 휘경현대아파트		분양	19921205	3	146	146	0	위탁관리	개별난방	계단식	현대건설	(주)국제안전시스템
서울특별시	종로구	평동	A10027105	경희궁자이3단지	주상복합	서울특별시 종로구 평동 233 경희궁자이3단지	서울특별시 종로구 경교장길 35	분양	20170224	8	589	589	0	위탁관리	개별난방	계단식	자이건설(주)	우리관리(주)
서울특별시	종로구	홍파동	A10027118	경희궁자이2단지 아파트	주상복합	서울특별시 종로구 홍파동 199 경희궁자이2단지 아파트	서울특별시 종로구 송월길 99	분양	20170224	14	1148	1148	0	위탁관리	개별난방	계단식	GS건설	(주)타워피엠씨
서울특별시	노원구	월계동	A10027121	녹천역두산위브아파트	아파트	서울특별시 노원구 월계동 672 녹천역두산위브아파트	서울특별시 노원구 마들로5길 25	혼합	20171020	10	326	270	56	위탁관리	개별난방	혼합식	두산건설주식회사	서림주택관리(주)
서울특별시	도봉구	도봉동	A10027136	도봉숲 아뜨리움	아파트	서울특별시 도봉구 도봉동 593-37 도봉숲 아뜨리움	서울특별시 도봉구 도봉로167길 38	분양	20160913	5	172	172	0	위탁관리	개별난방	계단식	성보건설산업(주)	세화종합관리(주)
서울특별시	마포구	성산동	A10027157	서울가좌행복주택	아파트	서울특별시 마포구 성산동 134-2 서울가좌행복주택	서울특별시 마포구 성암로 28	임대	20161221	1	362	0	362	위탁관리	개별난방	혼합식	진흥개발(주)	성원산업개발(주)
서울특별시	종로구	효제동	A10027162	포레스트힐시티	주상복합	서울특별시 종로구 효제동 65-2 포레스트힐시티	서울특별시 종로구 대학로 33	분양	20170120	1	152	152	0	위탁관리	개별난방	기타	신홍선건설	주식회사 에이치피엠씨
서울특별시	금천구	독산동	A10027188	금천롯데캐슬골드파크1차아파트	아파트	서울특별시 금천구 독산동 1147 금천롯데캐슬골드파크1차아파트	서울특별시 금천구 벚꽃로 40	혼합	20161130	11	1743	1560	183	위탁관리	개별난방	계단식	롯데건설(주)	율산개발(주)
서울특별시	성북구	보문동6가	A10027189	보문파크뷰자이아파트	아파트	"서울특별시 성북구 보문동6가 458,서울특별시 성북구 보문동6가 198-45 보문파크뷰자이아파트"	서울특별시 성북구 보문사길 111	혼합	20170118	17	1186	978	208	위탁관리	개별난방	혼합식	GS건설	우리관리(주)
서울특별시	서초구	반포동	A10027205	아크로리버파크	아파트	서울특별시 서초구 반포동 2-12 아크로리버파크	서울특별시 서초구 신반포로15길 19	혼합	20160830	15	1612	1527	85	위탁관리	지역난방	혼합식	(주)대림산업	(주)타워피엠씨
서울특별시	강동구	고덕동	A10027207	래미안힐스테이트 고덕	아파트	서울특별시 강동구 고덕동 670 래미안힐스테이트 고덕	서울특별시 강동구 아리수로50길 50	혼합	20161229	51	3658	3447	211	위탁관리	지역난방	계단식	"삼성, 현대"	우리관리(주)
서울특별시	서초구	서초동	A10027221	래미안 서초에스티지	아파트	서울특별시 서초구 서초동 1332-13 래미안 서초에스티지	서울특별시 서초구 서운로 107	혼합	20161223	4	421	356	65	위탁관리	지역난방	혼합식	삼성물산	(주)타워피엠씨
서울특별시	성북구	돈암동	A10027227	돈암코오롱하늘채아파트	아파트	서울특별시 성북구 돈암동 644 돈암코오롱하늘채아파트	서울특별시 성북구 아리랑로 75	혼합	20161229	10	629	522	107	위탁관리	개별난방	혼합식	돈암정릉구역주택재개발정비사업조합	대원에스테이트서비스(주)
서울특별시	동대문구	용두동	A10027274	동대문푸르지오시티	도시형 생활주택(주상복합)	서울특별시 동대문구 용두동 104-3 동대문푸르지오시티	서울특별시 동대문구 왕산로 86	분양	20160909	1	299	299	0	위탁관리	개별난방	복도식	대우건설(주)	(주)동우개발
서울특별시	성동구	하왕십리동	A10027289	센트라스	아파트	"서울특별시 성동구 하왕십리동 700,서울특별시 성동구 하왕십리동 1070,서울특별시 성동구 하왕십리동 1070- 센트라스"	서울특별시 성동구 왕십리로 410	혼합	20161129	30	2529	2097	432	위탁관리	개별난방	계단식	"포스코,SK,현대"	율산개발 유한회사
서울특별시	중랑구	신내동	A10027297	신내대성유니드아파트	아파트	서울특별시 중랑구 신내동 803 신내대성유니드아파트	서울특별시 중랑구 봉화산로56길 140	분양	20050526	1	133	133	0	위탁관리	개별난방	계단식	대성	(주)융성종합관리
서울특별시	마포구	합정동	A10027301	마포한강2차푸르지오	주상복합	서울특별시 마포구 합정동 473 마포한강2차푸르지오	서울특별시 마포구 월드컵로3길 14	분양	20160714	2	198	198	0	위탁관리	개별난방	계단식	(주)대우건설	세화종합관리(주)
서울특별시	양천구	목동	A10027303	목동효성아파트	아파트	서울특별시 양천구 목동 539-4 목동효성아파트	서울특별시 양천구 목동중앙북로24길 65	분양	20030110	1	121	121	0	위탁관리	개별난방	계단식	(주) 효성	(주)신성티엠
서울특별시	강남구	도곡동	A10027319	도곡한라비발디아파트	아파트	서울특별시 강남구 도곡동 893-2 도곡한라비발디아파트	서울특별시 강남구 남부순환로365길 33	분양	20160422	1	110	110	0	위탁관리	지역난방	계단식	(주)한라	(주)두온자산관리
서울특별시	송파구	문정동	A10027346	파크하비오푸르지오아파트	주상복합	서울특별시 송파구 문정동 618 파크하비오푸르지오아파트	서울특별시 송파구 송파대로 111	분양	20160929	10	999	999	0	위탁관리	지역난방	혼합식	대우건설주식회사	율산개발(주)
서울특별시	강동구	성내동	A10027354	올림픽파크한양수자인	아파트	서울특별시 강동구 성내동 547-1 올림픽파크한양수자인	서울특별시 강동구 성내로 80	혼합	20160818	5	482	439	43	위탁관리	개별난방	계단식	(주)한양	(주)무림하우징
서울특별시	중구	순화동	A10027364	덕수궁롯데캐슬아파트	주상복합	서울특별시 중구 순화동 217 덕수궁롯데캐슬아파트	서울특별시 중구 서소문로9길 28	분양	20160831	2	296	296	0	위탁관리	개별난방	복도식	롯데건설	율산개발(주)
서울특별시	강서구	마곡동	A10027371	마곡엠밸리11단지	아파트	서울특별시 강서구 마곡동 746 마곡엠밸리11단지	서울특별시 강서구 공항대로 124	혼합	20160912	6	347	102	245	위탁관리	지역난방	계단식	(주)대보건설	대원에스테이트서비스(주)
서울특별시	양천구	신정동	A10027375	목동힐스테이트	아파트	서울특별시 양천구 신정동 1323 목동힐스테이트	서울특별시 양천구 중앙로36길 15	혼합	20160519	15	1081	896	185	위탁관리	개별난방	기타	현대건설	우리관리(주)
서울특별시	영등포구	대림동	A10027381	보라매 신동아파밀리에아파트	아파트	"서울특별시 영등포구 대림동 929-56,서울특별시 영등포구 대림동 1125 보라매 신동아파밀리에아파트"	서울특별시 영등포구 디지털로 420	혼합	20160729	4	247	233	14	위탁관리	개별난방	계단식	신동아건설(주)	주식회사 성우서비스
서울특별시	양천구	신정동	A10027396	신정숲속마을아파트	아파트	서울특별시 양천구 신정동 831 신정숲속마을아파트		혼합	20160810	7	560	140	420	위탁관리	지역난방	혼합식	(주)한일건설	광인에스테이트서비스 주식회사
서울특별시	강서구	마곡동	A10027403	마곡엠밸리12단지	아파트	서울특별시 강서구 마곡동 746-1 마곡엠밸리12단지	서울특별시 강서구 공항대로 140	혼합	20160912	6	363	269	94	위탁관리	지역난방	계단식	(주)대보건설	에이제이대원 주식회사
서울특별시	동작구	상도동	A10027424	상도파크자이 아파트	아파트	"서울특별시 동작구 상도동 900,서울특별시 동작구 상도동 363 상도파크자이 아파트"	서울특별시 동작구 장승배기로11가길 11	혼합	20160826	7	471	387	84	위탁관리	개별난방	혼합식	GS건설	서림주택관리(주)
서울특별시	용산구	이태원동	A10027425	이태원주공아파트	아파트	서울특별시 용산구 이태원동 728 이태원주공아파트		분양	19930424	8	130	130	0	위탁관리	개별난방	계단식	대한주택공사	 
서울특별시	성동구	하왕십리동	A10027432	서울 왕십리 KCC스위첸아파트	아파트	서울특별시 성동구 하왕십리동 1002 서울 왕십리 KCC스위첸아파트	서울특별시 성동구 무학봉길 35	분양	20160428	3	272	272	0	위탁관리	개별난방	계단식	KCC건설	대원에스테이트서비스(주)
서울특별시	강서구	마곡동	A10027433	마곡엠밸리8단지	아파트	서울특별시 강서구 마곡동 741 마곡엠밸리8단지	서울특별시 강서구 마곡서1로 81	혼합	20160722	10	531	266	265	위탁관리	지역난방	계단식	한진중공업	서일개발(주)
서울특별시	서초구	잠원동	A10027439	래미안 신반포팰리스	아파트	"서울특별시 서초구 잠원동 158-,서울특별시 서초구 잠원동 158 래미안 신반포팰리스"	서울특별시 서초구 잠원로8길 35	혼합	20160622	7	843	762	81	위탁관리	중앙난방	계단식	삼성물산	우리관리(주)
서울특별시	강남구	수서동	A10027446	강남더샵포레스트	아파트	서울특별시 강남구 수서동 537 강남더샵포레스트	서울특별시 강남구 광평로34길 35	분양	20160727	10	400	400	0	위탁관리	지역난방	계단식	포스코건설	(주)타워피엠씨
서울특별시	강서구	마곡동	A10027452	마곡엠밸리10단지 아파트	아파트	서울특별시 강서구 마곡동 747 마곡엠밸리10단지 아파트	서울특별시 강서구 마곡중앙1로 72	혼합	20160809	8	550	58	492	위탁관리	지역난방	계단식	남양건설	(주)두온자산관리
서울특별시	중랑구	중화동	A10027456	중화동양엔파트 주상복합	주상복합	서울특별시 중랑구 중화동 208-33 중화동양엔파트 주상복합	서울특별시 중랑구 망우로 203	분양	20100525	2	103	103	0	위탁관리	개별난방	계단식	동양	율산개발주식회사
서울특별시	송파구	장지동	A10027461	힐스테이트 송파위례아파트	주상복합	서울특별시 송파구 장지동 170 힐스테이트 송파위례아파트	서울특별시 송파구 위례광장로 170	분양	20160719	8	490	490	0	위탁관리	지역난방	계단식	현대건설(주)	(주)무림하우징
서울특별시	동작구	상도동	A10027472	상도효성해링턴플레이스	아파트	서울특별시 동작구 상도동 536 상도효성해링턴플레이스	서울특별시 동작구 상도로 207	혼합	20160203	2	202	147	55	위탁관리	개별난방	계단식	(주)효성	(주)경진관리
서울특별시	강남구	역삼동	A10027474	역삼자이아파트	아파트	서울특별시 강남구 역삼동 711-1 역삼자이아파트	서울특별시 강남구 언주로 420	혼합	20160622	3	408	357	51	위탁관리	지역난방	혼합식	GS건설	(주)타워피엠씨
서울특별시	구로구	구로동	A10027493	덕영드림아파트	아파트	서울특별시 구로구 구로동 1282 덕영드림아파트	서울특별시 구로구 구로중앙로 34	분양	20061228	1	125	125	0	자치관리	개별난방	혼합식	덕영	 
서울특별시	동작구	사당동	A10027495	이수자이 주상복합	주상복합	서울특별시 동작구 사당동 147-29 이수자이 주상복합		분양	20101215	2	140	140	0	위탁관리(직영+위탁)	개별난방	복도식	GS건설	우리관리(주)
서울특별시	마포구	신공덕동	A10027504	월드마크마포아파트	아파트	서울특별시 마포구 신공덕동 173 월드마크마포아파트	서울특별시 마포구 백범로 212	분양	20111230	2	132	132	0	위탁관리	개별난방	기타	대우건설(주)	율산개발(주)
서울특별시	구로구	구로동	A10027507	한국현대아파트	아파트	서울특별시 구로구 구로동 642-39 한국현대아파트	서울특별시 구로구 구일로8길 107	분양	19940513	1	105	105	0	자치관리	개별난방	복도식	현대건설	 
서울특별시	영등포구	문래동6가	A10027512	문래유원아파트	아파트	서울특별시 영등포구 문래동6가 11-1 문래유원아파트		분양	19910605	1	134	134	0	위탁관리	개별난방	계단식	유원	 
서울특별시	구로구	오류동	A10027522	우림필유아파트	아파트	서울특별시 구로구 오류동 348 우림필유아파트	서울특별시 구로구 서해안로 2368	분양	20051207	2	120	120	0	자치관리	개별난방	계단식	우림건설	 
서울특별시	강서구	염창동	A10027541	강서쌍용예가아파트	아파트	서울특별시 강서구 염창동 308 강서쌍용예가아파트	서울특별시 강서구 양천로 613	분양	20140611	4	152	152	0	위탁관리	개별난방	계단식	(주)쌍용건설	(주)무림하우징
서울특별시	송파구	장지동	A10027553	위례2차아이파크아파트	아파트	서울특별시 송파구 장지동 884 위례2차아이파크아파트	서울특별시 송파구 위례광장로 193	분양	20160526	7	495	495	0	위탁관리	지역난방	계단식	현대산업개발	(주)무림하우징
서울특별시	도봉구	방학동	A10027555	방학동효성하이타운	아파트	서울특별시 도봉구 방학동 739 방학동효성하이타운	서울특별시 도봉구 방학로11길 33	분양	20020516	1	122	122	0	위탁관리	개별난방	계단식	(주)효성	(주)한성세영비엔에이
서울특별시	강남구	세곡동	A10027558	강남효성해링턴코트	연립주택	서울특별시 강남구 세곡동 541 강남효성해링턴코트	서울특별시 강남구 자곡로7길 36-1	분양	20160428	11	199	199	0	위탁관리	지역난방	계단식	555071	제일에스테이트서비스 주식회사
서울특별시	은평구	불광동	A10027569	북한산힐스테이트3차 3207동(임대동)아파트	아파트	서울특별시 은평구 불광동 640 북한산힐스테이트3차 3207동(임대동)아파트	서울특별시 은평구 불광로14길 10-4	임대	20100825	1	147	0	147	위탁관리	개별난방	복도식	현대건설	주식회사 한빛종합관리
서울특별시	강남구	일원동	A10027571	개포4차현대아파트	아파트	서울특별시 강남구 일원동 614 개포4차현대아파트	서울특별시 강남구 개포로110길 21	분양	19870203	1	142	142	0	위탁관리	지역난방	계단식	현대	세화종합관리(주)
서울특별시	마포구	망원동	A10027572	마포영화블렌하임	주상복합	서울특별시 마포구 망원동 517 마포영화블렌하임	경기도 고양시 덕양구 호국로 1000	분양	20090918	3	130	130	0	위탁관리	개별난방	계단식	영화건설	우리관리(주)
서울특별시	서초구	방배동	A10027585	방배3차 현대 홈 타운 아파트	아파트	서울특별시 서초구 방배동 2233 방배3차 현대 홈 타운 아파트	서울특별시 서초구 방배중앙로21길 55	분양	20040701	3	123	123	0	위탁관리	개별난방	계단식	현대건설(주)	세화종합관리(주)
서울특별시	노원구	상계동	A10027601	중계센트럴파크아파트	아파트	서울특별시 노원구 상계동 1322 중계센트럴파크아파트	서울특별시 노원구 덕릉로70가길 21	혼합	20160317	5	457	228	229	위탁관리	지역난방	혼합식	진흥기업(주)	광인에스테이트서비스 주식회사
서울특별시	성동구	금호동2가	A10027602	신금호파크자이아파트	아파트	서울특별시 성동구 금호동2가 1 신금호파크자이아파트	서울특별시 성동구 금호로 173	혼합	20160420	10	1156	958	198	위탁관리	개별난방	혼합식	GS건설	대원에스테이트서비스(주)
서울특별시	동작구	상도동	A10027614	상도 휴엔하임 도시형생횔주택	아파트	서울특별시 동작구 상도동 363-164 상도 휴엔하임 도시형생횔주택	서울특별시 동작구 상도로15길 131	분양	20160224	1	298	298	0	위탁관리	개별난방	계단식	신구건설(주)	대성티엠씨 주식회사
서울특별시	노원구	공릉동	A10027622	노원프레미어스엠코	주상복합	서울특별시 노원구 공릉동 670-20 노원프레미어스엠코	서울특별시 노원구 동일로 986	분양	20160116	2	234	234	0	위탁관리	개별난방	계단식	현대엔지니어링	(주)타워피엠씨
서울특별시	송파구	장지동	A10027632	송파 와이즈더샵	아파트	서울특별시 송파구 장지동 895 송파 와이즈더샵	서울특별시 송파구 위례광장로 270	분양	20160226	6	390	390	0	위탁관리	지역난방	계단식	(주)포스코건설	대원종합관리(주)
서울특별시	동작구	상도동	A10027633	상도2차 두산위브트레지움 아파트	주상복합	서울특별시 동작구 상도동 535 상도2차 두산위브트레지움 아파트	서울특별시 동작구 상도로30길 39	혼합	20160127	6	582	422	160	위탁관리	개별난방	계단식	두산중공업	대원에스테이트서비스(주)
서울특별시	강동구	강일동	A10027638	강일리버파크11단지	아파트	서울특별시 강동구 강일동 689 강일리버파크11단지	서울특별시 강동구 고덕로97길 89	임대	20151229	4	346	0	346	위탁관리	지역난방	복도식	(주)대흥토건	(주)성우알티에스
서울특별시	중랑구	상봉동	A10027670	상봉듀오트리스	주상복합	서울특별시 중랑구 상봉동 79 상봉듀오트리스	서울특별시 중랑구 상봉로 131	분양	20160120	2	264	264	0	위탁관리	개별난방	기타	"포스코, 포스코A&C"	광인에스테이트서비스 주식회사
서울특별시	서대문구	홍제동	A10027681	홍제금호어울림아파트	주상복합	서울특별시 서대문구 홍제동 451-13 홍제금호어울림아파트	"서울특별시 서대문구 모래내로 411,서울특별시 서대문구 모래내로 408"	혼합	20160203	10	296	262	34	위탁관리	개별난방	계단식	금호건설	(주)동우개발
서울특별시	영등포구	당산동4가	A10027684	당산브라운스톤아파트	아파트	서울특별시 영등포구 당산동4가 98 당산브라운스톤아파트	서울특별시 영등포구 영신로55길 6	분양	20151124	3	162	162	0	위탁관리	개별난방	계단식	이수건설	(주)경진관리
서울특별시	강서구	마곡동	A10027687	마곡힐스테이트	아파트	서울특별시 강서구 마곡동 725-1 마곡힐스테이트	서울특별시 강서구 마곡중앙3로 74	혼합	20170803	8	603	544	59	위탁관리	지역난방	계단식	현대건설	(주)타워피엠씨
서울특별시	종로구	무악동	A10027708	인왕산2차아이파크아파트	아파트	"서울특별시 종로구 무악동 71-1,서울특별시 종로구 무악동 88 인왕산2차아이파크아파트"	서울특별시 종로구 통일로18길 34	분양	20150828	5	167	167	0	위탁관리	개별난방	계단식	현대산업개발	세화종합관리(주)
서울특별시	마포구	현석동	A10027714	래미안 웰스트림	아파트	서울특별시 마포구 현석동 225 래미안 웰스트림	서울특별시 마포구 토정로 11	혼합	20160128	8	773	641	132	위탁관리	지역난방	계단식	삼성물산	광인산업(주)
서울특별시	노원구	월계동	A10027716	꿈의숲 SK뷰 아파트	아파트	"서울특별시 노원구 월계동 507-8,서울특별시 노원구 월계동 531 꿈의숲 SK뷰 아파트"	서울특별시 노원구 월계로42길 97	분양	20160127	6	504	504	0	위탁관리	개별난방	계단식	SK건설	율산개발 유한회사
서울특별시	송파구	장지동	A10027744	위례아이파크아파트	아파트	서울특별시 송파구 장지동 894 위례아이파크아파트	서울특별시 송파구 위례광장로 136	분양	20151130	6	400	400	0	위탁관리	지역난방	계단식	현대산업개발 주	(주)타워피엠씨
서울특별시	마포구	공덕동	A10027748	공덕파크자이 아파트	주상복합	서울특별시 마포구 공덕동 476 공덕파크자이 아파트	서울특별시 마포구 백범로 152	분양	20150828	4	288	288	0	위탁관리	개별난방	계단식	GS건설(주)	우리관리(주)
서울특별시	영등포구	신길동	A10027755	래미안프레비뉴	아파트	서울특별시 영등포구 신길동 329-94 래미안프레비뉴	서울특별시 영등포구 가마산로 442	혼합	20151229	12	949	777	172	위탁관리	개별난방	혼합식	삼성물산주식회사	(주)아주관리
서울특별시	구로구	천왕동	A10027764	천왕이펜하우스7단지	아파트	"서울특별시 구로구 천왕동 274,서울특별시 구로구 천왕동 144 천왕이펜하우스7단지"	서울특별시 구로구 천왕로1길 24	임대	20170207	5	374	0	374	위탁관리	개별난방	복도식	우신건설(주)	세화종합관리(주)
서울특별시	중랑구	신내동	A10027775	신내의료안심주택	아파트	서울특별시 중랑구 신내동 314-25 신내의료안심주택	서울특별시 중랑구 신내로16길 17	임대	20151029	2	222	0	222	위탁관리	개별난방	복도식	SD종합건설	(주)미래에이비엠
서울특별시	강남구	대치동	A10027800	래미안 대치 팰리스	아파트	서울특별시 강남구 대치동 633 래미안 대치 팰리스	서울특별시 강남구 삼성로57길 37-3	혼합	20150922	17	1608	1568	40	위탁관리	지역난방	계단식	삼성물산	(주) 타워피엠씨
서울특별시	은평구	녹번동	A10027816	북한산 푸르지오	아파트	서울특별시 은평구 녹번동 281 북한산 푸르지오	서울특별시 은평구 통일로 660	혼합	20150722	22	1230	1075	155	위탁관리	개별난방	계단식	대우건설	광인산업(주)
서울특별시	서대문구	남가좌동	A10027817	DMC파크뷰자이아파트	아파트	"서울특별시 서대문구 남가좌동 124-1,서울특별시 서대문구 남가좌동 155 DMC파크뷰자이아파트"	서울특별시 서대문구 가재울미래로 2	혼합	20151026	61	4300	3550	750	위탁관리	지역난방	혼합식	"현대산업개발, SK건설, GS건설"	우리관리(주)
서울특별시	양천구	목동	A10027849	목동센트럴푸르지오아파트	주상복합	"서울특별시 양천구 목동 404-13,서울특별시 양천구 목동 404-13 목동센트럴푸르지오아파트"	서울특별시 양천구 오목로 354	혼합	20150630	2	248	181	67	위탁관리	지역난방	계단식	(주)대우건설	제일에스테이트서비스 주식회사
서울특별시	서대문구	북아현동	A10027851	신촌푸르지오 아파트	아파트	서울특별시 서대문구 북아현동 174 신촌푸르지오 아파트	서울특별시 서대문구 북아현로1길 50	혼합	20151023	16	952	789	163	위탁관리	개별난방	혼합식	대우건설	에이제이대원 주식회사
서울특별시	동대문구	장안동	A10027877	현대썬앤빌601	주상복합	서울특별시 동대문구 장안동 373-3 현대썬앤빌601	서울특별시 동대문구 장한로 91	분양	20151002	1	193	193	0	위탁관리	개별난방	복도식	현대BS&C	(주)두온종합관리
서울특별시	송파구	석촌동	A10027881	석촌호수 효성해링턴타워	주상복합	서울특별시 송파구 석촌동 24-3 석촌호수 효성해링턴타워	서울특별시 송파구 석촌호수로 210	분양	20150826	1	257	257	0	위탁관리	개별난방	복도식	(주)효성 PU	주식회사 젠스타서비스
서울특별시	용산구	문배동	A10027901	용산 KCC 웰츠타워	주상복합	서울특별시 용산구 문배동 11-10 용산 KCC 웰츠타워	서울특별시 용산구 백범로90길 90	분양	20150327	2	232	232	0	위탁관리	개별난방	계단식	(주) KCC 건설	(주)아스타아이비에스
서울특별시	마포구	합정동	A10027902	마포한강푸르지오	주상복합	서울특별시 마포구 합정동 472 마포한강푸르지오	서울특별시 마포구 월드컵로1길 14	분양	20150331	2	198	198	0	위탁관리	개별난방	계단식	대우건설	(주)케이비아주
서울특별시	마포구	아현동	A10027906	공덕자이 아파트	아파트	서울특별시 마포구 아현동 800 공덕자이 아파트	서울특별시 마포구 마포대로24길 16	분양	20150424	16	963	963	0	위탁관리	중앙난방	계단식	GS건설	(주)타워피엠씨
서울특별시	용산구	이촌동	A10027908	래미안첼리투스	아파트	서울특별시 용산구 이촌동 300-3 래미안첼리투스	서울특별시 용산구 이촌로 300	분양	20150730	3	460	460	0	위탁관리	지역난방	계단식	삼성물산	(주)타워피엠씨
서울특별시	강남구	율현동	A10027912	강남한신휴플러스 6단지	아파트	서울특별시 강남구 율현동 336 강남한신휴플러스 6단지	서울특별시 강남구 밤고개로26길 50	혼합	20150923	12	378	144	234	위탁관리	개별난방	혼합식	한신공영	주식회사 동우개발
서울특별시	성동구	하왕십리동	A10027920	텐즈힐1단지	아파트	"서울특별시 성동구 하왕십리동 1066,서울특별시 성동구 하왕십리동 339 텐즈힐1단지"	서울특별시 성동구 무학로 33	분양	20150424	18	1369	1369	0	위탁관리	개별난방	계단식	"gs건설,삼성건설,대림,현대산업"	(주)타워피엠씨
서울특별시	영등포구	대림동	A10027935	대림쌍용플래티넘S	도시형 생활주택(주상복합)	서울특별시 영등포구 대림동 717 대림쌍용플래티넘S	서울특별시 영등포구 대림로29길 13	분양	20130628	1	291	291	0	위탁관리	개별난방	복도식	쌍용건설(주)	(주)다보산업관리
서울특별시	강동구	천호동	A10027948	강동역신동아파밀리에	주상복합	"서울특별시 강동구 천호동 447-17,서울특별시 강동구 천호동 447-17 강동역신동아파밀리에"	서울특별시 강동구 천호대로 1089	분양	20150730	2	230	230	0	자치관리(직영)	개별난방	기타	신동아 건설(주)	 
서울특별시	마포구	아현동	A10027951	공덕자이(임대)	아파트	서울특별시 마포구 아현동 799 공덕자이(임대)	서울특별시 마포구 마포대로26길 22	임대	20150424	2	201	0	201	위탁관리	개별난방	복도식	GS자이 건설	주식회사 티아이시스템
서울특별시	성동구	하왕십리동	A10027969	왕십리텐즈힐1단지(임대)	아파트	"서울특별시 성동구 하왕십리동 339-67,서울특별시 성동구 하왕십리동 1066 왕십리텐즈힐1단지(임대)"	서울특별시 성동구 무학로 33	임대	20150424	3	333	0	333	위탁관리	개별난방	계단식	대림산업	주식회사 티아이시스템
서울특별시	강남구	자곡동	A10027985	강남자곡힐스테이트아파트	아파트	서울특별시 강남구 자곡동 619 강남자곡힐스테이트아파트	서울특별시 강남구 자곡로3길 21	혼합	20150602	5	1339	912	427	위탁관리	지역난방	복도식	현대건설	(주)아주관리
서울특별시	성북구	정릉동	A10028000	정릉꿈에그린아파트	아파트	"서울특별시 성북구 정릉동 1037,서울특별시 성북구 정릉동 1038 정릉꿈에그린아파트"	"서울특별시 성북구 아리랑로19가길 20,서울특별시 성북구 아리랑로19가길 21"	혼합	20150430	8	349	289	60	위탁관리	개별난방	기타	한화건설	(주)무림하우징
서울특별시	성북구	돈암동	A10028001	금호어울림센터힐아파트	아파트	서울특별시 성북구 돈암동 643 금호어울림센터힐아파트	서울특별시 성북구 동소문로34길 73	혼합	20141031	6	490	406	84	위탁관리	개별난방	기타	금호건설	(주)아주관리
서울특별시	마포구	용강동	A10028006	e편한세상마포리버파크	아파트	서울특별시 마포구 용강동 508 e편한세상마포리버파크	서울특별시 마포구 토정로31길 24	혼합	20161013	9	547	454	93	위탁관리	지역난방	혼합식	대림산업(주)	(주)삼호안전종합관리
서울특별시	강서구	공항동	A10028020	해태아파트	아파트	서울특별시 강서구 공항동 1371 해태아파트	서울특별시 강서구 방화대로 259	분양	20000925	2	111	111	0	위탁관리	개별난방	혼합식	해태건설(주)	(주)공간
서울특별시	서초구	내곡동	A10028021	서초포레스타2단지아파트	아파트	서울특별시 서초구 내곡동 143 서초포레스타2단지아파트	서울특별시 서초구 헌릉로8길 45	혼합	20150618	13	1077	219	858	위탁관리	개별난방	복도식	고려개발	국제경보산업(주)
서울특별시	중랑구	면목동	A10028033	용마산하늘채아파트	아파트	서울특별시 중랑구 면목동 1537 용마산하늘채아파트	서울특별시 중랑구 용마산로 210	혼합	20151008	5	265	256	9	위탁관리	개별난방	계단식	코오롱글로벌	(주)동우개발
서울특별시	동대문구	답십리동	A10028042	센시티일육	주상복합	서울특별시 동대문구 답십리동 488-18 센시티일육	서울특별시 동대문구 전농로 16	분양	20130809	1	243	243	0	자치관리	개별난방	복도식	대창건설(주)	 
서울특별시	서초구	신원동	A10028046	힐스테이트서초젠트리스	아파트	"서울특별시 서초구 신원동 412-5,서울특별시 서초구 신원동  힐스테이트서초젠트리스"	서울특별시 서초구 헌릉로8길 10-12	분양	20141219	9	256	256	0	위탁관리	개별난방	계단식	현대엔지니어링	우리관리(주)
서울특별시	은평구	불광동	A10028056	북한산힐스테이트7차제2 (임대)	아파트	서울특별시 은평구 불광동 643-1 북한산힐스테이트7차제2 (임대)	서울특별시 은평구 통일로 792	임대	20110729	1	188	0	188	위탁관리	개별난방	복도식	현대건설(주)	남경종합관리(주)
서울특별시	구로구	신도림동	A10028063	신도림아이파크아파트	아파트	"서울특별시 구로구 신도림동 332-1,서울특별시 구로구 신도림동 693 신도림아이파크아파트"	서울특별시 구로구 경인로67길 33	임대	20150206	3	189	0	189	위탁관리	개별난방	계단식	(주)아이앤콘스	우리관리(주)
서울특별시	동대문구	용두동	A10028080	용두 롯데 캐슬리치 아파트	아파트	서울특별시 동대문구 용두동 794 용두 롯데 캐슬리치 아파트	서울특별시 동대문구 한빛로 73	혼합	20150313	5	311	254	57	위탁관리	개별난방	혼합식	롯데건설(주)	(주)동우개발
서울특별시	송파구	장지동	A10028086	위례 송파푸르지오	아파트	서울특별시 송파구 장지동 878 위례 송파푸르지오	서울특별시 송파구 위례광장로 185	분양	20150123	7	549	549	0	위탁관리	지역난방	계단식	대우건설	우리관리(주)
서울특별시	서초구	신원동	A10028105	서초포레스타6단지	아파트	서울특별시 서초구 신원동 285 서초포레스타6단지	서울특별시 서초구 청계산로9길 1-12	혼합	20150407	11	585	162	423	위탁관리	개별난방	혼합식	계룡건설	(주)무림하우징
서울특별시	서초구	서초동	A10028146	서초롯데캐슬프레지던트	아파트	"서울특별시 서초구 서초동 1681,서울특별시 서초구 서초동 1681-8 서초롯데캐슬프레지던트"	서울특별시 서초구 서초중앙로24길 57	혼합	20141114	3	280	273	7	위탁관리	지역난방	기타	롯데건설	(주)동우개발
서울특별시	강남구	자곡동	A10028172	강남자곡아이파크	아파트	서울특별시 강남구 자곡동 602 강남자곡아이파크	서울특별시 강남구 자곡로 175	혼합	20141002	10	711	706	5	위탁관리	지역난방	계단식	계룡건설산업(주)	에이제이대원 주식회사
서울특별시	마포구	상수동	A10028177	래미안밤섬리베뉴 Ⅰ	아파트	서울특별시 마포구 상수동 402 래미안밤섬리베뉴 Ⅰ	서울특별시 마포구 독막로20나길 22	혼합	20141017	6	429	356	73	위탁관리	지역난방	계단식	삼성물산주식회사	율산개발
서울특별시	중구	인현동2가	A10028201	인현신성	주상복합	서울특별시 중구 인현동2가 192-30 인현신성	서울특별시 중구 마른내로 72	분양	19680530	1	180	180	0	자치관리	개별난방	복도식	오래되서 모름	 
서울특별시	중구	황학동	A10044001	SH황학롯데캐슬베네치아	아파트	서울특별시 중구 황학동 2545 SH황학롯데캐슬베네치아	서울특별시 중구 청계천로 400	임대	20081222	1	336	0	336	위탁관리	개별난방	복도식	롯데건설	(주)두온종합관리
서울특별시	중구	황학동	A10044002	롯데캐슬베네치아	아파트	서울특별시 중구 황학동 2545 롯데캐슬베네치아	서울특별시 중구 청계천로 400	분양	20081222	5	1534	1534	0	위탁관리	개별난방	복도식	롯데건설	광인에스테이트서비스 주식회사
서울특별시	중구	신당동	A10045001	신당푸르지오	아파트	서울특별시 중구 신당동 850 신당푸르지오	서울특별시 중구 다산로36길 110	분양	20051228	9	461	461	0	위탁관리	개별난방	계단식	대우건설(주)	서림주택관리(주)
서울특별시	중구	신당동	A10045002	청구e편한세상(분양)	아파트	서울특별시 중구 신당동 852 청구e편한세상(분양)	서울특별시 중구 청구로 64	분양	20111213	13	737	737	0	위탁관리	개별난방	계단식	대림산업	우리관리(주)
서울특별시	중구	신당동	A10045301	신당남산타운임대	아파트	서울특별시 중구 신당동 844 신당남산타운임대	서울특별시 중구 다산로 32	임대	20020525	7	2034	0	2034	위탁관리(직영+위탁)	개별난방	복도식	동아건설	주식회사 한빛종합관리
서울특별시	중구	신당동	A10045302	신당남산타운(분양)	아파트	서울특별시 중구 신당동 844 신당남산타운(분양)	서울특별시 중구 다산로 32	분양	20020525	35	3116	3116	0	위탁관리	개별난방	혼합식	현대건설.SK건설.동아건설	우리관리(주)
서울특별시	중구	신당동	A10045401	신당삼성임대	아파트	"서울특별시 중구 신당동 843,서울특별시 중구 신당동 843-1 신당삼성임대"	서울특별시 중구 청구로1길 23	임대	19991222	3	440	0	440	위탁관리	개별난방	복도식	삼성물산	주식회사 한빛종합관리
서울특별시	중구	신당동	A10045402	약수하이츠아파트(임대)	아파트	서울특별시 중구 신당동 842 약수하이츠아파트(임대)	서울특별시 중구 동호로10길 30	임대	19990729	3	684	0	684	위탁관리	개별난방	복도식	동아건설	주식회사 한빛종합관리
서울특별시	중구	신당동	A10045403	신당삼성(분양)	아파트	서울특별시 중구 신당동 843 신당삼성(분양)	서울특별시 중구 청구로1길 23	분양	19991222	14	994	994	0	위탁관리	개별난방	혼합식	삼성물산	에이제이대원 주식회사
서울특별시	중구	신당동	A10045404	신당약수하이츠	아파트	서울특별시 중구 신당동 842 신당약수하이츠	서울특별시 중구 동호로10길 30	분양	19990729	16	1598	1598	0	위탁관리	개별난방	혼합식	동아건설(주)	대원에스테이트서비스(주)
서울특별시	중구	신당동	A10045601	신당현대	아파트	서울특별시 중구 신당동 840 신당현대	서울특별시 중구 다산로36길 109	분양	19930917	10	942	942	0	위탁관리	개별난방	혼합식	현대건설(주)	서림주택관리(주)
서울특별시	중구	충무로4가	A10071301	남산센트럴자이	주상복합	서울특별시 중구 충무로4가 306 남산센트럴자이	서울특별시 중구 퇴계로 235	분양	20091221	2	273	273	0	위탁관리	개별난방	복도식	GS건설(주)	우리관리(주)
서울특별시	중구	회현동2가	A10072501	쌍용남산플래티넘	주상복합	서울특별시 중구 회현동2가 87 쌍용남산플래티넘	서울특별시 중구 소공로 46	분양	20100805	2	236	236	0	위탁관리	개별난방	계단식	쌍용건설(주)	우리관리(주)
서울특별시	중구	신당동	A10078102	파라다이스	아파트	서울특별시 중구 신당동 846 파라다이스	서울특별시 중구 다산로42나길 46	분양	20000710	1	132	132	0	위탁관리	개별난방	혼합식	파라다이스건설	율산개발(주)
서울특별시	중구	신당동	A10078103	청구e편한세상임대	아파트	서울특별시 중구 신당동 852-1 청구e편한세상임대	서울특별시 중구 청구로 64	임대	20111213	2	158	0	158	위탁관리	개별난방	복도식	대림산업주식회사	대한종합개발(주)
서울특별시	중구	신당동	A10078901	래미안신당하이베르	아파트	서울특별시 중구 신당동 851 래미안신당하이베르	서울특별시 중구 퇴계로90길 74	분양	20111028	15	784	784	0	위탁관리	개별난방	계단식	(주)삼성물산	대원에스테이트서비스(주)
서울특별시	중구	신당동	A10078902	래미안신당하이베르임대	아파트	서울특별시 중구 신당동 851-1 래미안신당하이베르임대	서울특별시 중구 퇴계로90길 74	임대	20111028	1	161	0	161	위탁관리	개별난방	복도식	삼성물산(주)	대한종합개발(주)
서울특별시	중구	만리동1가	A10080701	엘아이지서울역리가	아파트	서울특별시 중구 만리동1가 231 엘아이지서울역리가	서울특별시 중구 만리재로33길 21	분양	20120131	4	181	181	0	위탁관리	개별난방	계단식	LIG건설(주)	주식회사 푸른종합주택관리
서울특별시	중구	중림동	A10085902	중림삼성래미안아파트	아파트	서울특별시 중구 중림동 201 중림삼성래미안아파트	서울특별시 중구 중림로4길 41	임대	20010711	2	355	0	355	위탁관리	개별난방	복도식	삼성물산(주)	(주)신화비엠씨
서울특별시	중구	중림동	A10085903	중림삼성사이버빌리지	아파트	서울특별시 중구 중림동 200 중림삼성사이버빌리지	서울특별시 중구 중림로 10	분양	20010711	12	712	712	0	위탁관리	개별난방	계단식	삼성물산	광인에스테이트서비스 주식회사
서울특별시	중구	충무로4가	A10086301	충무로진양	주상복합	서울특별시 중구 충무로4가 120-3 충무로진양	서울특별시 중구 퇴계로 217	분양	19700523	2	288	288	0	자치관리	개별난방	복도식	알수 없음	자치관리
서울특별시	중구	황학동	A10086801	황학아크로타워	주상복합	서울특별시 중구 황학동 2523 황학아크로타워	서울특별시 중구 퇴계로 447	분양	20100331	3	263	263	0	위탁관리	개별난방	계단식	대림산업	대원에스테이트서비스(주)
서울특별시	중구	회현동1가	A10088101	남산SK리더스뷰	주상복합	서울특별시 중구 회현동1가 206 남산SK리더스뷰	서울특별시 중구 퇴계로 72	분양	20100111	2	233	233	0	위탁관리	개별난방	계단식	SK건설	(주)타워피엠씨
서울특별시	중구	회현동1가	A10088102	남산롯데캐슬아이리스	주상복합	서울특별시 중구 회현동1가 208 남산롯데캐슬아이리스	서울특별시 중구 소공로 35	분양	20111118	2	386	386	0	위탁관리	중앙난방	복도식	(주)롯데건설	우리관리(주)
서울특별시	중구	중림동	A10095301	브라운스톤서울아파트	주상복합	서울특별시 중구 중림동 355 브라운스톤서울아파트		분양	20060320	1	110	110	0	위탁관리	개별난방	복도식	이수건설	우리관리(주)
서울특별시	중구	흥인동	A10095501	동대문와이즈캐슬	아파트	서울특별시 중구 흥인동 119 동대문와이즈캐슬	서울특별시 중구 퇴계로75길 7	분양	20141023	1	150	150	0	위탁관리(직영+위탁)	개별난방	복도식	롯데건설(주)	율산개발 유한회사
서울특별시	중구	흥인동	A10095502	청계천두산위브더제니스	주상복합	서울특별시 중구 흥인동 13-1 청계천두산위브더제니스	서울특별시 중구 다산로46길 17	분양	20141222	1	295	295	0	위탁관리	개별난방	혼합식	두산중공업	에스텍시스템
서울특별시	종로구	평창동	A11001203	평창삼성	아파트	서울특별시 종로구 평창동 596 평창삼성	서울특별시 종로구 평창문화로 172	분양	19980502	2	176	176	0	위탁관리	개별난방	복도식	삼성중공업(주)	신한영주택관리(주)
서울특별시	종로구	신문로2가	A11005401	광화문스페이스본 아파트	아파트	"서울특별시 종로구 신문로2가 1-434,서울특별시 종로구 신문로2가 1-435 광화문스페이스본 아파트"	"서울특별시 종로구 사직로8길 4,서울특별시 종로구 경희궁길 57"	분양	20080711	6	744	744	0	위탁관리	개별난방	복도식	풍림산업(주)	광인산업(주)
서울특별시	종로구	내수동	A11007001	경희궁의아침3단지	주상복합	서울특별시 종로구 내수동 72 경희궁의아침3단지	서울특별시 종로구 사직로8길 34	분양	20040517	1	150	150	0	위탁관리	개별난방	계단식	쌍용건설	우리관리주식회사
서울특별시	종로구	무악동	A11008001	무악현대임대아파트	아파트	서울특별시 종로구 무악동 83 무악현대임대아파트	서울특별시 종로구 통일로 246-11	임대	20001021	2	550	0	550	위탁관리	개별난방	복도식	현대산업개발	대한종합개발(주)
서울특별시	종로구	익선동	A11034001	현대뜨레비앙	주상복합	서울특별시 종로구 익선동 55 현대뜨레비앙	서울특별시 종로구 돈화문로11가길 59	분양	20031129	1	291	291	0	위탁관리	개별난방	복도식	현대건설	인덕종합관리(주)
서울특별시	종로구	인의동	A11041001	효성주얼리시티아파트	주상복합	서울특별시 종로구 인의동 48-2 효성주얼리시티아파트	서울특별시 종로구 종로 183	분양	20061027	2	298	298	0	위탁관리	개별난방	계단식	(주)효성건설	서일개발(주)
서울특별시	종로구	명륜2가	A11052201	명륜아남1차	아파트	서울특별시 종로구 명륜2가 4 명륜아남1차	서울특별시 종로구 창경궁로 265	분양	19951222	3	436	436	0	위탁관리	개별난방	계단식	아남건설(주)	서림주택관리(주)
서울특별시	종로구	창신동	A11054101	창신두산	아파트	서울특별시 종로구 창신동 232 창신두산	서울특별시 종로구 지봉로5길 7	분양	19990430	3	529	529	0	위탁관리	개별난방	혼합식	두산건설(주)	율산개발(주)
서울특별시	종로구	창신동	A11054301	창신쌍용1단지	아파트	서울특별시 종로구 창신동 702 창신쌍용1단지	서울특별시 종로구 동망산길 19	분양	19921125	5	585	585	0	자치관리	개별난방	혼합식	쌍용건설	 
서울특별시	종로구	숭인동	A11055002	종로청계힐스테이트	아파트	서울특별시 종로구 숭인동 766 종로청계힐스테이트	서울특별시 종로구 숭인동길 21	분양	20090320	6	288	288	0	위탁관리	개별난방	계단식	현대건설	남경종합관리(주)
서울특별시	종로구	명륜2가	A11076701	주상복합아남아파트	주상복합	서울특별시 종로구 명륜2가 237 주상복합아남아파트		분양	19990130	1	136	136	0	위탁관리	개별난방	복도식	아남건설	주식회사 동우개발
서울특별시	종로구	창신동	A11077101	창신쌍용아파트2단지	아파트	서울특별시 종로구 창신동 703 창신쌍용아파트2단지	서울특별시 종로구 낙산길 198	분양	19931012	7	919	919	0	위탁관리	개별난방	혼합식	쌍용건설	(주)동우개발
서울특별시	종로구	무악동	A11081302	인왕산아이파크	아파트	서울특별시 종로구 무악동 60 인왕산아이파크	서울특별시 종로구 통일로18길 9	분양	20080725	17	810	810	0	위탁관리	개별난방	계단식	현대산업개발	한국주택시설관리(주)
서울특별시	종로구	무악동	A11081503	무악현대아파트	아파트	서울특별시 종로구 무악동 82 무악현대아파트	서울특별시 종로구 통일로 246-20	분양	20001021	12	964	964	0	위탁관리	개별난방	혼합식	현대건설	세화종합관리(주)
서울특별시	종로구	평창동	A11084601	평창롯데	아파트	서울특별시 종로구 평창동 72 평창롯데	서울특별시 종로구 평창문화로 140	분양	20010430	3	156	156	0	위탁관리	개별난방	계단식	롯데건설	율산개발(주)
서울특별시	종로구	숭인동	A11087601	롯데캐슬천지인	주상복합	서울특별시 종로구 숭인동 76 롯데캐슬천지인	서울특별시 종로구 종로 347	분양	20040909	2	220	220	0	위탁관리	개별난방	기타	롯데건설	남경종합관리(주)
서울특별시	종로구	숭인동	A11087602	종로센트레빌	아파트	서울특별시 종로구 숭인동 2-1 종로센트레빌	서울특별시 종로구 동망산길 47	분양	20081121	6	416	416	0	위탁관리	개별난방	계단식	동부건설	(주)덕우
서울특별시	서대문구	합동	A12003001	충정로 skview 아파트	아파트	서울특별시 서대문구 합동 118 충정로 skview 아파트	서울특별시 서대문구 서소문로 43-8	분양	20081031	3	180	180	0	위탁관리	개별난방	계단식	SK건설	주식회사 동우개발
서울특별시	서대문구	천연동	A12004001	서대문천연뜨란채아파트	아파트	서울특별시 서대문구 천연동 145 서대문천연뜨란채아파트	서울특별시 서대문구 독립문로8길 54	분양	20060313	15	1008	1008	0	위탁관리	개별난방	혼합식	"요진산업(주),제이알종합건설(주)"	우리관리(주)
서울특별시	서대문구	냉천동	A12005001	냉천동부센트레빌	아파트	서울특별시 서대문구 냉천동 260 냉천동부센트레빌	서울특별시 서대문구 독립문로14길 74	분양	20020321	3	237	237	0	위탁관리	개별난방	혼합식	동부건설	(주)미래에이비엠
서울특별시	서대문구	영천동	A12007001	독립문삼호	아파트	서울특별시 서대문구 영천동 100 독립문삼호	"서울특별시 서대문구 독립문로 10,서울특별시 서대문구 독립문로 12"	분양	19950623	8	895	895	0	위탁관리	개별난방	계단식	삼호건설	세화종합관리(주)
서울특별시	서대문구	현저동	A12008001	독립문파크빌	아파트	서울특별시 서대문구 현저동 1019 독립문파크빌	서울특별시 서대문구 통일로 279-75	분양	20001213	4	290	290	0	위탁관리	개별난방	복도식	우정건설	유원종합관리(주)
서울특별시	서대문구	현저동	A12008003	독립문극동	아파트	서울특별시 서대문구 현저동 200 독립문극동	서울특별시 서대문구 독립문공원길 17	분양	19981210	12	1300	1300	0	위탁관리	개별난방	계단식	극동건설(주)	세화종합관리(주)
서울특별시	서대문구	홍제동	A12009001	홍제유원하나제2	아파트	서울특별시 서대문구 홍제동 454 홍제유원하나제2	서울특별시 서대문구 세검정로 134	임대	19960807	1	150	0	150	위탁관리	개별난방	복도식	유원건설	주식회사 나라종합관리
서울특별시	서대문구	홍제동	A12009002	인왕산한신휴플러스	주상복합	서울특별시 서대문구 홍제동 469 인왕산한신휴플러스		분양	20091202	1	115	115	0	위탁관리	개별난방	계단식	한신공영	주식회사 세이프원
서울특별시	서대문구	홍제동	A12009101	홍제남양	아파트	서울특별시 서대문구 홍제동 457 홍제남양	서울특별시 서대문구 홍제내길 168	분양	19990930	3	192	192	0	자치관리	개별난방	혼합식	남양건설(주)	 
서울특별시	서대문구	홍제동	A12009102	홍제현대아파트	아파트	서울특별시 서대문구 홍제동 331 홍제현대아파트	서울특별시 서대문구 통일로39가길 57	분양	19920708	8	704	704	0	위탁관리	개별난방	계단식	현대산업개발	우리관리(주)
서울특별시	서대문구	홍제동	A12009201	홍제성원아파트	아파트	서울특별시 서대문구 홍제동 456 홍제성원아파트	서울특별시 서대문구 모래내로 430	분양	19980511	3	242	242	0	위탁관리	개별난방	혼합식	성원산업개발(주)	아산종합관리(주)
서울특별시	서대문구	홍제동	A12009202	홍제삼성래미안	아파트	"서울특별시 서대문구 홍제동 461,서울특별시 서대문구 홍제동 461-1 홍제삼성래미안"	서울특별시 서대문구 통일로 319	분양	20010613	6	474	474	0	위탁관리	개별난방	혼합식	삼성래미안	율산개발(주)
서울특별시	서대문구	홍제동	A12009203	홍제무악청구1차	아파트	서울특별시 서대문구 홍제동 453 홍제무악청구1차	서울특별시 서대문구 통일로 348	분양	19940630	14	862	862	0	위탁관리	개별난방	계단식	(주)청구	주식회사 세이프원
서울특별시	서대문구	홍제동	A12009302	인왕산벽산아파트	아파트	서울특별시 서대문구 홍제동 465 인왕산벽산아파트	서울특별시 서대문구 세무서길 106-12	분양	20030620	2	236	236	0	위탁관리	개별난방	계단식	벽산건설	율산개발주식회사
서울특별시	서대문구	홍제동	A12009303	홍제현대그린	아파트	서울특별시 서대문구 홍제동 455 홍제현대그린	서울특별시 서대문구 세무서2길 64	분양	19960722	2	240	240	0	위탁관리	개별난방	계단식	현대건설	광인산업(주)
서울특별시	서대문구	홍제동	A12009304	홍제유원하나	아파트	서울특별시 서대문구 홍제동 454 홍제유원하나	서울특별시 서대문구 세검정로 134	혼합	19960807	5	704	554	150	위탁관리	개별난방	혼합식	유원건설	인덕종합관리(주)
서울특별시	서대문구	홍제동	A12009305	문화촌현대	아파트	서울특별시 서대문구 홍제동 463 문화촌현대	서울특별시 서대문구 문화촌길 6-24	분양	20021122	4	767	767	0	위탁관리	개별난방	혼합식	고려개발	대한종합개발 (주)
서울특별시	서대문구	홍은동	A12010001	홍은동원베네스트	아파트	서울특별시 서대문구 홍은동 463 홍은동원베네스트	서울특별시 서대문구 홍은중앙로1길 65	혼합	20120919	5	195	173	22	위탁관리	개별난방	기타	동원건설	인덕종합관리(주)
서울특별시	서대문구	홍은동	A12010101	홍은풍림1차	아파트	서울특별시 서대문구 홍은동 440-3 홍은풍림1차	서울특별시 서대문구 통일로48가길 37	분양	19880209	1	181	181	0	자치관리	개별난방	복도식	.	자치
서울특별시	서대문구	홍은동	A12010103	홍은풍림2차	아파트	서울특별시 서대문구 홍은동 453-2 홍은풍림2차	서울특별시 서대문구 세검정로1길 35	분양	19901219	3	390	390	0	위탁관리	개별난방+기타	혼합식	풍림산업	인덕종합관리(주)
서울특별시	서대문구	홍은동	A12010104	홍은벽산	아파트	"서울특별시 서대문구 홍은동 455,서울특별시 서대문구 홍은동 455-1 홍은벽산"	서울특별시 서대문구 세검정로1길 95	혼합	19970930	17	1509	1329	180	위탁관리	개별난방	혼합식	벽산건설(주)	우리관리(주)
서울특별시	서대문구	홍은동	A12010202	홍은풍림아이원	아파트	서울특별시 서대문구 홍은동 460 홍은풍림아이원	서울특별시 서대문구 홍은중앙로 149	분양	20021122	7	333	333	0	위탁관리	개별난방	계단식	풍림산업(주)	우리관리(주)
서울특별시	서대문구	홍은동	A12010203	홍은극동	아파트	서울특별시 서대문구 홍은동 454 홍은극동	서울특별시 서대문구 포방터10길 33	분양	19951102	6	488	488	0	위탁관리	개별난방	계단식	극동건설	대원에스테이트서비스(주)
서울특별시	서대문구	연희동	A12011002	연희대우	아파트	서울특별시 서대문구 연희동 739 연희대우	서울특별시 서대문구 연희로 38-20	분양	20020730	7	562	562	0	위탁관리	개별난방	혼합식	대우건설(주)	서림주택관리(주)연희대우아파트입주자대표회의
서울특별시	서대문구	남가좌동	A12012001	쌍용스윗닷홈	아파트	서울특별시 서대문구 남가좌동 380 쌍용스윗닷홈	서울특별시 서대문구 거북골로 91-6	분양	20051209	1	110	110	0	위탁관리	개별난방	계단식	쌍용건설	(주)무림하우징
서울특별시	서대문구	남가좌동	A12012101	래미안남가좌2차	아파트	서울특별시 서대문구 남가좌동 379 래미안남가좌2차	서울특별시 서대문구 수색로6길 43	분양	20051026	10	503	503	0	위탁관리	개별난방	계단식	삼성건설	태영건물종합관리 주식회사
서울특별시	서대문구	남가좌동	A12012201	DMC래미안클라시스	아파트	서울특별시 서대문구 남가좌동 377-1 DMC래미안클라시스	서울특별시 서대문구 증가로 191	임대	20001215	2	358	0	358	위탁관리	개별난방	계단식	(주)삼성물산	(주)신현대관리
서울특별시	서대문구	남가좌동	A12012202	DMC래미안클라시스(분양)	아파트	서울특별시 서대문구 남가좌동 377 DMC래미안클라시스(분양)	서울특별시 서대문구 증가로 191	분양	20001215	14	1114	1114	0	위탁관리	개별난방	혼합식	삼성물산(주)	우리관리(주)
서울특별시	서대문구	남가좌동	A12012203	남가좌동현대아파트	아파트	서울특별시 서대문구 남가좌동 376 남가좌동현대아파트	서울특별시 서대문구 가재울로 45	분양	19990527	10	1155	1155	0	위탁관리	개별난방	혼합식	현대산업개발(주)	광인산업(주)
서울특별시	서대문구	북가좌동	A12013001	DMC휴먼빌	아파트	서울특별시 서대문구 북가좌동 456 DMC휴먼빌	서울특별시 서대문구 거북골로18가길 23	분양	20081223	4	197	197	0	위탁관리	개별난방	계단식	일신건영	아산종합관리(주)
서울특별시	서대문구	북가좌동	A12013002	DMC아이파크	주상복합	서울특별시 서대문구 북가좌동 458 DMC아이파크	서울특별시 서대문구 거북골로14길 32	혼합	20090331	5	362	272	90	위탁관리	지역난방	계단식	현대산업개발	우리관리
서울특별시	서대문구	북가좌동	A12013003	DMC래미안e편한세상	주상복합	서울특별시 서대문구 북가좌동 481 DMC래미안e편한세상	서울특별시 서대문구 수색로 100	혼합	20121005	51	3293	2664	629	위탁관리	지역난방	혼합식	"삼성물산, 대림산업"	우리관리(주)
서울특별시	서대문구	북가좌동	A12013101	디엠씨현대	아파트	서울특별시 서대문구 북가좌동 453 디엠씨현대	서울특별시 서대문구 응암로 33	분양	20000929	3	213	213	0	자치관리	개별난방	혼합식	현대건설(주)	 
서울특별시	서대문구	북가좌동	A12013201	DMC두산위브	아파트	서울특별시 서대문구 북가좌동 459 DMC두산위브	서울특별시 서대문구 증가로 200-8	분양	20070226	4	235	235	0	위탁관리	개별난방	계단식	두산중공업	CM자산
서울특별시	서대문구	북가좌동	A12013202	북가좌삼호	아파트	서울특별시 서대문구 북가좌동 449 북가좌삼호	서울특별시 서대문구 거북골로 154	분양	19960216	4	616	616	0	위탁관리	지역난방	계단식	삼호건설	광인산업(주)
서울특별시	서대문구	대현동	A12017001	신촌럭키	아파트	서울특별시 서대문구 대현동 144 신촌럭키	서울특별시 서대문구 이화여대길 50-12	분양	19990226	10	855	855	0	위탁관리	개별난방	혼합식	럭키건설	세화종합관리(주)
서울특별시	서대문구	냉천동	A12070101	돈의문센트레빌	아파트	서울특별시 서대문구 냉천동 261 돈의문센트레빌	서울특별시 서대문구 독립문로14길 33	분양	20110407	14	561	561	0	위탁관리	개별난방	계단식	동부건설	(주)무림하우징
서울특별시	서대문구	충정로3가	A12070201	충정리시온	주상복합	서울특별시 서대문구 충정로3가 465 충정리시온	서울특별시 서대문구 서소문로 27	분양	20040923	1	258	258	0	위탁관리	개별난방	복도식	대림	성림종합관리
서울특별시	서대문구	홍은동	A12071001	홍은두산	아파트	서울특별시 서대문구 홍은동 456 홍은두산	서울특별시 서대문구 모래내로 309	분양	19971013	3	294	294	0	위탁관리	개별난방	계단식	두산건설(주)	(주)토탈안전관리
서울특별시	서대문구	홍은동	A12071002	홍은동부센트레빌	아파트	"서울특별시 서대문구 홍은동 461,서울특별시 서대문구 홍은동 461-1 홍은동부센트레빌"	서울특별시 서대문구 통일로 553	분양	20090831	4	201	201	0	위탁관리	개별난방	계단식	홍은 제10구역 주택재개발 정비사업조함	(주)무림하우징
서울특별시	서대문구	홍은동	A12071003	홍은동미성아파트	아파트	서울특별시 서대문구 홍은동 186-1 홍은동미성아파트	서울특별시 서대문구 연희로41길 102	분양	19850320	4	300	300	0	위탁관리	개별난방	혼합식	라이프주택	대한종합개발(주)
서울특별시	서대문구	연희동	A12071101	연희성원	아파트	서울특별시 서대문구 연희동 740 연희성원	서울특별시 서대문구 연희로32길 48	분양	20010531	8	581	581	0	위탁관리	개별난방	혼합식	성원건설	율산개발 유한회사
서울특별시	서대문구	연희동	A12071102	연희임광아파트	아파트	서울특별시 서대문구 연희동 738 연희임광아파트	서울특별시 서대문구 동교로 291	분양	19990224	2	212	212	0	자치관리	개별난방	혼합식	임광토건	 
서울특별시	서대문구	연희동	A12071103	연희대림아파트	아파트	서울특별시 서대문구 연희동 700 연희대림아파트	서울특별시 서대문구 연희로32길 20	분양	19930903	3	220	220	0	위탁관리	개별난방	계단식	대림	율산개발(주)
서울특별시	서대문구	연희동	A12071104	연희자이엘라	아파트	서울특별시 서대문구 연희동 745 연희자이엘라	서울특별시 서대문구 연희로5길 14	분양	20140129	1	186	186	0	위탁관리	개별난방	복도식	GS건설	제일에스테이트서비스 주식회사
서울특별시	서대문구	남가좌동	A12072801	DMC센트레빌	아파트	서울특별시 서대문구 남가좌동 381 DMC센트레빌	서울특별시 서대문구 거북골로 120	혼합	20090602	7	473	373	100	위탁관리	지역난방	계단식	동부건설	인덕종합관리
서울특별시	서대문구	남가좌동	A12072802	남가좌현대제2	아파트	서울특별시 서대문구 남가좌동 376-2 남가좌현대제2	서울특별시 서대문구 가재울로 45	임대	19990527	1	330	0	330	위탁관리	개별난방	복도식	현대사업개발	(주)신현대관리
서울특별시	서대문구	홍제동	A12076401	홍제비콘드림힐	아파트	서울특별시 서대문구 홍제동 468 홍제비콘드림힐	서울특별시 서대문구 세무서8길 49	분양	20060526	1	119	119	0	위탁관리	개별난방	혼합식	비콘건설.청일건설	세화종합관리(주)
서울특별시	서대문구	북가좌동	A12076601	북가좌삼호제2	아파트	서울특별시 서대문구 북가좌동 449-1 북가좌삼호제2	서울특별시 서대문구 거북골로 154	임대	19960216	1	267	0	267	위탁관리	개별난방	복도식	대림건설	(주)동우개발
서울특별시	서대문구	홍제동	A12078201	인왕산현대	아파트	서울특별시 서대문구 홍제동 460-1 인왕산현대	서울특별시 서대문구 통일로34길 46	임대	20000705	1	246	0	246	위탁관리	개별난방	복도식	 	주식회사 나라종합관리
서울특별시	서대문구	홍제동	A12078704	홍제원 현대	아파트	서울특별시 서대문구 홍제동 459 홍제원 현대	서울특별시 서대문구 통일로34길 43	분양	20000614	15	939	939	0	위탁관리	개별난방	혼합식	현대건설	주식회사 푸른종합주택관리
서울특별시	서대문구	홍제동	A12078705	홍제인왕산현대	아파트	서울특별시 서대문구 홍제동 460 홍제인왕산현대	서울특별시 서대문구 통일로34길 46	분양	20000705	10	700	700	0	위탁관리	개별난방	혼합식	현대건설	(주)동우개발
서울특별시	서대문구	홍제동	A12078706	홍제청구3차	아파트	서울특별시 서대문구 홍제동 462 홍제청구3차	서울특별시 서대문구 통일로 332	분양	20010530	2	228	228	0	위탁관리	개별난방	혼합식	청구건설	유원종합관리
서울특별시	서대문구	홍제동	A12078707	홍제원현대임대	아파트	서울특별시 서대문구 홍제동 459-1 홍제원현대임대	서울특별시 서대문구 통일로34길 43	임대	20000614	2	482	0	482	위탁관리	개별난방	복도식	 	주식회사 나라종합관리
서울특별시	서대문구	북아현동	A12079501	북아현두산	아파트	서울특별시 서대문구 북아현동 1009 북아현두산	서울특별시 서대문구 이화여대8길 62	분양	19990303	6	956	956	0	위탁관리	개별난방	복도식	두산건설(주)	일신주택관리(주)
서울특별시	서대문구	현저동	A12079601	독립문극동임대	아파트	서울특별시 서대문구 현저동 201 독립문극동임대	서울특별시 서대문구 독립문공원길 17	임대	19981210	2	600	0	600	위탁관리	개별난방	복도식	극동건설	주식회사 티아이시스템
서울특별시	서대문구	북가좌동	A12081602	월드컵현대	아파트	서울특별시 서대문구 북가좌동 371-1 월드컵현대	서울특별시 서대문구 수색로 154	분양	19981121	2	254	254	0	위탁관리	개별난방	혼합식	현대건설	(주)한영파트너스FH
서울특별시	서대문구	북가좌동	A12081703	디엠씨한양	아파트	서울특별시 서대문구 북가좌동 431 디엠씨한양	"서울특별시 서대문구 응암로 28,서울특별시 서대문구 응암로 32"	분양	19870804	6	660	660	0	위탁관리	지역난방	혼합식	한양건설	율산개발(주)
서울특별시	서대문구	홍은동	A12084302	유원홍은	아파트	서울특별시 서대문구 홍은동 22 유원홍은	서울특별시 서대문구 홍은중앙로1길 33	분양	19871026	4	299	299	0	위탁관리	개별난방	혼합식	유원건설	(주)신성티엠
서울특별시	서대문구	홍은동	A12084504	홍은현대	아파트	서울특별시 서대문구 홍은동 202-5 홍은현대	서울특별시 서대문구 연희로 377	분양	19880729	6	610	610	0	위탁관리	개별난방	계단식	현대산업개발(주)	인덕종합관리(주)
서울특별시	서대문구	홍제동	A12085303	홍제한양	아파트	서울특별시 서대문구 홍제동 82 홍제한양	서울특별시 서대문구 통일로25길 30	분양	19930504	10	998	998	0	위탁관리	개별난방	혼합식	햔양건설	(주)아주관리
서울특별시	서대문구	홍제동	A12086001	홍제태영으뜸	아파트	서울특별시 서대문구 홍제동 373 홍제태영으뜸	서울특별시 서대문구 세검정로3길 63	분양	19980731	1	214	214	0	위탁관리	개별난방	복도식	태영(주)	광인에스테이트서비스 주식회사
서울특별시	마포구	아현동	A12101001	서서울삼성아파트	아파트	서울특별시 마포구 아현동 692 서서울삼성아파트	서울특별시 마포구 마포대로 262	분양	19981008	2	208	208	0	위탁관리	개별난방	혼합식	삼성중공업(주)	세화종합관리(주)
서울특별시	마포구	공덕동	A12102002	공덕한화꿈에그린	아파트	서울특별시 마포구 공덕동 460 공덕한화꿈에그린	서울특별시 마포구 마포대로10길 22	분양	20040830	4	192	192	0	위탁관리	개별난방	계단식	한화건설	폴리텍 주식회사
서울특별시	마포구	공덕동	A12102005	마포현대아파트	아파트	서울특별시 마포구 공덕동 188-108 마포현대아파트	서울특별시 마포구 마포대로11길 84	분양	19880509	5	480	480	0	위탁관리	개별난방	혼합식	현대건설	동우씨엠(주)
서울특별시	마포구	공덕동	A12102008	삼성래미안공덕2차	아파트	서울특별시 마포구 공덕동 43 삼성래미안공덕2차	서울특별시 마포구 마포대로20길 26	분양	20040629	9	683	683	0	위탁관리	개별난방	계단식	공덕2지구재개발주택조합	서림주택관리(주)
서울특별시	마포구	신공덕동	A12103002	신공덕3차삼성래미안	아파트	서울특별시 마포구 신공덕동 161 신공덕3차삼성래미안	서울특별시 마포구 만리재로 60	분양	20030520	6	366	366	0	위탁관리	개별난방	계단식	삼성물산(주)	(주)동우개발
서울특별시	마포구	신공덕동	A12103006	대우메트로디오빌	주상복합	서울특별시 마포구 신공덕동 167 대우메트로디오빌	서울특별시 마포구 백범로 199	분양	20051201	1	242	242	0	위탁관리	개별난방+기타	복도식	대우건설	서일개발(주)
서울특별시	마포구	도화동	A12104001	도화현대	아파트	서울특별시 마포구 도화동 547 도화현대	서울특별시 마포구 새창로6다길 22	분양	19980924	2	196	196	0	위탁관리	개별난방	혼합식	현대건설	대원에스테이트서비스(주)
서울특별시	마포구	도화동	A12104005	마포삼성	아파트	서울특별시 마포구 도화동 550 마포삼성	서울특별시 마포구 도화길 28	분양	19970516	14	982	982	0	위탁관리	중앙난방	계단식	삼성건설	우리관리(주)
서울특별시	마포구	도화동	A12104007	마포도화우성아파트	아파트	서울특별시 마포구 도화동 82 마포도화우성아파트	"서울특별시 마포구 삼개로 38,서울특별시 마포구 삼개로 33"	분양	19910320	15	1222	1222	0	자치관리	중앙난방	혼합식	우성건설	 
서울특별시	마포구	마포동	A12105001	마포쌍용황금	아파트	서울특별시 마포구 마포동 253 마포쌍용황금	서울특별시 마포구 마포대로4라길 30	분양	20000807	6	339	339	0	위탁관리	개별난방	혼합식	쌍용	세화종합관리(주)
서울특별시	마포구	토정동	A12106001	토정한강삼성	아파트	서울특별시 마포구 토정동 138 토정한강삼성	서울특별시 마포구 토정로32길 11	분양	19971031	3	456	456	0	위탁관리	지역난방	계단식	삼성물산(주)건설부분	우리관리(주)
서울특별시	마포구	염리동	A12109001	마포자이	아파트	서울특별시 마포구 염리동 521 마포자이	서울특별시 마포구 독막로42길 2	분양	20031205	10	534	534	0	위탁관리	지역난방	계단식	GS건설(주)	율산개발(주)
서울특별시	마포구	염리동	A12109002	염리삼성래미안	아파트	서울특별시 마포구 염리동 520 염리삼성래미안	서울특별시 마포구 숭문길 58	분양	20010328	9	574	574	0	위탁관리	개별난방	혼합식	(주)삼성물산	(주)타워피엠씨
서울특별시	마포구	신수동	A12111001	마포경남아너스빌	아파트	서울특별시 마포구 신수동 456 마포경남아너스빌	서울특별시 마포구 신수로 81	분양	20070517	2	160	160	0	위탁관리	개별난방	계단식	경남기업(주)	대경종합관리(주)
서울특별시	마포구	현석동	A12112001	밤섬현대	아파트	서울특별시 마포구 현석동 220 밤섬현대	서울특별시 마포구 신수로3길 19	분양	19990726	2	219	219	0	자치관리	개별난방	복도식	현대건설	 
서울특별시	마포구	현석동	A12112002	마포강변힐스테이트	아파트	서울특별시 마포구 현석동 222 마포강변힐스테이트	서울특별시 마포구 신수로 15	분양	20040216	10	510	510	0	위탁관리	개별난방	혼합식	현대건설(주)	(주)무림하우징
서울특별시	마포구	신정동	A12114001	서강GS	아파트	서울특별시 마포구 신정동 30 서강GS	서울특별시 마포구 창전로 26	분양	19990701	6	538	538	0	위탁관리	개별난방	혼합식	GS건설	주식회사 한영파트너스에프에이치
서울특별시	마포구	하중동	A12115001	한강밤섬자이아파트	아파트	서울특별시 마포구 하중동 101 한강밤섬자이아파트	서울특별시 마포구 토정로 158	분양	20100226	7	488	488	0	위탁관리	지역난방	계단식	지에스건설주식회사	서림주택관리(주)
서울특별시	마포구	창전동	A12119004	서강해모로	아파트	서울특별시 마포구 창전동 443 서강해모로	서울특별시 마포구 토정로 167	분양	20071212	8	447	447	0	위탁관리	개별난방	계단식	한진중공업	서림주택관리(주)
서울특별시	마포구	창전동	A12119006	서강쌍용예가	아파트	서울특별시 마포구 창전동 444 서강쌍용예가	"서울특별시 마포구 독막로 145,서울특별시 마포구 서강로 53"	분양	20071101	15	635	635	0	위탁관리	개별난방	계단식	쌍용건설	서림주택관리(주)
서울특별시	마포구	창전동	A12119007	창전삼성	아파트	서울특별시 마포구 창전동 437 창전삼성	서울특별시 마포구 서강로 95	분양	19980624	9	640	640	0	위탁관리	개별난방	계단식	삼성물산(주)건설부분	광인에스테이트서비스 주식회사
서울특별시	마포구	망원동	A12123001	망원휴먼빌아파트	아파트	서울특별시 마포구 망원동 509 망원휴먼빌아파트	서울특별시 마포구 방울내로 31	분양	20040730	2	210	210	0	위탁관리	개별난방	계단식	일신건영(주)	국제경보산업(주)
서울특별시	마포구	성산동	A12125001	성산2차e-편한세상	아파트	서울특별시 마포구 성산동 604 성산2차e-편한세상	서울특별시 마포구 월드컵북로 216	분양	20050726	3	189	189	0	위탁관리	지역난방	계단식	대림산업	(주)동우개발
서울특별시	마포구	성산동	A12125202	성산월드타운대림	아파트	서울특별시 마포구 성산동 601 성산월드타운대림	서울특별시 마포구 월드컵북로30길 9-22	분양	20040824	10	795	795	0	위탁관리	지역난방	혼합식	대림산업	(주) 태룡에스디
서울특별시	마포구	상암동	A12127001	상암월드컵파크5단지	아파트	서울특별시 마포구 상암동 1658 상암월드컵파크5단지	서울특별시 마포구 상암산로1길 52	분양	20050920	8	436	436	0	자치관리	지역난방	계단식	대동건설	 
서울특별시	마포구	상암동	A12127002	상암월드컵파크6단지	아파트	서울특별시 마포구 상암동 1689 상암월드컵파크6단지	서울특별시 마포구 상암산로1길 57	분양	20050715	14	484	484	0	위탁관리	지역난방	계단식	일성건설	율산개발 유한회사
서울특별시	마포구	상암동	A12127003	상암월드컵파크3단지	아파트	서울특별시 마포구 상암동 1643 상암월드컵파크3단지	서울특별시 마포구 월드컵로 338	분양	20030930	9	540	540	0	위탁관리	지역난방	계단식	두산건설	대한종합개발(주)
서울특별시	마포구	상암동	A12127004	상암월드컵파크2단지	아파트	서울특별시 마포구 상암동 1637 상암월드컵파크2단지	서울특별시 마포구 월드컵북로47길 46	분양	20031112	7	657	657	0	위탁관리	지역난방	계단식	서광산업	대원종합관리(주)
서울특별시	마포구	상암동	A12127005	상암월드컵파크7단지	아파트	서울특별시 마포구 상암동 1660 상암월드컵파크7단지	서울특별시 마포구 상암산로1길 92	분양	20050602	17	733	733	0	위탁관리	지역난방	계단식	진흥기업	세화종합관리(주)
서울특별시	마포구	상암동	A12127006	상암월드컵파크4단지	아파트	서울특별시 마포구 상암동 1655 상암월드컵파크4단지	서울특별시 마포구 상암산로1길 24	분양	20061011	12	761	761	0	위탁관리	지역난방	계단식	태영건설	우리관리(주)
서울특별시	마포구	상암동	A12127007	상암월드컵1단지	아파트	서울특별시 마포구 상암동 1634 상암월드컵1단지	서울특별시 마포구 월드컵북로47길 8	임대	20030929	6	820	0	820	위탁관리	지역난방	복도식	(주)삼호	주식회사 씨엠관리
서울특별시	마포구	상암동	A12127008	상암월드컵8단지	아파트	서울특별시 마포구 상암동 1674 상암월드컵8단지	서울특별시 마포구 월드컵로42길 12	임대	20080201	13	840	0	840	위탁관리	지역난방	복도식	동아건설	(주)이오티앤디
서울특별시	마포구	도화동	A12170401	마포동원베네스트	아파트	서울특별시 마포구 도화동 564 마포동원베네스트	서울특별시 마포구 도화4길 41	분양	20100429	3	167	167	0	위탁관리	개별난방	계단식	동원산업건설	서림주택관리(주)
서울특별시	마포구	도화동	A12170402	마포한화오벨리스크	주상복합	서울특별시 마포구 도화동 555 마포한화오벨리스크	서울특별시 마포구 마포대로 33	분양	20041008	1	662	662	0	위탁관리	개별난방	복도식	한화	(주)무림하우징
서울특별시	마포구	공덕동	A12170601	삼성래미안공덕4차	아파트	서울특별시 마포구 공덕동 464 삼성래미안공덕4차	서울특별시 마포구 마포대로11길 50	분양	20051117	12	597	597	0	위탁관리	개별난방	계단식	삼성물산(주) 건설부분	(주)동우개발
서울특별시	마포구	공덕동	A12170602	공덕2삼성임대	아파트	"서울특별시 마포구 공덕동 44,서울특별시 마포구 공덕동 43 공덕2삼성임대"	"서울특별시 마포구 마포대로20길 26,서울특별시 마포구 만리재옛길 101"	임대	20040629	1	199	0	199	위탁관리	개별난방	복도식	삼성물산	(주)경진관리
서울특별시	마포구	공덕동	A12170603	공덕래미안5차	아파트	서울특별시 마포구 공덕동 469 공덕래미안5차	"서울특별시 마포구 마포대로 167,서울특별시 마포구 마포대로 173-15"	혼합	20110825	9	794	658	136	위탁관리	개별난방	혼합식	삼성물산(주)	우리관리(주)
서울특별시	마포구	상수동	A12170702	래미안밤섬리베뉴 2	아파트	서울특별시 마포구 상수동 398 래미안밤섬리베뉴 2	서울특별시 마포구 독막로20나길 21	혼합	20141017	8	530	439	91	위탁관리	지역난방	혼합식	삼성물산	(주)무림하우징
서울특별시	마포구	성산동	A12171101	월드컵아이파크1단지	아파트	서울특별시 마포구 성산동 667 월드컵아이파크1단지	서울특별시 마포구 모래내로9길 6	혼합	20090305	5	320	308	12	위탁관리	개별난방	계단식	현대산업개발	세화종합관리(주)
서울특별시	마포구	신수동	A12171201	밤섬경남아너스빌	아파트	서울특별시 마포구 신수동 459 밤섬경남아너스빌	서울특별시 마포구 독막로28길 10	분양	20091229	5	313	313	0	위탁관리	개별난방	계단식	경남기업(주)	서일개발(주)
서울특별시	마포구	노고산동	A12172201	신촌포스빌	주상복합	서울특별시 마포구 노고산동 1-3 신촌포스빌	서울특별시 마포구 신촌로 150	분양	20040731	1	350	350	0	위탁관리	개별난방	복도식	(주)포스코건설	(주)신현대관리
서울특별시	마포구	대흥동	A12172401	마포자이2차	아파트	서울특별시 마포구 대흥동 804 마포자이2차	서울특별시 마포구 서강대길 40	혼합	20140306	6	558	462	96	위탁관리	개별난방	계단식	GS건설(주)	제일에스테이트서비스 주식회사
서울특별시	마포구	대흥동	A12172402	서희스타힐스	주상복합	서울특별시 마포구 대흥동 12-41 서희스타힐스	서울특별시 마포구 신촌로 160	분양	20140729	1	203	203	0	위탁관리	개별난방	복도식	서희건설	(주)로이안H&F
서울특별시	마포구	서교동	A12174601	메세나폴리스	주상복합	서울특별시 마포구 서교동 490 메세나폴리스	서울특별시 마포구 양화로 45	혼합	20120629	3	617	540	77	위탁관리	개별난방	계단식	GS건설	우리관리(주)
서울특별시	마포구	아현동	A12175202	마포트라팰리스2차	주상복합	서울특별시 마포구 아현동 738 마포트라팰리스2차	서울특별시 마포구 마포대로 201	분양	20080718	1	122	122	0	위탁관리	개별난방	계단식	삼성물산(주)	세화종합관리
서울특별시	마포구	아현동	A12175203	마포래미안푸르지오	아파트	"서울특별시 마포구 아현동 774,서울특별시 마포구 아현동 767,서울특별시 마포구 아현동 779,서울특별시 마포구 아현동 777 마포래미안푸르지오"	서울특별시 마포구 마포대로 195	혼합	20140926	51	3885	3224	661	위탁관리	개별난방	혼합식	"삼성물산,대우건설"	서림주택관리(주)
서울특별시	마포구	창전동	A12177801	서강한화오벨리스크스위트	주상복합	서울특별시 마포구 창전동 442 서강한화오벨리스크스위트	서울특별시 마포구 창전로 45	분양	20070411	3	192	192	0	위탁관리	개별난방	계단식	한화건설	우리관리(주)
서울특별시	마포구	창전동	A12177802	창전삼성임대	아파트	"서울특별시 마포구 창전동 437-1,서울특별시 마포구 창전동 437 창전삼성임대"	서울특별시 마포구 서강로 95	임대	19980624	2	311	0	311	위탁관리	개별난방	복도식	삼성물산	(주)경진관리
서울특별시	마포구	신공덕동	A12179001	브라운스톤공덕	아파트	서울특별시 마포구 신공덕동 170 브라운스톤공덕	서울특별시 마포구 백범로 230	분양	20090219	3	290	290	0	위탁관리	개별난방	계단식	이수건설(주)	서림주택관리(주)
서울특별시	마포구	신공덕동	A12179002	신공덕삼성임대	주상복합	서울특별시 마포구 신공덕동 157 신공덕삼성임대	서울특별시 마포구 백범로37길 6	임대	20000814	2	376	0	376	위탁관리	개별난방	복도식	삼성	주식회사 나라종합관리
서울특별시	마포구	신공덕동	A12179003	신공덕2삼성래미안제2	아파트	서울특별시 마포구 신공덕동 159 신공덕2삼성래미안제2	서울특별시 마포구 만리재로 74	임대	20001028	1	103	103	0	자치관리(직영)		복도식	삼성물산주식회사	신의기술(주)
서울특별시	마포구	신공덕동	A12179004	마포펜트라우스	아파트	서울특별시 마포구 신공덕동 172 마포펜트라우스	서울특별시 마포구 백범로 205	분양	20110518	4	476	476	0	위탁관리	개별난방	계단식	태영	(주)미래에이비엠
서울특별시	마포구	신공덕동	A12179005	공덕아이파크	아파트	서울특별시 마포구 신공덕동 174 공덕아이파크	서울특별시 마포구 만리재로 36	분양	20130326	4	195	195	0	위탁관리	개별난방	계단식	현대산업개발	주식회사 네오피엠
서울특별시	마포구	신공덕동	A12179006	신공덕e-편한세상	아파트	서울특별시 마포구 신공덕동 168 신공덕e-편한세상		분양	20071018	3	128	128	0	위탁관리	개별난방	혼합식	(주)삼호	(주)무림하우징
서울특별시	마포구	상암동	A12179501	DMC상암센트럴파크2단지	아파트	서울특별시 마포구 상암동 1618 DMC상암센트럴파크2단지	서울특별시 마포구 월드컵북로42가길 11	분양	20090622	3	184	184	0	위탁관리	지역난방	혼합식	양우건설사	신화비엠씨(주)
서울특별시	마포구	상암동	A12179502	DMC상암센트럴파크1단지	아파트	서울특별시 마포구 상암동 1630 DMC상암센트럴파크1단지	서울특별시 마포구 월드컵북로43길 11	분양	20090622	5	213	213	0	위탁관리	지역난방	계단식	양우건설	(주)신성티엠
서울특별시	마포구	상암동	A12179504	상암월드컵파크9단지	아파트	서울특별시 마포구 상암동 1752 상암월드컵파크9단지	서울특별시 마포구 월드컵북로 501	혼합	20101014	16	1036	270	766	위탁관리	지역난방	혼합식	신창건설(주)->우방건설	에이제이대원 주식회사
서울특별시	마포구	상암동	A12179505	상암월드컵파크12단지	아파트	서울특별시 마포구 상암동 1743 상암월드컵파크12단지	서울특별시 마포구 월드컵북로 502-7	혼합	20101014	9	380	214	166	위탁관리	지역난방	혼합식	한신공영	대원에스테이트서비스(주)
서울특별시	마포구	상암동	A12179508	상암월드컵파크10단지	아파트	서울특별시 마포구 상암동 1736 상암월드컵파크10단지	서울특별시 마포구 월드컵북로 502-36	혼합	20100720	16	861	142	719	위탁관리	지역난방	혼합식	중앙건설	우리관리(주)
서울특별시	마포구	공덕동	A12180401	공덕현대	아파트	서울특별시 마포구 공덕동 370-9 공덕현대	서울특별시 마포구 마포대로11길 73	분양	19890807	2	183	183	0	위탁관리	개별난방	혼합식	(주)현대산업개발	(주)무림하우징
서울특별시	마포구	공덕동	A12180404	공덕삼성임대	아파트	서울특별시 마포구 공덕동 371-1 공덕삼성임대	서울특별시 마포구 마포대로 115-8	임대	19991016	1	226	0	226	자치관리	개별난방	복도식	삼성건설	 
서울특별시	마포구	공덕동	A12180407	공덕삼성	아파트	서울특별시 마포구 공덕동 371 공덕삼성	서울특별시 마포구 마포대로 115-8	분양	19991016	5	651	651	0	자치관리	개별난방	혼합식	삼성물산	 
서울특별시	마포구	공덕동	A12180506	공덕삼성래미안3차	아파트	"서울특별시 마포구 공덕동 457,서울특별시 마포구 공덕동 457 공덕삼성래미안3차"	서울특별시 마포구 마포대로7길 22	분양	20040830	10	616	616	0	위탁관리	개별난방	계단식	삼성물산	(주)현대개발
서울특별시	마포구	대흥동	A12181101	마포더포레스트	아파트	서울특별시 마포구 대흥동 803 마포더포레스트	서울특별시 마포구 백범로 82	분양	20070406	3	165	165	0	위탁관리	개별난방	계단식	동양메이저(주)	태영건물종합관리 주식회사
서울특별시	마포구	대흥동	A12181102	마포태영제2	아파트	서울특별시 마포구 대흥동 660 마포태영제2	서울특별시 마포구 독막로 266	임대	19991120	2	566	0	566	위탁관리	지역난방	복도식	태영건설(주)	(주)엠컨트럴시스템
서울특별시	마포구	대흥동	A12181103	마포태영아파트	아파트	서울특별시 마포구 대흥동 660 마포태영아파트	서울특별시 마포구 독막로 266	분양	19991120	14	1424	1424	0	위탁관리	지역난방	혼합식	(주) 태영건설	대한종합관리
서울특별시	마포구	도화동	A12181403	도화현대2차아파트(임대)	아파트	서울특별시 마포구 도화동 353-1 도화현대2차아파트(임대)	서울특별시 마포구 새창로8길 72	임대	20000311	2	793	0	793	위탁관리	개별난방	복도식	현대건설(주)	(주)신화비엠씨
서울특별시	마포구	도화동	A12181404	도화현대홈타운	아파트	서울특별시 마포구 도화동 353 도화현대홈타운	서울특별시 마포구 새창로8길 72	분양	20000311	10	914	914	0	위탁관리	중앙난방	계단식	현대건설(주)	율산개발 유한회사
서울특별시	마포구	도화동	A12181406	도화현대1차아파트	아파트	서울특별시 마포구 도화동 357 도화현대1차아파트	서울특별시 마포구 새창로 52	분양	19960925	11	1021	1021	0	위탁관리	중앙난방	혼합식	현대건설(주)	우리관리(주)
서울특별시	마포구	망원동	A12182101	망원1차대림	아파트	서울특별시 마포구 망원동 496 망원1차대림	서울특별시 마포구 망원로2길 103	분양	20021002	4	181	181	0	위탁관리	개별난방	혼합식	(주)삼호	국제경보산업(주)
서울특별시	마포구	망원동	A12182401	망원2차대림	아파트	서울특별시 마포구 망원동 497 망원2차대림	서울특별시 마포구 망원로1길 27	분양	20021218	3	240	240	0	위탁관리	개별난방	계단식	(주)삼호	국제경보산업(주)
서울특별시	마포구	상수동	A12182901	상수두산위브	아파트	서울특별시 마포구 상수동 396 상수두산위브	서울특별시 마포구 독막로18길 5	분양	20041229	4	258	258	0	위탁관리	개별난방	계단식	두산건설	주식회사 한빛종합관리
서울특별시	마포구	서교동	A12184201	서교동대우미래사랑	주상복합	서울특별시 마포구 서교동 487 서교동대우미래사랑	서울특별시 마포구 월드컵북로5나길 18	분양	20050830	1	366	366	0	위탁관리	개별난방	복도식	(주)대우건설	(주)신대한관리
서울특별시	마포구	성산동	A12185001	성사1차 풍림아파트	아파트	서울특별시 마포구 성산동 600 성사1차 풍림아파트	서울특별시 마포구 성암로1길 8	분양	20000401	1	172	172	0	위탁관리	개별난방	혼합식	풍림산업	세화종합관리(주)
서울특별시	마포구	성산동	A12185003	SH성산아파트	아파트	서울특별시 마포구 성산동 595 SH성산아파트	서울특별시 마포구 월드컵로 207	임대	19910720	7	1807	0	1807	위탁관리	지역난방	복도식	삼성건설(주)	(주)다보산업관리
서울특별시	마포구	성산동	A12185004	성산시영아파트	아파트	서울특별시 마포구 성산동 446 성산시영아파트	"서울특별시 마포구 월드컵북로 260,서울특별시 마포구 월드컵북로 235"	분양	19860607	33	3710	3710	0	위탁관리	중앙난방	복도식	"유원, 선경, 대우건설"	광인에스테이트서비스 주식회사
서울특별시	마포구	신공덕동	A12185303	신공덕1차삼성래미안아파트	아파트	서울특별시 마포구 신공덕동 155 신공덕1차삼성래미안아파트	서울특별시 마포구 백범로37길 12	분양	20000814	11	834	834	0	위탁관리	중앙난방	복도식	삼성물산(주)주택개발부문	서림
서울특별시	마포구	신공덕동	A12185304	신공덕2차삼성래미안	아파트	서울특별시 마포구 신공덕동 159 신공덕2차삼성래미안	서울특별시 마포구 만리재로 74	분양	20001028	7	458	458	0	위탁관리	개별난방	혼합식	삼성건설	(주)화신지엠에스
서울특별시	마포구	신수동	A12185504	신수성원	아파트	서울특별시 마포구 신수동 190 신수성원	서울특별시 마포구 독막로28길 7	분양	19981215	2	260	260	0	위탁관리	개별난방	혼합식	성원산업개발(주)	광인에스테이트서비스 주식회사
서울특별시	마포구	신수동	A12185602	신수세양청마루	아파트	서울특별시 마포구 신수동 451 신수세양청마루	서울특별시 마포구 독막로 209	분양	20031215	4	192	192	0	위탁관리	개별난방	혼합식	아천세양건설	대한종합관리(주)
서울특별시	마포구	신수동	A12185603	신수현대	아파트	서울특별시 마포구 신수동 445-5 신수현대	서울특별시 마포구 토정로 242	분양	19960914	2	210	210	0	위탁관리	개별난방	계단식	현대	(주)한빛관리
서울특별시	마포구	신수동	A12185605	대원칸타빌	아파트	서울특별시 마포구 신수동 453 대원칸타빌	서울특별시 마포구 창전로2길 10	분양	20040730	3	279	279	0	위탁관리	개별난방	계단식	(주)우리창우	인동종합관리 주식회사
서울특별시	마포구	신수동	A12185606	마포신촌삼익아파트	아파트	서울특별시 마포구 신수동 450 마포신촌삼익아파트	서울특별시 마포구 신수로 105	분양	19970408	4	391	391	0	위탁관리	개별난방	계단식	(주)삼익주택	(주)무림하우징
서울특별시	마포구	연남동	A12186901	코오롱하늘채	아파트	서울특별시 마포구 연남동 573 코오롱하늘채	"서울특별시 마포구 연남로 52,서울특별시 마포구 연남로 30"	분양	20030628	6	466	466	0	위탁관리	개별난방	계단식	코오롱건설	대원공신(주)
서울특별시	마포구	염리동	A12187403	염리상록	아파트	서울특별시 마포구 염리동 515-1 염리상록	서울특별시 마포구 숭문길 106	혼합	19970830	6	678	500	178	자치관리	개별난방	복도식	신원건설	 
서울특별시	마포구	용강동	A12187501	래미안마포리버웰	아파트	서울특별시 마포구 용강동 502 래미안마포리버웰	서울특별시 마포구 토정로31길 23	혼합	20150227	9	563	466	97	위탁관리	지역난방	계단식	삼성물산	(주)타워피엠씨
서울특별시	마포구	용강동	A12187602	래미안용강아파트	아파트	서울특별시 마포구 용강동 380 래미안용강아파트	서울특별시 마포구 큰우물로 28	분양	20030321	9	430	430	0	위탁관리	개별난방	계단식	삼성물산 건설부문	(주)경진관리
서울특별시	마포구	중동	A12187703	성산2차현대	아파트	서울특별시 마포구 중동 40-12 성산2차현대	서울특별시 마포구 성암로7길 3	분양	20001216	3	282	282	0	위탁관리	개별난방	혼합식	현대	세화종합관리(주)
서울특별시	마포구	중동	A12187901	중동계룡	아파트	서울특별시 마포구 중동 391 중동계룡	서울특별시 마포구 월드컵북로38가길 20	분양	20000930	2	180	180	0	위탁관리	개별난방	계단식	계룡건설	율산개발(주)
서울특별시	마포구	중동	A12187902	건영월드컵	아파트	서울특별시 마포구 중동 393 건영월드컵	서울특별시 마포구 성암로 41	분양	20021101	2	206	206	0	위탁관리	개별난방	혼합식	(주) 건영	아산종합관리(주)
서울특별시	마포구	중동	A12187904	DMC마포청구아파트	아파트	서울특별시 마포구 중동 390 DMC마포청구아파트	서울특별시 마포구 성암로11길 60	분양	19940929	4	420	420	0	위탁관리	지역난방	계단식	청구건설	세화종합관리(주)
서울특별시	마포구	중동	A12187905	마포중동현대	아파트	서울특별시 마포구 중동 392 마포중동현대	서울특별시 마포구 성암로 91	분양	20010727	6	477	477	0	위탁관리	개별난방	혼합식	현대건설	주식회사 성우서비스
서울특별시	마포구	중동	A12187906	월드컵참누리	아파트	서울특별시 마포구 중동 398 월드컵참누리	서울특별시 마포구 월드컵북로38길 54	분양	20060504	9	499	499	0	위탁관리	개별난방	계단식	울트라건설	(주)신성티엠
서울특별시	마포구	창전동	A12188201	신촌금호	아파트	서울특별시 마포구 창전동 438 신촌금호	서울특별시 마포구 서강로9길 19	분양	20010330	3	239	239	0	위탁관리	개별난방	계단식	금호건설	(주)무림하우징
서울특별시	마포구	창전동	A12188202	창전현대홈타운	아파트	서울특별시 마포구 창전동 440 창전현대홈타운	서울특별시 마포구 서강로 83	분양	20050818	5	243	243	0	위탁관리	개별난방	계단식	현대건설(주)	대한종합개발(주)
서울특별시	마포구	창전동	A12188205	신촌태영데시앙	아파트	서울특별시 마포구 창전동 439 신촌태영데시앙	서울특별시 마포구 서강로9길 45	분양	20031128	10	553	553	0	위탁관리	개별난방	계단식	태영건설	율산개발 유한회사
서울특별시	은평구	응암동	A12201001	대주피오레아파트	아파트	서울특별시 은평구 응암동 669-1 대주피오레아파트	서울특별시 은평구 백련산로 6	분양	20031128	2	204	204	0	위탁관리	개별난방	계단식	대주건설	(주)광인산업
서울특별시	은평구	응암동	A12201002	백련산힐스테이트2차	아파트	서울특별시 은평구 응암동 760 백련산힐스테이트2차	서울특별시 은평구 백련산로 38	분양	20111222	11	893	893	0	위탁관리	개별난방	계단식	현대건설(주)	서림주택관리(주)
서울특별시	은평구	응암동	A12201003	백련산힐스테이트1차	아파트	서울특별시 은평구 응암동 759 백련산힐스테이트1차	서울특별시 은평구 백련산로2길 19	분양	20111222	15	1028	1028	0	위탁관리	개별난방	계단식	현대건설	세화종합관리(주)
서울특별시	은평구	응암동	A12201004	백련산힐스테이트임대	아파트	"서울특별시 은평구 응암동 761-1,서울특별시 은평구 응암동 759-1,서울특별시 은평구 응암동 760-2 백련산힐스테이트임대"	"서울특별시 은평구 백련산로2길 19,서울특별시 은평구 백련산로2길 46,서울특별시 은평구 백련산로2길 42,서울특별시 은평구 백련산로2길 39"	임대	20111222	3	552	0	552	위탁관리	개별난방	복도식	현대건설	세화종합관리(주)
서울특별시	은평구	응암동	A12201005	녹번역센트레빌	아파트	서울특별시 은평구 응암동 762 녹번역센트레빌	서울특별시 은평구 백련산로 160	혼합	20130926	6	350	290	60	위탁관리	개별난방	복도식	동부건설	주식회사 우창개발
서울특별시	은평구	응암동	A12201101	신동아아파트	아파트	서울특별시 은평구 응암동 197-78 신동아아파트	서울특별시 은평구 백련산로 127	분양	19900922	2	206	206	0	자치관리	개별난방	복도식	동아건설	 
서울특별시	은평구	응암동	A12201102	응암동금호아파트	아파트	서울특별시 은평구 응암동 739 응암동금호아파트	서울특별시 은평구 응암로 318	분양	19980703	5	299	299	0	자치관리	개별난방	혼합식	금호산업	 
서울특별시	은평구	응암동	A12201103	응암푸르지오	아파트	서울특별시 은평구 응암동 176 응암푸르지오	서울특별시 은평구 백련산로 146	분양	20080717	7	361	361	0	자치관리	개별난방	계단식	대우건설	 
서울특별시	은평구	응암동	A12201301	경남아파트-응암경남	아파트	서울특별시 은평구 응암동 714 경남아파트-응암경남	서울특별시 은평구 가좌로7나길 35	분양	19951222	2	160	160	0	위탁관리	개별난방	혼합식	경남기업	우진관리주식회사
서울특별시	은평구	불광동	A12204001	북한산수자인	아파트	서울특별시 은평구 불광동 636 북한산수자인	서울특별시 은평구 불광로 170	분양	20060901	2	155	155	0	위탁관리	개별난방	계단식	한양	일신주택관리(주)
서울특별시	은평구	불광동	A12204002	북한산대창센시티	아파트	서울특별시 은평구 불광동 71-16 북한산대창센시티	서울특별시 은평구 불광로 208	분양	20040630	3	256	256	0	위탁관리	개별난방	계단식	대창건설	율산개발(주)
서울특별시	은평구	불광동	A12204003	북한산힐스테이트1차	아파트	서울특별시 은평구 불광동 635 북한산힐스테이트1차	서울특별시 은평구 불광로2길 33	분양	20090716	11	603	603	0	위탁관리	개별난방	계단식	현대건설	광인에스테이트서비스 주식회사
서울특별시	은평구	불광동	A12204004	북한산힐스테이트3차아파트	아파트	서울특별시 은평구 불광동 641 북한산힐스테이트3차아파트	서울특별시 은평구 불광로 122-10	분양	20100825	19	1185	1185	0	위탁관리	개별난방	계단식	현대건설(주)	서림주택관리(주)
서울특별시	은평구	불광동	A12204005	북한산래미안아파트(임대)	아파트	서울특별시 은평구 불광동 637-1 북한산래미안아파트(임대)	서울특별시 은평구 불광로2길 41	임대	20100830	1	135	0	135	위탁관리	개별난방	복도식	삼성물산	주식회사 한빛종합관리
서울특별시	은평구	불광동	A12204006	불광롯데캐슬	아파트	서울특별시 은평구 불광동 645 불광롯데캐슬	서울특별시 은평구 불광로 64	분양	20130926	8	488	488	0	위탁관리	개별난방	계단식	롯데건설(주)	(주)동우개발
서울특별시	은평구	불광동	A12204102	북한산현대홈타운	아파트	서울특별시 은평구 불광동 633 북한산현대홈타운	서울특별시 은평구 불광로2길 16	분양	20040529	15	662	662	0	위탁관리	개별난방	계단식	현대건설(주)	(주)신성티엠
서울특별시	은평구	갈현동	A12205001	미미아파트	아파트	서울특별시 은평구 갈현동 538 미미아파트	서울특별시 은평구 갈현로29길 11	분양	19970507	2	200	200	0	자치관리	개별난방	계단식	(주) 강산건설	 
서울특별시	은평구	구산동	A12205003	갈현1단지e-편한세상아파트	아파트	서울특별시 은평구 구산동 547 갈현1단지e-편한세상아파트	서울특별시 은평구 서오릉로21길 47	분양	20041011	3	327	327	0	위탁관리	개별난방	계단식	대림	율산개발(주)
서울특별시	은평구	구산동	A12205004	갈현현대아파트	아파트	서울특별시 은평구 구산동 382 갈현현대아파트	서울특별시 은평구 서오릉로21길 36	분양	19981128	4	366	366	0	위탁관리	개별난방	혼합식	현대건설	(주)대한주택개발
서울특별시	은평구	신사동	A12208001	은평신사두산위브아파트	아파트	서울특별시 은평구 신사동 370 은평신사두산위브아파트	서울특별시 은평구 갈현로1길 36	분양	20061130	6	178	178	0	위탁관리	개별난방	계단식	두산	(주)디엠지관리
서울특별시	은평구	신사동	A12208002	신사이랜드타운	아파트	서울특별시 은평구 신사동 367 신사이랜드타운	서울특별시 은평구 은평터널로 121-6	분양	20040528	3	228	228	0	위탁관리	개별난방	계단식	이랜드건설	일신주택관리
서울특별시	은평구	신사동	A12208101	신사성원아파트	아파트	서울특별시 은평구 신사동 360 신사성원아파트	서울특별시 은평구 갈현로4길 26-5	분양	20000411	1	150	150	0	위탁관리	개별난방	혼합식	성원건설	광인산업(주)
서울특별시	은평구	신사동	A12208102	신사씨티	아파트	서울특별시 은평구 신사동 297 신사씨티	서울특별시 은평구 가좌로 391	분양	19931119	2	290	290	0	위탁관리	개별난방	계단식	토왕건설	광인에스테이트서비스 주식회사
서울특별시	은평구	신사동	A12208103	신사동 한신 휴 플러스	아파트	서울특별시 은평구 신사동 365 신사동 한신 휴 플러스	서울특별시 은평구 갈현로1길 31	분양	20031128	7	296	296	0	위탁관리	개별난방	계단식	한신공영	디엠지관리
서울특별시	은평구	신사동	A12208104	라이프 씨티아파트	아파트	서울특별시 은평구 신사동 354 라이프 씨티아파트	서울특별시 은평구 갈현로3다길 15	분양	19921218	2	298	298	0	위탁관리	개별난방	계단식	라이프	서일개발(주)
서울특별시	은평구	신사동	A12208105	현대아파트	아파트	서울특별시 은평구 신사동 355 현대아파트	서울특별시 은평구 가좌로 344	분양	19940423	3	380	380	0	위탁관리	개별난방	계단식	현대산업개발	광인산업(주)
서울특별시	은평구	신사동	A12208203	신성아파트	아파트	서울특별시 은평구 신사동 155-1 신성아파트	서울특별시 은평구 증산로15길 67-7	분양	19880630	2	238	238	0	자치관리	개별난방	복도식	신성건설	 
서울특별시	은평구	신사동	A12208204	새절역현대아파트	아파트	서울특별시 은평구 신사동 359 새절역현대아파트	서울특별시 은평구 은평터널로 164	분양	19970925	5	445	445	0	위탁관리	개별난방	계단식	현대건설	(주)쌍용개발
서울특별시	은평구	신사동	A12208205	미성아파트(신사동)	아파트	서울특별시 은평구 신사동 140-1 미성아파트(신사동)	서울특별시 은평구 증산로15길 35-10	분양	19871127	5	570	570	0	위탁관리	개별난방	복도식	라이프건설	대한종합개발(주)
서울특별시	은평구	수색동	A12209001	DMC청구아파트	아파트	서울특별시 은평구 수색동 413 DMC청구아파트	서울특별시 은평구 증산로1길 26	분양	20000316	3	196	196	0	위탁관리	개별난방	계단식	청구	한국주택시설관리(주)
서울특별시	은평구	진관동	A12220001	은평뉴타운상림마을6단지 제1아파트(8단지 푸르지오)	아파트	서울특별시 은평구 진관동 3 은평뉴타운상림마을6단지 제1아파트(8단지 푸르지오)	서울특별시 은평구 진관4로 78-7	혼합	20080514	5	208	108	100	위탁관리	지역난방	혼합식	대우푸르지오	율산개발(주)
서울특별시	은평구	진관동	A12220002	은평뉴타운상림마을13단지	아파트	서울특별시 은평구 진관동 11 은평뉴타운상림마을13단지	서울특별시 은평구 진관4로 48-50	분양	20080614	11	298	298	0	위탁관리	지역난방	계단식	SH공사	광인산업주식회사
서울특별시	은평구	진관동	A12220003	은평뉴타운상림마을2단지	아파트	서울특별시 은평구 진관동 14 은평뉴타운상림마을2단지	서울특별시 은평구 진관4로 37	혼합	20080514	9	335	221	114	위탁관리	지역난방	혼합식	롯데건설(주)	인덕종합관리(주)
서울특별시	은평구	진관동	A12220004	은평뉴타운상림마을12단지	아파트	서울특별시 은평구 진관동 20 은평뉴타운상림마을12단지	서울특별시 은평구 진관3로 70	혼합	20080514	10	551	371	180	위탁관리	지역난방	혼합식	(주)롯데건설	(주)로이안H&F
서울특별시	은평구	진관동	A12220005	은평뉴타운상림마을1단지	아파트	서울특별시 은평구 진관동 19 은평뉴타운상림마을1단지	서울특별시 은평구 진관4로 17	혼합	20080514	11	707	403	304	위탁관리	지역난방	혼합식	삼환기업	인덕종합관리(주)
서울특별시	은평구	갈현동	A12271402	동광갈현베르빌	주상복합	서울특별시 은평구 갈현동 465-12 동광갈현베르빌	서울특별시 은평구 연서로 149	분양	20040630	1	175	175	0	자치관리	개별난방	계단식	대교 대앤에스	 
서울특별시	은평구	불광동	A12275201	북한산래미안아파트	아파트	"서울특별시 은평구 불광동 638,서울특별시 은평구 불광동 637 북한산래미안아파트"	"서울특별시 은평구 진흥로 267,서울특별시 은평구 진흥로 265"	분양	20100830	9	647	647	0	위탁관리	개별난방	계단식	삼성물산	인덕종합관리(주)
서울특별시	은평구	불광동	A12275202	북한산힐스테이트7차	아파트	서울특별시 은평구 불광동 643 북한산힐스테이트7차	서울특별시 은평구 통일로 796	분양	20110729	15	882	882	0	위탁관리	개별난방	계단식	현대건설	에이제이대원 주식회사
서울특별시	은평구	수색동	A12275501	디엠씨자이1단지(DMC자이1)	주상복합	서울특별시 은평구 수색동 75 디엠씨자이1단지(DMC자이1)	서울특별시 은평구 수색로 217	분양	20090924	1	209	209	0	위탁관리	개별난방	계단식	지에스 건설	(주)무림하우징
서울특별시	은평구	증산동	A12275801	증산로13길44-5	아파트	"서울특별시 은평구 증산동 254,서울특별시 은평구 증산동 254 증산로13길44-5"			20040625	1	0	0	0	기타			 	 
서울특별시	은평구	구산동	A12276901	구산그린빌	아파트	서울특별시 은평구 구산동 226 구산그린빌	서울특별시 은평구 갈현로7길 56	혼합	20090211	2	203	50	153	위탁관리	개별난방	혼합식	성원건설	 
서울특별시	은평구	갈현동	A12281701	코오롱하늘채아파트	아파트	서울특별시 은평구 갈현동 545 코오롱하늘채아파트	서울특별시 은평구 갈현로29길 62	분양	20030923	3	191	191	0	자치관리	개별난방	계단식	코오롱건설주식회사	 
서울특별시	은평구	갈현동	A12281702	갈현동현대아파트	아파트	서울특별시 은평구 갈현동 537 갈현동현대아파트	서울특별시 은평구 갈현로33길 24	분양	19970508	2	278	278	0	자치관리	개별난방	혼합식	현대산업개발	 
서울특별시	은평구	갈현동	A12281801	갈현한솔아파트	아파트	서울특별시 은평구 갈현동 539 갈현한솔아파트	서울특별시 은평구 갈현로23길 41	분양	19971209	1	193	193	0	위탁관리	개별난방	혼합식	한솔건설(주)	태림주택종합관리
서울특별시	은평구	구산동	A12282102	브라운스톤구산	아파트	서울특별시 은평구 구산동 159-10 브라운스톤구산	서울특별시 은평구 갈현로17길 17	분양	20060327	6	189	189	0	위탁관리	개별난방	계단식	이수건설(주)	율산개발(주)
서울특별시	은평구	구산동	A12282201	경향파크아파트	아파트	서울특별시 은평구 구산동 162-1 경향파크아파트	서울특별시 은평구 갈현로15길 53	분양	19891110	2	171	171	0	자치관리	개별난방	혼합식	인황건설	 
서울특별시	은평구	구산동	A12282203	경남아너스빌(구산동)	아파트	서울특별시 은평구 구산동 224 경남아너스빌(구산동)	서울특별시 은평구 갈현로11길 46	분양	20040813	9	475	475	0	위탁관리	개별난방	계단식	경남기업	세화종합관리(주)
서울특별시	은평구	녹번동	A12283601	녹번2차현대아파트(녹번2현대)	아파트	서울특별시 은평구 녹번동 278-1 녹번2차현대아파트(녹번2현대)	"서울특별시 은평구 서오릉로 46,서울특별시 은평구 서오릉로4길 7-8"	분양	20010524	2	192	192	0	위탁관리	개별난방	계단식	현대산업개발(주)	(주)무림하우징
서울특별시	은평구	녹번동	A12283602	녹번JR아파트	아파트	서울특별시 은평구 녹번동 280-1 녹번JR아파트	서울특별시 은평구 통일로 586-19	분양	20020930	5	341	341	0	위탁관리	개별난방	혼합식	JR건설	광인에스테이트서비스 주식회사
서울특별시	은평구	녹번동	A12283603	대림아파트(녹번동)	아파트	서울특별시 은평구 녹번동 276 대림아파트(녹번동)	서울특별시 은평구 통일로 590	분양	19930928	3	370	370	0	위탁관리	개별난방	계단식	(주)대림산업	유원종합관리(주)
서울특별시	은평구	대조동	A12284501	삼성타운아파트	아파트	서울특별시 은평구 대조동 231 삼성타운아파트	서울특별시 은평구 서오릉로 94	분양	19971104	2	357	357	0	위탁관리	개별난방	혼합식	삼성건설주식회사	한국주택시설관리(주)
서울특별시	은평구	불광동	A12284701	불광대호2차	아파트	서울특별시 은평구 불광동 631-1 불광대호2차	서울특별시 은평구 불광로 90	분양	20000902	2	198	198	0	위탁관리	개별난방	혼합식	(주)대호	(주)화신지엠에스
서울특별시	은평구	불광동	A12285703	미성아파트(불광동)	아파트	서울특별시 은평구 불광동 248 미성아파트(불광동)	서울특별시 은평구 통일로 780	분양	19881013	10	1340	1340	0	위탁관리	중앙난방	혼합식	라이프주택건설(주)	세화종합관리(주)
서울특별시	은평구	수색동	A12287202	DMC진흥아파트	아파트	서울특별시 은평구 수색동 416-1 DMC진흥아파트	서울특별시 은평구 은평터널로 60	분양	20030725	6	280	280	0	위탁관리	개별난방	계단식	진흥기업	율산개발(주)
서울특별시	은평구	수색동	A12287203	수색대림한숲타운제2	아파트	서울특별시 은평구 수색동 415-4 수색대림한숲타운제2	서울특별시 은평구 은평터널로 66	임대	20030710	3	464	0	464	위탁관리	개별난방	복도식	대림건설	(주)동우개발
서울특별시	은평구	수색동	A12287204	이편한세상 수색 에코포레	아파트	서울특별시 은평구 수색동 415-1 이편한세상 수색 에코포레	서울특별시 은평구 은평터널로 65	분양	20030710	12	976	976	0	위탁관리	개별난방	혼합식	대림산업주식회사	율산개발(주)
서울특별시	은평구	신사동	A12289401	뉴신사신성아파트	아파트	서울특별시 은평구 신사동 356 뉴신사신성아파트	서울특별시 은평구 은평터널로 163	분양	19931129	2	167	167	0	위탁관리	개별난방	복도식	신성건설	일신주택관리주식회사
서울특별시	은평구	신사동	A12289402	신성수정	아파트	서울특별시 은평구 신사동 358 신성수정	서울특별시 은평구 은평터널로7길 2	분양	19961219	1	180	180	0	위탁관리	개별난방	혼합식	(주)신성건설	(주)광인산업
서울특별시	은평구	역촌동	A12289501	역촌센트레빌	아파트	서울특별시 은평구 역촌동 232 역촌센트레빌	서울특별시 은평구 갈현로3나길 23	분양	20110104	7	400	400	0	위탁관리	개별난방	계단식	동부건설	(주)케이티팝스
서울특별시	은평구	응암동	A12290901	백련산힐스테이트3차	아파트	서울특별시 은평구 응암동 761 백련산힐스테이트3차	서울특별시 은평구 백련산로 36	분양	20111222	10	748	748	0	위탁관리	개별난방	계단식	주시회사 현대건설	세화종합관리(주)
서울특별시	은평구	응암동	A12293002	응암우성	아파트	서울특별시 은평구 응암동 694-1 응암우성	서울특별시 은평구 가좌로7나길 30	분양	19880701	4	292	292	0	자치관리	개별난방	혼합식	우성건설(주)	 
서울특별시	은평구	증산동	A12294102	DMC우방	아파트	서울특별시 은평구 증산동 244 DMC우방	서울특별시 은평구 증산로3길 26-1	분양	20000320	3	429	429	0	위탁관리	개별난방	혼합식	(주)우방	한국에셋솔루션(주)
서울특별시	동대문구	전농동	A13002002	래미안아름숲	아파트	서울특별시 동대문구 전농동 688 래미안아름숲	서울특별시 동대문구 전농로16길 51	분양	20120726	15	719	719	0	위탁관리	개별난방	계단식	삼성물산	(주)케이비아주
서울특별시	동대문구	답십리동	A13003002	답십리동서울한양	아파트	서울특별시 동대문구 답십리동 41 답십리동서울한양	서울특별시 동대문구 답십리로 184	분양	19890725	3	499	499	0	위탁관리	개별난방	복도식	(주)한양	율산개발 유한회사
서울특별시	동대문구	답십리동	A13003003	답십리두산위브	아파트	서울특별시 동대문구 답십리동 998 답십리두산위브	서울특별시 동대문구 황물로15길 25	분양	20070426	7	516	516	0	위탁관리	개별난방	계단식	두산건설	(주)동우개발
서울특별시	동대문구	답십리동	A13003005	청계한신휴플러스	아파트	서울특별시 동대문구 답십리동 1002 청계한신휴플러스	서울특별시 동대문구 서울시립대로 14	분양	20100812	10	725	725	0	위탁관리	개별난방	계단식	한신공영(주)	주식회사 한빛종합관리
서울특별시	동대문구	답십리동	A13003007	래미안위브	아파트	서울특별시 동대문구 답십리동 1003 래미안위브	서울특별시 동대문구 답십리로 130	혼합	20141013	32	2652	2199	453	위탁관리	개별난방	혼합식	"삼성물산,두산건설"	한국주택시설관리주식회사
서울특별시	동대문구	답십리동	A13003201	답십리두산	아파트	서울특별시 동대문구 답십리동 990 답십리두산	서울특별시 동대문구 답십리로56길 21	분양	20000802	9	739	739	0	위탁관리	개별난방	혼합식	두산건설주식회사	(주)케이비아주
서울특별시	동대문구	답십리동	A13003202	답십리청솔우성	아파트	서울특별시 동대문구 답십리동 80 답십리청솔우성	서울특별시 동대문구 전농로10길 20	분양	20000318	14	1110	1110	0	위탁관리	개별난방	혼합식	우성건설	(주)두온종합관리
서울특별시	동대문구	답십리동	A13003402	세양청마루	아파트	서울특별시 동대문구 답십리동 997 세양청마루	서울특별시 동대문구 답십리로59길 7	분양	20050427	3	231	231	0	위탁관리	개별난방	계단식	세양건설산업(주)	(주)현대개발
서울특별시	동대문구	답십리동	A13003404	답십리우성그린	아파트	서울특별시 동대문구 답십리동 989-1 답십리우성그린	서울특별시 동대문구 답십리로59길 33	분양	19970523	5	496	496	0	위탁관리	개별난방	혼합식	우성건설	유원종합관리(주)
서울특별시	동대문구	답십리동	A13003405	답십리동답한신	아파트	서울특별시 동대문구 답십리동 42 답십리동답한신	서울특별시 동대문구 답십리로 210-30	분양	19920103	4	600	600	0	위탁관리	개별난방	혼합식	(주)한신공영	유원종합관리(주)
서울특별시	동대문구	답십리동	A13003406	답십리동아	아파트	서울특별시 동대문구 답십리동 10 답십리동아	서울특별시 동대문구 한천로11길 10-1	분양	20011123	7	18	18	0	위탁관리	개별난방	혼합식	동아건설	세화종합관리(주)
서울특별시	동대문구	제기동	A13006002	제기현대	아파트	서울특별시 동대문구 제기동 892-66 제기현대	서울특별시 동대문구 정릉천동로 90	분양	19991113	3	261	261	0	위탁관리	개별난방	혼합식	현대건설	남경종합관리(주)
서울특별시	동대문구	제기동	A13006003	제기이수브라운스톤	아파트	서울특별시 동대문구 제기동 252 제기이수브라운스톤	서울특별시 동대문구 왕산로23길 89	분양	20050314	4	299	299	0	위탁관리	개별난방	혼합식	이수건설	율산개발 유한회사
서울특별시	동대문구	제기동	A13006101	제기한신	아파트	서울특별시 동대문구 제기동 1212 제기한신	서울특별시 동대문구 고산자로 534	분양	20040511	12	1070	1070	0	위탁관리	개별난방	혼합식	한신공영주식회사	(주)케이비아주
서울특별시	동대문구	용두동	A13007001	용두두산위브	아파트	서울특별시 동대문구 용두동 791 용두두산위브	서울특별시 동대문구 정릉천동로 16	분양	20090618	6	338	338	0	위탁관리	개별난방	계단식	두산건설	국제경보산업
서울특별시	동대문구	용두동	A13007002	용두롯데캐슬피렌체	주상복합	서울특별시 동대문구 용두동 790 용두롯데캐슬피렌체	서울특별시 동대문구 정릉천동로 58	분양	20090205	4	435	435	0	위탁관리	개별난방	혼합식	롯데건설	광인산업(주)
서울특별시	동대문구	용두동	A13007004	용두신동아	아파트	서울특별시 동대문구 용두동 779 용두신동아	서울특별시 동대문구 무학로26길 30	분양	19941014	5	772	772	0	위탁관리	개별난방	혼합식	신동아건설	(주)경진관리
서울특별시	동대문구	이문동	A13008001	신이문금호어울림	아파트	서울특별시 동대문구 이문동 428 신이문금호어울림	서울특별시 동대문구 신이문로 9	혼합	20081010	4	166	153	13	위탁관리	개별난방	계단식	금호산업	서림주택관리(주)
서울특별시	동대문구	휘경동	A13009001	휘경동양1.2차	아파트	"서울특별시 동대문구 휘경동 115,서울특별시 동대문구 휘경동 117 휘경동양1.2차"	"서울특별시 동대문구 망우로 135,서울특별시 동대문구 외대역동로 36"	분양	20000527	4	490	490	0	위탁관리	개별난방	혼합식	동양메이져(주)	(주)동우개발
서울특별시	동대문구	휘경동	A13009002	휘경주공1단지	아파트	서울특별시 동대문구 휘경동 57 휘경주공1단지	서울특별시 동대문구 한천로 248	분양	20011115	13	2224	2224	0	위탁관리	개별난방	계단식	대한주택공사	인덕종합관리(주)
서울특별시	동대문구	휘경동	A13009003	브라운스톤휘경	아파트	서울특별시 동대문구 휘경동 368 브라운스톤휘경	서울특별시 동대문구 망우로20길 86	혼합	20131025	8	451	373	78	위탁관리	개별난방	계단식	이수건설	세화종합관리(주)
서울특별시	동대문구	휘경동	A13009101	휘경롯데낙천대	아파트	서울특별시 동대문구 휘경동 109 휘경롯데낙천대	서울특별시 동대문구 외대역동로1길 24	분양	20030715	2	239	239	0	위탁관리	개별난방	계단식	(주)롯데건설	율산개발(주)
서울특별시	동대문구	휘경동	A13009202	휘경동일하이빌	아파트	서울특별시 동대문구 휘경동 365 휘경동일하이빌	서울특별시 동대문구 장안벚꽃로5길 10	분양	20051005	7	216	216	0	위탁관리	개별난방	계단식	(주)동일토건	세화종합관리(주)
서울특별시	동대문구	휘경동	A13009206	휘경동일스위트리버	아파트	서울특별시 동대문구 휘경동 366 휘경동일스위트리버	서울특별시 동대문구 한천로 300	분양	20070518	9	454	454	0	위탁관리	개별난방	계단식	(주)동일	한국주택시설관리(주)
서울특별시	동대문구	장안동	A13010001	장안2차현대홈타운	아파트	서울특별시 동대문구 장안동 569 장안2차현대홈타운	서울특별시 동대문구 장한로26다길 84	분양	20051220	3	193	193	0	위탁관리	개별난방	계단식	현대건설	주식회사 동우개발
서울특별시	동대문구	장안동	A13010002	장안삼성쉐르빌	주상복합	서울특별시 동대문구 장안동 371-1 장안삼성쉐르빌	서울특별시 동대문구 장한로 119	분양	20020805	1	254	254	0	위탁관리	개별난방	계단식	삼성중공업	(주)한빛관리
서울특별시	동대문구	장안동	A13010003	장안현대	아파트	서울특별시 동대문구 장안동 95-1 장안현대	서울특별시 동대문구 한천로 224	분양	19840630	8	456	456	0	위탁관리	중앙난방	계단식	현대건설	서림주택관리(주)
서울특별시	동대문구	장안동	A13010004	장안현대힐스테이트	아파트	서울특별시 동대문구 장안동 329-2 장안현대힐스테이트	서울특별시 동대문구 장안벚꽃로1길 7	분양	20070804	11	859	859	0	위탁관리	개별난방	계단식	현대건설	세화종합관리(주)
서울특별시	동대문구	장안동	A13010005	래미안장안2차	아파트	서울특별시 동대문구 장안동 329-3 래미안장안2차	서울특별시 동대문구 장안벚꽃로 167	분양	20070628	24	1786	1786	0	위탁관리	개별난방	계단식	삼성물산	주식회사 동우개발
서울특별시	동대문구	장안동	A13010006	장안현대홈타운	아파트	서울특별시 동대문구 장안동 336 장안현대홈타운	서울특별시 동대문구 장안벚꽃로 107	분양	20031028	22	2182	2182	0	위탁관리	개별난방	계단식	현대건설	우리관리(주)
서울특별시	동대문구	회기동	A13070101	회기힐스테이트	아파트	서울특별시 동대문구 회기동 351 회기힐스테이트	서울특별시 동대문구 회기로26길 15	분양	20111220	5	8	8	0	위탁관리	개별난방	계단식	현대건설	우리관리(주)
서울특별시	동대문구	용두동	A13070301	래미안허브리츠	아파트	서울특별시 동대문구 용두동 792 래미안허브리츠	서울특별시 동대문구 정릉천동로 36	분양	20110428	10	844	844	0	위탁관리	개별난방	기타	삼성물산	대원에스테이트서비스(주)
서울특별시	동대문구	용두동	A13070302	래미안용두1차	아파트	서울특별시 동대문구 용두동 792-1 래미안용두1차	서울특별시 동대문구 고산자로29길 18	임대	20110428	1	210	0	210	위탁관리	개별난방	복도식	삼성건설	(주)미래에이비엠
서울특별시	동대문구	청량리동	A13071201	청량리홍릉동부임대	아파트	서울특별시 동대문구 청량리동 213 청량리홍릉동부임대	서울특별시 동대문구 제기로26길 26	임대	20010924	1	150	0	150	위탁관리	개별난방	복도식	(주)동부건설	(주)두온종합관리
서울특별시	동대문구	전농동	A13071301	전농동아임대	아파트	서울특별시 동대문구 전농동 645-3 전농동아임대	서울특별시 동대문구 서울시립대로 31	임대	19971222	1	220	0	220	위탁관리	개별난방	복도식	동아건설	세화종합관리(주)
서울특별시	동대문구	전농동	A13071302	래미안크레시티	아파트	서울특별시 동대문구 전농동 440-9 래미안크레시티	서울특별시 동대문구 사가정로 65	혼합	20141023	31	2397	1984	413	위탁관리	개별난방	혼합식	삼성물산(주)	서림주택관리(주)
서울특별시	동대문구	답십리동	A13075402	래미안엘파인	아파트	서울특별시 동대문구 답십리동 1000 래미안엘파인	서울특별시 동대문구 한천로37길 33	분양	20110623	9	472	472	0	위탁관리	개별난방	계단식	삼성물산	(주)동우개발
서울특별시	동대문구	답십리동	A13075403	답십리청솔우성제2	아파트	서울특별시 동대문구 답십리동 80 답십리청솔우성제2	서울특별시 동대문구 답십리로57길 53	임대	20000318	2	432	0	432	위탁관리	개별난방	복도식	우성건설	(주)이엠피서비스
서울특별시	동대문구	답십리동	A13075404	답십리동아제2	아파트	서울특별시 동대문구 답십리동 10-1 답십리동아제2	서울특별시 동대문구 한천로11길 10	임대	20011123	3	492	0	492	위탁관리	개별난방	복도식	동아건설	세화종합관리(주)
서울특별시	동대문구	답십리동	A13075405	답십리두산제2	아파트	서울특별시 동대문구 답십리동 990-1 답십리두산제2	서울특별시 동대문구 답십리로56길 21-1	임대	20000802	2	310	0	310	위탁관리(직영+위탁)	개별난방	복도식	SH공사	세화종합관리(주)
서울특별시	동대문구	이문동	A13076801	이문삼성래미안아파트	아파트	서울특별시 동대문구 이문동 425 이문삼성래미안아파트	서울특별시 동대문구 천장산로11길 22	분양	20011107	8	379	379	0	위탁관리	개별난방	계단식	삼성물산 건설부문	(주)두온자산관리
서울특별시	동대문구	제기동	A13077201	제기한신제2임대아파트	아파트	서울특별시 동대문구 제기동 1212-1 제기한신제2임대아파트	서울특별시 동대문구 회기로8길 20	임대	20040511	1	260	0	260	위탁관리	개별난방	복도식	(주)한신공영	(주)두온종합관리
서울특별시	동대문구	휘경동	A13077702	휘경 미소지움아파트	아파트	서울특별시 동대문구 휘경동 106 휘경 미소지움아파트	서울특별시 동대문구 망우로 105	분양	19990831	5	345	345	0	위탁관리	개별난방	혼합식	신성건설	주식회사 한빛종합관리
서울특별시	동대문구	휘경동	A13077703	휘경롯데1차	아파트	서울특별시 동대문구 휘경동 78 휘경롯데1차	서울특별시 동대문구 망우로 95	분양	20000825	2	265	265	0	위탁관리	개별난방	혼합식	롯데건설(주)	서림주택관리(주)
서울특별시	동대문구	휘경동	A13078301	휘경센트레빌	아파트	서울특별시 동대문구 휘경동 367 휘경센트레빌	서울특별시 동대문구 외대역동로 14	혼합	20110929	5	297	246	51	위탁관리	개별난방	계단식	동부건설	(주)태룡에스디
서울특별시	동대문구	장안동	A13078701	장안위더스빌	주상복합	서울특별시 동대문구 장안동 580 장안위더스빌	서울특별시 동대문구 한천로 42	분양	20110804	3	157	157	0	위탁관리(직영+위탁)	개별난방	계단식	BYC	유원종합관리(주)
서울특별시	동대문구	이문동	A13079401	대림아파트201동	아파트	서울특별시 동대문구 이문동 225-1 대림아파트201동	서울특별시 동대문구 이문로54길 16	임대	20030709	1	181	0	181	위탁관리	개별난방	복도식	대림건설	(주)미래에이비엠
서울특별시	동대문구	이문동	A13079402	이문현대임대	아파트	서울특별시 동대문구 이문동 54-1 이문현대임대	서울특별시 동대문구 한천로58길 135	임대	20000503	1	188	0	188	위탁관리	개별난방	계단식	현대건설	(주)미래에이비엠
서울특별시	동대문구	이문동	A13079403	이문쌍용임대	아파트	서울특별시 동대문구 이문동 64-1 이문쌍용임대	서울특별시 동대문구 한천로58길 75-45	임대	20001129	1	245	0	245	위탁관리	개별난방	복도식	쌍용건설	(주)미래에이비엠
서울특별시	동대문구	답십리동	A13080201	답십리대우	아파트	서울특별시 동대문구 답십리동 111 답십리대우	서울특별시 동대문구 답십리로41길 33	분양	20020429	4	319	319	0	위탁관리	개별난방	혼합식	대우건설	유원종합관리(주)
서울특별시	동대문구	답십리동	A13080702	신답경남아파트	아파트	서울특별시 동대문구 답십리동 645-8 신답경남아파트	서울특별시 동대문구 천호대로47길 62	분양	19910619	1	225	225	0	위탁관리	개별난방	복도식	대우경남	서일개발
서울특별시	동대문구	답십리동	A13080801	답십리대림	아파트	서울특별시 동대문구 답십리동 808 답십리대림	서울특별시 동대문구 답십리로60길 38	분양	20030108	3	228	228	0	위탁관리	개별난방	계단식	대림산업(주)	광인산업(주)
서울특별시	동대문구	이문동	A13082501	이문삼익아파트	아파트	서울특별시 동대문구 이문동 73 이문삼익아파트	서울특별시 동대문구 한천로55길 9	분양	19971230	2	353	353	0	위탁관리	개별난방	혼합식	(주) 삼익	(주)동우개발
서울특별시	동대문구	이문동	A13082502	이문중앙하이츠빌	아파트	서울특별시 동대문구 이문동 84 이문중앙하이츠빌	"서울특별시 동대문구 외대역동로 101,서울특별시 동대문구 휘경로11길 52"	분양	20020523	6	302	302	0	위탁관리	개별난방	계단식	중앙건설	주식회사 동우개발
서울특별시	동대문구	이문동	A13082702	이문1차푸르지오	아파트	서울특별시 동대문구 이문동 45 이문1차푸르지오	서울특별시 동대문구 한천로58길 139	분양	20011220	7	490	490	0	위탁관리	개별난방	계단식	대우건설	(주)무림하우징
서울특별시	동대문구	이문동	A13082703	이문현대	아파트	서울특별시 동대문구 이문동 54 이문현대	서울특별시 동대문구 한천로58길 107	분양	20000503	4	601	601	0	위탁관리	개별난방	혼합식	이문1구역재개발조합	(주)경진관리
서울특별시	동대문구	이문동	A13082704	이문쌍용	아파트	서울특별시 동대문구 이문동 64 이문쌍용	서울특별시 동대문구 한천로58길 47	분양	20001129	15	1318	1318	0	위탁관리	개별난방	계단식	쌍용	(주)아주관리
서울특별시	동대문구	이문동	A13082805	이문e-편한세상	아파트	서울특별시 동대문구 이문동 225 이문e-편한세상	서울특별시 동대문구 한천로63길 10	분양	20030709	19	1378	1378	0	위탁관리	개별난방	계단식	대림산업(주)	(주)동우개발
서울특별시	동대문구	이문동	A13083102	래미안이문2차	아파트	서울특별시 동대문구 이문동 311 래미안이문2차	서울특별시 동대문구 이문로12길 3-10	분양	20040413	9	648	648	0	위탁관리	개별난방	계단식	삼성물산	타워피엠씨
서울특별시	동대문구	장안동	A13084101	래미안장안	아파트	서울특별시 동대문구 장안동 354-2 래미안장안	서울특별시 동대문구 장한로14길 81	분양	20030430	8	558	558	0	위탁관리	개별난방	계단식	삼성건설	(주)동우개발
서울특별시	동대문구	장안동	A13084701	장안한신	아파트	서울특별시 동대문구 장안동 555-1 장안한신	서울특별시 동대문구 사가정로 245-3	분양	19960611	2	300	300	0	위탁관리	개별난방	계단식	한신공영(주)	(주)다온관리서비스
서울특별시	동대문구	전농동	A13084802	전농SK제2(임대)	아파트	서울특별시 동대문구 전농동 10-1 전농SK제2(임대)	서울특별시 동대문구 전농로10길 111	임대	20000529	3	848	0	848	위탁관리	개별난방	복도식	sk건설	태영건물종합관리 주식회사
서울특별시	동대문구	전농동	A13084803	전농우성	아파트	서울특별시 동대문구 전농동 6 전농우성	서울특별시 동대문구 사가정로 190	분양	19920311	15	1234	1234	0	위탁관리	개별난방	혼합식	우성건설	유원종합관리(주)
서울특별시	동대문구	전농동	A13084804	전농SK	아파트	서울특별시 동대문구 전농동 10 전농SK	서울특별시 동대문구 사가정로 148	분양	20000706	16	1830	1830	0	위탁관리	개별난방	혼합식	SK건설	에이제이대원 주식회사
서울특별시	동대문구	전농동	A13085301	전농삼성	아파트	서울특별시 동대문구 전농동 155 전농삼성	서울특별시 동대문구 전농로 192	분양	20000513	7	463	463	0	위탁관리	개별난방	혼합식	(주)삼성물산	(주)동우개발
서울특별시	동대문구	전농동	A13085901	전농동아	아파트	서울특별시 동대문구 전농동 645-2 전농동아	서울특별시 동대문구 서울시립대로 31	분양	19971222	2	360	360	0	위탁관리	개별난방	혼합식	동아건설	주식회사 동우개발
서울특별시	동대문구	전농동	A13085902	전농동신성미소지움아파트	아파트	서울특별시 동대문구 전농동 687 전농동신성미소지움아파트	서울특별시 동대문구 서울시립대로 75	분양	20051005	6	385	385	0	위탁관리	개별난방	혼합식	신성건설(주)	광인에스테이트서비스 주식회사
서울특별시	동대문구	제기동	A13086101	제기안암골벽산	아파트	서울특별시 동대문구 제기동 153 제기안암골벽산	서울특별시 동대문구 약령시로 25	분양	20030613	7	640	640	0	위탁관리	개별난방	계단식	벽산건설	(주)무림하우징
서울특별시	동대문구	청량리동	A13086701	청량리현대	아파트	서울특별시 동대문구 청량리동 234-2 청량리현대	서울특별시 동대문구 약령시로21길 30	분양	19870616	3	241	241	0	자치관리	중앙난방	혼합식	현대건설	 
서울특별시	동대문구	청량리동	A13086703	청량리한신1차	아파트	서울특별시 동대문구 청량리동 59 청량리한신1차	서울특별시 동대문구 제기로 129	임대	19971216	2	610	0	610	위탁관리	개별난방	복도식	(주)한신공영	(주)두온종합관리
서울특별시	동대문구	청량리동	A13086704	청량리한신	아파트	서울특별시 동대문구 청량리동 60 청량리한신	서울특별시 동대문구 제기로 131	분양	19971216	9	960	960	0	위탁관리	개별난방	혼합식	한신공영	대한종합개발(주)
서울특별시	동대문구	청량리동	A13086705	청량리미주	아파트	"서울특별시 동대문구 청량리동 235-1,서울특별시 동대문구 청량리동 235-11 청량리미주"	서울특별시 동대문구 약령시로 147	분양	19780927	8	1089	1089	0	자치관리	개별난방	혼합식	라이프주택	 
서울특별시	동대문구	청량리동	A13086802	청량리홍릉동부	아파트	서울특별시 동대문구 청량리동 212 청량리홍릉동부	서울특별시 동대문구 홍릉로10길 48	분양	20010924	4	371	371	0	위탁관리	개별난방	계단식	동부건설	율산개발 유한회사
서울특별시	동대문구	회기동	A13087201	청량리신현대	아파트	서울특별시 동대문구 회기동 65 청량리신현대	서울특별시 동대문구 이문로1길 21	분양	19890526	8	736	736	0	위탁관리	개별난방	혼합식	현대건설	대원에스테이트서비스(주)
서울특별시	동대문구	휘경동	A13087401	휘경서울가든	주상복합	서울특별시 동대문구 휘경동 49-5 휘경서울가든	서울특별시 동대문구 겸재로 24	분양	19851203	1	160	160	0	자치관리	개별난방	복도식	삼익건설(주)	 
서울특별시	동대문구	휘경동	A13087405	휘경베스트빌현대	아파트	서울특별시 동대문구 휘경동 52 휘경베스트빌현대	서울특별시 동대문구 장안벚꽃로5길 19	분양	20000515	3	372	372	0	위탁관리	개별난방	혼합식	현대건설(주)	피에이아름다운관리(주)
서울특별시	동대문구	휘경동	A13087407	휘경주공2단지	아파트	서울특별시 동대문구 휘경동 57 휘경주공2단지	서울특별시 동대문구 한천로 248	분양	20011115	7	800	800	0	위탁관리	개별난방	복도식	LH공사	(주)무림하우징
서울특별시	중랑구	신내동	A13113001	신내동성7차	주상복합	서울특별시 중랑구 신내동 797 신내동성7차	서울특별시 중랑구 신내로14길 21	분양	19990427	1	235	235	0	위탁관리	개별난방	혼합식	(주)동성	율산개발 유한회사
서울특별시	중랑구	신내동	A13113002	신내벽산	아파트	서울특별시 중랑구 신내동 437 신내벽산	서울특별시 중랑구 용마산로125길 50	분양	20000628	3	284	284	0	위탁관리	개별난방	혼합식	벽산건설(주)	광인에스테이트서비스 주식회사
서울특별시	중랑구	신내동	A13113003	신내동성4차	아파트	서울특별시 중랑구 신내동 591 신내동성4차	서울특별시 중랑구 봉화산로 216	분양	19970725	4	478	478	0	위탁관리	지역난방	혼합식	(주)동성건설	대원에스테이트서비스(주)
서울특별시	중랑구	신내동	A13113004	신내동성3차아파트	아파트	서울특별시 중랑구 신내동 618 신내동성3차아파트	서울특별시 중랑구 신내로 110	분양	19970507	6	800	800	0	위탁관리	지역난방	혼합식	(주)동성	(주)신현대관리
서울특별시	중랑구	신내동	A13113006	신내경남아너스빌	아파트	서울특별시 중랑구 신내동 804 신내경남아너스빌	서울특별시 중랑구 봉화산로56길 112	분양	20070216	4	214	214	0	위탁관리	개별난방+기타	계단식	경남기업	대한종합관리(주)
서울특별시	중랑구	신내동	A13113007	신내 데시앙포레	아파트	서울특별시 중랑구 신내동 817 신내 데시앙포레	서울특별시 중랑구 신내역로 165	혼합	20131211	23	1896	720	1176	위탁관리	개별난방	혼합식	(주)태영건설	우리관리(주)
서울특별시	중랑구	신내동	A13113008	신내우디안1단지	아파트	서울특별시 중랑구 신내동 816 신내우디안1단지	서울특별시 중랑구 신내역로1길 85	혼합	20140618	16	1402	615	787	위탁관리	개별난방	혼합식	한신공영(주)	율산개발(주)
서울특별시	중랑구	묵동	A13114002	묵동아이파크	아파트	서울특별시 중랑구 묵동 385 묵동아이파크	서울특별시 중랑구 동일로157길 70	분양	20020621	8	601	601	0	위탁관리	개별난방	계단식	현대산업개발	율산개발 유한회사
서울특별시	중랑구	묵동	A13114003	장미	아파트	"서울특별시 중랑구 묵동 188-1,서울특별시 중랑구 묵동 188-1 장미"			19831014	1	0	0	0	기타			 	 
서울특별시	중랑구	묵동	A13114103	묵동금호어울림	아파트	서울특별시 중랑구 묵동 386 묵동금호어울림	서울특별시 중랑구 공릉로2길 39	분양	20031203	2	193	193	0	위탁관리	개별난방	계단식	금호건설	(주)태룡에스디
서울특별시	중랑구	묵동	A13114106	묵동신안3차	아파트	서울특별시 중랑구 묵동 384 묵동신안3차	서울특별시 중랑구 공릉로2라길 4	분양	20000916	2	248	248	0	위탁관리	개별난방	혼합식	신안종합건설	주식회사 씨엠관리
서울특별시	중랑구	묵동	A13114201	묵동동구햇살	아파트	서울특별시 중랑구 묵동 388 묵동동구햇살	서울특별시 중랑구 동일로169길 41	분양	20040512	3	163	163	0	위탁관리	개별난방	계단식	동구건설	(주)케이비아주
서울특별시	중랑구	면목동	A13120001	면목마젤란21	아파트	서울특별시 중랑구 면목동 1531 면목마젤란21	서울특별시 중랑구 겸재로30길 42	분양	20070315	3	199	199	0	위탁관리	개별난방	계단식	유진건설	서림주택관리(주)
서울특별시	중랑구	면목동	A13120403	면목경남아너스빌	아파트	서울특별시 중랑구 면목동 1529 면목경남아너스빌	서울특별시 중랑구 답십리로75길 73	분양	20061129	9	386	386	0	위탁관리	개별난방	계단식	경남기업(주)	(주)국제안전시스템
서울특별시	중랑구	면목동	A13120701	용마산금호어울림	아파트	서울특별시 중랑구 면목동 1525 용마산금호어울림	서울특별시 중랑구 용마산로 290	분양	20060626	3	165	165	0	자치관리	개별난방	계단식	금호건설	 
서울특별시	중랑구	면목동	A13120704	면목금호어울림	아파트	서울특별시 중랑구 면목동 1528 면목금호어울림	서울특별시 중랑구 용마산로 271	분양	20051027	3	178	178	0	위탁관리	개별난방	계단식	면목동 대농빌라조합	(주)신현대관리
서울특별시	중랑구	상봉동	A13122001	상봉건영캐스빌	아파트	서울특별시 중랑구 상봉동 499 상봉건영캐스빌	서울특별시 중랑구 상봉중앙로8길 76	분양	20060210	9	467	467	0	자치관리	개별난방	계단식	1	 
서울특별시	중랑구	상봉동	A13122002	상봉프레미어스엠코	주상복합	서울특별시 중랑구 상봉동 500 상봉프레미어스엠코	서울특별시 중랑구 망우로 353	혼합	20131118	3	497	473	24	위탁관리	개별난방	계단식	현대엠코(주)	(주)무림하우징
서울특별시	중랑구	상봉동	A13122104	상봉태영데시앙	아파트	"서울특별시 중랑구 상봉동 497,서울특별시 중랑구 상봉동 498 상봉태영데시앙"	서울특별시 중랑구 상봉중앙로8길 104	분양	20030805	11	582	582	0	위탁관리	개별난방	계단식	(주)태영	한국주택시설관리(주)
서울특별시	중랑구	망우동	A13123001	예성그린캐슬아파트	아파트	서울특별시 중랑구 망우동 577 예성그린캐슬아파트	서울특별시 중랑구 용마산로112가길 34	분양	20040525	4	191	191	0	위탁관리	개별난방	계단식	예성종합건설	율산개발(주)
서울특별시	중랑구	망우동	A13123002	중랑숲Liga아파트	아파트	서울특별시 중랑구 망우동 583 중랑숲Liga아파트	서울특별시 중랑구 망우로75길 19	분양	20120831	10	381	381	0	위탁관리	개별난방	계단식	LIG건설	세화종합관리(주)
서울특별시	중랑구	망우동	A13123101	망우신원	아파트	서울특별시 중랑구 망우동 573 망우신원	서울특별시 중랑구 망우로 504-7	분양	19990311	1	198	198	0	자치관리(직영)	개별난방	혼합식	일해건설	 
서울특별시	중랑구	망우동	A13123102	중랑숲금호어울림	아파트	"서울특별시 중랑구 망우동 580,서울특별시 중랑구 망우동 580-1 중랑숲금호어울림"	서울특별시 중랑구 양원역로 18	분양	20060428	13	686	686	0	위탁관리	개별난방	계단식	금호산업(주)	서림주택관리(주)
서울특별시	중랑구	상봉동	A13170401	한일써너스빌아파트	아파트	서울특별시 중랑구 상봉동 81-5 한일써너스빌아파트	서울특별시 중랑구 망우로 346	분양	20031201	3	504	504	0	위탁관리	개별난방	혼합식	한일건설	주식회사 씨엠관리
서울특별시	중랑구	면목동	A13175103	면목한신	아파트	서울특별시 중랑구 면목동 193-1 면목한신	서울특별시 중랑구 중랑천로 20	분양	19871230	10	1362	1362	0	위탁관리	개별난방	혼합식	한신공영	(주)동우개발
서울특별시	중랑구	망우동	A13176101	한일써너스빌리젠시	아파트	서울특별시 중랑구 망우동 479 한일써너스빌리젠시	서울특별시 중랑구 용마산로115길 127	분양	20080401	1	128	128	0	위탁관리	개별난방	계단식	한일건설(주)	주식회사 동우개발
서울특별시	중랑구	망우동	A13176102	중랑해모로	아파트	서울특별시 중랑구 망우동 578 중랑해모로	서울특별시 중랑구 양원역로6가길 19	분양	20070516	3	174	174	0	위탁관리	개별난방	계단식	(주) 한진중공업	주식회사 동우개발
서울특별시	중랑구	묵동	A13176801	묵동극동늘푸른아파트	아파트	서울특별시 중랑구 묵동 379 묵동극동늘푸른아파트	서울특별시 중랑구 동일로 941	분양	19990401	2	188	188	0	위탁관리	개별난방	혼합식	(주)극동건설	(주)동우개발
서울특별시	중랑구	신내동	A13176901	신내6단지	아파트	서울특별시 중랑구 신내동 650 신내6단지	서울특별시 중랑구 신내로19길 42	분양	19960313	16	1609	1609	0	위탁관리	지역난방	복도식	대주건설	한국주택시설관리(주)
서울특별시	중랑구	신내동	A13176902	신내9단지임대	아파트	서울특별시 중랑구 신내동 657 신내9단지임대	서울특별시 중랑구 신내로 127	임대	19960621	2	335	0	335	위탁관리	지역난방	복도식	진흥기업(주)	삼정알엠씨(주)
서울특별시	중랑구	면목동	A13177701	면목	아파트	서울특별시 중랑구 면목동 1382 면목	서울특별시 중랑구 용마산로 228	임대	19911014	4	905	0	905	위탁관리	개별난방	계단식	SH공사	(주)대한주택개발
서울특별시	중랑구	면목동	A13177702	면목두원	아파트	서울특별시 중랑구 면목동 1521 면목두원	서울특별시 중랑구 동일로 483	분양	19981125	1	118	118	0	자치관리	개별난방	계단식	두원중공업(주)	 
서울특별시	중랑구	신내동	A13178101	신내데시앙	아파트	서울특별시 중랑구 신내동 317 신내데시앙	서울특별시 중랑구 용마산로 669	혼합	20100108	15	1326	359	967	위탁관리	지역난방	혼합식	태영건설	(주)푸른환경코리아
서울특별시	중랑구	면목동	A13181201	면목신성미소지움	아파트	서울특별시 중랑구 면목동 1527 면목신성미소지움	서울특별시 중랑구 용마산로86길 9-27	분양	20041112	2	161	161	0	위탁관리	개별난방	계단식	신성건설	(주)신대한관리
서울특별시	중랑구	면목동	A13181203	용마금호타운	아파트	서울특별시 중랑구 면목동 494 용마금호타운	서울특별시 중랑구 용마산로 348	분양	19921223	5	440	440	0	위탁관리	개별난방	계단식	금호건설	서림주택관리주식회사
서울특별시	중랑구	면목동	A13183202	용마한신2차아파트	아파트	서울특별시 중랑구 면목동 1073 용마한신2차아파트	서울특별시 중랑구 사가정로71길 11	분양	19980529	1	174	174	0	위탁관리	개별난방	혼합식	한신공영	(주)신현대관리
서울특별시	중랑구	면목동	A13183204	용마한신	아파트	서울특별시 중랑구 면목동 1077-1 용마한신	서울특별시 중랑구 사가정로71길 19	분양	19900628	4	565	565	0	자치관리	개별난방	혼합식	한신공영	 
서울특별시	중랑구	면목동	A13183303	용마동아아파트	아파트	서울특별시 중랑구 면목동 1499 용마동아아파트	서울특별시 중랑구 용마산로62길 43	분양	19930318	2	174	174	0	위탁관리	개별난방	계단식	공영토건	(주)동우개발
서울특별시	중랑구	면목동	A13183405	면목대원칸타빌	아파트	서울특별시 중랑구 면목동 581 면목대원칸타빌	서울특별시 중랑구 용마산로 285	분양	20030401	4	256	256	0	위탁관리	개별난방	계단식	(주)대원	서일개발(주)
서울특별시	중랑구	면목동	A13183502	면목삼익	아파트	서울특별시 중랑구 면목동 1516 면목삼익	서울특별시 중랑구 동일로 501	분양	19971220	3	216	216	0	위탁관리	개별난방	계단식	삼익주택	(주)동우개발
서울특별시	중랑구	면목동	A13183504	면목늘푸른동아아파트	아파트	서울특별시 중랑구 면목동 715 면목늘푸른동아아파트	서울특별시 중랑구 동일로 476	분양	20021130	4	573	573	0	위탁관리	개별난방	혼합식	동아건설산업(주)	유원종합관리(주)
서울특별시	중랑구	면목동	A13183701	아남리치카운티	아파트	서울특별시 중랑구 면목동 1505 아남리치카운티	서울특별시 중랑구 겸재로29길 27	분양	20041210	5	178	178	0	위탁관리	개별난방	계단식	아남건설	주식회사 씨엠관리
서울특별시	중랑구	면목동	A13184107	"면목두산4,5단지"	아파트	"서울특별시 중랑구 면목동 1522,서울특별시 중랑구 면목동 1522-1 면목두산4,5단지"	서울특별시 중랑구 사가정로42길 90	분양	20000927	7	555	555	0	위탁관리	개별난방	혼합식	(주)두산	서일개발(주)
서울특별시	중랑구	면목동	A13184208	면목현대	아파트	서울특별시 중랑구 면목동 1502 면목현대	서울특별시 중랑구 용마산로 252	분양	19940929	4	626	626	0	위탁관리	개별난방	계단식	(주)현대산업개발	(주)신현대관리
서울특별시	중랑구	면목동	A13184301	면목신성은하수	아파트	서울특별시 중랑구 면목동 1519 면목신성은하수	서울특별시 중랑구 중랑천로 43	분양	19981031	2	266	266	0	위탁관리	개별난방	혼합식	신성	세화종합관리(주)
서울특별시	중랑구	면목동	A13184401	면목삼호	아파트	서울특별시 중랑구 면목동 1513 면목삼호	서울특별시 중랑구 용마산로 259	분양	20000527	1	183	183	0	위탁관리	개별난방	혼합식	(주)삼호	(주)동우개발
서울특별시	중랑구	면목동	A13184502	면목성원	아파트	서울특별시 중랑구 면목동 1515 면목성원	서울특별시 중랑구 용마산로 278	분양	19970613	2	168	168	0	위탁관리	개별난방	혼합식	성원건설(주)	주식회사 씨엠관리
서울특별시	중랑구	묵동	A13184609	신내4단지	아파트	서울특별시 중랑구 묵동 13 신내4단지	서울특별시 중랑구 숙선옹주로 91	분양	19960614	12	1070	1070	0	위탁관리	지역난방	복도식	SH공사	세화종합관리(주)
서울특별시	중랑구	묵동	A13184610	신내5단지대림두산	아파트	서울특별시 중랑구 묵동 20 신내5단지대림두산	서울특별시 중랑구 신내로21길 16	분양	19951204	28	1244	1244	0	자치관리	지역난방	계단식	대림두산건설	자치관리
서울특별시	중랑구	묵동	A13184804	묵동신도1차	아파트	서울특별시 중랑구 묵동 167 묵동신도1차	서울특별시 중랑구 공릉로13길 30	분양	19981015	2	221	221	0	위탁관리	개별난방	혼합식	신도종합건설	율산개발주식회사
서울특별시	중랑구	묵동	A13185402	묵동한국	아파트	서울특별시 중랑구 묵동 378 묵동한국	서울특별시 중랑구 중랑천로 332	분양	19990603	2	225	225	0	위탁관리	개별난방	혼합식	한국종건	주)무림하우징
서울특별시	중랑구	묵동	A13185501	묵동세방	아파트	서울특별시 중랑구 묵동 383 묵동세방	서울특별시 중랑구 숙선옹주로9길 25	분양	20000703	2	159	159	0	위탁관리	개별난방	혼합식	세방기업(주)	세화종합관리(주)
서울특별시	중랑구	묵동	A13185502	묵동신안2차	아파트	서울특별시 중랑구 묵동 382 묵동신안2차	서울특별시 중랑구 공릉로2나길 46	분양	20000229	1	171	171	0	위탁관리	개별난방	혼합식	신안종합건설(주)	(주)백송종합관리
서울특별시	중랑구	묵동	A13185507	묵동신안1차	아파트	서울특별시 중랑구 묵동 381 묵동신안1차	서울특별시 중랑구 공릉로2라길 15	분양	19991028	2	285	285	0	위탁관리	개별난방	혼합식	신안종합건설	아주관리
서울특별시	중랑구	묵동	A13185508	브라운스톤태릉	아파트	서울특별시 중랑구 묵동 387 브라운스톤태릉	서울특별시 중랑구 공릉로18길 59	분양	20040311	6	587	587	0	위탁관리	개별난방	계단식	이수건설(주)	서림주택관리(주)
서울특별시	중랑구	상봉동	A13185602	상봉우정	아파트	서울특별시 중랑구 상봉동 496 상봉우정	서울특별시 중랑구 상봉중앙로1다길 21	분양	20020514	5	375	375	0	위탁관리	개별난방	계단식	우정건설(주)	(주)한빛관리
서울특별시	중랑구	상봉동	A13185603	신내건영1차	아파트	서울특별시 중랑구 상봉동 1 신내건영1차	서울특별시 중랑구 봉화산로48길 62	분양	19970813	4	408	408	0	위탁관리	개별난방	계단식	(주) 건영	(주)한빛관리
서울특별시	중랑구	상봉동	A13185607	신내건영2차아파트	아파트	"서울특별시 중랑구 상봉동 63,서울특별시 중랑구 신내동 785 신내건영2차아파트"	서울특별시 중랑구 신내로7길 20	분양	19961104	14	1113	1113	0	위탁관리	개별난방	혼합식	건영	(주)신현대관리
서울특별시	중랑구	상봉동	A13186305	신내엘지쌍용	아파트	서울특별시 중랑구 상봉동 484 신내엘지쌍용	"서울특별시 중랑구 봉화산로 146,서울특별시 중랑구 봉화산로 130"	분양	19960327	9	514	514	0	위탁관리	지역난방	혼합식	"LG건설(주), 쌍용건설(주)"	에이제이대원 주식회사
서울특별시	중랑구	상봉동	A13186306	신내12단지	아파트	서울특별시 중랑구 상봉동 481 신내12단지	서울특별시 중랑구 봉화산로 153	임대	19951127	8	1000	0	1000	위탁관리	지역난방	복도식	삼환기업	주식회사 티아이시스템
서울특별시	중랑구	상봉동	A13186401	동부아파트	아파트	서울특별시 중랑구 상봉동 495 동부아파트	서울특별시 중랑구 신내로7가길 31	분양	19990429	2	368	368	0	위탁관리	개별난방	혼합식	동부건설	우진관리주식회사
서울특별시	중랑구	신내동	A13186502	신내우남푸르미아	아파트	서울특별시 중랑구 신내동 802 신내우남푸르미아	서울특별시 중랑구 봉화산로56길 51	분양	20050404	3	153	153	0	위탁관리	개별난방	계단식	(주)우남건설	국제안전시스템
서울특별시	중랑구	신내동	A13186503	신내석탑	아파트	서울특별시 중랑구 신내동 787 신내석탑	서울특별시 중랑구 용마산로125길 92	분양	19970131	2	242	242	0	위탁관리	개별난방	혼합식	석탑건설	서일개발(주)
서울특별시	중랑구	신내동	A13186504	신내영풍마드레빌	아파트	서울특별시 중랑구 신내동 801 신내영풍마드레빌	서울특별시 중랑구 용마산로129가길 41	분양	20040213	5	260	260	0	위탁관리	개별난방	계단식	영풍건설	한국주택시설관리(주)
서울특별시	중랑구	신내동	A13186708	"신내동성1,2차"	아파트	"서울특별시 중랑구 신내동 397 신내동성1,2차"	서울특별시 중랑구 신내로 128	분양	19930205	9	1047	1047	0	위탁관리	지역난방	혼합식	(주)동성	(주)신현대관리
서울특별시	중랑구	신내동	A13186801	신내다우훼밀리	아파트	서울특별시 중랑구 신내동 796 신내다우훼밀리	서울특별시 중랑구 송림길 16	분양	19990129	1	152	152	0	위탁관리	개별난방	혼합식	다우종합건설	광인산업
서울특별시	중랑구	신내동	A13186905	라이프미성	아파트	서울특별시 중랑구 신내동 487 라이프미성	서울특별시 중랑구 용마산로129나길 101	분양	19920424	2	277	277	0	위탁관리	개별난방	복도식	라이프건설	우진관리(주)
서울특별시	중랑구	신내동	A13186907	중앙하이츠	아파트	서울특별시 중랑구 신내동 479 중앙하이츠	서울특별시 중랑구 봉화산로56길 145-1	분양	19960328	5	704	704	0	위탁관리	개별난방	계단식	중앙건설(주)	주식회사 동우개발
서울특별시	중랑구	신내동	A13187004	신내성원	아파트	서울특별시 중랑구 신내동 783 신내성원	서울특별시 중랑구 신내로 51	분양	19940929	5	876	876	0	위탁관리	개별난방	계단식	성원건설	서일개발
서울특별시	중랑구	신내동	A13187201	신내8단지두산화성	아파트	서울특별시 중랑구 신내동 656 신내8단지두산화성	서울특별시 중랑구 신내로 155	분양	19951222	8	763	763	0	위탁관리	지역난방	혼합식	"두산건설,화성산업"	한국주택시설관리(주)
서울특별시	중랑구	신내동	A13187203	신내진로아파트	아파트	서울특별시 중랑구 신내동 654 신내진로아파트	"서울특별시 중랑구 신내로17길 41,서울특별시 중랑구 신내로17길 39"	분양	19951206	17	818	818	0	위탁관리	지역난방	계단식	진로	한국주택시설관리(주)
서울특별시	중랑구	신내동	A13187302	신내대명11단지	아파트	서울특별시 중랑구 신내동 661 신내대명11단지	서울특별시 중랑구 봉화산로 193	분양	19960313	6	804	804	0	위탁관리	지역난방	복도식	대명건설	서일개발(주)
서울특별시	중랑구	신내동	A13187305	신내9단지	아파트	서울특별시 중랑구 신내동 657 신내9단지	서울특별시 중랑구 신내로 127	분양	19960621	10	1315	1315	0	위탁관리	지역난방	복도식	진흥	율산개발 유한회사
서울특별시	중랑구	신내동	A13187306	신내10단지	아파트	서울특별시 중랑구 신내동 660 신내10단지	서울특별시 중랑구 신내로 115	임대	19960311	8	1432	0	1432	위탁관리	지역난방	복도식	(주)건영	(주)다보산업관리
서울특별시	중랑구	신내동	A13187406	신내새한아파트	아파트	서울특별시 중랑구 신내동 795 신내새한아파트	서울특별시 중랑구 용마산로 616	분양	19981127	6	532	532	0	위탁관리	개별난방	혼합식	새한건설(주)	(주)신현대관리
서울특별시	중랑구	중화동	A13187501	중화극동	아파트	서울특별시 중랑구 중화동 19 중화극동	서울특별시 중랑구 봉화산로27길 32	분양	19910429	1	156	156	0	위탁관리	개별난방	혼합식	극동건설	신현대관리
서울특별시	중랑구	중화동	A13187702	중화한신아파트	아파트	서울특별시 중랑구 중화동 450 중화한신아파트	서울특별시 중랑구 동일로 752	분양	19971011	9	1544	1544	0	위탁관리	개별난방	혼합식	한신공영	인덕종합관리(주)
서울특별시	중랑구	면목동	A13188406	면목두산2.3차	아파트	"서울특별시 중랑구 면목동 1511,서울특별시 중랑구 면목동 1510 면목두산2.3차"	"서울특별시 중랑구 면목로37길 58,서울특별시 중랑구 면목로37길 57"	분양	19950403	4	344	344	0	위탁관리	개별난방	혼합식	두산개발주식회사	(주)신현대관리
서울특별시	도봉구	도봉동	A13201001	도봉서광	아파트	서울특별시 도봉구 도봉동 643 도봉서광	서울특별시 도봉구 마들로 770	혼합	19990907	3	159	114	45	위탁관리	개별난방	복도식	융창건설(주)	우리관리(주)
서울특별시	도봉구	도봉동	A13201002	서울도봉	아파트	서울특별시 도봉구 도봉동 649 서울도봉	서울특별시 도봉구 도봉로180길 83-14	임대	20021118	3	245	0	245	위탁관리	개별난방	복도식	충우종합대양건설	주택관리공단
서울특별시	도봉구	도봉동	A13201201	도봉현대성우	주상복합	서울특별시 도봉구 도봉동 642 도봉현대성우	서울특별시 도봉구 마들로 735-8	분양	19981201	1	190	190	0	위탁관리	개별난방	혼합식	성우종합건설(주)	주식회사 씨엠관리
서울특별시	도봉구	도봉동	A13201202	도봉파크빌3단지	아파트	서울특별시 도봉구 도봉동 644 도봉파크빌3단지	서울특별시 도봉구 마들로 891	분양	20021202	3	200	200	0	위탁관리	개별난방	혼합식	"계룡건설, 유진건설"	(주)덕우
서울특별시	도봉구	도봉동	A13201203	도봉극동아파트	아파트	서울특별시 도봉구 도봉동 81-1 도봉극동아파트	"서울특별시 도봉구 도봉로180길 77,서울특별시 도봉구 도봉로169라길 111-6"	분양	19911219	2	205	205	0	위탁관리	개별난방	계단식	극동건설(주)	우리관리(주)
서울특별시	도봉구	도봉동	A13201206	도봉동아에코빌	아파트	서울특별시 도봉구 도봉동 654 도봉동아에코빌	서울특별시 도봉구 도봉로180길 6-23	분양	20030315	7	526	526	0	위탁관리	개별난방	계단식	동아건설(주)	우리관리(주)
서울특별시	도봉구	도봉동	A13201207	도봉삼환	아파트	서울특별시 도봉구 도봉동 87 도봉삼환	서울특별시 도봉구 도봉로180길 6-81	분양	19871029	4	660	660	0	위탁관리	중앙난방	복도식	(주)삼환까뮤	한국주택관리
서울특별시	도봉구	도봉동	A13201208	서원아파트	아파트	서울특별시 도봉구 도봉동 641 서원아파트	서울특별시 도봉구 마들로 684-9	분양	19961012	12	1716	1716	0	위탁관리	지역난방	복도식	도시개발공사	유원종합관리(주)
서울특별시	도봉구	도봉동	A13201209	도봉한신	아파트	서울특별시 도봉구 도봉동 30-1 도봉한신	서울특별시 도봉구 마들로 859-19	분양	19950930	25	2678	2678	0	위탁관리	개별난방	계단식	한신공영	주식회사 한빛종합관리
서울특별시	도봉구	방학동	A13202002	대상타운현대	아파트	서울특별시 도봉구 방학동 720-1 대상타운현대	서울특별시 도봉구 마들로 616	분양	20011029	16	1278	1278	0	위탁관리	개별난방	계단식	(주)현대건설	율산개발(주)
서울특별시	도봉구	방학동	A13202102	방학성원	아파트	서울특별시 도봉구 방학동 735 방학성원	서울특별시 도봉구 도당로6길 14-5	분양	19960612	4	258	258	0	위탁관리	개별난방	계단식	성원건설	대한종합개발(주)
서울특별시	도봉구	방학동	A13202103	방학삼성래미안2단지	아파트	서울특별시 도봉구 방학동 715-12 방학삼성래미안2단지	서울특별시 도봉구 도봉로150길 42	분양	20021019	5	288	288	0	위탁관리	개별난방	계단식	삼성물산	미래 ABM
서울특별시	도봉구	방학동	A13202302	방학극동아파트	아파트	서울특별시 도봉구 방학동 730 방학극동아파트	서울특별시 도봉구 시루봉로11길 25-5	분양	19930917	2	167	167	0	위탁관리	개별난방	계단식	극동건설	(주)국제안전시스템
서울특별시	도봉구	방학동	A13202304	대원그린아파트	아파트	서울특별시 도봉구 방학동 444-31 대원그린아파트	서울특별시 도봉구 방학로 212-11	분양	19870629	2	220	220	0	자치관리	개별난방	복도식	대백건설	 
서울특별시	도봉구	방학동	A13202306	방학한화성원	아파트	서울특별시 도봉구 방학동 731 방학한화성원	서울특별시 도봉구 방학로11길 10	분양	19960402	4	336	336	0	위탁관리	개별난방	혼합식	한화건설	인덕종합관리(주)
서울특별시	도봉구	방학동	A13202308	방학삼익세라믹	아파트	서울특별시 도봉구 방학동 274 방학삼익세라믹	서울특별시 도봉구 도당로 41	분양	19880719	4	476	476	0	위탁관리	개별난방	혼합식	.	정우산업(주)
서울특별시	도봉구	방학동	A13202312	방학신동아1단지	아파트	"서울특별시 도봉구 방학동 271-5,서울특별시 도봉구 방학동 271-4,서울특별시 도봉구 방학동 272,서울특별시 도봉구 방학동 271-1,서울특별시 도봉구 방학동 272-1 방학신동아1단지"	"서울특별시 도봉구 시루봉로 107,서울특별시 도봉구 방학로 193"	분양	19861231	30	3169	3169	0	위탁관리	개별난방	혼합식	신동아	세화종합관리(주)
서울특별시	도봉구	쌍문동	A13203001	쌍문동북한산월드메르디앙	아파트	서울특별시 도봉구 쌍문동 728 쌍문동북한산월드메르디앙	서울특별시 도봉구 삼양로 566	분양	20050602	4	154	154	0	위탁관리	개별난방	계단식	월드건설	율산개발 유한회사
서울특별시	도봉구	쌍문동	A13203002	북한산코오롱하늘채	아파트	서울특별시 도봉구 쌍문동 364-1 북한산코오롱하늘채	서울특별시 도봉구 우이천로 367	혼합	20140401	5	293	243	50	위탁관리	개별난방	계단식	코오롱글로벌(주)	(주)동우개발
서울특별시	도봉구	쌍문동	A13203102	쌍문극동	아파트	서울특별시 도봉구 쌍문동 721 쌍문극동	서울특별시 도봉구 노해로45길 26	분양	19960826	4	315	315	0	위탁관리	개별난방	계단식	극동건설주식회사	(주)동우개발
서울특별시	도봉구	쌍문동	A13203202	쌍문청구	아파트	서울특별시 도봉구 쌍문동 195 쌍문청구	서울특별시 도봉구 도당로 13	분양	19960718	3	236	236	0	위탁관리	개별난방	계단식	쌍문주택조합	인덕종합관리(주)
서울특별시	도봉구	쌍문동	A13203302	쌍문삼성래미안	아파트	서울특별시 도봉구 쌍문동 725 쌍문삼성래미안	서울특별시 도봉구 우이천로 328	분양	20020726	10	407	407	0	위탁관리	개별난방	계단식	삼성건설(주)	에스엠피티 주식회사
서울특별시	도봉구	쌍문동	A13203303	쌍문한양1차	아파트	서울특별시 도봉구 쌍문동 388-33 쌍문한양1차	서울특별시 도봉구 우이천로 304	분양	19861202	8	824	824	0	자치관리	개별난방	혼합식	한양건설	 
서울특별시	도봉구	쌍문동	A13203401	쌍문이안아파트	아파트	"서울특별시 도봉구 쌍문동 730,서울특별시 도봉구 쌍문동 730 쌍문이안아파트"	서울특별시 도봉구 시루봉로 8	분양	20040401	4	190	190	0	위탁관리	개별난방	계단식	대우자동차산업	우리관리(주)
서울특별시	도봉구	쌍문동	A13203403	쌍문금호2차	주상복합	서울특별시 도봉구 쌍문동 69-1 쌍문금호2차	서울특별시 도봉구 해등로 241-14	분양	19911227	5	386	386	0	위탁관리	개별난방	계단식	금호건설	서림주택관리(주)
서울특별시	도봉구	쌍문동	A13203408	쌍문금호1차아파트	아파트	서울특별시 도봉구 쌍문동 199-1 쌍문금호1차아파트	서울특별시 도봉구 해등로 206	분양	19900924	7	7	7	0	위탁관리	개별난방	혼합식	금호건설	태영건물종합관리 주식회사
서울특별시	도봉구	창동	A13204001	창동대림	아파트	서울특별시 도봉구 창동 822 창동대림	서울특별시 도봉구 노해로63길 75	분양	20031008	4	205	205	0	위탁관리	개별난방	계단식	31385	대한종합개발(주)
서울특별시	도봉구	창동	A13204002	창동신도브래뉴	아파트	서울특별시 도봉구 창동 820 창동신도브래뉴	서울특별시 도봉구 도봉로136나길 40	분양	20030915	7	456	456	0	위탁관리	개별난방	계단식	신도	(주)동우개발
서울특별시	도봉구	창동	A13204003	창동한승미메이드	아파트	서울특별시 도봉구 창동 824 창동한승미메이드	서울특별시 도봉구 덕릉로60길 164-13	분양	20040625	1	135	135	0	위탁관리	개별난방	계단식	한승	인동종합관리 주식회사
서울특별시	도봉구	창동	A13204103	창동삼성	아파트	서울특별시 도봉구 창동 45 창동삼성	서울특별시 도봉구 노해로66길 21	분양	19920731	18	1668	1668	0	위탁관리	지역난방	계단식	삼성종합건설주식회사	(주)케이티팝스
서울특별시	도봉구	창동	A13204104	창동주공4단지	아파트	"서울특별시 도봉구 창동 380,서울특별시 도봉구 창동 373 창동주공4단지"	서울특별시 도봉구 덕릉로 349	분양	19911112	10	1710	1710	0	위탁관리	중앙난방	복도식	대한주택공사	세화종합관리(주)
서울특별시	도봉구	창동	A13204105	창동주공3단지	아파트	"서울특별시 도봉구 창동 347,서울특별시 도봉구 창동 350 창동주공3단지"	"서울특별시 도봉구 해등로 50,서울특별시 도봉구 해등로 49"	분양	19900906	32	2856	2856	0	위탁관리	지역난방	복도식	sh 공사	대원에스테이트서비스(주)
서울특별시	도봉구	창동	A13204201	창동금용	아파트	서울특별시 도봉구 창동 809 창동금용	서울특별시 도봉구 우이천로 200	분양	19970509	1	183	183	0	자치관리	개별난방	혼합식	금용종합건설주식회사	 
서울특별시	도봉구	창동	A13204203	창동건영캐스빌	아파트	서울특별시 도봉구 창동 635-42 창동건영캐스빌	서울특별시 도봉구 우이천로20길 7	분양	20020819	6	300	300	0	위탁관리	개별난방	혼합식	(주)건영	광인에스테이트서비스 주식회사
서울특별시	도봉구	창동	A13204204	창동대우	아파트	서울특별시 도봉구 창동 804 창동대우	서울특별시 도봉구 덕릉로63가길 43	분양	19951124	7	952	952	0	위탁관리	개별난방	계단식	대우건설	서림주택관리(주)
서울특별시	도봉구	창동	A13204205	창동태영데시앙	아파트	서울특별시 도봉구 창동 819 창동태영데시앙	서울특별시 도봉구 도봉로110다길 51	분양	20030714	15	958	958	0	위탁관리	개별난방	계단식	태영	율산개발(주)
서울특별시	도봉구	창동	A13204301	초안산신도브래뉴	아파트	서울특별시 도봉구 창동 821 초안산신도브래뉴	서울특별시 도봉구 우이천로4라길 11-14	분양	20051028	2	213	213	0	위탁관리	개별난방	혼합식	신도건설	서림주택관리(주)
서울특별시	도봉구	창동	A13204302	창동신창	아파트	서울특별시 도봉구 창동 810 창동신창	서울특별시 도봉구 덕릉로62길 13	분양	19980707	5	609	609	0	위탁관리	중앙난방	복도식	sh공사	동우개발
서울특별시	도봉구	창동	A13204402	창동현대4차아이파크	아파트	서울특별시 도봉구 창동 818 창동현대4차아이파크	서울특별시 도봉구 노해로69가길 54	분양	20030529	4	202	202	0	위탁관리	개별난방	계단식	현대산업개발(주)	우리관리(주)
서울특별시	도봉구	창동	A13204404	창동아이파크(창동2.3차현대)	아파트	"서울특별시 도봉구 창동 816,서울특별시 도봉구 창동 815 창동아이파크(창동2.3차현대)"	서울특별시 도봉구 도봉로136길 111	분양	20010614	11	797	797	0	위탁관리	개별난방	계단식	현대산업개발	광인에스테이트서비스 주식회사
서울특별시	도봉구	창동	A13204406	창동쌍용	아파트	서울특별시 도봉구 창동 807 창동쌍용	서울특별시 도봉구 마들로 551	분양	19970228	15	1352	1352	0	위탁관리	지역난방	계단식	쌍용건설(주)	한국주택시설관리(주)
서울특별시	도봉구	창동	A13204408	상계17단지	아파트	서울특별시 도봉구 창동 38 상계17단지	서울특별시 도봉구 덕릉로66길 17	분양	19890731	11	1980	1980	0	위탁관리	중앙난방	복도식	대한주택공사	서일개발
서울특별시	도봉구	창동	A13204409	창동동아청솔	아파트	서울특별시 도봉구 창동 808 창동동아청솔	서울특별시 도봉구 노해로69길 103	분양	19970324	18	1981	1981	0	위탁관리	지역난방	혼합식	동아건설산업(주)	동우씨엠(주) 서울지점
서울특별시	도봉구	창동	A13204501	창동대동	아파트	서울특별시 도봉구 창동 811 창동대동	서울특별시 도봉구 도봉로 642-30	분양	19990619	2	188	188	0	위탁관리	개별난방	혼합식	(주)대동	(주)서일개발
서울특별시	도봉구	창동	A13204502	북한산한신휴플러스	아파트	서울특별시 도봉구 창동 826 북한산한신휴플러스	서울특별시 도봉구 도봉로136가길 73	분양	20070731	2	194	194	0	위탁관리	개별난방	계단식	한신공영(주)	우리관리(주)
서울특별시	도봉구	창동	A13204503	창동현대	아파트	서울특별시 도봉구 창동 813 창동현대	서울특별시 도봉구 해등로16길 12	분양	20000508	2	205	205	0	위탁관리	개별난방	혼합식	현대건설(주)	우리관리(주)
서울특별시	도봉구	창동	A13204505	창동상아2차	아파트	서울특별시 도봉구 창동 300 창동상아2차	서울특별시 도봉구 노해로63가길 7	분양	19880211	4	427	427	0	자치관리	개별난방	혼합식	동성	 
서울특별시	도봉구	창동	A13204506	창동동아그린	아파트	서울특별시 도봉구 창동 805 창동동아그린	서울특별시 도봉구 노해로63다길 34	분양	19961130	3	449	449	0	위탁관리	개별난방	계단식	동아종합환경(주)	대원에스테이트서비스(주)
서울특별시	도봉구	창동	A13204507	창동상아1차	아파트	서울특별시 도봉구 창동 299 창동상아1차	서울특별시 도봉구 해등로 118	분양	19871127	5	694	694	0	위탁관리	개별난방	혼합식	효성	(주)덕우
서울특별시	도봉구	창동	A13204508	창동주공2단지	아파트	서울특별시 도봉구 창동 316 창동주공2단지	서울특별시 도봉구 해등로12길 44	분양	19900712	5	750	750	0	위탁관리	개별난방	복도식	대한주택공사	서일개발(주)
서울특별시	도봉구	창동	A13204510	창동북한산아이파크	아파트	서울특별시 도봉구 창동 825 창동북한산아이파크	서울특별시 도봉구 도봉로136길 28	분양	20040730	25	2061	2061	0	위탁관리	개별난방	계단식	"삼풍물산(주), 현대산업개발(주)"	주식회사 동우개발
서울특별시	도봉구	방학동	A13272101	방학명품ESA2단지	주상복합	서울특별시 도봉구 방학동 716-5 방학명품ESA2단지	서울특별시 도봉구 도봉로150길 43	분양	20030903	4	225	225	0	위탁관리	개별난방	계단식	(주)SR개발	(주)국제안전시스템
서울특별시	도봉구	방학동	A13272102	방학동부센트레빌	아파트	서울특별시 도봉구 방학동 689 방학동부센트레빌	서울특별시 도봉구 방학로 120	분양	20051121	4	258	258	0	위탁관리	개별난방	계단식	동부건설(주)	주식회사 동우개발
서울특별시	도봉구	창동	A13272201	창동대우그린아파트	아파트	서울특별시 도봉구 창동 814 창동대우그린아파트	서울특별시 도봉구 덕릉로 371	분양	20001130	5	366	366	0	위탁관리	개별난방	계단식	대우건설	율산개발(주)
서울특별시	도봉구	창동	A13275001	창동수산트리플아파트	아파트	서울특별시 도봉구 창동 817 창동수산트리플아파트	서울특별시 도봉구 우이천로20길 6	분양	20040630	1	111	111	0	위탁관리	개별난방	계단식	수산건설	서림주택관리(주)
서울특별시	도봉구	도봉동	A13275301	도봉양우내안애아파트	아파트	서울특별시 도봉구 도봉동 656 도봉양우내안애아파트	서울특별시 도봉구 도봉로180나길 16	분양	20050629	3	147	147	0	위탁관리	개별난방	계단식	양우건설(주)	인동종합관리 주식회사
서울특별시	도봉구	도봉동	A13275302	도봉서원제2	아파트	서울특별시 도봉구 도봉동 641 도봉서원제2	서울특별시 도봉구 마들로 684-20	임대	19961012	4	734	0	734	위탁관리	지역난방	복도식	"삼익,두원중공업"	광인에스테이트서비스 주식회사
서울특별시	도봉구	도봉동	A13275303	도봉파크빌2단지	아파트	서울특별시 도봉구 도봉동 647 도봉파크빌2단지	서울특별시 도봉구 마들로 835	분양	20021202	2	139	139	0	위탁관리	개별난방	계단식	유진건설	우리관리(주)
서울특별시	도봉구	방학동	A13276414	방학신동아3단지	아파트	서울특별시 도봉구 방학동 530 방학신동아3단지	서울특별시 도봉구 방학로15길 26-7	분양	19920926	3	210	210	0	위탁관리	개별난방	계단식	신동아건설	동우개발
서울특별시	도봉구	방학동	A13276415	방학청구	아파트	서울특별시 도봉구 방학동 734 방학청구	"서울특별시 도봉구 해등로 264,서울특별시 도봉구 시루봉로 71"	분양	19940620	10	978	978	0	위탁관리	개별난방	계단식	(주)청구	태영건물종합관리 주식회사
서울특별시	도봉구	방학동	A13276416	방학우성1차	아파트	서울특별시 도봉구 방학동 507 방학우성1차	서울특별시 도봉구 해등로 286-5	분양	19920715	8	658	658	0	위탁관리	개별난방	혼합식	우성건설(주)	태영건물종합관리 주식회사
서울특별시	도봉구	방학동	A13276417	벽산1	아파트	서울특별시 도봉구 방학동 275 벽산1	서울특별시 도봉구 방학로11길 36	분양	19910902	4	490	490	0	위탁관리	개별난방	혼합식	벽산건설	서림주택관리(주)
서울특별시	도봉구	도봉동	A13280104	유원도봉아파트	아파트	서울특별시 도봉구 도봉동 83 유원도봉아파트	서울특별시 도봉구 도봉로180길 50	분양	19901105	3	286	286	0	위탁관리	개별난방	계단식	유원건설	서일개발(주)
서울특별시	도봉구	도봉동	A13281201	도봉서울가든	아파트	서울특별시 도봉구 도봉동 555 도봉서울가든	서울특별시 도봉구 도봉산길 35	분양	19870718	3	348	348	0	자치관리	개별난방	복도식	삼익건설	 
서울특별시	도봉구	도봉동	A13281802	도봉럭키	아파트	서울특별시 도봉구 도봉동 595 도봉럭키	서울특별시 도봉구 도봉로169길 31	분양	19920905	5	630	630	0	위탁관리	개별난방	계단식	LG건설	세화종합관리
서울특별시	도봉구	방학동	A13282510	방학우성2차	아파트	서울특별시 도봉구 방학동 508 방학우성2차	서울특별시 도봉구 해등로 307	분양	19930916	5	558	558	0	위탁관리	개별난방	계단식	(주)우성건설	세화종합관리(주)
서울특별시	도봉구	방학동	A13283405	방학벽산2차	아파트	서울특별시 도봉구 방학동 496 방학벽산2차	서울특별시 도봉구 시루봉로5길 48	분양	19980601	4	318	318	0	위탁관리	개별난방	계단식	벽산건설(주)	서림주택관리
서울특별시	도봉구	방학동	A13283611	방학신동아2단지	아파트	서울특별시 도봉구 방학동 531 방학신동아2단지	서울특별시 도봉구 방학로15길 40	분양	19920926	9	660	660	0	위탁관리	개별난방	계단식	신동아	(주)동우개발
서울특별시	도봉구	방학동	A13285305	방학거성학마을	아파트	서울특별시 도봉구 방학동 701-15 방학거성학마을	서울특별시 도봉구 도당로 116	분양	19941213	3	347	347	0	위탁관리	개별난방	계단식	거성CR	한국주택시설관리(주)
서울특별시	도봉구	방학동	A13285401	브라운스톤 방학아파트	아파트	서울특별시 도봉구 방학동 713 브라운스톤 방학아파트	서울특별시 도봉구 도봉로146길 36	분양	20030430	3	174	174	0	위탁관리	개별난방	계단식	이수건설	(주)아주관리
서울특별시	도봉구	방학동	A13285404	방학명품ESA1단지	주상복합	서울특별시 도봉구 방학동 718-7 방학명품ESA1단지	서울특별시 도봉구 마들로 657	분양	20031001	5	296	296	0	위탁관리	개별난방	계단식	SR개발	우진관리주식회사
서울특별시	도봉구	방학동	A13285406	방학삼성래미안1단지	아파트	서울특별시 도봉구 방학동 720-18 방학삼성래미안1단지	서울특별시 도봉구 마들로 646	분양	20021019	11	603	603	0	위탁관리	개별난방	계단식	삼성물산	세화종합관리(주)
서울특별시	도봉구	방학동	A13285503	방학동양크레오	아파트	서울특별시 도봉구 방학동 740 방학동양크레오	서울특별시 도봉구 시루봉로 166	분양	20041215	4	212	212	0	위탁관리	개별난방	계단식	동양고속건설	태영그린(주)
서울특별시	도봉구	방학동	A13285507	방학4단지신동아	아파트	서울특별시 도봉구 방학동 732 방학4단지신동아	서울특별시 도봉구 방학로 200	분양	19950527	3	361	361	0	위탁관리	개별난방	혼합식	신동아건설	주식회사 동우개발
서울특별시	도봉구	방학동	A13285601	방학신동아5단지	아파트	서울특별시 도봉구 방학동 738 방학신동아5단지	서울특별시 도봉구 시루봉로 148	분양	19981002	1	153	153	0	위탁관리	개별난방	혼합식	신동아건설(주)	(주)동우개발
서울특별시	도봉구	쌍문동	A13286002	쌍문현대2차	아파트	"서울특별시 도봉구 쌍문동 50,서울특별시 도봉구 쌍문동 50 쌍문현대2차"	서울특별시 도봉구 시루봉로6길 53	분양	19931130	2	192	192	0	위탁관리	개별난방	계단식	현대건설	세화종합관리
서울특별시	도봉구	쌍문동	A13286105	쌍문한양5차	아파트	서울특별시 도봉구 쌍문동 59-3 쌍문한양5차	서울특별시 도봉구 해등로25길 36	분양	19910528	3	414	414	0	자치관리	개별난방	혼합식	한양	 
서울특별시	도봉구	쌍문동	A13286106	쌍문성원	아파트	서울특별시 도봉구 쌍문동 53 쌍문성원	서울특별시 도봉구 해등로 242-11	분양	19891017	7	498	498	0	위탁관리	개별난방	계단식	성원건설주식회사	한국주택관리(주)
서울특별시	도봉구	쌍문동	A13286107	쌍문한양6차	아파트	서울특별시 도봉구 쌍문동 59-5 쌍문한양6차	서울특별시 도봉구 시루봉로 58	분양	20020326	6	582	582	0	위탁관리	개별난방	계단식	(주)한양	동우개발
서울특별시	도봉구	쌍문동	A13286109	쌍문현대1차	아파트	서울특별시 도봉구 쌍문동 54 쌍문현대1차	서울특별시 도봉구 해등로 242-12	분양	19901019	8	783	783	0	위탁관리	개별난방	혼합식	현대건설	서일개발
서울특별시	도봉구	쌍문동	A13286110	"쌍문한양2,3,4차"	아파트	"서울특별시 도봉구 쌍문동 59 쌍문한양2,3,4차"	서울특별시 도봉구 해등로 231	분양	19881130	9	1635	1635	0	위탁관리	개별난방	혼합식	(주)한양	대한종합개발(주)
서울특별시	도봉구	쌍문동	A13286203	쌍문경남	아파트	서울특별시 도봉구 쌍문동 73 쌍문경남	서울특별시 도봉구 도봉로129길 45-12	분양	19880315	2	264	264	0	자치관리	개별난방	복도식	(주)성원주택	 
서울특별시	도봉구	쌍문동	A13286304	쌍문삼익	아파트	서울특별시 도봉구 쌍문동 56 쌍문삼익	서울특별시 도봉구 해등로 195	분양	19881219	14	1541	1541	0	위탁관리	개별난방	혼합식	(주)삼익주택	율산개발(주)
서울특별시	도봉구	쌍문동	A13286904	쌍문한양7차	아파트	서울특별시 도봉구 쌍문동 158 쌍문한양7차	서울특별시 도봉구 해등로25길 41	분양	19930917	3	408	408	0	위탁관리	개별난방	계단식	한양건설	(주)동우개발
서울특별시	도봉구	쌍문동	A13287503	쌍문동익파크	아파트	서울특별시 도봉구 쌍문동 285-5 쌍문동익파크	서울특별시 도봉구 우이천로32길 65	분양	19870522	4	495	495	0	위탁관리	개별난방	혼합식	동익건설	(주)동우개발
서울특별시	도봉구	쌍문동	A13287801	쌍문현대3차	아파트	서울특별시 도봉구 쌍문동 719 쌍문현대3차	서울특별시 도봉구 우이천로38가길 32	분양	19950609	3	287	287	0	위탁관리	개별난방	계단식	현대산업개발(주)	서림주택관리(주)
서울특별시	도봉구	창동	A13290003	창동동아	아파트	서울특별시 도봉구 창동 26 창동동아	서울특별시 도봉구 노해로70길 12	분양	19881229	6	600	600	0	위탁관리	지역난방	계단식	공영토건주식회사	한국주택시설관리(주)
서울특별시	도봉구	창동	A13290105	창동주공18단지	아파트	"서울특별시 도봉구 창동 31,서울특별시 도봉구 창동 30 창동주공18단지"	"서울특별시 도봉구 노해로70길 126,서울특별시 도봉구 노해로70길 119"	분양	19881026	13	910	910	0	위탁관리	지역난방	혼합식	주택공사	한국주택관리(주)
서울특별시	도봉구	창동	A13290107	창동주공19단지	아파트	"서울특별시 도봉구 창동 33,서울특별시 도봉구 창동 27 창동주공19단지"	"서울특별시 도봉구 노해로70길 54,서울특별시 도봉구 노해로70길 19"	분양	19881125	12	1764	1764	0	위탁관리	지역난방	혼합식	한신공영	남경종합관리(주)
서울특별시	도봉구	창동	A13290404	창동금호어울림	아파트	서울특별시 도봉구 창동 823 창동금호어울림	서울특별시 도봉구 도봉로136가길 68	분양	20040105	7	299	299	0	위탁관리	개별난방	계단식	금호건설(주)	서림주택관리(주)
서울특별시	도봉구	창동	A13290809	창동주공1단지	아파트	서울특별시 도봉구 창동 305 창동주공1단지	서울특별시 도봉구 해등로 113	분양	19900906	6	808	808	0	위탁관리	개별난방	복도식	대한주택공사	율산개발 유한회사
서울특별시	도봉구	창동	A13292002	창동한신	아파트	서울특별시 도봉구 창동 621-69 창동한신	서울특별시 도봉구 도봉로110다길 5	분양	20020709	3	202	202	0	위탁관리	개별난방+기타	계단식	(주)한신공영	(주)신원티엠씨(TMC)
서울특별시	도봉구	창동	A13292501	창동현대타운(주복)	주상복합	서울특별시 도봉구 창동 812 창동현대타운(주복)	서울특별시 도봉구 도봉로114길 22-8	분양	19990922	1	158	158	0	위탁관리	개별난방	복도식	현대건설	(주)덕우
서울특별시	도봉구	창동	A13292701	창동성원	아파트	서울특별시 도봉구 창동 743-15 창동성원	서울특별시 도봉구 마들로16길 56	분양	20010602	2	194	194	0	위탁관리	개별난방	계단식	성원건설	(주)한빛관리
서울특별시	도봉구	도봉동	A13293505	도봉래미안	아파트	서울특별시 도봉구 도봉동 655 도봉래미안	서울특별시 도봉구 도봉로170길 40	분양	20050218	7	448	448	0	위탁관리	개별난방	계단식	삼성물산(주)건설부문	(주)동우개발
서울특별시	도봉구	쌍문동	A13295201	브라운스톤쌍문	아파트	서울특별시 도봉구 쌍문동 729 브라운스톤쌍문	서울특별시 도봉구 노해로40길 71	분양	20061226	2	155	155	0	위탁관리	개별난방	계단식	이수건설	(주)미래에이비엠
서울특별시	성동구	하왕십리동	A13302001	청계벽산	아파트	서울특별시 성동구 하왕십리동 258 청계벽산	서울특별시 성동구 무학로 50	분양	19960607	7	822	822	0	위탁관리	개별난방	계단식	벽산건설(주)	세화종합관리(주)
서울특별시	성동구	하왕십리동	A13302201	한진해모로	아파트	서울특별시 성동구 하왕십리동 1050 한진해모로	서울특별시 성동구 왕십리로31길 20	분양	20010618	3	246	246	0	위탁관리	개별난방	혼합식	한진중공업	(주)무림하우징
서울특별시	성동구	하왕십리동	A13302203	하왕극동미라주	아파트	서울특별시 성동구 하왕십리동 1058 하왕극동미라주	서울특별시 성동구 난계로 73	분양	20011214	3	414	414	0	자치관리	개별난방	혼합식	극동건설	 
서울특별시	성동구	하왕십리동	A13302204	하왕금호베스트빌	아파트	서울특별시 성동구 하왕십리동 1052 하왕금호베스트빌	서울특별시 성동구 난계로 114-31	분양	20011005	6	458	458	0	자치관리	개별난방	혼합식	금호건설	 
서울특별시	성동구	하왕십리동	A13302206	왕십리풍림아이원	아파트	서울특별시 성동구 하왕십리동 1061 왕십리풍림아이원	서울특별시 성동구 난계로 84	분양	20041130	15	758	758	0	위탁관리	개별난방	계단식	풍림산업(주)	우리관리(주)
서울특별시	성동구	마장동	A13305002	왕십리 대성유니드 아파트	아파트	서울특별시 성동구 마장동 825 왕십리 대성유니드 아파트	서울특별시 성동구 마장로37길 7	분양	20041130	4	248	248	0	위탁관리	개별난방	계단식	대성산업	광인에스테이트서비스 주식회사
서울특별시	성동구	마장동	A13305003	청계미소지움	아파트	서울특별시 성동구 마장동 822 청계미소지움	서울특별시 성동구 마장로39길 43	분양	20040604	4	286	286	0	위탁관리	개별난방	계단식	신성건설(주)	(주)융성종합관리
서울특별시	성동구	마장동	A13305005	마장SH-vill임대	아파트	서울특별시 성동구 마장동 831 마장SH-vill임대	서울특별시 성동구 마조로15가길 23	임대	20061121	4	400	0	400	위탁관리	개별난방	복도식	KT 건설	주식회사 한빛종합관리
서울특별시	성동구	마장동	A13305006	왕십리삼성	아파트	서울특별시 성동구 마장동 817 왕십리삼성	서울특별시 성동구 마장로 271	분양	19961214	5	430	430	0	위탁관리	개별난방	혼합식	삼성건설(주)	우리관리(주)
서울특별시	성동구	마장동	A13305007	마장세림	아파트	서울특별시 성동구 마장동 784 마장세림	서울특별시 성동구 마장로42길 16	분양	19861227	9	811	811	0	위탁관리	중앙난방	혼합식	세림건설	(주)신현대관리
서울특별시	성동구	행당동	A13307001	행당두산	아파트	서울특별시 성동구 행당동 345 행당두산	서울특별시 성동구 고산자로14길 40	분양	19970704	2	251	251	0	위탁관리	개별난방	계단식	두산건설	세화종합관리(주)
서울특별시	성동구	행당동	A13307002	서울숲행당푸르지오	아파트	서울특별시 성동구 행당동 376 서울숲행당푸르지오	서울특별시 성동구 고산자로 177	분양	20110502	9	919	919	0	위탁관리	지역난방	계단식	대우건설	서일개발(주)
서울특별시	성동구	행당동	A13307003	서울숲더샵	주상복합	서울특별시 성동구 행당동 155-1 서울숲더샵	서울특별시 성동구 왕십리로 241	분양	20140916	3	495	495	0	위탁관리	개별난방	기타	포스코건설	(주)타워피엠씨
서울특별시	성동구	행당동	A13307101	서울숲삼부아파트	아파트	서울특별시 성동구 행당동 147 서울숲삼부아파트	서울특별시 성동구 왕십리로 280	분양	19980715	7	498	498	0	위탁관리	개별난방	계단식	삼부토건	(주)신현대관리
서울특별시	성동구	행당동	A13307201	행당브라운스톤	아파트	서울특별시 성동구 행당동 364 행당브라운스톤	서울특별시 성동구 행당로 99	분양	20050901	3	208	208	0	위탁관리	개별난방	계단식	이수건설	서일개발
서울특별시	성동구	행당동	A13307202	신동아	아파트	서울특별시 성동구 행당동 344 신동아	서울특별시 성동구 독서당로 441	분양	19950522	9	636	636	0	위탁관리	개별난방	혼합식	신동아건설	(주)무림하우징
서울특별시	성동구	행당동	A13307204	행당대림	아파트	서울특별시 성동구 행당동 347 행당대림	서울특별시 성동구 행당로 79	분양	20001230	31	2399	2399	0	위탁관리	개별난방	혼합식	대림산업	국제경보산업(주)
서울특별시	성동구	응봉동	A13308004	응봉금호현대	아파트	서울특별시 성동구 응봉동 98 응봉금호현대	서울특별시 성동구 독서당로 377	분양	19900920	9	644	644	0	위탁관리	개별난방	혼합식	현대산업개발(주)	우리관리(주)
서울특별시	성동구	응봉동	A13308005	응봉대림1차	아파트	서울특별시 성동구 응봉동 100 응봉대림1차	"서울특별시 성동구 독서당로62길 43,서울특별시 성동구 독서당로 434"	분양	19861023	10	855	855	0	위탁관리	중앙난방	혼합식	대림	서일개발(주)
서울특별시	성동구	금호동1가	A13309101	신금호두산위브	아파트	서울특별시 성동구 금호동1가 1818 신금호두산위브	서울특별시 성동구 행당로 27	분양	20060331	5	169	169	0	위탁관리	개별난방	계단식	두산건설	서일개발(주)
서울특별시	성동구	금호동1가	A13309102	금호삼성래미안	아파트	서울특별시 성동구 금호동1가 1500 금호삼성래미안	서울특별시 성동구 독서당로 343	분양	20011031	11	582	582	0	자치관리	개별난방	계단식	삼성물산주식회사	 
서울특별시	성동구	금호동1가	A13309103	금호벽산(임대)	아파트	서울특별시 성동구 금호동1가 632 금호벽산(임대)	서울특별시 성동구 행당로6길 2	임대	20011203	4	1214	0	1214	위탁관리	개별난방	복도식	벽산건설	아산종합관리(주)
서울특별시	성동구	금호동3가	A13309301	금호한신휴플러스	아파트	서울특별시 성동구 금호동3가 1662 금호한신휴플러스	서울특별시 성동구 금호산길 27	분양	20050729	3	323	323	0	위탁관리	개별난방	계단식	한신공영	세화종합관리
서울특별시	성동구	금호동4가	A13309402	금호동롯데아파트	아파트	서울특별시 성동구 금호동4가 1250 금호동롯데아파트	서울특별시 성동구 동호로 84	분양	20030109	3	249	249	0	위탁관리	개별난방	계단식	롯데건설	(주)무림하우징
서울특별시	성동구	금호동4가	A13309404	금호대우	아파트	서울특별시 성동구 금호동4가 800 금호대우	서울특별시 성동구 독서당로 272	분양	20010503	14	1181	1181	0	위탁관리	개별난방	혼합식	대우건설	주식회사 한빛종합관리
서울특별시	성동구	옥수동	A13310004	옥수극동	아파트	서울특별시 성동구 옥수동 428 옥수극동	서울특별시 성동구 독서당로 191	분양	19861224	8	900	900	0	위탁관리	중앙난방	혼합식	극동건설	한국주택시설관리(주)
서울특별시	성동구	성수동1가	A13311101	성수금호3차	아파트	서울특별시 성동구 성수동1가 714 성수금호3차	서울특별시 성동구 뚝섬로5길 17	분양	20030925	3	159	159	0	위탁관리	개별난방	계단식	금호산업(주)	서림주택관리(주)
서울특별시	성동구	성수동2가	A13312101	성수두산위브	아파트	서울특별시 성동구 성수동2가 838 성수두산위브	서울특별시 성동구 뚝섬로 434	분양	20060530	3	157	157	0	위탁관리	개별난방	계단식	두산건설	(주)동우개발
서울특별시	성동구	성수동2가	A13312302	성수롯데캐슬	아파트	서울특별시 성동구 성수동2가 835 성수롯데캐슬	서울특별시 성동구 성수일로8길 47	분양	20030930	7	604	604	0	위탁관리	개별난방	계단식	롯데건설(주)	우리관리(주)
서울특별시	성동구	성수동2가	A13312303	성수아이파크	아파트	서울특별시 성동구 성수동2가 834 성수아이파크	서울특별시 성동구 성수이로 137	분양	20030828	11	656	656	0	위탁관리	개별난방	계단식	현대산업개발주식회사	주식회사 동우개발
서울특별시	성동구	송정동	A13316001	서울숲아이파크	아파트	서울특별시 성동구 송정동 104 서울숲아이파크	서울특별시 성동구 동일로 237	혼합	20090312	6	241	207	34	위탁관리	개별난방	계단식	시간선택	우리관리(주)
서울특별시	성동구	도선동	A13370801	성동삼성쉐르빌	주상복합	서울특별시 성동구 도선동 69 성동삼성쉐르빌	서울특별시 성동구 무학로6길 50	분양	20060913	3	342	342	0	위탁관리	개별난방	복도식	삼성중공업	(주)신현대관리
서울특별시	성동구	성수동1가	A13372101	성수2차대우	아파트	서울특별시 성동구 성수동1가 709 성수2차대우	서울특별시 성동구 상원6길 16	분양	19990731	5	283	283	0	위탁관리	개별난방	혼합식	대우건설	(주)현대개발
서울특별시	성동구	성수동1가	A13372102	성수쌍용	아파트	서울특별시 성동구 성수동1가 706 성수쌍용	서울특별시 성동구 상원길 63	분양	19971007	9	777	777	0	위탁관리	개별난방	계단식	남광토건	우리관리(주)
서울특별시	성동구	행당동	A13373101	행당한신임대	아파트	서울특별시 성동구 행당동 350 행당한신임대	서울특별시 성동구 고산자로 164	임대	20031223	1	159	0	159	위탁관리	개별난방	복도식	한신건설주식회사	에이제이대원 주식회사
서울특별시	성동구	상왕십리동	A13373301	텐즈힐2구역	아파트	서울특별시 성동구 상왕십리동 811 텐즈힐2구역	서울특별시 성동구 마장로 137	분양	20140626	13	937	937	0	위탁관리	개별난방	계단식	"GS건설,현대산업개발,삼성물산,대림산업"	우리관리(주)
서울특별시	성동구	상왕십리동	A13373302	왕십리텐즈힐2구역214동	아파트	서울특별시 성동구 상왕십리동 811 왕십리텐즈힐2구역214동	서울특별시 성동구 마장로 137	임대	20140626	1	211	0	211	위탁관리	개별난방	복도식	대림산업건설	태림주택종합관리(주)
서울특별시	성동구	옥수동	A13375901	한남하이츠	아파트	서울특별시 성동구 옥수동 220-1 한남하이츠	서울특별시 성동구 독서당로 156	분양	19820918	8	535	535	0	위탁관리	중앙난방	혼합식	중앙건설	대원에스테이트서비스(주)
서울특별시	성동구	옥수동	A13375902	옥수삼성	아파트	서울특별시 성동구 옥수동 250 옥수삼성	서울특별시 성동구 독서당로 218	분양	19990420	10	1114	1114	0	위탁관리	중앙난방	혼합식	삼성물산(주)	대원에스테이트서비스(주)
서울특별시	성동구	옥수동	A13375903	옥수강변풍림아이원	아파트	서울특별시 성동구 옥수동 60 옥수강변풍림아이원	서울특별시 성동구 뚝섬로 51	분양	20041029	5	269	269	0	위탁관리	개별난방	계단식	풍림산업	세화종합관리(주)
서울특별시	성동구	옥수동	A13375904	옥수하이츠제2	아파트	서울특별시 성동구 옥수동 100 옥수하이츠제2	서울특별시 성동구 한림말길 50	임대	19980330	1	237	0	237	위탁관리	개별난방	복도식	(주)중앙건설	(주)두온종합관리
서울특별시	성동구	옥수동	A13375905	옥수삼성임대	아파트	서울특별시 성동구 옥수동 250-5 옥수삼성임대	서울특별시 성동구 독서당로 218	임대	19990420	1	330	0	330	위탁관리	개별난방	복도식	삼성	(주)두온종합관리
서울특별시	성동구	옥수동	A13375906	어울림더리버아파트	아파트	서울특별시 성동구 옥수동 560 어울림더리버아파트	서울특별시 성동구 독서당로40길 37	분양	20111230	6	297	297	0	위탁관리	개별난방	계단식	금호건설	세화종합관리(주)
서울특별시	성동구	옥수동	A13375907	래미안옥수리버젠	아파트	서울특별시 성동구 옥수동 561 래미안옥수리버젠	서울특별시 성동구 매봉길 15	분양	20121228	15	1511	1511	0	위탁관리	개별난방	계단식	삼성물산	우리관리(주)
서울특별시	성동구	옥수동	A13375908	래미안옥수리버젠제2임대	아파트	서울특별시 성동구 옥수동 500 래미안옥수리버젠제2임대	서울특별시 성동구 매봉길 17	임대	20130415	3	310	0	310	위탁관리	개별난방	복도식	삼성건설	주식회사 한빛종합관리
서울특별시	성동구	성수동1가	A13376405	성수한진타운	아파트	서울특별시 성동구 성수동1가 704 성수한진타운	서울특별시 성동구 뚝섬로 312	분양	19940404	5	378	378	0	자치관리	개별난방	혼합식	한진건설	 
서울특별시	성동구	옥수동	A13376702	옥수현대	아파트	서울특별시 성동구 옥수동 4 옥수현대	서울특별시 성동구 독서당로40길 25	분양	19900525	8	566	566	0	위탁관리	중앙난방	혼합식	현대건설	(주)신현대관리
서울특별시	성동구	응봉동	A13376906	응봉대림강변	아파트	서울특별시 성동구 응봉동 15 응봉대림강변	서울특별시 성동구 고산자로 160	분양	20011026	14	1150	1150	0	위탁관리	개별난방	혼합식	대림산업(주)	에이제이대원 주식회사
서울특별시	성동구	하왕십리동	A13377301	하왕십리극동미라주2	아파트	서울특별시 성동구 하왕십리동 1057 하왕십리극동미라주2	서울특별시 성동구 난계로 73	임대	20011214	1	191	0	191	위탁관리	개별난방	복도식	극동건설	에이제이대원 주식회사
서울특별시	성동구	하왕십리동	A13377302	금호베스트빌아파트 제2관리사무소	아파트	서울특별시 성동구 하왕십리동 1053 금호베스트빌아파트 제2관리사무소	서울특별시 성동구 난계로 114-31	임대	20011005	1	274	0	274	위탁관리	개별난방	복도식	금호건설	아산종합관리(주)
서울특별시	성동구	행당동	A13377703	행당한진타운	아파트	서울특별시 성동구 행당동 346 행당한진타운	서울특별시 성동구 행당로 82	분양	20001107	21	2123	2123	0	위탁관리	개별난방	혼합식	한진중공업	(주)무림하우징
서울특별시	성동구	행당동	A13377901	행당두산위브아파트	아파트	서울특별시 성동구 행당동 375 행당두산위브아파트	서울특별시 성동구 행당로8길 8	분양	20091203	6	351	351	0	위탁관리	개별난방	계단식	(주)두산건설	서림주택(주)
서울특별시	성동구	행당동	A13377902	행당대림제2	아파트	서울특별시 성동구 행당동 347 행당대림제2	서울특별시 성동구 행당로 79	임대	20001230	4	1005	0	1005	위탁관리	개별난방	복도식	대림산업	남경종합관리(주)
서울특별시	성동구	행당동	A13377903	행당한진타운제2	아파트	서울특별시 성동구 행당동 346-1 행당한진타운제2	서울특별시 성동구 행당로 82	임대	20001107	4	728	0	728	위탁관리	개별난방	복도식	한진건설(주)	에이제이대원 주식회사
서울특별시	성동구	성수동2가	A13378001	서울숲힐스테이트	아파트	서울특별시 성동구 성수동2가 843 서울숲힐스테이트	서울특별시 성동구 성수일로4길 26	분양	20090601	5	445	445	0	위탁관리	개별난방	계단식	현대건설	대승종합관리(주)
서울특별시	성동구	금호동4가	A13378101	금호대우임대	아파트	서울특별시 성동구 금호동4가 801 금호대우임대	서울특별시 성동구 독서당로 272	임대	20010503	3	508	0	508	위탁관리(직영+위탁)	개별난방	복도식	대우건설	(주)두온종합관리
서울특별시	성동구	금호동4가	A13378102	서울숲2차푸르지오	아파트	서울특별시 성동구 금호동4가 235 서울숲2차푸르지오	서울특별시 성동구 금호로 17	분양	20120816	11	586	586	0	위탁관리	개별난방	계단식	대우건설	(주)동우개발
서울특별시	성동구	금호동3가	A13379001	금호자이2차	아파트	서울특별시 성동구 금호동3가 700 금호자이2차	서울특별시 성동구 금호산8길 14	혼합	20120705	6	403	320	83	위탁관리	개별난방	혼합식	금호자이	대원에스테이트서비스(주)
서울특별시	성동구	성수동1가	A13379401	성수갤러리아포레	주상복합	서울특별시 성동구 성수동1가 685-696 성수갤러리아포레	서울특별시 성동구 서울숲2길 32-14	분양	20110729	2	230	230	0	위탁관리	개별난방	계단식	(주)한화건설	(주)타워피엠씨
서울특별시	성동구	금호동1가	A13380104	금호벽산	아파트	서울특별시 성동구 금호동1가 633 금호벽산	서울특별시 성동구 금호로 100	분양	20011203	20	1707	1707	0	위탁관리	개별난방	혼합식	벽산	광인에스테이트서비스 주식회사
서울특별시	성동구	금호동2가	A13380301	금호센트럴자이	아파트	서울특별시 성동구 금호동2가 1215 금호센트럴자이	서울특별시 성동구 금호로 117	분양	20120518	4	401	401	0	위탁관리	개별난방	계단식	GS건설	율산개발 유한회사
서울특별시	성동구	금호동2가	A13380302	래미안하이리버	아파트	서울특별시 성동구 금호동2가 1217 래미안하이리버	서울특별시 성동구 금호로 107	분양	20120518	10	847	847	0	위탁관리	개별난방	계단식	삼성물산	율산개발(주)
서울특별시	성동구	금호동2가	A13380303	래미안하이리버제2임대	아파트	서울특별시 성동구 금호동2가 1216 래미안하이리버제2임대	서울특별시 성동구 금호로 111	임대	20120518	2	306	0	306	위탁관리	개별난방	복도식	삼성물산	(주)다보산업관리
서울특별시	성동구	금호동3가	A13380602	금호1차푸르지오	아파트	서울특별시 성동구 금호동3가 917 금호1차푸르지오	서울특별시 성동구 금호산8길 5	분양	20050531	8	336	336	0	위탁관리	개별난방	계단식	대우건설(주)	(주)청원종합관리
서울특별시	성동구	금호동3가	A13380703	금호두산	아파트	서울특별시 성동구 금호동3가 1331 금호두산	서울특별시 성동구 동호로 100	분양	19940916	16	1267	1267	0	위탁관리	개별난방	혼합식	두산건설	우리관리(주)
서울특별시	성동구	금호동4가	A13380803	서울숲푸르지오	아파트	서울특별시 성동구 금호동4가 340 서울숲푸르지오	서울특별시 성동구 금호로 15	분양	20070731	19	888	888	0	위탁관리	개별난방	혼합식	(주)대우건설	(주)케이비아주
서울특별시	성동구	금호동4가	A13380901	브라운스톤금호아파트	아파트	서울특별시 성동구 금호동4가 1507 브라운스톤금호아파트	서울특별시 성동구 매봉길 24	분양	20070330	5	217	217	0	위탁관리	개별난방	계단식	이수건설	서림주택관리(주)
서울특별시	성동구	마장동	A13381601	왕십리중앙하이츠	아파트	서울특별시 성동구 마장동 819 왕십리중앙하이츠	서울특별시 성동구 마장로 262	분양	19990531	2	170	170	0	자치관리	개별난방	혼합식	중앙건설	 
서울특별시	성동구	마장동	A13381604	왕십리금호어울림아파트	아파트	서울특별시 성동구 마장동 820 왕십리금호어울림아파트	서울특별시 성동구 마조로 57	분양	20060927	6	367	367	0	위탁관리	개별난방	계단식	금호건설(주)	서림주택관리(주)
서울특별시	성동구	마장동	A13381608	청계현대아파트	아파트	서울특별시 성동구 마장동 818 청계현대아파트	서울특별시 성동구 마장로35길 76	분양	19980414	11	1017	1017	0	위탁관리	개별난방	혼합식	고려산업개발(주)	대원에스테이트서비스(주)
서울특별시	성동구	사근동	A13381701	사근중앙하이츠	아파트	서울특별시 성동구 사근동 199 사근중앙하이츠	서울특별시 성동구 사근동길 67	분양	19890912	2	270	270	0	위탁관리	개별난방	복도식	중앙건설	세화종합관리(주)
서울특별시	성동구	성수동1가	A13381902	성수현대그린	아파트	서울특별시 성동구 성수동1가 33-2 성수현대그린	서울특별시 성동구 뚝섬로3길 6	분양	19940204	1	219	219	0	자치관리	개별난방	혼합식	현대건설	 
서울특별시	성동구	성수동1가	A13382104	서울숲대림아파트	아파트	서울특별시 성동구 성수동1가 656-234 서울숲대림아파트	"서울특별시 성동구 뚝섬로 311,서울특별시 성동구 뚝섬로1길 4"	분양	20001027	6	372	372	0	위탁관리	개별난방	혼합식	대림산업(주)	(주)현대개발
서울특별시	성동구	성수동1가	A13382106	성수동아	아파트	서울특별시 성동구 성수동1가 656-320 성수동아	서울특별시 성동구 왕십리로 80-1	분양	19830903	3	390	390	0	자치관리	개별난방	복도식	동아주택	 
서울특별시	성동구	성수동1가	A13382502	성수현대	아파트	서울특별시 성동구 성수동1가 676-5 성수현대	서울특별시 성동구 서울숲길 25	분양	19900922	3	217	217	0	자치관리	개별난방	혼합식	현대건설(주)	 
서울특별시	성동구	성수동2가	A13382802	성수한강한신	아파트	서울특별시 성동구 성수동2가 442 성수한강한신	서울특별시 성동구 성수이로 3	분양	20000919	2	202	202	0	위탁관리	개별난방	복도식	한신공영	(주)현대개발
서울특별시	성동구	성수동2가	A13383003	성수청구강변	아파트	서울특별시 성동구 성수동2가 712 성수청구강변	서울특별시 성동구 둘레15길 7	분양	19940404	1	246	246	0	위탁관리	개별난방	혼합식	0	(주)현대개발
서울특별시	성동구	성수동2가	A13383301	성수우방2차	아파트	서울특별시 성동구 성수동2가 286 성수우방2차	서울특별시 성동구 성수일로10길 3	분양	19991208	1	221	221	0	위탁관리	개별난방	혼합식	우방건설	(주)현대개발
서울특별시	성동구	송정동	A13383702	송정건영	아파트	서울특별시 성동구 송정동 90 송정건영	서울특별시 성동구 동일로 263	분양	20000510	3	447	447	0	위탁관리	개별난방	혼합식	건영	(주)현대개발
서울특별시	성동구	옥수동	A13383801	옥수중앙하이츠	아파트	서울특별시 성동구 옥수동 100 옥수중앙하이츠	서울특별시 성동구 한림말길 50	분양	19980330	9	536	536	0	위탁관리	개별난방	계단식	중앙건설	광인산업(주)
서울특별시	성동구	성수동1가	A13384301	한양현대아파트	아파트	서울특별시 성동구 성수동1가 707 한양현대아파트	서울특별시 성동구 상원1길 17	분양	19990113	1	168	168	0	위탁관리	개별난방	혼합식	현대건설(주)	서림주택관리(주)
서울특별시	성동구	성수동1가	A13384303	뚝섬중앙하이츠빌	아파트	서울특별시 성동구 성수동1가 715 뚝섬중앙하이츠빌	서울특별시 성동구 상원길 47	분양	20031027	3	256	256	0	위탁관리	개별난방	계단식	중앙건설	우리관리(주)
서울특별시	성동구	성수동1가	A13384304	성수동아그린	아파트	서울특별시 성동구 성수동1가 708 성수동아그린	서울특별시 성동구 상원길 76	분양	19990611	2	331	331	0	위탁관리	개별난방	혼합식	동아건설산업	우리관리(주)
서울특별시	성동구	옥수동	A13384403	옥수극동그린아파트	아파트	서울특별시 성동구 옥수동 436 옥수극동그린아파트	"서울특별시 성동구 독서당로 175,서울특별시 성동구 독서당로 173"	혼합	19971002	5	583	412	171	위탁관리	개별난방	혼합식	극동건설	인덕종합관리(주)
서울특별시	성동구	응봉동	A13385202	응봉대림2차	아파트	서울특별시 성동구 응봉동 97 응봉대림2차	서울특별시 성동구 독서당로 431	분양	19890921	3	410	410	0	위탁관리	개별난방	복도식	대림산업	(주)화신지엠에스
서울특별시	성동구	응봉동	A13385301	서울숲리버그린동아	아파트	서울특별시 성동구 응봉동 276 서울숲리버그린동아	서울특별시 성동구 고산자로4길 34	분양	20030607	5	375	375	0	위탁관리	개별난방	계단식	동아건설	(주)무림하우징
서울특별시	성동구	응봉동	A13385303	응봉신동아	아파트	서울특별시 성동구 응봉동 275 응봉신동아	서울특별시 성동구 독서당로 375	분양	19960409	4	434	434	0	위탁관리	개별난방	혼합식	신동아건설(주)	에이제이대원 주식회사
서울특별시	성동구	하왕십리동	A13385705	한신무학	아파트	서울특별시 성동구 하왕십리동 990 한신무학	서울특별시 성동구 왕십리로31나길 22	분양	19890330	5	480	480	0	위탁관리	개별난방	계단식	한신공영	(주)덕우
서울특별시	성동구	하왕십리동	A13385802	무학현대	아파트	서울특별시 성동구 하왕십리동 992 무학현대	서울특별시 성동구 무학봉길 49	분양	19960315	3	277	277	0	위탁관리	개별난방	계단식	현대산업개발	서일개발
서울특별시	성동구	행당동	A13386702	서울숲한신더휴아파트	아파트	서울특별시 성동구 행당동 349 서울숲한신더휴아파트	서울특별시 성동구 고산자로 164	분양	20031223	19	1410	1410	0	위탁관리	개별난방	계단식	한신공영(주)	인덕종합관리(주)
서울특별시	성동구	하왕십리동	A13388001	청계벽산아파트제2관리사무소	아파트	서울특별시 성동구 하왕십리동 258 청계벽산아파트제2관리사무소	서울특별시 성동구 무학로 50	임대	19960607	2	510	0	510	위탁관리	개별난방	복도식	청계벽산	(주)미래에이비엠
서울특별시	성동구	성수동1가	A13392307	강변건영	아파트	서울특별시 성동구 성수동1가 710 강변건영	서울특별시 성동구 왕십리로 36	분양	20020219	6	580	580	0	위탁관리	개별난방	계단식	(주)건영	인덕종합관리(주)
서울특별시	강동구	천호동	A13402001	천호두산위브센티움	주상복합	서울특별시 강동구 천호동 414 천호두산위브센티움	서울특별시 강동구 올림픽로70길 61	분양	20040906	1	156	156	0	자치관리	개별난방	복도식	두산건설	 
서울특별시	강동구	천호동	A13402002	천호태영	주상복합	서울특별시 강동구 천호동 566 천호태영	서울특별시 강동구 천호대로 1055	분양	19991120	5	385	385	0	위탁관리	개별난방	혼합식	태영건설	주식회사 동우개발
서울특별시	강동구	천호동	A13402003	대우한강베네시티	주상복합	서울특별시 강동구 천호동 425-5 대우한강베네시티	서울특별시 강동구 올림픽로 664	분양	20070321	2	204	204	0	위탁관리	개별난방	복도식	대우건설	주식회사 한빛종합관리
서울특별시	강동구	천호동	A13402005	천호롯데	아파트	서울특별시 강동구 천호동 55-4 천호롯데	서울특별시 강동구 천중로 161	분양	19991122	1	114	114	0	위탁관리	개별난방	혼합식	 롯데기공	 
서울특별시	강동구	천호동	A13402103	천호우성	아파트	서울특별시 강동구 천호동 19-1 천호우성	서울특별시 강동구 구천면로 366	분양	19850202	6	479	479	0	위탁관리	개별난방	혼합식	우성건설	신한영주택관리(주)
서울특별시	강동구	천호동	A13402202	천호e-편한세상	아파트	서울특별시 강동구 천호동 333-55 천호e-편한세상	서울특별시 강동구 올림픽로81길 15	분양	20051028	2	150	150	0	위탁관리	개별난방	계단식	대림산업	국제경보산업(주)
서울특별시	강동구	천호동	A13402204	강변그대가리버뷰	아파트	"서울특별시 강동구 천호동 568,서울특별시 강동구 천호동 569 강변그대가리버뷰"	"서울특별시 강동구 올림픽로89길 58,서울특별시 강동구 올림픽로89길 57"	분양	20070216	5	225	225	0	위탁관리	개별난방	계단식	임광토건(주)	서림주택관리(주)
서울특별시	강동구	천호동	A13402304	천호태영임대	아파트	"서울특별시 강동구 천호동 566,서울특별시 강동구 천호동 566- 천호태영임대"	서울특별시 강동구 천호대로 1055	임대	19991121	1	263	0	263	위탁관리	개별난방	복도식	태영건설(주)	(주)케이엠산업
서울특별시	강동구	천호동	A13402305	천호삼성아파트	아파트	서울특별시 강동구 천호동 528 천호삼성아파트	서울특별시 강동구 성안로25길 6	분양	19970526	3	396	396	0	위탁관리	개별난방	혼합식	삼성물산(주)	세화종합관리(주)
서울특별시	강동구	성내동	A13403001	성내2차e-편한세상	아파트	서울특별시 강동구 성내동 137 성내2차e-편한세상	서울특별시 강동구 풍성로37길 55	분양	20041124	2	151	151	0	위탁관리	개별난방	계단식	(주)삼호	(주)백송종합관리
서울특별시	강동구	성내동	A13403002	성내성안청구	아파트	서울특별시 강동구 성내동 295 성내성안청구	서울특별시 강동구 풍성로 114-1	분양	20020725	2	349	349	0	위탁관리	개별난방	혼합식	청구	우리관리(주)
서울특별시	강동구	성내동	A13403101	성내삼성	아파트	서울특별시 강동구 성내동 590 성내삼성	"서울특별시 강동구 풍성로38길 22,서울특별시 강동구 풍성로 127,서울특별시 강동구 풍성로 128"	분양	19990901	10	1220	1220	0	위탁관리	중앙난방	혼합식	삼성물산(주)	세화종합관리(주)
서울특별시	강동구	암사동	A13405002	암사삼성광나루	아파트	서울특별시 강동구 암사동 508 암사삼성광나루	서울특별시 강동구 상암로3길 77	분양	20021101	4	490	490	0	위탁관리	개별난방	계단식	삼성중공업(주)	대한종합개발(주)
서울특별시	강동구	암사동	A13405003	프라이어팰리스	아파트	서울특별시 강동구 암사동 413 프라이어팰리스	서울특별시 강동구 고덕로 130	분양	20070709	22	1622	1622	0	위탁관리	개별난방	계단식	"현대,대림"	대원에스테이트서비스(주)
서울특별시	강동구	암사동	A13405201	암사선사현대	아파트	서울특별시 강동구 암사동 509 암사선사현대	서울특별시 강동구 상암로 11	분양	20000615	16	2938	2938	0	위탁관리	개별난방	혼합식	"현대건설, 현대산업개발"	(주)케이비아주
서울특별시	강동구	둔촌동	A13406002	둔촌동동아	아파트	서울특별시 강동구 둔촌동 621 둔촌동동아	서울특별시 강동구 동남로49길 60-5	분양	19971231	2	170	170	0	위탁관리	개별난방	혼합식	동아건설	우리관리(주)
서울특별시	강동구	둔촌동	A13406003	둔촌하이츠	아파트	서울특별시 강동구 둔촌동 545 둔촌하이츠	서울특별시 강동구 명일로 113	분양	19980501	1	232	232	0	위탁관리	개별난방	혼합식	중앙건설(주)	유원종합관리(주)
서울특별시	강동구	둔촌동	A13406005	둔촌프라자	아파트	서울특별시 강동구 둔촌동 603 둔촌프라자	서울특별시 강동구 천호대로 1240	분양	19841210	4	354	354	0	위탁관리	개별난방	계단식	태평양건설	서림주택관리(주)
서울특별시	강동구	둔촌동	A13406201	둔촌현대2차	아파트	서울특별시 강동구 둔촌동 70-5 둔촌현대2차	서울특별시 강동구 풍성로65길 34	분양	19880129	2	196	196	0	위탁관리	개별난방	복도식	현대건설(주)	율산개발(주)
서울특별시	강동구	둔촌동	A13406204	둔촌신동아	아파트	서울특별시 강동구 둔촌동 555 둔촌신동아	서울특별시 강동구 양재대로96길 79	분양	20021115	3	357	357	0	위탁관리	개별난방	혼합식	신동아건설(주)	대한종합관리(주)
서울특별시	강동구	둔촌동	A13406205	신성둔촌미소지움1차	아파트	서울특별시 강동구 둔촌동 546 신성둔촌미소지움1차	서울특별시 강동구 명일로 102	분양	19980502	2	460	460	0	위탁관리	개별난방	혼합식	주식회사 신성	(주)아주관리
서울특별시	강동구	명일동	A13407002	"명일삼익가든1,2차"	아파트	"서울특별시 강동구 명일동 270 명일삼익가든1,2차"	"서울특별시 강동구 상암로 224,서울특별시 강동구 상암로 225"	분양	19841016	10	768	768	0	위탁관리	개별난방	혼합식	(주)삼익주택	우리관리(주)
서울특별시	강동구	명일동	A13407104	명일삼익그린2차	아파트	"서울특별시 강동구 명일동 15,서울특별시 강동구 명일동 28,서울특별시 강동구 명일동 29-5 명일삼익그린2차"	서울특별시 강동구 고덕로 210	분양	19831217	18	2400	2400	0	위탁관리	중앙난방	혼합식	삼익그린맨션	우리관리(주)
서울특별시	강동구	명일동	A13407201	명일삼익그린11차	아파트	서울특별시 강동구 명일동 38 명일삼익그린11차	서울특별시 강동구 명일로 376	분양	19860630	1	152	152	0	위탁관리	개별난방	혼합식	삼익주택	대한종합개발(주)
서울특별시	강동구	명일동	A13407202	명일삼환아파트	아파트	서울특별시 강동구 명일동 47 명일삼환아파트	서울특별시 강동구 고덕로62길 29	분양	19920630	2	306	306	0	자치관리	개별난방	계단식	삼환기업	 
서울특별시	강동구	명일동	A13407204	명일신동아	아파트	서울특별시 강동구 명일동 44 명일신동아	서울특별시 강동구 고덕로 240	분양	19860208	7	570	570	0	자치관리	중앙난방	계단식	신동아건설	 
서울특별시	강동구	고덕동	A13408003	고덕아이파크아파트	아파트	서울특별시 강동구 고덕동 499 고덕아이파크아파트	서울특별시 강동구 동남로79길 26	혼합	20111228	14	1142	1014	128	위탁관리	지역난방	계단식	현대산업개발주식회사	세화종합관리(주)
서울특별시	강동구	상일동	A13409001	상일동아	아파트	서울특별시 강동구 상일동 473 상일동아	서울특별시 강동구 상암로81길 7	분양	19970621	1	186	186	0	자치관리	개별난방	혼합식	(주)동아건설	 
서울특별시	강동구	강일동	A13410001	강일리버파크1단지	아파트	서울특별시 강동구 강일동 665 강일리버파크1단지	서울특별시 강동구 아리수로93가길 25	혼합	20090311	7	282	176	106	자치관리	지역난방	혼합식	삼환기업	 
서울특별시	강동구	강일동	A13410002	강일리버파크8단지	아파트	서울특별시 강동구 강일동 701 강일리버파크8단지	서울특별시 강동구 아리수로94길 72	혼합	20090311	9	410	204	206	위탁관리	지역난방	혼합식	동부건설(주)외1	(주)신현대관리
서울특별시	강동구	강일동	A13410003	강일리버파크2단지	아파트	서울특별시 강동구 강일동 668 강일리버파크2단지	서울특별시 강동구 아리수로97길 68	혼합	20090311	9	442	174	268	위탁관리	지역난방	계단식	한신공영(주)	(주)신화비엠씨
서울특별시	강동구	강일동	A13410004	강일리버파크6단지	아파트	서울특별시 강동구 강일동 684 강일리버파크6단지	서울특별시 강동구 아리수로94길 19	혼합	20090311	10	553	230	323	위탁관리	지역난방	혼합식	동부건설	(주)백송종합관리
서울특별시	강동구	강일동	A13410005	강일리버파크10단지	아파트	서울특별시 강동구 강일동 695 강일리버파크10단지	서울특별시 강동구 고덕로97길 20	혼합	20090406	12	694	224	470	위탁관리	지역난방	혼합식	계룡건설(주)	유원종합관리(주)
서울특별시	강동구	강일동	A13410006	강일리버파크4단지	아파트	서울특별시 강동구 강일동 673 강일리버파크4단지	서울특별시 강동구 아리수로97길 19	혼합	20090311	10	748	278	470	위탁관리	지역난방	혼합식	sh공사	(주)뉴맨테크
서울특별시	강동구	강일동	A13410007	강일리버파크9단지	아파트	서울특별시 강동구 강일동 699 강일리버파크9단지	서울특별시 강동구 고덕로97길 29	혼합	20090406	13	841	104	737	위탁관리	지역난방	혼합식	SH공사	(주)융성종합관리
서울특별시	강동구	강일동	A13410008	강일리버파크3단지	아파트	서울특별시 강동구 강일동 674 강일리버파크3단지	서울특별시 강동구 아리수로93길 40	혼합	20090311	13	987	372	615	위탁관리	지역난방	혼합식	삼환기업	세화종합관리(주)
서울특별시	강동구	강일동	A13410009	강일리버파크5단지	아파트	서울특별시 강동구 강일동 670 강일리버파크5단지	서울특별시 강동구 아리수로97길 20	혼합	20090713	9	722	290	432	위탁관리	지역난방	혼합식	KR산업	대한종합개발(주)
서울특별시	강동구	강일동	A13410010	강일리버파크7단지	아파트	서울특별시 강동구 강일동 686 강일리버파크7단지	서울특별시 강동구 아리수로98길 25	혼합	20090609	11	731	276	455	위탁관리	지역난방	혼합식	고속도로관리공단	대한종합개발(주)
서울특별시	강동구	강일동	A13410011	고덕리엔파크2단지	아파트	서울특별시 강동구 강일동 717 고덕리엔파크2단지	서울특별시 강동구 고덕로 427	혼합	20110114	11	636	193	443	위탁관리	지역난방	혼합식	신동아	(주)신화비엠씨
서울특별시	강동구	강일동	A13410012	고덕리엔파크1단지	아파트	서울특별시 강동구 강일동 707 고덕리엔파크1단지	서울특별시 강동구 상일로 152	혼합	20110114	9	605	146	459	위탁관리	지역난방	혼합식	신동아건설	(주)한빛관리
서울특별시	강동구	길동	A13470101	길동삼익파크	아파트	"서울특별시 강동구 길동 53,서울특별시 강동구 길동 54,서울특별시 강동구 길동 55 길동삼익파크"	"서울특별시 강동구 명일로 293,서울특별시 강동구 명일로 286"	분양	19820904	12	1092	1092	0	자치관리	개별난방	혼합식	삼익건설	 
서울특별시	강동구	길동	A13470102	강동QV2차	주상복합	서울특별시 강동구 길동 415-13 강동QV2차	서울특별시 강동구 진황도로 85	분양	20130430	1	236	236	0	위탁관리	개별난방	복도식	대우건설주식회사	 
서울특별시	강동구	길동	A13470103	길동라인	아파트	서울특별시 강동구 길동 365-1 길동라인	서울특별시 강동구 천중로50길 48-12	분양	19980915	1	128	128	0	위탁관리	개별난방	혼합식	라인건설	서림주택관리(주)
서울특별시	강동구	길동	A13470104	청광플러스원큐브3차	주상복합	서울특별시 강동구 길동 415-16 청광플러스원큐브3차	서울특별시 강동구 진황도로 87	분양	20141006	1	207	207	0	위탁관리	개별난방	복도식	청광종합건설(주)	 
서울특별시	강동구	둔촌동	A13470502	신성둔촌미소지움2차	아파트	서울특별시 강동구 둔촌동 134-10 신성둔촌미소지움2차	서울특별시 강동구 진황도로 212	분양	20001209	3	278	278	0	위탁관리	개별난방	혼합식	신성건설	(주)신현대관리
서울특별시	강동구	둔촌동	A13470503	둔촌푸르지오	아파트	서울특별시 강동구 둔촌동 630 둔촌푸르지오	서울특별시 강동구 명일로 172	분양	20100312	10	800	800	0	자치관리	개별난방	계단식	대우건설	 
서울특별시	강동구	둔촌동	A13470504	둔촌현대3차	아파트	서울특별시 강동구 둔촌동 135-1 둔촌현대3차	서울특별시 강동구 진황도로 211	분양	19880602	1	160	160	0	자치관리	개별난방	혼합식	현대산업개발	 
서울특별시	강동구	암사동	A13471501	암사한강현대	아파트	서울특별시 강동구 암사동 442-1 암사한강현대	서울특별시 강동구 올림픽로104길 42	분양	19990531	3	417	417	0	위탁관리	개별난방	계단식	현대건설주식회사	서림주택관리(주)
서울특별시	강동구	천호동	A13472201	천호삼성임대	아파트	"서울특별시 강동구 천호동 528-2,서울특별시 강동구 천호동 528 천호삼성임대"	서울특별시 강동구 성안로25길 15	임대	19970527	1	247	0	247	위탁관리	개별난방	복도식	삼성물산(주)	(주)케이엠산업
서울특별시	강동구	상일동	A13472701	고덕리엔파크3단지	아파트	서울특별시 강동구 상일동 490 고덕리엔파크3단지	서울특별시 강동구 상일로 74	혼합	20110127	41	2283	469	1814	위탁관리	지역난방	혼합식	신동아건설(주)	국제경보산업(주)
서울특별시	강동구	천호동	A13475001	천호동아코아	주상복합	서울특별시 강동구 천호동 563 천호동아코아	서울특별시 강동구 구천면로 189	혼합	19971231	1	192	128	64	자치관리	개별난방	복도식	동아건설	 
서울특별시	강동구	명일동	A13478601	고덕현대아파트	아파트	서울특별시 강동구 명일동 56 고덕현대아파트	서울특별시 강동구 동남로71길 41	분양	19860207	7	524	524	0	위탁관리	중앙난방	계단식	한국도시개발(주)	우리관리(주)
서울특별시	강동구	고덕동	A13480401	고덕현대	아파트	서울특별시 강동구 고덕동 312 고덕현대	서울특별시 강동구 고덕로61길 37	분양	19951130	4	448	448	0	위탁관리	개별난방	혼합식	현대	한국주택관리(주)
서울특별시	강동구	고덕동	A13480403	고덕아남	아파트	서울특별시 강동구 고덕동 486 고덕아남	서울특별시 강동구 양재대로 1706	분양	19960329	8	807	807	0	위탁관리	개별난방	혼합식	아남건설	태림주택종합관리(주)
서울특별시	강동구	길동	A13480803	길동현대아파트	아파트	서울특별시 강동구 길동 470 길동현대아파트	서울특별시 강동구 천호대로 1231	분양	19960809	2	264	264	0	위탁관리	개별난방	혼합식	현대	한국주택시설관리(주)
서울특별시	강동구	길동	A13481001	길동우성1차	아파트	서울특별시 강동구 길동 332 길동우성1차	서울특별시 강동구 천중로49길 58	분양	19891006	2	162	162	0	위탁관리(직영+위탁)	개별난방	계단식	우성건설	유원종합관리(주)
서울특별시	강동구	길동	A13481305	길동우성2차	아파트	서울특별시 강동구 길동 400 길동우성2차	서울특별시 강동구 천호대로193길 37	분양	19941029	6	811	811	0	자치관리	개별난방	혼합식	우성건설	 
서울특별시	강동구	둔촌동	A13481802	둔촌현대4차	아파트	서울특별시 강동구 둔촌동 89 둔촌현대4차	서울특별시 강동구 진황도로61길 7	분양	19960229	2	235	235	0	위탁관리	개별난방	혼합식	현대산업개발	서일개발
서울특별시	강동구	명일동	A13482505	명일동우성	아파트	서울특별시 강동구 명일동 42 명일동우성	서울특별시 강동구 고덕로62길 76	분양	19860523	8	572	572	0	위탁관리	중앙난방	계단식	우성건설	광인에스테이트서비스 주식회사
서울특별시	강동구	명일동	A13482603	명일한양	아파트	서울특별시 강동구 명일동 54 명일한양	서울특별시 강동구 동남로71길 19	분양	19860510	6	540	540	0	위탁관리(직영+위탁)	중앙난방	계단식	한양건설	율산개발(주)
서울특별시	강동구	명일동	A13482706	고덕주공9단지	아파트	서울특별시 강동구 명일동 257 고덕주공9단지	서울특별시 강동구 상암로 251	분양	19851125	14	1320	1320	0	위탁관리	중앙난방	혼합식	대한주택관리공사	에이제이대원 주식회사
서울특별시	강동구	명일동	A13482801	명일현대	아파트	서울특별시 강동구 명일동 251-1 명일현대	서울특별시 강동구 양재대로134길 87	분양	19881004	2	226	226	0	위탁관리	개별난방	혼합식	(주)현대산업개발	율산개발(주)
서울특별시	강동구	명일동	A13483002	명일지에스	아파트	서울특별시 강동구 명일동 332 명일지에스	서울특별시 강동구 상암로51길 61	분양	19991227	2	772	772	0	위탁관리	개별난방	혼합식	LG건설	남경종합관리(주)
서울특별시	강동구	상일동	A13483803	명일중앙하이츠아파트	아파트	서울특별시 강동구 상일동 476 명일중앙하이츠아파트	서울특별시 강동구 구천면로 557	분양	19920509	5	410	410	0	자치관리	개별난방	혼합식	중앙개발	 
서울특별시	강동구	성내동	A13484003	성내현대	아파트	서울특별시 강동구 성내동 30-2 성내현대	서울특별시 강동구 천호옛12길 27	분양	19871212	2	4	4	0	위탁관리	개별난방	복도식	현대산업개발(주)	서일개발(주)
서울특별시	강동구	성내동	A13484004	SK허브진주상복합아파트	주상복합	서울특별시 강동구 성내동 194 SK허브진주상복합아파트	서울특별시 강동구 천호대로 1092	분양	20041021	1	325	325	0	위탁관리	개별난방	복도식	SK건설	(주)동우라이프산업
서울특별시	강동구	성내동	A13484102	성내코오롱	아파트	서울특별시 강동구 성내동 196-8 성내코오롱	서울특별시 강동구 천호대로168길 25	분양	19990518	2	257	257	0	자치관리	개별난방	혼합식	코오롱건설	 
서울특별시	강동구	성내동	A13484201	성내1차e-편한세상	아파트	서울특별시 강동구 성내동 598 성내1차e-편한세상	"서울특별시 강동구 천호대로168길 58,서울특별시 강동구 천호대로168길 51"	분양	20031114	3	203	203	0	위탁관리	개별난방	계단식	삼호건설	우진관리주식회사
서울특별시	강동구	성내동	A13484501	둔촌역청구아파트	아파트	서울특별시 강동구 성내동 419-1 둔촌역청구아파트	서울특별시 강동구 풍성로 196	분양	19990311	2	222	222	0	위탁관리	개별난방	혼합식	(주)청구주택	(주)동우개발
서울특별시	강동구	암사동	A13485301	강동현대홈타운	아파트	서울특별시 강동구 암사동 400 강동현대홈타운	서울특별시 강동구 고덕로27길 36	분양	20040827	9	568	568	0	위탁관리	개별난방	계단식	현대건설	(주)케이비아주
서울특별시	강동구	암사동	A13485302	강동롯데캐슬퍼스트아파트	아파트	서울특별시 강동구 암사동 414-2 강동롯데캐슬퍼스트아파트	서울특별시 강동구 고덕로 131	분양	20080925	40	3226	3226	0	위탁관리	개별난방	계단식	롯데건설(주)	(주)케이비아주
서울특별시	강동구	암사동	A13485401	암사동한솔아파트	아파트	서울특별시 강동구 암사동 419 암사동한솔아파트	서울특별시 강동구 암사19길 25	분양	20020129	4	203	203	0	위탁관리	개별난방	계단식	한솔건설	서일개발
서울특별시	강동구	천호동	A13486102	천호금호	아파트	서울특별시 강동구 천호동 44 천호금호	서울특별시 강동구 양재대로 1557	분양	19870613	1	232	232	0	자치관리	개별난방	복도식	금호건설	 
서울특별시	강동구	천호동	A13486401	천호현대	아파트	서울특별시 강동구 천호동 168-6 천호현대	서울특별시 강동구 진황도로 47-2	분양	19900531	2	156	156	0	위탁관리	개별난방	복도식	현대건설	세화종합관리(주)
서울특별시	강동구	천호동	A13486504	천호동아하이빌	아파트	서울특별시 강동구 천호동 217-132 천호동아하이빌	서울특별시 강동구 구천면로 278	분양	20000615	5	526	526	0	자치관리	개별난방	혼합식	동아건설산업(주)	 
서울특별시	강동구	천호동	A13486601	천호한신	아파트	서울특별시 강동구 천호동 237 천호한신	서울특별시 강동구 구천면로42길 16	분양	19910330	2	224	224	0	자치관리	개별난방	복도식	(주)장안건설주택조합	 
서울특별시	강동구	천호동	A13486701	천호삼익	아파트	서울특별시 강동구 천호동 288-5 천호삼익	서울특별시 강동구 상암로12길 13	분양	19971203	1	150	150	0	위탁관리	개별난방	혼합식	삼익건설(주)	서림주택관리(주)
서울특별시	강동구	천호동	A13486703	천호유원	주상복합	서울특별시 강동구 천호동 287-9 천호유원	서울특별시 강동구 상암로12길 24	분양	19970826	1	174	174	0	위탁관리	개별난방	혼합식	유원건설	대성티엠씨 주식회사
서울특별시	강동구	천호동	A13486705	천호중앙하이츠	아파트	서울특별시 강동구 천호동 305 천호중앙하이츠	서울특별시 강동구 구천면로41길 79	분양	19981204	1	226	226	0	위탁관리	개별난방	혼합식	중앙건설	대한종합개발(주)
서울특별시	강동구	천호동	A13487102	천호현대타워	주상복합	서울특별시 강동구 천호동 565 천호현대타워	서울특별시 강동구 천호대로 1095	분양	19990202	1	185	185	0	자치관리	개별난방	복도식	현대산업개발	 
서울특별시	강동구	길동	A13488104	길동GS강동자이	아파트	서울특별시 강동구 길동 474 길동GS강동자이	서울특별시 강동구 천호대로 1239	분양	20031112	12	596	596	0	위탁관리	개별난방	계단식	GS건설주식회사	세화종합관리(주)
서울특별시	강남구	논현동	A13501001	동양파라곤	아파트	서울특별시 강남구 논현동 245 동양파라곤	서울특별시 강남구 언주로130길 30	분양	20040602	4	203	203	0	위탁관리	개별난방	계단식	동양고속건설주식회사	서림주택관리(주)
서울특별시	강남구	논현동	A13501002	마일스디오빌	주상복합	"서울특별시 강남구 논현동 58-2,서울특별시 강남구 논현동 58-2 마일스디오빌"	서울특별시 강남구 학동로 165	분양	20041126	1	260	260	0	위탁관리	개별난방	복도식	대우건설	무림하우징
서울특별시	강남구	논현동	A13501004	논현신동아	아파트	서울특별시 강남구 논현동 22 논현신동아	서울특별시 강남구 강남대로146길 28	분양	19970704	6	644	644	0	위탁관리	개별난방	혼합식	신동아건설	광인산업
서울특별시	강남구	논현동	A13501005	논현두산위브1단지	아파트	서울특별시 강남구 논현동 252-1 논현두산위브1단지	서울특별시 강남구 학동로46길 38	분양	20040630	2	130	130	0	위탁관리	개별난방	계단식	두산건설	서림주택관리(주)
서울특별시	강남구	논현동	A13501006	아크로힐스논현	주상복합	서울특별시 강남구 논현동 276 아크로힐스논현	서울특별시 강남구 언주로 604	혼합	20141208	4	368	334	34	위탁관리	지역난방	기타	대림산업(주)	인덕종합관리(주)
서울특별시	강남구	논현동	A13501007	논현쌍용	아파트	서울특별시 강남구 논현동 103 논현쌍용	서울특별시 강남구 도산대로50길 43	분양	19960724	1	111	111	0	자치관리	개별난방	복도식	남광토건	자치관리
서울특별시	강남구	논현동	A13501008	거평	아파트	"서울특별시 강남구 논현동 196,서울특별시 강남구 논현동 196 거평"		분양	19960903	1	113	113	0	자치관리	개별난방	복도식	거평건설	 
서울특별시	강남구	역삼동	A13508001	역삼휴먼터치빌	주상복합	서울특별시 강남구 역삼동 606-18 역삼휴먼터치빌	서울특별시 강남구 논현로 565	분양	19990619	1	160	160	0	자치관리	개별난방	복도식	현대산업개발	 
서울특별시	강남구	역삼동	A13508002	역삼경남	주상복합	서울특별시 강남구 역삼동 722 역삼경남	서울특별시 강남구 언주로85길 13	분양	20020501	1	164	164	0	위탁관리	개별난방	계단식	경남기업	주식회사우리관리
서울특별시	강남구	역삼동	A13508003	대우디오빌플러스	아파트	서울특별시 강남구 역삼동 824-25 대우디오빌플러스	서울특별시 강남구 강남대로84길 33	분양	20040525	1	168	168	0	위탁관리	개별난방	복도식	대우건설	국제경보산업(주)
서울특별시	강남구	역삼동	A13508004	역삼동부센트레빌	아파트	서울특별시 강남구 역삼동 716 역삼동부센트레빌	서울특별시 강남구 선릉로 423	분양	19980421	1	206	206	0	위탁관리	중앙난방	계단식	동부건설(주)	(주)무림하우징
서울특별시	강남구	역삼동	A13508005	역삼한스빌아파트	아파트	서울특별시 강남구 역삼동 836 역삼한스빌아파트	서울특별시 강남구 도곡로3길 26	분양	19961126	1	216	216	0	위탁관리	개별난방	복도식	한일합섬	(주)태룡에스디
서울특별시	강남구	역삼동	A13508006	역삼래미안펜타빌	아파트	서울특별시 강남구 역삼동 713-7 역삼래미안펜타빌	서울특별시 강남구 역삼로 309	분양	20071130	5	288	288	0	위탁관리	지역난방	계단식	삼성물산	우리관리(주)
서울특별시	강남구	역삼동	A13508009	역삼아이파크	아파트	서울특별시 강남구 역삼동 713-11 역삼아이파크	서울특별시 강남구 역삼로 307	분양	20060928	7	541	541	0	위탁관리	지역난방	혼합식	현대산업개발(주)	대원에스테이트서비스(주)
서울특별시	강남구	역삼동	A13508010	역삼쌍용플래티넘밸류	주상복합	서울특별시 강남구 역삼동 826-37 역삼쌍용플래티넘밸류	서울특별시 강남구 테헤란로4길 46	분양	20070119	3	166	166	0	위탁관리	개별난방	혼합식	쌍용건설(주)	우리관리(주)
서울특별시	강남구	역삼동	A13508011	래미안그레이튼	아파트	서울특별시 강남구 역삼동 762-3 래미안그레이튼	"서울특별시 강남구 도곡로43길 21,서울특별시 강남구 도곡로 306"	혼합	20100604	5	464	442	22	위탁관리	지역난방	계단식	삼성건설	세화종합관리(주)
서울특별시	강남구	역삼동	A13508012	테헤란 IPARK	주상복합	서울특별시 강남구 역삼동 709 테헤란 IPARK	서울특별시 강남구 테헤란로52길 16	혼합	20140124	6	411	400	11	위탁관리	지역난방	계단식	현대산업개발	우리관리(주)
서울특별시	강남구	삼성동	A13509001	삼성현대	아파트	서울특별시 강남구 삼성동 6 삼성현대	서울특별시 강남구 학동로64길 14	분양	19990416	1	198	198	0	위탁관리	개별난방	혼합식	현대산업개발	광인산업(주)
서울특별시	강남구	삼성동	A13509003	삼성풍림아파트1차	아파트	서울특별시 강남구 삼성동 106 삼성풍림아파트1차	서울특별시 강남구 영동대로112길 15	분양	19980727	1	252	252	0	위탁관리	개별난방	혼합식	풍림건설	서일개발(주)
서울특별시	강남구	삼성동	A13509004	삼성한솔	아파트	서울특별시 강남구 삼성동 4-6 삼성한솔	서울특별시 강남구 학동로64길 7	분양	19981116	2	263	263	0	위탁관리	개별난방	복도식	한솔건설	(주)미래에이비엠
서울특별시	강남구	삼성동	A13509005	삼성래미안2차	아파트	서울특별시 강남구 삼성동 7-3 삼성래미안2차	서울특별시 강남구 선릉로130길 20	분양	20070525	8	275	275	0	위탁관리	지역난방	계단식	삼성	(주)우리관리
서울특별시	강남구	삼성동	A13509006	삼성서광	아파트	서울특별시 강남구 삼성동 2 삼성서광	서울특별시 강남구 선릉로130길 19	분양	19981106	2	304	304	0	위탁관리	개별난방	계단식	(주)서광건설 산업	아산종합관리(주)
서울특별시	강남구	삼성동	A13509007	삼성롯데	아파트	서울특별시 강남구 삼성동 17 삼성롯데	서울특별시 강남구 학동로 432	분양	20000415	3	339	339	0	위탁관리	지역난방	혼합식	롯데건설	(주)국제안전시스템
서울특별시	강남구	삼성동	A13509009	아이파크삼성동	아파트	서울특별시 강남구 삼성동 87 아이파크삼성동	서울특별시 강남구 영동대로 640	분양	20040318	3	449	449	0	위탁관리	지역난방	계단식	현대산업개발	(주)타워피엠씨
서울특별시	강남구	삼성동	A13509010	삼성롯데캐슬프레미어	아파트	서울특별시 강남구 삼성동 11 삼성롯데캐슬프레미어	서울특별시 강남구 선릉로126길 22	분양	20070326	11	713	713	0	위탁관리	지역난방	계단식	롯데건설	광인에스테이트서비스 주식회사
서울특별시	강남구	삼성동	A13509012	삼성힐스테이트1단지	아파트	서울특별시 강남구 삼성동 16-2 삼성힐스테이트1단지	서울특별시 강남구 학동로68길 29	분양	20081210	17	1144	1144	0	위탁관리	지역난방	계단식	현대건설(주)	(주)한빛관리
서울특별시	강남구	삼성동	A13509013	래미안삼성1차(105)	아파트	서울특별시 강남구 삼성동 105 래미안삼성1차(105)	서울특별시 강남구 영동대로114길 56	분양	20051219	4	112	112	0	위탁관리	개별난방	계단식	삼성물산(주)	대원에스테이트서비스(주)
서울특별시	강남구	삼성동	A13509014	래미안삼성1차103단지	아파트	서울특별시 강남구 삼성동 103-22 래미안삼성1차103단지	서울특별시 강남구 영동대로114길 56	분양	20060427	3	133	133	0	위탁관리	개별난방	계단식	삼성물산	세화종합관리(주)
서울특별시	강남구	삼성동	A13509101	삼성청구타운	아파트	서울특별시 강남구 삼성동 78-4 삼성청구타운	서울특별시 강남구 영동대로128길 5	분양	19920515	3	167	167	0	위탁관리	개별난방	계단식	청구	세화종합관리(주)
서울특별시	강남구	청담동	A13510001	청담삼성1차	아파트	서울특별시 강남구 청담동 33 청담삼성1차	서울특별시 강남구 삼성로133길 20	분양	19971219	1	158	158	0	위탁관리	개별난방	혼합식	삼성건설	서일개발(주)
서울특별시	강남구	청담동	A13510002	청담휴먼스타빌	주상복합	서울특별시 강남구 청담동 5-25 청담휴먼스타빌	서울특별시 강남구 도산대로 454	분양	20051021	1	191	191	0	자치관리(직영)	개별난방	계단식	휴먼터치	 
서울특별시	강남구	청담동	A13510003	청담대우유로카운티	아파트	서울특별시 강남구 청담동 50-5 청담대우유로카운티	서울특별시 강남구 도산대로92길 10	분양	20040422	4	196	196	0	위탁관리	지역난방	계단식	(주)대우건설	유원종합관리(주)
서울특별시	강남구	청담동	A13510005	청담삼성진흥	아파트	"서울특별시 강남구 청담동 65,서울특별시 강남구 삼성동 53-2 청담삼성진흥"	"서울특별시 강남구 학동로87길 9,서울특별시 강남구 학동로88길 5,서울특별시 강남구 학동로 513"	분양	19840718	7	630	630	0	위탁관리	지역난방	혼합식	진흥기업(주)	율산개발 유한회사
서울특별시	강남구	청담동	A13510006	청담대림	아파트	서울특별시 강남구 청담동 30-33 청담대림	서울특별시 강남구 학동로77길 27	분양	20021230	4	271	271	0	위탁관리	개별난방	계단식	대림산업	국제경보산업(주)
서울특별시	강남구	청담동	A13510007	청담자이	아파트	서울특별시 강남구 청담동 134-38 청담자이	서울특별시 강남구 영동대로138길 12	혼합	20111021	5	708	688	20	위탁관리	지역난방	계단식	GS건설	우리관리(주)
서울특별시	강남구	청담동	A13510009	청담래미안로이뷰	아파트	서울특별시 강남구 청담동 134 청담래미안로이뷰	서울특별시 강남구 영동대로142길 16	분양	19920131	1	177	177	0	위탁관리	개별난방	계단식	삼성물산	우리관리(주)
서울특별시	강남구	청담동	A13510102	청담현대3차	아파트	서울특별시 강남구 청담동 127-31 청담현대3차	서울특별시 강남구 도산대로101길 29	분양	19990619	4	317	317	0	위탁관리	지역난방	혼합식	현대건설(주)	(주)무림하우징
서울특별시	강남구	청담동	A13510103	삼성청담공원	아파트	서울특별시 강남구 청담동 60 삼성청담공원	서울특별시 강남구 도산대로96길 39	분양	19990830	8	391	391	0	위탁관리	지역난방	혼합식	삼성물산	(주)우리관리
서울특별시	강남구	청담동	A13510201	청담삼환	아파트	서울특별시 강남구 청담동 10 청담삼환	서울특별시 강남구 학동로77길 49	분양	19991130	1	184	184	0	위탁관리	지역난방	혼합식	삼환기업(주)	광인에스테이트서비스 주식회사
서울특별시	강남구	청담동	A13510202	청담2차현대아파트	아파트	서울특별시 강남구 청담동 23 청담2차현대아파트	서울특별시 강남구 선릉로 748	분양	19880530	2	214	214	0	위탁관리	지역난방	계단식	현대산업개발	한빛관리
서울특별시	강남구	청담동	A13510203	청담래미안	아파트	서울특별시 강남구 청담동 42 청담래미안	서울특별시 강남구 학동로 405	분양	19991029	2	217	217	0	위탁관리	개별난방	혼합식	삼성물산(주)	(주)무림하우징
서울특별시	강남구	압구정동	A13511001	압구정미성1차	아파트	서울특별시 강남구 압구정동 414 압구정미성1차	서울특별시 강남구 압구정로11길 17	분양	19821118	3	322	322	0	자치관리	지역난방	혼합식	라이프주택	 
서울특별시	강남구	압구정동	A13511003	압구정미성2차	아파트	서울특별시 강남구 압구정동 397 압구정미성2차	서울특별시 강남구 압구정로 113	분양	19871205	9	911	911	0	자치관리	지역난방	혼합식	라이프주택	 
서울특별시	강남구	압구정동	A13511004	압구정신현대	아파트	"서울특별시 강남구 압구정동 433,서울특별시 강남구 압구정동 426,서울특별시 강남구 압구정동 434 압구정신현대"	서울특별시 강남구 압구정로 151	분양	19820525	27	1924	1924	0	위탁관리	지역난방	혼합식	한국도시개발공사(주)	광인에스테이트서비스 주식회사
서울특별시	강남구	압구정동	A13511101	"압구정 현대(10,13,14차)"	아파트	"서울특별시 강남구 압구정동 436,서울특별시 강남구 압구정동 448,서울특별시 강남구 압구정동 447 압구정 현대(10,13,14차)"	"서울특별시 강남구 압구정로29길 69,서울특별시 강남구 압구정로29길 23,서울특별시 강남구 압구정로29길 57"	분양	19820614	10	766	766	0	자치관리	지역난방	혼합식	현대산업개발	 
서울특별시	강남구	압구정동	A13511201	압구정현대8차	아파트	서울특별시 강남구 압구정동 481 압구정현대8차	서울특별시 강남구 압구정로 309	분양	19800915	5	515	515	0	자치관리(직영)	지역난방	혼합식	도시개발	 
서울특별시	강남구	세곡동	A13519001	강남신동아파밀리에1단지	아파트	서울특별시 강남구 세곡동 508 강남신동아파밀리에1단지	서울특별시 강남구 헌릉로590길 100	혼합	20110223	6	395	88	307	위탁관리	개별난방	혼합식	신동아	(주)무림하우징
서울특별시	강남구	세곡동	A13519002	강남신동아파밀리에2단지	아파트	서울특별시 강남구 세곡동 511 강남신동아파밀리에2단지	서울특별시 강남구 헌릉로590길 10	혼합	20110223	7	410	86	324	위탁관리	개별난방	혼합식	신동아건설	우리관리(주)
서울특별시	강남구	세곡동	A13519003	강남신동아파밀리에3단지	아파트	서울특별시 강남구 세곡동 516 강남신동아파밀리에3단지	서울특별시 강남구 헌릉로590길 11	혼합	20110223	7	363	60	303	위탁관리	개별난방	혼합식	신동아건설	(주)무림하우징
서울특별시	강남구	세곡동	A13519004	세곡리엔파크4단지	아파트	서울특별시 강남구 세곡동 522 세곡리엔파크4단지	서울특별시 강남구 헌릉로590길 88	임대	20110616	8	407	0	407	위탁관리	개별난방	혼합식	태영건설	서림폴리텍 주식회사
서울특별시	강남구	세곡동	A13519005	강남데시앙파크	아파트	서울특별시 강남구 세곡동 525 강남데시앙파크	서울특별시 강남구 헌릉로590길 63	혼합	20111101	15	546	335	211	위탁관리	개별난방	계단식	태영건설	우리관리(주)
서울특별시	강남구	세곡동	A13519006	세곡푸르지오	아파트	서울특별시 강남구 세곡동 533 세곡푸르지오	서울특별시 강남구 자곡로 21	분양	20120831	16	912	912	0	위탁관리	지역난방	계단식	"대우건설,대림산업,태영건설"	(주)아주관리
서울특별시	강남구	세곡동	A13519007	강남엘에이치1단지	아파트	서울특별시 강남구 세곡동 579 강남엘에이치1단지	서울특별시 강남구 헌릉로571길 20	분양	20130612	12	809	809	0	위탁관리	지역난방	계단식	고려개발(주)	우리관리(주)
서울특별시	강남구	자곡동	A13519008	강남에버시움	아파트	서울특별시 강남구 자곡동 621 강남에버시움	서울특별시 강남구 자곡로3길 22	임대	20131113	15	1065	0	1065	위탁관리	지역난방	복도식	(주)풍림	(주)청원종합관리
서울특별시	강남구	자곡동	A13520001	래미안포레	아파트	서울특별시 강남구 자곡동 361 래미안포레	서울특별시 강남구 밤고개로21길 25	혼합	20140313	15	1070	196	874	위탁관리	개별난방	혼합식	삼성물산	(주)케이비아주
서울특별시	강남구	자곡동	A13520002	강남한양수자인	아파트	서울특별시 강남구 자곡동 77 강남한양수자인	서울특별시 강남구 자곡로 260	혼합	20140314	26	1304	651	653	위탁관리	개별난방	혼합식	한양수자인	우리관리(주)
서울특별시	강남구	자곡동	A13520003	래미안강남힐즈	아파트	서울특별시 강남구 자곡동 611 래미안강남힐즈	서울특별시 강남구 자곡로 101	분양	20140627	20	1020	1020	0	위탁관리	지역난방	계단식	삼성물산	(주)타워피엠씨
서울특별시	강남구	자곡동	A13520004	강남브리즈힐	아파트	서울특별시 강남구 자곡동 618 강남브리즈힐	서울특별시 강남구 자곡로3길 45	분양	20141030	13	402	402	0	위탁관리	지역난방	계단식	"현대아산(주), 신성건설(주) 등"	(주)화신지엠에스
서울특별시	강남구	수서동	A13522003	수서삼익	아파트	서울특별시 강남구 수서동 708 수서삼익	서울특별시 강남구 광평로51길 27	분양	19921028	5	645	645	0	위탁관리	지역난방	복도식	삼익건설	한국주택시설관리(주)
서울특별시	강남구	수서동	A13522004	수서삼성	아파트	서울특별시 강남구 수서동 747 수서삼성	서울특별시 강남구 광평로31길 27	분양	19971101	12	680	680	0	위탁관리	지역난방	계단식	삼성물산(주)	대한종합개발
서울특별시	강남구	수서동	A13522006	수서신동아	아파트	서울특별시 강남구 수서동 736 수서신동아	서울특별시 강남구 광평로47길 17	분양	19921028	8	1162	1162	0	위탁관리	지역난방	복도식	신동아	서림폴리텍 주식회사
서울특별시	강남구	수서동	A13522007	수서까치마을	아파트	서울특별시 강남구 수서동 746 수서까치마을	서울특별시 강남구 광평로19길 10	분양	19930908	7	1403	1403	0	위탁관리	지역난방	복도식	"서울도시개발, 진흥기업"	율산개발 유한회사
서울특별시	강남구	수서동	A13522008	수서주공	아파트	서울특별시 강남구 수서동 707 수서주공	서울특별시 강남구 광평로51길 49	임대	19921017	14	2565	0	2565	자치관리(직영)	지역난방	복도식	럭키개발	주택관리공단
서울특별시	강남구	일원동	A13523001	일원청솔빌리지	연립주택	서울특별시 강남구 일원동 739 일원청솔빌리지	서울특별시 강남구 광평로10길 50	분양	19931213	13	291	291	0	위탁관리	지역난방	복도식	태신개발(주)	(주)무림하우징
서울특별시	강남구	일원동	A13523003	수서가람	아파트	서울특별시 강남구 일원동 735 수서가람	서울특별시 강남구 일원로 127	분양	19930309	13	496	496	0	위탁관리	지역난방	계단식	동원건설(248세대)/두산건설(248세대)	우리관리(주)
서울특별시	강남구	일원동	A13523004	일원샘터마을	아파트	서울특별시 강남구 일원동 718 일원샘터마을	서울특별시 강남구 일원로 120	분양	19940214	9	628	628	0	자치관리	지역난방	계단식	극동건설/현대건설	 
서울특별시	강남구	일원동	A13523005	일원목련타운	아파트	서울특별시 강남구 일원동 716 일원목련타운	서울특별시 강남구 광평로19길 15	분양	19930925	8	650	650	0	위탁관리	지역난방	계단식	금호.진로	(주)무림하우징
서울특별시	강남구	개포동	A13524004	개포우성3차	아파트	서울특별시 강남구 개포동 652 개포우성3차	서울특별시 강남구 개포로 307	분양	19841231	5	405	405	0	자치관리	지역난방	혼합식	우성건설	 
서울특별시	강남구	개포동	A13524005	개포현대1차	아파트	서울특별시 강남구 개포동 653 개포현대1차	서울특별시 강남구 개포로 303	분양	19840420	6	416	416	0	자치관리	지역난방	계단식	현대산업개발(주)	 
서울특별시	강남구	개포동	A13524006	개포2차 현대아파트	아파트	서울특별시 강남구 개포동 654 개포2차 현대아파트	서울특별시 강남구 언주로 107	분양	19860131	13	558	558	0	자치관리	지역난방	계단식	현대산업개발(주)	 
서울특별시	강남구	개포동	A13524009	개포대치2단지	아파트	서울특별시 강남구 개포동 12 개포대치2단지	서울특별시 강남구 개포로109길 9	분양	19921014	11	1753	1753	0	위탁관리	지역난방	복도식	성원건설.진덕산업주식회사	남경종합관리(주)
서울특별시	강남구	도곡동	A13527001	도곡동양재디오빌	주상복합	서울특별시 강남구 도곡동 952 도곡동양재디오빌	서울특별시 강남구 강남대로 256	분양	20040423	1	155	155	0	위탁관리	개별난방	복도식	대우건설	(주)티비엠컨설팅
서울특별시	강남구	도곡동	A13527002	도곡현대그린	아파트	서울특별시 강남구 도곡동 964 도곡현대그린	서울특별시 강남구 논현로51길 25	분양	20061019	1	171	171	0	자치관리	지역난방	계단식	현대산업개발	자치관리
서울특별시	강남구	도곡동	A13527003	우성캐릭터199 아파트	주상복합	서울특별시 강남구 도곡동 467-24 우성캐릭터199 아파트	서울특별시 강남구 언주로 118	분양	19981107	2	199	199	0	위탁관리	지역난방	계단식	(주)우성건설	(주)무림하우징
서울특별시	강남구	도곡동	A13527004	도곡삼성	아파트	서울특별시 강남구 도곡동 161 도곡삼성	서울특별시 강남구 남부순환로379길 14	분양	19941230	4	231	231	0	위탁관리	지역난방	혼합식	삼성건설	(주)동우개발
서울특별시	강남구	도곡동	A13527005	현대비전21	주상복합	서울특별시 강남구 도곡동 467-19 현대비전21	서울특별시 강남구 언주로30길 10	분양	19991130	1	232	232	0	위탁관리	지역난방	복도식	ㅁ	(주)한빛관리
서울특별시	강남구	도곡동	A13527006	역삼삼익	아파트	서울특별시 강남구 도곡동 869 역삼삼익	서울특별시 강남구 논현로 218	분양	19830611	2	247	247	0	자치관리	중앙난방	혼합식	삼익주택	 
서울특별시	강남구	도곡동	A13527007	도곡1차아이파크	아파트	서울특별시 강남구 도곡동 543-7 도곡1차아이파크	서울특별시 강남구 도곡로28길 8	분양	20070327	5	321	321	0	위탁관리	지역난방	계단식	현대산업개발	서림주택관리(주)
서울특별시	강남구	도곡동	A13527008	도곡경남	아파트	서울특별시 강남구 도곡동 967 도곡경남	서울특별시 강남구 논현로 209	분양	20050602	4	348	348	0	위탁관리	개별난방	혼합식	경남기업	우리관리(주)
서울특별시	강남구	도곡동	A13527010	도곡우성아파트	아파트	서울특별시 강남구 도곡동 934-10 도곡우성아파트	서울특별시 강남구 남부순환로363길 49	분양	19861031	2	390	390	0	자치관리	지역난방	혼합식	우성건설	 
서울특별시	강남구	도곡동	A13527011	아카데미스위트	아파트	서울특별시 강남구 도곡동 467-7 아카데미스위트	서울특별시 강남구 언주로30길 21	분양	20041115	1	414	414	0	위탁관리	지역난방	계단식	라성건설(주)	우리관리(주)
서울특별시	강남구	도곡동	A13527013	개포4차우성	아파트	서울특별시 강남구 도곡동 465 개포4차우성	서울특별시 강남구 언주로 117	분양	19851226	8	459	459	0	위탁관리	지역난방	혼합식	(주)우성건설	한국주택시설관리주식회사
서울특별시	강남구	도곡동	A13527014	도곡대림아크로빌	주상복합	서울특별시 강남구 도곡동 467-6 도곡대림아크로빌	서울특별시 강남구 언주로30길 13	분양	19991126	2	490	490	0	위탁관리	중앙난방	계단식	대림산업	대원에스테이트서비스(주)
서울특별시	강남구	도곡동	A13527016	도곡개포한신아파트	아파트	서울특별시 강남구 도곡동 464 도곡개포한신아파트	서울특별시 강남구 언주로 123	분양	19851214	8	620	620	0	위탁관리	지역난방	혼합식	한신공영(주)	대원종합관리(주)
서울특별시	강남구	도곡동	A13527017	타워팰리스1차	주상복합	"서울특별시 강남구 도곡동 467,서울특별시 강남구 도곡동 467- 타워팰리스1차"	서울특별시 강남구 언주로30길 56	분양	20021023	4	1297	1297	0	위탁관리	지역난방	복도식	삼성물산	(주)타워피엠씨
서울특별시	강남구	도곡동	A13527018	양재SK허브프리모	주상복합	서울특별시 강남구 도곡동 953-1 양재SK허브프리모	서울특별시 강남구 강남대로 240	분양	20060118	1	176	176	0	위탁관리	개별난방	복도식	SK건설	(주)아스타아이비에스
서울특별시	강남구	도곡동	A13527019	도곡쌍용예가	아파트	"서울특별시 강남구 도곡동 933,서울특별시 강남구 도곡동 902-8 도곡쌍용예가"	서울특별시 강남구 남부순환로363길 30	분양	19781226	5	384	384	0	위탁관리	지역난방	계단식	쌍용건설(주)	대원에스테이트서비스(주)
서울특별시	강남구	도곡동	A13527203	도곡렉슬	아파트	서울특별시 강남구 도곡동 527 도곡렉슬	서울특별시 강남구 선릉로 221	분양	20060127	34	3002	3002	0	위탁관리	지역난방	계단식	"현대,쌍용,GS"	대원에스테이트서비스(주)
서울특별시	강남구	대치동	A13528001	대치대우아이빌4차	주상복합	서울특별시 강남구 대치동 891-23 대치대우아이빌4차	서울특별시 강남구 선릉로90길 56	분양	20040223	1	210	210	0	위탁관리	개별난방	복도식	대우건설	신대한관리
서울특별시	강남구	대치동	A13528003	대치삼성	아파트	서울특별시 강남구 대치동 1014-3 대치삼성	서울특별시 강남구 도곡로78길 22	분양	20000731	14	960	960	0	위탁관리	지역난방	혼합식	삼성물산	주식회사 신화피엠씨
서울특별시	강남구	대치동	A13528004	대치미도맨션	아파트	"서울특별시 강남구 대치동 511,서울특별시 강남구 대치동 511 대치미도맨션"	서울특별시 강남구 삼성로 150	분양	19831128	21	2436	2436	0	자치관리	지역난방	혼합식	한보주택(주)	 
서울특별시	강남구	대치동	A13528005	테헤란로대우아이빌	주상복합	서울특별시 강남구 대치동 891-6 테헤란로대우아이빌	서울특별시 강남구 테헤란로 428	분양	20040429	1	408	408	0	위탁관리	개별난방	복도식	대우건설	서림주택관리(주)
서울특별시	강남구	대치동	A13528007	래미안대치하이스턴	아파트	서울특별시 강남구 대치동 985 래미안대치하이스턴	서울특별시 강남구 도곡로93길 12	분양	19891206	5	354	354	0	위탁관리	지역난방	계단식	삼성물산주식회사	율산개발(주)
서울특별시	강남구	대치동	A13528102	대치아이파크	아파트	서울특별시 강남구 대치동 888 대치아이파크	서울특별시 강남구 선릉로 222	분양	20080603	11	768	768	0	위탁관리	지역난방	계단식	현대산업개발	(주)한빛관리
서울특별시	강남구	대치동	A13528103	대치동부센트레빌	아파트	서울특별시 강남구 대치동 670 대치동부센트레빌	서울특별시 강남구 선릉로 206	분양	20050128	7	805	805	0	위탁관리	지역난방	계단식	동부건설	세화종합관리(주)
서울특별시	강남구	대치동	A13528105	개포1차2차우성	아파트	"서울특별시 강남구 대치동 503-,서울특별시 강남구 대치동 500- 개포1차2차우성"	서울특별시 강남구 선릉로 120	분양	19831217	14	1140	1140	0	위탁관리	중앙난방	계단식	우성건설	한국주택시설관리(주)
서울특별시	강남구	도곡동	A13550403	도곡한신	아파트	서울특별시 강남구 도곡동 895-8 도곡한신	서울특별시 강남구 논현로 205	분양	19880716	5	421	421	0	위탁관리	지역난방	혼합식	(주)한신공영	우리관리(주)
서울특별시	강남구	도곡동	A13550502	도곡삼성래미안	아파트	서울특별시 강남구 도곡동 91-5 도곡삼성래미안	서울특별시 강남구 언주로 202	분양	20011201	10	732	732	0	위탁관리	지역난방	계단식	(주)삼성물산	주식회사한빛관리
서울특별시	강남구	삼성동	A13550701	삼성동중앙하이츠빌리지	아파트	서울특별시 강남구 삼성동 14-1 삼성동중앙하이츠빌리지	서울특별시 강남구 학동로68길 30	분양	20041229	5	298	298	0	위탁관리	지역난방	계단식	중앙건설	인덕종합관리(주)
서울특별시	강남구	압구정동	A13551103	압구정한양아파트제1단지	아파트	"서울특별시 강남구 압구정동 493,서울특별시 강남구 압구정동 490 압구정한양아파트제1단지"	서울특별시 강남구 압구정로 347	분양	19771226	15	1232	1232	0	자치관리	지역난방	복도식	(주)한양주택	 
서울특별시	강남구	수서동	A13552001	서울주택도시공사 수서6단지	아파트	서울특별시 강남구 수서동 723 서울주택도시공사 수서6단지	서울특별시 강남구 광평로56길 11	임대	19921214	7	1508	0	1508	위탁관리	지역난방	복도식	(주)동신주택	광인에스테이트서비스 주식회사
서울특별시	강남구	수서동	A13552002	강남데시앙포레	아파트	서울특별시 강남구 수서동 559 강남데시앙포레	서울특별시 강남구 광평로34길 55	분양	20140805	14	787	787	0	위탁관리	개별난방	계단식	태영건설	세화종합관리(주)
서울특별시	강남구	삼성동	A13570501	삼성동힐스테이트2단지	아파트	서울특별시 강남구 삼성동 50 삼성동힐스테이트2단지	서울특별시 강남구 삼성로111길 8	분양	20081210	12	926	926	0	위탁관리	지역난방	혼합식	현대건설	세화종합관리(주)
서울특별시	강남구	논현동	A13572601	동화히스토리	주상복합	서울특별시 강남구 논현동 122-8 동화히스토리	서울특별시 강남구 학동로4길 15	임대	20120817	1	236	0	236	자치관리	개별난방	복도식	한신공영개발(주)	 
서울특별시	강남구	역삼동	A13579501	역삼개나리푸르지오	아파트	서울특별시 강남구 역삼동 755-1 역삼개나리푸르지오	서울특별시 강남구 역삼로 314	분양	20060814	5	332	332	0	위탁관리	지역난방	계단식	대우건설	서림주택관리(주)
서울특별시	강남구	역삼동	A13579503	역삼2차아이파크	아파트	서울특별시 강남구 역삼동 765-32 역삼2차아이파크	서울특별시 강남구 도곡로57길 12	분양	20081202	3	150	150	0	위탁관리	개별난방	계단식	현대산업개발(주)	(주)무림하우징
서울특별시	강남구	역삼동	A13579504	한화진넥스빌	주상복합	서울특별시 강남구 역삼동 706-20 한화진넥스빌	서울특별시 강남구 언주로86길 11	분양	20010130	1	294	294	0	위탁관리	개별난방	복도식	(주)한화건설	서일개발(주)
서울특별시	강남구	역삼동	A13579505	래미안그레이튼3차	아파트	서울특별시 강남구 역삼동 763-16 래미안그레이튼3차	서울특별시 강남구 도곡로43길 20	혼합	20091228	8	476	452	24	위탁관리	지역난방	계단식	삼성물산	세화종합관리(주)
서울특별시	강남구	역삼동	A13579506	개나리SKVIEW	아파트	서울특별시 강남구 역삼동 716-3 개나리SKVIEW	서울특별시 강남구 역삼로 315-1	혼합	20120817	3	240	233	7	위탁관리	지역난방	계단식	SK건설	대원에스테이트서비스(주)
서울특별시	강남구	개포동	A13580001	개포현대3차	아파트	서울특별시 강남구 개포동 177 개포현대3차	서울특별시 강남구 개포로 409	분양	19860331	5	198	198	0	위탁관리	지역난방	계단식	현대건설(주)	서림주택관리(주)
서울특별시	강남구	개포동	A13580002	개포우성8차	아파트	서울특별시 강남구 개포동 179 개포우성8차	서울특별시 강남구 개포로 411	분양	19870921	3	261	261	0	위탁관리	지역난방	혼합식	우성건설	한국주택시설관리(주)
서울특별시	강남구	개포동	A13580602	개포경남아파트	아파트	서울특별시 강남구 개포동 649 개포경남아파트	서울특별시 강남구 언주로 110	분양	19840308	9	678	678	0	위탁관리	지역난방	계단식	경남건설	(주)무림하우징
서울특별시	강남구	논현동	A13582002	논현동현	아파트	서울특별시 강남구 논현동 105 논현동현	서울특별시 강남구 언주로146길 18	분양	19850803	6	549	549	0	자치관리	지역난방	계단식	동산토건(주)	 
서울특별시	강남구	논현동	A13583301	논현동부센트레빌	아파트	서울특별시 강남구 논현동 275 논현동부센트레빌	서울특별시 강남구 언주로116길 6	분양	20031224	4	160	160	0	위탁관리	개별난방	계단식	동부건설	(주)다온관리서비스
서울특별시	강남구	대치동	A13583402	대치쌍용2차	아파트	서울특별시 강남구 대치동 65 대치쌍용2차	서울특별시 강남구 영동대로 220	분양	19831130	4	364	364	0	위탁관리	지역난방	계단식	쌍용건설	주식회사 한빛종합관리
서울특별시	강남구	대치동	A13583403	대치우성1차아파트	아파트	서울특별시 강남구 대치동 63 대치우성1차아파트	서울특별시 강남구 영동대로 230	분양	19840127	6	476	476	0	위탁관리	지역난방	계단식	(주)우성건설	한국주택시설관리(주)
서울특별시	강남구	대치동	A13583404	쌍용대치1차	아파트	서울특별시 강남구 대치동 66 쌍용대치1차	서울특별시 강남구 영동대로 210	분양	19830307	5	630	630	0	위탁관리	지역난방	계단식	쌍용건설	한국주택시설관리(주)
서울특별시	강남구	대치동	A13583507	은마	아파트	서울특별시 강남구 대치동 316 은마	서울특별시 강남구 삼성로 212	분양	19790830	28	4424	4424	0	위탁관리	지역난방	복도식	한보	(주)화신지엠에스
서울특별시	강남구	대치동	A13583604	대치선경	아파트	서울특별시 강남구 대치동 506 대치선경	서울특별시 강남구 삼성로 151	분양	19831212	12	1034	1034	0	위탁관리	중앙난방	계단식	선경건설	주식회사 한빛종합관리
서울특별시	강남구	대치동	A13583701	대치현대	아파트	서울특별시 강남구 대치동 974 대치현대	서울특별시 강남구 삼성로64길 5	분양	19990614	8	630	630	0	위탁관리	지역난방	혼합식	현대건설(주)	한국주택시설관리(주)
서울특별시	강남구	대치동	A13584101	대치포스코더샵	아파트	서울특별시 강남구 대치동 902 대치포스코더샵	서울특별시 강남구 삼성로 417	분양	20040930	4	276	276	0	위탁관리	지역난방	계단식	포스코건설	에이제이대원 주식회사
서울특별시	강남구	도곡동	A13585401	개포우성5차	아파트	서울특별시 강남구 도곡동 463-1 개포우성5차	서울특별시 강남구 언주로29길 34	분양	19861027	4	180	180	0	위탁관리	지역난방	계단식	우성건설	한국주택관리(주)
서울특별시	강남구	도곡동	A13585402	타워팰리스2차	주상복합	서울특별시 강남구 도곡동 467-17 타워팰리스2차	서울특별시 강남구 언주로30길 57	분양	20030228	2	813	813	0	위탁관리	지역난방	혼합식	삼성중공업	우리관리(주)
서울특별시	강남구	도곡동	A13585403	타워팰리스G동	주상복합	서울특별시 강남구 도곡동 467-29 타워팰리스G동	서울특별시 강남구 언주로30길 26	분양	20040419	1	480	480	0	위탁관리	지역난방	복도식	삼성중공업	(주)타워피엠씨
서울특별시	강남구	도곡동	A13585404	래미안도곡카운티	아파트	서울특별시 강남구 도곡동 538 래미안도곡카운티	서울특별시 강남구 도곡로 320	혼합	20160902	8	397	369	28	자치관리	지역난방	계단식	삼성물산	 
서울특별시	강남구	도곡동	A13585804	역삼럭키	아파트	서울특별시 강남구 도곡동 963 역삼럭키	서울특별시 강남구 논현로 213	분양	19951228	10	1094	1094	0	위탁관리	지역난방	혼합식	럭키	(주)동우개발
서울특별시	강남구	도곡동	A13586101	도곡대림	아파트	서울특별시 강남구 도곡동 960 도곡대림	서울특별시 강남구 논현로41길 10	분양	19921119	2	197	197	0	자치관리	개별난방	계단식	대림건설	 
서울특별시	강남구	도곡동	A13586102	도곡현대	아파트	서울특별시 강남구 도곡동 961 도곡현대	"서울특별시 강남구 도곡로18길 34,서울특별시 강남구 도곡로18길 35"	분양	19941230	3	211	211	0	위탁관리	지역난방	복도식	현대산업개발	대원종합관리(주)
서울특별시	강남구	삼성동	A13587603	선릉에클라트	주상복합	서울특별시 강남구 삼성동 142-3 선릉에클라트	서울특별시 강남구 테헤란로63길 12	분양	20040622	1	293	293	0	자치관리	개별난방	복도식	LG건설	 
서울특별시	강남구	수서동	A13588402	수서한아름	아파트	서울특별시 강남구 수서동 712 수서한아름	서울특별시 강남구 광평로51길 22	분양	19931101	7	498	498	0	위탁관리	지역난방	계단식	"한라, 두진"	우리관리(주)
서울특별시	강남구	수서동	A13588601	수서동익	아파트	서울특별시 강남구 수서동 738 수서동익	서울특별시 강남구 광평로39길 3	분양	19931126	4	330	330	0	위탁관리	지역난방	계단식	동익건설(주)	대한종합개발(주)
서울특별시	강남구	압구정동	A13589802	압구정현대아파트	아파트	"서울특별시 강남구 압구정동 456,서울특별시 강남구 압구정동 369-1,서울특별시 강남구 압구정동 462,서울특별시 강남구 압구정동 455,서울특별시 강남구 압구정동 443 압구정현대아파트"	"서울특별시 강남구 압구정로29길 71,서울특별시 강남구 압구정로 201,서울특별시 강남구 압구정로39길 58,서울특별시 강남구 압구정로33길 70,서울특별시 강남구 압구정로29길 68"	분양	19760607	41	3130	3130	0	자치관리	중앙난방	혼합식	현대건설	 
서울특별시	강남구	압구정동	A13590204	압구정한양아파트제2단지	아파트	"서울특별시 강남구 압구정동 484,서울특별시 강남구 압구정동 486,서울특별시 강남구 압구정동 489 압구정한양아파트제2단지"	"서울특별시 강남구 압구정로 313,서울특별시 강남구 압구정로 321"	분양	19781130	11	825	825	0	자치관리	지역난방	혼합식	(주)한양주택	 
서울특별시	강남구	압구정동	A13590602	압구정한양3단지	아파트	"서울특별시 강남구 압구정동 528,서울특별시 강남구 압구정동 513 압구정한양3단지"	"서울특별시 강남구 압구정로 401,서울특별시 강남구 압구정로61길 37"	분양	19791113	6	582	582	0	자치관리	지역난방	혼합식	한양주택	 
서울특별시	강남구	역삼동	A13591402	역삼금호어울림	아파트	서울특별시 강남구 역삼동 835-67 역삼금호어울림	서울특별시 강남구 도곡로7길 22	분양	20031202	3	183	183	0	위탁관리	개별난방	계단식	금호산업(주)	인덕종합관리(주)
서울특별시	강남구	역삼동	A13592002	대우디오빌역삼	주상복합	서울특별시 강남구 역삼동 720-25 대우디오빌역삼	서울특별시 강남구 언주로 427	분양	20020625	1	457	457	0	위탁관리	지역난방	복도식	대우건설	(주)신대한 관리
서울특별시	강남구	역삼동	A13592601	역삼개나리래미안	아파트	서울특별시 강남구 역삼동 754 역삼개나리래미안	서울특별시 강남구 역삼로 306	분양	20060831	7	438	438	0	위탁관리	지역난방	계단식	삼성	우리관리(주)
서울특별시	강남구	역삼동	A13592604	역삼푸르지오	아파트	서울특별시 강남구 역삼동 754-1 역삼푸르지오	서울특별시 강남구 언주로 332	분양	20060102	11	738	738	0	위탁관리	지역난방	계단식	대우건설	우리관리(주)
서울특별시	강남구	역삼동	A13592605	역삼e-편한세상	아파트	서울특별시 강남구 역삼동 755-4 역삼e-편한세상	서울특별시 강남구 선릉로69길 20	분양	20051216	12	840	840	0	위탁관리	지역난방	계단식	(주)대림산업	대원에스테이트서비스(주)
서울특별시	강남구	역삼동	A13592706	역삼래미안	아파트	서울특별시 강남구 역삼동 757 역삼래미안	서울특별시 강남구 선릉로69길 19	분양	20051026	12	1050	1050	0	위탁관리	지역난방	계단식	삼성물산	대원종합관리(주)
서울특별시	강남구	일원동	A13593801	일원동 수서아파트	아파트	서울특별시 강남구 일원동 711 일원동 수서아파트	서울특별시 강남구 양재대로55길 12	분양	19921126	7	720	720	0	위탁관리	지역난방	혼합식	신한건설	우리관리(주)
서울특별시	강남구	일원동	A13593802	수서1-1단지아파트	아파트	서울특별시 강남구 일원동 711 수서1-1단지아파트	서울특별시 강남구 양재대로55길 10	임대	19921126	14	2214	0	2214	위탁관리	지역난방	복도식	(주)신한외 8개업체	주식회사 나라종합관리
서울특별시	강남구	개포동	A13593901	개포자이아파트	아파트	서울특별시 강남구 개포동 12-2 개포자이아파트	서울특별시 강남구 개포로109길 69	분양	20040617	4	212	212	0	자치관리	지역난방	계단식	화엄건설(주)	 
서울특별시	강남구	개포동	A13593908	SH공사대치1단지	아파트	서울특별시 강남구 개포동 12 SH공사대치1단지	서울특별시 강남구 개포로109길 5	임대	19911120	8	1623	0	1623	위탁관리	지역난방	복도식	SH공사	에스더블유엠(주)
서울특별시	강남구	개포동	A13594007	대청	아파트	서울특별시 강남구 개포동 12 대청	서울특별시 강남구 개포로109길 21	분양	19921014	6	822	822	0	위탁관리	지역난방	복도식	삼익건설	한국주택시설관리(주)
서울특별시	강남구	일원동	A13594203	푸른마을아파트	아파트	서울특별시 강남구 일원동 719 푸른마을아파트	서울특별시 강남구 일원로14길 25	분양	19940127	11	930	930	0	위탁관리	지역난방	혼합식	"삼성종합건설(주), (주)삼호건설"	서림주택관리(주)
서울특별시	강남구	일원동	A13594403	개포7차우성	아파트	서울특별시 강남구 일원동 615 개포7차우성	서울특별시 강남구 개포로110길 15	분양	19871211	15	802	802	0	자치관리	지역난방	계단식	(주)우성	 
서울특별시	강남구	일원동	A13594701	한솔마을	아파트	서울특별시 강남구 일원동 731 한솔마을	서울특별시 강남구 광평로10길 6	분양	19940603	19	570	570	0	자치관리	지역난방	계단식	"(주)건영,삼익주택,라이프주택"	 
서울특별시	강남구	일원동	A13594702	상록수아파트	아파트	서울특별시 강남구 일원동 734 상록수아파트	서울특별시 강남구 광평로10길 15	분양	19930327	22	740	740	0	위탁관리	지역난방	계단식	"남광, 대우"	(주)쌍용개발
서울특별시	강남구	개포동	A13599301	개포주공7단지	아파트	서울특별시 강남구 개포동 185 개포주공7단지	서울특별시 강남구 개포로 516	분양	19831026	8	900	900	0	자치관리	지역난방	복도식	주택공사	자치관리
서울특별시	강남구	개포동	A13599303	개포주공6단지	아파트	서울특별시 강남구 개포동 185 개포주공6단지	서울특별시 강남구 개포로 516	분양	19831026	9	1060	1060	0	위탁관리	지역난방	혼합식	현대건설(주)	서림주택관리(주)
서울특별시	강남구	개포동	A13599402	개포주공5단지	아파트	서울특별시 강남구 개포동 187 개포주공5단지	서울특별시 강남구 삼성로4길 17	분양	19831026	6	940	940	0	위탁관리	지역난방	복도식	대한주택공사	한국주택시설관리(주)
서울특별시	성북구	동소문동4가	A13603401	동소문동송산	아파트	서울특별시 성북구 동소문동4가 279 동소문동송산	서울특별시 성북구 동소문로3길 101	분양	19980612	3	345	345	0	위탁관리	개별난방	혼합식	송촌건설	서림주택관리(주)
서울특별시	성북구	동소문동5가	A13603501	돈암동일하이빌	주상복합	서울특별시 성북구 동소문동5가 120 돈암동일하이빌	서울특별시 성북구 보문로38길 11	분양	20060428	2	236	236	0	위탁관리	개별난방	계단식	동일하이빌	우리관리(주)
서울특별시	성북구	동소문동4가	A13603701	동소문한신휴플러스	아파트	"서울특별시 성북구 동소문동4가 280,서울특별시 성북구 동소문동6가 261,서울특별시 성북구 동소문동7가 23 동소문한신휴플러스"	"서울특별시 성북구 동소문로13길 47,서울특별시 성북구 동소문로15길 99,서울특별시 성북구 동소문로13길 84"	분양	20040705	9	409	409	0	위탁관리	개별난방	계단식	한신공영	(주)우리관리
서울특별시	성북구	동소문동7가	A13603702	브라운스톤동선	아파트	서울특별시 성북구 동소문동7가 120 브라운스톤동선	서울특별시 성북구 아리랑로5길 25	분양	20101126	4	194	194	0	위탁관리	개별난방	계단식	동선구역주택재개발조합	서일개발(주)
서울특별시	성북구	삼선동3가	A13604301	삼선1SH-VILLE	아파트	서울특별시 성북구 삼선동3가 115 삼선1SH-VILLE	서울특별시 성북구 보문로29다길 25-9	임대	20081114	1	285	0	285	위탁관리	개별난방	복도식	(주)성원건설	(주)경진관리
서울특별시	성북구	삼선동4가	A13604401	삼선코오롱아파트	아파트	서울특별시 성북구 삼선동4가 73 삼선코오롱아파트	서울특별시 성북구 삼선교로23길 23	분양	19991102	5	437	437	0	자치관리	개별난방	혼합식	코오롱	 
서울특별시	성북구	돈암동	A13606002	돈암포스코더샵	아파트	서울특별시 성북구 돈암동 603 돈암포스코더샵	서울특별시 성북구 아리랑로5길 85	분양	20060331	8	339	339	0	위탁관리	개별난방	계단식	포스코건설(주)	남경종합관리(주)
서울특별시	성북구	돈암동	A13606003	돈암일신건영휴먼빌	아파트	서울특별시 성북구 돈암동 524 돈암일신건영휴먼빌	서울특별시 성북구 아리랑로 89	분양	20050601	11	689	689	0	위탁관리	개별난방	계단식	일신건영	우리관리(주)
서울특별시	성북구	돈암동	A13606004	돈암한신한진아파트	아파트	서울특별시 성북구 돈암동 609-1 돈암한신한진아파트	서울특별시 성북구 성북로4길 52	분양	19980701	30	3929	3929	0	위탁관리	중앙난방	혼합식	"한신공영(주), 한진중공업(주)"	광인에스테이트서비스 주식회사
서울특별시	성북구	돈암동	A13606005	동소문한진임대	아파트	서울특별시 성북구 돈암동 609-1 동소문한진임대	서울특별시 성북구 성북로4길 52	임대	19980701	1	580	0	580	위탁관리	중앙난방	복도식	한진	(주)융성종합관리
서울특별시	성북구	길음동	A13606006	길음현대	아파트	서울특별시 성북구 길음동 1277 길음현대		분양	20001228	1	132	132	0	위탁관리	개별난방	복도식	현대건설	대원에스테이트서비스(주)
서울특별시	성북구	돈암동	A13606101	돈암풍림	아파트	서울특별시 성북구 돈암동 632 돈암풍림	서울특별시 성북구 북악산로 913	분양	19990511	5	460	460	0	위탁관리	개별난방	혼합식	풍림건설(주)	(주)신현대관리
서울특별시	성북구	돈암동	A13606102	돈암범양	아파트	서울특별시 성북구 돈암동 631 돈암범양	서울특별시 성북구 정릉로 402-16	분양	19981209	5	499	499	0	위탁관리	개별난방	혼합식	범양건영(주)	율산개발 유한회사
서울특별시	성북구	돈암동	A13606105	돈암풍림임대	아파트	서울특별시 성북구 돈암동 632-1 돈암풍림임대	서울특별시 성북구 북악산로 898	임대	19990511	1	309	0	309	위탁관리	개별난방	복도식	풍림산업(주)	(주)신현대관리
서울특별시	성북구	돈암동	A13606106	돈암삼성임대	아파트	서울특별시 성북구 돈암동 15-2 돈암삼성임대	서울특별시 성북구 동소문로34길 24	임대	19990430	2	736	0	736	위탁관리	개별난방	복도식	삼성물산(주)	(주)신현대관리
서울특별시	성북구	돈암동	A13606107	돈암삼성	아파트	서울특별시 성북구 돈암동 15-1 돈암삼성	서울특별시 성북구 동소문로34길 24	분양	19990430	7	1278	1278	0	위탁관리	개별난방	혼합식	삼성물산	주식회사 동우개발
서울특별시	성북구	돈암동	A13606201	브라운스톤돈암	아파트	서울특별시 성북구 돈암동 636 브라운스톤돈암	서울특별시 성북구 북악산로 844	분양	20041218	16	1074	1074	0	위탁관리	개별난방	계단식	이수건설주식회사	세화종합관리(주)
서울특별시	성북구	안암동1가	A13607101	안암래미안	아파트	서울특별시 성북구 안암동1가 361 안암래미안	서울특별시 성북구 고려대로17가길 64	분양	20050616	12	528	528	0	위탁관리	개별난방	계단식	삼성건설	대원에스테이트서비스(주)
서울특별시	성북구	안암동3가	A13607301	안암삼익	아파트	서울특별시 성북구 안암동3가 135 안암삼익	서울특별시 성북구 안암로9길 30	분양	19830614	3	204	204	0	자치관리	개별난방	계단식	삼익건설	 
서울특별시	성북구	안암동3가	A13607302	안암대광	아파트	서울특별시 성북구 안암동3가 136-1 안암대광	서울특별시 성북구 안암로9나길 14	분양	19711209	7	355	355	0	자치관리	개별난방	계단식	오진개발	 
서울특별시	성북구	보문동3가	A13608301	보문아이파크	아파트	서울특별시 성북구 보문동3가 2 보문아이파크	서울특별시 성북구 지봉로21길 19	분양	20030830	8	431	431	0	위탁관리	개별난방	혼합식	현대산업개발	서림주택관리(주)
서울특별시	성북구	보문동4가	A13608401	보문하우스토리주상복합	주상복합	서울특별시 성북구 보문동4가 116 보문하우스토리주상복합	서울특별시 성북구 고려대로2길 37	분양	20110805	2	162	162	0	위탁관리	개별난방	계단식	(주)남광토건	(주)무림하우징
서울특별시	성북구	보문동6가	A13608601	보문아남	아파트	서울특별시 성북구 보문동6가 36-2 보문아남	서울특별시 성북구 보문사길 112	분양	19941010	3	218	218	0	위탁관리	개별난방	계단식	아남건설	(주)신성티엠
서울특별시	성북구	종암동	A13609001	종암우림카이저팰리스	주상복합	서울특별시 성북구 종암동 132 종암우림카이저팰리스	서울특별시 성북구 종암로 132	분양	20080501	2	161	161	0	위탁관리	개별난방	계단식	우림건설	태영건물종합관리 주식회사
서울특별시	성북구	정릉동	A13610001	정릉우방아파트	아파트	서울특별시 성북구 정릉동 1016 정릉우방아파트	서울특별시 성북구 북악산로 746	분양	19990728	1	196	196	0	위탁관리	개별난방	혼합식	우방건설	율산개발 유한회사
서울특별시	성북구	정릉동	A13610003	정릉힐스테이트1차아파트	아파트	서울특별시 성북구 정릉동 1030 정릉힐스테이트1차아파트	서울특별시 성북구 북악산로 831	분양	20070518	3	222	222	0	위탁관리	개별난방	계단식	현대건설	대승종합관리(주)
서울특별시	성북구	정릉동	A13610004	정릉산장	아파트	서울특별시 성북구 정릉동 780 정릉산장	서울특별시 성북구 보국문로 167	분양	19771229	2	264	264	0	자치관리	개별난방	복도식	광산건설	 
서울특별시	성북구	정릉동	A13610005	정릉힐스테이트3차	아파트	서울특별시 성북구 정릉동 1031 정릉힐스테이트3차	서울특별시 성북구 보국문로 116	분양	20080609	19	522	522	0	위탁관리	개별난방	계단식	현대힐스테이트	인덕종합관리(주)
서울특별시	성북구	정릉동	A13610007	정릉풍림아이원	아파트	서울특별시 성북구 정릉동 239 정릉풍림아이원	"서울특별시 성북구 솔샘로25길 28,서울특별시 성북구 솔샘로25길 11-11,서울특별시 성북구 솔샘로 120"	분양	20051228	28	1971	1971	0	위탁관리	개별난방	혼합식	정릉제4구역재개발조합	서림주택관리(주)
서울특별시	성북구	정릉동	A13610102	길음뉴타운10단지	아파트	서울특별시 성북구 정릉동 1034 길음뉴타운10단지	서울특별시 성북구 정릉로 307	혼합	20081008	3	236	213	23	위탁관리	개별난방	계단식	라온건설	서림주택관리(주)
서울특별시	성북구	정릉동	A13610103	정릉힐스테이트	아파트	서울특별시 성북구 정릉동 1025 정릉힐스테이트	서울특별시 성북구 정릉로 292	분양	20041223	7	355	355	0	위탁관리	개별난방	계단식	현대건설	동우개발
서울특별시	성북구	정릉동	A13610107	길음뉴타운 경남아너스빌	아파트	서울특별시 성북구 정릉동 1015 길음뉴타운 경남아너스빌	서울특별시 성북구 정릉로 305	분양	19990619	8	860	860	0	위탁관리	개별난방	혼합식	경남기업(주)	우진관리주식회사
서울특별시	성북구	정릉동	A13610201	정릉2차대주피오레	아파트	서울특별시 성북구 정릉동 1032 정릉2차대주피오레	서울특별시 성북구 아리랑로19길 86	분양	20080530	4	169	169	0	위탁관리	개별난방	계단식	대주건설	대한종합관리(주)
서울특별시	성북구	정릉동	A13610202	정릉푸르지오	아파트	서울특별시 성북구 정릉동 406 정릉푸르지오	서울특별시 성북구 보국문로 19	분양	20051128	7	403	403	0	위탁관리	개별난방	계단식	대우건설	율산개발 유한회사
서울특별시	성북구	정릉동	A13610301	정릉성원	아파트	서울특별시 성북구 정릉동 1019 정릉성원	서울특별시 성북구 정릉로21길 21	분양	20000117	2	271	271	0	위탁관리	개별난방	혼합식	성원건설	세화종합관리(주)
서울특별시	성북구	길음동	A13611001	길음뉴타운4단지임대	아파트	서울특별시 성북구 길음동 1281-1 길음뉴타운4단지임대	서울특별시 성북구 길음로 118	임대	20050420	1	276	0	276	위탁관리	개별난방	복도식	대림산업(주)	에이제이대원 주식회사
서울특별시	성북구	길음동	A13611002	길음동부제2	아파트	서울특별시 성북구 길음동 1278-1 길음동부제2	서울특별시 성북구 숭인로2길 61	임대	20030331	2	300	0	300	위탁관리	개별난방	복도식	동부건설	에이제이대원 주식회사
서울특별시	성북구	길음동	A13611004	길음삼부	주상복합	"서울특별시 성북구 길음동 1276-1,서울특별시 성북구 길음동 1276 길음삼부"	서울특별시 성북구 동소문로 248	분양	19980202	6	684	684	0	위탁관리	개별난방	혼합식	삼부토건	주식회사 네오피엠
서울특별시	성북구	길음동	A13611005	길음래미안3차	아파트	서울특별시 성북구 길음동 1283 길음래미안3차	서울특별시 성북구 길음로 16	분양	20070724	12	977	977	0	위탁관리	개별난방	계단식	삼성물산	(주)동우개발
서울특별시	성북구	길음동	A13611006	이편한세상 길음뉴타운4단지	아파트	서울특별시 성북구 길음동 1281 이편한세상 길음뉴타운4단지	서울특별시 성북구 길음로 118	분양	20050420	25	1605	1605	0	위탁관리	개별난방	혼합식	대림산업	한국주택시설관리(주)
서울특별시	성북구	길음동	A13611007	"길음뉴타운푸르지오아파트2,3단지"	아파트	"서울특별시 성북구 길음동 1280-1,서울특별시 성북구 길음동 1280 길음뉴타운푸르지오아파트2,3단지"	"서울특별시 성북구 길음로 119,서울특별시 성북구 길음로13길 39"	분양	20050420	34	2068	2068	0	위탁관리	개별난방	혼합식	(주)대우건설	주식회사 동우개발
서울특별시	성북구	길음동	A13611008	길음뉴타운8단지	아파트	서울특별시 성북구 길음동 1284 길음뉴타운8단지	서울특별시 성북구 길음로 33	분양	20100630	24	1497	1497	0	위탁관리	개별난방	계단식	삼성물산 주식회사	(주)무림하우징
서울특별시	성북구	길음동	A13611011	래미안길음뉴타운9단지	아파트	서울특별시 성북구 길음동 1286 래미안길음뉴타운9단지	서울특별시 성북구 길음로9길 50	분양	20100930	15	1012	1012	0	위탁관리	개별난방	계단식	재개발조합	(주)아주관리
서울특별시	성북구	길음동	A13611102	길음뉴타운3단지임대	아파트	서울특별시 성북구 길음동 1280-3 길음뉴타운3단지임대	서울특별시 성북구 길음로13길 39	임대	20050420	2	282	0	282	위탁관리	개별난방	복도식	대우건설(주)	에이제이대원 주식회사
서울특별시	성북구	길음동	A13611103	래미안길음1차	아파트	서울특별시 성북구 길음동 1279 래미안길음1차	서울특별시 성북구 길음로9길 40	분양	20030129	15	1125	1125	0	위탁관리	개별난방	계단식	삼성물산	대원에스테이트서비스(주)
서울특별시	성북구	길음동	A13611201	래미안길음2차아파트	아파트	서울특별시 성북구 길음동 1282 래미안길음2차아파트	서울특별시 성북구 길음로 74	분양	20060623	11	560	560	0	위탁관리	개별난방	계단식	삼성물산	(주)아주관리
서울특별시	성북구	길음동	A13611202	길음동부센트레빌	아파트	서울특별시 성북구 길음동 1278 길음동부센트레빌	서울특별시 성북구 숭인로2길 61	분양	20030331	18	1377	1377	0	위탁관리	개별난방	계단식	동부건설(주)	세화종합관리(주)
서울특별시	성북구	상월곡동	A13612001	상월곡우남	아파트	서울특별시 성북구 상월곡동 55-56 상월곡우남	서울특별시 성북구 화랑로15길 4	분양	19941224	2	225	225	0	자치관리	개별난방	계단식	우남주택	 
서울특별시	성북구	상월곡동	A13612002	성북동아에코빌	아파트	서울특별시 성북구 상월곡동 101 성북동아에코빌	서울특별시 성북구 장월로1길 28	분양	20030627	15	1253	1253	0	위탁관리	개별난방	혼합식	(주)동아건설	주식회사 동우개발
서울특별시	성북구	하월곡동	A13613001	하월곡아남	아파트	서울특별시 성북구 하월곡동 218 하월곡아남	서울특별시 성북구 종암로36길 52	분양	19961203	1	198	198	0	자치관리	개별난방	계단식	아남건설	 
서울특별시	성북구	하월곡동	A13613002	월곡2SHville임대	아파트	서울특별시 성북구 하월곡동 226-1 월곡2SHville임대	서울특별시 성북구 회기로5길 142	임대	20081016	1	209	0	209	위탁관리	개별난방	복도식	성원건설	(주)이오티앤디
서울특별시	성북구	하월곡동	A13613003	월곡3SH-vill	아파트	서울특별시 성북구 하월곡동 225-1 월곡3SH-vill	서울특별시 성북구 오패산로 90	임대	20080625	1	288	0	288	위탁관리	개별난방	복도식	"(주)한양, 중흥건설"	에이제이대원 주식회사
서울특별시	성북구	하월곡동	A13613004	성북힐스테이트	주상복합	"서울특별시 성북구 하월곡동 88-64,서울특별시 성북구 하월곡동 88-957 성북힐스테이트"	"서울특별시 성북구 동소문로44길 43,서울특별시 성북구 동소문로44길 17"	분양	20070830	2	285	285	0	위탁관리	개별난방	계단식	아키데코	아산종합관리(주)
서울특별시	성북구	하월곡동	A13613005	하월곡동신	아파트	서울특별시 성북구 하월곡동 219 하월곡동신	서울특별시 성북구 오패산로3길 17	분양	19980701	5	746	746	0	자치관리	개별난방	혼합식	조합	 
서울특별시	성북구	하월곡동	A13613006	월곡래미안루나밸리	아파트	서울특별시 성북구 하월곡동 226 월곡래미안루나밸리	서울특별시 성북구 월곡로14길 26	분양	20071023	11	787	787	0	위탁관리	개별난방	계단식	삼성물산	(주)케이비아주
서울특별시	성북구	하월곡동	A13613007	래미안월곡	아파트	서울특별시 성북구 하월곡동 225 래미안월곡	서울특별시 성북구 오패산로 90	분양	20060719	26	1372	1372	0	위탁관리	개별난방	계단식	삼성물산(주)건설부문	우리관리(주)
서울특별시	성북구	하월곡동	A13613008	월곡두산위브아파트	아파트	서울특별시 성북구 하월곡동 222 월곡두산위브아파트	서울특별시 성북구 오패산로 46	분양	20030430	30	2197	2197	0	위탁관리	개별난방	계단식	두산건설	(주)무림하우징
서울특별시	성북구	하월곡동	A13613009	꿈의숲푸르지오	아파트	서울특별시 성북구 하월곡동 228 꿈의숲푸르지오	서울특별시 성북구 오패산로16가길 40	분양	20100429	15	714	714	0	위탁관리	개별난방	계단식	(주)대우건설	인덕종합관리(주)
서울특별시	성북구	하월곡동	A13613010	월곡두산제2아파트임대	아파트	서울특별시 성북구 하월곡동 222-1 월곡두산제2아파트임대	서울특별시 성북구 오패산로 46	임대	20030430	4	458	0	458	위탁관리	개별난방	복도식	두산건설	(주)이오티앤디
서울특별시	성북구	하월곡동	A13613011	동일하이빌뉴시티	주상복합	서울특별시 성북구 하월곡동 230 동일하이빌뉴시티	서울특별시 성북구 종암로 167	혼합	20111130	4	440	402	38	위탁관리	개별난방	계단식	동일토건	광인에스테이트서비스 주식회사
서울특별시	성북구	하월곡동	A13613012	길음서희스타힐스	주상복합	서울특별시 성북구 하월곡동 229 길음서희스타힐스	서울특별시 성북구 동소문로 284	분양	20110624	1	198	198	0	위탁관리	개별난방	혼합식	서희건설	주식회사 동우개발
서울특별시	성북구	하월곡동	A13613201	하월곡샹그레빌	아파트	서울특별시 성북구 하월곡동 224 하월곡샹그레빌	"서울특별시 동대문구 회기로5길 100,서울특별시 성북구 회기로5길 100"	분양	20040707	4	352	352	0	위탁관리	개별난방	계단식	삼호	율산개발(주)
서울특별시	성북구	장위동	A13614001	꿈의숲대명루첸	아파트	서울특별시 성북구 장위동 317 꿈의숲대명루첸	서울특별시 성북구 월계로36길 27	분양	20081226	9	611	611	0	위탁관리	개별난방	계단식	대명종합건설	남경종합관리(주)
서울특별시	성북구	장위동	A13614301	장월SH-VILLE1단지	아파트	서울특별시 성북구 장위동 316-2 장월SH-VILLE1단지	서울특별시 성북구 한천로101길 54	임대	20060418	3	254	0	254	위탁관리	개별난방	혼합식	울트라	(주)이오티앤디
서울특별시	성북구	장위동	A13614302	장위참누리	아파트	서울특별시 성북구 장위동 316-5 장위참누리	서울특별시 성북구 한천로101길 18	분양	20060418	7	373	373	0	위탁관리	개별난방	계단식	울트라건설	주식회사 동우개발
서울특별시	성북구	석관동	A13615002	석관코오롱	아파트	서울특별시 성북구 석관동 405 석관코오롱	서울특별시 성북구 한천로 509	분양	19990612	6	10	10	0	위탁관리	개별난방	혼합식	코오롱건설	율산개발 유한회사
서울특별시	성북구	석관동	A13615003	석관두산	아파트	서울특별시 성북구 석관동 10 석관두산	서울특별시 성북구 화랑로48길 16	분양	19980418	25	1998	1998	0	위탁관리	개별난방	혼합식	두산건설	(주)동우개발
서울특별시	성북구	삼선동3가	A13670801	삼선SKView	아파트	서울특별시 성북구 삼선동3가 116 삼선SKView	서울특별시 성북구 삼선교로16길 35	분양	20120430	7	430	430	0	위탁관리	개별난방	계단식	SK건설	인덕종합관리(주)
서울특별시	성북구	종암동	A13671203	종암선경아파트	아파트	서울특별시 성북구 종암동 34-3 종암선경아파트	서울특별시 성북구 종암로5길 26	분양	19960919	2	238	238	0	위탁관리	지역난방	혼합식	선경건설	대원에스테이트서비스(주)
서울특별시	성북구	종암동	A13671204	종암2차아이파크	아파트	서울특별시 성북구 종암동 131 종암2차아이파크	서울특별시 성북구 종암로9길 71	분양	20050930	15	782	782	0	위탁관리	개별난방	계단식	현대산업개발(주)	(주)신현대관리
서울특별시	성북구	종암동	A13671205	종암SK	아파트	서울특별시 성북구 종암동 104-1 종암SK	서울특별시 성북구 종암로24가길 53	분양	19990407	6	1318	1318	0	위탁관리	개별난방	혼합식	SK건설	(주)케이비아주
서울특별시	성북구	종암동	A13671206	종암아이파크1차	아파트	서울특별시 성북구 종암동 130 종암아이파크1차	서울특별시 성북구 종암로21길 127	분양	20040924	7	513	513	0	위탁관리	개별난방	계단식	현대산업개발	(주)태룡에스디
서울특별시	성북구	종암동	A13671207	종암극동아파트	아파트	서울특별시 성북구 종암동 128 종암극동아파트	서울특별시 성북구 북악산로29길 67	분양	20001207	2	297	297	0	위탁관리	개별난방	혼합식	극동건설	(주)국제안전시스템
서울특별시	성북구	종암동	A13671208	래미안세레니티	아파트	서울특별시 성북구 종암동 133 래미안세레니티	서울특별시 성북구 종암로23길 35	분양	20091029	14	955	955	0	위탁관리	개별난방	계단식	삼성물산 건설부문	한국주택시설관리
서울특별시	성북구	종암동	A13671209	래미안라센트	아파트	서울특별시 성북구 종암동 134 래미안라센트	서울특별시 성북구 종암로24가길 80	분양	20110131	10	837	837	0	위탁관리	개별난방	계단식	삼성물산(주)	우리관리(주)
서울특별시	성북구	종암동	A13671210	종암SK제2	아파트	서울특별시 성북구 종암동 104-5 종암SK제2	서울특별시 성북구 종암로24가길 53	임대	19990407	1	465	0	465	위탁관리	개별난방	복도식	선경건설	에스더블유엠(주)
서울특별시	성북구	종암동	A13671211	래미안종암3차	아파트	서울특별시 성북구 종암동 134-1 래미안종암3차	"서울특별시 성북구 종암로23길 35,서울특별시 성북구 종암로24가길 80"	임대	20110131	2	188	0	188	위탁관리	개별난방	복도식	삼성물산(주)	(주)한결에이엠
서울특별시	성북구	종암동	A13671212	래미안종암2차	아파트	서울특별시 성북구 종암동 133-1 래미안종암2차	서울특별시 성북구 종암로23길 35	임대	20091029	2	206	0	206	위탁관리	개별난방	복도식	삼성물산(주)	(주)한결에이엠
서울특별시	성북구	종암동	A13671213	종암2차SK뷰	아파트	서울특별시 성북구 종암동 135 종암2차SK뷰	서울특별시 성북구 종암로24길 35	혼합	20101029	6	393	325	68	위탁관리	개별난방	계단식	SK건설	우리관리(주)
서울특별시	성북구	삼선동2가	A13672101	삼선푸르지오아파트	아파트	서울특별시 성북구 삼선동2가 425 삼선푸르지오아파트	서울특별시 성북구 보문로29다길 31	분양	20080327	22	864	864	0	위탁관리	개별난방	계단식	대우건설(주)	우리관리(주)
서울특별시	성북구	삼선동2가	A13672102	삼선힐스테이트	아파트	서울특별시 성북구 삼선동2가 420 삼선힐스테이트	서울특별시 성북구 낙산길 243-15	분양	20091201	9	377	377	0	위탁관리	개별난방	계단식	현대건설(주)	우리관리(주)
서울특별시	성북구	석관동	A13676101	래미안석관	아파트	서울특별시 성북구 석관동 407 래미안석관	서울특별시 성북구 화랑로 214	분양	20090626	13	580	580	0	자치관리	개별난방	계단식	삼성물산	 
서울특별시	성북구	석관동	A13676103	신동아파밀리에	아파트	서울특별시 성북구 석관동 408 신동아파밀리에	서울특별시 성북구 화랑로 210-26	분양	20110128	5	199	199	0	위탁관리	개별난방	계단식	신동아건설	세화종합관리(주)
서울특별시	성북구	정릉동	A13676501	정릉쌍용	아파트	서울특별시 성북구 정릉동 1017 정릉쌍용	서울특별시 성북구 북악산로 847	분양	19991113	2	193	193	0	위탁관리	개별난방	혼합식	쌍용건설	(주)동우개발
서울특별시	성북구	정릉동	A13676504	정릉스카이쌍용	아파트	서울특별시 성북구 정릉동 1014 정릉스카이쌍용	서울특별시 성북구 북악산로 828	분양	19990212	3	406	406	0	위탁관리	개별난방	혼합식	쌍용건설	(주)무림하우징
서울특별시	성북구	정릉동	A13676605	길음뉴타운 데시앙	아파트	서울특별시 성북구 정릉동 1018 길음뉴타운 데시앙	서울특별시 성북구 서경로 28	분양	19991122	6	514	514	0	위탁관리	개별난방	혼합식	(주)태영	서림주택관리(주)
서울특별시	성북구	정릉동	A13676702	정릉대우	아파트	서울특별시 성북구 정릉동 1021 정릉대우	서울특별시 성북구 보국문로30길 15	분양	20010621	7	791	791	0	위탁관리	개별난방	혼합식	(주)대우	(주)동우개발
서울특별시	성북구	정릉동	A13676703	정릉1차e-편한세상	아파트	서울특별시 성북구 정릉동 1028 정릉1차e-편한세상	서울특별시 성북구 솔샘로24길 15	분양	20060602	11	739	739	0	위탁관리	개별난방	계단식	대림건설	동우개발
서울특별시	성북구	정릉동	A13676704	정릉풍림아이원임대	아파트	서울특별시 성북구 정릉동 239-5 정릉풍림아이원임대	서울특별시 성북구 솔샘로25길 11-14	임대	20051228	2	332	0	332	위탁관리	개별난방	복도식	풍림산업(주)	세화종합관리(주)
서울특별시	성북구	정릉동	A13677101	정릉2차 e편한세상	아파트	서울특별시 성북구 정릉동 1035 정릉2차 e편한세상	서울특별시 성북구 북악산로 851	분양	20090608	10	527	527	0	위탁관리	개별난방	계단식	대림산업	우리관리(주)
서울특별시	성북구	정릉동	A13677206	정릉우성	아파트	서울특별시 성북구 정릉동 1020 정릉우성	서울특별시 성북구 북악산로 813	분양	20000212	5	823	823	0	자치관리	개별난방	혼합식	우성건설	 
서울특별시	성북구	보문동3가	A13677401	이편한세상보문	아파트	"서울특별시 성북구 보문동3가 230,서울특별시 성북구 보문동3가 229 이편한세상보문"	서울특별시 성북구 낙산길 255	혼합	20131224	7	440	361	79	위탁관리	개별난방	계단식	대림산업(주)	(주)아주관리
서울특별시	성북구	정릉동	A13677807	정릉우정에쉐르	아파트	서울특별시 성북구 정릉동 1033 정릉우정에쉐르	서울특별시 성북구 북악산로 742-12	분양	20090416	3	212	212	0	위탁관리	개별난방	계단식	(주)우정건설	(주)동우개발
서울특별시	성북구	상월곡동	A13678401	동아에코빌	아파트	서울특별시 성북구 상월곡동 101-1 동아에코빌	서울특별시 성북구 장월로1길 28	임대	20030627	2	278	0	278	위탁관리	개별난방	복도식	동아건설산업(주)	주식회사 동우개발
서울특별시	성북구	길음동	A13679402	길음뉴타운9단지제2	아파트	서울특별시 성북구 길음동 1286-7 길음뉴타운9단지제2	서울특별시 성북구 길음로9길 50	임대	20100930	3	242	0	242	위탁관리	개별난방	계단식	삼성물산	남경종합관리(주)
서울특별시	성북구	길음동	A13679403	길음뉴타운7단지	아파트	서울특별시 성북구 길음동 1285 길음뉴타운7단지	서울특별시 성북구 길음로13길 22	분양	20100728	6	449	449	0	위탁관리	개별난방	계단식	두산건설	(주)태룡에스디
서울특별시	성북구	돈암동	A13679902	돈암힐스테이트	아파트	서울특별시 성북구 돈암동 639 돈암힐스테이트	서울특별시 성북구 아리랑로 68	분양	20070418	6	200	200	0	위탁관리	개별난방	계단식	현대건설(주)	(주)동우개발
서울특별시	성북구	돈암동	A13679903	돈암신일해피트리	아파트	서울특별시 성북구 돈암동 642 돈암신일해피트리	서울특별시 성북구 아리랑로5길 92	분양	20130115	6	192	192	0	위탁관리	개별난방	계단식	신화종합건설	우리관리(주)
서울특별시	성북구	길음동	A13680701	길음신안파크	아파트	서울특별시 성북구 길음동 635-168 길음신안파크	서울특별시 성북구 길음로 141	분양	19881126	3	252	252	0	위탁관리	개별난방	계단식	(주)신안건설산업	태영건물종합관리 주식회사
서울특별시	성북구	돈암동	A13681303	돈암동부센트레빌	아파트	서울특별시 성북구 돈암동 633 돈암동부센트레빌	서울특별시 성북구 정릉로 388	분양	20030918	9	540	540	0	위탁관리	개별난방	계단식	동부건설(주)	(주)경진관리
서울특별시	성북구	돈암동	A13681304	돈암현대	아파트	서울특별시 성북구 돈암동 1 돈암현대	서울특별시 성북구 정릉로 404	분양	19910613	6	619	619	0	위탁관리	개별난방	혼합식	현대산업개발	서림주택관리
서울특별시	성북구	석관동	A13681701	석관중앙하이츠	아파트	서울특별시 성북구 석관동 110-2 석관중앙하이츠	서울특별시 성북구 한천로76길 73	분양	19940624	3	315	315	0	위탁관리	개별난방	혼합식	중앙건설	남경종합관리(주)
서울특별시	성북구	정릉동	A13684306	정릉중앙하이츠빌2단지	아파트	서울특별시 성북구 정릉동 435 정릉중앙하이츠빌2단지	서울특별시 성북구 정릉로26길 8	분양	20051116	9	745	745	0	위탁관리	개별난방	혼합식	중앙건설	(주)무림하우징
서울특별시	성북구	정릉동	A13684605	정릉푸른마을동아	아파트	서울특별시 성북구 정릉동 210 정릉푸른마을동아	서울특별시 성북구 서경로 31	분양	20031004	7	529	529	0	위탁관리	개별난방	혼합식	(주)동아건설산업	광인에스테이트서비스 주식회사
서울특별시	성북구	정릉동	A13684701	정릉중앙하이츠	아파트	서울특별시 성북구 정릉동 809 정릉중앙하이츠	서울특별시 성북구 보국문로32길 53	분양	19990514	4	261	261	0	위탁관리	개별난방	혼합식	중앙건설(주)	(주)신화비엠씨
서울특별시	성북구	정릉동	A13685104	정릉중앙하이츠빌1단지	아파트	서울특별시 성북구 정릉동 494 정릉중앙하이츠빌1단지	서울특별시 성북구 아리랑로19길 60	분양	20040430	7	433	433	0	위탁관리	개별난방	계단식	(주)중앙건설	남경종합관리(주)
서울특별시	성북구	종암동	A13686302	래미안 크리시엘 아파트 관리사무소	아파트	서울특별시 성북구 종암동 80 래미안 크리시엘 아파트 관리사무소	서울특별시 성북구 종암로25길 30	분양	20040924	17	1168	1168	0	위탁관리	개별난방	계단식	삼성물산	서림주택관리(주)
서울특별시	서초구	잠원동	A13703011	잠원롯데캐슬갤럭시1차	아파트	서울특별시 서초구 잠원동 50 잠원롯데캐슬갤럭시1차	서울특별시 서초구 잠원로14길 3	분양	20020727	5	2560	2560	0	위탁관리	지역난방	계단식	(주)롯데건설	(주)신대한관리
서울특별시	서초구	잠원동	A13703019	롯데캐슬갤럭시아파트	아파트	서울특별시 서초구 잠원동 50-1 롯데캐슬갤럭시아파트	서울특별시 서초구 잠원로14길 23	분양	20040428	8	428	428	0	위탁관리	지역난방	계단식	롯데건설(주)	율산개발(주)
서울특별시	서초구	잠원동	A13703027	잠원동아	아파트	서울특별시 서초구 잠원동 157 잠원동아	서울특별시 서초구 신반포로33길 15	분양	20020704	8	991	991	0	위탁관리	개별난방	혼합식	동아건설	대원에스테이트서비스(주)
서울특별시	서초구	반포동	A13704101	반포삼호가든맨션5차	아파트	서울특별시 서초구 반포동 30-1 반포삼호가든맨션5차	서울특별시 서초구 서초중앙로 242	분양	19860221	3	168	168	0	자치관리	지역난방	혼합식	삼호	 
서울특별시	서초구	반포동	A13704104	반포자이	아파트	서울특별시 서초구 반포동 20-43 반포자이	서울특별시 서초구 신반포로 270	혼합	20090313	44	3410	2991	419	위탁관리	지역난방	계단식	GS건설	우리관리(주)
서울특별시	서초구	반포동	A13704404	반포미도아파트	아파트	서울특별시 서초구 반포동 60-4 반포미도아파트	서울특별시 서초구 서초중앙로29길 28	분양	19870617	8	1260	1260	0	위탁관리	지역난방	복도식	한보건설	남경종합관리(주)
서울특별시	서초구	방배동	A13706001	방배아크로리버	주상복합	서울특별시 서초구 방배동 752-36 방배아크로리버	서울특별시 서초구 방배중앙로 207-10	분양	20041124	4	222	222	0	자치관리	개별난방+기타	계단식	대림산업(주)	 
서울특별시	서초구	방배동	A13706302	방배래미안타워	아파트	서울특별시 서초구 방배동 485-3 방배래미안타워	서울특별시 서초구 남부순환로 2183	분양	20050107	4	344	344	0	위탁관리	개별난방	혼합식	삼성물산	서림주택관리(주)
서울특별시	서초구	방배동	A13706303	방배대우효령	아파트	서울특별시 서초구 방배동 1038 방배대우효령	서울특별시 서초구 효령로 84	분양	19921125	6	364	364	0	위탁관리	개별난방	계단식	대우종합건설	(주)한빛관리
서울특별시	서초구	서초동	A13707002	아남	아파트	서울특별시 서초구 서초동 1641-13 아남	서울특별시 서초구 사임당로23길 53	분양	19891130	2	166	166	0	위탁관리	지역난방	혼합식	아남건설주식회사	태림주택종합관리(주)
서울특별시	서초구	서초동	A13707003	서초대우아이빌	주상복합	서울특별시 서초구 서초동 1675-11 서초대우아이빌	서울특별시 서초구 서초대로58길 10	분양	20030313	1	215	215	0	자치관리	개별난방	복도식	대우건설	 
서울특별시	서초구	서초동	A13707006	대림서초리시온	주상복합	서울특별시 서초구 서초동 1671-5 대림서초리시온	서울특별시 서초구 서초중앙로22길 25	분양	20030422	1	326	326	0	위탁관리	개별난방	복도식	대림산업주식회사	우리관리
서울특별시	서초구	서초동	A13707009	래미안 서초스위트 아파트	아파트	서울특별시 서초구 서초동 1301-6 래미안 서초스위트 아파트	서울특별시 서초구 서운로 221	혼합	20090430	3	392	376	16	위탁관리	지역난방	계단식	(주)삼성물산	우리관리(주)
서울특별시	서초구	서초동	A13707010	래미안서초유니빌	주상복합	서울특별시 서초구 서초동 1445-4 래미안서초유니빌	서울특별시 서초구 서초중앙로 26	분양	20030822	1	440	440	0	위탁관리	개별난방	복도식	삼성물산(주)	(주)무림하우징
서울특별시	서초구	서초동	A13707016	서초교대e편한세상	아파트	서울특별시 서초구 서초동 1686-9 서초교대e편한세상	서울특별시 서초구 서초중앙로24길 33	혼합	20100506	6	435	411	24	자치관리	지역난방	계단식	대림산업 (주)	 
서울특별시	서초구	서초동	A13707019	서초한신리빙타워	주상복합	서울특별시 서초구 서초동 1533 서초한신리빙타워	서울특별시 서초구 효령로 237	분양	19990421	1	104	104	0	위탁관리	개별난방	계단식	한신공영(주)	(주)현장종합관리
서울특별시	서초구	서초동	A13707203	풍림아이원플러스	주상복합	서울특별시 서초구 서초동 1338-1 풍림아이원플러스	서울특별시 서초구 효령로77길 14	분양	20040423	1	200	200	0	위탁관리	개별난방	복도식	풍림산업	우리관리(주)
서울특별시	서초구	양재동	A13713001	양재리본타워1단지	아파트	서울특별시 서초구 양재동 102 양재리본타워1단지	서울특별시 서초구 바우뫼로18길 20	임대	20140626	2	231	0	231	위탁관리	개별난방	복도식	금호건설	(주)엠컨트럴시스템
서울특별시	서초구	양재동	A13713002	양재리본타워2단지	아파트	서울특별시 서초구 양재동 212 양재리본타워2단지	서울특별시 서초구 매헌로 16	임대	20140626	3	390	0	390	위탁관리	개별난방	복도식	금호건설	주식회사 티아이시스템
서울특별시	서초구	신원동	A13716001	서초포레스타7단지	아파트	서울특별시 서초구 신원동 271-9 서초포레스타7단지	서울특별시 서초구 청계산로11길 7-12	혼합	20130930	10	310	69	241	위탁관리	개별난방	혼합식	한신공영	(주)에이원
서울특별시	서초구	신원동	A13716002	서초포레스타5단지	아파트	서울특별시 서초구 신원동 690 서초포레스타5단지	서울특별시 서초구 청계산로7길 43	혼합	20140508	11	547	395	152	위탁관리	개별난방	계단식	한신공영	우리관리(주)
서울특별시	서초구	신원동	A13716003	서초포레스타3단지	아파트	서울특별시 서초구 신원동 408 서초포레스타3단지	서울특별시 서초구 헌릉로8길 22	혼합	20140624	8	482	320	162	위탁관리	개별난방	계단식	한신공영(주)	서림주택관리(주)
서울특별시	서초구	내곡동	A13718001	서초더샵포레	아파트	서울특별시 서초구 내곡동 77 서초더샵포레	서울특별시 서초구 헌릉로8길 58	혼합	20140811	26	1264	1049	215	위탁관리	개별난방	계단식	포스코	우리관리(주)
서울특별시	서초구	반포동	A13770105	반포미도2차	아파트	서울특별시 서초구 반포동 60-5 반포미도2차	서울특별시 서초구 사평대로 240	분양	19890513	3	435	435	0	위탁관리	지역난방	복도식	한보건설	우리관리(주)
서울특별시	서초구	서초동	A13770607	서초5차e편한세상	아파트	서울특별시 서초구 서초동 1467-62 서초5차e편한세상	서울특별시 서초구 명달로4길 30	분양	20051223	2	161	161	0	위탁관리	개별난방	계단식	대림건설	우리관리주식회사
서울특별시	서초구	서초동	A13770608	서초현대ESA2차	주상복합	서울특별시 서초구 서초동 1542-6 서초현대ESA2차	서울특별시 서초구 반포대로 122	분양	20030129	2	174	174	0	위탁관리	중앙난방	계단식	현대건설	광인에스테이트서비스 주식회사
서울특별시	서초구	서초동	A13770609	현대슈퍼빌	주상복합	서울특별시 서초구 서초동 1446-11 현대슈퍼빌	서울특별시 서초구 서초중앙로 15	분양	20031013	4	645	645	0	위탁관리	지역난방	계단식	현대건설(주)	우리관리(주)
서울특별시	서초구	서초동	A13770610	서초아트자이	주상복합	서울특별시 서초구 서초동 1583-10 서초아트자이	서울특별시 서초구 반포대로 58	분양	20090626	4	164	164	0	위탁관리	개별난방	계단식	GS건설(주)	제일에스테이트서비스 주식회사
서울특별시	서초구	서초동	A13770611	서초이오빌	주상복합	서울특별시 서초구 서초동 1593-7 서초이오빌	서울특별시 서초구 효령로53길 45	분양	20030813	1	462	462	0	자치관리	개별난방	혼합식	경남기업	 
서울특별시	서초구	방배동	A13770801	방배한신트리플	주상복합	서울특별시 서초구 방배동 816-1 방배한신트리플	서울특별시 서초구 방배로33길 29	분양	20040227	1	163	163	0	위탁관리	개별난방	혼합식	한신공영	율산개발(주)
서울특별시	서초구	방배동	A13771001	방배롯데캐슬아르떼	아파트	서울특별시 서초구 방배동 424-28 방배롯데캐슬아르떼	서울특별시 서초구 방배천로18길 11	혼합	20131120	11	744	683	61	위탁관리	개별난방	계단식	롯데건설	(주)케이비아주
서울특별시	서초구	방배동	A13771601	방배서리풀e편한세상	아파트	서울특별시 서초구 방배동 906-13 방배서리풀e편한세상	서울특별시 서초구 효령로33길 50	분양	20100203	9	496	496	0	위탁관리	개별난방	혼합식	대림산업(주)	우리관리(주)
서울특별시	서초구	서초동	A13772801	서초현대아파트	아파트	서울특별시 서초구 서초동 1648-2 서초현대아파트	서울특별시 서초구 사임당로19길 10	분양	19991130	2	299	299	0	위탁관리	지역난방	혼합식	고려산업개발(주)	서일개발(주)
서울특별시	서초구	서초동	A13775102	서초삼성쉐르빌2	주상복합	서울특별시 서초구 서초동 1330 서초삼성쉐르빌2	서울특별시 서초구 강남대로53길 11	분양	20020325	1	365	365	0	자치관리	개별난방	복도식	국민자산신탁(주)	 
서울특별시	서초구	반포동	A13776301	반포리체	아파트	서울특별시 서초구 반포동 30-26 반포리체	서울특별시 서초구 고무래로 35	혼합	20101029	9	1119	1076	43	위탁관리	지역난방	계단식	(주)대림/ (주)삼성	세화종합관리(주)
서울특별시	서초구	반포동	A13776508	반포푸르지오	아파트	서울특별시 서초구 반포동 10 반포푸르지오	서울특별시 서초구 신반포로15길 4	분양	20001030	3	237	237	0	위탁관리	개별난방	계단식	(주)대우	서림주택관리(주)
서울특별시	서초구	반포동	A13776509	래미안퍼스티지	아파트	서울특별시 서초구 반포동 18-1 래미안퍼스티지	서울특별시 서초구 반포대로 275	혼합	20090714	28	2444	2178	266	위탁관리	지역난방	계단식	삼성물산	(주)타워피엠씨
서울특별시	서초구	반포동	A13776510	반포힐스테이트	아파트	서울특별시 서초구 반포동 16-6 반포힐스테이트	서울특별시 서초구 신반포로16길 15-20	분양	20120402	5	397	397	0	위탁관리	지역난방	계단식	(주)현대건설	(주)동우개발
서울특별시	서초구	우면동	A13778201	서초네이처힐4단지	아파트	서울특별시 서초구 우면동 720 서초네이처힐4단지	서울특별시 서초구 태봉로2길 65	혼합	20111212	7	409	177	232	위탁관리	개별난방	혼합식	SH	서일개발(주)
서울특별시	서초구	우면동	A13778202	서초네이처힐5단지	아파트	서울특별시 서초구 우면동 730 서초네이처힐5단지	서울특별시 서초구 태봉로2길 5	임대	20111212	8	509	0	509	위탁관리	개별난방	계단식	태영건설(주)	태영건물종합관리 주식회사
서울특별시	서초구	우면동	A13778203	서초네이처힐7단지	아파트	서울특별시 서초구 우면동 735 서초네이처힐7단지	서울특별시 서초구 태봉로2길 10	혼합	20111212	5	275	96	179	위탁관리	개별난방	혼합식	SH공사	세화종합관리(주)
서울특별시	서초구	우면동	A13778204	서초힐스	아파트	서울특별시 서초구 우면동 773 서초힐스	서울특별시 서초구 양재대로2길 90	분양	20121203	12	1082	1082	0	위탁관리	개별난방	계단식	서희건설	우리관리(주)
서울특별시	서초구	우면동	A13778205	서초네이처힐3단지	아파트	서울특별시 서초구 우면동 717 서초네이처힐3단지	서울특별시 서초구 태봉로2길 60	혼합	20130118	17	1251	398	853	위탁관리	개별난방	혼합식	진흥건설	(주)아주관리
서울특별시	서초구	우면동	A13778207	서초네이처힐6단지	아파트	서울특별시 서초구 우면동 737 서초네이처힐6단지	서울특별시 서초구 태봉로2길 30	혼합	20130215	7	382	107	275	위탁관리	개별난방	혼합식	(주)태영건설	자이에스앤디(주)
서울특별시	서초구	우면동	A13778209	호반써밋서초파크	아파트	서울특별시 서초구 우면동 788 호반써밋서초파크	서울특별시 서초구 양재대로2길 33	분양	20131204	4	424	424	0	위탁관리	개별난방	계단식	울트라건설(주) 외	에이엠영보(주)
서울특별시	서초구	우면동	A13778210	호반써밋서초파크뷰	아파트	서울특별시 서초구 우면동 789 호반써밋서초파크뷰	서울특별시 서초구 양재대로2길 11	분양	20131204	3	358	358	0	위탁관리	개별난방	계단식	(주)울트라건설	서일개발(주)
서울특별시	서초구	우면동	A13778211	서초호반써밋	아파트	서울특별시 서초구 우면동 753 서초호반써밋	서울특별시 서초구 양재대로2길 109	분양	20131031	6	550	550	0	위탁관리	개별난방	계단식	울트라건설	제일에스테이트서비스 주식회사
서울특별시	서초구	우면동	A13778212	LH서초3단지	아파트	서울특별시 서초구 우면동 784 LH서초3단지	서울특별시 서초구 양재대로2길 34	임대	20131119	5	790	0	790	위탁관리	개별난방	혼합식	동아건설	한국주택관리(주)
서울특별시	서초구	우면동	A13778306	서울우면	아파트	서울특별시 서초구 우면동 63 서울우면	서울특별시 서초구 바우뫼로7길 11	임대	19940718	6	984	0	984	위탁관리	중앙난방	복도식	남광토건	주택관리공단(주)
서울특별시	서초구	잠원동	A13779432	한신타운	아파트	서울특별시 서초구 잠원동 60-4 한신타운	서울특별시 서초구 나루터로4길 70-5	분양	19890630	1	110	110	0	자치관리	지역난방	계단식	확인불가	 
서울특별시	서초구	반포동	A13780201	엠브이아파트	아파트	서울특별시 서초구 반포동 46 엠브이아파트	서울특별시 서초구 고무래로10길 39	분양	19940728	1	154	154	0	자치관리	개별난방	복도식	한보철강	 
서울특별시	서초구	반포동	A13780402	반포현대동궁	아파트	서울특별시 서초구 반포동 64-5 반포현대동궁	서울특별시 서초구 사평대로 154	분양	19910720	1	224	224	0	위탁관리	지역난방	혼합식	현대건설	율산개발 유한회사
서울특별시	서초구	반포동	A13780403	반포한신서래	아파트	서울특별시 서초구 반포동 70-1 반포한신서래	서울특별시 서초구 사평대로28길 31	분양	19871231	4	414	414	0	자치관리	지역난방	혼합식	(주)한신공영	 
서울특별시	서초구	방배동	A13782601	쌍용예가클래식	아파트	서울특별시 서초구 방배동 776-3 쌍용예가클래식	서울특별시 서초구 방배로37길 26-9	분양	20061227	3	216	216	0	위탁관리	지역난방	계단식	쌍용건설	우리관리(주)
서울특별시	서초구	방배동	A13782602	방배신삼호	아파트	서울특별시 서초구 방배동 725 방배신삼호	서울특별시 서초구 방배로 270	분양	19830531	6	481	481	0	자치관리	지역난방	혼합식	삼호주택	 
서울특별시	서초구	방배동	A13782803	롯데캐슬헤론	주상복합	서울특별시 서초구 방배동 754-1 롯데캐슬헤론	서울특별시 서초구 동광로1길 112	분양	20060626	5	337	337	0	위탁관리	개별난방	계단식	롯데건설(주)	(주)아주관리
서울특별시	서초구	방배동	A13782804	삼호	아파트	"서울특별시 서초구 방배동 758-4,서울특별시 서초구 방배동 759-2,서울특별시 서초구 방배동 770-1,서울특별시 서초구 방배동 770-1,서울특별시 서초구 방배동 760-1 삼호"	"서울특별시 서초구 방배로45길 2,서울특별시 서초구 방배로43길 5,서울특별시 서초구 방배로43길 2,서울특별시 서초구 방배로43길 30,서울특별시 서초구 방배로43길 21,서울특별시 서초구 방배로45길 27"	분양	19751128	10	803	803	0	자치관리	지역난방	혼합식	(주)삼호주택	 
서울특별시	서초구	방배동	A13782902	현대멤피스아파트	아파트	"서울특별시 서초구 방배동 772-13,서울특별시 서초구 방배동 774-19 현대멤피스아파트"	"서울특별시 서초구 방배로 249,서울특별시 서초구 방배로 239"	분양	20010926	5	206	206	0	위탁관리	개별난방	계단식	현대산업개발	우리관리(주)
서울특별시	서초구	방배동	A13783001	방배3차e편한세상	아파트	서울특별시 서초구 방배동 797-30 방배3차e편한세상	서울특별시 서초구 동광로 89-5	분양	20060331	5	192	192	0	위탁관리	개별난방	계단식	대림산업(주)	우리관리(주)
서울특별시	서초구	방배동	A13783802	방배디오빌	주상복합	서울특별시 서초구 방배동 866-20 방배디오빌	서울특별시 서초구 서초대로 17	분양	20050705	1	412	412	0	위탁관리	개별난방	복도식	대우건설	우리관리(주)
서울특별시	서초구	방배동	A13784102	방배1차이편한세상	아파트	서울특별시 서초구 방배동 884-21 방배1차이편한세상	서울특별시 서초구 서초대로34길 34	분양	20031230	3	199	199	0	위탁관리	개별난방	계단식	대림건설(주)	세화종합관리(주)
서울특별시	서초구	방배동	A13784401	방배브라운가	아파트	서울특별시 서초구 방배동 930-1 방배브라운가	서울특별시 서초구 방배로19길 67	분양	20060526	2	161	161	0	위탁관리	개별난방	계단식	흥화공업(주)	한빛관리
서울특별시	서초구	방배동	A13785001	방배임광3차	아파트	"서울특별시 서초구 방배동 1010-1,서울특별시 서초구 방배동 1011-1 방배임광3차"	"서울특별시 서초구 방배로2길 24-5,서울특별시 서초구 방배로2길 24-6"	분양	19880414	4	316	316	0	자치관리	중앙난방	기타	임광토건주식회사	 
서울특별시	서초구	방배동	A13785005	"방배임광1,2차"	아파트	"서울특별시 서초구 방배동 1015 방배임광1,2차"	서울특별시 서초구 방배로 14	분양	19851113	6	418	418	0	자치관리	중앙난방	혼합식	임광토건	자치
서울특별시	서초구	방배동	A13785008	래미안방배아트힐	아파트	서울특별시 서초구 방배동 1008-2 래미안방배아트힐	서울특별시 서초구 남부순환로 2311-12	분양	20041214	10	588	588	0	위탁관리	개별난방	계단식	삼성물산	(주)무림하우징
서울특별시	서초구	방배동	A13785201	방배2차현대홈타운	아파트	서울특별시 서초구 방배동 2001 방배2차현대홈타운	서울특별시 서초구 서초대로1길 34	분양	20010827	6	384	384	0	위탁관리	개별난방	계단식	현대건설	(주)한빛관리
서울특별시	서초구	방배동	A13785203	방배1차현대	아파트	서울특별시 서초구 방배동 1344 방배1차현대	서울특별시 서초구 서초대로1길 30	분양	19991109	8	644	644	0	위탁관리	개별난방	혼합식	방배2-1지구 재건축 조합	남경종합관리(주)
서울특별시	서초구	방배동	A13785301	방배래미안	아파트	서울특별시 서초구 방배동 2626 방배래미안	서울특별시 서초구 방배선행길 2	분양	20031001	9	303	303	0	위탁관리	개별난방	계단식	삼성물산	우리관리(주)
서울특별시	서초구	방배동	A13785302	방배우성	아파트	서울특별시 서초구 방배동 2525 방배우성	서울특별시 서초구 방배선행길 1	분양	19910506	9	468	468	0	위탁관리	개별난방	혼합식	우성건설	율산개발 유한회사
서울특별시	서초구	서초동	A13785604	서초진흥	아파트	서울특별시 서초구 서초동 1315 서초진흥	서울특별시 서초구 서초대로 385	분양	19790822	7	615	615	0	자치관리	지역난방	혼합식	진흥기업	 
서울특별시	서초구	서초동	A13785607	롯데캐슬클래식	아파트	서울특별시 서초구 서초동 1312-3 롯데캐슬클래식	"서울특별시 서초구 서운로 200,서울특별시 서초구 서운로 197"	분양	20060607	15	990	990	0	위탁관리	지역난방	계단식	롯데건설	우리관리(주)
서울특별시	서초구	서초동	A13785705	서초우성5차아파트	아파트	서울특별시 서초구 서초동 1326-17 서초우성5차아파트	서울특별시 서초구 서초대로74길 30	분양	19980528	2	408	408	0	자치관리	지역난방	복도식	우성건설	 
서울특별시	서초구	서초동	A13786601	서초자이	아파트	서울특별시 서초구 서초동 1444-7 서초자이	서울특별시 서초구 효령로68길 81	분양	20060418	4	184	184	0	위탁관리	지역난방	계단식	GS건설	(주)무림하우징
서울특별시	서초구	서초동	A13786606	서초더샵	주상복합	서울특별시 서초구 서초동 1445-14 서초더샵	서울특별시 서초구 서초중앙로2길 10	분양	20060119	3	329	329	0	위탁관리	지역난방	계단식	포스코 건설	우리관리(주)
서울특별시	서초구	서초동	A13786704	서초한신플러스타운	아파트	서울특별시 서초구 서초동 1454-29 서초한신플러스타운	"서울특별시 서초구 남부순환로323길 38-15,서울특별시 서초구 남부순환로323길 38-16"	분양	20011214	2	194	194	0	위탁관리	개별난방	혼합식	주식회사 한신공영	주식회사 한빛종합관리
서울특별시	서초구	서초동	A13786901	서초1차e편한세상	아파트	서울특별시 서초구 서초동 1487-63 서초1차e편한세상	서울특별시 서초구 명달로6길 31	분양	20040824	2	154	154	0	위탁관리	개별난방	계단식	대림	우리관리
서울특별시	서초구	서초동	A13787102	서초2차e편한세상	아파트	서울특별시 서초구 서초동 1529 서초2차e편한세상	서울특별시 서초구 효령로49길 57	분양	20050224	3	159	159	0	위탁관리	개별난방	계단식	대림산업	대한종합개발(주)
서울특별시	서초구	서초동	A13787105	서초한빛삼성	아파트	서울특별시 서초구 서초동 1509-1 서초한빛삼성	서울특별시 서초구 서초대로40길 72	분양	19991126	2	264	264	0	위탁관리	개별난방	혼합식	삼성중공업	세화종합관리
서울특별시	서초구	서초동	A13788002	"서초현대1,2차"	아파트	"서울특별시 서초구 서초동 1346,서울특별시 서초구 서초동 1436-1 서초현대1,2차"	"서울특별시 서초구 효령로72길 14,서울특별시 서초구 효령로68길 13"	분양	19891218	5	413	413	0	위탁관리	지역난방	혼합식	현대산업개발주식회사	한국주택시설관리(주)
서울특별시	서초구	서초동	A13788003	서초삼성래미안	아파트	서울특별시 서초구 서초동 1641-1 서초삼성래미안	서울특별시 서초구 사임당로17길 116	분양	20010521	3	299	299	0	위탁관리	지역난방	계단식	삼성물산	대원에스테이트서비스(주)
서울특별시	서초구	서초동	A13788201	서초현대4차	아파트	서울특별시 서초구 서초동 1684 서초현대4차	서울특별시 서초구 고무래로 94	분양	20001127	3	160	160	0	위탁관리	지역난방	혼합식	현대산업개발	(주)무림하우징
서울특별시	서초구	서초동	A13788203	유원서초아파트	아파트	서울특별시 서초구 서초동 1687 유원서초아파트	서울특별시 서초구 서초중앙로24길 43	분양	19931125	4	590	590	0	자치관리	지역난방	계단식	유원건설	 
서울특별시	서초구	서초동	A13788206	서초아크로비스타	주상복합	서울특별시 서초구 서초동 1685-3 서초아크로비스타	서울특별시 서초구 서초중앙로 188	분양	20040625	3	757	757	0	위탁관리	지역난방	계단식	대림건설(주)	율산개발 유한회사
서울특별시	서초구	서초동	A13788208	서초래미안	아파트	서울특별시 서초구 서초동 1682 서초래미안	서울특별시 서초구 서초대로65길 13-10	분양	20030510	13	1129	1129	0	위탁관리	지역난방	계단식	삼성물산	우리관리(주)
서울특별시	서초구	양재동	A13789002	양재신영체르니	아파트	서울특별시 서초구 양재동 90 양재신영체르니	서울특별시 서초구 논현로27길 57	분양	20020830	1	175	175	0	위탁관리	개별난방	복도식	(주)한라	(주)타워피엠씨
서울특별시	서초구	양재동	A13789201	양재우성KBS(113동)	아파트	서울특별시 서초구 양재동 160-2 양재우성KBS(113동)	서울특별시 서초구 바우뫼로 91	분양	19961231	1	150	150	0	위탁관리	개별난방	계단식	우성건설	(주)신현대관리
서울특별시	서초구	양재동	A13789203	양재우성	아파트	"서울특별시 서초구 양재동 154-2,서울특별시 서초구 양재동 137-1 양재우성"	서울특별시 서초구 바우뫼로 91	분양	19911129	11	848	848	0	위탁관리	중앙난방	계단식	우성건설	율산개발(주)
서울특별시	서초구	우면동	A13790001	우면한라	아파트	서울특별시 서초구 우면동 67 우면한라	서울특별시 서초구 바우뫼로 33	분양	19940504	7	252	252	0	위탁관리	개별난방	계단식	한라건설주식회사	피에이아름다운관리(주)
서울특별시	서초구	우면동	A13790002	우면코오롱	아파트	서울특별시 서초구 우면동 70 우면코오롱	서울특별시 서초구 바우뫼로 53	분양	19941010	6	300	300	0	위탁관리	개별난방	복도식	코오롱	대원에스테이트서비스(주)
서울특별시	서초구	우면동	A13790003	우면동동고	아파트	서울특별시 서초구 우면동 59 우면동동고	서울특별시 서초구 바우뫼로7길 29	분양	19950325	5	330	330	0	위탁관리	개별난방	계단식	(주)동양고속건설	광인산업(주)
서울특별시	서초구	우면동	A13790004	우면대림	아파트	서울특별시 서초구 우면동 57 우면대림	서울특별시 서초구 바우뫼로7길 51	분양	19950330	6	412	412	0	자치관리	중앙난방	계단식	대림산업주식회사	 
서울특별시	서초구	잠원동	A13790604	잠원동대우아이빌	아파트	서울특별시 서초구 잠원동 42-13 잠원동대우아이빌	서울특별시 서초구 신반포로45길 23	분양	20010730	3	168	168	0	위탁관리	개별난방	복도식	(주)대우	신대한관리
서울특별시	서초구	잠원동	A13790612	잠원훼미리 아파트	아파트	서울특별시 서초구 잠원동 51 잠원훼미리 아파트	서울특별시 서초구 잠원로 202-11	분양	19921125	3	288	288	0	위탁관리	지역난방	계단식	한신공영	광인산업(주)
서울특별시	서초구	잠원동	A13790620	한강	아파트	서울특별시 서초구 잠원동 49-8 한강	서울특별시 서초구 잠원로 213-10	분양	19890617	5	450	450	0	자치관리	지역난방	계단식	한신공영	 
서울특별시	서초구	잠원동	A13790701	잠원한신그린	아파트	서울특별시 서초구 잠원동 65-8 잠원한신그린	서울특별시 서초구 신반포로33길 71	분양	19930121	1	150	150	0	위탁관리	지역난방	계단식	한신공영(주)	서일개발(주)
서울특별시	서초구	잠원동	A13790703	잠원신화	아파트	서울특별시 서초구 잠원동 54-7 잠원신화	서울특별시 서초구 잠원로14길 54	분양	19971001	1	166	166	0	위탁관리	개별난방	혼합식	신화건설	한빛관리
서울특별시	서초구	잠원동	A13790706	잠원한신로얄	아파트	서울특별시 서초구 잠원동 63-34 잠원한신로얄	서울특별시 서초구 신반포로33길 64	분양	19920623	2	208	208	0	위탁관리	지역난방	계단식	(주)한신공영	신한영주택관리(주)
서울특별시	서초구	잠원동	A13790707	잠원현대	아파트	서울특별시 서초구 잠원동 53 잠원현대	서울특별시 서초구 잠원로12길 4	분양	19930423	2	238	238	0	자치관리	지역난방	계단식	현대건설	 
서울특별시	서초구	잠원동	A13790709	신반포한신19차	아파트	서울특별시 서초구 잠원동 61-2 신반포한신19차	서울특별시 서초구 잠원로8길 20	분양	19821231	2	242	242	0	위탁관리	지역난방	복도식	한신공영(주)	서일개발
서울특별시	서초구	잠원동	A13790713	신반포청구	아파트	서울특별시 서초구 잠원동 63-2 신반포청구	서울특별시 서초구 신반포로33길 66	분양	19980124	2	347	347	0	위탁관리	개별난방	계단식	청구건설	(주)무림하우징
서울특별시	서초구	잠원동	A13790714	강변아파트	아파트	서울특별시 서초구 잠원동 53-15 강변아파트	서울특별시 서초구 잠원로 166-17	분양	19870715	4	360	360	0	위탁관리	지역난방	혼합식	한신공영(주)	광인산업(주)
서울특별시	서초구	잠원동	A13790716	"신반포 한신 25,26,27차 아파트"	아파트	"서울특별시 서초구 잠원동 61-1,서울특별시 서초구 잠원동 56-2,서울특별시 서초구 잠원동 62-4 신반포 한신 25,26,27차 아파트"	"서울특별시 서초구 잠원로8길 3,서울특별시 서초구 잠원로 136,서울특별시 서초구 잠원로4길 33-9"	분양	19841108	4	391	391	0	위탁관리	지역난방	혼합식	한신공영	서일개발
서울특별시	서초구	잠원동	A13790717	신반포한신16차	아파트	서울특별시 서초구 잠원동 55-12 신반포한신16차	서울특별시 서초구 잠원로 157	분양	19830107	2	396	396	0	자치관리	중앙난방	복도식	한신공영(주)	 
서울특별시	서초구	잠원동	A13790721	신반포7차	아파트	서울특별시 서초구 잠원동 65-32 신반포7차	서울특별시 서초구 잠원로 88	분양	19800430	3	320	320	0	자치관리	지역난방	혼합식	한신공영(주)	 
서울특별시	서초구	잠원동	A13790722	잠원한신	아파트	서울특별시 서초구 잠원동 56-3 잠원한신	서울특별시 서초구 잠원로 150	분양	19920716	7	540	540	0	자치관리	지역난방	계단식	한신공영	 
서울특별시	서초구	잠원동	A13790726	신반포한신5지구(12차)	아파트	"서울특별시 서초구 잠원동 50-5,서울특별시 서초구 잠원동 52-2,서울특별시 서초구 잠원동 49-17 신반포한신5지구(12차)"	서울특별시 서초구 잠원로14길 41	분양	19811229	3	324	324	0	자치관리	지역난방	혼합식	한신공영	 
서울특별시	서초구	잠원동	A13790828	신반포4차	아파트	서울특별시 서초구 잠원동 70 신반포4차	서울특별시 서초구 잠원로 37-48	분양	19791025	12	1212	1212	0	자치관리	지역난방	혼합식	한신공영	 
서울특별시	서초구	잠원동	A13790902	잠원킴스빌리지	아파트	서울특별시 서초구 잠원동 71-12 잠원킴스빌리지	서울특별시 서초구 잠원로3길 6	분양	19961217	1	160	160	0	위탁관리	개별난방	복도식	시대종합건설(주)	광인산업(주)
서울특별시	서초구	잠원동	A13790910	반포한신타워	아파트	서울특별시 서초구 잠원동 71-11 반포한신타워	서울특별시 서초구 잠원로3길 8	분양	19960805	2	250	250	0	자치관리	지역난방	혼합식	한신공영	 
서울특별시	서초구	잠원동	A13790929	신반포한신2차	아파트	서울특별시 서초구 잠원동 73 신반포한신2차	서울특별시 서초구 신반포로23길 41	분양	19780630	13	1572	1572	0	자치관리	지역난방	혼합식	한신공영(주)	 
서울특별시	서초구	서초동	A13792001	서초삼풍	아파트	서울특별시 서초구 서초동 1685 서초삼풍	서울특별시 서초구 서초중앙로 200	분양	19880720	24	2390	2390	0	자치관리	지역난방	혼합식	삼풍건설	 
서울특별시	서초구	서초동	A13792306	서초트라팰리스1차	주상복합	서울특별시 서초구 서초동 1344-13 서초트라팰리스1차	서울특별시 서초구 효령로72길 57	분양	20051118	3	257	257	0	위탁관리	개별난방	계단식	삼성물산	에이제이대원 주식회사
서울특별시	송파구	풍납동	A13804001	풍납극동	아파트	"서울특별시 송파구 풍납동 400-6,서울특별시 송파구 풍납동 391 풍납극동"	"서울특별시 송파구 올림픽로45길 11,서울특별시 송파구 올림픽로45길 12"	분양	19871215	4	415	415	0	위탁관리	지역난방	혼합식	극동건설	(주)현대개발
서울특별시	송파구	풍납동	A13804002	풍납쌍용	아파트	서울특별시 송파구 풍납동 401-1 풍납쌍용	서울특별시 송파구 올림픽로47길 9	분양	19940727	3	417	417	0	위탁관리	개별난방	계단식	쌍용건설주식회사	광인에스테이트서비스 주식회사
서울특별시	송파구	풍납동	A13804003	풍납시티극동	아파트	서울특별시 송파구 풍납동 509 풍납시티극동	서울특별시 송파구 한가람로 478	분양	19980527	3	442	442	0	위탁관리	개별난방	계단식	극동건설	서림주택관리(주)
서울특별시	송파구	풍납동	A13804004	풍납현대	아파트	서울특별시 송파구 풍납동 413-1 풍납현대	서울특별시 송파구 올림픽로 525	분양	19951114	6	708	708	0	위탁관리	지역난방	계단식	현대건설(주)	한국주택관리(주)
서울특별시	송파구	풍납동	A13804206	풍납한강극동	아파트	서울특별시 송파구 풍납동 508 풍납한강극동	서울특별시 송파구 토성로 38-6	분양	19950731	9	895	895	0	위탁관리	개별난방	혼합식	극동건설	우리관리(주)
서울특별시	송파구	방이동	A13805001	방이대림가락	아파트	서울특별시 송파구 방이동 217 방이대림가락	서울특별시 송파구 양재대로 1109	분양	19850223	6	480	480	0	자치관리	지역난방	계단식	대림건설	 
서울특별시	송파구	방이동	A13805002	올림픽선수기자촌아파트	아파트	서울특별시 송파구 방이동 89 올림픽선수기자촌아파트	서울특별시 송파구 양재대로 1218	분양	19880614	122	5540	5540	0	위탁관리	지역난방	혼합식	한신공영(주) 외	서림주택관리(주)
서울특별시	송파구	방이동	A13805003	신구블레스밸리	아파트	서울특별시 송파구 방이동 197 신구블레스밸리	서울특별시 송파구 위례성대로12길 25	분양	20040520	2	104	104	0	위탁관리	개별난방	계단식	신구	 
서울특별시	송파구	거여동	A13811001	거여6단지	아파트	서울특별시 송파구 거여동 295 거여6단지	서울특별시 송파구 양산로2길 38	임대	19970410	5	660	0	660	위탁관리	지역난방	복도식	삼우종합건설	세화종합관리(주)
서울특별시	송파구	거여동	A13811202	동아효성아파트(거여2단지)	아파트	서울특별시 송파구 거여동 291 동아효성아파트(거여2단지)	서울특별시 송파구 양산로8길 24	분양	19971215	11	478	478	0	위탁관리	지역난방	계단식	"동아,효성"	(주)케이비아주
서울특별시	송파구	거여동	A13811203	거여4단지	아파트	서울특별시 송파구 거여동 293 거여4단지	서울특별시 송파구 양산로4길 8	분양	19970703	6	546	546	0	자치관리	지역난방	복도식	삼익주택(주)	 
서울특별시	송파구	거여동	A13811204	거여3단지	아파트	서울특별시 송파구 거여동 292 거여3단지	서울특별시 송파구 양산로2길 44	임대	20001009	5	598	0	598	위탁관리	지역난방	복도식	자유건설	(주)세안텍스
서울특별시	송파구	거여동	A13811205	거여5단지	아파트	서울특별시 송파구 거여동 294 거여5단지	서울특별시 송파구 양산로4길 16	분양	19970703	6	605	605	0	위탁관리	지역난방	혼합식	라이프주택	(주)율산개발
서울특별시	송파구	거여동	A13811206	거여1단지	아파트	서울특별시 송파구 거여동 290 거여1단지	서울특별시 송파구 양산로8길 8	분양	19971125	6	1004	1004	0	위탁관리	지역난방	복도식	미주실업주식회사	(주)신원티엠씨(TMC)
서울특별시	송파구	마천동	A13812001	마천금호어울림2차	아파트	서울특별시 송파구 마천동 319 마천금호어울림2차	서울특별시 송파구 성내천로 314	분양	20060424	3	173	173	0	위탁관리	개별난방	계단식	금호건설	서일개발(주)
서울특별시	송파구	마천동	A13812002	마천금호	아파트	서울특별시 송파구 마천동 304 마천금호	서울특별시 송파구 마천로57길 16	분양	19980529	1	199	199	0	위탁관리	개별난방+기타	계단식	금호산업	(주)현대개발
서울특별시	송파구	마천동	A13812003	금호어울림1차	아파트	서울특별시 송파구 마천동 575 금호어울림1차	서울특별시 송파구 성내천로 245	분양	20020326	3	215	215	0	위탁관리	개별난방	계단식	금호산업주식회사	서일개발
서울특별시	송파구	마천동	A13812004	마천우방	아파트	서울특별시 송파구 마천동 576 마천우방	서울특별시 송파구 성내천로 211	분양	20021129	4	247	247	0	위탁관리	개별난방	혼합식	(주)우방	세화종합관리(주)
서울특별시	송파구	마천동	A13812005	송파파크데일2단지	아파트	서울특별시 송파구 마천동 607 송파파크데일2단지	서울특별시 송파구 성내천로47길 38	혼합	20110127	13	13	6	7	위탁관리	개별난방	혼합식	(주)신일건업	인덕종합관리(주)
서울특별시	송파구	오금동	A13813002	오금우방	아파트	서울특별시 송파구 오금동 138 오금우방	서울특별시 송파구 성내천로 87	분양	20010312	3	196	196	0	위탁관리	개별난방	혼합식	우방	(주)현대개발
서울특별시	송파구	오금동	A13813003	오금삼성	아파트	서울특별시 송파구 오금동 160 오금삼성	서울특별시 송파구 문정로 197	분양	19890515	2	215	215	0	위탁관리	개별난방	계단식	삼성물산	(주)융성종합관리
서울특별시	송파구	오금동	A13813004	가락상아1차	아파트	서울특별시 송파구 오금동 166 가락상아1차	서울특별시 송파구 오금로 405	분양	19841212	3	226	226	0	위탁관리	지역난방	혼합식	동성건설	서림주택관리(주)
서울특별시	송파구	오금동	A13813005	가락우창	아파트	서울특별시 송파구 오금동 164 가락우창	서울특별시 송파구 동남로24길 6	분양	19851007	4	264	264	0	위탁관리	지역난방	계단식	(주)우창건설	한국주택관리(주)
서울특별시	송파구	오금동	A13813006	오금현대백조	아파트	서울특별시 송파구 오금동 11 오금현대백조	서울특별시 송파구 양재대로72길 15	분양	19970124	2	285	285	0	위탁관리	중앙난방	혼합식	현대건설	아주관리
서울특별시	송파구	오금동	A13813008	오금대림	아파트	"서울특별시 송파구 오금동 19,서울특별시 송파구 오금동 2 오금대림"	"서울특별시 송파구 위례성대로 176,서울특별시 송파구 마천로7길 4"	분양	19881210	7	749	749	0	위탁관리	지역난방	계단식	대림산업(주)	인덕종합관리(주)
서울특별시	송파구	오금동	A13813010	오금현대아파트	아파트	서울특별시 송파구 오금동 43 오금현대아파트	서울특별시 송파구 오금로35길 17	분양	19841226	21	1316	1316	0	위탁관리	지역난방	계단식	현대산업개발(주)	서림주택관리(주)
서울특별시	송파구	가락동	A13816002	가락동부센트레빌	아파트	서울특별시 송파구 가락동 95 가락동부센트레빌	서울특별시 송파구 송파대로32길 33	분양	20011126	5	264	264	0	위탁관리	지역난방	계단식	동부건설	세화종합관리(주)
서울특별시	송파구	가락동	A13816005	송파롯데캐슬파인힐	주상복합	서울특별시 송파구 가락동 79 송파롯데캐슬파인힐	서울특별시 송파구 중대로 121	분양	20031220	1	102	102	0	위탁관리	지역난방	계단식	롯데건설	 
서울특별시	송파구	가락동	A13816101	송파동부센트레빌	아파트	서울특별시 송파구 가락동 478 송파동부센트레빌	서울특별시 송파구 송파대로37길 29	분양	20041215	4	206	206	0	위탁관리	개별난방	계단식	동부건설	우리관리(주)
서울특별시	송파구	가락동	A13816202	가락극동	아파트	서울특별시 송파구 가락동 192 가락극동	서울특별시 송파구 동남로18길 9	분양	19841210	7	555	555	0	위탁관리	중앙난방	혼합식	극동건설(주)	(주)대한주택개발
서울특별시	송파구	송파동	A13817001	래미안송파파인탑	아파트	서울특별시 송파구 송파동 243 래미안송파파인탑	서울특별시 송파구 오금로32길 31	혼합	20120106	9	794	769	25	위탁관리(직영+위탁)	지역난방	계단식	삼성물산	(주)율산개발
서울특별시	송파구	송파동	A13817101	송파호수임광	아파트	서울특별시 송파구 송파동 33 송파호수임광	"서울특별시 송파구 송파대로48길 29,서울특별시 송파구 송파대로48길 34"	분양	19951017	2	227	227	0	위탁관리	개별난방	혼합식	남광토건	SHY&TM(주)
서울특별시	송파구	석촌동	A13819001	잠실한솔	아파트	서울특별시 송파구 석촌동 285 잠실한솔	서울특별시 송파구 백제고분로 348	분양	20001010	7	393	393	0	위탁관리	개별난방	계단식	한솔건설	아산종합관리(주)
서울특별시	송파구	문정동	A13820001	문정3차푸르지오	아파트	서울특별시 송파구 문정동 117 문정3차푸르지오	서울특별시 송파구 송이로 257	분양	20020813	2	150	150	0	위탁관리	개별난방	계단식	(주)대우건설	(주)신대한관리
서울특별시	송파구	문정동	A13820002	문정세양청마루	아파트	서울특별시 송파구 문정동 146 문정세양청마루	서울특별시 송파구 송이로31길 66	분양	20040501	2	157	157	0	위탁관리	개별난방	계단식	세양건설	(주)현대개발
서울특별시	송파구	문정동	A13820004	가락1차현대아파트	아파트	서울특별시 송파구 문정동 3 가락1차현대아파트	서울특별시 송파구 동남로 160	분양	19841114	8	514	514	0	위탁관리	지역난방	계단식	현대산업개발	율산개발(주)
서울특별시	송파구	문정동	A13820005	문정건영	아파트	"서울특별시 송파구 문정동 72-3,서울특별시 송파구 문정동 72-3 문정건영"	서울특별시 송파구 새말로8길 12	분양	19961010	5	545	545	0	위탁관리	지역난방	계단식	건영	인덕종합관리(주)
서울특별시	송파구	문정동	A13820006	문정래미안	아파트	서울특별시 송파구 문정동 1 문정래미안	서울특별시 송파구 문정로 83	분양	20040930	31	1696	1696	0	위탁관리	지역난방	계단식	삼성물산	에이제이대원 주식회사
서울특별시	송파구	문정동	A13820007	문정시영	아파트	서울특별시 송파구 문정동 145 문정시영	서울특별시 송파구 송이로31길 56	분양	19890330	10	1316	1316	0	위탁관리	지역난방	복도식	"태영건설, 현대산업개발"	서림주택관리(주)
서울특별시	송파구	문정동	A13820201	올림픽훼밀리타운	아파트	서울특별시 송파구 문정동 150 올림픽훼밀리타운	서울특별시 송파구 중대로 24	분양	19881221	56	4494	4494	0	위탁관리	지역난방	계단식	"대우,럭키개발,롯데건설,선경건설,태평양건설"	율산개발 유한회사
서울특별시	송파구	장지동	A13821001	송파파인타운4단지	아파트	서울특별시 송파구 장지동 837 송파파인타운4단지	서울특별시 송파구 새말로12길 16	혼합	20080403	4	181	106	75	위탁관리	개별난방	계단식	신한종합건설(주)	광인에스테이트서비스 주식회사
서울특별시	송파구	장지동	A13821002	송파파인타운11단지	아파트	서울특별시 송파구 장지동 854 송파파인타운11단지	서울특별시 송파구 송파대로8길 58	혼합	20070731	9	333	209	124	위탁관리	개별난방	혼합식	(주)일성건설	광인산업(주)
서울특별시	송파구	장지동	A13821003	송파파인타운5단지	아파트	서울특별시 송파구 장지동 845 송파파인타운5단지	서울특별시 송파구 충민로4길 5	혼합	20080822	6	455	230	225	위탁관리	개별난방	혼합식	(주)진흥기업	율산개발 유한회사
서울특별시	송파구	장지동	A13821004	송파파인타운7단지	아파트	서울특별시 송파구 장지동 844 송파파인타운7단지	서울특별시 송파구 충민로4길 19	혼합	20071224	6	537	237	300	위탁관리	개별난방	혼합식	극동건설	서림주택관리주식회사
서울특별시	송파구	장지동	A13821005	송파파인타운10단지	아파트	서울특별시 송파구 장지동 856 송파파인타운10단지	서울특별시 송파구 송파대로8길 20	혼합	20070820	9	545	189	356	위탁관리	개별난방	혼합식	중앙건설	광인산업(주)
서울특별시	송파구	장지동	A13821006	송파파인타운8단지	아파트	서울특별시 송파구 장지동 842 송파파인타운8단지	서울특별시 송파구 충민로4길 6	혼합	20081020	5	700	158	542	위탁관리	개별난방	혼합식	(주)신창건설	우리관리(주)
서울특별시	송파구	장지동	A13821007	송파파인타운9단지	아파트	서울특별시 송파구 장지동 843 송파파인타운9단지	서울특별시 송파구 송파대로8길 17	혼합	20071224	7	796	160	636	위탁관리	개별난방	혼합식	신일산업	(주)무림개발
서울특별시	송파구	잠실동	A13822001	잠실레이크팰리스	아파트	서울특별시 송파구 잠실동 44 잠실레이크팰리스	서울특별시 송파구 잠실로 88	분양	20061228	35	2678	2678	0	위탁관리	지역난방	계단식	"삼성, gs"	율산개발 유한회사
서울특별시	송파구	잠실동	A13822002	잠실동트리지움	아파트	서울특별시 송파구 잠실동 35 잠실동트리지움	서울특별시 송파구 잠실로 62	분양	20070824	46	3696	3696	0	위탁관리	지역난방	계단식	"GS건설,현대건설,현대산업개발"	율산개발 유한회사
서울특별시	송파구	잠실동	A13822003	잠실리센츠	아파트	서울특별시 송파구 잠실동 22 잠실리센츠	서울특별시 송파구 올림픽로 135	분양	20080731	65	5563	5563	0	위탁관리	지역난방	혼합식	"우방,삼성,대우,대림"	(주)아주관리
서울특별시	송파구	잠실동	A13822004	잠실엘스아파트	아파트	서울특별시 송파구 잠실동 19 잠실엘스아파트	서울특별시 송파구 올림픽로 99	분양	20080930	72	5678	5678	0	위탁관리	지역난방	계단식	"대림,삼성,현대,현산"	율산개발 유한회사
서울특별시	송파구	잠실동	A13822301	갤러리아팰리스	주상복합	서울특별시 송파구 잠실동 40 갤러리아팰리스	서울특별시 송파구 올림픽로 212	분양	20050111	3	741	741	0	위탁관리	지역난방	혼합식	"삼성물산,한화건설"	(주)타워피엠씨
서울특별시	송파구	잠실동	A13822701	잠실아시아선수촌	아파트	서울특별시 송파구 잠실동 86 잠실아시아선수촌	서울특별시 송파구 올림픽로4길 15	분양	19860614	18	1356	1356	0	위탁관리	지역난방	계단식	"신성, 우성건설"	우리관리(주)
서울특별시	송파구	잠실동	A13822702	"잠실우성1,2,3차"	아파트	"서울특별시 송파구 잠실동 101-1,서울특별시 송파구 잠실동 101-2 잠실우성1,2,3차"	서울특별시 송파구 올림픽로4길 42	분양	19811208	26	1842	1842	0	위탁관리	지역난방	혼합식	우성	국제경보산업(주)
서울특별시	송파구	잠실동	A13822902	잠실우성4차	아파트	서울특별시 송파구 잠실동 320 잠실우성4차	서울특별시 송파구 백제고분로18길 30	분양	19830831	7	170	170	0	위탁관리	지역난방	혼합식	우성건설	에이제이대원 주식회사
서울특별시	송파구	신천동	A13824001	포스코더샵스타리버	주상복합	서울특별시 송파구 신천동 11-8 포스코더샵스타리버	서울특별시 송파구 올림픽로35길 93	분양	20060929	2	189	189	0	자치관리	개별난방	계단식	포스코	 
서울특별시	송파구	신천동	A13824002	잠실더샵스타파크	아파트	서울특별시 송파구 신천동 7-14 잠실더샵스타파크	서울특별시 송파구 올림픽로35가길 10	분양	20080912	3	213	213	0	자치관리	개별난방	계단식	포스코건설	 
서울특별시	송파구	신천동	A13824003	한신코아	주상복합	서울특별시 송파구 신천동 11-9 한신코아	서울특별시 송파구 올림픽로35가길 11	분양	19881230	1	493	493	0	위탁관리	중앙난방	복도식	한신공영	한국주택시설관리(주)
서울특별시	송파구	신천동	A13824005	신천장미1차2차	아파트	"서울특별시 송파구 신천동 11,서울특별시 송파구 신천동 7 신천장미1차2차"	서울특별시 송파구 올림픽로35길 104	분양	19790124	31	3402	3402	0	자치관리	지역난방	혼합식	라이프주택개발	 
서울특별시	송파구	신천동	A13824006	잠실파크리오	아파트	서울특별시 송파구 신천동 17 잠실파크리오	서울특별시 송파구 올림픽로 435	분양	20080829	66	6864	6864	0	자치관리	지역난방	계단식	6개 시공사	 
서울특별시	송파구	신천동	A13872502	롯데캐슬골드	주상복합	서울특별시 송파구 신천동 7-18 롯데캐슬골드	서울특별시 송파구 올림픽로 269	분양	20051122	2	400	400	0	위탁관리	중앙난방	복도식	롯데건설	(주)타워피엠씨
서울특별시	송파구	신천동	A13872503	잠실푸르지오월드마크	주상복합	서울특별시 송파구 신천동 11-4 잠실푸르지오월드마크	서울특별시 송파구 올림픽로35가길 9	분양	20130619	2	288	288	0	자치관리	지역난방	기타	주)대우건설	자치관리
서울특별시	송파구	신천동	A13872504	장미3차	아파트	서울특별시 송파구 신천동 11 장미3차	서울특별시 송파구 올림픽로35길 94	분양	19840817	2	120	120	0	자치관리	개별난방	계단식	라이프 주택개발	 
서울특별시	송파구	오금동	A13873701	오금현대백조(임대)	아파트	서울특별시 송파구 오금동 11 오금현대백조(임대)	서울특별시 송파구 양재대로72길 20	임대	19970124	1	153	0	153	위탁관리	개별난방	복도식	현대건설	(주)두온종합관리
서울특별시	송파구	장지동	A13876108	송파파인타운6단지	아파트	서울특별시 송파구 장지동 847 송파파인타운6단지	서울특별시 송파구 충민로6길 14	혼합	20080825	7	564	311	253	위탁관리	개별난방	혼합식	경남기업	세화종합관리(주)
서울특별시	송파구	장지동	A13876109	송파파인타운2단지	아파트	서울특별시 송파구 장지동 835 송파파인타운2단지	서울특별시 송파구 충민로 151	혼합	20080925	9	374	111	263	위탁관리	개별난방	혼합식	울트라건설(주)	(주)동우개발
서울특별시	송파구	장지동	A13876110	송파파인타운3단지	아파트	서울특별시 송파구 장지동 849 송파파인타운3단지	서울특별시 송파구 충민로 152	분양	20080718	10	625	625	0	위탁관리	개별난방	계단식	sh공사	(주)동우개발
서울특별시	송파구	장지동	A13876111	송파파인타운1단지	아파트	서울특별시 송파구 장지동 833 송파파인타운1단지	서울특별시 송파구 충민로 188	혼합	20100119	7	221	175	46	위탁관리	개별난방	계단식	삼중종합건설(주)	율산개발(주)
서울특별시	송파구	장지동	A13876112	송파파인타운13단지	아파트	서울특별시 송파구 장지동 857 송파파인타운13단지	서울특별시 송파구 송파대로8길 10	분양	20110127	4	197	197	0	위탁관리	개별난방	계단식	양우건설(주)	광인산업(주)
서울특별시	송파구	장지동	A13876113	송파더센트레아파트	아파트	서울특별시 송파구 장지동 879 송파더센트레아파트	서울특별시 송파구 위례광장로 163	분양	20131101	12	1139	1139	0	위탁관리	지역난방	계단식	(주)한라	율산개발 유한회사
서울특별시	송파구	장지동	A13876114	송파꿈에그린아파트	아파트	서울특별시 송파구 장지동 901 송파꿈에그린아파트	서울특별시 송파구 위례광장로 121	분양	20131108	22	1810	1810	0	위탁관리	지역난방	계단식	한화건설	(주)케이비아주
서울특별시	송파구	송파동	A13877501	송파삼성래미안	아파트	서울특별시 송파구 송파동 162 송파삼성래미안	서울특별시 송파구 오금로32길 14	분양	20011221	13	845	845	0	위탁관리	지역난방	계단식	삼성물산	우리관리(주)
서울특별시	송파구	잠실동	A13879102	잠실5단지아파트	아파트	서울특별시 송파구 잠실동 27 잠실5단지아파트	서울특별시 송파구 송파대로 567	분양	19780415	30	3960	3960	0	자치관리	지역난방	복도식	LH공사	 
서울특별시	송파구	가락동	A13880105	가락2차쌍용아파트	아파트	서울특별시 송파구 가락동 21-6 가락2차쌍용아파트	서울특별시 송파구 송이로15길 31	분양	19991027	5	492	492	0	위탁관리	개별난방	계단식	쌍용건설	율산개발 유한회사
서울특별시	송파구	가락동	A13880201	가락현대6차	아파트	서울특별시 송파구 가락동 55 가락현대6차	서울특별시 송파구 송이로19길 8	분양	19911214	2	160	160	0	위탁관리	개별난방	계단식	현대건설	서일개발
서울특별시	송파구	가락동	A13880204	가락대림아파트	아파트	서울특별시 송파구 가락동 70-19 가락대림아파트	서울특별시 송파구 송이로 88	분양	19881118	4	443	443	0	위탁관리	지역난방	혼합식	1	유원종합관리(주)
서울특별시	송파구	가락동	A13880406	가락우성1차	아파트	서울특별시 송파구 가락동 96-1 가락우성1차	서울특별시 송파구 송파대로32길 8	분양	19861206	7	838	838	0	위탁관리	지역난방	혼합식	(주)우성건설	서일개발
서울특별시	송파구	가락동	A13880407	가락금호	아파트	서울특별시 송파구 가락동 95-1 가락금호	서울특별시 송파구 송파대로32길 15	분양	19970811	8	915	915	0	위탁관리	지역난방	혼합식	금호건설	서림주택관리(주)
서울특별시	송파구	가락동	A13880602	가락우성2차아파트	아파트	서울특별시 송파구 가락동 120-4 가락우성2차아파트	서울특별시 송파구 중대로12길 35	분양	20000614	2	162	162	0	위탁관리	개별난방	혼합식	우성건설	계룡관리
서울특별시	송파구	가락동	A13880603	가락한신	아파트	서울특별시 송파구 가락동 102 가락한신	서울특별시 송파구 송파대로 220	분양	19930429	2	256	256	0	위탁관리	중앙난방	계단식	한신공영	(주)무림하우징
서울특별시	송파구	가락동	A13880701	가락미륭아파트	아파트	서울특별시 송파구 가락동 138 가락미륭아파트	서울특별시 송파구 동남로11길 4	분양	19861107	4	435	435	0	위탁관리	지역난방	혼합식	동부건설	(주)무림하우징
서울특별시	송파구	가락동	A13880806	가락쌍용1차	아파트	서울특별시 송파구 가락동 140 가락쌍용1차	서울특별시 송파구 동남로 193	분양	19970320	14	2064	2064	0	위탁관리	중앙난방	계단식	쌍용건설 주식회사	한국주택시설관리(주)
서울특별시	송파구	가락동	A13881005	가락래미안파크팰리스	아파트	서울특별시 송파구 가락동 165 가락래미안파크팰리스	서울특별시 송파구 동남로 225	분양	20071115	14	919	919	0	위탁관리	지역난방	혼합식	삼성물산	우리관리(주)
서울특별시	송파구	가락동	A13881103	삼환가락	아파트	서울특별시 송파구 가락동 176 삼환가락	서울특별시 송파구 오금로 432	분양	19841128	9	648	648	0	위탁관리	지역난방	혼합식	(주)삼환까뮤	(주)무림하우징
서울특별시	송파구	가락동	A13881204	가락프라자	아파트	서울특별시 송파구 가락동 199 가락프라자	서울특별시 송파구 문정로 125	분양	19850731	11	673	673	0	위탁관리	지역난방	계단식	태평양건설	서림주택관리(주)
서울특별시	송파구	거여동	A13881302	거여현대3차	아파트	서울특별시 송파구 거여동 46 거여현대3차	서울특별시 송파구 거마로 41	분양	19930719	3	303	303	0	위탁관리	개별난방	계단식	현대건설	대한종합관리(주)
서울특별시	송파구	거여동	A13881401	거여현대2차	아파트	서울특별시 송파구 거여동 44 거여현대2차	서울특별시 송파구 오금로61길 20	분양	19920420	3	280	280	0	위탁관리	개별난방	계단식	현대건설	신한영주택관리(주)
서울특별시	송파구	거여동	A13881601	거여우방	아파트	서울특별시 송파구 거여동 356 거여우방	서울특별시 송파구 오금로56길 16	분양	19990909	3	257	257	0	위탁관리	개별난방	혼합식	(주)우방	서림주택관리(주)
서울특별시	송파구	거여동	A13881603	거여현대1차	아파트	서울특별시 송파구 거여동 362 거여현대1차	서울특별시 송파구 오금로54길 10	분양	19920326	5	497	497	0	위탁관리	지역난방	계단식	남산직장조합	(주)신현대관리
서울특별시	송파구	마천동	A13881701	송파파크데일1단지	아파트	서울특별시 송파구 마천동 582 송파파크데일1단지	서울특별시 송파구 성내천로37길 37	혼합	20110127	15	812	285	527	위탁관리	개별난방	혼합식	우방건설	서일개발(주)
서울특별시	송파구	문정동	A13882401	문정푸르지오2차	아파트	서울특별시 송파구 문정동 19 문정푸르지오2차	서울특별시 송파구 송이로32길 37	분양	20010523	2	165	165	0	위탁관리	개별난방	혼합식	(주)대우	(주)무림하우징
서울특별시	송파구	문정동	A13882402	문정푸르지오1차	아파트	서울특별시 송파구 문정동 18 문정푸르지오1차	서울특별시 송파구 문정로 55	분양	19991020	4	233	233	0	위탁관리	개별난방	계단식	대우	(주)무림하우징
서울특별시	송파구	방이동	A13883601	잠실한양3차	아파트	서울특별시 송파구 방이동 225 잠실한양3차	서울특별시 송파구 양재대로 1089	분양	19850221	3	252	252	0	위탁관리(직영+위탁)	중앙난방	계단식	(주)한양	(주)한얼관리
서울특별시	송파구	방이동	A13883602	방이코오롱	아파트	"서울특별시 송파구 방이동 212-8,서울특별시 송파구 방이동 215 방이코오롱"	"서울특별시 송파구 오금로31길 27,서울특별시 송파구 오금로31길 28"	분양	19911018	6	758	758	0	위탁관리	지역난방	계단식	코오롱건설	서림주택관리(주)
서울특별시	송파구	송파동	A13885102	한양아파트	아파트	서울특별시 송파구 송파동 119 한양아파트	서울특별시 송파구 가락로 187	분양	19831221	6	576	576	0	위탁관리	지역난방	혼합식	(주)한양건설	대원에스테이트서비스(주)
서울특별시	송파구	송파동	A13885301	송파현대1차	아파트	서울특별시 송파구 송파동 163-14 송파현대1차	서울특별시 송파구 오금로32길 42	분양	19970516	2	243	243	0	자치관리	개별난방	혼합식	현대건설(주)	 
서울특별시	송파구	송파동	A13885303	송파미성	아파트	서울특별시 송파구 송파동 161 송파미성	서울특별시 송파구 오금로32길 10	분양	19850112	5	378	378	0	자치관리	지역난방	혼합식	라이프(주)	 
서울특별시	송파구	송파동	A13885304	송파한양2차	아파트	서울특별시 송파구 송파동 151 송파한양2차	서울특별시 송파구 가락로 192	분양	19841023	10	744	744	0	위탁관리	지역난방	계단식	(주)한양	광인산업(주)
서울특별시	송파구	송파동	A13885306	가락삼익맨숀	아파트	서울특별시 송파구 송파동 166 가락삼익맨숀	서울특별시 송파구 오금로32길 5	분양	19841220	14	936	936	0	위탁관리	지역난방	계단식	주식회사 삼익주택	(주)신원티엠씨(TMC)
서울특별시	송파구	오금동	A13886009	상아2차아파트	아파트	서울특별시 송파구 오금동 165 상아2차아파트	서울특별시 송파구 오금로 407	분양	19881102	6	750	750	0	위탁관리	지역난방	혼합식	동성개발	우리관리(주)
서울특별시	송파구	잠실동	A13886701	잠실현대	아파트	서울특별시 송파구 잠실동 331 잠실현대	서울특별시 송파구 백제고분로18길 7	분양	19900817	3	336	336	0	위탁관리	지역난방	계단식	현대	유한회사 현대관리시스템
서울특별시	송파구	풍납동	A13887301	풍납신성노바빌	아파트	서울특별시 송파구 풍납동 510 풍납신성노바빌	서울특별시 송파구 한가람로 468	분양	20000930	2	236	236	0	자치관리	지역난방	혼합식	신성	 
서울특별시	송파구	풍납동	A13887302	풍납동아한가람	아파트	서울특별시 송파구 풍납동 506 풍납동아한가람	서울특별시 송파구 한가람로 448	분양	19950613	7	782	782	0	위탁관리	개별난방	계단식	동아건설	서림주택관리(주)
서울특별시	송파구	풍납동	A13887403	현대리버빌2차아파트	아파트	서울특별시 송파구 풍납동 261 현대리버빌2차아파트	서울특별시 송파구 풍성로24길 42	분양	19991130	4	384	384	0	위탁관리	지역난방	혼합식	현대건설	세화종합관리(주)
서울특별시	송파구	풍납동	A13887405	풍납 현대리버빌1차	아파트	서울특별시 송파구 풍납동 260 풍납 현대리버빌1차	서울특별시 송파구 토성로 37	분양	19991115	7	557	557	0	위탁관리	지역난방	혼합식	현대건설(주)	세화종합관리(주)
서울특별시	송파구	풍납동	A13887702	풍납미성	아파트	서울특별시 송파구 풍납동 219 풍납미성	서울특별시 송파구 풍성로 14	분양	19850617	4	275	275	0	위탁관리	지역난방	혼합식	라이프주택	한국주택시설관리
서울특별시	송파구	풍납동	A13887901	송파현대힐스테이트	아파트	서울특별시 송파구 풍납동 511 송파현대힐스테이트	서울특별시 송파구 풍성로26길 31	분양	20060224	2	166	166	0	위탁관리	개별난방	계단식	현대건설(주)	한국안전산업(주)
서울특별시	송파구	가락동	A13895501	송파성원상떼빌	주상복합	서울특별시 송파구 가락동 80 송파성원상떼빌	서울특별시 송파구 송파대로28길 27	분양	20060609	2	324	324	0	위탁관리	개별난방	계단식	(주)성원아이컴	주식회사 한빛종합관리
서울특별시	송파구	가락동	A13895502	가락3차쌍용스윗닷홈(1~4동)	아파트	"서울특별시 송파구 가락동 53,서울특별시 송파구 가락동 54,서울특별시 송파구 가락동 52 가락3차쌍용스윗닷홈(1~4동)"	"서울특별시 송파구 송이로19길 15,서울특별시 송파구 송이로21길 23,서울특별시 송파구 송이로19길 12-3"	분양	20050228	4	206	206	0	위탁관리	개별난방	계단식	쌍용건설	대한종합관리(주)
서울특별시	송파구	가락동	A13895503	한화오벨리스크	주상복합	서울특별시 송파구 가락동 78-1 한화오벨리스크	서울특별시 송파구 중대로 127	분양	20041130	1	160	160	0	위탁관리(직영+위탁)	개별난방	복도식	한화건설	한국관리서비스
서울특별시	노원구	월계동	A13905003	월계풍림아이원	아파트	서울특별시 노원구 월계동 944 월계풍림아이원	서울특별시 노원구 화랑로47길 38	분양	20051216	8	484	484	0	위탁관리	개별난방	계단식	풍림건설(주)	율산개발 유한회사
서울특별시	노원구	월계동	A13905101	월계한일1차	아파트	서울특별시 노원구 월계동 926 월계한일1차	서울특별시 노원구 석계로15길 25	분양	19991209	1	190	190	0	위탁관리	개별난방	혼합식	한일건설(주)	태영건물종합관리 주식회사
서울특별시	노원구	월계동	A13905102	월계대동	아파트	서울특별시 노원구 월계동 925 월계대동	서울특별시 노원구 광운로 46	분양	19970930	3	258	258	0	위탁관리	개별난방	혼합식	(주)대동	대원종합관리(주)
서울특별시	노원구	월계동	A13905105	월계동현대	아파트	서울특별시 노원구 월계동 929 월계동현대	서울특별시 노원구 석계로 49	분양	20001125	11	1281	1281	0	위탁관리	개별난방	혼합식	현대산업개발	세화종합관리(주)
서울특별시	노원구	월계동	A13905202	월계흥화브라운빌	아파트	서울특별시 노원구 월계동 939 월계흥화브라운빌	서울특별시 노원구 우이천로2나길 14	분양	20040924	4	233	233	0	위탁관리	개별난방	계단식	흥화공업	태영건물종합관리 주식회사
서울특별시	노원구	월계동	A13905204	월계6-1초안	아파트	서울특별시 노원구 월계동 923 월계6-1초안	서울특별시 노원구 덕릉로60길 185	분양	19980430	3	410	410	0	위탁관리	중앙난방	복도식	서울도시개발공사	태영건물종합관리 주식회사
서울특별시	노원구	월계동	A13905208	월계6-2초안	아파트	서울특별시 노원구 월계동 924 월계6-2초안	서울특별시 노원구 우이천로 102	분양	19971120	4	571	571	0	위탁관리	중앙난방	복도식	도시개발공사	(주)서일개발
서울특별시	노원구	월계동	A13905301	월계서광	아파트	서울특별시 노원구 월계동 922 월계서광	서울특별시 노원구 마들로1길 44	분양	19941021	4	274	274	0	위탁관리	개별난방	혼합식	서광산업주식회사	우리관리(주)
서울특별시	노원구	월계동	A13905302	성원(사슴4)	아파트	서울특별시 노원구 월계동 322-1 성원(사슴4)	서울특별시 노원구 마들로3길 37	분양	19950612	6	713	713	0	위탁관리	지역난방	복도식	(주)성원건설	인덕종합관리(주)
서울특별시	노원구	상계동	A13920001	상계우방	아파트	서울특별시 노원구 상계동 1295 상계우방	서울특별시 노원구 동일로230가길 15	분양	20000630	3	274	274	0	위탁관리	개별난방	계단식	주)우방	율산개발(주)
서울특별시	노원구	상계동	A13920102	상계수락현대	아파트	서울특별시 노원구 상계동 1272 상계수락현대	서울특별시 노원구 동일로242길 95	분양	19950928	2	216	216	0	자치관리	개별난방	계단식	현대건설	 
서울특별시	노원구	상계동	A13920104	우림루미아트1.2단지	아파트	"서울특별시 노원구 상계동 1306,서울특별시 노원구 상계동 1307 우림루미아트1.2단지"	"서울특별시 노원구 동일로230가길 71,서울특별시 노원구 동일로238길 33"	분양	20041117	3	275	275	0	위탁관리	개별난방	계단식	우림건설	대한종합개발(주)
서울특별시	노원구	상계동	A13920105	상계수락한신	아파트	서울특별시 노원구 상계동 1277 상계수락한신	서울특별시 노원구 동일로242길 80	분양	19970417	2	290	290	0	위탁관리	개별난방	혼합식	한신공영	(주)덕우
서울특별시	노원구	상계동	A13920106	상계극동늘푸른	아파트	서울특별시 노원구 상계동 1128 상계극동늘푸른	서울특별시 노원구 동일로246길 39	분양	20000422	4	299	299	0	위탁관리	개별난방	혼합식	극동건설	(주)동우개발
서울특별시	노원구	상계동	A13920202	상계코오롱	아파트	서울특별시 노원구 상계동 1281 상계코오롱	서울특별시 노원구 노원로26가길 25	분양	19971229	3	215	215	0	위탁관리	개별난방	혼합식	코오롱	인동종합관리 주식회사
서울특별시	노원구	상계동	A13920205	상계한일유엔아이	아파트	서울특별시 노원구 상계동 1309 상계한일유엔아이	서울특별시 노원구 노원로28길 62	분양	20050203	5	305	305	0	위탁관리	개별난방	계단식	한일건설(주)	우진관리
서울특별시	노원구	상계동	A13920207	상계1차중앙하이츠	아파트	서울특별시 노원구 상계동 1279 상계1차중앙하이츠	서울특별시 노원구 노원로28길 15	분양	19971016	2	437	437	0	위탁관리	개별난방	혼합식	(주)중앙건설	세화종합관리(주)
서울특별시	노원구	상계동	A13920209	상계중앙하이츠2차	아파트	서울특별시 노원구 상계동 1282 상계중앙하이츠2차	서울특별시 노원구 노원로 428	분양	19980905	9	795	795	0	위탁관리	개별난방	혼합식	중앙건설	우진관리주식회사
서울특별시	노원구	상계동	A13920501	상계금호타운	아파트	서울특별시 노원구 상계동 1270 상계금호타운	서울특별시 노원구 한글비석로46나길 10	분양	19950519	2	230	230	0	위탁관리	개별난방	계단식	금호건설	(주)아주관리
서울특별시	노원구	상계동	A13920506	상계벽산	아파트	서울특별시 노원구 상계동 173-1 상계벽산	서울특별시 노원구 한글비석로 396	분양	19890513	9	1590	1590	0	위탁관리	중앙난방	혼합식	(주)벽산건설	남경종합관리(주)
서울특별시	노원구	상계동	A13920703	상계주공5단지	아파트	서울특별시 노원구 상계동 721 상계주공5단지	서울특별시 노원구 동일로216길 47	분양	19871117	19	840	840	0	자치관리	개별난방	계단식	대한주택공사	 
서울특별시	노원구	상계동	A13920706	상계주공4단지	아파트	"서울특별시 노원구 상계동 749-5,서울특별시 노원구 상계동 751-1 상계주공4단지"	"서울특별시 노원구 동일로 1362,서울특별시 노원구 동일로214길 21"	분양	19880513	17	2136	2136	0	위탁관리	지역난방	복도식	대한주택공사	율산개발 유한회사
서울특별시	노원구	상계동	A13920707	상계주공6단지	아파트	"서울특별시 노원구 상계동 728-3,서울특별시 노원구 상계동 720 상계주공6단지"	"서울특별시 노원구 노해로 508,서울특별시 노원구 동일로 1390"	분양	19880513	28	2646	2646	0	위탁관리	지역난방	복도식	대한주택공사	대원에스테이트서비스(주)
서울특별시	노원구	상계동	A13920802	상계주공15단지	아파트	서울특별시 노원구 상계동 624 상계주공15단지	서울특별시 노원구 동일로227길 26	임대	19880727	12	2100	0	2100	위탁관리	지역난방	복도식	sh공사	(주)한결에이엠
서울특별시	노원구	상계동	A13920803	상계주공16단지	아파트	서울특별시 노원구 상계동 624 상계주공16단지	서울특별시 노원구 동일로227길 86	분양	19880923	18	2392	2392	0	위탁관리	지역난방	복도식	주택공사	서림주택관리(주)
서울특별시	노원구	상계동	A13920804	상계주공10단지	아파트	서울특별시 노원구 상계동 666 상계주공10단지	서울특별시 노원구 노원로 564	분양	19880907	27	2654	2654	0	위탁관리	지역난방	혼합식	대한주택공사	주식회사 네오피엠
서울특별시	노원구	상계동	A13921005	상계주공9단지	아파트	서울특별시 노원구 상계동 670 상계주공9단지	서울특별시 노원구 노원로 532	분양	19881024	23	2830	2830	0	위탁관리	지역난방	복도식	대힌주택공사	서림주택(주)
서울특별시	노원구	중계동	A13922001	중계청암3단지	아파트	서울특별시 노원구 중계동 582 중계청암3단지	서울특별시 노원구 덕릉로86길 70	분양	20030915	5	180	180	0	위탁관리	개별난방	혼합식	요진건설	유원종합관리(주)
서울특별시	노원구	중계동	A13922002	중계진로유통조합아파트(중계진로대림아파트)	아파트	서울특별시 노원구 중계동 78 중계진로유통조합아파트(중계진로대림아파트)	서울특별시 노원구 중계로14가길 5	분양	19920612	1	192	192	0	위탁관리	개별난방	혼합식	대림건설	대승종합관리(주)
서울특별시	노원구	중계동	A13922003	중계한화꿈에그린더퍼스트	아파트	서울특별시 노원구 중계동 156-29 중계한화꿈에그린더퍼스트	서울특별시 노원구 덕릉로83길 9-7	혼합	20140828	4	283	249	34	위탁관리	개별난방	계단식	한화건설(주)	우리관리(주)
서울특별시	노원구	중계동	A13922102	중계신안	아파트	서울특별시 노원구 중계동 590 중계신안	서울특별시 노원구 덕릉로 595	분양	19990615	2	250	250	0	자치관리	개별난방	혼합식	신안건설	 
서울특별시	노원구	중계동	A13922103	중계3벽산	아파트	서울특별시 노원구 중계동 592 중계3벽산	서울특별시 노원구 덕릉로77길 5	분양	19990921	3	259	259	0	위탁관리	개별난방	혼합식	벽산건설	(주)동우개발
서울특별시	노원구	중계동	A13922105	중계양지대림2-2임대	아파트	서울특별시 노원구 중계동 588-1 중계양지대림2-2임대	서울특별시 노원구 덕릉로77길 27	임대	19990318	1	331	0	331	위탁관리	지역난방	복도식	대림건설	(주)경진관리
서울특별시	노원구	중계동	A13922108	중계양지대림1차	아파트	서울특별시 노원구 중계동 587 중계양지대림1차	서울특별시 노원구 덕릉로71길 30	분양	19981201	5	508	508	0	위탁관리	지역난방	계단식	대림산업	영신산업개발(주)
서울특별시	노원구	중계동	A13922110	중계양지대림2차	아파트	서울특별시 노원구 중계동 588 중계양지대림2차	서울특별시 노원구 덕릉로73길 28	분양	19990211	8	652	652	0	위탁관리	지역난방	혼합식	대림산업	인덕종합관리(주)
서울특별시	노원구	중계동	A13922111	중계주공8단지	아파트	서울특별시 노원구 중계동 362-1 중계주공8단지	서울특별시 노원구 한글비석로5길 62	분양	19930331	6	696	696	0	위탁관리	지역난방	복도식	대한주택공사	인덕종합관리(주)
서울특별시	노원구	중계동	A13922114	중계주공5단지	아파트	서울특별시 노원구 중계동 359-1 중계주공5단지	서울특별시 노원구 중계로 230	분양	19920429	18	2328	2328	0	위탁관리	지역난방	혼합식	대한주택공사	남경종합관리(주)
서울특별시	노원구	중계동	A13922406	중계주공4단지	아파트	서울특별시 노원구 중계동 358-2 중계주공4단지	서울특별시 노원구 덕릉로76길 29	분양	19910914	5	690	690	0	위탁관리	지역난방	혼합식	대한주택공사	인덕종합관리
서울특별시	노원구	중계동	A13922901	중계현대1차	아파트	서울특별시 노원구 중계동 577 중계현대1차	서울특별시 노원구 중계로8길 106	분양	19931125	3	211	211	0	위탁관리	개별난방	계단식	현대건설	(주)신대한관리
서울특별시	노원구	중계동	A13922903	중계대림벽산	아파트	서울특별시 노원구 중계동 363 중계대림벽산	서울특별시 노원구 한글비석로8길 20	분양	19930630	6	400	400	0	위탁관리	중앙난방	계단식	"대림산업(주),벽산건설(주)"	율산개발(주)
서울특별시	노원구	중계동	A13922904	중계금호	아파트	서울특별시 노원구 중계동 583 중계금호	"서울특별시 노원구 중계로 140,서울특별시 노원구 중계로12길 24"	분양	19970120	3	424	424	0	위탁관리	개별난방	혼합식	금호	아산종합관리
서울특별시	노원구	중계동	A13922905	중계한화꿈에그린	아파트	서울특별시 노원구 중계동 598 중계한화꿈에그린	서울특별시 노원구 중계로8길 29	분양	20050303	8	448	448	0	위탁관리	개별난방	계단식	한화건설	신한영관리(주)
서울특별시	노원구	중계동	A13922907	동진신안	아파트	서울특별시 노원구 중계동 364 동진신안	서울특별시 노원구 중계로 195	분양	19930515	7	468	468	0	위탁관리	개별난방	계단식	"동진건설, 신안건설"	무림하우징
서울특별시	노원구	중계동	A13922908	중계삼성	아파트	서울특별시 노원구 중계동 593 중계삼성	서울특별시 노원구 중계로14나길 25	분양	19991030	7	478	478	0	위탁관리	개별난방	혼합식	삼성중공업	(주)한빛관리
서울특별시	노원구	중계동	A13922909	중계주공6단지	아파트	서울특별시 노원구 중계동 364-12 중계주공6단지	서울특별시 노원구 한글비석로8길 41	분양	19930331	4	600	600	0	위탁관리	중앙난방	복도식	대한주택공사	율산개발 유한회사
서울특별시	노원구	중계동	A13922910	중계주공7단지	아파트	서울특별시 노원구 중계동 363-1 중계주공7단지	서울특별시 노원구 한글비석로8길 42	분양	19930331	5	630	630	0	위탁관리	개별난방	복도식	한국주택공사	(주)동우개발
서울특별시	노원구	하계동	A13923001	중계한신코아	연립주택	서울특별시 노원구 하계동 285 중계한신코아	서울특별시 노원구 노원로15길 51-10	분양	19940319	12	160	160	0	위탁관리	개별난방	계단식	한신공영(주)	우리관리(주)
서울특별시	노원구	하계동	A13923102	하계우방	아파트	서울특별시 노원구 하계동 353 하계우방	서울특별시 노원구 공릉로58길 176	분양	19991227	2	288	288	0	위탁관리	개별난방	혼합식	우방	우리관리(주)
서울특별시	노원구	하계동	A13923103	하계청구	아파트	서울특별시 노원구 하계동 284 하계청구	서울특별시 노원구 공릉로 351	분양	19881029	5	660	660	0	위탁관리	개별난방	계단식	(주)청구주택	우리관리(주)
서울특별시	노원구	하계동	A13923104	하계미성	아파트	서울특별시 노원구 하계동 280 하계미성	서울특별시 노원구 공릉로59길 28	분양	19890621	6	685	685	0	자치관리	지역난방	혼합식	라이프주택	 
서울특별시	노원구	하계동	A13923106	하계2차현대아파트	아파트	서울특별시 노원구 하계동 288 하계2차현대아파트	서울특별시 노원구 노원로18길 19	분양	19970731	12	730	730	0	위탁관리	지역난방	혼합식	현대산업개발	우리관리주식회사
서울특별시	노원구	하계동	A13923108	하계청솔	아파트	서울특별시 노원구 하계동 274 하계청솔	서울특별시 노원구 공릉로59길 25	분양	19891030	8	1192	1192	0	위탁관리	중앙난방	혼합식	한일개발	광인산업(주)
서울특별시	노원구	공릉동	A13924003	공릉한보아파트	아파트	서울특별시 노원구 공릉동 743 공릉한보아파트	서울특별시 노원구 공릉로46길 19	분양	20001020	7	561	561	0	위탁관리	개별난방	혼합식	(주)한보	아산종합관리(주)
서울특별시	노원구	공릉동	A13924004	삼익포레스트아파트	아파트	서울특별시 노원구 공릉동 737 삼익포레스트아파트	서울특별시 노원구 공릉로46길 32	분양	19950930	8	845	845	0	위탁관리	개별난방	혼합식	삼익건설	우리관리(주)
서울특별시	노원구	공릉동	A13924205	공릉동부	아파트	서울특별시 노원구 공릉동 705 공릉동부	서울특별시 노원구 공릉로 206	분양	19960412	4	295	295	0	위탁관리	개별난방	혼합식	(주)동부건설	태영건물종합관리 주식회사
서울특별시	노원구	상계동	A13971501	상계미도	아파트	서울특별시 노원구 상계동 766-1 상계미도	서울특별시 노원구 덕릉로 459-18	분양	19880412	3	600	600	0	위탁관리	개별난방	복도식	한보	율산개발 유한회사
서울특별시	노원구	상계동	A13971502	상계주공3단지	아파트	"서울특별시 노원구 상계동 730-2,서울특별시 노원구 상계동 737 상계주공3단지"	"서울특별시 노원구 동일로 1389,서울특별시 노원구 동일로215길 48"	분양	19871121	26	2213	2213	0	위탁관리	지역난방	복도식	한국주택공사	(주)덕우
서울특별시	노원구	중계동	A13972601	중계건영2차	아파트	서울특별시 노원구 중계동 515-2 중계건영2차	서울특별시 노원구 덕릉로 517	분양	19910110	6	742	742	0	위탁관리	지역난방	계단식	(주)건영	(주)신현대관리
서울특별시	노원구	중계동	A13972602	중계중앙하이츠아쿠아	아파트	서울특별시 노원구 중계동 514 중계중앙하이츠아쿠아	서울특별시 노원구 공릉로 430	분양	20080620	4	219	219	0	위탁관리	개별난방	복도식	중앙건설	(주)신대한관리
서울특별시	노원구	중계동	A13972603	중계4단지목화	아파트	서울특별시 노원구 중계동 511-2 중계4단지목화	서울특별시 노원구 노원로19길 31	임대	19911115	14	1979	0	1979	위탁관리	지역난방	복도식	"벽산건설,남광토건"	주식회사 티아이시스템
서울특별시	노원구	상계동	A13973201	노원우성	아파트	서울특별시 노원구 상계동 1251 노원우성	서울특별시 노원구 상계로7길 18	분양	19920716	2	137	137	0	위탁관리	개별난방	계단식	우성건설	우진관리주식회사
서울특별시	노원구	상계동	A13973202	비콘드림힐	아파트	서울특별시 노원구 상계동 1310 비콘드림힐	서울특별시 노원구 상계로1길 82-14	분양	20050530	1	114	114	0	위탁관리	개별난방	계단식	바콘	홍익지엠(주)
서울특별시	노원구	상계동	A13974101	수락리버시티 4단지	아파트	서울특별시 노원구 상계동 1313 수락리버시티 4단지	서울특별시 노원구 누원로 18	혼합	20091120	7	548	284	264	위탁관리	지역난방	혼합식	한신공영	우리관리(주)
서울특별시	노원구	상계동	A13974102	수락리버시티3단지	주상복합	서울특별시 노원구 상계동 1312 수락리버시티3단지	서울특별시 노원구 누원로 28	혼합	20091120	11	696	336	360	위탁관리	지역난방	혼합식	한신공영	우리관리(주)
서울특별시	노원구	상계동	A13974103	상계은빛3단지	아파트	서울특별시 노원구 상계동 1264 상계은빛3단지	서울특별시 노원구 동일로250길 17	임대	19980912	9	900	0	900	위탁관리	지역난방	혼합식	한진건설	대한종합개발(주)
서울특별시	노원구	공릉동	A13974401	공릉현대	아파트	서울특별시 노원구 공릉동 590-1 공릉현대	서울특별시 노원구 동일로176길 39-12	분양	19990508	1	145	145	0	위탁관리	개별난방	혼합식	고려산업개발	주식회사 씨엠관리
서울특별시	노원구	하계동	A13977913	중계주공9단지	아파트	서울특별시 노원구 하계동 256 중계주공9단지	"서울특별시 노원구 노원로16길 15,서울특별시 노원구 노원로16길 60"	임대	19920928	12	2694	0	2694	위탁관리	지역난방	복도식	한국토지주택공사	주택관리공단
서울특별시	노원구	공릉동	A13980004	청솔아파트8	아파트	서울특별시 노원구 공릉동 91 청솔아파트8	서울특별시 노원구 노원로1가길 10	분양	20001125	6	278	278	0	위탁관리	지역난방	계단식	"이수건설,대우엔지니어링"	인덕종합관리(주)
서울특별시	노원구	공릉동	A13980006	공릉청솔9단지	아파트	서울특별시 노원구 공릉동 90 공릉청솔9단지	서울특별시 노원구 노원로1길 21	분양	20001125	4	297	297	0	위탁관리	지역난방	계단식	이수건설(주)	(주)쌍용개발
서울특별시	노원구	공릉동	A13980009	공릉태릉우성	아파트	서울특별시 노원구 공릉동 254 공릉태릉우성	서울특별시 노원구 노원로 29	분양	19851028	9	432	432	0	위탁관리	개별난방	계단식	"한국과학기술원직원,육사기간요원 주택조합"	율산개발 유한회사
서울특별시	노원구	공릉동	A13980010	공릉화랑타운	아파트	서울특별시 노원구 공릉동 111 공릉화랑타운	서울특별시 노원구 화랑로51길 17	분양	20000127	11	436	436	0	위탁관리	지역난방	계단식	두산건설	태룡에스디
서울특별시	노원구	공릉동	A13980012	공릉우방4단지	아파트	서울특별시 노원구 공릉동 108 공릉우방4단지	서울특별시 노원구 노원로 58	분양	20000504	5	494	494	0	위탁관리	지역난방	계단식	우방건설	우리관리(주)
서울특별시	노원구	공릉동	A13980014	공릉해링턴플레이스(구.효성화운트빌)	아파트	서울특별시 노원구 공릉동 106 공릉해링턴플레이스(구.효성화운트빌)	서울특별시 노원구 노원로 62	분양	20001215	11	564	564	0	위탁관리	지역난방	계단식	(주)효성	(주)케이비아주
서울특별시	노원구	공릉동	A13980017	공릉2-6	아파트	서울특별시 노원구 공릉동 110 공릉2-6	서울특별시 노원구 화랑로51길 81	임대	19990820	4	691	0	691	위탁관리	지역난방	복도식	두산건설(주)	(주)케이엠산업
서울특별시	노원구	공릉동	A13980018	공릉비선	아파트	서울특별시 노원구 공릉동 109 공릉비선	서울특별시 노원구 화랑로51길 78	분양	19990729	7	700	700	0	위탁관리	지역난방	복도식	두산건설	한국주택시설관리
서울특별시	노원구	공릉동	A13980019	공릉태강	아파트	서울특별시 노원구 공릉동 81 공릉태강	서울특별시 노원구 공릉로34길 62	분양	19990723	21	1676	1676	0	위탁관리	지역난방	혼합식	"삼환공사,현대공사"	세화종합관리(주)
서울특별시	노원구	공릉동	A13980102	공릉신원	아파트	서울특별시 노원구 공릉동 370-4 공릉신원	서울특별시 노원구 동일로192나길 26	분양	20000214	1	153	153	0	위탁관리	개별난방	복도식	신원종합개발	인덕종합관리(주)
서울특별시	노원구	공릉동	A13980105	공릉대동2차	아파트	서울특별시 노원구 공릉동 380-1 공릉대동2차	서울특별시 노원구 동일로195길 39	분양	19991023	2	190	190	0	위탁관리	개별난방	혼합식	대동건설	태림주택종합관리(주)
서울특별시	노원구	공릉동	A13980107	공릉신도1차	아파트	서울특별시 노원구 공릉동 748 공릉신도1차	서울특별시 노원구 동일로191가길 59	분양	20020307	4	342	342	0	위탁관리	개별난방	계단식	신도종합건설	(주) 동우개발
서울특별시	노원구	공릉동	A13980108	공릉우성	아파트	서울특별시 노원구 공릉동 738 공릉우성	서울특별시 노원구 동일로198길 24	분양	19951230	3	363	363	0	위탁관리	개별난방	혼합식	우성	인덕종합관리(주)
서울특별시	노원구	공릉동	A13980401	공릉신성미소지움	아파트	서울특별시 노원구 공릉동 756 공릉신성미소지움	서울특별시 노원구 공릉로42길 13-14	분양	20040618	2	198	198	0	위탁관리	개별난방	계단식	(주)신성건설	(주)동우개발
서울특별시	노원구	공릉동	A13980402	공릉건영장미	아파트	서울특별시 노원구 공릉동 744 공릉건영장미	서울특별시 노원구 공릉로51길 14-1	분양	19990424	2	215	215	0	위탁관리	개별난방	혼합식	0	태림주택종합관리(주)
서울특별시	노원구	공릉동	A13980403	공릉삼익2차	아파트	"서울특별시 노원구 공릉동 754,서울특별시 노원구 공릉동 754 공릉삼익2차"	서울특별시 노원구 공릉로34길 118	분양	20040429	2	237	237	0	위탁관리	개별난방	혼합식	삼익건설	(주) 우진관리
서울특별시	노원구	공릉동	A13980407	효성아파트	아파트	서울특별시 노원구 공릉동 742 효성아파트	서울특별시 노원구 화랑로 556	분양	19950602	13	340	340	0	위탁관리	지역난방	계단식	효성중공업	주식회사 대한에프앤디
서울특별시	노원구	공릉동	A13980411	공릉동신	아파트	서울특별시 노원구 공릉동 745 공릉동신	서울특별시 노원구 공릉로 213	분양	19991224	6	452	452	0	위탁관리	개별난방	혼합식	대성연합건축조합(주)동신	태영건물종합관리 주식회사
서울특별시	노원구	공릉동	A13980413	화랑해링턴플레이스	아파트	서울특별시 노원구 공릉동 746 화랑해링턴플레이스	서울특별시 노원구 공릉로34길 45	분양	19991224	3	196	196	0	위탁관리	개별난방	혼합식	(주)효성건설	(주)대한주택관리
서울특별시	노원구	공릉동	A13980415	공릉두산힐스빌	아파트	서울특별시 노원구 공릉동 747 공릉두산힐스빌	서울특별시 노원구 공릉로 126	분양	20001018	8	579	579	0	위탁관리	개별난방	계단식	두산건설주식회사	대흥공신(주)
서울특별시	노원구	공릉동	A13980509	공릉삼익4단지	아파트	서울특별시 노원구 공릉동 714 공릉삼익4단지	서울특별시 노원구 동일로198가길 13	분양	19941207	4	525	525	0	위탁관리	지역난방	복도식	도시개발공사	대한종합개발(주)
서울특별시	노원구	공릉동	A13980510	공릉2단지라이프	아파트	"서울특별시 노원구 공릉동 708,서울특별시 노원구 공릉동 707 공릉2단지라이프"	"서울특별시 노원구 동일로198가길 149,서울특별시 노원구 섬밭로 156"	분양	19941207	4	660	660	0	위탁관리	지역난방	복도식	서울특별시 도시개발공사	대한종합개발(주)
서울특별시	노원구	공릉동	A13980511	공릉3단지라이프	아파트	서울특별시 노원구 공릉동 715 공릉3단지라이프	서울특별시 노원구 섬밭로 123	분양	19941207	4	840	840	0	위탁관리	지역난방	복도식	LH	우리관리(주)
서울특별시	노원구	공릉동	A13980512	공릉1단지	아파트	서울특별시 노원구 공릉동 708 공릉1단지	서울특별시 노원구 동일로 1127	임대	19941207	7	1395	0	1395	위탁관리	지역난방	복도식	삼익건설(주)	(주)엠컨트럴시스템
서울특별시	노원구	공릉동	A13980513	공릉풍림아이원	아파트	"서울특별시 노원구 공릉동 725,서울특별시 노원구 공릉동 727 공릉풍림아이원"	"서울특별시 노원구 섬밭로 139,서울특별시 노원구 섬밭로 134"	분양	20010917	14	1601	1601	0	위탁관리	개별난방	계단식	풍림산업	율산개발주식회사
서울특별시	노원구	공릉동	A13980604	공릉대아2차	아파트	서울특별시 노원구 공릉동 492-1 공릉대아2차	서울특별시 노원구 동일로183길 34	분양	20000329	1	174	174	0	위탁관리	개별난방	계단식	대아건설	서일개발(주)
서울특별시	노원구	공릉동	A13980706	공릉대주파크빌	아파트	서울특별시 노원구 공릉동 751 공릉대주파크빌	서울특별시 노원구 섬밭로 52	분양	20030120	1	191	191	0	위탁관리	개별난방	계단식	대주주택(주)	유원종합관리(주)
서울특별시	노원구	공릉동	A13980801	공릉대동1차	아파트	서울특별시 노원구 공릉동 604-11 공릉대동1차	서울특별시 노원구 동일로175길 38	분양	19990430	1	152	152	0	위탁관리	개별난방	혼합식	(주)대동	(주)덕우
서울특별시	노원구	공릉동	A13980803	공릉1동삼익	아파트	서울특별시 노원구 공릉동 690-2 공릉1동삼익	서울특별시 노원구 섬밭로 17	분양	19971028	1	158	158	0	위탁관리	개별난방	혼합식	삼익건설주식회사	(주)신성티엠
서울특별시	노원구	상계동	A13980903	불암산센트럴아파트	아파트	서울특별시 노원구 상계동 1320 불암산센트럴아파트	서울특별시 노원구 덕릉로127길 25	분양	20060608	2	240	240	0	위탁관리	개별난방	혼합식	성림산업(주)	(주)동우개발
서울특별시	노원구	상계동	A13981001	상계불암대림제2	아파트	서울특별시 노원구 상계동 1290 상계불암대림제2	서울특별시 노원구 덕릉로94가길 41	임대	20000328	1	206	0	206	위탁관리	개별난방	복도식	대림산업	(주)경진관리
서울특별시	노원구	상계동	A13981006	상계불암대림	아파트	서울특별시 노원구 상계동 1289 상계불암대림	서울특별시 노원구 덕릉로94길 21	분양	20000328	6	634	634	0	위탁관리	개별난방	혼합식	대림산업	(주)덕우
서울특별시	노원구	상계동	A13981204	상계불암현대(임대)	아파트	"서울특별시 노원구 상계동 1294,서울특별시 노원구 상계동 1294 상계불암현대(임대)"	서울특별시 노원구 덕릉로118길 27	임대	19991210	1	472	0	472	위탁관리	개별난방	복도식	현대산업개발	(주)경진관리
서울특별시	노원구	상계동	A13981208	상계불암현대	아파트	서울특별시 노원구 상계동 1293 상계불암현대	서울특별시 노원구 덕릉로118길 29	분양	19991210	5	826	826	0	위탁관리	개별난방	혼합식	현대산업개발(주)	주식회사 한빛종합관리
서울특별시	노원구	상계동	A13981304	상계한신1차	아파트	서울특별시 노원구 상계동 135 상계한신1차	서울특별시 노원구 한글비석로46가길 16	분양	19870326	4	420	420	0	위탁관리	지역난방	혼합식	한신공영	(주)덕우
서울특별시	노원구	상계동	A13981402	상계청암1단지	아파트	서울특별시 노원구 상계동 1275 상계청암1단지	서울특별시 노원구 덕릉로112길 24	분양	20010607	5	234	234	0	위탁관리	개별난방	계단식	대림산업(주)외	(주)서림주택관리
서울특별시	노원구	상계동	A13981405	청암2단지	아파트	서울특별시 노원구 상계동 1276 청암2단지	서울특별시 노원구 덕릉로94가길 20	분양	20010607	7	602	602	0	위탁관리	개별난방	복도식	대림산업(주)	태영건물종합관리 주식회사
서울특별시	노원구	상계동	A13981407	상계조합대림	아파트	서울특별시 노원구 상계동 172 상계조합대림	서울특별시 노원구 상계로 193-14	분양	19890814	5	675	675	0	위탁관리	개별난방	혼합식	대림산업	우리관리
서울특별시	노원구	상계동	A13981604	노원현대아파트	아파트	"서울특별시 노원구 상계동 359,서울특별시 노원구 상계동 359-1 노원현대아파트"	"서울특별시 노원구 상계로3길 50,서울특별시 노원구 상계로3길 53"	분양	19970120	4	259	259	0	위탁관리	개별난방	계단식	현대건설(주)	서림주택관리(주)
서울특별시	노원구	상계동	A13981606	상계대동아파트	아파트	서울특별시 노원구 상계동 1284 상계대동아파트	서울특별시 노원구 상계로26길 20	분양	20010522	3	358	358	0	위탁관리	개별난방	계단식	대동주택(주)	율산개발(주)
서울특별시	노원구	상계동	A13981608	상계동양메이저	아파트	서울특별시 노원구 상계동 1305 상계동양메이저	서울특별시 노원구 상계로5길 12	분양	20030830	7	448	448	0	위탁관리	개별난방	계단식	동양메이저건설(주)	(주)동우개발
서울특별시	노원구	상계동	A13981901	상계주공13단지	아파트	서울특별시 노원구 상계동 637 상계주공13단지	서울특별시 노원구 한글비석로54길 92	분양	19890421	9	939	939	0	위탁관리	지역난방	복도식	대한주택공사	우리관리(주)
서울특별시	노원구	상계동	A13981903	상계주공14단지	아파트	"서울특별시 노원구 상계동 633,서울특별시 노원구 상계동 626 상계주공14단지"	"서울특별시 노원구 동일로228길 23,서울특별시 노원구 수락산로 174"	분양	19890421	26	2265	2265	0	위탁관리	지역난방	혼합식	주공	서림주택관리
서울특별시	노원구	상계동	A13982002	상계한신3차	아파트	서울특별시 노원구 상계동 458 상계한신3차	서울특별시 노원구 한글비석로46가길 34	분양	19900528	5	348	348	0	위탁관리	개별난방	혼합식	한신공용(주)	(주)동우개발
서울특별시	노원구	상계동	A13982003	상계신동아	아파트	서울특별시 노원구 상계동 463 상계신동아	"서울특별시 노원구 한글비석로52길 66,서울특별시 노원구 한글비석로52길 54"	분양	19950602	3	385	385	0	위탁관리	지역난방	혼합식	신동아건설(주)	우진관리주식회사
서울특별시	노원구	상계동	A13982005	상계한신2차	아파트	서울특별시 노원구 상계동 451 상계한신2차	서울특별시 노원구 한글비석로48길 6	분양	19880514	3	471	471	0	위탁관리	지역난방	혼합식	한신 건설	세화종합관리(주)
서울특별시	노원구	상계동	A13982101	상계성원	아파트	서울특별시 노원구 상계동 1283 상계성원	서울특별시 노원구 노원로34길 34	분양	19990819	1	174	174	0	위탁관리	개별난방	혼합식	성원건설	남경종합관리(주)
서울특별시	노원구	상계동	A13982103	상계양우아파트	아파트	서울특별시 노원구 상계동 1299 상계양우아파트	서울특별시 노원구 노원로30길 81	분양	20020716	2	251	251	0	자치관리	개별난방	계단식	양우종합건설(주)	 
서울특별시	노원구	상계동	A13982202	상계주공12단지	아파트	서울특별시 노원구 상계동 647 상계주공12단지	서울특별시 노원구 한글비석로 530	분양	19881019	15	1739	1739	0	위탁관리	지역난방	복도식	대한주택공사	(주)덕우
서울특별시	노원구	상계동	A13982301	상계주공11단지	아파트	"서울특별시 노원구 상계동 652,서울특별시 노원구 상계동 656 상계주공11단지"	"서울특별시 노원구 동일로227길 25,서울특별시 노원구 동일로227길 85"	분양	19880907	16	1944	1944	0	위탁관리	지역난방	복도식	대한주택공사	남경종합관리(주)
서울특별시	노원구	상계동	A13982604	상계보람	아파트	"서울특별시 노원구 상계동 685,서울특별시 노원구 상계동 639 상계보람"	"서울특별시 노원구 한글비석로 480,서울특별시 노원구 한글비석로 479"	분양	19880629	21	3315	3315	0	위탁관리	지역난방	복도식	군인공제회	주식회사 에스티에스텍
서울특별시	노원구	상계동	A13982701	상계임광아파트	아파트	서울특별시 노원구 상계동 694 상계임광아파트	"서울특별시 노원구 노원로 569,서울특별시 노원구 노원로 547"	분양	19890501	4	420	420	0	위탁관리	지역난방	계단식	임광	서일개발(주)
서울특별시	노원구	상계동	A13982702	상계마들대림	아파트	서울특별시 노원구 상계동 695 상계마들대림	서울특별시 노원구 동일로221길 22	분양	19880615	4	538	538	0	위탁관리	지역난방	계단식	대림산업주식회사	(주)신성티엠
서울특별시	노원구	상계동	A13982704	상계주공7단지	아파트	"서울특별시 노원구 상계동 692,서울특별시 노원구 상계동 691 상계주공7단지"	"서울특별시 노원구 상계로1길 92,서울특별시 노원구 동일로 1456"	분양	19880727	21	2634	2634	0	위탁관리	지역난방	복도식	라이프주택. 삼환. 장복건설	(주)서림주택
서울특별시	노원구	상계동	A13983004	상계주공2단지	아파트	"서울특별시 노원구 상계동 740,서울특별시 노원구 상계동 746-5 상계주공2단지"	서울특별시 노원구 동일로215길 23	분양	19871121	23	2029	2029	0	위탁관리	지역난방	혼합식	대한주택공사	(주)덕우
서울특별시	노원구	상계동	A13983105	상계주공1단지	아파트	"서울특별시 노원구 상계동 767-1,서울특별시 노원구 상계동 765,서울특별시 노원구 상계동 765,서울특별시 노원구 상계동 767-1 상계주공1단지"	"서울특별시 노원구 동일로213길 21,서울특별시 노원구 덕릉로 459-21"	분양	19880513	24	2064	2064	0	위탁관리	지역난방	혼합식	대한주택공사	남경종합관리(주)
서울특별시	노원구	상계동	A13983608	상계한신	아파트	서울특별시 노원구 상계동 995 상계한신	서울특별시 노원구 동일로230길 63	분양	19951017	5	397	397	0	위탁관리	개별난방	계단식	조흥은행주택조합	(주)국제안전시스템
서울특별시	노원구	상계동	A13983707	상계현대1차	아파트	서울특별시 노원구 상계동 1055 상계현대1차	서울특별시 노원구 동일로237길 41	분양	19930408	4	331	331	0	위탁관리	개별난방	계단식	현대산업개발(주)	(주)아주관리
서울특별시	노원구	상계동	A13983709	상계현대2차	아파트	서울특별시 노원구 상계동 1078 상계현대2차	서울특별시 노원구 동일로231길 86	분양	19931230	4	465	465	0	위탁관리	개별난방	계단식	현대산업개발(주)	서일개발
서울특별시	노원구	상계동	A13983712	상계3차현대아파트	아파트	서울특별시 노원구 상계동 1063 상계3차현대아파트	서울특별시 노원구 수락산로 234	분양	19990424	6	494	494	0	위탁관리	지역난방	계단식	현대산업개발	주식회사 동우개발
서울특별시	노원구	상계동	A13983713	두산아파트	아파트	서울특별시 노원구 상계동 1110 두산아파트	서울특별시 노원구 동일로241길 53	분양	19941015	11	763	763	0	위탁관리	지역난방	혼합식	두산건설	국제경보산업(주)
서울특별시	노원구	상계동	A13983801	대망드림힐	아파트	서울특별시 노원구 상계동 1304 대망드림힐	서울특별시 노원구 동일로242라길 27	분양	20030627	1	165	165	0	위탁관리	개별난방	계단식	(주)대망종합건설	(주)케이비아주
서울특별시	노원구	상계동	A13983803	상계대림e-편한세상	아파트	서울특별시 노원구 상계동 1301 상계대림e-편한세상	서울특별시 노원구 동일로239길 68	분양	20020719	2	230	230	0	위탁관리	개별난방	혼합식	(주)삼호	(주)신화비엠씨
서울특별시	노원구	상계동	A13983810	상계수락파크빌	아파트	서울특별시 노원구 상계동 1269 상계수락파크빌	서울특별시 노원구 동일로248길 16	분양	20010529	7	468	468	0	위탁관리	지역난방	계단식	SH공사	율산개발 유한회사
서울특별시	노원구	상계동	A13983811	수락산벨리체아파트	아파트	서울특별시 노원구 상계동 1265 수락산벨리체아파트	서울특별시 노원구 동일로250길 18	분양	20000614	12	492	492	0	위탁관리	지역난방	계단식	"미주실업,동방티앤씨"	우리관리(주)
서울특별시	노원구	상계동	A13983815	상계은빛2단지	아파트	서울특별시 노원구 상계동 1256 상계은빛2단지	서울특별시 노원구 동일로245가길 41	분양	19981026	9	1313	1313	0	위탁관리	지역난방	혼합식	한신공영(주)	우리관리(주)
서울특별시	노원구	상계동	A13983816	상계은빛1단지	아파트	서울특별시 노원구 상계동 1255 상계은빛1단지	서울특별시 노원구 동일로245길 162	분양	19981116	10	1391	1391	0	위탁관리	지역난방	혼합식	(주)국제종합토건	인동종합관리 주식회사
서울특별시	노원구	월계동	A13984003	월계삼호4차	아파트	서울특별시 노원구 월계동 12 월계삼호4차	서울특별시 노원구 마들로 127	분양	19870706	7	910	910	0	위탁관리	중앙난방	복도식	(주)삼호	(주)무림하우징
서울특별시	노원구	월계동	A13984004	그랑빌	아파트	서울특별시 노원구 월계동 18 그랑빌	서울특별시 노원구 마들로 31	분양	20021018	25	3003	3003	0	위탁관리	개별난방	계단식	"한진중공업,한화건설"	주식회사 네오피엠
서울특별시	노원구	월계동	A13984005	월계시영고층	아파트	"서울특별시 노원구 월계동 13,서울특별시 노원구 월계동 13,서울특별시 노원구 월계동 13 월계시영고층"	"서울특별시 노원구 마들로 111,서울특별시 노원구 마들로 59"	분양	19860607	32	3930	3930	0	자치관리	지역난방	복도식	미성.미륭.삼호	 
서울특별시	노원구	월계동	A13984409	월계사슴2단지	아파트	서울특별시 노원구 월계동 320-9 월계사슴2단지	서울특별시 노원구 월계로55길 16	임대	19950612	5	775	0	775	위탁관리	지역난방	복도식	(주)기산	(주)오케이시스템
서울특별시	노원구	월계동	A13984411	월계사슴3단지	아파트	서울특별시 노원구 월계동 320-11 월계사슴3단지	서울특별시 노원구 월계로55길 15	분양	19950612	5	884	884	0	위탁관리	지역난방	복도식	(주)기산	서림주택관리(주)
서울특별시	노원구	월계동	A13984603	월계삼창	아파트	서울특별시 노원구 월계동 448-3 월계삼창	서울특별시 노원구 광운로2나길 50	분양	19841221	3	296	296	0	자치관리	개별난방	혼합식	삼창주택	 
서울특별시	노원구	월계동	A13984604	월계동신	아파트	서울특별시 노원구 월계동 436 월계동신	서울특별시 노원구 광운로2나길 30	분양	19830430	7	864	864	0	위탁관리	개별난방	복도식	동신주택(주)	(주)백송종합관리
서울특별시	노원구	월계동	A13984813	월계주공1단지	아파트	서울특별시 노원구 월계동 556 월계주공1단지	서울특별시 노원구 초안산로1길 51	임대	19921119	8	2298	0	2298	위탁관리	중앙난방	복도식	한국토지주택공사	주택관리공단(주)
서울특별시	노원구	월계동	A13984814	월계주공2단지	아파트	서울특별시 노원구 월계동 556 월계주공2단지	서울특별시 노원구 초안산로1길 18	분양	19921030	16	2002	2002	0	위탁관리	개별난방	혼합식	주택공사	(주)케이비아주
서울특별시	노원구	월계동	A13985103	월계대우아파트	아파트	서울특별시 노원구 월계동 775 월계대우아파트	서울특별시 노원구 초안산로5길 22	분양	19980729	7	344	344	0	자치관리	지역난방	계단식	대우건설	 
서울특별시	노원구	월계동	A13985105	월계청백3단지	아파트	서울특별시 노원구 월계동 780 월계청백3단지	서울특별시 노원구 월계로45가길 89	분양	19980810	4	458	458	0	위탁관리	지역난방	복도식	태영	대한종합개발(주)
서울특별시	노원구	월계동	A13985106	월계청백1단지	아파트	서울특별시 노원구 월계동 774 월계청백1단지	서울특별시 노원구 초안산로 89	임대	19980714	8	1147	0	1147	위탁관리	지역난방	복도식	SH공사	(주)엠컨트럴시스템
서울특별시	노원구	월계동	A13985107	월계청백4단지	아파트	서울특별시 노원구 월계동 781 월계청백4단지	서울특별시 노원구 월계로45가길 94	분양	19980810	4	520	520	0	위탁관리	지역난방	혼합식	서울특별시도시개발공사	대한종합개발(주)
서울특별시	노원구	월계동	A13985201	월계극동	아파트	서울특별시 노원구 월계동 803-1 월계극동	서울특별시 노원구 덕릉로60길 266	분양	19960809	2	199	199	0	위탁관리	개별난방	계단식	극동건설(주)	인동종합관리 주식회사
서울특별시	노원구	중계동	A13985402	중계현대그린	아파트	서울특별시 노원구 중계동 49 중계현대그린	서울특별시 노원구 중계로8길 39	분양	19981224	3	268	268	0	위탁관리	개별난방	계단식	현대산업개발	세화종합관리
서울특별시	노원구	중계동	A13985406	중계현대6차	아파트	서울특별시 노원구 중계동 34 중계현대6차	서울특별시 노원구 중계로8길 20	분양	20180627	5	453	453	0	위탁관리	개별난방	혼합식	(주)현대건설	우리관리(주)
서울특별시	노원구	중계동	A13985605	중계중앙하이츠	아파트	서울특별시 노원구 중계동 161-1 중계중앙하이츠	"서울특별시 노원구 덕릉로84길 7,서울특별시 노원구 한글비석로14길 37"	분양	19980616	5	499	499	0	위탁관리	개별난방	혼합식	중앙산업	우진관리주식회사
서울특별시	노원구	중계동	A13985904	중계현대2차(4동)	아파트	서울특별시 노원구 중계동 435-1 중계현대2차(4동)	서울특별시 노원구 한글비석로15길 51	분양	19910202	3	313	313	0	위탁관리	지역난방	계단식	현대산업개발(주)	율산개발
서울특별시	노원구	중계동	A13985907	중계염광아파트	아파트	서울특별시 노원구 중계동 445 중계염광아파트	서울특별시 노원구 덕릉로79길 23	분양	19960618	5	791	791	0	위탁관리	개별난방	혼합식	염광건설(주)	주식회사 한빛종합관리
서울특별시	노원구	중계동	A13985908	중계주공3단지	아파트	서울특별시 노원구 중계동 358 중계주공3단지	서울특별시 노원구 덕릉로 662	임대	19910914	6	1455	0	1455	위탁관리	지역난방	복도식	LH	주택관리공단
서울특별시	노원구	중계동	A13985909	중계주공2단지	아파트	서울특별시 노원구 중계동 369 중계주공2단지	서울특별시 노원구 한글비석로14길 8	분양	19920626	10	1800	1800	0	위탁관리	개별난방	복도식	LH공사	우리관리주식회사
서울특별시	노원구	중계동	A13986004	중계주공10단지	아파트	서울특별시 노원구 중계동 360-16 중계주공10단지	서울특별시 노원구 노원로22길 53	분양	19950429	3	330	330	0	위탁관리	지역난방	복도식	(주)한주개발	(주)동우개발
서울특별시	노원구	중계동	A13986009	롯데우성	아파트	서울특별시 노원구 중계동 361-1 롯데우성	서울특별시 노원구 노원로22길 34	분양	19930731	8	568	568	0	자치관리	지역난방	계단식	"롯데건설,우성건설"	 
서울특별시	노원구	중계동	A13986012	중계청구3차	아파트	서울특별시 노원구 중계동 360-2 중계청구3차	서울특별시 노원구 중계로 233	분양	19960722	9	780	780	0	위탁관리	개별난방	계단식	청구건설	우진관리(주)
서울특별시	노원구	중계동	A13986013	중계건영3차	아파트	서울특별시 노원구 중계동 360-15 중계건영3차	서울특별시 노원구 노원로22길 71	분양	19951230	12	948	948	0	위탁관리	중앙난방	계단식	(주)건영	우진관리주식회사
서울특별시	노원구	중계동	A13986111	중계라이프신동아청구아파트	아파트	"서울특별시 노원구 중계동 366,서울특별시 노원구 중계동 366 중계라이프신동아청구아파트"	서울특별시 노원구 중계로 184	분양	19930810	17	960	960	0	자치관리	중앙난방	계단식	(주)청구(주)라이프(주)신동아	 
서울특별시	노원구	중계동	A13986201	중계우성3차	아파트	서울특별시 노원구 중계동 585 중계우성3차	서울특별시 노원구 덕릉로 613	분양	19990626	2	213	213	0	자치관리	개별난방	혼합식	우성건설	 
서울특별시	노원구	중계동	A13986207	중계양지대림1-2임대	아파트	서울특별시 노원구 중계동 587-1 중계양지대림1-2임대	서울특별시 노원구 덕릉로73길 31	임대	19990204	2	468	0	468	위탁관리	지역난방	복도식	대림산업	인덕종합관리(주)
서울특별시	노원구	중계동	A13986302	중계경남롯데상아	아파트	서울특별시 노원구 중계동 505 중계경남롯데상아	서울특별시 노원구 섬밭로 265	분양	19890629	15	1890	1890	0	위탁관리	지역난방	혼합식	"경남,롯데,상아건설"	주식회사 네오피엠
서울특별시	노원구	중계동	A13986306	중계그린	아파트	"서울특별시 노원구 중계동 504-1,서울특별시 노원구 중계동 503,서울특별시 노원구 중계동 502-1 중계그린"	"서울특별시 노원구 동일로207길 18,서울특별시 노원구 동일로207길 17,서울특별시 노원구 섬밭로 285"	분양	19900903	25	3481	3481	0	위탁관리	지역난방	혼합식	서울도시개발공사	우리관리(주)
서울특별시	노원구	중계동	A13986504	중계무지개아파트	아파트	"서울특별시 노원구 중계동 512,서울특별시 노원구 중계동 513 중계무지개아파트"	"서울특별시 노원구 동일로208길 20,서울특별시 노원구 동일로208길 19"	분양	19911115	14	2433	2433	0	위탁관리	지역난방	복도식	럭키외	한국주택시설관리(주)
서울특별시	노원구	중계동	A13986505	중계시영3단지목련	아파트	서울특별시 노원구 중계동 514-3 중계시영3단지목련	서울특별시 노원구 노원로 331	임대	19911115	11	2619	0	2619	위탁관리	지역난방	복도식	sh공사	주식회사 동우개발
서울특별시	노원구	중계동	A13986509	중계주공1단지	아파트	서울특별시 노원구 중계동 515-3 중계주공1단지	서울특별시 노원구 동일로210길 22	임대	19901214	3	882	0	882	위탁관리	지역난방	복도식	(주)건영	주택관리공단
서울특별시	노원구	중계동	A13986606	중계성원1차	아파트	서울특별시 노원구 중계동 580 중계성원1차	서울특별시 노원구 덕릉로71길 5	분양	19960118	3	402	402	0	위탁관리	개별난방	계단식	성원건설주식회사	인덕종합관리(주)
서울특별시	노원구	중계동	A13986701	중계성원2차	아파트	서울특별시 노원구 중계동 581 중계성원2차	서울특별시 노원구 덕릉로89길 8	분양	19950706	1	167	167	0	위탁관리	개별난방	복도식	(주)성원	서일개발
서울특별시	노원구	중계동	A13986702	삼창타워프라자	주상복합	서울특별시 노원구 중계동 584-1 삼창타워프라자	서울특별시 노원구 한글비석로 383	분양	19970314	1	203	203	0	위탁관리	개별난방	복도식	삼창산업개발(주)	(주)동우개발
서울특별시	노원구	중계동	A13986703	중계경남아너스빌	아파트	서울특별시 노원구 중계동 597 중계경남아너스빌	서울특별시 노원구 덕릉로94길 10	분양	20021205	2	299	299	0	위탁관리	개별난방	계단식	경남건설(주)	인동종합관리(주)
서울특별시	노원구	하계동	A13987205	하계1차청구아파트	아파트	서울특별시 노원구 하계동 251 하계1차청구아파트	서울특별시 노원구 한글비석로 91	분양	19970627	10	700	700	0	자치관리	개별난방	계단식	청구건설	자치관리
서울특별시	노원구	하계동	A13987301	하계학여울청구B	아파트	서울특별시 노원구 하계동 356 하계학여울청구B	서울특별시 노원구 한글비석로 6	임대	20020314	1	378	0	378	위탁관리	중앙난방	복도식	청구(주)	주식회사 티아이시스템
서울특별시	노원구	하계동	A13987302	하계시영5단지	아파트	서울특별시 노원구 하계동 272 하계시영5단지	서울특별시 노원구 한글비석로 24	임대	19891030	13	640	0	640	위탁관리	지역난방	복도식	유원건설	(주)경진관리
서울특별시	노원구	하계동	A13987303	하계현대우성	아파트	서울특별시 노원구 하계동 270 하계현대우성	서울특별시 노원구 섬밭로 232	분양	19880929	12	1320	1320	0	위탁관리	중앙난방	계단식	"현대산업개발,우성건설"	한국주택시설관리(주)
서울특별시	노원구	하계동	A13987304	하계 6단지 장미아파트	아파트	서울특별시 노원구 하계동 273 하계 6단지 장미아파트	서울특별시 노원구 섬밭로 196	분양	19891030	15	1880	1880	0	자치관리	중앙난방	복도식	"라이프주택,진흥기업,현대건설"	 
서울특별시	노원구	하계동	A13987305	하계학여울청구	아파트	서울특별시 노원구 하계동 354 하계학여울청구	서울특별시 노원구 동일로207길 186	분양	19990209	16	1476	1476	0	위탁관리	지역난방	혼합식	(주)청구	세화종합관리(주)
서울특별시	노원구	하계동	A13987306	하계극동건영벽산	아파트	"서울특별시 노원구 하계동 271-3,서울특별시 노원구 하계동 271-3 하계극동건영벽산"	서울특별시 노원구 섬밭로 229	분양	19880613	12	1980	1980	0	위탁관리	지역난방	혼합식	극동건영벽산	에이제이대원 주식회사
서울특별시	노원구	월계동	A13987501	성북역신도브래뉴	아파트	서울특별시 노원구 월계동 941 성북역신도브래뉴	서울특별시 노원구 광운로19길 38	분양	20050523	3	157	157	0	위탁관리	개별난방	계단식	(주)신도종합건설	서일개발(주)
서울특별시	노원구	월계동	A13987502	월계역신도브래뉴	아파트	서울특별시 노원구 월계동 942 월계역신도브래뉴	서울특별시 노원구 광운로 132	분양	20050628	4	223	223	0	위탁관리	개별난방	계단식	인덕주택재건축정비사업조합/(주)신도종합건설	(주)케이비아주
서울특별시	노원구	월계동	A13987503	월계2차한일	아파트	서울특별시 노원구 월계동 927 월계2차한일	서울특별시 노원구 석계로13길 6-10	분양	20000426	1	171	171	0	위탁관리	개별난방	계단식	한일건설	 
서울특별시	노원구	상계동	A13989701	상계동아불암	아파트	서울특별시 노원구 상계동 1285 상계동아불암	서울특별시 노원구 덕릉로 780	분양	19991125	5	673	673	0	위탁관리	개별난방	혼합식	상계3-1지구 주택재개발조합	서일개발
서울특별시	노원구	상계동	A13989702	상계동아불암임대	아파트	서울특별시 노원구 상계동 1286 상계동아불암임대	서울특별시 노원구 덕릉로112길 13	임대	19991125	1	434	0	434	위탁관리	개별난방	복도식	동아건설	인덕종합관리(주)
서울특별시	노원구	월계동	A13991015	월계유원	아파트	서울특별시 노원구 월계동 880 월계유원	서울특별시 노원구 덕릉로60길 252	분양	19980414	1	154	154	0	위탁관리	개별난방	계단식	유원건설	인동종합관리 주식회사
서울특별시	노원구	월계동	A13991016	월계동원베네스트	아파트	서울특별시 노원구 월계동 940 월계동원베네스트	서울특별시 노원구 월계로53길 21	분양	20050331	5	205	205	0	위탁관리	개별난방	계단식	(주)동원건설	한국주택시설관리(주)
서울특별시	노원구	월계동	A13991017	월계초안산쌍용	아파트	서울특별시 노원구 월계동 945 월계초안산쌍용	서울특별시 노원구 덕릉로60길 222	분양	20060327	4	225	225	0	위탁관리	개별난방	계단식	쌍용건설(주)	우리관리(주)
서울특별시	노원구	월계동	A13991018	롯데캐슬루나	아파트	서울특별시 노원구 월계동 947 롯데캐슬루나	서울특별시 노원구 월계로45길 21	분양	20061130	21	850	850	0	위탁관리	개별난방	계단식	롯데건설	남경종합관리(주)
서울특별시	노원구	중계동	A13993001	중계현대3차	아파트	서울특별시 노원구 중계동 576 중계현대3차	서울특별시 노원구 중계로 172-13	분양	19921031	2	130	130	0	위탁관리	개별난방	혼합식	현대	(주)동우개발
서울특별시	노원구	중계동	A13993002	중계현대2차	아파트	서울특별시 노원구 중계동 578 중계현대2차	서울특별시 노원구 중계로8길 103	분양	19931125	2	140	140	0	위탁관리	개별난방	계단식	현대건설	 
서울특별시	노원구	하계동	A13993501	하계삼익선경	아파트	서울특별시 노원구 하계동 255-1 하계삼익선경	서울특별시 노원구 노원로 214	분양	19930610	6	396	396	0	위탁관리	개별난방	계단식	"삼익건설(주)-3개동, 선경건설(주)-3개동"	우리관리(주)
서울특별시	노원구	하계동	A13993502	하계한신동성	아파트	서울특별시 노원구 하계동 256-5 하계한신동성	서울특별시 노원구 한글비석로 151	분양	19930303	6	498	498	0	위탁관리	중앙난방	계단식	한신.동성	우리관리(주)
서울특별시	노원구	하계동	A13993503	하계한신	아파트	서울특별시 노원구 하계동 284 하계한신	서울특별시 노원구 공릉로 351	분양	19881029	4	1200	1200	0	위탁관리	지역난방	복도식	한신공영	주식회사 한빛종합관리
서울특별시	노원구	하계동	A13993901	하계학여울청구A	아파트	서울특별시 노원구 하계동 355 하계학여울청구A	서울특별시 노원구 동일로207길 186	임대	20010628	1	486	0	486	위탁관리	지역난방	복도식	청구	주식회사 티아이시스템
서울특별시	노원구	상계동	A13994302	상계한양	아파트	서울특별시 노원구 상계동 757 상계한양	서울특별시 노원구 동일로216길 92	분양	19880530	5	492	492	0	위탁관리	지역난방	계단식	(주)한양	주식회사 한빛종합관리
서울특별시	노원구	공릉동	A13994501	공릉현대성우	아파트	서울특별시 노원구 공릉동 741 공릉현대성우	서울특별시 노원구 공릉로27길 110	분양	20001018	1	181	181	0	위탁관리	개별난방	혼합식	현대성우건설	광인에스테이트서비스 주식회사
서울특별시	노원구	월계동	A13995602	월계사슴1단지	아파트	서울특별시 노원구 월계동 321 월계사슴1단지	서울특별시 노원구 월계로 372	임대	19950612	8	1372	0	1372	위탁관리	지역난방	복도식	삼익건설	광인산업(주)
서울특별시	용산구	한강로1가	A14001101	대우월드마크용산	주상복합	서울특별시 용산구 한강로1가 64 대우월드마크용산	서울특별시 용산구 한강대로 211	분양	20071015	1	160	160	0	위탁관리	개별난방	복도식	(주)대우건설	에이제이대원 주식회사
서울특별시	용산구	한강로2가	A14001201	한강로벽산메가트리움	주상복합	서울특별시 용산구 한강로2가 2-8 한강로벽산메가트리움	서울특별시 용산구 한강대로43길 8	분양	20050506	2	248	248	0	위탁관리	개별난방	혼합식	벽산건설	서림주택관리(주)
서울특별시	용산구	한강로3가	A14001303	용산시티파크1단지	주상복합	서울특별시 용산구 한강로3가 63-389 용산시티파크1단지	서울특별시 용산구 서빙고로 35	분양	20070821	3	421	421	0	위탁관리	중앙난방	혼합식	(주)대우건설	(주)아주관리
서울특별시	용산구	용산동5가	A14002501	파크타워	주상복합	"서울특별시 용산구 용산동5가 24,서울특별시 용산구 용산동5가 24-1 파크타워"	"서울특별시 용산구 서빙고로 67,서울특별시 용산구 서빙고로 69"	분양	20090515	6	888	888	0	위탁관리	지역난방	계단식	"삼성물산,현대건설"	(주)타워피엠씨
서울특별시	용산구	이촌동	A14003001	동부이촌동우성	아파트	서울특별시 용산구 이촌동 399-1 동부이촌동우성	서울특별시 용산구 이촌로 193	분양	19951223	2	243	243	0	위탁관리	지역난방	혼합식	우성건설(주)	세화종합관리(주)
서울특별시	용산구	이촌동	A14003002	이촌왕궁	아파트	서울특별시 용산구 이촌동 300-11 이촌왕궁	서울특별시 용산구 이촌로88길 15	분양	19741223	5	250	250	0	자치관리	중앙난방	계단식	삼익건설	 
서울특별시	용산구	이촌동	A14003003	한강삼익	아파트	서울특별시 용산구 이촌동 300-301 한강삼익	서울특별시 용산구 이촌로 264	분양	19791217	2	252	252	0	자치관리	지역난방	혼합식	삼익건설	 
서울특별시	용산구	이촌동	A14003004	이촌동부센트레빌	아파트	서울특별시 용산구 이촌동 418 이촌동부센트레빌	서울특별시 용산구 이촌로 174	분양	20010602	4	309	309	0	자치관리	지역난방	계단식	동부건설	 
서울특별시	용산구	이촌동	A14003006	이촌동아그린아파트	아파트	서울특별시 용산구 이촌동 411 이촌동아그린아파트	서울특별시 용산구 이촌로 100-8	분양	19990531	6	499	499	0	위탁관리	지역난방	혼합식	동아건설	세화종합관리(주)
서울특별시	용산구	이촌동	A14003007	LG한강자이	아파트	서울특별시 용산구 이촌동 430 LG한강자이	서울특별시 용산구 이촌로64길 15	분양	20030428	10	656	656	0	위탁관리	지역난방	계단식	LG건설	(주)세안텍스
서울특별시	용산구	이촌동	A14003008	이촌한강맨션	아파트	"서울특별시 용산구 이촌동 300-62,서울특별시 용산구 이촌동 300-23,서울특별시 용산구 이촌동 300-68,서울특별시 용산구 이촌동 300-101,서울특별시 용산구 이촌동 300-104,서울특별시 용산구 이촌동 300-80,서울특별시 용산구 이촌동 300-107,서울특별시 용산구 이촌동 300-83,서울특별시 용산구 이촌동 300-153,서울특별시 용산구 이촌동 300-163,서울특별시 용산구 이촌동 300-95,서울특별시 용산구 이촌동 300-130,서울특별시 용산구 이촌동 300-166,서울특별시 용산구 이촌동 300-65,서울특별시 용산구 이촌동 300-92,서울특별시 용산구 이촌동 300-127,서울특별시 용산구 이촌동 300-89,서울특별시 용산구 이촌동 300-26,서울특별시 용산구 이촌동 300-133,서울특별시 용산구 이촌동 300-157,서울특별시 용산구 이촌동 300-25,서울특별시 용산구 이촌동 300-77,서울특별시 용산구 이촌동 300-160 이촌한강맨션"	서울특별시 용산구 이촌로 248	분양	19710322	23	660	660	0	자치관리	지역난방	계단식	주택공사	 
서울특별시	용산구	이촌동	A14003101	이촌반도	아파트	서울특별시 용산구 이촌동 301-170 이촌반도	서울특별시 용산구 이촌로 324-10	분양	19770112	2	192	192	0	위탁관리	지역난방	계단식	삼익주택	세화종합관리(주)
서울특별시	용산구	이촌동	A14003104	이촌동삼성리버스위트	아파트	서울특별시 용산구 이촌동 426 이촌동삼성리버스위트	서울특별시 용산구 이촌로88길 30	분양	20020430	6	244	244	0	자치관리	지역난방	계단식	삼성물산(주)	 
서울특별시	용산구	이촌동	A14003105	한강대우	아파트	서울특별시 용산구 이촌동 415 한강대우	서울특별시 용산구 이촌로 181	분양	20000331	10	834	834	0	위탁관리	지역난방	계단식	(주)대우건설	(주)신대한관리
서울특별시	용산구	이촌동	A14003106	이촌강촌아파트	아파트	서울특별시 용산구 이촌동 402 이촌강촌아파트	서울특별시 용산구 이촌로81길 14	분양	19980108	9	1001	1001	0	위탁관리	지역난방	혼합식	건영	(주)아주관리
서울특별시	용산구	산천동	A14004001	한강타운	아파트	서울특별시 용산구 산천동 204 한강타운	서울특별시 용산구 새창로8길 157	분양	20010222	3	289	289	0	위탁관리	개별난방	복도식	한진건설(주)	우진관리(주)
서울특별시	용산구	산천동	A14004002	리버힐삼성아파트	아파트	서울특별시 용산구 산천동 193 리버힐삼성아파트	서울특별시 용산구 효창원로 17	분양	20010110	14	1102	1102	0	위탁관리	개별난방	혼합식	삼성물산	(주)신대한관리
서울특별시	용산구	청암동	A14005001	청암자이	아파트	서울특별시 용산구 청암동 181 청암자이	서울특별시 용산구 삼개로 60	분양	20050818	5	170	170	0	위탁관리	개별난방	계단식	부곡레저	우리관리(주)
서울특별시	용산구	신창동	A14006001	신창세방리버하이빌	아파트	서울특별시 용산구 신창동 102 신창세방리버하이빌	서울특별시 용산구 효창원로15길 16	분양	20050411	3	176	176	0	위탁관리	개별난방	계단식	세방건설	국제경보산업
서울특별시	용산구	도원동	A14007001	도원삼성제2	아파트	서울특별시 용산구 도원동 25 도원삼성제2	서울특별시 용산구 새창로8길 7	임대	20010803	2	534	0	534	위탁관리	개별난방	복도식	삼성물산	광인산업(주)
서울특별시	용산구	도원동	A14007002	도원삼성래미안	아파트	서울특별시 용산구 도원동 23 도원삼성래미안	서울특별시 용산구 새창로 70	분양	20010803	15	1458	1458	0	위탁관리	개별난방	계단식	삼성	세화종합관리(주)
서울특별시	용산구	신계동	A14009001	용산e편한세상	아파트	서울특별시 용산구 신계동 48 용산e편한세상	서울특별시 용산구 원효로 216	혼합	20110401	13	867	699	168	위탁관리	중앙난방	계단식	대림산업	(주)태룡에스디
서울특별시	용산구	문배동	A14010001	용산아크로타워	주상복합	서울특별시 용산구 문배동 24-21 용산아크로타워	서울특별시 용산구 백범로90길 26	분양	20070122	2	208	208	0	위탁관리	개별난방+기타	혼합식	고려개발	제일에스테이트서비스 주식회사
서울특별시	용산구	문배동	A14010002	이안용산프리미어	주상복합	서울특별시 용산구 문배동 3-3 이안용산프리미어	서울특별시 용산구 청파로 213	분양	20070724	2	188	188	0	위탁관리	개별난방	계단식	(주)대우자동차판매	서일개발(주)
서울특별시	용산구	문배동	A14010003	용산CJ나인파크	주상복합	서울특별시 용산구 문배동 24-6 용산CJ나인파크	서울특별시 용산구 백범로90다길 12	분양	20070702	2	280	280	0	위탁관리	개별난방	복도식	CJ건설	한국주택관리(주)
서울특별시	용산구	후암동	A14019001	후암미주	아파트	서울특별시 용산구 후암동 423-1 후암미주	서울특별시 용산구 후암로 71-1	분양	19800722	5	226	226	0	자치관리	개별난방	복도식	라이프주택	 
서울특별시	용산구	한남동	A14021001	한남동리첸시아	주상복합	서울특별시 용산구 한남동 72-1 한남동리첸시아	서울특별시 용산구 한남대로 60	분양	20040409	3	371	371	0	위탁관리(직영+위탁)	개별난방	혼합식	(주)금호산업	(주)씨에치앤산업
서울특별시	용산구	서빙고동	A14024001	서빙고금호베스트빌	아파트	서울특별시 용산구 서빙고동 296 서빙고금호베스트빌	서울특별시 용산구 서빙고로51길 68-14	분양	20021014	3	172	172	0	위탁관리	개별난방	계단식	금호건설	세화종합관리(주)
서울특별시	용산구	서빙고동	A14024002	서빙고신동아	아파트	서울특별시 용산구 서빙고동 241-21 서빙고신동아	서울특별시 용산구 이촌로 347	분양	19840628	15	1326	1326	0	자치관리	지역난방	계단식	신동아건설	 
서울특별시	용산구	원효로1가	A14070301	리첸시아용산	주상복합	"서울특별시 용산구 원효로1가 133-3,서울특별시 용산구 문배동 40-31 리첸시아용산"	서울특별시 용산구 백범로 341	분양	20100429	3	260	260	0	위탁관리	개별난방+기타	혼합식	금호건설	에이제이대원 주식회사
서울특별시	용산구	원효로1가	A14070302	용산더프라임	주상복합	서울특별시 용산구 원효로1가 41 용산더프라임	서울특별시 용산구 원효로90길 11	분양	20140217	3	559	559	0	위탁관리	개별난방	혼합식	동아건설	(주)경진관리
서울특별시	용산구	동자동	A14070901	동부센트레빌아스테리움서울	주상복합	서울특별시 용산구 동자동 45 동부센트레빌아스테리움서울	서울특별시 용산구 한강대로 372	분양	20130909	3	278	278	0	위탁관리	중앙난방	계단식	동부건설	인덕종합관리(주)
서울특별시	용산구	이촌동	A14072701	한가람아파트	아파트	"서울특별시 용산구 이촌동 404,서울특별시 용산구 이촌동 410,서울특별시 용산구 이촌동 407,서울특별시 용산구 이촌동 405,서울특별시 용산구 이촌동 406,서울특별시 용산구 이촌동 409 한가람아파트"	"서울특별시 용산구 이촌로 201,서울특별시 용산구 이촌로69길 30,서울특별시 용산구 이촌로71길 10,서울특별시 용산구 이촌로65가길 51,서울특별시 용산구 이촌로65가길 23,서울특별시 용산구 이촌로65길 8"	분양	19980918	19	2036	2036	0	자치관리	지역난방	혼합식	(주) 건영	 
서울특별시	용산구	이촌동	A14072702	이촌	아파트	"서울특별시 용산구 이촌동 414,서울특별시 용산구 이촌동 412 이촌"	"서울특별시 용산구 이촌로87길 21,서울특별시 용산구 이촌로89길 32"	분양	19991101	10	834	834	0	위탁관리	지역난방	혼합식	코오롤건설	주)신대한관리
서울특별시	용산구	이촌동	A14072901	북한강성원아파트	아파트	서울특별시 용산구 이촌동 422 북한강성원아파트	서울특별시 용산구 이촌로2가길 66	분양	20010807	2	340	340	0	위탁관리	지역난방	계단식	성원건설	광인에스테이트서비스 주식회사
서울특별시	용산구	효창동	A14074101	효창파크푸르지오	아파트	서울특별시 용산구 효창동 274 효창파크푸르지오	서울특별시 용산구 백범로 260	분양	20100831	7	307	307	0	위탁관리	개별난방	계단식	대우건설(주)	서림주택관리(주)
서울특별시	용산구	효창동	A14074102	효창한신	아파트	서울특별시 용산구 효창동 5-145 효창한신		분양	19871030	4	120	120	0	자치관리	개별난방	계단식	한신공영	 
서울특별시	용산구	한강로3가	A14074501	한강로우림필유	아파트	서울특별시 용산구 한강로3가 91 한강로우림필유	서울특별시 용산구 이촌로29길 21-7	분양	20060915	4	144	144	0	위탁관리	개별난방	계단식	우림	에이제이대원 주식회사
서울특별시	용산구	한강로1가	A14075201	용산파크자이	주상복합	서울특별시 용산구 한강로1가 50-1 용산파크자이	서울특별시 용산구 한강대로 205	분양	20051223	3	310	310	0	자치관리	개별난방	계단식	GS건설	 
서울특별시	용산구	산천동	A14076401	산천리버힐제2	아파트	서울특별시 용산구 산천동 194 산천리버힐제2	서울특별시 용산구 효창원로13길 7	임대	20010110	2	363	0	363	위탁관리	개별난방	복도식	삼성물산	광인산업(주)
서울특별시	용산구	이촌동	A14077401	점보	아파트	서울특별시 용산구 이촌동 300-10 점보	서울특별시 용산구 이촌로88길 3	사택 및 관사 등	19740708	1	144	144	0	자치관리	지역난방	계단식	삼익주택	 
서울특별시	용산구	한남동	A14077901	한남힐스테이트	아파트	서울특별시 용산구 한남동 807 한남힐스테이트	서울특별시 용산구 장문로 141	분양	20031002	6	283	283	0	위탁관리	개별난방	계단식	현대건설	대승종합관리(주)
서울특별시	용산구	한남동	A14077902	한남더힐	아파트	서울특별시 용산구 한남동 810 한남더힐	서울특별시 용산구 독서당로 111	분양	20110107	32	600	600	0	위탁관리	개별난방	계단식	금호건설	(주)타워피엠씨
서울특별시	용산구	보광동	A14082302	보광삼성리버빌	아파트	서울특별시 용산구 보광동 151 보광삼성리버빌	서울특별시 용산구 보광로5길 40	분양	20001031	2	242	242	0	위탁관리	개별난방	혼합식	삼성중공업	서일개발(주)
서울특별시	용산구	보광동	A14082601	신동아아파트	아파트	서울특별시 용산구 보광동 448 신동아아파트	서울특별시 용산구 보광로 14	분양	19920919	2	226	226	0	자치관리	개별난방	계단식	신동아건설(주)	 
서울특별시	용산구	용문동	A14083101	브라운스톤용산	아파트	서울특별시 용산구 용문동 90 브라운스톤용산	서울특별시 용산구 효창원로 88	분양	20110705	4	195	195	0	위탁관리	개별난방	계단식	이수건설(주)	세화종합관리(주)
서울특별시	용산구	원효로4가	A14085002	원효산호	아파트	서울특별시 용산구 원효로4가 118-16 원효산호	서울특별시 용산구 원효로 66	분양	19770404	6	9	9	0	위탁관리	지역난방	복도식	한양건설	광인산업(주)
서울특별시	용산구	원효로4가	A14085101	원효로강변삼성스위트	아파트	서울특별시 용산구 원효로4가 178 원효로강변삼성스위트	서울특별시 용산구 원효로 40	분양	19991224	3	300	300	0	위탁관리	개별난방	복도식	삼성중공업	서림주택관리(주)
서울특별시	용산구	이촌동	A14085501	현대한강	아파트	서울특별시 용산구 이촌동 400 현대한강	서울특별시 용산구 이촌로34길 29	분양	19970307	4	516	516	0	위탁관리	지역난방	계단식	현대건설(주)	서일개발(주)
서울특별시	용산구	이태원동	A14086001	청화아파트	아파트	서울특별시 용산구 이태원동 22-2 청화아파트	서울특별시 용산구 장문로 27	분양	19820918	9	587	587	0	위탁관리	중앙난방	혼합식	청화기업	대원에스테이트서비스(주)
서울특별시	용산구	이태원동	A14086101	이태원남산대림	아파트	서울특별시 용산구 이태원동 729 이태원남산대림	"서울특별시 용산구 녹사평대로 254,서울특별시 용산구 회나무로13길 9"	분양	19941231	16	400	400	0	자치관리	중앙난방	복도식	대림산업(주)	 
서울특별시	용산구	한강로3가	A14088201	시티파크2단지	주상복합	서울특별시 용산구 한강로3가 63-387 시티파크2단지	서울특별시 용산구 서빙고로 31	분양	20070821	2	208	208	0	위탁관리	중앙난방	기타	롯데건설	우리관리(주)
서울특별시	용산구	한강로3가	A14088302	한강트럼프월드3차	주상복합	서울특별시 용산구 한강로3가 65-230 한강트럼프월드3차	서울특별시 용산구 한강대로 26	분양	20040428	1	385	385	0	위탁관리	중앙난방	혼합식	대우건설	(주)타워피엠씨
서울특별시	용산구	이촌동	A14090902	이촌대림	아파트	서울특별시 용산구 이촌동 395 이촌대림	서울특별시 용산구 이촌로2가길 122	분양	19941129	4	638	638	0	자치관리	지역난방	혼합식	대림산업	 
서울특별시	강북구	번동	A14206001	번동삼성	아파트	서울특별시 강북구 번동 470-1 번동삼성	서울특별시 강북구 도봉로98길 33	분양	19981203	1	228	228	0	위탁관리	개별난방	계단식	삼성물산(주)	서림주택관리(주)
서울특별시	강북구	번동	A14206002	번동금호어울림	아파트	서울특별시 강북구 번동 656 번동금호어울림	서울특별시 강북구 오현로31길 85-7	분양	19980624	3	284	284	0	위탁관리	개별난방	계단식	(주)금호	(주)동우개발
서울특별시	강북구	번동	A14206003	번동1단지주공아파트	아파트	서울특별시 강북구 번동 242 번동1단지주공아파트	서울특별시 강북구 한천로105길 23	분양	19910518	14	1430	1430	0	위탁관리	중앙난방	복도식	대한주택공사	율산개발(주)
서울특별시	강북구	번동	A14206201	오동공원현대홈타운	아파트	서울특별시 강북구 번동 760 오동공원현대홈타운	서울특별시 강북구 오현로31길 89	분양	20010911	3	245	245	0	위탁관리	개별난방	계단식	현대건설	(주)동우개발
서울특별시	강북구	번동	A14206202	번동주공4단지	아파트	서울특별시 강북구 번동 234 번동주공4단지	서울특별시 강북구 오현로 207	분양	19910423	8	900	900	0	위탁관리	개별난방	혼합식	대한주택공사	서일개발
서울특별시	강북구	번동	A14206301	번동동문아파트	아파트	서울특별시 강북구 번동 657 번동동문아파트	서울특별시 강북구 오현로 128	분양	19980814	3	167	167	0	위탁관리	개별난방	계단식	동문건설	한국주택시설관리(주)
서울특별시	강북구	번동	A14206302	번동한진	아파트	서울특별시 강북구 번동 658 번동한진	서울특별시 강북구 월계로37길 65	분양	20001229	2	202	202	0	위탁관리	개별난방	혼합식	한진중공업	대한종합관리(주)
서울특별시	강북구	번동	A14206303	번동한솔솔파크	아파트	서울특별시 강북구 번동 138 번동한솔솔파크	서울특별시 강북구 오현로 180	분양	20050901	4	225	225	0	위탁관리	개별난방	계단식	한솔건설주식회사	(주)덕우
서울특별시	강북구	번동	A14206305	번동기산그린	아파트	서울특별시 강북구 번동 191 번동기산그린	서울특별시 강북구 월계로37길 137	분양	20000224	2	263	263	0	위탁관리	개별난방	혼합식	(주)기산 기산번동 연합주택조합	(주)덕우
서울특별시	강북구	번동	A14206306	번동신원	아파트	서울특별시 강북구 번동 204 번동신원	서울특별시 강북구 월계로37길 87-9	분양	20000608	3	285	285	0	위탁관리	개별난방	복도식	지역주택조합외1개조합	인덕종합관리(주)
서울특별시	강북구	번동	A14206307	번동솔그린	아파트	서울특별시 강북구 번동 136 번동솔그린	서울특별시 강북구 한천로109길 83	분양	19990916	4	380	380	0	위탁관리	개별난방	혼합식	홍익종합건업(주)	무림하우징
서울특별시	강북구	번동	A14206310	번동주공2단지	아파트	서울특별시 강북구 번동 241 번동주공2단지	서울특별시 강북구 한천로105길 24	임대	19910518	11	1766	0	1766	위탁관리	중앙난방	복도식	"대림산업, 삼익건설"	주택관리공단(주)
서울특별시	강북구	수유동	A14207201	래미안수유임대	아파트	서울특별시 강북구 수유동 730 래미안수유임대	서울특별시 강북구 한천로159길 8	임대	20011129	1	180	0	180	위탁관리	개별난방	복도식	삼성물산	광인산업(주)
서울특별시	강북구	수유동	A14207202	래미안수유	아파트	서울특별시 강북구 수유동 730 래미안수유	서울특별시 강북구 한천로159길 8	분양	20011129	6	510	510	0	위탁관리	개별난방	혼합식	삼성물산주택사업부	우리관리(주)
서울특별시	강북구	수유동	A14207203	수유벽산	아파트	서울특별시 강북구 수유동 205 수유벽산	서울특별시 강북구 삼각산로 143-1	분양	19931117	13	1454	1454	0	위탁관리	개별난방	복도식	벽산건설주식회사	(주)신성티엠
서울특별시	강북구	우이동	A14209001	우이대우	아파트	서울특별시 강북구 우이동 342 우이대우	서울특별시 강북구 삼양로149길 33	분양	20001116	6	260	260	0	위탁관리	개별난방	계단식	(주)대우	세화종합관리(주)
서울특별시	강북구	미아동	A14210001	삼각산아이원임대	아파트	서울특별시 강북구 미아동 1357-2 삼각산아이원임대	서울특별시 강북구 삼양로19길 113	임대	20031230	2	673	0	673	위탁관리	개별난방	복도식	풍림건설	광인산업(주)
서울특별시	강북구	미아동	A14210002	삼각산아이원	아파트	서울특별시 강북구 미아동 1357 삼각산아이원	서울특별시 강북구 삼양로19길 113	분양	20031230	20	1344	1344	0	위탁관리	개별난방	계단식	풍림산업(주)	남경종합관리(주)
서울특별시	강북구	번동	A14270301	수유역두산위브	아파트	"서울특별시 강북구 번동 410,서울특별시 강북구 번동 411 수유역두산위브"	"서울특별시 강북구 덕릉로41길 12,서울특별시 강북구 덕릉로41길 15"	분양	20090629	3	292	292	0	위탁관리	개별난방	계단식	두산건설(주)	태영건물종합관리 주식회사
서울특별시	강북구	미아동	A14272303	한일유앤아이	아파트	서울특별시 강북구 미아동 1355 한일유앤아이	서울특별시 강북구 월계로21가길 41	분양	20021129	8	384	384	0	위탁관리	개별난방	계단식	한일건설(주)	세화종합관리(주)
서울특별시	강북구	미아동	A14272304	SK북한산시티아파트	아파트	서울특별시 강북구 미아동 1353 SK북한산시티아파트	서울특별시 강북구 솔샘로 174	분양	20040507	47	3830	3830	0	위탁관리	개별난방	계단식	sk건설	광인에스테이트서비스 주식회사
서울특별시	강북구	미아동	A14272305	벽산라이브파크	아파트	서울특별시 강북구 미아동 1354 벽산라이브파크	"서울특별시 강북구 인수봉로 18,서울특별시 강북구 솔샘로 159"	분양	20040807	19	1585	1585	0	위탁관리	개별난방	혼합식	벽산건설	세화종합관리(주)
서울특별시	강북구	미아동	A14272306	미아경남아너스빌	아파트	서울특별시 강북구 미아동 1356 미아경남아너스빌	서울특별시 강북구 오패산로30길 30	분양	20030620	11	860	860	0	위탁관리	개별난방	혼합식	미아아파트재건축조합	에이제이대원 주식회사
서울특별시	강북구	미아동	A14272307	미아현대	아파트	서울특별시 강북구 미아동 190-2 미아현대	서울특별시 강북구 도봉로68길 26	분양	19921221	3	231	231	0	위탁관리	개별난방	계단식	현대산업개발(주)	(주)진흥관리시스템
서울특별시	강북구	미아동	A14272308	래미안트리베라2차	아파트	서울특별시 강북구 미아동 812 래미안트리베라2차	서울특별시 강북구 삼양로27길 19	혼합	20100528	22	1330	1102	228	위탁관리	개별난방	계단식	삼성물산	(주)아주관리
서울특별시	강북구	미아동	A14272309	래미안트리베라1차	아파트	"서울특별시 강북구 미아동 813,서울특별시 강북구 미아동 813,서울특별시 강북구 미아동 813 래미안트리베라1차"	서울특별시 강북구 삼양로19길 25	혼합	20100528	24	1247	1035	212	위탁관리	개별난방	혼합식	삼성물산(주)	우리관리(주)
서울특별시	강북구	미아동	A14272310	미아벽산임대	아파트	서울특별시 강북구 미아동 1354-1 미아벽산임대	서울특별시 강북구 솔샘로 159	임대	20040807	2	490	0	490	위탁관리	개별난방	복도식	벽산건설	광인산업(주)
서울특별시	강북구	미아동	A14272311	SK북한산시티임대	아파트	서울특별시 강북구 미아동 1353-1 SK북한산시티임대	서울특별시 강북구 솔샘로 174	임대	20040507	7	1497	0	1497	위탁관리	개별난방	복도식	sk건설	주식회사 한빛종합관리
서울특별시	강북구	미아동	A14272313	송천센트레빌	아파트	서울특별시 강북구 미아동 461 송천센트레빌	서울특별시 강북구 숭인로 39	혼합	20100910	5	376	306	70	위탁관리	개별난방	혼합식	동부건설(주)	우리관리(주)
서울특별시	강북구	미아동	A14272314	미아뉴타운두산위브트레지움	아파트	"서울특별시 강북구 미아동 811,서울특별시 강북구 미아동 811 미아뉴타운두산위브트레지움"	"서울특별시 강북구 삼양로27길 95,서울특별시 강북구 삼양로27길 80"	혼합	20111031	24	1370	1136	234	위탁관리	개별난방	계단식	두산건설	우리관리(주)
서울특별시	강북구	번동	A14276311	번동주공3단지	주상복합	서울특별시 강북구 번동 237 번동주공3단지	서울특별시 강북구 오현로 208	임대	19901109	9	1560	0	1560	위탁관리	중앙난방	복도식	"LH공사(현대건설,화성산업,동원건설등)"	주택관리공단(주)
서울특별시	강북구	미아동	A14277601	래미안미아1차	아파트	서울특별시 강북구 미아동 797 래미안미아1차	서울특별시 강북구 삼양로 256	분양	20061109	6	306	306	0	위탁관리	개별난방	계단식	삼성물산	서일개발
서울특별시	강북구	수유동	A14278101	수유극동아파트	아파트	서울특별시 강북구 수유동 553-61 수유극동아파트	서울특별시 강북구 인수봉로72길 4	분양	19920323	7	574	574	0	위탁관리	개별난방	계단식	동익건설	(주)동우개발
서울특별시	강북구	미아동	A14280502	미아동부센트레빌	아파트	서울특별시 강북구 미아동 474 미아동부센트레빌	서울특별시 강북구 숭인로7가길 37	분양	20060425	8	480	480	0	위탁관리	개별난방	계단식	동부건설	(주)동우개발
서울특별시	강북구	미아동	A14281701	현대성우	주상복합	서울특별시 강북구 미아동 561-2 현대성우	서울특별시 강북구 삼양로24길 19	분양	19981027	2	216	216	0	자치관리	개별난방	혼합식	현대 성우건설	 
서울특별시	강북구	미아동	A14282301	미아2동경남아너스빌	아파트	서울특별시 강북구 미아동 796 미아2동경남아너스빌	서울특별시 강북구 삼양로74길 8	분양	20080125	4	208	208	0	위탁관리	개별난방	계단식	경남기업(주)	(주)다온관리서비스
서울특별시	강북구	번동	A14286104	번동한양	아파트	서울특별시 강북구 번동 133-1 번동한양	서울특별시 강북구 한천로109길 69	분양	19921106	3	261	261	0	위탁관리	개별난방	계단식	한양주택 (주)	shy&tm
서울특별시	강북구	번동	A14286108	해모로	아파트	서울특별시 강북구 번동 139 해모로	서울특별시 강북구 오현로 156	분양	20030728	5	430	430	0	위탁관리	개별난방	혼합식	한진중공업(주)	남경종합관리(주)
서울특별시	강북구	번동	A14286203	번동주공5단지	아파트	서울특별시 강북구 번동 229 번동주공5단지	서울특별시 강북구 오현로31길 141	임대	19910513	8	1123	0	1123	위탁관리	중앙난방	복도식	주택공사	주택관리공단(주)번동5관리소
서울특별시	강북구	우이동	A14287102	우이동성원아파트	아파트	서울특별시 강북구 우이동 1 우이동성원아파트	서울특별시 강북구 삼양로 658	분양	19901019	2	262	262	0	자치관리	개별난방	계단식	성원건설	 
서울특별시	광진구	화양동	A14313001	화양현대	아파트	서울특별시 광진구 화양동 234 화양현대	서울특별시 광진구 동일로24길 5	분양	19990520	3	253	253	0	자치관리	개별난방	혼합식	현대건설(주)	 
서울특별시	광진구	자양동	A14319001	자양경남아너스빌	아파트	서울특별시 광진구 자양동 666-28 자양경남아너스빌	서울특별시 광진구 자양로3길 55	분양	19970524	1	150	150	0	위탁관리	개별난방	혼합식	대아건설	서림주택관리(주)
서울특별시	광진구	자양동	A14319002	자양한강극동	아파트	서울특별시 광진구 자양동 57-103 자양한강극동	서울특별시 광진구 능동로3길 53	분양	19910808	2	158	158	0	자치관리	개별난방	계단식	극동건설주식회사	자치관리
서울특별시	광진구	자양동	A14319003	자양현대	아파트	서울특별시 광진구 자양동 645-5 자양현대	서울특별시 광진구 뚝섬로56길 72	분양	19930527	2	182	182	0	자치관리	개별난방	계단식	고려산업개발	 
서울특별시	광진구	자양동	A14319005	자양한강현대	아파트	서울특별시 광진구 자양동 829 자양한강현대	서울특별시 광진구 능동로 19	분양	19931120	2	204	204	0	위탁관리	개별난방	계단식	고려산업개발(주)	(주)신현대관리
서울특별시	광진구	자양동	A14319006	자양2차현대	아파트	서울특별시 광진구 자양동 761 자양2차현대	서울특별시 광진구 뚝섬로34길 9	분양	19950422	1	235	235	0	위탁관리	개별난방	계단식	현대산업개발	서림주택관리(주)
서울특별시	광진구	자양동	A14319007	자양현대홈타운8차	아파트	서울특별시 광진구 자양동 789 자양현대홈타운8차	서울특별시 광진구 뚝섬로36길 19	분양	20020508	5	257	257	0	위탁관리	개별난방	계단식	현대건설(주)	유원종합관리(주)
서울특별시	광진구	자양동	A14319008	자양대동	아파트	서울특별시 광진구 자양동 784-1 자양대동	서울특별시 광진구 뚝섬로31길 20	분양	19990310	4	314	314	0	위탁관리	개별난방	혼합식	(주)대동주택	주식회사 한빛종합관리
서울특별시	광진구	자양동	A14319009	자양로얄동아	아파트	서울특별시 광진구 자양동 644 자양로얄동아	서울특별시 광진구 뚝섬로52마길 56	분양	19990916	4	322	322	0	위탁관리	개별난방	혼합식	(주)동아건설	서림
서울특별시	광진구	자양동	A14319010	한강우성아파트	아파트	서울특별시 광진구 자양동 87-1 한강우성아파트	서울특별시 광진구 능동로1길 15	분양	19931221	2	355	355	0	위탁관리	개별난방	계단식	(주)우성건설	신한영주택관리
서울특별시	광진구	자양동	A14319011	자양우성1차	아파트	서울특별시 광진구 자양동 579 자양우성1차	서울특별시 광진구 뚝섬로 569	분양	19880913	6	656	656	0	위탁관리	개별난방	혼합식	제일은행강동구청주택사업	우진관리주식회사
서울특별시	광진구	자양동	A14319012	자양더샵스타시티	아파트	서울특별시 광진구 자양동 227-7 자양더샵스타시티	서울특별시 광진구 아차산로 262	분양	20070122	4	1310	1310	0	위탁관리	개별난방	복도식	posco	한국주택시설관리(주)
서울특별시	광진구	자양동	A14319013	한강성원	아파트	서울특별시 광진구 자양동 831-1 한강성원	서울특별시 광진구 능동로3길 17	분양	19970808	1	140	140	0	위탁관리	개별난방	복도식	성원건설	한영
서울특별시	광진구	자양동	A14319015	구의현대홈시티	주상복합	서울특별시 광진구 자양동 779-8 구의현대홈시티	서울특별시 광진구 자양로 109	분양	20060831	1	102	102	0	위탁관리	개별난방	계단식	현대건설	우리관리(주)
서울특별시	광진구	자양동	A14319201	현대강변	아파트	서울특별시 광진구 자양동 673 현대강변	서울특별시 광진구 자양로3가길 43	분양	19911210	2	208	208	0	위탁관리	개별난방	계단식	현대건설	서림주택관리(주)
서울특별시	광진구	자양동	A14319203	자양현대5차	아파트	서울특별시 광진구 자양동 642 자양현대5차	서울특별시 광진구 뚝섬로54길 74	분양	19980624	3	270	270	0	위탁관리	개별난방	혼합식	현대(주)	(주)한영파트너스에프에이치
서울특별시	광진구	자양동	A14319204	자양현대3차	아파트	서울특별시 광진구 자양동 670 자양현대3차	"서울특별시 광진구 뚝섬로58길 101,서울특별시 광진구 뚝섬로56가길 10"	분양	19961209	2	439	439	0	위탁관리	개별난방	혼합식	2022-11-08	광인에스테이트서비스 주식회사
서울특별시	광진구	자양동	A14319301	자양현대6차	아파트	서울특별시 광진구 자양동 786 자양현대6차	서울특별시 광진구 자양번영로3길 66	분양	19990203	1	178	178	0	위탁관리	개별난방	혼합식	현대건설(주)	주식회사 계룡관리
서울특별시	광진구	자양동	A14319302	자양우방리버파크	아파트	서울특별시 광진구 자양동 793 자양우방리버파크	서울특별시 광진구 능동로4길 78	분양	20031014	3	214	214	0	위탁관리	개별난방	복도식	(주) 우방	(주)신원티엠씨(TMC)
서울특별시	광진구	자양동	A14319303	자양현대홈타운10차	아파트	서울특별시 광진구 자양동 792 자양현대홈타운10차	서울특별시 광진구 뚝섬로34길 25-19	분양	20021030	6	245	245	0	위탁관리	개별난방	계단식	현대건설	한국주택시설관리(주)
서울특별시	광진구	자양동	A14319305	광진트라팰리스	주상복합	서울특별시 광진구 자양동 854 광진트라팰리스	서울특별시 광진구 뚝섬로34길 67	분양	20060721	2	204	204	0	위탁관리	개별난방	계단식	삼성물산	(주)타워피엠씨
서울특별시	광진구	자양동	A14319306	이튼타워리버3차	주상복합	서울특별시 광진구 자양동 855 이튼타워리버3차	서울특별시 광진구 능동로 18	분양	20070417	3	260	260	0	위탁관리(직영+위탁)	개별난방	계단식	인정건설(주)	(주)쌍용개발
서울특별시	광진구	자양동	A14319307	자양한라	아파트	서울특별시 광진구 자양동 762 자양한라	"서울특별시 광진구 뚝섬로33길 20,서울특별시 광진구 뚝섬로35길 10"	분양	19960831	2	329	329	0	위탁관리	개별난방	복도식	한라건설	(주)신원티엠씨(TMC)
서울특별시	광진구	자양동	A14319311	자양우성7차	아파트	서울특별시 광진구 자양동 783-1 자양우성7차	서울특별시 광진구 아차산로36길 39	분양	19980706	5	625	625	0	위탁관리	개별난방	혼합식	(주)우성건설	(주)미래에이비엠
서울특별시	광진구	구의동	A14320001	구의현대7단지	아파트	서울특별시 광진구 구의동 587-54 구의현대7단지	서울특별시 광진구 구의강변로3가길 39	분양	19971226	3	273	273	0	위탁관리	개별난방	혼합식	(주)마이크로장	우리관리(주)
서울특별시	광진구	구의동	A14320002	구의대림아크로리버	주상복합	서울특별시 광진구 구의동 589-10 구의대림아크로리버	서울특별시 광진구 구의강변로 64	분양	20040113	2	220	220	0	위탁관리	개별난방+기타	계단식	대림산업(주)	우리관리(주)
서울특별시	광진구	구의동	A14320302	구의강변우성	아파트	서울특별시 광진구 구의동 546-7 구의강변우성	서울특별시 광진구 구의강변로 42	분양	19921226	3	354	354	0	위탁관리	개별난방	계단식	우성건설(주)	신한영주택관리(주)
서울특별시	광진구	구의동	A14320304	구의현대프라임	아파트	서울특별시 광진구 구의동 631-1 구의현대프라임	서울특별시 광진구 광나루로56길 29	분양	19970328	15	1592	1592	0	위탁관리	중앙난방	혼합식	현대건설(주)	(주)무림하우징
서울특별시	광진구	광장동	A14321001	광장11현대홈타운	연립주택	서울특별시 광진구 광장동 579 광장11현대홈타운	서울특별시 광진구 아차산로69길 29	분양	20031028	8	159	159	0	위탁관리	개별난방	계단식	현대건설	광인산업(주)
서울특별시	광진구	중곡동	A14322001	중곡SK	아파트	서울특별시 광진구 중곡동 292 중곡SK	서울특별시 광진구 용마산로 174	분양	19991130	3	182	182	0	위탁관리	개별난방	혼합식	(주)SK건설	주)서일개발
서울특별시	광진구	광장동	A14375301	광장힐스테이트	아파트	서울특별시 광진구 광장동 582 광장힐스테이트	서울특별시 광진구 아차산로 537-17	분양	20120328	5	453	453	0	위탁관리	개별난방	계단식	현대건설주식회사	서림주택관리(주)
서울특별시	광진구	광장동	A14375302	워커힐푸르지오	아파트	서울특별시 광진구 광장동 148-4 워커힐푸르지오	서울특별시 광진구 아차산로78길 12	분양	19870302	2	200	200	0	위탁관리	개별난방	계단식	대우건설	율산개발(주)
서울특별시	광진구	광장동	A14375303	현대홈타운12차	아파트	서울특별시 광진구 광장동 580 현대홈타운12차	서울특별시 광진구 천호대로 808	분양	20040901	2	119	119	0	위탁관리	개별난방	계단식	현대건설(주)	한국주택시설관리(주)
서울특별시	광진구	자양동	A14376501	한솔리베르	아파트	서울특별시 광진구 자양동 672 한솔리베르	서울특별시 광진구 뚝섬로56가길 28	분양	20020124	1	185	185	0	위탁관리	개별난방	복도식	한솔	광인산업(주)
서울특별시	광진구	자양동	A14377402	이튼타워리버5차	아파트	서울특별시 광진구 자양동 856 이튼타워리버5차	서울특별시 광진구 능동로4길 40	분양	20090915	4	279	279	0	위탁관리	개별난방	계단식	인정건설	(주)무림하우징
서울특별시	광진구	광장동	A14380211	워커힐아파트	아파트	"서울특별시 광진구 광장동 362,서울특별시 광진구 광장동 145-8 워커힐아파트"	"서울특별시 광진구 아차산로 637,서울특별시 광진구 아차산로 635"	분양	19781113	14	576	576	0	자치관리	중앙난방	계단식	SK건설	 
서울특별시	광진구	광장동	A14380409	광장극동1차	아파트	서울특별시 광진구 광장동 218-1 광장극동1차	서울특별시 광진구 아차산로 552	분양	19850914	5	448	448	0	위탁관리	중앙난방	계단식	극동건설	(주)무림하우징
서울특별시	광진구	광장동	A14380414	극동2차아파트	아파트	서울특별시 광진구 광장동 218-1 극동2차아파트	서울특별시 광진구 아차산로 552	분양	19890324	11	896	896	0	위탁관리	중앙난방	계단식	극동건설	율산개발(주)
서울특별시	광진구	광장동	A14380605	광장신동아파밀리에	아파트	서울특별시 광진구 광장동 250 광장신동아파밀리에	서울특별시 광진구 아차산로 599	분양	20071015	8	302	302	0	위탁관리	개별난방	계단식	신동아건설	한국에셋솔루션(주)
서울특별시	광진구	광장동	A14381407	광장동 광나루현대	아파트	서울특별시 광진구 광장동 567 광장동 광나루현대	서울특별시 광진구 아차산로76길 31	분양	19960417	3	380	380	0	위탁관리	개별난방	계단식	현대산업개발	우리관리(주)
서울특별시	광진구	광장동	A14381415	광장현대3단지아파트	아파트	서울특별시 광진구 광장동 484 광장현대3단지아파트	서울특별시 광진구 아차산로70길 62	분양	19901020	10	1056	1056	0	위탁관리	개별난방	혼합식	현대그룹제3직장 주택조합	한국주택시설관리(주)
서울특별시	광진구	광장동	A14381504	광장동금호베스트빌	아파트	서울특별시 광진구 광장동 578 광장동금호베스트빌	서울특별시 광진구 광나루로 579	분양	20010618	4	242	242	0	위탁관리	개별난방	계단식	(주)금호건설	(주)현대개발
서울특별시	광진구	광장동	A14381506	"광장삼성1,2차"	아파트	"서울특별시 광진구 광장동 561,서울특별시 광진구 광장동 453-1 광장삼성1,2차"	"서울특별시 광진구 아차산로 544,서울특별시 광진구 아차산로70길 17-17"	분양	19871229	3	360	360	0	위탁관리	개별난방	혼합식	삼성종합건설	한국주택관리(주)
서울특별시	광진구	광장동	A14381508	광장현대9차	아파트	서울특별시 광진구 광장동 576 광장현대9차	서울특별시 광진구 아차산로69길 19	분양	19990430	5	437	437	0	자치관리	개별난방	계단식	현대건설	 
서울특별시	광진구	광장동	A14381510	광장현대8단지	아파트	"서울특별시 광진구 광장동 565,서울특별시 광진구 광장동 569 광장현대8단지"	"서울특별시 광진구 아차산로 522,서울특별시 광진구 아차산로 508"	분양	19950327	3	537	537	0	자치관리	개별난방	혼합식	현대건설(주)	 
서울특별시	광진구	광장동	A14381512	광장현대5단지	아파트	서울특별시 광진구 광장동 554-7 광장현대5단지	서울특별시 광진구 아차산로70길 61	분양	19890421	6	581	581	0	위탁관리	개별난방	혼합식	현대건설(주)	한국주택시설관리(주)
서울특별시	광진구	광장동	A14381513	광장청구	아파트	서울특별시 광진구 광장동 566 광장청구	서울특별시 광진구 아차산로 503-23	분양	19960705	4	654	654	0	위탁관리	개별난방	혼합식	청구주택	광인에스테이트서비스 주식회사
서울특별시	광진구	광장동	A14381516	광장현대파크빌	아파트	서울특별시 광진구 광장동 577 광장현대파크빌	서울특별시 광진구 아차산로 549	분양	20000831	13	1170	1170	0	자치관리	개별난방	계단식	현대건설	 
서울특별시	광진구	구의동	A14382101	구의삼성쉐르빌	주상복합	서울특별시 광진구 구의동 199-18 구의삼성쉐르빌	서울특별시 광진구 구의강변로 106	분양	20011110	1	252	252	0	위탁관리	개별난방	복도식	삼성	한국주택시설관리(주)
서울특별시	광진구	구의동	A14383203	구의현대6단지	아파트	서울특별시 광진구 구의동 610 구의현대6단지	서울특별시 광진구 구의강변로 94	분양	19940429	3	421	421	0	위탁관리	개별난방	계단식	현대건설(주)	서일개발
서울특별시	광진구	구의동	A14383205	구의현대2단지	아파트	서울특별시 광진구 구의동 611 구의현대2단지	서울특별시 광진구 광나루로56길 32	분양	19961206	15	1606	1606	0	위탁관리	개별난방	혼합식	고려산업개발	우리관리(주)
서울특별시	광진구	군자동	A14383901	군자일성파크	아파트	서울특별시 광진구 군자동 99 군자일성파크	서울특별시 광진구 군자로12길 46	분양	19960309	2	357	357	0	위탁관리	개별난방	복도식	일성건설	서일개발주식회사
서울특별시	광진구	자양동	A14386109	자양우성2차	아파트	서울특별시 광진구 자양동 520-2 자양우성2차	서울특별시 광진구 뚝섬로 576	분양	19890722	3	405	405	0	위탁관리	개별난방	혼합식	우성	서림주택관리(주)
서울특별시	광진구	자양동	A14386110	자양우성3차	아파트	서울특별시 광진구 자양동 516 자양우성3차	서울특별시 광진구 뚝섬로35길 32	분양	19891230	7	464	464	0	자치관리	개별난방	혼합식	우성	 
서울특별시	광진구	자양동	A14386802	자양경남	아파트	서울특별시 광진구 자양동 641 자양경남	서울특별시 광진구 뚝섬로52길 71	분양	19990601	2	232	232	0	위탁관리	개별난방	혼합식	경남기업(주)	우리관리(주)
서울특별시	광진구	자양동	A14387605	자양한양	아파트	서울특별시 광진구 자양동 695 자양한양	서울특별시 광진구 구의강변로 11	분양	19830527	6	444	444	0	자치관리	개별난방	혼합식	(주) 한양	 
서울특별시	광진구	자양동	A14388204	자양7차현대홈타운	아파트	서울특별시 광진구 자양동 788 자양7차현대홈타운	서울특별시 광진구 능동로4길 41	분양	20010531	4	252	252	0	위탁관리	개별난방	혼합식	현대건설(주)	율산개발 유한회사
서울특별시	광진구	자양동	A14388208	자양동삼성아파트	아파트	서울특별시 광진구 자양동 787 자양동삼성아파트	"서울특별시 광진구 자양번영로3길 65,서울특별시 광진구 뚝섬로40길 45,서울특별시 광진구 뚝섬로36가길 16"	분양	19990414	4	375	375	0	위탁관리	개별난방	혼합식	삼성물산	율산개발 유한회사
서울특별시	영등포구	여의도동	A15001001	여의도초원	아파트	서울특별시 영등포구 여의도동 11-1 여의도초원	서울특별시 영등포구 국회대로76가길 11	분양	19710827	1	153	153	0	자치관리	지역난방	복도식	순복음	 
서울특별시	영등포구	여의도동	A15001003	서울아파트관리사무소	아파트	서울특별시 영등포구 여의도동 21-1 서울아파트관리사무소	서울특별시 영등포구 여의나루로 121	분양	19760918	2	192	192	0	자치관리	지역난방	계단식	삼익건설	 
서울특별시	영등포구	여의도동	A15001004	여의도장미	아파트	서울특별시 영등포구 여의도동 40 여의도장미	서울특별시 영등포구 국제금융로7길 32	분양	19780606	2	196	196	0	자치관리	지역난방	혼합식	라이프주택(주)	 
서울특별시	영등포구	여의도동	A15001005	여의도금호리첸시아	주상복합	서울특별시 영등포구 여의도동 61 여의도금호리첸시아	서울특별시 영등포구 여의동로 213	분양	20031126	2	248	248	0	위탁관리	지역난방	계단식	군인공제회	율산개발 유한회사
서울특별시	영등포구	여의도동	A15001009	여의도수정	아파트	서울특별시 영등포구 여의도동 32 여의도수정	서울특별시 영등포구 국제금융로7길 1	분양	19760703	3	329	329	0	자치관리	지역난방	혼합식	한양주택	 
서울특별시	영등포구	여의도동	A15001012	여의도공작	아파트	서울특별시 영등포구 여의도동 21-2 여의도공작	서울특별시 영등포구 여의대로6길 17	분양	19760806	4	373	373	0	자치관리	지역난방	복도식	(주)한양	 
서울특별시	영등포구	여의도동	A15001016	여의도대교	아파트	서울특별시 영등포구 여의도동 41 여의도대교	서울특별시 영등포구 국제금융로7길 20	분양	19750929	4	576	576	0	자치관리	지역난방	혼합식	삼익주택	 
서울특별시	영등포구	여의도동	A15001019	여의도광장	아파트	"서울특별시 영등포구 여의도동 38-1,서울특별시 영등포구 여의도동 28 여의도광장"	"서울특별시 영등포구 여의나루로 7,서울특별시 영등포구 여의나루로 12"	분양	19780729	8	744	744	0	자치관리	지역난방	계단식	삼익주택	 
서울특별시	영등포구	여의도동	A15001020	여의도삼부	주상복합	"서울특별시 영등포구 여의도동 30-2,서울특별시 영등포구 여의도동 30-3 여의도삼부"	서울특별시 영등포구 국제금융로7길 27	분양	19751222	10	866	866	0	자치관리	지역난방	혼합식	삼부토건(주)	 
서울특별시	영등포구	영등포동	A15003001	영등포두산위브	아파트	서울특별시 영등포구 영등포동 649 영등포두산위브	서울특별시 영등포구 신길로60나길 9	분양	20041015	4	270	270	0	위탁관리	개별난방	계단식	두산건설(주)	주식회사 건은
서울특별시	영등포구	영등포동	A15003002	영등포푸르지오	아파트	서울특별시 영등포구 영등포동 647 영등포푸르지오	서울특별시 영등포구 도신로29길 28	분양	20020531	31	2462	2462	0	위탁관리	개별난방	계단식	대우건설	남경종합관리(주)
서울특별시	영등포구	영등포동7가	A15003701	영등포경남아너스빌	아파트	서울특별시 영등포구 영등포동7가 46-1 영등포경남아너스빌	서울특별시 영등포구 양산로 177	분양	19981130	8	600	600	0	자치관리	개별난방	혼합식	경남건설	 
서울특별시	영등포구	영등포동8가	A15003801	영등포삼환	아파트	서울특별시 영등포구 영등포동8가 76-1 영등포삼환	서울특별시 영등포구 영중로 145	분양	19990531	7	520	520	0	위탁관리	개별난방	혼합식	삼환기업(주)	서림주택관리(주)
서울특별시	영등포구	영등포동8가	A15003802	당산푸르지오	아파트	서울특별시 영등포구 영등포동8가 91 당산푸르지오	서울특별시 영등포구 영중로 154	분양	20040823	9	538	538	0	위탁관리	개별난방	계단식	(주)대우건설	(주)케이티팝스
서울특별시	영등포구	당산동1가	A15004101	당산신동아파밀리에	아파트	서울특별시 영등포구 당산동1가 457 당산신동아파밀리에	서울특별시 영등포구 영신로33길 3	분양	20080118	4	167	167	0	위탁관리	개별난방	계단식	신동아건설	태림주택종합관리(주)
서울특별시	영등포구	당산동2가	A15004201	당산동대우	아파트	서울특별시 영등포구 당산동2가 16-1 당산동대우	서울특별시 영등포구 영등포로 106	분양	19990126	2	536	536	0	위탁관리	중앙난방	혼합식	대우	인덕종합관리(주)
서울특별시	영등포구	당산동2가	A15004202	당산2가현대	아파트	서울특별시 영등포구 당산동2가 164 당산2가현대	서울특별시 영등포구 당산로 95	분양	19940608	7	783	783	0	위탁관리	개별난방	계단식	현대건설	우리관리(주)
서울특별시	영등포구	당산동4가	A15004403	당산금호어울림	아파트	서울특별시 영등포구 당산동4가 95 당산금호어울림	서울특별시 영등포구 국회대로37길 22	분양	20020928	6	292	292	0	위탁관리	개별난방	계단식	(주)금호건설	대원에스테이트서비스(주)
서울특별시	영등포구	당산동4가	A15004405	당산2차삼성	아파트	서울특별시 영등포구 당산동4가 94-1 당산2차삼성	서울특별시 영등포구 당산로36길 12	분양	19970924	4	392	392	0	위탁관리	개별난방	혼합식	삼성물산	서림주택
서울특별시	영등포구	당산동4가	A15004406	당산현대3차	아파트	서울특별시 영등포구 당산동4가 88 당산현대3차	"서울특별시 영등포구 당산로41길 23,서울특별시 영등포구 당산로41길 17"	분양	19881228	6	509	509	0	자치관리	개별난방	혼합식	현대건설	 
서울특별시	영등포구	당산동5가	A15004501	당산성원아파트	아파트	서울특별시 영등포구 당산동5가 40 당산성원아파트	서울특별시 영등포구 양평로 57	분양	19971001	2	205	205	0	위탁관리	개별난방	혼합식	성원건설	세화종합관리(주)
서울특별시	영등포구	당산동5가	A15004502	당산디오빌	주상복합	서울특별시 영등포구 당산동5가 11-33 당산디오빌	서울특별시 영등포구 당산로 222	분양	20050222	1	212	212	0	위탁관리	개별난방	복도식	대우건설(주)	대원에스테이트서비스(주)
서울특별시	영등포구	당산동5가	A15004503	당산2차효성타운	아파트	서울특별시 영등포구 당산동5가 13 당산2차효성타운	서울특별시 영등포구 당산로42길 7	분양	20011012	3	258	258	0	위탁관리	개별난방	계단식	(주)효성	율산개발 유한회사
서울특별시	영등포구	당산동5가	A15004505	당산유원제일2차	아파트	서울특별시 영등포구 당산동5가 7-2 당산유원제일2차	서울특별시 영등포구 선유동2로 56	분양	19840905	5	410	410	0	위탁관리	개별난방	계단식	유원건설	대한종합개발(주)
서울특별시	영등포구	당산동5가	A15004506	당산동1차효성아파트	아파트	서울특별시 영등포구 당산동5가 12 당산동1차효성아파트	서울특별시 영등포구 당산로42길 13	분양	19991210	6	480	480	0	위탁관리	개별난방	계단식	효성건설	우리관리(주)
서울특별시	영등포구	당산동5가	A15004507	당산삼성래미안	아파트	서울특별시 영등포구 당산동5가 42 당산삼성래미안	서울특별시 영등포구 당산로 214	분양	20031230	25	1391	1391	0	위탁관리	개별난방	계단식	삼성물산	(주)세안텍스
서울특별시	영등포구	신길동	A15005001	신길우성4차아파트	아파트	서울특별시 영등포구 신길동 102-8 신길우성4차아파트	"서울특별시 영등포구 영등포로64길 11,서울특별시 영등포구 영등포로64길 8"	분양	19910504	4	476	476	0	위탁관리	개별난방	계단식	우성건설	에이제이대원 주식회사
서울특별시	영등포구	신길동	A15005002	레전드힐스	주상복합	서울특별시 영등포구 신길동 261-22 레전드힐스	서울특별시 영등포구 가마산로 468	분양	20130726	1	216	216	0	위탁관리	개별난방	복도식	우신건설	(주)한성세영비엔에이
서울특별시	영등포구	신길동	A15005102	신기목련	아파트	서울특별시 영등포구 신길동 4935 신기목련	서울특별시 영등포구 신길로42가길 34	혼합	20000711	2	213	108	105	위탁관리	개별난방	복도식	우정건설 주식회사	주식회사 한빛종합관리
서울특별시	영등포구	신길동	A15005301	신길우성5차	아파트	서울특별시 영등포구 신길동 4933 신길우성5차	서울특별시 영등포구 도신로 100	분양	19931026	3	321	321	0	위탁관리	개별난방	계단식	우성건설	태림주택종합관리(주)
서울특별시	영등포구	신길동	A15005302	신길건영	아파트	서울특별시 영등포구 신길동 364 신길건영	서울특별시 영등포구 도림로 313	분양	19850904	4	386	386	0	자치관리	개별난방	복도식	LIG건영	 
서울특별시	영등포구	신길동	A15005303	신길1차우성아파트	아파트	서울특별시 영등포구 신길동 365 신길1차우성아파트	서울특별시 영등포구 도신로 68-1	분양	19860903	6	688	688	0	위탁관리	개별난방	혼합식	(주)우성건설	(주)화신지엠에스
서울특별시	영등포구	신길동	A15005401	신길삼성제2	아파트	서울특별시 영등포구 신길동 4934-2 신길삼성제2	서울특별시 영등포구 신길로42길 25	임대	20010615	1	387	0	387	위탁관리	개별난방	복도식	삼성물산주식회사	주식회사 씨엠관리
서울특별시	영등포구	신길동	A15005402	신길삼성래미안	아파트	"서울특별시 영등포구 신길동 4934,서울특별시 영등포구 신길동 4934-17,서울특별시 영등포구 신길동 4934-2 신길삼성래미안"	"서울특별시 영등포구 가마산로79길 7,서울특별시 영등포구 도신로48길 35"	분양	20010615	12	823	823	0	위탁관리	개별난방	혼합식	삼성물산	우리관리(주)
서울특별시	영등포구	신길동	A15005501	포레나 신길	아파트	서울특별시 영등포구 신길동 4937 포레나 신길	서울특별시 영등포구 신길로 119	분양	20080626	6	284	284	0	위탁관리	개별난방	계단식	한화건설(주)	서림주택
서울특별시	영등포구	신길동	A15005602	신길우창	아파트	서울특별시 영등포구 신길동 4501 신길우창	서울특별시 영등포구 여의대방로5길 6	분양	19830817	2	214	214	0	위탁관리	개별난방	복도식	우창건설(주)	(주)태룡에스디
서울특별시	영등포구	신길동	A15005603	신길삼성	아파트	서울특별시 영등포구 신길동 4759 신길삼성	서울특별시 영등포구 여의대방로 45	분양	19840414	2	384	384	0	위탁관리	중앙난방	복도식	삼성종합건설(주)	율산개발(주)
서울특별시	영등포구	신길동	A15005705	신길삼환	아파트	서울특별시 영등포구 신길동 897-1 신길삼환	"서울특별시 영등포구 여의대방로43라길 9,서울특별시 영등포구 여의대방로43나길 25"	분양	19970510	11	1174	1174	0	위탁관리	개별난방	계단식	삼환기업	광인에스테이트서비스 주식회사
서울특별시	영등포구	대림동	A15007002	신대림한솔솔파크	아파트	서울특별시 영등포구 대림동 1123 신대림한솔솔파크	서울특별시 영등포구 도림천로 431	분양	20080930	5	232	232	0	위탁관리	개별난방	계단식	한솔건설(주)	서림주택관리(주)
서울특별시	영등포구	대림동	A15007101	대림갑을명가	아파트	서울특별시 영등포구 대림동 1119 대림갑을명가	서울특별시 영등포구 대림로22길 29	분양	20051017	2	157	157	0	위탁관리	개별난방	계단식	갑을건설(주)	서림주택관리(주)
서울특별시	영등포구	대림동	A15007201	신대림자이	주상복합	"서울특별시 영등포구 대림동 1122,서울특별시 영등포구 대림동 1121 신대림자이"	"서울특별시 영등포구 시흥대로173길 13,서울특별시 영등포구 시흥대로 589-8"	분양	20070927	4	314	314	0	위탁관리	개별난방	계단식	GS건설	우리관리(주)
서울특별시	영등포구	문래동2가	A15009201	문래남성	아파트	서울특별시 영등포구 문래동2가 35 문래남성	서울특별시 영등포구 경인로77길 21	분양	19830531	2	390	390	0	위탁관리	개별난방	복도식	라이프주택	주식회사 한빛종합관리
서울특별시	영등포구	문래동4가	A15009401	리버뷰신안인스빌	아파트	"서울특별시 영등포구 문래동4가 68,서울특별시 영등포구 문래동4가 67 리버뷰신안인스빌"	"서울특별시 영등포구 도림로145길 28,서울특별시 영등포구 도림로143길 27"	분양	20080506	4	212	212	0	위탁관리	개별난방	계단식	(주)신안	우리관리(주)
서울특별시	영등포구	문래동4가	A15009402	문래삼환	아파트	서울특별시 영등포구 문래동4가 43 문래삼환	서울특별시 영등포구 도림로143길 30	분양	20010910	5	382	382	0	위탁관리	개별난방	계단식	삼환기업	세화종합관리(주)
서울특별시	영등포구	문래동5가	A15009502	문래현대3차	아파트	서울특별시 영등포구 문래동5가 21 문래현대3차	서울특별시 영등포구 선유서로 6	분양	19911118	2	166	166	0	위탁관리	개별난방	계단식	현대건설(주)	광인에스테이트서비스 주식회사
서울특별시	영등포구	문래동5가	A15009503	문래대림	주상복합	서울특별시 영등포구 문래동5가 1 문래대림	서울특별시 영등포구 선유로 33	분양	20000128	1	200	200	0	위탁관리	개별난방	혼합식	대림건설	주식회사 푸른종합주택관리
서울특별시	영등포구	문래동5가	A15009504	문래현대5차아파트	아파트	서울특별시 영등포구 문래동5가 23-1 문래현대5차아파트	서울특별시 영등포구 선유서로9길 5	분양	19920529	2	282	282	0	위탁관리	개별난방	계단식	현대건설	유원종합관리(주)
서울특별시	영등포구	문래동5가	A15009505	문래두산위브	아파트	서울특별시 영등포구 문래동5가 14 문래두산위브	서울특별시 영등포구 선유로9나길 8	분양	19881108	3	383	383	0	위탁관리	개별난방	복도식	두산건설	광인에스테이트서비스 주식회사
서울특별시	영등포구	문래동6가	A15009601	문래미원아파트	아파트	서울특별시 영등포구 문래동6가 54 문래미원아파트	서울특별시 영등포구 문래로8길 5	분양	19960909	2	170	170	0	위탁관리	개별난방	혼합식	미원건설(주)	유원종합관리(주)
서울특별시	영등포구	문래동6가	A15009602	문래한신	아파트	서울특별시 영등포구 문래동6가 43 문래한신	서울특별시 영등포구 선유서로 35	분양	19850111	2	186	186	0	위탁관리	개별난방	혼합식	(주)한신공영	(주)한빛관리
서울특별시	영등포구	문래동6가	A15009603	문래대원	아파트	서울특별시 영등포구 문래동6가 47-1 문래대원	서울특별시 영등포구 문래로4길 26	분양	19981028	3	218	218	0	위탁관리	개별난방	계단식	(주)대원	광인에스테이트서비스 주식회사
서울특별시	영등포구	문래동6가	A15009604	문래현대1차	아파트	서울특별시 영등포구 문래동6가 46 문래현대1차	서울특별시 영등포구 문래로4길 20	분양	19861230	2	264	264	0	위탁관리	개별난방	혼합식	현대산업개발	대원에스테이트서비스(주)
서울특별시	영등포구	문래동6가	A15009605	문래현대6차아파트	아파트	서울특별시 영등포구 문래동6가 55-1 문래현대6차아파트	서울특별시 영등포구 선유서로 31	분양	19970718	2	270	270	0	위탁관리	개별난방	혼합식	현대건설	광인에스테이트서비스 주식회사
서울특별시	영등포구	문래동6가	A15009606	문래베어스타운	아파트	서울특별시 영등포구 문래동6가 38-1 문래베어스타운	서울특별시 영등포구 선유서로 40	분양	19970524	2	304	304	0	위탁관리	개별난방	계단식	상부종합건설(주)	광인에스테이트서비스 주식회사
서울특별시	영등포구	문래동6가	A15009607	문래현대2차	아파트	서울특별시 영등포구 문래동6가 45 문래현대2차	서울특별시 영등포구 문래로4길 6	분양	19871029	2	390	390	0	위탁관리	개별난방	혼합식	현대	유원종합관리주식회사
서울특별시	영등포구	양평동2가	A15010201	양평상록수	아파트	서울특별시 영등포구 양평동2가 45 양평상록수	서울특별시 영등포구 영등포로 17	혼합	19991115	1	176	106	70	위탁관리	개별난방	복도식	(주)건영	(주)한얼관리
서울특별시	영등포구	양평동2가	A15010202	양평삼성래미안	아파트	서울특별시 영등포구 양평동2가 38-1 양평삼성래미안	서울특별시 영등포구 영등포로3길 9	분양	19980724	5	388	388	0	위탁관리	개별난방	혼합식	삼성물산	남경종합관리(주)
서울특별시	영등포구	양평동2가	A15010203	양평벽산	아파트	서울특별시 영등포구 양평동2가 23 양평벽산	서울특별시 영등포구 선유서로21길 19	분양	19901110	3	417	417	0	위탁관리	개별난방	복도식	한국건업	에이제이대원 주식회사
서울특별시	영등포구	양평동3가	A15010301	양평우림루미아트	아파트	서울특별시 영등포구 양평동3가 102 양평우림루미아트	서울특별시 영등포구 선유로33길 23	분양	20041012	2	170	170	0	위탁관리	개별난방	계단식	우림산업개발(주)	율산개발(주)
서울특별시	영등포구	양평동3가	A15010302	양평경남1차	아파트	서울특별시 영등포구 양평동3가 55-1 양평경남1차	서울특별시 영등포구 선유로33길 22	분양	19980718	1	179	179	0	위탁관리	개별난방	혼합식	경남기업 주식회사	아산종합관리(주)
서울특별시	영등포구	양평동3가	A15010303	양평동삼천리아파트	아파트	서울특별시 영등포구 양평동3가 24 양평동삼천리아파트	서울특별시 영등포구 선유서로 115	분양	20000629	2	179	179	0	위탁관리	개별난방	계단식	삼천리	에이제이대원 주식회사
서울특별시	영등포구	양평동3가	A15010304	양평삼호	아파트	서울특별시 영등포구 양평동3가 66 양평삼호	서울특별시 영등포구 선유로 172	분양	19980508	1	213	213	0	위탁관리	개별난방	혼합식	대림	신한영주택관리(주)
서울특별시	영등포구	양평동3가	A15010305	양평현대2차	아파트	서울특별시 영등포구 양평동3가 79-4 양평현대2차	서울특별시 영등포구 선유동2로 29	분양	19900818	3	312	312	0	위탁관리	개별난방	계단식	현대산업개발	우리관리(주)
서울특별시	영등포구	양평동3가	A15010306	양평거성파스텔	아파트	서울특별시 영등포구 양평동3가 90-1 양평거성파스텔	서울특별시 영등포구 선유로43가길 24	분양	19990524	7	532	532	0	위탁관리	개별난방	계단식	(주)거성주택	광인에스테이트서비스 주식회사
서울특별시	영등포구	양평동3가	A15010307	양평동6차현대아파트	아파트	서울특별시 영등포구 양평동3가 101 양평동6차현대아파트	서울특별시 영등포구 선유로 207	분양	20001215	9	770	770	0	위탁관리	개별난방	계단식	고려산업개발(주)	세화종합관리(주)
서울특별시	영등포구	양평동5가	A15010501	양평동보아파트	아파트	서울특별시 영등포구 양평동5가 9-1 양평동보아파트	서울특별시 영등포구 양평로23길 18	분양	19981016	2	184	184	0	위탁관리	개별난방	계단식	동보건설	세화종합관리(주)
서울특별시	영등포구	양평동5가	A15010502	양평한신	아파트	서울특별시 영등포구 양평동5가 76 양평한신	서울특별시 영등포구 양평로24길 9	분양	19960401	10	1215	1215	0	위탁관리	개별난방	혼합식	한신공영(주)	우리관리(주)
서울특별시	영등포구	양평동6가	A15010601	양평한솔	아파트	서울특별시 영등포구 양평동6가 99 양평한솔	서울특별시 영등포구 양평로30길 51	분양	19990901	2	219	219	0	위탁관리	개별난방	혼합식	(주)한솔	일신주택관리(주)
서울특별시	영등포구	양평동6가	A15010602	양평동양	아파트	서울특별시 영등포구 양평동6가 100 양평동양	서울특별시 영등포구 양평로30가길 15	분양	20000805	3	263	263	0	위탁관리	개별난방	혼합식	동양메이저(주)	우진관리(주)
서울특별시	영등포구	당산동3가	A15072001	당산쌍용예가클래식	아파트	서울특별시 영등포구 당산동3가 559 당산쌍용예가클래식	서울특별시 영등포구 당산로31길 32	분양	20100708	3	284	284	0	위탁관리	개별난방	계단식	쌍용건설	(주)화신지엠에스
서울특별시	영등포구	당산동3가	A15072002	당산SHVILLE	아파트	서울특별시 영등포구 당산동3가 562 당산SHVILLE	서울특별시 영등포구 영신로 183	임대	20050630	2	195	0	195	위탁관리(직영+위탁)	개별난방	계단식	두산건설	주식회사 씨엠관리
서울특별시	영등포구	당산동4가	A15072201	당산반도유보라	아파트	서울특별시 영등포구 당산동4가 96 당산반도유보라	서울특별시 영등포구 국회대로 597	분양	20100219	6	299	299	0	위탁관리	개별난방	계단식	반도건설	주식회사 한빛종합관리
서울특별시	영등포구	당산동1가	A15075001	당산코오롱	주상복합	서울특별시 영등포구 당산동1가 9-1 당산코오롱	서울특별시 영등포구 영등포로28길 5	분양	19960802	1	109	109	0	자치관리	개별난방	복도식	코오롱건설	 
서울특별시	영등포구	여의도동	A15076301	여의도대우트럼프월드	주상복합	서울특별시 영등포구 여의도동 55-1 여의도대우트럼프월드	서울특별시 영등포구 여의동로 143	분양	20021030	2	282	282	0	위탁관리	지역난방	계단식	대우건설	무림하우징
서울특별시	영등포구	여의도동	A15076302	여의도자이	아파트	서울특별시 영등포구 여의도동 47 여의도자이	서울특별시 영등포구 여의동로3길 10	분양	20080429	4	580	580	0	위탁관리	지역난방	계단식	GS건설(주)	우리관리(주)
서울특별시	영등포구	도림동	A15076701	도림한라	아파트	서울특별시 영등포구 도림동 231-1 도림한라	서울특별시 영등포구 도신로15다길 33	분양	19980827	1	142	142	0	위탁관리	개별난방	혼합식	한라건설	주식회사 우창개발
서울특별시	영등포구	도림동	A15076702	영등포아트자이	아파트	서울특별시 영등포구 도림동 162-94 영등포아트자이	서울특별시 영등포구 도영로 66	혼합	20140311	8	836	689	147	위탁관리	개별난방	혼합식	(주)gs공사	대원에스테이트서비스(주)
서울특별시	영등포구	문래동3가	A15076801	금호어울림	아파트	서울특별시 영등포구 문래동3가 97 금호어울림	서울특별시 영등포구 문래로 137	분양	20060929	3	134	134	0	위탁관리	개별난방	계단식	(주)금호산업	서림주택관리(주)
서울특별시	영등포구	당산동1가	A15080002	당산진로	아파트	서울특별시 영등포구 당산동1가 16-1 당산진로	서울특별시 영등포구 당산로 68	분양	19970829	4	461	461	0	위탁관리	개별난방	혼합식	진로건설	율산개발 유한회사
서울특별시	영등포구	당산동3가	A15080204	당산한양	아파트	서울특별시 영등포구 당산동3가 2-6 당산한양	서울특별시 영등포구 영신로 193	분양	19860228	3	338	338	0	위탁관리	개별난방	계단식	한양건설	광인에스테이트서비스 주식회사
서울특별시	영등포구	당산동3가	A15080205	당산동부센트레빌	아파트	서울특별시 영등포구 당산동3가 561 당산동부센트레빌	서울특별시 영등포구 영신로 191	분양	20030625	6	468	468	0	위탁관리	개별난방	계단식	동부건설	대원에스테이트서비스(주)
서울특별시	영등포구	당산동3가	A15080402	당산삼익	아파트	서울특별시 영등포구 당산동3가 394 당산삼익	서울특별시 영등포구 국회대로 552	분양	19790504	2	176	176	0	위탁관리	개별난방	복도식	삼익	국제경보산업(주)
서울특별시	영등포구	당산동4가	A15080501	한강아파트	아파트	서울특별시 영등포구 당산동4가 29 한강아파트	서울특별시 영등포구 영신로57길 5	분양	19990902	2	265	265	0	위탁관리	개별난방	혼합식	서초건설	세화종합관리(주)
서울특별시	영등포구	당산동4가	A15080507	당산현대5차	아파트	서울특별시 영등포구 당산동4가 30-1 당산현대5차	서울특별시 영등포구 당산로42길 16	분양	20000327	13	976	976	0	위탁관리	개별난방	혼합식	현대산업개발(주)	대한종합관리(주)
서울특별시	영등포구	당산동	A15081001	래미안당산1차아파트	아파트	서울특별시 영등포구 당산동 374 래미안당산1차아파트	서울특별시 영등포구 당산로54길 11	분양	19950530	4	348	348	0	자치관리	개별난방	계단식	삼성건설	 
서울특별시	영등포구	당산동	A15081002	당산강변래미안3차	아파트	서울특별시 영등포구 당산동 376 당산강변래미안3차	서울특별시 영등포구 버드나루로 130	분양	20020626	13	801	801	0	위탁관리	개별난방	계단식	삼성물산	(주)타워피엠씨
서울특별시	영등포구	대림동	A15081105	대림코오롱	아파트	서울특별시 영등포구 대림동 607-1 대림코오롱	서울특별시 영등포구 도영로 2-5	분양	19981016	5	481	481	0	위탁관리	개별난방	계단식	코오롱건설	(주)한빛관리
서울특별시	영등포구	대림동	A15081107	대림현대3차	아파트	서울특별시 영등포구 대림동 608-1 대림현대3차	서울특별시 영등포구 도신로 31	분양	19971027	7	1162	1162	0	위탁관리	중앙난방	혼합식	현대산업개발(주)	우리관리(주)
서울특별시	영등포구	대림동	A15081201	대림성원	아파트	서울특별시 영등포구 대림동 650 대림성원	서울특별시 영등포구 대림로 256	분양	19951018	2	220	220	0	위탁관리	개별난방	계단식	성원건설	광인에스테이트서비스 주식회사
서울특별시	영등포구	대림동	A15081503	대림우성	아파트	서울특별시 영등포구 대림동 762-1 대림우성	서울특별시 영등포구 도림로 187	분양	19851127	4	435	435	0	위탁관리	개별난방	혼합식	우성건설	광인산업(주)
서울특별시	영등포구	대림동	A15081602	대림현대2차	아파트	서울특별시 영등포구 대림동 785 대림현대2차	서울특별시 영등포구 도신로4길 6	분양	19921120	2	280	280	0	자치관리	개별난방	계단식	현대건설 주식회사	 
서울특별시	영등포구	대림동	A15081604	대림3동현대아파트	아파트	서울특별시 영등포구 대림동 785-1 대림3동현대아파트	서울특별시 영등포구 도신로4길 14	분양	19920424	3	476	476	0	위탁관리	개별난방	계단식	(주)현대건설	 
서울특별시	영등포구	대림동	A15081606	대림신동아	아파트	서울특별시 영등포구 대림동 777-1 대림신동아	"서울특별시 영등포구 가마산로 312,서울특별시 영등포구 대림로31길 39"	분양	19870117	4	591	591	0	위탁관리	개별난방	복도식	신동아건설	(주)동우개발
서울특별시	영등포구	대림동	A15081802	대림동2차한신아파트	아파트	서울특별시 영등포구 대림동 897-1 대림동2차한신아파트	서울특별시 영등포구 디지털로69길 16	분양	19990331	2	234	234	0	위탁관리	개별난방	혼합식	한신공영	주식회사 한빛종합관리
서울특별시	영등포구	도림동	A15083201	도림청구	아파트	서울특별시 영등포구 도림동 221-1 도림청구	서울특별시 영등포구 도영로7길 7	분양	19971128	1	200	200	0	자치관리	개별난방	혼합식	청구건설	 
서울특별시	영등포구	도림동	A15083202	도림동아에코빌	아파트	서울특별시 영등포구 도림동 165-1 도림동아에코빌	서울특별시 영등포구 도림로 365	분양	20000128	5	346	346	0	위탁관리	개별난방	혼합식	동아건설	(주)한빛관리
서울특별시	영등포구	문래동3가	A15083404	문래자이아파트	아파트	서울특별시 영등포구 문래동3가 54 문래자이아파트	서울특별시 영등포구 당산로4길 12	분양	20011121	18	1302	1302	0	위탁관리	개별난방	계단식	GS건설	서일개발
서울특별시	영등포구	문래동3가	A15083601	문래국화	아파트	서울특별시 영등포구 문래동3가 76-1 문래국화	서울특별시 영등포구 도림로 464	분양	19831219	2	270	270	0	위탁관리	개별난방	계단식	라이프주택	서림주택관리(주)
서울특별시	영등포구	문래동3가	A15083602	문래공원한신	아파트	서울특별시 영등포구 문래동3가 77-2 문래공원한신	서울특별시 영등포구 문래로20길 14	분양	19880719	2	367	367	0	위탁관리	개별난방	혼합식	한신공영	서림주택관리
서울특별시	영등포구	문래동3가	A15083603	문래힐스테이트	아파트	서울특별시 영등포구 문래동3가 94 문래힐스테이트	서울특별시 영등포구 문래로 82	분양	20030619	14	776	776	0	위탁관리	개별난방	계단식	현대건설	(주)무림하우징
서울특별시	영등포구	신길동	A15083701	신길삼두	아파트	서울특별시 영등포구 신길동 2-3 신길삼두	서울특별시 영등포구 여의대방로61길 19	분양	19871212	1	160	160	0	위탁관리	개별난방	복도식	삼두실업(주)	신한영주택관리(주)
서울특별시	영등포구	신길동	A15083703	신길경남	아파트	서울특별시 영등포구 신길동 67-1 신길경남	서울특별시 영등포구 영등포로 351	분양	19990615	5	368	368	0	자치관리	개별난방	혼합식	경남건설	 
서울특별시	영등포구	신길동	A15085404	신길한성	아파트	서울특별시 영등포구 신길동 769-1 신길한성	서울특별시 영등포구 가마산로 575	분양	19970721	5	420	420	0	위탁관리	개별난방	계단식	한국보훈복지공단	광인에스테이트서비스 주식회사
서울특별시	영등포구	신길동	A15086001	보라매두산위브	아파트	서울특별시 영등포구 신길동 4497 보라매두산위브	서울특별시 영등포구 여의대방로9길 5	분양	20051110	2	164	164	0	위탁관리	개별난방	계단식	두산건설(주)	(주)한빛관리
서울특별시	영등포구	신길동	A15086004	신길우성3차아파트	아파트	서울특별시 영등포구 신길동 4656 신길우성3차아파트	서울특별시 영등포구 대방천로14길 32	분양	19890411	5	477	477	0	자치관리	개별난방	혼합식	우성건설	 
서울특별시	영등포구	신길동	A15086006	보라매경남아너스빌	아파트	서울특별시 영등포구 신길동 4780 보라매경남아너스빌	서울특별시 영등포구 여의대방로 25	분양	20050812	9	669	669	0	위탁관리	개별난방	계단식	경남기업	광인에스테이트서비스 주식회사
서울특별시	영등포구	신길동	A15086007	신길우성2차	아파트	서울특별시 영등포구 신길동 4518 신길우성2차	서울특별시 영등포구 대방천로 180	분양	19860925	7	725	725	0	위탁관리	개별난방	혼합식	우성건설	대원종합관리(주)
서울특별시	영등포구	양평동1가	A15086201	양평서통한신	아파트	서울특별시 영등포구 양평동1가 14-1 양평서통한신	서울특별시 영등포구 영등포로12길 7	분양	19961231	2	165	165	0	위탁관리	개별난방	계단식	한신공영(주)	대원에스테이트서비스(주)
서울특별시	영등포구	양평동1가	A15086202	양평신동아아파트	아파트	서울특별시 영등포구 양평동1가 20 양평신동아아파트	서울특별시 영등포구 영등포로12길 8	분양	19820406	4	495	495	0	위탁관리	개별난방	복도식	신동아건설(주)	(주)경진관리
서울특별시	영등포구	양평동4가	A15086601	양평경남2차아너스빌	아파트	서울특별시 영등포구 양평동4가 51-1 양평경남2차아너스빌	서울특별시 영등포구 양평로17길 9	분양	20000311	1	198	198	0	위탁관리	개별난방	복도식	(주)경남기업	한영주택관리(주)
서울특별시	영등포구	양평동4가	A15086603	양평성원	아파트	서울특별시 영등포구 양평동4가 12 양평성원	서울특별시 영등포구 양평로17길 36	분양	19930710	2	372	372	0	위탁관리	개별난방	계단식	성원건설(주)	대원에스테이트서비스(주)
서울특별시	영등포구	양평동4가	A15086702	삼호한숲	아파트	서울특별시 영등포구 양평동4가 94 삼호한숲	서울특별시 영등포구 선유로47길 34	분양	20000229	2	216	216	0	위탁관리	개별난방	혼합식	진흥연립재건축조합	세화종합관리
서울특별시	영등포구	여의도동	A15088208	여의도목화	아파트	서울특별시 영등포구 여의도동 30 여의도목화	서울특별시 영등포구 여의나루로 126	분양	19771018	2	312	312	0	자치관리	지역난방	복도식	(주)삼익주택	 
서울특별시	영등포구	여의도동	A15088614	롯데캐슬엠파이어	주상복합	서울특별시 영등포구 여의도동 36 롯데캐슬엠파이어	서울특별시 영등포구 의사당대로 127	분양	20050502	2	406	406	0	위탁관리	지역난방	복도식	롯데건설	(주)무림하우징
서울특별시	영등포구	여의도동	A15088717	여의도미성	아파트	"서울특별시 영등포구 여의도동 37,서울특별시 영등포구 여의도동 37-1,서울특별시 영등포구 여의도동 37-2 여의도미성"	서울특별시 영등포구 의사당대로 110	분양	19780524	5	577	577	0	자치관리	지역난방	혼합식	(주)라이프 주택	 
서울특별시	영등포구	여의도동	A15088802	여의도화랑	아파트	서울특별시 영등포구 여의도동 40-4 여의도화랑	서울특별시 영등포구 국제금융로7가길 21	분양	19771216	3	160	160	0	자치관리	지역난방	계단식	삼익주택	 
서울특별시	영등포구	여의도동	A15088915	롯데캐슬아이비	주상복합	서울특별시 영등포구 여의도동 43-4 롯데캐슬아이비	서울특별시 영등포구 국제금융로 86	분양	20051230	2	445	445	0	위탁관리	지역난방	혼합식	롯데건설주식회사	(주)세안텍스
서울특별시	영등포구	여의도동	A15088918	여의도한양	아파트	서울특별시 영등포구 여의도동 42 여의도한양	서울특별시 영등포구 국제금융로 79	분양	19751105	8	588	588	0	자치관리	지역난방	혼합식	한양	 
서울특별시	영등포구	여의도동	A15089307	여의대우트럼프월드2차	주상복합	서울특별시 영등포구 여의도동 48 여의대우트럼프월드2차	서울특별시 영등포구 여의동로 97	분양	20030701	2	218	218	0	위탁관리	지역난방	계단식	(주)대우건설	우리관리(주)
서울특별시	영등포구	여의도동	A15089411	여의도삼익	아파트	서울특별시 영등포구 여의도동 51 여의도삼익	서울특별시 영등포구 국제금융로 109	분양	19741019	4	360	360	0	자치관리	지역난방	계단식	삼익맨션	 
서울특별시	영등포구	여의도동	A15089421	여의도시범아파트	아파트	서울특별시 영등포구 여의도동 50 여의도시범아파트	서울특별시 영등포구 63로 45	분양	19711221	24	1584	1584	0	자치관리	지역난방	복도식	서울특별시	 
서울특별시	영등포구	여의도동	A15089510	여의도은하	아파트	서울특별시 영등포구 여의도동 52 여의도은하	서울특별시 영등포구 63로 7	분양	19741219	4	360	360	0	자치관리	지역난방	계단식	한양주택개발(주)	 
서울특별시	영등포구	여의도동	A15089513	여의도진주	아파트	"서울특별시 영등포구 여의도동 54-3,서울특별시 영등포구 여의도동 54-8,서울특별시 영등포구 여의도동 54,서울특별시 영등포구 여의도동 54-4 여의도진주"	서울특별시 영등포구 국제금융로 108-6	분양	19770603	4	376	376	0	자치관리	지역난방	복도식	라이프주택개발(주)	 
서울특별시	영등포구	대림동	A15095001	대림동현대	아파트	서울특별시 영등포구 대림동 946-1 대림동현대	서울특별시 영등포구 시흥대로187길 12	분양	19990203	1	217	217	0	자치관리	개별난방	혼합식	현대건설	 
서울특별시	영등포구	대림동	A15095002	신대림신동아파밀리에	아파트	서울특별시 영등포구 대림동 1124 신대림신동아파밀리에	서울특별시 영등포구 도림로54길 14	분양	20130731	4	185	185	0	위탁관리	개별난방	계단식	신동아건설	성화개발(주)
서울특별시	영등포구	신길동	A15096001	신길자이	아파트	서울특별시 영등포구 신길동 4938 신길자이	서울특별시 영등포구 가마산로79길 19	분양	20110630	4	198	198	0	위탁관리	개별난방	계단식	GS건설	일신주택관리(주)
서울특별시	관악구	신림동	A15101101	신림동부	아파트	서울특별시 관악구 신림동 1695 신림동부	서울특별시 관악구 신원로 26	혼합	19930719	4	592	496	96	위탁관리	개별난방	혼합식	동부건설(주)	세화종합관리(주)
서울특별시	관악구	신림동	A15101501	보라매파크뷰	아파트	서울특별시 관악구 신림동 1718 보라매파크뷰	서울특별시 관악구 관천로24길 3	분양	20031231	1	157	157	0	위탁관리	개별난방	계단식	갑을건설	주식회사 씨엠관리
서울특별시	관악구	신림동	A15101503	신림2차푸르지오	아파트	서울특별시 관악구 신림동 1736 신림2차푸르지오	서울특별시 관악구 난곡로 66	분양	20070206	8	349	349	0	위탁관리	개별난방	계단식	대우건설(주)	서림주택관리(주)
서울특별시	관악구	신림동	A15101504	관악산휴먼시아	아파트	"서울특별시 관악구 신림동 1735,서울특별시 관악구 신림동 1735-1 관악산휴먼시아"	"서울특별시 관악구 난곡로 55,서울특별시 관악구 난곡로 30"	혼합	20080313	39	2810	2806	4	위탁관리	개별난방	계단식	한국토지주택공사	에이제이대원 주식회사
서울특별시	관악구	신림동	A15101505	신림벽산블루밍	아파트	서울특별시 관악구 신림동 1733 신림벽산블루밍	서울특별시 관악구 호암로 519	분양	20050929	3	177	177	0	위탁관리	개별난방	계단식	벽산건설	(주)미래에이비엠
서울특별시	관악구	신림동	A15101506	삼성산주공3단지	아파트	서울특별시 관악구 신림동 1714 삼성산주공3단지	서울특별시 관악구 호암로 399	분양	20000803	9	1482	1482	0	위탁관리	개별난방	계단식	대한주택공사	광인에스테이트서비스 주식회사
서울특별시	관악구	신림동	A15101507	신림주공1단지	아파트	서울특별시 관악구 신림동 1704-1 신림주공1단지	서울특별시 관악구 광신길 160	혼합	19951006	7	960	90	870	위탁관리	중앙난방	복도식	LH	주택관리공단(주)
서울특별시	관악구	신림동	A15101508	신림현대	아파트	서울특별시 관악구 신림동 1694 신림현대	서울특별시 관악구 신림로29길 8	분양	19930525	12	1634	1634	0	위탁관리	중앙난방	혼합식	현대산업개발	에이제이대원 주식회사
서울특별시	관악구	신림동	A15101509	신림SH빌(임대)	아파트	서울특별시 관악구 신림동 1736-1 신림SH빌(임대)	서울특별시 관악구 난곡로 80	임대	20071126	1	150	0	150	위탁관리	개별난방	복도식	SH공사	남경종합관리(주)
서울특별시	관악구	신림동	A15101702	관악산휴먼시아3단지	아파트	서울특별시 관악구 신림동 1735-2 관악산휴먼시아3단지	서울특별시 관악구 난곡로 63	임대	20080313	4	512	0	512	위탁관리	개별난방	복도식	양우건설	율산개발(주)
서울특별시	관악구	신림동	A15101802	신림신도브래뉴	아파트	서울특별시 관악구 신림동 1722 신림신도브래뉴	서울특별시 관악구 조원로16길 7	분양	20030401	4	304	304	0	위탁관리	개별난방	계단식	(주)신도종합건설	무림하우징
서울특별시	관악구	신림동	A15101901	신림금호타운1차	아파트	서울특별시 관악구 신림동 1705 신림금호타운1차	"서울특별시 관악구 대학18길 9,서울특별시 관악구 대학18길 6"	분양	19970502	2	227	227	0	위탁관리	개별난방	복도식	금호건설주식회사	(주)무림하우징
서울특별시	관악구	신림동	A15101903	건영3차아파트	아파트	서울특별시 관악구 신림동 1703-1 건영3차아파트	서울특별시 관악구 신림로3길 40	분양	19960618	7	783	783	0	자치관리	개별난방	혼합식	건영	 
서울특별시	관악구	신림동	A15102202	신림동부센트레빌	아파트	서울특별시 관악구 신림동 1734 신림동부센트레빌	서울특별시 관악구 미성3길 16	분양	20060424	4	213	213	0	위탁관리	개별난방	계단식	동부건설	대성티엠씨 주식회사
서울특별시	관악구	신림동	A15102203	신림쌍용	아파트	서울특별시 관악구 신림동 1686 신림쌍용	서울특별시 관악구 미성길 122	분양	19980227	3	373	373	0	위탁관리	개별난방	혼합식	산호재건축조합	(주)무림하우징
서울특별시	관악구	신림동	A15102902	신림건영4차	아파트	서울특별시 관악구 신림동 1702-1 신림건영4차	서울특별시 관악구 신림로48길 17-20	분양	19970523	3	236	236	0	위탁관리	개별난방	계단식	(주)건영종합건설	한국주택시설관리(주)
서울특별시	관악구	봉천동	A15105004	보라매삼성	아파트	서울특별시 관악구 봉천동 1698-1 보라매삼성	서울특별시 관악구 보라매로 62	분양	19960425	8	710	710	0	위탁관리	개별난방	계단식	삼성중공업	서림주택관리(주)
서울특별시	관악구	봉천동	A15105005	서울대입구삼성아파트	아파트	서울특별시 관악구 봉천동 1591-2 서울대입구삼성아파트	서울특별시 관악구 관악로 125	분양	19991028	3	254	254	0	위탁관리	개별난방	계단식	삼성중공업	한국주택시설관리(주)
서울특별시	관악구	봉천동	A15105006	낙성대현대홈타운	아파트	서울특별시 관악구 봉천동 1713 낙성대현대홈타운	서울특별시 관악구 솔밭로7길 16	분양	20020225	2	297	297	0	위탁관리	개별난방	계단식	현대산업개발	삼정알엠씨(주)
서울특별시	관악구	봉천동	A15105008	관악파크푸르지오	아파트	서울특별시 관악구 봉천동 1728 관악파크푸르지오	서울특별시 관악구 행운10길 21	분양	20140919	7	363	363	0	위탁관리	개별난방	계단식	대우건설	세화종합관리(주)
서울특별시	관악구	봉천동	A15105301	관악푸르지오제2단지	아파트	서울특별시 관악구 봉천동 1717-1 관악푸르지오제2단지	서울특별시 관악구 청림5길 28	임대	20040826	1	392	0	392	위탁관리	개별난방	복도식	대우건설(주)	(주)동우라이프산업
서울특별시	관악구	봉천동	A15105302	관악푸르지오아파트	아파트	서울특별시 관악구 봉천동 1717 관악푸르지오아파트	서울특별시 관악구 관악로30길 27	분양	20040826	23	2104	2104	0	위탁관리	개별난방	혼합식	대우건설	(주)무림하우징
서울특별시	관악구	봉천동	A15105303	관악현대	아파트	서울특별시 관악구 봉천동 1000 관악현대	서울특별시 관악구 관악로 304	분양	19920427	26	2134	2134	0	위탁관리	개별난방	혼합식	현대건설	세화종합관리(주)
서울특별시	관악구	봉천동	A15105503	관악드림타운제2	아파트	서울특별시 관악구 봉천동 1712-1 관악드림타운제2	서울특별시 관악구 구암길 106	임대	20030906	5	1843	0	1843	위탁관리	개별난방	복도식	삼성물산	대원에스테이트서비스(주)
서울특별시	관악구	봉천동	A15105602	봉천우성제2	아파트	서울특별시 관악구 봉천동 1706-1 봉천우성제2	서울특별시 관악구 관악로30길 40	임대	20001213	2	717	0	717	위탁관리	개별난방	복도식	우성건설(주)	율산개발 유한회사
서울특별시	관악구	봉천동	A15105603	관악우성아파트	아파트	서울특별시 관악구 봉천동 1706 관악우성아파트	서울특별시 관악구 관악로30길 12	분양	20001213	8	1597	1597	0	위탁관리	개별난방	혼합식	우성건설	율산개발 유한회사
서울특별시	관악구	봉천동	A15106001	봉천신봉	아파트	서울특별시 관악구 봉천동 1705 봉천신봉	서울특별시 관악구 양녕로6나길 18	혼합	19990511	2	277	127	150	위탁관리	개별난방	복도식	(주)국제종합토건	율산개발(주)
서울특별시	관악구	봉천동	A15106101	봉천은천1단지	아파트	서울특별시 관악구 봉천동 1707 봉천은천1단지	서울특별시 관악구 인헌12길 46-2	분양	20010625	4	180	180	0	위탁관리	개별난방	계단식	자유종합건설(주)	유원종합관리(주)
서울특별시	관악구	봉천동	A15106103	봉천은천2단지	아파트	서울특별시 관악구 봉천동 1707-1 봉천은천2단지	서울특별시 관악구 인헌12길 46-1	분양	20000918	8	384	384	0	위탁관리	개별난방	혼합식	(주)일성건설	율산개발
서울특별시	관악구	봉천동	A15106901	"봉천두산1,2단지"	아파트	"서울특별시 관악구 봉천동 1708,서울특별시 관악구 봉천동 1708-1 봉천두산1,2단지"	"서울특별시 관악구 봉천로 387,서울특별시 관악구 은천로 86"	분양	20001228	25	2001	2001	0	위탁관리	개별난방	계단식	두산	우리관리(주)
서울특별시	관악구	남현동	A15108001	남현동한일유앤아이	아파트	서울특별시 관악구 남현동 1136 남현동한일유앤아이	서울특별시 관악구 남부순환로256라길 25	분양	20050330	3	170	170	0	위탁관리	개별난방	계단식	한일건설	(주)신원티엠씨(TMC)
서울특별시	관악구	남현동	A15108003	남현우림루미아트	아파트	서울특별시 관악구 남현동 1135 남현우림루미아트	서울특별시 관악구 남현길 91	분양	20041229	4	174	174	0	위탁관리	개별난방	계단식	우림건설	대성티엠씨 주식회사
서울특별시	관악구	봉천동	A15176202	성현동아	아파트	서울특별시 관악구 봉천동 1703 성현동아	서울특별시 관악구 관악로 285	분양	20000509	10	1261	1261	0	위탁관리	개별난방	혼합식	동아건설	주식회사 한빛종합관리
서울특별시	관악구	봉천동	A15176602	봉천건영6차아파트	아파트	서울특별시 관악구 봉천동 1701 봉천건영6차아파트	서울특별시 관악구 관악로 133	분양	19990517	3	184	184	0	위탁관리	개별난방	복도식	(주)건영	아산종합관리(주)
서울특별시	관악구	신림동	A15176701	관악국제산장	아파트	서울특별시 관악구 신림동 1693 관악국제산장	서울특별시 관악구 호암로 417	분양	19930824	8	630	630	0	위탁관리	개별난방	혼합식	국제종합건설	(주)무림하우징
서울특별시	관악구	신림동	A15177101	라이프아파트	아파트	서울특별시 관악구 신림동 1700 라이프아파트	서울특별시 관악구 문성로 86	분양	19960327	1	171	171	0	위탁관리	개별난방	계단식	라이프건설	(주)율산개발
서울특별시	관악구	봉천동	A15178201	관악벽산블루밍	아파트	서울특별시 관악구 봉천동 1718 관악벽산블루밍	서울특별시 관악구 은천로 93	분양	20050630	18	2105	2105	0	위탁관리	개별난방	혼합식	벽산건설	한국주택시설관리(주)
서울특별시	관악구	봉천동	A15178202	봉천벽산블루밍3차	아파트	서울특별시 관악구 봉천동 1720 봉천벽산블루밍3차	서울특별시 관악구 은천로15길 24	분양	20041220	5	281	281	0	위탁관리	개별난방	계단식	벽산건설	한국안전산업(주)
서울특별시	관악구	봉천동	A15178203	봉천두산3단지	아파트	서울특별시 관악구 봉천동 1708-2 봉천두산3단지	서울특별시 관악구 양녕로 31	임대	20001228	3	560	0	560	위탁관리	개별난방	복도식	두산건설	(주)동우라이프산업
서울특별시	관악구	봉천동	A15178204	관악벽산블루밍임대	아파트	서울특별시 관악구 봉천동 1718-1 관악벽산블루밍임대	서울특별시 관악구 양녕로 117	임대	20050705	3	799	0	799	위탁관리	개별난방	복도식	벽산블루밍	(주)오케이시스템
서울특별시	관악구	신림동	A15178401	신림2차현대	아파트	서울특별시 관악구 신림동 551-9 신림2차현대	서울특별시 관악구 조원로13길 15	분양	19961220	1	112	112	0	자치관리	개별난방	혼합식	현대건설	 
서울특별시	관악구	신림동	A15179403	신림주공2단지	아파트	서울특별시 관악구 신림동 1713 신림주공2단지	서울특별시 관악구 광신길 86	임대	20000803	6	818	0	818	위탁관리	개별난방	복도식	금강종합건설	 
서울특별시	관악구	신림동	A15179701	임광관악파크	아파트	서울특별시 관악구 신림동 1727 임광관악파크	서울특별시 관악구 난곡로 167	분양	20030929	5	465	465	0	위탁관리	개별난방	혼합식	임광	(주)신현대관리
서울특별시	관악구	봉천동	A15180701	봉천벽산타운2차	아파트	서울특별시 관악구 봉천동 1716 봉천벽산타운2차	서울특별시 관악구 구암5가길 49	분양	20030612	1	203	203	0	위탁관리	개별난방	혼합식	벽산건설	(주)무림하우징
서울특별시	관악구	봉천동	A15180705	관악드림타운	아파트	서울특별시 관악구 봉천동 1712 관악드림타운	서울특별시 관악구 성현로 80	분양	20030906	44	3544	3544	0	위탁관리	개별난방	계단식	"삼성물산,동아건설"	(주)신현대관리
서울특별시	관악구	봉천동	A15181602	낙성대현대	아파트	서울특별시 관악구 봉천동 179-58 낙성대현대	서울특별시 관악구 인헌길 68	분양	19880311	3	251	251	0	위탁관리	개별난방	혼합식	현대건설(주)	 
서울특별시	동작구	신대방동	A15183001	해태보라매타워	주상복합	"서울특별시 동작구 신대방동 708,서울특별시 관악구 봉천동 729-32 해태보라매타워"	서울특별시 관악구 보라매로3길 29	분양	19961018	2	256	256	0	위탁관리	개별난방	복도식	해태건설(주)	(주)무림개발
서울특별시	관악구	봉천동	A15184101	서울대입구아이원 (1560-61)	아파트	"서울특별시 관악구 봉천동 1560-61,서울특별시 관악구 봉천동 1560-62 서울대입구아이원 (1560-61)"	"서울특별시 관악구 청룡길 78,서울특별시 관악구 청룡길 77"	분양	20061130	7	374	374	0	위탁관리	개별난방	계단식	풍림산업(주)	아산종합관리(주)
서울특별시	관악구	신림동	A15185201	신림현대성우	아파트	서울특별시 관악구 신림동 10-622 신림현대성우	서울특별시 관악구 남부순환로198길 7	분양	19981026	1	156	156	0	위탁관리	개별난방	혼합식	성우종합건설(주)	(주)현대개발
서울특별시	관악구	신림동	A15185704	신림건영1차	아파트	서울특별시 관악구 신림동 746-43 신림건영1차	서울특별시 관악구 문성로 74	분양	19841016	3	492	492	0	자치관리	개별난방	복도식	건영	자치관리
서울특별시	관악구	신림동	A15186002	대학동현대(구신림9동)	아파트	서울특별시 관악구 신림동 255-189 대학동현대(구신림9동)	서울특별시 관악구 대학20길 27	분양	19911012	5	336	336	0	위탁관리	개별난방	계단식	현대건설	신한영주택관리(주)
서울특별시	관악구	신림동	A15187101	신림우방	아파트	서울특별시 관악구 신림동 1715 신림우방	서울특별시 관악구 관천로27길 2	혼합	19991130	3	201	177	24	위탁관리	개별난방	혼합식	(주)우방	광인에스테이트서비스 주식회사
서울특별시	관악구	신림동	A15188101	신림건영2차	아파트	서울특별시 관악구 신림동 721-2 신림건영2차	서울특별시 관악구 난곡로35길 28-7	분양	19880105	4	338	338	0	자치관리	개별난방	혼합식	(주)건영	 
서울특별시	관악구	신림동	A15188801	신림초원	아파트	서울특별시 관악구 신림동 1712 신림초원	서울특별시 관악구 미성5길 40	혼합	19990707	1	197	134	63	자치관리	개별난방	복도식	대양건설(주)	 
서울특별시	관악구	신림동	A15190301	신림미성	아파트	서울특별시 관악구 신림동 1656 신림미성	서울특별시 관악구 조원로2길 13	분양	19821023	2	280	280	0	자치관리	개별난방	복도식	라이프	 
서울특별시	관악구	신림동	A15190705	신림푸르지오	아파트	"서울특별시 관악구 신림동 1730,서울특별시 관악구 신림동 1730 신림푸르지오"	서울특별시 관악구 남부순환로 1430	분양	20050621	23	1456	1456	0	위탁관리	개별난방	계단식	대우건설	서림주택관리(주)
서울특별시	관악구	봉천동	A15192201	관악동부센트레빌	아파트	서울특별시 관악구 봉천동 1719 관악동부센트레빌	서울특별시 관악구 은천로33길 5	분양	20040528	7	487	487	0	위탁관리	개별난방	계단식	동부건설	(주)무림하우징
서울특별시	관악구	봉천동	A15192202	봉천동아제2	아파트	서울특별시 관악구 봉천동 1703-1 봉천동아제2	서울특별시 관악구 관악로37길 20	임대	20000509	4	829	0	829	위탁관리	개별난방	복도식	동아건설	(주)두온종합관리
서울특별시	구로구	구로동	A15205001	우리유앤미	아파트	서울특별시 구로구 구로동 1277 우리유앤미	서울특별시 구로구 구로동로43길 10	분양	20041112	2	216	216	0	위탁관리	개별난방	혼합식	(주)우리건설	세화종합관리(주)
서울특별시	구로구	구로동	A15205002	구로두산제2	아파트	서울특별시 구로구 구로동 1266 구로두산제2	서울특별시 구로구 도림로 59	임대	19981130	1	442	0	442	위탁관리	개별난방	복도식	두산건설	태영건물종합관리 주식회사
서울특별시	구로구	구로동	A15205103	구로우성(1동)	아파트	서울특별시 구로구 구로동 1058 구로우성(1동)	서울특별시 구로구 구일로8길 31	분양	19951116	3	296	296	0	위탁관리	개별난방	계단식	우성건설	세화종합관리(주)
서울특별시	구로구	구로동	A15205104	구로한일유엔아이	아파트	"서울특별시 구로구 구로동 1281-1,서울특별시 구로구 구로동 1281 구로한일유엔아이"	서울특별시 구로구 가마산로 87	분양	20060627	8	454	454	0	위탁관리	개별난방	계단식	한일건설	우리관리(주)
서울특별시	구로구	구로동	A15205108	구일우성아파트	아파트	서울특별시 구로구 구로동 1259 구일우성아파트	서울특별시 구로구 구일로2길 60	분양	19980516	10	829	829	0	위탁관리	개별난방	혼합식	(주)우성건설	국제경보산업
서울특별시	구로구	구로동	A15205301	구로신성미소지움	아파트	서울특별시 구로구 구로동 1274 구로신성미소지움	서울특별시 구로구 시흥대로161길 50	분양	20031204	4	240	240	0	위탁관리	개별난방	계단식	신성건설(주)	(주)신대한관리
서울특별시	구로구	구로동	A15205303	구로한신휴플러스	아파트	"서울특별시 구로구 구로동 1280,서울특별시 구로구 구로동 1280-1 구로한신휴플러스"	"서울특별시 구로구 디지털로31길 120,서울특별시 구로구 디지털로31길 119"	분양	20070517	7	498	498	0	위탁관리	개별난방	혼합식	한신공영(주)	서림주택관리(주)
서울특별시	구로구	구로동	A15205305	구로두산위브	아파트	서울특별시 구로구 구로동 1278 구로두산위브	서울특별시 구로구 디지털로31길 85	분양	20060728	9	660	660	0	위탁관리	개별난방	혼합식	두산건설	서림주택관리(주)
서울특별시	구로구	구로동	A15205405	구로두산	아파트	서울특별시 구로구 구로동 1265 구로두산	서울특별시 구로구 도림로 59	분양	19981130	10	1285	1285	0	위탁관리	개별난방	혼합식	두산건설	우리관리(주)
서울특별시	구로구	구로동	A15205508	신구로자이	주상복합	서울특별시 구로구 구로동 501 신구로자이	서울특별시 구로구 구로중앙로 134	분양	20070511	1	299	299	0	위탁관리	개별난방	복도식	GS건설(주)	제일에스테이트서비스 주식회사
서울특별시	구로구	구로동	A15205511	신도림롯데	아파트	서울특별시 구로구 구로동 1263 신도림롯데	서울특별시 구로구 새말로 31	분양	19991127	11	718	718	0	위탁관리	개별난방	계단식	(주)롯데건설	(주)무림하우징
서울특별시	구로구	구로동	A15205513	신도림태영타운	아파트	서울특별시 구로구 구로동 1267 신도림태영타운	서울특별시 구로구 새말로 93	분양	20001222	13	1252	1252	0	위탁관리	중앙난방	계단식	(주)태영	우리관리(주)
서울특별시	구로구	고척동	A15208003	고척삼환로즈빌	아파트	서울특별시 구로구 고척동 336 고척삼환로즈빌	서울특별시 구로구 경인로 343	분양	20041210	7	600	600	0	위탁관리	개별난방	계단식	삼환기업	한국에셋솔루션(주)
서울특별시	구로구	고척동	A15208005	고척마젤란	아파트	서울특별시 구로구 고척동 338 고척마젤란	서울특별시 구로구 경인로47길 128	혼합	20080501	2	175	145	30	위탁관리	개별난방	계단식	유진기업	(주)태룡에스디
서울특별시	구로구	고척동	A15208006	고척벽산베스트블루밍	아파트	서울특별시 구로구 고척동 342 고척벽산베스트블루밍	서울특별시 구로구 고척로60길 30	혼합	20101201	6	339	280	59	위탁관리	개별난방	계단식	벽산건설(주)	국제경보산업(주)
서울특별시	구로구	고척동	A15208007	고척월드메르디앙	아파트	서울특별시 구로구 고척동 343 고척월드메르디앙	서울특별시 구로구 중앙로8길 11	분양	20110727	4	180	180	0	위탁관리	개별난방	계단식	(주)월드건설	(주)태룡에스디
서울특별시	구로구	고척동	A15208201	고척양우	주상복합	서울특별시 구로구 고척동 328 고척양우	서울특별시 구로구 고척로52길 9	분양	20000627	1	165	165	0	위탁관리	개별난방	혼합식	양우종합건설	광인산업(주)
서울특별시	구로구	고척동	A15208202	고척삼익1단지	아파트	서울특별시 구로구 고척동 330 고척삼익1단지	서울특별시 구로구 중앙로15길 132-17	분양	20010925	2	245	245	0	위탁관리	개별난방	혼합식	삼익건설	서일개발(주)
서울특별시	구로구	고척동	A15208204	고척한일유앤아이	아파트	서울특별시 구로구 고척동 337 고척한일유앤아이	서울특별시 구로구 중앙로15길 151	분양	20051229	7	390	390	0	위탁관리	개별난방	계단식	한일건설	(주)무림하우징
서울특별시	구로구	개봉동	A15209002	개봉한마을	아파트	서울특별시 구로구 개봉동 476 개봉한마을	서울특별시 구로구 경인로 382	분양	19990430	26	1983	1983	0	위탁관리	개별난방	계단식	"중앙건설,벽산건설"	(주)율산개발
서울특별시	구로구	개봉동	A15209003	청실아파트	아파트	서울특별시 구로구 개봉동 175-8 청실아파트	서울특별시 구로구 경인로40길 25	분양	19871123	1	156	156	0	자치관리	개별난방	복도식	 	 
서울특별시	구로구	개봉동	A15209004	개봉동아이파크	아파트	서울특별시 구로구 개봉동 489 개봉동아이파크	서울특별시 구로구 개봉로2길 133-15	분양	20060619	11	684	684	0	위탁관리	개별난방	계단식	현대산업개발	(주)신원티엠씨(TMC)
서울특별시	구로구	개봉동	A15209006	개봉고운아파트	아파트	서울특별시 구로구 개봉동 484 개봉고운아파트	서울특별시 구로구 경인로 271	분양	20021011	1	100	100	0	위탁관리	개별난방	계단식	고운건설	우리관리(주)
서울특별시	구로구	개봉동	A15209007	개봉 푸르지오	아파트	서울특별시 구로구 개봉동 492 개봉 푸르지오	서울특별시 구로구 남부순환로 775	혼합	20140520	10	978	863	115	위탁관리	개별난방	계단식	대우건설	세화종합관리(주)
서울특별시	구로구	개봉동	A15209201	개봉상우	아파트	서울특별시 구로구 개봉동 473 개봉상우	서울특별시 구로구 남부순환로97길 50	분양	19971211	2	188	188	0	위탁관리	개별난방	혼합식	상우건설	유원종합관리(주)
서울특별시	구로구	개봉동	A15209202	개봉삼호아파트	아파트	서울특별시 구로구 개봉동 471 개봉삼호아파트	서울특별시 구로구 남부순환로95길 16	분양	19961204	2	369	369	0	위탁관리	개별난방	계단식	삼호(주)	주식회사 푸른종합주택관리
서울특별시	구로구	개봉동	A15209203	개봉두산	아파트	서울특별시 구로구 개봉동 472 개봉두산	서울특별시 구로구 남부순환로95길 88	분양	19970912	2	561	561	0	위탁관리	개별난방	혼합식	두산건설	주식회사 푸른종합주택관리
서울특별시	구로구	개봉동	A15209205	삼환아파트	아파트	서울특별시 구로구 개봉동 470 삼환아파트	서울특별시 구로구 남부순환로95길 54	분양	19951130	6	783	783	0	위탁관리	개별난방	혼합식	삼환기업(주)	주식회사 푸른종합주택관리
서울특별시	구로구	개봉동	A15209206	개봉현대홈타운2단지	아파트	서울특별시 구로구 개봉동 480 개봉현대홈타운2단지	서울특별시 구로구 개봉로20길 158	분양	20010822	11	964	964	0	위탁관리	개별난방	혼합식	현대건설	한국주택관리(주)
서울특별시	구로구	개봉동	A15209207	개봉동현대아파트	아파트	서울특별시 구로구 개봉동 481 개봉동현대아파트	서울특별시 구로구 개봉로20길 6	분양	20010822	31	2412	2412	0	위탁관리	개별난방	계단식	현대건설(주)	율산개발 유한회사
서울특별시	구로구	개봉동	A15209303	대상	아파트	서울특별시 구로구 개봉동 477 대상	서울특별시 구로구 개봉로1길 170	분양	19990626	2	208	208	0	위탁관리	개별난방	복도식	재건축조합	주식회사 푸른종합주택관리
서울특별시	구로구	개봉동	A15209304	영화 아이닉스	아파트	서울특별시 구로구 개봉동 488 영화 아이닉스	서울특별시 구로구 개봉로1길 188	분양	20050930	2	212	212	0	위탁관리	개별난방	계단식	영화건설	광인산업주식회사
서울특별시	구로구	개봉동	A15209305	개봉한진	아파트	서울특별시 구로구 개봉동 478 개봉한진	서울특별시 구로구 개봉로3길 87	분양	20000115	13	1371	1371	0	위탁관리	개별난방	혼합식	한진중공업	우리관리(주)
서울특별시	구로구	천왕동	A15210001	천왕연지타운1단지	아파트	서울특별시 구로구 천왕동 280 천왕연지타운1단지	서울특별시 구로구 오류로 30	혼합	20131213	11	571	173	398	위탁관리	개별난방	계단식	포스코건설	대원에스테이트서비스(주)
서울특별시	구로구	오류동	A15210101	오류동선	아파트	서울특별시 구로구 오류동 345 오류동선	서울특별시 구로구 경인로 158	분양	20040421	1	152	152	0	위탁관리	개별난방	계단식	동선건설	(주)무림하우징
서울특별시	구로구	오류동	A15210102	오류금호어울림	아파트	"서울특별시 구로구 오류동 347,서울특별시 구로구 오류동 41 오류금호어울림"	서울특별시 구로구 고척로 41	분양	20060918	2	182	182	0	위탁관리	개별난방	계단식	금호건설	세화종합관리(주)
서울특별시	구로구	오류동	A15210103	동부2차아파트	아파트	서울특별시 구로구 오류동 339 동부2차아파트	서울특별시 구로구 경인로 248-13	분양	19990330	2	205	205	0	위탁관리	개별난방	혼합식	동부건설(주)	율산개발(주)
서울특별시	구로구	오류동	A15210104	오류라인	아파트	서울특별시 구로구 오류동 334 오류라인	서울특별시 구로구 경인로 230-13	분양	19951230	1	218	218	0	위탁관리	개별난방	복도식	라인건설(주)	서림주택관리(주)
서울특별시	구로구	오류동	A15210105	오류동부덕고개	아파트	서울특별시 구로구 오류동 336 오류동부덕고개	서울특별시 구로구 경인로 248-14	분양	19980711	3	152	152	0	위탁관리	개별난방	혼합식	동부아파트	유원종합관리주식회사
서울특별시	구로구	오류동	A15210106	오류한신플러스타운	아파트	서울특별시 구로구 오류동 341 오류한신플러스타운	서울특별시 구로구 고척로 52	분양	20020705	5	299	299	0	위탁관리	개별난방	계단식	한신공영	세화종합관리(주)
서울특별시	구로구	오류동	A15210107	오류동부골든	아파트	서울특별시 구로구 오류동 338 오류동부골든	서울특별시 구로구 고척로 49	분양	19981203	9	932	932	0	위탁관리	개별난방	혼합식	동부건설	우리자산관리(주)
서울특별시	구로구	오류동	A15210206	오류금강	아파트	서울특별시 구로구 오류동 335 오류금강	서울특별시 구로구 서해안로34가길 18	분양	19960104	2	247	247	0	위탁관리	개별난방	혼합식	금강주택	한국주택관리(주)
서울특별시	구로구	오류동	A15210207	경남아너스빌	아파트	서울특별시 구로구 오류동 344 경남아너스빌	서울특별시 구로구 오류로 65	분양	20031031	5	296	296	0	위탁관리	개별난방	계단식	경남기업(주)	세화종합관리(주)
서울특별시	구로구	오류동	A15210209	오류푸르지오	아파트	서울특별시 구로구 오류동 346 오류푸르지오	서울특별시 구로구 오류로8길 11	분양	20040416	6	378	378	0	위탁관리	개별난방	계단식	대우건설(주) 푸르지오	서림주택관리(주)
서울특별시	구로구	오류동	A15210210	오류삼천리	아파트	서울특별시 구로구 오류동 340 오류삼천리	서울특별시 구로구 경인로8길 75	분양	19981128	4	423	423	0	위탁관리	개별난방	계단식	(주)삼천리M&C	율산개발(주)
서울특별시	구로구	오류동	A15210211	오류금강수목원	아파트	서울특별시 구로구 오류동 343 오류금강수목원	서울특별시 구로구 오리로 1197	분양	20030913	22	620	620	0	위탁관리	개별난방	계단식	금강주택	광인에스테이트서비스 주식회사
서울특별시	구로구	오류동	A15210212	오류동 영풍마드레빌	아파트	서울특별시 구로구 오류동 342 오류동 영풍마드레빌	서울특별시 구로구 경인로8길 64	분양	20020729	12	627	627	0	위탁관리	개별난방	계단식	영풍산업(주)	태림주택종합관리(주)
서울특별시	구로구	천왕동	A15213001	천왕이펜하우스5단지	아파트	서울특별시 구로구 천왕동 27 천왕이펜하우스5단지	서울특별시 구로구 천왕로 10	혼합	20110719	8	522	64	458	위탁관리	개별난방	계단식	한진중공업	(주)이오티앤디
서울특별시	구로구	천왕동	A15213002	천왕이펜하우스6단지	아파트	서울특별시 구로구 천왕동 27 천왕이펜하우스6단지	서울특별시 구로구 천왕로 9	혼합	20110617	14	678	176	502	위탁관리	개별난방	계단식	금호건설	(주)동우개발
서울특별시	구로구	천왕동	A15213003	천왕이펜하우스2단지	아파트	서울특별시 구로구 천왕동 279-2 천왕이펜하우스2단지	서울특별시 구로구 천왕로 92	혼합	20110603	9	526	167	359	위탁관리	개별난방	혼합식	sh공사	씨앤에스자산관리
서울특별시	구로구	천왕동	A15213004	천왕이펜하우스4단지	아파트	서울특별시 구로구 천왕동 27 천왕이펜하우스4단지	서울특별시 구로구 천왕로 29	혼합	20110803	11	478	112	366	위탁관리	개별난방	혼합식	금호건설	(주)이오티앤디
서울특별시	구로구	천왕동	A15213005	천왕이펜하우스3단지	아파트	서울특별시 구로구 천왕동 27 천왕이펜하우스3단지	서울특별시 구로구 천왕로 56	혼합	20111012	13	1044	42	1002	위탁관리	개별난방	혼합식	풍림건설	대한종합개발(주)
서울특별시	구로구	천왕동	A15213006	천왕이펜하우스1단지	아파트	서울특별시 구로구 천왕동 352 천왕이펜하우스1단지	서울특별시 구로구 천왕로 91	혼합	20111012	6	314	158	156	위탁관리	개별난방	혼합식	풍림산업(주)	(주)한영파트너스에프에이치
서울특별시	구로구	천왕동	A15213007	천왕연지타운2단지	아파트	서울특별시 구로구 천왕동 281 천왕연지타운2단지	서울특별시 구로구 오리로 1102-10	혼합	20140127	16	1018	348	670	위탁관리	개별난방	혼합식	(주)금호건설	우리관리(주)
서울특별시	구로구	구로동	A15270501	신도림일신건영아파트	아파트	서울특별시 구로구 구로동 1261 신도림일신건영아파트	서울특별시 구로구 새말로9길 22	분양	19980728	1	124	124	0	자치관리	개별난방	계단식	일신건영(주)	자치관리
서울특별시	구로구	항동	A15271601	서울수목원현대홈타운스위트	아파트	서울특별시 구로구 항동 233 서울수목원현대홈타운스위트	서울특별시 구로구 연동로13길 25	분양	20041210	11	245	245	0	위탁관리	개별난방	계단식	케이앤드탑(주)	청원종합관리
서울특별시	구로구	항동	A15271602	그린빌라	아파트	서울특별시 구로구 항동 1-5 그린빌라	서울특별시 구로구 연동로 287	분양	19830101	43	137	137	0	자치관리		계단식	대륭물산	 
서울특별시	구로구	개봉동	A15275101	개봉건영	아파트	서울특별시 구로구 개봉동 47-1 개봉건영	서울특별시 구로구 고척로21나길 85-6	분양	19940509	2	209	209	0	위탁관리	개별난방	계단식	건영종합건설	쌍용개발(주)
서울특별시	구로구	신도림동	A15277302	신도림디큐브시티	아파트	서울특별시 구로구 신도림동 692 신도림디큐브시티	서울특별시 구로구 경인로 662	분양	20110718	2	524	524	0	위탁관리	기타	혼합식	대성산업	우리관리(주)
서울특별시	구로구	오류동	A15278301	오류동부골든SH임대	아파트	"서울특별시 구로구 오류동 338,서울특별시 구로구 오류동 338- 오류동부골든SH임대"	서울특별시 구로구 고척로 49	임대	19970905	1	304	0	304	위탁관리	개별난방	복도식	동부건설	세화종합관리(주)
서울특별시	구로구	온수동	A15279101	온수힐스테이트	아파트	서울특별시 구로구 온수동 155 온수힐스테이트	서울특별시 구로구 부일로9길 127	혼합	20100217	18	999	943	56	위탁관리	개별난방	계단식	현대건설	국제경보산업(주)
서울특별시	구로구	고척동	A15279401	고척청솔우성	주상복합	서울특별시 구로구 고척동 329 고척청솔우성	서울특별시 구로구 중앙로 101	분양	20001226	2	118	118	0	위탁관리	개별난방	계단식	우성건설	(주)라이프종합관리
서울특별시	구로구	고척동	A15279402	고척LIG리가아파트	아파트	"서울특별시 구로구 고척동 340,서울특별시 구로구 고척동 340-1 고척LIG리가아파트"	"서울특별시 구로구 중앙로12길 7,서울특별시 구로구 중앙로12길 17-8"	분양	20090730	8	421	421	0	위탁관리	지역난방	계단식	LIG건설(주)	아산종합관리(주)
서울특별시	구로구	고척동	A15279403	고척파크푸르지오	아파트	서울특별시 구로구 고척동 339 고척파크푸르지오	서울특별시 구로구 중앙로 121	분양	20090526	11	662	662	0	위탁관리	개별난방	계단식	대우푸르지오	광인산업(주)
서울특별시	구로구	고척동	A15279404	고척대우	아파트	서울특별시 구로구 고척동 296 고척대우	서울특별시 구로구 고척로52길 48	분양	19990224	13	987	987	0	위탁관리	지역난방	혼합식	대우	(주)대한주택개발
서울특별시	구로구	개봉동	A15280303	개봉거성푸르뫼2차아피트	아파트	서울특별시 구로구 개봉동 60-82 개봉거성푸르뫼2차아피트	서울특별시 구로구 고척로 82	분양	19940702	3	245	245	0	위탁관리	개별난방	계단식	(주)거성주택	서림주택관리(주)
서울특별시	구로구	개봉동	A15280304	개봉거성푸르뫼1차	아파트	서울특별시 구로구 개봉동 60-101 개봉거성푸르뫼1차	서울특별시 구로구 고척로 85	분양	19931124	3	249	249	0	위탁관리	개별난방	계단식	거성주택건설(주)	우리관리(주)
서울특별시	구로구	개봉동	A15280602	신개봉삼환	아파트	서울특별시 구로구 개봉동 170-30 신개봉삼환	서울특별시 구로구 경인로38길 13	분양	20010330	1	173	173	0	위탁관리	개별난방	혼합식	삼환기업	폴리텍 주식회사
서울특별시	구로구	개봉동	A15282105	개봉영화	아파트	서울특별시 구로구 개봉동 475 개봉영화	서울특별시 구로구 경인로40길 11	분양	19980901	2	372	372	0	위탁관리	개별난방	혼합식	영화건설	우리관리(주)
서울특별시	구로구	고척동	A15282403	고척한효	아파트	서울특별시 구로구 고척동 52-332 고척한효	서울특별시 구로구 중앙로5길 24	분양	19851216	3	290	290	0	자치관리	개별난방	복도식	한효건설	 
서울특별시	구로구	고척동	A15282405	산업인	아파트	서울특별시 구로구 고척동 57-9 산업인	서울특별시 구로구 경인로47다길 43	분양	19760709	10	342	342	0	위탁관리	개별난방	계단식	대한전척(주)	 
서울특별시	구로구	고척동	A15282608	고척우성현대	아파트	서울특별시 구로구 고척동 76-55 고척우성현대	서울특별시 구로구 중앙로1길 18-19	분양	19871119	4	440	440	0	위탁관리	중앙난방	복도식	"우성건설(1,2동), 현대산업개발(3,4동)"	대원에스테이트서비스(주)
서울특별시	구로구	고척동	A15282810	고척서울가든	아파트	서울특별시 구로구 고척동 141-1 고척서울가든	서울특별시 구로구 중앙로5길 62	분양	19890725	5	715	715	0	위탁관리	개별난방	혼합식	삼익건설산업(주)	한국주택시설관리(주)
서울특별시	구로구	고척동	A15283603	고척경남2차	아파트	서울특별시 구로구 고척동 306 고척경남2차	서울특별시 구로구 고척로52길 21	분양	19990130	3	273	273	0	위탁관리	개별난방	혼합식	경남기업주식회사	(주)신성티엠
서울특별시	구로구	고척동	A15283701	고척경남1차	아파트	서울특별시 구로구 고척동 325 고척경남1차	서울특별시 구로구 경인로47길 150	분양	19980126	1	163	163	0	위탁관리	개별난방	혼합식	경남건설	(주)무림하우징
서울특별시	구로구	고척동	A15283702	고척우성꿈동산	아파트	서울특별시 구로구 고척동 321 고척우성꿈동산	서울특별시 구로구 경인로47다길 34-7	분양	19960217	3	204	204	0	위탁관리	개별난방	혼합식	우성건설	(주)태룡에스디
서울특별시	구로구	고척동	A15283704	삼익아파트2단지	아파트	서울특별시 구로구 고척동 331 삼익아파트2단지	서울특별시 구로구 중앙로15길 125	분양	20011117	4	298	298	0	자치관리	개별난방	혼합식	삼익건설	 
서울특별시	구로구	고척동	A15283706	고척동아한신	아파트	서울특별시 구로구 고척동 327 고척동아한신	서울특별시 구로구 중앙로6길 17	분양	20000419	4	355	355	0	위탁관리	개별난방	혼합식	동아건설산업(주)	세화종합관리
서울특별시	구로구	고척동	A15283707	고척동센츄리	아파트	서울특별시 구로구 고척동 320 고척동센츄리	서울특별시 구로구 중앙로12길 12	분양	19940314	5	391	391	0	위탁관리	지역난방	계단식	창조건설	광인산업(주)
서울특별시	구로구	고척동	A15283709	고척청구아파트	아파트	서울특별시 구로구 고척동 326 고척청구아파트	서울특별시 구로구 중앙로6길 5-15	분양	19990607	4	448	448	0	위탁관리	지역난방	혼합식	(주)청구	서림주택관리(주)
서울특별시	구로구	고척동	A15283711	고척벽산블루밍	아파트	서울특별시 구로구 고척동 334 고척벽산블루밍	서울특별시 구로구 경인로 390	분양	20030320	11	886	886	0	위탁관리	개별난방	계단식	벽산건설	서림주택
서울특별시	구로구	구로동	A15283801	신도림쌍용플래티넘노블	주상복합	서울특별시 구로구 구로동 46 신도림쌍용플래티넘노블	서울특별시 구로구 공원로 40	분양	20061130	2	155	155	0	위탁관리	개별난방	계단식	남광토건(주)	주식회사 한빛종합관리
서울특별시	구로구	구로동	A15283803	구로금호어울림	주상복합	서울특별시 구로구 구로동 49 구로금호어울림	서울특별시 구로구 공원로 26	분양	19970602	1	166	166	0	위탁관리	개별난방	복도식	금호건설	주식회사 푸른종합주택관리
서울특별시	구로구	구로동	A15283806	구로다솜금호	아파트	서울특별시 구로구 구로동 43-4 구로다솜금호	서울특별시 구로구 새말로16길 70	분양	19951116	1	285	285	0	위탁관리	개별난방	혼합식	금호건설	광인에스테이트서비스 주식회사
서울특별시	구로구	구로동	A15283807	LG신도림자이	아파트	서울특별시 구로구 구로동 42 LG신도림자이	서울특별시 구로구 새말로18길 64	분양	20040207	3	299	299	0	위탁관리	개별난방	계단식	굿뉴스건설	(주)경진관리
서울특별시	구로구	구로동	A15283809	구로우성	아파트	서울특별시 구로구 구로동 23 구로우성	서울특별시 구로구 공원로6가길 67	분양	19850628	3	344	344	0	자치관리	개별난방	혼합식	우성건설	 
서울특별시	구로구	구로동	A15283902	신구로현대	아파트	서울특별시 구로구 구로동 74-30 신구로현대	서울특별시 구로구 구로중앙로18길 68	분양	19880617	3	397	397	0	위탁관리	개별난방	복도식	현대산업개발	대원에스테이트서비스(주)
서울특별시	구로구	구로동	A15284101	구로2차순영웰라이빌	주상복합	서울특별시 구로구 구로동 97-2 구로2차순영웰라이빌	서울특별시 구로구 가마산로 280	분양	20050615	1	166	166	0	자치관리	개별난방	복도식	순영종합건설(주)	관리소장
서울특별시	구로구	구로동	A15284204	구로성호주상복합	주상복합	"서울특별시 구로구 구로동 104-9,서울특별시 구로구 구로동 283 구로성호주상복합"	서울특별시 구로구 가마산로 283	분양	20020506	1	206	206	0	위탁관리	개별난방	복도식	성호건설(주)	서림주택관리(주)
서울특별시	구로구	구로동	A15284302	구로대성스카이렉스	주상복합	서울특별시 구로구 구로동 107-1 구로대성스카이렉스	서울특별시 구로구 공원로 27	분양	20060425	2	160	160	0	위탁관리	개별난방	계단식	대성산업(주)	(주)신화시스템즈
서울특별시	구로구	구로동	A15284305	구로새솔금호	아파트	서울특별시 구로구 구로동 108-2 구로새솔금호	서울특별시 구로구 공원로 35	분양	19960701	1	272	272	0	위탁관리	개별난방	혼합식	금호건설	서림주택관리(주)
서울특별시	구로구	구로동	A15284603	구로럭키	아파트	서울특별시 구로구 구로동 1257 구로럭키	서울특별시 구로구 도림로 107	분양	19920625	2	427	427	0	위탁관리	개별난방	복도식	럭키개발	광인에스테이트서비스 주식회사
서울특별시	구로구	구로동	A15284906	구로삼성래미안	아파트	서울특별시 구로구 구로동 256-1 구로삼성래미안	서울특별시 구로구 디지털로31길 90	분양	20040529	16	1244	1244	0	위탁관리	개별난방	혼합식	삼성물산	대원에스테이트서비스(주)
서울특별시	구로구	구로동	A15285004	구로극동	아파트	서울특별시 구로구 구로동 314 구로극동	서울특별시 구로구 구로중앙로7길 28	분양	19841208	4	493	493	0	위탁관리	개별난방	복도식	극동건설	세화종합관리(주)
서울특별시	구로구	구로동	A15285503	구로보광	아파트	서울특별시 구로구 구로동 440 구로보광	서울특별시 구로구 가마산로 231	분양	19840629	9	340	340	0	자치관리	개별난방	계단식	보광주택	 
서울특별시	구로구	구로동	A15285804	구로중앙하이츠아파트	아파트	서울특별시 구로구 구로동 1269 구로중앙하이츠아파트	서울특별시 구로구 구로동로47길 24	분양	20010920	5	597	597	0	위탁관리	개별난방	계단식	중앙건설	우리관리주식회사
서울특별시	구로구	구로동	A15286210	신도림현대	아파트	서울특별시 구로구 구로동 560 신도림현대	서울특별시 구로구 새말로9길 45	분양	19940121	3	450	450	0	위탁관리	개별난방	계단식	현대건설주식회사	세화종합관리(주)
서울특별시	구로구	구로동	A15286602	구로월드	아파트	서울특별시 구로구 구로동 1262 구로월드	서울특별시 구로구 구로중앙로 229	분양	19981224	2	189	189	0	위탁관리	개별난방	혼합식	월드건설주식회사	우리관리(주)
서울특별시	구로구	구로동	A15286801	구로우방	아파트	서울특별시 구로구 구로동 642-46 구로우방	서울특별시 구로구 구일로 154-17	분양	19930922	2	256	256	0	위탁관리	중앙난방	복도식	우방	신한영주택관리(주)
서울특별시	구로구	구로동	A15286802	구로현대상선	아파트	서울특별시 구로구 구로동 685-147 구로현대상선	서울특별시 구로구 구일로10길 53	분양	19871029	2	290	290	0	위탁관리	개별난방	계단식	현대산업	율산개발(주)
서울특별시	구로구	구로동	A15286805	구로한신1차	아파트	서울특별시 구로구 구로동 642-9 구로한신1차	서울특별시 구로구 구일로8길 63	분양	19881217	2	488	488	0	자치관리	개별난방	복도식	한신공영	 
서울특별시	구로구	구로동	A15286806	중앙구로하이츠	아파트	서울특별시 구로구 구로동 685-124 중앙구로하이츠	서울특별시 구로구 구일로8길 92	분양	19871117	6	579	579	0	위탁관리	중앙난방	복도식	(주)중앙개발	(주)신성티엠
서울특별시	구로구	구로동	A15286807	구로현대연예인	아파트	서울특별시 구로구 구로동 685-70 구로현대연예인	서울특별시 구로구 구일로4길 46	분양	19890828	6	735	735	0	위탁관리	중앙난방	혼합식	현대산업개발(주)	(주)무림하우징
서울특별시	구로구	구로동	A15286809	구로주공	아파트	"서울특별시 구로구 구로동 685-223,서울특별시 구로구 구로동 685-222 구로주공"	"서울특별시 구로구 구일로4길 65,서울특별시 구로구 구일로4길 22"	분양	19860630	19	2126	2126	0	위탁관리	중앙난방	혼합식	대한주택공사	세화종합관리(주)
서울특별시	구로구	구로동	A15288002	구로이화우성	아파트	서울특별시 구로구 구로동 1260 구로이화우성	서울특별시 구로구 도림로22길 8	분양	19980715	5	497	497	0	위탁관리	개별난방	혼합식	우성건설	(주)무림하우징
서울특별시	구로구	구로동	A15288004	구로현대	아파트	서울특별시 구로구 구로동 1256 구로현대	서울특별시 구로구 디지털로 319	분양	19920518	5	591	591	0	위탁관리	개별난방	복도식	현대산업개발	인덕종합관리(주)
서울특별시	구로구	궁동	A15288301	궁동우신빌라	연립주택	서울특별시 구로구 궁동 213-21 궁동우신빌라	서울특별시 구로구 오리로 1265	분양	19881121	28	762	762	0	자치관리	개별난방	계단식	세종건설(주)	 
서울특별시	구로구	신도림동	A15288611	신도림미성	아파트	서울특별시 구로구 신도림동 290 신도림미성	서울특별시 구로구 신도림로11가길 36	분양	19871211	6	824	824	0	위탁관리	중앙난방	복도식	라이프건설	주식회사 푸른종합주택관리
서울특별시	구로구	신도림동	A15288801	신도림우성5차	아파트	서울특별시 구로구 신도림동 638 신도림우성5차	서울특별시 구로구 신도림로21길 21	분양	19941215	1	154	154	0	위탁관리	개별난방	복도식	우성건설(주)	남경종합관리(주)
서울특별시	구로구	신도림동	A15288802	신도림대림3차	아파트	서울특별시 구로구 신도림동 691 신도림대림3차	서울특별시 구로구 신도림로 11	분양	20010920	3	204	204	0	위탁관리	개별난방	계단식	20220321	서일개발(주)
서울특별시	구로구	신도림동	A15288803	신도림현대	아파트	서울특별시 구로구 신도림동 641 신도림현대	서울특별시 구로구 신도림로19길 16	분양	19990413	5	260	260	0	위탁관리	개별난방	혼합식	현대건설	대원에스테이트서비스(주)
서울특별시	구로구	신도림동	A15288804	신도림우성3차	아파트	서울특별시 구로구 신도림동 637 신도림우성3차	서울특별시 구로구 신도림로21길 25	분양	19931213	3	284	284	0	위탁관리	개별난방	계단식	우성건설	신한영관리(주)
서울특별시	구로구	신도림동	A15288805	신도림대림5차e-편한세상	아파트	서울특별시 구로구 신도림동 647 신도림대림5차e-편한세상	서울특별시 구로구 신도림로 32	분양	20030816	6	362	362	0	위탁관리	개별난방	계단식	대림산업(주)	(주)우리관리
서울특별시	구로구	신도림동	A15288806	"신도림우성1,2차"	아파트	"서울특별시 구로구 신도림동 639,서울특별시 구로구 신도림동 312-17 신도림우성1,2차"	"서울특별시 구로구 신도림로 110,서울특별시 구로구 신도림로 105"	분양	19921204	5	408	408	0	위탁관리	개별난방	계단식	우성건설	우리관리(주)
서울특별시	구로구	신도림동	A15288807	신도림대림7차e-편한세상	아파트	서울특별시 구로구 신도림동 649 신도림대림7차e-편한세상	서울특별시 구로구 신도림로 56-13	분양	20040616	6	411	411	0	위탁관리	개별난방	계단식	(주)대림산업	우리관리(주)
서울특별시	구로구	신도림동	A15288808	SK VIEW	주상복합	서울특별시 구로구 신도림동 432-1 SK VIEW	서울특별시 구로구 경인로 638	분양	20060424	3	304	304	0	위탁관리	개별난방	계단식	sk건설	(주)티비엠컨설팅
서울특별시	구로구	신도림동	A15288809	신도림동아2차	아파트	서울특별시 구로구 신도림동 644 신도림동아2차	서울특별시 구로구 경인로 643	분양	20000517	5	655	655	0	위탁관리	개별난방	혼합식	동아건설산업(주)	한국주택시설관리(주)
서울특별시	구로구	신도림동	A15288810	신도림동아3차	아파트	서울특별시 구로구 신도림동 645 신도림동아3차	서울특별시 구로구 신도림로 78	분양	20001114	9	813	813	0	위탁관리	개별난방	계단식	동아건설산업	(주)한빛관리
서울특별시	구로구	신도림동	A15288812	신도림4차e-편한세상	아파트	서울특별시 구로구 신도림동 646 신도림4차e-편한세상	서울특별시 구로구 경인로65길 16-15	분양	20030517	15	853	853	0	위탁관리	개별난방	계단식	한국타이어(주)	우리관리(주)
서울특별시	구로구	신도림동	A15288813	신도림동아1차	아파트	서울특별시 구로구 신도림동 643 신도림동아1차	서울특별시 구로구 신도림로 87	분양	19991130	11	1095	1095	0	위탁관리	개별난방	계단식	한신공영(주)	우리관리(주)
서울특별시	구로구	신도림동	A15288814	"신도림대림1,2차"	아파트	"서울특별시 구로구 신도림동 642 신도림대림1,2차"	서울특별시 구로구 신도림로 16	분양	19991127	27	2298	2298	0	위탁관리	개별난방	혼합식	대림	세화종합관리(주)
서울특별시	구로구	오류동	A15289508	서울가든빌라	연립주택	서울특별시 구로구 오류동 97-4 서울가든빌라	서울특별시 구로구 경인로 83	분양	19871203	15	339	339	0	자치관리	개별난방	계단식	삼익건설산업(주)	 
서울특별시	금천구	독산동	A15301105	독산동중앙하이츠빌아파트	아파트	서울특별시 금천구 독산동 1140 독산동중앙하이츠빌아파트	서울특별시 금천구 범안로 1136	분양	20041027	7	554	554	0	위탁관리	개별난방	계단식	(주)중앙건설	(주)한길종합관리
서울특별시	금천구	시흥동	A15303002	관악산벽산타운1단지	아파트	서울특별시 금천구 시흥동 1010 관악산벽산타운1단지	서울특별시 금천구 금하로 793	분양	20000216	16	1772	1772	0	위탁관리	개별난방	혼합식	벽산건설	주식회사 한빛관리
서울특별시	금천구	시흥동	A15303003	시흥목련	아파트	서울특별시 금천구 시흥동 1009 시흥목련	서울특별시 금천구 금하로3길 26	혼합	19960914	3	173	173	0	자치관리		복도식	서울도시개발공사	 
서울특별시	금천구	시흥동	A15303102	시흥베르빌	아파트	서울특별시 금천구 시흥동 1015 시흥베르빌	서울특별시 금천구 시흥대로77길 23	분양	20040525	2	229	229	0	위탁관리	개별난방	계단식	(주)건설알포메	폴리텍 주식회사
서울특별시	금천구	시흥동	A15303103	시흥성지	아파트	서울특별시 금천구 시흥동 173-8 시흥성지	서울특별시 금천구 시흥대로51길 55	분양	19860813	2	4	4	0	위탁관리	개별난방	복도식	성지건설(주)	서림주택관리(주)
서울특별시	금천구	시흥동	A15303202	관악벽산2단지	아파트	서울특별시 금천구 시흥동 1010 관악벽산2단지	서울특별시 금천구 금하로 793	임대	20000216	2	564	0	564	위탁관리	개별난방	복도식	벽산건설(주)	(주)케이엠산업
서울특별시	금천구	시흥동	A15303203	관악우방	아파트	서울특별시 금천구 시흥동 1011 관악우방	서울특별시 금천구 금하로 750	분양	20021230	8	671	671	0	위탁관리	개별난방	혼합식	우방건설	(주)태룡에스디
서울특별시	금천구	시흥동	A15303204	벽산6	아파트	서울특별시 금천구 시흥동 1013-4 벽산6	서울특별시 금천구 금하로 796	임대	20040806	4	1288	0	1288	자치관리	개별난방	복도식	벽산건설	SH공사
서울특별시	금천구	시흥동	A15303205	관악벽산타운5단지	아파트	서울특별시 금천구 시흥동 1013 관악벽산타운5단지	서울특별시 금천구 금하로 816	분양	20040806	25	2810	2810	0	위탁관리	개별난방	혼합식	벽산건설	남경종합관리(주)
서울특별시	금천구	시흥동	A15303401	시흥금강	아파트	서울특별시 금천구 시흥동 1008 시흥금강	서울특별시 금천구 독산로50길 57-2	분양	20000907	1	185	185	0	위탁관리	개별난방	혼합식	금강kcc	폴리텍(주)
서울특별시	금천구	시흥동	A15303502	관악산신도브래뉴	아파트	서울특별시 금천구 시흥동 1017 관악산신도브래뉴	서울특별시 금천구 금하로24나길 48	분양	20061128	2	206	206	0	위탁관리	개별난방	계단식	신도건설	유원종합관리(주)
서울특별시	금천구	시흥동	A15370103	남서울힐스테이트	아파트	서울특별시 금천구 시흥동 789 남서울힐스테이트	서울특별시 금천구 시흥대로 165	분양	20140814	19	1764	1764	0	위탁관리	개별난방	계단식	"풍림산업,현대건설"	세화종합관리(주)
서울특별시	금천구	독산동	A15370301	독산동한양수자인아파트	아파트	서울특별시 금천구 독산동 1144 독산동한양수자인아파트	서울특별시 금천구 시흥대로150길 6	분양	20110930	4	246	246	0	위탁관리	개별난방	계단식	한양	대한종합관리(주)
서울특별시	금천구	독산동	A15375809	독산주공14단지	아파트	서울특별시 금천구 독산동 1088 독산주공14단지	서울특별시 금천구 한내로 69-54	분양	19901114	5	840	840	0	위탁관리	중앙난방	혼합식	대한주택공사	대원에스테이트서비스(주)
서울특별시	금천구	독산동	A15375810	금천이랜드해가든	아파트	서울특별시 금천구 독산동 1143 금천이랜드해가든	서울특별시 금천구 벚꽃로6길 3	분양	20080421	5	187	187	0	위탁관리	개별난방	계단식	이랜드건설	폴리텍 주식회사
서울특별시	금천구	시흥동	A15378501	시흥월드메르디앙	아파트	서울특별시 금천구 시흥동 806 시흥월드메르디앙	서울특별시 금천구 독산로36길 36	분양	20060103	2	202	202	0	위탁관리	개별난방	혼합식	월드건설(주)	세화종합관리(주)
서울특별시	금천구	가산동	A15380101	가산삼익아파트	아파트	서울특별시 금천구 가산동 234-46 가산삼익아파트	서울특별시 금천구 두산로9길 56	분양	19980721	2	210	210	0	위탁관리	개별난방	혼합식	삼익건설	유원종합관리(주)
서울특별시	금천구	가산동	A15380403	가산두산위브	아파트	서울특별시 금천구 가산동 769 가산두산위브	서울특별시 금천구 가산로 99	분양	19980309	18	1495	1495	0	위탁관리	개별난방	계단식	두산건https://www.k-apt.go.kr/kaptinfo/mng/mng_getKaptBasic.do?menu=1#m2설	서일개발(주)
서울특별시	금천구	독산동	A15381303	독산현대	주상복합	서울특별시 금천구 독산동 293-10 독산현대	서울특별시 금천구 범안로17길 12	분양	19990820	2	214	214	0	위탁관리	개별난방	혼합식	현대건설	광인에스테이트서비스 주식회사
서울특별시	금천구	독산동	A15381402	독산계룡	아파트	서울특별시 금천구 독산동 332-14 독산계룡	서울특별시 금천구 범안로15길 7	분양	19980924	2	154	154	0	위탁관리	개별난방	혼합식	계룡건설	대성티엠씨 주식회사
서울특별시	금천구	독산동	A15381706	금천현대	아파트	서울특별시 금천구 독산동 711-2 금천현대	서울특별시 금천구 벚꽃로 73	분양	20020905	10	996	996	0	위탁관리	개별난방	계단식	현대종합건설	대성티엠씨 주식회사
서울특별시	금천구	독산동	A15382301	독산신도브래뉴	아파트	서울특별시 금천구 독산동 955 독산신도브래뉴	서울특별시 금천구 시흥대로152길 25	분양	20021024	3	341	341	0	위탁관리	개별난방	혼합식	신도건설	세화종합관리(주)
서울특별시	금천구	독산동	A15383307	독산한신	아파트	서울특별시 금천구 독산동 1095 독산한신	서울특별시 금천구 한내로 62	분양	19910820	13	1000	1000	0	위탁관리	지역난방	계단식	한신공영	주식회사 한빛종합관리
서울특별시	금천구	독산동	A15383308	독산주공13단지	아파트	서울특별시 금천구 독산동 1088-1 독산주공13단지	서울특별시 금천구 한내로 69-15	임대	19901114	7	1236	0	1236	위탁관리	지역난방	복도식	LH	주택관리공단(주)광명하안13관리소
서울특별시	금천구	독산동	A15383601	독산진도2차	아파트	서울특별시 금천구 독산동 1133 독산진도2차	서울특별시 금천구 두산로 36	분양	19971017	1	154	154	0	위탁관리	개별난방	혼합식	진도건설	서일개발(주)
서울특별시	금천구	독산동	A15383604	독산진도3차	아파트	서울특별시 금천구 독산동 1136 독산진도3차	서울특별시 금천구 범안로17길 41	분양	19991217	1	245	245	0	위탁관리	개별난방	혼합식	진도	우리관리(주)
서울특별시	금천구	시흥동	A15383702	시흥삼익	아파트	서울특별시 금천구 시흥동 5-13 시흥삼익	서울특별시 금천구 독산로50길 89	분양	19990920	13	768	768	0	위탁관리	개별난방	혼합식	삼익건설	세화종합관리(주)
서울특별시	금천구	시흥동	A15383905	남서울 무지개	아파트	서울특별시 금천구 시흥동 109-1 남서울 무지개	서울특별시 금천구 시흥대로73길 11	분양	19801224	5	639	639	0	위탁관리	중앙난방	복도식	대한종합건설	우리관리(주)
서울특별시	금천구	시흥동	A15384101	현대공무원	아파트	서울특별시 금천구 시흥동 209 현대공무원	서울특별시 금천구 금하로23라길 31	분양	19960624	1	197	197	0	위탁관리	개별난방	혼합식	현대사업개발	남경종합관리(주)
서울특별시	금천구	시흥동	A15384501	벽산타운3단지	아파트	서울특별시 금천구 시흥동 1006 벽산타운3단지	서울특별시 금천구 탑골로 84	분양	19981028	3	270	270	0	위탁관리	개별난방	혼합식	벽산건설	(주)무림하우징
서울특별시	금천구	시흥동	A15384603	남서울건영2차	아파트	서울특별시 금천구 시흥동 384-12 남서울건영2차	서울특별시 금천구 독산로10길 96	분양	19891021	3	619	619	0	위탁관리	개별난방	혼합식	건영	광인에스테이트서비스 주식회사
서울특별시	금천구	시흥동	A15386303	시흥현대빌라	연립주택	서울특별시 금천구 시흥동 982 시흥현대빌라	서울특별시 금천구 시흥대로 53	분양	19890525	15	330	330	0	위탁관리	개별난방	계단식	신안건설	(주)무림하우징
서울특별시	금천구	시흥동	A15386404	남서울건영아파트	아파트	서울특별시 금천구 시흥동 992-2 남서울건영아파트	서울특별시 금천구 시흥대로59길 35	분양	19821207	3	260	260	0	위탁관리	개별난방	복도식	건영건설	세화종합관리(주)
서울특별시	금천구	시흥동	A15386506	남서울럭키아파트	아파트	서울특별시 금천구 시흥동 1002-1 남서울럭키아파트	서울특별시 금천구 시흥대로47길 43	분양	19811223	9	986	986	0	위탁관리	개별난방	복도식	럭키건설	주식회사 한빛종합관리
서울특별시	동작구	신대방동	A15601002	보라매아카데미타워아파트	주상복합	서울특별시 동작구 신대방동 395-69 보라매아카데미타워아파트	서울특별시 동작구 보라매로5가길 16	분양	19980817	1	225	225	0	자치관리	개별난방	복도식	라성건설	 
서울특별시	동작구	신대방동	A15601003	보라매e편한세상	아파트	서울특별시 동작구 신대방동 720 보라매e편한세상	서울특별시 동작구 보라매로 70	분양	20100726	5	386	386	0	위탁관리	개별난방	계단식	(주)삼호	국제경보산업(주)
서울특별시	동작구	신대방동	A15601004	신대방	주상복합	서울특별시 동작구 신대방동 705 신대방	서울특별시 동작구 보라매로 83	혼합	19950517	1	108	60	48	자치관리		복도식	(주)대호종합건설	 
서울특별시	동작구	신대방동	A15601102	신대방경남교수	아파트	서울특별시 동작구 신대방동 710 신대방경남교수	서울특별시 동작구 여의대방로10길 14	분양	20010802	4	295	295	0	위탁관리	개별난방	계단식	경남기업	우리관리(주)
서울특별시	동작구	신대방동	A15601103	신대방경남아너스빌	아파트	서울특별시 동작구 신대방동 712 신대방경남아너스빌	서울특별시 동작구 신대방길 85	분양	20030228	5	427	427	0	위탁관리	개별난방	혼합식	경남기업	우리관리(주)
서울특별시	동작구	신대방동	A15601104	보라매롯데낙천대	아파트	서울특별시 동작구 신대방동 713 보라매롯데낙천대	서울특별시 동작구 여의대방로10길 38	분양	20030802	7	734	734	0	위탁관리	개별난방	계단식	롯데건설	(주)아주관리
서울특별시	동작구	신대방동	A15601105	신대방현대	아파트	서울특별시 동작구 신대방동 707 신대방현대	서울특별시 동작구 여의대방로 28	분양	19960213	6	880	880	0	위탁관리	개별난방	계단식	현대건설	(주)신현대관리
서울특별시	동작구	신대방동	A15601201	신대방신동아	아파트	서울특별시 동작구 신대방동 360-17 신대방신동아	서울특별시 동작구 여의대방로22아길 22	분양	19930113	1	171	171	0	위탁관리	개별난방	복도식	신동아	대원에스테이트서비스(주)
서울특별시	동작구	신대방동	A15601202	신대방한성	아파트	서울특별시 동작구 신대방동 470-8 신대방한성	서울특별시 동작구 여의대방로10길 13	분양	19950218	4	272	272	0	자치관리	개별난방	계단식	한성건설	없음
서울특별시	동작구	대방동	A15602001	대방경남아너스빌	아파트	서울특별시 동작구 대방동 512 대방경남아너스빌	서울특별시 동작구 여의대방로54길 6	분양	20060327	2	163	163	0	자치관리(직영)	개별난방	계단식	경남기업	 
서울특별시	동작구	대방동	A15602002	보라매코오롱하늘채	아파트	서울특별시 동작구 대방동 509 보라매코오롱하늘채	서울특별시 동작구 여의대방로24다길 40	분양	20050916	2	200	200	0	위탁관리	개별난방	계단식	코오롱건설	대원에스테이트서비스(주)
서울특별시	동작구	대방동	A15602007	대방1차e편한세상	아파트	서울특별시 동작구 대방동 508 대방1차e편한세상	서울특별시 동작구 알마타길 37	분양	20030628	7	609	609	0	위탁관리	개별난방	계단식	대림산업	우리관리(주)
서울특별시	동작구	상도동	A15603001	상도동원베네스트	아파트	서울특별시 동작구 상도동 528 상도동원베네스트	서울특별시 동작구 상도로34길 42	분양	20081031	4	162	162	0	위탁관리	개별난방	계단식	동원시스템즈(주)/건설	대원종합관리(주)
서울특별시	동작구	상도동	A15603002	브라운스톤상도	아파트	서울특별시 동작구 상도동 527 브라운스톤상도	서울특별시 동작구 상도로31길 19	분양	20071226	8	415	415	0	위탁관리	개별난방	계단식	이수건설	대한종합개발(주)
서울특별시	동작구	상도동	A15603003	상도건영제2 관리사무소	아파트	서울특별시 동작구 상도동 414 상도건영제2 관리사무소	서울특별시 동작구 만양로 26	임대	19970912	2	552	0	552	위탁관리	개별난방	복도식	(주)건영	서일개발(주)
서울특별시	동작구	상도동	A15603004	상도sh-ville	주상복합	서울특별시 동작구 상도동 430 상도sh-ville	서울특별시 동작구 상도로53길 70	임대	20061103	4	953	0	953	위탁관리	개별난방	복도식	(주)C&우방	세화종합관리(주)
서울특별시	동작구	상도동	A15603006	래미안상도3차	아파트	서울특별시 동작구 상도동 431 래미안상도3차	서울특별시 동작구 상도로53길 8	분양	20041224	28	1656	1656	0	위탁관리	개별난방	계단식	삼성물산(주) 주택부문	우리관리(주)
서울특별시	동작구	상도동	A15603007	상도래미안1차제2	아파트	서울특별시 동작구 상도동 447 상도래미안1차제2	서울특별시 동작구 등용로 37	임대	20041206	1	164	0	164	위탁관리	개별난방	복도식	삼성건설	에스더블유엠(주)
서울특별시	동작구	상도동	A15603008	힐스테이트상도프레스티지	아파트	서울특별시 동작구 상도동 533 힐스테이트상도프레스티지	서울특별시 동작구 상도로 346-2	분양	20130814	16	882	882	0	위탁관리	개별난방	계단식	현대엠코	제일에스테이트서비스 주식회사
서울특별시	동작구	상도동	A15603009	상도더샵2차	아파트	서울특별시 동작구 상도동 534 상도더샵2차	서울특별시 동작구 장승배기로10길 100	분양	20140407	4	138	138	0	위탁관리	개별난방	계단식	포스코건설	율산개발[주]
서울특별시	동작구	상도동	A15603203	아이파크상도동	아파트	서울특별시 동작구 상도동 416 아이파크상도동	서울특별시 동작구 장승배기로 26	분양	20040427	6	400	400	0	위탁관리	개별난방	계단식	현대산업개발주식회사	우리관리(주)
서울특별시	동작구	상도동	A15603204	상도래미안1차	아파트	서울특별시 동작구 상도동 450 상도래미안1차	서울특별시 동작구 등용로 37	분양	20041206	7	517	517	0	위탁관리	개별난방	계단식	삼성건설(주)	우리관리
서울특별시	동작구	노량진동	A15603205	상도건영	아파트	"서울특별시 동작구 노량진동 324,서울특별시 동작구 상도동 414 상도건영"	서울특별시 동작구 만양로 26	분양	19970912	6	824	824	0	위탁관리	중앙난방	혼합식	(주)건영	(주)덕우
서울특별시	동작구	상도동	A15603206	상도더샵	아파트	서울특별시 동작구 상도동 521 상도더샵	서울특별시 동작구 장승배기로4길 9	분양	20070928	22	1122	1122	0	위탁관리	개별난방	계단식	포스코건설(주)	ABM(주)
서울특별시	동작구	상도동	A15603401	경향렉스빌아파트	아파트	서울특별시 동작구 상도동 445 경향렉스빌아파트	서울특별시 동작구 양녕로23길 9	분양	20021015	2	197	197	0	위탁관리	개별난방	혼합식	경향건설(주)	(주)신대한관리
서울특별시	동작구	상도동	A15603502	래미안상도2차	아파트	서울특별시 동작구 상도동 421 래미안상도2차	서울특별시 동작구 상도로55길 47	분양	20031030	9	431	431	0	위탁관리	개별난방	계단식	삼성물산	서림주택관리(주)
서울특별시	동작구	노량진동	A15605001	노량진삼익	주상복합	서울특별시 동작구 노량진동 330 노량진삼익	서울특별시 동작구 만양로 84	분양	20010711	1	175	175	0	위탁관리	개별난방	복도식	주-삼익	광인에스테이트서비스 주식회사
서울특별시	동작구	노량진동	A15605002	노량진우성	아파트	서울특별시 동작구 노량진동 323 노량진우성	서울특별시 동작구 만양로8길 50	분양	19971216	7	901	901	0	위탁관리	중앙난방	혼합식	본동 제2-1 재개발조합	(주)화신gms
서울특별시	동작구	노량진동	A15605003	노량진쌍용예가	아파트	서울특별시 동작구 노량진동 332 노량진쌍용예가	서울특별시 동작구 장승배기로16길 134	분양	20100826	5	299	299	0	위탁관리	개별난방	혼합식	쌍용건설(주)	목송산업개발(주)
서울특별시	동작구	본동	A15605102	본동한신휴플러스	아파트	서울특별시 동작구 본동 487 본동한신휴플러스	서울특별시 동작구 매봉로 99	분양	20040807	4	247	247	0	위탁관리	개별난방	계단식	한신공영	주식회사 한빛관리
서울특별시	동작구	노량진동	A15605103	신동아리버파크	아파트	서울특별시 동작구 노량진동 325 신동아리버파크	서울특별시 동작구 만양로 19	분양	20010215	7	1696	1696	0	위탁관리	중앙난방	혼합식	신동아건설(주)	(주)무림하우징
서울특별시	동작구	본동	A15606001	경동윈츠리버	아파트	서울특별시 동작구 본동 484 경동윈츠리버	서울특별시 동작구 노량진로32길 156	분양	20041230	6	272	272	0	위탁관리	개별난방	계단식	경동건설	세화종합관리(주)
서울특별시	동작구	본동	A15606002	유원강변	아파트	서울특별시 동작구 본동 482 유원강변	서울특별시 동작구 노량진로23가길 20	분양	20000809	5	306	306	0	위탁관리	개별난방	계단식	유원울트라	에이제이대원 주식회사
서울특별시	동작구	본동	A15606003	본동삼성래미안아파트	아파트	서울특별시 동작구 본동 492 본동삼성래미안아파트	서울특별시 동작구 매봉로 123	분양	20041021	6	477	477	0	위탁관리	개별난방	계단식	삼성물산	세화종합관리(주)
서울특별시	동작구	본동	A15606004	본동신동아	아파트	서울특별시 동작구 본동 481 본동신동아	서울특별시 동작구 매봉로 134	분양	19930626	9	765	765	0	자치관리	중앙난방	혼합식	신동아	 
서울특별시	동작구	본동	A15606005	한강쌍용	아파트	서울특별시 동작구 본동 150 한강쌍용	서울특별시 동작구 노량진로24길 2	분양	19990430	2	161	161	0	위탁관리	개별난방	혼합식	쌍용건설(주)	(주)무림하우징
서울특별시	동작구	본동	A15606007	래미안트윈파크	아파트	서울특별시 동작구 본동 494 래미안트윈파크	서울특별시 동작구 노량진로23가길 23	혼합	20111104	5	523	432	91	위탁관리	개별난방	계단식	삼성물산	(주)무림하우징
서울특별시	동작구	흑석동	A15607001	흑석동양	아파트	서울특별시 동작구 흑석동 328 흑석동양	서울특별시 동작구 서달로1길 17	분양	20031104	7	423	423	0	위탁관리	개별난방	계단식	동양메이저건설	신한영주택관리(주)
서울특별시	동작구	동작동	A15608001	이수교스위첸	아파트	서울특별시 동작구 동작동 332 이수교스위첸	서울특별시 동작구 동작대로45길 22	분양	20060330	5	178	178	0	위탁관리	개별난방	계단식	케이씨씨건설	세화종합관리(주)
서울특별시	동작구	동작동	A15608002	동작금강KCC	아파트	서울특별시 동작구 동작동 331 동작금강KCC	서울특별시 동작구 동작대로39가길 55	분양	20031030	7	276	276	0	위탁관리	개별난방	계단식	주)KCC건설	우리관리(주)
서울특별시	동작구	동작동	A15608003	이수힐스테이트	아파트	서울특별시 동작구 동작동 333 이수힐스테이트	서울특별시 동작구 동작대로39길 22	분양	20130219	15	680	680	0	위탁관리	개별난방	계단식	현대건설	(주)타워피엠씨
서울특별시	동작구	사당동	A15609001	사당유니드	아파트	서울특별시 동작구 사당동 1155 사당유니드	서울특별시 동작구 동작대로29길 195	분양	20090203	5	151	151	0	위탁관리	개별난방	계단식	대성산업(주)	서림주택관리(주)
서울특별시	동작구	사당동	A15609002	사당삼호그린	아파트	서울특별시 동작구 사당동 1138 사당삼호그린	서울특별시 동작구 사당로2가길 188	분양	19991016	1	211	211	0	위탁관리	개별난방	혼합식	(주)삼호건설	서림주택관리(주)
서울특별시	동작구	사당동	A15609003	사당휴먼시아	아파트	서울특별시 동작구 사당동 1154 사당휴먼시아	서울특별시 동작구 사당로16길 96	분양	20090305	8	480	480	0	위탁관리	개별난방	계단식	(주)서희건설	서림주택관리주식회사
서울특별시	동작구	사당동	A15609005	사당 대림아파트	아파트	서울특별시 동작구 사당동 169-8 사당 대림아파트	서울특별시 동작구 사당로17길 52	분양	19900807	12	1152	1152	0	위탁관리	개별난방+기타	계단식	대림산업	서림주택관리(주)
서울특별시	동작구	사당동	A15609006	신동아5	아파트	"서울특별시 동작구 사당동 1137-1,서울특별시 동작구 사당동 1137 신동아5"	서울특별시 동작구 동작대로29길 118	혼합	19981120	4	333	111	222	위탁관리	지역난방	혼합식	신동아건설(주)	서림주택관리(주)
서울특별시	동작구	사당동	A15609007	이수역리가	아파트	서울특별시 동작구 사당동 1157 이수역리가	서울특별시 동작구 사당로27길 130	분양	20130924	8	452	452	0	위탁관리	개별난방	계단식	LIG건설	에이제이대원 주식회사
서울특별시	동작구	사당동	A15609008	사당대아2차	아파트	"서울특별시 동작구 사당동 1135,서울특별시 동작구 사당동 1135 사당대아2차"		분양	19980530	1	120	120	0	자치관리		복도식	대아아파트	 
서울특별시	동작구	사당동	A15609301	사당롯데캐슬	아파트	서울특별시 동작구 사당동 1149 사당롯데캐슬	서울특별시 동작구 사당로27길 181	분양	20040922	4	223	223	0	위탁관리	개별난방	계단식	롯데건설(주)	서림주택관리(주)
서울특별시	동작구	사당동	A15609303	사당경남아너스빌	아파트	서울특별시 동작구 사당동 1134 사당경남아너스빌	서울특별시 동작구 사당로9가길 82	분양	19970228	3	340	340	0	자치관리	개별난방	혼합식	대아건설	자치관리
서울특별시	동작구	사당동	A15609305	사당롯데캐슬샤인	아파트	서울특별시 동작구 사당동 1132 사당롯데캐슬샤인	서울특별시 동작구 사당로27길 190	분양	20031017	7	444	444	0	위탁관리	개별난방	계단식	롯데건설	(주)신대한관리
서울특별시	동작구	사당동	A15609306	사당동작삼성래미안아파트	아파트	서울특별시 동작구 사당동 1133 사당동작삼성래미안아파트	서울특별시 동작구 사당로23바길 9	분양	20030215	18	896	896	0	위탁관리	개별난방	계단식	삼성물산	(주)무림하우징
서울특별시	동작구	사당동	A15609401	사당삼익그린뷰	아파트	서울특별시 동작구 사당동 1150 사당삼익그린뷰	서울특별시 동작구 남부순환로255길 21	분양	20031002	2	183	183	0	위탁관리	개별난방	계단식	삼익건설	세화종합관리
서울특별시	동작구	사당동	A15609501	사당제일	아파트	서울특별시 동작구 사당동 240-15 사당제일	서울특별시 동작구 사당로16다길 57	분양	19870213	3	296	296	0	위탁관리	개별난방	복도식	제일건축	서림주택관리(주)
서울특별시	동작구	사당동	A15609502	사당자이	아파트	서울특별시 동작구 사당동 1139 사당자이	서울특별시 동작구 사당로2가길 102	분양	19991228	9	719	719	0	위탁관리	개별난방	혼합식	엘지건설(주)	서림주택관리(주)
서울특별시	동작구	신대방동	A15670001	동작상떼빌주상복합	아파트	서울특별시 동작구 신대방동 719 동작상떼빌주상복합	서울특별시 동작구 신대방1가길 38	분양	20060825	4	545	545	0	위탁관리	개별난방	혼합식	성원건설(주)	우리관리(주)
서울특별시	동작구	상도동	A15671801	상도두산위브	아파트	서울특별시 동작구 상도동 529 상도두산위브	서울특별시 동작구 상도로30길 39	분양	20100315	4	190	190	0	위탁관리	개별난방	계단식	두산중공업(주)	대원종합관리(주)
서울특별시	동작구	신대방동	A15672001	보라매우성	주상복합	"서울특별시 동작구 신대방동 706,서울특별시 관악구 봉천동 1696 보라매우성"	서울특별시 동작구 보라매로5길 5	분양	19951114	2	199	199	0	위탁관리	개별난방	복도식	우성건설	서림주택관리(주)
서울특별시	동작구	신대방동	A15672002	보라매삼성쉐르빌	주상복합	서울특별시 동작구 신대방동 395-66 보라매삼성쉐르빌	서울특별시 동작구 보라매로5길 43	분양	20030103	1	246	246	0	위탁관리	개별난방	계단식	삼성중공업	서림주택관리(주)
서울특별시	동작구	대방동	A15676512	대방주공1단지	아파트	서울특별시 동작구 대방동 503 대방주공1단지	서울특별시 동작구 여의대방로44길 47	임대	19930418	5	925	0	925	위탁관리	중앙난방	복도식	"동양고속,신태진건설"	주택관리공단(주)대방1관리소
서울특별시	동작구	노량진동	A15676701	신동아리버파크제2관리사무소	아파트	서울특별시 동작구 노량진동 326 신동아리버파크제2관리사무소	서울특별시 동작구 만양로 19	임대	20010215	3	925	0	925	위탁관리	개별난방	복도식	신동아	에스더블유엠(주)
서울특별시	동작구	본동	A15676702	본동SH-ville	아파트	서울특별시 동작구 본동 490 본동SH-ville	서울특별시 동작구 노량진로22길 60	임대	20061103	1	176	0	176	위탁관리	개별난방	복도식	(주)C&우방	세화종합관리(주)
서울특별시	동작구	사당동	A15677204	사당신동아4단지	아파트	서울특별시 동작구 사당동 105 사당신동아4단지	서울특별시 동작구 동작대로29길 110	분양	19931221	8	912	912	0	위탁관리	중앙난방	혼합식	신동아건설	서림주택관리(주)
서울특별시	동작구	사당동	A15677501	남성두산위브트레지움	아파트	서울특별시 동작구 사당동 1131 남성두산위브트레지움	서울특별시 동작구 사당로13길 31	혼합	20111028	4	451	428	23	위탁관리	개별난방	계단식	두산건설	서림주택관리(주)
서울특별시	동작구	상도동	A15678101	상도현대	아파트	서울특별시 동작구 상도동 412 상도현대	서울특별시 동작구 사당로2길 2-32	분양	20030616	2	194	194	0	위탁관리	개별난방	혼합식	현대건설	(주)이엠피서비스
서울특별시	동작구	상도동	A15678102	상도삼호	아파트	서울특별시 동작구 상도동 408 상도삼호	서울특별시 동작구 상도로 407	혼합	19940225	5	682	461	221	위탁관리	중앙난방	혼합식	삼호건설	율산개발(주)
서울특별시	동작구	상도동	A15678103	힐스테이트상도센트럴파크	아파트	서울특별시 동작구 상도동 531 힐스테이트상도센트럴파크	서울특별시 동작구 상도로 346-1	분양	20120925	22	1559	1559	0	위탁관리	개별난방	계단식	현대엠코	우리관리(주)
서울특별시	동작구	흑석동	A15679103	우리유앤미	아파트	서울특별시 동작구 흑석동 329 우리유앤미	서울특별시 동작구 서달로 83	분양	20031226	2	206	206	0	위탁관리	개별난방	혼합식	우리건설	엘림에스(주)
서울특별시	동작구	흑석동	A15679104	흑석청호	아파트	서울특별시 동작구 흑석동 327 흑석청호	서울특별시 동작구 서달로2길 29	혼합	19971014	5	346	176	170	위탁관리	개별난방	복도식	(주)해강	대원종합관리(주)
서울특별시	동작구	흑석동	A15679105	명수대현대아파트	아파트	서울특별시 동작구 흑석동 10 명수대현대아파트	서울특별시 동작구 현충로 119	분양	19880829	8	660	660	0	위탁관리	중앙난방	혼합식	현대산업개발	세화종합관리(주)
서울특별시	동작구	흑석동	A15679106	흑석해가든	주상복합	서울특별시 동작구 흑석동 332 흑석해가든	서울특별시 동작구 서달로 150	분양	20101229	1	154	154	0	위탁관리	개별난방	혼합식	이랜드건설(주)	(주)신대한관리
서울특별시	동작구	흑석동	A15679107	흑석한강센트레빌	아파트	서울특별시 동작구 흑석동 335 흑석한강센트레빌	서울특별시 동작구 흑석한강로 12	혼합	20110916	10	655	541	114	위탁관리	개별난방	혼합식	흑석5구역재개발조합	율산개발(주)
서울특별시	동작구	흑석동	A15679108	흑석한강푸르지오	아파트	서울특별시 동작구 흑석동 336 흑석한강푸르지오	서울특별시 동작구 흑석한강로 27	혼합	20120802	14	863	716	147	위탁관리	개별난방	혼합식	대우건설	주식회사 한빛종합관리
서울특별시	동작구	흑석동	A15679109	흑석한강센트레빌2차	아파트	서울특별시 동작구 흑석동 339 흑석한강센트레빌2차	서울특별시 동작구 서달로 91	혼합	20121224	14	963	798	165	위탁관리	개별난방	계단식	동부건설(주)	(주)쌍용개발
서울특별시	동작구	대방동	A15681103	대방우정	아파트	서울특별시 동작구 대방동 505 대방우정	서울특별시 동작구 여의대방로62길 23	분양	19990122	2	206	206	0	위탁관리	개별난방	계단식	(주) 우정건설	주식회사 한빛종합관리
서울특별시	동작구	대방동	A15681104	대방2차현대	아파트	서울특별시 동작구 대방동 506 대방2차현대	서울특별시 동작구 알마타길 58	분양	19991209	5	278	278	0	위탁관리	개별난방	혼합식	현대건설	(주)무림하우징
서울특별시	동작구	대방동	A15681105	대방성원	아파트	서울특별시 동작구 대방동 500 대방성원	서울특별시 동작구 여의대방로44길 9	분양	19940115	3	487	487	0	위탁관리	개별난방	계단식	성원건설	(주)무림하우징
서울특별시	동작구	대방동	A15681106	대방현대1차	아파트	서울특별시 동작구 대방동 502 대방현대1차	서울특별시 동작구 등용로 127	분양	19940820	5	514	514	0	위탁관리	개별난방	혼합식	현대건설(주)	(주)무림하우징
서울특별시	동작구	대방동	A15681108	대방주공2단지	아파트	서울특별시 동작구 대방동 503 대방주공2단지	서울특별시 동작구 여의대방로44길 47	분양	19950427	10	798	798	0	위탁관리	중앙난방	복도식	유원건설	폴리텍주식회사
서울특별시	동작구	대방동	A15681110	대방대림	아파트	서울특별시 동작구 대방동 501 대방대림	서울특별시 동작구 여의대방로44길 10	분양	19931120	14	1628	1628	0	위탁관리	중앙난방	혼합식	대림산업(주)	광인산업(주)
서울특별시	동작구	사당동	A15681501	사당우성(4-3)아파트	아파트	서울특별시 동작구 사당동 105 사당우성(4-3)아파트	서울특별시 동작구 동작대로29길 115	분양	19931221	6	855	855	0	위탁관리	중앙난방	혼합식	우성건설(주)	서림주택관리(주)
서울특별시	동작구	사당동	A15681502	사당우성2단지	아파트	서울특별시 동작구 사당동 105 사당우성2단지	서울특별시 동작구 동작대로29길 91	분양	19931221	8	1080	1080	0	위탁관리	중앙난방	혼합식	우성건설	주식회사 한빛종합관리
서울특별시	동작구	사당동	A15681503	사당극동	아파트	서울특별시 동작구 사당동 105 사당극동	서울특별시 동작구 동작대로29길 119	분양	19931221	12	1550	1550	0	위탁관리	중앙난방	혼합식	극동건설	율산개발(주)
서울특별시	동작구	사당동	A15681802	사당현대아파트	아파트	서울특별시 동작구 사당동 169-32 사당현대아파트	서울특별시 동작구 사당로17길 111	분양	19910424	2	265	265	0	자치관리	개별난방	혼합식	현대산업개발	 
서울특별시	동작구	상도동	A15683402	상도동중앙하이츠빌아파트	아파트	서울특별시 동작구 상도동 415 상도동중앙하이츠빌아파트	서울특별시 동작구 상도로 320	분양	20031030	10	544	544	0	위탁관리	개별난방	계단식	(주)중앙건설	대원종합관리(주)
서울특별시	동작구	상도동	A15683601	상도1동대림	아파트	서울특별시 동작구 상도동 411 상도1동대림	서울특별시 동작구 상도로60길 20	분양	19951204	3	279	279	0	위탁관리	개별난방	복도식	대림산업(주)	우리관리주식회사
서울특별시	동작구	상도동	A15683901	상도쌍용	아파트	서울특별시 동작구 상도동 418 상도쌍용	서울특별시 동작구 상도로 107	분양	20031120	6	389	389	0	위탁관리	개별난방	계단식	쌍용건설	세화종합관리(주)
서울특별시	동작구	신대방동	A15685201	신대방우성2차	아파트	서울특별시 동작구 신대방동 565-21 신대방우성2차	서울특별시 동작구 여의대방로 8	분양	19950119	2	174	174	0	자치관리	개별난방	복도식	우성종합건설(주)	 
서울특별시	동작구	신대방동	A15685206	신대방우성1차	아파트	서울특별시 동작구 신대방동 565 신대방우성1차	서울특별시 동작구 여의대방로 22	분양	19880924	16	1335	1335	0	자치관리	개별난방	혼합식	우성건설	 
서울특별시	동작구	신대방동	A15685503	보라매파크빌	아파트	서울특별시 동작구 신대방동 711 보라매파크빌	서울특별시 동작구 여의대방로10길 59	분양	20020227	6	423	423	0	위탁관리	개별난방	계단식	한일건설	우리관리(주)
서울특별시	동작구	흑석동	A15685702	흑석한강현대	아파트	서울특별시 동작구 흑석동 28 흑석한강현대	서울특별시 동작구 현충로 151	분양	19880907	13	960	960	0	위탁관리	중앙난방	혼합식	현대건설	(주)무림하우징
서울특별시	강서구	화곡동	A15701002	우장산에스케이뷰	아파트	서울특별시 강서구 화곡동 1158 우장산에스케이뷰	서울특별시 강서구 우현로 26	분양	20061026	2	203	203	0	위탁관리	개별난방	계단식	 	율산개발(주)
서울특별시	강서구	화곡동	A15701003	우장산아이파크이편한세상	아파트	서울특별시 강서구 화곡동 1159 우장산아이파크이편한세상	서울특별시 강서구 강서로 266	분양	20080108	42	2517	2517	0	위탁관리	지역난방	계단식	"현대산업개발, 대림산업"	율산개발 유한회사
서울특별시	강서구	화곡동	A15701004	우장산한화꿈에그린	아파트	서울특별시 강서구 화곡동 1151 우장산한화꿈에그린	서울특별시 강서구 우장산로 103	분양	20041130	3	187	187	0	위탁관리	개별난방	계단식	한화건설	(주)미래에이비엠
서울특별시	강서구	화곡동	A15701007	강서힐스테이트아파트	아파트	"서울특별시 강서구 화곡동 1025-33,서울특별시 강서구 화곡동 70-1 강서힐스테이트아파트"	서울특별시 강서구 우현로 67	분양	20150819	37	2603	2603	0	위탁관리	지역난방	계단식	현대건설	우리관리(주)
서울특별시	강서구	화곡동	A15701601	우장산롯데3차	아파트	서울특별시 강서구 화곡동 1148 우장산롯데3차	서울특별시 강서구 우장산로 92	분양	20040806	4	206	206	0	위탁관리	개별난방	계단식	롯데기공	대원종합관리(주)
서울특별시	강서구	화곡동	A15701602	우장산롯데캐슬	아파트	서울특별시 강서구 화곡동 1145 우장산롯데캐슬	서울특별시 강서구 공항대로 382	분양	20030906	21	1164	1164	0	위탁관리	개별난방	계단식	롯데건설(주)	한국주택시설관리(주)
서울특별시	강서구	등촌동	A15703001	코오롱하늘채아파트	아파트	서울특별시 강서구 등촌동 714 코오롱하늘채아파트	서울특별시 강서구 공항대로55길 19	분양	20031119	3	200	200	0	자치관리	개별난방	혼합식	코오롱글로벌(주)	 
서울특별시	강서구	등촌동	A15703002	등촌대동황토방	아파트	서울특별시 강서구 등촌동 631-9 등촌대동황토방	서울특별시 강서구 공항대로59길 103	분양	20000727	3	241	241	0	위탁관리	개별난방	혼합식	(주)대동	(주)무림하우징
서울특별시	강서구	등촌동	A15703004	등촌부영	아파트	서울특별시 강서구 등촌동 691-3 등촌부영	서울특별시 강서구 강서로56나길 110	분양	19941207	7	712	712	0	위탁관리	지역난방	복도식	동광주택(주)	대원종합관리(주)
서울특별시	강서구	등촌동	A15703005	등촌대동황토방2차아파트	아파트	서울특별시 강서구 등촌동 713 등촌대동황토방2차아파트	서울특별시 강서구 공항대로55길 50	분양	20031030	4	196	196	0	위탁관리	개별난방	계단식	(주)대동	(주)동우개발
서울특별시	강서구	등촌동	A15703204	등촌IPARK	아파트	서울특별시 강서구 등촌동 715 등촌IPARK	서울특별시 강서구 등촌로 163	분양	20040107	29	1653	1653	0	위탁관리	개별난방	계단식	현대산업개발	한국주택시설관리(주)
서울특별시	강서구	등촌동	A15703301	등촌8단지주공아파트	아파트	서울특별시 강서구 등촌동 707 등촌8단지주공아파트	서울특별시 강서구 공항대로43길 104	분양	19941104	5	445	445	0	위탁관리	지역난방	복도식	주택공사	(주)융성종합관리
서울특별시	강서구	등촌동	A15703302	등촌동성	아파트	서울특별시 강서구 등촌동 691-1 등촌동성	서울특별시 강서구 강서로68길 108	분양	19951127	6	457	457	0	위탁관리	지역난방	계단식	동성개발	광인에스테이트서비스 주식회사
서울특별시	강서구	등촌동	A15703303	등촌미주진로	아파트	서울특별시 강서구 등촌동 701 등촌미주진로	서울특별시 강서구 공항대로 351-21	분양	19941030	8	488	488	0	위탁관리	지역난방	계단식	미주실업(주)진로건설(주)	(주)무림하우징
서울특별시	강서구	등촌동	A15703304	등촌주공2단지	아파트	서울특별시 강서구 등촌동 687 등촌주공2단지	서울특별시 강서구 강서로68길 36	분양	19950605	6	505	505	0	위탁관리	지역난방	복도식	신태진건설	세화종합관리(주)
서울특별시	강서구	등촌동	A15703306	등촌주공10단지	아파트	서울특별시 강서구 등촌동 702 등촌주공10단지	"서울특별시 강서구 화곡로63가길 71,서울특별시 강서구 화곡로63가길 67"	분양	19951010	5	566	566	0	위탁관리	지역난방	복도식	거성건설	우리관리(주)
서울특별시	강서구	등촌동	A15703307	등촌대림아파트	아파트	서울특별시 강서구 등촌동 694 등촌대림아파트	서울특별시 강서구 공항대로39길 100	분양	19950713	8	680	680	0	위탁관리	지역난방	계단식	대림산업(주)	우리관리(주)
서울특별시	강서구	등촌동	A15703308	등촌3단지주공아파트	아파트	서울특별시 강서구 등촌동 688 등촌3단지주공아파트	서울특별시 강서구 강서로56나길 37	분양	19951010	9	1016	1016	0	위탁관리	지역난방	복도식	LH공사	세화종합관리(주)
서울특별시	강서구	등촌동	A15703309	등촌주공5단지	아파트	서울특별시 강서구 등촌동 695 등촌주공5단지	서울특별시 강서구 공항대로39길 74	분양	19951010	9	1045	1045	0	위탁관리	지역난방	복도식	대한주택공사	서림주택관리(주)
서울특별시	강서구	등촌동	A15703313	등촌주공1단지	아파트	서울특별시 강서구 등촌동 687 등촌주공1단지	서울특별시 강서구 강서로68길 36	임대	19941104	10	1670	0	1670	자치관리(직영)	지역난방	복도식	"진로건설, 대백종합건설"	주택관리공단
서울특별시	강서구	등촌동	A15703318	등촌주공11단지	아파트	서울특별시 강서구 등촌동 705-6 등촌주공11단지	서울특별시 강서구 공항대로43길 39	임대	20041004	6	350	0	350	자치관리	지역난방	복도식	백일건설	주택관리공단(주)
서울특별시	강서구	염창동	A15704001	염창2차한화꿈에그린	아파트	서울특별시 강서구 염창동 302 염창2차한화꿈에그린	서울특별시 강서구 공항대로63길 16	분양	20060427	3	163	163	0	위탁관리	개별난방	계단식	한화건설	광인에스테이트서비스 주식회사
서울특별시	강서구	염창동	A15704002	염창 일신건영휴먼빌아파트	아파트	서울특별시 강서구 염창동 298 염창 일신건영휴먼빌아파트	서울특별시 강서구 양천로71가길 22	분양	20041119	3	166	166	0	위탁관리	개별난방	계단식	일신건영(주)	세화종합관리(주)
서울특별시	강서구	염창동	A15704003	염창월드메르디앙	아파트	서울특별시 강서구 염창동 297 염창월드메르디앙	서울특별시 강서구 양천로71길 38	분양	20040701	5	168	168	0	위탁관리	개별난방	계단식	월드건설(주)	세화종합관리(주)
서울특별시	강서구	염창동	A15704006	염창우성3차	아파트	서울특별시 강서구 염창동 272-28 염창우성3차	서울특별시 강서구 공항대로63길 14	분양	19930115	2	196	196	0	위탁관리	개별난방	계단식	우성건설(주)	광인에스테이트서비스 주식회사
서울특별시	강서구	염창동	A15704007	염창1차보람더하임아파트	아파트	서울특별시 강서구 염창동 305 염창1차보람더하임아파트	서울특별시 강서구 양천로 666	혼합	20080110	4	202	186	16	위탁관리	개별난방	계단식	보람건설(주)	서일개발
서울특별시	강서구	염창동	A15704009	염창벽산늘푸른	아파트	서울특별시 강서구 염창동 290 염창벽산늘푸른	서울특별시 강서구 양천로63길 52	분양	19981105	2	206	206	0	위탁관리	개별난방	혼합식	벽산건설(주)	아산종합관리(주)
서울특별시	강서구	염창동	A15704015	염창롯데캐슬	아파트	서울특별시 강서구 염창동 272-11 염창롯데캐슬	서울특별시 강서구 공항대로65길 21	분양	20050328	5	284	284	0	위탁관리	개별난방	계단식	롯데건설	광인에스테이트서비스 주식회사
서울특별시	강서구	염창동	A15704017	염창강변성원	아파트	서울특별시 강서구 염창동 295 염창강변성원	서울특별시 강서구 양천로69길 65	분양	20010630	3	297	297	0	자치관리	개별난방	복도식	성원건설	 
서울특별시	강서구	염창동	A15704023	강변힐스테이트	아파트	서울특별시 강서구 염창동 299 강변힐스테이트	서울특별시 강서구 양천로75길 19	분양	20050628	7	417	417	0	위탁관리	개별난방	계단식	(주)현대건설	대원에스테이트서비스(주)
서울특별시	강서구	염창동	A15704025	염창강변한솔솔파크	아파트	서울특별시 강서구 염창동 300 염창강변한솔솔파크	서울특별시 강서구 양천로63길 38	분양	20050923	8	455	455	0	자치관리	개별난방	계단식	한솔건설	 
서울특별시	강서구	염창동	A15704028	염창동아1차	아파트	서울특별시 강서구 염창동 292 염창동아1차	서울특별시 강서구 양천로69길 58	분양	19980629	5	778	778	0	위탁관리	개별난방	혼합식	동아건설	서림주택관리(주)
서울특별시	강서구	가양동	A15720001	강서한강자이	아파트	서울특별시 강서구 가양동 1500 강서한강자이	서울특별시 강서구 양천로55길 55	혼합	20130925	10	790	709	81	위탁관리	개별난방	계단식	gs건설	(주)화신지엠에스
서울특별시	강서구	가양동	A15720101	가양일신건영휴먼빌	아파트	서울특별시 강서구 가양동 1496 가양일신건영휴먼빌	서울특별시 강서구 강서로 490	분양	20041223	3	177	177	0	위탁관리	개별난방	계단식	일신건영	세화종합관리(주)
서울특별시	강서구	마곡동	A15721001	마곡금호어울림	아파트	서울특별시 강서구 마곡동 717 마곡금호어울림	서울특별시 강서구 양천로47길 94	분양	20051121	2	180	180	0	위탁관리	개별난방	계단식	금호건설	서림주택관리(주)
서울특별시	강서구	마곡동	A15721003	마곡신안	아파트	"서울특별시 강서구 마곡동 424,서울특별시 강서구 마곡동 422 마곡신안"	서울특별시 강서구 양천로30길 123-9	분양	19931223	3	253	253	0	자치관리	개별난방	혼합식	신안건설	 
서울특별시	강서구	마곡동	A15721004	마곡한솔솔파크	아파트	서울특별시 강서구 마곡동 716 마곡한솔솔파크	서울특별시 강서구 양천로30길 77	분양	20050214	6	258	258	0	위탁관리	개별난방	계단식	한솔건설(주)	서림주택관리(주)
서울특별시	강서구	마곡동	A15721005	마곡벽산	아파트	서울특별시 강서구 마곡동 429 마곡벽산	서울특별시 강서구 양천로47길 118	분양	19990625	8	479	479	0	위탁관리	개별난방	계단식	벽산건설	(주)신원티엠씨(TMC)
서울특별시	강서구	마곡동	A15721006	마곡엠밸리6단지	아파트	서울특별시 강서구 마곡동 6 마곡엠밸리6단지	서울특별시 강서구 마곡서1로 100	혼합	20140612	19	1466	545	921	위탁관리	지역난방	혼합식	경남기업(주)	(주)엠컨트럴시스템
서울특별시	강서구	마곡동	A15721007	마곡엠밸리7단지	아파트	서울특별시 강서구 마곡동 743-4 마곡엠밸리7단지	서울특별시 강서구 마곡서로 133	혼합	20140612	13	1004	666	338	위탁관리	지역난방	계단식	금호	대원에스테이트서비스(주)
서울특별시	강서구	마곡동	A15721008	마곡엠밸리4단지	아파트	서울특별시 강서구 마곡동 4 마곡엠밸리4단지	서울특별시 강서구 마곡서로 175	혼합	20140620	7	420	162	258	위탁관리	지역난방	혼합식	경남기업	우리관리(주)
서울특별시	강서구	마곡동	A15721009	마곡엠밸리2단지	아파트	서울특별시 강서구 마곡동 2 마곡엠밸리2단지	서울특별시 강서구 마곡서1로 146	혼합	20140619	6	408	166	242	위탁관리	지역난방	혼합식	(주)한양	서림주택관리(주)
서울특별시	강서구	마곡동	A15721010	마곡엠밸리14단지	아파트	서울특별시 강서구 마곡동 14 마곡엠밸리14단지	서울특별시 강서구 마곡중앙로 33	혼합	20140529	13	1270	379	891	위탁관리	지역난방	혼합식	한화건설(주)	(주)쌍용개발
서울특별시	강서구	마곡동	A15721011	마곡엠밸리3단지	아파트	서울특별시 강서구 마곡동 736 마곡엠밸리3단지	서울특별시 강서구 마곡서1로 132	혼합	20140619	4	315	122	193	위탁관리	지역난방	혼합식	(주)한양	(주)서림주택관리
서울특별시	강서구	방화동	A15722001	마곡삼성	아파트	서울특별시 강서구 방화동 857 마곡삼성	서울특별시 강서구 방화대로34길 113	분양	19980109	1	170	170	0	위탁관리	개별난방	계단식	삼성물산	서림주택관리(주)
서울특별시	강서구	방화동	A15722003	마곡신안네트빌(1단지)	아파트	"서울특별시 강서구 방화동 868,서울특별시 강서구 방화동 869 마곡신안네트빌(1단지)"	"서울특별시 강서구 양천로14길 37,서울특별시 강서구 양천로14길 61"	분양	20020913	3	285	285	0	위탁관리	개별난방	혼합식	신안종합건설	(주)공간
서울특별시	강서구	방화동	A15722004	마곡푸르지오	아파트	서울특별시 강서구 방화동 890 마곡푸르지오	서울특별시 강서구 방화대로34길 88	혼합	20080609	7	341	318	23	위탁관리	개별난방	계단식	대우건설	우리관리(주)
서울특별시	강서구	방화동	A15722005	마곡 한진해모로	아파트	서울특별시 강서구 방화동 579 마곡 한진해모로	서울특별시 강서구 양천로24가길 59	분양	20040511	6	354	354	0	위탁관리	개별난방	혼합식	한진중공업	폴리텍 주식회사
서울특별시	강서구	방화동	A15722007	방화삼성꽃마을	아파트	서울특별시 강서구 방화동 858 방화삼성꽃마을	서울특별시 강서구 양천로18길 27	분양	19971006	3	206	206	0	위탁관리	개별난방	계단식	삼성	서일개발(주)
서울특별시	강서구	마곡동	A15722010	마곡엠밸리5단지	아파트	서울특별시 강서구 마곡동 740 마곡엠밸리5단지	서울특별시 강서구 마곡서1로 111-11	혼합	20140626	8	439	302	137	위탁관리	지역난방	혼합식	에스에이치공사	제일에스테이트서비스 주식회사
서울특별시	강서구	방화동	A15722011	방화길훈	아파트	서울특별시 강서구 방화동 201-1 방화길훈	서울특별시 강서구 양천로30길 98	분양	19891228	1	112	112	0	위탁관리(직영+위탁)	개별난방	복도식	길훈	 
서울특별시	강서구	방화동	A15722102	개화산동부센트레빌	아파트	서울특별시 강서구 방화동 870 개화산동부센트레빌	서울특별시 강서구 양천로3길 17	분양	20030224	4	205	205	0	위탁관리	개별난방	계단식	동부건설(주)	(주)화신지엠에스
서울특별시	강서구	방화동	A15722104	마곡청구아파트	아파트	서울특별시 강서구 방화동 859 마곡청구아파트	서울특별시 강서구 양천로26길 103	분양	19980220	3	209	209	0	위탁관리	개별난방	계단식	청구	우리관리(주)
서울특별시	강서구	방화동	A15722106	마곡우림필유아파트	아파트	서울특별시 강서구 방화동 876 마곡우림필유아파트	서울특별시 강서구 양천로28길 29	분양	20031231	3	320	320	0	위탁관리	개별난방	계단식	우림건설(주)	대원에스테이트서비스(주)
서울특별시	강서구	방화동	A15722108	방화동부센트레빌	아파트	서울특별시 강서구 방화동 875 방화동부센트레빌	서울특별시 강서구 방화대로45길 32	분양	20031129	7	407	407	0	위탁관리	개별난방	계단식	동부건설(주)	우리관리(주)
서울특별시	강서구	방화동	A15722201	마곡서광2차아파트	아파트	서울특별시 강서구 방화동 871 마곡서광2차아파트	서울특별시 강서구 양천로14길 17	분양	20030602	2	154	154	0	위탁관리	개별난방	계단식	서광건설(주)	주식회사 한빛종합관리
서울특별시	강서구	방화동	A15722203	방화신동아	아파트	서울특별시 강서구 방화동 796 방화신동아	서울특별시 강서구 방화대로37길 15	분양	19951216	2	224	224	0	위탁관리	지역난방	혼합식	신동아건설	우리관리(주)
서울특별시	강서구	방화동	A15722204	방화동E편한세상	아파트	서울특별시 강서구 방화동 874 방화동E편한세상	서울특별시 강서구 양천로6길 57	분양	20031028	4	279	279	0	위탁관리	개별난방	계단식	삼호건설	주식회사 푸른종합주택관리
서울특별시	강서구	방화동	A15722304	치현마을동일스위트리버아파트	아파트	서울특별시 강서구 방화동 880 치현마을동일스위트리버아파트	서울특별시 강서구 금낭화로24가길 28	분양	20041223	3	213	213	0	위탁관리	개별난방	계단식	동일	(주)공간
서울특별시	강서구	방화동	A15722306	마곡서광	아파트	서울특별시 강서구 방화동 860 마곡서광	서울특별시 강서구 양천로27길 129	분양	19980821	5	284	284	0	위탁관리	개별난방	계단식	(주)서광건설산업	세화종합관리(주)
서울특별시	강서구	방화동	A15722307	방화1단지(장미)	아파트	서울특별시 강서구 방화동 841 방화1단지(장미)	서울특별시 강서구 양천로 125	분양	19940729	3	387	387	0	위탁관리	지역난방	복도식	대양건설(주)	(주)아주관리
서울특별시	강서구	방화동	A15722314	방화2단지	아파트	서울특별시 강서구 방화동 839 방화2단지	서울특별시 강서구 방화대로48길 40	임대	19931025	12	1563	0	1563	위탁관리	지역난방	복도식	진로건설	(주)대한주택개발
서울특별시	강서구	내발산동	A15728002	마곡수명산파크6단지	아파트	서울특별시 강서구 내발산동 759 마곡수명산파크6단지	서울특별시 강서구 수명로2길 63	혼합	20071019	6	399	162	237	위탁관리	지역난방	혼합식	SH공사	주식회사 씨엠관리
서울특별시	강서구	내발산동	A15728003	마곡수명산파크3단지	아파트	서울특별시 강서구 내발산동 751 마곡수명산파크3단지	서울특별시 강서구 수명로1길 110	혼합	20070921	8	518	237	281	위탁관리	지역난방	계단식	두산건설	주식회사 씨엠관리
서울특별시	강서구	내발산동	A15728004	마곡수명산파크2단지	아파트	서울특별시 강서구 내발산동 741 마곡수명산파크2단지	서울특별시 강서구 강서로47길 158	혼합	20070726	9	629	357	272	위탁관리	지역난방	계단식	"두산, 이수건설"	대원에스테이트서비스(주)
서울특별시	강서구	내발산동	A15728005	마곡수명산파크7단지	아파트	서울특별시 강서구 내발산동 756 마곡수명산파크7단지	서울특별시 강서구 수명로2가길 22	혼합	20081001	10	643	248	395	위탁관리	지역난방	혼합식	SH공사	(주)공간
서울특별시	강서구	내발산동	A15728006	마곡수명산파크4단지	아파트	서울특별시 강서구 내발산동 753 마곡수명산파크4단지	서울특별시 강서구 수명로1길 16	혼합	20080220	14	919	630	289	위탁관리	지역난방	혼합식	TEC건설	(주)한영파트너스에프에이치
서울특별시	강서구	내발산동	A15728007	마곡수명산파크5단지	아파트	서울특별시 강서구 내발산동 749 마곡수명산파크5단지	서울특별시 강서구 수명로2길 105	혼합	20080610	19	948	458	490	위탁관리	지역난방	혼합식	성원건설(주)	삼정알엠씨(주)
서울특별시	강서구	내발산동	A15728008	마곡수명산파크1단지	아파트	서울특별시 강서구 내발산동 742 마곡수명산파크1단지	서울특별시 강서구 강서로47길 108	혼합	20071101	16	1421	580	841	위탁관리	지역난방	혼합식	KCC	(주)무림하우징
서울특별시	강서구	내발산동	A15728009	우장산힐스테이트	아파트	서울특별시 강서구 내발산동 657 우장산힐스테이트	서울특별시 강서구 강서로 348	분양	20050504	40	2198	2198	0	위탁관리	개별난방	계단식	"현대건설,현대산업개발,한진중공업"	세화종합관리(주)
서울특별시	강서구	내발산동	A15728010	우장산롯데2차	아파트	서울특별시 강서구 내발산동 729 우장산롯데2차	서울특별시 강서구 우장산로 47	분양	20030925	3	157	157	0	위탁관리	개별난방	계단식	롯데기공(주)	대원에스테이트서비스(주)
서울특별시	강서구	마곡동	A15728011	마곡엠밸리15단지	아파트	서울특별시 강서구 마곡동 15 마곡엠밸리15단지	서울특별시 강서구 마곡중앙로 36	혼합	20140529	13	1171	416	755	위탁관리	지역난방	혼합식	대우조선해양건설	(주)로이안
서울특별시	강서구	내발산동	A15728013	우장산롯데1차	아파트	서울특별시 강서구 내발산동 728 우장산롯데1차	서울특별시 강서구 우장산로 38	분양	20021028	1	102	102	0	자치관리	개별난방	혼합식	(주)롯데기공	 
서울특별시	강서구	화곡동	A15770101	화곡2차보람	아파트	서울특별시 강서구 화곡동 1149 화곡2차보람	서울특별시 강서구 공항대로48길 12	분양	20041101	3	187	187	0	위탁관리	개별난방	계단식	보람건설	(주)무림하우징
서울특별시	강서구	화곡동	A15770102	그랜드아이파크	주상복합	"서울특별시 강서구 화곡동 1095-4,서울특별시 강서구 화곡동 1095 그랜드아이파크"	"서울특별시 강서구 화곡로 347,서울특별시 강서구 화곡로 341"	분양	20100630	3	159	159	0	위탁관리	개별난방	계단식	현대산업개발	서일개발
서울특별시	강서구	화곡동	A15770801	화곡초록	아파트	서울특별시 강서구 화곡동 1139 화곡초록	서울특별시 강서구 강서로45다길 30-27	분양	19981116	9	625	625	0	위탁관리	지역난방	혼합식	동원건설	광인산업(주)
서울특별시	강서구	등촌동	A15772901	등촌우성101동	아파트	서울특별시 강서구 등촌동 630-11 등촌우성101동	서울특별시 강서구 화곡로68길 115	분양	19920527	1	134	134	0	위탁관리	개별난방	계단식	우성건설	세화종합관리(주)
서울특별시	강서구	등촌동	A15772902	등촌우성102동	아파트	서울특별시 강서구 등촌동 630-3 등촌우성102동	서울특별시 강서구 화곡로68길 103	분양	19920527	1	110	110	0	위탁관리	개별난방	계단식	우성건설	세화종합관리(주)
서울특별시	강서구	방화동	A15773501	방화월드메르디앙	아파트	"서울특별시 강서구 방화동 879,서울특별시 강서구 방화동 878 방화월드메르디앙"	서울특별시 강서구 양천로1길 117	분양	20040607	3	258	258	0	위탁관리	개별난방	계단식	(주)월드건설	율산개발
서울특별시	강서구	가양동	A15774708	가양7단지	아파트	서울특별시 강서구 가양동 1486 가양7단지	서울특별시 강서구 허준로 209	임대	19920705	10	1998	0	1998	위탁관리	지역난방	복도식	신화건설 외	주택관리공단
서울특별시	강서구	염창동	A15776001	염창강변월드메르디앙	아파트	서울특별시 강서구 염창동 240-1 염창강변월드메르디앙	서울특별시 강서구 양천로63길 51	분양	20100330	3	164	164	0	자치관리	개별난방	계단식	월드건설산업(주)	 
서울특별시	강서구	염창동	A15776003	이너스내안에	아파트	"서울특별시 강서구 염창동 254-2,서울특별시 강서구 염창동 254-2 이너스내안에"	서울특별시 강서구 양천로75길 22-21	분양	20040924	1	105	105	0	위탁관리	개별난방	혼합식	(주)이너스건설	 
서울특별시	강서구	염창동	A15776004	현대3	아파트	서울특별시 강서구 염창동 291 현대3	서울특별시 강서구 양천로75길 60	분양	19961005	1	127	127	0	자치관리	개별난방	혼합식	현대산업개발	 
서울특별시	강서구	등촌동	A15776414	등촌주공4단지	아파트	서울특별시 강서구 등촌동 690 등촌주공4단지	서울특별시 강서구 공항대로39길 59	임대	19950520	9	1575	0	1575	위탁관리	지역난방	복도식	lh	주택관리공단(주)
서울특별시	강서구	등촌동	A15776617	등촌주공6단지	아파트	서울특별시 강서구 등촌동 705 등촌주공6단지	서울특별시 강서구 화곡로63가길 18	임대	19951010	4	559	0	559	위탁관리	지역난방	복도식	대한주택공사	주택관리공단(주)
서울특별시	강서구	등촌동	A15776715	등촌주공7단지	아파트	서울특별시 강서구 등촌동 707 등촌주공7단지	서울특별시 강서구 공항대로43길 104	임대	19941104	6	1146	0	1146	위탁관리	지역난방	복도식	한국토지주택공사	주택관리공단
서울특별시	강서구	등촌동	A15776916	등촌주공9단지	아파트	서울특별시 강서구 등촌동 704 등촌주공9단지	서울특별시 강서구 화곡로63가길 92	임대	19941104	7	1445	-13005	14450	위탁관리	지역난방	복도식	LH	주택관리공단
서울특별시	강서구	방화동	A15777501	마곡중앙하이츠아파트	아파트	서울특별시 강서구 방화동 852 마곡중앙하이츠아파트	서울특별시 강서구 양천로6길 28	분양	19940514	8	930	930	0	위탁관리	지역난방	복도식	중앙하이츠	주식회사 푸른종합주택관리
서울특별시	강서구	방화동	A15778101	방화동성아파트	아파트	서울특별시 강서구 방화동 817 방화동성아파트	서울특별시 강서구 금낭화로23길 8	분양	19931216	9	686	686	0	위탁관리	지역난방	계단식	(주)동성종합건설	세화종합관리(주)
서울특별시	강서구	내발산동	A15779704	길성그랑프리텔1차	아파트	서울특별시 강서구 내발산동 730 길성그랑프리텔1차	서울특별시 강서구 강서로46길 79	분양	20031231	2	194	194	0	위탁관리	개별난방	계단식	길성건설(주)	에이제이대원 주식회사
서울특별시	강서구	가양동	A15780002	가양우성	아파트	서울특별시 강서구 가양동 14-3 가양우성	서울특별시 강서구 양천로 489	분양	19901030	4	414	414	0	위탁관리	지역난방	계단식	우성건설	대원에스테이트서비스(주)
서울특별시	강서구	가양동	A15780401	가양강나루현대	아파트	서울특별시 강서구 가양동 448-1 가양강나루현대	서울특별시 강서구 양천로 507	분양	19990326	9	642	642	0	위탁관리	지역난방	계단식	고려산업개발(주)	우리관리(주)
서울특별시	강서구	가양동	A15780602	가양한보구암	아파트	서울특별시 강서구 가양동 1495 가양한보구암	서울특별시 강서구 허준로 76	분양	19990210	4	359	359	0	위탁관리	개별난방	계단식	(주)한보	에이제이대원 주식회사
서울특별시	강서구	가양동	A15780603	가양동신대아	아파트	"서울특별시 강서구 가양동 1459,서울특별시 강서구 가양동 1459 가양동신대아"	서울특별시 강서구 강서로 532	분양	19930617	10	660	660	0	위탁관리	지역난방	계단식	동신주택	에이제이대원 주식회사
서울특별시	강서구	가양동	A15780604	한강타운아파트	아파트	서울특별시 강서구 가양동 1460 한강타운아파트	서울특별시 강서구 허준로 23	분양	19930615	11	990	990	0	위탁관리	지역난방	계단식	"신명건설,신원건설,미주건설"	아산종합관리(주)
서울특별시	강서구	가양동	A15780605	가양2단지	아파트	서울특별시 강서구 가양동 1461 가양2단지	서울특별시 강서구 허준로 47	분양	19921118	10	1624	1624	0	위탁관리	지역난방	복도식	성지건설	서림주택관리(주)
서울특별시	강서구	가양동	A15780701	가양중앙하이츠	아파트	서울특별시 강서구 가양동 1467 가양중앙하이츠	서울특별시 강서구 허준로 55-20	분양	19990429	3	164	164	0	위탁관리	지역난방	계단식	중앙건설(주)	우리관리(주)
서울특별시	강서구	가양동	A15780703	가양대림경동	아파트	서울특별시 강서구 가양동 1474 가양대림경동	서울특별시 강서구 허준로 121	분양	19930917	6	540	540	0	위탁관리	지역난방	계단식	"대림건설, 경동건설"	한국주택시설관리주식회사
서울특별시	강서구	가양동	A15780704	가양3단지(강변)	아파트	서울특별시 강서구 가양동 1475 가양3단지(강변)	서울특별시 강서구 허준로 139	분양	19921202	12	1556	1556	0	위탁관리	지역난방	복도식	신일건업(주)	율산개발 유한회사
서울특별시	강서구	가양동	A15780705	가양4단지	아파트	서울특별시 강서구 가양동 1478 가양4단지	서울특별시 강서구 양천로57길 37	임대	19921130	12	1998	0	1998	위탁관리	지역난방	복도식	SH공사	(주)엠컨트럴시스템
서울특별시	강서구	가양동	A15780806	가양5단지	아파트	서울특별시 강서구 가양동 1481 가양5단지	서울특별시 강서구 양천로57길 36	임대	19921130	16	2411	0	2411	위탁관리	지역난방	복도식	"대주건설, 건영"	(주)이오티앤디
서울특별시	강서구	가양동	A15780904	가양도시개발공사8단지(임대)	아파트	서울특별시 강서구 가양동 1482 가양도시개발공사8단지(임대)	서울특별시 강서구 허준로 176	임대	19921118	9	1110	0	1110	위탁관리	지역난방	복도식	삼성중공업	(주)신화비엠씨
서울특별시	강서구	가양동	A15780905	가양6단지	아파트	서울특별시 강서구 가양동 1485 가양6단지	서울특별시 강서구 허준로 175	분양	19921118	15	1476	1476	0	위탁관리	지역난방	복도식	남광토건(주)	남경종합관리(주)
서울특별시	강서구	가양동	A15781002	가양9-1	아파트	서울특별시 강서구 가양동 1489 가양9-1	서울특별시 강서구 허준로 224	임대	19921118	6	914	0	914	위탁관리	지역난방	복도식	SH공사	남경종합관리(주)
서울특별시	강서구	가양동	A15781003	가양9-2	아파트	서울특별시 강서구 가양동 1490 가양9-2	서울특별시 강서구 허준로 234	분양	19930227	6	1005	1005	0	위탁관리	지역난방	복도식	도시개발공사	대원에스테이트서비스(주)
서울특별시	강서구	공항동	A15781201	강서센트레빌4차	아파트	서울특별시 강서구 공항동 1374 강서센트레빌4차	서울특별시 강서구 남부순환로 11	혼합	20091104	3	215	194	21	위탁관리	개별난방	계단식	동부건설	세화종합관리(주)
서울특별시	강서구	내발산동	A15782501	강서월드메르디앙	아파트	서울특별시 강서구 내발산동 659-1 강서월드메르디앙	서울특별시 강서구 공항대로42길 54-26	분양	20060330	3	160	160	0	위탁관리	개별난방	계단식	월드건설	(주)씨엠자산관리
서울특별시	강서구	등촌동	A15783701	등촌임광	아파트	서울특별시 강서구 등촌동 562-5 등촌임광	서울특별시 강서구 등촌로 113	분양	20000512	3	168	168	0	위탁관리	개별난방	혼합식	임광토건	율산개발 유한회사
서울특별시	강서구	등촌동	A15783703	등촌대림e편한세상	아파트	서울특별시 강서구 등촌동 561-1 등촌대림e편한세상	서울특별시 강서구 등촌로 137	분양	20020518	4	222	222	0	위탁관리	개별난방	계단식	(주)삼호	국제경보산업(주)
서울특별시	강서구	등촌동	A15783806	등촌라인	아파트	서울특별시 강서구 등촌동 628-15 등촌라인	서울특별시 강서구 화곡로68길 33	분양	19971029	3	317	317	0	위탁관리	지역난방	혼합식	라인건설	대성티엠씨 주식회사
서울특별시	강서구	등촌동	A15783902	등촌태영	아파트	서울특별시 강서구 등촌동 632-2 등촌태영	서울특별시 강서구 양천로 590	분양	19980625	3	186	186	0	위탁관리	개별난방	혼합식	태영건설(주)	광인에스테이트서비스 주식회사
서울특별시	강서구	등촌동	A15783905	등촌삼성한사랑	아파트	서울특별시 강서구 등촌동 632-4 등촌삼성한사랑	서울특별시 강서구 양천로66길 6	분양	19971217	3	244	244	0	위탁관리	개별난방	혼합식	삼성중공업	광인에스테이트서비스 주식회사
서울특별시	강서구	등촌동	A15783907	한사랑2차삼성아파트(등촌동)	아파트	서울특별시 강서구 등촌동 634-2 한사랑2차삼성아파트(등촌동)	서울특별시 강서구 공항대로59길 64	분양	19990629	5	339	339	0	위탁관리	개별난방	계단식	삼성중공업(주)	한국주택시설관리
서울특별시	강서구	등촌동	A15784003	등촌코오롱오투빌1차	아파트	서울특별시 강서구 등촌동 642 등촌코오롱오투빌1차	서울특별시 강서구 화곡로66길 90	분양	19990614	1	191	191	0	위탁관리	개별난방	혼합식	코오롱건설	국제경보산업(주)
서울특별시	강서구	등촌동	A15784008	등촌서광	아파트	서울특별시 강서구 등촌동 638 등촌서광	서울특별시 강서구 공항대로45길 68-6	분양	19990401	6	430	430	0	위탁관리	지역난방	계단식	서광건설	세화종합관리(주)
서울특별시	강서구	등촌동	A15784201	등촌현대1차(한마음)	아파트	서울특별시 강서구 등촌동 655-27 등촌현대1차(한마음)	서울특별시 강서구 공항대로45길 24	분양	19950713	1	170	170	0	자치관리	개별난방	계단식	현대건설	 
서울특별시	강서구	등촌동	A15784402	등촌태진아름	아파트	서울특별시 강서구 등촌동 676 등촌태진아름	서울특별시 강서구 등촌로53길 39	분양	19950915	3	221	221	0	위탁관리	개별난방	혼합식	태진건설	대원에스테이트서비스(주)
서울특별시	강서구	방화동	A15784601	마곡현대아파트	아파트	서울특별시 강서구 방화동 863 마곡현대아파트	서울특별시 강서구 양천로 140	분양	19991223	4	202	202	0	위탁관리	개별난방	혼합식	현대산업개발	아산종합관리
서울특별시	강서구	방화동	A15785002	방화3차우림필유	아파트	서울특별시 강서구 방화동 546-1 방화3차우림필유	서울특별시 강서구 양천로14길 118	분양	20050602	3	187	187	0	위탁관리	개별난방	계단식	우림건설	아산종합관리(주)
서울특별시	강서구	방화동	A15785005	방화11단지	아파트	서울특별시 강서구 방화동 851 방화11단지	서울특별시 강서구 개화동로21길 4	임대	19940521	5	1065	0	1065	위탁관리	지역난방	복도식	동성	(주)이오티앤디
서울특별시	강서구	방화동	A15785507	마곡현대1차	아파트	"서울특별시 강서구 방화동 794,서울특별시 강서구 방화동 793 마곡현대1차"	"서울특별시 강서구 방화대로37길 26,서울특별시 강서구 방화대로37길 35"	분양	19931126	3	337	337	0	위탁관리	지역난방	계단식	현대	우리관리(주)
서울특별시	강서구	방화동	A15785601	방화진로	아파트	서울특별시 강서구 방화동 804 방화진로	서울특별시 강서구 금낭화로 258	분양	19940909	2	160	160	0	위탁관리	지역난방	계단식	주)진로건설	광인산업(주)
서울특별시	강서구	방화동	A15785605	방화9단지	아파트	서울특별시 강서구 방화동 807 방화9단지	서울특별시 강서구 양천로11길 57	임대	19960920	2	250	0	250	위탁관리	지역난방	복도식	SH공사	(주)다보산업관리
서울특별시	강서구	방화동	A15785608	방화동 개화아파트	아파트	서울특별시 강서구 방화동 819 방화동 개화아파트	서울특별시 강서구 금낭화로 167	분양	19940331	7	462	462	0	위탁관리	지역난방	계단식	"신일건업(주),공영토건(주)"	세화종합관리(주)
서울특별시	강서구	방화동	A15785612	방화6단지	아파트	서울특별시 강서구 방화동 816 방화6단지	서울특별시 강서구 금낭화로23길 25	임대	19940817	4	1000	0	1000	위탁관리	지역난방	복도식	웅산건업외	(주)다보산업관리
서울특별시	강서구	방화동	A15785613	방화5단지	아파트	서울특별시 강서구 방화동 814 방화5단지	서울특별시 강서구 금낭화로 287-19	분양	19940817	6	1372	1372	0	위탁관리	지역난방	복도식	도시개발공사	명신주택관리 주식회사
서울특별시	강서구	방화동	A15785703	마곡한숲대림아파트	아파트	서울특별시 강서구 방화동 862 마곡한숲대림아파트	서울특별시 강서구 방화대로50길 7	분양	19990816	3	206	206	0	위탁관리	개별난방	계단식	대림산업(주)	세화종합관리(주)
서울특별시	강서구	방화동	A15785709	방화청솔3단지	아파트	서울특별시 강서구 방화동 832 방화청솔3단지	서울특별시 강서구 방화대로47길 55	분양	19940728	3	488	488	0	위탁관리	지역난방	복도식	서울시도시개발공사	(주)케이비아주
서울특별시	강서구	방화동	A15785710	방화4단지(삼익삼환)	아파트	서울특별시 강서구 방화동 831 방화4단지(삼익삼환)	서울특별시 강서구 방화대로47가길 22	분양	19940824	13	680	680	0	자치관리	지역난방	계단식	"삼환, 삼익건설"	 
서울특별시	강서구	방화동	A15785711	방화2-2 그린	아파트	서울특별시 강서구 방화동 839 방화2-2 그린	서울특별시 강서구 방화대로48길 40	분양	19931025	6	984	984	0	위탁관리	지역난방	복도식	도시개발공사	주식회사 한빛종합관리
서울특별시	강서구	염창동	A15785919	염창우성1차	아파트	서울특별시 강서구 염창동 66-9 염창우성1차	서울특별시 강서구 양천로67길 77	분양	19901109	4	339	339	0	위탁관리	개별난방	혼합식	우성건설	서림주택관리(주)
서울특별시	강서구	염창동	A15786104	삼성하나로	아파트	서울특별시 강서구 염창동 248-3 삼성하나로	서울특별시 강서구 양천로73길 5	분양	19940222	1	178	178	0	위탁관리	개별난방	혼합식	삼성건설(주)	광인산업(주)
서울특별시	강서구	염창동	A15786111	염창극동	아파트	서울특별시 강서구 염창동 246-23 염창극동	서울특별시 강서구 양천로69길 18	분양	20000527	2	249	249	0	위탁관리	개별난방	혼합식	극동건설	서림주택관리(주)
서울특별시	강서구	염창동	A15786116	염창금호	아파트	서울특별시 강서구 염창동 240-32 염창금호	서울특별시 강서구 양천로 595	분양	19990402	4	290	290	0	위탁관리	개별난방	계단식	금호건설	율산개발 유한회사
서울특별시	강서구	염창동	A15786118	염창한마음삼성	아파트	서울특별시 강서구 염창동 244-2 염창한마음삼성	서울특별시 강서구 양천로 637	분양	19950708	5	330	330	0	위탁관리	개별난방	혼합식	삼성물산건설부문	광인산업(주)
서울특별시	강서구	염창동	A15786213	염창무학	아파트	서울특별시 강서구 염창동 255 염창무학	서울특별시 강서구 양천로77길 45	분양	19990331	5	273	273	0	위탁관리	개별난방	혼합식	무학건설	세화종합관리(주)
서울특별시	강서구	염창동	A15786222	염창태진한솔	아파트	서울특별시 강서구 염창동 263 염창태진한솔	서울특별시 강서구 공항대로71길 54	분양	19941005	5	356	356	0	자치관리	개별난방	혼합식	태진건설	 
서울특별시	강서구	염창동	A15786227	염창동아3차	아파트	서울특별시 강서구 염창동 258-1 염창동아3차	서울특별시 강서구 양천로 731	분양	19990118	8	570	570	0	위탁관리	개별난방	혼합식	동아건설	대원에스테이트서비스(주)
서울특별시	강서구	염창동	A15786312	염창극동상록수	아파트	서울특별시 강서구 염창동 280 염창극동상록수	서울특별시 강서구 공항대로71길 31	분양	19991027	2	256	256	0	위탁관리	개별난방	혼합식	극동건설	세화종합관리(주)
서울특별시	강서구	염창동	A15786314	염창태영송화	아파트	서울특별시 강서구 염창동 270-1 염창태영송화	서울특별시 강서구 공항대로61길 60	분양	19991111	4	277	277	0	위탁관리	개별난방	혼합식	태영건설(주)	인덕종합관리(주)
서울특별시	강서구	염창동	A15786321	염창관음삼성	아파트	서울특별시 강서구 염창동 268 염창관음삼성	서울특별시 강서구 양천로 656	분양	19970801	3	350	350	0	위탁관리	개별난방	계단식	(주)삼성건설	광인산업(주)
서울특별시	강서구	염창동	A15786405	염창우성2차	아파트	서울특별시 강서구 염창동 287-1 염창우성2차	서울특별시 강서구 양천로67길 54	분양	19920520	1	186	186	0	위탁관리	개별난방	혼합식	우성건설(주)	서림주택관리(주)
서울특별시	강서구	염창동	A15786408	삼정그린코아	아파트	서울특별시 강서구 염창동 282 삼정그린코아	서울특별시 강서구 공항대로75길 30	분양	20010531	3	206	206	0	위탁관리	개별난방	계단식	삼정건설	세화종합관리(주)
서울특별시	강서구	염창동	A15786420	염창신동아	아파트	서울특별시 강서구 염창동 289 염창신동아	서울특별시 강서구 양천로67길 32	분양	19951213	3	348	348	0	위탁관리	개별난방	혼합식	신동아건설	서림주택관리(주)
서울특별시	강서구	염창동	A15786424	염창한화꿈에그린	아파트	서울특별시 강서구 염창동 281-22 염창한화꿈에그린	서울특별시 강서구 공항대로75길 17	분양	20050401	7	422	422	0	위탁관리	개별난방	계단식	한화건설	(주)무림하우징
서울특별시	강서구	염창동	A15786426	염창현대1차	아파트	서울특별시 강서구 염창동 288 염창현대1차	서울특별시 강서구 양천로75길 57	분양	19940421	5	498	498	0	위탁관리	개별난방	계단식	현대산업개발	세화종합관리(주)
서울특별시	강서구	염창동	A15786510	염창한강동아(2차)	아파트	서울특별시 강서구 염창동 293 염창한강동아(2차)	서울특별시 강서구 양천로73길 80	분양	19980721	3	212	212	0	위탁관리	개별난방	혼합식	동아건설산업(주)	대원종합관리(주)
서울특별시	강서구	화곡동	A15788203	화곡중앙하이츠	아파트	서울특별시 강서구 화곡동 351-89 화곡중앙하이츠	서울특별시 강서구 강서로17가길 46	분양	19881212	4	473	473	0	위탁관리	개별난방	복도식	중앙건설	신한영주택관리(주)
서울특별시	강서구	화곡동	A15788302	화곡대림아파트	아파트	서울특별시 강서구 화곡동 361-1 화곡대림아파트	서울특별시 강서구 월정로 160	분양	19920831	5	416	416	0	위탁관리	개별난방	계단식	대림산업(주)	대원종합관리(주)
서울특별시	강서구	화곡동	A15788901	화곡미성	아파트	서울특별시 강서구 화곡동 409-248 화곡미성	서울특별시 강서구 초록마을로 176	분양	19870502	3	228	228	0	위탁관리	개별난방	혼합식	(주)라이프	유원종합관리(주)
서울특별시	강서구	화곡동	A15791001	화곡유림노르웨이숲	주상복합	서울특별시 강서구 화곡동 919-1 화곡유림노르웨이숲	서울특별시 강서구 곰달래로 96	분양	20040916	1	225	225	0	위탁관리	개별난방	복도식	유림건설	(주)한빛관리
서울특별시	강서구	화곡동	A15792602	화곡푸르지오	아파트	서울특별시 강서구 화곡동 1091 화곡푸르지오	서울특별시 강서구 화곡로13길 107	분양	20021031	50	2176	2176	0	위탁관리	지역난방	계단식	대우건설	우리관리
서울특별시	양천구	목동	A15805002	목동한신청구	아파트	서울특별시 양천구 목동 929 목동한신청구	서울특별시 양천구 목동서로2길 22	분양	19971208	15	1512	1512	0	위탁관리	지역난방	계단식	"청구건설,한신공영"	(주)동우개발
서울특별시	양천구	목동	A15805003	목동3단지	아파트	서울특별시 양천구 목동 903 목동3단지	서울특별시 양천구 목동서로 100	분양	19860930	30	1588	1588	0	위탁관리	지역난방	혼합식	(주)대우	대원에스테이트서비스(주)
서울특별시	양천구	목동	A15805101	목동대원칸타빌	아파트	서울특별시 양천구 목동 808-5 목동대원칸타빌	서울특별시 양천구 목동로 224	분양	20010910	1	154	154	0	위탁관리	개별난방	계단식	(주)대원	서일개발(주)
서울특별시	양천구	목동	A15805102	목동현대아이파크	아파트	서울특별시 양천구 목동 940 목동현대아이파크	서울특별시 양천구 목동로 230	분양	20030628	4	171	171	0	위탁관리	개별난방	계단식	현대산업개발	(주)미래에이비엠
서울특별시	양천구	목동	A15805105	목동성원	아파트	서울특별시 양천구 목동 926-8 목동성원	서울특별시 양천구 목동서로 234	분양	19970125	2	200	200	0	위탁관리	지역난방	계단식	성원건설	대원에스테이트서비스(주)
서울특별시	양천구	목동	A15805109	목동대림2차	아파트	서울특별시 양천구 목동 405 목동대림2차	서울특별시 양천구 목동동로12길 23	분양	19940607	2	262	262	0	위탁관리	지역난방	계단식	대림산업	대한종합개발(주)
서울특별시	양천구	목동	A15805111	목동현대하이페리온2차	주상복합	서울특별시 양천구 목동 961 목동현대하이페리온2차	서울특별시 양천구 오목로 300	분양	20061130	4	576	576	0	위탁관리	지역난방	계단식	현대건설(주)	우리관리(주)
서울특별시	양천구	목동	A15805114	목동현대하이페리온	주상복합	서울특별시 양천구 목동 916 목동현대하이페리온	서울특별시 양천구 목동동로 257	분양	20030721	2	466	466	0	위탁관리	지역난방	혼합식	현대건설	우리관리주식회사
서울특별시	양천구	목동	A15805115	목동7단지	아파트	서울특별시 양천구 목동 925 목동7단지	"서울특별시 양천구 목동로 212,서울특별시 양천구 목동로 186"	분양	19861006	34	2550	2550	0	위탁관리	지역난방	혼합식	광주고속 경남기업 한일개발 경향건설	서일개발
서울특별시	양천구	목동	A15805202	목동e-편한세상	아파트	서울특별시 양천구 목동 950 목동e-편한세상	서울특별시 양천구 목동중앙로7길 32	분양	20060705	8	276	276	0	위탁관리	개별난방	계단식	(주)삼호	국제경보산업(주)
서울특별시	양천구	목동	A15805203	목동건영	아파트	서울특별시 양천구 목동 928 목동건영	서울특별시 양천구 목동중앙본로22길 63	분양	19941223	4	299	299	0	위탁관리	개별난방+기타	계단식	주)건영	서일개발
서울특별시	양천구	목동	A15805301	목동부영그린타운3차	주상복합	서울특별시 양천구 목동 908-34 목동부영그린타운3차	서울특별시 양천구 목동동로 411	분양	20001124	1	276	276	0	위탁관리	지역난방	계단식	부영주택	주식회사 한빛종합관리
서울특별시	양천구	목동	A15805302	목동2차성원아파트	주상복합	서울특별시 양천구 목동 709-2 목동2차성원아파트	서울특별시 양천구 목동중앙남로 100	분양	20001213	4	423	423	0	위탁관리	개별난방	혼합식	성원건설(주)	주식회사 동우개발
서울특별시	양천구	목동	A15805303	목동롯데캐슬위너	아파트	서울특별시 양천구 목동 956 목동롯데캐슬위너	서울특별시 양천구 목동중앙북로 38	분양	20050623	13	1067	1067	0	위탁관리	지역난방	계단식	롯데캐슬	대원에스테이트서비스(주)
서울특별시	양천구	목동	A15805403	목동금호어울림	아파트	서울특별시 양천구 목동 951 목동금호어울림	서울특별시 양천구 목동중앙서로 37	분양	20041124	7	371	371	0	위탁관리	지역난방	계단식	금호산업	세화종합관리(주)
서울특별시	양천구	목동	A15805404	"목동대원칸타빌2,3단지"	아파트	"서울특별시 양천구 목동 941,서울특별시 양천구 목동 944 목동대원칸타빌2,3단지"	"서울특별시 양천구 목동중앙로 11,서울특별시 양천구 목동중앙로 9"	분양	20030628	6	511	511	0	위탁관리	개별난방	계단식	(주)대원	세화종합관리(주)
서울특별시	양천구	목동	A15805501	목동부영그린타운2차	주상복합	서울특별시 양천구 목동 908-28 목동부영그린타운2차	서울특별시 양천구 목동동로 401	분양	20000525	1	240	240	0	자치관리	지역난방	계단식	동광주택산업주택	자치관리
서울특별시	양천구	목동	A15805502	목동트윈빌	주상복합	서울특별시 양천구 목동 905-22 목동트윈빌	서울특별시 양천구 목동동로 339	분양	20000425	1	321	321	0	위탁관리	지역난방	기타	나산건설	(주)세안텍스
서울특별시	양천구	목동	A15805503	목동4단지	아파트	서울특별시 양천구 목동 904 목동4단지	서울특별시 양천구 목동서로 130	분양	19860930	16	1380	1380	0	위탁관리	지역난방	혼합식	롯데건설	(주)무림하우징
서울특별시	양천구	목동	A15805504	목동5단지	아파트	서울특별시 양천구 목동 912 목동5단지	서울특별시 양천구 목동동로 350	분양	19860930	36	1848	1848	0	위탁관리	지역난방	혼합식	삼환기업	무림하우징
서울특별시	양천구	신정동	A15807001	경남아너스빌	아파트	서울특별시 양천구 신정동 1307 경남아너스빌	서울특별시 양천구 목동동로10길 16-6	분양	20040630	4	292	292	0	위탁관리	지역난방	계단식	경남기업	주)무림하우징
서울특별시	양천구	신정동	A15807002	신트리1단지	아파트	서울특별시 양천구 신정동 1259 신트리1단지	서울특별시 양천구 신정로 293	분양	19990521	9	997	997	0	위탁관리	지역난방	복도식	진흥기업	(주)신원티엠씨(TMC)
서울특별시	양천구	신정동	A15807003	신정이펜하우스5단지	아파트	서울특별시 양천구 신정동 1318 신정이펜하우스5단지	서울특별시 양천구 신정이펜1로 27	혼합	20110418	7	238	84	154	위탁관리	지역난방	계단식	금호건설	에이제이대원 주식회사
서울특별시	양천구	신정동	A15807004	신정이펜하우스4단지	아파트	서울특별시 양천구 신정동 1317 신정이펜하우스4단지	서울특별시 양천구 신정이펜1로 51	혼합	20110629	12	546	217	329	위탁관리	지역난방	혼합식	SH공사	(주)다보산업관리
서울특별시	양천구	신정동	A15807101	목동9단지	아파트	서울특별시 양천구 신정동 312 목동9단지	서울특별시 양천구 목동서로 340	분양	19870730	32	2030	2030	0	위탁관리	지역난방	혼합식	"극동건설, 삼익건설"	한국주택시설관리(주)
서울특별시	양천구	신정동	A15807202	신정명지해드는터	아파트	서울특별시 양천구 신정동 1300 신정명지해드는터	서울특별시 양천구 신목로 43	분양	20031119	2	205	205	0	위탁관리	지역난방	계단식	(주)명지건설	서림주택관리(주)
서울특별시	양천구	신정동	A15807204	신정현대	아파트	서울특별시 양천구 신정동 1252 신정현대	서울특별시 양천구 신목로 23	분양	19950731	1	217	217	0	위탁관리	지역난방	복도식	현대산업개발	(주)신대한관리
서울특별시	양천구	신정동	A15807205	롯데캐슬	아파트	서울특별시 양천구 신정동 1309 롯데캐슬	서울특별시 양천구 신목로12길 22	분양	20041130	4	230	230	0	위탁관리	지역난방	계단식	롯데건설	shy
서울특별시	양천구	신정동	A15807208	목동삼성래미안	아파트	서울특별시 양천구 신정동 1278 목동삼성래미안	서울특별시 양천구 신목로 7	분양	19960910	4	420	420	0	위탁관리	지역난방	계단식	삼성건설	태림주택종합관리(주)
서울특별시	양천구	신정동	A15807210	신정동아이파크	아파트	서울특별시 양천구 신정동 1296 신정동아이파크	서울특별시 양천구 목동동로 180	분양	20020730	7	590	590	0	위탁관리	지역난방	혼합식	현대산업개발	주식회사 동우개발
서울특별시	양천구	신정동	A15807211	목동현대아파트	아파트	서울특별시 양천구 신정동 1279 목동현대아파트	서울특별시 양천구 목동동로12길 60	분양	19970716	6	972	972	0	위탁관리	지역난방	계단식	현대건설	주식회사 동우개발
서울특별시	양천구	신정동	A15807306	신정e-편한세상	아파트	서울특별시 양천구 신정동 1303 신정e-편한세상	서울특별시 양천구 신정로13길 38	분양	20040110	6	391	391	0	위탁관리	개별난방	계단식	(주)삼호	대성티엠씨 주식회사
서울특별시	양천구	신정동	A15807311	신트리3단지	아파트	서울특별시 양천구 신정동 1276 신트리3단지	서울특별시 양천구 신정로 290	분양	20001011	8	537	537	0	위탁관리	지역난방	혼합식	서울시도시개발공사	서림주택관리(주)
서울특별시	양천구	신정동	A15807313	신트리2단지	아파트	서울특별시 양천구 신정동 1258 신트리2단지	서울특별시 양천구 신정로 275	임대	20000523	4	698	0	698	위탁관리	지역난방	복도식	진흥기업(주)	에이제이대원 주식회사
서울특별시	양천구	신정동	A15807315	신정동일하이빌	아파트	"서울특별시 양천구 신정동 1311,서울특별시 양천구 신정동 1310 신정동일하이빌"	서울특별시 양천구 신정로11길 20	분양	20051028	11	770	770	0	위탁관리	개별난방	계단식	동일토건	우리관리(주)
서울특별시	양천구	신정동	A15807316	신트리4단지	아파트	서울특별시 양천구 신정동 1277 신트리4단지	서울특별시 양천구 신정로 260	분양	20000523	8	845	845	0	위탁관리	지역난방	혼합식	자유건설(주)	씨에스케이(주)
서울특별시	양천구	신정동	A15807601	목동삼성쉐르빌2차	주상복합	서울특별시 양천구 신정동 318-12 목동삼성쉐르빌2차	서울특별시 양천구 목동동로 177	분양	20040319	1	170	170	0	위탁관리	지역난방	계단식	삼성중공업(주)	서일개발(주)
서울특별시	양천구	신정동	A15807603	삼성쉐르빌1 아파트	주상복합	서울특별시 양천구 신정동 318-10 삼성쉐르빌1 아파트	서울특별시 양천구 목동동로 189	분양	20030402	3	312	312	0	위탁관리	지역난방	계단식	삼성중공업	케이에프앤에스주식회사
서울특별시	양천구	신정동	A15807604	목동8단지	아파트	서울특별시 양천구 신정동 314 목동8단지	서울특별시 양천구 목동서로 280	분양	19870930	12	1352	1352	0	위탁관리	지역난방	혼합식	도시개발공사	(주)무림하우징
서울특별시	양천구	신정동	A15807605	목동13단지	아파트	서울특별시 양천구 신정동 327 목동13단지	서울특별시 양천구 목동동로 100	분양	19870730	33	2280	2280	0	위탁관리	지역난방	혼합식	"선경건설, 삼부토건"	(주)쌍용개발
서울특별시	양천구	신정동	A15807606	목동14단지	아파트	서울특별시 양천구 신정동 329 목동14단지	서울특별시 양천구 목동동로 130	분양	19870730	34	3100	3100	0	위탁관리	지역난방	혼합식	라이프주택개발(주)	대원에스테이트서비스(주)
서울특별시	양천구	신정동	A15807701	신정세양청마루	아파트	서울특별시 양천구 신정동 1306 신정세양청마루	서울특별시 양천구 목동남로2길 60-30	분양	20060712	7	326	326	0	자치관리	개별난방	계단식	세양건설	 
서울특별시	양천구	신정동	A15807702	목동2차삼성래미안	아파트	"서울특별시 양천구 신정동 1295,서울특별시 양천구 신정동 1295-4 목동2차삼성래미안"	서울특별시 양천구 목동남로4길 81	분양	20011106	6	353	353	0	위탁관리	지역난방	혼합식	삼성물산	우리관리(주)
서울특별시	양천구	신정동	A15807703	목동2차우성	아파트	서울특별시 양천구 신정동 337 목동2차우성	서울특별시 양천구 목동남로4길 6-23	분양	20000318	12	1140	1140	0	위탁관리	지역난방	계단식	우성건설	한국주택시설관리(주)
서울특별시	양천구	신정동	A15807704	목동2차우성임대	아파트	서울특별시 양천구 신정동 337-2 목동2차우성임대	서울특별시 양천구 목동남로4길 6-46	임대	20000318	3	1140	0	1140	위탁관리	지역난방	복도식	우성건설(주)	(주)신화비엠씨
서울특별시	양천구	신정동	A15807705	목동11단지	아파트	서울특별시 양천구 신정동 325 목동11단지	서울특별시 양천구 목동동로 10	분양	19881003	19	1595	1595	0	위탁관리	지역난방	혼합식	"남광건설 ,진흥건설"	(주)무림하우징
서울특별시	양천구	신정동	A15807706	목동12단지	아파트	서울특별시 양천구 신정동 326 목동12단지	서울특별시 양천구 목동동로 50	분양	19881006	26	1860	1860	0	위탁관리	지역난방	혼합식	서울시도시개발공사	대원에스테이트서비스(주)
서울특별시	양천구	신정동	A15807707	신정양천	아파트	서울특별시 양천구 신정동 276 신정양천	서울특별시 양천구 목동로3길 41	임대	19951211	16	2998	0	2998	위탁관리	지역난방	복도식	"풍린, 진흥"	세화종합관리(주)
서울특별시	양천구	신월동	A15809001	신월대방샤인힐	아파트	서울특별시 양천구 신월동 1017 신월대방샤인힐	서울특별시 양천구 신월로9길 37	분양	20030924	3	150	150	0	위탁관리	개별난방	계단식	대방건설	광인에스테이트서비스 주식회사
서울특별시	양천구	신정동	A15809002	신정이펜하우스2단지	아파트	서울특별시 양천구 신정동 1322 신정이펜하우스2단지	서울특별시 양천구 신정이펜2로 55	혼합	20110418	20	471	212	259	위탁관리	지역난방	계단식	금호건설	(주)신현대관리
서울특별시	양천구	신월동	A15809201	신도신월1차	아파트	서울특별시 양천구 신월동 1029 신도신월1차	서울특별시 양천구 신월로20길 33	분양	20040625	3	182	182	0	위탁관리	개별난방	혼합식	한성강서재건축조합	일신주택관리(주)
서울특별시	양천구	신월동	A15809401	신월2차보람쉬움	아파트	서울특별시 양천구 신월동 1039 신월2차보람쉬움	서울특별시 양천구 오목로1길 46	분양	20050319	3	169	169	0	위탁관리	개별난방	계단식	보람건설(주)	(주)신대한관리
서울특별시	양천구	신월동	A15809402	신월삼정그린뷰	아파트	서울특별시 양천구 신월동 1041 신월삼정그린뷰	서울특별시 양천구 오목로3길 17	분양	20051228	3	236	236	0	위탁관리	개별난방	계단식	한강연립재건축조합	주식회사 한빛종합관리
서울특별시	양천구	신월동	A15809403	신월대성유니드	아파트	서울특별시 양천구 신월동 1033 신월대성유니드	서울특별시 양천구 신월로15길 25	분양	20041216	5	283	283	0	위탁관리	개별난방	계단식	(주)대성산업	인덕종합관리(주)
서울특별시	양천구	신월동	A15809502	수명산롯데캐슬	아파트	서울특별시 양천구 신월동 1036 수명산롯데캐슬	서울특별시 양천구 월정로 303	혼합	20080627	3	215	197	18	위탁관리	개별난방	계단식	롯데건설	남경종합관리(주)
서울특별시	양천구	신월동	A15809601	신월대주파크빌	아파트	서울특별시 양천구 신월동 1028 신월대주파크빌	서울특별시 양천구 남부순환로85길 16	분양	20040731	3	189	189	0	위탁관리	개별난방	계단식	대주건설(주)	주식회사 우창개발
서울특별시	양천구	신월동	A15809603	"벽산블루밍1단지,2단지"	아파트	"서울특별시 양천구 신월동 1022,서울특별시 양천구 신월동 1023 벽산블루밍1단지,2단지"	"서울특별시 양천구 신정로13길 50,서울특별시 양천구 신정로13길 51"	분양	20031216	7	444	444	0	위탁관리	개별난방	계단식	벽산건설(주)	서림폴리텍 주식회사
서울특별시	양천구	신월동	A15809701	신월길훈	아파트	서울특별시 양천구 신월동 341-1 신월길훈	서울특별시 양천구 지양로 101	분양	19871107	5	290	290	0	자치관리	개별난방	계단식	길훈건설	 
서울특별시	양천구	신월동	A15809702	신월신안파크	아파트	서울특별시 양천구 신월동 350-2 신월신안파크	서울특별시 양천구 지양로15길 20	분양	19871231	11	485	485	0	자치관리	개별난방	계단식	신안건설산업(주)	 
서울특별시	양천구	목동	A15870101	목동트라팰리스	아파트	"서울특별시 양천구 목동 962-1,서울특별시 양천구 목동 962 목동트라팰리스"	서울특별시 양천구 오목로 299	분양	20090123	4	522	522	0	위탁관리	지역난방	계단식	삼성물산	세화종합관리(주)
서울특별시	양천구	목동	A15870102	목동현대A	아파트	서울특별시 양천구 목동 931 목동현대A	서울특별시 양천구 목동동로12길 59	임대	19970716	2	540	0	540	위탁관리	지역난방	복도식	현대건설	(주)한결에이엠
서울특별시	양천구	신정동	A15870701	신정이펜하우스1단지(총세대 기준)	아파트	서울특별시 양천구 신정동 1321 신정이펜하우스1단지(총세대 기준)	서울특별시 양천구 신정이펜1로 99	혼합	20110729	12	466	128	338	위탁관리	지역난방	혼합식	(주)한진중공업	세화종합관리(주)
서울특별시	양천구	신정동	A15873701	목동10단지	아파트	서울특별시 양천구 신정동 311 목동10단지	서울특별시 양천구 목동서로 400	분양	19870730	34	2160	2160	0	위탁관리	지역난방	혼합식	"삼호, 동양고속"	서일개발(주)
서울특별시	양천구	신정동	A15873902	양천중앙하이츠	아파트	서울특별시 양천구 신정동 1314 양천중앙하이츠	서울특별시 양천구 목동남로2길 60-7	분양	20100202	4	241	241	0	위탁관리	개별난방	계단식	(주)중앙건설	서일개발(주)
서울특별시	양천구	목동	A15875101	목동1단지	아파트	서울특별시 양천구 목동 901 목동1단지	서울특별시 양천구 목동서로 38	분양	19851119	34	1882	1882	0	위탁관리	지역난방	혼합식	삼성종합건설	율산개발 유한회사
서울특별시	양천구	목동	A15875102	목동2단지	아파트	서울특별시 양천구 목동 902 목동2단지	서울특별시 양천구 목동서로 70	분양	19860930	37	1640	1640	0	위탁관리	지역난방	혼합식	(주)유원건설	대원에스테이트서비스(주)
서울특별시	양천구	목동	A15875103	목동신시가지 6단지아파트	아파트	서울특별시 양천구 목동 911 목동신시가지 6단지아파트	서울특별시 양천구 목동동로 430	분양	19861031	15	1362	1362	0	위탁관리	지역난방	복도식	현대	(주)무림하우징
서울특별시	양천구	신정동	A15876401	서울주택도시공사 목동현대B 임대아파트	아파트	서울특별시 양천구 신정동 1279-1 서울주택도시공사 목동현대B 임대아파트	서울특별시 양천구 신목로 10	임대	19970716	2	564	0	564	위탁관리	지역난방	복도식	현대건설	(주)다보산업관리
서울특별시	양천구	신정동	A15876402	신정삼성SH임대	아파트	서울특별시 양천구 신정동 1278-1 신정삼성SH임대	서울특별시 양천구 신목로 5	임대	19960910	2	506	0	506	위탁관리	지역난방	복도식	서울주택도시공사	(주)다보산업관리
서울특별시	양천구	신월동	A15878601	금하뜨라네	아파트	서울특별시 양천구 신월동 142-14 금하뜨라네	서울특별시 양천구 가로공원로56길 10	분양	20161206	6	155	155	0	위탁관리	개별난방	계단식	금하건설	(주)혁신산업
서울특별시	양천구	신정동	A15879501	신정푸른마을1단지임대	아파트	서울특별시 양천구 신정동 1282 신정푸른마을1단지임대	서울특별시 양천구 신정로7길 70	임대	20010129	4	500	0	500	위탁관리	지역난방	복도식	"현대건설(주),(주)태영"	광인산업(주)
서울특별시	양천구	신정동	A15879502	신정이펜하우스3단지	아파트	서울특별시 양천구 신정동 1316 신정이펜하우스3단지	서울특별시 양천구 신정이펜1로 50	혼합	20110624	22	1339	202	1137	위탁관리	지역난방	혼합식	풍림산업	(주)한결에이엠
서울특별시	양천구	목동	A15880204	목동우성	아파트	서울특별시 양천구 목동 200 목동우성	서울특별시 양천구 목동중앙로 143	분양	19920414	4	332	332	0	자치관리	지역난방	계단식	우성건설	 
서울특별시	양천구	목동	A15880905	목동금호베스트빌	아파트	서울특별시 양천구 목동 549 목동금호베스트빌	서울특별시 양천구 목동중앙북로8길 111	분양	20020327	5	495	495	0	위탁관리	지역난방	혼합식	금호건설(주)	서림주택관리(주)
서울특별시	양천구	목동	A15881601	목동극동늘푸른	아파트	서울특별시 양천구 목동 752-1 목동극동늘푸른	서울특별시 양천구 목동중앙본로 10	분양	19981030	2	206	206	0	위탁관리	지역난방	혼합식	극동건설(주)	(주)한영파트너스에프에이치
서울특별시	양천구	목동	A15881701	목동금강에스쁘아	아파트	서울특별시 양천구 목동 753-1 목동금강에스쁘아	서울특별시 양천구 목동중앙본로 15	분양	20020813	1	153	153	0	위탁관리	지역난방	계단식	(주)금강종합건설	한영파트너스에프에이치
서울특별시	양천구	목동	A15881702	목동성원	아파트	서울특별시 양천구 목동 763-1 목동성원	서울특별시 양천구 목동중앙로 67	분양	20000629	2	155	155	0	위탁관리	개별난방	계단식	성원산업개발(주)	세화종합관리(주)
서울특별시	양천구	목동	A15882006	목동현대2차	아파트	서울특별시 양천구 목동 930 목동현대2차	서울특별시 양천구 목동동로 202	분양	19960706	1	209	209	0	위탁관리	지역난방	계단식	현대산업개발	(주)한빛관리
서울특별시	양천구	목동	A15882008	목동현대1차	아파트	서울특별시 양천구 목동 932 목동현대1차	서울특별시 양천구 목동동로 240	분양	19971206	3	242	242	0	위탁관리	지역난방	계단식	현대건설(주)	(주)한빛관리
서울특별시	양천구	목동	A15882010	목동삼익	주상복합	서울특별시 양천구 목동 933 목동삼익	서울특별시 양천구 목동동로12길 45	분양	19970628	3	277	277	0	위탁관리	지역난방	혼합식	삼익건설	남경종합관리(주)
서울특별시	양천구	목동	A15882103	목동진도2차	아파트	서울특별시 양천구 목동 936 목동진도2차	서울특별시 양천구 목동동로 250	분양	19990327	1	179	179	0	위탁관리	지역난방	혼합식	(주)진도	(주)신대한관리
서울특별시	양천구	목동	A15882104	목동진도아파트	아파트	서울특별시 양천구 목동 935 목동진도아파트	서울특별시 양천구 목동서로 264	분양	19980908	2	182	182	0	위탁관리	지역난방	혼합식	진도종합건설(주)	(주)신대한관리
서울특별시	양천구	목동	A15882107	목동금호1차	아파트	서울특별시 양천구 목동 934 목동금호1차	서울특별시 양천구 목동동로 258	분양	19971004	2	224	224	0	위탁관리	지역난방	혼합식	금호건설(주)	대원에스테이트서비스(주)
서울특별시	양천구	신월동	A15882201	신월수명산SK-VIEW	아파트	서울특별시 양천구 신월동 1053 신월수명산SK-VIEW	서울특별시 양천구 월정로 306	분양	20090325	3	171	171	0	위탁관리	개별난방	계단식	sk건설(주)	우리관리(주)
서울특별시	양천구	신월동	A15883101	신월성원	아파트	서울특별시 양천구 신월동 222-7 신월성원	서울특별시 양천구 곰달래로2길 16	분양	19961220	1	170	170	0	위탁관리	개별난방	복도식	성원건설	(주)무림하우징
서울특별시	양천구	신월동	A15883201	양천벽산블루밍	아파트	"서울특별시 양천구 신월동 1026,서울특별시 양천구 신월동 1027,서울특별시 양천구 신월동 1048 양천벽산블루밍"	"서울특별시 양천구 월정로9길 17,서울특별시 양천구 월정로9길 20,서울특별시 양천구 월정로7길 24"	분양	20060915	6	485	485	0	위탁관리	개별난방	계단식	벽산건설(주)	(주)신원티엠씨(TMC)
서울특별시	양천구	신월동	A15883202	양천롯데캐슬	아파트	"서울특별시 양천구 신월동 1057,서울특별시 양천구 신월동 1057-1 양천롯데캐슬"	"서울특별시 양천구 오목로5길 19,서울특별시 양천구 오목로5길 20"	혼합	20101014	5	317	306	11	위탁관리	개별난방	계단식	롯데건설	(주)신원TMC
서울특별시	양천구	신월동	A15883401	신정뉴타운두산위브	아파트	서울특별시 양천구 신월동 1055 신정뉴타운두산위브	서울특별시 양천구 신월로20길 7	혼합	20121126	6	357	296	61	위탁관리	개별난방	혼합식	두산건설	세화종합관리(주)
서울특별시	양천구	신월동	A15883402	신정뉴타운롯데캐슬	아파트	서울특별시 양천구 신월동 612 신정뉴타운롯데캐슬	서울특별시 양천구 중앙로29길 61	혼합	20140207	11	930	770	160	위탁관리	개별난방	혼합식	롯데건설(주)	우리관리(주)
서울특별시	양천구	신월동	A15883702	신월서울가든	아파트	서울특별시 양천구 신월동 475 신월서울가든	서울특별시 양천구 중앙로53길 5	분양	19850529	3	200	200	0	위탁관리	개별난방	복도식	삼익건설	대원에스테이트서비스(주)
서울특별시	양천구	신월동	A15883803	신월대림	아파트	서울특별시 양천구 신월동 491-1 신월대림	서울특별시 양천구 오목로13길 7	분양	20011026	2	215	215	0	위탁관리	개별난방	계단식	(주)삼호	주식회사 한빛종합관리
서울특별시	양천구	신월동	A15884202	신월신안약수	아파트	서울특별시 양천구 신월동 591-1 신월신안약수	서울특별시 양천구 중앙로29길 55	분양	19851207	5	440	440	0	위탁관리	개별난방	복도식	신안건설산업(주)	세화종합관리(주)
서울특별시	양천구	신월동	A15884703	신월시영아파트	아파트	서울특별시 양천구 신월동 987-1 신월시영아파트	서울특별시 양천구 신월로 99	분양	19880430	20	2256	2256	0	위탁관리	지역난방	복도식	서울도시개발공사	(주)화신지엠에스
서울특별시	양천구	신정동	A15884901	유원목동	아파트	서울특별시 양천구 신정동 87-39 유원목동	서울특별시 양천구 신목로 77	분양	19901229	2	156	156	0	위탁관리	지역난방	계단식	유원건설(주)	(주)무림하우징
서울특별시	양천구	신정동	A15885303	신정대림	아파트	서울특별시 양천구 신정동 333 신정대림	서울특별시 양천구 신목로5길 9	분양	19921120	2	210	210	0	위탁관리	지역난방	계단식	대림산업(주)	한국에셋솔루션(주)
서울특별시	양천구	신정동	A15885306	신정쌍용	아파트	서울특별시 양천구 신정동 334 신정쌍용	서울특별시 양천구 신목로 9	분양	19921125	2	270	270	0	위탁관리	지역난방	계단식	쌍용건설	무림개발
서울특별시	양천구	신정동	A15885307	신정청구아파트	아파트	서울특별시 양천구 신정동 336 신정청구아파트	서울특별시 양천구 신목로2길 11	분양	19921006	5	279	279	0	위탁관리	지역난방	계단식	(주)청구	주식회사 푸른종합주택관리
서울특별시	양천구	신정동	A15885514	신정6차현대	아파트	서울특별시 양천구 신정동 743-2 신정6차현대	서울특별시 양천구 신정로 170	분양	20001021	7	703	703	0	위탁관리	개별난방	혼합식	현대산업개발(주)	태림주택종합관리(주)
서울특별시	양천구	신정동	A15886402	신정대성유니드아파트2차	아파트	서울특별시 양천구 신정동 1198-3 신정대성유니드아파트2차	서울특별시 양천구 중앙로29길 108	분양	20040715	2	186	186	0	위탁관리	개별난방	계단식	대성	(주)한빛관리
서울특별시	양천구	신정동	A15886501	신정학마을3단지	아파트	서울특별시 양천구 신정동 1291 신정학마을3단지	서울특별시 양천구 신정로 225-12	분양	20020823	3	153	153	0	위탁관리	지역난방	계단식	태영건설	주식회사 푸른종합주택관리
서울특별시	양천구	신정동	A15886504	신정5차현대	아파트	서울특별시 양천구 신정동 1273 신정5차현대	서울특별시 양천구 신정로 300	분양	19991130	5	361	361	0	위탁관리	지역난방	계단식	현대산업개발	신한영관리(주)
서울특별시	양천구	신정동	A15886505	신정푸른마을4단지	아파트	서울특별시 양천구 신정동 1285 신정푸른마을4단지	서울특별시 양천구 신정로7길 60-7	분양	20020823	6	390	390	0	위탁관리	지역난방	계단식	태영건설	(주)위탁관리
서울특별시	양천구	신정동	A15886507	신정푸른마을3단지	아파트	서울특별시 양천구 신정동 1283 신정푸른마을3단지	서울특별시 양천구 신정로11길 63	분양	20010129	6	440	440	0	위탁관리	지역난방	혼합식	주)태영	유원종합관리(주)
서울특별시	양천구	신정동	A15886508	신정푸른마을2단지	아파트	서울특별시 양천구 신정동 1281 신정푸른마을2단지	서울특별시 양천구 신정로7길 76	분양	20010129	5	470	470	0	위탁관리	지역난방	혼합식	현대건설(주)	우진관리 주식회사
서울특별시	양천구	신정동	A15886510	신정학마을2단지	아파트	서울특별시 양천구 신정동 1294 신정학마을2단지	서울특별시 양천구 신정로14길 1	임대	20001020	4	510	0	510	위탁관리	지역난방	복도식	두산건설(주)	(주)융성종합관리
서울특별시	양천구	신정동	A15886512	신정학마을1단지	아파트	서울특별시 양천구 신정동 1293 신정학마을1단지	서울특별시 양천구 신정로14길 6	분양	20001025	6	639	639	0	위탁관리	지역난방	혼합식	두산건설	서림주택관리(주)
서울특별시	은평구	진관동	A41279901	은평뉴타운상림마을14단지	아파트	서울특별시 은평구 진관동 10 은평뉴타운상림마을14단지	서울특별시 은평구 진관4로 48-51	분양	20080614	13	300	300	0	위탁관리	지역난방	계단식	현대산업개발	광인에스테이트서비스 주식회사
서울특별시	은평구	진관동	A41279902	은평뉴타운상림마을5단지	아파트	서울특별시 은평구 진관동 5 은평뉴타운상림마을5단지	서울특별시 은평구 진관4로 87	혼합	20080514	8	318	215	103	위탁관리	지역난방	혼합식	대우푸르지오	(주)한빛관리
서울특별시	은평구	진관동	A41279903	은평뉴타운상림마을7단지	아파트	서울특별시 은평구 진관동 2 은평뉴타운상림마을7단지	서울특별시 은평구 진관4로 100	혼합	20080514	9	378	289	89	위탁관리	지역난방	혼합식	대우푸르지오	(주)무림하우징
서울특별시	은평구	진관동	A41279904	은평뉴타운상림마을6단지	아파트	서울특별시 은평구 진관동 1 은평뉴타운상림마을6단지	서울특별시 은평구 진관4로 107	혼합	20080514	7	379	184	195	위탁관리	지역난방	혼합식	대우푸르지오	(주)동우개발
서울특별시	은평구	진관동	A41279905	은평뉴타운상림마을4단지	아파트	서울특별시 은평구 진관동 6 은평뉴타운상림마을4단지	서울특별시 은평구 진관4로 77	혼합	20080514	4	241	164	77	위탁관리	지역난방	혼합식	현대산업개발	인덕종합관리(주)
서울특별시	은평구	진관동	A41279908	은평뉴타운 상림마을3단지	아파트	서울특별시 은평구 진관동 13 은평뉴타운 상림마을3단지	서울특별시 은평구 진관4로 47	혼합	20080514	3	255	174	81	위탁관리	지역난방	혼합식	현대산업개발주식회사	(주)한빛관리
서울특별시	은평구	진관동	A41279909	은평뉴타운박석고개13단지	아파트	서울특별시 은평구 진관동 123 은평뉴타운박석고개13단지	서울특별시 은평구 진관1로 22	분양	20081212	4	162	162	0	위탁관리	지역난방	계단식	현대건설	국제경보산업(주)
서울특별시	은평구	진관동	A41279910	은평뉴타운박석고개1단지	아파트	서울특별시 은평구 진관동 102 은평뉴타운박석고개1단지	서울특별시 은평구 진관1로 21-10	혼합	20090112	16	947	606	341	위탁관리	지역난방	혼합식	현대	율산개발(주)
서울특별시	은평구	진관동	A41279911	은평뉴타운박석고개제12단지아파트	아파트	서울특별시 은평구 진관동 101 은평뉴타운박석고개제12단지아파트	서울특별시 은평구 진관1로 21-9	혼합	20090112	14	660	303	357	위탁관리	지역난방	혼합식	현대건설	목송산업개발(주)
서울특별시	은평구	진관동	A41279912	은평뉴타운마고정3단지	아파트	서울특별시 은평구 진관동 107 은평뉴타운마고정3단지	서울특별시 은평구 진관2로 90	혼합	20091113	13	659	459	200	위탁관리	지역난방	혼합식	포스코건설	서림주택관리(주)
서울특별시	은평구	진관동	A41279913	은평뉴타운마고정11단지	아파트	서울특별시 은평구 진관동 106 은평뉴타운마고정11단지	서울특별시 은평구 진관1로 55	혼합	20091126	9	469	184	285	위탁관리	지역난방	혼합식	동부건걸(주)	(주)대한종합개발
서울특별시	은평구	진관동	A41279914	은평뉴타운마고정2단지	아파트	서울특별시 은평구 진관동 105 은평뉴타운마고정2단지	서울특별시 은평구 진관2로 60	혼합	20091126	13	434	241	193	위탁관리	지역난방	혼합식	동부건설	신한영주택관리(주)
서울특별시	은평구	진관동	A41279915	은평뉴타운우물골8단지	아파트	서울특별시 은평구 진관동 88 은평뉴타운우물골8단지	서울특별시 은평구 진관2로 111-7	분양	20091223	14	448	448	0	위탁관리	지역난방	계단식	금호건설	세화종합관리(주)
서울특별시	은평구	진관동	A41279916	은평뉴타운우물골5단지	아파트	서울특별시 은평구 진관동 83 은평뉴타운우물골5단지	서울특별시 은평구 진관2로 77	혼합	20091223	5	387	223	164	위탁관리	지역난방	혼합식	"두산건설,포스코 건설"	율산개발 유한회사
서울특별시	은평구	진관동	A41279917	은평뉴타운우물골6단지	주상복합	서울특별시 은평구 진관동 81 은평뉴타운우물골6단지	서울특별시 은평구 진관2로 57-7	분양	20091223	11	353	353	0	위탁관리	지역난방	계단식	SH	율산개발(주)
서울특별시	은평구	진관동	A41279918	은평뉴타운우물골7단지	아파트	서울특별시 은평구 진관동 84 은평뉴타운우물골7단지	서울특별시 은평구 진관2로 57-37	분양	20100115	22	472	472	0	위탁관리	지역난방	계단식	두산건설	율산개발(주)
서울특별시	은평구	진관동	A41279920	은평뉴타운구파발9단지제2	아파트	서울특별시 은평구 진관동 25 은평뉴타운구파발9단지제2	서울특별시 은평구 진관3로 77	분양	20100709	13	486	486	0	위탁관리	지역난방	계단식	삼성건설	율산개발 유한회사
서울특별시	은평구	진관동	A41279921	은평뉴타운구파발9단지1관리	아파트	서울특별시 은평구 진관동 22 은평뉴타운구파발9단지1관리	서울특별시 은평구 진관3로 67	임대	20100709	15	1022	0	1022	위탁관리	지역난방	혼합식	삼성물산	(주)이오티앤디
서울특별시	은평구	진관동	A41279922	은평뉴타운제각말5단지제2	아파트	서울특별시 은평구 진관동 155 은평뉴타운제각말5단지제2	서울특별시 은평구 연서로48길 11	분양	20100908	8	175	175	0	위탁관리	지역난방	계단식	대우건설(주)	(주)화신지엠에스
서울특별시	은평구	진관동	A41279923	은평뉴타운제각말5단지제1	아파트	서울특별시 은평구 진관동 154 은평뉴타운제각말5단지제1	서울특별시 은평구 연서로48길 12	분양	20100908	13	330	330	0	위탁관리	지역난방	계단식	(주)대우건설 (주)태영건설	광인산업(주)
서울특별시	은평구	진관동	A41279924	은평뉴타운폭포동4단지제2	아파트	서울특별시 은평구 진관동 140 은평뉴타운폭포동4단지제2	서울특별시 은평구 연서로44길 7	분양	20100614	15	571	571	0	위탁관리	지역난방	계단식	현대건설(주)	서림주택관리(주)
서울특별시	은평구	진관동	A41279925	은평뉴타운제각말5단지제3	아파트	서울특별시 은평구 진관동 94 은평뉴타운제각말5단지제3	서울특별시 은평구 연서로 487	분양	20100908	7	189	189	0	위탁관리	지역난방	계단식	대우푸르지오	광인에스테이트서비스 주식회사
서울특별시	은평구	진관동	A41279926	은평뉴타운폭포동4단지제3	아파트	서울특별시 은평구 진관동 132 은평뉴타운폭포동4단지제3	서울특별시 은평구 연서로44길 30	분양	20100614	3	126	126	0	위탁관리	지역난방	계단식	현대건설	(주)무림하우징
서울특별시	은평구	진관동	A41279927	은평뉴타운 구파발10단지 제1	아파트	서울특별시 은평구 진관동 27 은평뉴타운 구파발10단지 제1	서울특별시 은평구 진관3로 15-45	분양	20101130	9	334	334	0	위탁관리	지역난방	계단식	"벽산건설,금호건설"	율산개발(주)
서울특별시	은평구	진관동	A41279928	은평뉴타운구파발10단지2관리	아파트	서울특별시 은평구 진관동 28 은평뉴타운구파발10단지2관리	서울특별시 은평구 진관3로 15-35	임대	20101130	10	423	0	423	위탁관리	지역난방	계단식	금호건설	(주)신현대관리
서울특별시	은평구	진관동	A41279929	은평뉴타운제각말5단지제4	아파트	서울특별시 은평구 진관동 92 은평뉴타운제각말5단지제4	서울특별시 은평구 연서로 455	분양	20100908	14	412	412	0	위탁관리	지역난방	계단식	대우건설	목송산업개발(주)
서울특별시	은평구	진관동	A41279930	은평뉴타운폭포동4단지제1	아파트	서울특별시 은평구 진관동 113 은평뉴타운폭포동4단지제1	서울특별시 은평구 진관1로 77-8	임대	20100614	7	297	0	297	위탁관리	지역난방	계단식	현대건설	에스더블유엠(주)
서울특별시	은평구	진관동	A41279931	은평뉴타운구파발10단지3관리	아파트	서울특별시 은평구 진관동 29 은평뉴타운구파발10단지3관리	서울특별시 은평구 북한산로 2	임대	20120223	9	712	0	712	위탁관리	지역난방	혼합식	SH공사	(주)융성종합관리
서울특별시	은평구	진관동	A41279932	은평뉴타운기자촌11단지	아파트	서울특별시 은평구 진관동 150 은평뉴타운기자촌11단지	서울특별시 은평구 연서로46길 7	혼합	20150123	10	426	405	21	위탁관리	지역난방	혼합식	한라	율산개발 유한회사
