단지코드,시도,동수,관리비부과면적,주거전용면적(단지합계),주거전용면적(세부),세대수
A10023348,서울특별시,35,347743.75,263523.44,39.945,168
A10023348,서울특별시,35,347743.75,263523.44,45.8769,108
A10023348,서울특별시,35,347743.75,263523.44,49.9528,48
A10023348,서울특별시,35,347743.75,263523.44,59.8363,119
A10023348,서울특별시,35,347743.75,263523.44,59.9125,18
A10023348,서울특별시,35,347743.75,263523.44,59.9751,607
A10023348,서울특별시,35,347743.75,263523.44,78.3265,48
A10023348,서울특별시,35,347743.75,263523.44,78.7295,15
A10023348,서울특별시,35,347743.75,263523.44,78.7747,343
A10023348,서울특별시,35,347743.75,263523.44,84.5978,1294
A10023348,서울특별시,35,347743.75,263523.44,84.7509,144
A10023348,서울특별시,35,347743.75,263523.44,84.8208,4
A10023348,서울특별시,35,347743.75,263523.44,102.5776,104
A10023348,서울특별시,35,347743.75,263523.44,102.7636,88
A10023348,서울특별시,35,347743.75,263523.44,109.8841,50
A10023348,서울특별시,35,347743.75,263523.44,114.189,10
A10023348,서울특별시,35,347743.75,263523.44,114.8054,33
A10023348,서울특별시,35,347743.75,263523.44,114.8148,51
A10023348,서울특별시,35,347743.75,263523.44,114.9973,87
A10023348,서울특별시,35,347743.75,263523.44,132.8195,34
A10023348,서울특별시,35,347743.75,263523.44,185.4909,2
A10023565,서울특별시,8,22637.1,20203.8,54.98,20
A10023565,서울특별시,8,22637.1,20203.8,67.28,70
A10023565,서울특별시,8,22637.1,20203.8,79.97,180
A10023996,서울특별시,2,31173.582,24877.834,105.8064,69
A10023996,서울특별시,2,31173.582,24877.834,105.8244,15
A10023996,서울특별시,2,31173.582,24877.834,107.1324,15
A10023996,서울특별시,2,31173.582,24877.834,108.0923,73
A10023996,서울특별시,2,31173.582,24877.834,108.2017,60
A10024564,서울특별시,31,244894.45,178215.3,49.92,118
A10024564,서울특별시,31,244894.45,178215.3,59.92,713
A10024564,서울특별시,31,244894.45,178215.3,59.96,69
A10024564,서울특별시,31,244894.45,178215.3,74.66,226
A10024564,서울특별시,31,244894.45,178215.3,84.59,30
A10024564,서울특별시,31,244894.45,178215.3,84.83,266
A10024564,서울특별시,31,244894.45,178215.3,84.86,348
A10024564,서울특별시,31,244894.45,178215.3,84.9,35
A10024564,서울특별시,31,244894.45,178215.3,96.91,100
A10024564,서울특별시,31,244894.45,178215.3,96.93,99
A10024564,서울특별시,31,244894.45,178215.3,102.32,161
A10024564,서울특별시,31,244894.45,178215.3,102.41,31
A10024564,서울특별시,31,244894.45,178215.3,112.73,34
A10024564,서울특별시,31,244894.45,178215.3,112.97,33
A10024564,서울특별시,31,244894.45,178215.3,136.06,33
A10025203,서울특별시,23,142115.88,104223.56,49.4013,108
A10025203,서울특별시,23,142115.88,104223.56,59.7479,157
A10025203,서울특별시,23,142115.88,104223.56,59.8072,46
A10025203,서울특별시,23,142115.88,104223.56,59.8732,115
A10025203,서울특별시,23,142115.88,104223.56,76.1709,152
A10025203,서울특별시,23,142115.88,104223.56,82.8322,1
A10025203,서울특별시,23,142115.88,104223.56,84.3558,270
A10025203,서울특별시,23,142115.88,104223.56,84.357,103
A10025203,서울특별시,23,142115.88,104223.56,84.6348,103
A10025203,서울특별시,23,142115.88,104223.56,86.6002,1
A10025203,서울특별시,23,142115.88,104223.56,89.157,1
A10025203,서울특별시,23,142115.88,104223.56,89.7348,1
A10025203,서울특별시,23,142115.88,104223.56,91.775,1
A10025203,서울특별시,23,142115.88,104223.56,94.2875,32
A10025203,서울특별시,23,142115.88,104223.56,94.8407,63
A10025203,서울특별시,23,142115.88,104223.56,99.828,1
A10025203,서울특별시,23,142115.88,104223.56,105.5219,1
A10025203,서울특별시,23,142115.88,104223.56,106.6695,32
A10025203,서울특별시,23,142115.88,104223.56,106.9101,32
A10025203,서울특별시,23,142115.88,104223.56,106.9845,31
A10025203,서울특별시,23,142115.88,104223.56,106.9877,31
A10025203,서울특별시,23,142115.88,104223.56,109.9623,1
A10025203,서울특별시,23,142115.88,104223.56,124.2439,1
A10025203,서울특별시,23,142115.88,104223.56,130.0253,1
A10025203,서울특별시,23,142115.88,104223.56,131.3226,31
A10025203,서울특별시,23,142115.88,104223.56,136.9968,2
A10025203,서울특별시,23,142115.88,104223.56,148.2668,2
A10025675,서울특별시,23,215906.78,160922.33,49.909,133
A10025675,서울특별시,23,215906.78,160922.33,59.837,64
A10025675,서울특별시,23,215906.78,160922.33,59.888,154
A10025675,서울특별시,23,215906.78,160922.33,59.897,78
A10025675,서울특별시,23,215906.78,160922.33,59.967,232
A10025675,서울특별시,23,215906.78,160922.33,84.794,14
A10025675,서울특별시,23,215906.78,160922.33,84.94,262
A10025675,서울특별시,23,215906.78,160922.33,84.943,382
A10025675,서울특별시,23,215906.78,160922.33,84.95,122
A10025675,서울특별시,23,215906.78,160922.33,99.919,119
A10025675,서울특별시,23,215906.78,160922.33,99.967,63
A10025675,서울특별시,23,215906.78,160922.33,99.979,30
A10025675,서울특별시,23,215906.78,160922.33,99.991,67
A10025675,서울특별시,23,215906.78,160922.33,113.732,33
A10025675,서울특별시,23,215906.78,160922.33,113.808,35
A10025675,서울특별시,23,215906.78,160922.33,113.96,64
A10025675,서울특별시,23,215906.78,160922.33,126.928,85
A10025675,서울특별시,23,215906.78,160922.33,126.971,15
A10025675,서울특별시,23,215906.78,160922.33,141.76,3
A10025675,서울특별시,23,215906.78,160922.33,175.899,1
A10025675,서울특별시,23,215906.78,160922.33,182.731,1
A13524004,서울특별시,5,61064.234,53437.05,104.43,135
A13524004,서울특별시,5,61064.234,53437.05,133.46,150
A13524004,서울특별시,5,61064.234,53437.05,161,120
A13524005,서울특별시,6,68330.57,60962.54,95.4,78
A13524005,서울특별시,6,68330.57,60962.54,128.62,130
A13524005,서울특별시,6,68330.57,60962.54,166.18,2
A13524005,서울특별시,6,68330.57,60962.54,176.56,52
A13524005,서울특별시,6,68330.57,60962.54,177.19,154
A13524006,서울특별시,13,92376.66,75526.97,83.16,4
A13524006,서울특별시,13,92376.66,75526.97,84.81,108
A13524006,서울특별시,13,92376.66,75526.97,131.8,1
A13524006,서울특별시,13,92376.66,75526.97,131.83,211
A13524006,서울특별시,13,92376.66,75526.97,134.98,18
A13524006,서울특별시,13,92376.66,75526.97,165.08,216
A13524009,서울특별시,11,100905.94,71852.9,33.18,536
A13524009,서울특별시,11,100905.94,71852.9,39.53,640
A13524009,서울특별시,11,100905.94,71852.9,49.86,577
A13580001,서울특별시,5,27194.512,27029.16,84.87,54
A13580001,서울특별시,5,27194.512,27029.16,131.83,36
A13580001,서울특별시,5,27194.512,27029.16,163.85,107
A13580001,서울특별시,5,27194.512,27029.16,168.35,1
A13580002,서울특별시,3,26745.39,20759.85,78.93,27
A13580002,서울특별시,3,26745.39,20759.85,79.61,234
A13580602,서울특별시,9,94971.66,92546.47,84.6,2
A13580602,서울특별시,9,94971.66,92546.47,84.725,1
A13580602,서울특별시,9,94971.66,92546.47,91.91,29
A13580602,서울특별시,9,94971.66,92546.47,96.98,166
A13580602,서울특별시,9,94971.66,92546.47,123.28,192
A13580602,서울특별시,9,94971.66,92546.47,149.21,59
A13580602,서울특별시,9,94971.66,92546.47,149.57,1
A13580602,서울특별시,9,94971.66,92546.47,166.48,48
A13580602,서울특별시,9,94971.66,92546.47,182.11,1
A13580602,서울특별시,9,94971.66,92546.47,182.2,149
A13580602,서울특별시,9,94971.66,92546.47,186.16,30
A13593901,서울특별시,4,38614.46,32275.48,134.3,84
A13593901,서울특별시,4,38614.46,32275.48,153.8,44
A13593901,서울특별시,4,38614.46,32275.48,168.42,42
A13593901,서울특별시,4,38614.46,32275.48,170.32,42
A13593908,서울특별시,8,67049.56,46459.47,0,1
A13593908,서울특별시,8,67049.56,46459.47,25.35,1002
A13593908,서울특별시,8,67049.56,46459.47,25.46,113
A13593908,서울특별시,8,67049.56,46459.47,33.18,268
A13593908,서울특별시,8,67049.56,46459.47,39.53,235
A13594007,서울특별시,6,56825,40390.51,39.53,323
A13594007,서울특별시,6,56825,40390.51,51.12,261
A13594007,서울특별시,6,56825,40390.51,60,238
A13599301,서울특별시,8,86391,62938.8,53.46,180
A13599301,서울특별시,8,86391,62938.8,60.76,180
A13599301,서울특별시,8,86391,62938.8,73.26,270
A13599301,서울특별시,8,86391,62938.8,83.7,270
A13599303,서울특별시,9,94577.76,73333.1,53.06,220
A13599303,서울특별시,9,94577.76,73333.1,60.13,220
A13599303,서울특별시,9,94577.76,73333.1,73.02,310
A13599303,서울특별시,9,94577.76,73333.1,83.21,310
A13599402,서울특별시,6,65959.9,65959.9,53.98,190
A13599402,서울특별시,6,65959.9,65959.9,61.19,190
A13599402,서울특별시,6,65959.9,65959.9,74.25,280
A13599402,서울특별시,6,65959.9,65959.9,83.17,280
A10020220,서울특별시,1,13651.948,5799.24,43.01,42
A10020220,서울특별시,1,13651.948,5799.24,43.04,28
A10020220,서울특별시,1,13651.948,5799.24,43.3,16
A10020220,서울특별시,1,13651.948,5799.24,44.22,2
A10020220,서울특별시,1,13651.948,5799.24,45.33,4
A10020220,서울특별시,1,13651.948,5799.24,48.03,38
A10023129,서울특별시,1,13510.38,5297.74,14.19,7
A10023129,서울특별시,1,13510.38,5297.74,14.24,16
A10023129,서울특별시,1,13510.38,5297.74,14.26,1
A10023129,서울특별시,1,13510.38,5297.74,14.29,57
A10023129,서울특별시,1,13510.38,5297.74,14.31,14
A10023129,서울특별시,1,13510.38,5297.74,14.35,14
A10023129,서울특별시,1,13510.38,5297.74,14.36,2
A10023129,서울특별시,1,13510.38,5297.74,14.64,14
A10023129,서울특별시,1,13510.38,5297.74,14.65,34
A10023129,서울특별시,1,13510.38,5297.74,14.66,6
A10023129,서울특별시,1,13510.38,5297.74,14.67,6
A10023129,서울특별시,1,13510.38,5297.74,17.36,14
A10023129,서울특별시,1,13510.38,5297.74,17.37,62
A10023129,서울특별시,1,13510.38,5297.74,17.4,1
A10023129,서울특별시,1,13510.38,5297.74,17.41,7
A10023129,서울특별시,1,13510.38,5297.74,17.42,18
A10023129,서울특별시,1,13510.38,5297.74,41.01,5
A10023129,서울특별시,1,13510.38,5297.74,42.02,4
A10023129,서울특별시,1,13510.38,5297.74,42.18,4
A10023129,서울특별시,1,13510.38,5297.74,45.45,6
A10023129,서울특별시,1,13510.38,5297.74,48.97,4
A10023129,서울특별시,1,13510.38,5297.74,49.54,1
A10023245,서울특별시,1,8939.08,5402.02,14.16,121
A10023245,서울특별시,1,8939.08,5402.02,18.94,33
A10023245,서울특별시,1,8939.08,5402.02,20.06,44
A10023245,서울특별시,1,8939.08,5402.02,22.65,70
A10023245,서울특별시,1,8939.08,5402.02,33.76,3
A10023245,서울특별시,1,8939.08,5402.02,36.6,3
A10023245,서울특별시,1,8939.08,5402.02,38.9,3
A10023245,서울특별시,1,8939.08,5402.02,41.24,3
A10023245,서울특별시,1,8939.08,5402.02,48,3
A10024457,서울특별시,2,15035.5,11817.764,68.484,18
A10024457,서울특별시,2,15035.5,11817.764,83.464,18
A10024457,서울특별시,2,15035.5,11817.764,84.253,18
A10024457,서울특별시,2,15035.5,11817.764,84.721,54
A10024457,서울특별시,2,15035.5,11817.764,106.829,28
A10024501,서울특별시,1,14888.25,4600.56,16.72,93
A10024501,서울특별시,1,14888.25,4600.56,18.04,80
A10024501,서울특별시,1,14888.25,4600.56,19.78,20
A10024501,서울특별시,1,14888.25,4600.56,21.55,56
A13501001,서울특별시,4,42833.05,35547.31,144.74,3
A13501001,서울특별시,4,42833.05,35547.31,149.16,2
A13501001,서울특별시,4,42833.05,35547.31,149.83,1
A13501001,서울특별시,4,42833.05,35547.31,157.41,53
A13501001,서울특별시,4,42833.05,35547.31,158.91,3
A13501001,서울특별시,4,42833.05,35547.31,160.33,52
A13501001,서울특별시,4,42833.05,35547.31,180.07,42
A13501001,서울특별시,4,42833.05,35547.31,191.02,2
A13501001,서울특별시,4,42833.05,35547.31,202.08,1
A13501001,서울특별시,4,42833.05,35547.31,208.35,15
A13501001,서울특별시,4,42833.05,35547.31,213.98,28
A13501001,서울특별시,4,42833.05,35547.31,244.57,1
A13501002,서울특별시,1,12033.06,9435.4,36.29,260
A13501004,서울특별시,6,58768.27,45646.06,35.73,273
A13501004,서울특별시,6,58768.27,45646.06,84.52,206
A13501004,서울특별시,6,58768.27,45646.06,84.69,13
A13501004,서울특별시,6,58768.27,45646.06,114.34,152
A13501005,서울특별시,2,14733.15,11621.9,84.873,14
A13501005,서울특별시,2,14733.15,11621.9,84.914,8
A13501005,서울특별시,2,14733.15,11621.9,84.993,86
A13501005,서울특별시,2,14733.15,11621.9,110.778,9
A13501005,서울특별시,2,14733.15,11621.9,111.382,13
A13501006,서울특별시,4,33208,33280.87,56.875,34
A13501006,서울특별시,4,33208,33280.87,84.013,13
A13501006,서울특별시,4,33208,33280.87,84.074,145
A13501006,서울특별시,4,33208,33280.87,84.13,8
A13501006,서울특별시,4,33208,33280.87,84.208,56
A13501006,서울특별시,4,33208,33280.87,113.087,44
A13501006,서울특별시,4,33208,33280.87,113.231,68
A13501007,서울특별시,1,8108.13,8108.13,59.91,47
A13501007,서울특별시,1,8108.13,8108.13,68.59,1
A13501007,서울특별시,1,8108.13,8108.13,70.57,8
A13501007,서울특별시,1,8108.13,8108.13,76.23,1
A13501007,서울특별시,1,8108.13,8108.13,84.87,54
A13501008,서울특별시,1,8904.504,4125.675,30.215,22
A13501008,서울특별시,1,8904.504,4125.675,31.295,8
A13501008,서울특별시,1,8904.504,4125.675,31.585,10
A13501008,서울특별시,1,8904.504,4125.675,32.835,7
A13501008,서울특별시,1,8904.504,4125.675,36.875,1
A13501008,서울특별시,1,8904.504,4125.675,39.035,53
A13501008,서울특별시,1,8904.504,4125.675,42.015,1
A13501008,서울특별시,1,8904.504,4125.675,42.395,8
A13501008,서울특별시,1,8904.504,4125.675,59.015,1
A13501008,서울특별시,1,8904.504,4125.675,59.075,1
A13501008,서울특별시,1,8904.504,4125.675,59.895,1
A13572601,서울특별시,1,6750.76,8271.43,21.95,3
A13572601,서울특별시,1,6750.76,8271.43,22.28,28
A13572601,서울특별시,1,6750.76,8271.43,25.31,25
A13572601,서울특별시,1,6750.76,8271.43,27.33,12
A13572601,서울특별시,1,6750.76,8271.43,28.31,16
A13572601,서울특별시,1,6750.76,8271.43,29.99,148
A13572601,서울특별시,1,6750.76,8271.43,49.22,4
A13572601,서울특별시,1,6750.76,8271.43,129.32,1
A13572601,서울특별시,1,6750.76,8271.43,195.75,1
A13572601,서울특별시,1,6750.76,8271.43,1207.6,1
A13582002,서울특별시,6,68130.41,53853.76,84.92,380
A13582002,서울특별시,6,68130.41,53853.76,119.67,96
A13582002,서울특별시,6,68130.41,53853.76,120.58,24
A13582002,서울특별시,6,68130.41,53853.76,150.04,48
A13583301,서울특별시,4,19496.8,15710.407,84.9875,76
A13583301,서울특별시,4,19496.8,15710.407,91.5933,16
A13583301,서울특별시,4,19496.8,15710.407,114.498,68
A10023162,서울특별시,9,39350.54,39350.54,51.7377,54
A10023162,서울특별시,9,39350.54,39350.54,53.3317,14
A10023162,서울특별시,9,39350.54,39350.54,59.9548,1
A10023162,서울특별시,9,39350.54,39350.54,59.9845,87
A10023162,서울특별시,9,39350.54,39350.54,59.9885,14
A10023162,서울특별시,9,39350.54,39350.54,84.9365,46
A10023162,서울특별시,9,39350.54,39350.54,84.9664,18
A10023162,서울특별시,9,39350.54,39350.54,84.9747,156
A10023162,서울특별시,9,39350.54,39350.54,101.6961,1
A10023162,서울특별시,9,39350.54,39350.54,102.3261,46
A10023162,서울특별시,9,39350.54,39350.54,107.9139,1
A10023162,서울특별시,9,39350.54,39350.54,117.6566,48
A10023162,서울특별시,9,39350.54,39350.54,129.523,1
A10023162,서울특별시,9,39350.54,39350.54,150.2717,1
A10023162,서울특별시,9,39350.54,39350.54,155.1644,1
A10024102,서울특별시,6,26270.598,19742.662,35.9645,14
A10024102,서울특별시,6,26270.598,19742.662,43.9911,6
A10024102,서울특별시,6,26270.598,19742.662,43.9965,2
A10024102,서울특별시,6,26270.598,19742.662,55.9558,2
A10024102,서울특별시,6,26270.598,19742.662,59.954,4
A10024102,서울특별시,6,26270.598,19742.662,59.9972,79
A10024102,서울특별시,6,26270.598,19742.662,77.9767,26
A10024102,서울특별시,6,26270.598,19742.662,77.9769,24
A10024102,서울특별시,6,26270.598,19742.662,84.7692,26
A10024102,서울특별시,6,26270.598,19742.662,84.7735,29
A10024102,서울특별시,6,26270.598,19742.662,84.7763,30
A10024102,서울특별시,6,26270.598,19742.662,84.8067,29
A10024102,서울특별시,6,26270.598,19742.662,115.8799,2
A10024799,서울특별시,1,10121.7,10121.7,84.27,105
A10024799,서울특별시,1,10121.7,10121.7,84.89,15
A10024815,서울특별시,2,21421.44,17436.873,121.0894,144
A10024821,서울특별시,3,20185.09,15531.47,84.75,16
A10024821,서울특별시,3,20185.09,15531.47,105.18,64
A10024821,서울특별시,3,20185.09,15531.47,107.91,24
A10024821,서울특별시,3,20185.09,15531.47,111.28,1
A10024821,서울특별시,3,20185.09,15531.47,123.04,22
A10024821,서울특별시,3,20185.09,15531.47,135.73,15
A10026924,서울특별시,4,28926.182,22079.78,59.671,4
A10026924,서울특별시,4,28926.182,22079.78,84.3382,22
A10026924,서울특별시,4,28926.182,22079.78,84.3865,82
A10026924,서울특별시,4,28926.182,22079.78,93.4,60
A10026924,서울특별시,4,28926.182,22079.78,93.4823,29
A10026924,서울특별시,4,28926.182,22079.78,112.0834,26
A10026924,서울특별시,4,28926.182,22079.78,112.3685,13
A10026924,서울특별시,4,28926.182,22079.78,125.3326,2
A10026924,서울특별시,4,28926.182,22079.78,125.3512,1
A10027800,서울특별시,17,203390.98,154170.56,59.99,54
A10027800,서울특별시,17,203390.98,154170.56,69.04,3
A10027800,서울특별시,17,203390.98,154170.56,84.97,198
A10027800,서울특별시,17,203390.98,154170.56,84.98,120
A10027800,서울특별시,17,203390.98,154170.56,84.99,126
A10027800,서울특별시,17,203390.98,154170.56,89.03,5
A10027800,서울특별시,17,203390.98,154170.56,91.55,2
A10027800,서울특별시,17,203390.98,154170.56,91.89,46
A10027800,서울특별시,17,203390.98,154170.56,91.91,34
A10027800,서울특별시,17,203390.98,154170.56,91.93,112
A10027800,서울특별시,17,203390.98,154170.56,93.18,26
A10027800,서울특별시,17,203390.98,154170.56,94.48,4
A10027800,서울특별시,17,203390.98,154170.56,94.49,480
A10027800,서울특별시,17,203390.98,154170.56,94.5,96
A10027800,서울특별시,17,203390.98,154170.56,94.51,28
A10027800,서울특별시,17,203390.98,154170.56,114.14,60
A10027800,서울특별시,17,203390.98,154170.56,114.15,84
A10027800,서울특별시,17,203390.98,154170.56,114.17,34
A10027800,서울특별시,17,203390.98,154170.56,151.27,33
A10027800,서울특별시,17,203390.98,154170.56,151.31,63
A13528001,서울특별시,1,9534.3,7303.65,33.06,90
A13528001,서울특별시,1,9534.3,7303.65,34.2,85
A13528001,서울특별시,1,9534.3,7303.65,35.72,20
A13528001,서울특별시,1,9534.3,7303.65,42.3,5
A13528001,서울특별시,1,9534.3,7303.65,46.23,5
A13528001,서울특별시,1,9534.3,7303.65,52.84,5
A13528003,서울특별시,14,83158.74,83135.34,59.88,249
A13528003,서울특별시,14,83158.74,83135.34,84.58,192
A13528003,서울특별시,14,83158.74,83135.34,97.35,390
A13528003,서울특별시,14,83158.74,83135.34,108.52,90
A13528003,서울특별시,14,83158.74,83135.34,109.04,39
A13528004,서울특별시,21,362365.1,321777.47,0,1
A13528004,서울특별시,21,362365.1,321777.47,84.48,2
A13528004,서울특별시,21,362365.1,321777.47,84.96,279
A13528004,서울특별시,21,362365.1,321777.47,105.49,334
A13528004,서울특별시,21,362365.1,321777.47,106.87,1
A13528004,서울특별시,21,362365.1,321777.47,115.05,1
A13528004,서울특별시,21,362365.1,321777.47,125.83,335
A13528004,서울특별시,21,362365.1,321777.47,126.33,12
A13528004,서울특별시,21,362365.1,321777.47,126.38,1
A13528004,서울특별시,21,362365.1,321777.47,128.01,551
A13528004,서울특별시,21,362365.1,321777.47,137.14,434
A13528004,서울특별시,21,362365.1,321777.47,141.32,8
A13528004,서울특별시,21,362365.1,321777.47,161.36,2
A13528004,서울특별시,21,362365.1,321777.47,170.04,84
A13528004,서울특별시,21,362365.1,321777.47,174.67,222
A13528004,서울특별시,21,362365.1,321777.47,201.39,84
A13528004,서울특별시,21,362365.1,321777.47,204.42,84
A13528005,서울특별시,1,19812.05,15149.25,29.02,23
A13528005,서울특별시,1,19812.05,15149.25,29.63,22
A13528005,서울특별시,1,19812.05,15149.25,30.4,1
A13528005,서울특별시,1,19812.05,15149.25,30.46,23
A13528005,서울특별시,1,19812.05,15149.25,31.51,4
A13528005,서울특별시,1,19812.05,15149.25,33.11,88
A13528005,서울특별시,1,19812.05,15149.25,34.96,2
A13528005,서울특별시,1,19812.05,15149.25,35.51,88
A13528005,서울특별시,1,19812.05,15149.25,35.61,22
A13528005,서울특별시,1,19812.05,15149.25,59.83,71
A13528005,서울특별시,1,19812.05,15149.25,65.24,24
A13528005,서울특별시,1,19812.05,15149.25,66.83,4
A13528007,서울특별시,5,50474.84,39078.06,110.39,354
A13528102,서울특별시,11,99275.76,78559.1,59.96,150
A13528102,서울특별시,11,99275.76,78559.1,84.93,48
A13528102,서울특별시,11,99275.76,78559.1,84.95,146
A13528102,서울특별시,11,99275.76,78559.1,84.98,44
A13528102,서울특별시,11,99275.76,78559.1,114.97,96
A13528102,서울특별시,11,99275.76,78559.1,119.58,140
A13528102,서울특별시,11,99275.76,78559.1,149.78,144
A13528103,서울특별시,7,142942.4,116079.77,121.74,198
A13528103,서울특별시,7,142942.4,116079.77,145.83,386
A13528103,서울특별시,7,142942.4,116079.77,161.47,221
A13528105,서울특별시,14,163240.2,150185.3,84.69,2
A13528105,서울특별시,14,163240.2,150185.3,84.805,1
A13528105,서울특별시,14,163240.2,150185.3,84.81,5
A13528105,서울특별시,14,163240.2,150185.3,94.53,204
A13528105,서울특별시,14,163240.2,150185.3,94.74,118
A13528105,서울특별시,14,163240.2,150185.3,127.61,17
A13528105,서울특별시,14,163240.2,150185.3,127.62,11
A13528105,서울특별시,14,163240.2,150185.3,127.78,8
A13528105,서울특별시,14,163240.2,150185.3,136.9,302
A13528105,서울특별시,14,163240.2,150185.3,137.36,261
A13528105,서울특별시,14,163240.2,150185.3,158.535,1
A13528105,서울특별시,14,163240.2,150185.3,158.54,1
A13528105,서울특별시,14,163240.2,150185.3,167.82,88
A13528105,서울특별시,14,163240.2,150185.3,169.18,60
A13528105,서울특별시,14,163240.2,150185.3,200.29,60
A13583402,서울특별시,4,47180,42913.46,84.5,3
A13583402,서울특별시,4,47180,42913.46,95.48,137
A13583402,서울특별시,4,47180,42913.46,132.05,224
A13583403,서울특별시,6,57097.18,52872.74,84.69,1
A13583403,서울특별시,6,57097.18,52872.74,95.27,223
A13583403,서울특별시,6,57097.18,52872.74,125.17,252
A13583404,서울특별시,5,86082.54,79295.87,83.56,1
A13583404,서울특별시,5,86082.54,79295.87,96.04,269
A13583404,서울특별시,5,86082.54,79295.87,128.03,3
A13583404,서울특별시,5,86082.54,79295.87,141.21,118
A13583404,서울특별시,5,86082.54,79295.87,141.22,119
A13583404,서울특별시,5,86082.54,79295.87,162.71,90
A13583404,서울특별시,5,86082.54,79295.87,162.72,30
A13583507,서울특별시,28,470731.53,437016.88,76.76,1
A13583507,서울특별시,28,470731.53,437016.88,76.79,13
A13583507,서울특별시,28,470731.53,437016.88,84.43,10
A13583507,서울특별시,28,470731.53,437016.88,91.94,167
A13583507,서울특별시,28,470731.53,437016.88,92.57,140
A13583507,서울특별시,28,470731.53,437016.88,93.43,236
A13583507,서울특별시,28,470731.53,437016.88,93.46,112
A13583507,서울특별시,28,470731.53,437016.88,94.42,195
A13583507,서울특별시,28,470731.53,437016.88,94.76,837
A13583507,서울특별시,28,470731.53,437016.88,95.18,972
A13583507,서울특별시,28,470731.53,437016.88,99.61,1
A13583507,서울특별시,28,470731.53,437016.88,104.37,138
A13583507,서울특별시,28,470731.53,437016.88,104.71,558
A13583507,서울특별시,28,470731.53,437016.88,105.46,557
A13583507,서울특별시,28,470731.53,437016.88,107.24,167
A13583507,서울특별시,28,470731.53,437016.88,107.41,167
A13583507,서울특별시,28,470731.53,437016.88,107.89,153
A13583604,서울특별시,12,148926,134018.06,84.35,1
A13583604,서울특별시,12,148926,134018.06,84.55,120
A13583604,서울특별시,12,148926,134018.06,94.89,139
A13583604,서울특별시,12,148926,134018.06,127.75,180
A13583604,서울특별시,12,148926,134018.06,128.32,168
A13583604,서울특별시,12,148926,134018.06,146.75,252
A13583604,서울특별시,12,148926,134018.06,160.76,90
A13583604,서울특별시,12,148926,134018.06,163.92,2
A13583604,서울특별시,12,148926,134018.06,174,82
A13583701,서울특별시,8,67051.73,49312.64,59.82,286
A13583701,서울특별시,8,67051.73,49312.64,85,203
A13583701,서울특별시,8,67051.73,49312.64,101.6,93
A13583701,서울특별시,8,67051.73,49312.64,114.59,48
A13584101,서울특별시,4,51829.2,41857.92,139.54,144
A13584101,서울특별시,4,51829.2,41857.92,164.88,132
A10020848,서울특별시,2,13192.96,10225.92,79.89,128
A10024793,서울특별시,1,14789.94,9522.7,59.82,66
A10024793,서울특별시,1,14789.94,9522.7,83.49,22
A10024793,서울특별시,1,14789.94,9522.7,84.95,44
A10027319,서울특별시,1,13116.42,9990.742,84.8861,57
A10027319,서울특별시,1,13116.42,9990.742,84.9569,37
A10027319,서울특별시,1,13116.42,9990.742,125.0077,4
A10027319,서울특별시,1,13116.42,9990.742,125.7332,12
A13527001,서울특별시,1,8099.3,4260.59,23.34,12
A13527001,서울특별시,1,8099.3,4260.59,25.89,96
A13527001,서울특별시,1,8099.3,4260.59,31.81,47
A13527002,서울특별시,1,21056.77,14518.56,84.66,8
A13527002,서울특별시,1,21056.77,14518.56,84.72,11
A13527002,서울특별시,1,21056.77,14518.56,84.93,152
A13527003,서울특별시,2,46170.06,29658.06,132.94,99
A13527003,서울특별시,2,46170.06,29658.06,164.97,100
A13527004,서울특별시,4,21309,15515.11,54.81,115
A13527004,서울특별시,4,21309,15515.11,73.41,48
A13527004,서울특별시,4,21309,15515.11,80.75,20
A13527004,서울특별시,4,21309,15515.11,84.81,24
A13527004,서울특별시,4,21309,15515.11,84.91,24
A13527005,서울특별시,1,16604.08,7899.14,32.65,78
A13527005,서울특별시,1,16604.08,7899.14,33.1,52
A13527005,서울특별시,1,16604.08,7899.14,34.995,64
A13527005,서울특별시,1,16604.08,7899.14,35.48,32
A13527005,서울특별시,1,16604.08,7899.14,42.7,6
A13527006,서울특별시,2,34423.14,30859.27,104.01,143
A13527006,서울특별시,2,34423.14,30859.27,153.71,104
A13527007,서울특별시,5,36256.066,36256.066,84.122,123
A13527007,서울특별시,5,36256.066,36256.066,130.259,172
A13527007,서울특별시,5,36256.066,36256.066,134.789,26
A13527008,서울특별시,4,35518.44,27618.24,59.76,120
A13527008,서울특별시,4,35518.44,27618.24,84.94,192
A13527008,서울특별시,4,35518.44,27618.24,114.96,36
A13527010,서울특별시,2,39792.15,32576.7,76.38,60
A13527010,서울특별시,2,39792.15,32576.7,84.83,330
A13527011,서울특별시,1,72747.66,52865.18,83,76
A13527011,서울특별시,1,72747.66,52865.18,83.19,12
A13527011,서울특별시,1,72747.66,52865.18,102.81,4
A13527011,서울특별시,1,72747.66,52865.18,122.07,140
A13527011,서울특별시,1,72747.66,52865.18,128.74,76
A13527011,서울특별시,1,72747.66,52865.18,164.79,10
A13527011,서울특별시,1,72747.66,52865.18,164.87,86
A13527011,서울특별시,1,72747.66,52865.18,244.69,10
A13527013,서울특별시,8,72171,59577.48,84.6,99
A13527013,서울특별시,8,72171,59577.48,126.46,144
A13527013,서울특별시,8,72171,59577.48,152.74,216
A13527014,서울특별시,2,101213.69,73177.23,43.79,2
A13527014,서울특별시,2,101213.69,73177.23,53.672,2
A13527014,서울특별시,2,101213.69,73177.23,60.687,2
A13527014,서울특별시,2,101213.69,73177.23,69.18,2
A13527014,서울특별시,2,101213.69,73177.23,84.072,2
A13527014,서울특별시,2,101213.69,73177.23,117.318,4
A13527014,서울특별시,2,101213.69,73177.23,130.545,170
A13527014,서울특별시,2,101213.69,73177.23,138.657,32
A13527014,서울특별시,2,101213.69,73177.23,146.754,80
A13527014,서울특별시,2,101213.69,73177.23,168.456,10
A13527014,서울특별시,2,101213.69,73177.23,172.464,62
A13527014,서울특별시,2,101213.69,73177.23,172.467,60
A13527014,서울특별시,2,101213.69,73177.23,177.255,62
A13527016,서울특별시,8,55239.77,40563.01,52.72,117
A13527016,서울특별시,8,55239.77,40563.01,52.73,117
A13527016,서울특별시,8,55239.77,40563.01,59.48,170
A13527016,서울특별시,8,55239.77,40563.01,83.86,216
A13527017,서울특별시,4,283424.9,204005.66,78.99,23
A13527017,서울특별시,4,283424.9,204005.66,84.15,42
A13527017,서울특별시,4,283424.9,204005.66,84.16,42
A13527017,서울특별시,4,283424.9,204005.66,120.78,42
A13527017,서울특별시,4,283424.9,204005.66,121.42,42
A13527017,서울특별시,4,283424.9,204005.66,137.24,320
A13527017,서울특별시,4,283424.9,204005.66,164.95,109
A13527017,서울특별시,4,283424.9,204005.66,164.97,320
A13527017,서울특별시,4,283424.9,204005.66,174.67,218
A13527017,서울특별시,4,283424.9,204005.66,222.48,23
A13527017,서울특별시,4,283424.9,204005.66,244.66,102
A13527017,서울특별시,4,283424.9,204005.66,301.47,7
A13527018,서울특별시,1,20562.25,9680.09,33.8,64
A13527018,서울특별시,1,20562.25,9680.09,48.64,3
A13527018,서울특별시,1,20562.25,9680.09,63.09,12
A13527018,서울특별시,1,20562.25,9680.09,67.5,16
A13527018,서울특별시,1,20562.25,9680.09,67.57,52
A13527018,서울특별시,1,20562.25,9680.09,68.96,3
A13527018,서울특별시,1,20562.25,9680.09,69.18,13
A13527018,서울특별시,1,20562.25,9680.09,70.31,13
A13527019,서울특별시,5,52285.2,42932.4,66,36
A13527019,서울특별시,5,52285.2,42932.4,66.95,12
A13527019,서울특별시,5,52285.2,42932.4,107.53,192
A13527019,서울특별시,5,52285.2,42932.4,108.2,12
A13527019,서울특별시,5,52285.2,42932.4,108.4,12
A13527019,서울특별시,5,52285.2,42932.4,112.13,36
A13527019,서울특별시,5,52285.2,42932.4,112.86,12
A13527019,서울특별시,5,52285.2,42932.4,112.92,24
A13527019,서울특별시,5,52285.2,42932.4,142.77,24
A13527019,서울특별시,5,52285.2,42932.4,207.52,24
A13527203,서울특별시,34,379722.4,298679.47,59.9203,24
A13527203,서울특별시,34,379722.4,298679.47,59.9772,255
A13527203,서울특별시,34,379722.4,298679.47,59.9818,276
A13527203,서울특별시,34,379722.4,298679.47,59.9937,46
A13527203,서울특별시,34,379722.4,298679.47,84.9231,130
A13527203,서울특별시,34,379722.4,298679.47,84.9984,806
A13527203,서울특별시,34,379722.4,298679.47,114.9931,348
A13527203,서울특별시,34,379722.4,298679.47,119.8906,330
A13527203,서울특별시,34,379722.4,298679.47,120.8233,320
A13527203,서울특별시,34,379722.4,298679.47,134.9023,404
A13527203,서울특별시,34,379722.4,298679.47,138.3156,21
A13527203,서울특별시,34,379722.4,298679.47,176.9924,42
A13550403,서울특별시,5,36802.34,36882.14,58.46,65
A13550403,서울특별시,5,36802.34,36882.14,84.74,266
A13550403,서울특별시,5,36802.34,36882.14,116.24,30
A13550403,서울특별시,5,36802.34,36882.14,117.57,60
A13550502,서울특별시,10,94471.67,71979,59.96,144
A13550502,서울특별시,10,94471.67,71979,84.76,48
A13550502,서울특별시,10,94471.67,71979,84.89,144
A13550502,서울특별시,10,94471.67,71979,89.88,48
A13550502,서울특별시,10,94471.67,71979,122.81,348
A13585401,서울특별시,4,17550,13489.2,70.89,90
A13585401,서울특별시,4,17550,13489.2,78.99,90
A13585402,서울특별시,2,126724.61,197521.77,92.8,21
A13585402,서울특별시,2,126724.61,197521.77,115.63,47
A13585402,서울특별시,2,126724.61,197521.77,124.11,9
A13585402,서울특별시,2,126724.61,197521.77,130.17,21
A13585402,서울특별시,2,126724.61,197521.77,139.38,8
A13585402,서울특별시,2,126724.61,197521.77,144.63,44
A13585402,서울특별시,2,126724.61,197521.77,154.35,12
A13585402,서울특별시,2,126724.61,197521.77,156.5,9
A13585402,서울특별시,2,126724.61,197521.77,160.17,21
A13585402,서울특별시,2,126724.61,197521.77,161.8,9
A13585402,서울특별시,2,126724.61,197521.77,162.6,51
A13585402,서울특별시,2,126724.61,197521.77,164.13,12
A13585402,서울특별시,2,126724.61,197521.77,164.88,2
A13585402,서울특별시,2,126724.61,197521.77,164.99,65
A13585402,서울특별시,2,126724.61,197521.77,185.6,8
A13585402,서울특별시,2,126724.61,197521.77,195.83,9
A13585402,서울특별시,2,126724.61,197521.77,218.4,8
A13585402,서울특별시,2,126724.61,197521.77,222.78,21
A13585402,서울특별시,2,126724.61,197521.77,223.59,9
A13585402,서울특별시,2,126724.61,197521.77,229.3,16
A13585402,서울특별시,2,126724.61,197521.77,231.26,46
A13585402,서울특별시,2,126724.61,197521.77,243.08,2
A13585402,서울특별시,2,126724.61,197521.77,243.14,4
A13585402,서울특별시,2,126724.61,197521.77,244.04,8
A13585402,서울특별시,2,126724.61,197521.77,248.22,9
A13585402,서울특별시,2,126724.61,197521.77,260.34,8
A13585402,서울특별시,2,126724.61,197521.77,289.26,22
A13585402,서울특별시,2,126724.61,197521.77,308.7,12
A13585402,서울특별시,2,126724.61,197521.77,313,9
A13585402,서울특별시,2,126724.61,197521.77,318.88,22
A13585402,서울특별시,2,126724.61,197521.77,320.34,21
A13585402,서울특별시,2,126724.61,197521.77,321.12,16
A13585402,서울특별시,2,126724.61,197521.77,323.6,9
A13585402,서울특별시,2,126724.61,197521.77,325.2,46
A13585402,서울특별시,2,126724.61,197521.77,326.56,21
A13585402,서울특별시,2,126724.61,197521.77,328.26,12
A13585402,서울특별시,2,126724.61,197521.77,328.4,2
A13585402,서울특별시,2,126724.61,197521.77,329.98,59
A13585402,서울특별시,2,126724.61,197521.77,353.44,21
A13585402,서울특별시,2,126724.61,197521.77,391.66,9
A13585402,서울특별시,2,126724.61,197521.77,436.8,8
A13585402,서울특별시,2,126724.61,197521.77,447.18,31
A13585402,서울특별시,2,126724.61,197521.77,486.28,4
A13585402,서울특별시,2,126724.61,197521.77,488.08,8
A13585402,서울특별시,2,126724.61,197521.77,489.54,2
A13585403,서울특별시,1,106201.82,75439.26,124.641,76
A13585403,서울특별시,1,106201.82,75439.26,141.381,76
A13585403,서울특별시,1,106201.82,75439.26,141.648,76
A13585403,서울특별시,1,106201.82,75439.26,141.706,18
A13585403,서울특별시,1,106201.82,75439.26,152.721,1
A13585403,서울특별시,1,106201.82,75439.26,157.284,38
A13585403,서울특별시,1,106201.82,75439.26,163.567,76
A13585403,서울특별시,1,106201.82,75439.26,163.702,38
A13585403,서울특별시,1,106201.82,75439.26,163.944,5
A13585403,서울특별시,1,106201.82,75439.26,176.076,4
A13585403,서울특별시,1,106201.82,75439.26,185.622,22
A13585403,서울특별시,1,106201.82,75439.26,214.967,22
A13585403,서울특별시,1,106201.82,75439.26,235.74,6
A13585403,서울특별시,1,106201.82,75439.26,244.224,22
A13585404,서울특별시,8,43122.11,33275.43,59.98,81
A13585404,서울특별시,8,43122.11,33275.43,71.85,100
A13585404,서울특별시,8,43122.11,33275.43,84.67,59
A13585404,서울특별시,8,43122.11,33275.43,93.07,37
A13585404,서울특별시,8,43122.11,33275.43,106.39,53
A13585404,서울특별시,8,43122.11,33275.43,106.78,67
A13585804,서울특별시,10,138068,109509.38,84.97,674
A13585804,서울특별시,10,138068,109509.38,124.1,210
A13585804,서울특별시,10,138068,109509.38,124.66,210
A13586101,서울특별시,2,22147.78,16733.19,84.93,98
A13586101,서울특별시,2,22147.78,16733.19,84.95,99
A13586102,서울특별시,3,25110.898,17841.6,0,1
A13586102,서울특별시,3,25110.898,17841.6,84.96,210
A10021856,서울특별시,1,16515.95,12714.18,93.08,3
A10021856,서울특별시,1,16515.95,12714.18,102.97,2
A10021856,서울특별시,1,16515.95,12714.18,107.38,75
A10021856,서울특별시,1,16515.95,12714.18,121.69,22
A10021856,서울특별시,1,16515.95,12714.18,124.86,12
A10022130,서울특별시,1,11513.95,8519.94,40.41,2
A10022130,서울특별시,1,11513.95,8519.94,55.17,2
A10022130,서울특별시,1,11513.95,8519.94,59.94,52
A10022130,서울특별시,1,11513.95,8519.94,80.52,3
A10022130,서울특별시,1,11513.95,8519.94,93.78,53
A10023020,서울특별시,1,6665.3,6665.051,18.038,8
A10023020,서울특별시,1,6665.3,6665.051,18.117,8
A10023020,서울특별시,1,6665.3,6665.051,18.727,1
A10023020,서울특별시,1,6665.3,6665.051,19.738,1
A10023020,서울특별시,1,6665.3,6665.051,20.067,12
A10023020,서울특별시,1,6665.3,6665.051,20.162,1
A10023020,서울특별시,1,6665.3,6665.051,20.227,10
A10023020,서울특별시,1,6665.3,6665.051,20.229,12
A10023020,서울특별시,1,6665.3,6665.051,20.231,12
A10023020,서울특별시,1,6665.3,6665.051,20.272,48
A10023020,서울특별시,1,6665.3,6665.051,20.407,46
A10023020,서울특별시,1,6665.3,6665.051,22.678,10
A10023020,서울특별시,1,6665.3,6665.051,22.73,10
A10023020,서울특별시,1,6665.3,6665.051,22.763,11
A10023020,서울특별시,1,6665.3,6665.051,22.799,10
A10023020,서울특별시,1,6665.3,6665.051,22.814,1
A10023020,서울특별시,1,6665.3,6665.051,22.857,10
A10023020,서울특별시,1,6665.3,6665.051,22.866,22
A10023020,서울특별시,1,6665.3,6665.051,22.942,32
A10023020,서울특별시,1,6665.3,6665.051,27.907,13
A10023020,서울특별시,1,6665.3,6665.051,29.251,10
A10023020,서울특별시,1,6665.3,6665.051,29.62,1
A10023020,서울특별시,1,6665.3,6665.051,29.953,1
A10023020,서울특별시,1,6665.3,6665.051,33.236,1
A10023020,서울특별시,1,6665.3,6665.051,34.866,1
A10023020,서울특별시,1,6665.3,6665.051,36.319,1
A10023020,서울특별시,1,6665.3,6665.051,37.172,1
A10023020,서울특별시,1,6665.3,6665.051,38.605,3
A10023020,서울특별시,1,6665.3,6665.051,39.726,1
A10023020,서울특별시,1,6665.3,6665.051,43.761,1
A10023939,서울특별시,1,13200.71,10142.07,59.43,17
A10023939,서울특별시,1,13200.71,10142.07,59.82,48
A10023939,서울특별시,1,13200.71,10142.07,84.6,74
A10024131,서울특별시,7,74657.7,55529.9,59.99,164
A10024131,서울특별시,7,74657.7,55529.9,71.9,40
A10024131,서울특별시,7,74657.7,55529.9,71.95,99
A10024131,서울특별시,7,74657.7,55529.9,71.99,18
A10024131,서울특별시,7,74657.7,55529.9,84.98,163
A10024131,서울특별시,7,74657.7,55529.9,84.99,52
A10024131,서울특별시,7,74657.7,55529.9,101.98,85
A10024131,서울특별시,7,74657.7,55529.9,115.93,27
A10024131,서울특별시,7,74657.7,55529.9,136.9,1
A10024131,서울특별시,7,74657.7,55529.9,136.95,27
A10024131,서울특별시,7,74657.7,55529.9,152.9,1
A10024131,서울특별시,7,74657.7,55529.9,159.78,1
A10024131,서울특별시,7,74657.7,55529.9,179.81,1
A10024819,서울특별시,1,12805.94,9123.13,55.34,26
A10024819,서울특별시,1,12805.94,9123.13,61.23,18
A10024819,서울특별시,1,12805.94,9123.13,70.05,8
A10024819,서울특별시,1,12805.94,9123.13,80.29,75
A10026350,서울특별시,4,46756.9,34877.17,49.94,44
A10026350,서울특별시,4,46756.9,34877.17,49.96,23
A10026350,서울특별시,4,46756.9,34877.17,59.96,48
A10026350,서울특별시,4,46756.9,34877.17,84.95,61
A10026350,서울특별시,4,46756.9,34877.17,84.98,61
A10026350,서울특별시,4,46756.9,34877.17,84.99,82
A10026350,서울특별시,4,46756.9,34877.17,103.32,56
A10026350,서울특별시,4,46756.9,34877.17,123.3,19
A10026350,서울특별시,4,46756.9,34877.17,142.93,20
A10026350,서울특별시,4,46756.9,34877.17,160.5,1
A10026350,서울특별시,4,46756.9,34877.17,170.02,1
A10026934,서울특별시,3,21223.52,17633.86,97.49,1
A10026934,서울특별시,3,21223.52,17633.86,123.97,18
A10026934,서울특별시,3,21223.52,17633.86,131.65,23
A10026934,서울특별시,3,21223.52,17633.86,134.03,2
A10026934,서울특별시,3,21223.52,17633.86,139.1,3
A10026934,서울특별시,3,21223.52,17633.86,148.5,24
A10026934,서울특별시,3,21223.52,17633.86,170.8,47
A13509001,서울특별시,1,21300.75,15854.423,32.61,6
A13509001,서울특별시,1,21300.75,15854.423,59.83,83
A13509001,서울특별시,1,21300.75,15854.423,78.285,4
A13509001,서울특별시,1,21300.75,15854.423,84.87,56
A13509001,서울특별시,1,21300.75,15854.423,114.837,49
A13509003,서울특별시,1,25898.84,19766.28,51.78,2
A13509003,서울특별시,1,25898.84,19766.28,59.7,121
A13509003,서울특별시,1,25898.84,19766.28,84.78,75
A13509003,서울특별시,1,25898.84,19766.28,102.26,2
A13509003,서울특별시,1,25898.84,19766.28,113,52
A13509004,서울특별시,2,27988.83,20736.68,41.47,2
A13509004,서울특별시,2,27988.83,20736.68,58.57,112
A13509004,서울특별시,2,27988.83,20736.68,68.8,2
A13509004,서울특별시,2,27988.83,20736.68,80.35,2
A13509004,서울특별시,2,27988.83,20736.68,85,85
A13509004,서울특별시,2,27988.83,20736.68,109.51,60
A13509005,서울특별시,8,40608.05,31921.68,84.92,46
A13509005,서울특별시,8,40608.05,31921.68,101.38,44
A13509005,서울특별시,8,40608.05,31921.68,105.5,59
A13509005,서울특별시,8,40608.05,31921.68,119.29,44
A13509005,서울특별시,8,40608.05,31921.68,134.81,49
A13509005,서울특별시,8,40608.05,31921.68,164.72,30
A13509005,서울특별시,8,40608.05,31921.68,178.03,3
A13509006,서울특별시,2,28528.918,21910.35,59.67,152
A13509006,서울특별시,2,28528.918,21910.35,80.91,17
A13509006,서울특별시,2,28528.918,21910.35,84.9,17
A13509006,서울특별시,2,28528.918,21910.35,84.93,118
A13509007,서울특별시,3,37643.45,27299.4,59.4,99
A13509007,서울특별시,3,37643.45,27299.4,78.27,4
A13509007,서울특별시,3,37643.45,27299.4,84.87,80
A13509007,서울특별시,3,37643.45,27299.4,91.77,156
A13509009,서울특별시,3,94247.26,75342.54,136.404,1
A13509009,서울특별시,3,94247.26,75342.54,145.046,110
A13509009,서울특별시,3,94247.26,75342.54,156.857,110
A13509009,서울특별시,3,94247.26,75342.54,167.72,46
A13509009,서울특별시,3,94247.26,75342.54,175.052,81
A13509009,서울특별시,3,94247.26,75342.54,195.388,92
A13509009,서울특별시,3,94247.26,75342.54,203.121,2
A13509009,서울특별시,3,94247.26,75342.54,226.6,3
A13509009,서울특별시,3,94247.26,75342.54,250.953,2
A13509009,서울특별시,3,94247.26,75342.54,269.414,2
A13509010,서울특별시,11,103545.94,86523.04,84.465,80
A13509010,서울특별시,11,103545.94,86523.04,84.484,78
A13509010,서울특별시,11,103545.94,86523.04,101.81,64
A13509010,서울특별시,11,103545.94,86523.04,121.931,313
A13509010,서울특별시,11,103545.94,86523.04,122.485,38
A13509010,서울특별시,11,103545.94,86523.04,144.113,68
A13509010,서울특별시,11,103545.94,86523.04,176.613,36
A13509010,서울특별시,11,103545.94,86523.04,213.435,36
A13509012,서울특별시,17,116666.37,89308.086,26.5,19
A13509012,서울특별시,17,116666.37,89308.086,31.402,211
A13509012,서울특별시,17,116666.37,89308.086,84.236,482
A13509012,서울특별시,17,116666.37,89308.086,84.349,86
A13509012,서울특별시,17,116666.37,89308.086,84.419,88
A13509012,서울특별시,17,116666.37,89308.086,84.503,88
A13509012,서울특별시,17,116666.37,89308.086,114.039,2
A13509012,서울특별시,17,116666.37,89308.086,114.463,168
A13509013,서울특별시,4,18505.72,15766.5,84.95,25
A13509013,서울특별시,4,18505.72,15766.5,122.85,35
A13509013,서울특별시,4,18505.72,15766.5,137.79,2
A13509013,서울특별시,4,18505.72,15766.5,177.47,2
A13509013,서울특별시,4,18505.72,15766.5,181.51,48
A13509014,서울특별시,3,17911.8,14829.43,84.66,10
A13509014,서울특별시,3,17911.8,14829.43,84.71,4
A13509014,서울특별시,3,17911.8,14829.43,84.8,10
A13509014,서울특별시,3,17911.8,14829.43,84.81,2
A13509014,서울특별시,3,17911.8,14829.43,84.95,2
A13509014,서울특별시,3,17911.8,14829.43,84.96,10
A13509014,서울특별시,3,17911.8,14829.43,106.98,7
A13509014,서울특별시,3,17911.8,14829.43,113.52,14
A13509014,서울특별시,3,17911.8,14829.43,114.12,13
A13509014,서울특별시,3,17911.8,14829.43,114.17,31
A13509014,서울특별시,3,17911.8,14829.43,141.53,30
A13509101,서울특별시,3,19322.318,14193.33,84.99,167
A13550701,서울특별시,5,42856.188,33866.26,59.92,38
A13550701,서울특별시,5,42856.188,33866.26,59.98,22
A13550701,서울특별시,5,42856.188,33866.26,84.55,30
A13550701,서울특별시,5,42856.188,33866.26,84.87,60
A13550701,서울특별시,5,42856.188,33866.26,152.98,148
A13570501,서울특별시,12,91411.34,69975.805,38.671,22
A13570501,서울특별시,12,91411.34,69975.805,39.552,22
A13570501,서울특별시,12,91411.34,69975.805,40.553,22
A13570501,서울특별시,12,91411.34,69975.805,40.586,40
A13570501,서울특별시,12,91411.34,69975.805,40.763,40
A13570501,서울특별시,12,91411.34,69975.805,43.842,40
A13570501,서울특별시,12,91411.34,69975.805,84.236,640
A13570501,서울특별시,12,91411.34,69975.805,84.349,56
A13570501,서울특별시,12,91411.34,69975.805,84.435,22
A13570501,서울특별시,12,91411.34,69975.805,84.679,22
A13587603,서울특별시,1,11153.55,11153.55,36.35,204
A13587603,서울특별시,1,11153.55,11153.55,36.47,55
A13587603,서울특별시,1,11153.55,11153.55,48.81,26
A13587603,서울특별시,1,11153.55,11153.55,56.68,3
A13587603,서울특별시,1,11153.55,11153.55,56.87,1
A13587603,서울특별시,1,11153.55,11153.55,59,3
A13587603,서울특별시,1,11153.55,11153.55,59.33,1
A10027558,서울특별시,11,26145.125,21315.527,92.9619,28
A10027558,서울특별시,11,26145.125,21315.527,95.8969,28
A10027558,서울특별시,11,26145.125,21315.527,99.1101,1
A10027558,서울특별시,11,26145.125,21315.527,101.3301,1
A10027558,서울특별시,11,26145.125,21315.527,105.4698,12
A10027558,서울특별시,11,26145.125,21315.527,105.8209,28
A10027558,서울특별시,11,26145.125,21315.527,108.3435,27
A10027558,서울특별시,11,26145.125,21315.527,108.7127,18
A10027558,서울특별시,11,26145.125,21315.527,111.722,1
A10027558,서울특별시,11,26145.125,21315.527,113.2617,18
A10027558,서울특별시,11,26145.125,21315.527,122.8577,18
A10027558,서울특별시,11,26145.125,21315.527,123.5987,18
A10027558,서울특별시,11,26145.125,21315.527,129.6679,1
A13519001,서울특별시,6,29694.53,20412,39.95,60
A13519001,서울특별시,6,29694.53,20412,49.74,192
A13519001,서울특별시,6,29694.53,20412,49.98,11
A13519001,서울특별시,6,29694.53,20412,59.88,10
A13519001,서울특별시,6,29694.53,20412,59.97,122
A13519002,서울특별시,7,36348.08,26460.84,39.95,26
A13519002,서울특별시,7,36348.08,26460.84,49.74,96
A13519002,서울특별시,7,36348.08,26460.84,59.97,153
A13519002,서울특별시,7,36348.08,26460.84,84.97,61
A13519002,서울특별시,7,36348.08,26460.84,84.98,74
A13519003,서울특별시,7,32881.72,23604.61,49.74,104
A13519003,서울특별시,7,32881.72,23604.61,59.97,143
A13519003,서울특별시,7,32881.72,23604.61,84.96,82
A13519003,서울특별시,7,32881.72,23604.61,84.97,10
A13519003,서울특별시,7,32881.72,23604.61,84.98,24
A13519004,서울특별시,8,33927.84,24150.7,39.97,54
A13519004,서울특별시,8,33927.84,24150.7,49.83,124
A13519004,서울특별시,8,33927.84,24150.7,59.75,13
A13519004,서울특별시,8,33927.84,24150.7,59.8,13
A13519004,서울특별시,8,33927.84,24150.7,59.84,106
A13519004,서울특별시,8,33927.84,24150.7,59.93,13
A13519004,서울특별시,8,33927.84,24150.7,84.95,40
A13519004,서울특별시,8,33927.84,24150.7,84.98,44
A13519005,서울특별시,15,67647.83,52989.42,59.97,44
A13519005,서울특별시,15,67647.83,52989.42,84.95,95
A13519005,서울특별시,15,67647.83,52989.42,84.97,126
A13519005,서울특별시,15,67647.83,52989.42,84.98,22
A13519005,서울특별시,15,67647.83,52989.42,114.69,259
A13519006,서울특별시,16,132902.05,70586.11,59.86,9
A13519006,서울특별시,16,132902.05,70586.11,59.89,148
A13519006,서울특별시,16,132902.05,70586.11,59.99,10
A13519006,서울특별시,16,132902.05,70586.11,74.74,260
A13519006,서울특별시,16,132902.05,70586.11,84.83,215
A13519006,서울특별시,16,132902.05,70586.11,84.84,212
A13519006,서울특별시,16,132902.05,70586.11,84.94,28
A13519006,서울특별시,16,132902.05,70586.11,84.95,30
A13519007,서울특별시,12,116860.06,58940.61,59.86,35
A13519007,서울특별시,12,116860.06,58940.61,59.89,209
A13519007,서울특별시,12,116860.06,58940.61,59.99,80
A13519007,서울특별시,12,116860.06,58940.61,74.74,160
A13519007,서울특별시,12,116860.06,58940.61,84.82,30
A13519007,서울특별시,12,116860.06,58940.61,84.83,150
A13519007,서울특별시,12,116860.06,58940.61,84.84,145
A10027446,서울특별시,10,68291.65,55378.832,114.4856,22
A10027446,서울특별시,10,68291.65,55378.832,124.5792,128
A10027446,서울특별시,10,68291.65,55378.832,124.5802,54
A10027446,서울특별시,10,68291.65,55378.832,146.6888,12
A10027446,서울특별시,10,68291.65,55378.832,146.7139,136
A10027446,서울특별시,10,68291.65,55378.832,146.7507,12
A10027446,서울특별시,10,68291.65,55378.832,165.4312,22
A10027446,서울특별시,10,68291.65,55378.832,207.2866,2
A10027446,서울특별시,10,68291.65,55378.832,208.1668,1
A10027446,서울특별시,10,68291.65,55378.832,214.7076,5
A10027446,서울특별시,10,68291.65,55378.832,220.2238,1
A10027446,서울특별시,10,68291.65,55378.832,226.3127,2
A10027446,서울특별시,10,68291.65,55378.832,229.2372,1
A10027446,서울특별시,10,68291.65,55378.832,230.2611,1
A10027446,서울특별시,10,68291.65,55378.832,244.2033,1
A13522003,서울특별시,5,57520.664,40394.06,26.06,1
A13522003,서울특별시,5,57520.664,40394.06,49.2,180
A13522003,서울특별시,5,57520.664,40394.06,60,314
A13522003,서울특별시,5,57520.664,40394.06,84.48,150
A13522004,서울특별시,12,68559.56,55318.82,59.86,98
A13522004,서울특별시,12,68559.56,55318.82,84.97,582
A13522006,서울특별시,8,67968,47081.48,33.18,357
A13522006,서울특별시,8,67968,47081.48,39.51,214
A13522006,서울특별시,8,67968,47081.48,39.53,268
A13522006,서울특별시,8,67968,47081.48,49.96,324
A13522007,서울특별시,7,81932.75,57555.18,34.44,417
A13522007,서울특별시,7,81932.75,57555.18,39.6,567
A13522007,서울특별시,7,81932.75,57555.18,49.5,419
A13522008,서울특별시,14,105730.06,71906.68,23.67,1
A13522008,서울특별시,14,105730.06,71906.68,26.37,1692
A13522008,서울특별시,14,105730.06,71906.68,31.32,866
A13522008,서울특별시,14,105730.06,71906.68,36.37,1
A13522008,서울특별시,14,105730.06,71906.68,52.74,2
A13552001,서울특별시,7,57595.465,39624.29,23.81,1159
A13552001,서울특별시,7,57595.465,39624.29,29.85,209
A13552001,서울특별시,7,57595.465,39624.29,39.93,145
A13552002,서울특별시,14,86239.71,63104.14,59.42,10
A13552002,서울특별시,14,86239.71,63104.14,59.62,26
A13552002,서울특별시,14,86239.71,63104.14,59.74,39
A13552002,서울특별시,14,86239.71,63104.14,59.81,97
A13552002,서울특별시,14,86239.71,63104.14,59.88,17
A13552002,서울특별시,14,86239.71,63104.14,59.97,108
A13552002,서울특별시,14,86239.71,63104.14,84.47,4
A13552002,서울특별시,14,86239.71,63104.14,84.6,5
A13552002,서울특별시,14,86239.71,63104.14,84.81,61
A13552002,서울특별시,14,86239.71,63104.14,84.86,95
A13552002,서울특별시,14,86239.71,63104.14,84.92,157
A13552002,서울특별시,14,86239.71,63104.14,84.94,4
A13552002,서울특별시,14,86239.71,63104.14,84.96,14
A13552002,서울특별시,14,86239.71,63104.14,101.33,3
A13552002,서울특별시,14,86239.71,63104.14,101.73,4
A13552002,서울특별시,14,86239.71,63104.14,101.81,18
A13552002,서울특별시,14,86239.71,63104.14,101.85,4
A13552002,서울특별시,14,86239.71,63104.14,101.86,4
A13552002,서울특별시,14,86239.71,63104.14,101.88,22
A13552002,서울특별시,14,86239.71,63104.14,114.15,5
A13552002,서울특별시,14,86239.71,63104.14,114.45,66
A13552002,서울특별시,14,86239.71,63104.14,114.51,12
A13552002,서울특별시,14,86239.71,63104.14,114.7,6
A13552002,서울특별시,14,86239.71,63104.14,114.93,6
A13588402,서울특별시,7,71711.3,59105.84,97.63,233
A13588402,서울특별시,7,71711.3,59105.84,129.45,205
A13588402,서울특별시,7,71711.3,59105.84,163.68,60
A13588601,서울특별시,4,33305.58,27138.3,60.01,30
A13588601,서울특별시,4,33305.58,27138.3,84.46,300
A10024805,서울특별시,2,14772.31,11378.73,59.73,33
A10024805,서울특별시,2,14772.31,11378.73,77.94,4
A10024805,서울특별시,2,14772.31,11378.73,81.25,1
A10024805,서울특별시,2,14772.31,11378.73,84.84,4
A10024805,서울특별시,2,14772.31,11378.73,84.85,29
A10024805,서울특별시,2,14772.31,11378.73,97.08,29
A10024805,서울특별시,2,14772.31,11378.73,113.31,30
A10024814,서울특별시,1,10758.76,10758.76,55.08,48
A10024814,서울특별시,1,10758.76,10758.76,84.96,27
A10024814,서울특별시,1,10758.76,10758.76,90.94,58
A10024814,서울특별시,1,10758.76,10758.76,91.08,6
A13511001,서울특별시,3,72316.09,45722.69,105.62,39
A13511001,서울특별시,3,72316.09,45722.69,105.65,78
A13511001,서울특별시,3,72316.09,45722.69,106.45,1
A13511001,서울특별시,3,72316.09,45722.69,106.48,8
A13511001,서울특별시,3,72316.09,45722.69,153.32,48
A13511001,서울특별시,3,72316.09,45722.69,153.35,46
A13511001,서울특별시,3,72316.09,45722.69,153.36,10
A13511001,서울특별시,3,72316.09,45722.69,157.89,1
A13511001,서울특별시,3,72316.09,45722.69,157.92,7
A13511001,서울특별시,3,72316.09,45722.69,180.53,13
A13511001,서울특별시,3,72316.09,45722.69,180.56,65
A13511001,서울특별시,3,72316.09,45722.69,185.13,4
A13511001,서울특별시,3,72316.09,45722.69,185.16,2
A13511003,서울특별시,9,128756.56,93827.8,74.4,459
A13511003,서울특별시,9,128756.56,93827.8,118.63,180
A13511003,서울특별시,9,128756.56,93827.8,140.9,272
A13511004,서울특별시,27,296924.5,274562.2,84.88,1
A13511004,서울특별시,27,296924.5,274562.2,107.16,104
A13511004,서울특별시,27,296924.5,274562.2,107.25,1
A13511004,서울특별시,27,296924.5,274562.2,108.3,8
A13511004,서울특별시,27,296924.5,274562.2,108.31,37
A13511004,서울특별시,27,296924.5,274562.2,108.32,3
A13511004,서울특별시,27,296924.5,274562.2,108.36,52
A13511004,서울특별시,27,296924.5,274562.2,108.88,192
A13511004,서울특별시,27,296924.5,274562.2,109.24,96
A13511004,서울특별시,27,296924.5,274562.2,109.29,3
A13511004,서울특별시,27,296924.5,274562.2,110.82,107
A13511004,서울특별시,27,296924.5,274562.2,111.38,144
A13511004,서울특별시,27,296924.5,274562.2,112.05,8
A13511004,서울특별시,27,296924.5,274562.2,115.23,65
A13511004,서울특별시,27,296924.5,274562.2,121.18,47
A13511004,서울특별시,27,296924.5,274562.2,121.98,1
A13511004,서울특별시,27,296924.5,274562.2,122.27,4
A13511004,서울특별시,27,296924.5,274562.2,152.28,96
A13511004,서울특별시,27,296924.5,274562.2,152.39,72
A13511004,서울특별시,27,296924.5,274562.2,155.52,207
A13511004,서울특별시,27,296924.5,274562.2,155.53,1
A13511004,서울특별시,27,296924.5,274562.2,170.38,156
A13511004,서울특별시,27,296924.5,274562.2,170.81,52
A13511004,서울특별시,27,296924.5,274562.2,171.43,78
A13511004,서울특별시,27,296924.5,274562.2,182.95,78
A13511004,서울특별시,27,296924.5,274562.2,183.41,311
A13511101,서울특별시,10,87591.74,75759.81,84.5,1
A13511101,서울특별시,10,87591.74,75759.81,84.56,13
A13511101,서울특별시,10,87591.74,75759.81,84.94,89
A13511101,서울특별시,10,87591.74,75759.81,84.98,285
A13511101,서울특별시,10,87591.74,75759.81,105.31,52
A13511101,서울특별시,10,87591.74,75759.81,105.45,52
A13511101,서울특별시,10,87591.74,75759.81,108.15,96
A13511101,서울특별시,10,87591.74,75759.81,108.47,129
A13511101,서울특별시,10,87591.74,75759.81,151.93,48
A13511101,서울특별시,10,87591.74,75759.81,169.88,1
A13511201,서울특별시,5,69061,64018.88,107.64,240
A13511201,서울특별시,5,69061,64018.88,111.5,121
A13511201,서울특별시,5,69061,64018.88,112.53,10
A13511201,서울특별시,5,69061,64018.88,163.67,144
A13551103,서울특별시,15,141996.69,113167.01,9.21,1
A13551103,서울특별시,15,141996.69,113167.01,43.93,1
A13551103,서울특별시,15,141996.69,113167.01,49.98,192
A13551103,서울특별시,15,141996.69,113167.01,50,1
A13551103,서울특별시,15,141996.69,113167.01,60.06,1
A13551103,서울특별시,15,141996.69,113167.01,60.07,10
A13551103,서울특별시,15,141996.69,113167.01,63.87,312
A13551103,서울특별시,15,141996.69,113167.01,63.93,1
A13551103,서울특별시,15,141996.69,113167.01,65.12,2
A13551103,서울특별시,15,141996.69,113167.01,65.16,9
A13551103,서울특별시,15,141996.69,113167.01,78.05,241
A13551103,서울특별시,15,141996.69,113167.01,79.04,11
A13551103,서울특별시,15,141996.69,113167.01,83.04,11
A13551103,서울특별시,15,141996.69,113167.01,91.21,119
A13551103,서울특별시,15,141996.69,113167.01,103.01,12
A13551103,서울특별시,15,141996.69,113167.01,121.32,12
A13551103,서울특별시,15,141996.69,113167.01,134.88,1
A13551103,서울특별시,15,141996.69,113167.01,147.4,1
A13551103,서울특별시,15,141996.69,113167.01,147.41,148
A13551103,서울특별시,15,141996.69,113167.01,175.9,1
A13551103,서울특별시,15,141996.69,113167.01,175.92,143
A13551103,서울특별시,15,141996.69,113167.01,264.3,2
A13589802,서울특별시,41,516492,456872.4,82.23,224
A13589802,서울특별시,41,516492,456872.4,82.5,422
A13589802,서울특별시,41,516492,456872.4,82.56,10
A13589802,서울특별시,41,516492,456872.4,117.9,30
A13589802,서울특별시,41,516492,456872.4,117.91,140
A13589802,서울특별시,41,516492,456872.4,129.92,1
A13589802,서울특별시,41,516492,456872.4,131.48,192
A13589802,서울특별시,41,516492,456872.4,131.49,23
A13589802,서울특별시,41,516492,456872.4,131.6,1
A13589802,서울특별시,41,516492,456872.4,144.2,335
A13589802,서울특별시,41,516492,456872.4,144.7,224
A13589802,서울특별시,41,516492,456872.4,157.36,420
A13589802,서울특별시,41,516492,456872.4,160.28,150
A13589802,서울특별시,41,516492,456872.4,160.29,30
A13589802,서울특별시,41,516492,456872.4,160.51,34
A13589802,서울특별시,41,516492,456872.4,160.52,9
A13589802,서울특별시,41,516492,456872.4,160.59,1
A13589802,서울특별시,41,516492,456872.4,161.18,53
A13589802,서울특별시,41,516492,456872.4,161.19,145
A13589802,서울특별시,41,516492,456872.4,162.27,4
A13589802,서울특별시,41,516492,456872.4,162.94,18
A13589802,서울특별시,41,516492,456872.4,196.21,119
A13589802,서울특별시,41,516492,456872.4,196.36,1
A13589802,서울특별시,41,516492,456872.4,196.7,252
A13589802,서울특별시,41,516492,456872.4,196.84,88
A13589802,서울특별시,41,516492,456872.4,196.85,2
A13589802,서울특별시,41,516492,456872.4,198.41,90
A13589802,서울특별시,41,516492,456872.4,232.67,2
A13589802,서울특별시,41,516492,456872.4,233.4,2
A13589802,서울특별시,41,516492,456872.4,243.23,26
A13589802,서울특별시,41,516492,456872.4,243.96,26
A13589802,서울특별시,41,516492,456872.4,245.2,56
A13590204,서울특별시,11,119739.68,109198.29,79.07,1
A13590204,서울특별시,11,119739.68,109198.29,101.09,167
A13590204,서울특별시,11,119739.68,109198.29,101.79,1
A13590204,서울특별시,11,119739.68,109198.29,102.81,7
A13590204,서울특별시,11,119739.68,109198.29,104.76,6
A13590204,서울특별시,11,119739.68,109198.29,106.71,143
A13590204,서울특별시,11,119739.68,109198.29,110.74,13
A13590204,서울특별시,11,119739.68,109198.29,116.94,144
A13590204,서울특별시,11,119739.68,109198.29,117.26,48
A13590204,서울특별시,11,119739.68,109198.29,118.61,6
A13590204,서울특별시,11,119739.68,109198.29,118.94,2
A13590204,서울특별시,11,119739.68,109198.29,119.64,6
A13590204,서울특별시,11,119739.68,109198.29,119.97,2
A13590204,서울특별시,11,119739.68,109198.29,154.12,66
A13590204,서울특별시,11,119739.68,109198.29,161.9,104
A13590204,서울특별시,11,119739.68,109198.29,164.69,6
A13590204,서울특별시,11,119739.68,109198.29,208.65,96
A13590204,서울특별시,11,119739.68,109198.29,210.6,8
A13590602,서울특별시,6,74751.26,67910.91,82.55,4
A13590602,서울특별시,6,74751.26,67910.91,100.49,2
A13590602,서울특별시,6,74751.26,67910.91,100.5,79
A13590602,서울특별시,6,74751.26,67910.91,102.22,7
A13590602,서울특별시,6,74751.26,67910.91,102.35,71
A13590602,서울특별시,6,74751.26,67910.91,105.55,6
A13590602,서울특별시,6,74751.26,67910.91,106.22,154
A13590602,서울특별시,6,74751.26,67910.91,110.25,13
A13590602,서울특별시,6,74751.26,67910.91,110.38,4
A13590602,서울특별시,6,74751.26,67910.91,115.24,88
A13590602,서울특별시,6,74751.26,67910.91,123.54,4
A13590602,서울특별시,6,74751.26,67910.91,137.55,66
A13590602,서울특별시,6,74751.26,67910.91,147.8,6
A13590602,서울특별시,6,74751.26,67910.91,153.59,72
A13590602,서울특별시,6,74751.26,67910.91,154.12,3
A13590602,서울특별시,6,74751.26,67910.91,156.89,3
A10021281,서울특별시,1,9269.03,9269.03,59.66,54
A10021281,서울특별시,1,9269.03,9269.03,59.99,13
A10021281,서울특별시,1,9269.03,9269.03,84.96,62
A10022749,서울특별시,2,30296.256,9636.344,26.7375,4
A10022749,서울특별시,2,30296.256,9636.344,28.3488,10
A10022749,서울특별시,2,30296.256,9636.344,29.2695,4
A10022749,서울특별시,2,30296.256,9636.344,30.3418,4
A10022749,서울특별시,2,30296.256,9636.344,31.5031,4
A10022749,서울특별시,2,30296.256,9636.344,31.8096,4
A10022749,서울특별시,2,30296.256,9636.344,32.2786,6
A10022749,서울특별시,2,30296.256,9636.344,33.7343,4
A10022749,서울특별시,2,30296.256,9636.344,33.8229,4
A10022749,서울특별시,2,30296.256,9636.344,35.636,3
A10022749,서울특별시,2,30296.256,9636.344,37.2355,4
A10022749,서울특별시,2,30296.256,9636.344,38.1534,20
A10022749,서울특별시,2,30296.256,9636.344,39.2805,6
A10022749,서울특별시,2,30296.256,9636.344,40.9599,13
A10022749,서울특별시,2,30296.256,9636.344,41.5063,3
A10022749,서울특별시,2,30296.256,9636.344,42.3842,6
A10022749,서울특별시,2,30296.256,9636.344,42.4159,3
A10022749,서울특별시,2,30296.256,9636.344,43.5255,5
A10022749,서울특별시,2,30296.256,9636.344,44.791,5
A10022749,서울특별시,2,30296.256,9636.344,45.8044,4
A10022749,서울특별시,2,30296.256,9636.344,46.3254,64
A10022749,서울특별시,2,30296.256,9636.344,46.6169,5
A10022749,서울특별시,2,30296.256,9636.344,46.7893,5
A10022749,서울특별시,2,30296.256,9636.344,49.4637,5
A10022749,서울특별시,2,30296.256,9636.344,49.6207,4
A10022749,서울특별시,2,30296.256,9636.344,49.6878,13
A10022749,서울특별시,2,30296.256,9636.344,49.8109,6
A10022749,서울특별시,2,30296.256,9636.344,49.9903,11
A10023825,서울특별시,5,47840.06,47840.06,52.34,7
A10023825,서울특별시,5,47840.06,47840.06,59.945,31
A10023825,서울특별시,5,47840.06,47840.06,59.97,24
A10023825,서울특별시,5,47840.06,47840.06,59.994,38
A10023825,서울특별시,5,47840.06,47840.06,84.915,66
A10023825,서울특별시,5,47840.06,47840.06,84.99,142
A10023825,서울특별시,5,47840.06,47840.06,115.216,20
A10023825,서울특별시,5,47840.06,47840.06,115.995,29
A10023825,서울특별시,5,47840.06,47840.06,120.892,5
A10023825,서울특별시,5,47840.06,47840.06,125.413,28
A10023825,서울특별시,5,47840.06,47840.06,125.462,82
A10023825,서울특별시,5,47840.06,47840.06,129.877,2
A10023825,서울특별시,5,47840.06,47840.06,155.144,24
A10023825,서울특별시,5,47840.06,47840.06,168.067,1
A10024813,서울특별시,2,23289.34,20122.92,154.26,34
A10024813,서울특별시,2,23289.34,20122.92,176.03,78
A10024813,서울특별시,2,23289.34,20122.92,209.64,2
A10024813,서울특별시,2,23289.34,20122.92,242.82,3
A10024820,서울특별시,3,28976,22010.896,149.7,85
A10024820,서울특별시,3,28976,22010.896,171.944,44
A10024820,서울특별시,3,28976,22010.896,200.14,4
A10024820,서울특별시,3,28976,22010.896,230.075,4
A10027474,서울특별시,3,51177.508,36393.64,59.9977,104
A10027474,서울특별시,3,51177.508,36393.64,84.4816,26
A10027474,서울특별시,3,51177.508,36393.64,84.993,130
A10027474,서울특별시,3,51177.508,36393.64,114.019,90
A10027474,서울특별시,3,51177.508,36393.64,114.5958,58
A13508001,서울특별시,1,4784.64,4784.64,25.92,96
A13508001,서울특별시,1,4784.64,4784.64,35.88,64
A13508002,서울특별시,1,18521.2,13661.44,81.013,64
A13508002,서울특별시,1,18521.2,13661.44,84.688,68
A13508002,서울특별시,1,18521.2,13661.44,84.932,32
A13508003,서울특별시,1,12448.08,6700.56,34.41,72
A13508003,서울특별시,1,12448.08,6700.56,43.99,96
A13508004,서울특별시,1,20066.3,14922.52,59.82,42
A13508004,서울특별시,1,20066.3,14922.52,59.97,61
A13508004,서울특별시,1,20066.3,14922.52,84.97,103
A13508005,서울특별시,1,12026.84,8575.59,31.78,22
A13508005,서울특별시,1,12026.84,8575.59,39.89,171
A13508005,서울특별시,1,12026.84,8575.59,41.95,11
A13508005,서울특별시,1,12026.84,8575.59,48.21,10
A13508005,서울특별시,1,12026.84,8575.59,52.27,1
A13508005,서울특별시,1,12026.84,8575.59,59.42,1
A13508006,서울특별시,5,42490.027,42490.3,135.67,28
A13508006,서울특별시,5,42490.027,42490.3,136.28,50
A13508006,서울특별시,5,42490.027,42490.3,138.16,22
A13508006,서울특별시,5,42490.027,42490.3,138.54,44
A13508006,서울특별시,5,42490.027,42490.3,157.37,50
A13508006,서울특별시,5,42490.027,42490.3,157.41,28
A13508006,서울특별시,5,42490.027,42490.3,158.58,66
A13508009,서울특별시,7,65294.9,51932.805,0,1
A13508009,서울특별시,7,65294.9,51932.805,28.246,178
A13508009,서울특별시,7,65294.9,51932.805,116.285,144
A13508009,서울특별시,7,65294.9,51932.805,130.143,32
A13508009,서울특별시,7,65294.9,51932.805,130.156,31
A13508009,서울특별시,7,65294.9,51932.805,131.38,32
A13508009,서울특별시,7,65294.9,51932.805,144.011,41
A13508009,서울특별시,7,65294.9,51932.805,144.431,41
A13508009,서울특별시,7,65294.9,51932.805,144.641,41
A13508010,서울특별시,3,27969.512,15705.94,84.9,42
A13508010,서울특별시,3,27969.512,15705.94,84.96,54
A13508010,서울특별시,3,27969.512,15705.94,84.97,14
A13508010,서울특별시,3,27969.512,15705.94,110.57,28
A13508010,서울특별시,3,27969.512,15705.94,116.67,28
A13508011,서울특별시,5,55307.3,42335.44,59.78,44
A13508011,서울특별시,5,55307.3,42335.44,59.91,50
A13508011,서울특별시,5,55307.3,42335.44,84.81,56
A13508011,서울특별시,5,55307.3,42335.44,84.87,132
A13508011,서울특별시,5,55307.3,42335.44,105.89,82
A13508011,서울특별시,5,55307.3,42335.44,120.37,68
A13508011,서울특별시,5,55307.3,42335.44,121.54,32
A13508012,서울특별시,6,34736.57,34736.57,59.7788,17
A13508012,서울특별시,6,34736.57,34736.57,70.8333,120
A13508012,서울특별시,6,34736.57,34736.57,70.8391,17
A13508012,서울특별시,6,34736.57,34736.57,80.1995,28
A13508012,서울특별시,6,34736.57,34736.57,84.641,19
A13508012,서울특별시,6,34736.57,34736.57,92.6232,182
A13508012,서울특별시,6,34736.57,34736.57,118.0315,28
A13579501,서울특별시,5,45118.496,35538.34,59.6851,41
A13579501,서울특별시,5,45118.496,35538.34,59.9885,26
A13579501,서울특별시,5,45118.496,35538.34,84.6815,64
A13579501,서울특별시,5,45118.496,35538.34,84.9876,38
A13579501,서울특별시,5,45118.496,35538.34,132.8355,39
A13579501,서울특별시,5,45118.496,35538.34,133.1686,46
A13579501,서울특별시,5,45118.496,35538.34,147.9554,36
A13579501,서울특별시,5,45118.496,35538.34,148.8017,42
A13579503,서울특별시,3,16102.234,13090.646,59.368,21
A13579503,서울특별시,3,16102.234,13090.646,59.946,9
A13579503,서울특별시,3,16102.234,13090.646,84.587,37
A13579503,서울특별시,3,16102.234,13090.646,84.891,50
A13579503,서울특별시,3,16102.234,13090.646,119.095,33
A13579504,서울특별시,1,12193.02,12172.02,34.82,42
A13579504,서울특별시,1,12193.02,12172.02,39.2,84
A13579504,서울특별시,1,12193.02,12172.02,41.68,21
A13579504,서울특별시,1,12193.02,12172.02,42.52,21
A13579504,서울특별시,1,12193.02,12172.02,43.58,105
A13579504,서울특별시,1,12193.02,12172.02,51.08,21
A13579505,서울특별시,8,52943.79,39854.66,59.97,121
A13579505,서울특별시,8,52943.79,39854.66,70.98,128
A13579505,서울특별시,8,52943.79,39854.66,84.97,153
A13579505,서울특별시,8,52943.79,39854.66,142.06,74
A13579506,서울특별시,3,31651.68,24456,84.98,48
A13579506,서울특별시,3,31651.68,24456,84.99,96
A13579506,서울특별시,3,31651.68,24456,127.27,96
A13591402,서울특별시,3,25546.3,21796.31,84.95,54
A13591402,서울특별시,3,25546.3,21796.31,132.88,56
A13591402,서울특별시,3,25546.3,21796.31,133.77,59
A13591402,서울특별시,3,25546.3,21796.31,133.95,14
A13592002,서울특별시,1,34281.43,18737.982,30.03,240
A13592002,서울특별시,1,34281.43,18737.982,36.96,46
A13592002,서울특별시,1,34281.43,18737.982,39.13,45
A13592002,서울특별시,1,34281.43,18737.982,59.145,15
A13592002,서울특별시,1,34281.43,18737.982,59.15,24
A13592002,서울특별시,1,34281.43,18737.982,59.505,64
A13592002,서울특별시,1,34281.43,18737.982,84.986,23
A13592601,서울특별시,7,57361.67,44847.47,59.7,16
A13592601,서울특별시,7,57361.67,44847.47,59.93,19
A13592601,서울특별시,7,57361.67,44847.47,59.95,53
A13592601,서울특별시,7,57361.67,44847.47,84.93,123
A13592601,서울특별시,7,57361.67,44847.47,84.94,10
A13592601,서울특별시,7,57361.67,44847.47,114.65,66
A13592601,서울특별시,7,57361.67,44847.47,129.8,40
A13592601,서울특별시,7,57361.67,44847.47,129.96,37
A13592601,서울특별시,7,57361.67,44847.47,144.55,36
A13592601,서울특별시,7,57361.67,44847.47,144.98,38
A13592604,서울특별시,11,67654.22,53253.996,59.8848,376
A13592604,서울특별시,11,67654.22,53253.996,84.9097,362
A13592605,서울특별시,12,75790.68,58385.754,59.606,449
A13592605,서울특별시,12,75790.68,58385.754,59.947,64
A13592605,서울특별시,12,75790.68,58385.754,84.675,19
A13592605,서울특별시,12,75790.68,58385.754,84.991,308
A13592706,서울특별시,12,69465.86,69465.86,59.4,440
A13592706,서울특별시,12,69465.86,69465.86,59.53,188
A13592706,서울특별시,12,69465.86,69465.86,59.65,22
A13592706,서울특별시,12,69465.86,69465.86,59.73,72
A13592706,서울특별시,12,69465.86,69465.86,80.87,328
A10027912,서울특별시,12,48213.76,22371.46,39.86,39
A10027912,서울특별시,12,48213.76,22371.46,49.79,76
A10027912,서울특별시,12,48213.76,22371.46,59.68,67
A10027912,서울특별시,12,48213.76,22371.46,59.73,60
A10027912,서울특별시,12,48213.76,22371.46,59.98,84
A10027912,서울특별시,12,48213.76,22371.46,84.83,44
A10027912,서울특별시,12,48213.76,22371.46,84.96,8
A10023547,서울특별시,12,131004.6,89672.12,18.877,78
A10023547,서울특별시,12,131004.6,89672.12,29.497,48
A10023547,서울특별시,12,131004.6,89672.12,39.876,64
A10023547,서울특별시,12,131004.6,89672.12,46.855,491
A10023547,서울특별시,12,131004.6,89672.12,59.592,126
A10023547,서울특별시,12,131004.6,89672.12,59.921,225
A10023547,서울특별시,12,131004.6,89672.12,59.963,671
A10024216,서울특별시,15,212457.22,164320.28,41.91,282
A10024216,서울특별시,15,212457.22,164320.28,44.57,8
A10024216,서울특별시,15,212457.22,164320.28,44.84,16
A10024216,서울특별시,15,212457.22,164320.28,63.76,162
A10024216,서울특별시,15,212457.22,164320.28,63.83,26
A10024216,서울특별시,15,212457.22,164320.28,76.46,80
A10024216,서울특별시,15,212457.22,164320.28,76.48,32
A10024216,서울특별시,15,212457.22,164320.28,76.55,32
A10024216,서울특별시,15,212457.22,164320.28,76.6,62
A10024216,서울특별시,15,212457.22,164320.28,76.77,32
A10024216,서울특별시,15,212457.22,164320.28,84.64,66
A10024216,서울특별시,15,212457.22,164320.28,84.66,6
A10024216,서울특별시,15,212457.22,164320.28,84.71,66
A10024216,서울특별시,15,212457.22,164320.28,84.72,23
A10024216,서울특별시,15,212457.22,164320.28,84.73,250
A10024216,서울특별시,15,212457.22,164320.28,84.75,66
A10024216,서울특별시,15,212457.22,164320.28,84.81,93
A10024216,서울특별시,15,212457.22,164320.28,84.92,68
A10024216,서울특별시,15,212457.22,164320.28,84.94,134
A10024216,서울특별시,15,212457.22,164320.28,103.77,30
A10024216,서울특별시,15,212457.22,164320.28,103.86,154
A10024216,서울특별시,15,212457.22,164320.28,103.95,56
A10024216,서울특별시,15,212457.22,164320.28,118.68,204
A10024216,서울특별시,15,212457.22,164320.28,132.92,42
A10024216,서울특별시,15,212457.22,164320.28,173.48,5
A10024216,서울특별시,15,212457.22,164320.28,176.39,1
A10024258,서울특별시,4,21234.69,16618.61,59.92,39
A10024258,서울특별시,4,21234.69,16618.61,84.94,80
A10024258,서울특별시,4,21234.69,16618.61,101.94,22
A10024258,서울특별시,4,21234.69,16618.61,121.95,43
A10025823,서울특별시,12,96467.02,71672.53,49.99,42
A10025823,서울특별시,12,96467.02,71672.53,59.97,22
A10025823,서울특별시,12,96467.02,71672.53,59.98,22
A10025823,서울특별시,12,96467.02,71672.53,59.99,124
A10025823,서울특별시,12,96467.02,71672.53,71.65,59
A10025823,서울특별시,12,96467.02,71672.53,71.68,43
A10025823,서울특별시,12,96467.02,71672.53,84.97,137
A10025823,서울특별시,12,96467.02,71672.53,84.99,156
A10025823,서울특별시,12,96467.02,71672.53,101.97,90
A10025823,서울특별시,12,96467.02,71672.53,101.99,48
A10025823,서울특별시,12,96467.02,71672.53,118.11,3
A10025823,서울특별시,12,96467.02,71672.53,118.7,4
A10025823,서울특별시,12,96467.02,71672.53,121.71,94
A10025823,서울특별시,12,96467.02,71672.53,146.63,1
A10025823,서울특별시,12,96467.02,71672.53,151.09,2
A10025823,서울특별시,12,96467.02,71672.53,157.31,1
A10025823,서울특별시,12,96467.02,71672.53,168.78,2
A10027571,서울특별시,1,14779.99,11551.54,73,43
A10027571,서울특별시,1,14779.99,11551.54,84.96,24
A10027571,서울특별시,1,14779.99,11551.54,84.98,75
A13523001,서울특별시,13,23509.6,17387.25,59.75,291
A13523003,서울특별시,13,48751.92,40216.36,75.16,196
A13523003,서울특별시,13,48751.92,40216.36,84.95,300
A13523004,서울특별시,9,73768.36,73765.39,101.97,328
A13523004,서울특별시,9,73768.36,73765.39,115.366,15
A13523004,서울특별시,9,73768.36,73765.39,134.43,2
A13523004,서울특별시,9,73768.36,73765.39,134.438,268
A13523004,서울특별시,9,73768.36,73765.39,152.7,15
A13523005,서울특별시,8,91266.55,75339.5,99.79,350
A13523005,서울특별시,8,91266.55,75339.5,134.71,300
A13593801,서울특별시,7,52363.32,36235.08,39.98,228
A13593801,서울특별시,7,52363.32,36235.08,49.68,96
A13593801,서울특별시,7,52363.32,36235.08,50.82,48
A13593801,서울특별시,7,52363.32,36235.08,51.76,60
A13593801,서울특별시,7,52363.32,36235.08,52.29,60
A13593801,서울특별시,7,52363.32,36235.08,59.94,144
A13593801,서울특별시,7,52363.32,36235.08,59.96,84
A13593802,서울특별시,14,112739.445,77674.08,2.52,1
A13593802,서울특별시,14,112739.445,77674.08,25.62,683
A13593802,서울특별시,14,112739.445,77674.08,33.93,750
A13593802,서울특별시,14,112739.445,77674.08,39.98,480
A13593802,서울특별시,14,112739.445,77674.08,50.82,60
A13593802,서울특별시,14,112739.445,77674.08,51.76,120
A13593802,서울특별시,14,112739.445,77674.08,52.29,120
A13594203,서울특별시,11,87391.27,67255.68,59.76,466
A13594203,서울특별시,11,87391.27,67255.68,84.93,464
A13594403,서울특별시,15,82873.22,65464.28,68.39,84
A13594403,서울특별시,15,82873.22,65464.28,68.4,30
A13594403,서울특별시,15,82873.22,65464.28,83.69,448
A13594403,서울특별시,15,82873.22,65464.28,84.06,240
A13594701,서울특별시,19,54685.9,45360.3,63.76,140
A13594701,서울특별시,19,54685.9,45360.3,84.73,430
A13594702,서울특별시,22,70616.3,57866.2,74.54,480
A13594702,서울특별시,22,70616.3,57866.2,84.95,260
A10022652,서울특별시,10,73020.45,32955.76,14.69,276
A10022652,서울특별시,10,73020.45,32955.76,26.54,210
A10022652,서울특별시,10,73020.45,32955.76,36.6,62
A10022652,서울특별시,10,73020.45,32955.76,36.84,350
A10022652,서울특별시,10,73020.45,32955.76,44.66,24
A10022652,서울특별시,10,73020.45,32955.76,44.89,132
A10022652,서울특별시,10,73020.45,32955.76,44.9,26
A10023132,서울특별시,8,46645.965,30087.29,46.95,299
A10023132,서울특별시,8,46645.965,30087.29,46.99,69
A10023132,서울특별시,8,46645.965,30087.29,55.77,51
A10023132,서울특별시,8,46645.965,30087.29,55.97,178
A10023314,서울특별시,6,45812.992,20482,14.69,420
A10023314,서울특별시,6,45812.992,20482,26.54,170
A10023314,서울특별시,6,45812.992,20482,36.6,30
A10023314,서울특별시,6,45812.992,20482,36.84,90
A10023314,서울특별시,6,45812.992,20482,44.89,120
A10027985,서울특별시,5,179378.8,87224.21,23.32,51
A10027985,서울특별시,5,179378.8,87224.21,46.79,4
A10027985,서울특별시,5,179378.8,87224.21,46.91,69
A10027985,서울특별시,5,179378.8,87224.21,51.96,87
A10027985,서울특별시,5,179378.8,87224.21,51.99,121
A10027985,서울특별시,5,179378.8,87224.21,59.93,457
A10027985,서울특별시,5,179378.8,87224.21,74.8,208
A10027985,서울특별시,5,179378.8,87224.21,84.05,24
A10027985,서울특별시,5,179378.8,87224.21,84.39,318
A10028172,서울특별시,10,102814.14,52663.06,59.96,195
A10028172,서울특별시,10,102814.14,52663.06,74.89,75
A10028172,서울특별시,10,102814.14,52663.06,74.97,253
A10028172,서울특별시,10,102814.14,52663.06,84.83,42
A10028172,서울특별시,10,102814.14,52663.06,84.92,128
A10028172,서울특별시,10,102814.14,52663.06,84.96,23
A13519008,서울특별시,15,85561.28,39909.55,21.78,62
A13519008,서울특별시,15,85561.28,39909.55,29.43,130
A13519008,서울특별시,15,85561.28,39909.55,36.05,25
A13519008,서울특별시,15,85561.28,39909.55,36.08,448
A13519008,서울특별시,15,85561.28,39909.55,36.62,84
A13519008,서울특별시,15,85561.28,39909.55,46.01,180
A13519008,서울특별시,15,85561.28,39909.55,46.05,64
A13519008,서울특별시,15,85561.28,39909.55,46.71,72
A13520001,서울특별시,15,101019.57,71731.72,49.94,212
A13520001,서울특별시,15,101019.57,71731.72,59.71,28
A13520001,서울특별시,15,101019.57,71731.72,59.88,30
A13520001,서울특별시,15,101019.57,71731.72,59.92,186
A13520001,서울특별시,15,101019.57,71731.72,59.96,2
A13520001,서울특별시,15,101019.57,71731.72,59.97,254
A13520001,서울특별시,15,101019.57,71731.72,59.98,2
A13520001,서울특별시,15,101019.57,71731.72,84.83,9
A13520001,서울특별시,15,101019.57,71731.72,84.85,140
A13520001,서울특별시,15,101019.57,71731.72,84.89,20
A13520001,서울특별시,15,101019.57,71731.72,84.97,31
A13520001,서울특별시,15,101019.57,71731.72,84.99,106
A13520001,서울특별시,15,101019.57,71731.72,101.51,50
A13520002,서울특별시,26,136339.3,100993.18,49.94,231
A13520002,서울특별시,26,136339.3,100993.18,59.88,86
A13520002,서울특별시,26,136339.3,100993.18,59.93,157
A13520002,서울특별시,26,136339.3,100993.18,59.96,13
A13520002,서울특별시,26,136339.3,100993.18,59.97,132
A13520002,서울특별시,26,136339.3,100993.18,59.99,6
A13520002,서울특별시,26,136339.3,100993.18,84.83,18
A13520002,서울특별시,26,136339.3,100993.18,84.85,20
A13520002,서울특별시,26,136339.3,100993.18,84.89,134
A13520002,서울특별시,26,136339.3,100993.18,84.99,175
A13520002,서울특별시,26,136339.3,100993.18,101.18,37
A13520002,서울특별시,26,136339.3,100993.18,101.4,39
A13520002,서울특별시,26,136339.3,100993.18,101.51,48
A13520002,서울특별시,26,136339.3,100993.18,114.32,57
A13520002,서울특별시,26,136339.3,100993.18,114.46,151
A13520003,서울특별시,20,191300.23,99130.59,91.95,60
A13520003,서울특별시,20,191300.23,99130.59,91.96,419
A13520003,서울특별시,20,191300.23,99130.59,94.91,9
A13520003,서울특별시,20,191300.23,99130.59,101.54,12
A13520003,서울특별시,20,191300.23,99130.59,101.94,432
A13520003,서울특별시,20,191300.23,99130.59,101.95,88
A13520004,서울특별시,13,65634.55,31764.07,74.04,117
A13520004,서울특별시,13,65634.55,31764.07,74.44,89
A13520004,서울특별시,13,65634.55,31764.07,74.93,10
A13520004,서울특별시,13,65634.55,31764.07,84.29,115
A13520004,서울특별시,13,65634.55,31764.07,84.98,71
A10021563,서울특별시,5,17826.99,14170.369,84.9431,6
A10021563,서울특별시,5,17826.99,14170.369,84.9884,6
A10021563,서울특별시,5,17826.99,14170.369,84.9948,3
A10021563,서울특별시,5,17826.99,14170.369,84.9976,6
A10021563,서울특별시,5,17826.99,14170.369,84.9979,55
A10021563,서울특별시,5,17826.99,14170.369,176.8495,14
A10021563,서울특별시,5,17826.99,14170.369,203.8757,7
A10021563,서울특별시,5,17826.99,14170.369,213.918,1
A10021563,서울특별시,5,17826.99,14170.369,213.9738,7
A10021563,서울특별시,5,17826.99,14170.369,232.648,1
A10021563,서울특별시,5,17826.99,14170.369,232.83,1
A10021563,서울특별시,5,17826.99,14170.369,232.9557,7
A10024186,서울특별시,1,12228.32,9582.14,59.97,29
A10024186,서울특별시,1,12228.32,9582.14,84.91,17
A10024186,서울특별시,1,12228.32,9582.14,118.47,18
A10024186,서울특별시,1,12228.32,9582.14,118.53,36
A10024640,서울특별시,3,17559.53,14421.02,84.41,7
A10024640,서울특별시,3,17559.53,14421.02,84.97,33
A10024640,서울특별시,3,17559.53,14421.02,92.82,1
A10024640,서울특별시,3,17559.53,14421.02,100.74,1
A10024640,서울특별시,3,17559.53,14421.02,101.7,29
A10024640,서울특별시,3,17559.53,14421.02,102.26,15
A10024640,서울특별시,3,17559.53,14421.02,107.18,12
A10024640,서울특별시,3,17559.53,14421.02,112.5,10
A10024640,서울특별시,3,17559.53,14421.02,113.21,32
A10024640,서울특별시,3,17559.53,14421.02,157.75,2
A10025280,서울특별시,1,14796,11896.74,110.11,18
A10025280,서울특별시,1,14796,11896.74,110.13,18
A10025280,서울특별시,1,14796,11896.74,110.14,18
A10025280,서울특별시,1,14796,11896.74,110.18,36
A10025280,서울특별시,1,14796,11896.74,110.19,18
A10025755,서울특별시,1,13315.72,9003.64,84.94,106
A13510001,서울특별시,1,15138.6,11594.76,59.4,70
A13510001,서울특별시,1,15138.6,11594.76,84.3,20
A13510001,서울특별시,1,15138.6,11594.76,84.57,68
A13510002,서울특별시,1,15166.55,8044.17,35.905,160
A13510002,서울특별시,1,15166.55,8044.17,39.95,21
A13510002,서울특별시,1,15166.55,8044.17,71.81,4
A13510002,서울특별시,1,15166.55,8044.17,193.505,3
A13510002,서울특별시,1,15166.55,8044.17,197.555,3
A13510003,서울특별시,4,28533.48,24252.34,84.57,1
A13510003,서울특별시,4,28533.48,24252.34,105.52,13
A13510003,서울특별시,4,28533.48,24252.34,105.66,18
A13510003,서울특별시,4,28533.48,24252.34,120.89,24
A13510003,서울특별시,4,28533.48,24252.34,121.48,100
A13510003,서울특별시,4,28533.48,24252.34,137.9,26
A13510003,서울특별시,4,28533.48,24252.34,155.37,2
A13510003,서울특별시,4,28533.48,24252.34,156.57,6
A13510003,서울특별시,4,28533.48,24252.34,157.05,1
A13510003,서울특별시,4,28533.48,24252.34,157.2,2
A13510003,서울특별시,4,28533.48,24252.34,179,1
A13510003,서울특별시,4,28533.48,24252.34,179.38,2
A13510005,서울특별시,7,95504.125,92590.67,83.58,2
A13510005,서울특별시,7,95504.125,92590.67,104.31,105
A13510005,서울특별시,7,95504.125,92590.67,109.31,133
A13510005,서울특별시,7,95504.125,92590.67,126.46,3
A13510005,서울특별시,7,95504.125,92590.67,126.47,1
A13510005,서울특별시,7,95504.125,92590.67,137.13,1
A13510005,서울특별시,7,95504.125,92590.67,145.69,145
A13510005,서울특별시,7,95504.125,92590.67,170.01,60
A13510005,서울특별시,7,95504.125,92590.67,180.67,90
A13510005,서울특별시,7,95504.125,92590.67,207.82,90
A13510006,서울특별시,4,33443.99,27079.83,70.07,2
A13510006,서울특별시,4,33443.99,27079.83,81.84,150
A13510006,서울특별시,4,33443.99,27079.83,98.47,17
A13510006,서울특별시,4,33443.99,27079.83,113.57,34
A13510006,서울특별시,4,33443.99,27079.83,134.24,68
A13510007,서울특별시,5,63867.78,47130.2,49.593,91
A13510007,서울특별시,5,63867.78,47130.2,49.618,88
A13510007,서울특별시,5,63867.78,47130.2,49.619,91
A13510007,서울특별시,5,63867.78,47130.2,49.639,88
A13510007,서울특별시,5,63867.78,47130.2,50.316,30
A13510007,서울특별시,5,63867.78,47130.2,82.365,58
A13510007,서울특별시,5,63867.78,47130.2,82.952,58
A13510007,서울특별시,5,63867.78,47130.2,89.115,68
A13510007,서울특별시,5,63867.78,47130.2,89.356,68
A13510007,서울특별시,5,63867.78,47130.2,90.197,68
A13510009,서울특별시,1,23990.084,19505.4,110.2,177
A13510102,서울특별시,4,37368.953,27849.15,59.95,101
A13510102,서울특별시,4,37368.953,27849.15,85,76
A13510102,서울특별시,4,37368.953,27849.15,109.53,140
A13510103,서울특별시,8,45778.87,36461.91,59.93,75
A13510103,서울특별시,8,45778.87,36461.91,84.96,86
A13510103,서울특별시,8,45778.87,36461.91,107.22,230
A13510201,서울특별시,1,19384.65,14942.72,31.23,2
A13510201,서울특별시,1,19384.65,14942.72,35.46,1
A13510201,서울특별시,1,19384.65,14942.72,37.48,2
A13510201,서울특별시,1,19384.65,14942.72,42.24,3
A13510201,서울특별시,1,19384.65,14942.72,43.23,1
A13510201,서울특별시,1,19384.65,14942.72,43.68,2
A13510201,서울특별시,1,19384.65,14942.72,48.7,9
A13510201,서울특별시,1,19384.65,14942.72,49.68,2
A13510201,서울특별시,1,19384.65,14942.72,56.83,2
A13510201,서울특별시,1,19384.65,14942.72,57.78,32
A13510201,서울특별시,1,19384.65,14942.72,84.76,8
A13510201,서울특별시,1,19384.65,14942.72,84.88,30
A13510201,서울특별시,1,19384.65,14942.72,84.91,7
A13510201,서울특별시,1,19384.65,14942.72,84.97,8
A13510201,서울특별시,1,19384.65,14942.72,84.98,29
A13510201,서울특별시,1,19384.65,14942.72,99.01,15
A13510201,서울특별시,1,19384.65,14942.72,114.97,31
A13510202,서울특별시,2,18190,18150.88,84.76,50
A13510202,서울특별시,2,18190,18150.88,84.78,100
A13510202,서울특별시,2,18190,18150.88,84.92,64
A13510203,서울특별시,2,26625.44,20645.75,59.99,51
A13510203,서울특별시,2,26625.44,20645.75,84.86,18
A13510203,서울특별시,2,26625.44,20645.75,84.98,40
A13510203,서울특별시,2,26625.44,20645.75,114.83,90
A13510203,서울특별시,2,26625.44,20645.75,129.16,18
A10022851,서울특별시,8,94693.77,72784.5,84.6331,58
A10022851,서울특별시,8,94693.77,72784.5,84.6505,15
A10022851,서울특별시,8,94693.77,72784.5,84.6921,19
A10022851,서울특별시,8,94693.77,72784.5,84.7324,81
A10022851,서울특별시,8,94693.77,72784.5,84.8935,176
A10022851,서울특별시,8,94693.77,72784.5,84.8942,142
A10022851,서울특별시,8,94693.77,72784.5,84.918,19
A10022851,서울특별시,8,94693.77,72784.5,84.9399,20
A10022851,서울특별시,8,94693.77,72784.5,84.9687,16
A10022851,서울특별시,8,94693.77,72784.5,84.9888,16
A10022851,서울특별시,8,94693.77,72784.5,101.3957,82
A10022851,서울특별시,8,94693.77,72784.5,101.7074,93
A10022851,서울특별시,8,94693.77,72784.5,101.8406,72
A10024410,서울특별시,2,35337,16676.5,29.03,86
A10024410,서울특별시,2,35337,16676.5,39.1,74
A10024410,서울특별시,2,35337,16676.5,49.67,95
A10024410,서울특별시,2,35337,16676.5,59.17,111
A10024421,서울특별시,2,108617.71,51362.67,29.35,79
A10024421,서울특별시,2,108617.71,51362.67,29.37,63
A10024421,서울특별시,2,108617.71,51362.67,39.6,12
A10024421,서울특별시,2,108617.71,51362.67,39.61,104
A10024421,서울특별시,2,108617.71,51362.67,39.92,90
A10024421,서울특별시,2,108617.71,51362.67,49.25,41
A10024421,서울특별시,2,108617.71,51362.67,49.36,192
A10024421,서울특별시,2,108617.71,51362.67,49.86,38
A10024421,서울특별시,2,108617.71,51362.67,59.89,11
A10024421,서울특별시,2,108617.71,51362.67,59.92,132
A10024421,서울특별시,2,108617.71,51362.67,59.95,200
A10024421,서울특별시,2,108617.71,51362.67,74.79,15
A10024421,서울특별시,2,108617.71,51362.67,74.94,14
A10024421,서울특별시,2,108617.71,51362.67,84.85,22
A10024421,서울특별시,2,108617.71,51362.67,84.94,12
A10024422,서울특별시,15,129314.87,64216.88,29.94,138
A10024422,서울특별시,15,129314.87,64216.88,29.98,25
A10024422,서울특별시,15,129314.87,64216.88,39.89,45
A10024422,서울특별시,15,129314.87,64216.88,39.94,138
A10024422,서울특별시,15,129314.87,64216.88,49.86,343
A10024422,서울특별시,15,129314.87,64216.88,59.87,15
A10024422,서울특별시,15,129314.87,64216.88,59.97,458
A10024422,서울특별시,15,129314.87,64216.88,74.92,40
A10024422,서울특별시,15,129314.87,64216.88,84.9,42
A10024440,서울특별시,12,68967.18,47557.08,29.27,112
A10024440,서울특별시,12,68967.18,47557.08,39.41,194
A10024440,서울특별시,12,68967.18,47557.08,49.74,177
A10024440,서울특별시,12,68967.18,47557.08,49.8,77
A10024440,서울특별시,12,68967.18,47557.08,59.55,64
A10024440,서울특별시,12,68967.18,47557.08,59.97,278
A10024440,서울특별시,12,68967.18,47557.08,74.77,22
A10024440,서울특별시,12,68967.18,47557.08,84.86,22
A10024468,서울특별시,10,91063.71,61933.65,29.39,16
A10024468,서울특별시,10,91063.71,61933.65,29.44,150
A10024468,서울특별시,10,91063.71,61933.65,39.65,230
A10024468,서울특별시,10,91063.71,61933.65,49.82,345
A10024468,서울특별시,10,91063.71,61933.65,59.99,455
A10024468,서울특별시,10,91063.71,61933.65,74.63,20
A10024468,서울특별시,10,91063.71,61933.65,84.81,4
A10024468,서울특별시,10,91063.71,61933.65,84.88,19
A10027638,서울특별시,4,25113.26,10366.88,29.96,274
A10027638,서울특별시,4,25113.26,10366.88,29.97,72
A13410001,서울특별시,7,27639.812,20746.16,59.71,34
A13410001,서울특별시,7,27639.812,20746.16,59.87,92
A13410001,서울특별시,7,27639.812,20746.16,84.53,64
A13410001,서울특별시,7,27639.812,20746.16,84.74,70
A13410001,서울특별시,7,27639.812,20746.16,84.83,22
A13410002,서울특별시,9,38875.727,28121.54,49.86,18
A13410002,서울특별시,9,38875.727,28121.54,49.9,132
A13410002,서울특별시,9,38875.727,28121.54,59.71,20
A13410002,서울특별시,9,38875.727,28121.54,59.87,36
A13410002,서울특별시,9,38875.727,28121.54,84.53,46
A13410002,서울특별시,9,38875.727,28121.54,84.74,42
A13410002,서울특별시,9,38875.727,28121.54,84.83,116
A13410003,서울특별시,9,50744.215,39375.04,59.71,8
A13410003,서울특별시,9,50744.215,39375.04,59.87,38
A13410003,서울특별시,9,50744.215,39375.04,84.53,64
A13410003,서울특별시,9,50744.215,39375.04,84.67,20
A13410003,서울특별시,9,50744.215,39375.04,84.74,66
A13410003,서울특별시,9,50744.215,39375.04,84.83,144
A13410003,서울특별시,9,50744.215,39375.04,114.81,102
A13410004,서울특별시,10,47777.35,35282.68,39.64,26
A13410004,서울특별시,10,47777.35,35282.68,39.9,185
A13410004,서울특별시,10,47777.35,35282.68,59.71,12
A13410004,서울특별시,10,47777.35,35282.68,59.87,72
A13410004,서울특별시,10,47777.35,35282.68,84.53,112
A13410004,서울특별시,10,47777.35,35282.68,84.66,2
A13410004,서울특별시,10,47777.35,35282.68,84.74,98
A13410004,서울특별시,10,47777.35,35282.68,84.83,46
A13410005,서울특별시,12,54671.18,54671.18,49.82,2
A13410005,서울특별시,12,54671.18,54671.18,49.86,13
A13410005,서울특별시,12,54671.18,54671.18,49.87,30
A13410005,서울특별시,12,54671.18,54671.18,49.88,2
A13410005,서울특별시,12,54671.18,54671.18,49.9,39
A13410005,서울특별시,12,54671.18,54671.18,59.7,30
A13410005,서울특별시,12,54671.18,54671.18,59.71,14
A13410005,서울특별시,12,54671.18,54671.18,59.86,52
A13410005,서울특별시,12,54671.18,54671.18,59.87,84
A13410005,서울특별시,12,54671.18,54671.18,59.88,4
A13410005,서울특별시,12,54671.18,54671.18,59.92,52
A13410005,서울특별시,12,54671.18,54671.18,84.53,90
A13410005,서울특별시,12,54671.18,54671.18,84.59,2
A13410005,서울특별시,12,54671.18,54671.18,84.74,98
A13410005,서울특별시,12,54671.18,54671.18,84.83,24
A13410005,서울특별시,12,54671.18,54671.18,114.81,158
A13410006,서울특별시,10,67346.53,49047.02,49.82,4
A13410006,서울특별시,10,67346.53,49047.02,49.86,24
A13410006,서울특별시,10,67346.53,49047.02,49.87,90
A13410006,서울특별시,10,67346.53,49047.02,49.88,2
A13410006,서울특별시,10,67346.53,49047.02,49.9,274
A13410006,서울특별시,10,67346.53,49047.02,59.71,2
A13410006,서울특별시,10,67346.53,49047.02,59.87,22
A13410006,서울특별시,10,67346.53,49047.02,84.53,100
A13410006,서울특별시,10,67346.53,49047.02,84.59,2
A13410006,서울특별시,10,67346.53,49047.02,84.74,106
A13410006,서울특별시,10,67346.53,49047.02,84.83,122
A13410007,서울특별시,13,83887.4,63051.84,49.82,6
A13410007,서울특별시,13,83887.4,63051.84,49.86,35
A13410007,서울특별시,13,83887.4,63051.84,49.87,68
A13410007,서울특별시,13,83887.4,63051.84,49.88,8
A13410007,서울특별시,13,83887.4,63051.84,49.9,189
A13410007,서울특별시,13,83887.4,63051.84,59.7,13
A13410007,서울특별시,13,83887.4,63051.84,59.71,12
A13410007,서울특별시,13,83887.4,63051.84,59.86,22
A13410007,서울특별시,13,83887.4,63051.84,59.87,84
A13410007,서울특별시,13,83887.4,63051.84,59.88,2
A13410007,서울특별시,13,83887.4,63051.84,59.92,22
A13410007,서울특별시,13,83887.4,63051.84,84.53,52
A13410007,서울특별시,13,83887.4,63051.84,84.66,6
A13410007,서울특별시,13,83887.4,63051.84,84.74,52
A13410007,서울특별시,13,83887.4,63051.84,84.83,60
A13410007,서울특별시,13,83887.4,63051.84,114.81,210
A13410008,서울특별시,13,80037.516,58114.23,39.64,44
A13410008,서울특별시,13,80037.516,58114.23,39.77,4
A13410008,서울특별시,13,80037.516,58114.23,39.87,57
A13410008,서울특별시,13,80037.516,58114.23,39.9,261
A13410008,서울특별시,13,80037.516,58114.23,59.7,25
A13410008,서울특별시,13,80037.516,58114.23,59.71,18
A13410008,서울특별시,13,80037.516,58114.23,59.83,24
A13410008,서울특별시,13,80037.516,58114.23,59.86,22
A13410008,서울특별시,13,80037.516,58114.23,59.87,226
A13410008,서울특별시,13,80037.516,58114.23,59.88,28
A13410008,서울특별시,13,80037.516,58114.23,59.92,22
A13410008,서울특별시,13,80037.516,58114.23,84.53,96
A13410008,서울특별시,13,80037.516,58114.23,84.66,2
A13410008,서울특별시,13,80037.516,58114.23,84.74,94
A13410008,서울특별시,13,80037.516,58114.23,84.83,64
A13410009,서울특별시,9,61837.82,44691.94,49.82,8
A13410009,서울특별시,9,61837.82,44691.94,49.86,44
A13410009,서울특별시,9,61837.82,44691.94,49.87,76
A13410009,서울특별시,9,61837.82,44691.94,49.88,8
A13410009,서울특별시,9,61837.82,44691.94,49.9,236
A13410009,서울특별시,9,61837.82,44691.94,59.71,8
A13410009,서울특별시,9,61837.82,44691.94,59.87,134
A13410009,서울특별시,9,61837.82,44691.94,84.53,28
A13410009,서울특별시,9,61837.82,44691.94,84.74,28
A13410009,서울특별시,9,61837.82,44691.94,84.83,152
A13410010,서울특별시,11,55097.496,41058.34,39.64,52
A13410010,서울특별시,11,55097.496,41058.34,39.77,4
A13410010,서울특별시,11,55097.496,41058.34,39.87,22
A13410010,서울특별시,11,55097.496,41058.34,39.9,325
A13410010,서울특별시,11,55097.496,41058.34,59.7,12
A13410010,서울특별시,11,55097.496,41058.34,59.71,4
A13410010,서울특별시,11,55097.496,41058.34,59.83,24
A13410010,서울특별시,11,55097.496,41058.34,59.87,48
A13410010,서울특별시,11,55097.496,41058.34,59.88,24
A13410010,서울특별시,11,55097.496,41058.34,84.53,82
A13410010,서울특별시,11,55097.496,41058.34,84.74,82
A13410010,서울특별시,11,55097.496,41058.34,84.83,52
A13410011,서울특별시,11,46334,46910.37,49.92,82
A13410011,서울특별시,11,46334,46910.37,49.94,20
A13410011,서울특별시,11,46334,46910.37,49.95,4
A13410011,서울특별시,11,46334,46910.37,59.72,36
A13410011,서울특별시,11,46334,46910.37,59.83,37
A13410011,서울특별시,11,46334,46910.37,59.9,78
A13410011,서울특별시,11,46334,46910.37,59.94,78
A13410011,서울특별시,11,46334,46910.37,59.95,10
A13410011,서울특별시,11,46334,46910.37,59.98,9
A13410011,서울특별시,11,46334,46910.37,84.83,30
A13410011,서울특별시,11,46334,46910.37,84.87,98
A13410011,서울특별시,11,46334,46910.37,84.96,30
A13410011,서울특별시,11,46334,46910.37,84.98,30
A13410011,서울특별시,11,46334,46910.37,114.97,62
A13410011,서울특별시,11,46334,46910.37,114.98,32
A13410012,서울특별시,9,59909.67,44850.96,49.89,6
A13410012,서울특별시,9,59909.67,44850.96,49.92,60
A13410012,서울특별시,9,59909.67,44850.96,49.94,61
A13410012,서울특별시,9,59909.67,44850.96,49.95,10
A13410012,서울특별시,9,59909.67,44850.96,49.97,11
A13410012,서울특별시,9,59909.67,44850.96,59.72,24
A13410012,서울특별시,9,59909.67,44850.96,59.78,1
A13410012,서울특별시,9,59909.67,44850.96,59.83,62
A13410012,서울특별시,9,59909.67,44850.96,59.89,3
A13410012,서울특별시,9,59909.67,44850.96,59.9,26
A13410012,서울특별시,9,59909.67,44850.96,59.94,26
A13410012,서울특별시,9,59909.67,44850.96,59.95,4
A13410012,서울특별시,9,59909.67,44850.96,59.98,2
A13410012,서울특별시,9,59909.67,44850.96,84.83,60
A13410012,서울특별시,9,59909.67,44850.96,84.87,110
A13410012,서울특별시,9,59909.67,44850.96,84.98,60
A13410012,서울특별시,9,59909.67,44850.96,114.8,18
A13410012,서울특별시,9,59909.67,44850.96,114.92,18
A13410012,서울특별시,9,59909.67,44850.96,114.97,28
A13410012,서울특별시,9,59909.67,44850.96,114.98,15
A10022715,서울특별시,6,96384.5,69378.03,84.02,8
A10022715,서울특별시,6,96384.5,69378.03,84.03,100
A10022715,서울특별시,6,96384.5,69378.03,84.07,2
A10022715,서울특별시,6,96384.5,69378.03,84.1,114
A10022715,서울특별시,6,96384.5,69378.03,84.14,2
A10022715,서울특별시,6,96384.5,69378.03,84.15,219
A10022715,서울특별시,6,96384.5,69378.03,84.19,22
A10022715,서울특별시,6,96384.5,69378.03,84.23,10
A10022715,서울특별시,6,96384.5,69378.03,84.27,20
A10022715,서울특별시,6,96384.5,69378.03,84.28,7
A10022715,서울특별시,6,96384.5,69378.03,84.32,2
A10022715,서울특별시,6,96384.5,69378.03,84.45,2
A10022715,서울특별시,6,96384.5,69378.03,84.5,1
A10022715,서울특별시,6,96384.5,69378.03,84.64,12
A10022715,서울특별시,6,96384.5,69378.03,84.67,22
A10022715,서울특별시,6,96384.5,69378.03,84.72,3
A10022715,서울특별시,6,96384.5,69378.03,84.87,2
A10022715,서울특별시,6,96384.5,69378.03,84.91,3
A10022715,서울특별시,6,96384.5,69378.03,84.94,8
A10022715,서울특별시,6,96384.5,69378.03,84.95,2
A10022715,서울특별시,6,96384.5,69378.03,101.04,82
A10022715,서울특별시,6,96384.5,69378.03,101.05,37
A10022715,서울특별시,6,96384.5,69378.03,101.27,76
A10022715,서울특별시,6,96384.5,69378.03,101.3,24
A10024562,서울특별시,4,51129.97,36076.48,40.09,124
A10024562,서울특별시,4,51129.97,36076.48,40.92,26
A10024562,서울특별시,4,51129.97,36076.48,59.06,89
A10024562,서울특별시,4,51129.97,36076.48,59.09,115
A10024562,서울특별시,4,51129.97,36076.48,59.14,280
A10024562,서울특별시,4,51129.97,36076.48,59.16,17
A10024562,서울특별시,4,51129.97,36076.48,84.95,4
A10024562,서울특별시,4,51129.97,36076.48,84.99,1
A10025263,서울특별시,53,504198.94,367216.66,59.028,324
A10025263,서울특별시,53,504198.94,367216.66,59.052,177
A10025263,서울특별시,53,504198.94,367216.66,59.508,61
A10025263,서울특별시,53,504198.94,367216.66,59.785,1402
A10025263,서울특별시,53,504198.94,367216.66,73.566,249
A10025263,서울특별시,53,504198.94,367216.66,73.873,513
A10025263,서울특별시,53,504198.94,367216.66,84.046,381
A10025263,서울특별시,53,504198.94,367216.66,84.24,451
A10025263,서울특별시,53,504198.94,367216.66,84.244,955
A10025263,서울특별시,53,504198.94,367216.66,84.3,49
A10025263,서울특별시,53,504198.94,367216.66,97.784,112
A10025263,서울특별시,53,504198.94,367216.66,97.801,112
A10025263,서울특별시,53,504198.94,367216.66,113.192,33
A10025263,서울특별시,53,504198.94,367216.66,113.227,33
A10025263,서울특별시,53,504198.94,367216.66,113.398,33
A10025263,서울특별시,53,504198.94,367216.66,127.765,33
A10025263,서울특별시,53,504198.94,367216.66,133.013,3
A10025263,서울특별시,53,504198.94,367216.66,133.152,6
A10025263,서울특별시,53,504198.94,367216.66,143.26,1
A10025263,서울특별시,53,504198.94,367216.66,175.114,1
A10025263,서울특별시,53,504198.94,367216.66,175.299,2
A10025263,서울특별시,53,504198.94,367216.66,175.904,1
A10027207,서울특별시,51,396457.53,289807.75,59.23,192
A10027207,서울특별시,51,396457.53,289807.75,59.35,666
A10027207,서울특별시,51,396457.53,289807.75,59.92,24
A10027207,서울특별시,51,396457.53,289807.75,59.96,192
A10027207,서울특별시,51,396457.53,289807.75,72.02,96
A10027207,서울특별시,51,396457.53,289807.75,84.74,129
A10027207,서울특별시,51,396457.53,289807.75,84.83,386
A10027207,서울특별시,51,396457.53,289807.75,84.88,490
A10027207,서울특별시,51,396457.53,289807.75,84.9,612
A10027207,서울특별시,51,396457.53,289807.75,84.93,6
A10027207,서울특별시,51,396457.53,289807.75,84.94,386
A10027207,서울특별시,51,396457.53,289807.75,97,55
A10027207,서울특별시,51,396457.53,289807.75,97.26,317
A10027207,서울특별시,51,396457.53,289807.75,101.14,4
A10027207,서울특별시,51,396457.53,289807.75,109.81,64
A10027207,서울특별시,51,396457.53,289807.75,120.01,32
A10027207,서울특별시,51,396457.53,289807.75,141.64,4
A10027207,서울특별시,51,396457.53,289807.75,161.69,1
A10027207,서울특별시,51,396457.53,289807.75,161.93,1
A10027207,서울특별시,51,396457.53,289807.75,192.58,1
A13408003,서울특별시,14,145199.4,111032.41,59.99,264
A13408003,서울특별시,14,145199.4,111032.41,84.98,474
A13408003,서울특별시,14,145199.4,111032.41,114.98,170
A13408003,서울특별시,14,145199.4,111032.41,115.45,39
A13408003,서울특별시,14,145199.4,111032.41,145,39
A13408003,서울특별시,14,145199.4,111032.41,145.22,78
A13408003,서울특별시,14,145199.4,111032.41,177.99,78
A13480401,서울특별시,4,52625.66,32295.24,59.94,229
A13480401,서울특별시,4,52625.66,32295.24,60.78,1
A13480401,서울특별시,4,52625.66,32295.24,84.9,218
A13480403,서울특별시,8,81261.16,64111.76,50.2,82
A13480403,서울특별시,8,81261.16,64111.76,71.2,63
A13480403,서울특별시,8,81261.16,64111.76,78.3,106
A13480403,서울특별시,8,81261.16,64111.76,84.91,556
A10020684,서울특별시,1,9852.74,5736.02,17.01,48
A10020684,서울특별시,1,9852.74,5736.02,17.11,158
A10020684,서울특별시,1,9852.74,5736.02,31.68,16
A10020684,서울특별시,1,9852.74,5736.02,33.85,16
A10020684,서울특별시,1,9852.74,5736.02,36.49,32
A10020736,서울특별시,1,12757.52,7917.99,17.11,140
A10020736,서울특별시,1,12757.52,7917.99,32.95,19
A10020736,서울특별시,1,12757.52,7917.99,34.05,57
A10020736,서울특별시,1,12757.52,7917.99,36.49,81
A10020988,서울특별시,1,10710.65,7474.27,38.7,1
A10020988,서울특별시,1,10710.65,7474.27,42.3,12
A10020988,서울특별시,1,10710.65,7474.27,57.31,12
A10020988,서울특별시,1,10710.65,7474.27,58.79,2
A10020988,서울특별시,1,10710.65,7474.27,62.39,24
A10020988,서울특별시,1,10710.65,7474.27,69.56,1
A10020988,서울특별시,1,10710.65,7474.27,72.72,1
A10020988,서울특별시,1,10710.65,7474.27,74.51,8
A10020988,서울특별시,1,10710.65,7474.27,78.13,1
A10020988,서울특별시,1,10710.65,7474.27,81.33,8
A10020988,서울특별시,1,10710.65,7474.27,83.11,38
A10020989,서울특별시,1,12582.12,9512.7,60.1,9
A10020989,서울특별시,1,12582.12,9512.7,67.14,2
A10020989,서울특별시,1,12582.12,9512.7,72.41,108
A10020989,서울특별시,1,12582.12,9512.7,84.77,12
A10022001,서울특별시,1,10519.34,8391.89,74.34,2
A10022001,서울특별시,1,10519.34,8391.89,76.66,8
A10022001,서울특별시,1,10519.34,8391.89,76.72,8
A10022001,서울특별시,1,10519.34,8391.89,82.42,26
A10022001,서울특별시,1,10519.34,8391.89,83.94,15
A10022001,서울특별시,1,10519.34,8391.89,84.05,43
A10022525,서울특별시,8,112991.84,83485.4,45.795,108
A10022525,서울특별시,8,112991.84,83485.4,59.98,832
A10022525,서울특별시,8,112991.84,83485.4,74.974,187
A10022525,서울특별시,8,112991.84,83485.4,84.977,172
A10024932,서울특별시,6,33200.22,24544.3,51.65,37
A10024932,서울특별시,6,33200.22,24544.3,59.97,133
A10024932,서울특별시,6,33200.22,24544.3,59.99,80
A10024932,서울특별시,6,33200.22,24544.3,84.97,40
A10024932,서울특별시,6,33200.22,24544.3,84.99,76
A13470101,서울특별시,12,99728.91,91545.46,55.7,33
A13470101,서울특별시,12,99728.91,91545.46,56.16,33
A13470101,서울특별시,12,99728.91,91545.46,56.17,33
A13470101,서울특별시,12,99728.91,91545.46,56.53,3
A13470101,서울특별시,12,99728.91,91545.46,57.09,3
A13470101,서울특별시,12,99728.91,91545.46,57.1,3
A13470101,서울특별시,12,99728.91,91545.46,59.65,84
A13470101,서울특별시,12,99728.91,91545.46,62.91,176
A13470101,서울특별시,12,99728.91,91545.46,63.32,110
A13470101,서울특별시,12,99728.91,91545.46,63.35,16
A13470101,서울특별시,12,99728.91,91545.46,64.11,10
A13470101,서울특별시,12,99728.91,91545.46,72.3,44
A13470101,서울특별시,12,99728.91,91545.46,72.89,66
A13470101,서울특별시,12,99728.91,91545.46,73.36,4
A13470101,서울특별시,12,99728.91,91545.46,74.08,6
A13470101,서울특별시,12,99728.91,91545.46,79.57,72
A13470101,서울특별시,12,99728.91,91545.46,88.23,12
A13470101,서울특별시,12,99728.91,91545.46,95.87,72
A13470101,서울특별시,12,99728.91,91545.46,95.96,48
A13470101,서울특별시,12,99728.91,91545.46,96.63,22
A13470101,서울특별시,12,99728.91,91545.46,97.21,22
A13470101,서울특별시,12,99728.91,91545.46,97.22,22
A13470101,서울특별시,12,99728.91,91545.46,98.08,2
A13470101,서울특별시,12,99728.91,91545.46,98.81,2
A13470101,서울특별시,12,99728.91,91545.46,98.82,2
A13470101,서울특별시,12,99728.91,91545.46,130.385,12
A13470101,서울특별시,12,99728.91,91545.46,130.83,1
A13470101,서울특별시,12,99728.91,91545.46,130.84,54
A13470101,서울특별시,12,99728.91,91545.46,131.83,2
A13470101,서울특별시,12,99728.91,91545.46,131.9,3
A13470101,서울특별시,12,99728.91,91545.46,136.83,12
A13470101,서울특별시,12,99728.91,91545.46,137.7,48
A13470101,서울특별시,12,99728.91,91545.46,151.44,33
A13470101,서울특별시,12,99728.91,91545.46,151.47,22
A13470101,서울특별시,12,99728.91,91545.46,152.56,3
A13470101,서울특별시,12,99728.91,91545.46,152.63,2
A13470102,서울특별시,1,3441.12,3441.12,12.52,28
A13470102,서울특별시,1,3441.12,3441.12,14.32,68
A13470102,서울특별시,1,3441.12,3441.12,15.12,140
A13470103,서울특별시,1,13118.6,9904.85,59.94,67
A13470103,서울특별시,1,13118.6,9904.85,84.99,27
A13470103,서울특별시,1,13118.6,9904.85,105.71,34
A13470104,서울특별시,1,4946.871,2769.591,13.265,195
A13470104,서울특별시,1,4946.871,2769.591,15.243,12
A13480803,서울특별시,2,29805.6,19904.22,59.79,18
A13480803,서울특별시,2,29805.6,19904.22,59.85,18
A13480803,서울특별시,2,29805.6,19904.22,59.88,28
A13480803,서울특별시,2,29805.6,19904.22,59.94,18
A13480803,서울특별시,2,29805.6,19904.22,59.98,18
A13480803,서울특별시,2,29805.6,19904.22,84.63,20
A13480803,서울특별시,2,29805.6,19904.22,84.87,126
A13480803,서울특별시,2,29805.6,19904.22,84.96,18
A13481001,서울특별시,2,13216.77,13215.96,81.54,90
A13481001,서울특별시,2,13216.77,13215.96,81.63,72
A13481305,서울특별시,6,74433.055,59218.06,40.36,91
A13481305,서울특별시,6,74433.055,59218.06,57.1,198
A13481305,서울특별시,6,74433.055,59218.06,84.75,522
A13488104,서울특별시,12,80460.37,65599.08,84.17,10
A13488104,서울특별시,12,80460.37,65599.08,84.88,262
A13488104,서울특별시,12,80460.37,65599.08,126.43,249
A13488104,서울특별시,12,80460.37,65599.08,147.17,75
A10021122,서울특별시,85,1225530.1,899134.9,29.97,326
A10021122,서울특별시,85,1225530.1,899134.9,39.95,1644
A10021122,서울특별시,85,1225530.1,899134.9,39.98,80
A10021122,서울특별시,85,1225530.1,899134.9,49.95,1200
A10021122,서울특별시,85,1225530.1,899134.9,59.96,238
A10021122,서울특별시,85,1225530.1,899134.9,59.98,404
A10021122,서울특별시,85,1225530.1,899134.9,59.99,1238
A10021122,서울특별시,85,1225530.1,899134.9,84.98,898
A10021122,서울특별시,85,1225530.1,899134.9,84.99,3472
A10021122,서울특별시,85,1225530.1,899134.9,95.97,821
A10021122,서울특별시,85,1225530.1,899134.9,109.98,975
A10021122,서울특별시,85,1225530.1,899134.9,109.99,374
A10021122,서울특별시,85,1225530.1,899134.9,113.97,16
A10021122,서울특별시,85,1225530.1,899134.9,134.97,303
A10021122,서울특별시,85,1225530.1,899134.9,139.95,9
A10021122,서울특별시,85,1225530.1,899134.9,144.96,16
A10021122,서울특별시,85,1225530.1,899134.9,156.98,9
A10021122,서울특별시,85,1225530.1,899134.9,167.98,9
A10021603,서울특별시,2,14632.34,11977.92,67.24,7
A10021603,서울특별시,2,14632.34,11977.92,84.49,81
A10021603,서울특별시,2,14632.34,11977.92,96.03,1
A10021603,서울특별시,2,14632.34,11977.92,101.9,5
A10021603,서울특별시,2,14632.34,11977.92,106.79,38
A10021705,서울특별시,8,65739.17,53941.133,84.9756,26
A10021705,서울특별시,8,65739.17,53941.133,84.9818,26
A10021705,서울특별시,8,65739.17,53941.133,93.5441,126
A10021705,서울특별시,8,65739.17,53941.133,93.8499,126
A10021705,서울특별시,8,65739.17,53941.133,95.2435,246
A10021705,서울특별시,8,65739.17,53941.133,112.7589,22
A10023059,서울특별시,4,18130.08,13226.91,42.84,18
A10023059,서울특별시,4,18130.08,13226.91,52.47,18
A10023059,서울특별시,4,18130.08,13226.91,53.24,28
A10023059,서울특별시,4,18130.08,13226.91,59.86,10
A10023059,서울특별시,4,18130.08,13226.91,59.93,36
A10023059,서울특별시,4,18130.08,13226.91,59.96,9
A10023059,서울특별시,4,18130.08,13226.91,73.48,7
A10023059,서울특별시,4,18130.08,13226.91,73.9,2
A10023059,서울특별시,4,18130.08,13226.91,84.85,29
A10023059,서울특별시,4,18130.08,13226.91,84.88,26
A10023059,서울특별시,4,18130.08,13226.91,106.98,2
A10023059,서울특별시,4,18130.08,13226.91,112.94,1
A10023059,서울특별시,4,18130.08,13226.91,118.7,9
A13406002,서울특별시,2,17224.58,12632.4,59.63,64
A13406002,서울특별시,2,17224.58,12632.4,63.68,6
A13406002,서울특별시,2,17224.58,12632.4,84.34,100
A13406003,서울특별시,1,24629.49,17712.48,59.79,117
A13406003,서울특별시,1,24629.49,17712.48,84.54,82
A13406003,서울특별시,1,24629.49,17712.48,114.69,33
A13406005,서울특별시,4,34144.2,34144.2,83.4,174
A13406005,서울특별시,4,34144.2,34144.2,109.07,180
A13406201,서울특별시,2,19035.2,14050.2,59.19,40
A13406201,서울특별시,2,19035.2,14050.2,69.17,72
A13406201,서울특별시,2,19035.2,14050.2,79.79,84
A13406204,서울특별시,3,26046.5,26044.54,58.5,13
A13406204,서울특별시,3,26046.5,26044.54,58.75,5
A13406204,서울특별시,3,26046.5,26044.54,58.87,20
A13406204,서울특별시,3,26046.5,26044.54,59.4,111
A13406204,서울특별시,3,26046.5,26044.54,66.15,3
A13406204,서울특별시,3,26046.5,26044.54,66.96,47
A13406204,서울특별시,3,26046.5,26044.54,83.99,4
A13406204,서울특별시,3,26046.5,26044.54,84.16,17
A13406204,서울특별시,3,26046.5,26044.54,84.54,16
A13406204,서울특별시,3,26046.5,26044.54,84.63,16
A13406204,서울특별시,3,26046.5,26044.54,84.72,27
A13406204,서울특별시,3,26046.5,26044.54,84.93,52
A13406204,서울특별시,3,26046.5,26044.54,103.72,26
A13406205,서울특별시,2,47272.28,35078.48,59.78,233
A13406205,서울특별시,2,47272.28,35078.48,84.86,156
A13406205,서울특별시,2,47272.28,35078.48,109.73,48
A13406205,서울특별시,2,47272.28,35078.48,114.98,23
A13470502,서울특별시,3,30722.32,23575.44,59.88,72
A13470502,서울특별시,3,30722.32,23575.44,84.78,146
A13470502,서울특별시,3,30722.32,23575.44,114.72,40
A13470502,서울특별시,3,30722.32,23575.44,114.87,20
A13470503,서울특별시,10,87978.48,66944.96,59.98,179
A13470503,서울특별시,10,87978.48,66944.96,84.9,255
A13470503,서울특별시,10,87978.48,66944.96,84.91,43
A13470503,서울특별시,10,87978.48,66944.96,84.92,202
A13470503,서울특별시,10,87978.48,66944.96,113.67,121
A13470504,서울특별시,1,15349.488,11779.56,58.14,7
A13470504,서울특별시,1,15349.488,11779.56,69.3,81
A13470504,서울특별시,1,15349.488,11779.56,79.99,72
A13481802,서울특별시,2,26480.68,19698.32,58.3,14
A13481802,서울특별시,2,26480.68,19698.32,59.47,16
A13481802,서울특별시,2,26480.68,19698.32,59.49,32
A13481802,서울특별시,2,26480.68,19698.32,83.88,15
A13481802,서울특별시,2,26480.68,19698.32,84.94,113
A13481802,서울특별시,2,26480.68,19698.32,114.9,45
A10021408,서울특별시,1,10647.04,8666.56,83.02,18
A10021408,서울특별시,1,10647.04,8666.56,83.66,15
A10021408,서울특별시,1,10647.04,8666.56,84.43,46
A10021408,서울특별시,1,10647.04,8666.56,84.73,24
A10025415,서울특별시,13,167138.81,119768.6,49.62,63
A10025415,서울특별시,13,167138.81,119768.6,49.66,138
A10025415,서울특별시,13,167138.81,119768.6,49.68,106
A10025415,서울특별시,13,167138.81,119768.6,59.11,851
A10025415,서울특별시,13,167138.81,119768.6,59.25,116
A10025415,서울특별시,13,167138.81,119768.6,59.29,90
A10025415,서울특별시,13,167138.81,119768.6,59.32,79
A10025415,서울특별시,13,167138.81,119768.6,78.07,159
A10025415,서울특별시,13,167138.81,119768.6,78.84,93
A10025415,서울특별시,13,167138.81,119768.6,84.6,37
A10025415,서울특별시,13,167138.81,119768.6,84.63,103
A10025415,서울특별시,13,167138.81,119768.6,84.68,53
A10025415,서울특별시,13,167138.81,119768.6,103.56,3
A10025415,서울특별시,13,167138.81,119768.6,103.8,7
A10025415,서울특별시,13,167138.81,119768.6,103.86,1
A10025415,서울특별시,13,167138.81,119768.6,103.87,1
A10026002,서울특별시,1,14584.71,11837.715,84.644,75
A10026002,서울특별시,1,14584.71,11837.715,121.987,45
A13407002,서울특별시,10,84555.74,64102.16,57.01,66
A13407002,서울특별시,10,84555.74,64102.16,66.87,220
A13407002,서울특별시,10,84555.74,64102.16,71.2,96
A13407002,서울특별시,10,84555.74,64102.16,72.55,60
A13407002,서울특별시,10,84555.74,64102.16,82.45,140
A13407002,서울특별시,10,84555.74,64102.16,106.65,66
A13407002,서울특별시,10,84555.74,64102.16,117.76,60
A13407002,서울특별시,10,84555.74,64102.16,146.54,60
A13407104,서울특별시,18,221766.27,176252.97,42.93,270
A13407104,서울특별시,18,221766.27,176252.97,54.81,495
A13407104,서울특별시,18,221766.27,176252.97,66.87,663
A13407104,서울특별시,18,221766.27,176252.97,84.755,432
A13407104,서울특별시,18,221766.27,176252.97,84.76,120
A13407104,서울특별시,18,221766.27,176252.97,107.555,90
A13407104,서울특별시,18,221766.27,176252.97,107.56,270
A13407104,서울특별시,18,221766.27,176252.97,128.16,60
A13407201,서울특별시,1,18345.78,14833.98,66.87,36
A13407201,서울특별시,1,18345.78,14833.98,84.51,56
A13407201,서울특별시,1,18345.78,14833.98,128.235,60
A13407202,서울특별시,2,33375.42,25985.9,84.9,17
A13407202,서울특별시,2,33375.42,25985.9,84.92,217
A13407202,서울특별시,2,33375.42,25985.9,84.93,72
A13407204,서울특별시,7,75780,64434.9,81.07,120
A13407204,서울특별시,7,75780,64434.9,112.93,180
A13407204,서울특별시,7,75780,64434.9,127.33,270
A13478601,서울특별시,7,73154.4,61384.04,84.91,164
A13478601,서울특별시,7,73154.4,61384.04,131.83,360
A13482505,서울특별시,8,75543.79,64170.36,84.93,252
A13482505,서울특별시,8,75543.79,64170.36,133.65,320
A13482603,서울특별시,6,68770.914,57764.7,84.92,150
A13482603,서울특별시,6,68770.914,57764.7,106.64,120
A13482603,서울특별시,6,68770.914,57764.7,119.37,270
A13482706,서울특별시,14,141846,110221.2,83.21,180
A13482706,서울특별시,14,141846,110221.2,83.34,240
A13482706,서울특별시,14,141846,110221.2,83.52,720
A13482706,서울특별시,14,141846,110221.2,83.93,180
A13482801,서울특별시,2,20441.94,15260.46,57.09,140
A13482801,서울특별시,2,20441.94,15260.46,83.8,15
A13482801,서울특별시,2,20441.94,15260.46,84.66,71
A13483002,서울특별시,2,100104.81,57749.55,59.4,39
A13483002,서울특별시,2,100104.81,57749.55,59.79,271
A13483002,서울특별시,2,100104.81,57749.55,84.9,361
A13483002,서울특별시,2,100104.81,57749.55,84.96,101
A10020567,서울특별시,1,21209.1,18001.5,84.94,33
A10020567,서울특별시,1,21209.1,18001.5,84.95,9
A10020567,서울특별시,1,21209.1,18001.5,134.84,14
A10020567,서울특별시,1,21209.1,18001.5,139.77,1
A10020567,서울특별시,1,21209.1,18001.5,141.95,4
A10020567,서울특별시,1,21209.1,18001.5,146.78,4
A10020567,서울특별시,1,21209.1,18001.5,151.46,1
A10020567,서울특별시,1,21209.1,18001.5,152.12,14
A10020567,서울특별시,1,21209.1,18001.5,152.76,4
A10020567,서울특별시,1,21209.1,18001.5,155.97,1
A10020567,서울특별시,1,21209.1,18001.5,159.23,2
A10020567,서울특별시,1,21209.1,18001.5,159.41,2
A10020567,서울특별시,1,21209.1,18001.5,165.32,4
A10020567,서울특별시,1,21209.1,18001.5,167.66,1
A10020567,서울특별시,1,21209.1,18001.5,167.96,14
A10020567,서울특별시,1,21209.1,18001.5,170.76,4
A10020567,서울특별시,1,21209.1,18001.5,172.19,2
A10020567,서울특별시,1,21209.1,18001.5,172.97,2
A10020567,서울특별시,1,21209.1,18001.5,175.97,2
A10020567,서울특별시,1,21209.1,18001.5,177.84,1
A10020567,서울특별시,1,21209.1,18001.5,183.23,4
A10020567,서울특별시,1,21209.1,18001.5,187.37,1
A10020567,서울특별시,1,21209.1,18001.5,187.44,4
A10020567,서울특별시,1,21209.1,18001.5,196.73,2
A10020567,서울특별시,1,21209.1,18001.5,209.51,2
A10021433,서울특별시,3,11126.58,7633.72,59.97,38
A10021433,서울특별시,3,11126.58,7633.72,84.96,60
A10021433,서울특별시,3,11126.58,7633.72,128.63,2
A10022756,서울특별시,6,69691.53,52849.24,84.0505,35
A10022756,서울특별시,6,69691.53,52849.24,84.0536,12
A10022756,서울특별시,6,69691.53,52849.24,84.0593,1
A10022756,서울특별시,6,69691.53,52849.24,84.0754,8
A10022756,서울특별시,6,69691.53,52849.24,84.0835,108
A10022756,서울특별시,6,69691.53,52849.24,84.0941,5
A10022756,서울특별시,6,69691.53,52849.24,84.0964,84
A10022756,서울특별시,6,69691.53,52849.24,84.1277,22
A10022756,서울특별시,6,69691.53,52849.24,84.2087,30
A10022756,서울특별시,6,69691.53,52849.24,84.241,6
A10022756,서울특별시,6,69691.53,52849.24,84.2515,16
A10022756,서울특별시,6,69691.53,52849.24,84.2718,30
A10022756,서울특별시,6,69691.53,52849.24,84.2924,30
A10022756,서울특별시,6,69691.53,52849.24,84.358,4
A10022756,서울특별시,6,69691.53,52849.24,84.4162,11
A10022756,서울특별시,6,69691.53,52849.24,84.5069,7
A10022756,서울특별시,6,69691.53,52849.24,84.8514,10
A10022756,서울특별시,6,69691.53,52849.24,101.0327,36
A10022756,서울특별시,6,69691.53,52849.24,101.0459,48
A10022756,서울특별시,6,69691.53,52849.24,101.0532,36
A10022756,서울특별시,6,69691.53,52849.24,101.0619,32
A10022756,서울특별시,6,69691.53,52849.24,101.0797,6
A10022756,서울특별시,6,69691.53,52849.24,101.0804,16
A10023855,서울특별시,10,74827.234,33682.24,29.48,80
A10023855,서울특별시,10,74827.234,33682.24,39.81,172
A10023855,서울특별시,10,74827.234,33682.24,49.66,84
A10023855,서울특별시,10,74827.234,33682.24,59.49,8
A10023855,서울특별시,10,74827.234,33682.24,59.76,7
A10023855,서울특별시,10,74827.234,33682.24,59.91,324
A10024412,서울특별시,9,87618.24,37803.9,17.81,180
A10024412,서울특별시,9,87618.24,37803.9,29.84,162
A10024412,서울특별시,9,87618.24,37803.9,36.87,110
A10024412,서울특별시,9,87618.24,37803.9,39.82,80
A10024412,서울특별시,9,87618.24,37803.9,49.69,206
A10024412,서울특별시,9,87618.24,37803.9,59.78,7
A10024412,서울특별시,9,87618.24,37803.9,59.94,198
A10024420,서울특별시,3,43641.82,15531.94,17.73,6
A10024420,서울특별시,3,43641.82,15531.94,17.97,110
A10024420,서울특별시,3,43641.82,15531.94,17.98,184
A10024420,서울특별시,3,43641.82,15531.94,29.98,66
A10024420,서울특별시,3,43641.82,15531.94,29.99,54
A10024420,서울특별시,3,43641.82,15531.94,36.22,140
A10024420,서울특별시,3,43641.82,15531.94,36.79,40
A10024473,서울특별시,19,184641.64,139691.61,48.6765,52
A10024473,서울특별시,19,184641.64,139691.61,52.9662,52
A10024473,서울특별시,19,184641.64,139691.61,59.7084,165
A10024473,서울특별시,19,184641.64,139691.61,59.9398,311
A10024473,서울특별시,19,184641.64,139691.61,74.3069,96
A10024473,서울특별시,19,184641.64,139691.61,74.823,88
A10024473,서울특별시,19,184641.64,139691.61,84.445,424
A10024473,서울특별시,19,184641.64,139691.61,84.7398,138
A10024473,서울특별시,19,184641.64,139691.61,84.9712,384
A10024473,서울특별시,19,184641.64,139691.61,101.041,56
A10024473,서울특별시,19,184641.64,139691.61,101.9901,28
A10024473,서울특별시,19,184641.64,139691.61,118.4471,30
A10024798,서울특별시,9,16173,13891.17,84.97,45
A10024798,서울특별시,9,16173,13891.17,146.6,12
A10024798,서울특별시,9,16173,13891.17,161.78,12
A10024798,서울특별시,9,16173,13891.17,165.32,12
A10024798,서울특별시,9,16173,13891.17,170.91,8
A10024798,서울특별시,9,16173,13891.17,185.91,8
A10024798,서울특별시,9,16173,13891.17,191.07,8
A10025010,서울특별시,41,430315.97,320038.25,59.83,42
A10025010,서울특별시,41,430315.97,320038.25,59.96,139
A10025010,서울특별시,41,430315.97,320038.25,59.98,1039
A10025010,서울특별시,41,430315.97,320038.25,84.93,475
A10025010,서울특별시,41,430315.97,320038.25,84.94,299
A10025010,서울특별시,41,430315.97,320038.25,84.95,311
A10025010,서울특별시,41,430315.97,320038.25,84.97,1591
A10025010,서울특별시,41,430315.97,320038.25,114.86,170
A10025104,서울특별시,19,180114.78,131976.52,59.91,41
A10025104,서울특별시,19,180114.78,131976.52,59.97,425
A10025104,서울특별시,19,180114.78,131976.52,59.99,172
A10025104,서울특별시,19,180114.78,131976.52,74.88,154
A10025104,서울특별시,19,180114.78,131976.52,74.99,65
A10025104,서울특별시,19,180114.78,131976.52,84.91,535
A10025104,서울특별시,19,180114.78,131976.52,84.97,258
A10025104,서울특별시,19,180114.78,131976.52,102.85,86
A10025104,서울특별시,19,180114.78,131976.52,120.37,6
A10025104,서울특별시,19,180114.78,131976.52,130.79,3
A10025112,서울특별시,20,196965,148201.23,59.981,358
A10025112,서울특별시,20,196965,148201.23,59.984,103
A10025112,서울특별시,20,196965,148201.23,84.146,422
A10025112,서울특별시,20,196965,148201.23,84.923,918
A10025112,서울특별시,20,196965,148201.23,122.082,58
A10026403,서울특별시,13,71361.26,52861.07,59.87,19
A10026403,서울특별시,13,71361.26,52861.07,59.93,18
A10026403,서울특별시,13,71361.26,52861.07,59.97,221
A10026403,서울특별시,13,71361.26,52861.07,84.85,317
A10026403,서울특별시,13,71361.26,52861.07,84.97,70
A10026403,서울특별시,13,71361.26,52861.07,108.24,42
A13409001,서울특별시,1,17735.84,12968.58,59.25,110
A13409001,서울특별시,1,17735.84,12968.58,83.62,1
A13409001,서울특별시,1,17735.84,12968.58,84.78,19
A13409001,서울특별시,1,17735.84,12968.58,84.94,56
A13472701,서울특별시,41,219853.23,166321.17,49.92,206
A13472701,서울특별시,41,219853.23,166321.17,49.94,242
A13472701,서울특별시,41,219853.23,166321.17,49.95,42
A13472701,서울특별시,41,219853.23,166321.17,49.97,52
A13472701,서울특별시,41,219853.23,166321.17,59.72,115
A13472701,서울특별시,41,219853.23,166321.17,59.78,18
A13472701,서울특별시,41,219853.23,166321.17,59.83,115
A13472701,서울특별시,41,219853.23,166321.17,59.89,16
A13472701,서울특별시,41,219853.23,166321.17,59.9,190
A13472701,서울특별시,41,219853.23,166321.17,59.94,190
A13472701,서울특별시,41,219853.23,166321.17,59.95,28
A13472701,서울특별시,41,219853.23,166321.17,59.98,23
A13472701,서울특별시,41,219853.23,166321.17,84.83,256
A13472701,서울특별시,41,219853.23,166321.17,84.87,120
A13472701,서울특별시,41,219853.23,166321.17,84.96,120
A13472701,서울특별시,41,219853.23,166321.17,84.98,256
A13472701,서울특별시,41,219853.23,166321.17,114.8,39
A13472701,서울특별시,41,219853.23,166321.17,114.92,15
A13472701,서울특별시,41,219853.23,166321.17,114.97,160
A13472701,서울특별시,41,219853.23,166321.17,114.98,80
A13483803,서울특별시,5,38664.45,30557.86,52.74,26
A13483803,서울특별시,5,38664.45,30557.86,59.94,130
A13483803,서울특별시,5,38664.45,30557.86,84.23,254
A10020681,서울특별시,2,59294.527,25889.807,36.9919,37
A10020681,서울특별시,2,59294.527,25889.807,44.8835,38
A10020681,서울특별시,2,59294.527,25889.807,44.9889,25
A10020681,서울특별시,2,59294.527,25889.807,59.8256,56
A10020681,서울특별시,2,59294.527,25889.807,59.8964,27
A10020681,서울특별시,2,59294.527,25889.807,59.9759,68
A10020681,서울특별시,2,59294.527,25889.807,59.98,38
A10020681,서울특별시,2,59294.527,25889.807,84.9869,46
A10020681,서울특별시,2,59294.527,25889.807,84.9994,60
A10020681,서울특별시,2,59294.527,25889.807,104.4333,7
A10020681,서울특별시,2,59294.527,25889.807,108.8719,2
A10020681,서울특별시,2,59294.527,25889.807,113.3591,2
A10020681,서울특별시,2,59294.527,25889.807,180.9176,1
A10022572,서울특별시,1,19480.4,13575.976,84.7668,40
A10022572,서울특별시,1,19480.4,13575.976,84.8422,80
A10022572,서울특별시,1,19480.4,13575.976,84.9482,40
A10022996,서울특별시,2,35706,20170.8,16.09,600
A10022996,서울특별시,2,35706,20170.8,33.28,60
A10022996,서울특별시,2,35706,20170.8,35.37,120
A10022996,서울특별시,2,35706,20170.8,35.63,120
A10027354,서울특별시,5,50105.22,38644.9,59.55,190
A10027354,서울특별시,5,50105.22,38644.9,84.88,124
A10027354,서울특별시,5,50105.22,38644.9,84.92,86
A10027354,서울특별시,5,50105.22,38644.9,115.88,82
A13403001,서울특별시,2,22218.08,13446.17,84.79,92
A13403001,서울특별시,2,22218.08,13446.17,84.9,34
A13403001,서울특별시,2,22218.08,13446.17,91.89,6
A13403001,서울특별시,2,22218.08,13446.17,111.37,8
A13403001,서울특별시,2,22218.08,13446.17,119.69,11
A13403002,서울특별시,2,33433.98,24791.56,37.8,16
A13403002,서울특별시,2,33433.98,24791.56,59.93,164
A13403002,서울특별시,2,33433.98,24791.56,84.96,169
A13403101,서울특별시,10,129309.234,97618.2,59.88,510
A13403101,서울특별시,10,129309.234,97618.2,84.99,485
A13403101,서울특별시,10,129309.234,97618.2,114.93,225
A13484003,서울특별시,2,25852.93,18947.38,54.06,41
A13484003,서울특별시,2,25852.93,18947.38,59.36,128
A13484003,서울특별시,2,25852.93,18947.38,84.56,99
A13484003,서울특별시,2,25852.93,18947.38,84.6,9
A13484004,서울특별시,1,23327.07,11486.15,30.26,52
A13484004,서울특별시,1,23327.07,11486.15,33.71,221
A13484004,서울특별시,1,23327.07,11486.15,47.36,52
A13484102,서울특별시,2,27271.31,20201.11,59.24,9
A13484102,서울특별시,2,27271.31,20201.11,59.96,111
A13484102,서울특별시,2,27271.31,20201.11,84.69,75
A13484102,서울특별시,2,27271.31,20201.11,94.74,22
A13484102,서울특별시,2,27271.31,20201.11,112.68,2
A13484102,서울특별시,2,27271.31,20201.11,114.5,38
A13484201,서울특별시,3,23206.98,18852,76.57,2
A13484201,서울특별시,3,23206.98,18852,83.95,15
A13484201,서울특별시,3,23206.98,18852,84.18,35
A13484201,서울특별시,3,23206.98,18852,84.38,29
A13484201,서울특별시,3,23206.98,18852,84.49,72
A13484201,서울특별시,3,23206.98,18852,96.01,2
A13484201,서울특별시,3,23206.98,18852,109.37,1
A13484201,서울특별시,3,23206.98,18852,120.46,47
A13484501,서울특별시,2,21637.127,15901.75,59.87,89
A13484501,서울특별시,2,21637.127,15901.75,59.96,29
A13484501,서울특별시,2,21637.127,15901.75,84.94,86
A13484501,서울특별시,2,21637.127,15901.75,84.98,18
A10021259,서울특별시,1,10567.83,7625.88,59.34,57
A10021259,서울특별시,1,10567.83,7625.88,84.87,50
A10023046,서울특별시,1,10599.16,7940.12,52.94,8
A10023046,서울특별시,1,10599.16,7940.12,59.52,107
A10023046,서울특별시,1,10599.16,7940.12,104.36,11
A10025174,서울특별시,5,47479.754,35514.094,59.8917,71
A10025174,서울특별시,5,47479.754,35514.094,59.9958,72
A10025174,서울특별시,5,47479.754,35514.094,84.9628,48
A10025174,서울특별시,5,47479.754,35514.094,84.9921,97
A10025174,서울특별시,5,47479.754,35514.094,84.9979,172
A13405002,서울특별시,4,56280.05,43442.02,59.69,112
A13405002,서울특별시,4,56280.05,43442.02,59.94,38
A13405002,서울특별시,4,56280.05,43442.02,84.79,157
A13405002,서울특별시,4,56280.05,43442.02,84.88,20
A13405002,서울특별시,4,56280.05,43442.02,84.89,19
A13405002,서울특별시,4,56280.05,43442.02,84.93,24
A13405002,서울특별시,4,56280.05,43442.02,114.87,72
A13405002,서울특별시,4,56280.05,43442.02,157.24,48
A13405003,서울특별시,22,181847.08,140764.95,59.983,328
A13405003,서울특별시,22,181847.08,140764.95,84.949,230
A13405003,서울특별시,22,181847.08,140764.95,84.975,222
A13405003,서울특별시,22,181847.08,140764.95,84.988,462
A13405003,서울특별시,22,181847.08,140764.95,114.272,380
A13405201,서울특별시,16,287197.4,209681,58.68,264
A13405201,서울특별시,16,287197.4,209681,59.64,1139
A13405201,서울특별시,16,287197.4,209681,72.85,521
A13405201,서울특별시,16,287197.4,209681,82.94,434
A13405201,서울특별시,16,287197.4,209681,83.18,211
A13405201,서울특별시,16,287197.4,209681,83.67,168
A13405201,서울특별시,16,287197.4,209681,83.79,75
A13405201,서울특별시,16,287197.4,209681,114.42,126
A13471501,서울특별시,3,43237.79,33130.5,59.94,168
A13471501,서울특별시,3,43237.79,33130.5,71.91,54
A13471501,서울특별시,3,43237.79,33130.5,84.93,108
A13471501,서울특별시,3,43237.79,33130.5,115,87
A13485301,서울특별시,9,48126.42,48126.42,59.97,122
A13485301,서울특별시,9,48126.42,48126.42,84.98,346
A13485301,서울특별시,9,48126.42,48126.42,114.07,100
A13485302,서울특별시,40,397744.34,300048.28,59.99,654
A13485302,서울특별시,40,397744.34,300048.28,84.81,514
A13485302,서울특별시,40,397744.34,300048.28,84.98,554
A13485302,서울특별시,40,397744.34,300048.28,102.34,336
A13485302,서울특별시,40,397744.34,300048.28,103.01,132
A13485302,서울특별시,40,397744.34,300048.28,111.22,419
A13485302,서울특별시,40,397744.34,300048.28,112.11,398
A13485302,서울특별시,40,397744.34,300048.28,133.97,159
A13485302,서울특별시,40,397744.34,300048.28,160.63,60
A13485401,서울특별시,4,22466.11,18089.45,84.73,165
A13485401,서울특별시,4,22466.11,18089.45,105.82,26
A13485401,서울특별시,4,22466.11,18089.45,113.14,12
A10020603,서울특별시,1,11025.253,7905.44,25.96,14
A10020603,서울특별시,1,11025.253,7905.44,47,1
A10020603,서울특별시,1,11025.253,7905.44,59.96,125
A10021534,서울특별시,1,10420.44,7123.88,59.84,54
A10021534,서울특별시,1,10420.44,7123.88,84.62,46
A10022000,서울특별시,1,15686.29,12032.4,93.79,10
A10022000,서울특별시,1,15686.29,12032.4,94.36,30
A10022000,서울특별시,1,15686.29,12032.4,108.17,10
A10022000,서울특별시,1,15686.29,12032.4,119.7,60
A10023670,서울특별시,1,8626.33,4658.32,14.07,56
A10023670,서울특별시,1,8626.33,4658.32,14.1,8
A10023670,서울특별시,1,8626.33,4658.32,14.16,8
A10023670,서울특별시,1,8626.33,4658.32,19.12,1
A10023670,서울특별시,1,8626.33,4658.32,19.32,1
A10023670,서울특별시,1,8626.33,4658.32,19.67,100
A10023670,서울특별시,1,8626.33,4658.32,25.98,1
A10023670,서울특별시,1,8626.33,4658.32,32.72,36
A10023670,서울특별시,1,8626.33,4658.32,33.52,10
A10023670,서울특별시,1,8626.33,4658.32,49.87,1
A10023670,서울특별시,1,8626.33,4658.32,49.91,1
A10023695,서울특별시,2,19166.28,14611.85,52.5268,34
A10023695,서울특별시,2,19166.28,14611.85,59.9777,20
A10023695,서울특별시,2,19166.28,14611.85,84.9627,72
A10023695,서울특별시,2,19166.28,14611.85,84.9893,8
A10023695,서울특별시,2,19166.28,14611.85,84.9914,44
A10023695,서울특별시,2,19166.28,14611.85,108.9484,4
A10023695,서울특별시,2,19166.28,14611.85,108.9568,6
A10023979,서울특별시,1,5160.218,2419.5542,11.6953,14
A10023979,서울특별시,1,5160.218,2419.5542,13.2865,28
A10023979,서울특별시,1,5160.218,2419.5542,13.4433,126
A10023979,서울특별시,1,5160.218,2419.5542,13.5673,14
A10024134,서울특별시,2,17748.75,10621.25,84.97,125
A10026195,서울특별시,3,22138.16,12367.74,84.96,56
A10026195,서울특별시,3,22138.16,12367.74,84.99,56
A10026195,서울특별시,3,22138.16,12367.74,129.57,22
A10026852,서울특별시,3,114090.42,79936.56,59.98,231
A10026852,서울특별시,3,114090.42,79936.56,84.97,756
A10026852,서울특별시,3,114090.42,79936.56,151.84,6
A10026852,서울특별시,3,114090.42,79936.56,155.47,6
A10027948,서울특별시,2,31040.1,23243.5,94.61,80
A10027948,서울특별시,2,31040.1,23243.5,101.25,70
A10027948,서울특별시,2,31040.1,23243.5,107.34,80
A13402001,서울특별시,1,9700.2,5183.22,31.37,108
A13402001,서울특별시,1,9700.2,5183.22,31.65,6
A13402001,서울특별시,1,9700.2,5183.22,31.97,6
A13402001,서울특별시,1,9700.2,5183.22,33.81,18
A13402001,서울특별시,1,9700.2,5183.22,39.17,12
A13402001,서울특별시,1,9700.2,5183.22,55.82,6
A13402002,서울특별시,5,43828.31,34312.7,59.63,80
A13402002,서울특별시,5,43828.31,34312.7,84.88,183
A13402002,서울특별시,5,43828.31,34312.7,114.83,122
A13402003,서울특별시,2,24988.56,24988.56,114.63,104
A13402003,서울특별시,2,24988.56,24988.56,114.67,12
A13402003,서울특별시,2,24988.56,24988.56,130.13,40
A13402003,서울특별시,2,24988.56,24988.56,132.44,44
A13402003,서울특별시,2,24988.56,24988.56,164.61,4
A13402005,서울특별시,1,7879.46,8394.07,59.99,57
A13402005,서울특별시,1,7879.46,8394.07,84.51,38
A13402005,서울특별시,1,7879.46,8394.07,84.99,14
A13402005,서울특별시,1,7879.46,8394.07,114.68,5
A13402103,서울특별시,6,43856.46,33844.07,51.44,100
A13402103,서울특별시,6,43856.46,33844.07,64.53,171
A13402103,서울특별시,6,43856.46,33844.07,84.93,208
A13402202,서울특별시,2,17086.79,13829.32,78.35,1
A13402202,서울특별시,2,17086.79,13829.32,84.69,12
A13402202,서울특별시,2,17086.79,13829.32,84.95,85
A13402202,서울특별시,2,17086.79,13829.32,93.23,13
A13402202,서울특별시,2,17086.79,13829.32,93.95,1
A13402202,서울특별시,2,17086.79,13829.32,103.97,12
A13402202,서울특별시,2,17086.79,13829.32,113.86,26
A13402204,서울특별시,5,25587.62,19118.29,84.93,39
A13402204,서울특별시,5,25587.62,19118.29,84.97,106
A13402204,서울특별시,5,25587.62,19118.29,84.99,80
A13402304,서울특별시,1,16423.44,42961.34,32.76,264
A13402304,서울특별시,1,16423.44,42961.34,59.63,80
A13402304,서울특별시,1,16423.44,42961.34,84.88,183
A13402304,서울특별시,1,16423.44,42961.34,114.83,122
A13402305,서울특별시,3,33634.96,33634.96,59.86,140
A13402305,서울특별시,3,33634.96,33634.96,84.97,138
A13402305,서울특별시,3,33634.96,33634.96,114.65,118
A13472201,서울특별시,1,12247.939,8143.59,32.97,247
A13475001,서울특별시,1,19214.01,11626.2,29.25,64
A13475001,서울특별시,1,19214.01,11626.2,32.94,2
A13475001,서울특별시,1,19214.01,11626.2,36.27,2
A13475001,서울특별시,1,19214.01,11626.2,45.81,2
A13475001,서울특별시,1,19214.01,11626.2,49.14,3
A13475001,서울특별시,1,19214.01,11626.2,53.82,3
A13475001,서울특별시,1,19214.01,11626.2,57.33,44
A13475001,서울특별시,1,19214.01,11626.2,65.34,2
A13475001,서울특별시,1,19214.01,11626.2,67.86,2
A13475001,서울특별시,1,19214.01,11626.2,71.37,2
A13475001,서울특별시,1,19214.01,11626.2,72.54,1
A13475001,서울특별시,1,19214.01,11626.2,78.93,14
A13475001,서울특별시,1,19214.01,11626.2,84.24,14
A13475001,서울특별시,1,19214.01,11626.2,89.91,2
A13475001,서울특별시,1,19214.01,11626.2,95.94,1
A13475001,서울특별시,1,19214.01,11626.2,107.01,14
A13475001,서울특별시,1,19214.01,11626.2,109.98,1
A13475001,서울특별시,1,19214.01,11626.2,113.49,18
A13486102,서울특별시,1,10138.4,6421.579,27.61,231
A13486102,서울특별시,1,10138.4,6421.579,43.669,1
A13486401,서울특별시,2,12620.36,8976.3,44.1,48
A13486401,서울특별시,2,12620.36,8976.3,60.76,75
A13486401,서울특별시,2,12620.36,8976.3,68.68,16
A13486401,서울특별시,2,12620.36,8976.3,69.7,9
A13486401,서울특별시,2,12620.36,8976.3,72.04,8
A13486504,서울특별시,5,53797.387,39924.36,59.98,211
A13486504,서울특별시,5,53797.387,39924.36,82.59,3
A13486504,서울특별시,5,53797.387,39924.36,84.97,295
A13486504,서울특별시,5,53797.387,39924.36,114.98,17
A13486601,서울특별시,2,19145.418,14182.56,37.1,27
A13486601,서울특별시,2,19145.418,14182.56,46.9,27
A13486601,서울특별시,2,19145.418,14182.56,57.84,46
A13486601,서울특별시,2,19145.418,14182.56,58.08,39
A13486601,서울특별시,2,19145.418,14182.56,81.6,14
A13486601,서울특별시,2,19145.418,14182.56,82.08,58
A13486601,서울특별시,2,19145.418,14182.56,83.52,13
A13486701,서울특별시,1,15925.17,11792.85,59.55,7
A13486701,서울특별시,1,15925.17,11792.85,59.58,15
A13486701,서울특별시,1,15925.17,11792.85,59.8,45
A13486701,서울특별시,1,15925.17,11792.85,84.66,11
A13486701,서울특별시,1,15925.17,11792.85,84.97,47
A13486701,서울특별시,1,15925.17,11792.85,114.49,15
A13486701,서울특별시,1,15925.17,11792.85,114.91,10
A13486703,서울특별시,1,17424.55,12102.6,55.98,91
A13486703,서울특별시,1,17424.55,12102.6,84.3,59
A13486703,서울특별시,1,17424.55,12102.6,84.78,24
A13486705,서울특별시,1,23596.94,17067.99,59.85,117
A13486705,서울특별시,1,23596.94,17067.99,84.99,82
A13486705,서울특별시,1,23596.94,17067.99,114.68,27
A13487102,서울특별시,1,21712.05,14945.62,51.82,9
A13487102,서울특별시,1,21712.05,14945.62,59.9,80
A13487102,서울특별시,1,21712.05,14945.62,79.98,48
A13487102,서울특별시,1,21712.05,14945.62,83.55,3
A13487102,서울특별시,1,21712.05,14945.62,117.36,15
A13487102,서울특별시,1,21712.05,14945.62,119.04,15
A13487102,서울특별시,1,21712.05,14945.62,136.77,15
A10020346,서울특별시,4,70615.625,32664.223,39.9969,46
A10020346,서울특별시,4,70615.625,32664.223,53.985,136
A10020346,서울특별시,4,70615.625,32664.223,53.9875,21
A10020346,서울특별시,4,70615.625,32664.223,59.9877,68
A10020346,서울특별시,4,70615.625,32664.223,74.9676,50
A10020346,서울특별시,4,70615.625,32664.223,80.8489,104
A10020346,서울특별시,4,70615.625,32664.223,84.8655,48
A10020346,서울특별시,4,70615.625,32664.223,84.9706,24
A10021203,서울특별시,2,12115.26,8802.46,59.42,58
A10021203,서울특별시,2,12115.26,8802.46,59.78,6
A10021203,서울특별시,2,12115.26,8802.46,84.44,25
A10021203,서울특별시,2,12115.26,8802.46,84.85,15
A10021203,서울특별시,2,12115.26,8802.46,84.93,19
A10021213,서울특별시,1,9705.749,8310.47,59.415,22
A10021213,서울특별시,1,9705.749,8310.47,73.95,4
A10021213,서울특별시,1,9705.749,8310.47,84.9,68
A10021213,서울특별시,1,9705.749,8310.47,84.94,11
A10022183,서울특별시,1,11302.29,8713.39,59.27,43
A10022183,서울특별시,1,11302.29,8713.39,68.47,2
A10022183,서울특별시,1,11302.29,8713.39,83.72,72
A10023829,서울특별시,6,18572.363,13621.913,55.8048,4
A10023829,서울특별시,6,18572.363,13621.913,59.9812,52
A10023829,서울특별시,6,18572.363,13621.913,59.9894,74
A10023829,서울특별시,6,18572.363,13621.913,75.9625,40
A10023829,서울특별시,6,18572.363,13621.913,84.8178,7
A10023829,서울특별시,6,18572.363,13621.913,84.8921,7
A10023829,서울특별시,6,18572.363,13621.913,84.9085,6
A10023829,서울특별시,6,18572.363,13621.913,84.9643,13
A10024034,서울특별시,1,8768.874,5707.4023,18.6479,290
A10024034,서울특별시,1,8768.874,5707.4023,37.4389,8
A10025241,서울특별시,17,101702.66,78321.17,46.68,50
A10025241,서울특별시,17,101702.66,78321.17,49.48,50
A10025241,서울특별시,17,101702.66,78321.17,59.36,226
A10025241,서울특별시,17,101702.66,78321.17,59.74,24
A10025241,서울특별시,17,101702.66,78321.17,59.88,19
A10025241,서울특별시,17,101702.66,78321.17,84.36,21
A10025241,서울특별시,17,101702.66,78321.17,84.67,451
A10025241,서울특별시,17,101702.66,78321.17,84.86,45
A10025241,서울특별시,17,101702.66,78321.17,84.88,48
A10025241,서울특별시,17,101702.66,78321.17,99.93,76
A10025241,서울특별시,17,101702.66,78321.17,115.61,18
A10026947,서울특별시,11,59450.81,45906.27,39.69,13
A10026947,서울특별시,11,59450.81,45906.27,39.74,39
A10026947,서울특별시,11,59450.81,45906.27,43.45,26
A10026947,서울특별시,11,59450.81,45906.27,43.55,13
A10026947,서울특별시,11,59450.81,45906.27,59.64,13
A10026947,서울특별시,11,59450.81,45906.27,59.97,22
A10026947,서울특별시,11,59450.81,45906.27,59.98,24
A10026947,서울특별시,11,59450.81,45906.27,59.99,55
A10026947,서울특별시,11,59450.81,45906.27,84.97,4
A10026947,서울특별시,11,59450.81,45906.27,84.98,382
A10026947,서울특별시,11,59450.81,45906.27,104.53,24
A14210001,서울특별시,2,38503.676,16187.669,24.053,673
A14210002,서울특별시,20,146399.73,118311.734,59.758,214
A14210002,서울특별시,20,146399.73,118311.734,84.705,805
A14210002,서울특별시,20,146399.73,118311.734,114.88,325
A14272303,서울특별시,8,37144.473,37144.473,68.303,14
A14272303,서울특별시,8,37144.473,37144.473,84.552,237
A14272303,서울특별시,8,37144.473,37144.473,111.296,49
A14272303,서울특별시,8,37144.473,37144.473,116.912,16
A14272303,서울특별시,8,37144.473,37144.473,129.784,68
A14272304,서울특별시,47,415146.1,320650.44,59.98,1195
A14272304,서울특별시,47,415146.1,320650.44,84.71,292
A14272304,서울특별시,47,415146.1,320650.44,84.76,760
A14272304,서울특별시,47,415146.1,320650.44,84.86,292
A14272304,서울특별시,47,415146.1,320650.44,84.92,442
A14272304,서울특별시,47,415146.1,320650.44,114.85,849
A14272305,서울특별시,19,167526.84,130870.52,59.67,296
A14272305,서울특별시,19,167526.84,130870.52,60,280
A14272305,서울특별시,19,167526.84,130870.52,84.89,648
A14272305,서울특별시,19,167526.84,130870.52,114.68,361
A14272306,서울특별시,11,95655.94,73878.81,59.964,202
A14272306,서울특별시,11,95655.94,73878.81,84.873,461
A14272306,서울특별시,11,95655.94,73878.81,114.922,197
A14272307,서울특별시,3,25199.998,19614.21,84.91,231
A14272308,서울특별시,22,129205.37,98410.18,38.99,105
A14272308,서울특별시,22,129205.37,98410.18,42.2,123
A14272308,서울특별시,22,129205.37,98410.18,58.99,129
A14272308,서울특별시,22,129205.37,98410.18,59.33,120
A14272308,서울특별시,22,129205.37,98410.18,59.38,127
A14272308,서울특별시,22,129205.37,98410.18,84.15,96
A14272308,서울특별시,22,129205.37,98410.18,84.18,84
A14272308,서울특별시,22,129205.37,98410.18,84.29,354
A14272308,서울특별시,22,129205.37,98410.18,113.89,192
A14272309,서울특별시,24,127143.9,95086.28,39.93,68
A14272309,서울특별시,24,127143.9,95086.28,44.85,144
A14272309,서울특별시,24,127143.9,95086.28,59.6,306
A14272309,서울특별시,24,127143.9,95086.28,84.97,538
A14272309,서울특별시,24,127143.9,95086.28,114.98,191
A14272310,서울특별시,2,35848.4,16140.6,32.94,490
A14272311,서울특별시,7,69282.66,49086.63,32.79,1497
A14272313,서울특별시,5,34583.664,26707.48,37.059,60
A14272313,서울특별시,5,34583.664,26707.48,39.977,10
A14272313,서울특별시,5,34583.664,26707.48,59.762,25
A14272313,서울특별시,5,34583.664,26707.48,59.818,89
A14272313,서울특별시,5,34583.664,26707.48,74.628,30
A14272313,서울특별시,5,34583.664,26707.48,84.867,59
A14272313,서울특별시,5,34583.664,26707.48,84.965,60
A14272313,서울특별시,5,34583.664,26707.48,114.475,43
A14272314,서울특별시,24,137195.48,102343.75,39.69,26
A14272314,서울특별시,24,137195.48,102343.75,39.98,208
A14272314,서울특별시,24,137195.48,102343.75,59.54,114
A14272314,서울특별시,24,137195.48,102343.75,59.68,13
A14272314,서울특별시,24,137195.48,102343.75,59.82,77
A14272314,서울특별시,24,137195.48,102343.75,59.99,82
A14272314,서울특별시,24,137195.48,102343.75,84.92,40
A14272314,서울특별시,24,137195.48,102343.75,84.95,38
A14272314,서울특별시,24,137195.48,102343.75,84.97,320
A14272314,서울특별시,24,137195.48,102343.75,84.99,329
A14272314,서울특별시,24,137195.48,102343.75,114.88,123
A14277601,서울특별시,6,31213.1,23998.56,59.9,110
A14277601,서울특별시,6,31213.1,23998.56,84.58,168
A14277601,서울특별시,6,31213.1,23998.56,114.29,28
A14280502,서울특별시,8,46591.63,36746.49,59.96,192
A14280502,서울특별시,8,46591.63,36746.49,84.89,57
A14280502,서울특별시,8,46591.63,36746.49,84.92,53
A14280502,서울특별시,8,46591.63,36746.49,84.93,152
A14280502,서울특별시,8,46591.63,36746.49,114.82,26
A14281701,서울특별시,2,20948.43,14934,59.4,128
A14281701,서울특별시,2,20948.43,14934,71.99,11
A14281701,서울특별시,2,20948.43,14934,84.92,76
A14281701,서울특별시,2,20948.43,14934,84.99,1
A14282301,서울특별시,4,21792.36,16975.27,62.7103,27
A14282301,서울특별시,4,21792.36,16975.27,81.9853,30
A14282301,서울특별시,4,21792.36,16975.27,84.8712,15
A14282301,서울특별시,4,21792.36,16975.27,84.9134,109
A14282301,서울특별시,4,21792.36,16975.27,84.9351,15
A14282301,서울특별시,4,21792.36,16975.27,84.9898,12
A14206001,서울특별시,1,25036.68,16499.22,59.77,114
A14206001,서울특별시,1,25036.68,16499.22,84.96,114
A14206002,서울특별시,3,26929.54,20282.02,59.43,128
A14206002,서울특별시,3,26929.54,20282.02,59.9,23
A14206002,서울특별시,3,26929.54,20282.02,84.93,80
A14206002,서울특별시,3,26929.54,20282.02,84.96,53
A14206003,서울특별시,14,107672.42,79563.24,41.3,510
A14206003,서울특별시,14,107672.42,79563.24,49.94,480
A14206003,서울특별시,14,107672.42,79563.24,62.17,8
A14206003,서울특별시,14,107672.42,79563.24,71.89,92
A14206003,서울특별시,14,107672.42,79563.24,79.07,240
A14206003,서울특별시,14,107672.42,79563.24,84.41,100
A14206201,서울특별시,3,30530.25,23225.78,59.6283,28
A14206201,서울특별시,3,30530.25,23225.78,84.4405,19
A14206201,서울특별시,3,30530.25,23225.78,84.7848,101
A14206201,서울특별시,3,30530.25,23225.78,117.2775,79
A14206201,서울특별시,3,30530.25,23225.78,117.9794,18
A14206202,서울특별시,8,71937.9,55472.4,41.3,120
A14206202,서울특별시,8,71937.9,55472.4,44.89,120
A14206202,서울특별시,8,71937.9,55472.4,49.94,180
A14206202,서울특별시,8,71937.9,55472.4,59.22,120
A14206202,서울특별시,8,71937.9,55472.4,76.51,180
A14206202,서울특별시,8,71937.9,55472.4,84.79,180
A14206301,서울특별시,3,17901.36,14136.6,59.64,68
A14206301,서울특별시,3,17901.36,14136.6,84.86,65
A14206301,서울특별시,3,17901.36,14136.6,134.27,34
A14206302,서울특별시,2,19588.77,14484.76,58.65,38
A14206302,서울특별시,2,19588.77,14484.76,59.91,67
A14206302,서울특별시,2,19588.77,14484.76,84.97,97
A14206303,서울특별시,4,24723,19098,84.88,225
A14206305,서울특별시,2,24205.037,18114.56,59.94,158
A14206305,서울특별시,2,24205.037,18114.56,76.08,31
A14206305,서울특별시,2,24205.037,18114.56,84.94,74
A14206306,서울특별시,3,26312.05,20538.2,59.96,145
A14206306,서울특별시,3,26312.05,20538.2,84.6,140
A14206307,서울특별시,4,35286.32,26894.64,59.82,212
A14206307,서울특별시,4,35286.32,26894.64,84.6,168
A14206310,서울특별시,11,84456.445,57787.2,26.37,588
A14206310,서울특별시,11,84456.445,57787.2,31.32,540
A14206310,서울특별시,11,84456.445,57787.2,36.54,70
A14206310,서울특별시,11,84456.445,57787.2,37.08,28
A14206310,서울특별시,11,84456.445,57787.2,40.32,540
A14270301,서울특별시,3,32867.34,24817.951,84.9909,213
A14270301,서울특별시,3,32867.34,24817.951,84.9986,79
A14276311,서울특별시,9,74566.63,50953.97,10.1795,1
A14276311,서울특별시,9,74566.63,50953.97,16.99,56
A14276311,서울특별시,9,74566.63,50953.97,21.99,56
A14276311,서울특별시,9,74566.63,50953.97,26.37,294
A14276311,서울특별시,9,74566.63,50953.97,26.99,99
A14276311,서울특별시,9,74566.63,50953.97,31.32,450
A14276311,서울특별시,9,74566.63,50953.97,36.54,70
A14276311,서울특별시,9,74566.63,50953.97,37.08,28
A14276311,서울특별시,9,74566.63,50953.97,40.32,450
A14276311,서울특별시,9,74566.63,50953.97,44.68,56
A14286104,서울특별시,3,22098.87,22098.87,84.67,261
A14286108,서울특별시,5,46950.58,36325.46,59.94,60
A14286108,서울특별시,5,46950.58,36325.46,59.98,80
A14286108,서울특별시,5,46950.58,36325.46,84.93,212
A14286108,서울특별시,5,46950.58,36325.46,127.25,78
A14286203,서울특별시,8,55696.06,37490.4,26.37,294
A14286203,서울특별시,8,55696.06,37490.4,31.32,390
A14286203,서울특별시,8,55696.06,37490.4,36.54,35
A14286203,서울특별시,8,55696.06,37490.4,37.08,14
A14286203,서울특별시,8,55696.06,37490.4,40.32,390
A10021522,서울특별시,1,11926.2,7583.18,51.38,12
A10021522,서울특별시,1,11926.2,7583.18,59.67,39
A10021522,서울특별시,1,11926.2,7583.18,59.79,13
A10021522,서울특별시,1,11926.2,7583.18,81.59,1
A10021522,서울특별시,1,11926.2,7583.18,82.65,12
A10021522,서울특별시,1,11926.2,7583.18,84.51,33
A10021929,서울특별시,1,12417.47,12417.47,57.46,29
A10021929,서울특별시,1,12417.47,12417.47,59.99,15
A10021929,서울특별시,1,12417.47,12417.47,84.22,60
A10021929,서울특별시,1,12417.47,12417.47,114.24,42
A10023268,서울특별시,4,15612.58,10772.552,18.5019,2
A10023268,서울특별시,4,15612.58,10772.552,18.6585,1
A10023268,서울특별시,4,15612.58,10772.552,18.9021,1
A10023268,서울특별시,4,15612.58,10772.552,19.7295,6
A10023268,서울특별시,4,15612.58,10772.552,19.9815,44
A10023268,서울특별시,4,15612.58,10772.552,20.665,2
A10023268,서울특별시,4,15612.58,10772.552,20.774,9
A10023268,서울특별시,4,15612.58,10772.552,20.93,6
A10023268,서울특별시,4,15612.58,10772.552,23.3354,2
A10023268,서울특별시,4,15612.58,10772.552,23.8466,4
A10023268,서울특별시,4,15612.58,10772.552,24.335,4
A10023268,서울특별시,4,15612.58,10772.552,25.9755,2
A10023268,서울특별시,4,15612.58,10772.552,26.6863,9
A10023268,서울특별시,4,15612.58,10772.552,56.7067,2
A10023268,서울특별시,4,15612.58,10772.552,58.9672,1
A10023268,서울특별시,4,15612.58,10772.552,59.9879,24
A10023268,서울특별시,4,15612.58,10772.552,59.9906,20
A10023268,서울특별시,4,15612.58,10772.552,66.1059,1
A10023268,서울특별시,4,15612.58,10772.552,76.1473,2
A10023268,서울특별시,4,15612.58,10772.552,78.1719,74
A10023955,서울특별시,1,14368.86,11190.197,11.1013,12
A10023955,서울특별시,1,14368.86,11190.197,11.1019,8
A10023955,서울특별시,1,14368.86,11190.197,11.2511,59
A10023955,서울특별시,1,14368.86,11190.197,11.398,10
A10023955,서울특별시,1,14368.86,11190.197,14.8328,3
A10023955,서울특별시,1,14368.86,11190.197,15.0201,6
A10023955,서울특별시,1,14368.86,11190.197,15.5808,5
A10023955,서울특별시,1,14368.86,11190.197,15.6485,36
A10023955,서울특별시,1,14368.86,11190.197,16.1478,4
A10023955,서울특별시,1,14368.86,11190.197,16.4482,16
A10023955,서울특별시,1,14368.86,11190.197,16.5897,48
A10023955,서울특별시,1,14368.86,11190.197,16.7852,2
A10023955,서울특별시,1,14368.86,11190.197,16.8317,4
A10023955,서울특별시,1,14368.86,11190.197,17.0512,4
A10023955,서울특별시,1,14368.86,11190.197,17.3897,10
A10023955,서울특별시,1,14368.86,11190.197,17.4623,6
A10023955,서울특별시,1,14368.86,11190.197,17.5418,32
A10023955,서울특별시,1,14368.86,11190.197,17.5802,3
A10023955,서울특별시,1,14368.86,11190.197,17.6418,27
A10023955,서울특별시,1,14368.86,11190.197,17.9852,14
A10023955,서울특별시,1,14368.86,11190.197,18.1831,3
A10023955,서울특별시,1,14368.86,11190.197,18.3316,5
A10023955,서울특별시,1,14368.86,11190.197,18.5416,5
A10023955,서울특별시,1,14368.86,11190.197,18.5434,5
A10023955,서울특별시,1,14368.86,11190.197,18.5536,5
A10023955,서울특별시,1,14368.86,11190.197,19.3269,2
A10023955,서울특별시,1,14368.86,11190.197,19.7563,5
A10023955,서울특별시,1,14368.86,11190.197,20.5421,3
A10023955,서울특별시,1,14368.86,11190.197,20.5747,4
A10023955,서울특별시,1,14368.86,11190.197,20.8075,6
A10023955,서울특별시,1,14368.86,11190.197,20.827,20
A10023955,서울특별시,1,14368.86,11190.197,20.9864,12
A10023955,서울특별시,1,14368.86,11190.197,21.0281,24
A10023955,서울특별시,1,14368.86,11190.197,21.0458,27
A10023955,서울특별시,1,14368.86,11190.197,21.9946,32
A10023955,서울특별시,1,14368.86,11190.197,22.2815,3
A10023955,서울특별시,1,14368.86,11190.197,22.4869,21
A10023955,서울특별시,1,14368.86,11190.197,23.0496,3
A10023955,서울특별시,1,14368.86,11190.197,23.9113,7
A10023955,서울특별시,1,14368.86,11190.197,24.7853,1
A10023955,서울특별시,1,14368.86,11190.197,25.5084,1
A10023955,서울특별시,1,14368.86,11190.197,25.7109,1
A10023955,서울특별시,1,14368.86,11190.197,26.101,1
A10023955,서울특별시,1,14368.86,11190.197,27.9567,1
A10023955,서울특별시,1,14368.86,11190.197,28.3691,3
A10023955,서울특별시,1,14368.86,11190.197,29.1747,6
A10023955,서울특별시,1,14368.86,11190.197,31.9845,1
A10023955,서울특별시,1,14368.86,11190.197,33.3306,1
A10023955,서울특별시,1,14368.86,11190.197,42.8764,15
A10023955,서울특별시,1,14368.86,11190.197,48.6931,1
A10023955,서울특별시,1,14368.86,11190.197,51.9741,13
A10023955,서울특별시,1,14368.86,11190.197,52.1757,12
A14207201,서울특별시,1,13212.99,5896.8,32.76,180
A14207202,서울특별시,6,55276.99,42712.42,59.88,183
A14207202,서울특별시,6,55276.99,42712.42,84.993,194
A14207202,서울특별시,6,55276.99,42712.42,114.78,133
A14207203,서울특별시,13,167072.78,132753.02,63.78,452
A14207203,서울특별시,13,167072.78,132753.02,84.92,348
A14207203,서울특별시,13,167072.78,132753.02,84.95,154
A14207203,서울특별시,13,167072.78,132753.02,122.58,500
A14278101,서울특별시,7,65292.48,52779.82,71.3,63
A14278101,서울특별시,7,65292.48,52779.82,84.99,426
A14278101,서울특별시,7,65292.48,52779.82,93.14,1
A14278101,서울특별시,7,65292.48,52779.82,134.45,56
A14278101,서울특별시,7,65292.48,52779.82,159.28,28
A14209001,서울특별시,6,27050.31,20957.25,59.94,45
A14209001,서울특별시,6,27050.31,20957.25,84.93,215
A14287102,서울특별시,2,26453.16,21868.76,71.78,30
A14287102,서울특별시,2,26453.16,21868.76,84.98,232
A10021511,서울특별시,1,13344.425,10109.43,59.97,61
A10021511,서울특별시,1,13344.425,10109.43,84.87,38
A10021511,서울특별시,1,13344.425,10109.43,84.9,38
A10021562,서울특별시,1,15233.04,12227.76,84.9,117
A10021562,서울특별시,1,15233.04,12227.76,84.98,27
A10024367,서울특별시,2,11745.8,9305.06,59.97,38
A10024367,서울특별시,2,11745.8,9305.06,84.84,19
A10024367,서울특별시,2,11745.8,9305.06,84.99,38
A10024367,서울특별시,2,11745.8,9305.06,114.98,19
A10025616,서울특별시,2,11593.2,9037.25,59.96,15
A10025616,서울특별시,2,11593.2,9037.25,66.37,35
A10025616,서울특별시,2,11593.2,9037.25,83.07,70
A15720001,서울특별시,10,96609.52,73128.836,59.9382,157
A15720001,서울특별시,10,96609.52,73128.836,59.9882,27
A15720001,서울특별시,10,96609.52,73128.836,84.9903,241
A15720001,서울특별시,10,96609.52,73128.836,84.997,41
A15720001,서울특별시,10,96609.52,73128.836,98.9994,81
A15720001,서울특별시,10,96609.52,73128.836,102.9171,41
A15720001,서울특별시,10,96609.52,73128.836,124.4246,122
A15720001,서울특별시,10,96609.52,73128.836,127.1094,60
A15720001,서울특별시,10,96609.52,73128.836,154.32,20
A15720101,서울특별시,3,17707.607,14227.695,59.984,30
A15720101,서울특별시,3,17707.607,14227.695,65.125,3
A15720101,서울특별시,3,17707.607,14227.695,84.95,144
A15774708,서울특별시,10,83402.03,56820.51,26.37,1163
A15774708,서울특별시,10,83402.03,56820.51,31.32,835
A15780002,서울특별시,4,41891.04,34625.52,75.48,54
A15780002,서울특별시,4,41891.04,34625.52,84.85,180
A15780002,서울특별시,4,41891.04,34625.52,84.87,180
A15780401,서울특별시,9,60209.82,45931.92,59.76,342
A15780401,서울특별시,9,60209.82,45931.92,84.98,300
A15780602,서울특별시,4,25802.16,25802.16,59.22,36
A15780602,서울특별시,4,25802.16,25802.16,59.58,109
A15780602,서울특별시,4,25802.16,25802.16,59.85,36
A15780602,서울특별시,4,25802.16,25802.16,84.39,178
A15780603,서울특별시,10,103621.32,86621.4,101.97,180
A15780603,서울특별시,10,103621.32,86621.4,134.88,360
A15780603,서울특별시,10,103621.32,86621.4,164.25,120
A15780604,서울특별시,11,103088.7,84140.1,84.99,990
A15780605,서울특별시,10,97259.32,66801.32,34.44,387
A15780605,서울특별시,10,97259.32,66801.32,34.69,110
A15780605,서울특별시,10,97259.32,66801.32,39.6,623
A15780605,서울특별시,10,97259.32,66801.32,49.56,414
A15780605,서울특별시,10,97259.32,66801.32,49.65,90
A15780701,서울특별시,3,24879.783,19655.4,119.85,164
A15780703,서울특별시,6,83843.1,70956,131.4,540
A15780704,서울특별시,12,92155.22,63616.44,34.44,476
A15780704,서울특별시,12,92155.22,63616.44,39.6,630
A15780704,서울특별시,12,92155.22,63616.44,49.5,450
A15780705,서울특별시,12,84256.23,54833.88,24.84,1508
A15780705,서울특별시,12,84256.23,54833.88,30.24,230
A15780705,서울특별시,12,84256.23,54833.88,31.14,24
A15780705,서울특별시,12,84256.23,54833.88,41.16,235
A15780806,서울특별시,16,101602.06,66153.12,24.84,1799
A15780806,서울특별시,16,101602.06,66153.12,30.24,251
A15780806,서울특별시,16,101602.06,66153.12,31.14,94
A15780806,서울특별시,16,101602.06,66153.12,41.16,266
A15780904,서울특별시,9,65266.2,45520.2,34.44,330
A15780904,서울특별시,9,65266.2,45520.2,39.6,450
A15780904,서울특별시,9,65266.2,45520.2,49.5,330
A15780905,서울특별시,15,104811.48,72902.7,39.6,432
A15780905,서울특별시,15,104811.48,72902.7,49.5,594
A15780905,서울특별시,15,104811.48,72902.7,58.65,450
A15781002,서울특별시,6,53888.19,37396.8,34.44,285
A15781002,서울특별시,6,53888.19,37396.8,39.6,359
A15781002,서울특별시,6,53888.19,37396.8,49.5,270
A15781003,서울특별시,6,59860.44,41220,34.44,300
A15781003,서울특별시,6,59860.44,41220,39.6,405
A15781003,서울특별시,6,59860.44,41220,49.5,300
A10022156,서울특별시,3,9715.337,7001.2383,36.6756,13
A10022156,서울특별시,3,9715.337,7001.2383,48.3293,135
A10028020,서울특별시,2,8554.65,8542.35,59.9,2
A10028020,서울특별시,2,8554.65,8542.35,59.99,32
A10028020,서울특별시,2,8554.65,8542.35,83.94,8
A10028020,서울특별시,2,8554.65,8542.35,84.27,25
A10028020,서울특별시,2,8554.65,8542.35,84.65,44
A15781201,서울특별시,3,22127.36,17752.08,59.96,60
A15781201,서울특별시,3,22127.36,17752.08,77.26,2
A15781201,서울특별시,3,22127.36,17752.08,84.98,11
A15781201,서울특별시,3,22127.36,17752.08,84.99,112
A15781201,서울특별시,3,22127.36,17752.08,118.21,30
A10020618,서울특별시,2,48726.46,20765.27,19.96,270
A10020618,서울특별시,2,48726.46,20765.27,22.16,151
A10020618,서울특별시,2,48726.46,20765.27,32.94,4
A10020618,서울특별시,2,48726.46,20765.27,36.99,112
A10020618,서울특별시,2,48726.46,20765.27,39.89,1
A10020618,서울특별시,2,48726.46,20765.27,41.02,91
A10020618,서울특별시,2,48726.46,20765.27,43.97,48
A10020618,서울특별시,2,48726.46,20765.27,48,39
A10021698,서울특별시,7,12177.6,9725.75,84.53,95
A10021698,서울특별시,7,12177.6,9725.75,84.73,16
A10021698,서울특별시,7,12177.6,9725.75,84.93,4
A15728002,서울특별시,6,33359.242,25558.61,49.83,25
A15728002,서울특별시,6,33359.242,25558.61,49.93,62
A15728002,서울특별시,6,33359.242,25558.61,49.97,150
A15728002,서울특별시,6,33359.242,25558.61,84.53,38
A15728002,서울특별시,6,33359.242,25558.61,84.68,58
A15728002,서울특별시,6,33359.242,25558.61,84.82,66
A15728003,서울특별시,8,56411.695,43878.56,84.53,239
A15728003,서울특별시,8,56411.695,43878.56,84.75,35
A15728003,서울특별시,8,56411.695,43878.56,84.76,103
A15728003,서울특별시,8,56411.695,43878.56,84.96,141
A15728004,서울특별시,9,59793.26,46505.2,59.76,74
A15728004,서울특별시,9,59793.26,46505.2,59.84,112
A15728004,서울특별시,9,59793.26,46505.2,59.87,86
A15728004,서울특별시,9,59793.26,46505.2,84.53,108
A15728004,서울특별시,9,59793.26,46505.2,84.68,109
A15728004,서울특별시,9,59793.26,46505.2,84.75,30
A15728004,서울특별시,9,59793.26,46505.2,84.82,110
A15728005,서울특별시,10,40735.1,40735.1,49.83,39
A15728005,서울특별시,10,40735.1,40735.1,49.93,85
A15728005,서울특별시,10,40735.1,40735.1,49.97,271
A15728005,서울특별시,10,40735.1,40735.1,84.53,57
A15728005,서울특별시,10,40735.1,40735.1,84.68,93
A15728005,서울특별시,10,40735.1,40735.1,84.82,98
A15728006,서울특별시,14,82576.72,61143.58,59.76,85
A15728006,서울특별시,14,82576.72,61143.58,59.84,501
A15728006,서울특별시,14,82576.72,61143.58,59.87,86
A15728006,서울특별시,14,82576.72,61143.58,84.53,80
A15728006,서울특별시,14,82576.72,61143.58,84.76,77
A15728006,서울특별시,14,82576.72,61143.58,84.96,90
A15728007,서울특별시,19,71367.76,51875.56,49.83,26
A15728007,서울특별시,19,71367.76,51875.56,49.93,195
A15728007,서울특별시,19,71367.76,51875.56,49.97,269
A15728007,서울특별시,19,71367.76,51875.56,59.76,107
A15728007,서울특별시,19,71367.76,51875.56,59.84,233
A15728007,서울특별시,19,71367.76,51875.56,59.87,118
A15728008,서울특별시,16,108116.89,82603,39.73,217
A15728008,서울특별시,16,108116.89,82603,39.8,376
A15728008,서울특별시,16,108116.89,82603,39.92,248
A15728008,서울특별시,16,108116.89,82603,84.53,183
A15728008,서울특별시,16,108116.89,82603,84.68,165
A15728008,서울특별시,16,108116.89,82603,84.75,40
A15728008,서울특별시,16,108116.89,82603,84.82,192
A15728009,서울특별시,40,247708.94,190886.55,59.98,515
A15728009,서울특별시,40,247708.94,190886.55,84.98,1077
A15728009,서울특별시,40,247708.94,190886.55,101.87,334
A15728009,서울특별시,40,247708.94,190886.55,126.65,272
A15728010,서울특별시,3,16350.412,13063.776,59.893,27
A15728010,서울특별시,3,16350.412,13063.776,84.708,115
A15728010,서울특별시,3,16350.412,13063.776,113.683,15
A15728013,서울특별시,1,11577.28,9087.696,55.363,2
A15728013,서울특별시,1,11577.28,9087.696,84.489,20
A15728013,서울특별시,1,11577.28,9087.696,84.512,37
A15728013,서울특별시,1,11577.28,9087.696,84.617,13
A15728013,서울특별시,1,11577.28,9087.696,95.549,15
A15728013,서울특별시,1,11577.28,9087.696,108.466,15
A15779704,서울특별시,2,15380.83,15380.83,71.513,73
A15779704,서울특별시,2,15380.83,15380.83,75.497,13
A15779704,서울특별시,2,15380.83,15380.83,84.99,108
A15782501,서울특별시,3,17555.61,13883.433,59.602,20
A15782501,서울특별시,3,17555.61,13883.433,84.8945,111
A15782501,서울특별시,3,17555.61,13883.433,112.6932,29
A10021139,서울특별시,1,1975190,10935.75,59.79,55
A10021139,서울특별시,1,1975190,10935.75,84.97,90
A10022233,서울특별시,1,602075.1,7714.15,58.93,28
A10022233,서울특별시,1,602075.1,7714.15,83.07,73
A10022348,서울특별시,1,11206.73,9040.03,59.95,37
A10022348,서울특별시,1,11206.73,9040.03,84.96,38
A10022348,서울특별시,1,11206.73,9040.03,119.78,30
A10023075,서울특별시,4,16556.514,9233.526,59.6202,66
A10023075,서울특별시,4,16556.514,9233.526,74.0328,44
A10023075,서울특별시,4,16556.514,9233.526,77.3304,22
A10023075,서울특별시,4,16556.514,9233.526,84.9702,4
A10023543,서울특별시,4,17271.08,13350.49,31.17,19
A10023543,서울특별시,4,17271.08,13350.49,50.09,38
A10023543,서울특별시,4,17271.08,13350.49,59.98,106
A10023543,서울특별시,4,17271.08,13350.49,64.46,18
A10023543,서울특별시,4,17271.08,13350.49,84.74,38
A10023543,서울특별시,4,17271.08,13350.49,116.56,1
A10023934,서울특별시,1,9993.07,4524.96,15.33,192
A10023934,서울특별시,1,9993.07,4524.96,15.93,18
A10023934,서울특별시,1,9993.07,4524.96,30.79,18
A10023934,서울특별시,1,9993.07,4524.96,30.86,24
A10024768,서울특별시,1,9333.18,4323.26,15.01,38
A10024768,서울특별시,1,9333.18,4323.26,15.17,228
A10024768,서울특별시,1,9333.18,4323.26,15.48,19
A15703001,서울특별시,3,19161.193,15141.26,59.95,74
A15703001,서울특별시,3,19161.193,15141.26,84.96,126
A15703002,서울특별시,3,20245.42,20245.42,59.78,18
A15703002,서울특별시,3,20245.42,20245.42,59.94,57
A15703002,서울특별시,3,20245.42,20245.42,84.95,111
A15703002,서울특별시,3,20245.42,20245.42,114.97,55
A15703004,서울특별시,7,75318.99,57415.68,80.64,712
A15703005,서울특별시,4,20602.975,16743.89,59.93,12
A15703005,서울특별시,4,20602.975,16743.89,59.96,12
A15703005,서울특별시,4,20602.975,16743.89,80.93,82
A15703005,서울특별시,4,20602.975,16743.89,84.99,45
A15703005,서울특별시,4,20602.975,16743.89,92.98,15
A15703005,서울특별시,4,20602.975,16743.89,114.99,30
A15703204,서울특별시,29,228718.31,183329.73,84.7556,271
A15703204,서울특별시,29,228718.31,183329.73,84.9766,19
A15703204,서울특별시,29,228718.31,183329.73,84.9958,615
A15703204,서울특별시,29,228718.31,183329.73,119.9031,137
A15703204,서울특별시,29,228718.31,183329.73,134.8836,228
A15703204,서울특별시,29,228718.31,183329.73,134.9883,150
A15703204,서울특별시,29,228718.31,183329.73,165.8299,227
A15703204,서울특별시,29,228718.31,183329.73,233.695,6
A15703301,서울특별시,5,25288.016,18623.25,41.85,445
A15703302,서울특별시,6,68147.805,55640.9,101.88,228
A15703302,서울특별시,6,68147.805,55640.9,134.94,129
A15703302,서울특별시,6,68147.805,55640.9,150.05,100
A15703303,서울특별시,8,51532.8,41460.48,84.96,488
A15703304,서울특별시,6,29124.9,21347.97,41.16,30
A15703304,서울특별시,6,29124.9,21347.97,41.66,1
A15703304,서울특별시,6,29124.9,21347.97,41.85,445
A15703304,서울특별시,6,29124.9,21347.97,49.94,29
A15703306,서울특별시,5,41510.15,29857.21,37.67,149
A15703306,서울특별시,5,41510.15,29857.21,58.14,417
A15703307,서울특별시,8,92758.664,74141.08,89.975,296
A15703307,서울특별시,8,92758.664,74141.08,123.72,384
A15703308,서울특별시,9,76127.78,55426.58,37.67,178
A15703308,서울특별시,9,76127.78,55426.58,58.14,838
A15703309,서울특별시,9,77087.75,55884.44,37.67,238
A15703309,서울특별시,9,77087.75,55884.44,58.14,807
A15703313,서울특별시,10,68741.01,46304.64,26.37,1222
A15703313,서울특별시,10,68741.01,46304.64,31.5,447
A15703318,서울특별시,6,33520.95,18869.67,51.84,258
A15703318,서울특별시,6,33520.95,18869.67,59.31,2
A15703318,서울특별시,6,33520.95,18869.67,59.73,87
A15703318,서울특별시,6,33520.95,18869.67,59.94,3
A15772901,서울특별시,1,12494.86,8814.08,47.38,8
A15772901,서울특별시,1,12494.86,8814.08,65.46,8
A15772901,서울특별시,1,12494.86,8814.08,66.9,96
A15772901,서울특별시,1,12494.86,8814.08,67.68,22
A15772902,서울특별시,1,13128.32,9267.83,77.43,7
A15772902,서울특별시,1,13128.32,9267.83,83.17,14
A15772902,서울특별시,1,13128.32,9267.83,84.96,89
A15776414,서울특별시,9,64498.1,43745.4,26.37,1128
A15776414,서울특별시,9,64498.1,43745.4,31.32,447
A15776617,서울특별시,4,34120.02,23018.23,37.5,143
A15776617,서울특별시,4,34120.02,23018.23,37.67,149
A15776617,서울특별시,4,34120.02,23018.23,42.9,177
A15776617,서울특별시,4,34120.02,23018.23,49.44,90
A15776715,서울특별시,6,46408.94,31376.7,26.37,906
A15776715,서울특별시,6,46408.94,31376.7,31.32,239
A15776916,서울특별시,7,62108.98,43128.9,26.37,430
A15776916,서울특별시,7,62108.98,43128.9,31.32,1015
A15783701,서울특별시,3,18481.43,13843.79,59.34,51
A15783701,서울특별시,3,18481.43,13843.79,71.01,17
A15783701,서울특별시,3,18481.43,13843.79,84.91,66
A15783701,서울특별시,3,18481.43,13843.79,117.83,34
A15783703,서울특별시,4,27561.48,20952.32,75.64,32
A15783703,서울특별시,4,27561.48,20952.32,84.96,94
A15783703,서울특별시,4,27561.48,20952.32,96.73,32
A15783703,서울특별시,4,27561.48,20952.32,116.41,64
A15783806,서울특별시,3,31105.01,23033.43,59.91,169
A15783806,서울특별시,3,31105.01,23033.43,84.78,108
A15783806,서울특별시,3,31105.01,23033.43,93.81,40
A15783902,서울특별시,3,19157.488,14905.04,59.97,84
A15783902,서울특별시,3,19157.488,14905.04,84.98,62
A15783902,서울특별시,3,19157.488,14905.04,114.97,40
A15783905,서울특별시,3,24104.66,18249.92,59.69,34
A15783905,서울특별시,3,24104.66,18249.92,59.73,64
A15783905,서울특별시,3,24104.66,18249.92,82.29,4
A15783905,서울특별시,3,24104.66,18249.92,84.99,142
A15783907,서울특별시,5,36982.19,25629.21,59.37,70
A15783907,서울특별시,5,36982.19,25629.21,59.73,38
A15783907,서울특별시,5,36982.19,25629.21,59.85,16
A15783907,서울특별시,5,36982.19,25629.21,79.56,2
A15783907,서울특별시,5,36982.19,25629.21,81.75,3
A15783907,서울특별시,5,36982.19,25629.21,84.96,210
A15784003,서울특별시,1,18605.4,14238.81,59.95,34
A15784003,서울특별시,1,18605.4,14238.81,59.99,45
A15784003,서울특별시,1,18605.4,14238.81,84.83,112
A15784008,서울특별시,6,39484.28,30790.31,59.67,208
A15784008,서울특별시,6,39484.28,30790.31,59.96,19
A15784008,서울특별시,6,39484.28,30790.31,84.87,18
A15784008,서울특별시,6,39484.28,30790.31,84.93,185
A15784201,서울특별시,1,18545.453,14381.66,84.47,17
A15784201,서울특별시,1,18545.453,14381.66,84.55,17
A15784201,서울특별시,1,18545.453,14381.66,84.62,136
A15784402,서울특별시,3,22732.53,17447.79,59.94,96
A15784402,서울특별시,3,22732.53,17447.79,84.81,95
A15784402,서울특별시,3,22732.53,17447.79,121.22,30
A10021574,서울특별시,1,16442.2,11833.1,84.29,90
A10021574,서울특별시,1,16442.2,11833.1,84.83,10
A10021574,서울특별시,1,16442.2,11833.1,84.9,10
A10021574,서울특별시,1,16442.2,11833.1,84.99,30
A10024426,서울특별시,19,217527,99425.77,49.53,512
A10024426,서울특별시,19,217527,99425.77,59.82,47
A10024426,서울특별시,19,217527,99425.77,59.86,383
A10024426,서울특별시,19,217527,99425.77,59.89,47
A10024426,서울특별시,19,217527,99425.77,59.94,11
A10024426,서울특별시,19,217527,99425.77,84.54,27
A10024426,서울특별시,19,217527,99425.77,84.65,214
A10024426,서울특별시,19,217527,99425.77,84.85,86
A10024426,서울특별시,19,217527,99425.77,84.89,25
A10024426,서울특별시,19,217527,99425.77,84.91,28
A10024426,서울특별시,19,217527,99425.77,84.96,72
A10024426,서울특별시,19,217527,99425.77,84.97,77
A10026879,서울특별시,22,123972.25,91644.58,59.9825,323
A10026879,서울특별시,22,123972.25,91644.58,59.9855,70
A10026879,서울특별시,22,123972.25,91644.58,84.9805,556
A10026879,서울특별시,22,123972.25,91644.58,84.9881,245
A10027371,서울특별시,6,31318.28,22065.91,59.79,190
A10027371,서울특별시,6,31318.28,22065.91,59.87,56
A10027371,서울특별시,6,31318.28,22065.91,59.97,22
A10027371,서울특별시,6,31318.28,22065.91,59.99,27
A10027371,서울특별시,6,31318.28,22065.91,84.88,26
A10027371,서울특별시,6,31318.28,22065.91,84.89,26
A10027403,서울특별시,6,32602.26,22821.39,59.79,216
A10027403,서울특별시,6,32602.26,22821.39,59.87,56
A10027403,서울특별시,6,32602.26,22821.39,59.97,21
A10027403,서울특별시,6,32602.26,22821.39,59.99,26
A10027403,서울특별시,6,32602.26,22821.39,84.88,24
A10027403,서울특별시,6,32602.26,22821.39,84.89,20
A10027433,서울특별시,10,36403.78,36403.78,59.79,293
A10027433,서울특별시,10,36403.78,36403.78,59.87,10
A10027433,서울특별시,10,36403.78,36403.78,59.97,20
A10027433,서울특별시,10,36403.78,36403.78,59.99,22
A10027433,서울특별시,10,36403.78,36403.78,84.49,30
A10027433,서울특별시,10,36403.78,36403.78,84.64,22
A10027433,서울특별시,10,36403.78,36403.78,84.74,26
A10027433,서울특별시,10,36403.78,36403.78,84.88,71
A10027433,서울특별시,10,36403.78,36403.78,84.89,37
A10027452,서울특별시,8,33900,34372.12,59.79,222
A10027452,서울특별시,8,33900,34372.12,59.87,174
A10027452,서울특별시,8,33900,34372.12,59.97,65
A10027452,서울특별시,8,33900,34372.12,59.99,31
A10027452,서울특별시,8,33900,34372.12,84.89,58
A10027687,서울특별시,8,65627.15,48813.8,59.97,15
A10027687,서울특별시,8,65627.15,48813.8,59.99,143
A10027687,서울특별시,8,65627.15,48813.8,84.89,82
A10027687,서울특별시,8,65627.15,48813.8,84.92,126
A10027687,서울특별시,8,65627.15,48813.8,84.98,185
A10027687,서울특별시,8,65627.15,48813.8,114.49,52
A15721001,서울특별시,2,20397.54,15799.86,84.948,150
A15721001,서울특별시,2,20397.54,15799.86,101.922,30
A15721003,서울특별시,3,24379,18770.14,59.98,135
A15721003,서울특별시,3,24379,18770.14,78.88,6
A15721003,서울특별시,3,24379,18770.14,84.97,82
A15721003,서울특별시,3,24379,18770.14,89.87,1
A15721003,서울특별시,3,24379,18770.14,108.35,29
A15721004,서울특별시,6,26110.04,20052.53,59.81,70
A15721004,서울특별시,6,26110.04,20052.53,79.24,15
A15721004,서울특별시,6,26110.04,20052.53,79.59,1
A15721004,서울특별시,6,26110.04,20052.53,84.87,172
A15721005,서울특별시,8,38581.59,38581.59,59.98,152
A15721005,서울특별시,8,38581.59,38581.59,84.97,271
A15721005,서울특별시,8,38581.59,38581.59,114.96,56
A15721006,서울특별시,19,225422.23,111736.57,49.66,2
A15721006,서울특별시,19,225422.23,111736.57,49.77,179
A15721006,서울특별시,19,225422.23,111736.57,49.79,6
A15721006,서울특별시,19,225422.23,111736.57,59.79,386
A15721006,서울특별시,19,225422.23,111736.57,59.83,10
A15721006,서울특별시,19,225422.23,111736.57,59.86,6
A15721006,서울특별시,19,225422.23,111736.57,59.9,7
A15721006,서울특별시,19,225422.23,111736.57,59.94,2
A15721006,서울특별시,19,225422.23,111736.57,59.95,40
A15721006,서울특별시,19,225422.23,111736.57,59.96,37
A15721006,서울특별시,19,225422.23,111736.57,84.47,8
A15721006,서울특별시,19,225422.23,111736.57,84.6,20
A15721006,서울특별시,19,225422.23,111736.57,84.74,82
A15721006,서울특별시,19,225422.23,111736.57,84.84,94
A15721006,서울특별시,19,225422.23,111736.57,84.85,4
A15721006,서울특별시,19,225422.23,111736.57,84.88,276
A15721006,서울특별시,19,225422.23,111736.57,84.99,104
A15721006,서울특별시,19,225422.23,111736.57,114.98,203
A15721007,서울특별시,13,183983,95039.65,59.79,176
A15721007,서울특별시,13,183983,95039.65,59.83,15
A15721007,서울특별시,13,183983,95039.65,84.55,36
A15721007,서울특별시,13,183983,95039.65,84.58,26
A15721007,서울특별시,13,183983,95039.65,84.68,4
A15721007,서울특별시,13,183983,95039.65,84.79,74
A15721007,서울특별시,13,183983,95039.65,84.82,13
A15721007,서울특별시,13,183983,95039.65,84.86,28
A15721007,서울특별시,13,183983,95039.65,84.91,30
A15721007,서울특별시,13,183983,95039.65,84.95,114
A15721007,서울특별시,13,183983,95039.65,114.69,64
A15721007,서울특별시,13,183983,95039.65,114.8,4
A15721007,서울특별시,13,183983,95039.65,114.84,28
A15721007,서울특별시,13,183983,95039.65,114.86,151
A15721007,서울특별시,13,183983,95039.65,114.87,14
A15721007,서울특별시,13,183983,95039.65,114.91,140
A15721007,서울특별시,13,183983,95039.65,114.92,47
A15721007,서울특별시,13,183983,95039.65,114.93,40
A15721008,서울특별시,7,68416.56,31093.09,49.77,60
A15721008,서울특별시,7,68416.56,31093.09,59.79,116
A15721008,서울특별시,7,68416.56,31093.09,59.86,12
A15721008,서울특별시,7,68416.56,31093.09,59.95,14
A15721008,서울특별시,7,68416.56,31093.09,59.96,56
A15721008,서울특별시,7,68416.56,31093.09,84.56,28
A15721008,서울특별시,7,68416.56,31093.09,84.85,50
A15721008,서울특별시,7,68416.56,31093.09,114.69,15
A15721008,서울특별시,7,68416.56,31093.09,114.86,69
A15721009,서울특별시,6,70471.21,32576.7,49.77,34
A15721009,서울특별시,6,70471.21,32576.7,59.52,31
A15721009,서울특별시,6,70471.21,32576.7,59.79,76
A15721009,서울특별시,6,70471.21,32576.7,59.83,27
A15721009,서울특별시,6,70471.21,32576.7,59.9,5
A15721009,서울특별시,6,70471.21,32576.7,59.95,10
A15721009,서울특별시,6,70471.21,32576.7,84.47,3
A15721009,서울특별시,6,70471.21,32576.7,84.6,4
A15721009,서울특별시,6,70471.21,32576.7,84.88,24
A15721009,서울특별시,6,70471.21,32576.7,84.92,52
A15721009,서울특별시,6,70471.21,32576.7,84.95,46
A15721009,서울특별시,6,70471.21,32576.7,114.84,24
A15721009,서울특별시,6,70471.21,32576.7,114.86,24
A15721009,서울특별시,6,70471.21,32576.7,114.91,48
A15721010,서울특별시,13,195141.66,94181.45,49.87,165
A15721010,서울특별시,13,195141.66,94181.45,59.69,5
A15721010,서울특별시,13,195141.66,94181.45,59.79,284
A15721010,서울특별시,13,195141.66,94181.45,59.83,26
A15721010,서울특별시,13,195141.66,94181.45,59.86,8
A15721010,서울특별시,13,195141.66,94181.45,59.94,11
A15721010,서울특별시,13,195141.66,94181.45,59.95,24
A15721010,서울특별시,13,195141.66,94181.45,59.96,46
A15721010,서울특별시,13,195141.66,94181.45,59.99,13
A15721010,서울특별시,13,195141.66,94181.45,84.39,8
A15721010,서울특별시,13,195141.66,94181.45,84.5,77
A15721010,서울특별시,13,195141.66,94181.45,84.74,32
A15721010,서울특별시,13,195141.66,94181.45,84.85,71
A15721010,서울특별시,13,195141.66,94181.45,84.86,54
A15721010,서울특별시,13,195141.66,94181.45,84.88,150
A15721010,서울특별시,13,195141.66,94181.45,84.92,15
A15721010,서울특별시,13,195141.66,94181.45,84.93,136
A15721010,서울특별시,13,195141.66,94181.45,84.94,10
A15721010,서울특별시,13,195141.66,94181.45,84.95,47
A15721010,서울특별시,13,195141.66,94181.45,114.75,24
A15721010,서울특별시,13,195141.66,94181.45,114.86,64
A15721011,서울특별시,4,58373.23,24966.15,49.77,63
A15721011,서울특별시,4,58373.23,24966.15,59.52,4
A15721011,서울특별시,4,58373.23,24966.15,59.79,66
A15721011,서울특별시,4,58373.23,24966.15,59.83,12
A15721011,서울특별시,4,58373.23,24966.15,59.9,2
A15721011,서울특별시,4,58373.23,24966.15,59.95,6
A15721011,서울특별시,4,58373.23,24966.15,84.47,3
A15721011,서울특별시,4,58373.23,24966.15,84.48,1
A15721011,서울특별시,4,58373.23,24966.15,84.6,6
A15721011,서울특별시,4,58373.23,24966.15,84.91,14
A15721011,서울특별시,4,58373.23,24966.15,84.95,48
A15721011,서울특별시,4,58373.23,24966.15,114.69,8
A15721011,서울특별시,4,58373.23,24966.15,114.84,13
A15721011,서울특별시,4,58373.23,24966.15,114.86,42
A15721011,서울특별시,4,58373.23,24966.15,114.91,27
A15722010,서울특별시,8,40045,40211.75,49.77,61
A15722010,서울특별시,8,40045,40211.75,55.48,1
A15722010,서울특별시,8,40045,40211.75,55.49,1
A15722010,서울특별시,8,40045,40211.75,55.78,1
A15722010,서울특별시,8,40045,40211.75,59.79,24
A15722010,서울특별시,8,40045,40211.75,59.83,10
A15722010,서울특별시,8,40045,40211.75,59.94,4
A15722010,서울특별시,8,40045,40211.75,59.95,4
A15722010,서울특별시,8,40045,40211.75,84.47,3
A15722010,서울특별시,8,40045,40211.75,84.6,10
A15722010,서울특별시,8,40045,40211.75,84.91,14
A15722010,서울특별시,8,40045,40211.75,84.92,58
A15722010,서울특별시,8,40045,40211.75,84.95,52
A15722010,서울특별시,8,40045,40211.75,114.86,131
A15722010,서울특별시,8,40045,40211.75,114.98,68
A15728011,서울특별시,13,80249,81229.48,49.87,181
A15728011,서울특별시,13,80249,81229.48,59.69,5
A15728011,서울특별시,13,80249,81229.48,59.79,218
A15728011,서울특별시,13,80249,81229.48,59.84,154
A15728011,서울특별시,13,80249,81229.48,59.94,113
A15728011,서울특별시,13,80249,81229.48,59.95,10
A15728011,서울특별시,13,80249,81229.48,59.97,48
A15728011,서울특별시,13,80249,81229.48,84.39,8
A15728011,서울특별시,13,80249,81229.48,84.5,78
A15728011,서울특별시,13,80249,81229.48,84.69,12
A15728011,서울특별시,13,80249,81229.48,84.86,54
A15728011,서울특별시,13,80249,81229.48,84.88,154
A15728011,서울특별시,13,80249,81229.48,84.94,10
A15728011,서울특별시,13,80249,81229.48,84.95,62
A15728011,서울특별시,13,80249,81229.48,114.86,64
A10021043,서울특별시,4,20604.24,12244.81,29.06,22
A10021043,서울특별시,4,20604.24,12244.81,29.09,85
A10021043,서울특별시,4,20604.24,12244.81,29.34,2
A10021043,서울특별시,4,20604.24,12244.81,44.02,26
A10021043,서울특별시,4,20604.24,12244.81,44.03,74
A10021043,서울특별시,4,20604.24,12244.81,44.07,106
A10021419,서울특별시,1,12309.19,8832.625,45.8603,17
A10021419,서울특별시,1,12309.19,8832.625,59.4269,57
A10021419,서울특별시,1,12309.19,8832.625,59.607,40
A10021419,서울특별시,1,12309.19,8832.625,78.5554,28
A10021419,서울특별시,1,12309.19,8832.625,81.835,1
A10021866,서울특별시,3,15623.11,11826.57,59.83,9
A10021866,서울특별시,3,15623.11,11826.57,72.43,30
A10021866,서울특별시,3,15623.11,11826.57,84.4,108
A10024505,서울특별시,5,26467.83,19305.256,40.9497,1
A10024505,서울특별시,5,26467.83,19305.256,49.6062,13
A10024505,서울특별시,5,26467.83,19305.256,49.6538,13
A10024505,서울특별시,5,26467.83,19305.256,49.7391,9
A10024505,서울특별시,5,26467.83,19305.256,49.775,26
A10024505,서울특별시,5,26467.83,19305.256,49.9788,13
A10024505,서울특별시,5,26467.83,19305.256,59.7592,47
A10024505,서울특별시,5,26467.83,19305.256,59.9205,30
A10024505,서울특별시,5,26467.83,19305.256,59.9313,30
A10024505,서울특별시,5,26467.83,19305.256,72.8607,13
A10024505,서울특별시,5,26467.83,19305.256,72.9272,43
A10024505,서울특별시,5,26467.83,19305.256,84.9184,60
A10025641,서울특별시,2,11769.252,9152.962,59.7672,28
A10025641,서울특별시,2,11769.252,9152.962,84.9941,88
A15722001,서울특별시,1,15741.25,12039.54,59.95,83
A15722001,서울특별시,1,15741.25,12039.54,59.97,13
A15722001,서울특별시,1,15741.25,12039.54,84.92,74
A15722003,서울특별시,3,31436.78,23265.25,57.1659,34
A15722003,서울특별시,3,31436.78,23265.25,57.7467,30
A15722003,서울특별시,3,31436.78,23265.25,84.0164,178
A15722003,서울특별시,3,31436.78,23265.25,91.9719,15
A15722003,서울특별시,3,31436.78,23265.25,114.3032,14
A15722003,서울특별시,3,31436.78,23265.25,118.1762,14
A15722004,서울특별시,7,36511.203,28953.59,59.87,79
A15722004,서울특별시,7,36511.203,28953.59,84.8,30
A15722004,서울특별시,7,36511.203,28953.59,84.99,166
A15722004,서울특별시,7,36511.203,28953.59,114.72,66
A15722005,서울특별시,6,34318.45,27022.11,59.92,121
A15722005,서울특별시,6,34318.45,27022.11,81.68,6
A15722005,서울특별시,6,34318.45,27022.11,84.93,162
A15722005,서울특별시,6,34318.45,27022.11,84.97,65
A15722007,서울특별시,3,19094.18,15080.08,59.99,87
A15722007,서울특별시,3,19094.18,15080.08,67.01,10
A15722007,서울특별시,3,19094.18,15080.08,77.75,3
A15722007,서울특별시,3,19094.18,15080.08,84.41,80
A15722007,서울특별시,3,19094.18,15080.08,84.68,13
A15722007,서울특별시,3,19094.18,15080.08,84.92,13
A15722011,서울특별시,1,9872.74,6619.36,51.28,52
A15722011,서울특별시,1,9872.74,6619.36,65.88,60
A15722102,서울특별시,4,20386.773,16095.69,59.97,45
A15722102,서울특별시,4,20386.773,16095.69,77.68,27
A15722102,서울특별시,4,20386.773,16095.69,84.96,133
A15722104,서울특별시,3,18742.06,14772.09,59.91,119
A15722104,서울특별시,3,18742.06,14772.09,84.92,90
A15722106,서울특별시,3,32517.93,26734.871,69.766,2
A15722106,서울특별시,3,32517.93,26734.871,74.946,23
A15722106,서울특별시,3,32517.93,26734.871,76.374,5
A15722106,서울특별시,3,32517.93,26734.871,77.292,4
A15722106,서울특별시,3,32517.93,26734.871,84.528,271
A15722106,서울특별시,3,32517.93,26734.871,84.897,15
A15722108,서울특별시,7,45263.566,37418.72,56.22,5
A15722108,서울특별시,7,45263.566,37418.72,68.46,45
A15722108,서울특별시,7,45263.566,37418.72,84.97,218
A15722108,서울특별시,7,45263.566,37418.72,84.98,15
A15722108,서울특별시,7,45263.566,37418.72,114.99,124
A15722201,서울특별시,2,18545.434,15216.314,84.3819,58
A15722201,서울특별시,2,18545.434,15216.314,100.6502,44
A15722201,서울특별시,2,18545.434,15216.314,113.3376,52
A15722203,서울특별시,2,24302.76,16038.09,59.4,131
A15722203,서울특별시,2,24302.76,16038.09,84.81,85
A15722203,서울특별시,2,24302.76,16038.09,130.98,8
A15722204,서울특별시,4,29147.25,23149.81,59.97,13
A15722204,서울특별시,4,29147.25,23149.81,67.68,66
A15722204,서울특별시,4,29147.25,23149.81,68.47,9
A15722204,서울특별시,4,29147.25,23149.81,84.67,133
A15722204,서울특별시,4,29147.25,23149.81,96.14,14
A15722204,서울특별시,4,29147.25,23149.81,96.28,14
A15722204,서울특별시,4,29147.25,23149.81,111.07,30
A15722304,서울특별시,3,21414.871,16700.322,59.9813,56
A15722304,서울특별시,3,21414.871,16700.322,84.9588,41
A15722304,서울특별시,3,21414.871,16700.322,84.9829,107
A15722304,서울특별시,3,21414.871,16700.322,84.9877,9
A15722306,서울특별시,5,24792.9,19699.62,59.67,175
A15722306,서울특별시,5,24792.9,19699.62,84.93,109
A15722307,서울특별시,3,26866.73,19111.8,39.96,119
A15722307,서울특별시,3,26866.73,19111.8,49.2,149
A15722307,서울특별시,3,26866.73,19111.8,59.04,119
A15722314,서울특별시,12,63595.383,41408.66,24.05,1180
A15722314,서울특별시,12,63595.383,41408.66,30.06,60
A15722314,서울특별시,12,63595.383,41408.66,30.4,57
A15722314,서울특별시,12,63595.383,41408.66,30.66,119
A15722314,서울특별시,12,63595.383,41408.66,39.76,147
A15773501,서울특별시,3,26123.5,20876.18,61.75,8
A15773501,서울특별시,3,26123.5,20876.18,66.76,32
A15773501,서울특별시,3,26123.5,20876.18,76.21,22
A15773501,서울특별시,3,26123.5,20876.18,83.42,50
A15773501,서울특별시,3,26123.5,20876.18,84.82,14
A15773501,서울특별시,3,26123.5,20876.18,84.93,132
A15777501,서울특별시,8,65844.87,46610.1,39.58,270
A15777501,서울특별시,8,65844.87,46610.1,51.03,390
A15777501,서울특별시,8,65844.87,46610.1,59.34,270
A15778101,서울특별시,9,65560.08,52310.7,64.65,228
A15778101,서울특별시,9,65560.08,52310.7,76.8,164
A15778101,서울특별시,9,65560.08,52310.7,84.95,294
A15784601,서울특별시,4,20234.98,15711.79,59.92,67
A15784601,서울특별시,4,20234.98,15711.79,70.86,15
A15784601,서울특별시,4,20234.98,15711.79,84.95,105
A15784601,서울특별시,4,20234.98,15711.79,114.3,15
A15785002,서울특별시,3,18693.5,14858.16,59.89,49
A15785002,서울특별시,3,18693.5,14858.16,71.45,1
A15785002,서울특별시,3,18693.5,14858.16,74.8,3
A15785002,서울특별시,3,18693.5,14858.16,76.21,2
A15785002,서울특별시,3,18693.5,14858.16,77.68,1
A15785002,서울특별시,3,18693.5,14858.16,83.35,19
A15785002,서울특별시,3,18693.5,14858.16,84.57,71
A15785002,서울특별시,3,18693.5,14858.16,84.77,18
A15785002,서울특별시,3,18693.5,14858.16,91.98,1
A15785002,서울특별시,3,18693.5,14858.16,99.62,22
A15785005,서울특별시,5,43941.766,29195.58,0,1
A15785005,서울특별시,5,43941.766,29195.58,24.42,765
A15785005,서울특별시,5,43941.766,29195.58,29.65,4
A15785005,서울특별시,5,43941.766,29195.58,30.81,146
A15785005,서울특별시,5,43941.766,29195.58,39.58,149
A15785507,서울특별시,3,37828.44,27662.73,59.89,39
A15785507,서울특별시,3,37828.44,27662.73,84.99,298
A15785601,서울특별시,2,17360,13589.4,84.63,10
A15785601,서울특별시,2,17360,13589.4,84.87,10
A15785601,서울특별시,2,17360,13589.4,84.96,140
A15785605,서울특별시,2,14461.497,9960.43,39.4,1
A15785605,서울특별시,2,14461.497,9960.43,39.84,220
A15785605,서울특별시,2,14461.497,9960.43,39.87,29
A15785608,서울특별시,7,64933.68,52648.2,101.86,288
A15785608,서울특별시,7,64933.68,52648.2,133.98,174
A15785612,서울특별시,4,43741.02,29576.94,0,1
A15785612,서울특별시,4,43741.02,29576.94,24.05,594
A15785612,서울특별시,4,43741.02,29576.94,29.64,71
A15785612,서울특별시,4,43741.02,29576.94,39.6,333
A15785613,서울특별시,6,80344.164,56194.14,33.18,410
A15785613,서울특별시,6,80344.164,56194.14,39.6,520
A15785613,서울특별시,6,80344.164,56194.14,49.77,442
A15785703,서울특별시,3,19519.58,15321.64,56.69,1
A15785703,서울특별시,3,19519.58,15321.64,59.69,55
A15785703,서울특별시,3,19519.58,15321.64,59.94,30
A15785703,서울특별시,3,19519.58,15321.64,84.83,90
A15785703,서울특별시,3,19519.58,15321.64,84.97,30
A15785709,서울특별시,3,36319.95,24088.32,39.36,139
A15785709,서울특별시,3,36319.95,24088.32,49.2,202
A15785709,서울특별시,3,36319.95,24088.32,59.04,147
A15785710,서울특별시,13,94882.63,79274.52,100.35,358
A15785710,서울특별시,13,94882.63,79274.52,134.61,202
A15785710,서울특별시,13,94882.63,79274.52,134.65,120
A15785711,서울특별시,6,58205.8,40252.38,33.18,30
A15785711,서울특별시,6,58205.8,40252.38,33.6,269
A15785711,서울특별시,6,58205.8,40252.38,39.76,387
A15785711,서울특별시,6,58205.8,40252.38,49.77,298
A10021770,서울특별시,1,11583,8321.14,59.36,10
A10021770,서울특별시,1,11583,8321.14,59.39,10
A10021770,서울특별시,1,11583,8321.14,82.74,76
A10021770,서울특별시,1,11583,8321.14,84.54,10
A10021935,서울특별시,1,13726.98,11885.56,84.89,95
A10021935,서울특별시,1,13726.98,11885.56,84.9,28
A10021935,서울특별시,1,13726.98,11885.56,84.93,17
A10022042,서울특별시,2,11143.129,9285.03,59.94,51
A10022042,서울특별시,2,11143.129,9285.03,84.87,47
A10022042,서울특별시,2,11143.129,9285.03,93.3,24
A10022108,서울특별시,3,15768.58,12460.58,84.77,82
A10022108,서울특별시,3,15768.58,12460.58,114.78,48
A10022537,서울특별시,2,11438.635,11438.635,83.523,1
A10022537,서울특별시,2,11438.635,11438.635,83.831,2
A10022537,서울특별시,2,11438.635,11438.635,84.551,21
A10022537,서울특별시,2,11438.635,11438.635,84.603,30
A10022537,서울특별시,2,11438.635,11438.635,84.748,15
A10022537,서울특별시,2,11438.635,11438.635,84.849,24
A10022537,서울특별시,2,11438.635,11438.635,84.862,15
A10022537,서울특별시,2,11438.635,11438.635,84.907,14
A10022537,서울특별시,2,11438.635,11438.635,84.937,1
A10022537,서울특별시,2,11438.635,11438.635,84.969,12
A10024353,서울특별시,1,14535.321,11353.36,77.34,13
A10024353,서울특별시,1,14535.321,11353.36,78.86,12
A10024353,서울특별시,1,14535.321,11353.36,83.42,11
A10024353,서울특별시,1,14535.321,11353.36,84.84,100
A10024436,서울특별시,1,18233.18,12164.04,18,32
A10024436,서울특별시,1,18233.18,12164.04,18.24,321
A10024436,서울특별시,1,18233.18,12164.04,39,147
A10025049,서울특별시,2,12363.344,9743.52,59.94,43
A10025049,서울특별시,2,12363.344,9743.52,84.8,57
A10025049,서울특별시,2,12363.344,9743.52,155.5,15
A10025600,서울특별시,6,46901.58,36155.65,51.5045,9
A10025600,서울특별시,6,46901.58,36155.65,51.756,53
A10025600,서울특별시,6,46901.58,36155.65,55.0323,26
A10025600,서울특별시,6,46901.58,36155.65,59.8873,80
A10025600,서울특별시,6,46901.58,36155.65,59.9812,38
A10025600,서울특별시,6,46901.58,36155.65,74.2998,40
A10025600,서울특별시,6,46901.58,36155.65,84.6352,57
A10025600,서울특별시,6,46901.58,36155.65,84.9529,158
A10025600,서울특별시,6,46901.58,36155.65,84.9783,38
A10027541,서울특별시,4,12457.38,12456.436,59.9194,18
A10027541,서울특별시,4,12457.38,12456.436,84.9025,123
A10027541,서울특별시,4,12457.38,12456.436,84.989,11
A15704001,서울특별시,3,12477.45,12477.45,59.99,51
A15704001,서울특별시,3,12477.45,12477.45,68.17,6
A15704001,서울특별시,3,12477.45,12477.45,84.99,106
A15704002,서울특별시,3,17793.6,13747.4,59.71,4
A15704002,서울특별시,3,17793.6,13747.4,59.92,10
A15704002,서울특별시,3,17793.6,13747.4,84.93,152
A15704003,서울특별시,5,16449.582,13017.72,59.7,4
A15704003,서울특별시,5,16449.582,13017.72,59.81,45
A15704003,서울특별시,5,16449.582,13017.72,59.83,1
A15704003,서울특별시,5,16449.582,13017.72,84.98,118
A15704006,서울특별시,2,22677.69,16650.48,84.9,12
A15704006,서울특별시,2,22677.69,16650.48,84.93,32
A15704006,서울특별시,2,22677.69,16650.48,84.96,152
A15704007,서울특별시,4,19018.04,19018.04,84.97,44
A15704007,서울특별시,4,19018.04,19018.04,84.98,100
A15704007,서울특별시,4,19018.04,19018.04,116.92,58
A15704009,서울특별시,2,18959.2,14780.69,59.97,105
A15704009,서울특별시,2,18959.2,14780.69,78.6,15
A15704009,서울특별시,2,18959.2,14780.69,84.94,86
A15704015,서울특별시,5,37331.69,29634.693,84.9519,173
A15704015,서울특별시,5,37331.69,29634.693,134.5767,111
A15704017,서울특별시,3,30345,23812.89,59.91,140
A15704017,서울특별시,3,30345,23812.89,84.81,85
A15704017,서울특별시,3,30345,23812.89,114.12,72
A15704023,서울특별시,7,44500.89,34161.24,59.9,51
A15704023,서울특별시,7,44500.89,34161.24,84.99,366
A15704025,서울특별시,8,49288.27,38635.07,84.69,75
A15704025,서울특별시,8,49288.27,38635.07,84.73,22
A15704025,서울특별시,8,49288.27,38635.07,84.97,358
A15704028,서울특별시,5,82539.18,63830.79,59.97,319
A15704028,서울특별시,5,82539.18,63830.79,84.91,17
A15704028,서울특별시,5,82539.18,63830.79,84.95,251
A15704028,서울특별시,5,82539.18,63830.79,114.84,191
A15776001,서울특별시,3,14806,15071.456,84.8789,43
A15776001,서울특별시,3,14806,15071.456,84.9102,60
A15776001,서울특별시,3,14806,15071.456,84.9341,23
A15776001,서울특별시,3,14806,15071.456,93.3591,2
A15776001,서울특별시,3,14806,15071.456,103.0197,11
A15776001,서울특별시,3,14806,15071.456,122.1243,24
A15776001,서울특별시,3,14806,15071.456,122.6488,1
A15776003,서울특별시,1,7603.77,7771.77,53.79,3
A15776003,서울특별시,1,7603.77,7771.77,59.9,42
A15776003,서울특별시,1,7603.77,7771.77,84.91,60
A15776004,서울특별시,1,11958.048,8942.08,59.92,71
A15776004,서울특별시,1,11958.048,8942.08,83.71,56
A15785919,서울특별시,4,34265.023,25713.64,65.88,159
A15785919,서울특별시,4,34265.023,25713.64,84.11,12
A15785919,서울특별시,4,34265.023,25713.64,84.68,10
A15785919,서울특별시,4,34265.023,25713.64,84.7,158
A15786104,서울특별시,1,18404.36,12640.92,59.26,96
A15786104,서울특별시,1,18404.36,12640.92,84.78,82
A15786111,서울특별시,2,25657.6,19522.605,59.9,100
A15786111,서울특별시,2,25657.6,19522.605,79.465,37
A15786111,서울특별시,2,25657.6,19522.605,85,56
A15786111,서울특별시,2,25657.6,19522.605,104.15,56
A15786116,서울특별시,4,26419.824,20585.04,59.88,161
A15786116,서울특별시,4,26419.824,20585.04,84.84,129
A15786118,서울특별시,5,32649,24267.6,59.94,150
A15786118,서울특별시,5,32649,24267.6,84.87,180
A15786213,서울특별시,5,28483.32,20786.7,59.38,135
A15786213,서울특별시,5,28483.32,20786.7,84.64,102
A15786213,서울특별시,5,28483.32,20786.7,114.92,36
A15786222,서울특별시,5,34294.203,26754.82,58.87,178
A15786222,서울특별시,5,34294.203,26754.82,84.97,120
A15786222,서울특별시,5,34294.203,26754.82,104.82,58
A15786227,서울특별시,8,54072.703,41219.48,59.7,154
A15786227,서울특별시,8,54072.703,41219.48,59.83,131
A15786227,서울특별시,8,54072.703,41219.48,84.87,285
A15786312,서울특별시,2,25452.22,18869.01,59.91,115
A15786312,서울특별시,2,25452.22,18869.01,84.96,141
A15786314,서울특별시,4,28867.28,21604.53,59.97,142
A15786314,서울특별시,4,28867.28,21604.53,84.93,81
A15786314,서울특별시,4,28867.28,21604.53,114.99,54
A15786321,서울특별시,3,35379.26,27028.98,59.96,156
A15786321,서울특별시,3,35379.26,27028.98,84.93,154
A15786321,서울특별시,3,35379.26,27028.98,114.9,40
A15786405,서울특별시,1,19141.152,14737.92,65.88,54
A15786405,서울특별시,1,19141.152,14737.92,84.7,132
A15786408,서울특별시,3,26305.574,19580.432,59.737,1
A15786408,서울특별시,3,26305.574,19580.432,59.739,11
A15786408,서울특별시,3,26305.574,19580.432,84.358,105
A15786408,서울특별시,3,26305.574,19580.432,108.255,58
A15786408,서울특별시,3,26305.574,19580.432,113.505,1
A15786408,서울특별시,3,26305.574,19580.432,114.877,15
A15786408,서울특별시,3,26305.574,19580.432,126.035,15
A15786420,서울특별시,3,32102.4,25128.12,59.82,176
A15786420,서울특별시,3,32102.4,25128.12,84.7,15
A15786420,서울특별시,3,32102.4,25128.12,84.9,157
A15786424,서울특별시,7,46699.44,35503.96,59.94,116
A15786424,서울특별시,7,46699.44,35503.96,67.43,32
A15786424,서울특별시,7,46699.44,35503.96,84.93,196
A15786424,서울특별시,7,46699.44,35503.96,124.96,78
A15786426,서울특별시,5,57996.81,42076.03,84.07,12
A15786426,서울특별시,5,57996.81,42076.03,84.19,13
A15786426,서울특별시,5,57996.81,42076.03,84.34,333
A15786426,서울특별시,5,57996.81,42076.03,84.77,24
A15786426,서울특별시,5,57996.81,42076.03,84.84,13
A15786426,서울특별시,5,57996.81,42076.03,84.9,13
A15786426,서울특별시,5,57996.81,42076.03,84.96,90
A15786510,서울특별시,3,22915.61,17376.77,59.97,85
A15786510,서울특별시,3,22915.61,17376.77,84.96,77
A15786510,서울특별시,3,22915.61,17376.77,114.68,16
A15786510,서울특별시,3,22915.61,17376.77,114.78,34
A10020494,서울특별시,1,15235.03,11220.6,79.87,26
A10020494,서울특별시,1,15235.03,11220.6,84.73,1
A10020494,서울특별시,1,15235.03,11220.6,84.85,65
A10020494,서울특별시,1,15235.03,11220.6,84.98,26
A10020494,서울특별시,1,15235.03,11220.6,111.21,12
A10021232,서울특별시,3,5609.76,5609.79,53.94,101
A10021232,서울특별시,3,5609.76,5609.79,53.95,3
A10021290,서울특별시,1,12682.05,9701.43,84.24,2
A10021290,서울특별시,1,12682.05,9701.43,84.62,43
A10021290,서울특별시,1,12682.05,9701.43,84.63,17
A10021290,서울특별시,1,12682.05,9701.43,84.64,39
A10021290,서울특별시,1,12682.05,9701.43,105.2,1
A10021290,서울특별시,1,12682.05,9701.43,109.36,1
A10021290,서울특별시,1,12682.05,9701.43,115.48,3
A10021290,서울특별시,1,12682.05,9701.43,115.5,4
A10021290,서울특별시,1,12682.05,9701.43,131.62,1
A10021529,서울특별시,6,10509.36,6111,41.49,18
A10021529,서울특별시,6,10509.36,6111,43.92,57
A10021529,서울특별시,6,10509.36,6111,48.06,3
A10021529,서울특별시,6,10509.36,6111,56.07,24
A10021529,서울특별시,6,10509.36,6111,57.12,24
A10022019,서울특별시,1,14889.038,6977.2397,30.2694,12
A10022019,서울특별시,1,14889.038,6977.2397,33.6442,12
A10022019,서울특별시,1,14889.038,6977.2397,40.9032,12
A10022019,서울특별시,1,14889.038,6977.2397,41.8783,12
A10022019,서울특별시,1,14889.038,6977.2397,50.5169,12
A10022019,서울특별시,1,14889.038,6977.2397,55.8501,36
A10022019,서울특별시,1,14889.038,6977.2397,59.093,44
A10022928,서울특별시,5,39855.36,28347.88,49.68,49
A10022928,서울특별시,5,39855.36,28347.88,49.86,221
A10022928,서울특별시,5,39855.36,28347.88,55.91,57
A10022928,서울특별시,5,39855.36,28347.88,59.71,47
A10022928,서울특별시,5,39855.36,28347.88,59.74,149
A10023515,서울특별시,10,55412.152,41015.266,59.9877,68
A10023515,서울특별시,10,55412.152,41015.266,59.9969,20
A10023515,서울특별시,10,55412.152,41015.266,59.9983,196
A10023515,서울특별시,10,55412.152,41015.266,74.9982,84
A10023515,서울특별시,10,55412.152,41015.266,84.9771,86
A10023515,서울특별시,10,55412.152,41015.266,84.9854,71
A10023515,서울특별시,10,55412.152,41015.266,84.9932,51
A10024145,서울특별시,2,28140.06,13055.38,17.74,65
A10024145,서울특별시,2,28140.06,13055.38,23.34,13
A10024145,서울특별시,2,28140.06,13055.38,23.68,182
A10024145,서울특별시,2,28140.06,13055.38,43.04,130
A10024145,서울특별시,2,28140.06,13055.38,43.24,13
A10024145,서울특별시,2,28140.06,13055.38,43.27,13
A10024145,서울특별시,2,28140.06,13055.38,43.79,13
A10024391,서울특별시,3,16238.916,12002.4,59.94,56
A10024391,서울특별시,3,16238.916,12002.4,84.93,64
A10024391,서울특별시,3,16238.916,12002.4,113.73,4
A10024391,서울특별시,3,16238.916,12002.4,114.78,4
A10024391,서울특별시,3,16238.916,12002.4,114.81,20
A15701002,서울특별시,2,22653.7,18559,84.97,148
A15701002,서울특별시,2,22653.7,18559,84.98,14
A15701002,서울특별시,2,22653.7,18559,116.92,41
A15701003,서울특별시,42,272834.56,215891.1,59.98,530
A15701003,서울특별시,42,272834.56,215891.1,84.97,1409
A15701003,서울특별시,42,272834.56,215891.1,101.65,156
A15701003,서울특별시,42,272834.56,215891.1,114.98,422
A15701004,서울특별시,3,23107.98,19102.61,84.98,92
A15701004,서울특별시,3,23107.98,19102.61,102.11,7
A15701004,서울특별시,3,23107.98,19102.61,120.11,88
A15701007,서울특별시,37,327242.53,253958.83,59.99,530
A15701007,서울특별시,37,327242.53,253958.83,84.99,1086
A15701007,서울특별시,37,327242.53,253958.83,119.63,68
A15701007,서울특별시,37,327242.53,253958.83,128.81,775
A15701007,서울특별시,37,327242.53,253958.83,152.1,144
A15701601,서울특별시,4,22445.56,18514.65,59.97,19
A15701601,서울특별시,4,22445.56,18514.65,84.98,141
A15701601,서울특별시,4,22445.56,18514.65,117.24,46
A15701602,서울특별시,21,133365.44,133365.44,85,611
A15701602,서울특별시,21,133365.44,133365.44,117.19,120
A15701602,서울특별시,21,133365.44,133365.44,134.99,225
A15701602,서울특별시,21,133365.44,133365.44,177.86,208
A15770101,서울특별시,3,19247.027,15175.1,59.24,55
A15770101,서울특별시,3,19247.027,15175.1,69.81,1
A15770101,서울특별시,3,19247.027,15175.1,84.51,91
A15770101,서울특별시,3,19247.027,15175.1,84.94,12
A15770101,서울특별시,3,19247.027,15175.1,112.05,28
A15770102,서울특별시,3,21076.32,21076.32,112.46,15
A15770102,서울특별시,3,21076.32,21076.32,116.23,15
A15770102,서울특별시,3,21076.32,21076.32,117.97,13
A15770102,서울특별시,3,21076.32,21076.32,122.66,15
A15770102,서울특별시,3,21076.32,21076.32,123.48,15
A15770102,서울특별시,3,21076.32,21076.32,126.65,13
A15770102,서울특별시,3,21076.32,21076.32,130.17,13
A15770102,서울특별시,3,21076.32,21076.32,136.09,15
A15770102,서울특별시,3,21076.32,21076.32,138.86,15
A15770102,서울특별시,3,21076.32,21076.32,149.32,15
A15770102,서울특별시,3,21076.32,21076.32,181.17,15
A15770801,서울특별시,9,60760.95,38551.31,49.14,5
A15770801,서울특별시,9,60760.95,38551.31,49.77,153
A15770801,서울특별시,9,60760.95,38551.31,58.65,6
A15770801,서울특별시,9,60760.95,38551.31,59.34,309
A15770801,서울특별시,9,60760.95,38551.31,59.51,32
A15770801,서울특별시,9,60760.95,38551.31,83.83,3
A15770801,서울특별시,9,60760.95,38551.31,84.07,59
A15770801,서울특별시,9,60760.95,38551.31,84.15,18
A15770801,서울특별시,9,60760.95,38551.31,84.28,20
A15770801,서울특별시,9,60760.95,38551.31,84.33,20
A15788203,서울특별시,4,39791.754,29788.56,48.78,20
A15788203,서울특별시,4,39791.754,29788.56,49.68,10
A15788203,서울특별시,4,39791.754,29788.56,56.88,252
A15788203,서울특별시,4,39791.754,29788.56,66.24,23
A15788203,서울특별시,4,39791.754,29788.56,74.16,168
A15788302,서울특별시,5,47324.68,39055.6,84.84,268
A15788302,서울특별시,5,47324.68,39055.6,110.26,148
A15788901,서울특별시,3,27904.922,21873.88,66.42,12
A15788901,서울특별시,3,27904.922,21873.88,81.89,130
A15788901,서울특별시,3,27904.922,21873.88,118.7,13
A15788901,서울특별시,3,27904.922,21873.88,119.77,38
A15788901,서울특별시,3,27904.922,21873.88,120.3,13
A15788901,서울특별시,3,27904.922,21873.88,126.04,22
A15791001,서울특별시,1,21272.72,15836.31,64.05,108
A15791001,서울특별시,1,21272.72,15836.31,76.23,117
A15792602,서울특별시,50,345647.72,263514.44,84.914,326
A15792602,서울특별시,50,345647.72,263514.44,84.94,180
A15792602,서울특별시,50,345647.72,263514.44,94.839,14
A15792602,서울특별시,50,345647.72,263514.44,103.92,195
A15792602,서울특별시,50,345647.72,263514.44,104.75,210
A15792602,서울특별시,50,345647.72,263514.44,125.021,341
A15792602,서울특별시,50,345647.72,263514.44,129.204,56
A15792602,서울특별시,50,345647.72,263514.44,130.279,98
A15792602,서울특별시,50,345647.72,263514.44,144.123,391
A15792602,서울특별시,50,345647.72,263514.44,156.876,345
A15792602,서울특별시,50,345647.72,263514.44,192.22,20
A10021899,서울특별시,3,13295.1,10742.16,71.98,11
A10021899,서울특별시,3,13295.1,10742.16,73.55,43
A10021899,서울특별시,3,13295.1,10742.16,83.45,45
A10021899,서울특별시,3,13295.1,10742.16,83.59,11
A10021899,서울특별시,3,13295.1,10742.16,111.21,19
A15108001,서울특별시,3,18546.27,14893.06,59.91,12
A15108001,서울특별시,3,18546.27,14893.06,76.01,1
A15108001,서울특별시,3,18546.27,14893.06,76.2,1
A15108001,서울특별시,3,18546.27,14893.06,77.18,1
A15108001,서울특별시,3,18546.27,14893.06,84.99,137
A15108001,서울특별시,3,18546.27,14893.06,127.84,18
A15108003,서울특별시,4,18874.06,15307.5,84.51,106
A15108003,서울특별시,4,18874.06,15307.5,84.53,48
A15108003,서울특별시,4,18874.06,15307.5,114.6,20
A10020559,서울특별시,2,12827.37,9755.24,59.78,60
A10020559,서울특별시,2,12827.37,9755.24,84.97,32
A10020559,서울특별시,2,12827.37,9755.24,114.98,30
A10020665,서울특별시,1,13078,10379.19,58.67,45
A10020665,서울특별시,1,13078,10379.19,84.12,92
A10020718,서울특별시,1,7629.8574,4126.19,17.41,229
A10020718,서울특별시,1,7629.8574,4126.19,19.9,7
A10021647,서울특별시,1,3207.23,1608.23,13.15,65
A10021647,서울특별시,1,3207.23,1608.23,14.49,52
A10021687,서울특별시,1,10049.63,6868.8,28.08,2
A10021687,서울특별시,1,10049.63,6868.8,28.8,22
A10021687,서울특별시,1,10049.63,6868.8,32.76,55
A10021687,서울특별시,1,10049.63,6868.8,84.42,14
A10021687,서울특별시,1,10049.63,6868.8,114.12,28
A10021724,서울특별시,1,4053.84,2882.11,15.66,38
A10021724,서울특별시,1,4053.84,2882.11,30.01,19
A10021724,서울특별시,1,4053.84,2882.11,30.12,57
A10023372,서울특별시,1,6626.4,4158,15.75,138
A10023372,서울특별시,1,6626.4,4158,31.5,63
A10023490,서울특별시,5,12434.88,9701.76,38.92,96
A10023490,서울특별시,5,12434.88,9701.76,46.75,24
A10023490,서울특별시,5,12434.88,9701.76,57.66,84
A10024514,서울특별시,1,22273.19,11560.932,82.265,2
A10024514,서울특별시,1,22273.19,11560.932,87.601,2
A10024514,서울특별시,1,22273.19,11560.932,90.856,2
A10024514,서울특별시,1,22273.19,11560.932,104.913,26
A10024514,서울특별시,1,22273.19,11560.932,107.08,52
A10024514,서울특별시,1,22273.19,11560.932,108.905,22
A10024514,서울특별시,1,22273.19,11560.932,173.84,2
A10024638,서울특별시,2,12179,9729,79.27,47
A10024638,서울특별시,2,12179,9729,84.51,9
A10024638,서울특별시,2,12179,9729,84.56,62
A10024666,서울특별시,1,14430.6,10082.58,52.6,26
A10024666,서울특별시,1,14430.6,10082.58,59.81,8
A10024666,서울특별시,1,14430.6,10082.58,59.82,7
A10024666,서울특별시,1,14430.6,10082.58,59.92,30
A10024666,서울특별시,1,14430.6,10082.58,84.32,7
A10024666,서울특별시,1,14430.6,10082.58,84.58,16
A10024666,서울특별시,1,14430.6,10082.58,84.93,48
A10024894,서울특별시,10,50986.19,38982.52,39.79,89
A10024894,서울특별시,10,50986.19,38982.52,59.72,23
A10024894,서울특별시,10,50986.19,38982.52,59.85,54
A10024894,서울특별시,10,50986.19,38982.52,59.87,25
A10024894,서울특별시,10,50986.19,38982.52,84.31,276
A10024894,서울특별시,10,50986.19,38982.52,116.72,52
A10025092,서울특별시,19,135792.86,102533.92,59.88,38
A10025092,서울특별시,19,135792.86,102533.92,59.9,250
A10025092,서울특별시,19,135792.86,102533.92,59.96,63
A10025092,서울특별시,19,135792.86,102533.92,84.92,201
A10025092,서울특별시,19,135792.86,102533.92,84.93,293
A10025092,서울특별시,19,135792.86,102533.92,84.95,93
A10025092,서울특별시,19,135792.86,102533.92,84.97,120
A10025092,서울특별시,19,135792.86,102533.92,84.98,120
A10025092,서울특별시,19,135792.86,102533.92,114.88,98
A10025428,서울특별시,2,10882.687,7569.73,30.11,99
A10025428,서울특별시,2,10882.687,7569.73,40.28,79
A10025428,서울특별시,2,10882.687,7569.73,50.24,28
A10026710,서울특별시,1,7385.12,4093.11,13.1,1
A10026710,서울특별시,1,7385.12,4093.11,15.64,54
A10026710,서울특별시,1,7385.12,4093.11,15.98,12
A10026710,서울특별시,1,7385.12,4093.11,16.35,3
A10026710,서울특별시,1,7385.12,4093.11,18.38,1
A10026710,서울특별시,1,7385.12,4093.11,18.46,1
A10026710,서울특별시,1,7385.12,4093.11,18.56,3
A10026710,서울특별시,1,7385.12,4093.11,18.83,7
A10026710,서울특별시,1,7385.12,4093.11,19.61,30
A10026710,서울특별시,1,7385.12,4093.11,19.85,20
A10026710,서울특별시,1,7385.12,4093.11,20.45,42
A10026710,서울특별시,1,7385.12,4093.11,21.42,1
A10026710,서울특별시,1,7385.12,4093.11,21.98,1
A10026710,서울특별시,1,7385.12,4093.11,24.11,7
A10026710,서울특별시,1,7385.12,4093.11,25.26,5
A10026710,서울특별시,1,7385.12,4093.11,25.98,1
A10026710,서울특별시,1,7385.12,4093.11,26.27,1
A10026710,서울특별시,1,7385.12,4093.11,26.54,1
A10026710,서울특별시,1,7385.12,4093.11,27.09,3
A10026710,서울특별시,1,7385.12,4093.11,28.59,1
A10026710,서울특별시,1,7385.12,4093.11,29.13,7
A10026710,서울특별시,1,7385.12,4093.11,30.03,1
A10026710,서울특별시,1,7385.12,4093.11,30.25,1
A10026710,서울특별시,1,7385.12,4093.11,31.34,1
A10026710,서울특별시,1,7385.12,4093.11,31.9,1
A10026710,서울특별시,1,7385.12,4093.11,34.64,1
A10026710,서울특별시,1,7385.12,4093.11,36.92,1
A15105004,서울특별시,8,86842.94,60240.45,84.78,15
A15105004,서울특별시,8,86842.94,60240.45,84.84,650
A15105004,서울특별시,8,86842.94,60240.45,84.87,15
A15105004,서울특별시,8,86842.94,60240.45,84.99,30
A15105005,서울특별시,3,26742.58,20465,59.78,119
A15105005,서울특별시,3,26742.58,20465,84.85,72
A15105005,서울특별시,3,26742.58,20465,114.87,16
A15105005,서울특별시,3,26742.58,20465,114.98,47
A15105006,서울특별시,2,39182.72,29449.943,84.706,12
A15105006,서울특별시,2,39182.72,29449.943,84.923,124
A15105006,서울특별시,2,39182.72,29449.943,84.925,20
A15105006,서울특별시,2,39182.72,29449.943,114.919,121
A15105006,서울특별시,2,39182.72,29449.943,114.966,20
A15105008,서울특별시,7,37240.9,28354.25,59.98,95
A15105008,서울특별시,7,37240.9,28354.25,74.87,8
A15105008,서울특별시,7,37240.9,28354.25,80.12,8
A15105008,서울특별시,7,37240.9,28354.25,84.98,125
A15105008,서울특별시,7,37240.9,28354.25,84.99,127
A15105301,서울특별시,1,28443.52,12689.04,32.37,392
A15105302,서울특별시,23,202953.61,152563.11,59.58,1158
A15105302,서울특별시,23,202953.61,152563.11,84.2,255
A15105302,서울특별시,23,202953.61,152563.11,84.75,551
A15105302,서울특별시,23,202953.61,152563.11,84.9,22
A15105302,서울특별시,23,202953.61,152563.11,114.69,118
A15105303,서울특별시,26,235925.69,184527.44,58.59,513
A15105303,서울특별시,26,235925.69,184527.44,68.8,342
A15105303,서울특별시,26,235925.69,184527.44,84.74,240
A15105303,서울특별시,26,235925.69,184527.44,84.78,300
A15105303,서울특별시,26,235925.69,184527.44,105.84,210
A15105303,서울특별시,26,235925.69,184527.44,116.72,237
A15105303,서울특별시,26,235925.69,184527.44,116.86,112
A15105303,서울특별시,26,235925.69,184527.44,123.29,180
A15105503,서울특별시,5,85295.88,60376.68,32.76,1843
A15105602,서울특별시,2,36079.44,21811.14,30.42,717
A15105603,서울특별시,8,179254.9,136819.31,59.76,440
A15105603,서울특별시,8,179254.9,136819.31,84.96,747
A15105603,서울특별시,8,179254.9,136819.31,114.78,410
A15106001,서울특별시,2,20728.62,12868.6,34.76,2
A15106001,서울특별시,2,20728.62,12868.6,34.77,3
A15106001,서울특별시,2,20728.62,12868.6,35.24,145
A15106001,서울특별시,2,20728.62,12868.6,59.03,1
A15106001,서울특별시,2,20728.62,12868.6,59.25,5
A15106001,서울특별시,2,20728.62,12868.6,59.74,6
A15106001,서울특별시,2,20728.62,12868.6,59.75,115
A15106101,서울특별시,4,15247.08,15247.08,84.65,124
A15106101,서울특별시,4,15247.08,15247.08,84.83,56
A15106103,서울특별시,8,29808.451,21356.44,49.95,166
A15106103,서울특별시,8,29808.451,21356.44,59.93,218
A15106901,서울특별시,25,217088.77,166396.7,59.89,44
A15106901,서울특별시,25,217088.77,166396.7,59.92,709
A15106901,서울특별시,25,217088.77,166396.7,84.73,46
A15106901,서울특별시,25,217088.77,166396.7,84.87,577
A15106901,서울특별시,25,217088.77,166396.7,84.92,115
A15106901,서울특별시,25,217088.77,166396.7,114.99,510
A15176202,서울특별시,10,144013.14,111028.35,59.76,262
A15176202,서울특별시,10,144013.14,111028.35,84.87,644
A15176202,서울특별시,10,144013.14,111028.35,114.69,355
A15176602,서울특별시,3,17959.74,13760.34,49.21,19
A15176602,서울특별시,3,17959.74,13760.34,59.9,57
A15176602,서울특별시,3,17959.74,13760.34,82.75,89
A15176602,서울특별시,3,17959.74,13760.34,107.7,19
A15178201,서울특별시,18,225224.88,172529.89,59.99,753
A15178201,서울특별시,18,225224.88,172529.89,84.99,816
A15178201,서울특별시,18,225224.88,172529.89,101.95,278
A15178201,서울특별시,18,225224.88,172529.89,114.97,197
A15178201,서울특별시,18,225224.88,172529.89,114.99,61
A15178202,서울특별시,5,29590.92,23485.31,59.8,57
A15178202,서울특별시,5,29590.92,23485.31,83.87,69
A15178202,서울특별시,5,29590.92,23485.31,84.72,111
A15178202,서울특별시,5,29590.92,23485.31,111.04,44
A15178203,서울특별시,3,33773.824,17556.18,30.75,129
A15178203,서울특별시,3,33773.824,17556.18,31.53,431
A15178204,서울특별시,3,26413.342,26303.08,32.92,799
A15180701,서울특별시,1,20284.93,15564.18,57.36,72
A15180701,서울특별시,1,20284.93,15564.18,79.28,94
A15180701,서울특별시,1,20284.93,15564.18,107.62,37
A15180705,서울특별시,44,389395.94,302517.6,59.83,324
A15180705,서울특별시,44,389395.94,302517.6,59.85,324
A15180705,서울특별시,44,389395.94,302517.6,60,396
A15180705,서울특별시,44,389395.94,302517.6,84.96,1468
A15180705,서울특별시,44,389395.94,302517.6,102,248
A15180705,서울특별시,44,389395.94,302517.6,114.75,784
A15181602,서울특별시,3,30141.62,23497.11,61.74,104
A15181602,서울특별시,3,30141.62,23497.11,84.6,12
A15181602,서울특별시,3,30141.62,23497.11,84.69,45
A15181602,서울특별시,3,30141.62,23497.11,136.11,90
A15184101,서울특별시,7,36225.133,29075.29,59.96,159
A15184101,서울특별시,7,36225.133,29075.29,84.89,120
A15184101,서울특별시,7,36225.133,29075.29,84.92,50
A15184101,서울특별시,7,36225.133,29075.29,113.53,45
A15192201,서울특별시,7,47547.32,37580.23,59.75,198
A15192201,서울특별시,7,47547.32,37580.23,59.8,32
A15192201,서울특별시,7,47547.32,37580.23,84.7,186
A15192201,서울특별시,7,47547.32,37580.23,113.83,71
A15192202,서울특별시,4,54249.76,27158.04,32.76,829
A10020921,서울특별시,2,13527.16,10487.92,84.58,124
A10021418,서울특별시,1,25977.29,10577.57,16.82,42
A10021418,서울특별시,1,25977.29,10577.57,22.96,276
A10021418,서울특별시,1,25977.29,10577.57,26.55,39
A10021418,서울특별시,1,25977.29,10577.57,44.62,56
A10021742,서울특별시,1,2996.86,1827.33,14.05,47
A10021742,서울특별시,1,2996.86,1827.33,14.06,83
A10022412,서울특별시,3,11192.28,11192.28,84.79,132
A10022424,서울특별시,1,12382.2,9819.53,67.376,8
A10022424,서울특별시,1,12382.2,9819.53,73.36,64
A10022424,서울특별시,1,12382.2,9819.53,90.041,16
A10022424,서울특별시,1,12382.2,9819.53,101.446,31
A10022801,서울특별시,2,22890.23,9901.1,17.98,34
A10022801,서울특별시,2,22890.23,9901.1,18.89,72
A10022801,서울특별시,2,22890.23,9901.1,18.95,4
A10022801,서울특별시,2,22890.23,9901.1,39.66,60
A10022801,서울특별시,2,22890.23,9901.1,39.97,16
A10022801,서울특별시,2,22890.23,9901.1,42.72,60
A10022801,서울특별시,2,22890.23,9901.1,42.86,53
A10023661,서울특별시,7,96098.305,69442.34,44.9796,168
A10023661,서울특별시,7,96098.305,69442.34,59.9882,514
A10023661,서울특별시,7,96098.305,69442.34,59.9986,325
A10023661,서울특별시,7,96098.305,69442.34,84.9433,136
A10024621,서울특별시,1,12811.46,8027.39,59.86,110
A10024621,서울특별시,1,12811.46,8027.39,84.87,17
A10024634,서울특별시,1,10497.03,8252.31,59.99,24
A10024634,서울특별시,1,10497.03,8252.31,77.2,14
A10024634,서울특별시,1,10497.03,8252.31,77.75,41
A10024634,서울특별시,1,10497.03,8252.31,84.8,30
A10024749,서울특별시,1,12764,9680.62,59.96,60
A10024749,서울특별시,1,12764,9680.62,84.87,50
A10024749,서울특별시,1,12764,9680.62,114.97,16
A10026910,서울특별시,2,15206.48,11789.8,71.73,4
A10026910,서울특별시,2,15206.48,11789.8,84.58,136
A15101101,서울특별시,4,48383.33,37404.81,26.66,192
A15101101,서울특별시,4,48383.33,37404.81,50.57,149
A15101101,서울특별시,4,48383.33,37404.81,60.38,209
A15101101,서울특별시,4,48383.33,37404.81,78.43,56
A15101101,서울특별시,4,48383.33,37404.81,84.95,56
A15101101,서울특별시,4,48383.33,37404.81,114.71,26
A15101501,서울특별시,1,13973.281,10883.68,55.91,44
A15101501,서울특별시,1,13973.281,10883.68,73.73,18
A15101501,서울특별시,1,13973.281,10883.68,74.7,95
A15101503,서울특별시,8,36131.56,30125.188,59.985,86
A15101503,서울특별시,8,36131.56,30125.188,84.8098,174
A15101503,서울특별시,8,36131.56,30125.188,114.7143,89
A15101504,서울특별시,39,411422.56,234236.56,59.96,444
A15101504,서울특별시,39,411422.56,234236.56,59.99,436
A15101504,서울특별시,39,411422.56,234236.56,82.65,15
A15101504,서울특별시,39,411422.56,234236.56,84.96,114
A15101504,서울특별시,39,411422.56,234236.56,84.97,1107
A15101504,서울특별시,39,411422.56,234236.56,84.98,100
A15101504,서울특별시,39,411422.56,234236.56,107.26,20
A15101504,서울특별시,39,411422.56,234236.56,111.6,3
A15101504,서울특별시,39,411422.56,234236.56,114.7,571
A15101505,서울특별시,3,17481.07,13902.4,59.96,54
A15101505,서울특별시,3,17481.07,13902.4,84.95,68
A15101505,서울특별시,3,17481.07,13902.4,84.98,41
A15101505,서울특별시,3,17481.07,13902.4,100.27,14
A15101506,서울특별시,9,163623.39,126730.58,58.55,384
A15101506,서울특별시,9,163623.39,126730.58,83.21,670
A15101506,서울특별시,9,163623.39,126730.58,113.31,428
A15101507,서울특별시,7,59756.16,38687.87,38.07,603
A15101507,서울특별시,7,59756.16,38687.87,39.01,266
A15101507,서울특별시,7,59756.16,38687.87,59.5,90
A15101508,서울특별시,12,161040,126268.65,34.86,435
A15101508,서울특별시,12,161040,126268.65,59.85,269
A15101508,서울특별시,12,161040,126268.65,82.2,330
A15101508,서울특별시,12,161040,126268.65,105.36,270
A15101508,서울특별시,12,161040,126268.65,119.49,330
A15101509,서울특별시,1,6862.5,4624.5,30.83,150
A15101702,서울특별시,4,40654.746,20387.84,39.82,512
A15101802,서울특별시,4,33851.4,27404.79,81.42,100
A15101802,서울특별시,4,33851.4,27404.79,84.95,105
A15101802,서울특별시,4,33851.4,27404.79,84.98,36
A15101802,서울특별시,4,33851.4,27404.79,115.6,15
A15101802,서울특별시,4,33851.4,27404.79,115.62,48
A15101901,서울특별시,2,23378.883,16149,59.4,115
A15101901,서울특별시,2,23378.883,16149,66.39,8
A15101901,서울특별시,2,23378.883,16149,78.84,8
A15101901,서울특별시,2,23378.883,16149,84.96,96
A15101903,서울특별시,7,74941.88,57240.97,58.89,15
A15101903,서울특별시,7,74941.88,57240.97,58.9,197
A15101903,서울특별시,7,74941.88,57240.97,69.16,15
A15101903,서울특별시,7,74941.88,57240.97,69.17,220
A15101903,서울특별시,7,74941.88,57240.97,84.82,336
A15102202,서울특별시,4,22315.05,17266.79,59.99,41
A15102202,서울특별시,4,22315.05,17266.79,74.94,36
A15102202,서울특별시,4,22315.05,17266.79,84.93,108
A15102202,서울특별시,4,22315.05,17266.79,104.89,28
A15102203,서울특별시,3,36419.83,27415.95,59.26,229
A15102203,서울특별시,3,36419.83,27415.95,84.88,72
A15102203,서울특별시,3,36419.83,27415.95,84.9,1
A15102203,서울특별시,3,36419.83,27415.95,84.91,17
A15102203,서울특별시,3,36419.83,27415.95,114.92,54
A15102902,서울특별시,3,25289.43,20030.8,84.71,18
A15102902,서울특별시,3,25289.43,20030.8,84.89,218
A15176701,서울특별시,8,63759.6,50109.3,59.94,120
A15176701,서울특별시,8,63759.6,50109.3,84.15,510
A15177101,서울특별시,1,17619.914,13150.95,59.04,58
A15177101,서울특별시,1,17619.914,13150.95,59.13,19
A15177101,서울특별시,1,17619.914,13150.95,84.38,72
A15177101,서울특별시,1,17619.914,13150.95,114.9,22
A15178401,서울특별시,1,11526.88,8752.8,59.91,48
A15178401,서울특별시,1,11526.88,8752.8,84.6,48
A15178401,서울특별시,1,11526.88,8752.8,113.52,16
A15179403,서울특별시,6,31910.18,31910.18,39.01,818
A15179701,서울특별시,5,36786.51,36786.51,59.6,215
A15179701,서울특별시,5,36786.51,36786.51,84.77,171
A15179701,서울특별시,5,36786.51,36786.51,119.96,79
A15185201,서울특별시,1,15618.24,11990.49,59.97,54
A15185201,서울특별시,1,15618.24,11990.49,59.98,17
A15185201,서울특별시,1,15618.24,11990.49,84.97,68
A15185201,서울특별시,1,15618.24,11990.49,114.97,17
A15185704,서울특별시,3,37092.24,27001.8,41.04,216
A15185704,서울특별시,3,37092.24,27001.8,60.27,168
A15185704,서울특별시,3,37092.24,27001.8,74.13,36
A15185704,서울특별시,3,37092.24,27001.8,74.16,12
A15185704,서울특별시,3,37092.24,27001.8,74.22,60
A15186002,서울특별시,5,26679.309,27297.74,71.9,85
A15186002,서울특별시,5,26679.309,27297.74,84.22,30
A15186002,서울특별시,5,26679.309,27297.74,84.28,10
A15186002,서울특별시,5,26679.309,27297.74,84.44,211
A15187101,서울특별시,3,20918.27,15720.68,59.74,108
A15187101,서울특별시,3,20918.27,15720.68,84.86,47
A15187101,서울특별시,3,20918.27,15720.68,114.79,46
A15188101,서울특별시,4,26535.533,19563.56,43.92,112
A15188101,서울특별시,4,26535.533,19563.56,59.76,143
A15188101,서울특별시,4,26535.533,19563.56,73.48,83
A15188801,서울특별시,1,17332.12,10119.97,32.66,8
A15188801,서울특별시,1,17332.12,10119.97,33.29,55
A15188801,서울특별시,1,17332.12,10119.97,59.21,4
A15188801,서울특별시,1,17332.12,10119.97,59.93,130
A15190301,서울특별시,2,25263.6,22940.1,71.31,108
A15190301,서울특별시,2,25263.6,22940.1,73.29,12
A15190301,서울특별시,2,25263.6,22940.1,77.29,18
A15190301,서울특별시,2,25263.6,22940.1,79.31,2
A15190301,서울특별시,2,25263.6,22940.1,91.24,126
A15190301,서울특별시,2,25263.6,22940.1,93.79,14
A15190705,서울특별시,23,176283.45,145820.53,59.95,94
A15190705,서울특별시,23,176283.45,145820.53,84.79,649
A15190705,서울특별시,23,176283.45,145820.53,84.87,100
A15190705,서울특별시,23,176283.45,145820.53,114.84,350
A15190705,서울특별시,23,176283.45,145820.53,138.64,131
A15190705,서울특별시,23,176283.45,145820.53,138.74,132
A10020376,서울특별시,3,23557.541,17568.988,84.1414,6
A10020376,서울특별시,3,23557.541,17568.988,84.3536,8
A10020376,서울특별시,3,23557.541,17568.988,84.6328,7
A10020376,서울특별시,3,23557.541,17568.988,84.9318,7
A10020376,서울특별시,3,23557.541,17568.988,84.9825,14
A10020376,서울특별시,3,23557.541,17568.988,115.3529,8
A10020376,서울특별시,3,23557.541,17568.988,115.4906,15
A10020376,서울특별시,3,23557.541,17568.988,115.5819,2
A10020376,서울특별시,3,23557.541,17568.988,123.3567,8
A10020376,서울특별시,3,23557.541,17568.988,123.8214,8
A10020376,서울특별시,3,23557.541,17568.988,126.0683,7
A10020376,서울특별시,3,23557.541,17568.988,213.3349,7
A10020376,서울특별시,3,23557.541,17568.988,213.6667,5
A10020376,서울특별시,3,23557.541,17568.988,213.9203,6
A10020376,서울특별시,3,23557.541,17568.988,216.3134,6
A10020376,서울특별시,3,23557.541,17568.988,216.4175,7
A10020376,서울특별시,3,23557.541,17568.988,223.7193,5
A10020376,서울특별시,3,23557.541,17568.988,244.7652,1
A10020376,서울특별시,3,23557.541,17568.988,244.9903,1
A10024751,서울특별시,2,22756.49,18140.95,125.89,41
A10024751,서울특별시,2,22756.49,18140.95,158.26,79
A10024751,서울특별시,2,22756.49,18140.95,238.46,2
A10026162,서울특별시,1,13924,13924.2,49.65,24
A10026162,서울특별시,1,13924,13924.2,59.4,74
A10026162,서울특별시,1,13924,13924.2,59.98,8
A10026162,서울특별시,1,13924,13924.2,60.86,4
A10026162,서울특별시,1,13924,13924.2,83.96,22
A10026162,서울특별시,1,13924,13924.2,84.6,22
A10026162,서울특별시,1,13924,13924.2,84.9,46
A14321001,서울특별시,8,17363.57,13505.46,84.94,159
A14375301,서울특별시,5,56293.87,43993.9,59.99,98
A14375301,서울특별시,5,56293.87,43993.9,84.9,46
A14375301,서울특별시,5,56293.87,43993.9,84.96,100
A14375301,서울특별시,5,56293.87,43993.9,84.97,34
A14375301,서울특별시,5,56293.87,43993.9,130.17,150
A14375301,서울특별시,5,56293.87,43993.9,131.96,25
A14375302,서울특별시,2,20663.3,15270.7,65.63,20
A14375302,서울특별시,2,20663.3,15270.7,65.65,10
A14375302,서울특별시,2,20663.3,15270.7,65.66,20
A14375302,서울특별시,2,20663.3,15270.7,69,60
A14375302,서울특별시,2,20663.3,15270.7,69.01,20
A14375302,서울특별시,2,20663.3,15270.7,92.4,60
A14375302,서울특별시,2,20663.3,15270.7,92.42,10
A14375303,서울특별시,2,21360.36,17260.88,143.86,77
A14375303,서울특별시,2,21360.36,17260.88,147.23,42
A14380211,서울특별시,14,123530.57,109302.29,162.41,144
A14380211,서울특별시,14,123530.57,109302.29,166.9,1
A14380211,서울특별시,14,123530.57,109302.29,166.91,106
A14380211,서울특별시,14,123530.57,109302.29,166.92,1
A14380211,서울특별시,14,123530.57,109302.29,196,180
A14380211,서울특별시,14,123530.57,109302.29,226.44,1
A14380211,서울특별시,14,123530.57,109302.29,226.45,141
A14380211,서울특별시,14,123530.57,109302.29,226.54,2
A14380409,서울특별시,5,63404.95,53452.84,84.55,140
A14380409,서울특별시,5,63404.95,53452.84,126.94,224
A14380409,서울특별시,5,63404.95,53452.84,156.92,84
A14380414,서울특별시,11,99012.48,80168.48,75.55,280
A14380414,서울특별시,11,99012.48,80168.48,84.55,476
A14380414,서울특별시,11,99012.48,80168.48,102.61,28
A14380414,서울특별시,11,99012.48,80168.48,126.94,56
A14380414,서울특별시,11,99012.48,80168.48,156.91,56
A14380605,서울특별시,8,45771.12,25574.78,84.46,12
A14380605,서울특별시,8,45771.12,25574.78,84.55,65
A14380605,서울특별시,8,45771.12,25574.78,84.69,111
A14380605,서울특별시,8,45771.12,25574.78,84.78,114
A14381407,서울특별시,3,49330.15,32262.34,84.59,22
A14381407,서울특별시,3,49330.15,32262.34,84.92,358
A14381415,서울특별시,10,108459.96,81664.32,59.67,252
A14381415,서울특별시,10,108459.96,81664.32,74.92,168
A14381415,서울특별시,10,108459.96,81664.32,84.97,636
A14381504,서울특별시,4,24151.08,18649.74,59.93,76
A14381504,서울특별시,4,24151.08,18649.74,84.91,166
A14381506,서울특별시,3,34066.11,25737.75,58.62,75
A14381506,서울특별시,3,34066.11,25737.75,66.03,75
A14381506,서울특별시,3,34066.11,25737.75,69.06,60
A14381506,서울특별시,3,34066.11,25737.75,79.53,90
A14381506,서울특별시,3,34066.11,25737.75,84.66,30
A14381506,서울특별시,3,34066.11,25737.75,84.93,30
A14381508,서울특별시,5,41763.1,31554.75,59.97,223
A14381508,서울특별시,5,41763.1,31554.75,84.96,214
A14381510,서울특별시,3,58807.8,43256.74,59.94,94
A14381510,서울특별시,3,58807.8,43256.74,84.92,349
A14381510,서울특별시,3,58807.8,43256.74,84.95,94
A14381512,서울특별시,6,43769.65,43755.73,59.67,171
A14381512,서울특별시,6,43769.65,43755.73,74.88,114
A14381512,서울특별시,6,43769.65,43755.73,83.93,8
A14381512,서울특별시,6,43769.65,43755.73,83.96,8
A14381512,서울특별시,6,43769.65,43755.73,84.53,136
A14381512,서울특별시,6,43769.65,43755.73,84.56,144
A14381513,서울특별시,4,76231.22,47029.04,59.95,340
A14381513,서울특별시,4,76231.22,47029.04,84.86,314
A14381516,서울특별시,13,116331.71,89885.1,59.55,100
A14381516,서울특별시,13,116331.71,89885.1,59.76,247
A14381516,서울특별시,13,116331.71,89885.1,59.94,25
A14381516,서울특별시,13,116331.71,89885.1,84.51,25
A14381516,서울특별시,13,116331.71,89885.1,84.81,773
A10020066,서울특별시,1,23093.9,11028.96,19.66,318
A10020066,서울특별시,1,23093.9,11028.96,39.48,121
A10021381,서울특별시,3,19555.86,10124.67,59.63,29
A10021381,서울특별시,3,19555.86,10124.67,84.68,64
A10021381,서울특별시,3,19555.86,10124.67,84.76,21
A10021381,서울특별시,3,19555.86,10124.67,108.72,11
A10023951,서울특별시,11,86973.67,69744.35,84.8289,44
A10023951,서울특별시,11,86973.67,69744.35,84.9716,290
A10023951,서울특별시,11,86973.67,69744.35,84.9794,42
A10023951,서울특별시,11,86973.67,69744.35,84.9839,53
A10023951,서울특별시,11,86973.67,69744.35,84.9957,52
A10023951,서울특별시,11,86973.67,69744.35,115.9468,103
A10023951,서울특별시,11,86973.67,69744.35,115.9824,27
A10023951,서울특별시,11,86973.67,69744.35,115.9843,54
A10023951,서울특별시,11,86973.67,69744.35,115.9979,65
A10024667,서울특별시,2,19247.8,10961.6,84.32,130
A10025985,서울특별시,12,87991.74,66073.67,59.98,313
A10025985,서울특별시,12,87991.74,66073.67,75.43,18
A10025985,서울특별시,12,87991.74,66073.67,75.71,18
A10025985,서울특별시,12,87991.74,66073.67,75.82,86
A10025985,서울특별시,12,87991.74,66073.67,84.98,331
A10025985,서울특별시,12,87991.74,66073.67,102.88,35
A10025985,서울특별시,12,87991.74,66073.67,117.68,46
A10025985,서울특별시,12,87991.74,66073.67,122.87,2
A10025985,서울특별시,12,87991.74,66073.67,126.89,3
A10025985,서울특별시,12,87991.74,66073.67,145.01,2
A10026874,서울특별시,2,31265.064,16723.47,84.69,48
A10026874,서울특별시,2,31265.064,16723.47,84.81,98
A10026874,서울특별시,2,31265.064,16723.47,84.9,50
A10026874,서울특별시,2,31265.064,16723.47,101.97,1
A14320001,서울특별시,3,26787.93,19649.43,59.97,142
A14320001,서울특별시,3,26787.93,19649.43,84.99,131
A14320002,서울특별시,2,54977.28,32176.988,132.0263,76
A14320002,서울특별시,2,54977.28,32176.988,150.6416,112
A14320002,서울특별시,2,54977.28,32176.988,164.7228,32
A14320302,서울특별시,3,38617.86,30005.04,84.76,354
A14320304,서울특별시,15,189158.33,148388.1,59.82,654
A14320304,서울특별시,15,189158.33,148388.1,84.99,542
A14320304,서울특별시,15,189158.33,148388.1,126.66,168
A14320304,서울특별시,15,189158.33,148388.1,183.87,228
A14382101,서울특별시,1,41556.098,31518.06,84.69,18
A14382101,서울특별시,1,41556.098,31518.06,84.94,54
A14382101,서울특별시,1,41556.098,31518.06,97.92,8
A14382101,서울특별시,1,41556.098,31518.06,130.55,8
A14382101,서울특별시,1,41556.098,31518.06,132.08,36
A14382101,서울특별시,1,41556.098,31518.06,132.77,18
A14382101,서울특별시,1,41556.098,31518.06,141.78,18
A14382101,서울특별시,1,41556.098,31518.06,142.42,4
A14382101,서울특별시,1,41556.098,31518.06,144.51,65
A14382101,서울특별시,1,41556.098,31518.06,156.73,18
A14382101,서울특별시,1,41556.098,31518.06,161.87,3
A14382101,서울특별시,1,41556.098,31518.06,306.38,2
A14383203,서울특별시,3,50099,35745.29,84.78,18
A14383203,서울특별시,3,50099,35745.29,84.84,47
A14383203,서울특별시,3,50099,35745.29,84.92,331
A14383203,서울특별시,3,50099,35745.29,84.93,25
A14383205,서울특별시,15,205985.56,136313.62,84.75,216
A14383205,서울특별시,15,205985.56,136313.62,84.86,216
A14383205,서울특별시,15,205985.56,136313.62,84.88,216
A14383205,서울특별시,15,205985.56,136313.62,84.91,958
A10022248,서울특별시,3,23418.41,12520.15,71.13,8
A10022248,서울특별시,3,23418.41,12520.15,72.5,9
A10022248,서울특별시,3,23418.41,12520.15,73.56,9
A10022248,서울특별시,3,23418.41,12520.15,75.21,9
A10022248,서울특별시,3,23418.41,12520.15,78.83,4
A10022248,서울특별시,3,23418.41,12520.15,81.17,4
A10022248,서울특별시,3,23418.41,12520.15,84.54,2
A10022248,서울특별시,3,23418.41,12520.15,84.75,3
A10022248,서울특별시,3,23418.41,12520.15,84.87,2
A10022248,서울특별시,3,23418.41,12520.15,84.94,3
A10022248,서울특별시,3,23418.41,12520.15,84.96,1
A10022248,서울특별시,3,23418.41,12520.15,84.98,3
A10022248,서울특별시,3,23418.41,12520.15,106.71,1
A10022248,서울특별시,3,23418.41,12520.15,106.8,1
A10022248,서울특별시,3,23418.41,12520.15,116.96,3
A10022248,서울특별시,3,23418.41,12520.15,120.4,2
A10022248,서울특별시,3,23418.41,12520.15,124.65,28
A10022248,서울특별시,3,23418.41,12520.15,127.56,28
A10022248,서울특별시,3,23418.41,12520.15,132.41,2
A14383901,서울특별시,2,36478.7,26613.56,59.96,170
A14383901,서울특별시,2,36478.7,26613.56,79.28,22
A14383901,서울특별시,2,36478.7,26613.56,84.96,143
A14383901,서울특별시,2,36478.7,26613.56,114.86,22
A10020506,서울특별시,6,119332.78,61605.6,74.92,88
A10020506,서울특별시,6,119332.78,61605.6,84.73,44
A10020506,서울특별시,6,119332.78,61605.6,84.86,229
A10020506,서울특별시,6,119332.78,61605.6,101.88,134
A10020506,서울특별시,6,119332.78,61605.6,124.58,44
A10020506,서울특별시,6,119332.78,61605.6,125.67,2
A10020506,서울특별시,6,119332.78,61605.6,138.52,90
A10020686,서울특별시,1,26222.16,11309.803,20.1694,120
A10020686,서울특별시,1,26222.16,11309.803,20.4009,288
A10020686,서울특별시,1,26222.16,11309.803,41.25,24
A10020686,서울특별시,1,26222.16,11309.803,42.167,48
A10020868,서울특별시,1,22246.75,9316.5,23.09,150
A10020868,서울특별시,1,22246.75,9316.5,39.02,150
A10022137,서울특별시,2,25928.18,11804.27,59.99,21
A10022137,서울특별시,2,25928.18,11804.27,84.17,47
A10022137,서울특별시,2,25928.18,11804.27,84.26,21
A10022137,서울특별시,2,25928.18,11804.27,84.33,10
A10022137,서울특별시,2,25928.18,11804.27,84.59,47
A10022362,서울특별시,2,13868.06,10379.17,69.03,1
A10022362,서울특별시,2,13868.06,10379.17,82.56,62
A10022362,서울특별시,2,13868.06,10379.17,83.58,17
A10022362,서울특별시,2,13868.06,10379.17,89.81,1
A10022362,서울특별시,2,13868.06,10379.17,90.21,1
A10022362,서울특별시,2,13868.06,10379.17,94.76,16
A10022362,서울특별시,2,13868.06,10379.17,98.78,21
A10022641,서울특별시,2,19877.11,22190.4,169.22,67
A10022641,서울특별시,2,19877.11,22190.4,169.3,21
A10022641,서울특별시,2,19877.11,22190.4,169.46,20
A10022641,서울특별시,2,19877.11,22190.4,169.92,23
A10023282,서울특별시,2,16196.7,12954.72,84.57,30
A10023282,서울특별시,2,16196.7,12954.72,84.61,28
A10023282,서울특별시,2,16196.7,12954.72,138.68,28
A10023282,서울특별시,2,16196.7,12954.72,138.85,30
A10023336,서울특별시,2,11535.625,8423.889,46.971,28
A10023336,서울특별시,2,11535.625,8423.889,46.973,85
A10023336,서울특별시,2,11535.625,8423.889,59.923,52
A10024132,서울특별시,2,20166.883,14728.713,40.183,38
A10024132,서울특별시,2,20166.883,14728.713,40.2673,25
A10024132,서울특별시,2,20166.883,14728.713,40.2751,145
A10024132,서울특별시,2,20166.883,14728.713,59.079,23
A10024132,서울특별시,2,20166.883,14728.713,59.0905,49
A10024132,서울특별시,2,20166.883,14728.713,84.0374,25
A10026720,서울특별시,2,29827.92,21635.76,59.87,48
A10026720,서울특별시,2,29827.92,21635.76,84.79,48
A10026720,서울특별시,2,29827.92,21635.76,84.81,48
A10026720,서울특별시,2,29827.92,21635.76,84.92,96
A10026720,서울특별시,2,29827.92,21635.76,102.87,24
A14319001,서울특별시,1,15270.2,10974.1,59.79,70
A14319001,서울특별시,1,15270.2,10974.1,84.86,80
A14319002,서울특별시,2,17236.22,13343.21,84.41,11
A14319002,서울특별시,2,17236.22,13343.21,84.45,125
A14319002,서울특별시,2,17236.22,13343.21,84.47,11
A14319002,서울특별시,2,17236.22,13343.21,84.48,11
A14319003,서울특별시,2,21445.607,15281.54,83.11,74
A14319003,서울특별시,2,21445.607,15281.54,84.55,108
A14319005,서울특별시,2,24322.92,17023.8,83.45,204
A14319006,서울특별시,1,19697.01,19064.56,59.95,35
A14319006,서울특별시,1,19697.01,19064.56,84.66,38
A14319006,서울특별시,1,19697.01,19064.56,84.81,19
A14319006,서울특별시,1,19697.01,19064.56,84.88,143
A14319007,서울특별시,5,28391.5,22805.75,80.47,181
A14319007,서울특별시,5,28391.5,22805.75,108.43,76
A14319008,서울특별시,4,30759.12,23248.34,59.54,156
A14319008,서울특별시,4,30759.12,23248.34,84.65,138
A14319008,서울특별시,4,30759.12,23248.34,113.92,20
A14319009,서울특별시,4,25222.21,25222.21,59.91,133
A14319009,서울특별시,4,25222.21,25222.21,71.82,19
A14319009,서울특별시,4,25222.21,25222.21,84.75,50
A14319009,서울특별시,4,25222.21,25222.21,84.83,70
A14319009,서울특별시,4,25222.21,25222.21,114.28,50
A14319010,서울특별시,2,39900.83,30075.6,84.72,355
A14319011,서울특별시,6,54704.32,43139.88,51.57,182
A14319011,서울특별시,6,54704.32,43139.88,59.91,204
A14319011,서울특별시,6,54704.32,43139.88,79.75,270
A14319012,서울특별시,4,208368.12,157669.48,96.98,66
A14319012,서울특별시,4,208368.12,157669.48,100.29,15
A14319012,서울특별시,4,208368.12,157669.48,100.32,163
A14319012,서울특별시,4,208368.12,157669.48,110.34,4
A14319012,서울특별시,4,208368.12,157669.48,110.92,15
A14319012,서울특별시,4,208368.12,157669.48,119.41,161
A14319012,서울특별시,4,208368.12,157669.48,127.95,112
A14319012,서울특별시,4,208368.12,157669.48,131.37,10
A14319012,서울특별시,4,208368.12,157669.48,135.61,30
A14319012,서울특별시,4,208368.12,157669.48,139.54,128
A14319012,서울특별시,4,208368.12,157669.48,139.6,163
A14319012,서울특별시,4,208368.12,157669.48,163.53,265
A14319012,서울특별시,4,208368.12,157669.48,177.97,30
A14319012,서울특별시,4,208368.12,157669.48,187.11,4
A14319012,서울특별시,4,208368.12,157669.48,193.58,7
A14319012,서울특별시,4,208368.12,157669.48,243.94,4
A14319013,서울특별시,1,14560,10395.84,59.46,56
A14319013,서울특별시,1,14560,10395.84,84.12,84
A14319015,서울특별시,1,11745.453,9156.2,84.9,17
A14319015,서울특별시,1,11745.453,9156.2,84.92,34
A14319015,서울특별시,1,11745.453,9156.2,84.93,34
A14319015,서울특별시,1,11745.453,9156.2,114,17
A14319201,서울특별시,2,22003.3,17067,81.94,96
A14319201,서울특별시,2,22003.3,17067,82.08,99
A14319201,서울특별시,2,22003.3,17067,82.68,13
A14319203,서울특별시,3,27882.76,21057.51,59.72,65
A14319203,서울특별시,3,27882.76,21057.51,59.88,43
A14319203,서울특별시,3,27882.76,21057.51,76.94,51
A14319203,서울특별시,3,27882.76,21057.51,84.96,42
A14319203,서울특별시,3,27882.76,21057.51,84.97,23
A14319203,서울특별시,3,27882.76,21057.51,109.47,23
A14319203,서울특별시,3,27882.76,21057.51,114.63,23
A14319204,서울특별시,2,36248.97,36248.97,59.97,41
A14319204,서울특별시,2,36248.97,36248.97,84.9,398
A14319301,서울특별시,1,13467.012,13466.16,59.98,112
A14319301,서울특별시,1,13467.012,13466.16,84.97,28
A14319301,서울특별시,1,13467.012,13466.16,114.98,38
A14319302,서울특별시,3,21278.38,16377.21,59.87,72
A14319302,서울특별시,3,21278.38,16377.21,84.96,67
A14319302,서울특별시,3,21278.38,16377.21,84.99,75
A14319303,서울특별시,6,28125.2,22622.39,59.89,2
A14319303,서울특별시,6,28125.2,22622.39,83.61,1
A14319303,서울특별시,6,28125.2,22622.39,84.46,153
A14319303,서울특별시,6,28125.2,22622.39,98.33,34
A14319303,서울특별시,6,28125.2,22622.39,111.88,55
A14319305,서울특별시,2,34837.88,27493.14,84.96,46
A14319305,서울특별시,2,34837.88,27493.14,119.11,46
A14319305,서울특별시,2,34837.88,27493.14,153.79,56
A14319305,서울특별시,2,34837.88,27493.14,169.53,56
A14319306,서울특별시,3,34531.918,26196.5,84.96,128
A14319306,서울특별시,3,34531.918,26196.5,84.98,41
A14319306,서울특별시,3,34531.918,26196.5,122.69,44
A14319306,서울특별시,3,34531.918,26196.5,126.54,1
A14319306,서울특별시,3,34531.918,26196.5,126.65,2
A14319306,서울특별시,3,34531.918,26196.5,137.71,44
A14319307,서울특별시,2,35087.78,24211.32,59.96,147
A14319307,서울특별시,2,35087.78,24211.32,84.6,182
A14319311,서울특별시,5,74113.28,45259.38,59.94,313
A14319311,서울특별시,5,74113.28,45259.38,84.93,312
A14376501,서울특별시,1,19393.36,14888.31,61.26,24
A14376501,서울특별시,1,19393.36,14888.31,83.29,25
A14376501,서울특별시,1,19393.36,14888.31,83.31,49
A14376501,서울특별시,1,19393.36,14888.31,83.37,43
A14376501,서울특별시,1,19393.36,14888.31,83.38,44
A14377402,서울특별시,4,39812.92,29857.04,84.77,16
A14377402,서울특별시,4,39812.92,29857.04,84.92,61
A14377402,서울특별시,4,39812.92,29857.04,84.96,35
A14377402,서울특별시,4,39812.92,29857.04,84.98,57
A14377402,서울특별시,4,39812.92,29857.04,122.39,1
A14377402,서울특별시,4,39812.92,29857.04,122.55,18
A14377402,서울특별시,4,39812.92,29857.04,128.39,43
A14377402,서울특별시,4,39812.92,29857.04,141.29,1
A14377402,서울특별시,4,39812.92,29857.04,146.19,2
A14377402,서울특별시,4,39812.92,29857.04,149.85,1
A14377402,서울특별시,4,39812.92,29857.04,159.89,32
A14377402,서울특별시,4,39812.92,29857.04,159.96,1
A14377402,서울특별시,4,39812.92,29857.04,159.97,10
A14377402,서울특별시,4,39812.92,29857.04,194.42,1
A14386109,서울특별시,3,34809.926,26950.05,51.57,120
A14386109,서울특별시,3,34809.926,26950.05,64.79,135
A14386109,서울특별시,3,34809.926,26950.05,80.1,150
A14386110,서울특별시,7,43848.38,34452.9,51.39,75
A14386110,서울특별시,7,43848.38,34452.9,72.34,193
A14386110,서울특별시,7,43848.38,34452.9,79.58,1
A14386110,서울특별시,7,43848.38,34452.9,84.91,195
A14386802,서울특별시,2,22720.7,16950.72,59.96,156
A14386802,서울특별시,2,22720.7,16950.72,84.95,38
A14386802,서울특별시,2,22720.7,16950.72,114.97,38
A14387605,서울특별시,6,66412.32,57845.17,107.31,55
A14387605,서울특별시,6,66412.32,57845.17,108.35,88
A14387605,서울특별시,6,66412.32,57845.17,109.76,5
A14387605,서울특별시,6,66412.32,57845.17,110.22,8
A14387605,서울특별시,6,66412.32,57845.17,124.93,133
A14387605,서울특별시,6,66412.32,57845.17,137.45,10
A14387605,서울특별시,6,66412.32,57845.17,145.57,1
A14387605,서울특별시,6,66412.32,57845.17,157.87,132
A14387605,서울특별시,6,66412.32,57845.17,166.93,12
A14388204,서울특별시,4,25098.09,19235.24,59.94,117
A14388204,서울특별시,4,25098.09,19235.24,75.22,2
A14388204,서울특별시,4,25098.09,19235.24,84.7,101
A14388204,서울특별시,4,25098.09,19235.24,109.91,32
A14388208,서울특별시,4,39591.34,29879.92,59.76,151
A14388208,서울특별시,4,39591.34,29879.92,84.96,163
A14388208,서울특별시,4,39591.34,29879.92,114.88,61
A10020402,서울특별시,3,7362,6704.79,55.87,107
A10020402,서울특별시,3,7362,6704.79,55.9,13
A10023395,서울특별시,1,13339.229,6158.18,16.32,210
A10023395,서울특별시,1,13339.229,6158.18,30.17,12
A10023395,서울특별시,1,13339.229,6158.18,30.22,17
A10023395,서울특별시,1,13339.229,6158.18,30.41,47
A10023395,서울특별시,1,13339.229,6158.18,32.34,4
A10023395,서울특별시,1,13339.229,6158.18,32.93,4
A10023395,서울특별시,1,13339.229,6158.18,32.97,5
A14322001,서울특별시,3,18802.78,14377.48,58.43,76
A14322001,서울특별시,3,18802.78,14377.48,66.96,10
A14322001,서울특별시,3,18802.78,14377.48,84.6,56
A14322001,서울특별시,3,18802.78,14377.48,113.24,40
A10021996,서울특별시,1,6902.99,8284.56,13.83,39
A10021996,서울특별시,1,6902.99,8284.56,14,8
A10021996,서울특별시,1,6902.99,8284.56,14.71,1
A10021996,서울특별시,1,6902.99,8284.56,14.73,10
A10021996,서울특별시,1,6902.99,8284.56,15.2,10
A10021996,서울특별시,1,6902.99,8284.56,15.63,100
A10021996,서울특별시,1,6902.99,8284.56,16.53,29
A10021996,서울특별시,1,6902.99,8284.56,17.54,1
A10021996,서울특별시,1,6902.99,8284.56,18.03,1
A10021996,서울특별시,1,6902.99,8284.56,18.57,10
A10021996,서울특별시,1,6902.99,8284.56,18.63,50
A10021996,서울특별시,1,6902.99,8284.56,18.82,8
A10021996,서울특별시,1,6902.99,8284.56,18.93,1
A10021996,서울특별시,1,6902.99,8284.56,19.19,1
A10021996,서울특별시,1,6902.99,8284.56,19.2,10
A10021996,서울특별시,1,6902.99,8284.56,19.53,20
A10021996,서울특별시,1,6902.99,8284.56,19.54,2
A10021996,서울특별시,1,6902.99,8284.56,19.77,9
A10021996,서울특별시,1,6902.99,8284.56,20.15,1
A10021996,서울특별시,1,6902.99,8284.56,22.02,1
A10021996,서울특별시,1,6902.99,8284.56,22.35,1
A10021996,서울특별시,1,6902.99,8284.56,22.41,1
A10021996,서울특별시,1,6902.99,8284.56,22.53,6
A10021996,서울특별시,1,6902.99,8284.56,23.23,2
A10021996,서울특별시,1,6902.99,8284.56,23.31,4
A10021996,서울특별시,1,6902.99,8284.56,24.85,10
A10021996,서울특별시,1,6902.99,8284.56,33.43,2
A10021996,서울특별시,1,6902.99,8284.56,55.44,1
A10021996,서울특별시,1,6902.99,8284.56,64.56,1
A10021996,서울특별시,1,6902.99,8284.56,67.32,1
A10021996,서울특별시,1,6902.99,8284.56,71.68,1
A10021996,서울특별시,1,6902.99,8284.56,75.4,1
A10021996,서울특별시,1,6902.99,8284.56,81.59,1
A10021996,서울특별시,1,6902.99,8284.56,82.86,1
A10021996,서울특별시,1,6902.99,8284.56,84.52,1
A10021996,서울특별시,1,6902.99,8284.56,85.89,1
A10021996,서울특별시,1,6902.99,8284.56,88.66,1
A10021996,서울특별시,1,6902.99,8284.56,89.64,1
A10021996,서울특별시,1,6902.99,8284.56,91.98,1
A10021996,서울특별시,1,6902.99,8284.56,92.58,1
A10021996,서울특별시,1,6902.99,8284.56,94.06,1
A10021996,서울특별시,1,6902.99,8284.56,96.74,1
A10021996,서울특별시,1,6902.99,8284.56,97.75,1
A10021996,서울특별시,1,6902.99,8284.56,98.24,1
A10021996,서울특별시,1,6902.99,8284.56,98.56,2
A10021996,서울특별시,1,6902.99,8284.56,102.59,1
A10021996,서울특별시,1,6902.99,8284.56,105.05,2
A10021996,서울특별시,1,6902.99,8284.56,120.17,2
A10021996,서울특별시,1,6902.99,8284.56,144.76,2
A10022135,서울특별시,1,4758.996,2707.546,12.711,18
A10022135,서울특별시,1,4758.996,2707.546,12.874,59
A10022135,서울특별시,1,4758.996,2707.546,13.497,13
A10022135,서울특별시,1,4758.996,2707.546,15.161,5
A10022135,서울특별시,1,4758.996,2707.546,15.991,8
A10022135,서울특별시,1,4758.996,2707.546,16.273,13
A10022135,서울특별시,1,4758.996,2707.546,17.171,13
A10022135,서울특별시,1,4758.996,2707.546,17.248,13
A10022135,서울특별시,1,4758.996,2707.546,17.366,13
A10022135,서울특별시,1,4758.996,2707.546,17.509,26
A10022318,서울특별시,1,5427.5,2189.62,14.23,146
A10022318,서울특별시,1,5427.5,2189.62,21.72,2
A10022318,서울특별시,1,5427.5,2189.62,68.6,1
A10025404,서울특별시,1,3993.45,2614.44,14.09,12
A10025404,서울특별시,1,3993.45,2614.44,14.11,105
A10025404,서울특별시,1,3993.45,2614.44,14.77,3
A10025404,서울특별시,1,3993.45,2614.44,15.14,12
A10025404,서울특별시,1,3993.45,2614.44,17.04,9
A10025404,서울특별시,1,3993.45,2614.44,20.1,3
A10025404,서울특별시,1,3993.45,2614.44,29.12,18
A14313001,서울특별시,3,23874.92,18026.25,59.97,46
A14313001,서울특별시,3,23874.92,18026.25,59.99,92
A14313001,서울특별시,3,23874.92,18026.25,84.77,115
A10020359,서울특별시,3,9933.07,7495.24,33.64,6
A10020359,서울특별시,3,9933.07,7495.24,34.49,7
A10020359,서울특별시,3,9933.07,7495.24,35.28,7
A10020359,서울특별시,3,9933.07,7495.24,36.98,7
A10020359,서울특별시,3,9933.07,7495.24,37.31,14
A10020359,서울특별시,3,9933.07,7495.24,38.65,7
A10020359,서울특별시,3,9933.07,7495.24,40.29,7
A10020359,서울특별시,3,9933.07,7495.24,42.38,42
A10020359,서울특별시,3,9933.07,7495.24,43.11,5
A10020359,서울특별시,3,9933.07,7495.24,43.14,7
A10020359,서울특별시,3,9933.07,7495.24,48.01,5
A10020359,서울특별시,3,9933.07,7495.24,51.96,7
A10020359,서울특별시,3,9933.07,7495.24,54.05,7
A10020359,서울특별시,3,9933.07,7495.24,58.41,7
A10020359,서울특별시,3,9933.07,7495.24,60.98,7
A10020359,서울특별시,3,9933.07,7495.24,61.15,7
A10020359,서울특별시,3,9933.07,7495.24,67.94,7
A10020359,서울특별시,3,9933.07,7495.24,73.69,5
A10020359,서울특별시,3,9933.07,7495.24,83.81,1
A10020664,서울특별시,1,19907.51,14655.003,78.476,17
A10020664,서울특별시,1,19907.51,14655.003,83.052,17
A10020664,서울특별시,1,19907.51,14655.003,114.286,34
A10020664,서울특별시,1,19907.51,14655.003,116.276,34
A10020664,서울특별시,1,19907.51,14655.003,119.467,17
A10020664,서울특별시,1,19907.51,14655.003,119.94,17
A10020672,서울특별시,1,30467.59,14051.863,18.5506,413
A10020672,서울특별시,1,30467.59,14051.863,18.8878,45
A10020672,서울특별시,1,30467.59,14051.863,36.6549,21
A10020672,서울특별시,1,30467.59,14051.863,36.6617,21
A10020672,서울특별시,1,30467.59,14051.863,37.7756,84
A10020672,서울특별시,1,30467.59,14051.863,39.415,21
A10020797,서울특별시,1,9388.041,6716.984,39.1136,15
A10020797,서울특별시,1,9388.041,6716.984,44.0497,17
A10020797,서울특별시,1,9388.041,6716.984,59.1202,18
A10020797,서울특별시,1,9388.041,6716.984,59.9525,36
A10020797,서울특별시,1,9388.041,6716.984,59.9717,36
A10020958,서울특별시,3,29898.367,21952.918,49.913,21
A10020958,서울특별시,3,29898.367,21952.918,59.611,64
A10020958,서울특별시,3,29898.367,21952.918,59.927,106
A10020958,서울특별시,3,29898.367,21952.918,84.614,42
A10020958,서울특별시,3,29898.367,21952.918,84.73,3
A10020958,서울특별시,3,29898.367,21952.918,84.787,59
A10020958,서울특별시,3,29898.367,21952.918,84.879,20
A10020958,서울특별시,3,29898.367,21952.918,114.694,2
A10021547,서울특별시,1,7379.51,7151.18,67.36,84
A10021547,서울특별시,1,7379.51,7151.18,71.38,11
A10021547,서울특별시,1,7379.51,7151.18,78.64,9
A10021629,서울특별시,1,13593.252,6888.41,42.35,15
A10021629,서울특별시,1,13593.252,6888.41,44.4,15
A10021629,서울특별시,1,13593.252,6888.41,45.32,45
A10021629,서울특별시,1,13593.252,6888.41,47.74,44
A10021629,서울특별시,1,13593.252,6888.41,48.24,30
A10024745,서울특별시,8,162541.75,85540.55,59.948,47
A10024745,서울특별시,8,162541.75,85540.55,74.9145,102
A10024745,서울특별시,8,162541.75,85540.55,74.9361,477
A10024745,서울특별시,8,162541.75,85540.55,84.9407,99
A10024745,서울특별시,8,162541.75,85540.55,84.9625,176
A10024745,서울특별시,8,162541.75,85540.55,84.9716,188
A15209002,서울특별시,26,216427.3,170123.06,59.57,828
A15209002,서울특별시,26,216427.3,170123.06,84.57,690
A15209002,서울특별시,26,216427.3,170123.06,123.46,275
A15209002,서울특별시,26,216427.3,170123.06,149.97,190
A15209003,서울특별시,1,14166.36,10762.56,64.56,96
A15209003,서울특별시,1,14166.36,10762.56,76.08,60
A15209004,서울특별시,11,78442.96,58459.59,59.99,123
A15209004,서울특별시,11,78442.96,58459.59,84.98,457
A15209004,서울특별시,11,78442.96,58459.59,117.74,104
A15209006,서울특별시,1,10281.387,7689.04,59.94,32
A15209006,서울특별시,1,10281.387,7689.04,84.18,4
A15209006,서울특별시,1,10281.387,7689.04,84.91,64
A15209007,서울특별시,10,102776.85,78380.76,59.86,172
A15209007,서울특별시,10,102776.85,78380.76,59.9,42
A15209007,서울특별시,10,102776.85,78380.76,71.49,48
A15209007,서울특별시,10,102776.85,78380.76,71.86,48
A15209007,서울특별시,10,102776.85,78380.76,71.95,96
A15209007,서울특별시,10,102776.85,78380.76,84.83,168
A15209007,서울특별시,10,102776.85,78380.76,84.88,72
A15209007,서울특별시,10,102776.85,78380.76,84.94,240
A15209007,서울특별시,10,102776.85,78380.76,119.86,46
A15209007,서울특별시,10,102776.85,78380.76,119.98,46
A15209201,서울특별시,2,18613.88,14060.52,59.4,94
A15209201,서울특별시,2,18613.88,14060.52,84.06,47
A15209201,서울특별시,2,18613.88,14060.52,96.3,47
A15209202,서울특별시,2,37518.85,27993.06,59.86,133
A15209202,서울특별시,2,37518.85,27993.06,84.88,236
A15209203,서울특별시,2,58284.285,46182.55,56.69,1
A15209203,서울특별시,2,58284.285,46182.55,59.69,214
A15209203,서울특별시,2,58284.285,46182.55,84.96,198
A15209203,서울특별시,2,58284.285,46182.55,111.69,148
A15209205,서울특별시,6,87133.58,65722.89,59.4,313
A15209205,서울특별시,6,87133.58,65722.89,84.945,226
A15209205,서울특별시,6,87133.58,65722.89,114.48,244
A15209206,서울특별시,11,82544.88,82561.07,59.49,302
A15209206,서울특별시,11,82544.88,82561.07,84.915,424
A15209206,서울특별시,11,82544.88,82561.07,115,203
A15209206,서울특별시,11,82544.88,82561.07,131.19,1
A15209206,서울특별시,11,82544.88,82561.07,134.91,2
A15209206,서울특별시,11,82544.88,82561.07,151.41,32
A15209207,서울특별시,31,274923.12,211890.81,59.94,545
A15209207,서울특별시,31,274923.12,211890.81,84.96,94
A15209207,서울특별시,31,274923.12,211890.81,84.99,1088
A15209207,서울특별시,31,274923.12,211890.81,114.99,685
A15209303,서울특별시,2,21001.926,14972.28,59.93,90
A15209303,서울특별시,2,21001.926,14972.28,74.56,43
A15209303,서울특별시,2,21001.926,14972.28,84.94,25
A15209303,서울특별시,2,21001.926,14972.28,84.98,50
A15209304,서울특별시,2,22692.031,17871.55,65.71,48
A15209304,서울특별시,2,22692.031,17871.55,84.98,139
A15209304,서울특별시,2,22692.031,17871.55,116.21,25
A15209305,서울특별시,13,142196.14,104917.22,59.95,557
A15209305,서울특별시,13,142196.14,104917.22,84.96,735
A15209305,서울특별시,13,142196.14,104917.22,114.93,79
A15275101,서울특별시,2,24410,16893.65,62.23,34
A15275101,서울특별시,2,24410,16893.65,84.41,156
A15275101,서울특별시,2,24410,16893.65,84.73,19
A15280303,서울특별시,3,28014.58,21820.22,59.9,97
A15280303,서울특별시,3,28014.58,21820.22,84.96,76
A15280303,서울특별시,3,28014.58,21820.22,132.68,72
A15280304,서울특별시,3,28324.965,22234.33,49.76,5
A15280304,서울특별시,3,28324.965,22234.33,59.89,60
A15280304,서울특별시,3,28324.965,22234.33,59.91,27
A15280304,서울특별시,3,28324.965,22234.33,84.96,85
A15280304,서울특별시,3,28324.965,22234.33,132.68,72
A15280602,서울특별시,1,16712.47,12353.99,59.81,76
A15280602,서울특별시,1,16712.47,12353.99,74.1,40
A15280602,서울특별시,1,16712.47,12353.99,84.99,57
A15282105,서울특별시,2,40496.3,31439.66,59.78,122
A15282105,서울특별시,2,40496.3,31439.66,84.96,200
A15282105,서울특별시,2,40496.3,31439.66,143.09,50
A10021933,서울특별시,1,11629.71,8170.11,59.97,67
A10021933,서울특별시,1,11629.71,8170.11,65.37,30
A10021933,서울특별시,1,11629.71,8170.11,84.27,26
A10023598,서울특별시,5,68294.5,52645.67,64.92,142
A10023598,서울특별시,5,68294.5,52645.67,64.96,155
A10023598,서울특별시,5,68294.5,52645.67,64.98,170
A10023598,서울특별시,5,68294.5,52645.67,79.97,279
A10023604,서울특별시,6,155227.31,104499.69,64.78,73
A10023604,서울특별시,6,155227.31,104499.69,64.89,281
A10023604,서울특별시,6,155227.31,104499.69,64.93,297
A10023604,서울특별시,6,155227.31,104499.69,64.95,155
A10023604,서울특별시,6,155227.31,104499.69,79.75,6
A10023604,서울특별시,6,155227.31,104499.69,79.89,138
A10023604,서울특별시,6,155227.31,104499.69,79.92,249
A10023604,서울특별시,6,155227.31,104499.69,79.93,260
A15208003,서울특별시,7,61717.57,48696.023,59.998,124
A15208003,서울특별시,7,61717.57,48696.023,84.974,20
A15208003,서울특별시,7,61717.57,48696.023,84.994,410
A15208003,서울특별시,7,61717.57,48696.023,102.375,46
A15208005,서울특별시,2,18632.01,14544.887,59.491,19
A15208005,서울특별시,2,18632.01,14544.887,59.69,8
A15208005,서울특별시,2,18632.01,14544.887,66.838,11
A15208005,서울특별시,2,18632.01,14544.887,84.923,79
A15208005,서울특별시,2,18632.01,14544.887,94.421,43
A15208005,서울특별시,2,18632.01,14544.887,95.52,15
A15208006,서울특별시,6,27769.143,26539.605,35.466,7
A15208006,서울특별시,6,27769.143,26539.605,35.48,52
A15208006,서울특별시,6,27769.143,26539.605,59.962,20
A15208006,서울특별시,6,27769.143,26539.605,84.742,86
A15208006,서울특별시,6,27769.143,26539.605,84.876,25
A15208006,서울특별시,6,27769.143,26539.605,84.887,72
A15208006,서울특별시,6,27769.143,26539.605,84.895,25
A15208006,서울특별시,6,27769.143,26539.605,84.896,12
A15208006,서울특별시,6,27769.143,26539.605,114.611,40
A15208007,서울특별시,4,15289.2,15287.73,84.92,24
A15208007,서울특별시,4,15289.2,15287.73,84.93,137
A15208007,서울특별시,4,15289.2,15287.73,84.96,19
A15208201,서울특별시,1,15323.997,11581.02,59.94,86
A15208201,서울특별시,1,15323.997,11581.02,65.52,4
A15208201,서울특별시,1,15323.997,11581.02,71.1,15
A15208201,서울특별시,1,15323.997,11581.02,84.96,60
A15208202,서울특별시,2,32380.36,20050.95,59.82,93
A15208202,서울특별시,2,32380.36,20050.95,84.96,95
A15208202,서울특별시,2,32380.36,20050.95,107.91,19
A15208202,서울특별시,2,32380.36,20050.95,114.9,38
A15208204,서울특별시,7,38950.805,31067.54,59.647,133
A15208204,서울특별시,7,38950.805,31067.54,84.684,18
A15208204,서울특별시,7,38950.805,31067.54,84.726,46
A15208204,서울특별시,7,38950.805,31067.54,84.98,149
A15208204,서울특별시,7,38950.805,31067.54,114.79,44
A15279401,서울특별시,2,12226.86,8999.67,59.27,39
A15279401,서울특별시,2,12226.86,8999.67,84.66,79
A15279402,서울특별시,8,43026.78,33413.12,59.95,94
A15279402,서울특별시,8,43026.78,33413.12,84.91,152
A15279402,서울특별시,8,43026.78,33413.12,84.98,175
A15279403,서울특별시,11,67351.92,52291.38,59.89,282
A15279403,서울특별시,11,67351.92,52291.38,84.94,276
A15279403,서울특별시,11,67351.92,52291.38,114.99,104
A15279404,서울특별시,13,79253.31,79252.61,59.94,21
A15279404,서울특별시,13,79253.31,79252.61,59.95,14
A15279404,서울특별시,13,79253.31,79252.61,59.96,219
A15279404,서울특별시,13,79253.31,79252.61,59.97,146
A15279404,서울특별시,13,79253.31,79252.61,71.52,25
A15279404,서울특별시,13,79253.31,79252.61,71.53,16
A15279404,서울특별시,13,79253.31,79252.61,84.98,139
A15279404,서울특별시,13,79253.31,79252.61,84.99,209
A15279404,서울특별시,13,79253.31,79252.61,114.95,198
A15282403,서울특별시,3,29237.057,28833.65,74.1,1
A15282403,서울특별시,3,29237.057,28833.65,85.26,30
A15282403,서울특별시,3,29237.057,28833.65,89.05,5
A15282403,서울특별시,3,29237.057,28833.65,89.09,1
A15282403,서울특별시,3,29237.057,28833.65,89.31,50
A15282403,서울특별시,3,29237.057,28833.65,89.47,10
A15282403,서울특별시,3,29237.057,28833.65,93.7,40
A15282403,서울특별시,3,29237.057,28833.65,95.73,10
A15282403,서울특별시,3,29237.057,28833.65,99.38,9
A15282403,서울특별시,3,29237.057,28833.65,105.44,39
A15282403,서울특별시,3,29237.057,28833.65,105.83,1
A15282403,서울특별시,3,29237.057,28833.65,111.57,30
A15282403,서울특별시,3,29237.057,28833.65,111.6,64
A15282405,서울특별시,10,15272.73,16663.95,46.97,8
A15282405,서울특별시,10,15272.73,16663.95,46.98,2
A15282405,서울특별시,10,15272.73,16663.95,47,62
A15282405,서울특별시,10,15272.73,16663.95,47.01,88
A15282405,서울특별시,10,15272.73,16663.95,47.23,36
A15282405,서울특별시,10,15272.73,16663.95,47.24,9
A15282405,서울특별시,10,15272.73,16663.95,47.26,54
A15282405,서울특별시,10,15272.73,16663.95,47.27,21
A15282405,서울특별시,10,15272.73,16663.95,48.04,50
A15282405,서울특별시,10,15272.73,16663.95,89.26,4
A15282405,서울특별시,10,15272.73,16663.95,89.27,8
A15282608,서울특별시,4,44272.25,31423.92,58.5,66
A15282608,서울특별시,4,44272.25,31423.92,68.7,198
A15282608,서울특별시,4,44272.25,31423.92,79.32,176
A15282810,서울특별시,5,67557.02,55562.77,59.25,15
A15282810,서울특별시,5,67557.02,55562.77,59.26,63
A15282810,서울특별시,5,67557.02,55562.77,64.39,2
A15282810,서울특별시,5,67557.02,55562.77,69.53,95
A15282810,서울특별시,5,67557.02,55562.77,69.54,112
A15282810,서울특별시,5,67557.02,55562.77,70.15,48
A15282810,서울특별시,5,67557.02,55562.77,70.16,56
A15282810,서울특별시,5,67557.02,55562.77,70.47,38
A15282810,서울특별시,5,67557.02,55562.77,92.46,241
A15282810,서울특별시,5,67557.02,55562.77,92.47,45
A15283603,서울특별시,3,26376.475,19937,59.96,113
A15283603,서울특별시,3,26376.475,19937,70.98,12
A15283603,서울특별시,3,26376.475,19937,71.07,18
A15283603,서울특별시,3,26376.475,19937,84.85,130
A15283701,서울특별시,1,15067.765,11490.73,59.86,9
A15283701,서울특별시,1,15067.765,11490.73,59.92,16
A15283701,서울특별시,1,15067.765,11490.73,59.98,69
A15283701,서울특별시,1,15067.765,11490.73,84.85,69
A15283702,서울특별시,3,23430.07,16418.06,65.16,18
A15283702,서울특별시,3,23430.07,16418.06,71.66,9
A15283702,서울특별시,3,23430.07,16418.06,76.76,9
A15283702,서울특별시,3,23430.07,16418.06,79.77,10
A15283702,서울특별시,3,23430.07,16418.06,80.29,48
A15283702,서울특별시,3,23430.07,16418.06,83.98,11
A15283702,서울특별시,3,23430.07,16418.06,84.06,24
A15283702,서울특별시,3,23430.07,16418.06,84.19,54
A15283702,서울특별시,3,23430.07,16418.06,84.3,21
A15283704,서울특별시,4,42814.38,25668.72,59.82,98
A15283704,서울특별시,4,42814.38,25668.72,84.96,106
A15283704,서울특별시,4,42814.38,25668.72,114.9,94
A15283706,서울특별시,4,39183,30522.32,59.77,11
A15283706,서울특별시,4,39183,30522.32,59.84,22
A15283706,서울특별시,4,39183,30522.32,59.9,80
A15283706,서울특별시,4,39183,30522.32,84.92,144
A15283706,서울특별시,4,39183,30522.32,84.99,17
A15283706,서울특별시,4,39183,30522.32,115.31,36
A15283706,서울특별시,4,39183,30522.32,131.82,45
A15283707,서울특별시,5,42654.543,33065.42,84.56,362
A15283707,서울특별시,5,42654.543,33065.42,84.64,15
A15283707,서울특별시,5,42654.543,33065.42,84.65,14
A15283709,서울특별시,4,45549.48,34664.76,59.94,225
A15283709,서울특별시,4,45549.48,34664.76,84.87,146
A15283709,서울특별시,4,45549.48,34664.76,114.12,77
A15283711,서울특별시,11,75201.91,75201.91,84.878,886
A10020947,서울특별시,1,23127.246,15582.125,138.358,25
A10020947,서울특별시,1,23127.246,15582.125,152.14,4
A10020947,서울특별시,1,23127.246,15582.125,153.259,25
A10020947,서울특별시,1,23127.246,15582.125,153.61,48
A10020947,서울특별시,1,23127.246,15582.125,154.93,2
A10021077,서울특별시,1,13267.7,9562.07,77.33,9
A10021077,서울특별시,1,13267.7,9562.07,77.75,9
A10021077,서울특별시,1,13267.7,9562.07,82.28,10
A10021077,서울특별시,1,13267.7,9562.07,82.39,10
A10021077,서울특별시,1,13267.7,9562.07,82.76,17
A10021077,서울특별시,1,13267.7,9562.07,83.02,17
A10021077,서울특별시,1,13267.7,9562.07,83.95,17
A10021077,서울특별시,1,13267.7,9562.07,84.22,17
A10021077,서울특별시,1,13267.7,9562.07,84.25,10
A10021214,서울특별시,1,10782.74,8601.019,66.122,28
A10021214,서울특별시,1,10782.74,8601.019,66.85,14
A10021214,서울특별시,1,10782.74,8601.019,78.555,5
A10021214,서울특별시,1,10782.74,8601.019,84.702,64
A10021330,서울특별시,1,11580.39,9236.31,84.69,79
A10021330,서울특별시,1,11580.39,9236.31,84.86,30
A10021345,서울특별시,2,11855.614,9202.43,59.651,115
A10021345,서울특별시,2,11855.614,9202.43,68.656,20
A10021345,서울특별시,2,11855.614,9202.43,70.089,10
A10021345,서울특별시,2,11855.614,9202.43,84.617,2
A10021345,서울특별시,2,11855.614,9202.43,99.321,1
A10021636,서울특별시,1,9090.688,6069,59.5,102
A10021832,서울특별시,3,17129.14,10472.623,65.7595,15
A10021832,서울특별시,3,17129.14,10472.623,71.5141,12
A10021832,서울특별시,3,17129.14,10472.623,79.7512,5
A10021832,서울특별시,3,17129.14,10472.623,84.8382,97
A10022110,서울특별시,2,9647.024,7855.2993,59.916,12
A10022110,서울특별시,2,9647.024,7855.2993,81.0944,88
A10022146,서울특별시,1,10580.07,10580.07,84.63,114
A10022146,서울특별시,1,10580.07,10580.07,84.75,11
A10023471,서울특별시,1,7336.32,4211.36,16.71,120
A10023471,서울특별시,1,7336.32,4211.36,25.07,88
A10027493,서울특별시,1,11474.31,7874.99,56.19,65
A10027493,서울특별시,1,11474.31,7874.99,61.25,15
A10027493,서울특별시,1,11474.31,7874.99,70.17,13
A10027493,서울특별시,1,11474.31,7874.99,70.23,16
A10027493,서울특별시,1,11474.31,7874.99,79.25,16
A10027507,서울특별시,1,11309.55,8898.75,84.72,90
A10027507,서울특별시,1,11309.55,8898.75,84.93,15
A15205001,서울특별시,2,21091.42,16641.86,53.51,20
A15205001,서울특별시,2,21091.42,16641.86,59.45,40
A15205001,서울특별시,2,21091.42,16641.86,77.45,1
A15205001,서울특별시,2,21091.42,16641.86,84.42,36
A15205001,서울특별시,2,21091.42,16641.86,84.54,20
A15205001,서울특별시,2,21091.42,16641.86,84.71,99
A15205002,서울특별시,1,17533.875,12199.2,27.6,442
A15205103,서울특별시,3,31825.828,22372.32,59.34,104
A15205103,서울특별시,3,31825.828,22372.32,84.38,192
A15205104,서울특별시,8,39354.5,39355.293,74.229,38
A15205104,서울특별시,8,39354.5,39355.293,84.962,376
A15205104,서울특별시,8,39354.5,39355.293,114.722,40
A15205108,서울특별시,10,86516.05,66439.13,59.44,382
A15205108,서울특별시,10,86516.05,66439.13,84.49,248
A15205108,서울특별시,10,86516.05,66439.13,114.47,199
A15205301,서울특별시,4,23249.4,18892.95,59.94,30
A15205301,서울특별시,4,23249.4,18892.95,71.04,45
A15205301,서울특별시,4,23249.4,18892.95,84.23,165
A15205303,서울특별시,7,37737.28,28411.16,50.03,104
A15205303,서울특별시,7,37737.28,28411.16,50.17,100
A15205303,서울특별시,7,37737.28,28411.16,58.03,252
A15205303,서울특별시,7,37737.28,28411.16,84.94,42
A15205305,서울특별시,9,41353.07,29536.66,36.88,401
A15205305,서울특별시,9,41353.07,29536.66,50.14,157
A15205305,서울특별시,9,41353.07,29536.66,57.1,62
A15205305,서울특별시,9,41353.07,29536.66,83.39,40
A15205405,서울특별시,10,94114.58,65391.3,44.64,801
A15205405,서울특별시,10,94114.58,65391.3,51.84,280
A15205405,서울특별시,10,94114.58,65391.3,63.33,102
A15205405,서울특별시,10,94114.58,65391.3,84.9,102
A15205508,서울특별시,1,39657.74,30286.92,84.87,36
A15205508,서울특별시,1,39657.74,30286.92,84.91,36
A15205508,서울특별시,1,39657.74,30286.92,84.94,36
A15205508,서울특별시,1,39657.74,30286.92,84.98,52
A15205508,서울특별시,1,39657.74,30286.92,101.96,68
A15205508,서울특별시,1,39657.74,30286.92,133.78,68
A15205508,서울특별시,1,39657.74,30286.92,180.88,1
A15205508,서울특별시,1,39657.74,30286.92,243.42,2
A15205511,서울특별시,11,80883.42,63301.64,59.68,160
A15205511,서울특별시,11,80883.42,63301.64,59.96,80
A15205511,서울특별시,11,80883.42,63301.64,84.93,328
A15205511,서울특별시,11,80883.42,63301.64,131.3,114
A15205511,서울특별시,11,80883.42,63301.64,170.3,36
A15205513,서울특별시,13,144800.9,113759,59.88,270
A15205513,서울특별시,13,144800.9,113759,84.87,688
A15205513,서울특별시,13,144800.9,113759,101.74,108
A15205513,서울특별시,13,144800.9,113759,134.88,100
A15205513,서울특별시,13,144800.9,113759,171.22,86
A15270501,서울특별시,1,11920.69,8992.35,59.97,41
A15270501,서울특별시,1,11920.69,8992.35,60,20
A15270501,서울특별시,1,11920.69,8992.35,84.66,63
A15283801,서울특별시,2,19471.068,17884.9,105,25
A15283801,서울특별시,2,19471.068,17884.9,107.98,54
A15283801,서울특별시,2,19471.068,17884.9,123.9,26
A15283801,서울특별시,2,19471.068,17884.9,124.11,24
A15283801,서울특별시,2,19471.068,17884.9,124.19,26
A15283803,서울특별시,1,16964.39,12014.3,59.96,83
A15283803,서울특별시,1,16964.39,12014.3,84.7,36
A15283803,서울특별시,1,16964.39,12014.3,84.86,47
A15283806,서울특별시,1,29663.6,20593.51,59.95,143
A15283806,서울특별시,1,29663.6,20593.51,84.35,72
A15283806,서울특별시,1,29663.6,20593.51,84.95,46
A15283806,서울특별시,1,29663.6,20593.51,84.99,24
A15283807,서울특별시,3,35534.516,25400.799,84.952,269
A15283807,서울특별시,3,35534.516,25400.799,84.957,30
A15283809,서울특별시,3,32473.31,32021.07,55.73,1
A15283809,서울특별시,3,32473.31,32021.07,68.51,104
A15283809,서울특별시,3,32473.31,32021.07,85.78,74
A15283809,서울특별시,3,32473.31,32021.07,101.78,1
A15283809,서울특별시,3,32473.31,32021.07,103.3,104
A15283809,서울특별시,3,32473.31,32021.07,127.46,60
A15283902,서울특별시,3,38663.01,28245.33,56.49,90
A15283902,서울특별시,3,38663.01,28245.33,61.77,59
A15283902,서울특별시,3,38663.01,28245.33,72.33,119
A15283902,서울특별시,3,38663.01,28245.33,84.57,129
A15284101,서울특별시,1,14977.512,10763.01,64.45,128
A15284101,서울특별시,1,14977.512,10763.01,65.54,17
A15284101,서울특별시,1,14977.512,10763.01,66.63,21
A15284204,서울특별시,1,13406.04,7694.85,31.75,47
A15284204,서울특별시,1,13406.04,7694.85,31.76,33
A15284204,서울특별시,1,13406.04,7694.85,36.98,14
A15284204,서울특별시,1,13406.04,7694.85,41.4,112
A15284302,서울특별시,2,16867.8,14281.2,73.2,40
A15284302,서울특별시,2,16867.8,14281.2,84.8,80
A15284302,서울특별시,2,16867.8,14281.2,114.23,40
A15284305,서울특별시,1,27859.42,19641.46,59.9,138
A15284305,서울특별시,1,27859.42,19641.46,84.89,134
A15284603,서울특별시,2,39674.82,29137.91,56.11,119
A15284603,서울특별시,2,39674.82,29137.91,59.96,1
A15284603,서울특별시,2,39674.82,29137.91,59.98,82
A15284603,서울특별시,2,39674.82,29137.91,71.4,120
A15284603,서울특별시,2,39674.82,29137.91,84.9,105
A15284906,서울특별시,16,128006.15,100565.41,56.036,168
A15284906,서울특별시,16,128006.15,100565.41,58.136,140
A15284906,서울특별시,16,128006.15,100565.41,78.665,637
A15284906,서울특별시,16,128006.15,100565.41,109.651,81
A15284906,서울특별시,16,128006.15,100565.41,110.188,218
A15285004,서울특별시,4,46389.562,36917.332,52.56,1
A15285004,서울특별시,4,46389.562,36917.332,55.57,85
A15285004,서울특별시,4,46389.562,36917.332,55.85,1
A15285004,서울특별시,4,46389.562,36917.332,58.152,1
A15285004,서울특별시,4,46389.562,36917.332,58.17,1
A15285004,서울특별시,4,46389.562,36917.332,58.19,53
A15285004,서울특별시,4,46389.562,36917.332,58.22,21
A15285004,서울특별시,4,46389.562,36917.332,63.99,1
A15285004,서울특별시,4,46389.562,36917.332,64,32
A15285004,서울특별시,4,46389.562,36917.332,64.02,54
A15285004,서울특별시,4,46389.562,36917.332,64.03,1
A15285004,서울특별시,4,46389.562,36917.332,90.85,1
A15285004,서울특별시,4,46389.562,36917.332,90.98,65
A15285004,서울특별시,4,46389.562,36917.332,91.01,42
A15285004,서울특별시,4,46389.562,36917.332,91.02,2
A15285004,서울특별시,4,46389.562,36917.332,91.05,87
A15285004,서울특별시,4,46389.562,36917.332,91.08,5
A15285004,서울특별시,4,46389.562,36917.332,91.09,40
A15285503,서울특별시,9,31557.8,31570.32,78.36,4
A15285503,서울특별시,9,31557.8,31570.32,78.37,1
A15285503,서울특별시,9,31557.8,31570.32,82.78,80
A15285503,서울특별시,9,31557.8,31570.32,82.79,20
A15285503,서울특별시,9,31557.8,31570.32,91.98,104
A15285503,서울특별시,9,31557.8,31570.32,92.01,26
A15285503,서울특별시,9,31557.8,31570.32,94.08,4
A15285503,서울특별시,9,31557.8,31570.32,94.09,1
A15285503,서울특별시,9,31557.8,31570.32,104.17,2
A15285503,서울특별시,9,31557.8,31570.32,104.56,48
A15285503,서울특별시,9,31557.8,31570.32,104.57,10
A15285503,서울특별시,9,31557.8,31570.32,104.97,40
A15285804,서울특별시,5,61417.57,45109.383,59.73,144
A15285804,서울특별시,5,61417.57,45109.383,66.1665,48
A15285804,서울특별시,5,61417.57,45109.383,82.3019,405
A15286210,서울특별시,3,50278.5,36004.5,80.01,450
A15286602,서울특별시,2,18532.584,13426.56,59.92,105
A15286602,서울특별시,2,18532.584,13426.56,84.94,84
A15286801,서울특별시,2,29385.92,21732.75,84.64,7
A15286801,서울특별시,2,29385.92,21732.75,84.9,235
A15286801,서울특별시,2,29385.92,21732.75,84.91,13
A15286801,서울특별시,2,29385.92,21732.75,84.94,1
A15286802,서울특별시,2,28257.75,21836.06,64.53,15
A15286802,서울특별시,2,28257.75,21836.06,64.55,73
A15286802,서울특별시,2,28257.75,21836.06,79.98,202
A15286805,서울특별시,2,30257.52,21895.924,35.277,125
A15286805,서울특별시,2,30257.52,21895.924,44.78,162
A15286805,서울특별시,2,30257.52,21895.924,45.563,126
A15286805,서울특별시,2,30257.52,21895.924,59.88,75
A15286806,서울특별시,6,42917.64,42917.64,59.99,63
A15286806,서울특별시,6,42917.64,42917.64,70.52,225
A15286806,서울특별시,6,42917.64,42917.64,79.97,291
A15286807,서울특별시,6,56645.746,56658.45,44.17,15
A15286807,서울특별시,6,56645.746,56658.45,54.86,120
A15286807,서울특별시,6,56645.746,56658.45,74.66,135
A15286807,서울특별시,6,56645.746,56658.45,74.94,15
A15286807,서울특별시,6,56645.746,56658.45,84.91,450
A15286809,서울특별시,19,186667.1,142048.02,32.39,216
A15286809,서울특별시,19,186667.1,142048.02,41.3,288
A15286809,서울특별시,19,186667.1,142048.02,47.34,15
A15286809,서울특별시,19,186667.1,142048.02,49.94,72
A15286809,서울특별시,19,186667.1,142048.02,54.54,15
A15286809,서울특별시,19,186667.1,142048.02,54.9,60
A15286809,서울특별시,19,186667.1,142048.02,64.62,60
A15286809,서울특별시,19,186667.1,142048.02,73.08,412
A15286809,서울특별시,19,186667.1,142048.02,73.68,240
A15286809,서울특별시,19,186667.1,142048.02,83.805,206
A15286809,서울특별시,19,186667.1,142048.02,83.87,48
A15286809,서울특별시,19,186667.1,142048.02,84.165,206
A15286809,서울특별시,19,186667.1,142048.02,84.87,288
A15288002,서울특별시,5,52836.55,40645.13,59.82,206
A15288002,서울특별시,5,52836.55,40645.13,84.98,148
A15288002,서울특별시,5,52836.55,40645.13,84.99,23
A15288002,서울특별시,5,52836.55,40645.13,114.92,120
A15288004,서울특별시,5,53464.477,38961.28,56.49,264
A15288004,서울특별시,5,53464.477,38961.28,63.98,149
A15288004,서울특별시,5,53464.477,38961.28,72.33,44
A15288004,서울특별시,5,53464.477,38961.28,84.57,134
A15288301,서울특별시,28,63413.22,37622.94,39.86,144
A15288301,서울특별시,28,63413.22,37622.94,46.51,324
A15288301,서울특별시,28,63413.22,37622.94,57.19,294
A10020550,서울특별시,1,8339.2,5376.24,20.41,56
A10020550,서울특별시,1,8339.2,5376.24,20.47,120
A10020550,서울특별시,1,8339.2,5376.24,20.81,28
A10020550,서울특별시,1,8339.2,5376.24,40.46,14
A10020550,서울특별시,1,8339.2,5376.24,44.84,14
A10020771,서울특별시,1,8275.235,3397.9,15.12,2
A10020771,서울특별시,1,8275.235,3397.9,18.29,1
A10020771,서울특별시,1,8275.235,3397.9,18.79,20
A10020771,서울특별시,1,8275.235,3397.9,18.8,13
A10020771,서울특별시,1,8275.235,3397.9,18.88,6
A10020771,서울특별시,1,8275.235,3397.9,18.95,42
A10020771,서울특별시,1,8275.235,3397.9,20.01,4
A10020771,서울특별시,1,8275.235,3397.9,20.84,1
A10020771,서울특별시,1,8275.235,3397.9,20.95,2
A10020771,서울특별시,1,8275.235,3397.9,21.33,9
A10020771,서울특별시,1,8275.235,3397.9,21.38,9
A10020771,서울특별시,1,8275.235,3397.9,21.74,2
A10020771,서울특별시,1,8275.235,3397.9,23.26,2
A10020771,서울특별시,1,8275.235,3397.9,23.67,3
A10020771,서울특별시,1,8275.235,3397.9,25.66,4
A10020771,서울특별시,1,8275.235,3397.9,31.02,4
A10020771,서울특별시,1,8275.235,3397.9,31.03,1
A10020771,서울특별시,1,8275.235,3397.9,31.94,2
A10020771,서울특별시,1,8275.235,3397.9,32.87,8
A10020771,서울특별시,1,8275.235,3397.9,33.02,4
A10020771,서울특별시,1,8275.235,3397.9,38.59,1
A10020771,서울특별시,1,8275.235,3397.9,39.92,4
A10020771,서울특별시,1,8275.235,3397.9,40.09,2
A10020771,서울특별시,1,8275.235,3397.9,43.35,2
A10020771,서울특별시,1,8275.235,3397.9,49.99,1
A10022406,서울특별시,1,12764.55,8466.63,59.88,68
A10022406,서울특별시,1,12764.55,8466.63,84.42,43
A10022406,서울특별시,1,12764.55,8466.63,84.97,9
A10028063,서울특별시,3,15103.44,10793.091,56.2646,26
A10028063,서울특별시,3,15103.44,10793.091,56.3121,26
A10028063,서울특별시,3,15103.44,10793.091,57.0912,23
A10028063,서울특별시,3,15103.44,10793.091,57.2934,70
A10028063,서울특별시,3,15103.44,10793.091,57.5728,21
A10028063,서울특별시,3,15103.44,10793.091,57.9753,23
A15277302,서울특별시,2,76538.8,54208.19,59.16,21
A15277302,서울특별시,2,76538.8,54208.19,59.6,7
A15277302,서울특별시,2,76538.8,54208.19,59.84,21
A15277302,서울특별시,2,76538.8,54208.19,59.86,21
A15277302,서울특별시,2,76538.8,54208.19,59.88,28
A15277302,서울특별시,2,76538.8,54208.19,59.95,7
A15277302,서울특별시,2,76538.8,54208.19,84.96,103
A15277302,서울특별시,2,76538.8,54208.19,105.45,105
A15277302,서울특별시,2,76538.8,54208.19,125.36,39
A15277302,서울특별시,2,76538.8,54208.19,128.41,144
A15277302,서울특별시,2,76538.8,54208.19,152.24,12
A15277302,서울특별시,2,76538.8,54208.19,176.87,12
A15277302,서울특별시,2,76538.8,54208.19,186.74,1
A15277302,서울특별시,2,76538.8,54208.19,199.79,3
A15288611,서울특별시,6,71796.16,52343.88,37.91,176
A15288611,서울특별시,6,71796.16,52343.88,52.45,176
A15288611,서울특별시,6,71796.16,52343.88,66.03,173
A15288611,서울특별시,6,71796.16,52343.88,83.67,299
A15288801,서울특별시,1,14775.88,11151.84,59.91,56
A15288801,서울특별시,1,14775.88,11151.84,79.56,98
A15288802,서울특별시,3,18501.72,18501.72,84.51,162
A15288802,서울특별시,3,18501.72,18501.72,114.55,42
A15288803,서울특별시,5,23841.32,18039.36,59.73,130
A15288803,서울특별시,5,23841.32,18039.36,64.23,31
A15288803,서울특별시,5,23841.32,18039.36,73.17,3
A15288803,서울특별시,5,23841.32,18039.36,76.41,6
A15288803,서울특별시,5,23841.32,18039.36,83.76,18
A15288803,서울특별시,5,23841.32,18039.36,84.69,72
A15288804,서울특별시,3,30592.48,24069.9,84.75,269
A15288804,서울특별시,3,30592.48,24069.9,84.81,15
A15288805,서울특별시,6,38977.266,30693.617,84.789,362
A15288806,서울특별시,5,43745.45,33689.62,73.18,80
A15288806,서울특별시,5,43745.45,33689.62,84.82,224
A15288806,서울특별시,5,43745.45,33689.62,84.94,15
A15288806,서울특별시,5,43745.45,33689.62,84.96,89
A15288807,서울특별시,6,49470.973,39204.47,84.928,274
A15288807,서울특별시,6,49470.973,39204.47,116.308,137
A15288808,서울특별시,3,32661.152,25831.16,84.96,166
A15288808,서울특별시,3,32661.152,25831.16,84.98,82
A15288808,서울특별시,3,32661.152,25831.16,84.99,56
A15288809,서울특별시,5,69412.625,52680.695,59.595,220
A15288809,서울특별시,5,69412.625,52680.695,84.908,339
A15288809,서울특별시,5,69412.625,52680.695,112.354,96
A15288810,서울특별시,9,93850.53,73762.28,60,244
A15288810,서울특별시,9,93850.53,73762.28,84.99,366
A15288810,서울특별시,9,93850.53,73762.28,110.302,48
A15288810,서울특별시,9,93850.53,73762.28,138.412,107
A15288810,서울특별시,9,93850.53,73762.28,164.82,48
A15288812,서울특별시,15,127823.91,98467.25,84.78,273
A15288812,서울특별시,15,127823.91,98467.25,117.74,371
A15288812,서울특별시,15,127823.91,98467.25,118.04,6
A15288812,서울특별시,15,127823.91,98467.25,140.74,8
A15288812,서울특별시,15,127823.91,98467.25,152.07,179
A15288812,서울특별시,15,127823.91,98467.25,161.63,16
A15288813,서울특별시,11,131907.03,105443.05,59.978,288
A15288813,서울특별시,11,131907.03,105443.05,84.908,561
A15288813,서울특별시,11,131907.03,105443.05,148.296,52
A15288813,서울특별시,11,131907.03,105443.05,169.199,194
A15288814,서울특별시,27,192408.2,192406.4,59.33,3
A15288814,서울특별시,27,192408.2,192406.4,59.82,86
A15288814,서울특별시,27,192408.2,192406.4,59.88,384
A15288814,서울특별시,27,192408.2,192406.4,59.9,384
A15288814,서울특별시,27,192408.2,192406.4,59.93,83
A15288814,서울특별시,27,192408.2,192406.4,84.95,804
A15288814,서울특별시,27,192408.2,192406.4,101.48,208
A15288814,서울특별시,27,192408.2,192406.4,134.99,346
A10020416,서울특별시,4,41810.316,29035.326,44.682,25
A10020416,서울특별시,4,41810.316,29035.326,44.8603,50
A10020416,서울특별시,4,41810.316,29035.326,44.8933,98
A10020416,서울특별시,4,41810.316,29035.326,44.9859,3
A10020416,서울특별시,4,41810.316,29035.326,67.9639,73
A10020416,서울특별시,4,41810.316,29035.326,84.5396,100
A10020416,서울특별시,4,41810.316,29035.326,84.8949,91
A10026434,서울특별시,4,55593.88,27721.7,16.84,188
A10026434,서울특별시,4,55593.88,27721.7,29.76,336
A10026434,서울특별시,4,55593.88,27721.7,36.85,232
A10026434,서울특별시,4,55593.88,27721.7,44.83,134
A10027522,서울특별시,2,8637.12,8637.12,59.95,60
A10027522,서울특별시,2,8637.12,8637.12,65.23,3
A10027522,서울특별시,2,8637.12,8637.12,84.99,57
A15210101,서울특별시,1,12561.9795,8848.816,58.2159,152
A15210102,서울특별시,2,16766.94,13605.24,59.87,52
A15210102,서울특별시,2,16766.94,13605.24,59.98,22
A15210102,서울특별시,2,16766.94,13605.24,84.93,108
A15210103,서울특별시,2,21584,16249.67,59.58,54
A15210103,서울특별시,2,21584,16249.67,59.79,37
A15210103,서울특별시,2,21584,16249.67,84.9,76
A15210103,서울특별시,2,21584,16249.67,114.94,38
A15210104,서울특별시,1,24263.33,17477.07,59.52,88
A15210104,서울특별시,1,24263.33,17477.07,84.36,87
A15210104,서울특별시,1,24263.33,17477.07,113.25,22
A15210104,서울특별시,1,24263.33,17477.07,114.69,21
A15210105,서울특별시,3,26390.078,19785.24,59.98,108
A15210105,서울특별시,3,26390.078,19785.24,84.89,108
A15210105,서울특별시,3,26390.078,19785.24,114.98,36
A15210106,서울특별시,5,30589.633,24156.42,59.91,120
A15210106,서울특별시,5,30589.633,24156.42,84.96,120
A15210106,서울특별시,5,30589.633,24156.42,114.78,59
A15210107,서울특별시,9,103402.35,81494.42,59.94,192
A15210107,서울특별시,9,103402.35,81494.42,71.06,159
A15210107,서울특별시,9,103402.35,81494.42,71.6,1
A15210107,서울특별시,9,103402.35,81494.42,84.96,200
A15210107,서울특별시,9,103402.35,81494.42,105.21,180
A15210107,서울특별시,9,103402.35,81494.42,113.43,200
A15210206,서울특별시,2,24417.68,18127.99,54.92,5
A15210206,서울특별시,2,24417.68,18127.99,55.56,1
A15210206,서울특별시,2,24417.68,18127.99,55.59,1
A15210206,서울특별시,2,24417.68,18127.99,59.28,68
A15210206,서울특별시,2,24417.68,18127.99,59.7,11
A15210206,서울특별시,2,24417.68,18127.99,59.83,18
A15210206,서울특별시,2,24417.68,18127.99,65.88,9
A15210206,서울특별시,2,24417.68,18127.99,84.96,134
A15210207,서울특별시,5,30141.67,24023.03,59.98,45
A15210207,서울특별시,5,30141.67,24023.03,84.91,20
A15210207,서울특별시,5,30141.67,24023.03,84.93,93
A15210207,서울특별시,5,30141.67,24023.03,84.98,138
A15210209,서울특별시,6,37844.91,30175.607,61.257,116
A15210209,서울특별시,6,37844.91,30175.607,84.853,39
A15210209,서울특별시,6,37844.91,30175.607,84.936,196
A15210209,서울특별시,6,37844.91,30175.607,115.299,27
A15210210,서울특별시,4,35660.61,35660.61,59.73,187
A15210210,서울특별시,4,35660.61,35660.61,84.75,146
A15210210,서울특별시,4,35660.61,35660.61,134.64,90
A15210211,서울특별시,22,58115.688,44721.758,60.054,318
A15210211,서울특별시,22,58115.688,44721.758,64.843,2
A15210211,서울특별시,22,58115.688,44721.758,84.983,300
A15210212,서울특별시,12,49793.06,49793.06,59.819,134
A15210212,서울특별시,12,49793.06,49793.06,84.741,493
A15278301,서울특별시,1,17507.36,10022.88,32.97,304
A15289508,서울특별시,15,26935.523,15576.3,45.9,336
A15289508,서울특별시,15,26935.523,15576.3,51.3,3
A15279101,서울특별시,18,110003.02,84793.76,59.96,156
A15279101,서울특별시,18,110003.02,84793.76,59.98,217
A15279101,서울특별시,18,110003.02,84793.76,84.97,277
A15279101,서울특별시,18,110003.02,84793.76,84.99,71
A15279101,서울특별시,18,110003.02,84793.76,102.6,140
A15279101,서울특별시,18,110003.02,84793.76,121.26,48
A15279101,서울특별시,18,110003.02,84793.76,121.28,47
A15279101,서울특별시,18,110003.02,84793.76,162.03,32
A15279101,서울특별시,18,110003.02,84793.76,162.16,11
A10026039,서울특별시,4,22490.14,10446.4,29.38,134
A10026039,서울특별시,4,22490.14,10446.4,36.87,112
A10026039,서울특별시,4,22490.14,10446.4,45.77,52
A10026729,서울특별시,1,11248.23,4986.58,20.57,56
A10026729,서울특별시,1,11248.23,4986.58,20.61,21
A10026729,서울특별시,1,11248.23,4986.58,32.31,48
A10026729,서울특별시,1,11248.23,4986.58,32.64,47
A10026729,서울특별시,1,11248.23,4986.58,35.21,9
A10027764,서울특별시,5,26849.46,11205.04,29.96,374
A15210001,서울특별시,11,74294.12,33176.63,39.97,113
A15210001,서울특별시,11,74294.12,33176.63,49.34,52
A15210001,서울특별시,11,74294.12,33176.63,49.89,96
A15210001,서울특별시,11,74294.12,33176.63,49.94,51
A15210001,서울특별시,11,74294.12,33176.63,59.97,123
A15210001,서울특별시,11,74294.12,33176.63,59.98,7
A15210001,서울특별시,11,74294.12,33176.63,84.87,4
A15210001,서울특별시,11,74294.12,33176.63,84.95,4
A15210001,서울특별시,11,74294.12,33176.63,84.97,14
A15210001,서울특별시,11,74294.12,33176.63,84.98,100
A15210001,서울특별시,11,74294.12,33176.63,84.99,7
A15213001,서울특별시,8,78474.76,43642.1,59.95,158
A15213001,서울특별시,8,78474.76,43642.1,59.96,52
A15213001,서울특별시,8,78474.76,43642.1,84.96,96
A15213001,서울특별시,8,78474.76,43642.1,84.98,64
A15213001,서울특별시,8,78474.76,43642.1,114.85,152
A15213002,서울특별시,14,90438.39,47089.59,49.58,136
A15213002,서울특별시,14,90438.39,47089.59,59.95,199
A15213002,서울특별시,14,90438.39,47089.59,59.96,29
A15213002,서울특별시,14,90438.39,47089.59,84.95,138
A15213002,서울특별시,14,90438.39,47089.59,84.97,176
A15213003,서울특별시,9,71762.82,34860.66,39.45,106
A15213003,서울특별시,9,71762.82,34860.66,49.58,204
A15213003,서울특별시,9,71762.82,34860.66,84.97,142
A15213003,서울특별시,9,71762.82,34860.66,114.85,74
A15213004,서울특별시,11,64657.84,30853.96,49.58,174
A15213004,서울특별시,11,64657.84,30853.96,59.95,144
A15213004,서울특별시,11,64657.84,30853.96,84.95,48
A15213004,서울특별시,11,64657.84,30853.96,84.97,112
A15213005,서울특별시,13,147416.77,72609.1,39.45,86
A15213005,서울특별시,13,147416.77,72609.1,49.85,346
A15213005,서울특별시,13,147416.77,72609.1,59.95,276
A15213005,서울특별시,13,147416.77,72609.1,84.96,64
A15213005,서울특별시,13,147416.77,72609.1,84.98,42
A15213005,서울특별시,13,147416.77,72609.1,114.85,230
A15213006,서울특별시,6,41107,18592.94,39.45,60
A15213006,서울특별시,6,41107,18592.94,59.94,118
A15213006,서울특별시,6,41107,18592.94,59.95,96
A15213006,서울특별시,6,41107,18592.94,84.94,18
A15213006,서울특별시,6,41107,18592.94,84.95,22
A15213007,서울특별시,16,98579.16,74418.46,49.34,64
A15213007,서울특별시,16,98579.16,74418.46,49.89,96
A15213007,서울특별시,16,98579.16,74418.46,49.94,32
A15213007,서울특별시,16,98579.16,74418.46,59.86,83
A15213007,서울특별시,16,98579.16,74418.46,59.95,85
A15213007,서울특별시,16,98579.16,74418.46,59.97,18
A15213007,서울특별시,16,98579.16,74418.46,59.98,168
A15213007,서울특별시,16,98579.16,74418.46,84.71,2
A15213007,서울특별시,16,98579.16,74418.46,84.72,2
A15213007,서울특별시,16,98579.16,74418.46,84.78,2
A15213007,서울특별시,16,98579.16,74418.46,84.87,4
A15213007,서울특별시,16,98579.16,74418.46,84.9,62
A15213007,서울특별시,16,98579.16,74418.46,84.94,32
A15213007,서울특별시,16,98579.16,74418.46,84.95,4
A15213007,서울특별시,16,98579.16,74418.46,84.97,66
A15213007,서울특별시,16,98579.16,74418.46,84.98,100
A15213007,서울특별시,16,98579.16,74418.46,84.99,2
A15213007,서울특별시,16,98579.16,74418.46,101.92,32
A15213007,서울특별시,16,98579.16,74418.46,101.97,38
A15213007,서울특별시,16,98579.16,74418.46,101.99,109
A15213007,서울특별시,16,98579.16,74418.46,114.88,2
A15213007,서울특별시,16,98579.16,74418.46,114.96,15
A10024849,서울특별시,5,37841.91,30018.459,79.9913,79
A10024849,서울특별시,5,37841.91,30018.459,84.8919,2
A10024849,서울특별시,5,37841.91,30018.459,84.9149,179
A10024849,서울특별시,5,37841.91,30018.459,84.9817,20
A10024849,서울특별시,5,37841.91,30018.459,84.9919,2
A10024849,서울특별시,5,37841.91,30018.459,116.991,28
A10024849,서울특별시,5,37841.91,30018.459,117.9344,27
A10024927,서울특별시,4,38795.15,30059.9,84.6614,230
A10024927,서울특별시,4,38795.15,30059.9,84.9813,66
A10024927,서울특별시,4,38795.15,30059.9,101.6125,49
A10025115,서울특별시,6,52889.4,38763.96,84.9416,294
A10025115,서울특별시,6,52889.4,38763.96,84.9908,57
A10025115,서울특별시,6,52889.4,38763.96,116.9785,36
A10025115,서울특별시,6,52889.4,38763.96,147.9822,32
A10025193,서울특별시,9,70273.06,54404.32,76.88,49
A10025193,서울특별시,9,70273.06,54404.32,76.9519,164
A10025193,서울특별시,9,70273.06,54404.32,84.8784,92
A10025193,서울특별시,9,70273.06,54404.32,84.9544,162
A10025193,서울특별시,9,70273.06,54404.32,84.9591,64
A10025193,서울특별시,9,70273.06,54404.32,106.8765,103
A10025302,서울특별시,4,43054.4,17419.54,49.86,36
A10025302,서울특별시,4,43054.4,17419.54,59.74,10
A10025302,서울특별시,4,43054.4,17419.54,59.86,222
A10025302,서울특별시,4,43054.4,17419.54,59.94,29
A10025386,서울특별시,3,21826.84,9134.44,29.69,182
A10025386,서울특별시,3,21826.84,9134.44,39.69,94
A10025387,서울특별시,6,59326.82,42318.42,59.74,53
A10025387,서울특별시,6,59326.82,42318.42,59.86,394
A10025387,서울특별시,6,59326.82,42318.42,74.83,32
A10025387,서울특별시,6,59326.82,42318.42,74.85,49
A10025387,서울특별시,6,59326.82,42318.42,74.87,51
A10025387,서울특별시,6,59326.82,42318.42,84.87,18
A10025387,서울특별시,6,59326.82,42318.42,84.88,49
A10025527,서울특별시,3,24929.34,9837.93,29.69,195
A10025527,서울특별시,3,24929.34,9837.93,39.69,102
A10025564,서울특별시,3,24548.06,9837.62,29.69,199
A10025564,서울특별시,3,24548.06,9837.62,39.69,99
A10025614,서울특별시,12,158333.84,73991.07,39.91,75
A10025614,서울특별시,12,158333.84,73991.07,49.86,75
A10025614,서울특별시,12,158333.84,73991.07,59.86,573
A10025614,서울특별시,12,158333.84,73991.07,59.94,113
A10025614,서울특별시,12,158333.84,73991.07,74.83,18
A10025614,서울특별시,12,158333.84,73991.07,74.85,60
A10025614,서울특별시,12,158333.84,73991.07,74.87,138
A10025614,서울특별시,12,158333.84,73991.07,84.87,52
A10025614,서울특별시,12,158333.84,73991.07,84.88,66
A10025858,서울특별시,5,43046,18226.01,39.91,173
A10025858,서울특별시,5,43046,18226.01,49.86,131
A10025858,서울특별시,5,43046,18226.01,59.86,66
A10025858,서울특별시,5,43046,18226.01,59.94,14
A15271601,서울특별시,11,27817.24,21761.094,84.9804,36
A15271601,서울특별시,11,27817.24,21761.094,84.9852,169
A15271601,서울특별시,11,27817.24,21761.094,101.9806,20
A15271601,서울특별시,11,27817.24,21761.094,114.9844,20
A10023288,서울특별시,2,17481.547,6365.3,16.13,192
A10023288,서울특별시,2,17481.547,6365.3,26.81,28
A10023288,서울특별시,2,17481.547,6365.3,36.53,30
A10023288,서울특별시,2,17481.547,6365.3,44.43,32
A10023956,서울특별시,1,16280.9,6320.85,16.95,203
A10023956,서울특별시,1,16280.9,6320.85,30,96
A10025913,서울특별시,1,4578.65,3367.83,14.12,214
A10025913,서울특별시,1,4578.65,3367.83,14.21,17
A10025913,서울특별시,1,4578.65,3367.83,14.94,7
A15380101,서울특별시,2,20394.553,14963.4,59.94,114
A15380101,서울특별시,2,20394.553,14963.4,84.69,96
A15380403,서울특별시,18,152615.02,120921.96,59.84,654
A15380403,서울특별시,18,152615.02,120921.96,84.9,567
A15380403,서울특별시,18,152615.02,120921.96,101.67,100
A15380403,서울특별시,18,152615.02,120921.96,134.95,174
A10020894,서울특별시,1,11588.72,8370.02,59.96,34
A10020894,서울특별시,1,11588.72,8370.02,59.97,22
A10020894,서울특별시,1,11588.72,8370.02,69.72,50
A10020894,서울특별시,1,11588.72,8370.02,84.78,18
A10022155,서울특별시,1,13111.01,10553.362,59.946,30
A10022155,서울특별시,1,13111.01,10553.362,70.003,16
A10022155,서울특별시,1,13111.01,10553.362,72.425,1
A10022155,서울특별시,1,13111.01,10553.362,84.962,62
A10022155,서울특별시,1,13111.01,10553.362,84.995,27
A10024302,서울특별시,8,88857.27,63375.125,59.5685,246
A10024302,서울특별시,8,88857.27,63375.125,59.799,126
A10024302,서울특별시,8,88857.27,63375.125,59.9603,238
A10024302,서울특별시,8,88857.27,63375.125,84.8665,139
A10024302,서울특별시,8,88857.27,63375.125,84.9416,178
A10025116,서울특별시,2,41029.344,28705.598,59.6222,74
A10025116,서울특별시,2,41029.344,28705.598,59.8245,35
A10025116,서울특별시,2,41029.344,28705.598,59.8637,136
A10025116,서울특별시,2,41029.344,28705.598,59.9673,35
A10025116,서울특별시,2,41029.344,28705.598,74.9482,38
A10025116,서울특별시,2,41029.344,28705.598,76.2935,38
A10025116,서울특별시,2,41029.344,28705.598,78.5532,38
A10025116,서울특별시,2,41029.344,28705.598,84.9256,38
A10025946,서울특별시,6,121648.02,86192.125,59.9662,246
A10025946,서울특별시,6,121648.02,86192.125,59.9672,232
A10025946,서울특별시,6,121648.02,86192.125,59.968,264
A10025946,서울특별시,6,121648.02,86192.125,84.2236,36
A10025946,서울특별시,6,121648.02,86192.125,84.408,386
A10025946,서울특별시,6,121648.02,86192.125,84.4855,72
A10026024,서울특별시,1,11867.13,8946.08,74.72,29
A10026024,서울특별시,1,11867.13,8946.08,84.74,80
A10026626,서울특별시,2,29236.37,21234.63,59.27,72
A10026626,서울특별시,2,29236.37,21234.63,59.98,69
A10026626,서울특별시,2,29236.37,21234.63,84.95,95
A10026626,서울특별시,2,29236.37,21234.63,84.97,56
A10027188,서울특별시,11,188228.12,137730.55,59.9384,270
A10027188,서울특별시,11,188228.12,137730.55,59.9935,87
A10027188,서울특별시,11,188228.12,137730.55,71.39,112
A10027188,서울특별시,11,188228.12,137730.55,72.5195,29
A10027188,서울특별시,11,188228.12,137730.55,72.5249,80
A10027188,서울특별시,11,188228.12,137730.55,84.3963,130
A10027188,서울특별시,11,188228.12,137730.55,84.4214,47
A10027188,서울특별시,11,188228.12,137730.55,84.4417,48
A10027188,서울특별시,11,188228.12,137730.55,84.4623,140
A10027188,서울특별시,11,188228.12,137730.55,84.4633,37
A10027188,서울특별시,11,188228.12,137730.55,84.4657,37
A10027188,서울특별시,11,188228.12,137730.55,84.8114,621
A10027188,서울특별시,11,188228.12,137730.55,101.814,28
A10027188,서울특별시,11,188228.12,137730.55,101.8228,47
A10027188,서울특별시,11,188228.12,137730.55,101.8346,30
A15301105,서울특별시,7,60953.074,47021.746,84.8768,554
A15370301,서울특별시,4,21282.791,16876.123,67.626,15
A15370301,서울특별시,4,21282.791,16876.123,67.824,20
A15370301,서울특별시,4,21282.791,16876.123,67.925,21
A15370301,서울특별시,4,21282.791,16876.123,68.161,96
A15370301,서울특별시,4,21282.791,16876.123,68.207,10
A15370301,서울특별시,4,21282.791,16876.123,68.307,77
A15370301,서울특별시,4,21282.791,16876.123,84.809,7
A15375809,서울특별시,5,53394.45,41208,38.64,300
A15375809,서울특별시,5,53394.45,41208,44.89,150
A15375809,서울특별시,5,53394.45,41208,44.94,150
A15375809,서울특별시,5,53394.45,41208,59.22,150
A15375809,서울특별시,5,53394.45,41208,76.51,45
A15375809,서울특별시,5,53394.45,41208,84.79,45
A15375810,서울특별시,5,20452.63,15882.435,84.925,17
A15375810,서울특별시,5,20452.63,15882.435,84.927,30
A15375810,서울특별시,5,20452.63,15882.435,84.935,140
A15381303,서울특별시,2,20975.88,15417.22,58.72,100
A15381303,서울특별시,2,20975.88,15417.22,83.73,114
A15381402,서울특별시,2,15415.314,11034.24,59.34,80
A15381402,서울특별시,2,15415.314,11034.24,84.96,74
A15381706,서울특별시,10,93504.36,71685.56,59.82,512
A15381706,서울특별시,10,93504.36,71685.56,84.83,484
A15382301,서울특별시,3,33309.844,25411.72,55.55,100
A15382301,서울특별시,3,33309.844,25411.72,73.2,109
A15382301,서울특별시,3,33309.844,25411.72,79.35,94
A15382301,서울특별시,3,33309.844,25411.72,116.29,38
A15383307,서울특별시,13,134219.2,101037.6,89.46,712
A15383307,서울특별시,13,134219.2,101037.6,129.66,288
A15383308,서울특별시,7,56712.066,38444.4,26.37,588
A15383308,서울특별시,7,56712.066,38444.4,31.32,270
A15383308,서울특별시,7,56712.066,38444.4,36.54,70
A15383308,서울특별시,7,56712.066,38444.4,37.08,28
A15383308,서울특별시,7,56712.066,38444.4,40.32,270
A15383601,서울특별시,1,15399.37,11178.07,59.95,75
A15383601,서울특별시,1,15399.37,11178.07,84.58,79
A15383604,서울특별시,1,23539.49,17410.47,59.34,104
A15383604,서울특별시,1,23539.49,17410.47,79.71,141
A10020046,서울특별시,,,11384.52,54.96,17
A10020046,서울특별시,,,11384.52,79.32,17
A10020046,서울특별시,,,11384.52,79.84,114
A10022481,서울특별시,12,16669.89,12576.45,49.84,111
A10022481,서울특별시,12,16669.89,12576.45,57.29,69
A10022481,서울특별시,12,16669.89,12576.45,72.46,36
A10022481,서울특별시,12,16669.89,12576.45,80.44,6
A10025447,서울특별시,1,8640.77,8640.77,58.32,15
A10025447,서울특별시,1,8640.77,8640.77,59.97,64
A10025447,서울특별시,1,8640.77,8640.77,84.76,29
A10025447,서울특별시,1,8640.77,8640.77,97.99,15
A10026187,서울특별시,1,11140.48,8925.347,73.9154,30
A10026187,서울특별시,1,11140.48,8925.347,76.0537,23
A10026187,서울특별시,1,11140.48,8925.347,78.1642,46
A10026187,서울특별시,1,11140.48,8925.347,90.8731,15
A10026792,서울특별시,2,10866.056,8631.57,59.213,31
A10026792,서울특별시,2,10866.056,8631.57,73.399,7
A10026792,서울특별시,2,10866.056,8631.57,84.668,16
A10026792,서울특별시,2,10866.056,8631.57,84.835,9
A10026792,서울특별시,2,10866.056,8631.57,84.979,49
A15303002,서울특별시,16,210739.44,167101.69,59.94,328
A15303002,서울특별시,16,210739.44,167101.69,84.99,616
A15303002,서울특별시,16,210739.44,167101.69,114.84,828
A15303003,서울특별시,3,10651.53,7110.66,28.95,26
A15303003,서울특별시,3,10651.53,7110.66,29.72,79
A15303003,서울특별시,3,10651.53,7110.66,58.4,20
A15303003,서울특별시,3,10651.53,7110.66,59.21,48
A15303102,서울특별시,2,23233.4,18157.96,54.08,1
A15303102,서울특별시,2,23233.4,18157.96,58.96,13
A15303102,서울특별시,2,23233.4,18157.96,67.02,13
A15303102,서울특별시,2,23233.4,18157.96,81.16,183
A15303102,서울특별시,2,23233.4,18157.96,84.94,19
A15303103,서울특별시,2,22539,16436.03,55.3,49
A15303103,서울특별시,2,22539,16436.03,67.27,73
A15303103,서울특별시,2,22539,16436.03,79.42,111
A15303202,서울특별시,2,30190.92,18442.8,32.7,564
A15303203,서울특별시,8,70835.23,54156.92,59.91,304
A15303203,서울특별시,8,70835.23,54156.92,84.84,207
A15303203,서울특별시,8,70835.23,54156.92,114.89,160
A15303204,서울특별시,4,62804.168,42194.88,32.76,1288
A15303205,서울특별시,25,310207.8,242926.6,59.34,770
A15303205,서울특별시,25,310207.8,242926.6,84.97,1240
A15303205,서울특별시,25,310207.8,242926.6,114.84,800
A15303401,서울특별시,1,19063.496,14353.16,59.95,74
A15303401,서울특별시,1,19063.496,14353.16,84.65,94
A15303401,서울특별시,1,19063.496,14353.16,115.28,17
A15303502,서울특별시,2,17698.23,17698.23,59.77,14
A15303502,서울특별시,2,17698.23,17698.23,84.8,148
A15303502,서울특별시,2,17698.23,17698.23,94.6,29
A15303502,서울특별시,2,17698.23,17698.23,104.51,15
A15370103,서울특별시,19,210450.53,156037.2,59.817,228
A15370103,서울특별시,19,210450.53,156037.2,59.87,72
A15370103,서울특별시,19,210450.53,156037.2,59.973,70
A15370103,서울특별시,19,210450.53,156037.2,84.677,296
A15370103,서울특별시,19,210450.53,156037.2,84.697,212
A15370103,서울특별시,19,210450.53,156037.2,84.786,453
A15370103,서울특별시,19,210450.53,156037.2,113.329,135
A15370103,서울특별시,19,210450.53,156037.2,115.801,222
A15370103,서울특별시,19,210450.53,156037.2,150.72,76
A15378501,서울특별시,2,18006.613,14135.6,59.81,15
A15378501,서울특별시,2,18006.613,14135.6,59.88,86
A15378501,서울특별시,2,18006.613,14135.6,59.89,12
A15378501,서울특별시,2,18006.613,14135.6,82.81,89
A15383702,서울특별시,13,80472.71,63987.86,59.76,15
A15383702,서울특별시,13,80472.71,63987.86,59.86,15
A15383702,서울특별시,13,80472.71,63987.86,59.9,298
A15383702,서울특별시,13,80472.71,63987.86,84.96,274
A15383702,서울특별시,13,80472.71,63987.86,114.48,184
A15383905,서울특별시,5,44287.547,40227.64,53.75,200
A15383905,서울특별시,5,44287.547,40227.64,53.79,160
A15383905,서울특별시,5,44287.547,40227.64,53.88,20
A15383905,서울특별시,5,44287.547,40227.64,53.92,20
A15383905,서울특별시,5,44287.547,40227.64,67.57,5
A15383905,서울특별시,5,44287.547,40227.64,67.6,4
A15383905,서울특별시,5,44287.547,40227.64,67.93,90
A15383905,서울특별시,5,44287.547,40227.64,75.37,1
A15383905,서울특별시,5,44287.547,40227.64,84.96,72
A15383905,서울특별시,5,44287.547,40227.64,85.02,3
A15383905,서울특별시,5,44287.547,40227.64,85.06,4
A15383905,서울특별시,5,44287.547,40227.64,85.12,1
A15383905,서울특별시,5,44287.547,40227.64,85.22,4
A15383905,서울특별시,5,44287.547,40227.64,85.27,2
A15383905,서울특별시,5,44287.547,40227.64,85.29,48
A15383905,서울특별시,5,44287.547,40227.64,85.82,2
A15383905,서울특별시,5,44287.547,40227.64,85.85,4
A15384101,서울특별시,1,21932.414,15946.84,59.91,15
A15384101,서울특별시,1,21932.414,15946.84,82.53,148
A15384101,서울특별시,1,21932.414,15946.84,83.34,33
A15384101,서울특별시,1,21932.414,15946.84,83.53,1
A15384501,서울특별시,3,27851.168,21217.64,59.94,124
A15384501,서울특별시,3,27851.168,21217.64,84.96,100
A15384501,서울특별시,3,27851.168,21217.64,114.98,46
A15384603,서울특별시,3,47424.777,34460.63,41.34,237
A15384603,서울특별시,3,47424.777,34460.63,61.14,254
A15384603,서울특별시,3,47424.777,34460.63,61.15,15
A15384603,서울특별시,3,47424.777,34460.63,61.23,58
A15384603,서울특별시,3,47424.777,34460.63,84.62,1
A15384603,서울특별시,3,47424.777,34460.63,84.82,54
A15386303,서울특별시,15,18651.6,12382.02,25.44,72
A15386303,서울특별시,15,18651.6,12382.02,39.48,240
A15386303,서울특별시,15,18651.6,12382.02,59.73,18
A15386404,서울특별시,3,19701.11,18038.4,53.39,108
A15386404,서울특별시,3,19701.11,18038.4,53.78,8
A15386404,서울특별시,3,19701.11,18038.4,53.79,1
A15386404,서울특별시,3,19701.11,18038.4,77.02,72
A15386404,서울특별시,3,19701.11,18038.4,77.61,6
A15386404,서울특별시,3,19701.11,18038.4,88.83,60
A15386404,서울특별시,3,19701.11,18038.4,89.47,5
A15386506,서울특별시,9,68286.94,47984.53,41.22,222
A15386506,서울특별시,9,68286.94,47984.53,41.23,5
A15386506,서울특별시,9,68286.94,47984.53,41.25,2
A15386506,서울특별시,9,68286.94,47984.53,41.26,107
A15386506,서울특별시,9,68286.94,47984.53,49.72,2
A15386506,서울특별시,9,68286.94,47984.53,49.74,1
A15386506,서울특별시,9,68286.94,47984.53,49.75,427
A15386506,서울특별시,9,68286.94,47984.53,49.76,19
A15386506,서울특별시,9,68286.94,47984.53,49.78,2
A15386506,서울특별시,9,68286.94,47984.53,49.79,55
A15386506,서울특별시,9,68286.94,47984.53,62.11,57
A15386506,서울특별시,9,68286.94,47984.53,62.12,15
A15386506,서울특별시,9,68286.94,47984.53,62.15,65
A15386506,서울특별시,9,68286.94,47984.53,62.25,2
A15386506,서울특별시,9,68286.94,47984.53,62.81,2
A15386506,서울특별시,9,68286.94,47984.53,62.96,2
A15386506,서울특별시,9,68286.94,47984.53,66.48,1
A10020049,서울특별시,10,20658.473,16893.16,115.975,33
A10020049,서울특별시,10,20658.473,16893.16,120.061,32
A10020049,서울특별시,10,20658.473,16893.16,131.144,9
A10020049,서울특별시,10,20658.473,16893.16,131.441,12
A10020049,서울특별시,10,20658.473,16893.16,133.001,6
A10020049,서울특별시,10,20658.473,16893.16,134.956,18
A10020049,서울특별시,10,20658.473,16893.16,134.968,24
A10023478,서울특별시,1,4434.247,2337.745,12.42,14
A10023478,서울특별시,1,4434.247,2337.745,13.2195,14
A10023478,서울특별시,1,4434.247,2337.745,13.62,70
A10023478,서울특별시,1,4434.247,2337.745,13.92,14
A10023478,서울특별시,1,4434.247,2337.745,14.925,14
A10023478,서울특별시,1,4434.247,2337.745,15.5163,8
A10023478,서울특별시,1,4434.247,2337.745,15.555,24
A10023478,서울특별시,1,4434.247,2337.745,20.6853,6
A10023990,서울특별시,1,10600.328,5507.1,16.3,198
A10023990,서울특별시,1,10600.328,5507.1,30.33,54
A10023990,서울특별시,1,10600.328,5507.1,35.66,18
A10023991,서울특별시,15,124604.016,94764.99,49.98,47
A10023991,서울특별시,15,124604.016,94764.99,59.97,21
A10023991,서울특별시,15,124604.016,94764.99,59.98,373
A10023991,서울특별시,15,124604.016,94764.99,74.95,388
A10023991,서울특별시,15,124604.016,94764.99,74.96,100
A10023991,서울특별시,15,124604.016,94764.99,84.98,379
A10026289,서울특별시,1,15414.36,11038.38,72.73,36
A10026289,서울특별시,1,15414.36,11038.38,72.84,18
A10026289,서울특별시,1,15414.36,11038.38,84.48,26
A10026289,서울특별시,1,15414.36,11038.38,84.65,30
A10026289,서울특별시,1,15414.36,11038.38,84.75,28
A10027622,서울특별시,2,26136.352,19663.812,84.0261,118
A10027622,서울특별시,2,26136.352,19663.812,84.0408,116
A13924003,서울특별시,7,58102.83,43876.29,59.4,232
A13924003,서울특별시,7,58102.83,43876.29,84.93,257
A13924003,서울특별시,7,58102.83,43876.29,114.84,72
A13924004,서울특별시,8,86450.69,66216.3,51.03,341
A13924004,서울특별시,8,86450.69,66216.3,84.6,300
A13924004,서울특별시,8,86450.69,66216.3,114.85,15
A13924004,서울특별시,8,86450.69,66216.3,114.88,189
A13924205,서울특별시,4,30022.95,24103.6,59.34,105
A13924205,서울특별시,4,30022.95,24103.6,84.79,130
A13924205,서울특별시,4,30022.95,24103.6,114.17,60
A13974401,서울특별시,1,13741.547,10558.92,53.28,4
A13974401,서울특별시,1,13741.547,10558.92,59.28,48
A13974401,서울특별시,1,13741.547,10558.92,59.8,8
A13974401,서울특별시,1,13741.547,10558.92,70.13,6
A13974401,서울특별시,1,13741.547,10558.92,78.1,7
A13974401,서울특별시,1,13741.547,10558.92,84.09,72
A13980004,서울특별시,6,43392.664,23553.04,84.65,165
A13980004,서울특별시,6,43392.664,23553.04,84.83,113
A13980006,서울특별시,4,46992.832,25220.99,84.85,59
A13980006,서울특별시,4,46992.832,25220.99,84.9,142
A13980006,서울특별시,4,46992.832,25220.99,84.99,96
A13980009,서울특별시,9,41798.16,32797.44,66.87,216
A13980009,서울특별시,9,41798.16,32797.44,84.97,216
A13980010,서울특별시,11,57539.8,36910.1,84.65,406
A13980010,서울특별시,11,57539.8,36910.1,84.74,30
A13980012,서울특별시,5,36970.414,36970.414,60.502,100
A13980012,서울특별시,5,36970.414,36970.414,61.151,98
A13980012,서울특별시,5,36970.414,36970.414,70.784,14
A13980012,서울특별시,5,36970.414,36970.414,84.881,282
A13980014,서울특별시,11,79466.68,63702.56,99.917,354
A13980014,서울특별시,11,79466.68,63702.56,134.914,210
A13980017,서울특별시,4,40958.52,25173.09,32.79,65
A13980017,서울특별시,4,40958.52,25173.09,33.18,285
A13980017,서울특별시,4,40958.52,25173.09,39.84,341
A13980018,서울특별시,7,59086.766,36443.48,48.6,356
A13980018,서울특별시,7,59086.766,36443.48,48.93,82
A13980018,서울특별시,7,59086.766,36443.48,49.28,52
A13980018,서울특별시,7,59086.766,36443.48,59.74,78
A13980018,서울특별시,7,59086.766,36443.48,59.87,87
A13980018,서울특별시,7,59086.766,36443.48,59.97,45
A13980019,서울특별시,21,123090.12,88107.16,49.6,1166
A13980019,서울특별시,21,123090.12,88107.16,59.34,256
A13980019,서울특별시,21,123090.12,88107.16,59.38,254
A13980102,서울특별시,1,14765.382,10946.07,59.59,81
A13980102,서울특별시,1,14765.382,10946.07,84.99,72
A13980105,서울특별시,2,21189.87,15799.73,59.34,48
A13980105,서울특별시,2,21189.87,15799.73,72.25,19
A13980105,서울특별시,2,21189.87,15799.73,84.81,66
A13980105,서울특별시,2,21189.87,15799.73,84.9,19
A13980105,서울특별시,2,21189.87,15799.73,114.95,38
A13980107,서울특별시,4,40293.68,30436.023,72.8129,76
A13980107,서울특별시,4,40293.68,30436.023,81.2768,170
A13980107,서울특별시,4,40293.68,30436.023,81.3049,20
A13980107,서울특별시,4,40293.68,30436.023,117.168,38
A13980107,서울특별시,4,40293.68,30436.023,131.7554,38
A13980108,서울특별시,3,37555.05,28253.69,59.01,18
A13980108,서울특별시,3,37555.05,28253.69,59.26,110
A13980108,서울특별시,3,37555.05,28253.69,59.44,14
A13980108,서울특별시,3,37555.05,28253.69,59.88,19
A13980108,서울특별시,3,37555.05,28253.69,84.97,139
A13980108,서울특별시,3,37555.05,28253.69,109.4,63
A13980401,서울특별시,2,21891.84,17457.67,84.929,99
A13980401,서울특별시,2,21891.84,17457.67,84.996,70
A13980401,서울특별시,2,21891.84,17457.67,106.319,17
A13980401,서울특별시,2,21891.84,17457.67,107.713,12
A13980402,서울특별시,2,21224.5,15973.29,59.87,91
A13980402,서울특별시,2,21224.5,15973.29,84.88,124
A13980403,서울특별시,2,20933.436,15586.966,32.765,5
A13980403,서울특별시,2,20933.436,15586.966,51.784,5
A13980403,서울특별시,2,20933.436,15586.966,54.74,132
A13980403,서울특별시,2,20933.436,15586.966,83.409,81
A13980403,서울특별시,2,20933.436,15586.966,84.458,14
A13980407,서울특별시,13,32415.26,26832.8,73.18,170
A13980407,서울특별시,13,32415.26,26832.8,84.66,170
A13980411,서울특별시,6,47212.52,35931.28,59.99,200
A13980411,서울특별시,6,47212.52,35931.28,84.97,168
A13980411,서울특별시,6,47212.52,35931.28,114.98,84
A13980413,서울특별시,3,21923.963,17381.4,59.84,45
A13980413,서울특별시,3,21923.963,17381.4,84.75,106
A13980413,서울특별시,3,21923.963,17381.4,126.78,45
A13980415,서울특별시,8,61121.17,46869.66,59.76,71
A13980415,서울특별시,8,61121.17,46869.66,60,131
A13980415,서울특별시,8,61121.17,46869.66,84.9,266
A13980415,서울특별시,8,61121.17,46869.66,100.23,38
A13980415,서울특별시,8,61121.17,46869.66,114.72,73
A13980509,서울특별시,4,37154.1,26076.6,39.6,150
A13980509,서울특별시,4,37154.1,26076.6,49.5,210
A13980509,서울특별시,4,37154.1,26076.6,59.04,165
A13980510,서울특별시,4,39162,27131.4,34.44,210
A13980510,서울특별시,4,39162,27131.4,39.6,240
A13980510,서울특별시,4,39162,27131.4,49.5,210
A13980511,서울특별시,4,48521.7,34175.7,34.44,255
A13980511,서울특별시,4,48521.7,34175.7,39.6,360
A13980511,서울특별시,4,48521.7,34175.7,49.5,225
A13980512,서울특별시,7,57799.05,37676.55,24.79,1065
A13980512,서울특별시,7,57799.05,37676.55,29.64,180
A13980512,서울특별시,7,57799.05,37676.55,39.6,150
A13980513,서울특별시,14,121664.22,121664.22,31.32,175
A13980513,서울특별시,14,121664.22,121664.22,59.94,476
A13980513,서울특별시,14,121664.22,121664.22,84.99,718
A13980513,서울특별시,14,121664.22,121664.22,114.78,232
A13980604,서울특별시,1,18107.3,14227.92,59.88,57
A13980604,서울특별시,1,18107.3,14227.92,84.6,38
A13980604,서울특별시,1,18107.3,14227.92,84.69,19
A13980604,서울특별시,1,18107.3,14227.92,84.87,30
A13980604,서울특별시,1,18107.3,14227.92,114.69,15
A13980604,서울특별시,1,18107.3,14227.92,114.96,15
A13980706,서울특별시,1,20685.143,15285.702,65.768,14
A13980706,서울특별시,1,20685.143,15285.702,80.992,19
A13980706,서울특별시,1,20685.143,15285.702,81.12,144
A13980706,서울특별시,1,20685.143,15285.702,81.773,14
A13980801,서울특별시,1,14198.344,10852.54,59.83,73
A13980801,서울특별시,1,14198.344,10852.54,70.74,16
A13980801,서울특별시,1,14198.344,10852.54,84.97,63
A13980803,서울특별시,1,15906.2,11790.07,59.89,78
A13980803,서울특별시,1,15906.2,11790.07,84.77,59
A13980803,서울특별시,1,15906.2,11790.07,100.82,21
A13994501,서울특별시,1,16809.912,12854.78,59.98,101
A13994501,서울특별시,1,16809.912,12854.78,84.96,80
A10020253,서울특별시,1,25600.982,12062.936,22.762,31
A10020253,서울특별시,1,25600.982,12062.936,23.5668,93
A10020253,서울특별시,1,25600.982,12062.936,26.8359,19
A10020253,서울특별시,1,25600.982,12062.936,46.107,19
A10020253,서울특별시,1,25600.982,12062.936,48.3698,19
A10020253,서울특별시,1,25600.982,12062.936,48.6166,1
A10020253,서울특별시,1,25600.982,12062.936,48.6451,4
A10020253,서울특별시,1,25600.982,12062.936,48.9031,4
A10020253,서울특별시,1,25600.982,12062.936,49.2103,4
A10020253,서울특별시,1,25600.982,12062.936,49.2424,4
A10020253,서울특별시,1,25600.982,12062.936,51.9473,1
A10020253,서울특별시,1,25600.982,12062.936,59.6793,40
A10020253,서울특별시,1,25600.982,12062.936,59.7419,40
A10020253,서울특별시,1,25600.982,12062.936,59.9622,20
A10020593,서울특별시,1,10901.04,9005.04,84.73,15
A10020593,서울특별시,1,10901.04,9005.04,84.99,91
A10020986,서울특별시,1,20324.38,17012.11,110.17,6
A10020986,서울특별시,1,20324.38,17012.11,115.92,6
A10020986,서울특별시,1,20324.38,17012.11,121.02,14
A10020986,서울특별시,1,20324.38,17012.11,121.31,2
A10020986,서울특별시,1,20324.38,17012.11,131.25,14
A10020986,서울특별시,1,20324.38,17012.11,131.54,2
A10020986,서울특별시,1,20324.38,17012.11,137.63,9
A10020986,서울특별시,1,20324.38,17012.11,139.28,36
A10020986,서울특별시,1,20324.38,17012.11,145.58,27
A10020986,서울특별시,1,20324.38,17012.11,178.33,4
A10020986,서울특별시,1,20324.38,17012.11,180.34,4
A10021185,서울특별시,1,11081.042,9036.4,59.936,26
A10021185,서울특별시,1,11081.042,9036.4,84.978,88
A10023024,서울특별시,4,48262.67,35728.844,21.815,1
A10023024,서울특별시,4,48262.67,35728.844,39.038,108
A10023024,서울특별시,4,48262.67,35728.844,43.593,84
A10023024,서울특별시,4,48262.67,35728.844,52.873,28
A10023024,서울특별시,4,48262.67,35728.844,52.936,28
A10023024,서울특별시,4,48262.67,35728.844,59.975,28
A10023024,서울특별시,4,48262.67,35728.844,59.996,27
A10023024,서울특별시,4,48262.67,35728.844,84.997,38
A10023024,서울특별시,4,48262.67,35728.844,84.999,180
A10023024,서울특별시,4,48262.67,35728.844,97.976,3
A10023024,서울특별시,4,48262.67,35728.844,97.987,28
A10023060,서울특별시,6,43117.195,43120.133,59.975,238
A10023060,서울특별시,6,43117.195,43120.133,59.996,113
A10023060,서울특별시,6,43117.195,43120.133,84.995,1
A10023060,서울특별시,6,43117.195,43120.133,84.997,53
A10023060,서울특별시,6,43117.195,43120.133,84.998,3
A10023060,서울특별시,6,43117.195,43120.133,84.999,198
A10023060,서울특별시,6,43117.195,43120.133,97.976,4
A10024434,서울특별시,3,8934.8,6641.358,53.105,2
A10024434,서울특별시,3,8934.8,6641.358,53.656,93
A10024434,서울특별시,3,8934.8,6641.358,77.257,20
A10024547,서울특별시,13,101785.72,76881.06,49.9513,25
A10024547,서울특별시,13,101785.72,76881.06,49.9583,28
A10024547,서울특별시,13,101785.72,76881.06,59.9428,109
A10024547,서울특별시,13,101785.72,76881.06,59.9866,253
A10024547,서울특별시,13,101785.72,76881.06,59.9908,84
A10024547,서울특별시,13,101785.72,76881.06,74.9561,102
A10024547,서울특별시,13,101785.72,76881.06,84.9014,251
A10024547,서울특별시,13,101785.72,76881.06,84.9084,71
A10024547,서울특별시,13,101785.72,76881.06,84.957,16
A10024547,서울특별시,13,101785.72,76881.06,84.9728,100
A10024547,서울특별시,13,101785.72,76881.06,114.9123,23
A10024770,서울특별시,1,12376.26,9921.894,84.4272,15
A10024770,서울특별시,1,12376.26,9921.894,84.8577,102
A10024778,서울특별시,1,13272.41,10285.06,59.99,71
A10024778,서울특별시,1,13272.41,10285.06,84.87,71
A10025133,서울특별시,7,71649.19,52144.62,39.016,67
A10025133,서울특별시,7,71649.19,52144.62,40.026,68
A10025133,서울특별시,7,71649.19,52144.62,48.373,15
A10025133,서울특별시,7,71649.19,52144.62,50.058,17
A10025133,서울특별시,7,71649.19,52144.62,59.994,34
A10025133,서울특별시,7,71649.19,52144.62,59.996,350
A10025133,서울특별시,7,71649.19,52144.62,84.994,87
A10025133,서울특별시,7,71649.19,52144.62,84.999,163
A10025133,서울특별시,7,71649.19,52144.62,104.923,5
A10025133,서울특별시,7,71649.19,52144.62,104.969,4
A10027601,서울특별시,5,42447,29353.96,49.49,8
A10027601,서울특별시,5,42447,29353.96,49.6,12
A10027601,서울특별시,5,42447,29353.96,49.64,2
A10027601,서울특별시,5,42447,29353.96,49.73,12
A10027601,서울특별시,5,42447,29353.96,49.87,18
A10027601,서울특별시,5,42447,29353.96,49.9,95
A10027601,서울특별시,5,42447,29353.96,59.74,6
A10027601,서울특별시,5,42447,29353.96,59.75,150
A10027601,서울특별시,5,42447,29353.96,59.88,12
A10027601,서울특별시,5,42447,29353.96,84.13,52
A10027601,서울특별시,5,42447,29353.96,84.53,56
A10027601,서울특별시,5,42447,29353.96,84.55,4
A10027601,서울특별시,5,42447,29353.96,84.75,30
A13920001,서울특별시,3,32493.24,25592.5,59.93,56
A13920001,서울특별시,3,32493.24,25592.5,84.94,110
A13920001,서울특별시,3,32493.24,25592.5,84.97,19
A13920001,서울특별시,3,32493.24,25592.5,116.44,1
A13920001,서울특별시,3,32493.24,25592.5,116.46,53
A13920001,서울특별시,3,32493.24,25592.5,139.16,18
A13920001,서울특별시,3,32493.24,25592.5,146.17,17
A13920102,서울특별시,2,22849.775,18322.56,84.74,72
A13920102,서울특별시,2,22849.775,18322.56,84.87,144
A13920104,서울특별시,3,28963.36,23940.945,72.911,12
A13920104,서울특별시,3,28963.36,23940.945,73.426,3
A13920104,서울특별시,3,28963.36,23940.945,84.479,10
A13920104,서울특별시,3,28963.36,23940.945,84.569,75
A13920104,서울특별시,3,28963.36,23940.945,84.726,14
A13920104,서울특별시,3,28963.36,23940.945,84.795,10
A13920104,서울특별시,3,28963.36,23940.945,84.887,124
A13920104,서울특별시,3,28963.36,23940.945,114.747,27
A13920105,서울특별시,2,29765.287,22727.67,59.95,147
A13920105,서울특별시,2,29765.287,22727.67,84.95,82
A13920105,서울특별시,2,29765.287,22727.67,113.92,61
A13920106,서울특별시,4,29244.35,21905.514,59.958,137
A13920106,서울특별시,4,29244.35,21905.514,84.514,162
A13920202,서울특별시,3,20381.693,15438.33,59.94,86
A13920202,서울특별시,3,20381.693,15438.33,73.17,57
A13920202,서울특별시,3,20381.693,15438.33,84.9,72
A13920205,서울특별시,5,28243.521,22241.002,59.877,193
A13920205,서울특별시,5,28243.521,22241.002,84.991,73
A13920205,서울특별시,5,28243.521,22241.002,114.882,39
A13920207,서울특별시,2,48556.27,36844.86,59.82,188
A13920207,서울특별시,2,48556.27,36844.86,84.6,159
A13920207,서울특별시,2,48556.27,36844.86,134.97,90
A13920209,서울특별시,9,81778.5,62692.02,59.82,354
A13920209,서울특별시,9,81778.5,62692.02,80.61,6
A13920209,서울특별시,9,81778.5,62692.02,84.6,351
A13920209,서울특별시,9,81778.5,62692.02,134.97,84
A13920501,서울특별시,2,19449.547,19448.55,84.39,27
A13920501,서울특별시,2,19449.547,19448.55,84.54,133
A13920501,서울특별시,2,19449.547,19448.55,84.66,70
A13920506,서울특별시,9,118770.7,88606.95,38.71,30
A13920506,서울특별시,9,118770.7,88606.95,43.35,390
A13920506,서울특별시,9,118770.7,88606.95,46.8,455
A13920506,서울특별시,9,118770.7,88606.95,59.9,330
A13920506,서울특별시,9,118770.7,88606.95,75.03,325
A13920506,서울특별시,9,118770.7,88606.95,84.89,60
A13920703,서울특별시,19,26863.2,26863.2,31.98,840
A13920706,서울특별시,17,154389.4,112119.7,32.39,270
A13920706,서울특별시,17,154389.4,112119.7,37.46,70
A13920706,서울특별시,17,154389.4,112119.7,38,28
A13920706,서울특별시,17,154389.4,112119.7,41.3,540
A13920706,서울특별시,17,154389.4,112119.7,49.94,270
A13920706,서울특별시,17,154389.4,112119.7,58.01,264
A13920706,서울특별시,17,154389.4,112119.7,59.2,90
A13920706,서울특별시,17,154389.4,112119.7,59.28,90
A13920706,서울특별시,17,154389.4,112119.7,59.39,84
A13920706,서울특별시,17,154389.4,112119.7,62.1,92
A13920706,서울특별시,17,154389.4,112119.7,73.94,90
A13920706,서울특별시,17,154389.4,112119.7,75.2,30
A13920706,서울특별시,17,154389.4,112119.7,83.7,98
A13920706,서울특별시,17,154389.4,112119.7,84.2,90
A13920706,서울특별시,17,154389.4,112119.7,84.38,30
A13920707,서울특별시,28,194620.16,141670.02,32.39,90
A13920707,서울특별시,28,194620.16,141670.02,37.46,70
A13920707,서울특별시,28,194620.16,141670.02,38,28
A13920707,서울특별시,28,194620.16,141670.02,41.3,360
A13920707,서울특별시,28,194620.16,141670.02,49.94,270
A13920707,서울특별시,28,194620.16,141670.02,58.01,1300
A13920707,서울특별시,28,194620.16,141670.02,59.2,180
A13920707,서울특별시,28,194620.16,141670.02,59.28,180
A13920707,서울특별시,28,194620.16,141670.02,59.39,168
A13920802,서울특별시,12,137141.7,97098,41.3,900
A13920802,서울특별시,12,137141.7,97098,49.94,1200
A13920803,서울특별시,18,188671.12,136491.92,45.77,720
A13920803,서울특별시,18,188671.12,136491.92,58.01,352
A13920803,서울특별시,18,188671.12,136491.92,59.39,1080
A13920803,서울특별시,18,188671.12,136491.92,79.07,240
A13920804,서울특별시,27,197207.53,144932.92,41.3,60
A13920804,서울특별시,27,197207.53,144932.92,45.77,120
A13920804,서울특별시,27,197207.53,144932.92,45.9,270
A13920804,서울특별시,27,197207.53,144932.92,47.34,200
A13920804,서울특별시,27,197207.53,144932.92,49.94,540
A13920804,서울특별시,27,197207.53,144932.92,54.54,160
A13920804,서울특별시,27,197207.53,144932.92,58.01,492
A13920804,서울특별시,27,197207.53,144932.92,59.2,60
A13920804,서울특별시,27,197207.53,144932.92,59.28,60
A13920804,서울특별시,27,197207.53,144932.92,59.39,236
A13920804,서울특별시,27,197207.53,144932.92,60.5,60
A13920804,서울특별시,27,197207.53,144932.92,61.52,120
A13920804,서울특별시,27,197207.53,144932.92,66.56,120
A13920804,서울특별시,27,197207.53,144932.92,68.86,156
A13921005,서울특별시,23,217993.5,156453.5,41.3,210
A13921005,서울특별시,23,217993.5,156453.5,45.55,90
A13921005,서울특별시,23,217993.5,156453.5,45.9,540
A13921005,서울특별시,23,217993.5,156453.5,49.94,870
A13921005,서울특별시,23,217993.5,156453.5,58.01,280
A13921005,서울특별시,23,217993.5,156453.5,61.52,240
A13921005,서울특별시,23,217993.5,156453.5,66.56,240
A13921005,서울특별시,23,217993.5,156453.5,79.07,360
A13971501,서울특별시,3,73386,52542,87.57,600
A13971502,서울특별시,26,186783.89,139655.05,32.39,90
A13971502,서울특별시,26,186783.89,139655.05,37.46,70
A13971502,서울특별시,26,186783.89,139655.05,38,28
A13971502,서울특별시,26,186783.89,139655.05,41.3,90
A13971502,서울특별시,26,186783.89,139655.05,58.01,580
A13971502,서울특별시,26,186783.89,139655.05,59.2,150
A13971502,서울특별시,26,186783.89,139655.05,59.28,150
A13971502,서울특별시,26,186783.89,139655.05,59.39,140
A13971502,서울특별시,26,186783.89,139655.05,60.5,63
A13971502,서울특별시,26,186783.89,139655.05,62.17,4
A13971502,서울특별시,26,186783.89,139655.05,68.86,152
A13971502,서울특별시,26,186783.89,139655.05,71.89,46
A13971502,서울특별시,26,186783.89,139655.05,73.94,225
A13971502,서울특별시,26,186783.89,139655.05,75.2,75
A13971502,서울특별시,26,186783.89,139655.05,84.2,225
A13971502,서울특별시,26,186783.89,139655.05,84.38,75
A13971502,서울특별시,26,186783.89,139655.05,84.41,50
A13973201,서울특별시,2,15827.16,11613.86,83.9,15
A13973201,서울특별시,2,15827.16,11613.86,84.88,122
A13973202,서울특별시,1,11282.662,9036.4,59.936,26
A13973202,서울특별시,1,11282.662,9036.4,84.978,88
A13974101,서울특별시,7,63327.53,33286.36,39.81,240
A13974101,서울특별시,7,63327.53,33286.36,59.9,96
A13974101,서울특별시,7,63327.53,33286.36,84.69,56
A13974101,서울특별시,7,63327.53,33286.36,84.81,60
A13974101,서울특별시,7,63327.53,33286.36,84.88,73
A13974101,서울특별시,7,63327.53,33286.36,84.96,23
A13974102,서울특별시,11,60665.84,46324.58,39.81,206
A13974102,서울특별시,11,60665.84,46324.58,49.93,124
A13974102,서울특별시,11,60665.84,46324.58,84.69,124
A13974102,서울특별시,11,60665.84,46324.58,84.81,86
A13974102,서울특별시,11,60665.84,46324.58,84.88,106
A13974102,서울특별시,11,60665.84,46324.58,84.96,20
A13974102,서울특별시,11,60665.84,46324.58,114.69,30
A13974103,서울특별시,9,54805.5,33169.5,33.87,450
A13974103,서울특별시,9,54805.5,33169.5,39.84,450
A13980903,서울특별시,2,23041.88,16628.08,60,148
A13980903,서울특별시,2,23041.88,16628.08,82.88,16
A13980903,서울특별시,2,23041.88,16628.08,84.5,76
A13981001,서울특별시,1,10891.22,6798,33,206
A13981006,서울특별시,6,68392.305,52549.56,59.22,232
A13981006,서울특별시,6,68392.305,52549.56,84.96,246
A13981006,서울특별시,6,68392.305,52549.56,114.81,156
A13981204,서울특별시,1,18854.512,12744,27,472
A13981208,서울특별시,5,86538.28,67005.42,59.4,302
A13981208,서울특별시,5,86538.28,67005.42,84.86,22
A13981208,서울특별시,5,86538.28,67005.42,84.9,346
A13981208,서울특별시,5,86538.28,67005.42,114.24,134
A13981208,서울특별시,5,86538.28,67005.42,114.37,22
A13981304,서울특별시,4,32330.586,23754,45.44,90
A13981304,서울특별시,4,32330.586,23754,53.96,270
A13981304,서울특별시,4,32330.586,23754,84.92,60
A13981402,서울특별시,5,23457.33,19843.2,84.8,234
A13981405,서울특별시,7,43084.51,32481.25,49.77,345
A13981405,서울특별시,7,43084.51,32481.25,59.4,177
A13981405,서울특별시,7,43084.51,32481.25,59.96,80
A13981407,서울특별시,5,62540.1,47092.05,59.67,405
A13981407,서울특별시,5,62540.1,47092.05,84.91,270
A13981604,서울특별시,4,30823.33,21961.8,84.78,241
A13981604,서울특별시,4,30823.33,21961.8,84.99,18
A13981606,서울특별시,3,38134.19,29446.36,60,145
A13981606,서울특별시,3,38134.19,29446.36,84.97,124
A13981606,서울특별시,3,38134.19,29446.36,114.72,89
A13981608,서울특별시,7,47393.92,38030.84,84.88,402
A13981608,서울특별시,7,47393.92,38030.84,84.98,46
A13981901,서울특별시,9,46750.14,46750.14,41.3,90
A13981901,서울특별시,9,46750.14,46750.14,45.55,120
A13981901,서울특별시,9,46750.14,46750.14,45.9,240
A13981901,서울특별시,9,46750.14,46750.14,49.94,225
A13981901,서울특별시,9,46750.14,46750.14,58.01,264
A13981903,서울특별시,26,161214.36,120319.98,41.3,510
A13981903,서울특별시,26,161214.36,120319.98,45.55,210
A13981903,서울특별시,26,161214.36,120319.98,45.9,420
A13981903,서울특별시,26,161214.36,120319.98,49.94,585
A13981903,서울특별시,26,161214.36,120319.98,59.39,150
A13981903,서울특별시,26,161214.36,120319.98,62.17,11
A13981903,서울특별시,26,161214.36,120319.98,71.89,109
A13981903,서울특별시,26,161214.36,120319.98,84.41,120
A13981903,서울특별시,26,161214.36,120319.98,90.94,150
A13982002,서울특별시,5,33044.605,26249.52,60.44,132
A13982002,서울특별시,5,33044.605,26249.52,84.59,216
A13982003,서울특별시,3,30647.91,30647.91,59.4,81
A13982003,서울특별시,3,30647.91,30647.91,84.96,15
A13982003,서울특별시,3,30647.91,30647.91,84.99,289
A13982005,서울특별시,3,38526,28983.12,45.92,201
A13982005,서울특별시,3,38526,28983.12,58.46,120
A13982005,서울특별시,3,38526,28983.12,84.92,150
A13982101,서울특별시,1,19289.74,13895.88,59.93,76
A13982101,서울특별시,1,19289.74,13895.88,84.99,64
A13982101,서울특별시,1,19289.74,13895.88,114.76,34
A13982103,서울특별시,2,30093.89,21669.973,79.4198,169
A13982103,서울특별시,2,30093.89,21669.973,86.2286,10
A13982103,서울특별시,2,30093.89,21669.973,86.6702,24
A13982103,서울특별시,2,30093.89,21669.973,110.5345,48
A13982202,서울특별시,15,88064.98,88220.08,41.3,576
A13982202,서울특별시,15,88064.98,88220.08,49.94,645
A13982202,서울특별시,15,88064.98,88220.08,58.01,158
A13982202,서울특별시,15,88064.98,88220.08,61.52,180
A13982202,서울특별시,15,88064.98,88220.08,66.56,180
A13982301,서울특별시,16,113101.92,113613.96,41.3,258
A13982301,서울특별시,16,113101.92,113613.96,49.94,486
A13982301,서울특별시,16,113101.92,113613.96,58.01,264
A13982301,서울특별시,16,113101.92,113613.96,59.2,90
A13982301,서울특별시,16,113101.92,113613.96,59.28,90
A13982301,서울특별시,16,113101.92,113613.96,59.39,84
A13982301,서울특별시,16,113101.92,113613.96,60.5,120
A13982301,서울특별시,16,113101.92,113613.96,68.86,312
A13982301,서울특별시,16,113101.92,113613.96,79.07,240
A13982604,서울특별시,21,293093.6,212709.75,44.33,525
A13982604,서울특별시,21,293093.6,212709.75,54.59,810
A13982604,서울특별시,21,293093.6,212709.75,68.99,1140
A13982604,서울특별시,21,293093.6,212709.75,79.25,840
A13982701,서울특별시,4,56839.86,48448.2,106.25,180
A13982701,서울특별시,4,56839.86,48448.2,122.18,240
A13982702,서울특별시,4,61181.36,50270.72,93.13,269
A13982702,서울특별시,4,61181.36,50270.72,93.75,269
A13982704,서울특별시,21,187645.73,135357.55,41.3,450
A13982704,서울특별시,21,187645.73,135357.55,45.55,210
A13982704,서울특별시,21,187645.73,135357.55,45.77,120
A13982704,서울특별시,21,187645.73,135357.55,45.9,420
A13982704,서울특별시,21,187645.73,135357.55,49.94,750
A13982704,서울특별시,21,187645.73,135357.55,58.01,264
A13982704,서울특별시,21,187645.73,135357.55,59.39,180
A13982704,서울특별시,21,187645.73,135357.55,79.07,240
A13983004,서울특별시,23,147760.16,108644.92,32.39,270
A13983004,서울특별시,23,147760.16,108644.92,37.46,70
A13983004,서울특별시,23,147760.16,108644.92,38,28
A13983004,서울특별시,23,147760.16,108644.92,41.3,270
A13983004,서울특별시,23,147760.16,108644.92,46.04,80
A13983004,서울특별시,23,147760.16,108644.92,58.01,562
A13983004,서울특별시,23,147760.16,108644.92,59.18,72
A13983004,서울특별시,23,147760.16,108644.92,59.2,60
A13983004,서울특별시,23,147760.16,108644.92,59.28,60
A13983004,서울특별시,23,147760.16,108644.92,59.39,56
A13983004,서울특별시,23,147760.16,108644.92,60.5,123
A13983004,서울특별시,23,147760.16,108644.92,62.17,4
A13983004,서울특별시,23,147760.16,108644.92,68.86,308
A13983004,서울특별시,23,147760.16,108644.92,71.89,31
A13983004,서울특별시,23,147760.16,108644.92,84.41,35
A13983105,서울특별시,24,150894.22,112653.08,32.39,216
A13983105,서울특별시,24,150894.22,112653.08,41.3,396
A13983105,서울특별시,24,150894.22,112653.08,49.94,180
A13983105,서울특별시,24,150894.22,112653.08,58.01,650
A13983105,서울특별시,24,150894.22,112653.08,59.2,60
A13983105,서울특별시,24,150894.22,112653.08,59.28,60
A13983105,서울특별시,24,150894.22,112653.08,59.39,56
A13983105,서울특별시,24,150894.22,112653.08,60.5,60
A13983105,서울특별시,24,150894.22,112653.08,62.17,18
A13983105,서울특별시,24,150894.22,112653.08,68.86,156
A13983105,서울특별시,24,150894.22,112653.08,71.89,97
A13983105,서울특별시,24,150894.22,112653.08,84.41,115
A13983608,서울특별시,5,33681.48,33680.43,84.77,15
A13983608,서울특별시,5,33681.48,33680.43,84.84,382
A13983707,서울특별시,4,35014.867,27756.69,82.94,15
A13983707,서울특별시,4,35014.867,27756.69,83.56,12
A13983707,서울특별시,4,35014.867,27756.69,83.61,14
A13983707,서울특별시,4,35014.867,27756.69,83.92,279
A13983707,서울특별시,4,35014.867,27756.69,84.15,11
A13983709,서울특별시,4,50143.5,38082.32,69.26,30
A13983709,서울특별시,4,50143.5,38082.32,82.68,377
A13983709,서울특별시,4,50143.5,38082.32,83.27,13
A13983709,서울특별시,4,50143.5,38082.32,83.33,30
A13983709,서울특별시,4,50143.5,38082.32,83.45,15
A13983712,서울특별시,6,52166.4,41970.54,84.96,479
A13983712,서울특별시,6,52166.4,41970.54,84.98,15
A13983713,서울특별시,11,67138.97,49049.22,41.85,59
A13983713,서울특별시,11,67138.97,49049.22,51.66,149
A13983713,서울특별시,11,67138.97,49049.22,57.21,1
A13983713,서울특별시,11,67138.97,49049.22,58.65,114
A13983713,서울특별시,11,67138.97,49049.22,59.97,118
A13983713,서울특별시,11,67138.97,49049.22,66.6,58
A13983713,서울특별시,11,67138.97,49049.22,67.43,60
A13983713,서울특별시,11,67138.97,49049.22,84.09,204
A13983801,서울특별시,1,17894.008,13507.51,67.239,56
A13983801,서울특별시,1,17894.008,13507.51,70.8818,11
A13983801,서울특별시,1,17894.008,13507.51,84.4909,31
A13983801,서울특별시,1,17894.008,13507.51,84.8968,29
A13983801,서울특별시,1,17894.008,13507.51,102.014,33
A13983801,서울특별시,1,17894.008,13507.51,102.9477,5
A13983803,서울특별시,2,24490.625,18165.88,55.77,80
A13983803,서울특별시,2,24490.625,18165.88,83.68,19
A13983803,서울특별시,2,24490.625,18165.88,83.87,94
A13983803,서울특별시,2,24490.625,18165.88,114.34,37
A13983810,서울특별시,7,61053.12,47920.11,84.62,127
A13983810,서울특별시,7,61053.12,47920.11,84.76,13
A13983810,서울특별시,7,61053.12,47920.11,84.83,53
A13983810,서울특별시,7,61053.12,47920.11,114.82,275
A13983811,서울특별시,12,72486.79,60504.6,114.92,294
A13983811,서울특별시,12,72486.79,60504.6,134.94,198
A13983815,서울특별시,9,106883.75,68988.17,39.69,39
A13983815,서울특별시,9,106883.75,68988.17,39.7,236
A13983815,서울특별시,9,106883.75,68988.17,49.77,408
A13983815,서울특별시,9,106883.75,68988.17,59.92,120
A13983815,서울특별시,9,106883.75,68988.17,59.95,510
A13983816,서울특별시,10,73269.35,73269.35,39.69,60
A13983816,서울특별시,10,73269.35,73269.35,39.7,236
A13983816,서울특별시,10,73269.35,73269.35,49.77,405
A13983816,서울특별시,10,73269.35,73269.35,59.92,120
A13983816,서울특별시,10,73269.35,73269.35,59.95,570
A13989701,서울특별시,5,70846.3,54041,59.4,210
A13989701,서울특별시,5,70846.3,54041,84.86,22
A13989701,서울특별시,5,70846.3,54041,84.9,364
A13989701,서울특별시,5,70846.3,54041,114.24,77
A13989702,서울특별시,1,18651.236,11718,27,434
A13994302,서울특별시,5,53479.203,43796.88,86.62,310
A13994302,서울특별시,5,53479.203,43796.88,87.49,132
A13994302,서울특별시,5,53479.203,43796.88,107.92,50
A10020255,서울특별시,1,14530.56,11174.988,84.659,132
A10020305,서울특별시,1,12062.202,5939.31,18.066,71
A10020305,서울특별시,1,12062.202,5939.31,18.524,12
A10020305,서울특별시,1,12062.202,5939.31,18.534,144
A10020305,서울특별시,1,12062.202,5939.31,36.123,36
A10020305,서울특별시,1,12062.202,5939.31,38.751,12
A10021254,서울특별시,2,321.825,7733.8784,55.7153,33
A10021254,서울특별시,2,321.825,7733.8784,81.8788,72
A10024636,서울특별시,1,11822,9499.543,64.183,13
A10024636,서울특별시,1,11822,9499.543,84.939,25
A10024636,서울특별시,1,11822,9499.543,84.957,77
A10024812,서울특별시,2,14645.94,11692.74,84.73,138
A10025097,서울특별시,7,91139.8,65606.41,59.99,296
A10025097,서울특별시,7,91139.8,65606.41,84.99,563
A10027121,서울특별시,10,31900.129,24906.652,39.6161,26
A10027121,서울특별시,10,31900.129,24906.652,49.5347,24
A10027121,서울특별시,10,31900.129,24906.652,56.9597,6
A10027121,서울특별시,10,31900.129,24906.652,59.7828,32
A10027121,서울특별시,10,31900.129,24906.652,59.9277,9
A10027121,서울특별시,10,31900.129,24906.652,84.8218,61
A10027121,서울특별시,10,31900.129,24906.652,84.8514,43
A10027121,서울특별시,10,31900.129,24906.652,84.9094,52
A10027121,서울특별시,10,31900.129,24906.652,84.9343,59
A10027121,서울특별시,10,31900.129,24906.652,117.4637,14
A10027716,서울특별시,6,51863.043,38734.93,59.92,112
A10027716,서울특별시,6,51863.043,38734.93,59.96,51
A10027716,서울특별시,6,51863.043,38734.93,84.93,157
A10027716,서울특별시,6,51863.043,38734.93,84.95,72
A10027716,서울특별시,6,51863.043,38734.93,84.96,112
A13905003,서울특별시,8,45211,36630.848,59.149,166
A13905003,서울특별시,8,45211,36630.848,84.303,298
A13905003,서울특별시,8,45211,36630.848,84.491,20
A13905101,서울특별시,1,21581.484,16330.082,59.953,38
A13905101,서울특별시,1,21581.484,16330.082,84.942,114
A13905101,서울특별시,1,21581.484,16330.082,114.96,38
A13905102,서울특별시,3,25090.66,18414.78,59.76,148
A13905102,서울특별시,3,25090.66,18414.78,84.85,102
A13905102,서울특별시,3,25090.66,18414.78,114.45,8
A13905105,서울특별시,11,137093.53,104126.02,59.95,544
A13905105,서울특별시,11,137093.53,104126.02,84.98,441
A13905105,서울특별시,11,137093.53,104126.02,114.99,296
A13905202,서울특별시,4,24310.46,18923.61,59.79,26
A13905202,서울특별시,4,24310.46,18923.61,70.94,15
A13905202,서울특별시,4,24310.46,18923.61,84.91,162
A13905202,서울특별시,4,24310.46,18923.61,84.98,15
A13905202,서울특별시,4,24310.46,18923.61,84.99,15
A13905204,서울특별시,3,29649.6,21281.1,39.6,100
A13905204,서울특별시,3,29649.6,21281.1,49.6,120
A13905204,서울특별시,3,29649.6,21281.1,59.69,15
A13905204,서울특별시,3,29649.6,21281.1,59.85,175
A13905208,서울특별시,4,40811.65,28253.35,39.6,178
A13905208,서울특별시,4,40811.65,28253.35,49.6,226
A13905208,서울특별시,4,40811.65,28253.35,59.85,167
A13905301,서울특별시,4,26724.025,20141.78,59.96,104
A13905301,서울특별시,4,26724.025,20141.78,69.68,32
A13905301,서울특별시,4,26724.025,20141.78,84.61,138
A13905302,서울특별시,6,51165.83,35220.96,39.6,238
A13905302,서울특별시,6,51165.83,35220.96,49.92,267
A13905302,서울특별시,6,51165.83,35220.96,59.94,208
A13984003,서울특별시,7,66788.4,48270.6,50.18,630
A13984003,서울특별시,7,66788.4,48270.6,59.49,280
A13984004,서울특별시,25,346204.9,269753.44,59.94,725
A13984004,서울특별시,25,346204.9,269753.44,75.81,80
A13984004,서울특별시,25,346204.9,269753.44,84.97,1346
A13984004,서울특별시,25,346204.9,269753.44,114.97,524
A13984004,서울특별시,25,346204.9,269753.44,139.08,328
A13984005,서울특별시,32,278899.1,201468,33.28,500
A13984005,서울특별시,32,278899.1,201468,50.14,1120
A13984005,서울특별시,32,278899.1,201468,51.48,1050
A13984005,서울특별시,32,278899.1,201468,59.22,1260
A13984409,서울특별시,5,38710.723,25861.86,24.12,388
A13984409,서울특별시,5,38710.723,25861.86,39.6,268
A13984409,서울특별시,5,38710.723,25861.86,49.5,119
A13984411,서울특별시,5,51241.71,35803.92,33.18,269
A13984411,서울특별시,5,51241.71,35803.92,39.6,360
A13984411,서울특별시,5,51241.71,35803.92,49.5,255
A13984603,서울특별시,3,29121.248,26946.74,76.44,72
A13984603,서울특별시,3,29121.248,26946.74,77.87,96
A13984603,서울특별시,3,29121.248,26946.74,104.17,48
A13984603,서울특별시,3,29121.248,26946.74,104.75,59
A13984603,서울특별시,3,29121.248,26946.74,104.93,1
A13984603,서울특별시,3,29121.248,26946.74,134.11,20
A13984604,서울특별시,7,79377.17,76889.32,75.75,121
A13984604,서울특별시,7,79377.17,76889.32,75.79,11
A13984604,서울특별시,7,79377.17,76889.32,76.08,33
A13984604,서울특별시,7,79377.17,76889.32,76.12,3
A13984604,서울특별시,7,79377.17,76889.32,76.17,11
A13984604,서울특별시,7,79377.17,76889.32,76.21,1
A13984604,서울특별시,7,79377.17,76889.32,76.78,99
A13984604,서울특별시,7,79377.17,76889.32,76.8,11
A13984604,서울특별시,7,79377.17,76889.32,76.83,132
A13984604,서울특별시,7,79377.17,76889.32,76.94,11
A13984604,서울특별시,7,79377.17,76889.32,77.3,9
A13984604,서울특별시,7,79377.17,76889.32,77.31,12
A13984604,서울특별시,7,79377.17,76889.32,77.4,1
A13984604,서울특별시,7,79377.17,76889.32,77.5,1
A13984604,서울특별시,7,79377.17,76889.32,98,132
A13984604,서울특별시,7,79377.17,76889.32,98.06,11
A13984604,서울특별시,7,79377.17,76889.32,98.42,12
A13984604,서울특별시,7,79377.17,76889.32,98.56,1
A13984604,서울특별시,7,79377.17,76889.32,99.45,55
A13984604,서울특별시,7,79377.17,76889.32,99.93,55
A13984604,서울특별시,7,79377.17,76889.32,99.94,11
A13984604,서울특별시,7,79377.17,76889.32,100.02,4
A13984604,서울특별시,7,79377.17,76889.32,100.13,1
A13984604,서울특별시,7,79377.17,76889.32,100.44,5
A13984604,서울특별시,7,79377.17,76889.32,100.45,1
A13984604,서울특별시,7,79377.17,76889.32,111.6,44
A13984604,서울특별시,7,79377.17,76889.32,111.64,4
A13984604,서울특별시,7,79377.17,76889.32,113.63,33
A13984604,서울특별시,7,79377.17,76889.32,114.19,33
A13984604,서울특별시,7,79377.17,76889.32,114.28,3
A13984604,서울특별시,7,79377.17,76889.32,114.78,3
A13984813,서울특별시,8,93537.03,64147.41,26.37,1581
A13984813,서울특별시,8,93537.03,64147.41,31.32,717
A13984814,서울특별시,16,100656.26,100306.5,38.64,540
A13984814,서울특별시,16,100656.26,100306.5,44.52,540
A13984814,서울특별시,16,100656.26,100306.5,44.94,270
A13984814,서울특별시,16,100656.26,100306.5,58.65,232
A13984814,서울특별시,16,100656.26,100306.5,59.97,240
A13984814,서울특별시,16,100656.26,100306.5,84.815,180
A13985103,서울특별시,7,48948.863,39869.4,99.98,186
A13985103,서울특별시,7,48948.863,39869.4,134.64,158
A13985105,서울특별시,4,36474.676,23201.31,39.84,89
A13985105,서울특별시,4,36474.676,23201.31,49.77,235
A13985105,서울특별시,4,36474.676,23201.31,59.4,134
A13985106,서울특별시,8,69350.44,42559.08,34.44,581
A13985106,서울특별시,8,69350.44,42559.08,39.84,566
A13985107,서울특별시,4,49693.43,31628.58,39.84,74
A13985107,서울특별시,4,49693.43,31628.58,49.77,120
A13985107,서울특별시,4,49693.43,31628.58,59.4,193
A13985107,서울특별시,4,49693.43,31628.58,84.54,133
A13985201,서울특별시,2,20539.91,16192.07,80.28,146
A13985201,서울특별시,2,20539.91,16192.07,83.31,19
A13985201,서울특별시,2,20539.91,16192.07,84.95,34
A13987501,서울특별시,3,15220.45,12291.812,59.8215,48
A13987501,서울특별시,3,15220.45,12291.812,84.8437,79
A13987501,서울특별시,3,15220.45,12291.812,84.917,7
A13987501,서울특별시,3,15220.45,12291.812,84.9565,13
A13987501,서울특별시,3,15220.45,12291.812,101.8874,10
A13987502,서울특별시,4,22344.3,18054.936,59.8587,85
A13987502,서울특별시,4,22344.3,18054.936,84.5133,101
A13987502,서울특별시,4,22344.3,18054.936,117.1038,22
A13987502,서울특별시,4,22344.3,18054.936,123.6546,15
A13987503,서울특별시,1,18943,14132.162,59.953,38
A13987503,서울특별시,1,18943,14132.162,84.846,114
A13987503,서울특별시,1,18943,14132.162,114.816,19
A13991015,서울특별시,1,14922.39,11428.62,59.84,13
A13991015,서울특별시,1,14922.39,11428.62,59.93,53
A13991015,서울특별시,1,14922.39,11428.62,84.93,69
A13991015,서울특별시,1,14922.39,11428.62,84.96,19
A13991016,서울특별시,5,18577.53,14796.356,59.854,103
A13991016,서울특별시,5,18577.53,14796.356,84.607,28
A13991016,서울특별시,5,18577.53,14796.356,84.627,74
A13991017,서울특별시,4,22568.55,17569.05,59.92,60
A13991017,서울특별시,4,22568.55,17569.05,84.69,165
A13991018,서울특별시,21,98384,77743.51,59.9927,170
A13991018,서울특별시,21,98384,77743.51,84.9852,448
A13991018,서울특별시,21,98384,77743.51,127.0318,232
A13995602,서울특별시,8,56641.695,37534.68,24.12,970
A13995602,서울특별시,8,56641.695,37534.68,30.42,194
A13995602,서울특별시,8,56641.695,37534.68,39.6,208
A10022333,서울특별시,1,12846.364,9079.43,59.98,65
A10022333,서울특별시,1,12846.364,9079.43,84.93,61
A13922001,서울특별시,5,19333.8,15226.181,84.399,12
A13922001,서울특별시,5,19333.8,15226.181,84.438,44
A13922001,서울특별시,5,19333.8,15226.181,84.536,60
A13922001,서울특별시,5,19333.8,15226.181,84.774,59
A13922001,서울특별시,5,19333.8,15226.181,84.859,5
A13922002,서울특별시,1,19467.33,15247.23,59.04,41
A13922002,서울특별시,1,19467.33,15247.23,84.94,138
A13922002,서울특별시,1,19467.33,15247.23,84.99,13
A13922003,서울특별시,4,33548.54,26528.451,59.88,16
A13922003,서울특별시,4,33548.54,26528.451,59.98,29
A13922003,서울특별시,4,33548.54,26528.451,78.81,2
A13922003,서울특별시,4,33548.54,26528.451,84.97,136
A13922003,서울특별시,4,33548.54,26528.451,115.79,2
A13922003,서울특별시,4,33548.54,26528.451,121.284,98
A13922102,서울특별시,2,25170.246,18586.74,59.97,106
A13922102,서울특별시,2,25170.246,18586.74,84.93,144
A13922103,서울특별시,3,26581.996,20809.79,59.88,111
A13922103,서울특별시,3,26581.996,20809.79,85,95
A13922103,서울특별시,3,26581.996,20809.79,114.87,53
A13922105,서울특별시,1,16060.12,9820.77,29.67,331
A13922108,서울특별시,5,60613.44,47819.28,59.88,24
A13922108,서울특별시,5,60613.44,47819.28,84.9,308
A13922108,서울특별시,5,60613.44,47819.28,114.96,176
A13922110,서울특별시,8,72103.76,56108.68,59.4,186
A13922110,서울특별시,8,72103.76,56108.68,84.84,23
A13922110,서울특별시,8,72103.76,56108.68,84.88,259
A13922110,서울특별시,8,72103.76,56108.68,114.81,184
A13922111,서울특별시,6,49224.48,34605.12,49.72,696
A13922114,서울특별시,18,174604.8,134975.28,38.64,360
A13922114,서울특별시,18,174604.8,134975.28,44.52,540
A13922114,서울특별시,18,174604.8,134975.28,44.94,180
A13922114,서울특별시,18,174604.8,134975.28,58.46,528
A13922114,서울특별시,18,174604.8,134975.28,76.51,360
A13922114,서울특별시,18,174604.8,134975.28,84.79,360
A13922406,서울특별시,5,57575.1,43629.9,45.77,180
A13922406,서울특별시,5,57575.1,43629.9,59.39,270
A13922406,서울특별시,5,57575.1,43629.9,76.51,120
A13922406,서울특별시,5,57575.1,43629.9,84.79,120
A13922901,서울특별시,3,22997.71,16576.58,71.16,89
A13922901,서울특별시,3,22997.71,16576.58,77.15,16
A13922901,서울특별시,3,22997.71,16576.58,84.99,106
A13922903,서울특별시,6,60739.88,50626.8,114.39,220
A13922903,서울특별시,6,60739.88,50626.8,141.45,180
A13922904,서울특별시,3,45117.566,30332.83,59.52,209
A13922904,서울특별시,3,45117.566,30332.83,59.81,15
A13922904,서울특별시,3,45117.566,30332.83,84.98,200
A13922905,서울특별시,8,38194.977,38194.977,59.941,29
A13922905,서울특별시,8,38194.977,38194.977,84.902,397
A13922905,서울특별시,8,38194.977,38194.977,125.027,22
A13922907,서울특별시,7,67027.44,55591.32,101.99,228
A13922907,서울특별시,7,67027.44,55591.32,134.74,240
A13922908,서울특별시,7,50757.02,38998.47,59.9,201
A13922908,서울특별시,7,50757.02,38998.47,84.75,160
A13922908,서울특별시,7,50757.02,38998.47,114.49,99
A13922908,서울특별시,7,50757.02,38998.47,114.67,18
A13922909,서울특별시,4,36246,26460,44.1,600
A13922910,서울특별시,5,27783,27783,44.1,630
A13972601,서울특별시,6,73398.42,59243.24,75.02,382
A13972601,서울특별시,6,73398.42,59243.24,84.96,360
A13972602,서울특별시,4,25595.26,18518.533,84.4675,148
A13972602,서울특별시,4,25595.26,18518.533,84.7513,71
A13972603,서울특별시,14,121776.03,83102.88,32.76,390
A13972603,서울특별시,14,121776.03,83102.88,39.82,522
A13972603,서울특별시,14,121776.03,83102.88,39.96,353
A13972603,서울특별시,14,121776.03,83102.88,49.54,534
A13972603,서울특별시,14,121776.03,83102.88,49.89,180
A13985402,서울특별시,3,32097.852,22777.32,84.99,268
A13985406,서울특별시,5,48436.117,36710.62,59.84,185
A13985406,서울특별시,5,48436.117,36710.62,84.98,192
A13985406,서울특별시,5,48436.117,36710.62,122.685,76
A13985605,서울특별시,5,59180.938,40605.09,58.16,1
A13985605,서울특별시,5,59180.938,40605.09,59.46,39
A13985605,서울특별시,5,59180.938,40605.09,59.91,13
A13985605,서울특별시,5,59180.938,40605.09,72.69,24
A13985605,서울특별시,5,59180.938,40605.09,84.21,162
A13985605,서울특별시,5,59180.938,40605.09,84.53,30
A13985605,서울특별시,5,59180.938,40605.09,84.71,52
A13985605,서울특별시,5,59180.938,40605.09,84.85,36
A13985605,서울특별시,5,59180.938,40605.09,84.98,142
A13985904,서울특별시,3,25697.96,25694.52,71.76,56
A13985904,서울특별시,3,25697.96,25694.52,84.34,228
A13985904,서울특별시,3,25697.96,25694.52,84.36,29
A13985907,서울특별시,5,87872.22,66256.39,59.34,317
A13985907,서울특별시,5,87872.22,66256.39,84.31,51
A13985907,서울특별시,5,87872.22,66256.39,84.5,256
A13985907,서울특별시,5,87872.22,66256.39,84.6,4
A13985907,서울특별시,5,87872.22,66256.39,84.78,2
A13985907,서울특별시,5,87872.22,66256.39,123.41,18
A13985907,서울특별시,5,87872.22,66256.39,131.25,126
A13985907,서울특별시,5,87872.22,66256.39,132.01,3
A13985907,서울특별시,5,87872.22,66256.39,132.2,1
A13985907,서울특별시,5,87872.22,66256.39,132.21,13
A13985908,서울특별시,6,38429.45,38429.45,26.37,1325
A13985908,서울특별시,6,38429.45,38429.45,26.84,130
A13985909,서울특별시,10,106571.88,80136,44.52,1800
A13986004,서울특별시,3,26109.6,19186.2,58.14,330
A13986009,서울특별시,8,77758.56,63862.08,101.88,120
A13986009,서울특별시,8,77758.56,63862.08,115.26,448
A13986012,서울특별시,9,83623.8,66120.6,84.77,780
A13986013,서울특별시,12,101475.16,80485.2,84.9,948
A13986111,서울특별시,17,131868,109893.56,101.85,24
A13986111,서울특별시,17,131868,109893.56,101.94,20
A13986111,서울특별시,17,131868,109893.56,101.99,28
A13986111,서울특별시,17,131868,109893.56,115.35,300
A13986111,서울특별시,17,131868,109893.56,115.47,292
A13986111,서울특별시,17,131868,109893.56,115.65,296
A13986201,서울특별시,2,20775.72,15826.14,28.59,1
A13986201,서울특별시,2,20775.72,15826.14,59.73,5
A13986201,서울특별시,2,20775.72,15826.14,59.94,83
A13986201,서울특별시,2,20775.72,15826.14,84.87,124
A13986207,서울특별시,2,26137.8,14320.8,30.6,468
A13986302,서울특별시,15,147196.2,147196.2,50.97,180
A13986302,서울특별시,15,147196.2,147196.2,51.29,180
A13986302,서울특별시,15,147196.2,147196.2,54.48,150
A13986302,서울특별시,15,147196.2,147196.2,72.49,150
A13986302,서울특별시,15,147196.2,147196.2,72.73,180
A13986302,서울특별시,15,147196.2,147196.2,74.2,180
A13986302,서울특별시,15,147196.2,147196.2,84.97,600
A13986302,서울특별시,15,147196.2,147196.2,114.57,180
A13986302,서울특별시,15,147196.2,147196.2,129.91,90
A13986306,서울특별시,25,237403.6,166374.23,39.78,479
A13986306,서울특별시,25,237403.6,166374.23,39.91,348
A13986306,서울특별시,25,237403.6,166374.23,39.92,149
A13986306,서울특별시,25,237403.6,166374.23,44.1,344
A13986306,서울특별시,25,237403.6,166374.23,49.5,1177
A13986306,서울특별시,25,237403.6,166374.23,49.85,468
A13986306,서울특별시,25,237403.6,166374.23,59.22,150
A13986306,서울특별시,25,237403.6,166374.23,59.46,172
A13986306,서울특별시,25,237403.6,166374.23,59.7,22
A13986306,서울특별시,25,237403.6,166374.23,59.87,172
A13986504,서울특별시,14,166984.66,117086.24,39.82,372
A13986504,서울특별시,14,166984.66,117086.24,39.96,451
A13986504,서울특별시,14,166984.66,117086.24,49.54,743
A13986504,서울특별시,14,166984.66,117086.24,49.89,420
A13986504,서울특별시,14,166984.66,117086.24,59.26,447
A13986505,서울특별시,11,121639.62,83867.9,25.2,966
A13986505,서울특별시,11,121639.62,83867.9,32.76,896
A13986505,서울특별시,11,121639.62,83867.9,39.82,557
A13986505,서울특별시,11,121639.62,83867.9,39.96,200
A13986509,서울특별시,3,23258.34,23258.34,26.37,882
A13986606,서울특별시,3,42913.2,33045.61,59.75,173
A13986606,서울특별시,3,42913.2,33045.61,84.42,16
A13986606,서울특별시,3,42913.2,33045.61,84.78,147
A13986606,서울특별시,3,42913.2,33045.61,134.78,66
A13986701,서울특별시,1,17461.33,12477.45,56.97,74
A13986701,서울특별시,1,17461.33,12477.45,72.69,8
A13986701,서울특별시,1,17461.33,12477.45,84.51,15
A13986701,서울특별시,1,17461.33,12477.45,84.78,34
A13986701,서울특별시,1,17461.33,12477.45,97.83,18
A13986701,서울특별시,1,17461.33,12477.45,98.28,18
A13986702,서울특별시,1,23812.8,15734.42,58.07,16
A13986702,서울특별시,1,23812.8,15734.42,59.39,85
A13986702,서울특별시,1,23812.8,15734.42,84.3,51
A13986702,서울특별시,1,23812.8,15734.42,84.66,34
A13986702,서울특별시,1,23812.8,15734.42,151.73,17
A13986703,서울특별시,2,31720.19,24717.225,59.9868,17
A13986703,서울특별시,2,31720.19,24717.225,79.098,192
A13986703,서울특별시,2,31720.19,24717.225,84.9132,36
A13986703,서울특별시,2,31720.19,24717.225,92.522,19
A13986703,서울특별시,2,31720.19,24717.225,105.5954,35
A13993001,서울특별시,2,13752.063,9946.34,66.47,57
A13993001,서울특별시,2,13752.063,9946.34,84.35,73
A13993002,서울특별시,2,11869.2,11855.46,84.3,32
A13993002,서울특별시,2,11869.2,11855.46,84.69,9
A13993002,서울특별시,2,11869.2,11855.46,84.78,81
A13993002,서울특별시,2,11869.2,11855.46,84.87,9
A13993002,서울특별시,2,11869.2,11855.46,84.96,9
A13923001,서울특별시,12,21131.248,17210.64,84.9,40
A13923001,서울특별시,12,21131.248,17210.64,101.99,72
A13923001,서울특별시,12,21131.248,17210.64,134.82,48
A13923102,서울특별시,2,28432.07,21131.28,59.74,135
A13923102,서울특별시,2,28432.07,21131.28,77.41,43
A13923102,서울특별시,2,28432.07,21131.28,83.12,67
A13923102,서울특별시,2,28432.07,21131.28,84.89,17
A13923102,서울특별시,2,28432.07,21131.28,104.83,26
A13923103,서울특별시,5,62776.43,51796.2,70.69,300
A13923103,서울특별시,5,62776.43,51796.2,84.97,360
A13923104,서울특별시,6,66773.516,54955.98,57.97,120
A13923104,서울특별시,6,66773.516,54955.98,72.17,236
A13923104,서울특별시,6,66773.516,54955.98,84.94,239
A13923104,서울특별시,6,66773.516,54955.98,118.52,90
A13923106,서울특별시,12,76785.26,60228.363,75.35,176
A13923106,서울특별시,12,76785.26,60228.363,84.51,170
A13923106,서울특별시,12,76785.26,60228.363,84.896,384
A13923108,서울특별시,8,82881.63,58074.3,39.78,184
A13923108,서울특별시,8,82881.63,58074.3,39.92,159
A13923108,서울특별시,8,82881.63,58074.3,49.5,437
A13923108,서울특별시,8,82881.63,58074.3,49.85,180
A13923108,서울특별시,8,82881.63,58074.3,59.22,90
A13923108,서울특별시,8,82881.63,58074.3,59.46,60
A13923108,서울특별시,8,82881.63,58074.3,59.7,22
A13923108,서울특별시,8,82881.63,58074.3,59.87,60
A13977913,서울특별시,12,112848.36,75220.38,26.37,1470
A13977913,서울특별시,12,112848.36,75220.38,31.32,1164
A13987205,서울특별시,10,76363.63,59220,84.6,700
A13987301,서울특별시,1,17943.66,12383.28,32.76,378
A13987302,서울특별시,13,29111.36,23568,36.65,320
A13987302,서울특별시,13,29111.36,23568,37,320
A13987303,서울특별시,12,143902.8,121153.3,71.68,165
A13987303,서울특별시,12,143902.8,121153.3,72,1
A13987303,서울특별시,12,143902.8,121153.3,72.2,14
A13987303,서울특별시,12,143902.8,121153.3,84.91,330
A13987303,서울특별시,12,143902.8,121153.3,84.95,480
A13987303,서울특별시,12,143902.8,121153.3,84.96,60
A13987303,서울특별시,12,143902.8,121153.3,127.22,270
A13987304,서울특별시,15,131293.66,99245.4,39.78,2
A13987304,서울특별시,15,131293.66,99245.4,39.92,1
A13987304,서울특별시,15,131293.66,99245.4,43.41,371
A13987304,서울특별시,15,131293.66,99245.4,43.56,272
A13987304,서울특별시,15,131293.66,99245.4,49.5,1
A13987304,서울특별시,15,131293.66,99245.4,49.75,1
A13987304,서울특별시,15,131293.66,99245.4,54.02,553
A13987304,서울특별시,15,131293.66,99245.4,54.29,269
A13987304,서울특별시,15,131293.66,99245.4,59.22,2
A13987304,서울특별시,15,131293.66,99245.4,64.62,178
A13987304,서울특별시,15,131293.66,99245.4,64.88,103
A13987304,서울특별시,15,131293.66,99245.4,65.14,22
A13987304,서울특별시,15,131293.66,99245.4,65.33,105
A13987305,서울특별시,16,130350.96,130350.96,59.4,324
A13987305,서울특별시,16,130350.96,130350.96,84.77,684
A13987305,서울특별시,16,130350.96,130350.96,113.51,468
A13987306,서울특별시,12,163764,134939.4,45.55,120
A13987306,서울특별시,12,163764,134939.4,53.14,240
A13987306,서울특별시,12,163764,134939.4,55.72,210
A13987306,서울특별시,12,163764,134939.4,57.71,180
A13987306,서울특별시,12,163764,134939.4,65.43,120
A13987306,서울특별시,12,163764,134939.4,70.56,390
A13987306,서울특별시,12,163764,134939.4,74.58,180
A13987306,서울특별시,12,163764,134939.4,84.85,270
A13987306,서울특별시,12,163764,134939.4,84.91,210
A13987306,서울특별시,12,163764,134939.4,84.93,60
A13993501,서울특별시,6,56205.01,45897,107.95,276
A13993501,서울특별시,6,56205.01,45897,134.19,120
A13993502,서울특별시,6,72514.54,61730.72,112.24,274
A13993502,서울특별시,6,72514.54,61730.72,138.29,224
A13993503,서울특별시,4,54417.6,40914,27,540
A13993503,서울특별시,4,54417.6,40914,35.28,330
A13993503,서울특별시,4,54417.6,40914,44.52,330
A13993901,서울특별시,1,22560.12,15921.36,32.76,486
A10026714,서울특별시,1,14843.57,11941.246,81.443,11
A10026714,서울특별시,1,14843.57,11941.246,84.951,83
A10026714,서울특별시,1,14843.57,11941.246,84.972,12
A10026714,서울특별시,1,14843.57,11941.246,84.989,12
A10026714,서울특별시,1,14843.57,11941.246,84.996,23
A10027136,서울특별시,5,11769.29,9247.68,46.83,19
A10027136,서울특별시,5,11769.29,9247.68,47.04,5
A10027136,서울특별시,5,11769.29,9247.68,48.63,5
A10027136,서울특별시,5,11769.29,9247.68,53.62,5
A10027136,서울특별시,5,11769.29,9247.68,53.66,4
A10027136,서울특별시,5,11769.29,9247.68,53.98,20
A10027136,서울특별시,5,11769.29,9247.68,54.51,4
A10027136,서울특별시,5,11769.29,9247.68,55.18,104
A10027136,서울특별시,5,11769.29,9247.68,55.92,4
A10027136,서울특별시,5,11769.29,9247.68,63.72,1
A10027136,서울특별시,5,11769.29,9247.68,73.06,1
A13201001,서울특별시,3,11513.155,7934.48,24.4,1
A13201001,서울특별시,3,11513.155,7934.48,24.66,10
A13201001,서울특별시,3,11513.155,7934.48,24.91,34
A13201001,서울특별시,3,11513.155,7934.48,59.25,6
A13201001,서울특별시,3,11513.155,7934.48,59.58,28
A13201001,서울특별시,3,11513.155,7934.48,59.91,80
A13201002,서울특별시,3,16844.938,9416.2,36.44,190
A13201002,서울특별시,3,16844.938,9416.2,45.32,55
A13201201,서울특별시,1,20038.95,14979.2,59.04,51
A13201201,서울특별시,1,20038.95,14979.2,59.92,35
A13201201,서울특별시,1,20038.95,14979.2,84.39,68
A13201201,서울특별시,1,20038.95,14979.2,114.79,36
A13201202,서울특별시,3,21818.18,16852.533,84.155,36
A13201202,서울특별시,3,21818.18,16852.533,84.163,38
A13201202,서울특별시,3,21818.18,16852.533,84.166,17
A13201202,서울특별시,3,21818.18,16852.533,84.336,36
A13201202,서울특별시,3,21818.18,16852.533,84.354,73
A13201203,서울특별시,2,17388.1,17380.25,84.18,15
A13201203,서울특별시,2,17388.1,17380.25,84.82,15
A13201203,서울특별시,2,17388.1,17380.25,84.83,175
A13201206,서울특별시,7,66564.83,49932.43,84.967,312
A13201206,서울특별시,7,66564.83,49932.43,105.976,172
A13201206,서울특별시,7,66564.83,49932.43,123.687,42
A13201207,서울특별시,4,68805.84,51186.6,73.89,420
A13201207,서울특별시,4,68805.84,51186.6,83.97,240
A13201208,서울특별시,12,122579.37,85026.42,39.85,70
A13201208,서울특별시,12,122579.37,85026.42,40.02,143
A13201208,서울특별시,12,122579.37,85026.42,49.07,4
A13201208,서울특별시,12,122579.37,85026.42,49.14,24
A13201208,서울특별시,12,122579.37,85026.42,49.77,1299
A13201208,서울특별시,12,122579.37,85026.42,58.79,6
A13201208,서울특별시,12,122579.37,85026.42,59.51,99
A13201208,서울특별시,12,122579.37,85026.42,59.76,71
A13201209,서울특별시,25,274202.88,227289.8,77.46,24
A13201209,서울특별시,25,274202.88,227289.8,84.94,2654
A13275301,서울특별시,3,15709.26,12483.24,84.92,147
A13275302,서울특별시,4,26690.883,17646.46,23.53,12
A13275302,서울특별시,4,26690.883,17646.46,24.05,722
A13275303,서울특별시,2,14974.86,11714.387,84.155,21
A13275303,서울특별시,2,14974.86,11714.387,84.163,20
A13275303,서울특별시,2,14974.86,11714.387,84.166,15
A13275303,서울특별시,2,14974.86,11714.387,84.354,83
A13280104,서울특별시,3,24289.98,24289.98,84.93,286
A13281201,서울특별시,3,34452,26214.84,75.33,348
A13281802,서울특별시,5,53461.8,53376.94,0,1
A13281802,서울특별시,5,53461.8,53376.94,84.86,629
A13293505,서울특별시,7,35281.8,35281.8,59.25,168
A13293505,서울특별시,7,35281.8,35281.8,59.52,16
A13293505,서울특별시,7,35281.8,35281.8,84.55,196
A13293505,서울특별시,7,35281.8,35281.8,114.76,68
A10020507,서울특별시,2,31584.217,23967.426,84.9904,80
A10020507,서울특별시,2,31584.217,23967.426,84.9907,42
A10020507,서울특별시,2,31584.217,23967.426,84.9908,80
A10020507,서울특별시,2,31584.217,23967.426,84.9915,80
A10021809,서울특별시,18,19818.6,18490.38,59.67,84
A10021809,서울특별시,18,19818.6,18490.38,66.6,3
A10021809,서울특별시,18,19818.6,18490.38,71.48,18
A10021809,서울특별시,18,19818.6,18490.38,74.82,18
A10021809,서울특별시,18,19818.6,18490.38,78.16,48
A10021809,서울특별시,18,19818.6,18490.38,78.58,3
A10021809,서울특별시,18,19818.6,18490.38,81.5,60
A10021809,서울특별시,18,19818.6,18490.38,81.92,3
A10021809,서울특별시,18,19818.6,18490.38,84.54,18
A10024463,서울특별시,1,6948.339,2835.24,14.79,49
A10024463,서울특별시,1,6948.339,2835.24,14.86,129
A10024463,서울특별시,1,6948.339,2835.24,21.51,9
A10024822,서울특별시,3,6753.324,6753.324,37.553,12
A10024822,서울특별시,3,6753.324,6753.324,49.125,20
A10024822,서울특별시,3,6753.324,6753.324,49.167,6
A10024822,서울특별시,3,6753.324,6753.324,51.001,12
A10024822,서울특별시,3,6753.324,6753.324,51.021,22
A10024822,서울특별시,3,6753.324,6753.324,51.257,12
A10024822,서울특별시,3,6753.324,6753.324,51.867,26
A10024822,서울특별시,3,6753.324,6753.324,54.564,6
A10024822,서울특별시,3,6753.324,6753.324,55.539,18
A10026279,서울특별시,2,8860.5,7009.845,59.611,75
A10026279,서울특별시,2,8860.5,7009.845,84.634,30
A10026856,서울특별시,1,10578.6,7726.8,60,44
A10026856,서울특별시,1,10578.6,7726.8,84.74,48
A10026856,서울특별시,1,10578.6,7726.8,84.94,12
A10027555,서울특별시,1,13028.02,10274.64,74.96,8
A10027555,서울특별시,1,13028.02,10274.64,84.86,22
A10027555,서울특별시,1,13028.02,10274.64,84.87,92
A13202002,서울특별시,16,159544.36,126228.74,60,166
A13202002,서울특별시,16,159544.36,126228.74,84.78,608
A13202002,서울특별시,16,159544.36,126228.74,101.4,122
A13202002,서울특별시,16,159544.36,126228.74,101.48,40
A13202002,서울특별시,16,159544.36,126228.74,133.97,260
A13202002,서울특별시,16,159544.36,126228.74,164.15,82
A13202102,서울특별시,4,24796,19056.12,59.94,112
A13202102,서울특별시,4,24796,19056.12,84.54,146
A13202103,서울특별시,5,35226.434,24461.855,84.937,288
A13202302,서울특별시,2,20088.43,14184.145,84.935,167
A13202304,서울특별시,2,15229.06,10835.88,46.86,143
A13202304,서울특별시,2,15229.06,10835.88,53.7,77
A13202306,서울특별시,4,30862.803,23131.68,59.88,216
A13202306,서울특별시,4,30862.803,23131.68,84.98,120
A13202308,서울특별시,4,40049.52,30561.44,42.93,84
A13202308,서울특별시,4,40049.52,30561.44,58.77,196
A13202308,서울특별시,4,40049.52,30561.44,74.105,112
A13202308,서울특별시,4,40049.52,30561.44,84.96,84
A13202312,서울특별시,30,289713.56,217882.69,43.35,468
A13202312,서울특별시,30,289713.56,217882.69,51.27,80
A13202312,서울특별시,30,289713.56,217882.69,53.16,605
A13202312,서울특별시,30,289713.56,217882.69,62.22,464
A13202312,서울특별시,30,289713.56,217882.69,70.62,780
A13202312,서울특별시,30,289713.56,217882.69,84.87,424
A13202312,서울특별시,30,289713.56,217882.69,112.49,192
A13202312,서울특별시,30,289713.56,217882.69,126.89,156
A13272101,서울특별시,4,27276.77,20588.66,84.98,188
A13272101,서울특별시,4,27276.77,20588.66,124.66,37
A13272102,서울특별시,4,32193.191,25707.8,84.569,14
A13272102,서울특별시,4,32193.191,25707.8,84.909,15
A13272102,서울특별시,4,32193.191,25707.8,84.97,14
A13272102,서울특별시,4,32193.191,25707.8,84.974,15
A13272102,서울특별시,4,32193.191,25707.8,84.983,114
A13272102,서울특별시,4,32193.191,25707.8,112.897,15
A13272102,서울특별시,4,32193.191,25707.8,119.3,15
A13272102,서울특별시,4,32193.191,25707.8,131.336,42
A13272102,서울특별시,4,32193.191,25707.8,140.339,1
A13272102,서울특별시,4,32193.191,25707.8,150.657,13
A13276414,서울특별시,3,17821.02,17821.02,84.86,196
A13276414,서울특별시,3,17821.02,17821.02,84.89,14
A13276415,서울특별시,10,105142.21,82343.09,70.69,36
A13276415,서울특별시,10,105142.21,82343.09,72.21,19
A13276415,서울특별시,10,105142.21,82343.09,84.9,15
A13276415,서울특별시,10,105142.21,82343.09,84.97,908
A13276416,서울특별시,8,73801.2,49507.3,51.91,112
A13276416,서울특별시,8,73801.2,49507.3,72.06,144
A13276416,서울특별시,8,73801.2,49507.3,72.87,48
A13276416,서울특별시,8,73801.2,49507.3,83.85,192
A13276416,서울특별시,8,73801.2,49507.3,84.69,162
A13276417,서울특별시,4,40093.27,32376.28,52.36,148
A13276417,서울특별시,4,40093.27,32376.28,59.78,1
A13276417,서울특별시,4,40093.27,32376.28,62.18,1
A13276417,서울특별시,4,40093.27,32376.28,63.38,145
A13276417,서울특별시,4,40093.27,32376.28,72.01,90
A13276417,서울특별시,4,40093.27,32376.28,84.9,30
A13276417,서울특별시,4,40093.27,32376.28,84.96,74
A13282510,서울특별시,5,64560.6,47416.5,84.89,26
A13282510,서울특별시,5,64560.6,47416.5,84.98,532
A13283405,서울특별시,4,29212.34,22146.422,59.52,10
A13283405,서울특별시,4,29212.34,22146.422,59.581,182
A13283405,서울특별시,4,29212.34,22146.422,84.98,126
A13283611,서울특별시,9,83680.664,65041.2,72.92,60
A13283611,서울특별시,9,83680.664,65041.2,84.82,240
A13283611,서울특별시,9,83680.664,65041.2,84.86,180
A13283611,서울특별시,9,83680.664,65041.2,122.28,60
A13283611,서울특별시,9,83680.664,65041.2,147.48,120
A13285305,서울특별시,3,42457.83,29066.97,59.99,153
A13285305,서울특별시,3,42457.83,29066.97,77.05,18
A13285305,서울특별시,3,42457.83,29066.97,84.93,104
A13285305,서울특별시,3,42457.83,29066.97,134.29,72
A13285401,서울특별시,3,18981.66,14774.44,84.9,151
A13285401,서울특별시,3,18981.66,14774.44,84.98,23
A13285404,서울특별시,5,42487.84,32665.82,84.98,111
A13285404,서울특별시,5,42487.84,32665.82,124.66,111
A13285404,서울특별시,5,42487.84,32665.82,126.97,74
A13285406,서울특별시,11,92995.46,67789.13,84.937,173
A13285406,서울특별시,11,92995.46,67789.13,118.381,298
A13285406,서울특별시,11,92995.46,67789.13,134.981,132
A13285503,서울특별시,4,22320.596,17378.238,59.9837,35
A13285503,서울특별시,4,22320.596,17378.238,84.9358,22
A13285503,서울특별시,4,22320.596,17378.238,84.9501,9
A13285503,서울특별시,4,22320.596,17378.238,84.9661,10
A13285503,서울특별시,4,22320.596,17378.238,84.9696,128
A13285503,서울특별시,4,22320.596,17378.238,114.9875,8
A13285507,서울특별시,3,37807.01,26398.14,59.92,170
A13285507,서울특별시,3,37807.01,26398.14,84.67,13
A13285507,서울특별시,3,37807.01,26398.14,84.81,13
A13285507,서울특별시,3,37807.01,26398.14,84.9,165
A13285601,서울특별시,1,15762.3,11929.02,59.4,84
A13285601,서울특별시,1,15762.3,11929.02,84.94,33
A13285601,서울특별시,1,15762.3,11929.02,114.9,36
A10021859,서울특별시,2,9545.389,7637.4443,50.0855,7
A10021859,서울특별시,2,9545.389,7637.4443,64.2929,1
A10021859,서울특별시,2,9545.389,7637.4443,68.8529,7
A10021859,서울특별시,2,9545.389,7637.4443,68.8867,6
A10021859,서울특별시,2,9545.389,7637.4443,68.9258,76
A10021859,서울특별시,2,9545.389,7637.4443,70.5278,1
A10021859,서울특별시,2,9545.389,7637.4443,72.741,14
A10022118,서울특별시,1,13080.194,10475.04,59.96,67
A10022118,서울특별시,1,13080.194,10475.04,84.97,74
A10022118,서울특별시,1,13080.194,10475.04,169.94,1
A10022144,서울특별시,1,12494.15,9434.49,60,85
A10022144,서울특별시,1,12494.15,9434.49,84.99,51
A10022967,서울특별시,1,10871.08,7799.95,56.3864,22
A10022967,서울특별시,1,10871.08,7799.95,56.5657,20
A10022967,서울특별시,1,10871.08,7799.95,62.438,22
A10022967,서울특별시,1,10871.08,7799.95,64.0803,22
A10022967,서울특별시,1,10871.08,7799.95,64.4072,22
A10022967,서울특별시,1,10871.08,7799.95,68.2097,18
A10023732,서울특별시,1,13674.754,6392.4097,20.3968,6
A10023732,서울특별시,1,13674.754,6392.4097,21.1866,36
A10023732,서울특별시,1,13674.754,6392.4097,22.4666,30
A10023732,서울특별시,1,13674.754,6392.4097,23.1866,88
A10023732,서울특별시,1,13674.754,6392.4097,30.0311,93
A10023914,서울특별시,1,13886.55,5929.54,16.27,2
A10023914,서울특별시,1,13886.55,5929.54,16.48,1
A10023914,서울특별시,1,13886.55,5929.54,17.52,4
A10023914,서울특별시,1,13886.55,5929.54,17.94,12
A10023914,서울특별시,1,13886.55,5929.54,19.17,148
A10023914,서울특별시,1,13886.55,5929.54,20.06,56
A10023914,서울특별시,1,13886.55,5929.54,22.55,53
A10023914,서울특별시,1,13886.55,5929.54,25.65,2
A10023914,서울특별시,1,13886.55,5929.54,36.28,2
A10023914,서울특별시,1,13886.55,5929.54,38.11,1
A10023914,서울특별시,1,13886.55,5929.54,39.47,4
A10023914,서울특별시,1,13886.55,5929.54,39.88,3
A10024827,서울특별시,2,15365.632,12288.107,59.955,9
A10024827,서울특별시,2,15365.632,12288.107,84.754,60
A10024827,서울특별시,2,15365.632,12288.107,84.965,13
A10024827,서울특별시,2,15365.632,12288.107,84.978,44
A10024827,서울특별시,2,15365.632,12288.107,121.313,15
A10026175,서울특별시,1,9452.32,6747.34,59.91,80
A10026175,서울특별시,1,9452.32,6747.34,84.98,23
A13203001,서울특별시,4,16560.064,12813.74,70.71,32
A13203001,서울특별시,4,16560.064,12813.74,82.09,71
A13203001,서울특별시,4,16560.064,12813.74,82.69,35
A13203001,서울특별시,4,16560.064,12813.74,114.28,16
A13203002,서울특별시,5,21996.64,21996.64,34.13,50
A13203002,서울특별시,5,21996.64,21996.64,59.98,48
A13203002,서울특별시,5,21996.64,21996.64,84.98,167
A13203002,서울특별시,5,21996.64,21996.64,114.98,28
A13203102,서울특별시,4,32838.3,25457.6,59.92,51
A13203102,서울특별시,4,32838.3,25457.6,84.3,11
A13203102,서울특별시,4,32838.3,25457.6,84.53,12
A13203102,서울특별시,4,32838.3,25457.6,84.79,11
A13203102,서울특별시,4,32838.3,25457.6,84.87,11
A13203102,서울특별시,4,32838.3,25457.6,84.9,208
A13203102,서울특별시,4,32838.3,25457.6,84.96,11
A13203202,서울특별시,3,28085.959,19972.68,84.63,236
A13203302,서울특별시,10,40708.2,32903.402,59.9899,163
A13203302,서울특별시,10,40708.2,32903.402,84.9383,164
A13203302,서울특별시,10,40708.2,32903.402,114.9396,80
A13203303,서울특별시,8,74248.11,54802.53,50.58,177
A13203303,서울특별시,8,74248.11,54802.53,66.33,419
A13203303,서울특별시,8,74248.11,54802.53,79.2,228
A13203401,서울특별시,4,22786.95,18419.77,84.955,135
A13203401,서울특별시,4,22786.95,18419.77,126.379,55
A13203403,서울특별시,5,37262.42,30095.96,69.82,120
A13203403,서울특별시,5,37262.42,30095.96,71.98,60
A13203403,서울특별시,5,37262.42,30095.96,84.46,206
A13203408,서울특별시,7,55130.4,44236.2,36.36,150
A13203408,서울특별시,7,55130.4,44236.2,54.48,60
A13203408,서울특별시,7,55130.4,44236.2,56.73,60
A13203408,서울특별시,7,55130.4,44236.2,70.13,240
A13203408,서울특별시,7,55130.4,44236.2,84.88,180
A13286002,서울특별시,2,16320,16320,85,192
A13286105,서울특별시,3,39867.766,31191.81,65.37,192
A13286105,서울특별시,3,39867.766,31191.81,76.405,100
A13286105,서울특별시,3,39867.766,31191.81,84.635,106
A13286105,서울특별시,3,39867.766,31191.81,121.295,8
A13286105,서울특별시,3,39867.766,31191.81,132.325,8
A13286106,서울특별시,7,48669.43,39970.44,71.78,178
A13286106,서울특별시,7,48669.43,39970.44,84.98,320
A13286107,서울특별시,6,61737,48821.97,83.86,567
A13286107,서울특별시,6,61737,48821.97,84.89,15
A13286109,서울특별시,8,72079.33,57046.86,44.55,98
A13286109,서울특별시,8,72079.33,57046.86,56.7,60
A13286109,서울특별시,8,72079.33,57046.86,63.36,15
A13286109,서울특별시,8,72079.33,57046.86,70.3,231
A13286109,서울특별시,8,72079.33,57046.86,84.66,378
A13286109,서울특별시,8,72079.33,57046.86,87.78,1
A13286110,서울특별시,9,114493.35,89558.19,28.71,239
A13286110,서울특별시,9,114493.35,89558.19,35.1,421
A13286110,서울특별시,9,114493.35,89558.19,48.96,165
A13286110,서울특별시,9,114493.35,89558.19,59.67,240
A13286110,서울특별시,9,114493.35,89558.19,76.92,360
A13286110,서울특별시,9,114493.35,89558.19,84.9,210
A13286203,서울특별시,2,18166.16,12652.32,44.5,160
A13286203,서울특별시,2,18166.16,12652.32,46.3,80
A13286203,서울특별시,2,18166.16,12652.32,76.18,24
A13286304,서울특별시,14,117431.36,89537.43,40.11,180
A13286304,서울특별시,14,117431.36,89537.43,42.93,450
A13286304,서울특별시,14,117431.36,89537.43,58.77,465
A13286304,서울특별시,14,117431.36,89537.43,79.98,446
A13286904,서울특별시,3,42633.12,33479.33,71.22,84
A13286904,서울특별시,3,42633.12,33479.33,84.3,14
A13286904,서울특별시,3,42633.12,33479.33,84.86,145
A13286904,서울특별시,3,42633.12,33479.33,84.92,150
A13286904,서울특별시,3,42633.12,33479.33,84.93,15
A13287503,서울특별시,4,48396,38357.1,65.42,180
A13287503,서울특별시,4,48396,38357.1,82.5,15
A13287503,서울특별시,4,48396,38357.1,84.39,120
A13287503,서울특별시,4,48396,38357.1,84.53,150
A13287503,서울특별시,4,48396,38357.1,84.59,30
A13287801,서울특별시,3,30867.938,24082.76,77.24,33
A13287801,서울특별시,3,30867.938,24082.76,84.08,12
A13287801,서울특별시,3,30867.938,24082.76,84.25,11
A13287801,서울특별시,3,30867.938,24082.76,84.55,12
A13287801,서울특별시,3,30867.938,24082.76,84.83,171
A13287801,서울특별시,3,30867.938,24082.76,84.93,24
A13287801,서울특별시,3,30867.938,24082.76,84.97,24
A13295201,서울특별시,2,15460.46,12255.598,59.9788,25
A13295201,서울특별시,2,15460.46,12255.598,74.8,42
A13295201,서울특별시,2,15460.46,12255.598,74.8016,4
A13295201,서울특별시,2,15460.46,12255.598,84.969,42
A13295201,서울특별시,2,15460.46,12255.598,84.97,8
A13295201,서울특별시,2,15460.46,12255.598,84.9715,9
A13295201,서울특별시,2,15460.46,12255.598,84.99,9
A13295201,서울특별시,2,15460.46,12255.598,96.0756,16
A10024782,서울특별시,1,11444.02,8350.76,59.96,77
A10024782,서울특별시,1,11444.02,8350.76,82.28,1
A10024782,서울특별시,1,11444.02,8350.76,84.92,43
A10026109,서울특별시,8,26575.3,21063.8,109.63,80
A10026109,서울특별시,8,26575.3,21063.8,136.74,20
A10026109,서울특별시,8,26575.3,21063.8,140.94,20
A10026109,서울특별시,8,26575.3,21063.8,165.55,30
A10026109,서울특별시,8,26575.3,21063.8,177.33,10
A13204001,서울특별시,4,22601.59,17808.934,78.284,18
A13204001,서울특별시,4,22601.59,17808.934,84.976,169
A13204001,서울특별시,4,22601.59,17808.934,113.271,18
A13204002,서울특별시,7,54130.99,42889.047,59.619,18
A13204002,서울특별시,7,54130.99,42889.047,79.435,23
A13204002,서울특별시,7,54130.99,42889.047,84.989,287
A13204002,서울특별시,7,54130.99,42889.047,121.852,128
A13204003,서울특별시,1,14614.8,11760.433,59.9543,21
A13204003,서울특별시,1,14614.8,11760.433,84.6865,84
A13204003,서울특별시,1,14614.8,11760.433,112.9242,30
A13204103,서울특별시,18,173353.95,135651.3,66.48,162
A13204103,서울특별시,18,173353.95,135651.3,66.54,16
A13204103,서울특별시,18,173353.95,135651.3,73.77,20
A13204103,서울특별시,18,173353.95,135651.3,73.92,220
A13204103,서울특별시,18,173353.95,135651.3,84.75,70
A13204103,서울특별시,18,173353.95,135651.3,84.87,1180
A13204104,서울특별시,10,104074.8,73708.2,36.16,300
A13204104,서울특별시,10,104074.8,73708.2,36.34,60
A13204104,서울특별시,10,104074.8,73708.2,41.3,780
A13204104,서울특별시,10,104074.8,73708.2,49.94,570
A13204105,서울특별시,32,234031.45,171291.92,41.3,300
A13204105,서울특별시,32,234031.45,171291.92,44.89,60
A13204105,서울특별시,32,234031.45,171291.92,45.77,60
A13204105,서울특별시,32,234031.45,171291.92,49.94,600
A13204105,서울특별시,32,234031.45,171291.92,58.01,616
A13204105,서울특별시,32,234031.45,171291.92,59.22,60
A13204105,서울특별시,32,234031.45,171291.92,59.39,90
A13204105,서울특별시,32,234031.45,171291.92,61.52,180
A13204105,서울특별시,32,234031.45,171291.92,62.17,12
A13204105,서울특별시,32,234031.45,171291.92,66.56,180
A13204105,서울특별시,32,234031.45,171291.92,71.89,103
A13204105,서울특별시,32,234031.45,171291.92,79.07,480
A13204105,서울특별시,32,234031.45,171291.92,84.41,115
A13204201,서울특별시,1,21027.83,15680.87,59.97,79
A13204201,서울특별시,1,21027.83,15680.87,84.93,66
A13204201,서울특별시,1,21027.83,15680.87,122.15,19
A13204201,서울특별시,1,21027.83,15680.87,158.79,19
A13204203,서울특별시,6,34432.8,25703.252,55.6724,48
A13204203,서울특별시,6,34432.8,25703.252,56.3856,16
A13204203,서울특별시,6,34432.8,25703.252,80.1498,160
A13204203,서울특별시,6,34432.8,25703.252,122.4321,76
A13204204,서울특별시,7,91226.75,68818.33,59.71,19
A13204204,서울특별시,7,91226.75,68818.33,59.86,460
A13204204,서울특별시,7,91226.75,68818.33,84.88,473
A13204205,서울특별시,15,100992.36,81425.21,84.995,958
A13204301,서울특별시,2,22395.94,16614.594,59.8329,16
A13204301,서울특별시,2,22395.94,16614.594,59.9075,16
A13204301,서울특별시,2,22395.94,16614.594,59.9753,16
A13204301,서울특별시,2,22395.94,16614.594,78.2974,30
A13204301,서울특별시,2,22395.94,16614.594,80.0192,17
A13204301,서울특별시,2,22395.94,16614.594,84.9991,118
A13204302,서울특별시,5,51003.344,31751.99,38.9,4
A13204302,서울특별시,5,51003.344,31751.99,39.6,106
A13204302,서울특별시,5,51003.344,31751.99,49.14,16
A13204302,서울특별시,5,51003.344,31751.99,49.77,215
A13204302,서울특별시,5,51003.344,31751.99,58.68,10
A13204302,서울특별시,5,51003.344,31751.99,59.4,258
A13204402,서울특별시,4,26711.322,21091.645,101.9957,174
A13204402,서울특별시,4,26711.322,21091.645,119.4426,28
A13204404,서울특별시,11,96172.97,70478.5,59.499,82
A13204404,서울특별시,11,96172.97,70478.5,84.504,492
A13204404,서울특별시,11,96172.97,70478.5,95.633,131
A13204404,서울특별시,11,96172.97,70478.5,115.42,48
A13204404,서울특별시,11,96172.97,70478.5,135.353,44
A13204406,서울특별시,15,149986.16,114928.96,59.88,552
A13204406,서울특별시,15,149986.16,114928.96,84.76,520
A13204406,서울특별시,15,149986.16,114928.96,135,280
A13204408,서울특별시,11,107983.8,75051,36.16,1350
A13204408,서울특별시,11,107983.8,75051,36.34,270
A13204408,서울특별시,11,107983.8,75051,41.3,180
A13204408,서울특별시,11,107983.8,75051,49.94,180
A13204409,서울특별시,18,216119.05,165389.83,59.445,223
A13204409,서울특별시,18,216119.05,165389.83,59.76,386
A13204409,서울특별시,18,216119.05,165389.83,59.96,204
A13204409,서울특별시,18,216119.05,165389.83,84.97,816
A13204409,서울특별시,18,216119.05,165389.83,134.94,352
A13204501,서울특별시,2,19882.38,14993.24,59.76,76
A13204501,서울특별시,2,19882.38,14993.24,79.68,38
A13204501,서울특별시,2,19882.38,14993.24,84.95,36
A13204501,서울특별시,2,19882.38,14993.24,114.88,38
A13204502,서울특별시,2,24564.32,19952.105,84.9499,72
A13204502,서울특별시,2,24564.32,19952.105,111.2248,42
A13204502,서울특별시,2,24564.32,19952.105,114.5534,80
A13204503,서울특별시,2,19196.8,14468.55,59.91,115
A13204503,서울특별시,2,19196.8,14468.55,84.21,90
A13204505,서울특별시,4,34994.914,25574.82,44.61,12
A13204505,서울특별시,4,34994.914,25574.82,45.54,167
A13204505,서울특별시,4,34994.914,25574.82,58.59,138
A13204505,서울특별시,4,34994.914,25574.82,84.99,110
A13204506,서울특별시,3,46651.246,32442.62,59.96,228
A13204506,서울특별시,3,46651.246,32442.62,84.94,221
A13204507,서울특별시,5,59633.223,44396.26,45.54,154
A13204507,서울특별시,5,59633.223,44396.26,58.59,188
A13204507,서울특별시,5,59633.223,44396.26,63.09,14
A13204507,서울특별시,5,59633.223,44396.26,67.76,14
A13204507,서울특별시,5,59633.223,44396.26,69.03,188
A13204507,서울특별시,5,59633.223,44396.26,84.99,136
A13204508,서울특별시,5,45492.3,32676.6,36.16,150
A13204508,서울특별시,5,45492.3,32676.6,36.34,30
A13204508,서울특별시,5,45492.3,32676.6,41.3,180
A13204508,서울특별시,5,45492.3,32676.6,45.55,60
A13204508,서울특별시,5,45492.3,32676.6,45.9,120
A13204508,서울특별시,5,45492.3,32676.6,49.94,210
A13204510,서울특별시,25,285033.53,217772.56,84.4516,890
A13204510,서울특별시,25,285033.53,217772.56,101.9176,411
A13204510,서울특별시,25,285033.53,217772.56,119.1731,422
A13204510,서울특별시,25,285033.53,217772.56,134.7947,86
A13204510,서울특별시,25,285033.53,217772.56,134.9091,92
A13204510,서울특별시,25,285033.53,217772.56,165.1717,160
A13272201,서울특별시,5,35384.58,27190.62,59.97,156
A13272201,서울특별시,5,35384.58,27190.62,84.93,210
A13275001,서울특별시,1,10178.76,7920.99,59.86,60
A13275001,서울특별시,1,10178.76,7920.99,84.89,51
A13290003,서울특별시,6,66498.18,55254.9,88.23,180
A13290003,서울특별시,6,66498.18,55254.9,89.45,330
A13290003,서울특별시,6,66498.18,55254.9,109.5,90
A13290105,서울특별시,13,62926.64,47591.82,32.34,90
A13290105,서울특별시,13,62926.64,47591.82,41.34,90
A13290105,서울특별시,13,62926.64,47591.82,45.55,90
A13290105,서울특별시,13,62926.64,47591.82,45.77,120
A13290105,서울특별시,13,62926.64,47591.82,45.9,180
A13290105,서울특별시,13,62926.64,47591.82,59.39,180
A13290105,서울특별시,13,62926.64,47591.82,62.17,9
A13290105,서울특별시,13,62926.64,47591.82,71.89,71
A13290105,서울특별시,13,62926.64,47591.82,84.41,80
A13290107,서울특별시,12,174127.44,129395.64,59.39,240
A13290107,서울특별시,12,174127.44,129395.64,60.5,240
A13290107,서울특별시,12,174127.44,129395.64,61.52,60
A13290107,서울특별시,12,174127.44,129395.64,66.56,60
A13290107,서울특별시,12,174127.44,129395.64,68.86,624
A13290107,서울특별시,12,174127.44,129395.64,84.9,120
A13290107,서울특별시,12,174127.44,129395.64,90.94,240
A13290107,서울특별시,12,174127.44,129395.64,99.75,180
A13290404,서울특별시,7,37544.992,28981.35,84.99,230
A13290404,서울특별시,7,37544.992,28981.35,122.63,36
A13290404,서울특별시,7,37544.992,28981.35,152.09,33
A13290809,서울특별시,6,55949.26,39974.48,41.3,210
A13290809,서울특별시,6,55949.26,39974.48,44.89,30
A13290809,서울특별시,6,55949.26,39974.48,45.77,60
A13290809,서울특별시,6,55949.26,39974.48,49.94,300
A13290809,서울특별시,6,55949.26,39974.48,58.01,88
A13290809,서울특별시,6,55949.26,39974.48,59.22,30
A13290809,서울특별시,6,55949.26,39974.48,59.39,90
A13292002,서울특별시,3,28453.46,22090.27,84.65,54
A13292002,서울특별시,3,28453.46,22090.27,118.03,129
A13292002,서울특별시,3,28453.46,22090.27,120.7,19
A13292501,서울특별시,1,13117.374,9491.85,47.79,21
A13292501,서울특별시,1,13117.374,9491.85,57.93,72
A13292501,서울특별시,1,13117.374,9491.85,66.42,65
A13292701,서울특별시,2,19106.469,14690.91,59.75,96
A13292701,서울특별시,2,19106.469,14690.91,84.99,67
A13292701,서울특별시,2,19106.469,14690.91,105.18,31
A10020731,서울특별시,6,28824.115,21184.365,29.9959,28
A10020731,서울특별시,6,28824.115,21184.365,41.7388,24
A10020731,서울특별시,6,28824.115,21184.365,53.5789,6
A10020731,서울특별시,6,28824.115,21184.365,59.9533,99
A10020731,서울특별시,6,28824.115,21184.365,59.9817,51
A10020731,서울특별시,6,28824.115,21184.365,84.8648,14
A10020731,서울특별시,6,28824.115,21184.365,84.987,59
A10020731,서울특별시,6,28824.115,21184.365,84.9887,45
A10020851,서울특별시,1,5100.719,2938.77,18.585,54
A10020851,서울특별시,1,5100.719,2938.77,19.525,86
A10020851,서울특별시,1,5100.719,2938.77,19.77,7
A10020851,서울특별시,1,5100.719,2938.77,39.295,1
A10020851,서울특별시,1,5100.719,2938.77,78.345,1
A10020888,서울특별시,1,5088.96,3018.8,14.69,72
A10020888,서울특별시,1,5088.96,3018.8,16.13,16
A10020888,서울특별시,1,5088.96,3018.8,22.46,8
A10020888,서울특별시,1,5088.96,3018.8,22.96,24
A10020888,서울특별시,1,5088.96,3018.8,24.27,32
A10020888,서울특별시,1,5088.96,3018.8,24.46,8
A10022046,서울특별시,3,14978.51,11069.14,59.69,18
A10022046,서울특별시,3,14978.51,11069.14,59.92,47
A10022046,서울특별시,3,14978.51,11069.14,84.98,52
A10022046,서울특별시,3,14978.51,11069.14,114.98,24
A10022258,서울특별시,1,13274.35,9755.59,59.97,32
A10022258,서울특별시,1,13274.35,9755.59,82.49,95
A10022377,서울특별시,1,11348.7,8258.73,59.93,57
A10022377,서울특별시,1,11348.7,8258.73,84.96,57
A10023891,서울특별시,1,11266.29,6546.66,18.92,219
A10023891,서울특별시,1,11266.29,6546.66,30.42,79
A10025754,서울특별시,9,65787.09,47844.21,33.05,60
A10025754,서울특별시,9,65787.09,47844.21,45.38,60
A10025754,서울특별시,9,65787.09,47844.21,49.27,62
A10025754,서울특별시,9,65787.09,47844.21,49.54,66
A10025754,서울특별시,9,65787.09,47844.21,59.85,31
A10025754,서울특별시,9,65787.09,47844.21,59.88,20
A10025754,서울특별시,9,65787.09,47844.21,59.91,357
A10025754,서울특별시,9,65787.09,47844.21,84.62,57
A10025754,서울특별시,9,65787.09,47844.21,84.83,89
A10026104,서울특별시,8,71040.62,50379.47,40.6,105
A10026104,서울특별시,8,71040.62,50379.47,48.98,116
A10026104,서울특별시,8,71040.62,50379.47,59.81,55
A10026104,서울특별시,8,71040.62,50379.47,59.86,55
A10026104,서울특별시,8,71040.62,50379.47,59.94,116
A10026104,서울특별시,8,71040.62,50379.47,84.85,268
A10026104,서울특별시,8,71040.62,50379.47,84.9,49
A10026232,서울특별시,12,144294.33,73177.88,38.04,71
A10026232,서울특별시,12,144294.33,73177.88,43.5,73
A10026232,서울특별시,12,144294.33,73177.88,55.4,28
A10026232,서울특별시,12,144294.33,73177.88,59.98,249
A10026232,서울특별시,12,144294.33,73177.88,75.01,68
A10026232,서울특별시,12,144294.33,73177.88,84.97,148
A10026232,서울특별시,12,144294.33,73177.88,84.99,332
A10026232,서울특별시,12,144294.33,73177.88,123.06,40
A10026779,서울특별시,1,16940.38,12389.56,84.86,146
A10027089,서울특별시,1,8139.53,4244.41,14.21,35
A10027089,서울특별시,1,8139.53,4244.41,14.72,36
A10027089,서울특별시,1,8139.53,4244.41,14.82,144
A10027089,서울특별시,1,8139.53,4244.41,18.27,18
A10027089,서울특별시,1,8139.53,4244.41,18.38,18
A10027089,서울특별시,1,8139.53,4244.41,23.52,18
A10028042,서울특별시,1,10228.6,4029.246,14.244,229
A10028042,서울특별시,1,10228.6,4029.246,19.453,5
A10028042,서울특별시,1,10228.6,4029.246,19.8,1
A10028042,서울특별시,1,10228.6,4029.246,21.257,5
A10028042,서울특별시,1,10228.6,4029.246,43.185,4
A10028042,서울특별시,1,10228.6,4029.246,371.28,1
A13003002,서울특별시,3,46955.26,34412.31,59.67,222
A13003002,서울특별시,3,46955.26,34412.31,76.41,277
A13003003,서울특별시,7,51817.08,39195.36,59.91,228
A13003003,서울특별시,7,51817.08,39195.36,84.91,252
A13003003,서울특별시,7,51817.08,39195.36,114.96,36
A13003005,서울특별시,10,57520.63,56432.31,59.74,197
A13003005,서울특별시,10,57520.63,56432.31,73.96,172
A13003005,서울특별시,10,57520.63,56432.31,84.73,214
A13003005,서울특별시,10,57520.63,56432.31,90.62,87
A13003005,서울특별시,10,57520.63,56432.31,107.75,55
A13003007,서울특별시,32,273846.6,209210.3,36.14,308
A13003007,서울특별시,32,273846.6,209210.3,50.7,145
A13003007,서울특별시,32,273846.6,209210.3,59.96,165
A13003007,서울특별시,32,273846.6,209210.3,59.97,213
A13003007,서울특별시,32,273846.6,209210.3,59.99,162
A13003007,서울특별시,32,273846.6,209210.3,84.98,746
A13003007,서울특별시,32,273846.6,209210.3,84.99,486
A13003007,서울특별시,32,273846.6,209210.3,121.64,162
A13003007,서울특별시,32,273846.6,209210.3,121.66,77
A13003007,서울특별시,32,273846.6,209210.3,121.94,100
A13003007,서울특별시,32,273846.6,209210.3,140.62,88
A13003201,서울특별시,9,78039.664,61889.92,59.95,40
A13003201,서울특별시,9,78039.664,61889.92,59.96,203
A13003201,서울특별시,9,78039.664,61889.92,84.83,322
A13003201,서울특별시,9,78039.664,61889.92,114.97,174
A13003202,서울특별시,14,117843.21,93101.28,59.74,196
A13003202,서울특별시,14,117843.21,93101.28,59.89,200
A13003202,서울특별시,14,117843.21,93101.28,84.94,420
A13003202,서울특별시,14,117843.21,93101.28,114.76,294
A13003402,서울특별시,3,24435.18,19628.4,84.89,22
A13003402,서울특별시,3,24435.18,19628.4,84.98,209
A13003404,서울특별시,5,51177.32,39018.38,59.36,121
A13003404,서울특별시,5,51177.32,39018.38,84.66,99
A13003404,서울특별시,5,51177.32,39018.38,84.98,276
A13003405,서울특별시,4,43285.945,32682.44,35.45,178
A13003405,서울특별시,4,43285.945,32682.44,44.35,178
A13003405,서울특별시,4,43285.945,32682.44,59.22,104
A13003405,서울특별시,4,43285.945,32682.44,82.39,84
A13003405,서울특별시,4,43285.945,32682.44,96.4,56
A13003406,서울특별시,7,83928.08,64769.34,59.88,135
A13003406,서울특별시,7,83928.08,64769.34,84.72,375
A13003406,서울특별시,7,83928.08,64769.34,101.94,125
A13003406,서울특별시,7,83928.08,64769.34,114.84,106
A13075402,서울특별시,9,48152.055,38292.64,59.95,166
A13075402,서울특별시,9,48152.055,38292.64,84.83,74
A13075402,서울특별시,9,48152.055,38292.64,84.9,77
A13075402,서울특별시,9,48152.055,38292.64,84.94,76
A13075402,서울특별시,9,48152.055,38292.64,114.82,79
A13075403,서울특별시,2,19993.393,14195.52,32.86,432
A13075404,서울특별시,3,25785.424,15630.84,31.77,492
A13075405,서울특별시,2,17998.6,10208.3,32.93,310
A13080201,서울특별시,4,26817.64,26817.64,59.76,109
A13080201,서울특별시,4,26817.64,26817.64,84.99,128
A13080201,서울특별시,4,26817.64,26817.64,114.94,82
A13080702,서울특별시,1,21968.377,16556.1,59.24,60
A13080702,서울특별시,1,21968.377,16556.1,72.32,60
A13080702,서울특별시,1,21968.377,16556.1,82.5,105
A13080801,서울특별시,3,18725.91,18725.91,59.65,69
A13080801,서울특별시,3,18725.91,18725.91,84.66,121
A13080801,서울특별시,3,18725.91,18725.91,114.9,38
A10020429,서울특별시,2,15593.846,6278.7,42.836,36
A10020429,서울특별시,2,15593.846,6278.7,42.972,35
A10020429,서울특별시,2,15593.846,6278.7,43.851,36
A10020429,서울특별시,2,15593.846,6278.7,45.943,36
A10026147,서울특별시,1,7269.7,2958.3,13.75,100
A10026147,서울특별시,1,7269.7,2958.3,18.59,10
A10026147,서울특별시,1,7269.7,2958.3,19.7,30
A10026147,서울특별시,1,7269.7,2958.3,26.88,30
A10020343,서울특별시,2,26763.902,12448.896,26.1513,48
A10020343,서울특별시,2,26763.902,12448.896,41.398,48
A10020343,서울특별시,2,26763.902,12448.896,44.2455,48
A10020343,서울특별시,2,26763.902,12448.896,48.7235,24
A10020343,서울특별시,2,26763.902,12448.896,48.8335,71
A10020343,서울특별시,2,26763.902,12448.896,48.8758,24
A10020343,서울특별시,2,26763.902,12448.896,48.9799,24
A10020343,서울특별시,2,26763.902,12448.896,97.667,1
A10023188,서울특별시,4,139829.78,98114.42,84.93,33
A10023188,서울특별시,4,139829.78,98114.42,84.94,34
A10023188,서울특별시,4,139829.78,98114.42,84.95,132
A10023188,서울특별시,4,139829.78,98114.42,84.96,122
A10023188,서울특별시,4,139829.78,98114.42,84.97,759
A10023188,서울특별시,4,139829.78,98114.42,84.98,68
A10023188,서울특별시,4,139829.78,98114.42,124.47,2
A10023188,서울특별시,4,139829.78,98114.42,162.72,2
A10023389,서울특별시,1,25089.05,18188.934,59.9755,30
A10023389,서울특별시,1,25089.05,18188.934,84.873,186
A10023389,서울특별시,1,25089.05,18188.934,150.8226,4
A10023633,서울특별시,16,96675.15,70982.52,34.47,84
A10023633,서울특별시,16,96675.15,70982.52,40.51,55
A10023633,서울특별시,16,96675.15,70982.52,40.7,22
A10023633,서울특별시,16,96675.15,70982.52,50.34,8
A10023633,서울특별시,16,96675.15,70982.52,51.91,81
A10023633,서울특별시,16,96675.15,70982.52,51.98,12
A10023633,서울특별시,16,96675.15,70982.52,59.92,31
A10023633,서울특별시,16,96675.15,70982.52,59.96,210
A10023633,서울특별시,16,96675.15,70982.52,74.79,22
A10023633,서울특별시,16,96675.15,70982.52,74.94,106
A10023633,서울특별시,16,96675.15,70982.52,84.92,125
A10023633,서울특별시,16,96675.15,70982.52,84.98,127
A10023633,서울특별시,16,96675.15,70982.52,84.99,146
A10023633,서울특별시,16,96675.15,70982.52,89.36,9
A10023633,서울특별시,16,96675.15,70982.52,101.9,3
A10023633,서울특별시,16,96675.15,70982.52,101.92,3
A10023633,서울특별시,16,96675.15,70982.52,109.7,2
A10023633,서울특별시,16,96675.15,70982.52,121.58,2
A10024042,서울특별시,8,73968.79,56258.32,39.92,48
A10024042,서울특별시,8,73968.79,56258.32,46.92,48
A10024042,서울특별시,8,73968.79,56258.32,51.96,34
A10024042,서울특별시,8,73968.79,56258.32,59.9,46
A10024042,서울특별시,8,73968.79,56258.32,59.96,267
A10024042,서울특별시,8,73968.79,56258.32,74.98,140
A10024042,서울특별시,8,73968.79,56258.32,84.93,105
A10024042,서울특별시,8,73968.79,56258.32,84.95,108
A10024042,서울특별시,8,73968.79,56258.32,109.97,27
A10027274,서울특별시,1,17454.24,8673.53,19.51,46
A10027274,서울특별시,1,17454.24,8673.53,30.11,230
A10027274,서울특별시,1,17454.24,8673.53,36.99,23
A10028080,서울특별시,5,31379.81,23404.59,38.7223,23
A10028080,서울특별시,5,31379.81,23404.59,40.3197,27
A10028080,서울특별시,5,31379.81,23404.59,50.8003,7
A10028080,서울특별시,5,31379.81,23404.59,59.8273,14
A10028080,서울특별시,5,31379.81,23404.59,59.9779,28
A10028080,서울특별시,5,31379.81,23404.59,59.9858,32
A10028080,서울특별시,5,31379.81,23404.59,59.988,12
A10028080,서울특별시,5,31379.81,23404.59,84.5011,67
A10028080,서울특별시,5,31379.81,23404.59,84.8378,30
A10028080,서울특별시,5,31379.81,23404.59,84.9406,15
A10028080,서울특별시,5,31379.81,23404.59,114.7715,28
A10028080,서울특별시,5,31379.81,23404.59,114.9628,28
A13007001,서울특별시,6,36141.9,27960.54,59.99,90
A13007001,서울특별시,6,36141.9,27960.54,84.99,176
A13007001,서울특별시,6,36141.9,27960.54,105.6,72
A13007002,서울특별시,4,30511.69,23413.16,26.08,77
A13007002,서울특별시,4,30511.69,23413.16,30.4,132
A13007002,서울특별시,4,30511.69,23413.16,37.73,44
A13007002,서울특별시,4,30511.69,23413.16,59.43,39
A13007002,서울특별시,4,30511.69,23413.16,59.65,13
A13007002,서울특별시,4,30511.69,23413.16,84.99,78
A13007002,서울특별시,4,30511.69,23413.16,115.57,52
A13007004,서울특별시,5,73026,53389.62,49.68,150
A13007004,서울특별시,5,73026,53389.62,58.59,226
A13007004,서울특별시,5,73026,53389.62,71.01,60
A13007004,서울특별시,5,73026,53389.62,84.63,336
A13070301,서울특별시,10,94324,71611.84,59.9,38
A13070301,서울특별시,10,94324,71611.84,59.96,32
A13070301,서울특별시,10,94324,71611.84,59.98,162
A13070301,서울특별시,10,94324,71611.84,84.96,194
A13070301,서울특별시,10,94324,71611.84,84.97,228
A13070301,서울특별시,10,94324,71611.84,114.96,72
A13070301,서울특별시,10,94324,71611.84,114.98,118
A13070302,서울특별시,1,8387.4,8387.4,39.94,210
A10026322,서울특별시,2,13813.95,10674.674,83.08,2
A10026322,서울특별시,2,13813.95,10674.674,84.892,5
A10026322,서울특별시,2,13813.95,10674.674,84.998,39
A10026322,서울특별시,2,13813.95,10674.674,96.905,18
A10026322,서울특별시,2,13813.95,10674.674,112.134,41
A10026322,서울특별시,2,13813.95,10674.674,213.674,2
A13008001,서울특별시,4,17151.602,13211.24,59.92,35
A13008001,서울특별시,4,17151.602,13211.24,84.84,131
A13076801,서울특별시,8,52911.953,40940.664,59.919,23
A13076801,서울특별시,8,52911.953,40940.664,84.954,123
A13076801,서울특별시,8,52911.953,40940.664,84.991,10
A13076801,서울특별시,8,52911.953,40940.664,114.988,148
A13076801,서울특별시,8,52911.953,40940.664,149.934,75
A13079401,서울특별시,1,13977.363,5450.453,30.113,181
A13079402,서울특별시,1,12802.612,6070.52,32.29,188
A13079403,서울특별시,1,11338.845,7438.2,30.36,245
A13082501,서울특별시,2,36707.45,28560.19,59.95,150
A13082501,서울특별시,2,36707.45,28560.19,84.95,125
A13082501,서울특별시,2,36707.45,28560.19,114.73,78
A13082502,서울특별시,6,32091.184,24887.28,59.4,116
A13082502,서울특별시,6,32091.184,24887.28,84.81,112
A13082502,서울특별시,6,32091.184,24887.28,114.84,74
A13082702,서울특별시,7,59471.082,44085.31,84.89,200
A13082702,서울특별시,7,59471.082,44085.31,84.891,206
A13082702,서울특별시,7,59471.082,44085.31,114.521,84
A13082703,서울특별시,4,64737.19,49167.08,59.92,250
A13082703,서울특별시,4,64737.19,49167.08,84.56,175
A13082703,서울특별시,4,64737.19,49167.08,84.58,26
A13082703,서울특별시,4,64737.19,49167.08,114.6,150
A13082704,서울특별시,15,136550.92,105927.5,59.99,580
A13082704,서울특별시,15,136550.92,105927.5,84.89,450
A13082704,서울특별시,15,136550.92,105927.5,114.35,288
A13082805,서울특별시,19,142283.48,114463.234,59.958,444
A13082805,서울특별시,19,142283.48,114463.234,79.35,216
A13082805,서울특별시,19,142283.48,114463.234,84.972,408
A13082805,서울특별시,19,142283.48,114463.234,114.937,287
A13082805,서울특별시,19,142283.48,114463.234,132.469,23
A13083102,서울특별시,9,65496.98,52476.75,59.79,267
A13083102,서울특별시,9,65496.98,52476.75,84.61,258
A13083102,서울특별시,9,65496.98,52476.75,114.5,101
A13083102,서울특별시,9,65496.98,52476.75,141.77,22
A10020768,서울특별시,1,11997.464,6128.019,18.1377,22
A10020768,서울특별시,1,11997.464,6128.019,18.1438,88
A10020768,서울특별시,1,11997.464,6128.019,18.6988,66
A10020768,서울특별시,1,11997.464,6128.019,20.8393,66
A10020768,서울특별시,1,11997.464,6128.019,36.2514,22
A10020768,서울특별시,1,11997.464,6128.019,36.2645,20
A10021037,서울특별시,1,11794.93,9008.94,84.99,106
A10021586,서울특별시,1,11083.72,8945.67,54.11,1
A10021586,서울특별시,1,11083.72,8945.67,62.58,1
A10021586,서울특별시,1,11083.72,8945.67,68.07,1
A10021586,서울특별시,1,11083.72,8945.67,70.42,15
A10021586,서울특별시,1,11083.72,8945.67,80.37,29
A10021586,서울특별시,1,11083.72,8945.67,80.73,8
A10021586,서울특별시,1,11083.72,8945.67,81.17,8
A10021586,서울특별시,1,11083.72,8945.67,83.52,29
A10021586,서울특별시,1,11083.72,8945.67,110.44,15
A10021838,서울특별시,2,13452.03,10338.65,59.61,2
A10021838,서울특별시,2,13452.03,10338.65,59.98,2
A10021838,서울특별시,2,13452.03,10338.65,84.55,18
A10021838,서울특별시,2,13452.03,10338.65,84.81,17
A10021838,서울특별시,2,13452.03,10338.65,84.95,84
A10021855,서울특별시,2,13487.49,10413.56,52.31,1
A10021855,서울특별시,2,13487.49,10413.56,69.31,2
A10021855,서울특별시,2,13487.49,10413.56,69.65,2
A10021855,서울특별시,2,13487.49,10413.56,80.37,2
A10021855,서울특별시,2,13487.49,10413.56,84.5,18
A10021855,서울특별시,2,13487.49,10413.56,84.85,83
A10021855,서울특별시,2,13487.49,10413.56,84.94,16
A10022117,서울특별시,2,11165.232,8994.529,58.9032,8
A10022117,서울특별시,2,11165.232,8994.529,59.9819,26
A10022117,서울특별시,2,11165.232,8994.529,84.9204,8
A10022117,서울특별시,2,11165.232,8994.529,84.9216,71
A10022117,서울특별시,2,11165.232,8994.529,84.9924,3
A10022452,서울특별시,2,13677.48,11335.11,71.27,5
A10022452,서울특별시,2,13677.48,11335.11,72.14,4
A10022452,서울특별시,2,13677.48,11335.11,74.06,1
A10022452,서울특별시,2,13677.48,11335.11,80.84,13
A10022452,서울특별시,2,13677.48,11335.11,80.89,11
A10022452,서울특별시,2,13677.48,11335.11,82.56,4
A10022452,서울특별시,2,13677.48,11335.11,84.29,51
A10022452,서울특별시,2,13677.48,11335.11,84.3,48
A10025509,서울특별시,1,16791.363,9443.28,47.28,12
A10025509,서울특별시,1,16791.363,9443.28,51.07,24
A10025509,서울특별시,1,16791.363,9443.28,70.84,12
A10025509,서울특별시,1,16791.363,9443.28,80.53,60
A10025509,서울특별시,1,16791.363,9443.28,80.82,12
A10025509,서울특별시,1,16791.363,9443.28,83.21,12
A10027877,서울특별시,1,6580.624,3545.97,17.83,3
A10027877,서울특별시,1,6580.624,3545.97,18.35,189
A10027877,서울특별시,1,6580.624,3545.97,24.33,1
A13010001,서울특별시,3,20900.58,16618.66,76.07,12
A13010001,서울특별시,3,20900.58,16618.66,84.97,152
A13010001,서울특별시,3,20900.58,16618.66,96.22,29
A13010002,서울특별시,1,38582.34,28570.34,97.5,5
A13010002,서울특별시,1,38582.34,28570.34,98.5,20
A13010002,서울특별시,1,38582.34,28570.34,99.3,22
A13010002,서울특별시,1,38582.34,28570.34,99.51,9
A13010002,서울특별시,1,38582.34,28570.34,100.1,14
A13010002,서울특별시,1,38582.34,28570.34,100.7,18
A13010002,서울특별시,1,38582.34,28570.34,102.28,24
A13010002,서울특별시,1,38582.34,28570.34,102.31,2
A13010002,서울특별시,1,38582.34,28570.34,119.05,48
A13010002,서울특별시,1,38582.34,28570.34,119.78,40
A13010002,서울특별시,1,38582.34,28570.34,122.58,23
A13010002,서울특별시,1,38582.34,28570.34,127.75,23
A13010002,서울특별시,1,38582.34,28570.34,128.71,1
A13010002,서울특별시,1,38582.34,28570.34,150.64,4
A13010002,서울특별시,1,38582.34,28570.34,164.85,1
A13010003,서울특별시,8,48226.56,43511.4,95.39,180
A13010003,서울특별시,8,48226.56,43511.4,95.4,36
A13010003,서울특별시,8,48226.56,43511.4,95.44,120
A13010003,서울특별시,8,48226.56,43511.4,95.45,120
A13010004,서울특별시,11,87048.91,68232.32,59.539,24
A13010004,서울특별시,11,87048.91,68232.32,59.885,226
A13010004,서울특별시,11,87048.91,68232.32,59.928,138
A13010004,서울특별시,11,87048.91,68232.32,84.568,49
A13010004,서울특별시,11,87048.91,68232.32,84.789,187
A13010004,서울특별시,11,87048.91,68232.32,84.854,46
A13010004,서울특별시,11,87048.91,68232.32,84.897,49
A13010004,서울특별시,11,87048.91,68232.32,114.958,94
A13010004,서울특별시,11,87048.91,68232.32,133.275,46
A13010005,서울특별시,24,181119.12,146615.31,54.43,48
A13010005,서울특별시,24,181119.12,146615.31,64.85,306
A13010005,서울특별시,24,181119.12,146615.31,81.05,1178
A13010005,서울특별시,24,181119.12,146615.31,112.92,254
A13010006,서울특별시,22,241445.36,190446.8,58.42,223
A13010006,서울특별시,22,241445.36,190446.8,59.54,176
A13010006,서울특별시,22,241445.36,190446.8,59.61,112
A13010006,서울특별시,22,241445.36,190446.8,84.78,115
A13010006,서울특별시,22,241445.36,190446.8,84.87,981
A13010006,서울특별시,22,241445.36,190446.8,112.78,460
A13010006,서울특별시,22,241445.36,190446.8,133.72,115
A13078701,서울특별시,3,19705.99,14734.64,84.49,3
A13078701,서울특별시,3,19705.99,14734.64,84.85,32
A13078701,서울특별시,3,19705.99,14734.64,84.89,30
A13078701,서울특별시,3,19705.99,14734.64,84.99,33
A13078701,서울특별시,3,19705.99,14734.64,106.88,20
A13078701,서울특별시,3,19705.99,14734.64,107.97,32
A13078701,서울특별시,3,19705.99,14734.64,111.59,3
A13078701,서울특별시,3,19705.99,14734.64,116.82,3
A13078701,서울특별시,3,19705.99,14734.64,136.73,1
A13084101,서울특별시,8,62104.8,47733.504,59.86,82
A13084101,서울특별시,8,62104.8,47733.504,84.774,396
A13084101,서울특별시,8,62104.8,47733.504,115.681,80
A13084701,서울특별시,2,25470,25450.62,84.4,34
A13084701,서울특별시,2,25470,25450.62,84.83,34
A13084701,서울특별시,2,25470,25450.62,84.9,232
A10023083,서울특별시,4,244926.97,121840.31,29.797,10
A10023083,서울특별시,4,244926.97,121840.31,36.939,8
A10023083,서울특별시,4,244926.97,121840.31,36.965,8
A10023083,서울특별시,4,244926.97,121840.31,49.825,10
A10023083,서울특별시,4,244926.97,121840.31,59.464,18
A10023083,서울특별시,4,244926.97,121840.31,59.935,4
A10023083,서울특별시,4,244926.97,121840.31,59.95,6
A10023083,서울특별시,4,244926.97,121840.31,84.971,332
A10023083,서울특별시,4,244926.97,121840.31,84.975,57
A10023083,서울특별시,4,244926.97,121840.31,84.981,393
A10023083,서울특별시,4,244926.97,121840.31,84.983,118
A10023083,서울특별시,4,244926.97,121840.31,84.993,332
A10023083,서울특별시,4,244926.97,121840.31,102.922,118
A10023083,서울특별시,4,244926.97,121840.31,169.61,1
A10023083,서울특별시,4,244926.97,121840.31,172.663,5
A10023083,서울특별시,4,244926.97,121840.31,176.333,2
A10023083,서울특별시,4,244926.97,121840.31,177.988,2
A10023083,서울특별시,4,244926.97,121840.31,199.556,1
A10026180,서울특별시,5,56717.88,41081.78,39.32,42
A10026180,서울특별시,5,56717.88,41081.78,42.21,42
A10026180,서울특별시,5,56717.88,41081.78,51.7,16
A10026180,서울특별시,5,56717.88,41081.78,59.98,172
A10026180,서울특별시,5,56717.88,41081.78,84.98,312
A13002002,서울특별시,15,82814.93,63491.05,59.88,26
A13002002,서울특별시,15,82814.93,63491.05,59.9,58
A13002002,서울특별시,15,82814.93,63491.05,59.91,23
A13002002,서울특별시,15,82814.93,63491.05,84.7,74
A13002002,서울특별시,15,82814.93,63491.05,84.91,162
A13002002,서울특별시,15,82814.93,63491.05,84.92,193
A13002002,서울특별시,15,82814.93,63491.05,84.96,12
A13002002,서울특별시,15,82814.93,63491.05,114.9,79
A13002002,서울특별시,15,82814.93,63491.05,114.92,92
A13071301,서울특별시,1,11112.86,7042.2,32.01,220
A13071302,서울특별시,31,185895,188158.66,35.77,288
A13071302,서울특별시,31,185895,188158.66,48.97,125
A13071302,서울특별시,31,185895,188158.66,59.99,550
A13071302,서울특별시,31,185895,188158.66,84.96,660
A13071302,서울특별시,31,185895,188158.66,84.97,125
A13071302,서울특별시,31,185895,188158.66,84.98,192
A13071302,서울특별시,31,185895,188158.66,121.93,202
A13071302,서울특별시,31,185895,188158.66,121.95,154
A13071302,서울특별시,31,185895,188158.66,121.98,101
A13084802,서울특별시,3,40525.92,27788.96,32.77,848
A13084803,서울특별시,15,132563.02,107518.8,44.24,132
A13084803,서울특별시,15,132563.02,107518.8,59.78,378
A13084803,서울특별시,15,132563.02,107518.8,84.84,240
A13084803,서울특별시,15,132563.02,107518.8,115.56,232
A13084803,서울특별시,15,132563.02,107518.8,126.63,252
A13084804,서울특별시,16,201221.45,156543,59.34,336
A13084804,서울특별시,16,201221.45,156543,59.96,178
A13084804,서울특별시,16,201221.45,156543,84.84,82
A13084804,서울특별시,16,201221.45,156543,84.95,752
A13084804,서울특별시,16,201221.45,156543,114.3,482
A13085301,서울특별시,7,50282.87,37927.19,59.93,182
A13085301,서울특별시,7,50282.87,37927.19,84.98,176
A13085301,서울특별시,7,50282.87,37927.19,114.89,105
A13085901,서울특별시,2,35594.78,27072.29,57.9,169
A13085901,서울특별시,2,35594.78,27072.29,70.03,44
A13085901,서울특별시,2,35594.78,27072.29,83.01,84
A13085901,서울특별시,2,35594.78,27072.29,114.81,63
A13085902,서울특별시,6,37471.8,29590.658,55.371,180
A13085902,서울특별시,6,37471.8,29590.658,80.325,108
A13085902,서울특별시,6,37471.8,29590.658,112.874,97
A10020159,서울특별시,1,1989.03,1989.03,15.28,37
A10020159,서울특별시,1,1989.03,1989.03,15.36,5
A10020159,서울특별시,1,1989.03,1989.03,15.61,51
A10020159,서울특별시,1,1989.03,1989.03,15.64,5
A10020159,서울특별시,1,1989.03,1989.03,16.72,5
A10020159,서울특별시,1,1989.03,1989.03,16.75,3
A10020159,서울특별시,1,1989.03,1989.03,16.91,6
A10020159,서울특별시,1,1989.03,1989.03,17.39,5
A10020159,서울특별시,1,1989.03,1989.03,18.4,1
A10020159,서울특별시,1,1989.03,1989.03,19.6,4
A10020159,서울특별시,1,1989.03,1989.03,26.24,1
A10020159,서울특별시,1,1989.03,1989.03,27.26,1
A10020729,서울특별시,1,14154.62,7060.8,18.41,208
A10020729,서울특별시,1,14154.62,7060.8,20.125,22
A10020729,서울특별시,1,14154.62,7060.8,40.25,37
A10020729,서울특별시,1,14154.62,7060.8,40.61,32
A13006002,서울특별시,3,27534.01,20591.06,59.92,92
A13006002,서울특별시,3,27534.01,20591.06,84.96,3
A13006002,서울특별시,3,27534.01,20591.06,84.99,46
A13006002,서울특별시,3,27534.01,20591.06,90.95,120
A13006003,서울특별시,4,31361.4,24873.9,59.73,20
A13006003,서울특별시,4,31361.4,24873.9,84.51,20
A13006003,서울특별시,4,31361.4,24873.9,84.9,259
A13006101,서울특별시,12,114587.305,88404.08,59.84,411
A13006101,서울특별시,12,114587.305,88404.08,84.76,395
A13006101,서울특별시,12,114587.305,88404.08,114.885,264
A13077201,서울특별시,1,12033.06,8517.6,32.76,260
A13086101,서울특별시,7,75681.17,59920.92,59.94,88
A13086101,서울특별시,7,75681.17,59920.92,84.98,308
A13086101,서울특별시,7,75681.17,59920.92,116.69,244
A13071201,서울특별시,1,7191.6,4980.75,33.205,150
A13086701,서울특별시,3,29850.367,23331.7,66.91,22
A13086701,서울특별시,3,29850.367,23331.7,72.46,12
A13086701,서울특별시,3,29850.367,23331.7,76.63,33
A13086701,서울특별시,3,29850.367,23331.7,82.18,84
A13086701,서울특별시,3,29850.367,23331.7,119.84,1
A13086701,서울특별시,3,29850.367,23331.7,124.25,1
A13086701,서울특별시,3,29850.367,23331.7,128.57,88
A13086703,서울특별시,2,20093.4,20093.4,32.94,610
A13086704,서울특별시,9,107040.42,83676.03,59.97,276
A13086704,서울특별시,9,107040.42,83676.03,84.92,383
A13086704,서울특별시,9,107040.42,83676.03,114.95,301
A13086705,서울특별시,8,138218.17,128587.04,86.74,53
A13086705,서울특별시,8,138218.17,128587.04,86.78,64
A13086705,서울특별시,8,138218.17,128587.04,88.17,1
A13086705,서울특별시,8,138218.17,128587.04,88.2,8
A13086705,서울특별시,8,138218.17,128587.04,101.59,19
A13086705,서울특별시,8,138218.17,128587.04,101.62,111
A13086705,서울특별시,8,138218.17,128587.04,101.65,178
A13086705,서울특별시,8,138218.17,128587.04,102.15,154
A13086705,서울특별시,8,138218.17,128587.04,103.97,4
A13086705,서울특별시,8,138218.17,128587.04,104,18
A13086705,서울특별시,8,138218.17,128587.04,104.6,9
A13086705,서울특별시,8,138218.17,128587.04,104.63,2
A13086705,서울특별시,8,138218.17,128587.04,124.73,19
A13086705,서울특별시,8,138218.17,128587.04,124.76,47
A13086705,서울특별시,8,138218.17,128587.04,124.79,7
A13086705,서울특별시,8,138218.17,128587.04,126.91,5
A13086705,서울특별시,8,138218.17,128587.04,127.11,56
A13086705,서울특별시,8,138218.17,128587.04,130.18,4
A13086705,서울특별시,8,138218.17,128587.04,137.42,67
A13086705,서울특별시,8,138218.17,128587.04,137.46,62
A13086705,서울특별시,8,138218.17,128587.04,137.49,11
A13086705,서울특별시,8,138218.17,128587.04,143.24,1
A13086705,서울특별시,8,138218.17,128587.04,143.27,9
A13086705,서울특별시,8,138218.17,128587.04,152.17,58
A13086705,서울특별시,8,138218.17,128587.04,152.2,25
A13086705,서울특별시,8,138218.17,128587.04,152.23,1
A13086705,서울특별시,8,138218.17,128587.04,159.5,6
A13086705,서울특별시,8,138218.17,128587.04,170.31,53
A13086705,서울특별시,8,138218.17,128587.04,170.35,25
A13086705,서울특별시,8,138218.17,128587.04,170.38,6
A13086705,서울특별시,8,138218.17,128587.04,177.65,5
A13086705,서울특별시,8,138218.17,128587.04,177.69,1
A13086802,서울특별시,4,31247.25,31246,59.7,99
A13086802,서울특별시,4,31247.25,31246,59.85,17
A13086802,서울특별시,4,31247.25,31246,84.7,19
A13086802,서울특별시,4,31247.25,31246,84.91,128
A13086802,서울특별시,4,31247.25,31246,84.92,19
A13086802,서울특별시,4,31247.25,31246,114.91,89
A10023539,서울특별시,1,15521.378,6689.199,16.396,8
A10023539,서울특별시,1,15521.378,6689.199,19.146,1
A10023539,서울특별시,1,15521.378,6689.199,22.866,10
A10023539,서울특별시,1,15521.378,6689.199,24.011,109
A10023539,서울특별시,1,15521.378,6689.199,24.097,1
A10023539,서울특별시,1,15521.378,6689.199,24.29,1
A10023539,서울특별시,1,15521.378,6689.199,24.319,118
A10023539,서울특별시,1,15521.378,6689.199,32.789,1
A10023539,서울특별시,1,15521.378,6689.199,33.34,1
A10023539,서울특별시,1,15521.378,6689.199,42.481,1
A10023539,서울특별시,1,15521.378,6689.199,43.166,3
A10023539,서울특별시,1,15521.378,6689.199,46.155,1
A10023539,서울특별시,1,15521.378,6689.199,54.526,9
A13070101,서울특별시,5,21943.04,17348.98,84.99,156
A13070101,서울특별시,5,21943.04,17348.98,120.31,34
A13087201,서울특별시,8,72336.18,57243.78,55.89,54
A13087201,서울특별시,8,72336.18,57243.78,60.48,100
A13087201,서울특별시,8,72336.18,57243.78,72.27,100
A13087201,서울특별시,8,72336.18,57243.78,84.96,482
A10023368,서울특별시,2,35450.617,14430.367,15.8871,291
A10023368,서울특별시,2,35450.617,14430.367,32.3737,10
A10023368,서울특별시,2,35450.617,14430.367,33.6175,11
A10023368,서울특별시,2,35450.617,14430.367,33.7442,236
A10023368,서울특별시,2,35450.617,14430.367,33.8253,34
A10024082,서울특별시,2,9829.944,5939.8267,14.1448,280
A10024082,서울특별시,2,9829.944,5939.8267,59.975,22
A10024082,서울특별시,2,9829.944,5939.8267,59.9848,11
A10024244,서울특별시,1,7000,2994,14.97,200
A10025015,서울특별시,6,27512.02,20026.65,39.83,21
A10025015,서울특별시,6,27512.02,20026.65,47.12,23
A10025015,서울특별시,6,27512.02,20026.65,59.77,111
A10025015,서울특별시,6,27512.02,20026.65,59.82,30
A10025015,서울특별시,6,27512.02,20026.65,84.86,40
A10025015,서울특별시,6,27512.02,20026.65,84.88,57
A10025015,서울특별시,6,27512.02,20026.65,84.99,17
A10025410,서울특별시,8,84850.76,62091.62,39.16,66
A10025410,서울특별시,8,84850.76,62091.62,39.6,4
A10025410,서울특별시,8,84850.76,62091.62,45.37,53
A10025410,서울특별시,8,84850.76,62091.62,45.47,8
A10025410,서울특별시,8,84850.76,62091.62,50.34,18
A10025410,서울특별시,8,84850.76,62091.62,59.39,244
A10025410,서울특별시,8,84850.76,62091.62,59.55,52
A10025410,서울특별시,8,84850.76,62091.62,59.65,44
A10025410,서울특별시,8,84850.76,62091.62,84.31,197
A10025410,서울특별시,8,84850.76,62091.62,84.59,40
A10025410,서울특별시,8,84850.76,62091.62,84.62,90
A10025410,서울특별시,8,84850.76,62091.62,84.72,28
A10025410,서울특별시,8,84850.76,62091.62,95.58,30
A10025410,서울특별시,8,84850.76,62091.62,100.53,26
A10027101,서울특별시,3,12395.99,12395.99,84.59,15
A10027101,서울특별시,3,12395.99,12395.99,84.94,131
A13009001,서울특별시,4,52771.98,40113.02,43.59,15
A13009001,서울특별시,4,52771.98,40113.02,49.41,16
A13009001,서울특별시,4,52771.98,40113.02,59.85,111
A13009001,서울특별시,4,52771.98,40113.02,59.949,19
A13009001,서울특별시,4,52771.98,40113.02,84.614,106
A13009001,서울특별시,4,52771.98,40113.02,84.94,102
A13009001,서울특별시,4,52771.98,40113.02,84.984,19
A13009001,서울특별시,4,52771.98,40113.02,113.607,64
A13009001,서울특별시,4,52771.98,40113.02,114.94,38
A13009002,서울특별시,13,151660.53,116449.09,84.29,112
A13009002,서울특별시,13,151660.53,116449.09,84.73,59
A13009002,서울특별시,13,151660.53,116449.09,84.75,103
A13009002,서울특별시,13,151660.53,116449.09,84.8,91
A13009002,서울특별시,13,151660.53,116449.09,84.82,145
A13009002,서울특별시,13,151660.53,116449.09,84.84,160
A13009002,서울특별시,13,151660.53,116449.09,84.86,130
A13009002,서울특별시,13,151660.53,116449.09,114.46,14
A13009002,서울특별시,13,151660.53,116449.09,114.62,50
A13009002,서울특별시,13,151660.53,116449.09,114.73,255
A13009002,서울특별시,13,151660.53,116449.09,114.86,20
A13009002,서울특별시,13,151660.53,116449.09,114.96,85
A13009003,서울특별시,8,43035.99,33008.82,39.24,78
A13009003,서울특별시,8,43035.99,33008.82,59.78,79
A13009003,서울특별시,8,43035.99,33008.82,59.95,29
A13009003,서울특별시,8,43035.99,33008.82,59.96,30
A13009003,서울특별시,8,43035.99,33008.82,84.74,106
A13009003,서울특별시,8,43035.99,33008.82,84.91,70
A13009003,서울특별시,8,43035.99,33008.82,114.61,59
A13009101,서울특별시,2,27275.59,21791.57,59.94,38
A13009101,서울특별시,2,27275.59,21791.57,82.82,86
A13009101,서울특별시,2,27275.59,21791.57,84.69,18
A13009101,서울특별시,2,27275.59,21791.57,112.03,97
A13009202,서울특별시,7,24520.707,19716.629,59.934,56
A13009202,서울특별시,7,24520.707,19716.629,84.997,52
A13009202,서울특별시,7,24520.707,19716.629,110.56,108
A13009206,서울특별시,9,47304.91,36703.45,59.732,103
A13009206,서울특별시,9,47304.91,36703.45,84.973,300
A13009206,서울특별시,9,47304.91,36703.45,120.456,42
A13077702,서울특별시,5,34620.336,26182.44,59.84,189
A13077702,서울특별시,5,34620.336,26182.44,84.87,100
A13077702,서울특별시,5,34620.336,26182.44,114.03,56
A13077703,서울특별시,2,27217.57,20508.54,59.94,114
A13077703,서울특별시,2,27217.57,20508.54,82.8,19
A13077703,서울특별시,2,27217.57,20508.54,84.69,27
A13077703,서울특별시,2,27217.57,20508.54,84.89,75
A13077703,서울특별시,2,27217.57,20508.54,114.96,30
A13078301,서울특별시,5,24608.38,24608.38,38.53,17
A13078301,서울특별시,5,24608.38,24608.38,38.62,34
A13078301,서울특별시,5,24608.38,24608.38,84.64,47
A13078301,서울특별시,5,24608.38,24608.38,84.79,46
A13078301,서울특별시,5,24608.38,24608.38,84.89,94
A13078301,서울특별시,5,24608.38,24608.38,114.88,20
A13078301,서울특별시,5,24608.38,24608.38,114.99,39
A13087401,서울특별시,1,17437,13309.17,71.53,23
A13087401,서울특별시,1,17437,13309.17,71.54,7
A13087401,서울특별시,1,17437,13309.17,85.6,20
A13087401,서울특별시,1,17437,13309.17,85.92,110
A13087405,서울특별시,3,39847.4,29953.84,59.92,176
A13087405,서울특별시,3,39847.4,29953.84,84.99,104
A13087405,서울특별시,3,39847.4,29953.84,114.88,92
A13087407,서울특별시,7,81686.164,39781.73,39.97,75
A13087407,서울특별시,7,81686.164,39781.73,39.98,325
A13087407,서울특별시,7,81686.164,39781.73,59.13,209
A13087407,서울특별시,7,81686.164,39781.73,59.79,122
A13087407,서울특별시,7,81686.164,39781.73,59.97,69
A10020222,서울특별시,3,35478.43,25141.238,44.9208,20
A10020222,서울특별시,3,35478.43,25141.238,44.9692,100
A10020222,서울특별시,3,35478.43,25141.238,59.7944,22
A10020222,서울특별시,3,35478.43,25141.238,59.8057,26
A10020222,서울특별시,3,35478.43,25141.238,74.8752,26
A10020222,서울특별시,3,35478.43,25141.238,84.6923,52
A10020222,서울특별시,3,35478.43,25141.238,84.8768,124
A10022416,서울특별시,1,12120.29,7677.8,17.78,3
A10022416,서울특별시,1,12120.29,7677.8,17.84,30
A10022416,서울특별시,1,12120.29,7677.8,18.08,2
A10022416,서울특별시,1,12120.29,7677.8,18.3,105
A10022416,서울특별시,1,12120.29,7677.8,18.71,6
A10022416,서울특별시,1,12120.29,7677.8,18.84,3
A10022416,서울특별시,1,12120.29,7677.8,19.58,16
A10022416,서울특별시,1,12120.29,7677.8,22.22,1
A10022416,서울특별시,1,12120.29,7677.8,24.38,1
A10022416,서울특별시,1,12120.29,7677.8,32.61,8
A10022416,서울특별시,1,12120.29,7677.8,32.89,12
A10022416,서울특별시,1,12120.29,7677.8,33.56,16
A10022416,서울특별시,1,12120.29,7677.8,34.46,27
A10022416,서울특별시,1,12120.29,7677.8,34.72,45
A10022416,서울특별시,1,12120.29,7677.8,34.98,12
A10022416,서울특별시,1,12120.29,7677.8,36.48,4
A10022416,서울특별시,1,12120.29,7677.8,42.02,4
A10022416,서울특별시,1,12120.29,7677.8,45.96,4
A10023966,서울특별시,1,5425.34,5425.34,18.9,72
A10023966,서울특별시,1,5425.34,5425.34,19.64,1
A10023966,서울특별시,1,5425.34,5425.34,23.74,18
A10023966,서울특별시,1,5425.34,5425.34,29.55,18
A10023966,서울특별시,1,5425.34,5425.34,30.3,8
A10023966,서울특별시,1,5425.34,5425.34,30.76,54
A10023966,서울특별시,1,5425.34,5425.34,31.24,18
A10023966,서울특별시,1,5425.34,5425.34,34.44,18
A10024524,서울특별시,1,7342.24,4372.64,14.17,80
A10024524,서울특별시,1,7342.24,4372.64,14.23,64
A10024524,서울특별시,1,7342.24,4372.64,16.25,112
A10024524,서울특별시,1,7342.24,4372.64,31.77,16
A15603205,서울특별시,6,93417.32,71696.86,32.8,144
A15603205,서울특별시,6,93417.32,71696.86,59.83,18
A15603205,서울특별시,6,93417.32,71696.86,84.94,340
A15603205,서울특별시,6,93417.32,71696.86,114.96,322
A15605001,서울특별시,1,17845.23,12709.96,58.96,82
A15605001,서울특별시,1,17845.23,12709.96,84.68,93
A15605002,서울특별시,7,104876.19,81597.06,59.82,255
A15605002,서울특별시,7,104876.19,81597.06,84.84,54
A15605002,서울특별시,7,104876.19,81597.06,84.96,304
A15605002,서울특별시,7,104876.19,81597.06,124.77,288
A15605003,서울특별시,5,31281,23774.055,59.804,48
A15605003,서울특별시,5,31281,23774.055,59.957,70
A15605003,서울특별시,5,31281,23774.055,84.868,56
A15605003,서울특별시,5,31281,23774.055,84.913,80
A15605003,서울특별시,5,31281,23774.055,114.685,45
A15605103,서울특별시,7,193621.6,149877.3,59.67,386
A15605103,서울특별시,7,193621.6,149877.3,84.88,786
A15605103,서울특별시,7,193621.6,149877.3,114.75,524
A15676701,서울특별시,3,54256.16,30303,32.76,925
A10022384,서울특별시,1,16032,13163.7,131.637,100
A10023859,서울특별시,2,10591.88,8078.071,59.8165,118
A10023859,서울특별시,2,10591.88,8078.071,84.977,12
A10024752,서울특별시,1,13335,9704.08,50.06,14
A10024752,서울특별시,1,13335,9704.08,59.4,30
A10024752,서울특별시,1,13335,9704.08,69.12,18
A10024752,서울특별시,1,13335,9704.08,81.22,36
A10024752,서울특별시,1,13335,9704.08,84.64,18
A10024752,서울특별시,1,13335,9704.08,84.98,18
A15602001,서울특별시,2,16852.08,13822.033,84.688,12
A15602001,서울특별시,2,16852.08,13822.033,84.778,14
A15602001,서울특별시,2,16852.08,13822.033,84.805,127
A15602001,서울특별시,2,16852.08,13822.033,84.865,10
A15602002,서울특별시,2,21286,16939.58,84.67,14
A15602002,서울특별시,2,21286,16939.58,84.7,186
A15602007,서울특별시,7,64450.47,51350.88,84.32,609
A15676512,서울특별시,5,40794.03,28241.8,26.37,149
A15676512,서울특별시,5,40794.03,28241.8,31.32,773
A15676512,서울특별시,5,40794.03,28241.8,34.07,2
A15676512,서울특별시,5,40794.03,28241.8,34.17,1
A15681103,서울특별시,2,20548.703,15500.22,59.89,78
A15681103,서울특별시,2,20548.703,15500.22,84.6,128
A15681104,서울특별시,5,30146.96,23133.7,59.89,134
A15681104,서울특별시,5,30146.96,23133.7,84.94,84
A15681104,서울특별시,5,30146.96,23133.7,114.91,38
A15681104,서울특별시,5,30146.96,23133.7,163.95,22
A15681105,서울특별시,3,41063.84,41063.84,84.32,487
A15681106,서울특별시,5,60763.72,41659.84,59.84,80
A15681106,서울특별시,5,60763.72,41659.84,84.96,434
A15681108,서울특별시,10,62382.75,45292.77,51.66,267
A15681108,서울특별시,10,62382.75,45292.77,58.65,261
A15681108,서울특별시,10,62382.75,45292.77,59.97,270
A15681110,서울특별시,14,200089.5,153829.8,59.84,570
A15681110,서울특별시,14,200089.5,153829.8,84.92,570
A15681110,서울특별시,14,200089.5,153829.8,134.25,298
A15681110,서울특별시,14,200089.5,153829.8,164.79,190
A15608001,서울특별시,5,21820.54,17793.94,59.91,20
A15608001,서울특별시,5,21820.54,17793.94,84.98,72
A15608001,서울특별시,5,21820.54,17793.94,120.71,74
A15608001,서울특별시,5,21820.54,17793.94,128.72,12
A15608002,서울특별시,7,23894.93,23894.93,59.72,21
A15608002,서울특별시,7,23894.93,23894.93,84.95,223
A15608002,서울특별시,7,23894.93,23894.93,115.53,32
A15608003,서울특별시,15,80717.555,59856.266,59.9415,33
A15608003,서울특별시,15,80717.555,59856.266,59.998,40
A15608003,서울특별시,15,80717.555,59856.266,59.9992,98
A15608003,서울특별시,15,80717.555,59856.266,84.9719,80
A15608003,서울특별시,15,80717.555,59856.266,84.9817,223
A15608003,서울특별시,15,80717.555,59856.266,108.3358,160
A15608003,서울특별시,15,80717.555,59856.266,133.385,13
A15608003,서울특별시,15,80717.555,59856.266,141.1572,13
A15608003,서울특별시,15,80717.555,59856.266,147.3454,20
A10026873,서울특별시,1,10421.79,10421.79,84.73,123
A15605102,서울특별시,4,22344.14,22344.14,59.72,18
A15605102,서울특별시,4,22344.14,22344.14,59.9,13
A15605102,서울특별시,4,22344.14,22344.14,84.84,144
A15605102,서울특별시,4,22344.14,22344.14,114.91,72
A15606001,서울특별시,6,24595.047,19985.68,56.68,142
A15606001,서울특별시,6,24595.047,19985.68,79.68,78
A15606001,서울특별시,6,24595.047,19985.68,110.04,52
A15606002,서울특별시,5,32506.4,25532.62,59.79,44
A15606002,서울특별시,5,32506.4,25532.62,84.28,146
A15606002,서울특별시,5,32506.4,25532.62,84.63,50
A15606002,서울특별시,5,32506.4,25532.62,84.66,40
A15606002,서울특별시,5,32506.4,25532.62,114.58,26
A15606003,서울특별시,6,50884.39,41035,59.9014,17
A15606003,서울특별시,6,50884.39,41035,59.9843,82
A15606003,서울특별시,6,50884.39,41035,84.2261,272
A15606003,서울특별시,6,50884.39,41035,114.9855,106
A15606004,서울특별시,9,81054.914,61394.91,46.75,141
A15606004,서울특별시,9,81054.914,61394.91,59.89,132
A15606004,서울특별시,9,81054.914,61394.91,84.46,228
A15606004,서울특별시,9,81054.914,61394.91,104.7,264
A15606005,서울특별시,2,16420.37,12436.515,1.6951,1
A15606005,서울특별시,2,16420.37,12436.515,59.64,81
A15606005,서울특별시,2,16420.37,12436.515,84.54,30
A15606005,서울특별시,2,16420.37,12436.515,84.9,18
A15606005,서울특별시,2,16420.37,12436.515,114.18,31
A15606007,서울특별시,5,52125.79,40543.38,35.81,44
A15606007,서울특별시,5,52125.79,40543.38,41.14,47
A15606007,서울특별시,5,52125.79,40543.38,59.72,56
A15606007,서울특별시,5,52125.79,40543.38,59.9,56
A15606007,서울특별시,5,52125.79,40543.38,84.76,108
A15606007,서울특별시,5,52125.79,40543.38,84.94,108
A15606007,서울특별시,5,52125.79,40543.38,115.42,52
A15606007,서울특별시,5,52125.79,40543.38,115.5,52
A15676702,서울특별시,1,7788,5320.48,30.23,176
A10020085,서울특별시,1,8551.33,7835.58,36.16,72
A10020085,서울특별시,1,8551.33,7835.58,39.06,38
A10020085,서울특별시,1,8551.33,7835.58,72,25
A10020085,서울특별시,1,8551.33,7835.58,72.14,27
A10021807,서울특별시,1,11368.29,8646.71,55.14,4
A10021807,서울특별시,1,11368.29,8646.71,59.91,45
A10021807,서울특별시,1,11368.29,8646.71,79.82,3
A10021807,서울특별시,1,11368.29,8646.71,84.86,50
A10021807,서울특별시,1,11368.29,8646.71,100.84,1
A10021807,서울특별시,1,11368.29,8646.71,114.69,10
A10022181,서울특별시,2,12281.01,10248.035,84.7472,88
A10022181,서울특별시,2,12281.01,10248.035,121.3166,23
A10022230,서울특별시,1,13441.38,10268.08,59.4,63
A10022230,서울특별시,1,13441.38,10268.08,84.75,64
A10022230,서울특별시,1,13441.38,10268.08,84.76,13
A10024245,서울특별시,11,50194.094,38718.504,41.9731,6
A10024245,서울특별시,11,50194.094,38718.504,51.9683,56
A10024245,서울특별시,11,50194.094,38718.504,59.927,82
A10024245,서울특별시,11,50194.094,38718.504,59.9494,11
A10024245,서울특별시,11,50194.094,38718.504,59.9675,9
A10024245,서울특별시,11,50194.094,38718.504,59.9748,29
A10024245,서울특별시,11,50194.094,38718.504,84.9243,215
A10024245,서울특별시,11,50194.094,38718.504,84.9633,13
A10024245,서울특별시,11,50194.094,38718.504,84.9728,12
A10024245,서울특별시,11,50194.094,38718.504,84.9885,25
A10024245,서울특별시,11,50194.094,38718.504,84.9945,41
A10024245,서울특별시,11,50194.094,38718.504,105.9799,12
A10024245,서울특별시,11,50194.094,38718.504,139.9058,1
A10024245,서울특별시,11,50194.094,38718.504,149.9662,2
A10024642,서울특별시,1,11962.174,11962.174,59.7879,6
A10024642,서울특별시,1,11962.174,11962.174,75.6967,22
A10024642,서울특별시,1,11962.174,11962.174,84.9356,6
A10024642,서울특별시,1,11962.174,11962.174,84.9713,59
A10024642,서울특별시,1,11962.174,11962.174,84.9822,8
A10024642,서울특별시,1,11962.174,11962.174,84.9871,25
A10024642,서울특별시,1,11962.174,11962.174,115.0474,14
A10024811,서울특별시,1,12763.656,9821.645,59.958,60
A10024811,서울특별시,1,12763.656,9821.645,66.573,15
A10024811,서울특별시,1,12763.656,9821.645,84.978,42
A10024811,서울특별시,1,12763.656,9821.645,118.321,14
A10025013,서울특별시,17,94432.086,69431.36,49.4797,38
A10025013,서울특별시,17,94432.086,69431.36,59.8557,51
A10025013,서울특별시,17,94432.086,69431.36,59.9775,92
A10025013,서울특별시,17,94432.086,69431.36,59.978,6
A10025013,서울특별시,17,94432.086,69431.36,59.9908,281
A10025013,서울특별시,17,94432.086,69431.36,84.9739,35
A10025013,서울특별시,17,94432.086,69431.36,84.9787,268
A10025013,서울특별시,17,94432.086,69431.36,84.9824,69
A10025013,서울특별시,17,94432.086,69431.36,84.984,34
A10025013,서울특별시,17,94432.086,69431.36,84.9857,82
A10025013,서울특별시,17,94432.086,69431.36,97.6096,3
A10026299,서울특별시,6,68672.53,53752.64,59.98,158
A10026299,서울특별시,6,68672.53,53752.64,84.98,486
A10026299,서울특별시,6,68672.53,53752.64,123.98,24
A10027495,서울특별시,2,36015.32,16732.83,90.78,1
A10027495,서울특별시,2,36015.32,16732.83,92.13,19
A10027495,서울특별시,2,36015.32,16732.83,101.09,1
A10027495,서울특별시,2,36015.32,16732.83,113.65,19
A10027495,서울특별시,2,36015.32,16732.83,117.65,1
A10027495,서울특별시,2,36015.32,16732.83,118.29,1
A10027495,서울특별시,2,36015.32,16732.83,120.17,39
A10027495,서울특별시,2,36015.32,16732.83,120.81,39
A10027495,서울특별시,2,36015.32,16732.83,149.63,19
A10027495,서울특별시,2,36015.32,16732.83,154.01,1
A15609001,서울특별시,5,15206.71,11568.59,59.99,27
A15609001,서울특별시,5,15206.71,11568.59,66.11,31
A15609001,서울특별시,5,15206.71,11568.59,84.93,61
A15609001,서울특별시,5,15206.71,11568.59,84.96,32
A15609002,서울특별시,1,16298.841,16320.64,59.58,34
A15609002,서울특별시,1,16298.841,16320.64,59.96,49
A15609002,서울특별시,1,16298.841,16320.64,84.72,110
A15609002,서울특별시,1,16298.841,16320.64,87.44,1
A15609002,서울특별시,1,16298.841,16320.64,114.72,17
A15609003,서울특별시,8,49613.918,38308.12,59.96,96
A15609003,서울특별시,8,49613.918,38308.12,84.73,289
A15609003,서울특별시,8,49613.918,38308.12,84.84,26
A15609003,서울특별시,8,49613.918,38308.12,84.9,54
A15609003,서울특별시,8,49613.918,38308.12,84.97,15
A15609005,서울특별시,12,135400.5,110753.24,59.67,162
A15609005,서울특별시,12,135400.5,110753.24,84.91,570
A15609005,서울특별시,12,135400.5,110753.24,125.4,419
A15609005,서울특별시,12,135400.5,110753.24,145.4,1
A15609006,서울특별시,4,30096.67,22789.77,32.76,110
A15609006,서울특별시,4,30096.67,22789.77,59.67,67
A15609006,서울특별시,4,30096.67,22789.77,84.66,90
A15609006,서울특별시,4,30096.67,22789.77,114.68,66
A15609007,서울특별시,8,48868.62,38380.37,84.7236,32
A15609007,서울특별시,8,48868.62,38380.37,84.847,160
A15609007,서울특별시,8,48868.62,38380.37,84.956,25
A15609007,서울특별시,8,48868.62,38380.37,84.9604,51
A15609007,서울특별시,8,48868.62,38380.37,84.9826,32
A15609007,서울특별시,8,48868.62,38380.37,84.9827,152
A15609008,서울특별시,1,11926.16,8591.36,59.9,64
A15609008,서울특별시,1,11926.16,8591.36,84.96,56
A15609301,서울특별시,4,19590.4,19534.248,71.634,7
A15609301,서울특별시,4,19590.4,19534.248,84.614,110
A15609301,서울특별시,4,19590.4,19534.248,84.766,81
A15609301,서울특별시,4,19590.4,19534.248,114.369,25
A15609303,서울특별시,3,26805.8,26805.8,59.9,144
A15609303,서울특별시,3,26805.8,26805.8,84.98,144
A15609303,서울특별시,3,26805.8,26805.8,114.29,52
A15609305,서울특별시,7,57136.44,49701.22,84.96,196
A15609305,서울특별시,7,57136.44,49701.22,105.53,20
A15609305,서울특별시,7,57136.44,49701.22,105.71,18
A15609305,서울특별시,7,57136.44,49701.22,117.68,96
A15609305,서울특별시,7,57136.44,49701.22,155.6,114
A15609306,서울특별시,18,114737.19,86503.13,60.739,76
A15609306,서울특별시,18,114737.19,86503.13,84.967,466
A15609306,서울특별시,18,114737.19,86503.13,114.502,314
A15609306,서울특별시,18,114737.19,86503.13,158.468,40
A15609401,서울특별시,2,19484.502,15336.852,59.1605,39
A15609401,서울특별시,2,19484.502,15336.852,84.9941,112
A15609401,서울특별시,2,19484.502,15336.852,109.6954,32
A15609501,서울특별시,3,17768.88,17768.88,60.03,296
A15609502,서울특별시,9,74435.97,58065.08,59.89,182
A15609502,서울특별시,9,74435.97,58065.08,60,143
A15609502,서울특별시,9,74435.97,58065.08,84.49,218
A15609502,서울특별시,9,74435.97,58065.08,99.15,4
A15609502,서울특별시,9,74435.97,58065.08,114.94,172
A15677204,서울특별시,8,91645.5,71938.17,46.75,135
A15677204,서울특별시,8,91645.5,71938.17,59.89,330
A15677204,서울특별시,8,91645.5,71938.17,84.46,207
A15677204,서울특별시,8,91645.5,71938.17,118.25,240
A15677501,서울특별시,4,52230.64,39340.285,59.773,47
A15677501,서울특별시,4,52230.64,39340.285,59.9893,44
A15677501,서울특별시,4,52230.64,39340.285,84.422,154
A15677501,서울특별시,4,52230.64,39340.285,84.9706,102
A15677501,서울특별시,4,52230.64,39340.285,116.6177,53
A15677501,서울특별시,4,52230.64,39340.285,118.4843,51
A15681501,서울특별시,6,90542.4,69742.8,46.75,210
A15681501,서울특별시,6,90542.4,69742.8,59.89,165
A15681501,서울특별시,6,90542.4,69742.8,84.66,150
A15681501,서울특별시,6,90542.4,69742.8,108.08,165
A15681501,서울특별시,6,90542.4,69742.8,118.25,165
A15681502,서울특별시,8,120922.3,91614.75,46.75,150
A15681502,서울특별시,8,120922.3,91614.75,59.89,255
A15681502,서울특별시,8,120922.3,91614.75,84.66,285
A15681502,서울특별시,8,120922.3,91614.75,108.08,90
A15681502,서울특별시,8,120922.3,91614.75,118.25,300
A15681503,서울특별시,12,177543.98,137745.45,46.75,133
A15681503,서울특별시,12,177543.98,137745.45,51.57,103
A15681503,서울특별시,12,177543.98,137745.45,59.25,240
A15681503,서울특별시,12,177543.98,137745.45,84.32,360
A15681503,서울특별시,12,177543.98,137745.45,109.7,240
A15681503,서울특별시,12,177543.98,137745.45,110.14,150
A15681503,서울특별시,12,177543.98,137745.45,119.5,144
A15681503,서울특별시,12,177543.98,137745.45,119.91,180
A15681802,서울특별시,2,27305.777,21088.2,51.66,25
A15681802,서울특별시,2,27305.777,21088.2,59.96,150
A15681802,서울특별시,2,27305.777,21088.2,120.03,90
A10021490,서울특별시,3,15953.24,15953.24,108.63,45
A10021490,서울특별시,3,15953.24,15953.24,108.69,5
A10021490,서울특별시,3,15953.24,15953.24,131.47,36
A10021490,서울특별시,3,15953.24,15953.24,131.5,36
A10021490,서울특별시,3,15953.24,15953.24,131.8,4
A10021490,서울특별시,3,15953.24,15953.24,131.83,4
A10022456,서울특별시,1,12319.04,9668.3,63.73,14
A10022456,서울특별시,1,12319.04,9668.3,84.33,95
A10022456,서울특별시,1,12319.04,9668.3,84.97,9
A10022720,서울특별시,10,76513.17,57364.227,59.8166,226
A10022720,서울특별시,10,76513.17,57364.227,59.9425,35
A10022720,서울특별시,10,76513.17,57364.227,74.9953,152
A10022720,서울특별시,10,76513.17,57364.227,84.4744,18
A10022720,서울특별시,10,76513.17,57364.227,84.6246,152
A10022720,서울특별시,10,76513.17,57364.227,84.9198,188
A10022916,서울특별시,2,12827.42,10141.39,62.69,11
A10022916,서울특별시,2,12827.42,10141.39,78,2
A10022916,서울특별시,2,12827.42,10141.39,78.58,1
A10022916,서울특별시,2,12827.42,10141.39,80.18,1
A10022916,서울특별시,2,12827.42,10141.39,83.84,11
A10022916,서울특별시,2,12827.42,10141.39,84.38,13
A10022916,서울특별시,2,12827.42,10141.39,84.61,21
A10022916,서울특별시,2,12827.42,10141.39,84.71,10
A10022916,서울특별시,2,12827.42,10141.39,84.72,30
A10022916,서울특별시,2,12827.42,10141.39,84.8,10
A10022916,서울특별시,2,12827.42,10141.39,84.95,13
A10024365,서울특별시,13,89570.71,68120.52,59.6984,33
A10024365,서울특별시,13,89570.71,68120.52,59.9818,340
A10024365,서울특별시,13,89570.71,68120.52,59.9851,94
A10024365,서울특별시,13,89570.71,68120.52,74.9587,136
A10024365,서울특별시,13,89570.71,68120.52,74.9853,40
A10024365,서울특별시,13,89570.71,68120.52,84.965,6
A10024365,서울특별시,13,89570.71,68120.52,84.9807,20
A10024365,서울특별시,13,89570.71,68120.52,84.9833,62
A10024365,서울특별시,13,89570.71,68120.52,84.9952,187
A10024365,서울특별시,13,89570.71,68120.52,110.9878,16
A10024365,서울특별시,13,89570.71,68120.52,110.9996,16
A10024777,서울특별시,4,16235.3,12830.68,68.56,31
A10024777,서울특별시,4,16235.3,12830.68,84.95,68
A10024777,서울특별시,4,16235.3,12830.68,100.52,10
A10024777,서울특별시,4,16235.3,12830.68,122.61,32
A10025768,서울특별시,8,94471.74,70828.914,59.5905,55
A10025768,서울특별시,8,94471.74,70828.914,59.7827,181
A10025768,서울특별시,8,94471.74,70828.914,59.9173,17
A10025768,서울특별시,8,94471.74,70828.914,84.8746,135
A10025768,서울특별시,8,94471.74,70828.914,84.9546,46
A10025768,서울특별시,8,94471.74,70828.914,84.9704,403
A10025768,서울특별시,8,94471.74,70828.914,108.9843,56
A10027424,서울특별시,7,46217.676,33860.03,38.16,84
A10027424,서울특별시,7,46217.676,33860.03,59.978,22
A10027424,서울특별시,7,46217.676,33860.03,71.252,35
A10027424,서울특별시,7,46217.676,33860.03,72.088,25
A10027424,서울특별시,7,46217.676,33860.03,72.328,45
A10027424,서울특별시,7,46217.676,33860.03,72.678,24
A10027424,서울특별시,7,46217.676,33860.03,84.888,45
A10027424,서울특별시,7,46217.676,33860.03,84.918,166
A10027424,서울특별시,7,46217.676,33860.03,84.947,25
A10027472,서울특별시,2,21163.068,15804.142,59.9769,54
A10027472,서울특별시,2,21163.068,15804.142,84.8136,52
A10027472,서울특별시,2,21163.068,15804.142,84.9116,14
A10027472,서울특별시,2,21163.068,15804.142,84.9506,63
A10027472,서울특별시,2,21163.068,15804.142,84.9701,19
A10027614,서울특별시,1,6646,4444.8,14.7,268
A10027614,서울특별시,1,6646,4444.8,16.84,30
A10027633,서울특별시,6,63187.797,46214.56,59.7852,127
A10027633,서울특별시,6,63187.797,46214.56,84.8032,86
A10027633,서울특별시,6,63187.797,46214.56,84.8624,80
A10027633,서울특별시,6,63187.797,46214.56,84.864,170
A10027633,서울특별시,6,63187.797,46214.56,84.9736,78
A10027633,서울특별시,6,63187.797,46214.56,84.9988,41
A15603001,서울특별시,4,17602.01,13731.147,74.316,2
A15603001,서울특별시,4,17602.01,13731.147,74.751,1
A15603001,서울특별시,4,17602.01,13731.147,84.829,8
A15603001,서울특별시,4,17602.01,13731.147,84.953,33
A15603001,서울특별시,4,17602.01,13731.147,84.958,51
A15603001,서울특별시,4,17602.01,13731.147,84.959,15
A15603001,서울특별시,4,17602.01,13731.147,84.97,52
A15603002,서울특별시,8,40979.42,32498.01,59.91,50
A15603002,서울특별시,8,40979.42,32498.01,59.94,60
A15603002,서울특별시,8,40979.42,32498.01,84.84,72
A15603002,서울특별시,8,40979.42,32498.01,84.91,63
A15603002,서울특별시,8,40979.42,32498.01,84.99,170
A15603003,서울특별시,2,29979.12,18105.6,32.8,552
A15603004,서울특별시,4,44304.97,30905.79,32.43,953
A15603006,서울특별시,28,192418.69,155288.69,59.97,116
A15603006,서울특별시,28,192418.69,155288.69,84.96,1019
A15603006,서울특별시,28,192418.69,155288.69,114.97,470
A15603006,서울특별시,28,192418.69,155288.69,134.98,23
A15603006,서울특별시,28,192418.69,155288.69,164.91,28
A15603007,서울특별시,1,11207.432,4967.396,30.289,164
A15603008,서울특별시,16,106266.17,82034.88,59.928,24
A15603008,서울특별시,16,106266.17,82034.88,84.884,301
A15603008,서울특별시,16,106266.17,82034.88,84.922,33
A15603008,서울특별시,16,106266.17,82034.88,84.951,272
A15603008,서울특별시,16,106266.17,82034.88,84.953,34
A15603008,서울특별시,16,106266.17,82034.88,120.004,89
A15603008,서울특별시,16,106266.17,82034.88,120.49,40
A15603008,서울특별시,16,106266.17,82034.88,120.571,39
A15603008,서울특별시,16,106266.17,82034.88,120.936,50
A15603009,서울특별시,4,11758.61,11758.61,65.37,2
A15603009,서울특별시,4,11758.61,11758.61,72.24,1
A15603009,서울특별시,4,11758.61,11758.61,73.82,1
A15603009,서울특별시,4,11758.61,11758.61,75.67,2
A15603009,서울특별시,4,11758.61,11758.61,79.39,1
A15603009,서울특별시,4,11758.61,11758.61,84.35,1
A15603009,서울특별시,4,11758.61,11758.61,84.82,1
A15603009,서울특별시,4,11758.61,11758.61,84.87,8
A15603009,서울특별시,4,11758.61,11758.61,84.97,11
A15603009,서울특별시,4,11758.61,11758.61,84.98,33
A15603009,서울특별시,4,11758.61,11758.61,84.99,75
A15603009,서울특별시,4,11758.61,11758.61,129.51,1
A15603009,서울특별시,4,11758.61,11758.61,160.18,1
A15603203,서울특별시,6,45355.64,36254.12,84.96,324
A15603203,서울특별시,6,45355.64,36254.12,114.83,76
A15603204,서울특별시,7,59196.88,45011.297,59.828,109
A15603204,서울특별시,7,59196.88,45011.297,84.959,277
A15603204,서울특별시,7,59196.88,45011.297,114.171,131
A15603206,서울특별시,22,137481.02,109786.22,59.96,42
A15603206,서울특별시,22,137481.02,109786.22,59.99,254
A15603206,서울특별시,22,137481.02,109786.22,59.995,68
A15603206,서울특별시,22,137481.02,109786.22,84.992,84
A15603206,서울특별시,22,137481.02,109786.22,84.995,221
A15603206,서울특별시,22,137481.02,109786.22,101.993,60
A15603206,서울특별시,22,137481.02,109786.22,132.735,228
A15603206,서울특별시,22,137481.02,109786.22,152.222,108
A15603206,서울특별시,22,137481.02,109786.22,161.481,57
A15603401,서울특별시,2,23456.41,17515.643,58.7112,18
A15603401,서울특별시,2,23456.41,17515.643,61.5494,36
A15603401,서울특별시,2,23456.41,17515.643,84.5802,40
A15603401,서울특별시,2,23456.41,17515.643,84.9832,32
A15603401,서울특별시,2,23456.41,17515.643,114.6534,71
A15603502,서울특별시,9,42265.67,34752.773,59.886,173
A15603502,서울특별시,9,42265.67,34752.773,84.796,174
A15603502,서울특별시,9,42265.67,34752.773,114.738,84
A15671801,서울특별시,4,16468.135,16468.135,84.534,27
A15671801,서울특별시,4,16468.135,16468.135,84.909,23
A15671801,서울특별시,4,16468.135,16468.135,84.911,42
A15671801,서울특별시,4,16468.135,16468.135,84.99,88
A15671801,서울특별시,4,16468.135,16468.135,118.396,4
A15671801,서울특별시,4,16468.135,16468.135,118.974,6
A15678101,서울특별시,2,18638.42,13984.55,59.72,91
A15678101,서울특별시,2,18638.42,13984.55,59.81,8
A15678101,서울특별시,2,18638.42,13984.55,84.87,6
A15678101,서울특별시,2,18638.42,13984.55,84.97,89
A15678102,서울특별시,5,66203.05,52353.09,32.84,221
A15678102,서울특별시,5,66203.05,52353.09,83.89,17
A15678102,서울특별시,5,66203.05,52353.09,84.52,240
A15678102,서울특별시,5,66203.05,52353.09,114.63,204
A15678103,서울특별시,22,172423.38,134028.44,59.7686,27
A15678103,서울특별시,22,172423.38,134028.44,59.7754,156
A15678103,서울특별시,22,172423.38,134028.44,59.8758,58
A15678103,서울특별시,22,172423.38,134028.44,84.6099,649
A15678103,서울특별시,22,172423.38,134028.44,84.7835,350
A15678103,서울특별시,22,172423.38,134028.44,84.7954,80
A15678103,서울특별시,22,172423.38,134028.44,118.1432,31
A15678103,서울특별시,22,172423.38,134028.44,118.1759,79
A15678103,서울특별시,22,172423.38,134028.44,118.2086,129
A15683402,서울특별시,10,50277.164,50277.023,59.9388,30
A15683402,서울특별시,10,50277.164,50277.023,84.9794,30
A15683402,서울특별시,10,50277.164,50277.023,84.9883,339
A15683402,서울특별시,10,50277.164,50277.023,84.9943,21
A15683402,서울특별시,10,50277.164,50277.023,123.6025,103
A15683402,서울특별시,10,50277.164,50277.023,123.9289,21
A15683601,서울특별시,3,22014,22403.31,66.59,70
A15683601,서울특별시,3,22014,22403.31,84.89,209
A15683901,서울특별시,6,40122.32,32290.38,59.578,124
A15683901,서울특별시,6,40122.32,32290.38,84.917,29
A15683901,서울특별시,6,40122.32,32290.38,84.954,150
A15683901,서울특별시,6,40122.32,32290.38,112.756,86
A10020786,서울특별시,1,12821.582,7387.526,19.423,260
A10020786,서울특별시,1,12821.582,7387.526,27.957,24
A10020786,서울특별시,1,12821.582,7387.526,36.001,22
A10020786,서울특별시,1,12821.582,7387.526,36.063,22
A10020786,서울특별시,1,12821.582,7387.526,40.585,2
A10021100,서울특별시,2,11846.992,8905.44,59.76,84
A10021100,서울특별시,2,11846.992,8905.44,75.42,20
A10021100,서울특별시,2,11846.992,8905.44,84.9,28
A10022217,서울특별시,1,9971.853,9971.853,59.6216,59
A10022217,서울특별시,1,9971.853,9971.853,84.9234,76
A10023551,서울특별시,5,31880.188,23281.459,84.9464,119
A10023551,서울특별시,5,31880.188,23281.459,84.9814,24
A10023551,서울특별시,5,31880.188,23281.459,84.9869,131
A10024098,서울특별시,8,86911.32,48647.22,59.3399,37
A10024098,서울특별시,8,86911.32,48647.22,59.8807,25
A10024098,서울특별시,8,86911.32,48647.22,59.9278,26
A10024098,서울특별시,8,86911.32,48647.22,59.9365,316
A10024098,서울특별시,8,86911.32,48647.22,59.9459,29
A10024098,서울특별시,8,86911.32,48647.22,84.75,53
A10024098,서울특별시,8,86911.32,48647.22,84.7739,215
A10025504,서울특별시,2,11975.52,10717.897,84.9636,46
A10025504,서울특별시,2,11975.52,10717.897,112.058,47
A10025504,서울특별시,2,11975.52,10717.897,128.5705,12
A15183001,서울특별시,2,26122.8,27148.13,8.7,4
A15183001,서울특별시,2,26122.8,27148.13,10.77,1
A15183001,서울특별시,2,26122.8,27148.13,10.92,1
A15183001,서울특별시,2,26122.8,27148.13,13.44,1
A15183001,서울특별시,2,26122.8,27148.13,13.46,1
A15183001,서울특별시,2,26122.8,27148.13,16.8,1
A15183001,서울특별시,2,26122.8,27148.13,21.06,1
A15183001,서울특별시,2,26122.8,27148.13,27.3,1
A15183001,서울특별시,2,26122.8,27148.13,59.94,191
A15183001,서울특별시,2,26122.8,27148.13,79.38,1
A15183001,서울특별시,2,26122.8,27148.13,84.04,171
A15183001,서울특별시,2,26122.8,27148.13,84.33,12
A15183001,서울특별시,2,26122.8,27148.13,88.86,1
A15601002,서울특별시,1,35335.71,25812.54,84.95,63
A15601002,서울특별시,1,35335.71,25812.54,115.54,90
A15601002,서울특별시,1,35335.71,25812.54,132.69,63
A15601002,서울특별시,1,35335.71,25812.54,171.36,6
A15601002,서울특별시,1,35335.71,25812.54,224.82,3
A15601003,서울특별시,5,37516.1,37516.1,59.98,97
A15601003,서울특별시,5,37516.1,37516.1,84.73,30
A15601003,서울특별시,5,37516.1,37516.1,84.76,12
A15601003,서울특별시,5,37516.1,37516.1,84.94,93
A15601003,서울특별시,5,37516.1,37516.1,128.86,65
A15601003,서울특별시,5,37516.1,37516.1,133.3,89
A15601004,서울특별시,1,7493.09,5164.7,32.56,5
A15601004,서울특별시,1,7493.09,5164.7,33.06,6
A15601004,서울특별시,1,7493.09,5164.7,33.2,36
A15601004,서울특별시,1,7493.09,5164.7,33.62,1
A15601004,서울특별시,1,7493.09,5164.7,58.96,2
A15601004,서울특별시,1,7493.09,5164.7,59.6,58
A15601102,서울특별시,4,36338.2,28826,84.94,165
A15601102,서울특별시,4,36338.2,28826,113.93,130
A15601103,서울특별시,5,44915.49,35542.47,56,78
A15601103,서울특별시,5,44915.49,35542.47,78.19,263
A15601103,서울특별시,5,44915.49,35542.47,109.38,18
A15601103,서울특별시,5,44915.49,35542.47,112.05,18
A15601103,서울특별시,5,44915.49,35542.47,124.22,18
A15601103,서울특별시,5,44915.49,35542.47,137.15,32
A15601104,서울특별시,7,65443.51,50898.855,55.4561,415
A15601104,서울특별시,7,65443.51,50898.855,77.7418,20
A15601104,서울특별시,7,65443.51,50898.855,80.0163,15
A15601104,서울특별시,7,65443.51,50898.855,80.124,19
A15601104,서울특별시,7,65443.51,50898.855,80.1726,17
A15601104,서울특별시,7,65443.51,50898.855,80.2422,165
A15601104,서울특별시,7,65443.51,50898.855,108.4848,83
A15601105,서울특별시,6,96000.08,74429.85,84.57,879
A15601105,서울특별시,6,96000.08,74429.85,92.82,1
A15601201,서울특별시,1,11953.09,7915.14,37.74,31
A15601201,서울특별시,1,11953.09,7915.14,48.18,140
A15601202,서울특별시,4,29472.72,23172.4,59.87,120
A15601202,서울특별시,4,29472.72,23172.4,84.99,84
A15601202,서울특별시,4,29472.72,23172.4,130.13,68
A15670001,서울특별시,4,62251.49,62251.49,84.98,196
A15670001,서울특별시,4,62251.49,62251.49,128.61,163
A15670001,서울특별시,4,62251.49,62251.49,132.43,186
A15672001,서울특별시,2,23057.89,16422.16,58.86,83
A15672001,서울특별시,2,23057.89,16422.16,59.16,4
A15672001,서울특별시,2,23057.89,16422.16,80.69,20
A15672001,서울특별시,2,23057.89,16422.16,84.94,13
A15672001,서울특별시,2,23057.89,16422.16,84.96,25
A15672001,서울특별시,2,23057.89,16422.16,113.08,34
A15672001,서울특별시,2,23057.89,16422.16,130.67,20
A15672002,서울특별시,1,68241.72,37102.42,120.59,74
A15672002,서울특별시,1,68241.72,37102.42,163.83,172
A15685201,서울특별시,2,19638.3,15269.11,59.47,65
A15685201,서울특별시,2,19638.3,15269.11,76.84,38
A15685201,서울특별시,2,19638.3,15269.11,84.94,33
A15685201,서울특별시,2,19638.3,15269.11,149.49,38
A15685206,서울특별시,16,142320.75,142320.75,66.69,315
A15685206,서울특별시,16,142320.75,142320.75,84.99,320
A15685206,서울특별시,16,142320.75,142320.75,126.16,240
A15685206,서울특별시,16,142320.75,142320.75,127.02,280
A15685206,서울특별시,16,142320.75,142320.75,157.07,180
A15685503,서울특별시,6,35840.76,35840.76,84.59,142
A15685503,서울특별시,6,35840.76,35840.76,84.73,56
A15685503,서울특별시,6,35840.76,35840.76,84.77,29
A15685503,서울특별시,6,35840.76,35840.76,84.79,28
A15685503,서울특별시,6,35840.76,35840.76,84.81,59
A15685503,서울특별시,6,35840.76,35840.76,84.84,79
A15685503,서울특별시,6,35840.76,35840.76,84.85,30
A10023350,서울특별시,26,167725.34,124541.87,39.05,156
A10023350,서울특별시,26,167725.34,124541.87,47.13,136
A10023350,서울특별시,26,167725.34,124541.87,54.54,46
A10023350,서울특별시,26,167725.34,124541.87,59.64,18
A10023350,서울특별시,26,167725.34,124541.87,59.76,134
A10023350,서울특별시,26,167725.34,124541.87,59.93,187
A10023350,서울특별시,26,167725.34,124541.87,59.98,203
A10023350,서울특별시,26,167725.34,124541.87,84.94,304
A10023350,서울특별시,26,167725.34,124541.87,84.96,302
A10023350,서울특별시,26,167725.34,124541.87,84.99,250
A10023350,서울특별시,26,167725.34,124541.87,120.43,18
A10023350,서울특별시,26,167725.34,124541.87,120.69,18
A10025770,서울특별시,20,108732.15,81538.91,39.7717,65
A10025770,서울특별시,20,108732.15,81538.91,42.6987,75
A10025770,서울특별시,20,108732.15,81538.91,59.5777,22
A10025770,서울특별시,20,108732.15,81538.91,59.9154,151
A10025770,서울특별시,20,108732.15,81538.91,72.951,44
A10025770,서울특별시,20,108732.15,81538.91,84.7536,278
A10025770,서울특별시,20,108732.15,81538.91,84.9108,62
A10025770,서울특별시,20,108732.15,81538.91,84.9184,332
A10025770,서울특별시,20,108732.15,81538.91,113.2377,20
A10025770,서울특별시,20,108732.15,81538.91,113.5822,16
A10025770,서울특별시,20,108732.15,81538.91,135.327,8
A10025867,서울특별시,7,52629.96,38395.723,39.7899,40
A10025867,서울특별시,7,52629.96,38395.723,42.0259,44
A10025867,서울특별시,7,52629.96,38395.723,52.0911,10
A10025867,서울특별시,7,52629.96,38395.723,59.8718,184
A10025867,서울특별시,7,52629.96,38395.723,84.9732,64
A10025867,서울특별시,7,52629.96,38395.723,84.9778,23
A10025867,서울특별시,7,52629.96,38395.723,84.9912,120
A10025867,서울특별시,7,52629.96,38395.723,84.9971,30
A10025867,서울특별시,7,52629.96,38395.723,107.8645,15
A10025867,서울특별시,7,52629.96,38395.723,110.5377,15
A15607001,서울특별시,7,41771.82,32204.846,59.511,147
A15607001,서울특별시,7,41771.82,32204.846,84.985,122
A15607001,서울특별시,7,41771.82,32204.846,84.99,55
A15607001,서울특별시,7,41771.82,32204.846,84.991,99
A15679103,서울특별시,2,20097.84,15827.268,59.6618,58
A15679103,서울특별시,2,20097.84,15827.268,59.9404,31
A15679103,서울특별시,2,20097.84,15827.268,83.5859,93
A15679103,서울특별시,2,20097.84,15827.268,113.9684,24
A15679104,서울특별시,5,23233.65,16286.4,33.84,170
A15679104,서울특별시,5,23233.65,16286.4,59.85,176
A15679105,서울특별시,8,87517.65,67289.1,62.96,15
A15679105,서울특별시,8,87517.65,67289.1,70.2,30
A15679105,서울특별시,8,87517.65,67289.1,78.07,120
A15679105,서울특별시,8,87517.65,67289.1,78.18,15
A15679105,서울특별시,8,87517.65,67289.1,84.33,150
A15679105,서울특별시,8,87517.65,67289.1,112.29,120
A15679105,서울특별시,8,87517.65,67289.1,124.95,150
A15679105,서울특별시,8,87517.65,67289.1,147.18,60
A15679106,서울특별시,1,20044.16,15251.64,84.83,28
A15679106,서울특별시,1,20044.16,15251.64,84.9,34
A15679106,서울특별시,1,20044.16,15251.64,94.89,14
A15679106,서울특별시,1,20044.16,15251.64,107.23,18
A15679106,서울특별시,1,20044.16,15251.64,107.45,18
A15679106,서울특별시,1,20044.16,15251.64,112.18,3
A15679106,서울특별시,1,20044.16,15251.64,112.6,1
A15679106,서울특별시,1,20044.16,15251.64,114.22,18
A15679106,서울특별시,1,20044.16,15251.64,114.44,18
A15679106,서울특별시,1,20044.16,15251.64,116.04,2
A15679107,서울특별시,10,70868.74,54329.68,38.51,29
A15679107,서울특별시,10,70868.74,54329.68,38.87,17
A15679107,서울특별시,10,70868.74,54329.68,47.84,51
A15679107,서울특별시,10,70868.74,54329.68,59.91,17
A15679107,서울특별시,10,70868.74,54329.68,59.95,24
A15679107,서울특별시,10,70868.74,54329.68,84.84,276
A15679107,서울특별시,10,70868.74,54329.68,84.89,46
A15679107,서울특별시,10,70868.74,54329.68,84.91,69
A15679107,서울특별시,10,70868.74,54329.68,114.83,69
A15679107,서울특별시,10,70868.74,54329.68,114.95,57
A15679108,서울특별시,14,71696.9,71714.84,38.09,62
A15679108,서울특별시,14,71696.9,71714.84,40.06,62
A15679108,서울특별시,14,71696.9,71714.84,51.68,23
A15679108,서울특별시,14,71696.9,71714.84,59.84,28
A15679108,서울특별시,14,71696.9,71714.84,84.79,100
A15679108,서울특별시,14,71696.9,71714.84,84.91,60
A15679108,서울특별시,14,71696.9,71714.84,84.98,358
A15679108,서울특별시,14,71696.9,71714.84,115.84,52
A15679108,서울특별시,14,71696.9,71714.84,115.95,14
A15679108,서울특별시,14,71696.9,71714.84,115.98,78
A15679108,서울특별시,14,71696.9,71714.84,127.52,26
A15679109,서울특별시,14,106618.39,81393.66,38.481,70
A15679109,서울특별시,14,106618.39,81393.66,46.361,68
A15679109,서울특별시,14,106618.39,81393.66,53.622,27
A15679109,서울특별시,14,106618.39,81393.66,59.953,24
A15679109,서울특별시,14,106618.39,81393.66,59.966,24
A15679109,서울특별시,14,106618.39,81393.66,84.946,148
A15679109,서울특별시,14,106618.39,81393.66,84.951,148
A15679109,서울특별시,14,106618.39,81393.66,84.965,16
A15679109,서울특별시,14,106618.39,81393.66,84.978,26
A15679109,서울특별시,14,106618.39,81393.66,84.988,16
A15679109,서울특별시,14,106618.39,81393.66,84.989,34
A15679109,서울특별시,14,106618.39,81393.66,84.99,142
A15679109,서울특별시,14,106618.39,81393.66,84.994,29
A15679109,서울특별시,14,106618.39,81393.66,119.727,73
A15679109,서울특별시,14,106618.39,81393.66,119.738,86
A15679109,서울특별시,14,106618.39,81393.66,146.487,32
A15685702,서울특별시,13,114249.6,90612.75,66.225,300
A15685702,서울특별시,13,114249.6,90612.75,83.475,270
A15685702,서울특별시,13,114249.6,90612.75,114.44,120
A15685702,서울특별시,13,114249.6,90612.75,115.35,60
A15685702,서울특별시,13,114249.6,90612.75,131.06,120
A15685702,서울특별시,13,114249.6,90612.75,131.4,90
A10023118,서울특별시,2,12473.7,7150.24,17.62,158
A10023118,서울특별시,2,12473.7,7150.24,18.6,148
A10023118,서울특별시,2,12473.7,7150.24,36.67,44
A10024408,서울특별시,3,36122.54,27454.7,84.93,48
A10024408,서울특별시,3,36122.54,27454.7,84.94,180
A10024408,서울특별시,3,36122.54,27454.7,97.7,26
A10024408,서울특별시,3,36122.54,27454.7,97.8,26
A10024408,서울특별시,3,36122.54,27454.7,115.61,26
A10027748,서울특별시,4,34386.758,25694.295,27.0714,4
A10027748,서울특별시,4,34386.758,25694.295,54.4829,4
A10027748,서울특별시,4,34386.758,25694.295,83.8002,6
A10027748,서울특별시,4,34386.758,25694.295,84.7361,2
A10027748,서울특별시,4,34386.758,25694.295,84.8852,20
A10027748,서울특별시,4,34386.758,25694.295,84.9027,16
A10027748,서울특별시,4,34386.758,25694.295,84.9541,62
A10027748,서울특별시,4,34386.758,25694.295,84.9802,53
A10027748,서울특별시,4,34386.758,25694.295,84.996,79
A10027748,서울특별시,4,34386.758,25694.295,119.0111,4
A10027748,서울특별시,4,34386.758,25694.295,121.4551,34
A10027748,서울특별시,4,34386.758,25694.295,125.1333,2
A10027748,서울특별시,4,34386.758,25694.295,149.0423,2
A12102002,서울특별시,4,21708,17055.254,84.939,165
A12102002,서울특별시,4,21708,17055.254,84.976,1
A12102002,서울특별시,4,21708,17055.254,113.667,26
A12102005,서울특별시,5,44866.8,35008.64,54.81,53
A12102005,서울특별시,5,44866.8,35008.64,59.34,10
A12102005,서울특별시,5,44866.8,35008.64,59.95,120
A12102005,서울특별시,5,44866.8,35008.64,65.19,10
A12102005,서울특별시,5,44866.8,35008.64,72.49,56
A12102005,서울특별시,5,44866.8,35008.64,84.87,231
A12102008,서울특별시,9,75762.27,58538.25,59.97,160
A12102008,서울특별시,9,75762.27,58538.25,84.94,372
A12102008,서울특별시,9,75762.27,58538.25,114.87,151
A12170601,서울특별시,12,60293.01,45556.26,59.9,315
A12170601,서울특별시,12,60293.01,45556.26,83.42,174
A12170601,서울특별시,12,60293.01,45556.26,112.71,108
A12170602,서울특별시,1,9867.773,6712.27,33.73,199
A12170603,서울특별시,9,73996.27,55281.07,39.979,136
A12170603,서울특별시,9,73996.27,55281.07,59.959,235
A12170603,서울특별시,9,73996.27,55281.07,59.968,32
A12170603,서울특별시,9,73996.27,55281.07,59.97,32
A12170603,서울특별시,9,73996.27,55281.07,59.975,14
A12170603,서울특별시,9,73996.27,55281.07,84.851,94
A12170603,서울특별시,9,73996.27,55281.07,84.859,34
A12170603,서울특별시,9,73996.27,55281.07,84.871,155
A12170603,서울특별시,9,73996.27,55281.07,113.866,62
A12180401,서울특별시,2,14229.91,14232.83,51.62,26
A12180401,서울특별시,2,14229.91,14232.83,71.82,13
A12180401,서울특별시,2,14229.91,14232.83,72,7
A12180401,서울특별시,2,14229.91,14232.83,74.34,14
A12180401,서울특별시,2,14229.91,14232.83,84.61,86
A12180401,서울특별시,2,14229.91,14232.83,84.69,14
A12180401,서울특별시,2,14229.91,14232.83,84.79,23
A12180404,서울특별시,1,13388.24,7406.02,32.77,226
A12180407,서울특별시,5,71155.48,53511.9,59.74,230
A12180407,서울특별시,5,71155.48,53511.9,84.94,287
A12180407,서울특별시,5,71155.48,53511.9,114.88,134
A12180506,서울특별시,10,48679.87,48679.87,59.97,281
A12180506,서울특별시,10,48679.87,48679.87,84.98,223
A12180506,서울특별시,10,48679.87,48679.87,114.98,112
A10020279,서울특별시,1,21721.734,12065.63,38.31,34
A10020279,서울특별시,1,21721.734,12065.63,38.39,153
A10020279,서울특별시,1,21721.734,12065.63,40.73,17
A10020279,서울특별시,1,21721.734,12065.63,42.56,17
A10020279,서울특별시,1,21721.734,12065.63,43.03,17
A10020279,서울특별시,1,21721.734,12065.63,43.82,17
A10020279,서울특별시,1,21721.734,12065.63,44.3,17
A10020279,서울특별시,1,21721.734,12065.63,44.36,17
A10020279,서울특별시,1,21721.734,12065.63,46.92,1
A10020279,서울특별시,1,21721.734,12065.63,47.44,1
A10020279,서울특별시,1,21721.734,12065.63,48.55,1
A10020279,서울특별시,1,21721.734,12065.63,48.86,1
A10020279,서울특별시,1,21721.734,12065.63,49.06,1
A10020279,서울특별시,1,21721.734,12065.63,49.6,1
A10020279,서울특별시,1,21721.734,12065.63,49.76,1
A10020279,서울특별시,1,21721.734,12065.63,49.81,1
A10020279,서울특별시,1,21721.734,12065.63,49.89,1
A10020279,서울특별시,1,21721.734,12065.63,49.93,1
A10022963,서울특별시,1,3242.04,3242.04,14.02,33
A10022963,서울특별시,1,3242.04,3242.04,14.04,19
A10022963,서울특별시,1,3242.04,3242.04,14.44,11
A10022963,서울특별시,1,3242.04,3242.04,15.28,22
A10022963,서울특별시,1,3242.04,3242.04,30.49,44
A10022963,서울특별시,1,3242.04,3242.04,30.73,22
A12172201,서울특별시,1,17181.475,11179.61,29.03,51
A12172201,서울특별시,1,17181.475,11179.61,32.34,298
A12172201,서울특별시,1,17181.475,11179.61,61.76,1
A10021649,서울특별시,1,13878.04,10326.03,60,34
A10021649,서울특별시,1,13878.04,10326.03,84.45,7
A10021649,서울특별시,1,13878.04,10326.03,84.6,68
A10021649,서울특별시,1,13878.04,10326.03,114.24,17
A10025003,서울특별시,18,118785.78,87304.82,39.99,98
A10025003,서울특별시,18,118785.78,87304.82,45.98,94
A10025003,서울특별시,18,118785.78,87304.82,52.99,12
A10025003,서울특별시,18,118785.78,87304.82,59.96,256
A10025003,서울특별시,18,118785.78,87304.82,59.98,163
A10025003,서울특별시,18,118785.78,87304.82,59.99,12
A10025003,서울특별시,18,118785.78,87304.82,84.98,474
A10025003,서울특별시,18,118785.78,87304.82,84.99,109
A10025003,서울특별시,18,118785.78,87304.82,96.97,22
A10025003,서울특별시,18,118785.78,87304.82,112.88,2
A10025003,서울특별시,18,118785.78,87304.82,112.98,5
A10025003,서울특별시,18,118785.78,87304.82,112.99,1
A12172401,서울특별시,6,46060.85,46060.85,37.17,48
A12172401,서울특별시,6,46060.85,46060.85,40.29,48
A12172401,서울특별시,6,46060.85,46060.85,84.44,147
A12172401,서울특별시,6,46060.85,46060.85,84.95,221
A12172401,서울특별시,6,46060.85,46060.85,118.56,44
A12172401,서울특별시,6,46060.85,46060.85,118.79,50
A12172402,서울특별시,1,5315.7026,2964.68,12.81,9
A12172402,서울특별시,1,5315.7026,2964.68,12.85,143
A12172402,서울특별시,1,5315.7026,2964.68,12.88,34
A12172402,서울특별시,1,5315.7026,2964.68,33.76,17
A12181101,서울특별시,3,17490,14009.655,84.893,90
A12181101,서울특별시,3,17490,14009.655,84.91,30
A12181101,서울특별시,3,17490,14009.655,84.933,45
A12181102,서울특별시,2,34458.08,18338.4,32.4,566
A12181103,서울특별시,14,154934.44,120220.64,59.4,464
A12181103,서울특별시,14,154934.44,120220.64,84.77,586
A12181103,서울특별시,14,154934.44,120220.64,114.93,374
A12104001,서울특별시,2,19730.242,15449.06,59.4,98
A12104001,서울특별시,2,19730.242,15449.06,84.42,52
A12104001,서울특별시,2,19730.242,15449.06,113.87,46
A12104005,서울특별시,14,118232.92,94118.16,72.185,272
A12104005,서울특별시,14,118232.92,94118.16,84.985,408
A12104005,서울특별시,14,118232.92,94118.16,114.74,64
A12104005,서울특별시,14,118232.92,94118.16,136.1,102
A12104005,서울특별시,14,118232.92,94118.16,136.65,136
A12104007,서울특별시,15,159879.06,121932.54,54.72,68
A12104007,서울특별시,15,159879.06,121932.54,68.94,305
A12104007,서울특별시,15,159879.06,121932.54,79.97,299
A12104007,서울특별시,15,159879.06,121932.54,111.725,60
A12104007,서울특별시,15,159879.06,121932.54,128.315,210
A12104007,서울특별시,15,159879.06,121932.54,141.515,280
A12170401,서울특별시,3,10379.42,10379.42,51.2,1
A12170401,서울특별시,3,10379.42,10379.42,58.65,142
A12170401,서울특별시,3,10379.42,10379.42,83.33,24
A12170402,서울특별시,1,68993.1,37932.76,36.49,28
A12170402,서울특별시,1,68993.1,37932.76,36.96,28
A12170402,서울특별시,1,68993.1,37932.76,38.08,112
A12170402,서울특별시,1,68993.1,37932.76,38.88,84
A12170402,서울특별시,1,68993.1,37932.76,39.91,28
A12170402,서울특별시,1,68993.1,37932.76,41.32,28
A12170402,서울특별시,1,68993.1,37932.76,49.87,28
A12170402,서울특별시,1,68993.1,37932.76,59,68
A12170402,서울특별시,1,68993.1,37932.76,75.7,84
A12170402,서울특별시,1,68993.1,37932.76,75.72,42
A12170402,서울특별시,1,68993.1,37932.76,79.9,42
A12170402,서울특별시,1,68993.1,37932.76,82.14,42
A12170402,서울특별시,1,68993.1,37932.76,85,42
A12170402,서울특별시,1,68993.1,37932.76,122.64,2
A12170402,서울특별시,1,68993.1,37932.76,125.12,2
A12170402,서울특별시,1,68993.1,37932.76,126.12,2
A12181403,서울특별시,2,36581.09,21981.96,27.72,793
A12181404,서울특별시,10,84637.9,84637.9,59.17,80
A12181404,서울특별시,10,84637.9,84637.9,84.95,514
A12181404,서울특별시,10,84637.9,84637.9,113.25,320
A12181406,서울특별시,11,133779.94,98909.47,54.72,129
A12181406,서울특별시,11,133779.94,98909.47,68.22,245
A12181406,서울특별시,11,133779.94,98909.47,79.83,157
A12181406,서울특별시,11,133779.94,98909.47,112.09,86
A12181406,서울특별시,11,133779.94,98909.47,128.26,344
A12181406,서울특별시,11,133779.94,98909.47,147.37,60
A10025672,서울특별시,2,12579.564,9670.7,59.4,81
A10025672,서울특별시,2,12579.564,9670.7,84.8,37
A10025672,서울특별시,2,12579.564,9670.7,114.78,15
A12105001,서울특별시,6,35547.105,27316.12,59.9,158
A12105001,서울특별시,6,35547.105,27316.12,84.9,98
A12105001,서울특별시,6,35547.105,27316.12,114.84,83
A10022359,서울특별시,1,9297.67,7440.18,43.29,1
A10022359,서울특별시,1,9297.67,7440.18,44.04,1
A10022359,서울특별시,1,9297.67,7440.18,49.8,1
A10022359,서울특별시,1,9297.67,7440.18,54.45,1
A10022359,서울특별시,1,9297.67,7440.18,55.29,9
A10022359,서울특별시,1,9297.67,7440.18,59.77,9
A10022359,서울특별시,1,9297.67,7440.18,59.79,36
A10022359,서울특별시,1,9297.67,7440.18,79.74,19
A10022359,서울특별시,1,9297.67,7440.18,84.96,2
A10022359,서울특별시,1,9297.67,7440.18,86.22,8
A10022359,서울특별시,1,9297.67,7440.18,93.66,18
A10023665,서울특별시,1,11136.43,8785.923,59.9488,52
A10023665,서울특별시,1,11136.43,8785.923,84.546,57
A10023665,서울특별시,1,11136.43,8785.923,84.9463,10
A10023755,서울특별시,2,9326.913,6679.909,31.524,9
A10023755,서울특별시,2,9326.913,6679.909,31.551,31
A10023755,서울특별시,2,9326.913,6679.909,49.664,45
A10023755,서울특별시,2,9326.913,6679.909,49.738,64
A10024150,서울특별시,1,13210.06,10388.82,59.43,74
A10024150,서울특별시,1,13210.06,10388.82,84.96,30
A10024150,서울특별시,1,13210.06,10388.82,114.74,30
A10026053,서울특별시,6,40981.695,31845.273,59.3813,54
A10026053,서울특별시,6,40981.695,31845.273,59.3883,60
A10026053,서울특별시,6,40981.695,31845.273,84.2293,34
A10026053,서울특별시,6,40981.695,31845.273,84.5533,66
A10026053,서울특별시,6,40981.695,31845.273,84.58,90
A10026053,서울특별시,6,40981.695,31845.273,111.2884,39
A10026053,서울특별시,6,40981.695,31845.273,111.3958,42
A10027572,서울특별시,3,18588.92,14845.03,93.91,1
A10027572,서울특별시,3,18588.92,14845.03,103.86,44
A10027572,서울특별시,3,18588.92,14845.03,105.85,2
A10027572,서울특별시,3,18588.92,14845.03,107.33,42
A10027572,서울특별시,3,18588.92,14845.03,108.31,6
A10027572,서울특별시,3,18588.92,14845.03,120.88,1
A10027572,서울특별시,3,18588.92,14845.03,137.97,34
A12123001,서울특별시,2,18292.799,14090.31,59.943,60
A12123001,서울특별시,2,18292.799,14090.31,59.955,90
A12123001,서울특별시,2,18292.799,14090.31,84.963,60
A12182101,서울특별시,4,19513.58,15045.87,59.73,38
A12182101,서울특별시,4,19513.58,15045.87,84.96,122
A12182101,서울특별시,4,19513.58,15045.87,114.81,21
A12182401,서울특별시,3,25575.477,19735.62,59.99,52
A12182401,서울특별시,3,25575.477,19735.62,84.73,110
A12182401,서울특별시,3,25575.477,19735.62,84.79,32
A12182401,서울특별시,3,25575.477,19735.62,84.97,15
A12182401,서울특별시,3,25575.477,19735.62,106.71,31
A10028177,서울특별시,6,46095.75,34443.54,35.01,25
A10028177,서울특별시,6,46095.75,34443.54,39.19,5
A10028177,서울특별시,6,46095.75,34443.54,41.42,31
A10028177,서울특별시,6,46095.75,34443.54,51.59,12
A10028177,서울특별시,6,46095.75,34443.54,59.99,42
A10028177,서울특별시,6,46095.75,34443.54,84.99,254
A10028177,서울특별시,6,46095.75,34443.54,121.4,40
A10028177,서울특별시,6,46095.75,34443.54,125.31,20
A12170702,서울특별시,8,55712.1,43366.64,34.28,39
A12170702,서울특별시,8,55712.1,43366.64,40.14,39
A12170702,서울특별시,8,55712.1,43366.64,52.17,13
A12170702,서울특별시,8,55712.1,43366.64,59.86,10
A12170702,서울특별시,8,55712.1,43366.64,59.99,31
A12170702,서울특별시,8,55712.1,43366.64,84.82,158
A12170702,서울특별시,8,55712.1,43366.64,84.92,157
A12170702,서울특별시,8,55712.1,43366.64,84.98,13
A12170702,서울특별시,8,55712.1,43366.64,122.87,34
A12170702,서울특별시,8,55712.1,43366.64,147.53,18
A12170702,서울특별시,8,55712.1,43366.64,147.55,18
A12182901,서울특별시,4,24314.746,24314.746,84.79,176
A12182901,서울특별시,4,24314.746,24314.746,114.533,82
A12127001,서울특별시,8,50150.83,39070.24,84.67,154
A12127001,서울특별시,8,50150.83,39070.24,84.73,101
A12127001,서울특별시,8,50150.83,39070.24,84.75,74
A12127001,서울특별시,8,50150.83,39070.24,104.69,107
A12127002,서울특별시,14,87961.53,47364.06,84.53,158
A12127002,서울특별시,14,87961.53,47364.06,104.32,326
A12127003,서울특별시,9,58609.68,45841.2,84.84,264
A12127003,서울특별시,9,58609.68,45841.2,84.94,276
A12127004,서울특별시,7,54360.81,38606.78,49.8,38
A12127004,서울특별시,7,54360.81,38606.78,49.9,37
A12127004,서울특별시,7,54360.81,38606.78,59.84,67
A12127004,서울특별시,7,54360.81,38606.78,59.92,515
A12127005,서울특별시,17,114425.33,65367.24,84.45,108
A12127005,서울특별시,17,114425.33,65367.24,84.67,26
A12127005,서울특별시,17,114425.33,65367.24,84.74,152
A12127005,서울특별시,17,114425.33,65367.24,84.9,285
A12127005,서울특별시,17,114425.33,65367.24,104.68,50
A12127005,서울특별시,17,114425.33,65367.24,104.77,112
A12127006,서울특별시,12,87569.7,67620.31,84.66,196
A12127006,서울특별시,12,87569.7,67620.31,84.7,44
A12127006,서울특별시,12,87569.7,67620.31,84.76,174
A12127006,서울특별시,12,87569.7,67620.31,84.81,97
A12127006,서울특별시,12,87569.7,67620.31,84.89,94
A12127006,서울특별시,12,87569.7,67620.31,104.78,156
A12127007,서울특별시,6,69994.16,37268.35,39.44,66
A12127007,서울특별시,6,69994.16,37268.35,39.64,32
A12127007,서울특별시,6,69994.16,37268.35,39.66,246
A12127007,서울특별시,6,69994.16,37268.35,49.3,33
A12127007,서울특별시,6,69994.16,37268.35,49.47,33
A12127007,서울특별시,6,69994.16,37268.35,49.53,137
A12127007,서울특별시,6,69994.16,37268.35,49.6,32
A12127007,서울특별시,6,69994.16,37268.35,49.65,70
A12127007,서울특별시,6,69994.16,37268.35,49.77,33
A12127007,서울특별시,6,69994.16,37268.35,49.93,138
A12127008,서울특별시,13,40185.137,39635.19,39.76,15
A12127008,서울특별시,13,40185.137,39635.19,39.95,95
A12127008,서울특별시,13,40185.137,39635.19,39.97,112
A12127008,서울특별시,13,40185.137,39635.19,49.62,295
A12127008,서울특별시,13,40185.137,39635.19,49.85,18
A12127008,서울특별시,13,40185.137,39635.19,49.94,305
A12179501,서울특별시,3,18859.924,9472.44,36.69,48
A12179501,서울특별시,3,18859.924,9472.44,51.96,22
A12179501,서울특별시,3,18859.924,9472.44,51.98,70
A12179501,서울특별시,3,18859.924,9472.44,59.9,24
A12179501,서울특별시,3,18859.924,9472.44,74.6,20
A12179502,서울특별시,5,23879.105,18665.83,84.91,193
A12179502,서울특별시,5,23879.105,18665.83,113.91,20
A12179504,서울특별시,16,97982.24,72421.53,39.33,166
A12179504,서울특별시,16,97982.24,72421.53,39.48,28
A12179504,서울특별시,16,97982.24,72421.53,49.58,201
A12179504,서울특별시,16,97982.24,72421.53,49.71,30
A12179504,서울특별시,16,97982.24,72421.53,59.73,84
A12179504,서울특별시,16,97982.24,72421.53,59.85,14
A12179504,서울특별시,16,97982.24,72421.53,84.66,37
A12179504,서울특별시,16,97982.24,72421.53,84.79,12
A12179504,서울특별시,16,97982.24,72421.53,84.89,159
A12179504,서울특별시,16,97982.24,72421.53,84.94,82
A12179504,서울특별시,16,97982.24,72421.53,84.98,90
A12179504,서울특별시,16,97982.24,72421.53,114.26,94
A12179504,서울특별시,16,97982.24,72421.53,114.72,39
A12179505,서울특별시,9,37347.04,27728.09,49.58,50
A12179505,서울특별시,9,37347.04,27728.09,49.71,2
A12179505,서울특별시,9,37347.04,27728.09,59.69,26
A12179505,서울특별시,9,37347.04,27728.09,59.73,142
A12179505,서울특별시,9,37347.04,27728.09,59.76,4
A12179505,서울특별시,9,37347.04,27728.09,59.85,8
A12179505,서울특별시,9,37347.04,27728.09,84.66,22
A12179505,서울특별시,9,37347.04,27728.09,84.89,64
A12179505,서울특별시,9,37347.04,27728.09,114.26,12
A12179505,서울특별시,9,37347.04,27728.09,114.53,23
A12179505,서울특별시,9,37347.04,27728.09,114.72,27
A12179508,서울특별시,16,79864.17,59606.31,49.58,158
A12179508,서울특별시,16,79864.17,59606.31,49.71,32
A12179508,서울특별시,16,79864.17,59606.31,59.37,128
A12179508,서울특별시,16,79864.17,59606.31,59.49,18
A12179508,서울특별시,16,79864.17,59606.31,59.69,128
A12179508,서울특별시,16,79864.17,59606.31,59.73,89
A12179508,서울특별시,16,79864.17,59606.31,59.76,20
A12179508,서울특별시,16,79864.17,59606.31,59.85,10
A12179508,서울특별시,16,79864.17,59606.31,84.66,40
A12179508,서울특별시,16,79864.17,59606.31,84.79,4
A12179508,서울특별시,16,79864.17,59606.31,84.89,126
A12179508,서울특별시,16,79864.17,59606.31,114.26,108
A10024784,서울특별시,1,15640,12574.9,92.448,119
A10024784,서울특별시,1,15640,12574.9,92.564,17
A10024891,서울특별시,1,60482.6,27202.21,17.93,350
A10024891,서울특별시,1,60482.6,27202.21,37.17,563
A12174601,서울특별시,3,105839.7,79353.26,48.439,14
A12174601,서울특별시,3,105839.7,79353.26,49.964,14
A12174601,서울특별시,3,105839.7,79353.26,58.256,7
A12174601,서울특별시,3,105839.7,79353.26,59.765,14
A12174601,서울특별시,3,105839.7,79353.26,59.839,14
A12174601,서울특별시,3,105839.7,79353.26,59.984,14
A12174601,서울특별시,3,105839.7,79353.26,122.867,178
A12174601,서울특별시,3,105839.7,79353.26,142.034,178
A12174601,서울특별시,3,105839.7,79353.26,148.981,178
A12174601,서울특별시,3,105839.7,79353.26,223.31,4
A12174601,서울특별시,3,105839.7,79353.26,244.676,2
A12184201,서울특별시,1,22764.496,16779.93,25.17,1
A12184201,서울특별시,1,22764.496,16779.93,28.59,1
A12184201,서울특별시,1,22764.496,16779.93,29.35,12
A12184201,서울특별시,1,22764.496,16779.93,32.39,5
A12184201,서울특별시,1,22764.496,16779.93,33.8,4
A12184201,서울특별시,1,22764.496,16779.93,34.29,189
A12184201,서울특별시,1,22764.496,16779.93,40.87,1
A12184201,서울특별시,1,22764.496,16779.93,41.51,1
A12184201,서울특별시,1,22764.496,16779.93,43.68,6
A12184201,서울특별시,1,22764.496,16779.93,45.21,11
A12184201,서울특별시,1,22764.496,16779.93,47.48,5
A12184201,서울특별시,1,22764.496,16779.93,53.36,1
A12184201,서울특별시,1,22764.496,16779.93,56.71,1
A12184201,서울특별시,1,22764.496,16779.93,57.36,46
A12184201,서울특별시,1,22764.496,16779.93,57.54,1
A12184201,서울특별시,1,22764.496,16779.93,65.14,1
A12184201,서울특별시,1,22764.496,16779.93,67.42,1
A12184201,서울특별시,1,22764.496,16779.93,68.03,44
A12184201,서울특별시,1,22764.496,16779.93,68.11,23
A12184201,서울특별시,1,22764.496,16779.93,84.33,2
A12184201,서울특별시,1,22764.496,16779.93,84.96,10
A10022213,서울특별시,1,12640.02,9764.54,60,41
A10022213,서울특별시,1,12640.02,9764.54,84.81,18
A10022213,서울특별시,1,12640.02,9764.54,84.97,68
A10027157,서울특별시,1,20226.318,7020.05,16.19,240
A10027157,서울특별시,1,20226.318,7020.05,16.32,29
A10027157,서울특별시,1,20226.318,7020.05,16.42,3
A10027157,서울특별시,1,20226.318,7020.05,16.55,18
A10027157,서울특별시,1,20226.318,7020.05,29.66,15
A10027157,서울특별시,1,20226.318,7020.05,29.98,32
A10027157,서울특별시,1,20226.318,7020.05,36.39,25
A12125001,서울특별시,3,19705.094,15098.81,59.76,14
A12125001,서울특별시,3,19705.094,15098.81,59.78,24
A12125001,서울특별시,3,19705.094,15098.81,84.95,151
A12125202,서울특별시,10,96162.01,70691.53,59.888,73
A12125202,서울특별시,10,96162.01,70691.53,84.549,161
A12125202,서울특별시,10,96162.01,70691.53,84.689,405
A12125202,서울특별시,10,96162.01,70691.53,110.638,8
A12125202,서울특별시,10,96162.01,70691.53,117.898,144
A12125202,서울특별시,10,96162.01,70691.53,136.465,4
A12171101,서울특별시,5,31632.922,24838.58,59.73,136
A12171101,서울특별시,5,31632.922,24838.58,84.7,150
A12171101,서울특별시,5,31632.922,24838.58,117.95,34
A12185001,서울특별시,1,17435.08,13180.9,46.8,16
A12185001,서울특별시,1,17435.08,13180.9,46.85,2
A12185001,서울특별시,1,17435.08,13180.9,59.85,75
A12185001,서울특별시,1,17435.08,13180.9,84.99,41
A12185001,서울특별시,1,17435.08,13180.9,114.87,38
A12185003,서울특별시,7,84188.65,59074.88,25.2,536
A12185003,서울특별시,7,84188.65,59074.88,32.76,717
A12185003,서울특별시,7,84188.65,59074.88,39.82,422
A12185003,서울특별시,7,84188.65,59074.88,39.96,132
A12185004,서울특별시,33,232099.23,198026.5,50.03,1330
A12185004,서울특별시,33,232099.23,198026.5,50.54,1120
A12185004,서울특별시,33,232099.23,198026.5,59.43,1260
A10024334,서울특별시,2,26407.48,13900,106.27,24
A10024334,서울특별시,2,26407.48,13900,107.42,24
A10024334,서울특별시,2,26407.48,13900,118.31,24
A10024334,서울특별시,2,26407.48,13900,118.64,50
A10027504,서울특별시,2,20065.16,16257.94,96.54,26
A10027504,서울특별시,2,20065.16,16257.94,113.24,26
A10027504,서울특별시,2,20065.16,16257.94,121.27,26
A10027504,서울특별시,2,20065.16,16257.94,136.18,26
A10027504,서울특별시,2,20065.16,16257.94,138.37,26
A10027504,서울특별시,2,20065.16,16257.94,256.17,2
A12103002,서울특별시,6,36786.12,29006.94,59.96,168
A12103002,서울특별시,6,36786.12,29006.94,84.69,126
A12103002,서울특별시,6,36786.12,29006.94,114.76,72
A12103006,서울특별시,1,18206.84,8696.92,23.63,20
A12103006,서울특별시,1,18206.84,8696.92,28.96,10
A12103006,서울특별시,1,18206.84,8696.92,29.11,70
A12103006,서울특별시,1,18206.84,8696.92,34.39,80
A12103006,서울특별시,1,18206.84,8696.92,35.14,20
A12103006,서울특별시,1,18206.84,8696.92,46.96,2
A12103006,서울특별시,1,18206.84,8696.92,49.97,20
A12103006,서울특별시,1,18206.84,8696.92,57.83,2
A12103006,서울특별시,1,18206.84,8696.92,58.62,4
A12103006,서울특별시,1,18206.84,8696.92,64.94,4
A12103006,서울특별시,1,18206.84,8696.92,69.94,6
A12103006,서울특별시,1,18206.84,8696.92,80.04,4
A12179001,서울특별시,3,28561.977,22409.54,59.89,146
A12179001,서울특별시,3,28561.977,22409.54,84.98,96
A12179001,서울특별시,3,28561.977,22409.54,114.74,48
A12179002,서울특별시,2,18644.637,12321.52,32.77,376
A12179003,서울특별시,1,4426.446,3418.57,33.19,103
A12179004,서울특별시,4,101922.35,53130.42,84.6,18
A12179004,서울특별시,4,101922.35,53130.42,84.67,18
A12179004,서울특별시,4,101922.35,53130.42,84.95,76
A12179004,서울특별시,4,101922.35,53130.42,103.04,76
A12179004,서울특별시,4,101922.35,53130.42,104.29,18
A12179004,서울특별시,4,101922.35,53130.42,104.97,18
A12179004,서울특별시,4,101922.35,53130.42,115.04,118
A12179004,서울특별시,4,101922.35,53130.42,115.08,36
A12179004,서울특별시,4,101922.35,53130.42,115.78,18
A12179004,서울특별시,4,101922.35,53130.42,152.85,80
A12179005,서울특별시,4,20854,16073.48,59.98,51
A12179005,서울특별시,4,20854,16073.48,84.96,118
A12179005,서울특별시,4,20854,16073.48,114.97,26
A12179006,서울특별시,3,12976.414,10193.26,59.58,13
A12179006,서울특별시,3,12976.414,10193.26,59.62,23
A12179006,서울특별시,3,12976.414,10193.26,59.85,20
A12179006,서울특별시,3,12976.414,10193.26,84.68,47
A12179006,서울특별시,3,12976.414,10193.26,114.82,25
A12185303,서울특별시,11,92634.71,71996.7,59.76,240
A12185303,서울특별시,11,92634.71,71996.7,84.9,352
A12185303,서울특별시,11,92634.71,71996.7,114.75,242
A12185304,서울특별시,7,47779.4,37384.54,59.48,186
A12185304,서울특별시,7,47779.4,37384.54,84.73,162
A12185304,서울특별시,7,47779.4,37384.54,114.5,110
A10024974,서울특별시,7,108818.86,79273.37,59.376,158
A10024974,서울특별시,7,108818.86,79273.37,59.751,218
A10024974,서울특별시,7,108818.86,79273.37,84.665,46
A10024974,서울특별시,7,108818.86,79273.37,84.901,227
A10024974,서울특별시,7,108818.86,79273.37,84.912,136
A10024974,서울특별시,7,108818.86,79273.37,84.932,136
A10024974,서울특별시,7,108818.86,79273.37,111.024,54
A10024974,서울특별시,7,108818.86,79273.37,111.103,34
A10024974,서울특별시,7,108818.86,79273.37,137.924,6
A12111001,서울특별시,2,16926.4,13592,84.95,160
A12171201,서울특별시,5,33102.47,26557.81,84.83,227
A12171201,서울특별시,5,33102.47,26557.81,84.9,86
A12185504,서울특별시,2,27066,20780.88,59.76,104
A12185504,서울특별시,2,27066,20780.88,84.96,112
A12185504,서울특별시,2,27066,20780.88,114.78,44
A12185602,서울특별시,4,15022.92,14796.96,57.44,78
A12185602,서울특별시,4,15022.92,14796.96,82.86,84
A12185602,서울특별시,4,15022.92,14796.96,111.88,30
A12185603,서울특별시,2,23603.307,17750.1,84.47,180
A12185603,서울특별시,2,23603.307,17750.1,84.85,30
A12185605,서울특별시,3,36185.715,29344.678,84.873,69
A12185605,서울특별시,3,36185.715,29344.678,84.96,37
A12185605,서울특별시,3,36185.715,29344.678,84.986,29
A12185605,서울특별시,3,36185.715,29344.678,117.183,106
A12185605,서울특별시,3,36185.715,29344.678,143.656,38
A12185606,서울특별시,4,40276.68,30027.19,59.85,161
A12185606,서울특별시,4,40276.68,30027.19,59.97,22
A12185606,서울특별시,4,40276.68,30027.19,84.85,160
A12185606,서울특별시,4,40276.68,30027.19,114.5,48
A12114001,서울특별시,6,70172.62,44020.28,59.98,226
A12114001,서울특별시,6,70172.62,44020.28,84.4,92
A12114001,서울특별시,6,70172.62,44020.28,84.97,86
A12114001,서울특별시,6,70172.62,44020.28,114.87,134
A10022480,서울특별시,2,25800,12101.88,84.93,4
A10022480,서울특별시,2,25800,12101.88,99.56,76
A10022480,서울특별시,2,25800,12101.88,104.89,40
A10022941,서울특별시,2,13102.72,9394.69,30.28,2
A10022941,서울특별시,2,13102.72,9394.69,31.11,16
A10022941,서울특별시,2,13102.72,9394.69,31.59,11
A10022941,서울특별시,2,13102.72,9394.69,32.74,2
A10022941,서울특별시,2,13102.72,9394.69,33.08,2
A10022941,서울특별시,2,13102.72,9394.69,33.58,2
A10022941,서울특별시,2,13102.72,9394.69,37.68,1
A10022941,서울특별시,2,13102.72,9394.69,38.79,74
A10022941,서울특별시,2,13102.72,9394.69,38.92,1
A10022941,서울특별시,2,13102.72,9394.69,39.52,1
A10022941,서울특별시,2,13102.72,9394.69,40.07,15
A10022941,서울특별시,2,13102.72,9394.69,40.1,15
A10022941,서울특별시,2,13102.72,9394.69,40.59,25
A10022941,서울특별시,2,13102.72,9394.69,41.59,26
A10022941,서울특별시,2,13102.72,9394.69,42.16,16
A10022941,서울특별시,2,13102.72,9394.69,43.57,14
A10022941,서울특별시,2,13102.72,9394.69,45.02,16
A10023508,서울특별시,17,123193.18,90160.42,32.89,11
A10023508,서울특별시,17,123193.18,90160.42,43.27,153
A10023508,서울특별시,17,123193.18,90160.42,43.64,91
A10023508,서울특별시,17,123193.18,90160.42,49.87,23
A10023508,서울특별시,17,123193.18,90160.42,54.65,23
A10023508,서울특별시,17,123193.18,90160.42,59.5,91
A10023508,서울특별시,17,123193.18,90160.42,59.96,49
A10023508,서울특별시,17,123193.18,90160.42,59.97,586
A10023508,서울특별시,17,123193.18,90160.42,84.94,100
A10023508,서울특별시,17,123193.18,90160.42,84.98,292
A10027090,서울특별시,6,51206,38234.1,39.505,18
A10027090,서울특별시,6,51206,38234.1,39.8939,18
A10027090,서울특별시,6,51206,38234.1,49.8609,36
A10027090,서울특별시,6,51206,38234.1,59.9718,134
A10027090,서울특별시,6,51206,38234.1,84.9668,140
A10027090,서울특별시,6,51206,38234.1,84.9699,65
A10027090,서울특별시,6,51206,38234.1,111.1083,86
A10027906,서울특별시,16,107990.52,80750.37,59.99,285
A10027906,서울특별시,16,107990.52,80750.37,84.99,477
A10027906,서울특별시,16,107990.52,80750.37,114.99,201
A10027951,서울특별시,2,19766.34,7316.4,36.4,201
A12101001,서울특별시,2,19778.684,14635.64,48.92,84
A12101001,서울특별시,2,19778.684,14635.64,84.89,124
A12175202,서울특별시,1,16730.67,12101.88,84.93,4
A12175202,서울특별시,1,16730.67,12101.88,99.56,76
A12175202,서울특별시,1,16730.67,12101.88,104.89,40
A12175203,서울특별시,51,380436.56,286174.88,36.9796,320
A12175203,서울특별시,51,380436.56,286174.88,41.9838,274
A12175203,서울특별시,51,380436.56,286174.88,59.905,7
A12175203,서울특별시,51,380436.56,286174.88,59.9236,360
A12175203,서울특별시,51,380436.56,286174.88,59.9452,163
A12175203,서울특별시,51,380436.56,286174.88,59.9656,639
A12175203,서울특별시,51,380436.56,286174.88,59.9796,139
A12175203,서울특별시,51,380436.56,286174.88,84.3884,167
A12175203,서울특별시,51,380436.56,286174.88,84.5978,754
A12175203,서울특별시,51,380436.56,286174.88,84.8919,520
A12175203,서울특별시,51,380436.56,286174.88,84.9603,17
A12175203,서울특별시,51,380436.56,286174.88,114.2802,106
A12175203,서울특별시,51,380436.56,286174.88,114.588,177
A12175203,서울특별시,51,380436.56,286174.88,114.7267,216
A12175203,서울특별시,51,380436.56,286174.88,145.204,26
A10024587,서울특별시,1,12404,9271.15,55.24,14
A10024587,서울특별시,1,12404,9271.15,59.99,62
A10024587,서울특별시,1,12404,9271.15,84.99,39
A10024587,서울특별시,1,12404,9271.15,112.6,13
A12186901,서울특별시,6,47429.78,41207.094,59.76,112
A12186901,서울특별시,6,47429.78,41207.094,84.936,204
A12186901,서울특별시,6,47429.78,41207.094,102.158,45
A12186901,서울특별시,6,47429.78,41207.094,114.88,90
A12186901,서울특별시,6,47429.78,41207.094,150.048,15
A10024347,서울특별시,18,156603.17,117649.27,39.9827,117
A10024347,서울특별시,18,156603.17,117649.27,39.9957,11
A10024347,서울특별시,18,156603.17,117649.27,42.9683,135
A10024347,서울특별시,18,156603.17,117649.27,59.7848,202
A10024347,서울특별시,18,156603.17,117649.27,59.8397,48
A10024347,서울특별시,18,156603.17,117649.27,59.8772,252
A10024347,서울특별시,18,156603.17,117649.27,59.8981,57
A10024347,서울특별시,18,156603.17,117649.27,59.9213,40
A10024347,서울특별시,18,156603.17,117649.27,59.9286,77
A10024347,서울특별시,18,156603.17,117649.27,59.9413,34
A10024347,서울특별시,18,156603.17,117649.27,84.7352,55
A10024347,서울특별시,18,156603.17,117649.27,84.8079,153
A10024347,서울특별시,18,156603.17,117649.27,84.9422,230
A10024347,서울특별시,18,156603.17,117649.27,84.9472,104
A10024347,서울특별시,18,156603.17,117649.27,84.9654,78
A10024347,서울특별시,18,156603.17,117649.27,114.6483,3
A10024347,서울특별시,18,156603.17,117649.27,114.7224,52
A10024347,서울특별시,18,156603.17,117649.27,114.7445,4
A10024347,서울특별시,18,156603.17,117649.27,114.8353,4
A10024347,서울특별시,18,156603.17,117649.27,114.9084,1
A10024347,서울특별시,18,156603.17,117649.27,114.9159,37
A10026036,서울특별시,12,88378.77,58892.07,34.797,28
A10026036,서울특별시,12,88378.77,58892.07,59.962,12
A10026036,서울특별시,12,88378.77,58892.07,59.972,12
A10026036,서울특별시,12,88378.77,58892.07,59.99,262
A10026036,서울특별시,12,88378.77,58892.07,59.994,8
A10026036,서울특별시,12,88378.77,58892.07,59.996,12
A10026036,서울특별시,12,88378.77,58892.07,84.866,258
A10026036,서울특별시,12,88378.77,58892.07,84.95,18
A10026036,서울특별시,12,88378.77,58892.07,84.987,92
A10026036,서울특별시,12,88378.77,58892.07,84.995,81
A10026036,서울특별시,12,88378.77,58892.07,119.315,6
A10026036,서울특별시,12,88378.77,58892.07,119.574,6
A12109001,서울특별시,10,71297.26,58250.113,84.692,228
A12109001,서울특별시,10,71297.26,58250.113,113.803,166
A12109001,서울특별시,10,71297.26,58250.113,135.376,90
A12109001,서울특별시,10,71297.26,58250.113,157.304,50
A12109002,서울특별시,9,60012.906,46238.46,59.52,134
A12109002,서울특별시,9,60012.906,46238.46,59.76,85
A12109002,서울특별시,9,60012.906,46238.46,59.85,17
A12109002,서울특별시,9,60012.906,46238.46,84.69,17
A12109002,서울특별시,9,60012.906,46238.46,84.96,204
A12109002,서울특별시,9,60012.906,46238.46,114.48,117
A12187403,서울특별시,6,49105.19,33259.81,26.81,53
A12187403,서울특별시,6,49105.19,33259.81,27.47,125
A12187403,서울특별시,6,49105.19,33259.81,49.02,32
A12187403,서울특별시,6,49105.19,33259.81,49.8,61
A12187403,서울특별시,6,49105.19,33259.81,57.88,116
A12187403,서울특별시,6,49105.19,33259.81,58.71,291
A10021282,서울특별시,1,12400.08,12400.08,59.25,16
A10021282,서울특별시,1,12400.08,12400.08,59.81,15
A10021282,서울특별시,1,12400.08,12400.08,84.7,17
A10021282,서울특별시,1,12400.08,12400.08,84.77,19
A10021282,서울특별시,1,12400.08,12400.08,84.88,38
A10021282,서울특별시,1,12400.08,12400.08,118.86,36
A10022303,서울특별시,3,20295,16192.14,130.64,21
A10022303,서울특별시,3,20295,16192.14,131.85,102
A10028006,서울특별시,9,53506.84,39756.91,39.8,12
A10028006,서울특별시,9,53506.84,39756.91,39.86,30
A10028006,서울특별시,9,53506.84,39756.91,43.91,5
A10028006,서울특별시,9,53506.84,39756.91,45.97,22
A10028006,서울특별시,9,53506.84,39756.91,49.65,12
A10028006,서울특별시,9,53506.84,39756.91,56.65,12
A10028006,서울특별시,9,53506.84,39756.91,59.98,174
A10028006,서울특별시,9,53506.84,39756.91,84.98,245
A10028006,서울특별시,9,53506.84,39756.91,123.44,35
A12187501,서울특별시,9,90428.68,44905.51,36.18,42
A12187501,서울특별시,9,90428.68,44905.51,41.62,45
A12187501,서울특별시,9,90428.68,44905.51,51.99,10
A12187501,서울특별시,9,90428.68,44905.51,59.98,31
A12187501,서울특별시,9,90428.68,44905.51,59.99,10
A12187501,서울특별시,9,90428.68,44905.51,84.96,20
A12187501,서울특별시,9,90428.68,44905.51,84.97,131
A12187501,서울특별시,9,90428.68,44905.51,84.98,119
A12187501,서울특별시,9,90428.68,44905.51,84.99,74
A12187501,서울특별시,9,90428.68,44905.51,114.66,35
A12187501,서울특별시,9,90428.68,44905.51,114.97,46
A12187602,서울특별시,9,34722.96,34722.96,59.98,72
A12187602,서울특별시,9,34722.96,34722.96,59.99,102
A12187602,서울특별시,9,34722.96,34722.96,84.2,174
A12187602,서울특별시,9,34722.96,34722.96,114.03,66
A12187602,서울특별시,9,34722.96,34722.96,131.79,16
A10022429,서울특별시,2,11329,8753.715,59.915,16
A10022429,서울특별시,2,11329,8753.715,60.384,15
A10022429,서울특별시,2,11329,8753.715,84.869,45
A10022429,서울특별시,2,11329,8753.715,118.085,26
A12187703,서울특별시,3,31728.22,24788.7,59.54,19
A12187703,서울특별시,3,31728.22,24788.7,59.55,38
A12187703,서울특별시,3,31728.22,24788.7,84.94,149
A12187703,서울특별시,3,31728.22,24788.7,114.98,76
A12187901,서울특별시,2,19770,15002.91,60,36
A12187901,서울특별시,2,19770,15002.91,79.75,9
A12187901,서울특별시,2,19770,15002.91,84.6,111
A12187901,서울특별시,2,19770,15002.91,113.94,24
A12187902,서울특별시,2,22589,16960.24,58.76,57
A12187902,서울특별시,2,22589,16960.24,78.39,51
A12187902,서울특별시,2,22589,16960.24,79.58,32
A12187902,서울특별시,2,22589,16960.24,80.3,15
A12187902,서울특별시,2,22589,16960.24,109.35,33
A12187902,서울특별시,2,22589,16960.24,125.19,18
A12187904,서울특별시,4,47206.613,35637.6,84.6,68
A12187904,서울특별시,4,47206.613,35637.6,84.9,352
A12187905,서울특별시,6,50809.062,38916.75,59.88,206
A12187905,서울특별시,6,50809.062,38916.75,84.9,152
A12187905,서울특별시,6,50809.062,38916.75,114.93,119
A12187906,서울특별시,9,51955.51,41341.824,59.9882,42
A12187906,서울특별시,9,51955.51,41341.824,84.9406,188
A12187906,서울특별시,9,51955.51,41341.824,84.9572,269
A10020640,서울특별시,1,8495,8495.375,84.788,15
A10020640,서울특별시,1,8495,8495.375,84.983,85
A10024425,서울특별시,2,31596.457,11581.71,17.1491,44
A10024425,서울특별시,2,31596.457,11581.71,17.2959,17
A10024425,서울특별시,2,31596.457,11581.71,17.296,397
A10024425,서울특별시,2,31596.457,11581.71,26.2292,56
A10024425,서울특별시,2,31596.457,11581.71,26.3324,4
A10024425,서울특별시,2,31596.457,11581.71,29.4038,32
A10024425,서울특별시,2,31596.457,11581.71,29.5193,30
A10024425,서울특별시,2,31596.457,11581.71,29.5491,9
A10025633,서울특별시,4,29437.434,22306.78,59.804,14
A10025633,서울특별시,4,29437.434,22306.78,59.817,13
A10025633,서울특별시,4,29437.434,22306.78,59.989,11
A10025633,서울특별시,4,29437.434,22306.78,74.784,35
A10025633,서울특별시,4,29437.434,22306.78,74.791,14
A10025633,서울특별시,4,29437.434,22306.78,78.467,2
A10025633,서울특별시,4,29437.434,22306.78,84.391,25
A10025633,서울특별시,4,29437.434,22306.78,84.482,15
A10025633,서울특별시,4,29437.434,22306.78,84.558,21
A10025633,서울특별시,4,29437.434,22306.78,84.674,12
A10025633,서울특별시,4,29437.434,22306.78,84.719,21
A10025633,서울특별시,4,29437.434,22306.78,84.785,6
A10025633,서울특별시,4,29437.434,22306.78,84.793,58
A10025633,서울특별시,4,29437.434,22306.78,84.795,11
A10025633,서울특별시,4,29437.434,22306.78,102.7,11
A10025633,서울특별시,4,29437.434,22306.78,102.709,6
A10025633,서울특별시,4,29437.434,22306.78,157.262,1
A12119004,서울특별시,8,43464.652,35001.84,59.713,72
A12119004,서울특별시,8,43464.652,35001.84,59.867,31
A12119004,서울특별시,8,43464.652,35001.84,83.85,238
A12119004,서울특별시,8,43464.652,35001.84,83.871,106
A12119006,서울특별시,15,67662.625,52559.164,59.983,155
A12119006,서울특별시,15,67662.625,52559.164,84.74,12
A12119006,서울특별시,15,67662.625,52559.164,84.988,396
A12119006,서울특별시,15,67662.625,52559.164,119.301,72
A12119007,서울특별시,9,72460.88,55576.28,59.94,176
A12119007,서울특별시,9,72460.88,55576.28,84.93,276
A12119007,서울특별시,9,72460.88,55576.28,114.82,188
A12177801,서울특별시,3,22280.39,16860.64,73.38,10
A12177801,서울특별시,3,22280.39,16860.64,76.04,3
A12177801,서울특별시,3,22280.39,16860.64,76.8,1
A12177801,서울특별시,3,22280.39,16860.64,84.96,150
A12177801,서울특별시,3,22280.39,16860.64,98.82,11
A12177801,서울특별시,3,22280.39,16860.64,116.51,16
A12177801,서울특별시,3,22280.39,16860.64,126.74,1
A12177802,서울특별시,2,15421.495,10188.36,32.76,311
A12188201,서울특별시,3,24123.521,18335.08,59.21,76
A12188201,서울특별시,3,24123.521,18335.08,84.86,121
A12188201,서울특별시,3,24123.521,18335.08,84.87,11
A12188201,서울특별시,3,24123.521,18335.08,84.95,27
A12188201,서울특별시,3,24123.521,18335.08,84.96,4
A12188202,서울특별시,5,23578.66,18724.803,59.651,76
A12188202,서울특별시,5,23578.66,18724.803,84.978,167
A12188205,서울특별시,10,58579.29,46988.41,84.97,553
A12106001,서울특별시,3,49938.59,32767.32,59.76,209
A12106001,서울특별시,3,49938.59,32767.32,59.97,28
A12106001,서울특별시,3,49938.59,32767.32,84.78,44
A12106001,서울특별시,3,49938.59,32767.32,84.96,175
A12115001,서울특별시,7,79642.55,64926.31,84.99,75
A12115001,서울특별시,7,79642.55,64926.31,118.28,88
A12115001,서울특별시,7,79642.55,64926.31,132.54,96
A12115001,서울특별시,7,79642.55,64926.31,138.08,91
A12115001,서울특별시,7,79642.55,64926.31,160.39,48
A12115001,서울특별시,7,79642.55,64926.31,168.15,44
A12115001,서울특별시,7,79642.55,64926.31,168.63,46
A10027301,서울특별시,2,24569.781,18333.48,83.45,132
A10027301,서울특별시,2,24569.781,18333.48,110.88,66
A10027902,서울특별시,2,29555.14,22550.22,84.64,66
A10027902,서울특별시,2,29555.14,22550.22,119.99,66
A10027902,서울특별시,2,29555.14,22550.22,137.04,66
A10027714,서울특별시,8,80967.52,59293.12,39.15,8
A10027714,서울특별시,8,80967.52,59293.12,39.4,49
A10027714,서울특별시,8,80967.52,59293.12,49.16,53
A10027714,서울특별시,8,80967.52,59293.12,59.33,22
A10027714,서울특별시,8,80967.52,59293.12,59.96,111
A10027714,서울특별시,8,80967.52,59293.12,59.97,57
A10027714,서울특별시,8,80967.52,59293.12,84.9,94
A10027714,서울특별시,8,80967.52,59293.12,84.96,96
A10027714,서울특별시,8,80967.52,59293.12,84.98,187
A10027714,서울특별시,8,80967.52,59293.12,114.95,53
A10027714,서울특별시,8,80967.52,59293.12,114.98,21
A10027714,서울특별시,8,80967.52,59293.12,114.99,22
A12112001,서울특별시,2,22907.889,16667.76,59.4,127
A12112001,서울특별시,2,22907.889,16667.76,84.84,48
A12112001,서울특별시,2,22907.889,16667.76,114.81,44
A12112002,서울특별시,10,41150.9,41150.9,59.54,93
A12112002,서울특별시,10,41150.9,41150.9,59.78,111
A12112002,서울특별시,10,41150.9,41150.9,84.85,206
A12112002,서울특별시,10,41150.9,41150.9,114.99,100
A10023709,서울특별시,5,47029.9,32941.19,16.0327,10
A10023709,서울특별시,5,47029.9,32941.19,59.8295,75
A10023709,서울특별시,5,47029.9,32941.19,59.9772,75
A10023709,서울특별시,5,47029.9,32941.19,74.343,80
A10023709,서울특별시,5,47029.9,32941.19,84.9901,210
A10024938,서울특별시,11,98083.29,72643.03,34.12,74
A10024938,서울특별시,11,98083.29,72643.03,47.91,72
A10024938,서울특별시,11,98083.29,72643.03,52.23,24
A10024938,서울특별시,11,98083.29,72643.03,59.98,221
A10024938,서울특별시,11,98083.29,72643.03,84.83,273
A10024938,서울특별시,11,98083.29,72643.03,84.84,63
A10024938,서울특별시,11,98083.29,72643.03,84.95,246
A10024938,서울특별시,11,98083.29,72643.03,114.93,24
A10025130,서울특별시,11,96045.9,70346.92,39.668,20
A10025130,서울특별시,11,96045.9,70346.92,39.885,54
A10025130,서울특별시,11,96045.9,70346.92,43.327,82
A10025130,서울특별시,11,96045.9,70346.92,51.783,22
A10025130,서울특별시,11,96045.9,70346.92,59.442,20
A10025130,서울특별시,11,96045.9,70346.92,59.656,88
A10025130,서울특별시,11,96045.9,70346.92,59.79,268
A10025130,서울특별시,11,96045.9,70346.92,72.845,84
A10025130,서울특별시,11,96045.9,70346.92,72.969,79
A10025130,서울특별시,11,96045.9,70346.92,84.78,16
A10025130,서울특별시,11,96045.9,70346.92,84.823,72
A10025130,서울특별시,11,96045.9,70346.92,84.978,232
A10025130,서울특별시,11,96045.9,70346.92,118.242,2
A10025130,서울특별시,11,96045.9,70346.92,118.331,6
A10025130,서울특별시,11,96045.9,70346.92,118.406,2
A10025976,서울특별시,13,111846.57,87034.07,59.8,40
A10025976,서울특별시,13,111846.57,87034.07,59.91,143
A10025976,서울특별시,13,111846.57,87034.07,59.99,56
A10025976,서울특별시,13,111846.57,87034.07,84.9,114
A10025976,서울특별시,13,111846.57,87034.07,84.94,138
A10025976,서울특별시,13,111846.57,87034.07,84.95,133
A10025976,서울특별시,13,111846.57,87034.07,84.97,144
A10025976,서울특별시,13,111846.57,87034.07,84.98,164
A10025976,서울특별시,13,111846.57,87034.07,103.19,56
A10025976,서울특별시,13,111846.57,87034.07,103.89,30
A10025976,서울특별시,13,111846.57,87034.07,114.81,42
A10025976,서울특별시,13,111846.57,87034.07,127.07,1
A10027019,서울특별시,1,12611.59,5862.19,13.03,154
A10027019,서울특별시,1,12611.59,5862.19,17.23,25
A10027019,서울특별시,1,12611.59,5862.19,26.7,10
A10027019,서울특별시,1,12611.59,5862.19,30.36,85
A10027019,서울특별시,1,12611.59,5862.19,41.23,14
A10027817,서울특별시,61,340973,344840.72,39.982,36
A10027817,서울특별시,61,340973,344840.72,39.997,690
A10027817,서울특별시,61,340973,344840.72,49.709,16
A10027817,서울특별시,61,340973,344840.72,59.799,8
A10027817,서울특별시,61,340973,344840.72,59.977,46
A10027817,서울특별시,61,340973,344840.72,59.981,391
A10027817,서울특별시,61,340973,344840.72,59.992,44
A10027817,서울특별시,61,340973,344840.72,84.909,197
A10027817,서울특별시,61,340973,344840.72,84.968,1009
A10027817,서울특별시,61,340973,344840.72,84.971,784
A10027817,서울특별시,61,340973,344840.72,84.974,138
A10027817,서울특별시,61,340973,344840.72,84.98,192
A10027817,서울특별시,61,340973,344840.72,84.99,202
A10027817,서울특별시,61,340973,344840.72,120.006,62
A10027817,서울특별시,61,340973,344840.72,120.492,173
A10027817,서울특별시,61,340973,344840.72,121.614,188
A10027817,서울특별시,61,340973,344840.72,152.146,64
A10027817,서울특별시,61,340973,344840.72,175.078,60
A12012001,서울특별시,1,12686.2,10212.4,84.98,90
A12012001,서울특별시,1,12686.2,10212.4,128.21,20
A12012101,서울특별시,10,51203.297,39732.51,59.788,214
A12012101,서울특별시,10,51203.297,39732.51,84.806,208
A12012101,서울특별시,10,51203.297,39732.51,114.793,81
A12012201,서울특별시,2,10940.48,10940.48,30.56,358
A12012202,서울특별시,14,120693.19,91868.31,59.59,162
A12012202,서울특별시,14,120693.19,91868.31,59.93,157
A12012202,서울특별시,14,120693.19,91868.31,59.97,106
A12012202,서울특별시,14,120693.19,91868.31,84.9,370
A12012202,서울특별시,14,120693.19,91868.31,84.95,54
A12012202,서울특별시,14,120693.19,91868.31,114.88,157
A12012202,서울특별시,14,120693.19,91868.31,114.93,108
A12012203,서울특별시,10,122576.53,92780.04,59.4,532
A12012203,서울특별시,10,122576.53,92780.04,73.65,50
A12012203,서울특별시,10,122576.53,92780.04,84.78,258
A12012203,서울특별시,10,122576.53,92780.04,84.9,19
A12012203,서울특별시,10,122576.53,92780.04,114.9,296
A12072801,서울특별시,7,46536.414,35124.81,32.86,100
A12072801,서울특별시,7,46536.414,35124.81,59.95,105
A12072801,서울특별시,7,46536.414,35124.81,84.87,86
A12072801,서울특별시,7,46536.414,35124.81,84.97,29
A12072801,서울특별시,7,46536.414,35124.81,84.98,60
A12072801,서울특별시,7,46536.414,35124.81,114.85,51
A12072801,서울특별시,7,46536.414,35124.81,114.87,28
A12072801,서울특별시,7,46536.414,35124.81,114.9,14
A12072802,서울특별시,1,18087.3,10810.8,32.76,330
A12005001,서울특별시,3,25860.51,19415.89,59.86,99
A12005001,서울특별시,3,25860.51,19415.89,84.93,79
A12005001,서울특별시,3,25860.51,19415.89,114.92,59
A12070101,서울특별시,14,60127.77,47566.42,59.98,164
A12070101,서울특별시,14,60127.77,47566.42,84.99,264
A12070101,서울특별시,14,60127.77,47566.42,114.98,133
A12017001,서울특별시,10,86844.3,66697.2,59.7,315
A12017001,서울특별시,10,86844.3,66697.2,83.38,465
A12017001,서울특별시,10,86844.3,66697.2,121.6,75
A10024428,서울특별시,2,11617.38,9046.53,59.23,15
A10024428,서울특별시,2,11617.38,9046.53,84.98,96
A12013001,서울특별시,4,21656.197,18163.95,84.21,54
A12013001,서울특별시,4,21656.197,18163.95,84.99,95
A12013001,서울특별시,4,21656.197,18163.95,114.53,45
A12013001,서울특별시,4,21656.197,18163.95,129.57,3
A12013002,서울특별시,5,34712.7,26666.85,32.86,90
A12013002,서울특별시,5,34712.7,26666.85,59.96,61
A12013002,서울특별시,5,34712.7,26666.85,84.92,15
A12013002,서울특별시,5,34712.7,26666.85,84.93,55
A12013002,서울특별시,5,34712.7,26666.85,84.95,70
A12013002,서울특별시,5,34712.7,26666.85,114.92,15
A12013002,서울특별시,5,34712.7,26666.85,114.94,56
A12013003,서울특별시,51,362548.12,271661.75,39.96,553
A12013003,서울특별시,51,362548.12,271661.75,47.98,76
A12013003,서울특별시,51,362548.12,271661.75,59.97,357
A12013003,서울특별시,51,362548.12,271661.75,84.92,356
A12013003,서울특별시,51,362548.12,271661.75,84.93,133
A12013003,서울특별시,51,362548.12,271661.75,84.94,176
A12013003,서울특별시,51,362548.12,271661.75,84.95,926
A12013003,서울특별시,51,362548.12,271661.75,84.97,66
A12013003,서울특별시,51,362548.12,271661.75,120.91,34
A12013003,서울특별시,51,362548.12,271661.75,120.93,68
A12013003,서울특별시,51,362548.12,271661.75,120.95,402
A12013003,서울특별시,51,362548.12,271661.75,153.25,70
A12013003,서울특별시,51,362548.12,271661.75,153.86,68
A12013003,서울특별시,51,362548.12,271661.75,201.71,8
A12013101,서울특별시,3,16130.24,16130.24,55.47,22
A12013101,서울특별시,3,16130.24,16130.24,59.91,34
A12013101,서울특별시,3,16130.24,16130.24,71.89,30
A12013101,서울특별시,3,16130.24,16130.24,72.26,4
A12013101,서울특별시,3,16130.24,16130.24,83.7,15
A12013101,서울특별시,3,16130.24,16130.24,84.63,9
A12013101,서울특별시,3,16130.24,16130.24,84.95,99
A12013201,서울특별시,4,25364.5,19968.314,84.9623,109
A12013201,서울특별시,4,25364.5,19968.314,84.9631,55
A12013201,서울특별시,4,25364.5,19968.314,84.9923,71
A12013202,서울특별시,4,70627.38,56969.64,75.75,102
A12013202,서울특별시,4,70627.38,56969.64,84.57,318
A12013202,서울특별시,4,70627.38,56969.64,114.03,196
A12076601,서울특별시,1,14252.46,8410.5,31.5,267
A12081602,서울특별시,2,27788.81,20574.31,59.56,18
A12081602,서울특별시,2,27788.81,20574.31,59.76,85
A12081602,서울특별시,2,27788.81,20574.31,84.93,90
A12081602,서울특별시,2,27788.81,20574.31,111.13,61
A12081703,서울특별시,6,75623.15,58508.8,55.44,1
A12081703,서울특별시,6,75623.15,58508.8,65.34,201
A12081703,서울특별시,6,75623.15,58508.8,84.33,226
A12081703,서울특별시,6,75623.15,58508.8,105.88,76
A12081703,서울특별시,6,75623.15,58508.8,116.76,156
A10023016,서울특별시,1,11308.308,8118.98,59.77,37
A10023016,서울특별시,1,11308.308,8118.98,59.92,10
A10023016,서울특별시,1,11308.308,8118.98,84.84,20
A10023016,서울특별시,1,11308.308,8118.98,84.91,29
A10023016,서울특별시,1,11308.308,8118.98,114.91,10
A10024719,서울특별시,15,117387.78,86442.914,37.969,117
A10024719,서울특별시,15,117387.78,86442.914,42.074,88
A10024719,서울특별시,15,117387.78,86442.914,42.25,18
A10024719,서울특별시,15,117387.78,86442.914,52.8449,70
A10024719,서울특별시,15,117387.78,86442.914,55.9706,70
A10024719,서울특별시,15,117387.78,86442.914,59.8404,268
A10024719,서울특별시,15,117387.78,86442.914,84.6043,186
A10024719,서울특별시,15,117387.78,86442.914,84.9136,24
A10024719,서울특별시,15,117387.78,86442.914,84.9154,28
A10024719,서울특별시,15,117387.78,86442.914,84.9557,150
A10024719,서울특별시,15,117387.78,86442.914,84.968,28
A10024719,서울특별시,15,117387.78,86442.914,84.9715,84
A10024719,서울특별시,15,117387.78,86442.914,84.9876,35
A10024719,서울특별시,15,117387.78,86442.914,119.958,34
A10024719,서울특별시,15,117387.78,86442.914,169.8272,4
A10024719,서울특별시,15,117387.78,86442.914,169.943,22
A10026370,서울특별시,22,186309.11,136385.02,32.74,156
A10026370,서울특별시,22,186309.11,136385.02,42.33,131
A10026370,서울특별시,22,186309.11,136385.02,59.85,382
A10026370,서울특별시,22,186309.11,136385.02,59.9,62
A10026370,서울특별시,22,186309.11,136385.02,59.96,27
A10026370,서울특별시,22,186309.11,136385.02,59.97,65
A10026370,서울특별시,22,186309.11,136385.02,84.82,102
A10026370,서울특별시,22,186309.11,136385.02,84.89,101
A10026370,서울특별시,22,186309.11,136385.02,84.93,417
A10026370,서울특별시,22,186309.11,136385.02,84.95,139
A10026370,서울특별시,22,186309.11,136385.02,84.98,284
A10026370,서울특별시,22,186309.11,136385.02,114.89,44
A10027851,서울특별시,16,92567.51,68596.73,34.25,84
A10027851,서울특별시,16,92567.51,68596.73,34.7529,15
A10027851,서울특별시,16,92567.51,68596.73,34.9408,5
A10027851,서울특별시,16,92567.51,68596.73,34.9573,1
A10027851,서울특별시,16,92567.51,68596.73,44.9401,5
A10027851,서울특별시,16,92567.51,68596.73,44.9554,1
A10027851,서울특별시,16,92567.51,68596.73,49.0201,70
A10027851,서울특별시,16,92567.51,68596.73,49.8769,1
A10027851,서울특별시,16,92567.51,68596.73,53.7527,4
A10027851,서울특별시,16,92567.51,68596.73,53.8185,17
A10027851,서울특별시,16,92567.51,68596.73,59.8802,109
A10027851,서울특별시,16,92567.51,68596.73,59.9093,19
A10027851,서울특별시,16,92567.51,68596.73,59.993,28
A10027851,서울특별시,16,92567.51,68596.73,59.9973,35
A10027851,서울특별시,16,92567.51,68596.73,84.9559,103
A10027851,서울특별시,16,92567.51,68596.73,84.9572,104
A10027851,서울특별시,16,92567.51,68596.73,84.9738,26
A10027851,서울특별시,16,92567.51,68596.73,84.9892,129
A10027851,서울특별시,16,92567.51,68596.73,84.9953,90
A10027851,서울특별시,16,92567.51,68596.73,109.0901,94
A12079501,서울특별시,6,75847.89,57321.76,59.96,956
A10025822,서울특별시,5,41269.72,31137.172,59.9835,136
A10025822,서울특별시,5,41269.72,31137.172,84.1861,15
A10025822,서울특별시,5,41269.72,31137.172,84.4317,106
A10025822,서울특별시,5,41269.72,31137.172,84.6194,14
A10025822,서울특별시,5,41269.72,31137.172,84.8003,90
A10025822,서울특별시,5,41269.72,31137.172,112.8619,35
A12011002,서울특별시,7,59497.715,45032.88,59.584,206
A12011002,서울특별시,7,59497.715,45032.88,59.79,40
A12011002,서울특별시,7,59497.715,45032.88,84.706,196
A12011002,서울특별시,7,59497.715,45032.88,114.705,120
A12071101,서울특별시,8,64387.242,50980.04,59.61,128
A12071101,서울특별시,8,64387.242,50980.04,84.95,320
A12071101,서울특별시,8,64387.242,50980.04,115.06,76
A12071101,서울특별시,8,64387.242,50980.04,120.2,19
A12071101,서울특별시,8,64387.242,50980.04,135.2,38
A12071102,서울특별시,2,20375.92,15580.72,59.96,140
A12071102,서울특별시,2,20375.92,15580.72,84.83,36
A12071102,서울특별시,2,20375.92,15580.72,114.79,36
A12071103,서울특별시,3,27330.8,21422.8,84.74,140
A12071103,서울특별시,3,27330.8,21422.8,119.49,80
A12071104,서울특별시,1,4545.246,2565.952,13.642,182
A12071104,서울특별시,1,4545.246,2565.952,20.777,4
A12007001,서울특별시,8,101828.99,80064.18,75.66,216
A12007001,서울특별시,8,101828.99,80064.18,84.78,439
A12007001,서울특별시,8,101828.99,80064.18,108.63,168
A12007001,서울특별시,8,101828.99,80064.18,114.63,72
A12004001,서울특별시,15,99586.8,58486.51,30.17,74
A12004001,서울특별시,15,99586.8,58486.51,55.82,104
A12004001,서울특별시,15,99586.8,58486.51,55.85,102
A12004001,서울특별시,15,99586.8,58486.51,56.02,127
A12004001,서울특별시,15,99586.8,58486.51,56.08,92
A12004001,서울특별시,15,99586.8,58486.51,57.78,343
A12004001,서울특별시,15,99586.8,58486.51,59.47,26
A12004001,서울특별시,15,99586.8,58486.51,75.42,19
A12004001,서울특별시,15,99586.8,58486.51,75.55,32
A12004001,서울특별시,15,99586.8,58486.51,75.8,32
A12004001,서울특별시,15,99586.8,58486.51,84.74,24
A12004001,서울특별시,15,99586.8,58486.51,84.95,33
A10022194,서울특별시,1,11806.257,9147.96,83.77,3
A10022194,서울특별시,1,11806.257,9147.96,84.73,105
A10024966,서울특별시,2,19805.508,11826.218,15.8101,23
A10024966,서울특별시,2,19805.508,11826.218,16.0626,69
A10024966,서울특별시,2,19805.508,11826.218,17.6626,136
A10024966,서울특별시,2,19805.508,11826.218,21.056,96
A10024966,서울특별시,2,19805.508,11826.218,26.5236,48
A10024966,서울특별시,2,19805.508,11826.218,35.3732,16
A10024966,서울특별시,2,19805.508,11826.218,35.8514,16
A10024966,서울특별시,2,19805.508,11826.218,35.858,23
A10024966,서울특별시,2,19805.508,11826.218,36.1962,48
A10024966,서울특별시,2,19805.508,11826.218,39.8291,24
A12070201,서울특별시,1,20375.8,10871.28,33.32,32
A12070201,서울특별시,1,20375.8,10871.28,38.7,32
A12070201,서울특별시,1,20375.8,10871.28,41.48,60
A12070201,서울특별시,1,20375.8,10871.28,44.88,66
A12070201,서울특별시,1,20375.8,10871.28,45.75,34
A12070201,서울특별시,1,20375.8,10871.28,45.89,34
A12003001,서울특별시,3,19014.902,14639.315,59.956,26
A12003001,서울특별시,3,19014.902,14639.315,84.909,91
A12003001,서울특별시,3,19014.902,14639.315,84.98,63
A12008001,서울특별시,4,23133.3,17226,59.4,290
A12008003,서울특별시,12,140733.08,110170.05,59.58,350
A12008003,서울특별시,12,140733.08,110170.05,84.87,559
A12008003,서울특별시,12,140733.08,110170.05,84.96,23
A12008003,서울특별시,12,140733.08,110170.05,102.45,184
A12008003,서울특별시,12,140733.08,110170.05,114.51,184
A12079601,서울특별시,2,16200,16200,27,600
A10023449,서울특별시,6,43112.43,32447.557,39.983,24
A10023449,서울특별시,6,43112.43,32447.557,59.986,77
A10023449,서울특별시,6,43112.43,32447.557,59.991,220
A10023449,서울특별시,6,43112.43,32447.557,84.994,152
A10023449,서울특별시,6,43112.43,32447.557,93.984,2
A10023449,서울특별시,6,43112.43,32447.557,93.989,1
A10023449,서울특별시,6,43112.43,32447.557,93.995,3
A10023449,서울특별시,6,43112.43,32447.557,93.996,2
A10023482,서울특별시,8,42282,42780.73,59.84,246
A10023482,서울특별시,8,42282,42780.73,59.99,48
A10023482,서울특별시,8,42282,42780.73,72.79,160
A10023482,서울특별시,8,42282,42780.73,72.97,65
A10023482,서울특별시,8,42282,42780.73,84.53,104
A10023562,서울특별시,1,10648.29,7683.36,59.77,34
A10023562,서울특별시,1,10648.29,7683.36,64.27,12
A10023562,서울특별시,1,10648.29,7683.36,84.98,38
A10023562,서울특별시,1,10648.29,7683.36,97.1,17
A10024532,서울특별시,4,36588.15,17548.219,56.0269,2
A10024532,서울특별시,4,36588.15,17548.219,56.9161,46
A10024532,서울특별시,4,36588.15,17548.219,59.7501,248
A10025166,서울특별시,11,69952.09,35464.74,33.05,33
A10025166,서울특별시,11,69952.09,35464.74,33.84,1
A10025166,서울특별시,11,69952.09,35464.74,40.07,18
A10025166,서울특별시,11,69952.09,35464.74,40.95,14
A10025166,서울특별시,11,69952.09,35464.74,42.15,1
A10025166,서울특별시,11,69952.09,35464.74,42.79,1
A10025166,서울특별시,11,69952.09,35464.74,50.4,15
A10025166,서울특별시,11,69952.09,35464.74,59.42,17
A10025166,서울특별시,11,69952.09,35464.74,59.43,2
A10025166,서울특별시,11,69952.09,35464.74,59.54,19
A10025166,서울특별시,11,69952.09,35464.74,59.64,3
A10025166,서울특별시,11,69952.09,35464.74,59.68,19
A10025166,서울특별시,11,69952.09,35464.74,59.84,12
A10025166,서울특별시,11,69952.09,35464.74,59.85,8
A10025166,서울특별시,11,69952.09,35464.74,59.89,15
A10025166,서울특별시,11,69952.09,35464.74,59.93,17
A10025166,서울특별시,11,69952.09,35464.74,59.96,31
A10025166,서울특별시,11,69952.09,35464.74,84.78,37
A10025166,서울특별시,11,69952.09,35464.74,84.98,198
A10025166,서울특별시,11,69952.09,35464.74,84.99,17
A10025166,서울특별시,11,69952.09,35464.74,118.48,19
A10026604,서울특별시,8,54604.062,42117.9,34.631,25
A10026604,서울특별시,8,54604.062,42117.9,34.692,69
A10026604,서울특별시,8,54604.062,42117.9,59.865,20
A10026604,서울특별시,8,54604.062,42117.9,59.899,71
A10026604,서울특별시,8,54604.062,42117.9,84.747,32
A10026604,서울특별시,8,54604.062,42117.9,84.832,111
A10026604,서울특별시,8,54604.062,42117.9,84.85,31
A10026604,서울특별시,8,54604.062,42117.9,84.956,117
A10026604,서울특별시,8,54604.062,42117.9,109.276,5
A10026604,서울특별시,8,54604.062,42117.9,114.62,34
A10026604,서울특별시,8,54604.062,42117.9,114.868,34
A10026604,서울특별시,8,54604.062,42117.9,120.272,3
A12010001,서울특별시,5,21458.154,16236.102,59.9554,42
A12010001,서울특별시,5,21458.154,16236.102,84.9386,11
A12010001,서울특별시,5,21458.154,16236.102,84.9573,48
A12010001,서울특별시,5,21458.154,16236.102,84.9772,48
A12010001,서울특별시,5,21458.154,16236.102,84.9855,11
A12010001,서울특별시,5,21458.154,16236.102,105.0526,16
A12010001,서울특별시,5,21458.154,16236.102,105.7822,8
A12010001,서울특별시,5,21458.154,16236.102,105.8959,11
A12010101,서울특별시,1,15910.4,10816.65,56.61,109
A12010101,서울특별시,1,15910.4,10816.65,64.53,72
A12010103,서울특별시,3,36141.97,27166.95,58.5,203
A12010103,서울특별시,3,36141.97,27166.95,66.69,69
A12010103,서울특별시,3,36141.97,27166.95,84.93,88
A12010103,서울특별시,3,36141.97,27166.95,107.2,30
A12010104,서울특별시,17,165104.11,137695.92,30.17,180
A12010104,서울특별시,17,165104.11,137695.92,58.64,165
A12010104,서울특별시,17,165104.11,137695.92,84.78,384
A12010104,서울특별시,17,165104.11,137695.92,84.96,240
A12010104,서울특별시,17,165104.11,137695.92,114.96,270
A12010104,서울특별시,17,165104.11,137695.92,142.98,270
A12010202,서울특별시,7,44774.71,33620.15,84.918,191
A12010202,서울특별시,7,44774.71,33620.15,116.101,78
A12010202,서울특별시,7,44774.71,33620.15,125.757,2
A12010202,서울특별시,7,44774.71,33620.15,130.539,62
A12010203,서울특별시,6,52867.87,42398.86,84.92,413
A12010203,서울특별시,6,52867.87,42398.86,84.98,60
A12010203,서울특별시,6,52867.87,42398.86,148.54,15
A12071001,서울특별시,3,28118.94,22682.91,59.61,30
A12071001,서울특별시,3,28118.94,22682.91,59.73,45
A12071001,서울특별시,3,28118.94,22682.91,59.96,15
A12071001,서울특별시,3,28118.94,22682.91,84.84,204
A12071002,서울특별시,4,23024.795,17178.83,59.96,54
A12071002,서울특별시,4,23024.795,17178.83,84.84,98
A12071002,서울특별시,4,23024.795,17178.83,114.83,49
A12071003,서울특별시,4,35649.562,28423.68,65.43,48
A12071003,서울특별시,4,35649.562,28423.68,83.61,144
A12071003,서울특별시,4,35649.562,28423.68,84.96,12
A12071003,서울특별시,4,35649.562,28423.68,127.33,96
A12084302,서울특별시,4,26619.71,19915.74,54.54,91
A12084302,서울특별시,4,26619.71,19915.74,64.26,130
A12084302,서울특별시,4,26619.71,19915.74,84.6,78
A12084504,서울특별시,6,57861.426,45783.95,59.96,90
A12084504,서울특별시,6,57861.426,45783.95,59.97,76
A12084504,서울특별시,6,57861.426,45783.95,73.98,90
A12084504,서울특별시,6,57861.426,45783.95,74.52,71
A12084504,서울특별시,6,57861.426,45783.95,77.49,15
A12084504,서울특별시,6,57861.426,45783.95,84.77,268
A10020829,서울특별시,1,0,9306.33,59.23,47
A10020829,서울특별시,1,0,9306.33,84.79,26
A10020829,서울특별시,1,0,9306.33,84.85,3
A10020829,서울특별시,1,0,9306.33,84.97,43
A10020829,서울특별시,1,0,9306.33,97.74,2
A10020829,서울특별시,1,0,9306.33,107.12,2
A10021965,서울특별시,2,8892.561,8617.38,58.84,20
A10021965,서울특별시,2,8892.561,8617.38,62.48,70
A10021965,서울특별시,2,8892.561,8617.38,62.55,5
A10021965,서울특별시,2,8892.561,8617.38,62.58,5
A10021965,서울특별시,2,8892.561,8617.38,63.8,27
A10021965,서울특별시,2,8892.561,8617.38,64.73,1
A10021965,서울특별시,2,8892.561,8617.38,81.75,8
A10023330,서울특별시,2,17328.2,13244.58,84.28,87
A10023330,서울특별시,2,17328.2,13244.58,113.34,14
A10023330,서울특별시,2,17328.2,13244.58,113.52,20
A10023330,서울특별시,2,17328.2,13244.58,114.17,18
A10023560,서울특별시,11,73733.47,53830.69,34.9,35
A10023560,서울특별시,11,73733.47,53830.69,49.5,82
A10023560,서울특별시,11,73733.47,53830.69,55.25,122
A10023560,서울특별시,11,73733.47,53830.69,59.94,270
A10023560,서울특별시,11,73733.47,53830.69,59.98,34
A10023560,서울특별시,11,73733.47,53830.69,75.2,51
A10023560,서울특별시,11,73733.47,53830.69,75.49,100
A10023560,서울특별시,11,73733.47,53830.69,84.95,93
A10023560,서울특별시,11,73733.47,53830.69,84.98,29
A10023560,서울특별시,11,73733.47,53830.69,114.85,16
A10023959,서울특별시,18,108864.84,80061.21,39.38,87
A10023959,서울특별시,18,108864.84,80061.21,48.21,94
A10023959,서울특별시,18,108864.84,80061.21,59.93,16
A10023959,서울특별시,18,108864.84,80061.21,59.96,38
A10023959,서울특별시,18,108864.84,80061.21,59.97,5
A10023959,서울특별시,18,108864.84,80061.21,59.99,281
A10023959,서울특별시,18,108864.84,80061.21,67.24,2
A10023959,서울특별시,18,108864.84,80061.21,83.98,2
A10023959,서울특별시,18,108864.84,80061.21,84.95,523
A10023959,서울특별시,18,108864.84,80061.21,84.99,28
A10023959,서울특별시,18,108864.84,80061.21,114.95,40
A10024620,서울특별시,2,19300.678,15679.27,98.65,1
A10024620,서울특별시,2,19300.678,15679.27,119.82,34
A10024620,서울특별시,2,19300.678,15679.27,120.34,30
A10024620,서울특별시,2,19300.678,15679.27,132.43,14
A10024620,서울특별시,2,19300.678,15679.27,133.9,30
A10024620,서울특별시,2,19300.678,15679.27,144.68,14
A10025767,서울특별시,14,91359.625,68262.15,34.8921,79
A10025767,서울특별시,14,91359.625,68262.15,43.5347,28
A10025767,서울특별시,14,91359.625,68262.15,43.6335,45
A10025767,서울특별시,14,91359.625,68262.15,51.3218,30
A10025767,서울특별시,14,91359.625,68262.15,59.9728,44
A10025767,서울특별시,14,91359.625,68262.15,59.9837,62
A10025767,서울특별시,14,91359.625,68262.15,84.9206,61
A10025767,서울특별시,14,91359.625,68262.15,84.9356,33
A10025767,서울특별시,14,91359.625,68262.15,84.9602,35
A10025767,서울특별시,14,91359.625,68262.15,84.9644,116
A10025767,서울특별시,14,91359.625,68262.15,84.9653,4
A10025767,서울특별시,14,91359.625,68262.15,84.9728,310
A10025767,서울특별시,14,91359.625,68262.15,117.0924,29
A10025767,서울특별시,14,91359.625,68262.15,117.8711,30
A10027681,서울특별시,10,30321.45,23110.207,59.18,48
A10027681,서울특별시,10,30321.45,23110.207,59.6397,5
A10027681,서울특별시,10,30321.45,23110.207,59.9138,25
A10027681,서울특별시,10,30321.45,23110.207,84.4965,48
A10027681,서울특별시,10,30321.45,23110.207,84.759,43
A10027681,서울특별시,10,30321.45,23110.207,84.7861,88
A10027681,서울특별시,10,30321.45,23110.207,84.9054,26
A10027681,서울특별시,10,30321.45,23110.207,84.949,13
A12009001,서울특별시,1,5848.5,4306.5,28.71,150
A12009002,서울특별시,1,20116.322,11566.588,84.925,62
A12009002,서울특별시,1,20116.322,11566.588,108.806,20
A12009002,서울특별시,1,20116.322,11566.588,124.423,10
A12009002,서울특별시,1,20116.322,11566.588,125.256,23
A12009101,서울특별시,3,20596.6,15760.72,59.94,72
A12009101,서울특별시,3,20596.6,15760.72,83.07,32
A12009101,서울특별시,3,20596.6,15760.72,84.71,44
A12009101,서울특별시,3,20596.6,15760.72,114.99,44
A12009102,서울특별시,8,80523.56,63142.32,60.81,50
A12009102,서울특별시,8,80523.56,63142.32,75.15,240
A12009102,서울특별시,8,80523.56,63142.32,83.05,150
A12009102,서울특별시,8,80523.56,63142.32,106.18,144
A12009102,서울특별시,8,80523.56,63142.32,119.32,120
A12009201,서울특별시,3,22272.12,16636.44,41.5,86
A12009201,서울특별시,3,22272.12,16636.44,55.35,66
A12009201,서울특별시,3,22272.12,16636.44,84.8,8
A12009201,서울특별시,3,22272.12,16636.44,84.87,22
A12009201,서울특별시,3,22272.12,16636.44,114.48,60
A12009202,서울특별시,6,42193.08,32648.58,32.76,130
A12009202,서울특별시,6,42193.08,32648.58,60,138
A12009202,서울특별시,6,42193.08,32648.58,84.33,116
A12009202,서울특별시,6,42193.08,32648.58,114.75,90
A12009203,서울특별시,14,102585.16,73080.36,84.78,862
A12009302,서울특별시,2,25005.19,19274.95,59.82,64
A12009302,서울특별시,2,25005.19,19274.95,84.63,127
A12009302,서울특별시,2,25005.19,19274.95,84.86,17
A12009302,서울특별시,2,25005.19,19274.95,116.28,28
A12009303,서울특별시,2,25977.6,20390.4,84.96,240
A12009304,서울특별시,5,58619.18,45054.5,58.77,132
A12009304,서울특별시,5,58619.18,45054.5,72.34,128
A12009304,서울특별시,5,58619.18,45054.5,82.35,141
A12009304,서울특별시,5,58619.18,45054.5,103.11,81
A12009304,서울특별시,5,58619.18,45054.5,112.14,72
A12009305,서울특별시,4,76865.95,57531.87,59.94,309
A12009305,서울특별시,4,76865.95,57531.87,84.99,459
A12076401,서울특별시,1,12537.244,10013.259,64.274,25
A12076401,서울특별시,1,12537.244,10013.259,84.9,15
A12076401,서울특별시,1,12537.244,10013.259,84.946,64
A12076401,서울특별시,1,12537.244,10013.259,113.091,15
A12078201,서울특별시,1,11566.92,8036.82,32.67,246
A12078704,서울특별시,15,102766.07,80719.1,59.93,298
A12078704,서울특별시,15,102766.07,80719.1,84.9,358
A12078704,서울특별시,15,102766.07,80719.1,114.72,283
A12078705,서울특별시,10,75353.375,58698.63,59.93,255
A12078705,서울특별시,10,75353.375,58698.63,84.9,256
A12078705,서울특별시,10,75353.375,58698.63,114.72,189
A12078706,서울특별시,2,22254.92,15945.84,59.4,134
A12078706,서울특별시,2,22254.92,15945.84,84.96,94
A12078707,서울특별시,2,22307.441,15746.94,32.67,482
A12085303,서울특별시,10,100004.16,76611.98,60.06,538
A12085303,서울특별시,10,100004.16,76611.98,84.77,310
A12085303,서울특별시,10,100004.16,76611.98,120.14,150
A12086001,서울특별시,1,17721.258,12650.8,37.11,11
A12086001,서울특별시,1,17721.258,12650.8,43.72,11
A12086001,서울특별시,1,17721.258,12650.8,44.2,11
A12086001,서울특별시,1,17721.258,12650.8,45.69,1
A12086001,서울특별시,1,17721.258,12650.8,46.36,12
A12086001,서울특별시,1,17721.258,12650.8,46.83,12
A12086001,서울특별시,1,17721.258,12650.8,46.99,12
A12086001,서울특별시,1,17721.258,12650.8,48.97,14
A12086001,서울특별시,1,17721.258,12650.8,52.77,15
A12086001,서울특별시,1,17721.258,12650.8,53.44,14
A12086001,서울특별시,1,17721.258,12650.8,54.58,3
A12086001,서울특별시,1,17721.258,12650.8,59.49,15
A12086001,서울특별시,1,17721.258,12650.8,60.7,3
A12086001,서울특별시,1,17721.258,12650.8,64.18,3
A12086001,서울특별시,1,17721.258,12650.8,66.09,15
A12086001,서울특별시,1,17721.258,12650.8,67.3,11
A12086001,서울특별시,1,17721.258,12650.8,68.59,15
A12086001,서울특별시,1,17721.258,12650.8,85.29,18
A12086001,서울특별시,1,17721.258,12650.8,88.66,18
A10028021,서울특별시,13,134430.77,59280.75,39.37,22
A10028021,서울특별시,13,134430.77,59280.75,39.43,130
A10028021,서울특별시,13,134430.77,59280.75,49.33,513
A10028021,서울특별시,13,134430.77,59280.75,49.36,16
A10028021,서울특별시,13,134430.77,59280.75,59.09,118
A10028021,서울특별시,13,134430.77,59280.75,59.21,96
A10028021,서울특별시,13,134430.77,59280.75,59.82,13
A10028021,서울특별시,13,134430.77,59280.75,59.94,11
A10028021,서울특별시,13,134430.77,59280.75,59.97,11
A10028021,서울특별시,13,134430.77,59280.75,84.41,17
A10028021,서울특별시,13,134430.77,59280.75,84.48,74
A10028021,서울특별시,13,134430.77,59280.75,84.87,56
A13718001,서울특별시,26,231171.38,113848.87,59.69,65
A13718001,서울특별시,26,231171.38,113848.87,59.84,9
A13718001,서울특별시,26,231171.38,113848.87,59.86,4
A13718001,서울특별시,26,231171.38,113848.87,59.88,75
A13718001,서울특별시,26,231171.38,113848.87,59.94,111
A13718001,서울특별시,26,231171.38,113848.87,84.3,92
A13718001,서울특별시,26,231171.38,113848.87,84.34,20
A13718001,서울특별시,26,231171.38,113848.87,84.36,18
A13718001,서울특별시,26,231171.38,113848.87,84.41,47
A13718001,서울특별시,26,231171.38,113848.87,84.6,17
A13718001,서울특별시,26,231171.38,113848.87,84.61,23
A13718001,서울특별시,26,231171.38,113848.87,84.71,1
A13718001,서울특별시,26,231171.38,113848.87,84.8,2
A13718001,서울특별시,26,231171.38,113848.87,84.81,219
A13718001,서울특별시,26,231171.38,113848.87,84.93,16
A13718001,서울특별시,26,231171.38,113848.87,101.31,37
A13718001,서울특별시,26,231171.38,113848.87,101.34,121
A13718001,서울특별시,26,231171.38,113848.87,101.78,32
A13718001,서울특별시,26,231171.38,113848.87,101.85,14
A13718001,서울특별시,26,231171.38,113848.87,101.95,20
A13718001,서울특별시,26,231171.38,113848.87,114.62,33
A13718001,서울특별시,26,231171.38,113848.87,114.68,123
A13718001,서울특별시,26,231171.38,113848.87,114.71,165
A10022556,서울특별시,6,82688.66,63359.2,59.7832,118
A10022556,서울특별시,6,82688.66,63359.2,59.794,27
A10022556,서울특별시,6,82688.66,63359.2,59.8,58
A10022556,서울특별시,6,82688.66,63359.2,84.7259,27
A10022556,서울특별시,6,82688.66,63359.2,84.728,110
A10022556,서울특별시,6,82688.66,63359.2,84.7442,27
A10022556,서울특별시,6,82688.66,63359.2,84.8077,55
A10022556,서울특별시,6,82688.66,63359.2,102.9785,1
A10022556,서울특별시,6,82688.66,63359.2,107.6378,30
A10022556,서울특별시,6,82688.66,63359.2,107.8965,29
A10022556,서울특별시,6,82688.66,63359.2,121.6369,4
A10022556,서울특별시,6,82688.66,63359.2,131.979,1
A10022556,서울특별시,6,82688.66,63359.2,137.6504,17
A10022556,서울특별시,6,82688.66,63359.2,137.9925,16
A10022556,서울특별시,6,82688.66,63359.2,155.8754,61
A10022556,서울특별시,6,82688.66,63359.2,181.9757,1
A10022556,서울특별시,6,82688.66,63359.2,191.859,58
A10022556,서울특별시,6,82688.66,63359.2,215.974,1
A10023043,서울특별시,23,395735.9,270686.4,46.93,28
A10023043,서울특별시,23,395735.9,270686.4,59.96,718
A10023043,서울특별시,23,395735.9,270686.4,74.92,60
A10023043,서울특별시,23,395735.9,270686.4,74.97,45
A10023043,서울특별시,23,395735.9,270686.4,84.92,4
A10023043,서울특별시,23,395735.9,270686.4,84.93,84
A10023043,서울특별시,23,395735.9,270686.4,84.94,15
A10023043,서울특별시,23,395735.9,270686.4,84.95,281
A10023043,서울특별시,23,395735.9,270686.4,84.96,94
A10023043,서울특별시,23,395735.9,270686.4,84.97,72
A10023043,서울특별시,23,395735.9,270686.4,84.98,472
A10023043,서울특별시,23,395735.9,270686.4,84.99,125
A10023043,서울특별시,23,395735.9,270686.4,101.94,41
A10023043,서울특별시,23,395735.9,270686.4,101.96,8
A10023043,서울특별시,23,395735.9,270686.4,101.97,93
A10023043,서울특별시,23,395735.9,270686.4,101.99,68
A10023043,서울특별시,23,395735.9,270686.4,116.88,4
A10023043,서울특별시,23,395735.9,270686.4,116.92,53
A10023043,서울특별시,23,395735.9,270686.4,116.93,169
A10023043,서울특별시,23,395735.9,270686.4,116.95,159
A10023043,서울특별시,23,395735.9,270686.4,116.96,4
A10023043,서울특별시,23,395735.9,270686.4,116.97,51
A10023043,서울특별시,23,395735.9,270686.4,133.56,4
A10023043,서울특별시,23,395735.9,270686.4,133.86,4
A10023043,서울특별시,23,395735.9,270686.4,133.91,225
A10023043,서울특별시,23,395735.9,270686.4,133.95,58
A10023043,서울특별시,23,395735.9,270686.4,168.65,16
A10023043,서울특별시,23,395735.9,270686.4,168.87,1
A10023043,서울특별시,23,395735.9,270686.4,168.9,2
A10023043,서울특별시,23,395735.9,270686.4,168.93,5
A10023043,서울특별시,23,395735.9,270686.4,168.94,4
A10023043,서울특별시,23,395735.9,270686.4,168.95,7
A10023043,서울특별시,23,395735.9,270686.4,168.97,2
A10023043,서울특별시,23,395735.9,270686.4,178.93,2
A10023043,서울특별시,23,395735.9,270686.4,185.95,4
A10023043,서울특별시,23,395735.9,270686.4,200.93,1
A10023043,서울특별시,23,395735.9,270686.4,200.98,1
A10023043,서울특별시,23,395735.9,270686.4,234.85,2
A10023043,서울특별시,23,395735.9,270686.4,234.86,3
A10023043,서울특별시,23,395735.9,270686.4,234.98,1
A10024254,서울특별시,6,92739.27,70039.76,50.9833,38
A10024254,서울특별시,6,92739.27,70039.76,59.9897,126
A10024254,서울특별시,6,92739.27,70039.76,59.9928,79
A10024254,서울특별시,6,92739.27,70039.76,59.9951,31
A10024254,서울특별시,6,92739.27,70039.76,84.9671,147
A10024254,서울특별시,6,92739.27,70039.76,84.9754,35
A10024254,서울특별시,6,92739.27,70039.76,84.9844,87
A10024254,서울특별시,6,92739.27,70039.76,84.9858,134
A10024254,서울특별시,6,92739.27,70039.76,104.9812,22
A10024254,서울특별시,6,92739.27,70039.76,104.988,27
A10024254,서울특별시,6,92739.27,70039.76,115.943,98
A10024254,서울특별시,6,92739.27,70039.76,132.987,24
A10024646,서울특별시,2,17193,15278.65,117.11,37
A10024646,서울특별시,2,17193,15278.65,117.5,2
A10024646,서울특별시,2,17193,15278.65,146.63,20
A10024646,서울특별시,2,17193,15278.65,146.81,20
A10024646,서울특별시,2,17193,15278.65,146.82,19
A10024646,서울특별시,2,17193,15278.65,205.22,10
A10026015,서울특별시,8,79790.37,61343.58,49.8098,85
A10026015,서울특별시,8,79790.37,61343.58,59.3264,106
A10026015,서울특별시,8,79790.37,61343.58,59.9207,84
A10026015,서울특별시,8,79790.37,61343.58,84.4182,95
A10026015,서울특별시,8,79790.37,61343.58,84.6849,90
A10026015,서울특별시,8,79790.37,61343.58,84.9716,158
A10026015,서울특별시,8,79790.37,61343.58,106.511,26
A10026015,서울특별시,8,79790.37,61343.58,106.5162,51
A10026015,서울특별시,8,79790.37,61343.58,110.2586,29
A10026015,서울특별시,8,79790.37,61343.58,133.0453,40
A10026051,서울특별시,11,108161.12,80426.3,49.84,73
A10026051,서울특별시,11,108161.12,80426.3,59.95,46
A10026051,서울특별시,11,108161.12,80426.3,59.97,25
A10026051,서울특별시,11,108161.12,80426.3,84.88,43
A10026051,서울특별시,11,108161.12,80426.3,84.93,194
A10026051,서울특별시,11,108161.12,80426.3,99.92,151
A10026051,서울특별시,11,108161.12,80426.3,112.95,100
A10026051,서울특별시,11,108161.12,80426.3,112.96,24
A10026051,서울특별시,11,108161.12,80426.3,130.92,107
A10026051,서울특별시,11,108161.12,80426.3,130.93,33
A10026051,서울특별시,11,108161.12,80426.3,150.96,33
A10027205,서울특별시,15,206182.86,155508.55,59.95,28
A10027205,서울특별시,15,206182.86,155508.55,59.97,133
A10027205,서울특별시,15,206182.86,155508.55,59.98,162
A10027205,서울특별시,15,206182.86,155508.55,84.94,6
A10027205,서울특별시,15,206182.86,155508.55,84.95,270
A10027205,서울특별시,15,206182.86,155508.55,84.97,236
A10027205,서울특별시,15,206182.86,155508.55,84.98,90
A10027205,서울특별시,15,206182.86,155508.55,84.99,85
A10027205,서울특별시,15,206182.86,155508.55,112.93,108
A10027205,서울특별시,15,206182.86,155508.55,112.96,86
A10027205,서울특별시,15,206182.86,155508.55,112.97,27
A10027205,서울특별시,15,206182.86,155508.55,112.98,32
A10027205,서울특별시,15,206182.86,155508.55,112.99,28
A10027205,서울특별시,15,206182.86,155508.55,129.92,108
A10027205,서울특별시,15,206182.86,155508.55,129.95,17
A10027205,서울특별시,15,206182.86,155508.55,129.96,19
A10027205,서울특별시,15,206182.86,155508.55,129.97,70
A10027205,서울특별시,15,206182.86,155508.55,154.97,29
A10027205,서울특별시,15,206182.86,155508.55,164.39,21
A10027205,서울특별시,15,206182.86,155508.55,168.96,8
A10027205,서울특별시,15,206182.86,155508.55,168.98,16
A10027205,서울특별시,15,206182.86,155508.55,178.94,25
A10027205,서울특별시,15,206182.86,155508.55,200.59,2
A10027205,서울특별시,15,206182.86,155508.55,200.92,2
A10027205,서울특별시,15,206182.86,155508.55,234.8,1
A10027205,서울특별시,15,206182.86,155508.55,234.91,1
A10027205,서울특별시,15,206182.86,155508.55,234.97,2
A13704101,서울특별시,3,27653.094,23008.86,98.64,42
A13704101,서울특별시,3,27653.094,23008.86,142.11,42
A13704101,서울특별시,3,27653.094,23008.86,153.54,84
A13704104,서울특별시,44,520772.94,405926.34,59.971,158
A13704104,서울특별시,44,520772.94,405926.34,59.98,525
A13704104,서울특별시,44,520772.94,405926.34,84.943,724
A13704104,서울특별시,44,520772.94,405926.34,84.982,222
A13704104,서울특별시,44,520772.94,405926.34,84.984,220
A13704104,서울특별시,44,520772.94,405926.34,84.998,197
A13704104,서울특별시,44,520772.94,405926.34,132.179,116
A13704104,서울특별시,44,520772.94,405926.34,132.439,224
A13704104,서울특별시,44,520772.94,405926.34,165.052,116
A13704104,서울특별시,44,520772.94,405926.34,165.446,224
A13704104,서울특별시,44,520772.94,405926.34,194.515,194
A13704104,서울특별시,44,520772.94,405926.34,194.692,102
A13704104,서울특별시,44,520772.94,405926.34,216.49,162
A13704104,서울특별시,44,520772.94,405926.34,244.543,156
A13704104,서울특별시,44,520772.94,405926.34,244.628,35
A13704104,서울특별시,44,520772.94,405926.34,244.972,35
A13704404,서울특별시,8,141619.84,107049.6,84.96,1260
A13770105,서울특별시,3,40711.65,30352.95,59.07,60
A13770105,서울특별시,3,40711.65,30352.95,71.49,375
A13776301,서울특별시,9,123128.94,92869.53,59.993,270
A13776301,서울특별시,9,123128.94,92869.53,59.994,135
A13776301,서울특별시,9,123128.94,92869.53,84.967,392
A13776301,서울특별시,9,123128.94,92869.53,84.972,58
A13776301,서울특별시,9,123128.94,92869.53,106.148,192
A13776301,서울특별시,9,123128.94,92869.53,138.257,68
A13776301,서울특별시,9,123128.94,92869.53,138.725,4
A13776508,서울특별시,3,23544.88,18354.09,50.02,2
A13776508,서울특별시,3,23544.88,18354.09,52.55,2
A13776508,서울특별시,3,23544.88,18354.09,56.16,6
A13776508,서울특별시,3,23544.88,18354.09,58.88,12
A13776508,서울특별시,3,23544.88,18354.09,59.81,19
A13776508,서울특별시,3,23544.88,18354.09,59.91,24
A13776508,서울특별시,3,23544.88,18354.09,80,12
A13776508,서울특별시,3,23544.88,18354.09,84.82,160
A13776509,서울특별시,28,279425.6,279425.6,59.89,230
A13776509,서울특별시,28,279425.6,279425.6,59.96,238
A13776509,서울특별시,28,279425.6,279425.6,59.98,44
A13776509,서울특별시,28,279425.6,279425.6,84.76,52
A13776509,서울특별시,28,279425.6,279425.6,84.85,50
A13776509,서울특별시,28,279425.6,279425.6,84.93,853
A13776509,서울특별시,28,279425.6,279425.6,115.65,56
A13776509,서울특별시,28,279425.6,279425.6,117.12,74
A13776509,서울특별시,28,279425.6,279425.6,135.92,182
A13776509,서울특별시,28,279425.6,279425.6,136.65,28
A13776509,서울특별시,28,279425.6,279425.6,168.65,109
A13776509,서울특별시,28,279425.6,279425.6,169.31,122
A13776509,서울특별시,28,279425.6,279425.6,198.04,152
A13776509,서울특별시,28,279425.6,279425.6,198.22,72
A13776509,서울특별시,28,279425.6,279425.6,222.15,26
A13776509,서울특별시,28,279425.6,279425.6,222.76,156
A13776510,서울특별시,5,42872.67,42872.65,59.7,52
A13776510,서울특별시,5,42872.67,42872.65,59.96,28
A13776510,서울특별시,5,42872.67,42872.65,84.77,105
A13776510,서울특별시,5,42872.67,42872.65,84.8,54
A13776510,서울특별시,5,42872.67,42872.65,155.38,54
A13776510,서울특별시,5,42872.67,42872.65,155.95,104
A13780201,서울특별시,1,17664.36,13431.48,59.82,54
A13780201,서울특별시,1,17664.36,13431.48,83.4,60
A13780201,서울특별시,1,17664.36,13431.48,129.93,40
A13780402,서울특별시,1,22573.8,17403.75,70.38,85
A13780402,서울특별시,1,22573.8,17403.75,81.9,56
A13780402,서울특별시,1,22573.8,17403.75,82.35,83
A13780403,서울특별시,4,50600,39183.78,45.72,56
A13780403,서울특별시,4,50600,39183.78,64.53,154
A13780403,서울특별시,4,50600,39183.78,115,72
A13780403,서울특별시,4,50600,39183.78,118.32,12
A13780403,서울특별시,4,50600,39183.78,137.47,72
A13780403,서울특별시,4,50600,39183.78,147.67,48
A10020303,서울특별시,5,15772.17,1393.95,92.93,15
A10021518,서울특별시,2,35073.24,15408.68,84.32,40
A10021518,서울특별시,2,35073.24,15408.68,84.66,16
A10021518,서울특별시,2,35073.24,15408.68,125.58,70
A10021518,서울특별시,2,35073.24,15408.68,157.56,12
A10021884,서울특별시,3,21042.621,17199.564,134.04,86
A10021884,서울특별시,3,21042.621,17199.564,157.559,36
A10023272,서울특별시,4,29459.84,24996.44,172.27,50
A10023272,서울특별시,4,29459.84,24996.44,198.16,8
A10023272,서울특별시,4,29459.84,24996.44,204.41,70
A10023272,서울특별시,4,29459.84,24996.44,244.48,2
A10024171,서울특별시,8,85597.54,65873.34,54.9954,52
A10024171,서울특별시,8,85597.54,65873.34,59.7463,15
A10024171,서울특별시,8,85597.54,65873.34,59.9609,67
A10024171,서울특별시,8,85597.54,65873.34,74.5971,58
A10024171,서울특별시,8,85597.54,65873.34,74.9939,19
A10024171,서울특별시,8,85597.54,65873.34,84.9386,37
A10024171,서울특별시,8,85597.54,65873.34,84.9712,72
A10024171,서울특별시,8,85597.54,65873.34,84.972,279
A10024171,서울특별시,8,85597.54,65873.34,112.961,56
A10024171,서울특별시,8,85597.54,65873.34,117.9424,3
A10024171,서울특별시,8,85597.54,65873.34,120.8161,2
A10024171,서울특별시,8,85597.54,65873.34,122.9294,74
A10024171,서울특별시,8,85597.54,65873.34,133.8769,18
A10024171,서울특별시,8,85597.54,65873.34,154.7548,2
A10024171,서울특별시,8,85597.54,65873.34,154.937,1
A10024171,서울특별시,8,85597.54,65873.34,162.768,2
A10024171,서울특별시,8,85597.54,65873.34,162.829,1
A10024322,서울특별시,1,12015.94,9415.79,59.98,47
A10024322,서울특별시,1,12015.94,9415.79,84.87,39
A10024322,서울특별시,1,12015.94,9415.79,84.88,5
A10024322,서울특별시,1,12015.94,9415.79,114.46,10
A10024322,서울특별시,1,12015.94,9415.79,114.52,15
A10024857,서울특별시,1,10089.12,7364.48,51.35,10
A10024857,서울특별시,1,10089.12,7364.48,52.18,8
A10024857,서울특별시,1,10089.12,7364.48,55.47,2
A10024857,서울특별시,1,10089.12,7364.48,56.22,8
A10024857,서울특별시,1,10089.12,7364.48,56.34,2
A10024857,서울특별시,1,10089.12,7364.48,56.97,8
A10024857,서울특별시,1,10089.12,7364.48,59.37,8
A10024857,서울특별시,1,10089.12,7364.48,60.12,30
A10024857,서울특별시,1,10089.12,7364.48,62.58,8
A10024857,서울특별시,1,10089.12,7364.48,65.11,2
A10024857,서울특별시,1,10089.12,7364.48,66,2
A10024857,서울특별시,1,10089.12,7364.48,75.26,10
A10024857,서울특별시,1,10089.12,7364.48,77.86,2
A10024857,서울특별시,1,10089.12,7364.48,84.15,2
A10024857,서울특별시,1,10089.12,7364.48,84.45,4
A10024857,서울특별시,1,10089.12,7364.48,84.83,8
A10024857,서울특별시,1,10089.12,7364.48,84.96,2
A10025927,서울특별시,5,37790.22,28413.22,59.905,11
A10025927,서울특별시,5,37790.22,28413.22,59.9775,54
A10025927,서울특별시,5,37790.22,28413.22,59.9938,68
A10025927,서울특별시,5,37790.22,28413.22,84.9152,54
A10025927,서울특별시,5,37790.22,28413.22,84.9383,124
A10025927,서울특별시,5,37790.22,28413.22,126.6211,11
A10025927,서울특별시,5,37790.22,28413.22,126.6226,31
A10027016,서울특별시,3,27368.68,24381.96,164.96,71
A10027016,서울특별시,3,27368.68,24381.96,194.92,65
A10027585,서울특별시,3,15934,14030.797,84.982,26
A10027585,서울특별시,3,15934,14030.797,120.915,52
A10027585,서울특별시,3,15934,14030.797,122.825,25
A10027585,서울특별시,3,15934,14030.797,122.961,10
A10027585,서울특별시,3,15934,14030.797,123.345,10
A13706001,서울특별시,4,52754.5,30197.803,84.74,24
A13706001,서울특별시,4,52754.5,30197.803,124.569,56
A13706001,서울특별시,4,52754.5,30197.803,147.453,1
A13706001,서울특별시,4,52754.5,30197.803,149.225,141
A13706302,서울특별시,4,48696.48,40902.76,102.93,84
A13706302,서울특별시,4,48696.48,40902.76,103.34,88
A13706302,서울특별시,4,48696.48,40902.76,134.36,84
A13706302,서울특별시,4,48696.48,40902.76,134.96,88
A13706303,서울특별시,6,38503.92,30908.23,84.91,298
A13706303,서울특별시,6,38503.92,30908.23,84.92,33
A13706303,서울특별시,6,38503.92,30908.23,84.93,33
A13770801,서울특별시,1,9278.95,7271.55,28.81,5
A13770801,서울특별시,1,9278.95,7271.55,33.73,5
A13770801,서울특별시,1,9278.95,7271.55,39.31,52
A13770801,서울특별시,1,9278.95,7271.55,41.27,1
A13770801,서울특별시,1,9278.95,7271.55,43.93,70
A13770801,서울특별시,1,9278.95,7271.55,45.02,1
A13770801,서울특별시,1,9278.95,7271.55,46.24,1
A13770801,서울특별시,1,9278.95,7271.55,49.99,1
A13770801,서울특별시,1,9278.95,7271.55,57.37,8
A13770801,서울특별시,1,9278.95,7271.55,61.16,6
A13770801,서울특별시,1,9278.95,7271.55,62.75,12
A13770801,서울특별시,1,9278.95,7271.55,78.19,1
A13771001,서울특별시,11,93818.04,74227.9,59.9742,132
A13771001,서울특별시,11,93818.04,74227.9,59.9902,32
A13771001,서울특별시,11,93818.04,74227.9,84.9145,165
A13771001,서울특별시,11,93818.04,74227.9,84.9321,99
A13771001,서울특별시,11,93818.04,74227.9,84.974,65
A13771001,서울특별시,11,93818.04,74227.9,121.6356,50
A13771001,서울특별시,11,93818.04,74227.9,121.6576,53
A13771001,서울특별시,11,93818.04,74227.9,147.7221,118
A13771001,서울특별시,11,93818.04,74227.9,216.2766,30
A13771601,서울특별시,9,48431.54,48431.54,59.94,46
A13771601,서울특별시,9,48431.54,48431.54,59.97,55
A13771601,서울특별시,9,48431.54,48431.54,84.97,215
A13771601,서울특별시,9,48431.54,48431.54,108.28,20
A13771601,서울특별시,9,48431.54,48431.54,121.48,50
A13771601,서울특별시,9,48431.54,48431.54,124.79,40
A13771601,서울특별시,9,48431.54,48431.54,148.56,40
A13771601,서울특별시,9,48431.54,48431.54,164.46,30
A13782601,서울특별시,3,31459.8,25998.416,89.844,84
A13782601,서울특별시,3,31459.8,25998.416,121.0751,60
A13782601,서울특별시,3,31459.8,25998.416,155.2314,24
A13782601,서울특별시,3,31459.8,25998.416,155.4471,48
A13782602,서울특별시,6,85111.46,76743.12,105.04,116
A13782602,서울특별시,6,85111.46,76743.12,105.4,1
A13782602,서울특별시,6,85111.46,76743.12,164.55,52
A13782602,서울특별시,6,85111.46,76743.12,164.97,96
A13782602,서울특별시,6,85111.46,76743.12,185.46,216
A13782803,서울특별시,5,84735.1,47039.63,95.66,74
A13782803,서울특별시,5,84735.1,47039.63,103.7,25
A13782803,서울특별시,5,84735.1,47039.63,120.22,2
A13782803,서울특별시,5,84735.1,47039.63,121.75,2
A13782803,서울특별시,5,84735.1,47039.63,124.27,58
A13782803,서울특별시,5,84735.1,47039.63,148.9,18
A13782803,서울특별시,5,84735.1,47039.63,161.43,2
A13782803,서울특별시,5,84735.1,47039.63,161.59,2
A13782803,서울특별시,5,84735.1,47039.63,168.81,49
A13782803,서울특별시,5,84735.1,47039.63,169.08,49
A13782803,서울특별시,5,84735.1,47039.63,174.89,56
A13782804,서울특별시,10,103848.34,99264.85,78.02,8
A13782804,서울특별시,10,103848.34,99264.85,80.33,76
A13782804,서울특별시,10,103848.34,99264.85,81.39,174
A13782804,서울특별시,10,103848.34,99264.85,81.88,15
A13782804,서울특별시,10,103848.34,99264.85,81.92,1
A13782804,서울특별시,10,103848.34,99264.85,116.13,129
A13782804,서울특별시,10,103848.34,99264.85,116.96,15
A13782804,서울특별시,10,103848.34,99264.85,127.94,66
A13782804,서울특별시,10,103848.34,99264.85,128.5,6
A13782804,서울특별시,10,103848.34,99264.85,131.41,132
A13782804,서울특별시,10,103848.34,99264.85,132.39,12
A13782804,서울특별시,10,103848.34,99264.85,162.77,1
A13782804,서울특별시,10,103848.34,99264.85,168.77,10
A13782804,서울특별시,10,103848.34,99264.85,177.52,44
A13782804,서울특별시,10,103848.34,99264.85,179.08,4
A13782804,서울특별시,10,103848.34,99264.85,181.6,78
A13782804,서울특별시,10,103848.34,99264.85,183.16,8
A13782804,서울특별시,10,103848.34,99264.85,257.11,1
A13782804,서울특별시,10,103848.34,99264.85,257.12,23
A13782902,서울특별시,5,31818,31906.84,133.31,74
A13782902,서울특별시,5,31818,31906.84,158.82,42
A13782902,서울특별시,5,31818,31906.84,158.99,19
A13782902,서울특별시,5,31818,31906.84,159.47,33
A13782902,서울특별시,5,31818,31906.84,186.53,38
A13783001,서울특별시,5,46705,40627.62,198.5315,77
A13783001,서울특별시,5,46705,40627.62,202.4635,30
A13783001,서울특별시,5,46705,40627.62,216.7346,55
A13783001,서울특별시,5,46705,40627.62,244.8796,30
A13783802,서울특별시,1,23804.56,12462.96,28.84,130
A13783802,서울특별시,1,23804.56,12462.96,29.6,234
A13783802,서울특별시,1,23804.56,12462.96,36.63,20
A13783802,서울특별시,1,23804.56,12462.96,37.67,28
A13784102,서울특별시,3,41169.65,33769.54,164.25,111
A13784102,서울특별시,3,41169.65,33769.54,164.38,43
A13784102,서울특별시,3,41169.65,33769.54,188.21,45
A13784401,서울특별시,2,15462.02,15462.02,84.85,13
A13784401,서울특별시,2,15462.02,15462.02,84.94,103
A13784401,서울특별시,2,15462.02,15462.02,124.67,45
A13785001,서울특별시,4,32700.043,22876.3,44.61,38
A13785001,서울특별시,4,32700.043,22876.3,51.84,38
A13785001,서울특별시,4,32700.043,22876.3,65.85,40
A13785001,서울특별시,4,32700.043,22876.3,67.47,40
A13785001,서울특별시,4,32700.043,22876.3,79.8,40
A13785001,서울특별시,4,32700.043,22876.3,82.34,40
A13785001,서울특별시,4,32700.043,22876.3,84,40
A13785001,서울특별시,4,32700.043,22876.3,100.82,40
A13785005,서울특별시,6,50192.72,50195.64,84.78,132
A13785005,서울특별시,6,50192.72,50195.64,136.38,286
A13785008,서울특별시,10,93181.73,78695.6,105.27,1
A13785008,서울특별시,10,93181.73,78695.6,105.63,2
A13785008,서울특별시,10,93181.73,78695.6,105.7,2
A13785008,서울특별시,10,93181.73,78695.6,105.89,3
A13785008,서울특별시,10,93181.73,78695.6,114.09,88
A13785008,서울특별시,10,93181.73,78695.6,114.18,39
A13785008,서울특별시,10,93181.73,78695.6,127.31,100
A13785008,서울특별시,10,93181.73,78695.6,127.61,222
A13785008,서울특별시,10,93181.73,78695.6,136.67,1
A13785008,서울특별시,10,93181.73,78695.6,141.83,1
A13785008,서울특별시,10,93181.73,78695.6,163.31,44
A13785008,서울특별시,10,93181.73,78695.6,174.5,85
A13785201,서울특별시,6,50209.29,40474.24,59.86,47
A13785201,서울특별시,6,50209.29,40474.24,84.94,156
A13785201,서울특별시,6,50209.29,40474.24,114.74,69
A13785201,서울특별시,6,50209.29,40474.24,147.26,112
A13785203,서울특별시,8,53760.11,53760.11,59.94,262
A13785203,서울특별시,8,53760.11,53760.11,84.96,224
A13785203,서울특별시,8,53760.11,53760.11,114.78,108
A13785203,서울특별시,8,53760.11,53760.11,124.81,11
A13785203,서울특별시,8,53760.11,53760.11,134.76,39
A13785301,서울특별시,9,32487.49,26244.34,59.9,73
A13785301,서울특별시,9,32487.49,26244.34,84.91,152
A13785301,서울특별시,9,32487.49,26244.34,114.94,78
A13785302,서울특별시,9,55656.2,44492.28,80.2,144
A13785302,서울특별시,9,55656.2,44492.28,84.95,72
A13785302,서울특별시,9,55656.2,44492.28,84.99,84
A13785302,서울특별시,9,55656.2,44492.28,117.19,168
A10020535,서울특별시,1,14332.97,7459,34.67,2
A10020535,서울특별시,1,14332.97,7459,43.77,1
A10020535,서울특별시,1,14332.97,7459,55.25,1
A10020535,서울특별시,1,14332.97,7459,55.59,11
A10020535,서울특별시,1,14332.97,7459,56,9
A10020535,서울특별시,1,14332.97,7459,68.21,44
A10020535,서울특별시,1,14332.97,7459,71.9,11
A10020535,서울특별시,1,14332.97,7459,72.47,9
A10020535,서울특별시,1,14332.97,7459,81.58,1
A10020535,서울특별시,1,14332.97,7459,82.46,20
A10021305,서울특별시,1,23165.18,17700.3,100.06,4
A10021305,서울특별시,1,23165.18,17700.3,110.52,4
A10021305,서울특별시,1,23165.18,17700.3,116.04,36
A10021305,서울특별시,1,23165.18,17700.3,144.26,4
A10021305,서울특별시,1,23165.18,17700.3,156.75,4
A10021305,서울특별시,1,23165.18,17700.3,163.95,70
A10021789,서울특별시,2,15840.89,6955.36,59.95,58
A10021789,서울특별시,2,15840.89,6955.36,59.97,58
A10021828,서울특별시,2,16730.07,16730.73,95.33,2
A10021828,서울특별시,2,16730.07,16730.73,99.23,4
A10021828,서울특별시,2,16730.07,16730.73,101.73,2
A10021828,서울특별시,2,16730.07,16730.73,114.2,1
A10021828,서울특별시,2,16730.07,16730.73,125.58,2
A10021828,서울특별시,2,16730.07,16730.73,127.67,2
A10021828,서울특별시,2,16730.07,16730.73,129.66,2
A10021828,서울특별시,2,16730.07,16730.73,130.66,2
A10021828,서울특별시,2,16730.07,16730.73,131.99,1
A10021828,서울특별시,2,16730.07,16730.73,138.97,14
A10021828,서울특별시,2,16730.07,16730.73,150.09,2
A10021828,서울특별시,2,16730.07,16730.73,150.56,2
A10021828,서울특별시,2,16730.07,16730.73,152.86,2
A10021828,서울특별시,2,16730.07,16730.73,161.12,1
A10021828,서울특별시,2,16730.07,16730.73,162.41,36
A10021828,서울특별시,2,16730.07,16730.73,164.05,27
A10021828,서울특별시,2,16730.07,16730.73,170.22,1
A10021828,서울특별시,2,16730.07,16730.73,172.33,7
A10022209,서울특별시,3,39517.047,27232.45,162.73,1
A10022209,서울특별시,3,39517.047,27232.45,164.19,1
A10022209,서울특별시,3,39517.047,27232.45,164.33,3
A10022209,서울특별시,3,39517.047,27232.45,164.36,2
A10022209,서울특별시,3,39517.047,27232.45,164.64,2
A10022209,서울특별시,3,39517.047,27232.45,164.73,1
A10022209,서울특별시,3,39517.047,27232.45,176.24,30
A10022209,서울특별시,3,39517.047,27232.45,181.5,16
A10022209,서울특별시,3,39517.047,27232.45,184.46,1
A10022209,서울특별시,3,39517.047,27232.45,185.05,1
A10022209,서울특별시,3,39517.047,27232.45,188.15,1
A10022209,서울특별시,3,39517.047,27232.45,189.81,33
A10022209,서울특별시,3,39517.047,27232.45,197.79,30
A10022209,서울특별시,3,39517.047,27232.45,243.66,1
A10022209,서울특별시,3,39517.047,27232.45,243.9,2
A10022209,서울특별시,3,39517.047,27232.45,244.02,3
A10022209,서울특별시,3,39517.047,27232.45,244.25,2
A10022209,서울특별시,3,39517.047,27232.45,244.28,1
A10022209,서울특별시,3,39517.047,27232.45,244.36,1
A10022209,서울특별시,3,39517.047,27232.45,244.6,1
A10022209,서울특별시,3,39517.047,27232.45,244.69,4
A10022209,서울특별시,3,39517.047,27232.45,244.83,2
A10022209,서울특별시,3,39517.047,27232.45,244.87,1
A10022209,서울특별시,3,39517.047,27232.45,244.97,1
A10022474,서울특별시,3,18516.97,15264.84,62.85,2
A10022474,서울특별시,3,18516.97,15264.84,78.45,1
A10022474,서울특별시,3,18516.97,15264.84,84.99,27
A10022474,서울특별시,3,18516.97,15264.84,109.29,1
A10022474,서울특별시,3,18516.97,15264.84,116.72,1
A10022474,서울특별시,3,18516.97,15264.84,117.87,3
A10022474,서울특별시,3,18516.97,15264.84,123.75,10
A10022474,서울특별시,3,18516.97,15264.84,125.79,80
A10022474,서울특별시,3,18516.97,15264.84,126.52,7
A10022623,서울특별시,1,14853.8,8687.6,44.5,8
A10022623,서울특별시,1,14853.8,8687.6,57.88,8
A10022623,서울특별시,1,14853.8,8687.6,64.05,8
A10022623,서울특별시,1,14853.8,8687.6,81.97,40
A10022623,서울특별시,1,14853.8,8687.6,84.92,24
A10022623,서울특별시,1,14853.8,8687.6,84.97,24
A10023049,서울특별시,1,14070.299,8248.124,17.9068,6
A10023049,서울특별시,1,14070.299,8248.124,23.7728,76
A10023049,서울특별시,1,14070.299,8248.124,23.8517,2
A10023049,서울특별시,1,14070.299,8248.124,23.9228,32
A10023049,서울특별시,1,14070.299,8248.124,23.9793,17
A10023049,서울특별시,1,14070.299,8248.124,23.9826,34
A10023049,서울특별시,1,14070.299,8248.124,30.9661,17
A10023049,서울특별시,1,14070.299,8248.124,30.9904,17
A10023049,서울특별시,1,14070.299,8248.124,36.6398,16
A10023049,서울특별시,1,14070.299,8248.124,36.7828,17
A10023049,서울특별시,1,14070.299,8248.124,36.9571,38
A10023049,서울특별시,1,14070.299,8248.124,36.9698,17
A10023694,서울특별시,1,10979.75,6331.99,32.66,30
A10023694,서울특별시,1,10979.75,6331.99,45.62,17
A10023694,서울특별시,1,10979.75,6331.99,46.28,17
A10023694,서울특별시,1,10979.75,6331.99,50.28,17
A10023694,서울특별시,1,10979.75,6331.99,65.32,26
A10023694,서울특별시,1,10979.75,6331.99,66.99,17
A10023694,서울특별시,1,10979.75,6331.99,97.98,1
A10024156,서울특별시,1,13253.45,5399.8,16.63,230
A10024156,서울특별시,1,13253.45,5399.8,30.89,30
A10024156,서울특별시,1,13253.45,5399.8,32.41,20
A10024240,서울특별시,9,161283.61,121757.7,59.98,368
A10024240,서울특별시,9,161283.61,121757.7,59.99,68
A10024240,서울특별시,9,161283.61,121757.7,74.91,34
A10024240,서울특별시,9,161283.61,121757.7,74.98,68
A10024240,서울특별시,9,161283.61,121757.7,84.51,331
A10024240,서울특별시,9,161283.61,121757.7,84.84,39
A10024240,서울특별시,9,161283.61,121757.7,84.87,48
A10024240,서울특별시,9,161283.61,121757.7,90.72,30
A10024240,서울특별시,9,161283.61,121757.7,90.97,9
A10024240,서울특별시,9,161283.61,121757.7,100.31,222
A10024240,서울특별시,9,161283.61,121757.7,100.41,32
A10024240,서울특별시,9,161283.61,121757.7,115.71,4
A10024240,서울특별시,9,161283.61,121757.7,115.99,4
A10024240,서울특별시,9,161283.61,121757.7,119.41,186
A10024240,서울특별시,9,161283.61,121757.7,148.5,3
A10024552,서울특별시,12,161889.22,117457.03,59.96,58
A10024552,서울특별시,12,161889.22,117457.03,59.97,244
A10024552,서울특별시,12,161889.22,117457.03,74.9,32
A10024552,서울특별시,12,161889.22,117457.03,74.93,48
A10024552,서울특별시,12,161889.22,117457.03,83.12,24
A10024552,서울특별시,12,161889.22,117457.03,84.93,145
A10024552,서울특별시,12,161889.22,117457.03,84.94,368
A10024552,서울특별시,12,161889.22,117457.03,84.97,27
A10024552,서울특별시,12,161889.22,117457.03,114.7,83
A10024552,서울특별시,12,161889.22,117457.03,114.94,203
A10024552,서울특별시,12,161889.22,117457.03,135.02,27
A10024552,서울특별시,12,161889.22,117457.03,135.83,34
A10024552,서울특별시,12,161889.22,117457.03,178.68,22
A10024552,서울특별시,12,161889.22,117457.03,205.02,1
A10024552,서울특별시,12,161889.22,117457.03,238.73,1
A10024574,서울특별시,2,33541.33,25607.58,80.5004,32
A10024574,서울특별시,2,33541.33,25607.58,80.5098,31
A10024574,서울특별시,2,33541.33,25607.58,80.5154,128
A10024574,서울특별시,2,33541.33,25607.58,80.5332,95
A10024574,서울특별시,2,33541.33,25607.58,80.5981,32
A10024987,서울특별시,2,14415.54,11774.7,84.9,96
A10024987,서울특별시,2,14415.54,11774.7,120.81,30
A10025375,서울특별시,1,4774.4365,2477.95,14.1,96
A10025375,서울특별시,1,4774.4365,2477.95,15.64,6
A10025375,서울특별시,1,4774.4365,2477.95,17.9,7
A10025375,서울특별시,1,4774.4365,2477.95,18.25,13
A10025375,서울특별시,1,4774.4365,2477.95,19.59,6
A10025375,서울특별시,1,4774.4365,2477.95,21.12,13
A10025375,서울특별시,1,4774.4365,2477.95,21.22,13
A10026411,서울특별시,5,70432.23,53298.55,59.36,47
A10026411,서울특별시,5,70432.23,53298.55,59.5,44
A10026411,서울특별시,5,70432.23,53298.55,84.17,61
A10026411,서울특별시,5,70432.23,53298.55,84.8,173
A10026411,서울특별시,5,70432.23,53298.55,84.96,112
A10026411,서울특별시,5,70432.23,53298.55,111.01,56
A10026411,서울특별시,5,70432.23,53298.55,111.89,31
A10026411,서울특별시,5,70432.23,53298.55,111.95,17
A10026411,서울특별시,5,70432.23,53298.55,134.27,52
A10026941,서울특별시,7,105109.4,78715.01,59.62,66
A10026941,서울특별시,7,105109.4,78715.01,59.92,116
A10026941,서울특별시,7,105109.4,78715.01,59.95,10
A10026941,서울특별시,7,105109.4,78715.01,74.93,52
A10026941,서울특별시,7,105109.4,78715.01,74.96,56
A10026941,서울특별시,7,105109.4,78715.01,84.93,116
A10026941,서울특별시,7,105109.4,78715.01,84.95,164
A10026941,서울특별시,7,105109.4,78715.01,97.7,47
A10026941,서울특별시,7,105109.4,78715.01,97.94,23
A10026941,서울특별시,7,105109.4,78715.01,104.11,42
A10026941,서울특별시,7,105109.4,78715.01,104.19,23
A10026941,서울특별시,7,105109.4,78715.01,104.4,86
A10026941,서울특별시,7,105109.4,78715.01,111.52,6
A10026941,서울특별시,7,105109.4,78715.01,120.86,58
A10026941,서울특별시,7,105109.4,78715.01,120.98,42
A10026972,서울특별시,3,23154.04,19263.58,127.82,2
A10026972,서울특별시,3,23154.04,19263.58,131.58,1
A10026972,서울특별시,3,23154.04,19263.58,132.27,1
A10026972,서울특별시,3,23154.04,19263.58,137.46,1
A10026972,서울특별시,3,23154.04,19263.58,156.53,9
A10026972,서울특별시,3,23154.04,19263.58,159.7,1
A10026972,서울특별시,3,23154.04,19263.58,163.67,1
A10026972,서울특별시,3,23154.04,19263.58,164.74,13
A10026972,서울특별시,3,23154.04,19263.58,164.8,35
A10026972,서울특별시,3,23154.04,19263.58,164.82,1
A10026972,서울특별시,3,23154.04,19263.58,164.83,13
A10026972,서울특별시,3,23154.04,19263.58,164.98,17
A10026972,서울특별시,3,23154.04,19263.58,192.63,20
A10027221,서울특별시,4,49460.5,37482.26,59.99,85
A10027221,서울특별시,4,49460.5,37482.26,83.6,187
A10027221,서울특별시,4,49460.5,37482.26,83.99,24
A10027221,서울특별시,4,49460.5,37482.26,101.55,60
A10027221,서울특별시,4,49460.5,37482.26,121.99,1
A10027221,서울특별시,4,49460.5,37482.26,125.79,31
A10027221,서울특별시,4,49460.5,37482.26,134.99,1
A10027221,서울특별시,4,49460.5,37482.26,139.99,31
A10027221,서울특별시,4,49460.5,37482.26,144.99,1
A10028146,서울특별시,3,37539.24,29178.8,84.97,172
A10028146,서울특별시,3,37539.24,29178.8,119.13,52
A10028146,서울특별시,3,37539.24,29178.8,149.45,56
A13707002,서울특별시,2,16868.166,13208.78,71.1,64
A13707002,서울특별시,2,16868.166,13208.78,84.38,13
A13707002,서울특별시,2,16868.166,13208.78,84.96,89
A13707003,서울특별시,1,11417.03,8543.82,21.057,1
A13707003,서울특별시,1,11417.03,8543.82,21.902,1
A13707003,서울특별시,1,11417.03,8543.82,22.659,1
A13707003,서울특별시,1,11417.03,8543.82,26.947,7
A13707003,서울특별시,1,11417.03,8543.82,28.549,1
A13707003,서울특별시,1,11417.03,8543.82,29.841,1
A13707003,서울특별시,1,11417.03,8543.82,32.355,1
A13707003,서울특별시,1,11417.03,8543.82,32.647,8
A13707003,서울특별시,1,11417.03,8543.82,33.492,2
A13707003,서울특별시,1,11417.03,8543.82,34.439,3
A13707003,서울특별시,1,11417.03,8543.82,35.307,84
A13707003,서울특별시,1,11417.03,8543.82,37.777,56
A13707003,서울특별시,1,11417.03,8543.82,45.082,1
A13707003,서울특별시,1,11417.03,8543.82,45.339,4
A13707003,서울특별시,1,11417.03,8543.82,45.692,12
A13707003,서울특별시,1,11417.03,8543.82,50.212,7
A13707003,서울특별시,1,11417.03,8543.82,59.717,1
A13707003,서울특별시,1,11417.03,8543.82,59.921,12
A13707003,서울특별시,1,11417.03,8543.82,65.088,12
A13707006,서울특별시,1,24578.8,13588.9,25.98,1
A13707006,서울특별시,1,24578.8,13588.9,29.76,6
A13707006,서울특별시,1,24578.8,13588.9,30.66,2
A13707006,서울특별시,1,24578.8,13588.9,31.86,1
A13707006,서울특별시,1,24578.8,13588.9,32.74,7
A13707006,서울특별시,1,24578.8,13588.9,33.54,15
A13707006,서울특별시,1,24578.8,13588.9,34.02,1
A13707006,서울특별시,1,24578.8,13588.9,35.02,2
A13707006,서울특별시,1,24578.8,13588.9,36.46,2
A13707006,서울특별시,1,24578.8,13588.9,36.48,7
A13707006,서울특별시,1,24578.8,13588.9,39.9,1
A13707006,서울특별시,1,24578.8,13588.9,40.26,20
A13707006,서울특별시,1,24578.8,13588.9,41.7,1
A13707006,서울특별시,1,24578.8,13588.9,41.94,6
A13707006,서울특별시,1,24578.8,13588.9,42.16,2
A13707006,서울특별시,1,24578.8,13588.9,42.21,4
A13707006,서울특별시,1,24578.8,13588.9,45.1,2
A13707006,서울특별시,1,24578.8,13588.9,45.72,28
A13707006,서울특별시,1,24578.8,13588.9,48.2,2
A13707006,서울특별시,1,24578.8,13588.9,48.96,12
A13707006,서울특별시,1,24578.8,13588.9,49.79,8
A13707006,서울특별시,1,24578.8,13588.9,49.92,150
A13707006,서울특별시,1,24578.8,13588.9,52.68,2
A13707006,서울특별시,1,24578.8,13588.9,55.32,1
A13707006,서울특별시,1,24578.8,13588.9,56.43,1
A13707006,서울특별시,1,24578.8,13588.9,56.46,2
A13707006,서울특별시,1,24578.8,13588.9,60.24,2
A13707006,서울특별시,1,24578.8,13588.9,60.67,1
A13707006,서울특별시,1,24578.8,13588.9,67.14,1
A13707006,서울특별시,1,24578.8,13588.9,68.73,2
A13707006,서울특별시,1,24578.8,13588.9,78.58,1
A13707009,서울특별시,3,43456.81,32815.715,59.9958,84
A13707009,서울특별시,3,43456.81,32815.715,84.9571,139
A13707009,서울특별시,3,43456.81,32815.715,84.9722,20
A13707009,서울특별시,3,43456.81,32815.715,95.658,31
A13707009,서울특별시,3,43456.81,32815.715,95.7555,60
A13707009,서울특별시,3,43456.81,32815.715,95.8079,58
A13707010,서울특별시,1,36406.906,20329.37,34.052,16
A13707010,서울특별시,1,36406.906,20329.37,35.383,16
A13707010,서울특별시,1,36406.906,20329.37,36.599,16
A13707010,서울특별시,1,36406.906,20329.37,36.838,16
A13707010,서울특별시,1,36406.906,20329.37,41.999,6
A13707010,서울특별시,1,36406.906,20329.37,42,16
A13707010,서울특별시,1,36406.906,20329.37,43.624,6
A13707010,서울특별시,1,36406.906,20329.37,43.625,16
A13707010,서울특별시,1,36406.906,20329.37,44.447,16
A13707010,서울특별시,1,36406.906,20329.37,45.253,6
A13707010,서울특별시,1,36406.906,20329.37,45.254,16
A13707010,서울특별시,1,36406.906,20329.37,45.255,160
A13707010,서울특별시,1,36406.906,20329.37,46.349,1
A13707010,서울특별시,1,36406.906,20329.37,46.35,4
A13707010,서울특별시,1,36406.906,20329.37,47.356,6
A13707010,서울특별시,1,36406.906,20329.37,47.357,16
A13707010,서울특별시,1,36406.906,20329.37,49.744,6
A13707010,서울특별시,1,36406.906,20329.37,49.745,15
A13707010,서울특별시,1,36406.906,20329.37,50.189,6
A13707010,서울특별시,1,36406.906,20329.37,50.19,16
A13707010,서울특별시,1,36406.906,20329.37,50.399,2
A13707010,서울특별시,1,36406.906,20329.37,50.4,6
A13707010,서울특별시,1,36406.906,20329.37,51.748,1
A13707010,서울특별시,1,36406.906,20329.37,51.75,3
A13707010,서울특별시,1,36406.906,20329.37,56.344,15
A13707010,서울특별시,1,36406.906,20329.37,58.601,15
A13707010,서울특별시,1,36406.906,20329.37,60.65,1
A13707010,서울특별시,1,36406.906,20329.37,66.415,21
A13707016,서울특별시,6,54086.56,41190.12,59.9,86
A13707016,서울특별시,6,54086.56,41190.12,59.93,4
A13707016,서울특별시,6,54086.56,41190.12,84.68,23
A13707016,서울특별시,6,54086.56,41190.12,84.93,22
A13707016,서울특별시,6,54086.56,41190.12,84.94,6
A13707016,서울특별시,6,54086.56,41190.12,84.97,126
A13707016,서울특별시,6,54086.56,41190.12,110.32,80
A13707016,서울특별시,6,54086.56,41190.12,131.16,40
A13707016,서울특별시,6,54086.56,41190.12,136.44,40
A13707016,서울특별시,6,54086.56,41190.12,149.6,2
A13707016,서울특별시,6,54086.56,41190.12,150.83,2
A13707016,서울특별시,6,54086.56,41190.12,151.55,2
A13707016,서울특별시,6,54086.56,41190.12,157.13,1
A13707016,서울특별시,6,54086.56,41190.12,176.35,1
A13707019,서울특별시,1,10521.28,7919.63,42.55,30
A13707019,서울특별시,1,10521.28,7919.63,47.87,17
A13707019,서울특별시,1,10521.28,7919.63,84.86,30
A13707019,서울특별시,1,10521.28,7919.63,126.29,26
A13707203,서울특별시,1,9792.51,6910.2544,27.643,24
A13707203,서울특별시,1,9792.51,6910.2544,28.666,12
A13707203,서울특별시,1,9792.51,6910.2544,34.4237,32
A13707203,서울특별시,1,9792.51,6910.2544,35.903,120
A13707203,서울특별시,1,9792.51,6910.2544,41.076,12
A13770607,서울특별시,2,30637.979,25476.64,158.24,161
A13770608,서울특별시,2,29917.56,23707.5,136.25,174
A13770609,서울특별시,4,202346.31,118181.34,147.86,88
A13770609,서울특별시,4,202346.31,118181.34,153.93,88
A13770609,서울특별시,4,202346.31,118181.34,164.87,142
A13770609,서울특별시,4,202346.31,118181.34,185.02,88
A13770609,서울특별시,4,202346.31,118181.34,205.67,56
A13770609,서울특별시,4,202346.31,118181.34,214.92,58
A13770609,서울특별시,4,202346.31,118181.34,216.16,71
A13770609,서울특별시,4,202346.31,118181.34,223.72,24
A13770609,서울특별시,4,202346.31,118181.34,239.22,20
A13770609,서울특별시,4,202346.31,118181.34,244.66,10
A13770610,서울특별시,4,33067.4,26369.533,144.3141,56
A13770610,서울특별시,4,33067.4,26369.533,165.5725,104
A13770610,서울특별시,4,33067.4,26369.533,267.1009,4
A13770611,서울특별시,1,35900.04,19386.62,36.66,220
A13770611,서울특별시,1,35900.04,19386.62,43.2,66
A13770611,서울특별시,1,35900.04,19386.62,45.96,132
A13770611,서울특별시,1,35900.04,19386.62,50.77,22
A13770611,서울특별시,1,35900.04,19386.62,58.48,22
A13772801,서울특별시,2,30367.008,23750.52,53.01,60
A13772801,서울특별시,2,30367.008,23750.52,54.45,45
A13772801,서울특별시,2,30367.008,23750.52,59.4,15
A13772801,서울특별시,2,30367.008,23750.52,63.45,8
A13772801,서울특별시,2,30367.008,23750.52,84.69,16
A13772801,서울특별시,2,30367.008,23750.52,84.78,64
A13772801,서울특별시,2,30367.008,23750.52,84.81,16
A13772801,서울특별시,2,30367.008,23750.52,84.99,1
A13772801,서울특별시,2,30367.008,23750.52,114.84,74
A13775102,서울특별시,1,26867.53,15257.38,35.17,33
A13775102,서울특별시,1,26867.53,15257.38,35.22,243
A13775102,서울특별시,1,26867.53,15257.38,35.23,3
A13775102,서울특별시,1,26867.53,15257.38,48.19,4
A13775102,서울특별시,1,26867.53,15257.38,51.08,6
A13775102,서울특별시,1,26867.53,15257.38,52.81,2
A13775102,서울특별시,1,26867.53,15257.38,52.83,20
A13775102,서울특별시,1,26867.53,15257.38,52.84,2
A13775102,서울특별시,1,26867.53,15257.38,70.49,52
A13785604,서울특별시,7,80578.516,74760.9,101.32,315
A13785604,서울특별시,7,80578.516,74760.9,131.04,90
A13785604,서울특별시,7,80578.516,74760.9,131.07,90
A13785604,서울특별시,7,80578.516,74760.9,160.46,120
A13785607,서울특별시,15,98785.4,98785.4,74.3,214
A13785607,서울특별시,15,98785.4,98785.4,84.98,346
A13785607,서울특별시,15,98785.4,98785.4,120.18,294
A13785607,서울특별시,15,98785.4,98785.4,133.45,136
A13785705,서울특별시,2,42988.42,32302.12,57.26,20
A13785705,서울특별시,2,42988.42,32302.12,59.93,168
A13785705,서울특별시,2,42988.42,32302.12,76.67,72
A13785705,서울특별시,2,42988.42,32302.12,84.93,88
A13785705,서울특별시,2,42988.42,32302.12,134.91,60
A13786601,서울특별시,4,30247.24,24307.21,84.98,17
A13786601,서울특별시,4,30247.24,24307.21,116.85,45
A13786601,서울특별시,4,30247.24,24307.21,133.47,36
A13786601,서울특별시,4,30247.24,24307.21,148.83,86
A13786606,서울특별시,3,46593.01,36102.47,30.39,40
A13786606,서울특별시,3,46593.01,36102.47,33.06,64
A13786606,서울특별시,3,46593.01,36102.47,97.53,26
A13786606,서울특별시,3,46593.01,36102.47,118.63,4
A13786606,서울특별시,3,46593.01,36102.47,136.02,51
A13786606,서울특별시,3,46593.01,36102.47,141.75,24
A13786606,서울특별시,3,46593.01,36102.47,146.18,18
A13786606,서울특별시,3,46593.01,36102.47,152.95,52
A13786606,서울특별시,3,46593.01,36102.47,152.99,23
A13786606,서울특별시,3,46593.01,36102.47,186.72,18
A13786606,서울특별시,3,46593.01,36102.47,188.53,2
A13786606,서울특별시,3,46593.01,36102.47,212.28,3
A13786606,서울특별시,3,46593.01,36102.47,235.86,4
A13786704,서울특별시,2,24896.71,19223.98,84.99,66
A13786704,서울특별시,2,24896.71,19223.98,85,23
A13786704,서울특별시,2,24896.71,19223.98,95.86,10
A13786704,서울특별시,2,24896.71,19223.98,95.88,13
A13786704,서울특별시,2,24896.71,19223.98,115.3,82
A13786901,서울특별시,2,24436.365,20101.62,130.53,154
A13787102,서울특별시,3,16995.275,16997.336,84.67,43
A13787102,서울특별시,3,16995.275,16997.336,94.607,8
A13787102,서울특별시,3,16995.275,16997.336,102.427,10
A13787102,서울특별시,3,16995.275,16997.336,116.745,75
A13787102,서울특별시,3,16995.275,16997.336,119.055,3
A13787102,서울특별시,3,16995.275,16997.336,123.118,20
A13787105,서울특별시,2,30876.49,23639.68,59.52,84
A13787105,서울특별시,2,30876.49,23639.68,99.06,40
A13787105,서울특별시,2,30876.49,23639.68,99.09,70
A13787105,서울특별시,2,30876.49,23639.68,110.59,70
A13788002,서울특별시,5,33458.273,33458.273,62.05,57
A13788002,서울특별시,5,33458.273,33458.273,74.13,12
A13788002,서울특별시,5,33458.273,33458.273,84.33,149
A13788002,서울특별시,5,33458.273,33458.273,84.335,1
A13788002,서울특별시,5,33458.273,33458.273,84.34,149
A13788002,서울특별시,5,33458.273,33458.273,84.79,30
A13788002,서울특별시,5,33458.273,33458.273,84.8,15
A13788003,서울특별시,3,40968.74,32190.03,84.89,16
A13788003,서울특별시,3,40968.74,32190.03,84.97,123
A13788003,서울특별시,3,40968.74,32190.03,121.66,128
A13788003,서울특별시,3,40968.74,32190.03,150.25,32
A13788201,서울특별시,3,20033.71,16081.08,52.36,19
A13788201,서울특별시,3,20033.71,16081.08,55.17,1
A13788201,서울특별시,3,20033.71,16081.08,64.26,14
A13788201,서울특별시,3,20033.71,16081.08,67.83,1
A13788201,서울특별시,3,20033.71,16081.08,84.33,1
A13788201,서울특별시,3,20033.71,16081.08,84.78,1
A13788201,서울특별시,3,20033.71,16081.08,84.95,10
A13788201,서울특별시,3,20033.71,16081.08,84.96,25
A13788201,서울특별시,3,20033.71,16081.08,84.98,1
A13788201,서울특별시,3,20033.71,16081.08,84.99,17
A13788201,서울특별시,3,20033.71,16081.08,105.75,1
A13788201,서울특별시,3,20033.71,16081.08,116.49,16
A13788201,서울특별시,3,20033.71,16081.08,140.03,53
A13788203,서울특별시,4,70214.9,50051,84.82,446
A13788203,서울특별시,4,70214.9,50051,84.87,144
A13788206,서울특별시,3,124600.21,124600.21,101.81,6
A13788206,서울특별시,3,124600.21,124600.21,123.4,10
A13788206,서울특별시,3,124600.21,124600.21,134.97,20
A13788206,서울특별시,3,124600.21,124600.21,137.98,37
A13788206,서울특별시,3,124600.21,124600.21,138.96,114
A13788206,서울특별시,3,124600.21,124600.21,149.08,34
A13788206,서울특별시,3,124600.21,124600.21,149.17,72
A13788206,서울특별시,3,124600.21,124600.21,149.84,29
A13788206,서울특별시,3,124600.21,124600.21,151.61,29
A13788206,서울특별시,3,124600.21,124600.21,152.33,41
A13788206,서울특별시,3,124600.21,124600.21,161.94,26
A13788206,서울특별시,3,124600.21,124600.21,164.21,44
A13788206,서울특별시,3,124600.21,124600.21,165.27,26
A13788206,서울특별시,3,124600.21,124600.21,172.28,8
A13788206,서울특별시,3,124600.21,124600.21,172.94,4
A13788206,서울특별시,3,124600.21,124600.21,174.78,72
A13788206,서울특별시,3,124600.21,124600.21,177.15,43
A13788206,서울특별시,3,124600.21,124600.21,200.18,4
A13788206,서울특별시,3,124600.21,124600.21,205.07,71
A13788206,서울특별시,3,124600.21,124600.21,207.1,8
A13788206,서울특별시,3,124600.21,124600.21,220.55,45
A13788206,서울특별시,3,124600.21,124600.21,238.62,7
A13788206,서울특별시,3,124600.21,124600.21,242.26,7
A13788208,서울특별시,13,157003.22,119018.09,84.95,234
A13788208,서울특별시,13,157003.22,119018.09,84.97,108
A13788208,서울특별시,13,157003.22,119018.09,96.87,84
A13788208,서울특별시,13,157003.22,119018.09,111.32,418
A13788208,서울특별시,13,157003.22,119018.09,111.92,54
A13788208,서울특별시,13,157003.22,119018.09,126.31,177
A13788208,서울특별시,13,157003.22,119018.09,127.66,54
A13792001,서울특별시,24,368534.8,279524.84,79.47,1049
A13792001,서울특별시,24,368534.8,279524.84,130.23,186
A13792001,서울특별시,24,368534.8,279524.84,130.73,540
A13792001,서울특별시,24,368534.8,279524.84,163.81,240
A13792001,서울특별시,24,368534.8,279524.84,165.36,44
A13792001,서울특별시,24,368534.8,279524.84,165.92,330
A13792306,서울특별시,3,54028.52,29623.24,73.42,10
A13792306,서울특별시,3,54028.52,29623.24,81.76,34
A13792306,서울특별시,3,54028.52,29623.24,87.97,1
A13792306,서울특별시,3,54028.52,29623.24,92.77,10
A13792306,서울특별시,3,54028.52,29623.24,95.58,22
A13792306,서울특별시,3,54028.52,29623.24,106.45,2
A13792306,서울특별시,3,54028.52,29623.24,107.69,10
A13792306,서울특별시,3,54028.52,29623.24,111.79,2
A13792306,서울특별시,3,54028.52,29623.24,116.3,12
A13792306,서울특별시,3,54028.52,29623.24,117.98,12
A13792306,서울특별시,3,54028.52,29623.24,121.71,11
A13792306,서울특별시,3,54028.52,29623.24,123.16,1
A13792306,서울특별시,3,54028.52,29623.24,123.5,1
A13792306,서울특별시,3,54028.52,29623.24,124.98,2
A13792306,서울특별시,3,54028.52,29623.24,125.41,12
A13792306,서울특별시,3,54028.52,29623.24,126.56,14
A13792306,서울특별시,3,54028.52,29623.24,129.17,1
A13792306,서울특별시,3,54028.52,29623.24,131.9,1
A13792306,서울특별시,3,54028.52,29623.24,132.79,14
A13792306,서울특별시,3,54028.52,29623.24,133.05,65
A13792306,서울특별시,3,54028.52,29623.24,133.5,2
A13792306,서울특별시,3,54028.52,29623.24,134.78,12
A13792306,서울특별시,3,54028.52,29623.24,147.24,2
A13792306,서울특별시,3,54028.52,29623.24,147.76,2
A13792306,서울특별시,3,54028.52,29623.24,155.55,2
A10028046,서울특별시,9,33135.5,24753.83,84.95,100
A10028046,서울특별시,9,33135.5,24753.83,84.99,27
A10028046,서울특별시,9,33135.5,24753.83,101.9,66
A10028046,서울특별시,9,33135.5,24753.83,114.9,63
A10028105,서울특별시,11,70339.43,30995.31,39.55,10
A10028105,서울특별시,11,70339.43,30995.31,39.65,100
A10028105,서울특별시,11,70339.43,30995.31,39.82,2
A10028105,서울특별시,11,70339.43,30995.31,39.99,34
A10028105,서울특별시,11,70339.43,30995.31,49.34,68
A10028105,서울특별시,11,70339.43,30995.31,49.51,20
A10028105,서울특별시,11,70339.43,30995.31,49.75,47
A10028105,서울특별시,11,70339.43,30995.31,49.9,5
A10028105,서울특별시,11,70339.43,30995.31,49.96,25
A10028105,서울특별시,11,70339.43,30995.31,49.98,31
A10028105,서울특별시,11,70339.43,30995.31,54.84,39
A10028105,서울특별시,11,70339.43,30995.31,54.97,42
A10028105,서울특별시,11,70339.43,30995.31,59.93,45
A10028105,서울특별시,11,70339.43,30995.31,59.98,64
A10028105,서울특별시,11,70339.43,30995.31,84.33,28
A10028105,서울특별시,11,70339.43,30995.31,84.79,25
A13716001,서울특별시,10,41430.76,17835.75,49.39,168
A13716001,서울특별시,10,41430.76,17835.75,59.57,10
A13716001,서울특별시,10,41430.76,17835.75,59.81,18
A13716001,서울특별시,10,41430.76,17835.75,59.89,3
A13716001,서울특별시,10,41430.76,17835.75,59.92,13
A13716001,서울특별시,10,41430.76,17835.75,59.94,42
A13716001,서울특별시,10,41430.76,17835.75,59.98,7
A13716001,서울특별시,10,41430.76,17835.75,74.9,18
A13716001,서울특별시,10,41430.76,17835.75,84.33,12
A13716001,서울특별시,10,41430.76,17835.75,84.6,5
A13716001,서울특별시,10,41430.76,17835.75,84.67,2
A13716001,서울특별시,10,41430.76,17835.75,84.79,12
A13716002,서울특별시,11,88337.95,43252.24,59.64,22
A13716002,서울특별시,11,88337.95,43252.24,59.93,54
A13716002,서울특별시,11,88337.95,43252.24,59.96,130
A13716002,서울특별시,11,88337.95,43252.24,84.39,38
A13716002,서울특별시,11,88337.95,43252.24,84.4,28
A13716002,서울특별시,11,88337.95,43252.24,84.41,75
A13716002,서울특별시,11,88337.95,43252.24,84.51,30
A13716002,서울특별시,11,88337.95,43252.24,84.61,5
A13716002,서울특별시,11,88337.95,43252.24,84.81,39
A13716002,서울특별시,11,88337.95,43252.24,84.84,14
A13716002,서울특별시,11,88337.95,43252.24,101.35,64
A13716002,서울특별시,11,88337.95,43252.24,101.47,14
A13716002,서울특별시,11,88337.95,43252.24,101.99,20
A13716002,서울특별시,11,88337.95,43252.24,114.81,9
A13716002,서울특별시,11,88337.95,43252.24,114.92,5
A13716003,서울특별시,8,75689.73,37219.4,59.25,2
A13716003,서울특별시,8,75689.73,37219.4,59.64,11
A13716003,서울특별시,8,75689.73,37219.4,59.69,7
A13716003,서울특별시,8,75689.73,37219.4,59.73,9
A13716003,서울특별시,8,75689.73,37219.4,59.75,1
A13716003,서울특별시,8,75689.73,37219.4,59.82,2
A13716003,서울특별시,8,75689.73,37219.4,59.93,29
A13716003,서울특별시,8,75689.73,37219.4,59.96,188
A13716003,서울특별시,8,75689.73,37219.4,84.34,37
A13716003,서울특별시,8,75689.73,37219.4,84.39,64
A13716003,서울특별시,8,75689.73,37219.4,84.41,24
A13716003,서울특별시,8,75689.73,37219.4,84.61,19
A13716003,서울특별시,8,75689.73,37219.4,84.81,2
A13716003,서울특별시,8,75689.73,37219.4,114.39,32
A13716003,서울특별시,8,75689.73,37219.4,114.81,55
A13713001,서울특별시,2,16384.62,16384.62,59.77,112
A13713001,서울특별시,2,16384.62,16384.62,59.96,42
A13713001,서울특별시,2,16384.62,16384.62,84.97,56
A13713001,서울특별시,2,16384.62,16384.62,114.94,21
A13713002,서울특별시,3,28843.26,28843.26,59.77,132
A13713002,서울특별시,3,28843.26,28843.26,59.96,48
A13713002,서울특별시,3,28843.26,28843.26,59.98,48
A13713002,서울특별시,3,28843.26,28843.26,84.97,66
A13713002,서울특별시,3,28843.26,28843.26,84.98,48
A13713002,서울특별시,3,28843.26,28843.26,114.78,48
A13789002,서울특별시,1,8852.48,6505.89,32.08,53
A13789002,서울특별시,1,8852.48,6505.89,35.91,28
A13789002,서울특별시,1,8852.48,6505.89,39.1,87
A13789002,서울특별시,1,8852.48,6505.89,55.96,4
A13789002,서울특별시,1,8852.48,6505.89,58.21,3
A13789201,서울특별시,1,16533.39,12703.5,84.69,150
A13789203,서울특별시,11,85917.34,68538.98,73.15,284
A13789203,서울특별시,11,85917.34,68538.98,84.58,362
A13789203,서울특별시,11,85917.34,68538.98,84.88,180
A13789203,서울특별시,11,85917.34,68538.98,84.91,22
A13778201,서울특별시,7,37609.54,27233.25,39.93,58
A13778201,서울특별시,7,37609.54,27233.25,49.91,60
A13778201,서울특별시,7,37609.54,27233.25,59.99,114
A13778201,서울특별시,7,37609.54,27233.25,84.61,84
A13778201,서울특별시,7,37609.54,27233.25,84.77,54
A13778201,서울특별시,7,37609.54,27233.25,84.84,36
A13778201,서울특별시,7,37609.54,27233.25,114.93,3
A13778202,서울특별시,8,75368.62,40963.8,49.9,112
A13778202,서울특별시,8,75368.62,40963.8,59.99,144
A13778202,서울특별시,8,75368.62,40963.8,84.85,78
A13778202,서울특별시,8,75368.62,40963.8,114.95,112
A13778202,서울특별시,8,75368.62,40963.8,114.98,63
A13778203,서울특별시,5,33126.93,15383,39.79,10
A13778203,서울특별시,5,33126.93,15383,49.9,169
A13778203,서울특별시,5,33126.93,15383,59.99,64
A13778203,서울특별시,5,33126.93,15383,84.77,32
A13778204,서울특별시,12,97990.07,81337.69,59.89,98
A13778204,서울특별시,12,97990.07,81337.69,59.91,96
A13778204,서울특별시,12,97990.07,81337.69,59.97,138
A13778204,서울특별시,12,97990.07,81337.69,74.95,48
A13778204,서울특별시,12,97990.07,81337.69,74.96,54
A13778204,서울특별시,12,97990.07,81337.69,74.97,126
A13778204,서울특별시,12,97990.07,81337.69,84.93,16
A13778204,서울특별시,12,97990.07,81337.69,84.95,139
A13778204,서울특별시,12,97990.07,81337.69,84.96,200
A13778204,서울특별시,12,97990.07,81337.69,84.97,100
A13778204,서울특별시,12,97990.07,81337.69,84.98,67
A13778205,서울특별시,17,90865.52,90865.52,39.79,45
A13778205,서울특별시,17,90865.52,90865.52,39.93,26
A13778205,서울특별시,17,90865.52,90865.52,49.9,135
A13778205,서울특별시,17,90865.52,90865.52,49.91,65
A13778205,서울특별시,17,90865.52,90865.52,59.66,14
A13778205,서울특별시,17,90865.52,90865.52,59.99,372
A13778205,서울특별시,17,90865.52,90865.52,84.61,156
A13778205,서울특별시,17,90865.52,90865.52,84.77,98
A13778205,서울특별시,17,90865.52,90865.52,84.84,188
A13778205,서울특별시,17,90865.52,90865.52,114.79,152
A13778207,서울특별시,7,49785.46,24386.75,39.79,21
A13778207,서울특별시,7,49785.46,24386.75,49.9,90
A13778207,서울특별시,7,49785.46,24386.75,49.91,52
A13778207,서울특별시,7,49785.46,24386.75,59.99,142
A13778207,서울특별시,7,49785.46,24386.75,84.77,30
A13778207,서울특별시,7,49785.46,24386.75,114.95,30
A13778207,서울특별시,7,49785.46,24386.75,114.98,17
A13778209,서울특별시,4,56637.324,29708.18,51.89,106
A13778209,서울특별시,4,56637.324,29708.18,59.93,96
A13778209,서울특별시,4,56637.324,29708.18,74.97,41
A13778209,서울특별시,4,56637.324,29708.18,84.95,39
A13778209,서울특별시,4,56637.324,29708.18,84.97,42
A13778209,서울특별시,4,56637.324,29708.18,84.99,100
A13778210,서울특별시,3,38824.652,27716.46,59.93,66
A13778210,서울특별시,3,38824.652,27716.46,59.99,42
A13778210,서울특별시,3,38824.652,27716.46,84.95,150
A13778210,서울특별시,3,38824.652,27716.46,84.99,100
A13778211,서울특별시,6,76940.4,60504.547,101.0107,19
A13778211,서울특별시,6,76940.4,60504.547,101.0109,69
A13778211,서울특별시,6,76940.4,60504.547,101.0482,167
A13778211,서울특별시,6,76940.4,60504.547,101.0515,70
A13778211,서울특별시,6,76940.4,60504.547,118.0151,64
A13778211,서울특별시,6,76940.4,60504.547,118.0474,42
A13778211,서울특별시,6,76940.4,60504.547,118.1321,65
A13778211,서울특별시,6,76940.4,60504.547,134.0247,43
A13778211,서울특별시,6,76940.4,60504.547,151.5634,4
A13778211,서울특별시,6,76940.4,60504.547,152.6484,3
A13778211,서울특별시,6,76940.4,60504.547,158.0766,1
A13778211,서울특별시,6,76940.4,60504.547,161.0442,1
A13778211,서울특별시,6,76940.4,60504.547,165.5055,2
A13778212,서울특별시,5,34363.63,34839.65,26.68,96
A13778212,서울특별시,5,34363.63,34839.65,33.11,30
A13778212,서울특별시,5,34363.63,34839.65,36.7,154
A13778212,서울특별시,5,34363.63,34839.65,36.87,43
A13778212,서울특별시,5,34363.63,34839.65,46.76,192
A13778212,서울특별시,5,34363.63,34839.65,46.96,25
A13778212,서울특별시,5,34363.63,34839.65,51.32,126
A13778212,서울특별시,5,34363.63,34839.65,59.88,49
A13778212,서울특별시,5,34363.63,34839.65,59.94,75
A13778306,서울특별시,6,41852.46,28606.23,26.37,447
A13778306,서울특별시,6,41852.46,28606.23,31.32,537
A13790001,서울특별시,7,18702.684,15114.96,59.98,252
A13790002,서울특별시,6,22456.8,15741,52.47,300
A13790003,서울특별시,5,34062.93,26488.44,77.14,198
A13790003,서울특별시,5,34062.93,26488.44,84.96,132
A13790004,서울특별시,6,65110.832,53926.68,130.89,412
A10020999,서울특별시,1,10928.31,7875.31,56.56,1
A10020999,서울특별시,1,10928.31,7875.31,59.56,66
A10020999,서울특별시,1,10928.31,7875.31,84.51,13
A10020999,서울특별시,1,10928.31,7875.31,84.52,33
A10021612,서울특별시,1,14826.91,9604.59,59.85,39
A10021612,서울특별시,1,14826.91,9604.59,84.54,86
A10022466,서울특별시,2,11295.729,14151.13,84.97,41
A10022466,서울특별시,2,11295.729,14151.13,140.36,76
A10023143,서울특별시,3,35919.086,27085.34,49.98,26
A10023143,서울특별시,3,35919.086,27085.34,59.99,75
A10023143,서울특별시,3,35919.086,27085.34,84.92,130
A10023143,서울특별시,3,35919.086,27085.34,84.94,34
A10023143,서울특별시,3,35919.086,27085.34,107.97,34
A10023143,서울특별시,3,35919.086,27085.34,118.97,31
A10023462,서울특별시,3,30144.498,22743.518,54.9891,33
A10023462,서울특별시,3,30144.498,22743.518,59.8852,33
A10023462,서울특별시,3,30144.498,22743.518,84.1269,131
A10023462,서울특별시,3,30144.498,22743.518,84.3798,27
A10023462,서울특별시,3,30144.498,22743.518,100.9605,56
A10023673,서울특별시,7,71010.83,54607.492,54.8827,33
A10023673,서울특별시,7,71010.83,54607.492,59.9446,33
A10023673,서울특별시,7,71010.83,54607.492,84.1127,86
A10023673,서울특별시,7,71010.83,54607.492,84.3465,98
A10023673,서울특별시,7,71010.83,54607.492,84.9818,58
A10023673,서울특별시,7,71010.83,54607.492,97.4743,192
A10023673,서울특별시,7,71010.83,54607.492,121.6097,96
A10023971,서울특별시,1,17740.8,16122.4,143.95,112
A10024913,서울특별시,7,91467.08,67193.45,59.97,42
A10024913,서울특별시,7,91467.08,67193.45,59.98,85
A10024913,서울특별시,7,91467.08,67193.45,84.94,31
A10024913,서울특별시,7,91467.08,67193.45,84.95,123
A10024913,서울특별시,7,91467.08,67193.45,84.98,186
A10024913,서울특별시,7,91467.08,67193.45,98.87,68
A10024913,서울특별시,7,91467.08,67193.45,98.96,31
A10024913,서울특별시,7,91467.08,67193.45,98.99,66
A10024913,서울특별시,7,91467.08,67193.45,114.78,34
A10024913,서울특별시,7,91467.08,67193.45,114.96,91
A10025381,서울특별시,1,11871.78,8543.82,59.93,62
A10025381,서울특별시,1,11871.78,8543.82,75.44,64
A10025418,서울특별시,6,64846.61,48942.62,48.48,28
A10025418,서울특별시,6,64846.61,48942.62,59.92,43
A10025418,서울특별시,6,64846.61,48942.62,59.95,28
A10025418,서울특별시,6,64846.61,48942.62,84.92,118
A10025418,서울특별시,6,64846.61,48942.62,108.37,44
A10025418,서울특별시,6,64846.61,48942.62,133.37,214
A10026004,서울특별시,7,69776.9,51126.91,59.35,42
A10026004,서울특별시,7,69776.9,51126.91,59.86,21
A10026004,서울특별시,7,69776.9,51126.91,59.93,96
A10026004,서울특별시,7,69776.9,51126.91,84.87,54
A10026004,서울특별시,7,69776.9,51126.91,84.92,96
A10026004,서울특별시,7,69776.9,51126.91,84.97,117
A10026004,서울특별시,7,69776.9,51126.91,84.98,22
A10026004,서울특별시,7,69776.9,51126.91,98.45,52
A10026004,서울특별시,7,69776.9,51126.91,114.94,96
A10026004,서울특별시,7,69776.9,51126.91,153.98,6
A10026227,서울특별시,5,67034.67,48090.86,78.48,187
A10026227,서울특별시,5,67034.67,48090.86,78.5,188
A10026227,서울특별시,5,67034.67,48090.86,84.79,110
A10026227,서울특별시,5,67034.67,48090.86,84.82,110
A10026977,서울특별시,1,11913.51,9546.06,84.78,92
A10026977,서울특별시,1,11913.51,9546.06,116.42,15
A10027439,서울특별시,7,104373.79,78859.18,59.99,81
A10027439,서울특별시,7,104373.79,78859.18,84.42,34
A10027439,서울특별시,7,104373.79,78859.18,84.46,100
A10027439,서울특별시,7,104373.79,78859.18,84.49,290
A10027439,서울특별시,7,104373.79,78859.18,104.02,49
A10027439,서울특별시,7,104373.79,78859.18,104.03,56
A10027439,서울특별시,7,104373.79,78859.18,104.04,68
A10027439,서울특별시,7,104373.79,78859.18,104.08,61
A10027439,서울특별시,7,104373.79,78859.18,133.01,25
A10027439,서울특별시,7,104373.79,78859.18,133.02,31
A10027439,서울특별시,7,104373.79,78859.18,133.04,20
A10027439,서울특별시,7,104373.79,78859.18,133.06,28
A13703011,서울특별시,5,39593.38,30274.86,106.15,144
A13703011,서울특별시,5,39593.38,30274.86,123.6,6
A13703011,서울특별시,5,39593.38,30274.86,133.41,100
A13703011,서울특별시,5,39593.38,30274.86,151.11,6
A13703019,서울특별시,8,55057.66,55106.96,109.56,80
A13703019,서울특별시,8,55057.66,55106.96,110.11,50
A13703019,서울특별시,8,55057.66,55106.96,132.16,159
A13703019,서울특별시,8,55057.66,55106.96,132.78,54
A13703019,서울특별시,8,55057.66,55106.96,148.86,85
A13703027,서울특별시,8,100775.32,76609.9,59.8,116
A13703027,서울특별시,8,100775.32,76609.9,59.92,185
A13703027,서울특별시,8,100775.32,76609.9,84.91,690
A13779432,서울특별시,1,10294.77,8173.2,63.94,30
A13779432,서울특별시,1,10294.77,8173.2,72.99,3
A13779432,서울특별시,1,10294.77,8173.2,78.39,77
A13790604,서울특별시,3,8349.66,5792.58,27.07,30
A13790604,서울특별시,3,8349.66,5792.58,28.87,4
A13790604,서울특별시,3,8349.66,5792.58,34.72,40
A13790604,서울특별시,3,8349.66,5792.58,35.38,83
A13790604,서울특별시,3,8349.66,5792.58,49.06,11
A13790612,서울특별시,3,32370.25,24428.37,84.38,19
A13790612,서울특별시,3,32370.25,24428.37,84.69,18
A13790612,서울특별시,3,32370.25,24428.37,84.83,131
A13790612,서울특별시,3,32370.25,24428.37,84.9,120
A13790620,서울특별시,5,45813.6,37803,76.68,30
A13790620,서울특별시,5,45813.6,37803,84.53,420
A13790701,서울특별시,1,16860,12733.5,84.89,150
A13790703,서울특별시,1,15660.64,11703.46,57.33,84
A13790703,서울특별시,1,15660.64,11703.46,78.89,1
A13790703,서울특별시,1,15660.64,11703.46,81.37,16
A13790703,서울특별시,1,15660.64,11703.46,84.33,16
A13790703,서울특별시,1,15660.64,11703.46,84.85,49
A13790706,서울특별시,2,22979.86,16918.43,81.05,78
A13790706,서울특별시,2,22979.86,16918.43,81.23,119
A13790706,서울특별시,2,22979.86,16918.43,84.56,11
A13790707,서울특별시,2,27998.32,20199.06,84.87,238
A13790709,서울특별시,2,26745.906,23975.35,80.25,50
A13790709,서울특별시,2,26745.906,23975.35,81,18
A13790709,서울특별시,2,26745.906,23975.35,81.01,5
A13790709,서울특별시,2,26745.906,23975.35,81.88,2
A13790709,서울특별시,2,26745.906,23975.35,82.42,2
A13790709,서울특별시,2,26745.906,23975.35,107.01,70
A13790709,서울특별시,2,26745.906,23975.35,107.93,71
A13790709,서울특별시,2,26745.906,23975.35,108.01,7
A13790709,서울특별시,2,26745.906,23975.35,109.06,8
A13790709,서울특별시,2,26745.906,23975.35,109.88,9
A13790713,서울특별시,2,34549.53,26047.1,59.55,16
A13790713,서울특별시,2,34549.53,26047.1,59.91,120
A13790713,서울특별시,2,34549.53,26047.1,84.84,18
A13790713,서울특별시,2,34549.53,26047.1,84.86,193
A13790714,서울특별시,4,34909.082,27694.8,66.29,150
A13790714,서울특별시,4,34909.082,27694.8,84.53,210
A13790716,서울특별시,4,41411.688,34723.77,53.46,132
A13790716,서울특별시,4,41411.688,34723.77,84.49,115
A13790716,서울특별시,4,41411.688,34723.77,115.83,22
A13790716,서울특별시,4,41411.688,34723.77,117.06,78
A13790716,서울특별시,4,41411.688,34723.77,142.54,44
A13790717,서울특별시,2,26296.996,23453.41,52.26,126
A13790717,서울특별시,2,26296.996,23453.41,52.32,140
A13790717,서울특별시,2,26296.996,23453.41,52.58,14
A13790717,서울특별시,2,26296.996,23453.41,52.77,14
A13790717,서울특별시,2,26296.996,23453.41,53.43,14
A13790717,서울특별시,2,26296.996,23453.41,82.98,9
A13790717,서울특별시,2,26296.996,23453.41,82.99,27
A13790717,서울특별시,2,26296.996,23453.41,83.11,10
A13790717,서울특별시,2,26296.996,23453.41,83.12,30
A13790717,서울특별시,2,26296.996,23453.41,83.51,3
A13790717,서울특별시,2,26296.996,23453.41,83.54,1
A13790717,서울특별시,2,26296.996,23453.41,83.79,1
A13790717,서울특별시,2,26296.996,23453.41,83.81,3
A13790717,서울특별시,2,26296.996,23453.41,84.84,1
A13790717,서울특별시,2,26296.996,23453.41,84.85,3
A13790721,서울특별시,3,43430.08,39724.98,107.29,117
A13790721,서울특별시,3,43430.08,39724.98,107.55,13
A13790721,서울특별시,3,43430.08,39724.98,112.25,30
A13790721,서울특별시,3,43430.08,39724.98,140.04,160
A13790722,서울특별시,7,58033.8,45640.8,84.52,540
A13790726,서울특별시,3,25298.688,23531.57,55.45,143
A13790726,서울특별시,3,25298.688,23531.57,56.2,13
A13790726,서울특별시,3,25298.688,23531.57,75.79,88
A13790726,서울특별시,3,25298.688,23531.57,76.4,8
A13790726,서울특별시,3,25298.688,23531.57,105.36,66
A13790726,서울특별시,3,25298.688,23531.57,106.19,6
A13790828,서울특별시,12,147717.33,135990.05,96.48,220
A13790828,서울특별시,12,147717.33,135990.05,96.78,20
A13790828,서울특별시,12,147717.33,135990.05,100.11,288
A13790828,서울특별시,12,147717.33,135990.05,105.44,99
A13790828,서울특별시,12,147717.33,135990.05,105.77,9
A13790828,서울특별시,12,147717.33,135990.05,105.89,154
A13790828,서울특별시,12,147717.33,135990.05,106.31,14
A13790828,서울특별시,12,147717.33,135990.05,107.39,88
A13790828,서울특별시,12,147717.33,135990.05,108.42,8
A13790828,서울특별시,12,147717.33,135990.05,137.1,216
A13790828,서울특별시,12,147717.33,135990.05,155,96
A13790902,서울특별시,1,12613.67,4850.69,23.7,39
A13790902,서울특별시,1,12613.67,4850.69,30.18,52
A13790902,서울특별시,1,12613.67,4850.69,30.9,28
A13790902,서울특별시,1,12613.67,4850.69,34.23,13
A13790902,서울특별시,1,12613.67,4850.69,37.38,27
A13790902,서울특별시,1,12613.67,4850.69,37.58,1
A13790910,서울특별시,2,27166.3,20424.04,59.4,18
A13790910,서울특별시,2,27166.3,20424.04,59.81,83
A13790910,서울특별시,2,27166.3,20424.04,66.02,4
A13790910,서울특별시,2,27166.3,20424.04,68.09,5
A13790910,서울특별시,2,27166.3,20424.04,74.3,2
A13790910,서울특별시,2,27166.3,20424.04,84.93,84
A13790910,서울특별시,2,27166.3,20424.04,92.04,6
A13790910,서울특별시,2,27166.3,20424.04,96.72,6
A13790910,서울특별시,2,27166.3,20424.04,104.1,6
A13790910,서울특별시,2,27166.3,20424.04,131.04,2
A13790910,서울특별시,2,27166.3,20424.04,131.87,2
A13790910,서울특별시,2,27166.3,20424.04,131.88,30
A13790910,서울특별시,2,27166.3,20424.04,131.99,2
A13790929,서울특별시,13,163131.4,151684.2,68.91,336
A13790929,서울특별시,13,163131.4,151684.2,79.42,288
A13790929,서울특별시,13,163131.4,151684.2,92.2,192
A13790929,서울특별시,13,163131.4,151684.2,93.71,144
A13790929,서울특별시,13,163131.4,151684.2,107.31,360
A13790929,서울특별시,13,163131.4,151684.2,135.97,60
A13790929,서울특별시,13,163131.4,151684.2,137.66,96
A13790929,서울특별시,13,163131.4,151684.2,150.58,96
A10026418,서울특별시,17,130787.24,100459.52,59.949,234
A10026418,서울특별시,17,130787.24,100459.52,59.959,15
A10026418,서울특별시,17,130787.24,100459.52,59.983,268
A10026418,서울특별시,17,130787.24,100459.52,60.648,67
A10026418,서울특별시,17,130787.24,100459.52,80.762,56
A10026418,서울특별시,17,130787.24,100459.52,84.932,378
A10026418,서울특별시,17,130787.24,100459.52,84.957,114
A10026418,서울특별시,17,130787.24,100459.52,84.982,124
A10026418,서울특별시,17,130787.24,100459.52,100.394,14
A10026418,서울특별시,17,130787.24,100459.52,116.134,40
A10026418,서울특별시,17,130787.24,100459.52,124.625,20
A13309101,서울특별시,5,14307,14384.53,59.91,10
A13309101,서울특별시,5,14307,14384.53,59.92,15
A13309101,서울특별시,5,14307,14384.53,84.12,12
A13309101,서울특별시,5,14307,14384.53,84.13,3
A13309101,서울특별시,5,14307,14384.53,84.32,39
A13309101,서울특별시,5,14307,14384.53,84.33,67
A13309101,서울특별시,5,14307,14384.53,116.79,19
A13309101,서울특별시,5,14307,14384.53,116.8,4
A13309102,서울특별시,11,58900.824,46922.42,59.95,234
A13309102,서울특별시,11,58900.824,46922.42,84.45,232
A13309102,서울특별시,11,58900.824,46922.42,114.67,116
A13309103,서울특별시,4,56185.133,36262.18,29.87,1214
A13380104,서울특별시,20,189860.64,146968.8,59.9,507
A13380104,서울특별시,20,189860.64,146968.8,84.82,702
A13380104,서울특별시,20,189860.64,146968.8,114.57,498
A10027602,서울특별시,10,151181.78,73699.22,34.31,198
A10027602,서울특별시,10,151181.78,73699.22,59.98,603
A10027602,서울특별시,10,151181.78,73699.22,84.98,336
A10027602,서울특별시,10,151181.78,73699.22,114.98,19
A13380301,서울특별시,4,41708.72,31542.63,59.98,45
A13380301,서울특별시,4,41708.72,31542.63,59.99,95
A13380301,서울특별시,4,41708.72,31542.63,84.97,130
A13380301,서울특별시,4,41708.72,31542.63,84.98,101
A13380301,서울특별시,4,41708.72,31542.63,117.18,30
A13380302,서울특별시,10,88821.41,66318.48,59.98,40
A13380302,서울특별시,10,88821.41,66318.48,59.99,318
A13380302,서울특별시,10,88821.41,66318.48,84.97,36
A13380302,서울특별시,10,88821.41,66318.48,84.98,189
A13380302,서울특별시,10,88821.41,66318.48,84.99,152
A13380302,서울특별시,10,88821.41,66318.48,114.32,112
A13380303,서울특별시,2,16932.203,11609.64,37.94,306
A13309301,서울특별시,3,32773.58,25805.55,59.99,153
A13309301,서울특별시,3,32773.58,25805.55,84.49,28
A13309301,서울특별시,3,32773.58,25805.55,84.96,84
A13309301,서울특별시,3,32773.58,25805.55,114.76,29
A13309301,서울특별시,3,32773.58,25805.55,130.92,29
A13379001,서울특별시,6,37849.21,28535.268,36.6386,83
A13379001,서울특별시,6,37849.21,28535.268,59.9167,26
A13379001,서울특별시,6,37849.21,28535.268,59.9663,54
A13379001,서울특별시,6,37849.21,28535.268,59.9912,36
A13379001,서울특별시,6,37849.21,28535.268,84.7313,79
A13379001,서울특별시,6,37849.21,28535.268,84.9796,85
A13379001,서울특별시,6,37849.21,28535.268,114.8956,11
A13379001,서울특별시,6,37849.21,28535.268,115.4928,10
A13379001,서울특별시,6,37849.21,28535.268,115.9341,19
A13380602,서울특별시,8,32950.86,26692.78,59.97,142
A13380602,서울특별시,8,32950.86,26692.78,84.92,137
A13380602,서울특별시,8,32950.86,26692.78,114.76,43
A13380602,서울특별시,8,32950.86,26692.78,114.88,14
A13380703,서울특별시,16,139154.02,111337.95,59.97,335
A13380703,서울특별시,16,139154.02,111337.95,79.08,270
A13380703,서울특별시,16,139154.02,111337.95,84.99,265
A13380703,서울특별시,16,139154.02,111337.95,116.81,267
A13380703,서울특별시,16,139154.02,111337.95,124.19,78
A13380703,서울특별시,16,139154.02,111337.95,124.98,52
A10020977,서울특별시,2,9391.403,7163.061,59.5075,78
A10020977,서울특별시,2,9391.403,7163.061,84.0492,30
A10026470,서울특별시,15,61808.7,47242.38,38.2,52
A10026470,서울특별시,15,61808.7,47242.38,42.42,52
A10026470,서울특별시,15,61808.7,47242.38,59.96,11
A10026470,서울특별시,15,61808.7,47242.38,59.98,122
A10026470,서울특별시,15,61808.7,47242.38,64.95,21
A10026470,서울특별시,15,61808.7,47242.38,84.69,21
A10026470,서울특별시,15,61808.7,47242.38,84.83,34
A10026470,서울특별시,15,61808.7,47242.38,84.88,124
A10026470,서울특별시,15,61808.7,47242.38,84.92,55
A10026470,서울특별시,15,61808.7,47242.38,114.86,66
A10026470,서울특별시,15,61808.7,47242.38,114.89,20
A10026470,서울특별시,15,61808.7,47242.38,141.86,28
A13309402,서울특별시,3,28548.81,21160.21,84.89,23
A13309402,서울특별시,3,28548.81,21160.21,84.99,226
A13309404,서울특별시,14,129558.12,99488.25,59.97,384
A13309404,서울특별시,14,129558.12,99488.25,84.71,308
A13309404,서울특별시,14,129558.12,99488.25,84.96,192
A13309404,서울특별시,14,129558.12,99488.25,114.6,110
A13309404,서울특별시,14,129558.12,99488.25,114.71,187
A13378101,서울특별시,3,30127.447,16743.68,32.96,508
A13378102,서울특별시,11,57694.57,44687.45,59.839,63
A13378102,서울특별시,11,57694.57,44687.45,59.862,108
A13378102,서울특별시,11,57694.57,44687.45,59.907,100
A13378102,서울특별시,11,57694.57,44687.45,84.776,119
A13378102,서울특별시,11,57694.57,44687.45,84.898,108
A13378102,서울특별시,11,57694.57,44687.45,84.925,30
A13378102,서울특별시,11,57694.57,44687.45,114.771,58
A13380803,서울특별시,19,86521.36,71398.35,59.39,28
A13380803,서울특별시,19,86521.36,71398.35,59.9,74
A13380803,서울특별시,19,86521.36,71398.35,59.99,267
A13380803,서울특별시,19,86521.36,71398.35,84.55,26
A13380803,서울특별시,19,86521.36,71398.35,84.6,42
A13380803,서울특별시,19,86521.36,71398.35,84.87,274
A13380803,서울특별시,19,86521.36,71398.35,106.06,2
A13380803,서울특별시,19,86521.36,71398.35,114.55,90
A13380803,서울특별시,19,86521.36,71398.35,114.8,85
A13380901,서울특별시,5,22915.2,18409.846,84.838,217
A13370801,서울특별시,3,51975.4,28489.38,71.34,40
A13370801,서울특별시,3,51975.4,28489.38,84.74,92
A13370801,서울특별시,3,51975.4,28489.38,84.91,8
A13370801,서울특별시,3,51975.4,28489.38,84.93,126
A13370801,서울특별시,3,51975.4,28489.38,84.99,76
A10020365,서울특별시,1,20972.133,8277.21,18.1338,8
A10020365,서울특별시,1,20972.133,8277.21,18.7962,112
A10020365,서울특별시,1,20972.133,8277.21,19.4958,13
A10020365,서울특별시,1,20972.133,8277.21,19.6338,26
A10020365,서울특별시,1,20972.133,8277.21,20.2962,91
A10020365,서울특별시,1,20972.133,8277.21,25.0635,13
A10020365,서울특별시,1,20972.133,8277.21,25.3421,13
A10020365,서울특별시,1,20972.133,8277.21,39.0918,5
A10020365,서울특별시,1,20972.133,8277.21,39.467,65
A13305002,서울특별시,4,24079.338,19818.72,59.7,100
A13305002,서울특별시,4,24079.338,19818.72,84.71,104
A13305002,서울특별시,4,24079.338,19818.72,114.52,44
A13305003,서울특별시,4,28237.137,22452.7,59.96,74
A13305003,서울특별시,4,28237.137,22452.7,84.93,37
A13305003,서울특별시,4,28237.137,22452.7,84.99,175
A13305005,서울특별시,4,24909.363,17417.27,39.84,253
A13305005,서울특별시,4,24909.363,17417.27,49.6,14
A13305005,서울특별시,4,24909.363,17417.27,49.95,133
A13305006,서울특별시,5,35039.04,35039.04,59.76,198
A13305006,서울특별시,5,35039.04,35039.04,84.93,162
A13305006,서울특별시,5,35039.04,35039.04,134.97,70
A13305007,서울특별시,9,69161.4,55227.06,40.86,211
A13305007,서울특별시,9,69161.4,55227.06,72.84,360
A13305007,서울특별시,9,69161.4,55227.06,84.93,240
A13381601,서울특별시,2,16671.13,12407.2,60,81
A13381601,서울특별시,2,16671.13,12407.2,84.8,89
A13381604,서울특별시,6,40749.66,32512.42,59.97,37
A13381604,서울특별시,6,40749.66,32512.42,74.46,24
A13381604,서울특별시,6,40749.66,32512.42,83.65,1
A13381604,서울특별시,6,40749.66,32512.42,84.97,221
A13381604,서울특별시,6,40749.66,32512.42,101.96,1
A13381604,서울특별시,6,40749.66,32512.42,114.97,83
A13381608,서울특별시,11,110636.516,86258.13,59.91,252
A13381608,서울특별시,11,110636.516,86258.13,59.94,222
A13381608,서울특별시,11,110636.516,86258.13,84.91,334
A13381608,서울특별시,11,110636.516,86258.13,134.79,165
A13381608,서울특별시,11,110636.516,86258.13,164.86,44
A10022058,서울특별시,1,13309.51,10242.39,20.87,1
A10022058,서울특별시,1,13309.51,10242.39,59.84,39
A10022058,서울특별시,1,13309.51,10242.39,84.8,76
A10022058,서울특별시,1,13309.51,10242.39,84.88,17
A13381701,서울특별시,2,25045.74,19399.5,71.85,270
A13373301,서울특별시,13,111637.04,86644.16,55.2,27
A13373301,서울특별시,13,111637.04,86644.16,59.96,82
A13373301,서울특별시,13,111637.04,86644.16,59.98,39
A13373301,서울특별시,13,111637.04,86644.16,84.9,162
A13373301,서울특별시,13,111637.04,86644.16,84.92,305
A13373301,서울특별시,13,111637.04,86644.16,84.93,43
A13373301,서울특별시,13,111637.04,86644.16,84.95,53
A13373301,서울특별시,13,111637.04,86644.16,125.6,14
A13373301,서울특별시,13,111637.04,86644.16,127.44,168
A13373301,서울특별시,13,111637.04,86644.16,157.29,44
A13373302,서울특별시,1,7678.29,7678.29,36.39,211
A10020345,서울특별시,4,46320.613,33665.9,59.9566,160
A10020345,서울특별시,4,46320.613,33665.9,59.986,93
A10020345,서울특별시,4,46320.613,33665.9,59.9913,64
A10020345,서울특별시,4,46320.613,33665.9,59.9919,131
A10020345,서울특별시,4,46320.613,33665.9,84.9045,20
A10020345,서울특별시,4,46320.613,33665.9,84.9612,60
A10020907,서울특별시,5,77168.41,56423.25,59.9304,62
A10020907,서울특별시,5,77168.41,56423.25,59.949,155
A10020907,서울특별시,5,77168.41,56423.25,59.9863,62
A10020907,서울특별시,5,77168.41,56423.25,59.9925,268
A10020907,서울특별시,5,77168.41,56423.25,84.9572,152
A10020907,서울특별시,5,77168.41,56423.25,84.959,126
A10021528,서울특별시,1,14306.95,10805.24,59.9,49
A10021528,서울특별시,1,14306.95,10805.24,84.14,19
A10021528,서울특별시,1,14306.95,10805.24,84.56,38
A10021528,서울특별시,1,14306.95,10805.24,84.95,36
A10024503,서울특별시,2,58399.918,46377.996,91.671,2
A10024503,서울특별시,2,58399.918,46377.996,95.462,2
A10024503,서울특별시,2,58399.918,46377.996,95.621,2
A10024503,서울특별시,2,58399.918,46377.996,95.637,2
A10024503,서울특별시,2,58399.918,46377.996,95.81,2
A10024503,서울특별시,2,58399.918,46377.996,95.965,2
A10024503,서울특별시,2,58399.918,46377.996,96.055,2
A10024503,서울특별시,2,58399.918,46377.996,96.124,4
A10024503,서울특별시,2,58399.918,46377.996,96.214,4
A10024503,서울특별시,2,58399.918,46377.996,97.137,2
A10024503,서울특별시,2,58399.918,46377.996,97.446,4
A10024503,서울특별시,2,58399.918,46377.996,97.485,2
A10024503,서울특별시,2,58399.918,46377.996,97.605,2
A10024503,서울특별시,2,58399.918,46377.996,159.603,116
A10024503,서울특별시,2,58399.918,46377.996,162.069,8
A10024503,서울특별시,2,58399.918,46377.996,164.503,12
A10024503,서울특별시,2,58399.918,46377.996,164.856,12
A10024503,서울특별시,2,58399.918,46377.996,165.034,4
A10024503,서울특별시,2,58399.918,46377.996,165.182,8
A10024503,서울특별시,2,58399.918,46377.996,165.28,4
A10024503,서울특별시,2,58399.918,46377.996,165.34,8
A10024503,서울특별시,2,58399.918,46377.996,198.219,48
A10024503,서울특별시,2,58399.918,46377.996,200.673,4
A10024503,서울특별시,2,58399.918,46377.996,200.707,4
A10024503,서울특별시,2,58399.918,46377.996,200.749,4
A10024503,서울특별시,2,58399.918,46377.996,202.318,2
A10024503,서울특별시,2,58399.918,46377.996,202.62,2
A10024503,서울특별시,2,58399.918,46377.996,204.241,2
A10024503,서울특별시,2,58399.918,46377.996,206.409,2
A10024503,서울특별시,2,58399.918,46377.996,206.74,2
A10024503,서울특별시,2,58399.918,46377.996,264.546,4
A10024503,서울특별시,2,58399.918,46377.996,273.928,2
A10026988,서울특별시,4,87470.53,61742.26,25.3284,76
A10026988,서울특별시,4,87470.53,61742.26,35.4442,38
A10026988,서울특별시,4,87470.53,61742.26,49.6683,38
A10026988,서울특별시,4,87470.53,61742.26,69.7244,76
A10026988,서울특별시,4,87470.53,61742.26,84.5402,78
A10026988,서울특별시,4,87470.53,61742.26,84.8111,75
A10026988,서울특별시,4,87470.53,61742.26,84.8213,97
A10026988,서울특별시,4,87470.53,61742.26,136.5606,76
A10026988,서울특별시,4,87470.53,61742.26,140.3099,78
A10026988,서울특별시,4,87470.53,61742.26,152.1556,52
A10026988,서울특별시,4,87470.53,61742.26,216.6178,4
A13311101,서울특별시,3,15867.767,12709.9,59.92,32
A13311101,서울특별시,3,15867.767,12709.9,84.98,127
A13372101,서울특별시,5,28260.34,21633.07,59.83,96
A13372101,서울특별시,5,28260.34,21633.07,84.97,187
A13372102,서울특별시,9,72406.95,54565.02,59.76,452
A13372102,서울특별시,9,72406.95,54565.02,84.78,325
A13376405,서울특별시,5,41180.88,27117.48,59.4,190
A13376405,서울특별시,5,41180.88,27117.48,84.21,188
A13379401,서울특별시,2,64396.7,46636.01,167.39,2
A13379401,서울특별시,2,64396.7,46636.01,167.9,2
A13379401,서울특별시,2,64396.7,46636.01,168.37,32
A13379401,서울특별시,2,64396.7,46636.01,169.09,2
A13379401,서울특별시,2,64396.7,46636.01,170.39,2
A13379401,서울특별시,2,64396.7,46636.01,170.88,2
A13379401,서울특별시,2,64396.7,46636.01,170.98,33
A13379401,서울특별시,2,64396.7,46636.01,171.09,2
A13379401,서울특별시,2,64396.7,46636.01,194.45,2
A13379401,서울특별시,2,64396.7,46636.01,194.46,2
A13379401,서울특별시,2,64396.7,46636.01,194.58,2
A13379401,서울특별시,2,64396.7,46636.01,195.2,32
A13379401,서울특별시,2,64396.7,46636.01,217.43,2
A13379401,서울특별시,2,64396.7,46636.01,217.44,2
A13379401,서울특별시,2,64396.7,46636.01,217.52,2
A13379401,서울특별시,2,64396.7,46636.01,217.66,2
A13379401,서울특별시,2,64396.7,46636.01,217.86,33
A13379401,서울특별시,2,64396.7,46636.01,218.05,2
A13379401,서울특별시,2,64396.7,46636.01,218.15,2
A13379401,서울특별시,2,64396.7,46636.01,218.58,30
A13379401,서울특별시,2,64396.7,46636.01,241.63,2
A13379401,서울특별시,2,64396.7,46636.01,241.76,2
A13379401,서울특별시,2,64396.7,46636.01,241.93,30
A13379401,서울특별시,2,64396.7,46636.01,244.57,2
A13379401,서울특별시,2,64396.7,46636.01,271.21,1
A13379401,서울특별시,2,64396.7,46636.01,271.38,1
A13379401,서울특별시,2,64396.7,46636.01,271.45,1
A13379401,서울특별시,2,64396.7,46636.01,271.83,1
A13381902,서울특별시,1,23119.44,16594.11,56.97,51
A13381902,서울특별시,1,23119.44,16594.11,81.48,168
A13382104,서울특별시,6,36039.3,26907.03,59.885,178
A13382104,서울특별시,6,36039.3,26907.03,77.47,6
A13382104,서울특별시,6,36039.3,26907.03,80.98,4
A13382104,서울특별시,6,36039.3,26907.03,84.015,184
A13382106,서울특별시,3,32759.78,29315.3,52.5,50
A13382106,서울특별시,3,32759.78,29315.3,52.68,50
A13382106,서울특별시,3,32759.78,29315.3,52.7,10
A13382106,서울특별시,3,32759.78,29315.3,53.14,80
A13382106,서울특별시,3,32759.78,29315.3,95.83,10
A13382106,서울특별시,3,32759.78,29315.3,95.85,40
A13382106,서울특별시,3,32759.78,29315.3,96.18,80
A13382106,서울특별시,3,32759.78,29315.3,97.02,70
A13382502,서울특별시,3,20954.48,16138.02,59.13,54
A13382502,서울특별시,3,20954.48,16138.02,69.21,52
A13382502,서울특별시,3,20954.48,16138.02,80.8,15
A13382502,서울특별시,3,20954.48,16138.02,84.73,96
A13384301,서울특별시,1,16363.2,12404,59.89,74
A13384301,서울특별시,1,16363.2,12404,84.81,94
A13384303,서울특별시,3,27640.32,21740.568,84.7215,45
A13384303,서울특별시,3,27640.32,21740.568,84.9673,211
A13384304,서울특별시,2,33407.96,25793.41,58.32,136
A13384304,서울특별시,2,33407.96,25793.41,84.89,10
A13384304,서울특별시,2,33407.96,25793.41,84.91,137
A13384304,서울특별시,2,33407.96,25793.41,112.09,48
A13392307,서울특별시,6,62545.504,48783.594,73.912,44
A13392307,서울특별시,6,62545.504,48783.594,84.941,255
A13392307,서울특별시,6,62545.504,48783.594,84.952,281
A10020852,서울특별시,2,14499.8,10435.63,57.53,2
A10020852,서울특별시,2,14499.8,10435.63,59.67,58
A10020852,서울특별시,2,14499.8,10435.63,79.55,1
A10020852,서울특별시,2,14499.8,10435.63,84.69,18
A10020852,서울특별시,2,14499.8,10435.63,84.77,62
A10021167,서울특별시,2,12821.32,10381.32,67.34,10
A10021167,서울특별시,2,12821.32,10381.32,80.87,9
A10021167,서울특별시,2,12821.32,10381.32,80.89,101
A10021167,서울특별시,2,12821.32,10381.32,81.02,10
A10021449,서울특별시,1,9141.6,7739.81,59.67,57
A10021449,서울특별시,1,9141.6,7739.81,59.94,3
A10021449,서울특별시,1,9141.6,7739.81,84.43,8
A10021449,서울특별시,1,9141.6,7739.81,84.96,41
A10021638,서울특별시,1,10717.08,8005.5,59.49,45
A10021638,서울특별시,1,10717.08,8005.5,84.51,15
A10021638,서울특별시,1,10717.08,8005.5,84.6,48
A10021716,서울특별시,2,9981.34,10047.52,78.96,27
A10021716,서울특별시,2,9981.34,10047.52,81.8,76
A10021716,서울특별시,2,9981.34,10047.52,84.94,20
A10022325,서울특별시,1,14915.92,9626.54,59.94,94
A10022325,서울특별시,1,14915.92,9626.54,84.94,47
A10023316,서울특별시,2,13189.66,10444.32,59.4,74
A10023316,서울특별시,2,13189.66,10444.32,84.01,72
A10025101,서울특별시,3,10106.8,10106.8,84.95,101
A10025101,서울특별시,3,10106.8,10106.8,117.45,13
A13312101,서울특별시,3,16949.184,16949.18,71.48,7
A13312101,서울특별시,3,16949.184,16949.18,84.34,22
A13312101,서울특별시,3,16949.184,16949.18,84.87,10
A13312101,서울특별시,3,16949.184,16949.18,84.95,46
A13312101,서울특별시,3,16949.184,16949.18,130.42,23
A13312101,서울특별시,3,16949.184,16949.18,131.2,25
A13312101,서울특별시,3,16949.184,16949.18,148.22,24
A13312302,서울특별시,7,72140.48,57821.312,58.491,32
A13312302,서울특별시,7,72140.48,57821.312,81.567,174
A13312302,서울특별시,7,72140.48,57821.312,84.686,17
A13312302,서울특별시,7,72140.48,57821.312,101.995,285
A13312302,서울특별시,7,72140.48,57821.312,117.174,96
A13312303,서울특별시,11,80824.6,65859.4,84.98,236
A13312303,서울특별시,11,80824.6,65859.4,104.56,258
A13312303,서울특별시,11,80824.6,65859.4,116.22,162
A13378001,서울특별시,5,47463.94,47463.94,42.22,19
A13378001,서울특별시,5,47463.94,47463.94,57.03,21
A13378001,서울특별시,5,47463.94,47463.94,57.46,21
A13378001,서울특별시,5,47463.94,47463.94,57.49,36
A13378001,서울특별시,5,47463.94,47463.94,84.26,18
A13378001,서울특별시,5,47463.94,47463.94,84.78,61
A13378001,서울특별시,5,47463.94,47463.94,117.13,132
A13378001,서울특별시,5,47463.94,47463.94,143,132
A13378001,서울특별시,5,47463.94,47463.94,227.67,3
A13378001,서울특별시,5,47463.94,47463.94,239.7,2
A13382802,서울특별시,2,22036.361,15262.42,59.95,76
A13382802,서울특별시,2,22036.361,15262.42,84.97,126
A13383003,서울특별시,1,26413.2,19982.16,59.94,36
A13383003,서울특별시,1,26413.2,19982.16,84.87,192
A13383003,서울특별시,1,26413.2,19982.16,84.96,18
A13383301,서울특별시,1,21596.28,16097.81,59.82,103
A13383301,서울특별시,1,21596.28,16097.81,71.285,4
A13383301,서울특별시,1,21596.28,16097.81,84.645,98
A13383301,서울특별시,1,21596.28,16097.81,84.75,16
A13316001,서울특별시,6,27454.82,20757.45,55.88,1
A13316001,서울특별시,6,27454.82,20757.45,64.21,23
A13316001,서울특별시,6,27454.82,20757.45,75.51,12
A13316001,서울특별시,6,27454.82,20757.45,84.87,108
A13316001,서울특별시,6,27454.82,20757.45,84.88,68
A13316001,서울특별시,6,27454.82,20757.45,116.58,29
A13383702,서울특별시,3,45004.953,33700.59,59.21,123
A13383702,서울특별시,3,45004.953,33700.59,59.83,76
A13383702,서울특별시,3,45004.953,33700.59,84.945,216
A13383702,서울특별시,3,45004.953,33700.59,110.08,32
A10026748,서울특별시,25,181722.8,107861.45,33.5,141
A10026748,서울특별시,25,181722.8,107861.45,44.86,199
A10026748,서울특별시,25,181722.8,107861.45,59.78,159
A10026748,서울특별시,25,181722.8,107861.45,59.88,213
A10026748,서울특별시,25,181722.8,107861.45,59.91,99
A10026748,서울특별시,25,181722.8,107861.45,76.66,12
A10026748,서울특별시,25,181722.8,107861.45,84.3,299
A10026748,서울특별시,25,181722.8,107861.45,84.51,180
A10026748,서울특별시,25,181722.8,107861.45,84.64,98
A10026748,서울특별시,25,181722.8,107861.45,84.92,58
A10026748,서울특별시,25,181722.8,107861.45,84.96,2
A10026748,서울특별시,25,181722.8,107861.45,107.99,6
A10026748,서울특별시,25,181722.8,107861.45,115.1,30
A10026748,서울특별시,25,181722.8,107861.45,115.9,60
A10026748,서울특별시,25,181722.8,107861.45,118.95,2
A13310004,서울특별시,8,111509.01,90610.2,57.78,150
A13310004,서울특별시,8,111509.01,90610.2,68.58,210
A13310004,서울특별시,8,111509.01,90610.2,84.74,180
A13310004,서울특별시,8,111509.01,90610.2,142.26,180
A13310004,서울특별시,8,111509.01,90610.2,148.23,180
A13375901,서울특별시,8,75885.81,69936.63,87.67,66
A13375901,서울특별시,8,75885.81,69936.63,89.19,60
A13375901,서울특별시,8,75885.81,69936.63,89.22,1
A13375901,서울특별시,8,75885.81,69936.63,89.26,5
A13375901,서울특별시,8,75885.81,69936.63,91.07,3
A13375901,서울특별시,8,75885.81,69936.63,91.11,2
A13375901,서울특별시,8,75885.81,69936.63,101.09,54
A13375901,서울특별시,8,75885.81,69936.63,101.12,48
A13375901,서울특별시,8,75885.81,69936.63,101.19,1
A13375901,서울특별시,8,75885.81,69936.63,102.08,2
A13375901,서울특별시,8,75885.81,69936.63,102.12,7
A13375901,서울특별시,8,75885.81,69936.63,149.37,1
A13375901,서울특별시,8,75885.81,69936.63,149.38,2
A13375901,서울특별시,8,75885.81,69936.63,149.39,139
A13375901,서울특별시,8,75885.81,69936.63,153.16,3
A13375901,서울특별시,8,75885.81,69936.63,153.19,9
A13375901,서울특별시,8,75885.81,69936.63,177.12,85
A13375901,서울특별시,8,75885.81,69936.63,177.16,37
A13375901,서울특별시,8,75885.81,69936.63,181.36,10
A13375902,서울특별시,10,119140.46,92288.86,59.7,412
A13375902,서울특별시,10,119140.46,92288.86,84.822,429
A13375902,서울특별시,10,119140.46,92288.86,114.666,273
A13375903,서울특별시,5,28477.416,22802.254,84.762,14
A13375903,서울특별시,5,28477.416,22802.254,84.767,255
A13375904,서울특별시,1,12492.27,7209.54,30.42,237
A13375905,서울특별시,1,17325,10810.8,32.76,330
A13375906,서울특별시,6,34015.61,26725.37,59.596,7
A13375906,서울특별시,6,34015.61,26725.37,84.623,14
A13375906,서울특별시,6,34015.61,26725.37,84.65,72
A13375906,서울특별시,6,34015.61,26725.37,84.699,144
A13375906,서울특별시,6,34015.61,26725.37,84.96,20
A13375906,서울특별시,6,34015.61,26725.37,128.107,20
A13375906,서울특별시,6,34015.61,26725.37,128.534,20
A13375907,서울특별시,15,155684.16,117871.91,59.25,554
A13375907,서울특별시,15,155684.16,117871.91,59.84,100
A13375907,서울특별시,15,155684.16,117871.91,59.97,9
A13375907,서울특별시,15,155684.16,117871.91,59.98,37
A13375907,서울특별시,15,155684.16,117871.91,84.51,20
A13375907,서울특별시,15,155684.16,117871.91,84.73,260
A13375907,서울특별시,15,155684.16,117871.91,84.81,320
A13375907,서울특별시,15,155684.16,117871.91,113.52,100
A13375907,서울특별시,15,155684.16,117871.91,113.74,39
A13375907,서울특별시,15,155684.16,117871.91,134.13,72
A13375908,서울특별시,3,19472.59,12393.8,39.98,310
A13376702,서울특별시,8,63269.7,50321.6,58.72,22
A13376702,서울특별시,8,63269.7,50321.6,63.13,12
A13376702,서울특별시,8,63269.7,50321.6,71.05,164
A13376702,서울특별시,8,63269.7,50321.6,75.37,30
A13376702,서울특별시,8,63269.7,50321.6,77.32,20
A13376702,서울특별시,8,63269.7,50321.6,84.9,108
A13376702,서울특별시,8,63269.7,50321.6,104.38,60
A13376702,서울특별시,8,63269.7,50321.6,104.41,60
A13376702,서울특별시,8,63269.7,50321.6,123.51,90
A13383801,서울특별시,9,66451.5,54099.88,84.86,248
A13383801,서울특별시,9,66451.5,54099.88,114.72,34
A13383801,서울특별시,9,66451.5,54099.88,114.78,254
A13384403,서울특별시,5,56165.53,43288.52,27,171
A13384403,서울특별시,5,56165.53,43288.52,59.9,76
A13384403,서울특별시,5,56165.53,43288.52,84.92,146
A13384403,서울특별시,5,56165.53,43288.52,114.32,190
A10020466,서울특별시,3,32810.043,23543.178,44.9812,32
A10020466,서울특별시,3,32810.043,23543.178,44.9997,32
A10020466,서울특별시,3,32810.043,23543.178,59.8109,108
A10020466,서울특별시,3,32810.043,23543.178,59.8279,128
A10020466,서울특별시,3,32810.043,23543.178,59.8788,64
A10020466,서울특별시,3,32810.043,23543.178,84.8124,32
A10022175,서울특별시,1,13546.1,10034.625,59.74,59
A10022175,서울특별시,1,13546.1,10034.625,84.545,77
A10024886,서울특별시,1,4898.21,2833.22,14.56,136
A10024886,서울특별시,1,4898.21,2833.22,21.92,17
A10024886,서울특별시,1,4898.21,2833.22,28.26,17
A13308004,서울특별시,9,70581.695,53196.96,59.91,176
A13308004,서울특별시,9,70581.695,53196.96,79.8,336
A13308004,서울특별시,9,70581.695,53196.96,120,132
A13308005,서울특별시,10,103283.92,81622.8,63.18,75
A13308005,서울특별시,10,103283.92,81622.8,75.51,360
A13308005,서울특별시,10,103283.92,81622.8,113.71,270
A13308005,서울특별시,10,103283.92,81622.8,126.66,150
A13376906,서울특별시,14,118463.336,92221.54,59.76,480
A13376906,서울특별시,14,118463.336,92221.54,84.42,441
A13376906,서울특별시,14,118463.336,92221.54,114.88,229
A13385202,서울특별시,3,41441.32,30816.58,59.91,156
A13385202,서울특별시,3,41441.32,30816.58,84.53,254
A13385301,서울특별시,5,39484.85,29909.4,59.98,162
A13385301,서울특별시,5,39484.85,29909.4,84.65,46
A13385301,서울특별시,5,39484.85,29909.4,84.83,96
A13385301,서울특별시,5,39484.85,29909.4,114.86,71
A13385303,서울특별시,4,43582.414,32040.06,59.97,210
A13385303,서울특별시,4,43582.414,32040.06,76.67,24
A13385303,서울특별시,4,43582.414,32040.06,76.76,24
A13385303,서울특별시,4,43582.414,32040.06,84.81,148
A13385303,서울특별시,4,43582.414,32040.06,114.72,28
A10026900,서울특별시,6,60136.99,43699.15,38.19,75
A10026900,서울특별시,6,60136.99,43699.15,44.41,51
A10026900,서울특별시,6,60136.99,43699.15,51.91,18
A10026900,서울특별시,6,60136.99,43699.15,51.94,34
A10026900,서울특별시,6,60136.99,43699.15,59.99,384
A10026900,서울특별시,6,60136.99,43699.15,84.99,151
A10027289,서울특별시,30,242190.52,161234.05,40.94,144
A10027289,서울특별시,30,242190.52,161234.05,59.59,69
A10027289,서울특별시,30,242190.52,161234.05,59.66,23
A10027289,서울특별시,30,242190.52,161234.05,59.93,96
A10027289,서울특별시,30,242190.52,161234.05,59.94,209
A10027289,서울특별시,30,242190.52,161234.05,59.95,92
A10027289,서울특별시,30,242190.52,161234.05,59.96,7
A10027289,서울특별시,30,242190.52,161234.05,59.99,138
A10027289,서울특별시,30,242190.52,161234.05,84.77,96
A10027289,서울특별시,30,242190.52,161234.05,84.89,16
A10027289,서울특별시,30,242190.52,161234.05,84.95,11
A10027289,서울특별시,30,242190.52,161234.05,84.96,610
A10027289,서울특별시,30,242190.52,161234.05,84.98,103
A10027289,서울특별시,30,242190.52,161234.05,84.99,312
A10027289,서울특별시,30,242190.52,161234.05,115.99,171
A10027432,서울특별시,3,7624,19597.018,59.851,42
A10027432,서울특별시,3,7624,19597.018,64.236,62
A10027432,서울특별시,3,7624,19597.018,64.244,28
A10027432,서울특별시,3,7624,19597.018,68.11,19
A10027432,서울특별시,3,7624,19597.018,68.733,15
A10027432,서울특별시,3,7624,19597.018,73.765,2
A10027432,서울특별시,3,7624,19597.018,84.89,13
A10027432,서울특별시,3,7624,19597.018,84.897,91
A10027920,서울특별시,18,164363.52,129089.76,59.75,30
A10027920,서울특별시,18,164363.52,129089.76,59.88,142
A10027920,서울특별시,18,164363.52,129089.76,72.52,50
A10027920,서울특별시,18,164363.52,129089.76,84.88,361
A10027920,서울특별시,18,164363.52,129089.76,84.92,47
A10027920,서울특별시,18,164363.52,129089.76,84.96,381
A10027920,서울특별시,18,164363.52,129089.76,84.97,18
A10027920,서울특별시,18,164363.52,129089.76,129.34,204
A10027920,서울특별시,18,164363.52,129089.76,148.8,36
A10027920,서울특별시,18,164363.52,129089.76,148.94,100
A13302001,서울특별시,7,105004.95,80285.7,71.33,90
A13302001,서울특별시,7,105004.95,80285.7,84.94,336
A13302001,서울특별시,7,105004.95,80285.7,114.46,396
A13302201,서울특별시,3,27381.76,21120.66,59.76,66
A13302201,서울특별시,3,27381.76,21120.66,84.96,111
A13302201,서울특별시,3,27381.76,21120.66,112.26,69
A13302203,서울특별시,3,34387.05,34387.05,59.4,136
A13302203,서울특별시,3,34387.05,34387.05,72.72,9
A13302203,서울특별시,3,34387.05,34387.05,84.33,171
A13302203,서울특별시,3,34387.05,34387.05,114.63,98
A13302204,서울특별시,6,52607.18,39537.56,59.79,137
A13302204,서울특별시,6,52607.18,39537.56,84.97,185
A13302204,서울특별시,6,52607.18,39537.56,114.73,18
A13302204,서울특별시,6,52607.18,39537.56,114.93,118
A13302206,서울특별시,15,74697.055,59930.055,59.936,339
A13302206,서울특별시,15,74697.055,59930.055,84.417,280
A13302206,서울특별시,15,74697.055,59930.055,114.928,139
A13377301,서울특별시,1,9322.71,6257.16,32.76,191
A13377302,서울특별시,1,17160.62,8976.24,32.76,274
A13385705,서울특별시,5,41769.42,41769.42,62.41,90
A13385705,서울특별시,5,41769.42,41769.42,70.12,12
A13385705,서울특별시,5,41769.42,41769.42,75.2,141
A13385705,서울특별시,5,41769.42,41769.42,88.76,4
A13385705,서울특별시,5,41769.42,41769.42,94.46,115
A13385705,서울특별시,5,41769.42,41769.42,106.67,4
A13385705,서울특별시,5,41769.42,41769.42,114.59,114
A13385802,서울특별시,3,23453.59,23428.336,84.495,148
A13385802,서울특별시,3,23453.59,23428.336,84.675,129
A13388001,서울특별시,2,20598.9,13719,26.9,510
A10024464,서울특별시,1,18078.1,7330.22,16.41,83
A10024464,서울특별시,1,18078.1,7330.22,21.81,124
A10024464,서울특별시,1,18078.1,7330.22,33.48,1
A10024464,서울특별시,1,18078.1,7330.22,34.64,40
A10024464,서울특별시,1,18078.1,7330.22,36.17,51
A10026207,서울특별시,7,106408.35,80377.23,36.06,85
A10026207,서울특별시,7,106408.35,80377.23,44.44,71
A10026207,서울특별시,7,106408.35,80377.23,53.13,20
A10026207,서울특별시,7,106408.35,80377.23,59.97,150
A10026207,서울특별시,7,106408.35,80377.23,84.9,222
A10026207,서울특별시,7,106408.35,80377.23,84.95,66
A10026207,서울특별시,7,106408.35,80377.23,84.96,222
A10026207,서울특별시,7,106408.35,80377.23,84.98,68
A10026207,서울특별시,7,106408.35,80377.23,108.82,60
A10026207,서울특별시,7,106408.35,80377.23,108.93,30
A10026207,서울특별시,7,106408.35,80377.23,128.52,30
A10026207,서울특별시,7,106408.35,80377.23,130.69,6
A10026207,서울특별시,7,106408.35,80377.23,141.87,2
A10026207,서울특별시,7,106408.35,80377.23,141.96,1
A10026207,서울특별시,7,106408.35,80377.23,141.99,1
A13307001,서울특별시,2,23529.2,18310.77,59.94,120
A13307001,서울특별시,2,23529.2,18310.77,84.87,131
A13307002,서울특별시,9,34866.105,35458.55,59.68,143
A13307002,서울특별시,9,34866.105,35458.55,59.81,48
A13307002,서울특별시,9,34866.105,35458.55,84.74,165
A13307002,서울특별시,9,34866.105,35458.55,84.81,50
A13307002,서울특별시,9,34866.105,35458.55,114.33,51
A13307003,서울특별시,3,67382.42,47508.13,84.06,78
A13307003,서울특별시,3,67382.42,47508.13,84.18,105
A13307003,서울특별시,3,67382.42,47508.13,92.08,78
A13307003,서울특별시,3,67382.42,47508.13,92.24,79
A13307003,서울특별시,3,67382.42,47508.13,101.45,79
A13307003,서울특별시,3,67382.42,47508.13,114.4,26
A13307003,서울특별시,3,67382.42,47508.13,114.55,24
A13307003,서울특별시,3,67382.42,47508.13,150.2,26
A13307101,서울특별시,7,57515.46,46914.66,67.92,48
A13307101,서울특별시,7,57515.46,46914.66,84.09,150
A13307101,서울특별시,7,57515.46,46914.66,84.93,150
A13307101,서울특별시,7,57515.46,46914.66,122.01,150
A13307201,서울특별시,3,17813.12,15995.12,59.27,100
A13307201,서울특별시,3,17813.12,15995.12,84.94,78
A13307201,서울특별시,3,17813.12,15995.12,114.76,30
A13307202,서울특별시,9,62049.58,47802.69,59.94,15
A13307202,서울특별시,9,62049.58,47802.69,59.97,323
A13307202,서울특별시,9,62049.58,47802.69,76.41,30
A13307202,서울특별시,9,62049.58,47802.69,76.71,28
A13307202,서울특별시,9,62049.58,47802.69,84.96,60
A13307202,서울특별시,9,62049.58,47802.69,84.99,90
A13307202,서울특별시,9,62049.58,47802.69,114.96,90
A13307204,서울특별시,31,253682.6,205887.78,59.96,705
A13307204,서울특별시,31,253682.6,205887.78,84.87,1034
A13307204,서울특별시,31,253682.6,205887.78,114.94,660
A13373101,서울특별시,1,6776.58,4464.72,28.08,159
A13377703,서울특별시,21,236231.22,178375.03,59.96,748
A13377703,서울특별시,21,236231.22,178375.03,84.71,805
A13377703,서울특별시,21,236231.22,178375.03,114.62,570
A13377901,서울특별시,6,29042.44,26005.73,59.99,181
A13377901,서울특별시,6,29042.44,26005.73,70.76,12
A13377901,서울특별시,6,29042.44,26005.73,84.99,129
A13377901,서울특별시,6,29042.44,26005.73,114.99,29
A13377902,서울특별시,4,55164.45,32923.8,32.76,1005
A13377903,서울특별시,4,29854.553,23994.88,32.96,728
A13386702,서울특별시,19,150675.98,117322.54,59.91,282
A13386702,서울특별시,19,150675.98,117322.54,59.94,188
A13386702,서울특별시,19,150675.98,117322.54,84.95,630
A13386702,서울특별시,19,150675.98,117322.54,114.97,310
A10024762,서울특별시,1,10314.11,8557.38,74.63,1
A10024762,서울특별시,1,10314.11,8557.38,78.27,1
A10024762,서울특별시,1,10314.11,8557.38,80.5,1
A10024762,서울특별시,1,10314.11,8557.38,83.19,2
A10024762,서울특별시,1,10314.11,8557.38,84.94,12
A10024762,서울특별시,1,10314.11,8557.38,84.98,84
A10023926,서울특별시,19,186816.81,139560.81,38.017,170
A10023926,서울특별시,19,186816.81,139560.81,43.6305,141
A10023926,서울특별시,19,186816.81,139560.81,53.3148,40
A10023926,서울특별시,19,186816.81,139560.81,59.7812,251
A10023926,서울특별시,19,186816.81,139560.81,59.8745,342
A10023926,서울특별시,19,186816.81,139560.81,59.8826,197
A10023926,서울특별시,19,186816.81,139560.81,84.7694,346
A10023926,서울특별시,19,186816.81,139560.81,84.9756,40
A10023926,서울특별시,19,186816.81,139560.81,84.9757,424
A10023926,서울특별시,19,186816.81,139560.81,112.5059,78
A10025638,서울특별시,24,209678.81,150592.23,33.46,283
A10025638,서울특별시,24,209678.81,150592.23,49.18,143
A10025638,서울특별시,24,209678.81,150592.23,59.69,65
A10025638,서울특별시,24,209678.81,150592.23,59.9,302
A10025638,서울특별시,24,209678.81,150592.23,59.97,565
A10025638,서울특별시,24,209678.81,150592.23,59.99,274
A10025638,서울특별시,24,209678.81,150592.23,73.92,50
A10025638,서울특별시,24,209678.81,150592.23,84.66,148
A10025638,서울특별시,24,209678.81,150592.23,84.9,123
A10025638,서울특별시,24,209678.81,150592.23,84.95,186
A10025638,서울특별시,24,209678.81,150592.23,84.98,122
A10025638,서울특별시,24,209678.81,150592.23,84.99,42
A10025638,서울특별시,24,209678.81,150592.23,101.95,6
A10025638,서울특별시,24,209678.81,150592.23,109.98,38
A10025638,서울특별시,24,209678.81,150592.23,120.64,5
A10025753,서울특별시,5,40909.32,30115.004,59.8946,6
A10025753,서울특별시,5,40909.32,30115.004,59.9284,116
A10025753,서울특별시,5,40909.32,30115.004,59.9723,14
A10025753,서울특별시,5,40909.32,30115.004,73.9713,34
A10025753,서울특별시,5,40909.32,30115.004,84.93,61
A10025753,서울특별시,5,40909.32,30115.004,84.932,168
A13606006,서울특별시,1,11208.67,7226.82,32.98,32
A13606006,서울특별시,1,11208.67,7226.82,59.98,86
A13606006,서울특별시,1,11208.67,7226.82,72.37,14
A13611001,서울특별시,1,8321.4,8321.4,30.15,276
A13611002,서울특별시,2,14876.04,10464.9,34.883,300
A13611004,서울특별시,6,53526.93,53496.93,59.94,363
A13611004,서울특별시,6,53526.93,53496.93,84.13,120
A13611004,서울특별시,6,53526.93,53496.93,84.52,15
A13611004,서울특별시,6,53526.93,53496.93,84.86,15
A13611004,서울특별시,6,53526.93,53496.93,111.71,171
A13611005,서울특별시,12,99653.28,80164.67,59.373,299
A13611005,서울특별시,12,99653.28,80164.67,84.049,492
A13611005,서울특별시,12,99653.28,80164.67,113.226,186
A13611006,서울특별시,25,170104.47,132178.19,59.86,126
A13611006,서울특별시,25,170104.47,132178.19,59.97,371
A13611006,서울특별시,25,170104.47,132178.19,84.64,792
A13611006,서울특별시,25,170104.47,132178.19,102.38,76
A13611006,서울특별시,25,170104.47,132178.19,114.88,240
A13611007,서울특별시,34,226412.17,177326.05,59.77,144
A13611007,서울특별시,34,226412.17,177326.05,59.99,344
A13611007,서울특별시,34,226412.17,177326.05,84.97,1150
A13611007,서울특별시,34,226412.17,177326.05,114.73,394
A13611007,서울특별시,34,226412.17,177326.05,143.43,36
A13611008,서울특별시,24,160844.16,120961.51,59.9,38
A13611008,서울특별시,24,160844.16,120961.51,59.91,14
A13611008,서울특별시,24,160844.16,120961.51,59.99,489
A13611008,서울특별시,24,160844.16,120961.51,84.82,411
A13611008,서울특별시,24,160844.16,120961.51,84.92,124
A13611008,서울특별시,24,160844.16,120961.51,84.94,176
A13611008,서울특별시,24,160844.16,120961.51,114.98,163
A13611008,서울특별시,24,160844.16,120961.51,114.99,82
A13611011,서울특별시,15,111495.68,87251.6,59.92,56
A13611011,서울특별시,15,111495.68,87251.6,59.96,116
A13611011,서울특별시,15,111495.68,87251.6,59.98,106
A13611011,서울특별시,15,111495.68,87251.6,84.78,106
A13611011,서울특별시,15,111495.68,87251.6,84.95,116
A13611011,서울특별시,15,111495.68,87251.6,84.96,262
A13611011,서울특별시,15,111495.68,87251.6,114.86,162
A13611011,서울특별시,15,111495.68,87251.6,114.91,50
A13611011,서울특별시,15,111495.68,87251.6,134.99,38
A13611102,서울특별시,2,8632.02,8632.02,30.61,282
A13611103,서울특별시,15,109096.06,91018.04,59.99,452
A13611103,서울특별시,15,109096.06,91018.04,84.96,449
A13611103,서울특별시,15,109096.06,91018.04,114.98,224
A13611201,서울특별시,11,58690.72,45717.18,59.75,201
A13611201,서울특별시,11,58690.72,45717.18,84.96,252
A13611201,서울특별시,11,58690.72,45717.18,114.93,107
A13611202,서울특별시,18,152117.12,117575.27,59.998,373
A13611202,서울특별시,18,152117.12,117575.27,84.844,671
A13611202,서울특별시,18,152117.12,117575.27,114.912,333
A13679402,서울특별시,3,12066.12,8053.76,33.28,242
A13679403,서울특별시,6,49974.14,37581.26,59.98,68
A13679403,서울특별시,6,49974.14,37581.26,59.99,63
A13679403,서울특별시,6,49974.14,37581.26,84.96,119
A13679403,서울특별시,6,49974.14,37581.26,84.99,109
A13679403,서울특별시,6,49974.14,37581.26,114.99,90
A13680701,서울특별시,3,24091.44,19001.16,68.14,96
A13680701,서울특별시,3,24091.44,19001.16,79.87,156
A10025140,서울특별시,2,16066.22,11764.32,74.97,5
A10025140,서울특별시,2,16066.22,11764.32,75.89,15
A10025140,서울특별시,2,16066.22,11764.32,84.72,121
A10027227,서울특별시,10,60662.92,45975.137,39.1474,47
A10027227,서울특별시,10,60662.92,45975.137,46.5224,48
A10027227,서울특별시,10,60662.92,45975.137,51.5,12
A10027227,서울특별시,10,60662.92,45975.137,59.8327,12
A10027227,서울특별시,10,60662.92,45975.137,59.8616,63
A10027227,서울특별시,10,60662.92,45975.137,59.9342,64
A10027227,서울특별시,10,60662.92,45975.137,84.757,64
A10027227,서울특별시,10,60662.92,45975.137,84.8576,64
A10027227,서울특별시,10,60662.92,45975.137,84.869,47
A10027227,서울특별시,10,60662.92,45975.137,84.8778,96
A10027227,서울특별시,10,60662.92,45975.137,84.9594,96
A10027227,서울특별시,10,60662.92,45975.137,113.1578,16
A10028001,서울특별시,6,44141.2,34301.02,34.35,63
A10028001,서울특별시,6,44141.2,34301.02,34.61,21
A10028001,서울특별시,6,44141.2,34301.02,59.5,88
A10028001,서울특별시,6,44141.2,34301.02,59.84,88
A10028001,서울특별시,6,44141.2,34301.02,84.77,36
A10028001,서울특별시,6,44141.2,34301.02,84.8,40
A10028001,서울특별시,6,44141.2,34301.02,84.88,40
A10028001,서울특별시,6,44141.2,34301.02,84.94,40
A10028001,서울특별시,6,44141.2,34301.02,84.98,34
A10028001,서울특별시,6,44141.2,34301.02,119.56,40
A13606002,서울특별시,8,35861.453,28746.488,84.413,13
A13606002,서울특별시,8,35861.453,28746.488,84.723,13
A13606002,서울특별시,8,35861.453,28746.488,84.817,313
A13606003,서울특별시,11,85634.03,73211.34,59.52,15
A13606003,서울특별시,11,85634.03,73211.34,84.98,295
A13606003,서울특별시,11,85634.03,73211.34,117.16,271
A13606003,서울특별시,11,85634.03,73211.34,143.51,108
A13606004,서울특별시,30,492390.9,387754.78,59.58,684
A13606004,서울특별시,30,492390.9,387754.78,68.13,507
A13606004,서울특별시,30,492390.9,387754.78,84.87,986
A13606004,서울특별시,30,492390.9,387754.78,113.67,480
A13606004,서울특별시,30,492390.9,387754.78,132,1
A13606004,서울특별시,30,492390.9,387754.78,132.96,1007
A13606004,서울특별시,30,492390.9,387754.78,152.25,264
A13606005,서울특별시,1,24925.5,18844.2,32.49,580
A13606101,서울특별시,5,51898.855,40803.53,59.64,84
A13606101,서울특별시,5,51898.855,40803.53,84.68,243
A13606101,서울특별시,5,51898.855,40803.53,114.41,133
A13606102,서울특별시,5,52509.086,40840,59.79,202
A13606102,서울특별시,5,52509.086,40840,84.92,179
A13606102,서울특별시,5,52509.086,40840,114.93,118
A13606105,서울특별시,1,15322.383,9959.07,32.23,309
A13606106,서울특별시,2,34062.816,23912.64,32.49,736
A13606107,서울특별시,7,139342.7,112477.05,59.4,298
A13606107,서울특별시,7,139342.7,112477.05,84.59,585
A13606107,서울특별시,7,139342.7,112477.05,114.66,395
A13606201,서울특별시,16,106528.21,80428.48,59.99,514
A13606201,서울특별시,16,106528.21,80428.48,65.95,17
A13606201,서울특별시,16,106528.21,80428.48,84.97,465
A13606201,서울특별시,16,106528.21,80428.48,114.89,78
A13679902,서울특별시,6,19450.88,15886.26,59.38,65
A13679902,서울특별시,6,19450.88,15886.26,59.92,24
A13679902,서울특별시,6,19450.88,15886.26,84.54,48
A13679902,서울특별시,6,19450.88,15886.26,84.74,24
A13679902,서울특별시,6,19450.88,15886.26,112.42,40
A13679903,서울특별시,6,26169.97,21046.86,84.98,96
A13679903,서울특별시,6,26169.97,21046.86,126.88,32
A13679903,서울특별시,6,26169.97,21046.86,132.43,31
A13679903,서울특별시,6,26169.97,21046.86,143.13,33
A13681303,서울특별시,9,65117.76,48580.22,80.54,302
A13681303,서울특별시,9,65117.76,48580.22,81.82,96
A13681303,서울특별시,9,65117.76,48580.22,115.51,142
A13681304,서울특별시,6,53602.31,39755.03,41.58,175
A13681304,서울특별시,6,53602.31,39755.03,55.89,29
A13681304,서울특별시,6,53602.31,39755.03,56.7,80
A13681304,서울특별시,6,53602.31,39755.03,68.76,127
A13681304,서울특별시,6,53602.31,39755.03,84.39,120
A13681304,서울특별시,6,53602.31,39755.03,84.8,88
A13603401,서울특별시,3,28076.81,26078.24,58.59,204
A13603401,서울특별시,3,28076.81,26078.24,84.87,66
A13603401,서울특별시,3,28076.81,26078.24,111.55,67
A13603401,서울특별시,3,28076.81,26078.24,114.72,3
A13603401,서울특별시,3,28076.81,26078.24,126.57,1
A13603401,서울특별시,3,28076.81,26078.24,144.97,4
A13603701,서울특별시,9,43035.76,33555.53,59.91,170
A13603701,서울특별시,9,43035.76,33555.53,84.95,159
A13603701,서울특별시,9,43035.76,33555.53,106.27,9
A13603701,서울특별시,9,43035.76,33555.53,114.97,53
A13603701,서울특별시,9,43035.76,33555.53,156.33,18
A13603501,서울특별시,2,26882.66,21517.273,68.616,18
A13603501,서울특별시,2,26882.66,21517.273,84.849,22
A13603501,서울특별시,2,26882.66,21517.273,84.958,152
A13603501,서울특별시,2,26882.66,21517.273,125.043,44
A13603702,서울특별시,4,20946.11,15382.27,59.95,27
A13603702,서울특별시,4,20946.11,15382.27,59.96,53
A13603702,서울특별시,4,20946.11,15382.27,84.96,84
A13603702,서울특별시,4,20946.11,15382.27,114.97,30
A10023669,서울특별시,8,36913.957,28069.66,39.2024,70
A10023669,서울특별시,8,36913.957,28069.66,59.7918,327
A10023669,서울특별시,8,36913.957,28069.66,84.9055,68
A13608301,서울특별시,8,43424.64,33819.65,59.29,21
A13608301,서울특별시,8,43424.64,33819.65,59.49,69
A13608301,서울특별시,8,43424.64,33819.65,59.65,86
A13608301,서울특별시,8,43424.64,33819.65,84.3,90
A13608301,서울특별시,8,43424.64,33819.65,84.57,105
A13608301,서울특별시,8,43424.64,33819.65,114.55,60
A13677401,서울특별시,7,46273.12,35723.91,31.483,79
A13677401,서울특별시,7,46273.12,35723.91,59.663,14
A13677401,서울특별시,7,46273.12,35723.91,84.411,30
A13677401,서울특별시,7,46273.12,35723.91,84.774,117
A13677401,서울특별시,7,46273.12,35723.91,84.904,112
A13677401,서울특별시,7,46273.12,35723.91,93.494,2
A13677401,서울특별시,7,46273.12,35723.91,116.721,57
A13677401,서울특별시,7,46273.12,35723.91,124.181,29
A13608401,서울특별시,2,27539.908,15010.746,59.754,12
A13608401,서울특별시,2,27539.908,15010.746,82.028,54
A13608401,서울특별시,2,27539.908,15010.746,82.388,14
A13608401,서울특별시,2,27539.908,15010.746,82.713,14
A13608401,서울특별시,2,27539.908,15010.746,82.945,12
A13608401,서울특별시,2,27539.908,15010.746,117.025,28
A13608401,서울특별시,2,27539.908,15010.746,117.169,28
A10027189,서울특별시,17,102268.74,73895.41,29.96,100
A10027189,서울특별시,17,102268.74,73895.41,45.81,184
A10027189,서울특별시,17,102268.74,73895.41,45.96,87
A10027189,서울특별시,17,102268.74,73895.41,51.58,21
A10027189,서울특별시,17,102268.74,73895.41,59.19,75
A10027189,서울특별시,17,102268.74,73895.41,59.81,183
A10027189,서울특별시,17,102268.74,73895.41,59.87,44
A10027189,서울특별시,17,102268.74,73895.41,72.9,42
A10027189,서울특별시,17,102268.74,73895.41,72.96,37
A10027189,서울특별시,17,102268.74,73895.41,72.97,124
A10027189,서울특별시,17,102268.74,73895.41,84.96,60
A10027189,서울특별시,17,102268.74,73895.41,84.99,229
A13608601,서울특별시,3,24297.05,18302.8,78.57,31
A13608601,서울특별시,3,24297.05,18302.8,84.41,14
A13608601,서울특별시,3,24297.05,18302.8,84.69,11
A13608601,서울특별시,3,24297.05,18302.8,84.9,162
A13672101,서울특별시,22,90403.08,74714.84,59.95,180
A13672101,서울특별시,22,90403.08,74714.84,84.53,24
A13672101,서울특별시,22,90403.08,74714.84,84.82,19
A13672101,서울특별시,22,90403.08,74714.84,84.83,336
A13672101,서울특별시,22,90403.08,74714.84,84.84,55
A13672101,서울특별시,22,90403.08,74714.84,84.88,52
A13672101,서울특별시,22,90403.08,74714.84,114.65,198
A13672102,서울특별시,9,37214.36,29637.83,56.83,152
A13672102,서울특별시,9,37214.36,29637.83,84.71,89
A13672102,서울특별시,9,37214.36,29637.83,84.72,12
A13672102,서울특별시,9,37214.36,29637.83,84.83,40
A13672102,서울특별시,9,37214.36,29637.83,84.98,20
A13672102,서울특별시,9,37214.36,29637.83,114.86,64
A13604301,서울특별시,1,10150.3,10150.3,35.58,265
A13604301,서울특별시,1,10150.3,10150.3,36.08,20
A13670801,서울특별시,7,48780.61,38615.33,59.94,28
A13670801,서울특별시,7,48780.61,38615.33,59.96,30
A13670801,서울특별시,7,48780.61,38615.33,59.97,30
A13670801,서울특별시,7,48780.61,38615.33,84.94,120
A13670801,서울특별시,7,48780.61,38615.33,84.95,108
A13670801,서울특별시,7,48780.61,38615.33,116.86,58
A13670801,서울특별시,7,48780.61,38615.33,118.72,3
A13670801,서울특별시,7,48780.61,38615.33,122.44,48
A13670801,서울특별시,7,48780.61,38615.33,179.71,1
A13670801,서울특별시,7,48780.61,38615.33,195.21,4
A13604401,서울특별시,5,46161.61,35129.16,59.94,200
A13604401,서울특별시,5,46161.61,35129.16,84.87,136
A13604401,서울특별시,5,46161.61,35129.16,114.84,101
A13612001,서울특별시,2,25709.092,19308.82,50.2,4
A13612001,서울특별시,2,25709.092,19308.82,51.5,4
A13612001,서울특별시,2,25709.092,19308.82,59.44,2
A13612001,서울특별시,2,25709.092,19308.82,59.64,85
A13612001,서울특별시,2,25709.092,19308.82,84.51,74
A13612001,서울특별시,2,25709.092,19308.82,111.4,32
A13612001,서울특별시,2,25709.092,19308.82,162.3,24
A13612002,서울특별시,15,136132.92,102767.33,59.95,511
A13612002,서울특별시,15,136132.92,102767.33,84.97,436
A13612002,서울특별시,15,136132.92,102767.33,114.66,306
A13678401,서울특별시,2,8782.02,8782.02,31.59,278
A10020602,서울특별시,1,7581.18,4900.09,15.6,1
A10020602,서울특별시,1,7581.18,4900.09,15.62,1
A10020602,서울특별시,1,7581.18,4900.09,15.64,13
A10020602,서울특별시,1,7581.18,4900.09,17,18
A10020602,서울특별시,1,7581.18,4900.09,18.07,26
A10020602,서울특별시,1,7581.18,4900.09,18.18,2
A10020602,서울특별시,1,7581.18,4900.09,19.66,1
A10020602,서울특별시,1,7581.18,4900.09,21.4,2
A10020602,서울특별시,1,7581.18,4900.09,21.47,13
A10020602,서울특별시,1,7581.18,4900.09,22.19,8
A10020602,서울특별시,1,7581.18,4900.09,22.84,1
A10020602,서울특별시,1,7581.18,4900.09,27.2,9
A10020602,서울특별시,1,7581.18,4900.09,31.55,10
A10020602,서울특별시,1,7581.18,4900.09,31.99,86
A10025283,서울특별시,14,101671.82,73098.17,39.01,80
A10025283,서울특별시,14,101671.82,73098.17,44.19,85
A10025283,서울특별시,14,101671.82,73098.17,59.42,68
A10025283,서울특별시,14,101671.82,73098.17,59.96,100
A10025283,서울특별시,14,101671.82,73098.17,59.98,371
A10025283,서울특별시,14,101671.82,73098.17,84.94,75
A10025283,서울특별시,14,101671.82,73098.17,84.97,138
A10025283,서울특별시,14,101671.82,73098.17,84.98,131
A10025283,서울특별시,14,101671.82,73098.17,109.38,43
A13615002,서울특별시,6,49248.45,37254.36,59.55,5
A13615002,서울특별시,6,49248.45,37254.36,59.94,177
A13615002,서울특별시,6,49248.45,37254.36,84.87,158
A13615002,서울특별시,6,49248.45,37254.36,112.23,15
A13615002,서울특별시,6,49248.45,37254.36,114.84,98
A13615003,서울특별시,25,216132.75,167184.47,54.55,134
A13615003,서울특별시,25,216132.75,167184.47,59.97,690
A13615003,서울특별시,25,216132.75,167184.47,84.9,805
A13615003,서울특별시,25,216132.75,167184.47,84.95,23
A13615003,서울특별시,25,216132.75,167184.47,134.97,296
A13615003,서울특별시,25,216132.75,167184.47,164.92,50
A13676101,서울특별시,13,47319.42,47319.42,59.9,211
A13676101,서울특별시,13,47319.42,47319.42,84.84,257
A13676101,서울특별시,13,47319.42,47319.42,114.97,112
A13676103,서울특별시,5,22517.22,17169.04,59.69,18
A13676103,서울특별시,5,22517.22,17169.04,59.93,16
A13676103,서울특별시,5,22517.22,17169.04,84.81,47
A13676103,서울특별시,5,22517.22,17169.04,84.83,24
A13676103,서울특별시,5,22517.22,17169.04,84.92,57
A13676103,서울특별시,5,22517.22,17169.04,115.43,21
A13676103,서울특별시,5,22517.22,17169.04,115.58,16
A13681701,서울특별시,3,33226.2,22592.85,59.79,165
A13681701,서울특별시,3,33226.2,22592.85,84.85,150
A13607101,서울특별시,12,52792.04,41676.176,59.6983,232
A13607101,서울특별시,12,52792.04,41676.176,84.8681,206
A13607101,서울특별시,12,52792.04,41676.176,114.926,90
A10022341,서울특별시,4,17816.156,13849.54,49.56,56
A10022341,서울특별시,4,17816.156,13849.54,65.88,18
A10022341,서울특별시,4,17816.156,13849.54,75.24,11
A10022341,서울특별시,4,17816.156,13849.54,75.65,34
A10022341,서울특별시,4,17816.156,13849.54,75.99,34
A10022341,서울특별시,4,17816.156,13849.54,84.83,23
A10022341,서울특별시,4,17816.156,13849.54,84.95,23
A13607301,서울특별시,3,29563.52,28159.92,98.04,48
A13607301,서울특별시,3,29563.52,28159.92,98.68,40
A13607301,서울특별시,3,29563.52,28159.92,98.92,20
A13607301,서울특별시,3,29563.52,28159.92,174.68,24
A13607301,서울특별시,3,29563.52,28159.92,177.57,48
A13607301,서울특별시,3,29563.52,28159.92,200.53,24
A13607302,서울특별시,7,21477.86,18620.2,19.83,1
A13607302,서울특별시,7,21477.86,18620.2,20.83,1
A13607302,서울특별시,7,21477.86,18620.2,21.62,1
A13607302,서울특별시,7,21477.86,18620.2,22.21,2
A13607302,서울특별시,7,21477.86,18620.2,41.65,1
A13607302,서울특별시,7,21477.86,18620.2,42.61,28
A13607302,서울특별시,7,21477.86,18620.2,43.11,1
A13607302,서울특별시,7,21477.86,18620.2,43.17,14
A13607302,서울특별시,7,21477.86,18620.2,44.36,12
A13607302,서울특별시,7,21477.86,18620.2,44.4,12
A13607302,서울특별시,7,21477.86,18620.2,44.96,6
A13607302,서울특별시,7,21477.86,18620.2,45.92,6
A13607302,서울특별시,7,21477.86,18620.2,45.95,6
A13607302,서울특별시,7,21477.86,18620.2,46.55,6
A13607302,서울특별시,7,21477.86,18620.2,47.11,1
A13607302,서울특별시,7,21477.86,18620.2,47.27,14
A13607302,서울특별시,7,21477.86,18620.2,47.7,1
A13607302,서울특별시,7,21477.86,18620.2,47.87,14
A13607302,서울특별시,7,21477.86,18620.2,51.57,28
A13607302,서울특별시,7,21477.86,18620.2,51.93,7
A13607302,서울특별시,7,21477.86,18620.2,51.97,7
A13607302,서울특별시,7,21477.86,18620.2,52,14
A13607302,서울특별시,7,21477.86,18620.2,52.96,1
A13607302,서울특별시,7,21477.86,18620.2,54.31,28
A13607302,서울특별시,7,21477.86,18620.2,54.45,1
A13607302,서울특별시,7,21477.86,18620.2,54.88,28
A13607302,서울특별시,7,21477.86,18620.2,56.96,30
A13607302,서울특별시,7,21477.86,18620.2,58.45,5
A13607302,서울특별시,7,21477.86,18620.2,59.31,12
A13607302,서울특별시,7,21477.86,18620.2,59.83,6
A13607302,서울특별시,7,21477.86,18620.2,60.89,28
A13607302,서울특별시,7,21477.86,18620.2,60.93,14
A13607302,서울특별시,7,21477.86,18620.2,61.29,1
A13607302,서울특별시,7,21477.86,18620.2,61.92,14
A13607302,서울특별시,7,21477.86,18620.2,82.45,1
A13607302,서울특별시,7,21477.86,18620.2,151.17,1
A13607302,서울특별시,7,21477.86,18620.2,183.64,1
A10023569,서울특별시,3,9729.486,6868.595,38.996,30
A10023569,서울특별시,3,9729.486,6868.595,39.653,55
A10023569,서울특별시,3,9729.486,6868.595,39.975,88
A10024488,서울특별시,19,163491.55,118062.34,39,125
A10024488,서울특별시,19,163491.55,118062.34,40.47,137
A10024488,서울특별시,19,163491.55,118062.34,51.34,33
A10024488,서울특별시,19,163491.55,118062.34,59.1,433
A10024488,서울특별시,19,163491.55,118062.34,59.49,116
A10024488,서울특별시,19,163491.55,118062.34,76.15,112
A10024488,서울특별시,19,163491.55,118062.34,84.47,231
A10024488,서울특별시,19,163491.55,118062.34,84.48,482
A10024488,서울특별시,19,163491.55,118062.34,111.83,42
A10024702,서울특별시,1,14968.77,11360.05,41.41,4
A10024702,서울특별시,1,14968.77,11360.05,59.98,78
A10024702,서울특별시,1,14968.77,11360.05,79.81,2
A10024702,서울특별시,1,14968.77,11360.05,84.97,29
A10024702,서울특별시,1,14968.77,11360.05,106.13,1
A10024702,서울특별시,1,14968.77,11360.05,114.73,33
A10025245,서울특별시,16,114593.59,114593.59,36.14,123
A10025245,서울특별시,16,114593.59,114593.59,46.35,117
A10025245,서울특별시,16,114593.59,114593.59,51.62,36
A10025245,서울특별시,16,114593.59,114593.59,59.99,384
A10025245,서울특별시,16,114593.59,114593.59,84.94,614
A10025245,서울특별시,16,114593.59,114593.59,84.98,142
A10025245,서울특별시,16,114593.59,114593.59,101.72,96
A10025245,서울특별시,16,114593.59,114593.59,116.91,50
A10025259,서울특별시,1,8901.553,4466.122,14.7145,166
A10025259,서울특별시,1,8901.553,4466.122,15.2144,133
A10025461,서울특별시,10,92370.91,68537.42,39.9,71
A10025461,서울특별시,10,92370.91,68537.42,42.79,69
A10025461,서울특별시,10,92370.91,68537.42,51.57,22
A10025461,서울특별시,10,92370.91,68537.42,59.92,194
A10025461,서울특별시,10,92370.91,68537.42,84.97,422
A10025461,서울특별시,10,92370.91,68537.42,84.98,134
A10025461,서울특별시,10,92370.91,68537.42,101.79,27
A10026571,서울특별시,5,48954.86,35478.24,32.22,40
A10026571,서울특별시,5,48954.86,35478.24,40.24,37
A10026571,서울특별시,5,48954.86,35478.24,50.23,15
A10026571,서울특별시,5,48954.86,35478.24,59.35,77
A10026571,서울특별시,5,48954.86,35478.24,59.5,25
A10026571,서울특별시,5,48954.86,35478.24,59.92,48
A10026571,서울특별시,5,48954.86,35478.24,84.71,102
A10026571,서울특별시,5,48954.86,35478.24,84.84,22
A10026571,서울특별시,5,48954.86,35478.24,84.87,144
A10026571,서울특별시,5,48954.86,35478.24,93.37,1
A10026571,서울특별시,5,48954.86,35478.24,94.28,1
A10026571,서울특별시,5,48954.86,35478.24,97.67,1
A13614001,서울특별시,9,67923.68,52852.086,59.988,124
A13614001,서울특별시,9,67923.68,52852.086,84.843,348
A13614001,서울특별시,9,67923.68,52852.086,103.526,58
A13614001,서울특별시,9,67923.68,52852.086,122.021,81
A13614301,서울특별시,3,11251.1,11251.1,39.34,128
A13614301,서울특별시,3,11251.1,11251.1,49.33,126
A13614302,서울특별시,7,37772,29968.36,59.97,40
A13614302,서울특별시,7,37772,29968.36,59.98,29
A13614302,서울특별시,7,37772,29968.36,84.89,42
A13614302,서울특별시,7,37772,29968.36,84.98,262
A10022655,서울특별시,2,15120.203,3920.647,12.2528,4
A10022655,서울특별시,2,15120.203,3920.647,12.2944,4
A10022655,서울특별시,2,15120.203,3920.647,13.8694,3
A10022655,서울특별시,2,15120.203,3920.647,13.8807,6
A10022655,서울특별시,2,15120.203,3920.647,14.5408,4
A10022655,서울특별시,2,15120.203,3920.647,14.8963,4
A10022655,서울특별시,2,15120.203,3920.647,14.9748,15
A10022655,서울특별시,2,15120.203,3920.647,15.2641,12
A10022655,서울특별시,2,15120.203,3920.647,15.8497,15
A10022655,서울특별시,2,15120.203,3920.647,15.8893,15
A10022655,서울특별시,2,15120.203,3920.647,16.0766,8
A10022655,서울특별시,2,15120.203,3920.647,16.4372,4
A10022655,서울특별시,2,15120.203,3920.647,16.4418,3
A10022655,서울특별시,2,15120.203,3920.647,16.5643,12
A10022655,서울특별시,2,15120.203,3920.647,16.909,3
A10022655,서울특별시,2,15120.203,3920.647,17.0887,4
A10022655,서울특별시,2,15120.203,3920.647,17.1045,31
A10022655,서울특별시,2,15120.203,3920.647,17.5603,4
A10022655,서울특별시,2,15120.203,3920.647,18.1744,4
A10022655,서울특별시,2,15120.203,3920.647,19.0417,4
A10022655,서울특별시,2,15120.203,3920.647,19.1823,16
A10022655,서울특별시,2,15120.203,3920.647,19.2272,4
A10022655,서울특별시,2,15120.203,3920.647,19.2516,4
A10022655,서울특별시,2,15120.203,3920.647,19.7336,4
A10022655,서울특별시,2,15120.203,3920.647,20.5104,24
A10022655,서울특별시,2,15120.203,3920.647,20.5108,4
A10022655,서울특별시,2,15120.203,3920.647,21.2677,4
A10022655,서울특별시,2,15120.203,3920.647,21.9867,4
A10022655,서울특별시,2,15120.203,3920.647,24.4947,4
A10024056,서울특별시,2,15507.87,12354.97,94.59,93
A10024056,서울특별시,2,15507.87,12354.97,104.65,34
A10024237,서울특별시,3,9340.7,4042.31,19.7,58
A10024237,서울특별시,3,9340.7,4042.31,22.26,47
A10024237,서울특별시,3,9340.7,4042.31,26.15,20
A10024237,서울특별시,3,9340.7,4042.31,26.39,16
A10024237,서울특별시,3,9340.7,4042.31,36.33,25
A10028000,서울특별시,8,35089,25759.7,31.22,23
A10028000,서울특별시,8,35089,25759.7,39.78,1
A10028000,서울특별시,8,35089,25759.7,41.19,12
A10028000,서울특별시,8,35089,25759.7,42.6,12
A10028000,서울특별시,8,35089,25759.7,51.57,12
A10028000,서울특별시,8,35089,25759.7,52.88,5
A10028000,서울특별시,8,35089,25759.7,59.63,58
A10028000,서울특별시,8,35089,25759.7,63.4,4
A10028000,서울특별시,8,35089,25759.7,63.73,2
A10028000,서울특별시,8,35089,25759.7,63.82,2
A10028000,서울특별시,8,35089,25759.7,84.56,185
A10028000,서울특별시,8,35089,25759.7,84.89,4
A10028000,서울특별시,8,35089,25759.7,109.06,29
A13610001,서울특별시,1,20549.15,15040.87,59.94,84
A13610001,서울특별시,1,20549.15,15040.87,84.92,95
A13610001,서울특별시,1,20549.15,15040.87,114.03,17
A13610003,서울특별시,3,24603.898,18789.857,84.307,78
A13610003,서울특별시,3,24603.898,18789.857,84.535,12
A13610003,서울특별시,3,24603.898,18789.857,84.728,15
A13610003,서울특별시,3,24603.898,18789.857,84.823,40
A13610003,서울특별시,3,24603.898,18789.857,84.853,39
A13610003,서울특별시,3,24603.898,18789.857,84.88,11
A13610003,서울특별시,3,24603.898,18789.857,84.915,27
A13610004,서울특별시,2,18295.2,14781.8,52.89,220
A13610004,서울특별시,2,18295.2,14781.8,71.5,44
A13610005,서울특별시,19,55613.04,41787.56,59.98,222
A13610005,서울특별시,19,55613.04,41787.56,84.97,200
A13610005,서울특별시,19,55613.04,41787.56,114.78,100
A13610007,서울특별시,28,205962,159726.42,59.88,635
A13610007,서울특별시,28,205962,159726.42,60,192
A13610007,서울특별시,28,205962,159726.42,84.09,670
A13610007,서울특별시,28,205962,159726.42,84.24,18
A13610007,서울특별시,28,205962,159726.42,114.75,456
A13610102,서울특별시,3,28130.6,21292.04,84.65,156
A13610102,서울특별시,3,28130.6,21292.04,84.98,8
A13610102,서울특별시,3,28130.6,21292.04,84.99,20
A13610102,서울특별시,3,28130.6,21292.04,109.75,52
A13610103,서울특별시,7,38816.53,29122.42,59.94,41
A13610103,서울특별시,7,38816.53,29122.42,84.92,314
A13610107,서울특별시,8,87264.67,67321.99,45.77,42
A13610107,서울특별시,8,87264.67,67321.99,50.45,81
A13610107,서울특별시,8,87264.67,67321.99,59.59,275
A13610107,서울특별시,8,87264.67,67321.99,84.87,61
A13610107,서울특별시,8,87264.67,67321.99,84.88,209
A13610107,서울특별시,8,87264.67,67321.99,114.63,192
A13610201,서울특별시,4,17057.24,13436.64,59.9627,37
A13610201,서울특별시,4,17057.24,13436.64,84.9819,72
A13610201,서울특별시,4,17057.24,13436.64,84.9823,10
A13610201,서울특별시,4,17057.24,13436.64,84.99,50
A13610202,서울특별시,7,40027.6,31979.87,59.98,180
A13610202,서울특별시,7,40027.6,31979.87,84.89,148
A13610202,서울특별시,7,40027.6,31979.87,114.93,75
A13610301,서울특별시,2,27965.623,20946.9,59.94,126
A13610301,서울특별시,2,27965.623,20946.9,84.91,38
A13610301,서울특별시,2,27965.623,20946.9,84.92,71
A13610301,서울특별시,2,27965.623,20946.9,114.96,36
A13676501,서울특별시,2,19455.3,14653.51,59.9,126
A13676501,서울특별시,2,19455.3,14653.51,84.49,19
A13676501,서울특별시,2,19455.3,14653.51,114.6,48
A13676504,서울특별시,3,42365.94,31086.64,59.9,210
A13676504,서울특별시,3,42365.94,31086.64,84.19,116
A13676504,서울특별시,3,42365.94,31086.64,109.27,80
A13676605,서울특별시,6,53099.35,39633.6,55.46,2
A13676605,서울특별시,6,53099.35,39633.6,59.42,284
A13676605,서울특별시,6,53099.35,39633.6,68.54,5
A13676605,서울특별시,6,53099.35,39633.6,84.44,94
A13676605,서울특별시,6,53099.35,39633.6,84.94,14
A13676605,서울특별시,6,53099.35,39633.6,104.97,2
A13676605,서울특별시,6,53099.35,39633.6,114.76,111
A13676605,서울특별시,6,53099.35,39633.6,114.94,2
A13676702,서울특별시,7,70513.28,53734.59,43.11,283
A13676702,서울특별시,7,70513.28,53734.59,59.98,198
A13676702,서울특별시,7,70513.28,53734.59,84.83,198
A13676702,서울특별시,7,70513.28,53734.59,114.84,112
A13676703,서울특별시,11,74088.29,58439.98,59.77,314
A13676703,서울특별시,11,74088.29,58439.98,85,305
A13676703,서울특별시,11,74088.29,58439.98,114.56,120
A13676704,서울특별시,2,17501.049,10876.32,32.76,332
A13677101,서울특별시,10,54875.074,41856.61,59.2,6
A13677101,서울특별시,10,54875.074,41856.61,59.37,208
A13677101,서울특별시,10,54875.074,41856.61,59.92,4
A13677101,서울특별시,10,54875.074,41856.61,84.09,76
A13677101,서울특별시,10,54875.074,41856.61,84.4,138
A13677101,서울특별시,10,54875.074,41856.61,114.08,23
A13677101,서울특별시,10,54875.074,41856.61,114.35,43
A13677101,서울특별시,10,54875.074,41856.61,114.96,29
A13677206,서울특별시,5,64870.85,64795.13,0,1
A13677206,서울특별시,5,64870.85,64795.13,46.65,114
A13677206,서울특별시,5,64870.85,64795.13,59.67,3
A13677206,서울특별시,5,64870.85,64795.13,59.97,70
A13677206,서울특별시,5,64870.85,64795.13,84.96,259
A13677206,서울특별시,5,64870.85,64795.13,84.99,338
A13677206,서울특별시,5,64870.85,64795.13,114.97,38
A13677807,서울특별시,3,22126.67,17703.14,59.9,32
A13677807,서울특별시,3,22126.67,17703.14,76.91,1
A13677807,서울특별시,3,22126.67,17703.14,77.25,2
A13677807,서울특별시,3,22126.67,17703.14,80.97,1
A13677807,서울특별시,3,22126.67,17703.14,83.71,16
A13677807,서울특별시,3,22126.67,17703.14,84.92,109
A13677807,서울특별시,3,22126.67,17703.14,84.97,34
A13677807,서울특별시,3,22126.67,17703.14,117.02,17
A13684306,서울특별시,9,75616.93,60603.984,43.92,16
A13684306,서울특별시,9,75616.93,60603.984,59.8188,38
A13684306,서울특별시,9,75616.93,60603.984,59.8473,2
A13684306,서울특별시,9,75616.93,60603.984,59.9786,18
A13684306,서울특별시,9,75616.93,60603.984,59.99,54
A13684306,서울특별시,9,75616.93,60603.984,73.28,57
A13684306,서울특별시,9,75616.93,60603.984,84.1926,15
A13684306,서울특별시,9,75616.93,60603.984,84.6824,301
A13684306,서울특별시,9,75616.93,60603.984,84.95,200
A13684306,서울특별시,9,75616.93,60603.984,100.3241,6
A13684306,서울특별시,9,75616.93,60603.984,122.847,38
A13684605,서울특별시,7,57022.4,42905.55,59.4,86
A13684605,서울특별시,7,57022.4,42905.55,59.94,64
A13684605,서울특별시,7,57022.4,42905.55,84.96,320
A13684605,서울특별시,7,57022.4,42905.55,114.81,59
A13684701,서울특별시,4,26211.12,19712.04,57.84,12
A13684701,서울특별시,4,26211.12,19712.04,59.26,123
A13684701,서울특별시,4,26211.12,19712.04,84.31,72
A13684701,서울특별시,4,26211.12,19712.04,84.71,18
A13684701,서울특별시,4,26211.12,19712.04,114.83,36
A13685104,서울특별시,7,43462.89,34271.34,59.98,101
A13685104,서울특별시,7,43462.89,34271.34,84.98,332
A10020419,서울특별시,1,20765.203,8220.227,21.8567,52
A10020419,서울특별시,1,20765.203,8220.227,23.2788,42
A10020419,서울특별시,1,20765.203,8220.227,23.952,56
A10020419,서울특별시,1,20765.203,8220.227,29.9699,70
A10020419,서울특별시,1,20765.203,8220.227,36.2201,56
A10020419,서울특별시,1,20765.203,8220.227,45.6027,14
A13609001,서울특별시,2,18220.52,13655.94,84.52,23
A13609001,서울특별시,2,18220.52,13655.94,84.54,20
A13609001,서울특별시,2,18220.52,13655.94,84.6,17
A13609001,서울특별시,2,18220.52,13655.94,84.98,101
A13671203,서울특별시,2,22236.84,16584.4,59.4,86
A13671203,서울특별시,2,22236.84,16584.4,75.5,152
A13671204,서울특별시,15,78755.24,63101.83,59.61,70
A13671204,서울특별시,15,78755.24,63101.83,59.675,185
A13671204,서울특별시,15,78755.24,63101.83,84.73,419
A13671204,서울특별시,15,78755.24,63101.83,114.698,108
A13671205,서울특별시,6,144121.95,111292.4,59.04,208
A13671205,서울특별시,6,144121.95,111292.4,59.86,230
A13671205,서울특별시,6,144121.95,111292.4,84.72,524
A13671205,서울특별시,6,144121.95,111292.4,114.75,356
A13671206,서울특별시,7,51945.05,40221.85,55.27,40
A13671206,서울특별시,7,51945.05,40221.85,59.73,157
A13671206,서울특별시,7,51945.05,40221.85,59.93,20
A13671206,서울특별시,7,51945.05,40221.85,84.98,220
A13671206,서울특별시,7,51945.05,40221.85,114.99,76
A13671207,서울특별시,2,30664.99,23377.158,59.67,133
A13671207,서울특별시,2,30664.99,23377.158,59.697,4
A13671207,서울특별시,2,30664.99,23377.158,84.96,106
A13671207,서울특별시,2,30664.99,23377.158,114.75,54
A13671208,서울특별시,14,101956.49,77438.66,59.92,102
A13671208,서울특별시,14,101956.49,77438.66,59.97,243
A13671208,서울특별시,14,101956.49,77438.66,84.92,116
A13671208,서울특별시,14,101956.49,77438.66,84.98,167
A13671208,서울특별시,14,101956.49,77438.66,84.99,163
A13671208,서울특별시,14,101956.49,77438.66,114.99,164
A13671209,서울특별시,10,90921.55,70992.57,59.98,224
A13671209,서울특별시,10,90921.55,70992.57,84.99,431
A13671209,서울특별시,10,90921.55,70992.57,114.98,182
A13671210,서울특별시,1,20288.414,12220.2,26.28,465
A13671211,서울특별시,2,9890.988,6505.16,31.05,120
A13671211,서울특별시,2,9890.988,6505.16,40.87,68
A13671212,서울특별시,2,8201.4,8201.4,39,82
A13671212,서울특별시,2,8201.4,8201.4,40.35,124
A13671213,서울특별시,6,38628.86,29752.18,34.69,68
A13671213,서울특별시,6,38628.86,29752.18,59.95,18
A13671213,서울특별시,6,38628.86,29752.18,59.98,97
A13671213,서울특별시,6,38628.86,29752.18,84.97,134
A13671213,서울특별시,6,38628.86,29752.18,119.87,76
A13686302,서울특별시,17,122064.59,94302.14,59.99,469
A13686302,서울특별시,17,122064.59,94302.14,84.95,473
A13686302,서울특별시,17,122064.59,94302.14,114.98,226
A10020292,서울특별시,1,18667.35,8273.231,16.4845,237
A10020292,서울특별시,1,18667.35,8273.231,18.1405,109
A10020292,서울특별시,1,18667.35,8273.231,33.7079,46
A10020292,서울특별시,1,18667.35,8273.231,36.4577,23
A10020750,서울특별시,1,13622.68,7663.53,16.46,116
A10020750,서울특별시,1,13622.68,7663.53,20.08,70
A10020750,서울특별시,1,13622.68,7663.53,37.32,22
A10020750,서울특별시,1,13622.68,7663.53,38.39,45
A10020750,서울특별시,1,13622.68,7663.53,39.13,46
A10021241,서울특별시,2,40041,18808.2,138.45,30
A10021241,서울특별시,2,40041,18808.2,151.17,30
A10021241,서울특별시,2,40041,18808.2,166.87,30
A10021241,서울특별시,2,40041,18808.2,170.45,30
A10022464,서울특별시,1,21418.74,15307.67,59.97,59
A10022464,서울특별시,1,21418.74,15307.67,84.56,19
A10022464,서울특별시,1,21418.74,15307.67,84.69,120
A10023322,서울특별시,1,2967.8,2961.32,15.52,16
A10023322,서울특별시,1,2967.8,2961.32,15.54,47
A10023322,서울특별시,1,2967.8,2961.32,15.55,16
A10023322,서울특별시,1,2967.8,2961.32,15.62,111
A10024661,서울특별시,2,14329.74,10703.86,64.82,9
A10024661,서울특별시,2,14329.74,10703.86,66.48,52
A10024661,서울특별시,2,14329.74,10703.86,66.94,13
A10024661,서울특별시,2,14329.74,10703.86,73.1,19
A10024661,서울특별시,2,14329.74,10703.86,84.7,52
A13613001,서울특별시,1,21418.74,15307.67,59.97,59
A13613001,서울특별시,1,21418.74,15307.67,84.56,19
A13613001,서울특별시,1,21418.74,15307.67,84.69,120
A13613002,서울특별시,1,9672.729,6936.71,33.19,209
A13613003,서울특별시,1,13701.6,9603.936,33.347,288
A13613004,서울특별시,2,32635.44,25844.89,84.14,83
A13613004,서울특별시,2,32635.44,25844.89,84.69,91
A13613004,서울특별시,2,32635.44,25844.89,84.99,26
A13613004,서울특별시,2,32635.44,25844.89,101.97,46
A13613004,서울특별시,2,32635.44,25844.89,106.28,26
A13613004,서울특별시,2,32635.44,25844.89,114.68,13
A13613005,서울특별시,5,72866.1,56282.6,59.88,380
A13613005,서울특별시,5,72866.1,56282.6,84.78,283
A13613005,서울특별시,5,72866.1,56282.6,114.88,41
A13613005,서울특별시,5,72866.1,56282.6,114.89,42
A13613006,서울특별시,11,119100.02,66007.71,59.98,272
A13613006,서울특별시,11,119100.02,66007.71,84.88,316
A13613006,서울특별시,11,119100.02,66007.71,114.93,199
A13613007,서울특별시,26,112636.336,112626.1,59.754,378
A13613007,서울특별시,26,112636.336,112626.1,84.589,796
A13613007,서울특별시,26,112636.336,112626.1,114.678,198
A13613008,서울특별시,30,236319.4,186069.98,0,1
A13613008,서울특별시,30,236319.4,186069.98,59.855,623
A13613008,서울특별시,30,236319.4,186069.98,84.647,148
A13613008,서울특별시,30,236319.4,186069.98,84.766,152
A13613008,서울특별시,30,236319.4,186069.98,84.843,628
A13613008,서울특별시,30,236319.4,186069.98,84.992,132
A13613008,서울특별시,30,236319.4,186069.98,114.752,513
A13613009,서울특별시,15,64480.98,49702.02,59.65,490
A13613009,서울특별시,15,64480.98,49702.02,84.73,174
A13613009,서울특별시,15,64480.98,49702.02,114.61,50
A13613010,서울특별시,4,21196.697,13766.106,30.057,458
A13613011,서울특별시,4,75686.81,61598.83,84.95,9
A13613011,서울특별시,4,75686.81,61598.83,84.97,18
A13613011,서울특별시,4,75686.81,61598.83,122.34,5
A13613011,서울특별시,4,75686.81,61598.83,126.6,196
A13613011,서울특별시,4,75686.81,61598.83,127.93,2
A13613011,서울특별시,4,75686.81,61598.83,129.62,2
A13613011,서울특별시,4,75686.81,61598.83,133.74,102
A13613011,서울특별시,4,75686.81,61598.83,178.84,50
A13613011,서울특별시,4,75686.81,61598.83,188.22,26
A13613011,서울특별시,4,75686.81,61598.83,189.07,26
A13613011,서울특별시,4,75686.81,61598.83,242.85,4
A13613012,서울특별시,1,30564.08,16083.78,66.61,20
A13613012,서울특별시,1,30564.08,16083.78,67.44,20
A13613012,서울특별시,1,30564.08,16083.78,84.54,40
A13613012,서울특별시,1,30564.08,16083.78,84.91,82
A13613012,서울특별시,1,30564.08,16083.78,84.96,36
A13613201,서울특별시,4,50736.05,28032.793,79.248,161
A13613201,서울특별시,4,50736.05,28032.793,79.346,12
A13613201,서울특별시,4,50736.05,28032.793,79.984,153
A13613201,서울특별시,4,50736.05,28032.793,80.16,26
A10021256,서울특별시,1,10157.4,7568.28,59.94,42
A10021256,서울특별시,1,10157.4,7568.28,73.2,3
A10021256,서울특별시,1,10157.4,7568.28,80.52,60
A10021390,서울특별시,1,6295.7,3412.06,25.05,32
A10021390,서울특별시,1,6295.7,3412.06,26.12,11
A10021390,서울특별시,1,6295.7,3412.06,26.8,1
A10021390,서울특별시,1,6295.7,3412.06,27.85,7
A10021390,서울특별시,1,6295.7,3412.06,28.55,1
A10021390,서울특별시,1,6295.7,3412.06,30.2,1
A10021390,서울특별시,1,6295.7,3412.06,30.5,3
A10021390,서울특별시,1,6295.7,3412.06,31,8
A10021390,서울특별시,1,6295.7,3412.06,32.87,5
A10021390,서울특별시,1,6295.7,3412.06,33.1,32
A10021390,서울특별시,1,6295.7,3412.06,34,2
A10021390,서울특별시,1,6295.7,3412.06,37.79,1
A10021390,서울특별시,1,6295.7,3412.06,39.6,3
A10021390,서울특별시,1,6295.7,3412.06,40.5,1
A10021390,서울특별시,1,6295.7,3412.06,42.6,2
A10021390,서울특별시,1,6295.7,3412.06,43.1,3
A10025850,서울특별시,84,969877,734780.75,39.1,811
A10025850,서울특별시,84,969877,734780.75,39.12,133
A10025850,서울특별시,84,969877,734780.75,39.17,528
A10025850,서울특별시,84,969877,734780.75,39.86,80
A10025850,서울특별시,84,969877,734780.75,49.19,20
A10025850,서울특별시,84,969877,734780.75,49.21,360
A10025850,서울특별시,84,969877,734780.75,49.29,136
A10025850,서울특별시,84,969877,734780.75,49.32,20
A10025850,서울특별시,84,969877,734780.75,59.96,766
A10025850,서울특별시,84,969877,734780.75,84.94,26
A10025850,서울특별시,84,969877,734780.75,84.95,740
A10025850,서울특별시,84,969877,734780.75,84.96,328
A10025850,서울특별시,84,969877,734780.75,84.97,158
A10025850,서울특별시,84,969877,734780.75,84.98,2055
A10025850,서울특별시,84,969877,734780.75,84.99,1825
A10025850,서울특별시,84,969877,734780.75,99.6,596
A10025850,서울특별시,84,969877,734780.75,110.44,294
A10025850,서울특별시,84,969877,734780.75,110.66,474
A10025850,서울특별시,84,969877,734780.75,130.06,136
A10025850,서울특별시,84,969877,734780.75,150.07,3
A10025850,서울특별시,84,969877,734780.75,150.09,19
A10025850,서울특별시,84,969877,734780.75,150.21,2
A13816002,서울특별시,5,44625.39,34100.13,115.93,135
A13816002,서울특별시,5,44625.39,34100.13,143.02,129
A13816005,서울특별시,1,23332.61,18172.371,163.807,24
A13816005,서울특별시,1,23332.61,18172.371,180.516,52
A13816005,서울특별시,1,23332.61,18172.371,180.667,24
A13816005,서울특별시,1,23332.61,18172.371,254.415,1
A13816005,서울특별시,1,23332.61,18172.371,263.749,1
A13816101,서울특별시,4,21934.88,17505.88,84.98,206
A13816202,서울특별시,7,61628.4,61628.4,59.4,105
A13816202,서울특별시,7,61628.4,61628.4,84.96,90
A13816202,서울특별시,7,61628.4,61628.4,120.4,210
A13816202,서울특별시,7,61628.4,61628.4,149.74,150
A13880105,서울특별시,5,49644.67,37240.14,59.88,175
A13880105,서울특별시,5,49644.67,37240.14,84.42,317
A13880201,서울특별시,2,17454.545,13568,84.8,160
A13880204,서울특별시,4,49190.41,38894.96,59.24,30
A13880204,서울특별시,4,49190.41,38894.96,68.78,45
A13880204,서울특별시,4,49190.41,38894.96,69.74,30
A13880204,서울특별시,4,49190.41,38894.96,76.49,30
A13880204,서울특별시,4,49190.41,38894.96,84.11,168
A13880204,서울특별시,4,49190.41,38894.96,99.38,56
A13880204,서울특별시,4,49190.41,38894.96,113.08,28
A13880204,서울특별시,4,49190.41,38894.96,120.96,56
A13880406,서울특별시,7,72518.75,55919.14,43.79,410
A13880406,서울특별시,7,72518.75,55919.14,58.46,219
A13880406,서울특별시,7,72518.75,55919.14,109.25,90
A13880406,서울특별시,7,72518.75,55919.14,127.75,120
A13880407,서울특별시,8,88359.86,66271.23,59.66,19
A13880407,서울특별시,8,88359.86,66271.23,59.91,439
A13880407,서울특별시,8,88359.86,66271.23,84.85,52
A13880407,서울특별시,8,88359.86,66271.23,85,405
A13880602,서울특별시,2,19536.42,11490.5,46.81,17
A13880602,서울특별시,2,19536.42,11490.5,59.97,31
A13880602,서울특별시,2,19536.42,11490.5,59.99,34
A13880602,서울특별시,2,19536.42,11490.5,84.95,80
A13880603,서울특별시,2,29619.2,21636.24,84.51,172
A13880603,서울특별시,2,29619.2,21636.24,84.53,84
A13880701,서울특별시,4,39024.785,29993.54,50,74
A13880701,서울특별시,4,39024.785,29993.54,54.04,1
A13880701,서울특별시,4,39024.785,29993.54,60.72,105
A13880701,서울특별시,4,39024.785,29993.54,64.26,75
A13880701,서울특별시,4,39024.785,29993.54,83.58,180
A13880806,서울특별시,14,231986.78,149237.22,59.62,1
A13880806,서울특별시,14,231986.78,149237.22,59.92,1031
A13880806,서울특별시,14,231986.78,149237.22,84.69,1032
A13881005,서울특별시,14,100315.86,78446.21,59.968,194
A13881005,서울특별시,14,100315.86,78446.21,84.885,250
A13881005,서울특별시,14,100315.86,78446.21,84.924,146
A13881005,서울특별시,14,100315.86,78446.21,84.936,153
A13881005,서울특별시,14,100315.86,78446.21,114.756,176
A13881103,서울특별시,9,78364.23,62233.816,72.7,96
A13881103,서울특별시,9,78364.23,62233.816,72.88,96
A13881103,서울특별시,9,78364.23,62233.816,84.704,95
A13881103,서울특별시,9,78364.23,62233.816,84.794,1
A13881103,서울특별시,9,78364.23,62233.816,84.914,1
A13881103,서울특별시,9,78364.23,62233.816,84.974,94
A13881103,서울특별시,9,78364.23,62233.816,87.704,1
A13881103,서울특별시,9,78364.23,62233.816,121.04,262
A13881103,서울특별시,9,78364.23,62233.816,121.555,1
A13881103,서울특별시,9,78364.23,62233.816,132.253,1
A13881204,서울특별시,11,92093.65,76876.8,84.67,288
A13881204,서울특별시,11,92093.65,76876.8,133.76,288
A13881204,서울특별시,11,92093.65,76876.8,134.09,48
A13881204,서울특별시,11,92093.65,76876.8,156.93,48
A13895501,서울특별시,2,68199.76,37765.39,90.7,30
A13895501,서울특별시,2,68199.76,37765.39,99.6,36
A13895501,서울특별시,2,68199.76,37765.39,99.61,3
A13895501,서울특별시,2,68199.76,37765.39,101.52,28
A13895501,서울특별시,2,68199.76,37765.39,103.96,30
A13895501,서울특별시,2,68199.76,37765.39,104.99,8
A13895501,서울특별시,2,68199.76,37765.39,108.6,5
A13895501,서울특별시,2,68199.76,37765.39,108.65,28
A13895501,서울특별시,2,68199.76,37765.39,112.24,3
A13895501,서울특별시,2,68199.76,37765.39,117.16,36
A13895501,서울특별시,2,68199.76,37765.39,118.85,8
A13895501,서울특별시,2,68199.76,37765.39,121.5,5
A13895501,서울특별시,2,68199.76,37765.39,128.71,8
A13895501,서울특별시,2,68199.76,37765.39,136.24,30
A13895501,서울특별시,2,68199.76,37765.39,141.17,16
A13895501,서울특별시,2,68199.76,37765.39,145.57,6
A13895501,서울특별시,2,68199.76,37765.39,145.72,44
A13895502,서울특별시,4,22263.76,17896.43,59.94,45
A13895502,서울특별시,4,22263.76,17896.43,84.82,14
A13895502,서울특별시,4,22263.76,17896.43,84.93,2
A13895502,서울특별시,4,22263.76,17896.43,84.94,64
A13895502,서울특별시,4,22263.76,17896.43,84.99,40
A13895502,서울특별시,4,22263.76,17896.43,119.71,5
A13895502,서울특별시,4,22263.76,17896.43,122.43,36
A13895503,서울특별시,1,11417.92,4704,24.95,16
A13895503,서울특별시,1,11417.92,4704,25.32,80
A13895503,서울특별시,1,11417.92,4704,30.25,32
A13895503,서울특별시,1,11417.92,4704,33.15,16
A13895503,서울특별시,1,11417.92,4704,48.8,16
A10021407,서울특별시,3,17572.56,13844.08,84.98,45
A10021407,서울특별시,3,17572.56,13844.08,101.98,64
A10021407,서울특별시,3,17572.56,13844.08,104.5,15
A10021407,서울특별시,3,17572.56,13844.08,120.36,16
A10022033,서울특별시,1,14630.32,10403.1,59.79,66
A10022033,서울특별시,1,14630.32,10403.1,84.96,76
A10023887,서울특별시,17,185905.3,136652.19,39.9,180
A10023887,서울특별시,17,185905.3,136652.19,39.94,12
A10023887,서울특별시,17,185905.3,136652.19,41.96,128
A10023887,서울특별시,17,185905.3,136652.19,51.97,48
A10023887,서울특별시,17,185905.3,136652.19,59.98,552
A10023887,서울특별시,17,185905.3,136652.19,84.98,987
A10023887,서울특별시,17,185905.3,136652.19,108.98,38
A10023922,서울특별시,11,95938.414,76533.414,108.0459,24
A10023922,서울특별시,11,95938.414,76533.414,108.8109,109
A10023922,서울특별시,11,95938.414,76533.414,108.8119,478
A10023922,서울특별시,11,95938.414,76533.414,110.8519,82
A10023922,서울특별시,11,95938.414,76533.414,138.8369,4
A10023922,서울특별시,11,95938.414,76533.414,140.8769,3
A10023927,서울특별시,10,94009.16,74916.14,108.0459,72
A10023927,서울특별시,10,94009.16,74916.14,108.8109,110
A10023927,서울특별시,10,94009.16,74916.14,108.8119,507
A10024085,서울특별시,8,54610.23,54610.23,105.4624,192
A10024085,서울특별시,8,54610.23,54610.23,111.5354,177
A10024085,서울특별시,8,54610.23,54610.23,114.8829,42
A10024085,서울특별시,8,54610.23,54610.23,116.4554,11
A10024085,서울특별시,8,54610.23,54610.23,116.6104,60
A10024085,서울특별시,8,54610.23,54610.23,118.0349,4
A10024085,서울특별시,8,54610.23,54610.23,130.6036,8
A10024152,서울특별시,18,128943.65,99936.9,66.83,183
A10024152,서울특별시,18,128943.65,99936.9,70.65,60
A10024152,서울특별시,18,128943.65,99936.9,70.71,13
A10024152,서울특별시,18,128943.65,99936.9,70.95,60
A10024152,서울특별시,18,128943.65,99936.9,70.99,15
A10024152,서울특별시,18,128943.65,99936.9,75.6,56
A10024152,서울특별시,18,128943.65,99936.9,75.91,167
A10024152,서울특별시,18,128943.65,99936.9,80.36,66
A10024152,서울특별시,18,128943.65,99936.9,80.41,48
A10024152,서울특별시,18,128943.65,99936.9,80.57,41
A10024152,서울특별시,18,128943.65,99936.9,80.69,43
A10024152,서울특별시,18,128943.65,99936.9,80.72,86
A10024152,서울특별시,18,128943.65,99936.9,80.77,48
A10024152,서울특별시,18,128943.65,99936.9,84.6,99
A10024152,서울특별시,18,128943.65,99936.9,84.8,297
A10024197,서울특별시,5,58031.35,30218.5,64.94,84
A10024197,서울특별시,5,58031.35,30218.5,74.9,63
A10024197,서울특별시,5,58031.35,30218.5,74.93,20
A10024197,서울특별시,5,58031.35,30218.5,74.96,71
A10024197,서울특별시,5,58031.35,30218.5,84.7,3
A10024197,서울특별시,5,58031.35,30218.5,84.75,134
A10024197,서울특별시,5,58031.35,30218.5,84.92,19
A10024492,서울특별시,8,66605,29343.59,39.76,202
A10024492,서울특별시,8,66605,29343.59,59.31,201
A10024492,서울특별시,8,66605,29343.59,59.66,15
A10024492,서울특별시,8,66605,29343.59,59.83,142
A10024577,서울특별시,13,100692.59,53533.99,74.78,72
A10024577,서울특별시,13,100692.59,53533.99,74.82,382
A10024577,서울특별시,13,100692.59,53533.99,84.66,44
A10024577,서울특별시,13,100692.59,53533.99,84.67,16
A10024577,서울특별시,13,100692.59,53533.99,84.73,171
A10024787,서울특별시,12,117647.2,88022.26,34.93,110
A10024787,서울특별시,12,117647.2,88022.26,45.07,94
A10024787,서울특별시,12,117647.2,88022.26,59.69,23
A10024787,서울특별시,12,117647.2,88022.26,59.93,33
A10024787,서울특별시,12,117647.2,88022.26,59.94,88
A10024787,서울특별시,12,117647.2,88022.26,59.96,184
A10024787,서울특별시,12,117647.2,88022.26,84.81,2
A10024787,서울특별시,12,117647.2,88022.26,84.94,47
A10024787,서울특별시,12,117647.2,88022.26,84.95,50
A10024787,서울특별시,12,117647.2,88022.26,84.96,323
A10024787,서울특별시,12,117647.2,88022.26,84.97,94
A10024787,서울특별시,12,117647.2,88022.26,84.98,28
A10024787,서울특별시,12,117647.2,88022.26,113.18,59
A10024787,서울특별시,12,117647.2,88022.26,113.63,60
A10024787,서울특별시,12,117647.2,88022.26,140.23,2
A10024787,서울특별시,12,117647.2,88022.26,140.28,1
A10024787,서울특별시,12,117647.2,88022.26,151.3,1
A13811001,서울특별시,5,46091.6,25582.47,37.8,6
A13811001,서울특별시,5,46091.6,25582.47,38.32,168
A13811001,서울특별시,5,46091.6,25582.47,38.45,14
A13811001,서울특별시,5,46091.6,25582.47,38.5,131
A13811001,서울특별시,5,46091.6,25582.47,38.89,54
A13811001,서울특별시,5,46091.6,25582.47,39.15,287
A13811202,서울특별시,11,68317.34,58549.84,101.95,179
A13811202,서울특별시,11,68317.34,58549.84,102.55,1
A13811202,서울특별시,11,68317.34,58549.84,134.88,293
A13811202,서울특별시,11,68317.34,58549.84,135.68,5
A13811203,서울특별시,6,40584.55,27363.76,38.9,8
A13811203,서울특별시,6,40584.55,27363.76,39.6,166
A13811203,서울특별시,6,40584.55,27363.76,49.8,176
A13811203,서울특별시,6,40584.55,27363.76,59.73,195
A13811203,서울특별시,6,40584.55,27363.76,66.81,1
A13811204,서울특별시,5,37395.047,28026.842,39.248,229
A13811204,서울특별시,5,37395.047,28026.842,39.936,151
A13811204,서울특별시,5,37395.047,28026.842,59.673,218
A13811205,서울특별시,6,60966.1,38307.11,59.4,29
A13811205,서울특별시,6,60966.1,38307.11,59.74,487
A13811205,서울특별시,6,60966.1,38307.11,84.17,89
A13811206,서울특별시,6,78124.72,48410.32,38.9,8
A13811206,서울특별시,6,78124.72,48410.32,39.6,321
A13811206,서울특별시,6,78124.72,48410.32,40.15,1
A13811206,서울특별시,6,78124.72,48410.32,49.8,493
A13811206,서울특별시,6,78124.72,48410.32,50.49,1
A13811206,서울특별시,6,78124.72,48410.32,58.99,8
A13811206,서울특별시,6,78124.72,48410.32,59.73,172
A13881302,서울특별시,3,33471.01,109728.83,84.83,55
A13881302,서울특별시,3,33471.01,109728.83,84.94,247
A13881302,서울특별시,3,33471.01,109728.83,84083,1
A13881401,서울특별시,3,31296.72,23228.8,82.96,280
A13881601,서울특별시,3,26636.78,19669.11,59.91,129
A13881601,서울특별시,3,26636.78,19669.11,84.9,92
A13881601,서울특별시,3,26636.78,19669.11,114.72,36
A13881603,서울특별시,5,55505.703,41111.1,70.38,26
A13881603,서울특별시,5,55505.703,41111.1,74.83,68
A13881603,서울특별시,5,55505.703,41111.1,84.64,85
A13881603,서울특별시,5,55505.703,41111.1,84.85,15
A13881603,서울특별시,5,55505.703,41111.1,84.86,30
A13881603,서울특별시,5,55505.703,41111.1,84.89,30
A13881603,서울특별시,5,55505.703,41111.1,84.91,243
A10021237,서울특별시,1,8420.579,5538.73,51.761,6
A10021237,서울특별시,1,8420.579,5538.73,51.764,101
A10022249,서울특별시,1,9270.42,9270.42,70.42,64
A10022249,서울특별시,1,9270.42,9270.42,82.13,58
A10026717,서울특별시,2,12786.12,9861.34,59.88,60
A10026717,서울특별시,2,12786.12,9861.34,84.71,74
A13812001,서울특별시,3,18779.72,14980.45,59.98,22
A13812001,서울특별시,3,18779.72,14980.45,84.96,118
A13812001,서울특별시,3,18779.72,14980.45,98.01,11
A13812001,서울특별시,3,18779.72,14980.45,116.25,22
A13812002,서울특별시,1,17473.688,14297.4,8.79,1
A13812002,서울특별시,1,17473.688,14297.4,59.93,100
A13812002,서울특별시,1,17473.688,14297.4,73.92,2
A13812002,서울특별시,1,17473.688,14297.4,84.79,35
A13812002,서울특별시,1,17473.688,14297.4,84.92,61
A13812003,서울특별시,3,27061.885,20467.13,80.88,11
A13812003,서울특별시,3,27061.885,20467.13,81.18,73
A13812003,서울특별시,3,27061.885,20467.13,84.75,14
A13812003,서울특별시,3,27061.885,20467.13,84.95,16
A13812003,서울특별시,3,27061.885,20467.13,101.91,38
A13812003,서울특별시,3,27061.885,20467.13,114.81,63
A13812004,서울특별시,4,24211.76,17630.11,55.32,105
A13812004,서울특별시,4,24211.76,17630.11,57.85,1
A13812004,서울특별시,4,24211.76,17630.11,60.26,1
A13812004,서울특별시,4,24211.76,17630.11,79.07,106
A13812004,서울특별시,4,24211.76,17630.11,79.31,19
A13812004,서울특별시,4,24211.76,17630.11,106.77,17
A13812005,서울특별시,13,79297.445,60280.11,39.96,76
A13812005,서울특별시,13,79297.445,60280.11,49.6,112
A13812005,서울특별시,13,79297.445,60280.11,49.63,121
A13812005,서울특별시,13,79297.445,60280.11,59.91,272
A13812005,서울특별시,13,79297.445,60280.11,84.13,82
A13812005,서울특별시,13,79297.445,60280.11,84.86,60
A13812005,서울특별시,13,79297.445,60280.11,84.99,56
A13812005,서울특별시,13,79297.445,60280.11,114.81,26
A13812005,서울특별시,13,79297.445,60280.11,114.91,84
A13881701,서울특별시,15,74166.18,57032.74,39.96,43
A13881701,서울특별시,15,74166.18,57032.74,49.63,178
A13881701,서울특별시,15,74166.18,57032.74,59.91,266
A13881701,서울특별시,15,74166.18,57032.74,84.13,93
A13881701,서울특별시,15,74166.18,57032.74,84.85,15
A13881701,서울특별시,15,74166.18,57032.74,84.86,60
A13881701,서울특별시,15,74166.18,57032.74,84.99,56
A13881701,서울특별시,15,74166.18,57032.74,114.81,82
A13881701,서울특별시,15,74166.18,57032.74,114.84,19
A10022030,서울특별시,1,12616.4,9583.2,71.52,40
A10022030,서울특별시,1,12616.4,9583.2,84.03,80
A10022403,서울특별시,14,108559.96,79383.37,49.4,144
A10022403,서울특별시,14,108559.96,79383.37,49.92,206
A10022403,서울특별시,14,108559.96,79383.37,59.87,135
A10022403,서울특별시,14,108559.96,79383.37,59.94,370
A10022403,서울특별시,14,108559.96,79383.37,74.43,70
A10022403,서울특별시,14,108559.96,79383.37,74.95,188
A10022403,서울특별시,14,108559.96,79383.37,74.96,49
A10022403,서울특별시,14,108559.96,79383.37,84.97,68
A10022403,서울특별시,14,108559.96,79383.37,84.98,35
A10022621,서울특별시,1,21318.207,9647.394,16.4185,264
A10022621,서울특별시,1,21318.207,9647.394,20.3423,18
A10022621,서울특별시,1,21318.207,9647.394,26.1887,2
A10022621,서울특별시,1,21318.207,9647.394,26.4035,18
A10022621,서울특별시,1,21318.207,9647.394,29.1467,16
A10022621,서울특별시,1,21318.207,9647.394,30.1939,37
A10022621,서울특별시,1,21318.207,9647.394,31.1826,10
A10022621,서울특별시,1,21318.207,9647.394,33.1779,19
A10022621,서울특별시,1,21318.207,9647.394,34.8651,36
A10022621,서울특별시,1,21318.207,9647.394,35.4576,18
A10022995,서울특별시,1,12148.2,7646.76,49.14,1
A10022995,서울특별시,1,12148.2,7646.76,55.26,4
A10022995,서울특별시,1,12148.2,7646.76,58.08,1
A10022995,서울특별시,1,12148.2,7646.76,59.21,4
A10022995,서울특별시,1,12148.2,7646.76,59.91,16
A10022995,서울특별시,1,12148.2,7646.76,59.94,32
A10022995,서울특별시,1,12148.2,7646.76,75.56,1
A10022995,서울특별시,1,12148.2,7646.76,76.56,4
A10022995,서울특별시,1,12148.2,7646.76,84.96,44
A10022995,서울특별시,1,12148.2,7646.76,84.98,1
A10024172,서울특별시,1,12099.6,8161.79,54.6,60
A10024172,서울특별시,1,12099.6,8161.79,81.42,1
A10024172,서울특별시,1,12099.6,8161.79,81.43,59
A10027346,서울특별시,10,169516.28,87608.57,84.9072,145
A10027346,서울특별시,10,169516.28,87608.57,84.9342,141
A10027346,서울특별시,10,169516.28,87608.57,84.9648,280
A10027346,서울특별시,10,169516.28,87608.57,84.9725,281
A10027346,서울특별시,10,169516.28,87608.57,84.9942,72
A10027346,서울특별시,10,169516.28,87608.57,116.1338,68
A10027346,서울특별시,10,169516.28,87608.57,127.2012,6
A10027346,서울특별시,10,169516.28,87608.57,133.8462,2
A10027346,서울특별시,10,169516.28,87608.57,151.5767,4
A13820001,서울특별시,2,15952.065,12744,84.96,150
A13820002,서울특별시,2,12158.08,9405.87,59.91,157
A13820004,서울특별시,8,66648.63,54727.9,84.98,228
A13820004,서울특별시,8,66648.63,54727.9,123.61,286
A13820005,서울특별시,5,64249.5,45431.45,0,2
A13820005,서울특별시,5,64249.5,45431.45,77.68,60
A13820005,서울특별시,5,64249.5,45431.45,84.17,1
A13820005,서울특별시,5,64249.5,45431.45,84.39,422
A13820005,서울특별시,5,64249.5,45431.45,84.42,14
A13820005,서울특별시,5,64249.5,45431.45,84.47,30
A13820005,서울특별시,5,64249.5,45431.45,84.87,16
A13820006,서울특별시,31,255669.55,211278.78,84.96,342
A13820006,서울특별시,31,255669.55,211278.78,120.97,614
A13820006,서울특별시,31,255669.55,211278.78,131.39,12
A13820006,서울특별시,31,255669.55,211278.78,133.29,340
A13820006,서울특별시,31,255669.55,211278.78,150.58,256
A13820006,서울특별시,31,255669.55,211278.78,169.48,24
A13820006,서울특별시,31,255669.55,211278.78,170.7,108
A13820007,서울특별시,10,79608.56,50581.44,25.65,168
A13820007,서울특별시,10,79608.56,50581.44,35.46,224
A13820007,서울특별시,10,79608.56,50581.44,39.69,672
A13820007,서울특별시,10,79608.56,50581.44,46.26,252
A13820201,서울특별시,56,646257.5,537573.4,84.705,900
A13820201,서울특별시,56,646257.5,537573.4,84.751,600
A13820201,서울특별시,56,646257.5,537573.4,117.585,900
A13820201,서울특별시,56,646257.5,537573.4,136.325,1416
A13820201,서울특별시,56,646257.5,537573.4,158.705,558
A13820201,서울특별시,56,646257.5,537573.4,192.235,120
A13882401,서울특별시,2,16731,12652.85,59.3,18
A13882401,서울특별시,2,16731,12652.85,59.57,35
A13882401,서울특별시,2,16731,12652.85,84.82,101
A13882401,서울특별시,2,16731,12652.85,84.88,11
A13882402,서울특별시,4,17745.76,17745.76,59.84,81
A13882402,서울특별시,4,17745.76,17745.76,84.86,152
A10021457,서울특별시,1,14562.96,11548.08,59.67,24
A10021457,서울특별시,1,14562.96,11548.08,84.3,120
A10022027,서울특별시,1,7970.04,5804.28,38.22,56
A10022027,서울특별시,1,7970.04,5804.28,38.7,54
A10022027,서울특별시,1,7970.04,5804.28,56.22,28
A10026209,서울특별시,2,13380,9804,59.37,80
A10026209,서울특별시,2,13380,9804,84.24,60
A13805001,서울특별시,6,67298.94,56591.9,84.915,148
A13805001,서울특별시,6,67298.94,56591.9,91.345,2
A13805001,서울특별시,6,67298.94,56591.9,125.075,240
A13805001,서울특별시,6,67298.94,56591.9,153.475,89
A13805001,서울특별시,6,67298.94,56591.9,164.515,1
A13805002,서울특별시,122,634678.6,590831.94,3.06,1
A13805002,서울특별시,122,634678.6,590831.94,62.19,43
A13805002,서울특별시,122,634678.6,590831.94,72.01,9
A13805002,서울특별시,122,634678.6,590831.94,73.14,16
A13805002,서울특별시,122,634678.6,590831.94,83.06,1931
A13805002,서울특별시,122,634678.6,590831.94,84.18,4
A13805002,서울특별시,122,634678.6,590831.94,84.58,12
A13805002,서울특별시,122,634678.6,590831.94,84.96,17
A13805002,서울특별시,122,634678.6,590831.94,100.31,851
A13805002,서울특별시,122,634678.6,590831.94,100.82,583
A13805002,서울특별시,122,634678.6,590831.94,110.25,42
A13805002,서울특별시,122,634678.6,590831.94,112.209,1
A13805002,서울특별시,122,634678.6,590831.94,120.42,50
A13805002,서울특별시,122,634678.6,590831.94,121.23,271
A13805002,서울특별시,122,634678.6,590831.94,126.18,516
A13805002,서울특별시,122,634678.6,590831.94,128.97,50
A13805002,서울특별시,122,634678.6,590831.94,131.76,282
A13805002,서울특별시,122,634678.6,590831.94,135.99,348
A13805002,서울특별시,122,634678.6,590831.94,136.91,47
A13805002,서울특별시,122,634678.6,590831.94,136.98,20
A13805002,서울특별시,122,634678.6,590831.94,147.44,33
A13805002,서울특별시,122,634678.6,590831.94,148.77,172
A13805002,서울특별시,122,634678.6,590831.94,163.44,238
A13805002,서울특별시,122,634678.6,590831.94,168.44,1
A13805002,서울특별시,122,634678.6,590831.94,329.44,2
A13805003,서울특별시,2,12892.08,12861.6,115.17,75
A13805003,서울특별시,2,12892.08,12861.6,145.65,29
A13883601,서울특별시,3,29575.84,29575.84,84.92,84
A13883601,서울특별시,3,29575.84,29575.84,126.9,112
A13883601,서울특별시,3,29575.84,29575.84,146.96,56
A13883602,서울특별시,6,83187.66,64369.54,62.39,1
A13883602,서울특별시,6,83187.66,64369.54,84.95,757
A10021157,서울특별시,1,12273.77,9720.6,80.01,60
A10021157,서울특별시,1,12273.77,9720.6,82,60
A10027881,서울특별시,1,4443.516,4443.516,15.8307,236
A10027881,서울특별시,1,4443.516,4443.516,33.6891,21
A13819001,서울특별시,7,40474.67,31208.09,59.86,70
A13819001,서울특별시,7,40474.67,31208.09,59.88,16
A13819001,서울특별시,7,40474.67,31208.09,84.86,18
A13819001,서울특별시,7,40474.67,31208.09,84.87,219
A13819001,서울특별시,7,40474.67,31208.09,84.94,70
A10020796,서울특별시,2,42565.28,44312.43,83.7572,14
A10020796,서울특별시,2,42565.28,44312.43,83.8852,16
A10020796,서울특별시,2,42565.28,44312.43,106.8571,19
A10020796,서울특별시,2,42565.28,44312.43,106.8873,105
A10020796,서울특별시,2,42565.28,44312.43,106.957,19
A10020796,서울특별시,2,42565.28,44312.43,106.9848,18
A10020796,서울특별시,2,42565.28,44312.43,106.9995,19
A10020796,서울특별시,2,42565.28,44312.43,191.7771,15
A10020796,서울특별시,2,42565.28,44312.43,191.8073,45
A10020796,서울특별시,2,42565.28,44312.43,191.877,15
A10020796,서울특별시,2,42565.28,44312.43,191.9048,15
A10020796,서울특별시,2,42565.28,44312.43,191.9195,26
A10020796,서울특별시,2,42565.28,44312.43,298.6946,1
A10021504,서울특별시,3,15028.982,6479.8687,45.7114,21
A10021504,서울특별시,3,15028.982,6479.8687,59.8077,28
A10021504,서울특별시,3,15028.982,6479.8687,59.935,7
A10021504,서울특별시,3,15028.982,6479.8687,70.0828,32
A10021504,서울특별시,3,15028.982,6479.8687,84.1813,7
A10021504,서울특별시,3,15028.982,6479.8687,84.8357,7
A10023610,서울특별시,1,10095.59,8087.08,58.45,29
A10023610,서울특별시,1,10095.59,8087.08,70.04,8
A10023610,서울특별시,1,10095.59,8087.08,84.33,45
A10023610,서울특별시,1,10095.59,8087.08,84.7,10
A10023610,서울특별시,1,10095.59,8087.08,84.99,14
A13817001,서울특별시,9,73940.51,54704.09,53.36,144
A13817001,서울특별시,9,73940.51,54704.09,53.59,27
A13817001,서울특별시,9,73940.51,54704.09,64.66,210
A13817001,서울특별시,9,73940.51,54704.09,64.99,54
A13817001,서울특별시,9,73940.51,54704.09,71.58,36
A13817001,서울특별시,9,73940.51,54704.09,71.73,131
A13817001,서울특별시,9,73940.51,54704.09,71.76,13
A13817001,서울특별시,9,73940.51,54704.09,87.01,77
A13817001,서울특별시,9,73940.51,54704.09,87.05,102
A13817101,서울특별시,2,24565.29,15950.29,53.2,2
A13817101,서울특별시,2,24565.29,15950.29,56.6,75
A13817101,서울특별시,2,24565.29,15950.29,57.72,32
A13817101,서울특별시,2,24565.29,15950.29,59.78,10
A13817101,서울특별시,2,24565.29,15950.29,74.04,1
A13817101,서울특별시,2,24565.29,15950.29,84.75,9
A13817101,서울특별시,2,24565.29,15950.29,84.87,98
A13877501,서울특별시,13,113055.34,84616.9,79.62,2
A13877501,서울특별시,13,113055.34,84616.9,79.7,325
A13877501,서울특별시,13,113055.34,84616.9,87.98,86
A13877501,서울특별시,13,113055.34,84616.9,105.99,222
A13877501,서울특별시,13,113055.34,84616.9,126.4,168
A13877501,서울특별시,13,113055.34,84616.9,148.11,1
A13877501,서울특별시,13,113055.34,84616.9,148.19,41
A13885102,서울특별시,6,76553.04,67216.68,64.26,144
A13885102,서울특별시,6,76553.04,67216.68,84.78,1
A13885102,서울특별시,6,76553.04,67216.68,105.52,95
A13885102,서울특별시,6,76553.04,67216.68,119.68,48
A13885102,서울특별시,6,76553.04,67216.68,137.1,72
A13885102,서울특별시,6,76553.04,67216.68,137.28,96
A13885102,서울특별시,6,76553.04,67216.68,158.61,118
A13885102,서울특별시,6,76553.04,67216.68,171.68,2
A13885301,서울특별시,2,24030.63,17538.2,59.91,124
A13885301,서울특별시,2,24030.63,17538.2,84.92,22
A13885301,서울특별시,2,24030.63,17538.2,84.96,97
A13885303,서울특별시,5,55125.434,45857.56,58.98,42
A13885303,서울특별시,5,55125.434,45857.56,84.95,56
A13885303,서울특별시,5,55125.434,45857.56,116.94,168
A13885303,서울특별시,5,55125.434,45857.56,169.44,112
A13885304,서울특별시,10,80604.96,80631.31,64.26,96
A13885304,서울특별시,10,80604.96,80631.31,84.92,192
A13885304,서울특별시,10,80604.96,80631.31,108.68,144
A13885304,서울특별시,10,80604.96,80631.31,126.9,166
A13885304,서울특별시,10,80604.96,80631.31,128.15,1
A13885304,서울특별시,10,80604.96,80631.31,146.96,144
A13885304,서울특별시,10,80604.96,80631.31,152,1
A13885306,서울특별시,14,118773.36,98770.4,84.828,408
A13885306,서울특별시,14,118773.36,98770.4,108.338,287
A13885306,서울특별시,14,118773.36,98770.4,118.445,1
A13885306,서울특별시,14,118773.36,98770.4,127.808,144
A13885306,서울특별시,14,118773.36,98770.4,151.508,96
A13824001,서울특별시,2,53091.27,29694.4,128.74,11
A13824001,서울특별시,2,53091.27,29694.4,142.17,48
A13824001,서울특별시,2,53091.27,29694.4,145.93,33
A13824001,서울특별시,2,53091.27,29694.4,171.53,97
A13824002,서울특별시,3,46066.12,38108.61,137.37,22
A13824002,서울특별시,3,46066.12,38108.61,157.08,16
A13824002,서울특별시,3,46066.12,38108.61,173.17,88
A13824002,서울특별시,3,46066.12,38108.61,186.46,42
A13824002,서울특별시,3,46066.12,38108.61,208.28,41
A13824002,서울특별시,3,46066.12,38108.61,237.56,1
A13824002,서울특별시,3,46066.12,38108.61,240.48,2
A13824002,서울특별시,3,46066.12,38108.61,244.91,1
A13824003,서울특별시,1,34937.41,23856.36,31.5,30
A13824003,서울특별시,1,34937.41,23856.36,41.99,178
A13824003,서울특별시,1,34937.41,23856.36,50.76,56
A13824003,서울특별시,1,34937.41,23856.36,52.51,175
A13824003,서울특별시,1,34937.41,23856.36,59.85,13
A13824003,서울특별시,1,34937.41,23856.36,64.08,41
A13824005,서울특별시,31,412192.16,382232.53,71.2,1
A13824005,서울특별시,31,412192.16,382232.53,81.76,1
A13824005,서울특별시,31,412192.16,382232.53,82.45,13
A13824005,서울특별시,31,412192.16,382232.53,83.08,1
A13824005,서울특별시,31,412192.16,382232.53,84.79,65
A13824005,서울특별시,31,412192.16,382232.53,84.83,91
A13824005,서울특별시,31,412192.16,382232.53,85.45,63
A13824005,서울특별시,31,412192.16,382232.53,85.48,1
A13824005,서울특별시,31,412192.16,382232.53,85.49,92
A13824005,서울특별시,31,412192.16,382232.53,85.58,4
A13824005,서울특별시,31,412192.16,382232.53,85.88,6
A13824005,서울특별시,31,412192.16,382232.53,85.92,6
A13824005,서울특별시,31,412192.16,382232.53,86.25,104
A13824005,서울특별시,31,412192.16,382232.53,86.41,168
A13824005,서울특별시,31,412192.16,382232.53,86.55,6
A13824005,서울특별시,31,412192.16,382232.53,86.58,2
A13824005,서울특별시,31,412192.16,382232.53,86.74,152
A13824005,서울특별시,31,412192.16,382232.53,87.37,26
A13824005,서울특별시,31,412192.16,382232.53,87.87,8
A13824005,서울특별시,31,412192.16,382232.53,87.97,14
A13824005,서울특별시,31,412192.16,382232.53,88.43,12
A13824005,서울특별시,31,412192.16,382232.53,88.99,2
A13824005,서울특별시,31,412192.16,382232.53,92.59,1
A13824005,서울특별시,31,412192.16,382232.53,92.62,1
A13824005,서울특별시,31,412192.16,382232.53,99,1
A13824005,서울특별시,31,412192.16,382232.53,100.93,111
A13824005,서울특별시,31,412192.16,382232.53,101.02,102
A13824005,서울특별시,31,412192.16,382232.53,101.06,91
A13824005,서울특별시,31,412192.16,382232.53,101.09,13
A13824005,서울특별시,31,412192.16,382232.53,101.12,91
A13824005,서울특별시,31,412192.16,382232.53,101.46,6
A13824005,서울특별시,31,412192.16,382232.53,101.62,304
A13824005,서울특별시,31,412192.16,382232.53,101.85,9
A13824005,서울특별시,31,412192.16,382232.53,101.98,136
A13824005,서울특별시,31,412192.16,382232.53,102.31,52
A13824005,서울특별시,31,412192.16,382232.53,102.68,8
A13824005,서울특별시,31,412192.16,382232.53,102.91,7
A13824005,서울특별시,31,412192.16,382232.53,103.27,18
A13824005,서울특별시,31,412192.16,382232.53,103.31,6
A13824005,서울특별시,31,412192.16,382232.53,103.57,84
A13824005,서울특별시,31,412192.16,382232.53,103.6,82
A13824005,서울특별시,31,412192.16,382232.53,103.8,3
A13824005,서울특별시,31,412192.16,382232.53,103.83,5
A13824005,서울특별시,31,412192.16,382232.53,103.97,11
A13824005,서울특별시,31,412192.16,382232.53,104,3
A13824005,서울특별시,31,412192.16,382232.53,104.03,1
A13824005,서울특별시,31,412192.16,382232.53,107.04,1
A13824005,서울특별시,31,412192.16,382232.53,108.43,1
A13824005,서울특별시,31,412192.16,382232.53,108.95,4
A13824005,서울특별시,31,412192.16,382232.53,118.41,234
A13824005,서울특별시,31,412192.16,382232.53,118.91,78
A13824005,서울특별시,31,412192.16,382232.53,118.94,103
A13824005,서울특별시,31,412192.16,382232.53,119.47,245
A13824005,서울특별시,31,412192.16,382232.53,119.5,13
A13824005,서울특별시,31,412192.16,382232.53,119.57,9
A13824005,서울특별시,31,412192.16,382232.53,119.83,9
A13824005,서울특별시,31,412192.16,382232.53,119.97,1
A13824005,서울특별시,31,412192.16,382232.53,120,1
A13824005,서울특별시,31,412192.16,382232.53,120.47,1
A13824005,서울특별시,31,412192.16,382232.53,120.79,14
A13824005,서울특별시,31,412192.16,382232.53,122.08,19
A13824005,서울특별시,31,412192.16,382232.53,122.12,1
A13824005,서울특별시,31,412192.16,382232.53,127.7,2
A13824005,서울특별시,31,412192.16,382232.53,140.69,155
A13824005,서울특별시,31,412192.16,382232.53,140.73,26
A13824005,서울특별시,31,412192.16,382232.53,141.12,78
A13824005,서울특별시,31,412192.16,382232.53,141.16,26
A13824005,서울특별시,31,412192.16,382232.53,141.78,107
A13824005,서울특별시,31,412192.16,382232.53,141.79,6
A13824005,서울특별시,31,412192.16,382232.53,142.55,6
A13824005,서울특별시,31,412192.16,382232.53,142.58,8
A13824005,서울특별시,31,412192.16,382232.53,142.74,3
A13824005,서울특별시,31,412192.16,382232.53,142.78,4
A13824005,서울특별시,31,412192.16,382232.53,143.21,9
A13824005,서울특별시,31,412192.16,382232.53,151.04,2
A13824005,서울특별시,31,412192.16,382232.53,169.49,156
A13824005,서울특별시,31,412192.16,382232.53,174.51,10
A13824005,서울특별시,31,412192.16,382232.53,174.54,1
A13824005,서울특별시,31,412192.16,382232.53,174.55,1
A13824005,서울특별시,31,412192.16,382232.53,196.76,77
A13824005,서울특별시,31,412192.16,382232.53,197.52,1
A13824005,서울특별시,31,412192.16,382232.53,202.51,6
A13824006,서울특별시,66,770030.06,597298.25,35.24,344
A13824006,서울특별시,66,770030.06,597298.25,59.64,156
A13824006,서울특별시,66,770030.06,597298.25,59.86,288
A13824006,서울특별시,66,770030.06,597298.25,59.95,600
A13824006,서울특별시,66,770030.06,597298.25,84.79,1978
A13824006,서울특별시,66,770030.06,597298.25,84.9,1978
A13824006,서울특별시,66,770030.06,597298.25,84.97,304
A13824006,서울특별시,66,770030.06,597298.25,121.63,642
A13824006,서울특별시,66,770030.06,597298.25,144.77,574
A13872502,서울특별시,2,93291.16,69171.24,122.92,4
A13872502,서울특별시,2,93291.16,69171.24,133.82,4
A13872502,서울특별시,2,93291.16,69171.24,148.15,76
A13872502,서울특별시,2,93291.16,69171.24,166.7,152
A13872502,서울특별시,2,93291.16,69171.24,166.91,16
A13872502,서울특별시,2,93291.16,69171.24,167.62,4
A13872502,서울특별시,2,93291.16,69171.24,170.24,4
A13872502,서울특별시,2,93291.16,69171.24,170.72,4
A13872502,서울특별시,2,93291.16,69171.24,187.65,80
A13872502,서울특별시,2,93291.16,69171.24,188.94,12
A13872502,서울특별시,2,93291.16,69171.24,190.63,4
A13872502,서울특별시,2,93291.16,69171.24,193.81,8
A13872502,서울특별시,2,93291.16,69171.24,203.26,4
A13872502,서울특별시,2,93291.16,69171.24,209.4,4
A13872502,서울특별시,2,93291.16,69171.24,209.49,4
A13872502,서울특별시,2,93291.16,69171.24,212.35,4
A13872502,서울특별시,2,93291.16,69171.24,243.4,4
A13872502,서울특별시,2,93291.16,69171.24,244.75,8
A13872502,서울특별시,2,93291.16,69171.24,244.93,4
A13872503,서울특별시,2,62328.36,44989.48,25.35,1
A13872503,서울특별시,2,62328.36,44989.48,25.39,1
A13872503,서울특별시,2,62328.36,44989.48,25.5,1
A13872503,서울특별시,2,62328.36,44989.48,26.82,1
A13872503,서울특별시,2,62328.36,44989.48,27.64,1
A13872503,서울특별시,2,62328.36,44989.48,27.97,1
A13872503,서울특별시,2,62328.36,44989.48,30.15,1
A13872503,서울특별시,2,62328.36,44989.48,30.2,1
A13872503,서울특별시,2,62328.36,44989.48,30.46,3
A13872503,서울특별시,2,62328.36,44989.48,31.37,2
A13872503,서울특별시,2,62328.36,44989.48,32.63,2
A13872503,서울특별시,2,62328.36,44989.48,32.64,1
A13872503,서울특별시,2,62328.36,44989.48,32.9,2
A13872503,서울특별시,2,62328.36,44989.48,33.06,1
A13872503,서울특별시,2,62328.36,44989.48,33.1,1
A13872503,서울특별시,2,62328.36,44989.48,33.21,1
A13872503,서울특별시,2,62328.36,44989.48,33.29,1
A13872503,서울특별시,2,62328.36,44989.48,34.17,1
A13872503,서울특별시,2,62328.36,44989.48,35.28,1
A13872503,서울특별시,2,62328.36,44989.48,35.36,2
A13872503,서울특별시,2,62328.36,44989.48,35.57,1
A13872503,서울특별시,2,62328.36,44989.48,35.7,15
A13872503,서울특별시,2,62328.36,44989.48,36,1
A13872503,서울특별시,2,62328.36,44989.48,36.06,2
A13872503,서울특별시,2,62328.36,44989.48,36.11,2
A13872503,서울특별시,2,62328.36,44989.48,36.86,11
A13872503,서울특별시,2,62328.36,44989.48,37.72,1
A13872503,서울특별시,2,62328.36,44989.48,38.22,4
A13872503,서울특별시,2,62328.36,44989.48,38.69,1
A13872503,서울특별시,2,62328.36,44989.48,40.2,1
A13872503,서울특별시,2,62328.36,44989.48,41.18,1
A13872503,서울특별시,2,62328.36,44989.48,41.2,1
A13872503,서울특별시,2,62328.36,44989.48,41.58,1
A13872503,서울특별시,2,62328.36,44989.48,41.71,3
A13872503,서울특별시,2,62328.36,44989.48,41.72,1
A13872503,서울특별시,2,62328.36,44989.48,41.81,1
A13872503,서울특별시,2,62328.36,44989.48,41.82,4
A13872503,서울특별시,2,62328.36,44989.48,41.88,9
A13872503,서울특별시,2,62328.36,44989.48,42.17,2
A13872503,서울특별시,2,62328.36,44989.48,42.35,1
A13872503,서울특별시,2,62328.36,44989.48,42.43,1
A13872503,서울특별시,2,62328.36,44989.48,42.52,1
A13872503,서울특별시,2,62328.36,44989.48,43.05,2
A13872503,서울특별시,2,62328.36,44989.48,43.09,3
A13872503,서울특별시,2,62328.36,44989.48,43.22,1
A13872503,서울특별시,2,62328.36,44989.48,43.56,2
A13872503,서울특별시,2,62328.36,44989.48,44,1
A13872503,서울특별시,2,62328.36,44989.48,44.49,2
A13872503,서울특별시,2,62328.36,44989.48,44.5,1
A13872503,서울특별시,2,62328.36,44989.48,45.1,1
A13872503,서울특별시,2,62328.36,44989.48,45.14,2
A13872503,서울특별시,2,62328.36,44989.48,45.24,3
A13872503,서울특별시,2,62328.36,44989.48,45.38,1
A13872503,서울특별시,2,62328.36,44989.48,45.65,1
A13872503,서울특별시,2,62328.36,44989.48,45.88,1
A13872503,서울특별시,2,62328.36,44989.48,47.24,1
A13872503,서울특별시,2,62328.36,44989.48,48.54,1
A13872503,서울특별시,2,62328.36,44989.48,48.56,2
A13872503,서울특별시,2,62328.36,44989.48,49.44,1
A13872503,서울특별시,2,62328.36,44989.48,49.78,1
A13872503,서울특별시,2,62328.36,44989.48,51.51,1
A13872503,서울특별시,2,62328.36,44989.48,52.85,9
A13872503,서울특별시,2,62328.36,44989.48,53.61,1
A13872503,서울특별시,2,62328.36,44989.48,53.69,1
A13872503,서울특별시,2,62328.36,44989.48,54.78,1
A13872503,서울특별시,2,62328.36,44989.48,55.03,1
A13872503,서울특별시,2,62328.36,44989.48,55.41,10
A13872503,서울특별시,2,62328.36,44989.48,58.95,1
A13872503,서울특별시,2,62328.36,44989.48,59.2,1
A13872503,서울특별시,2,62328.36,44989.48,59.29,1
A13872503,서울특별시,2,62328.36,44989.48,60.75,10
A13872503,서울특별시,2,62328.36,44989.48,61.37,1
A13872503,서울특별시,2,62328.36,44989.48,62.55,1
A13872503,서울특별시,2,62328.36,44989.48,66.8,6
A13872503,서울특별시,2,62328.36,44989.48,68.47,1
A13872503,서울특별시,2,62328.36,44989.48,68.97,9
A13872503,서울특별시,2,62328.36,44989.48,69.18,10
A13872503,서울특별시,2,62328.36,44989.48,70.14,1
A13872503,서울특별시,2,62328.36,44989.48,70.53,1
A13872503,서울특별시,2,62328.36,44989.48,72.21,1
A13872503,서울특별시,2,62328.36,44989.48,72.23,1
A13872503,서울특별시,2,62328.36,44989.48,72.43,10
A13872503,서울특별시,2,62328.36,44989.48,73.53,1
A13872503,서울특별시,2,62328.36,44989.48,74.7,1
A13872503,서울특별시,2,62328.36,44989.48,75.07,1
A13872503,서울특별시,2,62328.36,44989.48,75.48,1
A13872503,서울특별시,2,62328.36,44989.48,76.82,1
A13872503,서울특별시,2,62328.36,44989.48,77.59,10
A13872503,서울특별시,2,62328.36,44989.48,80.29,1
A13872503,서울특별시,2,62328.36,44989.48,80.88,10
A13872503,서울특별시,2,62328.36,44989.48,82.91,1
A13872503,서울특별시,2,62328.36,44989.48,84.32,10
A13872503,서울특별시,2,62328.36,44989.48,84.39,54
A13872503,서울특별시,2,62328.36,44989.48,84.91,1
A13872503,서울특별시,2,62328.36,44989.48,108.32,52
A13872503,서울특별시,2,62328.36,44989.48,110.72,24
A13872503,서울특별시,2,62328.36,44989.48,112.25,34
A13872503,서울특별시,2,62328.36,44989.48,119.58,24
A13872503,서울특별시,2,62328.36,44989.48,120.61,34
A13872503,서울특별시,2,62328.36,44989.48,123.27,30
A13872503,서울특별시,2,62328.36,44989.48,124.98,28
A13872503,서울특별시,2,62328.36,44989.48,150.18,4
A13872503,서울특별시,2,62328.36,44989.48,234.63,2
A13872503,서울특별시,2,62328.36,44989.48,244.98,2
A13872504,서울특별시,2,16099.2,16099.2,134.16,120
A10021425,서울특별시,2,11788.7,9343.4,84.94,110
A10022649,서울특별시,2,36254.71,27600.63,52.6,30
A10022649,서울특별시,2,36254.71,27600.63,65.33,14
A10022649,서울특별시,2,36254.71,27600.63,66.9,15
A10022649,서울특별시,2,36254.71,27600.63,66.91,30
A10022649,서울특별시,2,36254.71,27600.63,66.94,45
A10022649,서울특별시,2,36254.71,27600.63,73.22,15
A10022649,서울특별시,2,36254.71,27600.63,89.07,45
A10022649,서울특별시,2,36254.71,27600.63,89.09,15
A10022649,서울특별시,2,36254.71,27600.63,106.23,45
A10022649,서울특별시,2,36254.71,27600.63,106.24,74
A10025657,서울특별시,2,23594.246,17484.59,59.9823,215
A10025657,서울특별시,2,23594.246,17484.59,84.9703,54
A10026249,서울특별시,7,69691.56,47419.52,39.47,17
A10026249,서울특별시,7,69691.56,47419.52,39.67,248
A10026249,서울특별시,7,69691.56,47419.52,49.31,16
A10026249,서울특별시,7,69691.56,47419.52,49.55,148
A10026249,서울특별시,7,69691.56,47419.52,59.77,3
A10026249,서울특별시,7,69691.56,47419.52,59.85,86
A10026249,서울특별시,7,69691.56,47419.52,59.87,74
A10026249,서울특별시,7,69691.56,47419.52,59.95,6
A10026249,서울특별시,7,69691.56,47419.52,84.82,134
A10026249,서울특별시,7,69691.56,47419.52,84.94,70
A10026249,서울특별시,7,69691.56,47419.52,84.99,16
A10026362,서울특별시,3,28607.766,22321.904,101.4632,220
A10026734,서울특별시,5,46916.71,31913.81,39.47,22
A10026734,서울특별시,5,46916.71,31913.81,39.67,230
A10026734,서울특별시,5,46916.71,31913.81,49.31,7
A10026734,서울특별시,5,46916.71,31913.81,49.55,72
A10026734,서울특별시,5,46916.71,31913.81,59.83,20
A10026734,서울특별시,5,46916.71,31913.81,59.85,30
A10026734,서울특별시,5,46916.71,31913.81,59.87,54
A10026734,서울특별시,5,46916.71,31913.81,59.95,4
A10026734,서울특별시,5,46916.71,31913.81,84.82,76
A10026734,서울특별시,5,46916.71,31913.81,84.94,40
A10026734,서울특별시,5,46916.71,31913.81,84.99,20
A13813002,서울특별시,3,20710.742,16215.55,59.72,30
A13813002,서울특별시,3,20710.742,16215.55,59.92,14
A13813002,서울특별시,3,20710.742,16215.55,72.77,32
A13813002,서울특별시,3,20710.742,16215.55,84.95,77
A13813002,서울특별시,3,20710.742,16215.55,102.96,19
A13813002,서울특별시,3,20710.742,16215.55,114.96,24
A13813003,서울특별시,2,21170.248,16904.73,73.59,119
A13813003,서울특별시,2,21170.248,16904.73,84.87,96
A13813004,서울특별시,3,26915.697,21505,60.7,72
A13813004,서울특별시,3,26915.697,21505,106.61,109
A13813004,서울특별시,3,26915.697,21505,116.63,1
A13813004,서울특별시,3,26915.697,21505,122.67,44
A13813005,서울특별시,4,34030.32,27679.2,76.42,72
A13813005,서울특별시,4,34030.32,27679.2,109.72,144
A13813005,서울특별시,4,34030.32,27679.2,132.86,48
A13813006,서울특별시,2,28064.39,21962.14,31,79
A13813006,서울특별시,2,28064.39,21962.14,78.39,19
A13813006,서울특별시,2,28064.39,21962.14,78.59,38
A13813006,서울특별시,2,28064.39,21962.14,80.25,19
A13813006,서울특별시,2,28064.39,21962.14,84.92,46
A13813006,서울특별시,2,28064.39,21962.14,114.36,84
A13813008,서울특별시,7,92228.07,78314.39,84.91,389
A13813008,서울특별시,7,92228.07,78314.39,125.79,360
A13813010,서울특별시,21,196192.97,166663.98,84.98,364
A13813010,서울특별시,21,196192.97,166663.98,130.93,658
A13813010,서울특별시,21,196192.97,166663.98,134.98,14
A13813010,서울특별시,21,196192.97,166663.98,170.32,280
A13873701,서울특별시,1,4743,4743,31,153
A13886009,서울특별시,6,62752.17,46918.2,45.77,224
A13886009,서울특별시,6,62752.17,46918.2,50.72,112
A13886009,서울특별시,6,62752.17,46918.2,60,168
A13886009,서울특별시,6,62752.17,46918.2,84.98,246
A10023070,서울특별시,1,8153.553,5805.537,17.2465,12
A10023070,서울특별시,1,8153.553,5805.537,21.0225,139
A10023070,서울특별시,1,8153.553,5805.537,34.7347,13
A10023070,서울특별시,1,8153.553,5805.537,35.6314,10
A10023070,서울특별시,1,8153.553,5805.537,43.4555,43
A10023599,서울특별시,2,13504.778,5576.0884,16.1272,23
A10023599,서울특별시,2,13504.778,5576.0884,16.2435,233
A10023599,서울특별시,2,13504.778,5576.0884,33.8197,42
A13822001,서울특별시,35,335910.3,258281.7,59.97,536
A13822001,서울특별시,35,335910.3,258281.7,84.82,1012
A13822001,서울특별시,35,335910.3,258281.7,116.19,678
A13822001,서울특별시,35,335910.3,258281.7,135.82,308
A13822001,서울특별시,35,335910.3,258281.7,136.74,144
A13822002,서울특별시,46,410089.22,319527.2,59.88,740
A13822002,서울특별시,46,410089.22,319527.2,84.83,1404
A13822002,서울특별시,46,410089.22,319527.2,84.95,659
A13822002,서울특별시,46,410089.22,319527.2,84.97,339
A13822002,서울특별시,46,410089.22,319527.2,114.7,330
A13822002,서울특별시,46,410089.22,319527.2,149.45,224
A13822003,서울특별시,65,581999.06,447330,27.68,868
A13822003,서울특별시,65,581999.06,447330,59.99,245
A13822003,서울특별시,65,581999.06,447330,84.99,3590
A13822003,서울특별시,65,581999.06,447330,98.55,130
A13822003,서울특별시,65,581999.06,447330,124.22,730
A13822004,서울특별시,72,618665.75,470139.94,59.96,1150
A13822004,서울특별시,72,618665.75,470139.94,84.8,2938
A13822004,서울특별시,72,618665.75,470139.94,84.88,548
A13822004,서울특별시,72,618665.75,470139.94,84.97,556
A13822004,서울특별시,72,618665.75,470139.94,119.93,486
A13822301,서울특별시,3,142343.81,109302.77,84.445,48
A13822301,서울특별시,3,142343.81,109302.77,122.989,48
A13822301,서울특별시,3,142343.81,109302.77,123.291,89
A13822301,서울특별시,3,142343.81,109302.77,137.036,27
A13822301,서울특별시,3,142343.81,109302.77,138.561,54
A13822301,서울특별시,3,142343.81,109302.77,149.213,4
A13822301,서울특별시,3,142343.81,109302.77,150.689,31
A13822301,서울특별시,3,142343.81,109302.77,151.189,48
A13822301,서울특별시,3,142343.81,109302.77,151.633,31
A13822301,서울특별시,3,142343.81,109302.77,151.999,85
A13822301,서울특별시,3,142343.81,109302.77,152.843,10
A13822301,서울특별시,3,142343.81,109302.77,162.419,54
A13822301,서울특별시,3,142343.81,109302.77,163.935,84
A13822301,서울특별시,3,142343.81,109302.77,164.3,27
A13822301,서울특별시,3,142343.81,109302.77,176.034,78
A13822301,서울특별시,3,142343.81,109302.77,176.171,10
A13822301,서울특별시,3,142343.81,109302.77,211.877,4
A13822301,서울특별시,3,142343.81,109302.77,243.934,4
A13822301,서울특별시,3,142343.81,109302.77,244.73,1
A13822301,서울특별시,3,142343.81,109302.77,244.731,4
A13822701,서울특별시,18,236425.2,189520.22,99.385,318
A13822701,서울특별시,18,236425.2,189520.22,122.785,18
A13822701,서울특별시,18,236425.2,189520.22,134.485,300
A13822701,서울특별시,18,236425.2,189520.22,139.668,22
A13822701,서울특별시,18,236425.2,189520.22,151.008,446
A13822701,서울특별시,18,236425.2,189520.22,178.325,252
A13822702,서울특별시,26,219002.52,201371.19,80.35,154
A13822702,서울특별시,26,219002.52,201371.19,80.39,87
A13822702,서울특별시,26,219002.52,201371.19,80.76,8
A13822702,서울특별시,26,219002.52,201371.19,80.78,13
A13822702,서울특별시,26,219002.52,201371.19,82.06,65
A13822702,서울특별시,26,219002.52,201371.19,82.56,7
A13822702,서울특별시,26,219002.52,201371.19,84.96,10
A13822702,서울특별시,26,219002.52,201371.19,86.09,1
A13822702,서울특별시,26,219002.52,201371.19,86.13,1
A13822702,서울특별시,26,219002.52,201371.19,96.04,180
A13822702,서울특별시,26,219002.52,201371.19,96.05,30
A13822702,서울특별시,26,219002.52,201371.19,96.65,588
A13822702,서울특별시,26,219002.52,201371.19,104.6,2
A13822702,서울특별시,26,219002.52,201371.19,131.08,429
A13822702,서울특별시,26,219002.52,201371.19,136.34,120
A13822702,서울특별시,26,219002.52,201371.19,141.57,3
A13822702,서울특별시,26,219002.52,201371.19,160.74,144
A13822902,서울특별시,7,61443.42,54654.67,81.14,105
A13822902,서울특별시,7,61443.42,54654.67,84.95,1
A13822902,서울특별시,7,61443.42,54654.67,95.84,297
A13822902,서울특별시,7,61443.42,54654.67,105.52,2
A13822902,서울특별시,7,61443.42,54654.67,115.83,150
A13879102,서울특별시,30,451636.44,418502.47,76.5,4
A13879102,서울특별시,30,451636.44,418502.47,82.51,1
A13879102,서울특별시,30,451636.44,418502.47,103.4,120
A13879102,서울특별시,30,451636.44,418502.47,103.54,1679
A13879102,서울특별시,30,451636.44,418502.47,106.08,32
A13879102,서울특별시,30,451636.44,418502.47,106.21,445
A13879102,서울특별시,30,451636.44,418502.47,107.44,298
A13879102,서울특별시,30,451636.44,418502.47,109.98,50
A13879102,서울특별시,30,451636.44,418502.47,110.12,700
A13879102,서울특별시,30,451636.44,418502.47,110.68,41
A13879102,서울특별시,30,451636.44,418502.47,110.81,557
A13879102,서울특별시,30,451636.44,418502.47,112.26,1
A13879102,서울특별시,30,451636.44,418502.47,116.43,2
A13886701,서울특별시,3,27595.66,27595.51,71.82,7
A13886701,서울특별시,3,27595.66,27595.51,71.9,60
A13886701,서울특별시,3,27595.66,27595.51,84.67,15
A13886701,서울특별시,3,27595.66,27595.51,84.68,254
A10023296,서울특별시,4,16797.39,12640.96,84.76,71
A10023296,서울특별시,4,16797.39,12640.96,84.9,38
A10023296,서울특별시,4,16797.39,12640.96,84.92,40
A10023897,서울특별시,4,39822.1,30262.908,84.4323,10
A10023897,서울특별시,4,39822.1,30262.908,84.7362,34
A10023897,서울특별시,4,39822.1,30262.908,84.7809,68
A10023897,서울특별시,4,39822.1,30262.908,84.8984,34
A10023897,서울특별시,4,39822.1,30262.908,84.9246,8
A10023897,서울특별시,4,39822.1,30262.908,84.9467,8
A10023897,서울특별시,4,39822.1,30262.908,102.0465,17
A10023897,서울특별시,4,39822.1,30262.908,106.0557,34
A10023897,서울특별시,4,39822.1,30262.908,106.0944,17
A10023897,서울특별시,4,39822.1,30262.908,106.2487,17
A10023897,서울특별시,4,39822.1,30262.908,110.2238,17
A10023897,서울특별시,4,39822.1,30262.908,110.2718,39
A10023897,서울특별시,4,39822.1,30262.908,152.441,2
A10023897,서울특별시,4,39822.1,30262.908,161.1988,2
A10023897,서울특별시,4,39822.1,30262.908,187.3538,1
A10023897,서울특별시,4,39822.1,30262.908,194.9541,1
A10023897,서울특별시,4,39822.1,30262.908,195.9805,1
A10023897,서울특별시,4,39822.1,30262.908,196.4468,1
A10026682,서울특별시,23,260035.98,121619.37,39.79,312
A10026682,서울특별시,23,260035.98,121619.37,39.93,128
A10026682,서울특별시,23,260035.98,121619.37,49.48,564
A10026682,서울특별시,23,260035.98,121619.37,49.59,198
A10026682,서울특별시,23,260035.98,121619.37,59.66,285
A10026682,서울특별시,23,260035.98,121619.37,59.97,271
A10026682,서울특별시,23,260035.98,121619.37,74.82,112
A10026682,서울특별시,23,260035.98,121619.37,74.95,330
A10027461,서울특별시,8,64356.492,50110.1,101.38,116
A10027461,서울특별시,8,64356.492,50110.1,101.68,26
A10027461,서울특별시,8,64356.492,50110.1,101.8,282
A10027461,서울특별시,8,64356.492,50110.1,101.95,48
A10027461,서울특별시,8,64356.492,50110.1,112.89,16
A10027461,서울특별시,8,64356.492,50110.1,149.45,2
A10027553,서울특별시,7,64599.5,49502.15,90.0588,57
A10027553,서울특별시,7,64599.5,49502.15,90.2938,54
A10027553,서울특별시,7,64599.5,49502.15,90.8877,167
A10027553,서울특별시,7,64599.5,49502.15,108.1376,47
A10027553,서울특별시,7,64599.5,49502.15,108.1387,57
A10027553,서울특별시,7,64599.5,49502.15,115.6488,113
A10027632,서울특별시,6,50078.59,37822.523,96.2762,12
A10027632,서울특별시,6,50078.59,37822.523,96.5326,33
A10027632,서울특별시,6,50078.59,37822.523,96.6882,12
A10027632,서울특별시,6,50078.59,37822.523,96.7116,38
A10027632,서울특별시,6,50078.59,37822.523,96.7562,10
A10027632,서울특별시,6,50078.59,37822.523,96.7642,32
A10027632,서울특별시,6,50078.59,37822.523,96.7817,12
A10027632,서울특별시,6,50078.59,37822.523,96.9356,12
A10027632,서울특별시,6,50078.59,37822.523,96.9906,35
A10027632,서울특별시,6,50078.59,37822.523,97.0736,41
A10027632,서울특별시,6,50078.59,37822.523,97.0756,27
A10027632,서울특별시,6,50078.59,37822.523,97.0896,12
A10027632,서울특별시,6,50078.59,37822.523,97.1656,35
A10027632,서울특별시,6,50078.59,37822.523,97.1662,31
A10027632,서울특별시,6,50078.59,37822.523,97.1902,12
A10027632,서울특별시,6,50078.59,37822.523,97.2157,12
A10027632,서울특별시,6,50078.59,37822.523,97.3992,8
A10027632,서울특별시,6,50078.59,37822.523,97.4802,2
A10027632,서울특별시,6,50078.59,37822.523,97.5836,6
A10027632,서울특별시,6,50078.59,37822.523,98.2238,4
A10027632,서울특별시,6,50078.59,37822.523,99.6336,4
A10027744,서울특별시,6,51057.74,38889.516,87.6889,41
A10027744,서울특별시,6,51057.74,38889.516,87.7696,20
A10027744,서울특별시,6,51057.74,38889.516,87.8354,58
A10027744,서울특별시,6,51057.74,38889.516,87.8869,44
A10027744,서울특별시,6,51057.74,38889.516,87.9605,17
A10027744,서울특별시,6,51057.74,38889.516,100.7848,63
A10027744,서울특별시,6,51057.74,38889.516,100.8522,86
A10027744,서울특별시,6,51057.74,38889.516,108.8004,23
A10027744,서울특별시,6,51057.74,38889.516,114.8358,22
A10027744,서울특별시,6,51057.74,38889.516,114.9525,23
A10027744,서울특별시,6,51057.74,38889.516,128.8347,2
A10027744,서울특별시,6,51057.74,38889.516,128.9683,1
A10028086,서울특별시,7,77554.94,59596.53,106.0884,25
A10028086,서울특별시,7,77554.94,59596.53,106.841,62
A10028086,서울특별시,7,77554.94,59596.53,106.967,82
A10028086,서울특별시,7,77554.94,59596.53,107.6344,49
A10028086,서울특별시,7,77554.94,59596.53,108.119,63
A10028086,서울특별시,7,77554.94,59596.53,108.281,58
A10028086,서울특별시,7,77554.94,59596.53,108.5918,46
A10028086,서울특별시,7,77554.94,59596.53,108.8164,51
A10028086,서울특별시,7,77554.94,59596.53,110.1541,8
A10028086,서울특별시,7,77554.94,59596.53,111.4321,10
A10028086,서울특별시,7,77554.94,59596.53,111.6031,10
A10028086,서울특별시,7,77554.94,59596.53,111.9716,40
A10028086,서울특별시,7,77554.94,59596.53,112.1156,42
A10028086,서울특별시,7,77554.94,59596.53,112.9476,3
A13821001,서울특별시,4,17349.805,13479.87,59.67,61
A13821001,서울특별시,4,17349.805,13479.87,59.68,14
A13821001,서울특별시,4,17349.805,13479.87,84.94,22
A13821001,서울특별시,4,17349.805,13479.87,84.95,84
A13821002,서울특별시,9,32744.2,25187.5,59.96,124
A13821002,서울특별시,9,32744.2,25187.5,84.94,209
A13821003,서울특별시,6,40090.605,30770.04,49.86,39
A13821003,서울특별시,6,40090.605,30770.04,49.91,79
A13821003,서울특별시,6,40090.605,30770.04,49.93,66
A13821003,서울특별시,6,40090.605,30770.04,49.95,41
A13821003,서울특별시,6,40090.605,30770.04,84.93,78
A13821003,서울특별시,6,40090.605,30770.04,84.95,74
A13821003,서울특별시,6,40090.605,30770.04,84.98,78
A13821004,서울특별시,6,47548.445,35108.58,49.93,300
A13821004,서울특별시,6,47548.445,35108.58,84.9,12
A13821004,서울특별시,6,47548.445,35108.58,84.93,72
A13821004,서울특별시,6,47548.445,35108.58,84.94,153
A13821005,서울특별시,9,41759.047,30048.26,49.93,262
A13821005,서울특별시,9,41759.047,30048.26,59.92,32
A13821005,서울특별시,9,41759.047,30048.26,59.95,80
A13821005,서울특별시,9,41759.047,30048.26,59.96,171
A13821006,서울특별시,5,48249.69,34503.12,39.99,374
A13821006,서울특별시,5,48249.69,34503.12,59.95,168
A13821006,서울특별시,5,48249.69,34503.12,59.97,158
A13821007,서울특별시,7,54298.78,38576.72,39.99,458
A13821007,서울특별시,7,54298.78,38576.72,59.93,118
A13821007,서울특별시,7,54298.78,38576.72,59.95,206
A13821007,서울특별시,7,54298.78,38576.72,59.99,14
A13876108,서울특별시,7,52676.727,42285.52,59.94,83
A13876108,서울특별시,7,52676.727,42285.52,59.95,88
A13876108,서울특별시,7,52676.727,42285.52,59.96,54
A13876108,서울특별시,7,52676.727,42285.52,84.9,19
A13876108,서울특별시,7,52676.727,42285.52,84.93,140
A13876108,서울특별시,7,52676.727,42285.52,84.94,66
A13876108,서울특별시,7,52676.727,42285.52,84.98,114
A13876109,서울특별시,9,30340.66,22522.79,49.77,204
A13876109,서울특별시,9,30340.66,22522.79,49.84,59
A13876109,서울특별시,9,30340.66,22522.79,84.94,30
A13876109,서울특별시,9,30340.66,22522.79,84.95,81
A13876110,서울특별시,10,65581.375,53093.74,84.93,204
A13876110,서울특별시,10,65581.375,53093.74,84.94,214
A13876110,서울특별시,10,65581.375,53093.74,84.98,207
A13876111,서울특별시,7,23480.334,18773.18,84.94,77
A13876111,서울특별시,7,23480.334,18773.18,84.95,144
A13876112,서울특별시,4,22520.26,16719.63,84.76,53
A13876112,서울특별시,4,22520.26,16719.63,84.85,9
A13876112,서울특별시,4,22520.26,16719.63,84.9,25
A13876112,서울특별시,4,22520.26,16719.63,84.92,110
A13876113,서울특별시,12,89541.32,62698.71,51.77,455
A13876113,서울특별시,12,89541.32,62698.71,51.82,119
A13876113,서울특별시,12,89541.32,62698.71,51.96,98
A13876113,서울특별시,12,89541.32,62698.71,54.12,12
A13876113,서울특별시,12,89541.32,62698.71,59.73,100
A13876113,서울특별시,12,89541.32,62698.71,59.85,214
A13876113,서울특별시,12,89541.32,62698.71,59.96,141
A13876114,서울특별시,22,159040.22,116176.44,51.77,585
A13876114,서울특별시,22,159040.22,116176.44,51.78,57
A13876114,서울특별시,22,159040.22,116176.44,51.82,48
A13876114,서울특별시,22,159040.22,116176.44,54.12,24
A13876114,서울특별시,22,159040.22,116176.44,59.63,231
A13876114,서울특별시,22,159040.22,116176.44,59.66,103
A13876114,서울특별시,22,159040.22,116176.44,59.85,78
A13876114,서울특별시,22,159040.22,116176.44,59.96,84
A13876114,서울특별시,22,159040.22,116176.44,75.92,48
A13876114,서울특별시,22,159040.22,116176.44,75.97,103
A13876114,서울특별시,22,159040.22,116176.44,78.15,12
A13876114,서울특별시,22,159040.22,116176.44,84.93,213
A13876114,서울특별시,22,159040.22,116176.44,84.96,182
A13876114,서울특별시,22,159040.22,116176.44,84.98,42
A10021523,서울특별시,1,6972.48,6972.48,49.14,72
A10021523,서울특별시,1,6972.48,6972.48,57.24,60
A10025467,서울특별시,1,14302.2,10831.03,60,58
A10025467,서울특별시,1,14302.2,10831.03,80.85,4
A10025467,서울특별시,1,14302.2,10831.03,84.99,59
A10025467,서울특별시,1,14302.2,10831.03,99.98,11
A10025467,서울특별시,1,14302.2,10831.03,114.18,8
A10025632,서울특별시,3,13391,10781.82,59.79,1
A10025632,서울특별시,3,13391,10781.82,59.93,2
A10025632,서울특별시,3,13391,10781.82,84.9,3
A10025632,서울특별시,3,13391,10781.82,84.95,1
A10025632,서울특별시,3,13391,10781.82,84.96,72
A10025632,서울특별시,3,13391,10781.82,118.44,35
A10026804,서울특별시,1,11345.36,8651.76,83.19,104
A13804001,서울특별시,4,38413.57,29455.525,58.11,36
A13804001,서울특별시,4,38413.57,29455.525,59.975,147
A13804001,서울특별시,4,38413.57,29455.525,79.945,232
A13804002,서울특별시,3,51004.938,35297.53,0,1
A13804002,서울특별시,3,51004.938,35297.53,84.79,18
A13804002,서울특별시,3,51004.938,35297.53,84.84,1
A13804002,서울특별시,3,51004.938,35297.53,84.85,295
A13804002,서울특별시,3,51004.938,35297.53,84.86,102
A13804003,서울특별시,3,46284,35287.34,59.69,58
A13804003,서울특별시,3,46284,35287.34,59.95,146
A13804003,서울특별시,3,46284,35287.34,80.15,39
A13804003,서울특별시,3,46284,35287.34,83.5,20
A13804003,서울특별시,3,46284,35287.34,84.22,70
A13804003,서울특별시,3,46284,35287.34,84.43,18
A13804003,서울특별시,3,46284,35287.34,100.45,3
A13804003,서울특별시,3,46284,35287.34,114.5,21
A13804003,서울특별시,3,46284,35287.34,114.63,57
A13804003,서울특별시,3,46284,35287.34,135.3,4
A13804003,서울특별시,3,46284,35287.34,162.4,2
A13804003,서울특별시,3,46284,35287.34,178,2
A13804003,서울특별시,3,46284,35287.34,198.85,1
A13804003,서울특별시,3,46284,35287.34,201.02,1
A13804004,서울특별시,6,75956.44,57949.9,71.17,78
A13804004,서울특별시,6,75956.44,57949.9,83.02,532
A13804004,서울특별시,6,75956.44,57949.9,84,98
A13804206,서울특별시,9,99554.72,75387.7,59.26,315
A13804206,서울특별시,9,99554.72,75387.7,84.76,328
A13804206,서울특별시,9,99554.72,75387.7,114.76,252
A13887301,서울특별시,2,23872.96,18054.56,59.78,124
A13887301,서울특별시,2,23872.96,18054.56,84.96,74
A13887301,서울특별시,2,23872.96,18054.56,114.6,38
A13887302,서울특별시,7,82564.4,63979.05,59.9,13
A13887302,서울특별시,7,82564.4,63979.05,59.98,70
A13887302,서울특별시,7,82564.4,63979.05,84.36,1
A13887302,서울특별시,7,82564.4,63979.05,84.38,663
A13887302,서울특별시,7,82564.4,63979.05,84.93,17
A13887302,서울특별시,7,82564.4,63979.05,84.98,18
A13887403,서울특별시,4,35645.24,26616.76,40.95,102
A13887403,서울특별시,4,35645.24,26616.76,59.4,80
A13887403,서울특별시,4,35645.24,26616.76,78.78,12
A13887403,서울특별시,4,35645.24,26616.76,84.97,170
A13887403,서울특별시,4,35645.24,26616.76,114.88,20
A13887405,서울특별시,7,61601.55,48459.45,43.2,192
A13887405,서울특별시,7,61601.55,48459.45,47.4,13
A13887405,서울특별시,7,61601.55,48459.45,58.13,16
A13887405,서울특별시,7,61601.55,48459.45,59.96,56
A13887405,서울특별시,7,61601.55,48459.45,84.93,12
A13887405,서울특별시,7,61601.55,48459.45,84.95,115
A13887405,서울특별시,7,61601.55,48459.45,114.56,45
A13887405,서울특별시,7,61601.55,48459.45,153.08,19
A13887405,서울특별시,7,61601.55,48459.45,167.08,12
A13887405,서울특별시,7,61601.55,48459.45,184.96,2
A13887405,서울특별시,7,61601.55,48459.45,187.12,75
A13887702,서울특별시,4,35922.324,28808.67,63.39,55
A13887702,서울특별시,4,35922.324,28808.67,98.32,22
A13887702,서울특별시,4,35922.324,28808.67,116.965,176
A13887702,서울특별시,4,35922.324,28808.67,116.97,22
A13887901,서울특별시,2,19120,15540.94,59.98,12
A13887901,서울특별시,2,19120,15540.94,84.99,106
A13887901,서울특별시,2,19120,15540.94,101.23,8
A13887901,서울특별시,2,19120,15540.94,124.19,16
A13887901,서울특별시,2,19120,15540.94,125.64,24
A10021098,서울특별시,1,33714.918,9418.35,84.85,111
A10021359,서울특별시,1,17151.34,9103.04,52.17,4
A10021359,서울특별시,1,17151.34,9103.04,52.26,4
A10021359,서울특별시,1,17151.34,9103.04,78.84,4
A10021359,서울특별시,1,17151.34,9103.04,84.66,2
A10021359,서울특별시,1,17151.34,9103.04,84.77,36
A10021359,서울특별시,1,17151.34,9103.04,84.92,32
A10021359,서울특별시,1,17151.34,9103.04,90.64,2
A10021359,서울특별시,1,17151.34,9103.04,112.51,20
A10021824,서울특별시,2,11609.02,9600.1,84.95,83
A10021824,서울특별시,2,11609.02,9600.1,101.97,25
A10023948,서울특별시,1,8703.08,2923.47,14.52,56
A10023948,서울특별시,1,8703.08,2923.47,14.58,8
A10023948,서울특별시,1,8703.08,2923.47,14.98,38
A10023948,서울특별시,1,8703.08,2923.47,15.21,18
A10023948,서울특별시,1,8703.08,2923.47,15.26,12
A10023948,서울특별시,1,8703.08,2923.47,18.46,7
A10023948,서울특별시,1,8703.08,2923.47,18.47,9
A10023948,서울특별시,1,8703.08,2923.47,18.67,36
A10024355,서울특별시,3,11779.619,8845.7,59.03,36
A10024355,서울특별시,3,11779.619,8845.7,80.03,34
A10024355,서울특별시,3,11779.619,8845.7,111.1,36
A10024823,서울특별시,1,10334.05,7560.01,59.67,47
A10024823,서울특별시,1,10334.05,7560.01,84.92,56
A10026023,서울특별시,6,39057.555,29487.264,59.984,101
A10026023,서울특별시,6,39057.555,29487.264,59.9846,119
A10026023,서울특별시,6,39057.555,29487.264,77.0731,6
A10026023,서울특별시,6,39057.555,29487.264,77.2609,10
A10026023,서울특별시,6,39057.555,29487.264,84.9779,158
A10026023,서울특별시,6,39057.555,29487.264,101.8223,16
A10027303,서울특별시,1,14337.29,11536.9,84.8,35
A10027303,서울특별시,1,14337.29,11536.9,84.87,38
A10027303,서울특별시,1,14337.29,11536.9,111.33,48
A10027849,서울특별시,2,29634.086,22859.984,57.8736,10
A10027849,서울특별시,2,29634.086,22859.984,57.8803,10
A10027849,서울특별시,2,29634.086,22859.984,57.9172,10
A10027849,서울특별시,2,29634.086,22859.984,57.9649,10
A10027849,서울특별시,2,29634.086,22859.984,84.9808,56
A10027849,서울특별시,2,29634.086,22859.984,84.9914,56
A10027849,서울특별시,2,29634.086,22859.984,110.3387,46
A10027849,서울특별시,2,29634.086,22859.984,114.247,2
A10027849,서울특별시,2,29634.086,22859.984,118.8208,46
A10027849,서울특별시,2,29634.086,22859.984,127.6755,2
A15805002,서울특별시,15,179156.88,128164.55,84.7,1
A15805002,서울특별시,15,179156.88,128164.55,84.71,1
A15805002,서울특별시,15,179156.88,128164.55,84.76,756
A15805002,서울특별시,15,179156.88,128164.55,84.77,754
A15805003,서울특별시,30,192096.77,147592.3,64.98,600
A15805003,서울특별시,30,192096.77,147592.3,82.43,46
A15805003,서울특별시,30,192096.77,147592.3,95.03,184
A15805003,서울특별시,30,192096.77,147592.3,95.16,156
A15805003,서울특별시,30,192096.77,147592.3,95.74,230
A15805003,서울특별시,30,192096.77,147592.3,116.12,78
A15805003,서울특별시,30,192096.77,147592.3,122.35,75
A15805003,서울특별시,30,192096.77,147592.3,140.98,15
A15805003,서울특별시,30,192096.77,147592.3,145.13,144
A15805003,서울특별시,30,192096.77,147592.3,153.58,60
A15805101,서울특별시,1,18070.633,13648.006,81.233,40
A15805101,서울특별시,1,18070.633,13648.006,84.915,26
A15805101,서울특별시,1,18070.633,13648.006,84.97,56
A15805101,서울특별시,1,18070.633,13648.006,107.268,32
A15805102,서울특별시,4,17380.197,13818.95,59.65,51
A15805102,서울특별시,4,17380.197,13818.95,82.81,74
A15805102,서울특별시,4,17380.197,13818.95,100.45,30
A15805102,서울특별시,4,17380.197,13818.95,102.21,16
A15805105,서울특별시,2,20099.72,16137.39,58.05,30
A15805105,서울특별시,2,20099.72,16137.39,59.4,59
A15805105,서울특별시,2,20099.72,16137.39,84.31,59
A15805105,서울특별시,2,20099.72,16137.39,84.75,2
A15805105,서울특별시,2,20099.72,16137.39,114.95,50
A15805109,서울특별시,2,29447.936,22222.84,84.82,262
A15805111,서울특별시,4,97106.77,81056.95,102.718,30
A15805111,서울특별시,4,97106.77,81056.95,119.369,34
A15805111,서울특별시,4,97106.77,81056.95,119.523,64
A15805111,서울특별시,4,97106.77,81056.95,133.363,60
A15805111,서울특별시,4,97106.77,81056.95,136.081,76
A15805111,서울특별시,4,97106.77,81056.95,136.082,76
A15805111,서울특별시,4,97106.77,81056.95,155.586,219
A15805111,서울특별시,4,97106.77,81056.95,159.479,1
A15805111,서울특별시,4,97106.77,81056.95,187.858,2
A15805111,서울특별시,4,97106.77,81056.95,190.951,1
A15805111,서울특별시,4,97106.77,81056.95,191.088,2
A15805111,서울특별시,4,97106.77,81056.95,208.511,6
A15805111,서울특별시,4,97106.77,81056.95,209.33,2
A15805111,서울특별시,4,97106.77,81056.95,209.338,2
A15805111,서울특별시,4,97106.77,81056.95,311.172,1
A15805114,서울특별시,2,101327.92,74804.72,138.2,58
A15805114,서울특별시,2,101327.92,74804.72,151.56,44
A15805114,서울특별시,2,101327.92,74804.72,154.05,116
A15805114,서울특별시,2,101327.92,74804.72,157.97,44
A15805114,서울특별시,2,101327.92,74804.72,167.44,116
A15805114,서울특별시,2,101327.92,74804.72,180.42,88
A15805115,서울특별시,34,238771.11,184875.17,53.88,480
A15805115,서울특별시,34,238771.11,184875.17,59.39,240
A15805115,서울특별시,34,238771.11,184875.17,64.4,48
A15805115,서울특별시,34,238771.11,184875.17,66.6,959
A15805115,서울특별시,34,238771.11,184875.17,66.68,1
A15805115,서울특별시,34,238771.11,184875.17,74.12,192
A15805115,서울특별시,34,238771.11,184875.17,89.05,21
A15805115,서울특별시,34,238771.11,184875.17,101.2,609
A15805202,서울특별시,8,42138.06,35724.28,84.93,54
A15805202,서울특별시,8,42138.06,35724.28,134.77,166
A15805202,서울특별시,8,42138.06,35724.28,156.54,56
A15805203,서울특별시,4,31629.744,25209.6,78.09,1
A15805203,서울특별시,4,31629.744,25209.6,84.27,138
A15805203,서울특별시,4,31629.744,25209.6,84.3,13
A15805203,서울특별시,4,31629.744,25209.6,84.33,82
A15805203,서울특별시,4,31629.744,25209.6,84.39,43
A15805203,서울특별시,4,31629.744,25209.6,84.42,11
A15805203,서울특별시,4,31629.744,25209.6,84.9,11
A15805301,서울특별시,1,49540.99,40991.34,83.9,2
A15805301,서울특별시,1,49540.99,40991.34,89.61,40
A15805301,서울특별시,1,49540.99,40991.34,95.99,15
A15805301,서울특별시,1,49540.99,40991.34,133.03,2
A15805301,서울특별시,1,49540.99,40991.34,135.09,2
A15805301,서울특별시,1,49540.99,40991.34,136.77,30
A15805301,서울특별시,1,49540.99,40991.34,137.69,2
A15805301,서울특별시,1,49540.99,40991.34,139.61,6
A15805301,서울특별시,1,49540.99,40991.34,140.52,30
A15805301,서울특별시,1,49540.99,40991.34,152.63,40
A15805301,서울특별시,1,49540.99,40991.34,157.29,40
A15805301,서울특별시,1,49540.99,40991.34,159.57,10
A15805301,서울특별시,1,49540.99,40991.34,168.08,2
A15805301,서울특별시,1,49540.99,40991.34,198.2,40
A15805301,서울특별시,1,49540.99,40991.34,238.31,15
A15805302,서울특별시,4,33097.39,32696.71,59.9,196
A15805302,서울특별시,4,33097.39,32696.71,77.17,53
A15805302,서울특별시,4,33097.39,32696.71,79.21,37
A15805302,서울특별시,4,33097.39,32696.71,84.73,59
A15805302,서울특별시,4,33097.39,32696.71,114.57,78
A15805303,서울특별시,13,121908.23,98233.64,59.98,171
A15805303,서울특별시,13,121908.23,98233.64,84.94,119
A15805303,서울특별시,13,121908.23,98233.64,84.97,267
A15805303,서울특별시,13,121908.23,98233.64,84.98,176
A15805303,서울특별시,13,121908.23,98233.64,84.99,54
A15805303,서울특별시,13,121908.23,98233.64,112.77,2
A15805303,서울특별시,13,121908.23,98233.64,114.75,84
A15805303,서울특별시,13,121908.23,98233.64,127.65,134
A15805303,서울특별시,13,121908.23,98233.64,135.85,19
A15805303,서울특별시,13,121908.23,98233.64,145.74,35
A15805303,서울특별시,13,121908.23,98233.64,156.25,4
A15805303,서울특별시,13,121908.23,98233.64,179.79,2
A15805403,서울특별시,7,37957.47,37957.47,84.93,40
A15805403,서울특별시,7,37957.47,37957.47,84.99,158
A15805403,서울특별시,7,37957.47,37957.47,102.13,30
A15805403,서울특별시,7,37957.47,37957.47,120.12,74
A15805403,서울특별시,7,37957.47,37957.47,133.03,69
A15805404,서울특별시,6,58914.52,46976.53,59.51,9
A15805404,서울특별시,6,58914.52,46976.53,69.31,15
A15805404,서울특별시,6,58914.52,46976.53,83.72,47
A15805404,서울특별시,6,58914.52,46976.53,84.98,325
A15805404,서울특별시,6,58914.52,46976.53,96.45,10
A15805404,서울특별시,6,58914.52,46976.53,103.68,16
A15805404,서울특별시,6,58914.52,46976.53,111.49,1
A15805404,서울특별시,6,58914.52,46976.53,119.46,67
A15805404,서울특별시,6,58914.52,46976.53,144.36,19
A15805404,서울특별시,6,58914.52,46976.53,183.21,2
A15805501,서울특별시,1,45536.32,35974.76,79.69,12
A15805501,서울특별시,1,45536.32,35974.76,91.38,2
A15805501,서울특별시,1,45536.32,35974.76,110.31,2
A15805501,서울특별시,1,45536.32,35974.76,118.01,2
A15805501,서울특별시,1,45536.32,35974.76,123.08,38
A15805501,서울특별시,1,45536.32,35974.76,123.75,2
A15805501,서울특별시,1,45536.32,35974.76,136.96,2
A15805501,서울특별시,1,45536.32,35974.76,141.7,30
A15805501,서울특별시,1,45536.32,35974.76,144.83,38
A15805501,서울특별시,1,45536.32,35974.76,146.46,15
A15805501,서울특별시,1,45536.32,35974.76,149.11,1
A15805501,서울특별시,1,45536.32,35974.76,149.28,30
A15805501,서울특별시,1,45536.32,35974.76,156.72,2
A15805501,서울특별시,1,45536.32,35974.76,159.6,1
A15805501,서울특별시,1,45536.32,35974.76,163.55,13
A15805501,서울특별시,1,45536.32,35974.76,172.36,2
A15805501,서울특별시,1,45536.32,35974.76,174.73,8
A15805501,서울특별시,1,45536.32,35974.76,195.82,2
A15805501,서울특별시,1,45536.32,35974.76,207.06,38
A15805502,서울특별시,1,58961.18,48147.01,73.32,2
A15805502,서울특별시,1,58961.18,48147.01,108.06,18
A15805502,서울특별시,1,58961.18,48147.01,112.73,46
A15805502,서울특별시,1,58961.18,48147.01,117.93,10
A15805502,서울특별시,1,58961.18,48147.01,129.37,24
A15805502,서울특별시,1,58961.18,48147.01,140.23,2
A15805502,서울특별시,1,58961.18,48147.01,142.6,13
A15805502,서울특별시,1,58961.18,48147.01,155.47,2
A15805502,서울특별시,1,58961.18,48147.01,156,6
A15805502,서울특별시,1,58961.18,48147.01,156.22,1
A15805502,서울특별시,1,58961.18,48147.01,156.28,2
A15805502,서울특별시,1,58961.18,48147.01,156.32,1
A15805502,서울특별시,1,58961.18,48147.01,156.64,2
A15805502,서울특별시,1,58961.18,48147.01,157.05,2
A15805502,서울특별시,1,58961.18,48147.01,158.4,30
A15805502,서울특별시,1,58961.18,48147.01,159.3,4
A15805502,서울특별시,1,58961.18,48147.01,159.57,2
A15805502,서울특별시,1,58961.18,48147.01,159.85,1
A15805502,서울특별시,1,58961.18,48147.01,159.94,1
A15805502,서울특별시,1,58961.18,48147.01,160.18,4
A15805502,서울특별시,1,58961.18,48147.01,160.39,2
A15805502,서울특별시,1,58961.18,48147.01,162.3,98
A15805502,서울특별시,1,58961.18,48147.01,168.36,1
A15805502,서울특별시,1,58961.18,48147.01,168.48,1
A15805502,서울특별시,1,58961.18,48147.01,169.62,13
A15805502,서울특별시,1,58961.18,48147.01,170.02,2
A15805502,서울특별시,1,58961.18,48147.01,175.36,1
A15805502,서울특별시,1,58961.18,48147.01,175.65,10
A15805502,서울특별시,1,58961.18,48147.01,201.32,8
A15805502,서울특별시,1,58961.18,48147.01,218.01,10
A15805502,서울특별시,1,58961.18,48147.01,223.76,1
A15805502,서울특별시,1,58961.18,48147.01,228.6,1
A15805503,서울특별시,16,133218.6,103837.46,47.25,330
A15805503,서울특별시,16,133218.6,103837.46,48.69,264
A15805503,서울특별시,16,133218.6,103837.46,65.34,150
A15805503,서울특별시,16,133218.6,103837.46,65.52,6
A15805503,서울특별시,16,133218.6,103837.46,67.58,84
A15805503,서울특별시,16,133218.6,103837.46,93.02,8
A15805503,서울특별시,16,133218.6,103837.46,94.86,24
A15805503,서울특별시,16,133218.6,103837.46,95.27,32
A15805503,서울특별시,16,133218.6,103837.46,95.34,84
A15805503,서울특별시,16,133218.6,103837.46,95.67,96
A15805503,서울특별시,16,133218.6,103837.46,96.36,84
A15805503,서울특별시,16,133218.6,103837.46,108.06,8
A15805503,서울특별시,16,133218.6,103837.46,115.65,84
A15805503,서울특별시,16,133218.6,103837.46,122.91,32
A15805503,서울특별시,16,133218.6,103837.46,142.2,96
A15805504,서울특별시,36,224117.34,180001.44,65.08,480
A15805504,서울특별시,36,224117.34,180001.44,81.64,27
A15805504,서울특별시,36,224117.34,180001.44,83.47,18
A15805504,서울특별시,36,224117.34,180001.44,93.18,18
A15805504,서울특별시,36,224117.34,180001.44,93.24,27
A15805504,서울특별시,36,224117.34,180001.44,95.01,108
A15805504,서울특별시,36,224117.34,180001.44,95.06,193
A15805504,서울특별시,36,224117.34,180001.44,95.21,72
A15805504,서울특별시,36,224117.34,180001.44,95.22,72
A15805504,서울특별시,36,224117.34,180001.44,95.27,108
A15805504,서울특별시,36,224117.34,180001.44,95.28,191
A15805504,서울특별시,36,224117.34,180001.44,115.47,192
A15805504,서울특별시,36,224117.34,180001.44,120.43,15
A15805504,서울특별시,36,224117.34,180001.44,122.46,60
A15805504,서울특별시,36,224117.34,180001.44,141.1,15
A15805504,서울특별시,36,224117.34,180001.44,142.51,96
A15805504,서울특별시,36,224117.34,180001.44,143.36,96
A15805504,서울특별시,36,224117.34,180001.44,152.85,60
A15870101,서울특별시,4,89648,71992.24,112.33,100
A15870101,서울특별시,4,89648,71992.24,124.95,100
A15870101,서울특별시,4,89648,71992.24,127.65,100
A15870101,서울특별시,4,89648,71992.24,146.1,100
A15870101,서울특별시,4,89648,71992.24,161.36,38
A15870101,서울특별시,4,89648,71992.24,163.54,38
A15870101,서울특별시,4,89648,71992.24,177.48,38
A15870101,서울특별시,4,89648,71992.24,210.67,2
A15870101,서울특별시,4,89648,71992.24,211.79,2
A15870101,서울특별시,4,89648,71992.24,238.47,4
A15870102,서울특별시,2,29089.8,17690.4,32.76,540
A15875101,서울특별시,34,216994,169924.36,47.52,120
A15875101,서울특별시,34,216994,169924.36,51.48,120
A15875101,서울특별시,34,216994,169924.36,65.34,287
A15875101,서울특별시,34,216994,169924.36,65.43,1
A15875101,서울특별시,34,216994,169924.36,66,144
A15875101,서울특별시,34,216994,169924.36,83.23,70
A15875101,서울특별시,34,216994,169924.36,88.5,90
A15875101,서울특별시,34,216994,169924.36,90.06,90
A15875101,서울특별시,34,216994,169924.36,91.26,90
A15875101,서울특별시,34,216994,169924.36,96.9,45
A15875101,서울특별시,34,216994,169924.36,98.08,280
A15875101,서울특별시,34,216994,169924.36,99.15,180
A15875101,서울특별시,34,216994,169924.36,116.29,72
A15875101,서울특별시,34,216994,169924.36,123.19,25
A15875101,서울특별시,34,216994,169924.36,125.44,100
A15875101,서울특별시,34,216994,169924.36,154.44,168
A15875102,서울특별시,37,203186.73,163931.27,65.25,180
A15875102,서울특별시,37,203186.73,163931.27,65.82,180
A15875102,서울특별시,37,203186.73,163931.27,83.52,40
A15875102,서울특별시,37,203186.73,163931.27,95.22,157
A15875102,서울특별시,37,203186.73,163931.27,95.23,3
A15875102,서울특별시,37,203186.73,163931.27,95.4,46
A15875102,서울특별시,37,203186.73,163931.27,95.6,2
A15875102,서울특별시,37,203186.73,163931.27,95.67,234
A15875102,서울특별시,37,203186.73,163931.27,95.76,50
A15875102,서울특별시,37,203186.73,163931.27,97.92,233
A15875102,서울특별시,37,203186.73,163931.27,97.93,1
A15875102,서울특별시,37,203186.73,163931.27,116.82,75
A15875102,서울특별시,37,203186.73,163931.27,116.84,3
A15875102,서울특별시,37,203186.73,163931.27,120.06,19
A15875102,서울특별시,37,203186.73,163931.27,122.31,226
A15875102,서울특별시,37,203186.73,163931.27,138.69,19
A15875102,서울특별시,37,203186.73,163931.27,144,96
A15875102,서울특별시,37,203186.73,163931.27,152.64,76
A15875103,서울특별시,15,139213.11,101725.8,47.94,594
A15875103,서울특별시,15,139213.11,101725.8,65.1,240
A15875103,서울특별시,15,139213.11,101725.8,95.03,288
A15875103,서울특별시,15,139213.11,101725.8,115.19,144
A15875103,서울특별시,15,139213.11,101725.8,142.39,96
A15880204,서울특별시,4,38412.4,28057.26,84.44,210
A15880204,서울특별시,4,38412.4,28057.26,84.63,122
A15880905,서울특별시,5,61515.965,47483.48,58.86,54
A15880905,서울특별시,5,61515.965,47483.48,82.34,1
A15880905,서울특별시,5,61515.965,47483.48,83.71,135
A15880905,서울특별시,5,61515.965,47483.48,84.25,8
A15880905,서울특별시,5,61515.965,47483.48,96.03,4
A15880905,서울특별시,5,61515.965,47483.48,96.83,155
A15880905,서울특별시,5,61515.965,47483.48,100.56,8
A15880905,서울특별시,5,61515.965,47483.48,102.84,10
A15880905,서울특별시,5,61515.965,47483.48,123.15,10
A15880905,서울특별시,5,61515.965,47483.48,125.37,110
A15881601,서울특별시,2,22512.398,16882.8,59.91,83
A15881601,서울특별시,2,22512.398,16882.8,84.21,72
A15881601,서울특별시,2,22512.398,16882.8,114.65,51
A15881701,서울특별시,1,16136.927,11860.679,59.691,34
A15881701,서울특별시,1,16136.927,11860.679,82.615,119
A15881702,서울특별시,2,15956.95,12519.94,59.85,64
A15881702,서울특별시,2,15956.95,12519.94,84.94,59
A15881702,서울특별시,2,15956.95,12519.94,114.94,32
A15882006,서울특별시,1,22749.5,15755.67,57.84,36
A15882006,서울특별시,1,22749.5,15755.67,59.31,15
A15882006,서울특별시,1,22749.5,15755.67,59.46,15
A15882006,서울특별시,1,22749.5,15755.67,83.16,143
A15882008,서울특별시,3,25920.24,17495.28,59.64,2
A15882008,서울특별시,3,25920.24,17495.28,59.9,120
A15882008,서울특별시,3,25920.24,17495.28,84.9,120
A15882010,서울특별시,3,31030.63,22370.64,58.76,26
A15882010,서울특별시,3,31030.63,22370.64,59.87,92
A15882010,서울특별시,3,31030.63,22370.64,84.88,97
A15882010,서울특별시,3,31030.63,22370.64,114.54,62
A15882103,서울특별시,1,18414.64,14211.21,59.46,72
A15882103,서울특별시,1,18414.64,14211.21,84.75,71
A15882103,서울특별시,1,18414.64,14211.21,108.69,36
A15882104,서울특별시,2,18989.37,14383.33,59.84,93
A15882104,서울특별시,2,18989.37,14383.33,84.96,48
A15882104,서울특별시,2,18989.37,14383.33,112.56,12
A15882104,서울특별시,2,18989.37,14383.33,112.83,19
A15882104,서울특별시,2,18989.37,14383.33,113.24,11
A15882107,서울특별시,2,23519.04,16932.24,59.88,136
A15882107,서울특별시,2,23519.04,16932.24,84.96,44
A15882107,서울특별시,2,23519.04,16932.24,114.78,44
A10021018,서울특별시,1,55.38,9380.22,27.69,28
A10021018,서울특별시,1,55.38,9380.22,59.85,26
A10021018,서울특별시,1,55.38,9380.22,75.42,26
A10021018,서울특별시,1,55.38,9380.22,84.33,28
A10021018,서울특별시,1,55.38,9380.22,97.38,28
A10021293,서울특별시,2,10340.08,8055.552,59.232,136
A10021332,서울특별시,3,10080,10192.8,84.83,10
A10021332,서울특별시,3,10080,10192.8,84.95,110
A10021670,서울특별시,1,12807.327,9582.6,59.4,87
A10021670,서울특별시,1,12807.327,9582.6,84.9,52
A10021748,서울특별시,1,11530.9,9135.58,59.71,32
A10021748,서울특별시,1,11530.9,9135.58,84.01,86
A10022149,서울특별시,2,12603.78,10077.5,58.89,30
A10022149,서울특별시,2,12603.78,10077.5,59.89,14
A10022149,서울특별시,2,12603.78,10077.5,84.5,9
A10022149,서울특별시,2,12603.78,10077.5,84.96,79
A10022185,서울특별시,1,8178.42,8178.42,52.83,1
A10022185,서울특별시,1,8178.42,8178.42,59.76,46
A10022185,서울특별시,1,8178.42,8178.42,80.61,1
A10022185,서울특별시,1,8178.42,8178.42,84.75,44
A10022185,서울특별시,1,8178.42,8178.42,111.93,14
A10022224,서울특별시,1,10480.8,7369.16,59.9,64
A10022224,서울특별시,1,10480.8,7369.16,84.18,42
A10022304,서울특별시,1,11446.53,8661.77,59.99,47
A10022304,서울특별시,1,11446.53,8661.77,84.98,39
A10022304,서울특별시,1,11446.53,8661.77,114.91,22
A10022672,서울특별시,1,11979.79,8653.73,59.52,50
A10022672,서울특별시,1,11979.79,8653.73,83.43,45
A10022672,서울특별시,1,11979.79,8653.73,113.14,17
A10023219,서울특별시,5,28311.574,21184.596,59.7052,102
A10023219,서울특별시,5,28311.574,21184.596,59.9208,26
A10023219,서울특별시,5,28311.574,21184.596,74.6347,96
A10023219,서울특별시,5,28311.574,21184.596,84.9558,30
A10023219,서울특별시,5,28311.574,21184.596,84.9582,45
A10024804,서울특별시,1,12614,9284.22,59.91,56
A10024804,서울특별시,1,12614,9284.22,84.05,18
A10024804,서울특별시,1,12614,9284.22,84.93,52
A10025120,서울특별시,3,13703.99,10775.184,51.9835,2
A10025120,서울특별시,3,13703.99,10775.184,65.4533,12
A10025120,서울특별시,3,13703.99,10775.184,71.0856,2
A10025120,서울특별시,3,13703.99,10775.184,71.9773,1
A10025120,서울특별시,3,13703.99,10775.184,72.8145,1
A10025120,서울특별시,3,13703.99,10775.184,72.9862,2
A10025120,서울특별시,3,13703.99,10775.184,76.2081,12
A10025120,서울특별시,3,13703.99,10775.184,76.6408,20
A10025120,서울특별시,3,13703.99,10775.184,84.9201,20
A10025120,서울특별시,3,13703.99,10775.184,84.9253,11
A10025120,서울특별시,3,13703.99,10775.184,84.9375,42
A10025120,서울특별시,3,13703.99,10775.184,84.9755,8
A10025120,서울특별시,3,13703.99,10775.184,125.7691,1
A10025157,서울특별시,2,12895.91,10516.78,59.9,18
A10025157,서울특별시,2,12895.91,10516.78,72.95,2
A10025157,서울특별시,2,12895.91,10516.78,74.23,21
A10025157,서울특별시,2,12895.91,10516.78,84.4,55
A10025157,서울특별시,2,12895.91,10516.78,89.99,7
A10025157,서울특별시,2,12895.91,10516.78,107.04,23
A15809001,서울특별시,3,17027.16,10678.665,59.648,60
A15809001,서울특별시,3,17027.16,10678.665,72.974,45
A15809001,서울특별시,3,17027.16,10678.665,84.72,30
A15809001,서울특별시,3,17027.16,10678.665,84.957,15
A15809201,서울특별시,3,18088.18,14488.94,65.2,40
A15809201,서울특별시,3,18088.18,14488.94,80.19,36
A15809201,서울특별시,3,18088.18,14488.94,84.85,106
A15809401,서울특별시,3,15190,11776.84,59.43,74
A15809401,서울특별시,3,15190,11776.84,59.46,18
A15809401,서울특별시,3,15190,11776.84,71.35,4
A15809401,서울특별시,3,15190,11776.84,82.51,62
A15809401,서울특별시,3,15190,11776.84,82.52,11
A15809402,서울특별시,3,23196.44,18833.56,59.6,30
A15809402,서울특별시,3,23196.44,18833.56,72.72,14
A15809402,서울특별시,3,23196.44,18833.56,74.36,14
A15809402,서울특별시,3,23196.44,18833.56,84.14,164
A15809402,서울특별시,3,23196.44,18833.56,84.82,14
A15809403,서울특별시,5,28589.37,22962.22,59.99,22
A15809403,서울특별시,5,28589.37,22962.22,76,54
A15809403,서울특별시,5,28589.37,22962.22,84.3,193
A15809403,서울특별시,5,28589.37,22962.22,90.61,14
A15809502,서울특별시,3,22147.7,17458.9,59.98,32
A15809502,서울특별시,3,22147.7,17458.9,80.28,1
A15809502,서울특별시,3,22147.7,17458.9,81.5,1
A15809502,서울특별시,3,22147.7,17458.9,84.96,181
A15809601,서울특별시,3,17147.111,13428.66,59.98,105
A15809601,서울특별시,3,17147.111,13428.66,84.89,84
A15809603,서울특별시,7,41795.56,33270.59,59.822,81
A15809603,서울특별시,7,41795.56,33270.59,59.9461,24
A15809603,서울특별시,7,41795.56,33270.59,59.9465,80
A15809603,서울특별시,7,41795.56,33270.59,84.0145,88
A15809603,서울특별시,7,41795.56,33270.59,84.5766,15
A15809603,서울특별시,7,41795.56,33270.59,84.9285,136
A15809603,서울특별시,7,41795.56,33270.59,98.919,20
A15809701,서울특별시,5,13550,13639.05,42.57,110
A15809701,서울특별시,5,13550,13639.05,49.32,5
A15809701,서울특별시,5,13550,13639.05,49.77,175
A15809702,서울특별시,11,36343.8,27939.6,47.6,150
A15809702,서울특별시,11,36343.8,27939.6,54.5,5
A15809702,서울특별시,11,36343.8,27939.6,56.78,180
A15809702,서울특별시,11,36343.8,27939.6,60.2,50
A15809702,서울특별시,11,36343.8,27939.6,72.88,6
A15809702,서울특별시,11,36343.8,27939.6,72.97,70
A15809702,서울특별시,11,36343.8,27939.6,72.98,24
A15878601,서울특별시,6,16231.622,13156.13,84.71,7
A15878601,서울특별시,6,16231.622,13156.13,84.73,6
A15878601,서울특별시,6,16231.622,13156.13,84.78,14
A15878601,서울특별시,6,16231.622,13156.13,84.79,7
A15878601,서울특별시,6,16231.622,13156.13,84.83,33
A15878601,서울특별시,6,16231.622,13156.13,84.91,6
A15878601,서울특별시,6,16231.622,13156.13,84.93,14
A15878601,서울특별시,6,16231.622,13156.13,84.94,14
A15878601,서울특별시,6,16231.622,13156.13,84.95,54
A15882201,서울특별시,3,23858.6,19722.76,84.94,44
A15882201,서울특별시,3,23858.6,19722.76,119.98,48
A15882201,서울특별시,3,23858.6,19722.76,120.99,11
A15882201,서울특별시,3,23858.6,19722.76,127.89,31
A15882201,서울특별시,3,23858.6,19722.76,128.76,26
A15882201,서울특별시,3,23858.6,19722.76,143.92,11
A15883101,서울특별시,1,17245.84,12114.51,59.94,75
A15883101,서울특별시,1,17245.84,12114.51,77.31,51
A15883101,서울특별시,1,17245.84,12114.51,83.55,44
A15883201,서울특별시,6,45871.99,36578.63,59.98,40
A15883201,서울특별시,6,45871.99,36578.63,59.99,128
A15883201,서울특별시,6,45871.99,36578.63,76.53,44
A15883201,서울특별시,6,45871.99,36578.63,84.63,63
A15883201,서울특별시,6,45871.99,36578.63,84.77,210
A15883202,서울특별시,5,31587,23437.81,59.72,36
A15883202,서울특별시,5,31587,23437.81,59.88,46
A15883202,서울특별시,5,31587,23437.81,70.61,24
A15883202,서울특별시,5,31587,23437.81,70.91,75
A15883202,서울특별시,5,31587,23437.81,84.41,24
A15883202,서울특별시,5,31587,23437.81,84.63,60
A15883202,서울특별시,5,31587,23437.81,84.94,52
A15883401,서울특별시,6,34364.71,26398.2,31.93,61
A15883401,서울특별시,6,34364.71,26398.2,59.78,21
A15883401,서울특별시,6,34364.71,26398.2,75.63,84
A15883401,서울특별시,6,34364.71,26398.2,84.04,80
A15883401,서울특별시,6,34364.71,26398.2,84.22,78
A15883401,서울특별시,6,34364.71,26398.2,107.57,33
A15883402,서울특별시,11,93584.58,69535.59,36.806,160
A15883402,서울특별시,11,93584.58,69535.59,59.474,23
A15883402,서울특별시,11,93584.58,69535.59,59.747,118
A15883402,서울특별시,11,93584.58,69535.59,59.948,58
A15883402,서울특별시,11,93584.58,69535.59,84.966,182
A15883402,서울특별시,11,93584.58,69535.59,84.984,294
A15883402,서울특별시,11,93584.58,69535.59,116.375,76
A15883402,서울특별시,11,93584.58,69535.59,129.368,19
A15883702,서울특별시,3,24595.2,18792,81,40
A15883702,서울특별시,3,24595.2,18792,86.4,40
A15883702,서울특별시,3,24595.2,18792,100.8,120
A15883803,서울특별시,2,22482.54,17366.79,59.73,73
A15883803,서울특별시,2,22482.54,17366.79,84.99,110
A15883803,서울특별시,2,22482.54,17366.79,114.3,32
A15884202,서울특별시,5,42392,34843,68,130
A15884202,서울특별시,5,42392,34843,70.16,40
A15884202,서울특별시,5,42392,34843,84.56,130
A15884202,서울특별시,5,42392,34843,87.17,140
A15884703,서울특별시,20,155871.6,113052.24,43.2,792
A15884703,서울특별시,20,155871.6,113052.24,50.67,936
A15884703,서울특별시,20,155871.6,113052.24,59.49,528
A10021466,서울특별시,1,15325.2,11659.98,59.69,57
A10021466,서울특별시,1,15325.2,11659.98,84.73,50
A10021466,서울특별시,1,15325.2,11659.98,114.89,35
A10022222,서울특별시,1,8955.59,7084.09,59.87,85
A10022222,서울특별시,1,8955.59,7084.09,64.39,2
A10022222,서울특별시,1,8955.59,7084.09,70.63,12
A10022222,서울특별시,1,8955.59,7084.09,84.9,12
A10023593,서울특별시,1,11916.18,9360.306,54.821,14
A10023593,서울특별시,1,11916.18,9360.306,55.649,7
A10023593,서울특별시,1,11916.18,9360.306,59.916,11
A10023593,서울특별시,1,11916.18,9360.306,76.68,2
A10023593,서울특별시,1,11916.18,9360.306,79.5708,63
A10023593,서울특별시,1,11916.18,9360.306,84.924,28
A10023886,서울특별시,7,38518.348,29156.398,39.9445,25
A10023886,서울특별시,7,38518.348,29156.398,49.7548,41
A10023886,서울특별시,7,38518.348,29156.398,59.9182,50
A10023886,서울특별시,7,38518.348,29156.398,59.9488,64
A10023886,서울특별시,7,38518.348,29156.398,84.9224,93
A10023886,서울특별시,7,38518.348,29156.398,84.9705,10
A10023886,서울특별시,7,38518.348,29156.398,84.9735,16
A10023886,서울특별시,7,38518.348,29156.398,84.9828,108
A10024398,서울특별시,23,153036.5,113066.45,39.39,90
A10024398,서울특별시,23,153036.5,113066.45,49.22,106
A10024398,서울특별시,23,153036.5,113066.45,54.44,56
A10024398,서울특별시,23,153036.5,113066.45,59.82,271
A10024398,서울특별시,23,153036.5,113066.45,59.98,27
A10024398,서울특별시,23,153036.5,113066.45,84.58,102
A10024398,서울특별시,23,153036.5,113066.45,84.72,196
A10024398,서울특별시,23,153036.5,113066.45,84.84,19
A10024398,서울특별시,23,153036.5,113066.45,84.9,141
A10024398,서울특별시,23,153036.5,113066.45,84.94,196
A10024398,서울특별시,23,153036.5,113066.45,84.95,194
A10024398,서울특별시,23,153036.5,113066.45,115.97,99
A10025649,서울특별시,4,36929.496,18485.61,26.8,60
A10025649,서울특별시,4,36929.496,18485.61,26.94,44
A10025649,서울특별시,4,36929.496,18485.61,31.31,15
A10025649,서울특별시,4,36929.496,18485.61,39.48,305
A10025649,서울특별시,4,36929.496,18485.61,39.62,30
A10025649,서울특별시,4,36929.496,18485.61,44.28,45
A10025729,서울특별시,8,39075.395,30332.88,84.926,34
A10025729,서울특별시,8,39075.395,30332.88,84.949,14
A10025729,서울특별시,8,39075.395,30332.88,84.977,190
A10025729,서울특별시,8,39075.395,30332.88,84.987,10
A10025729,서울특별시,8,39075.395,30332.88,84.993,99
A10025729,서울특별시,8,39075.395,30332.88,94.012,2
A10025729,서울특별시,8,39075.395,30332.88,94.04,7
A10027375,서울특별시,15,109381,83427.18,36.01,92
A10027375,서울특별시,15,109381,83427.18,46.17,73
A10027375,서울특별시,15,109381,83427.18,51.87,20
A10027375,서울특별시,15,109381,83427.18,59.87,22
A10027375,서울특별시,15,109381,83427.18,59.95,140
A10027375,서울특별시,15,109381,83427.18,84.88,170
A10027375,서울특별시,15,109381,83427.18,84.93,80
A10027375,서울특별시,15,109381,83427.18,84.98,327
A10027375,서울특별시,15,109381,83427.18,100.84,77
A10027375,서울특별시,15,109381,83427.18,113.62,25
A10027375,서울특별시,15,109381,83427.18,113.68,52
A10027375,서울특별시,15,109381,83427.18,155.77,3
A10027396,서울특별시,7,45835.62,30991.92,39.92,16
A10027396,서울특별시,7,45835.62,30991.92,39.99,204
A10027396,서울특별시,7,45835.62,30991.92,49.99,102
A10027396,서울특별시,7,45835.62,30991.92,59.99,98
A10027396,서울특별시,7,45835.62,30991.92,74.97,68
A10027396,서울특별시,7,45835.62,30991.92,84.99,72
A15807001,서울특별시,4,33765.285,26721.87,84.73,15
A15807001,서울특별시,4,33765.285,26721.87,84.82,12
A15807001,서울특별시,4,33765.285,26721.87,84.88,13
A15807001,서울특별시,4,33765.285,26721.87,84.95,19
A15807001,서울특별시,4,33765.285,26721.87,84.97,11
A15807001,서울특별시,4,33765.285,26721.87,84.98,53
A15807001,서울특별시,4,33765.285,26721.87,84.99,24
A15807001,서울특별시,4,33765.285,26721.87,93.53,2
A15807001,서울특별시,4,33765.285,26721.87,93.86,1
A15807001,서울특별시,4,33765.285,26721.87,95.24,48
A15807001,서울특별시,4,33765.285,26721.87,96.17,36
A15807001,서울특별시,4,33765.285,26721.87,96.83,12
A15807001,서울특별시,4,33765.285,26721.87,103.45,38
A15807001,서울특별시,4,33765.285,26721.87,103.7,8
A15807002,서울특별시,9,53781.816,54010.76,49.14,6
A15807002,서울특별시,9,53781.816,54010.76,49.8,295
A15807002,서울특별시,9,53781.816,54010.76,49.95,258
A15807002,서울특별시,9,53781.816,54010.76,58.99,3
A15807002,서울특별시,9,53781.816,54010.76,59.42,70
A15807002,서울특별시,9,53781.816,54010.76,59.73,365
A15807003,서울특별시,7,24671.389,18859.92,59.88,136
A15807003,서울특별시,7,24671.389,18859.92,59.94,18
A15807003,서울특별시,7,24671.389,18859.92,114.73,84
A15807004,서울특별시,12,53856.03,41024.98,49.92,67
A15807004,서울특별시,12,53856.03,41024.98,49.94,16
A15807004,서울특별시,12,53856.03,41024.98,59.83,5
A15807004,서울특별시,12,53856.03,41024.98,59.88,52
A15807004,서울특별시,12,53856.03,41024.98,59.9,1
A15807004,서울특별시,12,53856.03,41024.98,59.93,68
A15807004,서울특별시,12,53856.03,41024.98,59.94,14
A15807004,서울특별시,12,53856.03,41024.98,84.51,49
A15807004,서울특별시,12,53856.03,41024.98,84.86,62
A15807004,서울특별시,12,53856.03,41024.98,84.95,46
A15807004,서울특별시,12,53856.03,41024.98,84.96,130
A15807004,서울특별시,12,53856.03,41024.98,114.98,36
A15807101,서울특별시,32,245122.27,196593.81,53.82,240
A15807101,서울특별시,32,245122.27,196593.81,71.37,600
A15807101,서울특별시,32,245122.27,196593.81,84.99,21
A15807101,서울특별시,32,245122.27,196593.81,90.72,18
A15807101,서울특별시,32,245122.27,196593.81,100.33,84
A15807101,서울특별시,32,245122.27,196593.81,106.39,75
A15807101,서울특별시,32,245122.27,196593.81,106.93,492
A15807101,서울특별시,32,245122.27,196593.81,126.02,85
A15807101,서울특별시,32,245122.27,196593.81,126.53,240
A15807101,서울특별시,32,245122.27,196593.81,139.79,4
A15807101,서울특별시,32,245122.27,196593.81,146.04,11
A15807101,서울특별시,32,245122.27,196593.81,156.84,116
A15807101,서울특별시,32,245122.27,196593.81,158.7,44
A15807202,서울특별시,2,22710.54,18007.32,59.97,18
A15807202,서울특별시,2,22710.54,18007.32,84.97,40
A15807202,서울특별시,2,22710.54,18007.32,84.98,113
A15807202,서울특별시,2,22710.54,18007.32,115.48,34
A15807204,서울특별시,1,18410.28,18398.38,84.14,17
A15807204,서울특별시,1,18410.28,18398.38,84.84,200
A15807205,서울특별시,4,20551.56,20553.26,59.88,10
A15807205,서울특별시,4,20551.56,20553.26,84.73,182
A15807205,서울특별시,4,20551.56,20553.26,114.96,28
A15807205,서울특별시,4,20551.56,20553.26,131.47,9
A15807205,서울특별시,4,20551.56,20553.26,131.49,1
A15807208,서울특별시,4,40187.72,40187.72,84.77,268
A15807208,서울특별시,4,40187.72,40187.72,114.93,152
A15807210,서울특별시,7,68680.44,54656.95,59.82,95
A15807210,서울특별시,7,68680.44,54656.95,84.74,19
A15807210,서울특별시,7,68680.44,54656.95,84.88,243
A15807210,서울특별시,7,68680.44,54656.95,114.756,233
A15807211,서울특별시,6,110997.41,88275.78,71.16,114
A15807211,서울특별시,6,110997.41,88275.78,84.77,546
A15807211,서울특별시,6,110997.41,88275.78,101.91,152
A15807211,서울특별시,6,110997.41,88275.78,114.93,160
A15807306,서울특별시,6,44981.96,34950.895,59.921,32
A15807306,서울특별시,6,44981.96,34950.895,84.951,15
A15807306,서울특별시,6,44981.96,34950.895,84.985,225
A15807306,서울특별시,6,44981.96,34950.895,84.998,14
A15807306,서울특별시,6,44981.96,34950.895,104.466,17
A15807306,서울특별시,6,44981.96,34950.895,109.905,88
A15807311,서울특별시,8,60595.76,45494.35,84.25,106
A15807311,서울특별시,8,60595.76,45494.35,84.6,14
A15807311,서울특별시,8,60595.76,45494.35,84.8,312
A15807311,서울특별시,8,60595.76,45494.35,84.97,105
A15807313,서울특별시,4,48613.637,25449.2,32.76,320
A15807313,서울특별시,4,48613.637,25449.2,38.9,4
A15807313,서울특별시,4,48613.637,25449.2,39.6,374
A15807315,서울특별시,11,95984.98,75648.695,84.955,433
A15807315,서울특별시,11,95984.98,75648.695,115.321,337
A15807316,서울특별시,8,76513.08,45838.86,48.96,236
A15807316,서울특별시,8,76513.08,45838.86,49.08,60
A15807316,서울특별시,8,76513.08,45838.86,49.5,60
A15807316,서울특별시,8,76513.08,45838.86,49.8,84
A15807316,서울특별시,8,76513.08,45838.86,59.44,15
A15807316,서울특별시,8,76513.08,45838.86,59.73,390
A15807601,서울특별시,1,31159.23,24935.24,86.16,1
A15807601,서울특별시,1,31159.23,24935.24,91.62,1
A15807601,서울특별시,1,31159.23,24935.24,92.39,2
A15807601,서울특별시,1,31159.23,24935.24,92.4,1
A15807601,서울특별시,1,31159.23,24935.24,94.87,1
A15807601,서울특별시,1,31159.23,24935.24,99.77,15
A15807601,서울특별시,1,31159.23,24935.24,103.08,1
A15807601,서울특별시,1,31159.23,24935.24,107.81,16
A15807601,서울특별시,1,31159.23,24935.24,125.89,15
A15807601,서울특별시,1,31159.23,24935.24,133.71,2
A15807601,서울특별시,1,31159.23,24935.24,133.8,1
A15807601,서울특별시,1,31159.23,24935.24,142.79,17
A15807601,서울특별시,1,31159.23,24935.24,143.53,1
A15807601,서울특별시,1,31159.23,24935.24,145.15,2
A15807601,서울특별시,1,31159.23,24935.24,148.09,1
A15807601,서울특별시,1,31159.23,24935.24,150.45,1
A15807601,서울특별시,1,31159.23,24935.24,157.96,1
A15807601,서울특별시,1,31159.23,24935.24,161.36,19
A15807601,서울특별시,1,31159.23,24935.24,164.98,38
A15807601,서울특별시,1,31159.23,24935.24,176.77,15
A15807601,서울특별시,1,31159.23,24935.24,178.94,15
A15807601,서울특별시,1,31159.23,24935.24,180.49,1
A15807601,서울특별시,1,31159.23,24935.24,184.93,1
A15807601,서울특별시,1,31159.23,24935.24,208.67,2
A15807603,서울특별시,3,57389.24,57389.24,72.17,2
A15807603,서울특별시,3,57389.24,57389.24,78.45,2
A15807603,서울특별시,3,57389.24,57389.24,89.46,3
A15807603,서울특별시,3,57389.24,57389.24,98.06,2
A15807603,서울특별시,3,57389.24,57389.24,110.1,2
A15807603,서울특별시,3,57389.24,57389.24,117.11,3
A15807603,서울특별시,3,57389.24,57389.24,122.66,3
A15807603,서울특별시,3,57389.24,57389.24,126.12,2
A15807603,서울특별시,3,57389.24,57389.24,146.92,1
A15807603,서울특별시,3,57389.24,57389.24,149.48,25
A15807603,서울특별시,3,57389.24,57389.24,154.71,13
A15807603,서울특별시,3,57389.24,57389.24,163.08,33
A15807603,서울특별시,3,57389.24,57389.24,163.57,35
A15807603,서울특별시,3,57389.24,57389.24,164.13,12
A15807603,서울특별시,3,57389.24,57389.24,165.14,18
A15807603,서울특별시,3,57389.24,57389.24,187.9,1
A15807603,서울특별시,3,57389.24,57389.24,189.61,13
A15807603,서울특별시,3,57389.24,57389.24,189.66,1
A15807603,서울특별시,3,57389.24,57389.24,191.98,1
A15807603,서울특별시,3,57389.24,57389.24,197.65,18
A15807603,서울특별시,3,57389.24,57389.24,199.87,1
A15807603,서울특별시,3,57389.24,57389.24,205.12,22
A15807603,서울특별시,3,57389.24,57389.24,208.54,2
A15807603,서울특별시,3,57389.24,57389.24,216.29,36
A15807603,서울특별시,3,57389.24,57389.24,220.38,1
A15807603,서울특별시,3,57389.24,57389.24,221.44,35
A15807603,서울특별시,3,57389.24,57389.24,225.75,2
A15807603,서울특별시,3,57389.24,57389.24,241.51,19
A15807603,서울특별시,3,57389.24,57389.24,242.19,4
A15807604,서울특별시,12,125623.4,90956.42,54.94,834
A15807604,서울특별시,12,125623.4,90956.42,71.77,278
A15807604,서울특별시,12,125623.4,90956.42,92.9,8
A15807604,서울특별시,12,125623.4,90956.42,105.35,232
A15807605,서울특별시,33,246637.05,212308.62,53.9,240
A15807605,서울특별시,33,246637.05,212308.62,70.37,1
A15807605,서울특별시,33,246637.05,212308.62,70.73,779
A15807605,서울특별시,33,246637.05,212308.62,84.41,24
A15807605,서울특별시,33,246637.05,212308.62,98.63,600
A15807605,서울특별시,33,246637.05,212308.62,99.26,96
A15807605,서울특별시,33,246637.05,212308.62,103.97,14
A15807605,서울특별시,33,246637.05,212308.62,122.3,212
A15807605,서울특별시,33,246637.05,212308.62,124.55,64
A15807605,서울특별시,33,246637.05,212308.62,151.76,210
A15807605,서울특별시,33,246637.05,212308.62,154.37,8
A15807605,서울특별시,33,246637.05,212308.62,156.62,32
A15807606,서울특별시,34,331864.12,261764.47,55.02,720
A15807606,서울특별시,34,331864.12,261764.47,71.37,230
A15807606,서울특별시,34,331864.12,261764.47,71.4,390
A15807606,서울특별시,34,331864.12,261764.47,74.19,240
A15807606,서울특별시,34,331864.12,261764.47,83.31,150
A15807606,서울특별시,34,331864.12,261764.47,83.89,190
A15807606,서울특별시,34,331864.12,261764.47,84.84,1
A15807606,서울특별시,34,331864.12,261764.47,84.87,69
A15807606,서울특별시,34,331864.12,261764.47,92.07,2
A15807606,서울특별시,34,331864.12,261764.47,92.67,28
A15807606,서울특별시,34,331864.12,261764.47,108.28,870
A15807606,서울특별시,34,331864.12,261764.47,109.35,5
A15807606,서울특별시,34,331864.12,261764.47,129.33,145
A15807606,서울특별시,34,331864.12,261764.47,142.29,2
A15807606,서울특별시,34,331864.12,261764.47,157.59,58
A15807701,서울특별시,7,32883.07,25878.48,59.98,73
A15807701,서울특별시,7,32883.07,25878.48,84.98,253
A15807702,서울특별시,6,27498.06,27498.06,59.54,59
A15807702,서울특별시,6,27498.06,27498.06,59.92,120
A15807702,서울특별시,6,27498.06,27498.06,84.65,104
A15807702,서울특별시,6,27498.06,27498.06,114.16,70
A15807703,서울특별시,12,136751.77,109100.25,84.96,717
A15807703,서울특별시,12,136751.77,109100.25,113.91,423
A15807704,서울특별시,3,61149.6,37346.4,32.76,1140
A15807705,서울특별시,19,137414.03,95053.92,51.48,720
A15807705,서울특별시,19,137414.03,95053.92,59.29,40
A15807705,서울특별시,19,137414.03,95053.92,66.24,795
A15807705,서울특별시,19,137414.03,95053.92,66.77,8
A15807705,서울특별시,19,137414.03,95053.92,75.68,32
A15807706,서울특별시,26,157851.84,125285.22,49.14,4
A15807706,서울특별시,26,157851.84,125285.22,51.9,4
A15807706,서울특별시,26,157851.84,125285.22,53.46,236
A15807706,서울특별시,26,157851.84,125285.22,56.76,210
A15807706,서울특별시,26,157851.84,125285.22,60,16
A15807706,서울특별시,26,157851.84,125285.22,64.65,38
A15807706,서울특별시,26,157851.84,125285.22,66.78,20
A15807706,서울특별시,26,157851.84,125285.22,71.04,1
A15807706,서울특별시,26,157851.84,125285.22,71.64,1179
A15807706,서울특별시,26,157851.84,125285.22,72.75,152
A15807707,서울특별시,16,151761.94,108255.16,33.62,1686
A15807707,서울특별시,16,151761.94,108255.16,39.2,428
A15807707,서울특별시,16,151761.94,108255.16,39.36,884
A15809002,서울특별시,20,52407.82,39672.09,49.6,9
A15809002,서울특별시,20,52407.82,39672.09,49.78,3
A15809002,서울특별시,20,52407.82,39672.09,49.92,27
A15809002,서울특별시,20,52407.82,39672.09,49.94,9
A15809002,서울특별시,20,52407.82,39672.09,59.88,44
A15809002,서울특별시,20,52407.82,39672.09,59.94,17
A15809002,서울특별시,20,52407.82,39672.09,84.51,227
A15809002,서울특별시,20,52407.82,39672.09,84.96,36
A15809002,서울특별시,20,52407.82,39672.09,114.98,99
A15870701,서울특별시,12,47401.92,37059.53,49.92,18
A15870701,서울특별시,12,47401.92,37059.53,49.94,4
A15870701,서울특별시,12,47401.92,37059.53,59.83,12
A15870701,서울특별시,12,47401.92,37059.53,59.9,20
A15870701,서울특별시,12,47401.92,37059.53,59.93,114
A15870701,서울특별시,12,47401.92,37059.53,59.94,1
A15870701,서울특별시,12,47401.92,37059.53,84.51,104
A15870701,서울특별시,12,47401.92,37059.53,84.86,116
A15870701,서울특별시,12,47401.92,37059.53,84.96,11
A15870701,서울특별시,12,47401.92,37059.53,114.73,11
A15870701,서울특별시,12,47401.92,37059.53,114.98,55
A15873701,서울특별시,34,187941.86,187966.25,53.82,570
A15873701,서울특별시,34,187941.86,187966.25,61.26,19
A15873701,서울특별시,34,187941.86,187966.25,70.02,2
A15873701,서울특별시,34,187941.86,187966.25,70.2,534
A15873701,서울특별시,34,187941.86,187966.25,79.55,15
A15873701,서울특별시,34,187941.86,187966.25,85,14
A15873701,서울특별시,34,187941.86,187966.25,105.58,503
A15873701,서울특별시,34,187941.86,187966.25,106.06,160
A15873701,서울특별시,34,187941.86,187966.25,124.51,30
A15873701,서울특별시,34,187941.86,187966.25,127.21,228
A15873701,서울특별시,34,187941.86,187966.25,156.24,55
A15873701,서울특별시,34,187941.86,187966.25,156.87,30
A15873902,서울특별시,4,38129.64,31571.72,104.62,87
A15873902,서울특별시,4,38129.64,31571.72,134.98,84
A15873902,서울특별시,4,38129.64,31571.72,144.38,13
A15873902,서울특별시,4,38129.64,31571.72,162.36,57
A15876401,서울특별시,2,18476.64,18476.64,32.76,564
A15876402,서울특별시,2,16576.56,16576.56,32.76,506
A15879501,서울특별시,4,43202.7,23057.28,39.08,150
A15879501,서울특별시,4,43202.7,23057.28,49,67
A15879501,서울특별시,4,43202.7,23057.28,49.16,283
A15879502,서울특별시,22,118436.71,85347,49.52,208
A15879502,서울특별시,22,118436.71,85347,49.6,10
A15879502,서울특별시,22,118436.71,85347,49.63,87
A15879502,서울특별시,22,118436.71,85347,49.78,3
A15879502,서울특별시,22,118436.71,85347,49.79,18
A15879502,서울특별시,22,118436.71,85347,49.92,184
A15879502,서울특별시,22,118436.71,85347,49.94,38
A15879502,서울특별시,22,118436.71,85347,59.88,192
A15879502,서울특별시,22,118436.71,85347,59.9,11
A15879502,서울특별시,22,118436.71,85347,59.93,175
A15879502,서울특별시,22,118436.71,85347,59.94,94
A15879502,서울특별시,22,118436.71,85347,59.95,12
A15879502,서울특별시,22,118436.71,85347,84.51,44
A15879502,서울특별시,22,118436.71,85347,84.68,22
A15879502,서울특별시,22,118436.71,85347,84.86,117
A15879502,서울특별시,22,118436.71,85347,84.96,22
A15879502,서울특별시,22,118436.71,85347,114.98,102
A15884901,서울특별시,2,16497,13109.72,75.3,15
A15884901,서울특별시,2,16497,13109.72,84.96,98
A15884901,서울특별시,2,16497,13109.72,84.98,43
A15885303,서울특별시,2,22742.79,17823.75,84.71,15
A15885303,서울특별시,2,22742.79,17823.75,84.86,15
A15885303,서울특별시,2,22742.79,17823.75,84.89,180
A15885306,서울특별시,2,29990.088,22852.5,84.63,150
A15885306,서울특별시,2,29990.088,22852.5,84.65,120
A15885307,서울특별시,5,32924.79,23710.89,84.95,33
A15885307,서울특별시,5,32924.79,23710.89,84.99,246
A15885514,서울특별시,7,73922.63,56961.18,59.4,254
A15885514,서울특별시,7,73922.63,56961.18,59.66,33
A15885514,서울특별시,7,73922.63,56961.18,84.6,260
A15885514,서울특별시,7,73922.63,56961.18,114.8,156
A15886402,서울특별시,2,17080.725,13421.46,59.95,92
A15886402,서울특별시,2,17080.725,13421.46,80.86,14
A15886402,서울특별시,2,17080.725,13421.46,84.67,66
A15886402,서울특별시,2,17080.725,13421.46,84.7,14
A15886501,서울특별시,3,16690.77,12978.49,84.72,23
A15886501,서울특별시,3,16690.77,12978.49,84.76,50
A15886501,서울특별시,3,16690.77,12978.49,84.79,14
A15886501,서울특별시,3,16690.77,12978.49,84.85,25
A15886501,서울특별시,3,16690.77,12978.49,84.96,28
A15886501,서울특별시,3,16690.77,12978.49,84.98,13
A15886504,서울특별시,5,48896.92,38337.71,59.08,30
A15886504,서울특별시,5,48896.92,38337.71,75.36,2
A15886504,서울특별시,5,48896.92,38337.71,85.26,34
A15886504,서울특별시,5,48896.92,38337.71,89.36,30
A15886504,서울특별시,5,48896.92,38337.71,102.79,28
A15886504,서울특별시,5,48896.92,38337.71,114.24,206
A15886504,서울특별시,5,48896.92,38337.71,142.69,31
A15886505,서울특별시,6,42900,33116.88,84.81,131
A15886505,서울특별시,6,42900,33116.88,84.88,15
A15886505,서울특별시,6,42900,33116.88,84.92,57
A15886505,서울특별시,6,42900,33116.88,84.99,187
A15886507,서울특별시,6,29866.32,29867.68,59.85,61
A15886507,서울특별시,6,29866.32,29867.68,59.91,117
A15886507,서울특별시,6,29866.32,29867.68,59.99,122
A15886507,서울특별시,6,29866.32,29867.68,84.9,54
A15886507,서울특별시,6,29866.32,29867.68,84.93,86
A15886508,서울특별시,5,34658.74,26541.64,49.16,150
A15886508,서울특별시,5,34658.74,26541.64,59.85,150
A15886508,서울특별시,5,34658.74,26541.64,59.91,102
A15886508,서울특별시,5,34658.74,26541.64,59.99,68
A15886510,서울특별시,4,47600.53,22974.18,39.95,250
A15886510,서울특별시,4,47600.53,22974.18,49.2,13
A15886510,서울특별시,4,47600.53,22974.18,49.98,45
A15886510,서울특별시,4,47600.53,22974.18,49.99,202
A15886512,서울특별시,6,46290.6,33458.95,49.2,2
A15886512,서울특별시,6,46290.6,33458.95,49.98,75
A15886512,서울특별시,6,46290.6,33458.95,49.99,410
A15886512,서울특별시,6,46290.6,33458.95,59.17,1
A15886512,서울특별시,6,46290.6,33458.95,59.98,151
A15081001,서울특별시,4,37752.8,28638.76,59.97,128
A15081001,서울특별시,4,37752.8,28638.76,84.99,144
A15081001,서울특별시,4,37752.8,28638.76,114.79,76
A15081002,서울특별시,13,68263.164,68259.36,55.91,120
A15081002,서울특별시,13,68263.164,68259.36,78.9,19
A15081002,서울특별시,13,68263.164,68259.36,79.05,148
A15081002,서울특별시,13,68263.164,68259.36,79.43,252
A15081002,서울특별시,13,68263.164,68259.36,108.15,262
A15004101,서울특별시,4,14400.82,10788.84,59.4,133
A15004101,서울특별시,4,14400.82,10788.84,84.96,34
A15075001,서울특별시,1,10878.346,7105.6,59.6,24
A15075001,서울특별시,1,10878.346,7105.6,59.9,20
A15075001,서울특별시,1,10878.346,7105.6,68.88,65
A15080002,서울특별시,4,52314.043,40349.34,59.4,207
A15080002,서울특별시,4,52314.043,40349.34,84.87,170
A15080002,서울특별시,4,52314.043,40349.34,162.21,84
A10023489,서울특별시,2,21360.451,13292.114,17.669,238
A10023489,서울특별시,2,21360.451,13292.114,26.716,32
A10023489,서울특별시,2,21360.451,13292.114,33.095,96
A10023489,서울특별시,2,21360.451,13292.114,36.71,66
A10023489,서울특별시,2,21360.451,13292.114,41.125,64
A15004201,서울특별시,2,28352.93,19302.66,31.73,325
A15004201,서울특별시,2,28352.93,19302.66,32.62,48
A15004201,서울특별시,2,28352.93,19302.66,45.55,163
A15004202,서울특별시,7,90045,64808.91,82.77,783
A10020541,서울특별시,1,5876.9,5876.9,20.13,4
A10020541,서울특별시,1,5876.9,5876.9,22.06,18
A10020541,서울특별시,1,5876.9,5876.9,23.43,6
A10020541,서울특별시,1,5876.9,5876.9,23.46,40
A10020541,서울특별시,1,5876.9,5876.9,26.96,24
A10020541,서울특별시,1,5876.9,5876.9,27.02,42
A10020541,서울특별시,1,5876.9,5876.9,27.4,48
A10020541,서울특별시,1,5876.9,5876.9,28.11,6
A10020541,서울특별시,1,5876.9,5876.9,30.03,4
A10020541,서울특별시,1,5876.9,5876.9,32.35,2
A10020541,서울특별시,1,5876.9,5876.9,36.24,24
A10021962,서울특별시,2,10422.405,7448.595,49.963,10
A10021962,서울특별시,2,10422.405,7448.595,49.987,15
A10021962,서울특별시,2,10422.405,7448.595,49.991,1
A10021962,서울특별시,2,10422.405,7448.595,49.993,113
A10021962,서울특별시,2,10422.405,7448.595,49.996,10
A10021966,서울특별시,1,8456.104,5761.234,16.536,12
A10021966,서울특별시,1,8456.104,5761.234,38.77,36
A10021966,서울특별시,1,8456.104,5761.234,39.986,8
A10021966,서울특별시,1,8456.104,5761.234,40.136,15
A10021966,서울특별시,1,8456.104,5761.234,40.154,15
A10021966,서울특별시,1,8456.104,5761.234,42.02,12
A10021966,서울특별시,1,8456.104,5761.234,42.294,12
A10021966,서울특별시,1,8456.104,5761.234,42.47,12
A10021966,서울특별시,1,8456.104,5761.234,46.203,12
A10021966,서울특별시,1,8456.104,5761.234,47.25,12
A10021967,서울특별시,1,8420.726,5761.234,16.536,12
A10021967,서울특별시,1,8420.726,5761.234,38.77,36
A10021967,서울특별시,1,8420.726,5761.234,39.986,8
A10021967,서울특별시,1,8420.726,5761.234,40.136,15
A10021967,서울특별시,1,8420.726,5761.234,40.154,15
A10021967,서울특별시,1,8420.726,5761.234,42.02,12
A10021967,서울특별시,1,8420.726,5761.234,42.294,12
A10021967,서울특별시,1,8420.726,5761.234,42.47,12
A10021967,서울특별시,1,8420.726,5761.234,46.203,12
A10021967,서울특별시,1,8420.726,5761.234,47.25,12
A10024834,서울특별시,2,13643.8,10823.269,84.8711,77
A10024834,서울특별시,2,13643.8,10823.269,84.9651,44
A10024834,서울특별시,2,13643.8,10823.269,137.4323,4
A15072001,서울특별시,3,31873.78,24155.42,54.87,12
A15072001,서울특별시,3,31873.78,24155.42,63.92,12
A15072001,서울특별시,3,31873.78,24155.42,68.27,12
A15072001,서울특별시,3,31873.78,24155.42,68.28,72
A15072001,서울특별시,3,31873.78,24155.42,77.5,12
A15072001,서울특별시,3,31873.78,24155.42,88.02,60
A15072001,서울특별시,3,31873.78,24155.42,88.03,10
A15072001,서울특별시,3,31873.78,24155.42,95.2,10
A15072001,서울특별시,3,31873.78,24155.42,106.56,84
A15072002,서울특별시,2,22561.988,15596.81,59.87,38
A15072002,서울특별시,2,22561.988,15596.81,84.83,61
A15072002,서울특별시,2,22561.988,15596.81,84.85,58
A15072002,서울특별시,2,22561.988,15596.81,84.89,38
A15080204,서울특별시,3,33800,27268.54,73.87,130
A15080204,서울특별시,3,33800,27268.54,84.93,208
A15080205,서울특별시,6,60198.53,49404.28,82.19,85
A15080205,서울특별시,6,60198.53,49404.28,94.75,123
A15080205,서울특별시,6,60198.53,49404.28,114.96,216
A15080205,서울특별시,6,60198.53,49404.28,134.83,44
A15080402,서울특별시,2,18254.547,13100.96,55.61,1
A15080402,서울특별시,2,18254.547,13100.96,60.83,65
A15080402,서울특별시,2,18254.547,13100.96,82.64,10
A15080402,서울특별시,2,18254.547,13100.96,82.65,100
A10027684,서울특별시,3,17344,13491.01,59.369,2
A10027684,서울특별시,3,17344,13491.01,76.019,9
A10027684,서울특별시,3,17344,13491.01,84.005,28
A10027684,서울특별시,3,17344,13491.01,84.021,11
A10027684,서울특별시,3,17344,13491.01,84.025,38
A10027684,서울특별시,3,17344,13491.01,84.035,16
A10027684,서울특별시,3,17344,13491.01,84.037,12
A10027684,서울특별시,3,17344,13491.01,84.038,18
A10027684,서울특별시,3,17344,13491.01,84.039,28
A15004403,서울특별시,6,32129.99,25479.64,59.91,15
A15004403,서울특별시,6,32129.99,25479.64,84.25,239
A15004403,서울특별시,6,32129.99,25479.64,116.98,38
A15004405,서울특별시,4,40456.246,29064,59.76,168
A15004405,서울특별시,4,40456.246,29064,84.93,224
A15004406,서울특별시,6,48439.63,38507.37,59.26,120
A15004406,서울특별시,6,48439.63,38507.37,73.27,135
A15004406,서울특별시,6,48439.63,38507.37,84.5,150
A15004406,서울특별시,6,48439.63,38507.37,84.73,15
A15004406,서울특별시,6,48439.63,38507.37,84.93,89
A15072201,서울특별시,6,46680.44,37535.15,84.79,16
A15072201,서울특별시,6,46680.44,37535.15,84.99,53
A15072201,서울특별시,6,46680.44,37535.15,124.62,110
A15072201,서울특별시,6,46680.44,37535.15,127.09,38
A15072201,서울특별시,6,46680.44,37535.15,157.87,76
A15072201,서울특별시,6,46680.44,37535.15,174.08,2
A15072201,서울특별시,6,46680.44,37535.15,187.57,2
A15072201,서울특별시,6,46680.44,37535.15,207.5,2
A15080501,서울특별시,2,26084.38,19680.32,59.4,111
A15080501,서울특별시,2,26084.38,19680.32,84.98,154
A15080507,서울특별시,13,102110.08,79993.2,59.37,50
A15080507,서울특별시,13,102110.08,79993.2,59.55,50
A15080507,서울특별시,13,102110.08,79993.2,59.75,246
A15080507,서울특별시,13,102110.08,79993.2,59.85,50
A15080507,서울특별시,13,102110.08,79993.2,84.69,340
A15080507,서울특별시,13,102110.08,79993.2,114.84,240
A10024789,서울특별시,7,77603.61,60805.96,46.98,49
A10024789,서울특별시,7,77603.61,60805.96,59.98,200
A10024789,서울특별시,7,77603.61,60805.96,71.98,162
A10024789,서울특별시,7,77603.61,60805.96,84.98,337
A10024789,서울특별시,7,77603.61,60805.96,114.98,54
A15004501,서울특별시,2,21369.24,16018.67,59.94,93
A15004501,서울특별시,2,21369.24,16018.67,84.96,79
A15004501,서울특별시,2,21369.24,16018.67,98.81,1
A15004501,서울특별시,2,21369.24,16018.67,113.55,32
A15004502,서울특별시,1,15157.68,7942.56,28.86,56
A15004502,서울특별시,1,15157.68,7942.56,29.23,54
A15004502,서울특별시,1,15157.68,7942.56,33.09,28
A15004502,서울특별시,1,15157.68,7942.56,38.97,26
A15004502,서울특별시,1,15157.68,7942.56,57.75,24
A15004502,서울특별시,1,15157.68,7942.56,58.54,12
A15004502,서울특별시,1,15157.68,7942.56,59.98,12
A15004503,서울특별시,3,29592.6,21770.04,84.38,258
A15004505,서울특별시,5,55139.7,45559.2,84.6,176
A15004505,서울특별시,5,55139.7,45559.2,123.76,156
A15004505,서울특별시,5,55139.7,45559.2,145.68,78
A15004506,서울특별시,6,51330.9,41078.32,59.85,198
A15004506,서울특별시,6,51330.9,41078.32,84.9,176
A15004506,서울특별시,6,51330.9,41078.32,134.77,106
A15004507,서울특별시,25,198709.58,162319.81,84.94,216
A15004507,서울특별시,25,198709.58,162319.81,97.27,250
A15004507,서울특별시,25,198709.58,162319.81,115.78,500
A15004507,서울특별시,25,198709.58,162319.81,133.42,242
A15004507,서울특별시,25,198709.58,162319.81,161.08,183
A10021177,서울특별시,1,16730.83,12847.04,84.89,76
A10021177,서울특별시,1,16730.83,12847.04,96.24,19
A10021177,서울특별시,1,16730.83,12847.04,120.18,38
A10021186,서울특별시,1,14925.28,11347.42,59.89,58
A10021186,서울특별시,1,14925.28,11347.42,84.93,54
A10021186,서울특별시,1,14925.28,11347.42,99.92,18
A10021186,서울특별시,1,14925.28,11347.42,114.54,13
A10023516,서울특별시,3,14169.44,10402.52,49.01,152
A10023516,서울특별시,3,14169.44,10402.52,49.08,20
A10023516,서울특별시,3,14169.44,10402.52,49.1,20
A10023516,서울특별시,3,14169.44,10402.52,49.47,20
A10024725,서울특별시,13,85993.55,64493.266,59.968,272
A10024725,서울특별시,13,85993.55,64493.266,59.9792,68
A10024725,서울특별시,13,85993.55,64493.266,84.9571,237
A10024725,서울특별시,13,85993.55,64493.266,84.9948,200
A10024725,서울특별시,13,85993.55,64493.266,84.995,82
A10024829,서울특별시,1,13233.6,9589.2,79.91,120
A10025122,서울특별시,1,11124.786,4813.9,16.1,299
A10026761,서울특별시,2,19478.361,9387.763,25.976,38
A10026761,서울특별시,2,19478.361,9387.763,26.39,38
A10026761,서울특별시,2,19478.361,9387.763,31.888,37
A10026761,서울특별시,2,19478.361,9387.763,32.293,37
A10026761,서울특별시,2,19478.361,9387.763,34.251,33
A10026761,서울특별시,2,19478.361,9387.763,34.498,38
A10026761,서울특별시,2,19478.361,9387.763,35.099,33
A10026761,서울특별시,2,19478.361,9387.763,36.39,37
A10026761,서울특별시,2,19478.361,9387.763,38.558,1
A10026761,서울특별시,2,19478.361,9387.763,38.696,1
A10027381,서울특별시,4,26094.61,19818.83,59.95,46
A10027381,서울특별시,4,26094.61,19818.83,84.83,30
A10027381,서울특별시,4,26094.61,19818.83,84.88,98
A10027381,서울특별시,4,26094.61,19818.83,84.9,44
A10027381,서울특별시,4,26094.61,19818.83,84.91,29
A10027935,서울특별시,1,12049.88,5476.96,17.48,8
A10027935,서울특별시,1,12049.88,5476.96,18.24,264
A10027935,서울특별시,1,12049.88,5476.96,22.68,8
A10027935,서울특별시,1,12049.88,5476.96,30.47,6
A10027935,서울특별시,1,12049.88,5476.96,31.5,5
A15007002,서울특별시,5,26298.68,19950.73,84.89,212
A15007002,서울특별시,5,26298.68,19950.73,93.05,21
A15007101,서울특별시,2,16168.83,13326.47,84.87,130
A15007101,서울특별시,2,16168.83,13326.47,84.93,14
A15007101,서울특별시,2,16168.83,13326.47,84.95,13
A15007201,서울특별시,4,36789.63,28257.32,84.14,17
A15007201,서울특별시,4,36789.63,28257.32,84.36,17
A15007201,서울특별시,4,36789.63,28257.32,84.41,17
A15007201,서울특별시,4,36789.63,28257.32,84.45,21
A15007201,서울특별시,4,36789.63,28257.32,84.58,21
A15007201,서울특별시,4,36789.63,28257.32,84.6,17
A15007201,서울특별시,4,36789.63,28257.32,84.61,18
A15007201,서울특별시,4,36789.63,28257.32,84.63,18
A15007201,서울특별시,4,36789.63,28257.32,84.83,42
A15007201,서울특별시,4,36789.63,28257.32,84.88,18
A15007201,서울특별시,4,36789.63,28257.32,84.9,18
A15007201,서울특별시,4,36789.63,28257.32,84.92,34
A15007201,서울특별시,4,36789.63,28257.32,95.71,18
A15007201,서울특별시,4,36789.63,28257.32,116.03,17
A15007201,서울특별시,4,36789.63,28257.32,129.63,21
A15081105,서울특별시,5,51466.91,40051.65,59.94,200
A15081105,서울특별시,5,51466.91,40051.65,84.93,197
A15081105,서울특별시,5,51466.91,40051.65,134.91,84
A15081107,서울특별시,7,129004.32,95926.81,43.92,219
A15081107,서울특별시,7,129004.32,95926.81,47.68,11
A15081107,서울특별시,7,129004.32,95926.81,51.33,1
A15081107,서울특별시,7,129004.32,95926.81,59.83,278
A15081107,서울특별시,7,129004.32,95926.81,63.48,26
A15081107,서울특별시,7,129004.32,95926.81,73.01,16
A15081107,서울특별시,7,129004.32,95926.81,84.89,352
A15081107,서울특별시,7,129004.32,95926.81,140.54,259
A15081201,서울특별시,2,24690.6,15871.9,59.63,110
A15081201,서울특별시,2,24690.6,15871.9,84.66,110
A15081503,서울특별시,4,29559.69,29561.31,52.07,133
A15081503,서울특별시,4,29559.69,29561.31,52.7,2
A15081503,서울특별시,4,29559.69,29561.31,62.37,120
A15081503,서울특별시,4,29559.69,29561.31,83.59,180
A15081602,서울특별시,2,32404.68,23727.2,84.74,280
A15081604,서울특별시,3,49631.04,39798.3,66.66,30
A15081604,서울특별시,3,49631.04,39798.3,84.75,446
A15081606,서울특별시,4,56451.71,40209.35,53.37,155
A15081606,서울특별시,4,56451.71,40209.35,67.41,290
A15081606,서울특별시,4,56451.71,40209.35,84.85,146
A15081802,서울특별시,2,24779.48,24253.07,59.89,100
A15081802,서울특별시,2,24779.48,24253.07,84.93,95
A15081802,서울특별시,2,24779.48,24253.07,99.96,10
A15081802,서울특별시,2,24779.48,24253.07,114.54,28
A15081802,서울특별시,2,24779.48,24253.07,5989,1
A15095001,서울특별시,1,20589.69,15298.32,59.76,124
A15095001,서울특별시,1,20589.69,15298.32,84.36,22
A15095001,서울특별시,1,20589.69,15298.32,84.96,71
A15095002,서울특별시,4,20020.041,15738.503,59.9754,47
A15095002,서울특별시,4,20020.041,15738.503,84.949,36
A15095002,서울특별시,4,20020.041,15738.503,84.9511,18
A15095002,서울특별시,4,20020.041,15738.503,84.9563,50
A15095002,서울특별시,4,20020.041,15738.503,91.2439,6
A15095002,서울특별시,4,20020.041,15738.503,126.3249,28
A15076701,서울특별시,1,13749.15,10267.89,59.85,71
A15076701,서울특별시,1,13749.15,10267.89,84.38,19
A15076701,서울특별시,1,13749.15,10267.89,84.91,52
A15076702,서울특별시,8,76915.7,68416.55,36.437,60
A15076702,서울특별시,8,76915.7,68416.55,40.056,60
A15076702,서울특별시,8,76915.7,68416.55,51.012,27
A15076702,서울특별시,8,76915.7,68416.55,59.999,56
A15076702,서울특별시,8,76915.7,68416.55,84.738,61
A15076702,서울특별시,8,76915.7,68416.55,84.762,56
A15076702,서울특별시,8,76915.7,68416.55,84.764,58
A15076702,서울특별시,8,76915.7,68416.55,84.781,56
A15076702,서울특별시,8,76915.7,68416.55,84.854,108
A15076702,서울특별시,8,76915.7,68416.55,84.974,180
A15076702,서울특별시,8,76915.7,68416.55,120.038,56
A15076702,서울특별시,8,76915.7,68416.55,143.591,58
A15083201,서울특별시,1,18501.646,13780.06,37.63,18
A15083201,서울특별시,1,18501.646,13780.06,37.81,81
A15083201,서울특별시,1,18501.646,13780.06,84.96,66
A15083201,서울특별시,1,18501.646,13780.06,126.65,35
A15083202,서울특별시,5,37382.64,28533.19,59.93,98
A15083202,서울특별시,5,37382.64,28533.19,59.94,22
A15083202,서울특별시,5,37382.64,28533.19,84.99,175
A15083202,서울특별시,5,37382.64,28533.19,118.84,27
A15083202,서울특별시,5,37382.64,28533.19,135.81,24
A15009201,서울특별시,2,32231.396,22675.8,47.3,90
A15009201,서울특별시,2,32231.396,22675.8,58.52,240
A15009201,서울특별시,2,32231.396,22675.8,72.9,60
A10022428,서울특별시,1,14888.085,11163.63,59.4,69
A10022428,서울특별시,1,14888.085,11163.63,84.78,9
A10022428,서울특별시,1,14888.085,11163.63,84.87,31
A10022428,서울특별시,1,14888.085,11163.63,114.72,32
A10024832,서울특별시,2,9614.59,7159.09,58.72,1
A10024832,서울특별시,2,9614.59,7159.09,59.4,15
A10024832,서울특별시,2,9614.59,7159.09,59.41,15
A10024832,서울특별시,2,9614.59,7159.09,59.8,10
A10024832,서울특별시,2,9614.59,7159.09,65.65,19
A10024832,서울특별시,2,9614.59,7159.09,83.18,1
A10024832,서울특별시,2,9614.59,7159.09,84.69,21
A10024832,서울특별시,2,9614.59,7159.09,84.8,19
A10027023,서울특별시,1,11019.46,8350.89,59.76,42
A10027023,서울특별시,1,11019.46,8350.89,84.84,14
A10027023,서울특별시,1,11019.46,8350.89,84.99,25
A10027023,서울특별시,1,11019.46,8350.89,114.93,22
A15076801,서울특별시,3,14889.46,11387.62,84.97,52
A15076801,서울특별시,3,14889.46,11387.62,84.99,82
A15083404,서울특별시,18,181226.31,138255.64,84.98,644
A15083404,서울특별시,18,181226.31,138255.64,121.53,520
A15083404,서울특별시,18,181226.31,138255.64,147.34,138
A15083601,서울특별시,2,29851.44,24906.3,84.71,210
A15083601,서울특별시,2,29851.44,24906.3,118.62,60
A15083602,서울특별시,2,32776.78,24616.82,58.96,225
A15083602,서울특별시,2,32776.78,24616.82,79.46,127
A15083602,서울특별시,2,32776.78,24616.82,83.96,15
A15083603,서울특별시,14,115460.45,92300.23,84.92,172
A15083603,서울특별시,14,115460.45,92300.23,119.47,371
A15083603,서울특별시,14,115460.45,92300.23,137.82,187
A15083603,서울특별시,14,115460.45,92300.23,165.18,46
A15009401,서울특별시,4,23032.12,18018.94,84.995,212
A15009402,서울특별시,5,37784.82,29295.98,59.85,126
A15009402,서울특별시,5,37784.82,29295.98,84.98,256
A10026197,서울특별시,4,24295.09,18399.1,59.9,17
A10026197,서울특별시,4,24295.09,18399.1,84.75,130
A10026197,서울특별시,4,24295.09,18399.1,84.81,60
A10026197,서울특별시,4,24295.09,18399.1,84.98,15
A15009502,서울특별시,2,18658.4,14025.36,84.36,58
A15009502,서울특별시,2,18658.4,14025.36,84.44,12
A15009502,서울특별시,2,18658.4,14025.36,84.55,84
A15009502,서울특별시,2,18658.4,14025.36,84.75,12
A15009503,서울특별시,1,19702.5,15217,59.96,80
A15009503,서울특별시,1,19702.5,15217,84.92,100
A15009503,서울특별시,1,19702.5,15217,96.41,20
A15009504,서울특별시,2,32162.1,23907.72,84.62,18
A15009504,서울특별시,2,32162.1,23907.72,84.79,264
A15009505,서울특별시,3,37470,27231.18,65.46,233
A15009505,서울특별시,3,37470,27231.18,79.86,150
A10024495,서울특별시,4,33413.938,16125.25,59.97,55
A10024495,서울특별시,4,33413.938,16125.25,59.9833,70
A10024495,서울특별시,4,33413.938,16125.25,59.9854,124
A10024495,서울특별시,4,33413.938,16125.25,84.9914,14
A10024925,서울특별시,5,38776.574,28227.95,51.25,98
A10024925,서울특별시,5,38776.574,28227.95,52.62,19
A10024925,서울특별시,5,38776.574,28227.95,53.75,38
A10024925,서울특별시,5,38776.574,28227.95,53.79,38
A10024925,서울특별시,5,38776.574,28227.95,53.9,20
A10024925,서울특별시,5,38776.574,28227.95,55.15,19
A10024925,서울특별시,5,38776.574,28227.95,59.9,267
A10027512,서울특별시,1,11387.32,11387.32,84.98,134
A15009601,서울특별시,2,18195.281,14123.34,59.4,68
A15009601,서울특별시,2,18195.281,14123.34,84.93,66
A15009601,서울특별시,2,18195.281,14123.34,124.41,36
A15009602,서울특별시,2,18982.44,14514.12,40.04,48
A15009602,서울특별시,2,18982.44,14514.12,62.36,36
A15009602,서울특별시,2,18982.44,14514.12,81.89,24
A15009602,서울특별시,2,18982.44,14514.12,107.46,78
A15009603,서울특별시,3,21376.73,16969.01,58.37,35
A15009603,서울특별시,3,21376.73,16969.01,59.99,71
A15009603,서울특별시,3,21376.73,16969.01,84.63,2
A15009603,서울특별시,3,21376.73,16969.01,84.78,56
A15009603,서울특별시,3,21376.73,16969.01,106.41,13
A15009603,서울특별시,3,21376.73,16969.01,106.5,41
A15009604,서울특별시,2,24594.48,19176.48,64.38,120
A15009604,서울특별시,2,24594.48,19176.48,79.52,144
A15009605,서울특별시,2,20112.45,20111.4,50.55,120
A15009605,서울특별시,2,20112.45,20111.4,84.72,90
A15009605,서울특별시,2,20112.45,20111.4,84.93,15
A15009605,서울특별시,2,20112.45,20111.4,113.97,15
A15009605,서울특별시,2,20112.45,20111.4,114.57,30
A15009606,서울특별시,2,29504.11,22738.21,59.95,123
A15009606,서울특별시,2,29504.11,22738.21,84.72,7
A15009606,서울특별시,2,29504.11,22738.21,84.82,16
A15009606,서울특별시,2,29504.11,22738.21,84.9,158
A15009607,서울특별시,2,25641.6,22872,41.04,150
A15009607,서울특별시,2,25641.6,22872,59.31,60
A15009607,서울특별시,2,25641.6,22872,59.85,60
A15009607,서울특별시,2,25641.6,22872,79.72,120
A10021119,서울특별시,101,14104.4,10634.68,58.16,19
A10021119,서울특별시,101,14104.4,10634.68,82.26,50
A10021119,서울특별시,101,14104.4,10634.68,82.72,13
A10021119,서울특별시,101,14104.4,10634.68,82.78,1
A10021119,서울특별시,101,14104.4,10634.68,83.5,51
A10021210,서울특별시,2,35840.49,15095.595,15.3664,320
A10021210,서울특별시,2,35840.49,15095.595,28.7519,100
A10021210,서울특별시,2,35840.49,15095.595,29.6913,40
A10021210,서울특별시,2,35840.49,15095.595,51.4619,36
A10021210,서울특별시,2,35840.49,15095.595,52.86,40
A10021210,서울특별시,2,35840.49,15095.595,53.7119,40
A10022430,서울특별시,4,14662.406,14662.406,49.4552,83
A10022430,서울특별시,4,14662.406,14662.406,49.4666,151
A10022430,서울특별시,4,14662.406,14662.406,49.6104,20
A10022430,서울특별시,4,14662.406,14662.406,49.9038,42
A10022974,서울특별시,1,5871.127,3136.683,15.377,11
A10022974,서울특별시,1,5871.127,3136.683,15.543,112
A10022974,서울특별시,1,5871.127,3136.683,19.434,5
A10022974,서울특별시,1,5871.127,3136.683,31.128,12
A10022974,서울특별시,1,5871.127,3136.683,32.345,8
A10022974,서울특별시,1,5871.127,3136.683,34.44,12
A10022974,서울특별시,1,5871.127,3136.683,41.987,2
A10023715,서울특별시,9,77047.02,55256.543,34.5413,72
A10023715,서울특별시,9,77047.02,55256.543,49.8445,62
A10023715,서울특별시,9,77047.02,55256.543,57.8347,16
A10023715,서울특별시,9,77047.02,55256.543,59.6879,22
A10023715,서울특별시,9,77047.02,55256.543,59.8635,198
A10023715,서울특별시,9,77047.02,55256.543,59.8943,22
A10023715,서울특별시,9,77047.02,55256.543,59.8995,46
A10023715,서울특별시,9,77047.02,55256.543,84.9005,163
A10023715,서울특별시,9,77047.02,55256.543,84.9626,166
A10023715,서울특별시,9,77047.02,55256.543,84.9865,4
A10023715,서울특별시,9,77047.02,55256.543,114.65,25
A10023715,서울특별시,9,77047.02,55256.543,121.9757,3
A10024470,서울특별시,6,63293.914,46608.465,39.97,57
A10024470,서울특별시,6,63293.914,46608.465,49.38,34
A10024470,서울특별시,6,63293.914,46608.465,49.76,16
A10024470,서울특별시,6,63293.914,46608.465,59.95,54
A10024470,서울특별시,6,63293.914,46608.465,59.96,14
A10024470,서울특별시,6,63293.914,46608.465,59.97,66
A10024470,서울특별시,6,63293.914,46608.465,59.99,23
A10024470,서울특별시,6,63293.914,46608.465,84.98,82
A10024470,서울특별시,6,63293.914,46608.465,84.99,280
A10024470,서울특별시,6,63293.914,46608.465,111.59,14
A10024470,서울특별시,6,63293.914,46608.465,112.7437,1
A10024615,서울특별시,14,131994.75,95367.08,39.96,124
A10024615,서울특별시,14,131994.75,95367.08,42.68,73
A10024615,서울특별시,14,131994.75,95367.08,49.7,121
A10024615,서울특별시,14,131994.75,95367.08,59.87,139
A10024615,서울특별시,14,131994.75,95367.08,59.91,549
A10024615,서울특별시,14,131994.75,95367.08,59.98,22
A10024615,서울특별시,14,131994.75,95367.08,84.86,338
A10024615,서울특별시,14,131994.75,95367.08,84.99,86
A10024615,서울특별시,14,131994.75,95367.08,114.95,24
A10025024,서울특별시,12,93756.28,67596.84,39.01,8
A10025024,서울특별시,12,93756.28,67596.84,39.36,76
A10025024,서울특별시,12,93756.28,67596.84,48.03,76
A10025024,서울특별시,12,93756.28,67596.84,52.95,18
A10025024,서울특별시,12,93756.28,67596.84,58.12,24
A10025024,서울특별시,12,93756.28,67596.84,59.98,406
A10025024,서울특별시,12,93756.28,67596.84,75.87,29
A10025024,서울특별시,12,93756.28,67596.84,84.98,366
A10025024,서울특별시,12,93756.28,67596.84,128.07,5
A10025070,서울특별시,18,154512.02,113844.61,39.98,132
A10025070,서울특별시,18,154512.02,113844.61,49.98,119
A10025070,서울특별시,18,154512.02,113844.61,59.98,399
A10025070,서울특별시,18,154512.02,113844.61,70.28,4
A10025070,서울특별시,18,154512.02,113844.61,84.98,785
A10025070,서울특별시,18,154512.02,113844.61,100.95,57
A10025070,서울특별시,18,154512.02,113844.61,117.59,46
A10025070,서울특별시,18,154512.02,113844.61,130.56,2
A10025070,서울특별시,18,154512.02,113844.61,136.39,2
A10025562,서울특별시,6,57554.45,41300.93,39.73,45
A10025562,서울특별시,6,57554.45,41300.93,49.68,48
A10025562,서울특별시,6,57554.45,41300.93,59.97,205
A10025562,서울특별시,6,57554.45,41300.93,59.98,74
A10025562,서울특별시,6,57554.45,41300.93,84.98,153
A10025562,서울특별시,6,57554.45,41300.93,84.99,87
A10026182,서울특별시,4,9388.466,8521.7,45.45,30
A10026182,서울특별시,4,9388.466,8521.7,57.56,40
A10026182,서울특별시,4,9388.466,8521.7,75.48,30
A10026182,서울특별시,4,9388.466,8521.7,86.38,30
A10027755,서울특별시,12,92203.29,68860.86,39.82,82
A10027755,서울특별시,12,92203.29,68860.86,49.99,72
A10027755,서울특별시,12,92203.29,68860.86,59.97,18
A10027755,서울특별시,12,92203.29,68860.86,59.99,225
A10027755,서울특별시,12,92203.29,68860.86,84.98,535
A10027755,서울특별시,12,92203.29,68860.86,114.99,17
A15005001,서울특별시,4,51758.56,38900,75.36,160
A15005001,서울특별시,4,51758.56,38900,84.89,30
A15005001,서울특별시,4,51758.56,38900,84.95,286
A15005002,서울특별시,1,5451.88,2961.93,13.49,13
A15005002,서울특별시,1,5451.88,2961.93,13.55,14
A15005002,서울특별시,1,5451.88,2961.93,13.74,189
A15005102,서울특별시,2,9969.7,9969.7,33.49,2
A15005102,서울특별시,2,9969.7,9969.7,33.54,2
A15005102,서울특별시,2,9969.7,9969.7,33.88,101
A15005102,서울특별시,2,9969.7,9969.7,59.04,4
A15005102,서울특별시,2,9969.7,9969.7,59.4,104
A15005301,서울특별시,3,34003.53,27278.58,84.98,321
A15005302,서울특별시,4,43107.68,31387.44,60.27,112
A15005302,서울특별시,4,43107.68,31387.44,75.93,48
A15005302,서울특별시,4,43107.68,31387.44,89.16,96
A15005302,서울특별시,4,43107.68,31387.44,95.64,130
A15005303,서울특별시,6,61767.2,46257.49,49.64,182
A15005303,서울특별시,6,61767.2,46257.49,64.4,266
A15005303,서울특별시,6,61767.2,46257.49,83.64,239
A15005303,서울특별시,6,61767.2,46257.49,102.65,1
A15005401,서울특별시,1,21064.797,12747.78,32.94,387
A15005402,서울특별시,12,90601.82,71552.57,59.33,170
A15005402,서울특별시,12,90601.82,71552.57,59.54,44
A15005402,서울특별시,12,90601.82,71552.57,84.39,18
A15005402,서울특별시,12,90601.82,71552.57,84.91,350
A15005402,서울특별시,12,90601.82,71552.57,84.935,14
A15005402,서울특별시,12,90601.82,71552.57,114.87,230
A15005501,서울특별시,6,34529.164,27684.248,84.5802,112
A15005501,서울특별시,6,34529.164,27684.248,84.9202,35
A15005501,서울특별시,6,34529.164,27684.248,101.9112,69
A15005501,서울특별시,6,34529.164,27684.248,120.6939,68
A15005602,서울특별시,2,13425.68,13425.66,55.9,72
A15005602,서울특별시,2,13425.68,13425.66,62.82,1
A15005602,서울특별시,2,13425.68,13425.66,62.84,21
A15005602,서울특별시,2,13425.68,13425.66,66.82,120
A15005603,서울특별시,2,30549.744,21766.32,41.58,120
A15005603,서울특별시,2,30549.744,21766.32,60.48,204
A15005603,서울특별시,2,30549.744,21766.32,73.98,60
A15005705,서울특별시,11,117110.62,87502.98,59.53,478
A15005705,서울특별시,11,117110.62,87502.98,84.83,100
A15005705,서울특별시,11,117110.62,87502.98,84.84,596
A15083701,서울특별시,1,7333.2,7333.2,34.92,22
A15083701,서울특별시,1,7333.2,7333.2,42.12,18
A15083701,서울특별시,1,7333.2,7333.2,43.65,80
A15083701,서울특별시,1,7333.2,7333.2,57.87,40
A15083703,서울특별시,5,39145.37,29601.1,59.96,165
A15083703,서울특별시,5,39145.37,29601.1,84.96,121
A15083703,서울특별시,5,39145.37,29601.1,114.97,82
A15085404,서울특별시,5,47134,36505.08,59.87,172
A15085404,서울특별시,5,47134,36505.08,84.98,144
A15085404,서울특별시,5,47134,36505.08,134.33,104
A15086001,서울특별시,2,21493.3,17039.43,84.95,81
A15086001,서울특별시,2,21493.3,17039.43,84.96,23
A15086001,서울특별시,2,21493.3,17039.43,136.74,60
A15086004,서울특별시,5,33366.24,33366.24,53.24,139
A15086004,서울특별시,5,33366.24,33366.24,64.4,120
A15086004,서울특별시,5,33366.24,33366.24,83.66,218
A15086006,서울특별시,9,70647.82,57010.79,59.78,92
A15086006,서울특별시,9,70647.82,57010.79,84.79,489
A15086006,서울특별시,9,70647.82,57010.79,114.19,88
A15086007,서울특별시,7,68254,51973.9,53.24,120
A15086007,서울특별시,7,68254,51973.9,64.4,275
A15086007,서울특별시,7,68254,51973.9,84.47,330
A15096001,서울특별시,4,21074.14,16003.72,59.99,76
A15096001,서울특별시,4,21074.14,16003.72,84.94,86
A15096001,서울특별시,4,21074.14,16003.72,114.99,36
A10024316,서울특별시,2,27065.41,19471.81,24.85,37
A10024316,서울특별시,2,27065.41,19471.81,28.97,15
A10024316,서울특별시,2,27065.41,19471.81,55.95,7
A10024316,서울특별시,2,27065.41,19471.81,59.91,23
A10024316,서울특별시,2,27065.41,19471.81,59.96,45
A10024316,서울특별시,2,27065.41,19471.81,59.97,69
A10024316,서울특별시,2,27065.41,19471.81,84.85,23
A10024316,서울특별시,2,27065.41,19471.81,84.95,89
A15086201,서울특별시,2,16978.68,13285.78,59.98,75
A15086201,서울특별시,2,16978.68,13285.78,84.86,14
A15086201,서울특별시,2,16978.68,13285.78,84.91,38
A15086201,서울특별시,2,16978.68,13285.78,115.07,38
A15086202,서울특별시,4,37983.48,26444.55,50.81,375
A15086202,서울특별시,4,37983.48,26444.55,61.59,120
A10022708,서울특별시,1,10297.46,7549.86,40.37,22
A10022708,서울특별시,1,10297.46,7549.86,59.85,46
A10022708,서울특별시,1,10297.46,7549.86,84.97,46
A15010201,서울특별시,1,11757.756,8292.31,27.37,2
A15010201,서울특별시,1,11757.756,8292.31,27.49,3
A15010201,서울특별시,1,11757.756,8292.31,27.99,65
A15010201,서울특별시,1,11757.756,8292.31,59.54,11
A15010201,서울특별시,1,11757.756,8292.31,59.67,57
A15010201,서울특별시,1,11757.756,8292.31,59.99,38
A15010202,서울특별시,5,30974.22,30974.22,59.4,174
A15010202,서울특별시,5,30974.22,30974.22,84.69,130
A15010202,서울특별시,5,30974.22,30974.22,114.63,84
A15010203,서울특별시,3,34200,24913.2,51.24,102
A15010203,서울특별시,3,34200,24913.2,59.58,228
A15010203,서울특별시,3,34200,24913.2,64.54,12
A15010203,서울특별시,3,34200,24913.2,71.04,75
A10020758,서울특별시,1,15781.89,11930.65,71.5,26
A10020758,서울특별시,1,15781.89,11930.65,84.55,17
A10020758,서울특별시,1,15781.89,11930.65,84.62,34
A10020758,서울특별시,1,15781.89,11930.65,84.63,34
A10020758,서울특별시,1,15781.89,11930.65,84.7,34
A10021291,서울특별시,2,11759.46,9294.21,56.07,2
A10021291,서울특별시,2,11759.46,9294.21,59.16,16
A10021291,서울특별시,2,11759.46,9294.21,64.63,1
A10021291,서울특별시,2,11759.46,9294.21,64.64,1
A10021291,서울특별시,2,11759.46,9294.21,84.44,96
A10026457,서울특별시,1,9951.136,6974.07,37.8,29
A10026457,서울특별시,1,9951.136,6974.07,59.166,17
A10026457,서울특별시,1,9951.136,6974.07,59.343,35
A10026457,서울특별시,1,9951.136,6974.07,59.469,47
A15010301,서울특별시,2,16125.692,13213.19,57.88,4
A15010301,서울특별시,2,16125.692,13213.19,59.98,44
A15010301,서울특별시,2,16125.692,13213.19,81.5,4
A15010301,서울특별시,2,16125.692,13213.19,84.87,68
A15010301,서울특별시,2,16125.692,13213.19,84.88,7
A15010301,서울특별시,2,16125.692,13213.19,84.91,33
A15010301,서울특별시,2,16125.692,13213.19,84.92,10
A15010302,서울특별시,1,16739.467,12498.52,59.9,108
A15010302,서울특별시,1,16739.467,12498.52,84.92,71
A15010303,서울특별시,2,19604.494,15199.64,59.67,27
A15010303,서울특별시,2,19604.494,15199.64,59.95,27
A15010303,서울특별시,2,19604.494,15199.64,84.94,90
A15010303,서울특별시,2,19604.494,15199.64,123.58,35
A15010304,서울특별시,1,20830.13,15816.6,59.96,91
A15010304,서울특별시,1,20830.13,15816.6,84.92,122
A15010305,서울특별시,3,31365.018,25247.04,80.92,312
A15010306,서울특별시,7,61067.086,48513.18,59.96,111
A15010306,서울특별시,7,61067.086,48513.18,71.1,23
A15010306,서울특별시,7,61067.086,48513.18,84.99,260
A15010306,서울특별시,7,61067.086,48513.18,131.34,138
A15010307,서울특별시,9,75714.52,58913.72,59.98,260
A15010307,서울특별시,9,75714.52,58913.72,84.92,24
A15010307,서울특별시,9,75714.52,58913.72,84.94,486
A15086601,서울특별시,1,18185.127,13077.02,59.84,87
A15086601,서울특별시,1,18185.127,13077.02,67.54,1
A15086601,서울특별시,1,18185.127,13077.02,70.94,110
A15086603,서울특별시,2,43041.33,31491.32,84.6,36
A15086603,서울특별시,2,43041.33,31491.32,84.62,1
A15086603,서울특별시,2,43041.33,31491.32,84.66,335
A15086702,서울특별시,2,16126.62,16126.62,59.9,51
A15086702,서울특별시,2,16126.62,16126.62,59.96,51
A15086702,서울특별시,2,16126.62,16126.62,74.31,19
A15086702,서울특별시,2,16126.62,16126.62,84.99,76
A15086702,서울특별시,2,16126.62,16126.62,112.77,19
A15010501,서울특별시,2,18763.633,14496.3,59.4,76
A15010501,서울특별시,2,18763.633,14496.3,84.48,90
A15010501,서울특별시,2,18763.633,14496.3,132.15,18
A15010502,서울특별시,10,87909.75,87909.75,59.94,610
A15010502,서울특별시,10,87909.75,87909.75,84.87,605
A15010601,서울특별시,2,22886.14,16946.64,59.28,95
A15010601,서울특별시,2,22886.14,16946.64,69.03,17
A15010601,서울특별시,2,22886.14,16946.64,84.13,69
A15010601,서울특별시,2,22886.14,16946.64,114.12,38
A15010602,서울특별시,3,27176.88,20880.13,59.86,99
A15010602,서울특별시,3,27176.88,20880.13,84.85,129
A15010602,서울특별시,3,27176.88,20880.13,114.49,18
A15010602,서울특별시,3,27176.88,20880.13,114.56,17
A10022891,서울특별시,2,68087.57,49787.125,84.132,91
A10022891,서울특별시,2,68087.57,49787.125,101.9509,91
A10022891,서울특별시,2,68087.57,49787.125,113.9657,142
A10022891,서울특별시,2,68087.57,49787.125,115.882,12
A10022891,서울특별시,2,68087.57,49787.125,115.9867,8
A10022891,서울특별시,2,68087.57,49787.125,117.335,19
A10022891,서울특별시,2,68087.57,49787.125,132.5963,71
A10022891,서울특별시,2,68087.57,49787.125,134.8628,6
A10022891,서울특별시,2,68087.57,49787.125,134.9288,4
A10022891,서울특별시,2,68087.57,49787.125,135.9381,10
A15001001,서울특별시,1,13656.78,10241.82,66.94,153
A15001003,서울특별시,2,34909.098,29674.05,139.31,143
A15001003,서울특별시,2,34909.098,29674.05,139.64,1
A15001003,서울특별시,2,34909.098,29674.05,200.27,44
A15001003,서울특별시,2,34909.098,29674.05,200.3,4
A15001004,서울특별시,2,29612.8,29309.43,133.69,40
A15001004,서울특별시,2,29612.8,29309.43,133.72,72
A15001004,서울특별시,2,29612.8,29309.43,158.48,56
A15001004,서울특별시,2,29612.8,29309.43,194.94,8
A15001004,서울특별시,2,29612.8,29309.43,194.97,1
A15001004,서울특별시,2,29612.8,29309.43,194.98,19
A15001005,서울특별시,2,34976.32,34976.32,111.03,30
A15001005,서울특별시,2,34976.32,34976.32,119.21,60
A15001005,서울특별시,2,34976.32,34976.32,137.82,30
A15001005,서울특별시,2,34976.32,34976.32,146.68,30
A15001005,서울특별시,2,34976.32,34976.32,147.71,30
A15001005,서울특별시,2,34976.32,34976.32,164.64,30
A15001005,서울특별시,2,34976.32,34976.32,164.86,30
A15001005,서울특별시,2,34976.32,34976.32,190.83,1
A15001005,서울특별시,2,34976.32,34976.32,195.88,2
A15001005,서울특별시,2,34976.32,34976.32,203.14,1
A15001005,서울특별시,2,34976.32,34976.32,208.45,1
A15001005,서울특별시,2,34976.32,34976.32,213.29,2
A15001005,서울특별시,2,34976.32,34976.32,220.76,1
A15001009,서울특별시,3,46979.01,42869.01,74.55,82
A15001009,서울특별시,3,46979.01,42869.01,74.58,1
A15001009,서울특별시,3,46979.01,42869.01,74.98,1
A15001009,서울특별시,3,46979.01,42869.01,79.98,3
A15001009,서울특별시,3,46979.01,42869.01,89.69,1
A15001009,서울특별시,3,46979.01,42869.01,120.69,1
A15001009,서울특별시,3,46979.01,42869.01,150.65,239
A15001009,서울특별시,3,46979.01,42869.01,150.68,1
A15001012,서울특별시,4,40257.883,40457.08,48.89,2
A15001012,서울특별시,4,40257.883,40457.08,51.77,2
A15001012,서울특별시,4,40257.883,40457.08,91.97,71
A15001012,서울특별시,4,40257.883,40457.08,92.96,1
A15001012,서울특별시,4,40257.883,40457.08,93.06,109
A15001012,서울특별시,4,40257.883,40457.08,93.26,1
A15001012,서울특별시,4,40257.883,40457.08,103.41,8
A15001012,서울특별시,4,40257.883,40457.08,125.09,1
A15001012,서울특별시,4,40257.883,40457.08,125.69,1
A15001012,서울특별시,4,40257.883,40457.08,125.75,53
A15001012,서울특별시,4,40257.883,40457.08,126.02,120
A15001012,서울특별시,4,40257.883,40457.08,132.73,4
A15001016,서울특별시,4,69587.28,64990.79,95.5,357
A15001016,서울특별시,4,69587.28,64990.79,95.87,2
A15001016,서울특별시,4,69587.28,64990.79,99.14,1
A15001016,서울특별시,4,69587.28,64990.79,133.65,120
A15001016,서울특별시,4,69587.28,64990.79,150.94,1
A15001016,서울특별시,4,69587.28,64990.79,151.74,93
A15001016,서울특별시,4,69587.28,64990.79,151.93,1
A15001016,서울특별시,4,69587.28,64990.79,153.72,1
A15001019,서울특별시,8,109236.34,100508.95,101.38,1
A15001019,서울특별시,8,109236.34,100508.95,101.39,32
A15001019,서울특별시,8,109236.34,100508.95,102.25,10
A15001019,서울특별시,8,109236.34,100508.95,102.34,1
A15001019,서울특별시,8,109236.34,100508.95,102.35,65
A15001019,서울특별시,8,109236.34,100508.95,102.45,3
A15001019,서울특별시,8,109236.34,100508.95,102.84,13
A15001019,서울특별시,8,109236.34,100508.95,102.85,13
A15001019,서울특별시,8,109236.34,100508.95,102.98,6
A15001019,서울특별시,8,109236.34,100508.95,103.17,21
A15001019,서울특별시,8,109236.34,100508.95,103.18,1
A15001019,서울특별시,8,109236.34,100508.95,103.27,1
A15001019,서울특별시,8,109236.34,100508.95,103.93,2
A15001019,서울특별시,8,109236.34,100508.95,104.7,2
A15001019,서울특별시,8,109236.34,100508.95,116.53,66
A15001019,서울특별시,8,109236.34,100508.95,117.05,12
A15001019,서울특별시,8,109236.34,100508.95,117.06,13
A15001019,서울특별시,8,109236.34,100508.95,117.36,22
A15001019,서울특별시,8,109236.34,100508.95,117.5,1
A15001019,서울특별시,8,109236.34,100508.95,119.5,1
A15001019,서울특별시,8,109236.34,100508.95,119.51,1
A15001019,서울특별시,8,109236.34,100508.95,119.97,6
A15001019,서울특별시,8,109236.34,100508.95,121.16,2
A15001019,서울특별시,8,109236.34,100508.95,135.83,1
A15001019,서울특별시,8,109236.34,100508.95,135.84,31
A15001019,서울특별시,8,109236.34,100508.95,136.63,12
A15001019,서울특별시,8,109236.34,100508.95,138.31,66
A15001019,서울특별시,8,109236.34,100508.95,138.41,3
A15001019,서울특별시,8,109236.34,100508.95,138.81,52
A15001019,서울특별시,8,109236.34,100508.95,138.84,1
A15001019,서울특별시,8,109236.34,100508.95,139.14,22
A15001019,서울특별시,8,109236.34,100508.95,141.75,10
A15001019,서울특별시,8,109236.34,100508.95,142.94,2
A15001019,서울특별시,8,109236.34,100508.95,150.71,66
A15001019,서울특별시,8,109236.34,100508.95,151.24,51
A15001019,서울특별시,8,109236.34,100508.95,151.27,1
A15001019,서울특별시,8,109236.34,100508.95,151.54,22
A15001019,서울특별시,8,109236.34,100508.95,154.18,6
A15001019,서울특별시,8,109236.34,100508.95,154.41,4
A15001019,서울특별시,8,109236.34,100508.95,155.31,2
A15001019,서울특별시,8,109236.34,100508.95,183.27,66
A15001019,서울특별시,8,109236.34,100508.95,184.1,23
A15001019,서울특별시,8,109236.34,100508.95,186.94,6
A15001019,서울특별시,8,109236.34,100508.95,188.1,2
A15001020,서울특별시,10,106011.18,103668.92,77.69,120
A15001020,서울특별시,10,106011.18,103668.92,92.13,238
A15001020,서울특별시,10,106011.18,103668.92,92.33,1
A15001020,서울특별시,10,106011.18,103668.92,94.17,1
A15001020,서울특별시,10,106011.18,103668.92,106.38,87
A15001020,서울특별시,10,106011.18,103668.92,106.48,2
A15001020,서울특별시,10,106011.18,103668.92,107.68,1
A15001020,서울특별시,10,106011.18,103668.92,135.8,168
A15001020,서울특별시,10,106011.18,103668.92,142.74,8
A15001020,서울특별시,10,106011.18,103668.92,146.68,120
A15001020,서울특별시,10,106011.18,103668.92,175.8,106
A15001020,서울특별시,10,106011.18,103668.92,175.84,12
A15001020,서울특별시,10,106011.18,103668.92,177.09,2
A15076301,서울특별시,2,51750.414,42785.72,33.71,16
A15076301,서울특별시,2,51750.414,42785.72,38.83,4
A15076301,서울특별시,2,51750.414,42785.72,85.54,2
A15076301,서울특별시,2,51750.414,42785.72,90.29,2
A15076301,서울특별시,2,51750.414,42785.72,104.7,30
A15076301,서울특별시,2,51750.414,42785.72,107.1,30
A15076301,서울특별시,2,51750.414,42785.72,152.62,62
A15076301,서울특별시,2,51750.414,42785.72,178.5,62
A15076301,서울특별시,2,51750.414,42785.72,192.21,62
A15076301,서울특별시,2,51750.414,42785.72,244.91,12
A15076302,서울특별시,4,114803.31,92651.53,125.71,76
A15076302,서울특별시,4,114803.31,92651.53,148.94,285
A15076302,서울특별시,4,114803.31,92651.53,163.64,76
A15076302,서울특별시,4,114803.31,92651.53,182.45,67
A15076302,서울특별시,4,114803.31,92651.53,210.38,76
A15088208,서울특별시,2,24516,24762.19,49.75,21
A15088208,서울특별시,2,24516,24762.19,51.07,22
A15088208,서울특별시,2,24516,24762.19,51.08,2
A15088208,서울특별시,2,24516,24762.19,51.57,2
A15088208,서울특별시,2,24516,24762.19,67.1,2
A15088208,서울특별시,2,24516,24762.19,67.11,53
A15088208,서울특별시,2,24516,24762.19,67.77,5
A15088208,서울특별시,2,24516,24762.19,89.26,122
A15088208,서울특별시,2,24516,24762.19,89.62,1
A15088208,서울특별시,2,24516,24762.19,89.92,76
A15088208,서울특별시,2,24516,24762.19,90.91,6
A15088614,서울특별시,2,79678.14,59758.04,107.58,56
A15088614,서울특별시,2,79678.14,59758.04,108.18,16
A15088614,서울특별시,2,79678.14,59758.04,120.41,56
A15088614,서울특별시,2,79678.14,59758.04,126.75,56
A15088614,서울특별시,2,79678.14,59758.04,147.8,56
A15088614,서울특별시,2,79678.14,59758.04,156.66,40
A15088614,서울특별시,2,79678.14,59758.04,163.86,40
A15088614,서울특별시,2,79678.14,59758.04,165.15,12
A15088614,서울특별시,2,79678.14,59758.04,180.75,8
A15088614,서울특별시,2,79678.14,59758.04,182.62,6
A15088614,서울특별시,2,79678.14,59758.04,189.39,12
A15088614,서울특별시,2,79678.14,59758.04,193.8,6
A15088614,서울특별시,2,79678.14,59758.04,199.46,12
A15088614,서울특별시,2,79678.14,59758.04,213.84,12
A15088614,서울특별시,2,79678.14,59758.04,225.31,12
A15088614,서울특별시,2,79678.14,59758.04,240.3,6
A15088717,서울특별시,5,70062,67176.92,91.87,59
A15088717,서울특별시,5,70062,67176.92,91.9,108
A15088717,서울특별시,5,70062,67176.92,92.53,1
A15088717,서울특별시,5,70062,67176.92,92.56,1
A15088717,서울특별시,5,70062,67176.92,101.26,3
A15088717,서울특별시,5,70062,67176.92,101.29,128
A15088717,서울특별시,5,70062,67176.92,101.46,1
A15088717,서울특별시,5,70062,67176.92,103.24,12
A15088717,서울특별시,5,70062,67176.92,114.55,1
A15088717,서울특별시,5,70062,67176.92,123.67,7
A15088717,서울특별시,5,70062,67176.92,123.7,44
A15088717,서울특별시,5,70062,67176.92,123.73,2
A15088717,서울특별시,5,70062,67176.92,123.74,34
A15088717,서울특별시,5,70062,67176.92,127.47,4
A15088717,서울특별시,5,70062,67176.92,127.5,4
A15088717,서울특별시,5,70062,67176.92,139.04,60
A15088717,서울특별시,5,70062,67176.92,139.07,26
A15088717,서울특별시,5,70062,67176.92,139.11,2
A15088717,서울특별시,5,70062,67176.92,144.23,7
A15088717,서울특별시,5,70062,67176.92,144.26,1
A15088717,서울특별시,5,70062,67176.92,162.27,1
A15088717,서울특별시,5,70062,67176.92,162.68,8
A15088717,서울특별시,5,70062,67176.92,162.71,40
A15088717,서울특별시,5,70062,67176.92,162.74,17
A15088717,서울특별시,5,70062,67176.92,168.4,2
A15088717,서울특별시,5,70062,67176.92,168.43,4
A15088802,서울특별시,3,20628,18091.88,95.8,36
A15088802,서울특별시,3,20628,18091.88,97.55,4
A15088802,서울특별시,3,20628,18091.88,104.5,72
A15088802,서울특별시,3,20628,18091.88,106.35,8
A15088802,서울특별시,3,20628,18091.88,146.78,36
A15088802,서울특별시,3,20628,18091.88,148.5,4
A15088915,서울특별시,2,63934.03,63934.03,103.86,42
A15088915,서울특별시,2,63934.03,63934.03,113.59,116
A15088915,서울특별시,2,63934.03,63934.03,137.09,90
A15088915,서울특별시,2,63934.03,63934.03,150.8,108
A15088915,서울특별시,2,63934.03,63934.03,165.17,18
A15088915,서울특별시,2,63934.03,63934.03,187.24,12
A15088915,서울특별시,2,63934.03,63934.03,190.03,8
A15088915,서울특별시,2,63934.03,63934.03,196.25,9
A15088915,서울특별시,2,63934.03,63934.03,196.54,4
A15088915,서울특별시,2,63934.03,63934.03,207.95,4
A15088915,서울특별시,2,63934.03,63934.03,211.82,4
A15088915,서울특별시,2,63934.03,63934.03,219.82,20
A15088915,서울특별시,2,63934.03,63934.03,221.57,2
A15088915,서울특별시,2,63934.03,63934.03,244.97,8
A15088918,서울특별시,8,84490.8,84547.6,105.72,131
A15088918,서울특별시,8,84490.8,84547.6,105.85,1
A15088918,서울특별시,8,84490.8,84547.6,109.42,95
A15088918,서울특별시,8,84490.8,84547.6,110.41,1
A15088918,서울특별시,8,84490.8,84547.6,149.52,119
A15088918,서울특별시,8,84490.8,84547.6,149.59,95
A15088918,서울특별시,8,84490.8,84547.6,149.72,1
A15088918,서울특별시,8,84490.8,84547.6,150.58,1
A15088918,서울특별시,8,84490.8,84547.6,192.73,41
A15088918,서울특별시,8,84490.8,84547.6,192.76,5
A15088918,서울특별시,8,84490.8,84547.6,193.03,95
A15088918,서울특별시,8,84490.8,84547.6,193.06,2
A15088918,서울특별시,8,84490.8,84547.6,193.19,1
A15089307,서울특별시,2,33690.24,33690.24,123.78,52
A15089307,서울특별시,2,33690.24,33690.24,143.61,54
A15089307,서울특별시,2,33690.24,33690.24,163.87,54
A15089307,서울특별시,2,33690.24,33690.24,179.78,54
A15089307,서울특별시,2,33690.24,33690.24,233.92,2
A15089307,서울특별시,2,33690.24,33690.24,236.9,2
A15089411,서울특별시,4,47520,44318.66,122.78,118
A15089411,서울특별시,4,47520,44318.66,122.91,2
A15089411,서울특별시,4,47520,44318.66,123.27,240
A15089421,서울특별시,24,161688.48,161193.92,60.96,215
A15089421,서울특별시,24,161688.48,161193.92,79.24,671
A15089421,서울특별시,24,161688.48,161193.92,118.12,357
A15089421,서울특별시,24,161688.48,161193.92,156.99,336
A15089510,서울특별시,4,47603.305,43747.24,121.51,36
A15089510,서울특별시,4,47603.305,43747.24,121.52,321
A15089510,서울특별시,4,47603.305,43747.24,121.59,1
A15089510,서울특별시,4,47603.305,43747.24,121.68,1
A15089510,서울특별시,4,47603.305,43747.24,121.69,1
A15089513,서울특별시,4,28839.56,24614.49,48.26,156
A15089513,서울특별시,4,28839.56,24614.49,63.83,88
A15089513,서울특별시,4,28839.56,24614.49,71.97,8
A15089513,서울특별시,4,28839.56,24614.49,72,35
A15089513,서울특별시,4,28839.56,24614.49,72.07,1
A15089513,서울특별시,4,28839.56,24614.49,94.31,87
A15089513,서울특별시,4,28839.56,24614.49,96.09,1
A10026311,서울특별시,2,11543.68,11543.68,84.88,136
A15003001,서울특별시,4,27622.97,21651.31,59.8,114
A15003001,서울특별시,4,27622.97,21651.31,83.98,58
A15003001,서울특별시,4,27622.97,21651.31,84.27,15
A15003001,서울특별시,4,27622.97,21651.31,84.63,30
A15003001,서울특별시,4,27622.97,21651.31,114.08,54
A15003002,서울특별시,31,257942.5,186887.61,59.912,370
A15003002,서울특별시,31,257942.5,186887.61,73.133,702
A15003002,서울특별시,31,257942.5,186887.61,79.777,901
A15003002,서울특별시,31,257942.5,186887.61,84.84,269
A15003002,서울특별시,31,257942.5,186887.61,84.908,220
A10024490,서울특별시,1,8414.994,3069.028,14.8376,164
A10024490,서울특별시,1,8414.994,3069.028,30.2696,21
A10022098,서울특별시,2,12212.96,8721.404,49.0972,50
A10022098,서울특별시,2,12212.96,8721.404,56.277,25
A10022098,서울특별시,2,12212.96,8721.404,59.9953,81
A10025518,서울특별시,1,11133.65,7219.4,59.96,75
A10025518,서울특별시,1,11133.65,7219.4,68.06,40
A10024567,서울특별시,2,27690.938,13641.156,29.8886,1
A10024567,서울특별시,2,27690.938,13641.156,59.8976,80
A10024567,서울특별시,2,27690.938,13641.156,84.8025,104
A10026801,서울특별시,1,12682.64,10016.16,84.78,17
A10026801,서울특별시,1,12682.64,10016.16,84.9,101
A10026816,서울특별시,7,123341.56,89104.79,26.78,126
A10026816,서울특별시,7,123341.56,89104.79,33.71,50
A10026816,서울특별시,7,123341.56,89104.79,59.7,129
A10026816,서울특별시,7,123341.56,89104.79,59.91,120
A10026816,서울특별시,7,123341.56,89104.79,66.14,24
A10026816,서울특별시,7,123341.56,89104.79,71.98,62
A10026816,서울특별시,7,123341.56,89104.79,84.65,251
A10026816,서울특별시,7,123341.56,89104.79,84.69,129
A10026816,서울특별시,7,123341.56,89104.79,84.71,67
A10026816,서울특별시,7,123341.56,89104.79,84.75,172
A10026816,서울특별시,7,123341.56,89104.79,115.58,85
A10026816,서울특별시,7,123341.56,89104.79,142.56,6
A15003701,서울특별시,8,64509.96,49162.26,59.9,248
A15003701,서울특별시,8,64509.96,49162.26,84.82,42
A15003701,서울특별시,8,64509.96,49162.26,84.93,162
A15003701,서울특별시,8,64509.96,49162.26,114.77,148
A15003801,서울특별시,7,54632.12,41685.08,59.91,208
A15003801,서울특별시,7,54632.12,41685.08,84.87,220
A15003801,서울특별시,7,54632.12,41685.08,114.7,92
A15003802,서울특별시,9,73741.26,57056.25,59.7,44
A15003802,서울특별시,9,73741.26,57056.25,79.33,23
A15003802,서울특별시,9,73741.26,57056.25,84.98,179
A15003802,서울특별시,9,73741.26,57056.25,114.51,156
A15003802,서울특별시,9,73741.26,57056.25,133.34,90
A15003802,서울특별시,9,73741.26,57056.25,163.68,46
A10020608,서울특별시,1,21320.346,10697.215,23.9784,80
A10020608,서울특별시,1,21320.346,10697.215,39.8291,63
A10020608,서울특별시,1,21320.346,10697.215,49.7596,126
A14007001,서울특별시,2,26479.352,17493.84,32.76,534
A14007002,서울특별시,15,158556.97,123754.5,59.94,462
A14007002,서울특별시,15,158556.97,123754.5,84.69,544
A14007002,서울특별시,15,158556.97,123754.5,84.92,66
A14007002,서울특별시,15,158556.97,123754.5,114.99,386
A14070901,서울특별시,3,88753.9,40513.68,128.06,59
A14070901,서울특별시,3,88753.9,40513.68,131.05,57
A14070901,서울특별시,3,88753.9,40513.68,145.2,63
A14070901,서울특별시,3,88753.9,40513.68,149.05,62
A14070901,서울특별시,3,88753.9,40513.68,166.6,11
A14070901,서울특별시,3,88753.9,40513.68,181.5,11
A14070901,서울특별시,3,88753.9,40513.68,208.39,11
A14070901,서울특별시,3,88753.9,40513.68,244.41,2
A14070901,서울특별시,3,88753.9,40513.68,244.69,2
A10027901,서울특별시,2,41585.93,20304.16,84.03,120
A10027901,서울특별시,2,41585.93,20304.16,84.68,56
A10027901,서울특별시,2,41585.93,20304.16,97.83,56
A14010001,서울특별시,2,38753.62,21972.08,84.97,104
A14010001,서울특별시,2,38753.62,21972.08,126.3,104
A14010002,서울특별시,2,38913.18,19452.83,84.98,47
A14010002,서울특별시,2,38913.18,19452.83,109.03,47
A14010002,서울특별시,2,38913.18,19452.83,109.74,47
A14010002,서울특별시,2,38913.18,19452.83,110.14,47
A14010003,서울특별시,2,54311.52,28564.9,84.98,92
A14010003,서울특별시,2,54311.52,28564.9,97.24,94
A14010003,서울특별시,2,54311.52,28564.9,123.47,94
A14082302,서울특별시,2,25092.36,18456.44,59.7,82
A14082302,서울특별시,2,25092.36,18456.44,84.74,148
A14082302,서울특별시,2,25092.36,18456.44,84.96,12
A14082601,서울특별시,2,25401.723,19192.47,83.22,1
A14082601,서울특별시,2,25401.723,19192.47,84.93,225
A14004001,서울특별시,3,17250.41,17250.41,59.69,289
A14004002,서울특별시,14,114459.516,92477.46,59.55,350
A14004002,서울특별시,14,114459.516,92477.46,59.98,33
A14004002,서울특별시,14,114459.516,92477.46,84.98,429
A14004002,서울특별시,14,114459.516,92477.46,114.48,290
A14076401,서울특별시,2,21427.89,11975.37,32.99,363
A10020656,서울특별시,1,13694.816,11492.32,37.7832,4
A10020656,서울특별시,1,13694.816,11492.32,38.3628,2
A10020656,서울특별시,1,13694.816,11492.32,38.7732,12
A10020656,서울특별시,1,13694.816,11492.32,39.1032,42
A10020656,서울특별시,1,13694.816,11492.32,40.4232,12
A10020656,서울특별시,1,13694.816,11492.32,41.1172,12
A10020656,서울특별시,1,13694.816,11492.32,41.7432,36
A10020656,서울특별시,1,13694.816,11492.32,42.4032,36
A10020656,서울특별시,1,13694.816,11492.32,43.8432,48
A10020656,서울특별시,1,13694.816,11492.32,44.0532,36
A10020656,서울특별시,1,13694.816,11492.32,52.2068,17
A10020656,서울특별시,1,13694.816,11492.32,70.531,6
A10020656,서울특별시,1,13694.816,11492.32,74.0016,2
A10022221,서울특별시,1,18337.95,10509.03,59.98,45
A10022221,서울특별시,1,18337.95,10509.03,84.99,36
A10022221,서울특별시,1,18337.95,10509.03,104.7,15
A10022221,서울특별시,1,18337.95,10509.03,117.77,27
A14024001,서울특별시,3,25589.72,19458.65,84.94,68
A14024001,서울특별시,3,25589.72,19458.65,84.95,15
A14024001,서울특별시,3,25589.72,19458.65,84.98,15
A14024001,서울특별시,3,25589.72,19458.65,143.49,2
A14024001,서울특별시,3,25589.72,19458.65,144.45,18
A14024001,서울특별시,3,25589.72,19458.65,144.99,18
A14024001,서울특별시,3,25589.72,19458.65,156.58,36
A14024002,서울특별시,15,219461.67,200757.02,95.66,260
A14024002,서울특별시,15,219461.67,200757.02,140.81,432
A14024002,서울특별시,15,219461.67,200757.02,140.92,36
A14024002,서울특별시,15,219461.67,200757.02,166.98,336
A14024002,서울특별시,15,219461.67,200757.02,167.08,28
A14024002,서울특별시,15,219461.67,200757.02,210.25,216
A14024002,서울특별시,15,219461.67,200757.02,210.27,18
A14009001,서울특별시,13,92031.91,71064.41,33.85,168
A14009001,서울특별시,13,92031.91,71064.41,59.64,12
A14009001,서울특별시,13,92031.91,71064.41,59.66,72
A14009001,서울특별시,13,92031.91,71064.41,84.21,168
A14009001,서울특별시,13,92031.91,71064.41,84.89,277
A14009001,서울특별시,13,92031.91,71064.41,124.08,80
A14009001,서울특별시,13,92031.91,71064.41,124.96,44
A14009001,서울특별시,13,92031.91,71064.41,158.26,46
A14006001,서울특별시,3,18155.477,14445.87,59.76,16
A14006001,서울특별시,3,18155.477,14445.87,71.63,4
A14006001,서울특별시,3,18155.477,14445.87,84.54,91
A14006001,서울특별시,3,18155.477,14445.87,84.77,65
A14083101,서울특별시,4,19912.98,15753.38,59.94,78
A14083101,서울특별시,4,19912.98,15753.38,84.76,10
A14083101,서울특별시,4,19912.98,15753.38,84.91,10
A14083101,서울특별시,4,19912.98,15753.38,84.98,39
A14083101,서울특별시,4,19912.98,15753.38,84.99,20
A14083101,서울특별시,4,19912.98,15753.38,114.93,38
A14002501,서울특별시,6,155179.73,117044.86,78.22,4
A14002501,서울특별시,6,155179.73,117044.86,95.96,21
A14002501,서울특별시,6,155179.73,117044.86,99.09,21
A14002501,서울특별시,6,155179.73,117044.86,100.29,114
A14002501,서울특별시,6,155179.73,117044.86,103.12,21
A14002501,서울특별시,6,155179.73,117044.86,118.2,64
A14002501,서울특별시,6,155179.73,117044.86,123.42,40
A14002501,서울특별시,6,155179.73,117044.86,124.8,70
A14002501,서울특별시,6,155179.73,117044.86,128.36,39
A14002501,서울특별시,6,155179.73,117044.86,130.56,39
A14002501,서울특별시,6,155179.73,117044.86,131.53,70
A14002501,서울특별시,6,155179.73,117044.86,133.87,4
A14002501,서울특별시,6,155179.73,117044.86,134.02,64
A14002501,서울특별시,6,155179.73,117044.86,137.63,40
A14002501,서울특별시,6,155179.73,117044.86,139.7,39
A14002501,서울특별시,6,155179.73,117044.86,140.31,39
A14002501,서울특별시,6,155179.73,117044.86,149.92,57
A14002501,서울특별시,6,155179.73,117044.86,154.47,64
A14002501,서울특별시,6,155179.73,117044.86,158.33,24
A14002501,서울특별시,6,155179.73,117044.86,180.62,24
A14002501,서울특별시,6,155179.73,117044.86,205.29,24
A14002501,서울특별시,6,155179.73,117044.86,243.85,4
A14002501,서울특별시,6,155179.73,117044.86,243.87,2
A10023798,서울특별시,1,58462.086,24377.049,15.965,14
A10023798,서울특별시,1,58462.086,24377.049,15.9722,2
A10023798,서울특별시,1,58462.086,24377.049,17.9822,195
A10023798,서울특별시,1,58462.086,24377.049,29.9626,92
A10023798,서울특별시,1,58462.086,24377.049,33.9588,188
A10023798,서울특별시,1,58462.086,24377.049,43.9485,45
A10023798,서울특별시,1,58462.086,24377.049,43.9656,216
A14070301,서울특별시,3,56588.12,29647.98,84.83,34
A14070301,서울특별시,3,56588.12,29647.98,84.98,34
A14070301,서울특별시,3,56588.12,29647.98,107.05,38
A14070301,서울특별시,3,56588.12,29647.98,107.45,38
A14070301,서울특별시,3,56588.12,29647.98,122.54,34
A14070301,서울특별시,3,56588.12,29647.98,122.85,34
A14070301,서울특별시,3,56588.12,29647.98,141.78,2
A14070301,서울특별시,3,56588.12,29647.98,145.75,34
A14070301,서울특별시,3,56588.12,29647.98,145.78,2
A14070301,서울특별시,3,56588.12,29647.98,152.5,2
A14070301,서울특별시,3,56588.12,29647.98,187.87,2
A14070301,서울특별시,3,56588.12,29647.98,189.36,2
A14070301,서울특별시,3,56588.12,29647.98,196.73,2
A14070301,서울특별시,3,56588.12,29647.98,198.32,2
A14070302,서울특별시,3,76539.37,60085.992,25.965,1
A14070302,서울특별시,3,76539.37,60085.992,27.011,1
A14070302,서울특별시,3,76539.37,60085.992,28.608,1
A14070302,서울특별시,3,76539.37,60085.992,29.995,1
A14070302,서울특별시,3,76539.37,60085.992,32.006,1
A14070302,서울특별시,3,76539.37,60085.992,36.616,1
A14070302,서울특별시,3,76539.37,60085.992,38.61,22
A14070302,서울특별시,3,76539.37,60085.992,46.004,4
A14070302,서울특별시,3,76539.37,60085.992,46.06,11
A14070302,서울특별시,3,76539.37,60085.992,47.06,1
A14070302,서울특별시,3,76539.37,60085.992,47.562,1
A14070302,서울특별시,3,76539.37,60085.992,50.414,1
A14070302,서울특별시,3,76539.37,60085.992,52.771,10
A14070302,서울특별시,3,76539.37,60085.992,54.571,1
A14070302,서울특별시,3,76539.37,60085.992,54.678,2
A14070302,서울특별시,3,76539.37,60085.992,54.876,1
A14070302,서울특별시,3,76539.37,60085.992,55.325,11
A14070302,서울특별시,3,76539.37,60085.992,55.989,11
A14070302,서울특별시,3,76539.37,60085.992,56.754,10
A14070302,서울특별시,3,76539.37,60085.992,57.32,11
A14070302,서울특별시,3,76539.37,60085.992,58.582,10
A14070302,서울특별시,3,76539.37,60085.992,59.557,11
A14070302,서울특별시,3,76539.37,60085.992,60.937,1
A14070302,서울특별시,3,76539.37,60085.992,61.088,1
A14070302,서울특별시,3,76539.37,60085.992,64.351,1
A14070302,서울특별시,3,76539.37,60085.992,69.312,1
A14070302,서울특별시,3,76539.37,60085.992,69.6,1
A14070302,서울특별시,3,76539.37,60085.992,74.742,1
A14070302,서울특별시,3,76539.37,60085.992,77.523,1
A14070302,서울특별시,3,76539.37,60085.992,84.976,176
A14070302,서울특별시,3,76539.37,60085.992,88.395,1
A14070302,서울특별시,3,76539.37,60085.992,90.635,1
A14070302,서울특별시,3,76539.37,60085.992,90.881,1
A14070302,서울특별시,3,76539.37,60085.992,101.881,1
A14070302,서울특별시,3,76539.37,60085.992,114.218,88
A14070302,서울특별시,3,76539.37,60085.992,123.673,88
A14070302,서울특별시,3,76539.37,60085.992,142.901,88
A14070302,서울특별시,3,76539.37,60085.992,144.18,1
A14070302,서울특별시,3,76539.37,60085.992,239.044,2
A14070302,서울특별시,3,76539.37,60085.992,241.451,1
A14070302,서울특별시,3,76539.37,60085.992,241.623,2
A14070302,서울특별시,3,76539.37,60085.992,243.663,1
A14070302,서울특별시,3,76539.37,60085.992,244.734,1
A14070302,서울특별시,3,76539.37,60085.992,259.114,1
A14070302,서울특별시,3,76539.37,60085.992,276.966,1
A14070302,서울특별시,3,76539.37,60085.992,323.353,1
A14070302,서울특별시,3,76539.37,60085.992,564.438,1
A14070302,서울특별시,3,76539.37,60085.992,571.291,1
A14070302,서울특별시,3,76539.37,60085.992,665.344,1
A10022232,서울특별시,4,11517.93,11517.97,67.04,12
A10022232,서울특별시,4,11517.93,11517.97,75.56,1
A10022232,서울특별시,4,11517.93,11517.97,76.56,29
A10022232,서울특별시,4,11517.93,11517.97,81.72,60
A10022232,서울특별시,4,11517.93,11517.97,82.71,6
A10022232,서울특별시,4,11517.93,11517.97,88,12
A10022232,서울특별시,4,11517.93,11517.97,97.36,6
A10022232,서울특별시,4,11517.93,11517.97,100.46,6
A10022232,서울특별시,4,11517.93,11517.97,129.21,1
A10022232,서울특별시,4,11517.93,11517.97,129.22,5
A14085002,서울특별시,6,55471.324,46290.05,40.46,72
A14085002,서울특별시,6,55471.324,46290.05,43.97,2
A14085002,서울특별시,6,55471.324,46290.05,45.12,2
A14085002,서울특별시,6,55471.324,46290.05,76.03,1
A14085002,서울특별시,6,55471.324,46290.05,78.02,23
A14085002,서울특별시,6,55471.324,46290.05,78.05,23
A14085002,서울특별시,6,55471.324,46290.05,78.06,121
A14085002,서울특별시,6,55471.324,46290.05,85.95,24
A14085002,서울특별시,6,55471.324,46290.05,86.12,96
A14085002,서울특별시,6,55471.324,46290.05,100.5,12
A14085002,서울특별시,6,55471.324,46290.05,100.56,47
A14085002,서울특별시,6,55471.324,46290.05,103.67,72
A14085002,서울특별시,6,55471.324,46290.05,103.74,35
A14085002,서울특별시,6,55471.324,46290.05,113.37,1
A14085002,서울특별시,6,55471.324,46290.05,113.76,1
A14085002,서울특별시,6,55471.324,46290.05,113.77,22
A14085101,서울특별시,3,28590.262,21461.48,59.92,44
A14085101,서울특별시,3,28590.262,21461.48,59.94,107
A14085101,서울특별시,3,28590.262,21461.48,72.84,20
A14085101,서울특별시,3,28590.262,21461.48,84.9,66
A14085101,서울특별시,3,28590.262,21461.48,84.94,63
A10022800,서울특별시,2,8749.541,8752.141,84.97,26
A10022800,서울특별시,2,8749.541,8752.141,84.973,77
A10027908,서울특별시,3,76247.99,57084.84,124.02,352
A10027908,서울특별시,3,76247.99,57084.84,124.35,108
A14003001,서울특별시,2,25407,18693.36,58.2,153
A14003001,서울특별시,2,25407,18693.36,84.86,18
A14003001,서울특별시,2,25407,18693.36,114.74,72
A14003002,서울특별시,5,25867.5,25620,102.48,250
A14003003,서울특별시,2,33396,30337.87,104.33,7
A14003003,서울특별시,2,33396,30337.87,104.86,131
A14003003,서울특별시,2,33396,30337.87,105.36,12
A14003003,서울특별시,2,33396,30337.87,105.88,1
A14003003,서울특별시,2,33396,30337.87,111.9,1
A14003003,서울특별시,2,33396,30337.87,112.43,4
A14003003,서울특별시,2,33396,30337.87,145.19,84
A14003003,서울특별시,2,33396,30337.87,145.26,12
A14003004,서울특별시,4,40359.89,30817.11,59.97,3
A14003004,서울특별시,4,40359.89,30817.11,59.99,3
A14003004,서울특별시,4,40359.89,30817.11,84.65,7
A14003004,서울특별시,4,40359.89,30817.11,100.8,93
A14003004,서울특별시,4,40359.89,30817.11,100.92,187
A14003004,서울특별시,4,40359.89,30817.11,101.14,16
A14003006,서울특별시,6,50507.08,38075.95,43.02,84
A14003006,서울특별시,6,50507.08,38075.95,48.76,22
A14003006,서울특별시,6,50507.08,38075.95,59.58,121
A14003006,서울특별시,6,50507.08,38075.95,59.59,1
A14003006,서울특별시,6,50507.08,38075.95,84.82,167
A14003006,서울특별시,6,50507.08,38075.95,114.96,104
A14003007,서울특별시,10,138309.05,107575.09,66.39,46
A14003007,서울특별시,10,138309.05,107575.09,133.78,29
A14003007,서울특별시,10,138309.05,107575.09,133.79,36
A14003007,서울특별시,10,138309.05,107575.09,134.45,43
A14003007,서울특별시,10,138309.05,107575.09,134.72,19
A14003007,서울특별시,10,138309.05,107575.09,134.82,25
A14003007,서울특별시,10,138309.05,107575.09,168.53,61
A14003007,서울특별시,10,138309.05,107575.09,169.44,69
A14003007,서울특별시,10,138309.05,107575.09,169.71,40
A14003007,서울특별시,10,138309.05,107575.09,170.06,44
A14003007,서울특별시,10,138309.05,107575.09,171.74,67
A14003007,서울특별시,10,138309.05,107575.09,202.32,44
A14003007,서울특별시,10,138309.05,107575.09,203.12,44
A14003007,서울특별시,10,138309.05,107575.09,203.21,44
A14003007,서울특별시,10,138309.05,107575.09,210.01,41
A14003007,서울특별시,10,138309.05,107575.09,243.26,2
A14003007,서울특별시,10,138309.05,107575.09,243.36,2
A14003008,서울특별시,23,74692.2,73099.18,87.54,120
A14003008,서울특별시,23,74692.2,73099.18,89.82,24
A14003008,서울특별시,23,74692.2,73099.18,101.95,240
A14003008,서울특별시,23,74692.2,73099.18,102.22,18
A14003008,서울특별시,23,74692.2,73099.18,120.33,18
A14003008,서울특별시,23,74692.2,73099.18,120.56,180
A14003008,서울특별시,23,74692.2,73099.18,167.21,40
A14003008,서울특별시,23,74692.2,73099.18,178.78,20
A14003101,서울특별시,2,30207.24,30197.16,136.21,108
A14003101,서울특별시,2,30207.24,30197.16,166.34,12
A14003101,서울특별시,2,30207.24,30197.16,167.18,24
A14003101,서울특별시,2,30207.24,30197.16,197.46,48
A14003104,서울특별시,6,47339.246,39044.72,110.23,26
A14003104,서울특별시,6,47339.246,39044.72,134.9,54
A14003104,서울특별시,6,47339.246,39044.72,137.37,62
A14003104,서울특별시,6,47339.246,39044.72,180.82,66
A14003104,서울특별시,6,47339.246,39044.72,234.53,36
A14003105,서울특별시,10,100690.21,79214.06,59.98,19
A14003105,서울특별시,10,100690.21,79214.06,60,187
A14003105,서울특별시,10,100690.21,79214.06,84.94,24
A14003105,서울특별시,10,100690.21,79214.06,84.98,333
A14003105,서울특별시,10,100690.21,79214.06,134.13,156
A14003105,서울특별시,10,100690.21,79214.06,135.27,24
A14003105,서울특별시,10,100690.21,79214.06,135.5,47
A14003105,서울특별시,10,100690.21,79214.06,135.87,44
A14003106,서울특별시,9,86762.05,86762.05,59.12,306
A14003106,서울특별시,9,86762.05,86762.05,84.77,125
A14003106,서울특별시,9,86762.05,86762.05,84.85,118
A14003106,서울특별시,9,86762.05,86762.05,84.905,84
A14003106,서울특별시,9,86762.05,86762.05,106.645,156
A14003106,서울특별시,9,86762.05,86762.05,114.595,212
A14072701,서울특별시,19,218984.27,165716.66,59.88,895
A14072701,서울특별시,19,218984.27,165716.66,71.45,3
A14072701,서울특별시,19,218984.27,165716.66,77.22,3
A14072701,서울특별시,19,218984.27,165716.66,84.89,308
A14072701,서울특별시,19,218984.27,165716.66,84.96,318
A14072701,서울특별시,19,218984.27,165716.66,114.96,509
A14072702,서울특별시,10,89143.77,67099.14,59.82,377
A14072702,서울특별시,10,89143.77,67099.14,84.78,263
A14072702,서울특별시,10,89143.77,67099.14,114.69,194
A14072901,서울특별시,2,30347.107,20247,59.55,340
A14077401,서울특별시,1,30056.4,26970.9,175.7,6
A14077401,서울특별시,1,30056.4,26970.9,175.97,11
A14077401,서울특별시,1,30056.4,26970.9,177.55,1
A14077401,서울특별시,1,30056.4,26970.9,177.62,90
A14077401,서울특별시,1,30056.4,26970.9,215.41,2
A14077401,서울특별시,1,30056.4,26970.9,215.67,2
A14077401,서울특별시,1,30056.4,26970.9,217.36,32
A14085501,서울특별시,4,50397.96,38782.74,59.55,198
A14085501,서울특별시,4,50397.96,38782.74,84.88,318
A14090902,서울특별시,4,72465.8,54340.44,59.22,198
A14090902,서울특별시,4,72465.8,54340.44,84.78,264
A14090902,서울특별시,4,72465.8,54340.44,114.96,176
A10027425,서울특별시,8,13857.35,10999.95,84.57,65
A10027425,서울특별시,8,13857.35,10999.95,84.66,65
A14086001,서울특별시,9,89586.19,81503.93,104.66,18
A14086001,서울특별시,9,89586.19,81503.93,104.69,36
A14086001,서울특별시,9,89586.19,81503.93,105.25,1
A14086001,서울특별시,9,89586.19,81503.93,105.72,34
A14086001,서울특별시,9,89586.19,81503.93,105.75,42
A14086001,서울특별시,9,89586.19,81503.93,106.12,44
A14086001,서울특별시,9,89586.19,81503.93,106.15,1
A14086001,서울특별시,9,89586.19,81503.93,106.18,5
A14086001,서울특별시,9,89586.19,81503.93,107.9,6
A14086001,서울특별시,9,89586.19,81503.93,108.33,6
A14086001,서울특별시,9,89586.19,81503.93,108.36,1
A14086001,서울특별시,9,89586.19,81503.93,142.68,47
A14086001,서울특별시,9,89586.19,81503.93,142.71,107
A14086001,서울특별시,9,89586.19,81503.93,142.74,22
A14086001,서울특별시,9,89586.19,81503.93,146.18,2
A14086001,서울특별시,9,89586.19,81503.93,146.22,10
A14086001,서울특별시,9,89586.19,81503.93,146.25,4
A14086001,서울특별시,9,89586.19,81503.93,174.38,176
A14086001,서울특별시,9,89586.19,81503.93,178.18,8
A14086001,서울특별시,9,89586.19,81503.93,178.22,6
A14086001,서울특별시,9,89586.19,81503.93,178.25,2
A14086101,서울특별시,16,42842.973,35811.2,59.92,160
A14086101,서울특별시,16,42842.973,35811.2,84.75,140
A14086101,서울특별시,16,42842.973,35811.2,134.68,40
A14086101,서울특별시,16,42842.973,35811.2,149.53,60
A14005001,서울특별시,5,61529.06,34291.58,157.43,54
A14005001,서울특별시,5,61529.06,34291.58,201.23,28
A14005001,서울특별시,5,61529.06,34291.58,223.75,60
A14005001,서울특별시,5,61529.06,34291.58,240.39,28
A14001101,서울특별시,1,37731.01,19950.578,96.645,24
A14001101,서울특별시,1,37731.01,19950.578,107.626,24
A14001101,서울특별시,1,37731.01,19950.578,114.676,24
A14001101,서울특별시,1,37731.01,19950.578,133.085,48
A14001101,서울특별시,1,37731.01,19950.578,140.342,10
A14001101,서울특별시,1,37731.01,19950.578,141.945,10
A14001101,서울특별시,1,37731.01,19950.578,142.12,10
A14001101,서울특별시,1,37731.01,19950.578,166.37,10
A14075201,서울특별시,3,69726.97,40423.73,99.85,64
A14075201,서울특별시,3,69726.97,40423.73,123.12,64
A14075201,서울특별시,3,69726.97,40423.73,133.09,59
A14075201,서울특별시,3,69726.97,40423.73,134.42,59
A14075201,서울특별시,3,69726.97,40423.73,162.04,64
A10020622,서울특별시,1,26519.676,11058.577,84.2287,22
A10020622,서울특별시,1,26519.676,11058.577,84.2753,22
A10020622,서울특별시,1,26519.676,11058.577,105.6071,22
A10020622,서울특별시,1,26519.676,11058.577,105.7501,22
A10020622,서울특별시,1,26519.676,11058.577,122.8014,22
A10021269,서울특별시,1,6354.542,3365.86,28.22,24
A10021269,서울특별시,1,6354.542,3365.86,29.53,30
A10021269,서울특별시,1,6354.542,3365.86,29.68,10
A10021269,서울특별시,1,6354.542,3365.86,31.05,10
A10021269,서울특별시,1,6354.542,3365.86,32.39,18
A10021269,서울특별시,1,6354.542,3365.86,34.02,18
A10023195,서울특별시,2,16968.38,13908.38,84.67,92
A10023195,서울특별시,2,16968.38,13908.38,113.31,54
A10024333,서울특별시,2,62496.887,42029.617,19.6951,256
A10024333,서울특별시,2,62496.887,42029.617,39.8036,402
A10024333,서울특별시,2,62496.887,42029.617,44.9009,64
A10024333,서울특별시,2,62496.887,42029.617,48.9018,66
A10024333,서울특별시,2,62496.887,42029.617,49.6573,32
A10024333,서울특별시,2,62496.887,42029.617,49.9403,34
A10024333,서울특별시,2,62496.887,42029.617,49.9933,232
A10026719,서울특별시,1,38430.74,18753.96,121.17,32
A10026719,서울특별시,1,38430.74,18753.96,130.09,16
A10026719,서울특별시,1,38430.74,18753.96,141.08,33
A10026719,서울특별시,1,38430.74,18753.96,156.08,15
A10026719,서울특별시,1,38430.74,18753.96,171.28,16
A10026719,서울특별시,1,38430.74,18753.96,191.11,16
A10026759,서울특별시,1,47211.49,21533.836,112.1122,21
A10026759,서울특별시,1,47211.49,21533.836,118.3669,21
A10026759,서울특별시,1,47211.49,21533.836,124.2293,21
A10026759,서울특별시,1,47211.49,21533.836,137.5778,21
A10026759,서울특별시,1,47211.49,21533.836,148.8269,11
A10026759,서울특별시,1,47211.49,21533.836,152.4741,21
A10026759,서울특별시,1,47211.49,21533.836,169.055,11
A10026759,서울특별시,1,47211.49,21533.836,169.342,11
A10026759,서울특별시,1,47211.49,21533.836,189.6783,11
A10026759,서울특별시,1,47211.49,21533.836,273.973,2
A10026922,서울특별시,2,60390.098,30636.01,135.27,76
A10026922,서울특별시,2,60390.098,30636.01,161.48,76
A10026922,서울특별시,2,60390.098,30636.01,181.01,38
A10026922,서울특별시,2,60390.098,30636.01,238.18,1
A10026922,서울특별시,2,60390.098,30636.01,238.26,1
A10026922,서울특별시,2,60390.098,30636.01,240.44,1
A10026922,서울특별시,2,60390.098,30636.01,243.87,1
A10026922,서울특별시,2,60390.098,30636.01,243.88,1
A14001201,서울특별시,2,31945.19,23292.16,84.74,31
A14001201,서울특별시,2,31945.19,23292.16,84.87,62
A14001201,서울특별시,2,31945.19,23292.16,84.97,62
A14001201,서울특별시,2,31945.19,23292.16,84.98,31
A14001201,서울특별시,2,31945.19,23292.16,116.28,31
A14001201,서울특별시,2,31945.19,23292.16,125.68,31
A10022504,서울특별시,1,8948.783,5296.04,16.5936,6
A10022504,서울특별시,1,8948.783,5296.04,20.2405,6
A10022504,서울특별시,1,8948.783,5296.04,20.2469,6
A10022504,서울특별시,1,8948.783,5296.04,20.4376,7
A10022504,서울특별시,1,8948.783,5296.04,24.6306,26
A10022504,서울특별시,1,8948.783,5296.04,24.6308,15
A10022504,서울특별시,1,8948.783,5296.04,32.2626,13
A10022504,서울특별시,1,8948.783,5296.04,33.3164,13
A10022504,서울특별시,1,8948.783,5296.04,34.7944,12
A10022504,서울특별시,1,8948.783,5296.04,40.6902,30
A10022504,서울특별시,1,8948.783,5296.04,41.6239,6
A10022504,서울특별시,1,8948.783,5296.04,45.9597,9
A10022504,서울특별시,1,8948.783,5296.04,47.0208,1
A10022504,서울특별시,1,8948.783,5296.04,49.8449,1
A10022504,서울특별시,1,8948.783,5296.04,49.9622,2
A10022504,서울특별시,1,8948.783,5296.04,49.9663,9
A10024691,서울특별시,5,159602.83,121716.82,80.4816,28
A10024691,서울특별시,5,159602.83,121716.82,80.6382,28
A10024691,서울특별시,5,159602.83,121716.82,80.6994,28
A10024691,서울특별시,5,159602.83,121716.82,80.7392,26
A10024691,서울특별시,5,159602.83,121716.82,80.9592,28
A10024691,서울특별시,5,159602.83,121716.82,81.3418,28
A10024691,서울특별시,5,159602.83,121716.82,81.8024,28
A10024691,서울특별시,5,159602.83,121716.82,92.1705,24
A10024691,서울특별시,5,159602.83,121716.82,92.7398,24
A10024691,서울특별시,5,159602.83,121716.82,92.9164,24
A10024691,서울특별시,5,159602.83,121716.82,102.8617,288
A10024691,서울특별시,5,159602.83,121716.82,114.5011,288
A10024691,서울특별시,5,159602.83,121716.82,114.8905,220
A10024691,서울특별시,5,159602.83,121716.82,135.3849,68
A10024691,서울특별시,5,159602.83,121716.82,217.949,2
A10024691,서울특별시,5,159602.83,121716.82,224.9528,6
A10024691,서울특별시,5,159602.83,121716.82,237.8722,2
A14001303,서울특별시,3,78402.17,62339.19,114.17,30
A14001303,서울특별시,3,78402.17,62339.19,116.31,72
A14001303,서울특별시,3,78402.17,62339.19,143.36,31
A14001303,서울특별시,3,78402.17,62339.19,144.95,31
A14001303,서울특별시,3,78402.17,62339.19,146.53,74
A14001303,서울특별시,3,78402.17,62339.19,146.56,74
A14001303,서울특별시,3,78402.17,62339.19,177.52,31
A14001303,서울특별시,3,78402.17,62339.19,181.89,74
A14001303,서울특별시,3,78402.17,62339.19,233,2
A14001303,서울특별시,3,78402.17,62339.19,242.26,2
A14074501,서울특별시,4,15095.44,12160.8,65.55,4
A14074501,서울특별시,4,15095.44,12160.8,84.99,140
A14088201,서울특별시,2,40473.46,31220.08,117.62,28
A14088201,서울특별시,2,40473.46,31220.08,124.05,24
A14088201,서울특별시,2,40473.46,31220.08,145.65,27
A14088201,서울특별시,2,40473.46,31220.08,145.87,24
A14088201,서울특별시,2,40473.46,31220.08,149.23,25
A14088201,서울특별시,2,40473.46,31220.08,149.69,28
A14088201,서울특별시,2,40473.46,31220.08,184.49,25
A14088201,서울특별시,2,40473.46,31220.08,184.51,27
A14088302,서울특별시,1,31420.96,18939.98,126.19,24
A14088302,서울특별시,1,31420.96,18939.98,143.59,24
A14088302,서울특별시,1,31420.96,18939.98,153.61,24
A14088302,서울특별시,1,31420.96,18939.98,159.77,24
A14088302,서울특별시,1,31420.96,18939.98,173.21,24
A14088302,서울특별시,1,31420.96,18939.98,257.9,1
A14088302,서울특별시,1,31420.96,18939.98,262.74,1
A14088302,서울특별시,1,31420.96,18939.98,266.46,1
A10021339,서울특별시,2,6450,6476.92,20.1,1
A10021339,서울특별시,2,6450,6476.92,24.76,1
A10021339,서울특별시,2,6450,6476.92,28.13,1
A10021339,서울특별시,2,6450,6476.92,28.3,1
A10021339,서울특별시,2,6450,6476.92,28.79,2
A10021339,서울특별시,2,6450,6476.92,29.16,1
A10021339,서울특별시,2,6450,6476.92,29.42,1
A10021339,서울특별시,2,6450,6476.92,29.45,2
A10021339,서울특별시,2,6450,6476.92,30.28,2
A10021339,서울특별시,2,6450,6476.92,30.94,2
A10021339,서울특별시,2,6450,6476.92,31.01,2
A10021339,서울특별시,2,6450,6476.92,31.47,2
A10021339,서울특별시,2,6450,6476.92,31.64,1
A10021339,서울특별시,2,6450,6476.92,31.7,2
A10021339,서울특별시,2,6450,6476.92,32.17,4
A10021339,서울특별시,2,6450,6476.92,32.73,2
A10021339,서울특별시,2,6450,6476.92,32.79,1
A10021339,서울특별시,2,6450,6476.92,33.45,2
A10021339,서울특별시,2,6450,6476.92,34.12,2
A10021339,서울특별시,2,6450,6476.92,35.47,1
A10021339,서울특별시,2,6450,6476.92,36.13,1
A10021339,서울특별시,2,6450,6476.92,36.79,2
A10021339,서울특별시,2,6450,6476.92,38.18,1
A10021339,서울특별시,2,6450,6476.92,39.38,1
A10021339,서울특별시,2,6450,6476.92,39.83,1
A10021339,서울특별시,2,6450,6476.92,39.87,1
A10021339,서울특별시,2,6450,6476.92,40.1,5
A10021339,서울특별시,2,6450,6476.92,40.36,1
A10021339,서울특별시,2,6450,6476.92,40.63,1
A10021339,서울특별시,2,6450,6476.92,40.79,1
A10021339,서울특별시,2,6450,6476.92,41.02,2
A10021339,서울특별시,2,6450,6476.92,41.06,1
A10021339,서울특별시,2,6450,6476.92,43.07,1
A10021339,서울특별시,2,6450,6476.92,43.74,2
A10021339,서울특별시,2,6450,6476.92,44.4,2
A10021339,서울특별시,2,6450,6476.92,44.43,2
A10021339,서울특별시,2,6450,6476.92,45.42,5
A10021339,서울특별시,2,6450,6476.92,46.18,1
A10021339,서울특별시,2,6450,6476.92,46.55,1
A10021339,서울특별시,2,6450,6476.92,47.24,2
A10021339,서울특별시,2,6450,6476.92,47.9,2
A10021339,서울특별시,2,6450,6476.92,48.69,1
A10021339,서울특별시,2,6450,6476.92,51.34,1
A10021339,서울특별시,2,6450,6476.92,51.74,2
A10021339,서울특별시,2,6450,6476.92,54.38,2
A10021339,서울특별시,2,6450,6476.92,54.71,1
A10021339,서울특별시,2,6450,6476.92,55.37,2
A10021339,서울특별시,2,6450,6476.92,55.57,1
A10021339,서울특별시,2,6450,6476.92,56.43,1
A10021339,서울특별시,2,6450,6476.92,57.12,2
A10021339,서울특별시,2,6450,6476.92,57.22,1
A10021339,서울특별시,2,6450,6476.92,60.43,5
A10021339,서울특별시,2,6450,6476.92,61.36,1
A10021339,서울특별시,2,6450,6476.92,61.69,1
A10021339,서울특별시,2,6450,6476.92,61.75,1
A10021339,서울특별시,2,6450,6476.92,61.82,1
A10021339,서울특별시,2,6450,6476.92,62.48,2
A10021339,서울특별시,2,6450,6476.92,64.26,5
A10021339,서울특별시,2,6450,6476.92,65.16,1
A10021339,서울특별시,2,6450,6476.92,65.26,1
A10021339,서울특별시,2,6450,6476.92,65.49,1
A10021339,서울특별시,2,6450,6476.92,66.22,1
A10021339,서울특별시,2,6450,6476.92,66.61,1
A10021339,서울특별시,2,6450,6476.92,66.81,2
A10021339,서울특별시,2,6450,6476.92,67.14,1
A10021339,서울특별시,2,6450,6476.92,67.21,1
A10021339,서울특별시,2,6450,6476.92,69.88,1
A10021339,서울특별시,2,6450,6476.92,70.18,1
A10021339,서울특별시,2,6450,6476.92,71.77,2
A10021339,서울특별시,2,6450,6476.92,73.85,1
A10021339,서울특별시,2,6450,6476.92,74.41,1
A10021339,서울특별시,2,6450,6476.92,75.07,2
A10021339,서울특별시,2,6450,6476.92,76.5,1
A10021339,서울특별시,2,6450,6476.92,77.16,1
A10021339,서울특별시,2,6450,6476.92,88.13,1
A10021339,서울특별시,2,6450,6476.92,115.54,1
A10021339,서울특별시,2,6450,6476.92,118.05,1
A10021339,서울특별시,2,6450,6476.92,118.55,1
A10021339,서울특별시,2,6450,6476.92,118.88,1
A10021339,서울특별시,2,6450,6476.92,140.93,1
A10021339,서울특별시,2,6450,6476.92,141.26,1
A10021637,서울특별시,1,12645.6,10419.83,56.38,2
A10021637,서울특별시,1,12645.6,10419.83,59.98,20
A10021637,서울특별시,1,12645.6,10419.83,76.07,16
A10021637,서울특별시,1,12645.6,10419.83,81.83,68
A10021637,서울특별시,1,12645.6,10419.83,91.37,3
A10021637,서울특별시,1,12645.6,10419.83,102.59,20
A10022228,서울특별시,2,30128.86,25288.96,197.22,52
A10022228,서울특별시,2,30128.86,25288.96,199.92,2
A10022228,서울특별시,2,30128.86,25288.96,203.76,32
A10022228,서울특별시,2,30128.86,25288.96,225.13,32
A10022228,서울특별시,2,30128.86,25288.96,227.3,4
A10023379,서울특별시,1,11656.251,9176.76,59.57,54
A10023379,서울특별시,1,11656.251,9176.76,84.7,1
A10023379,서울특별시,1,11656.251,9176.76,84.77,49
A10023379,서울특별시,1,11656.251,9176.76,114.77,15
A10025192,서울특별시,9,94150.42,78071.984,206.8953,174
A10025192,서울특별시,9,94150.42,78071.984,244.3478,114
A10025192,서울특별시,9,94150.42,78071.984,244.722,1
A10025192,서울특별시,9,94150.42,78071.984,244.7998,1
A10025192,서울특별시,9,94150.42,78071.984,244.822,6
A10025192,서울특별시,9,94150.42,78071.984,244.8529,2
A10025192,서울특별시,9,94150.42,78071.984,273.4125,21
A10025192,서울특별시,9,94150.42,78071.984,273.9424,22
A10027071,서울특별시,1,27473.322,14028.9375,45.717,15
A10027071,서울특별시,1,27473.322,14028.9375,46.2439,60
A10027071,서울특별시,1,27473.322,14028.9375,47.8105,15
A10027071,서울특별시,1,27473.322,14028.9375,48.4109,15
A10027071,서울특별시,1,27473.322,14028.9375,48.7897,15
A10027071,서울특별시,1,27473.322,14028.9375,49.087,15
A10027071,서울특별시,1,27473.322,14028.9375,49.5507,15
A10027071,서울특별시,1,27473.322,14028.9375,49.6243,15
A10027071,서울특별시,1,27473.322,14028.9375,49.6971,90
A10027071,서울특별시,1,27473.322,14028.9375,49.9061,15
A10027071,서울특별시,1,27473.322,14028.9375,77.7847,1
A10027071,서울특별시,1,27473.322,14028.9375,78.8463,1
A10027071,서울특별시,1,27473.322,14028.9375,90.1751,1
A10027071,서울특별시,1,27473.322,14028.9375,93.1642,1
A10027071,서울특별시,1,27473.322,14028.9375,93.9832,1
A10027071,서울특별시,1,27473.322,14028.9375,96.198,1
A10027071,서울특별시,1,27473.322,14028.9375,101.2465,1
A10027071,서울특별시,1,27473.322,14028.9375,101.3862,2
A10027071,서울특별시,1,27473.322,14028.9375,113.9509,1
A14021001,서울특별시,3,39890.81,21651.61,32.21,22
A14021001,서울특별시,3,39890.81,21651.61,37.53,121
A14021001,서울특별시,3,39890.81,21651.61,45.5,8
A14021001,서울특별시,3,39890.81,21651.61,51.08,13
A14021001,서울특별시,3,39890.81,21651.61,51.93,11
A14021001,서울특별시,3,39890.81,21651.61,54.95,8
A14021001,서울특별시,3,39890.81,21651.61,60.9,13
A14021001,서울특별시,3,39890.81,21651.61,62.94,1
A14021001,서울특별시,3,39890.81,21651.61,63.82,5
A14021001,서울특별시,3,39890.81,21651.61,72.06,78
A14021001,서울특별시,3,39890.81,21651.61,72.24,10
A14021001,서울특별시,3,39890.81,21651.61,72.66,20
A14021001,서울특별시,3,39890.81,21651.61,73.39,20
A14021001,서울특별시,3,39890.81,21651.61,74.02,1
A14021001,서울특별시,3,39890.81,21651.61,75.79,1
A14021001,서울특별시,3,39890.81,21651.61,80.95,1
A14021001,서울특별시,3,39890.81,21651.61,83.67,10
A14021001,서울특별시,3,39890.81,21651.61,84.64,10
A14021001,서울특별시,3,39890.81,21651.61,106.24,2
A14021001,서울특별시,3,39890.81,21651.61,106.45,10
A14021001,서울특별시,3,39890.81,21651.61,114.21,1
A14021001,서울특별시,3,39890.81,21651.61,122.12,2
A14021001,서울특별시,3,39890.81,21651.61,122.9,1
A14021001,서울특별시,3,39890.81,21651.61,126.49,2
A14077901,서울특별시,6,31934.146,31933.877,84.757,51
A14077901,서울특별시,6,31934.146,31933.877,84.785,40
A14077901,서울특별시,6,31934.146,31933.877,84.86,29
A14077901,서울특별시,6,31934.146,31933.877,127.2,25
A14077901,서울특별시,6,31934.146,31933.877,129.059,15
A14077901,서울특별시,6,31934.146,31933.877,130.445,27
A14077901,서울특별시,6,31934.146,31933.877,130.898,59
A14077901,서울특별시,6,31934.146,31933.877,131.913,10
A14077901,서울특별시,6,31934.146,31933.877,151.071,27
A14077902,서울특별시,32,112633.945,112633.945,59.686,102
A14077902,서울특별시,32,112633.945,112633.945,59.7,31
A14077902,서울특별시,32,112633.945,112633.945,177.764,36
A14077902,서울특별시,32,112633.945,112633.945,208.478,131
A14077902,서울특별시,32,112633.945,112633.945,212.524,3
A14077902,서울특별시,32,112633.945,112633.945,233.062,59
A14077902,서울특별시,32,112633.945,112633.945,235.312,145
A14077902,서울특별시,32,112633.945,112633.945,240.23,30
A14077902,서울특별시,32,112633.945,112633.945,240.305,24
A14077902,서울특별시,32,112633.945,112633.945,241.052,3
A14077902,서울특별시,32,112633.945,112633.945,243.201,12
A14077902,서울특별시,32,112633.945,112633.945,243.642,12
A14077902,서울특별시,32,112633.945,112633.945,244.749,6
A14077902,서울특별시,32,112633.945,112633.945,244.783,6
A10023858,서울특별시,7,32297.396,24126.742,39.438,18
A10023858,서울특별시,7,32297.396,24126.742,45.195,29
A10023858,서울특별시,7,32297.396,24126.742,45.6424,20
A10023858,서울특별시,7,32297.396,24126.742,59.7447,6
A10023858,서울특별시,7,32297.396,24126.742,59.7642,130
A10023858,서울특별시,7,32297.396,24126.742,59.8391,92
A10023858,서울특별시,7,32297.396,24126.742,84.9003,21
A10023858,서울특별시,7,32297.396,24126.742,84.9417,42
A10023858,서울특별시,7,32297.396,24126.742,84.9956,26
A10025533,서울특별시,7,44658.582,32779.36,38.1752,39
A10025533,서울특별시,7,44658.582,32779.36,40.0125,33
A10025533,서울특별시,7,44658.582,32779.36,50.0106,10
A10025533,서울특별시,7,44658.582,32779.36,59.79,80
A10025533,서울특별시,7,44658.582,32779.36,59.8677,24
A10025533,서울특별시,7,44658.582,32779.36,59.9525,74
A10025533,서울특별시,7,44658.582,32779.36,84.8757,18
A10025533,서울특별시,7,44658.582,32779.36,84.909,92
A10025533,서울특별시,7,44658.582,32779.36,84.9204,96
A10025533,서울특별시,7,44658.582,32779.36,110.1458,12
A10025898,서울특별시,3,19903.33,14876.98,59.95,16
A10025898,서울특별시,3,19903.33,14876.98,59.97,48
A10025898,서울특별시,3,19903.33,14876.98,59.98,17
A10025898,서울특별시,3,19903.33,14876.98,84.91,100
A10025898,서울특별시,3,19903.33,14876.98,84.92,18
A14074101,서울특별시,7,31257.63,24238.53,59.41,102
A14074101,서울특별시,7,31257.63,24238.53,59.47,21
A14074101,서울특별시,7,31257.63,24238.53,84.45,138
A14074101,서울특별시,7,31257.63,24238.53,114.69,46
A14074102,서울특별시,4,13302.66,10543.38,60.4,23
A14074102,서울특별시,4,13302.66,10543.38,66.25,1
A14074102,서울특별시,4,13302.66,10543.38,71.77,31
A14074102,서울특별시,4,13302.66,10543.38,72.26,1
A14074102,서울특별시,4,13302.66,10543.38,84.69,22
A14074102,서울특별시,4,13302.66,10543.38,112.41,18
A14074102,서울특별시,4,13302.66,10543.38,112.47,1
A14074102,서울특별시,4,13302.66,10543.38,121.38,22
A14074102,서울특별시,4,13302.66,10543.38,121.41,1
A14019001,서울특별시,5,14238,14228.28,62.18,1
A14019001,서울특별시,5,14238,14228.28,62.28,94
A14019001,서울특별시,5,14238,14228.28,62.74,16
A14019001,서울특별시,5,14238,14228.28,62.78,35
A14019001,서울특별시,5,14238,14228.28,62.89,1
A14019001,서울특별시,5,14238,14228.28,63.31,7
A14019001,서울특별시,5,14238,14228.28,63.44,30
A14019001,서울특별시,5,14238,14228.28,64.07,6
A14019001,서울특별시,5,14238,14228.28,64.26,30
A14019001,서울특별시,5,14238,14228.28,64.86,6
A10021288,서울특별시,1,12957.71,9503.45,64.63,13
A10021288,서울특별시,1,12957.71,9503.45,76.34,14
A10021288,서울특별시,1,12957.71,9503.45,79.05,1
A10021288,서울특별시,1,12957.71,9503.45,79.11,95
A10021391,서울특별시,1,13170.689,10789.62,59.99,39
A10021391,서울특별시,1,13170.689,10789.62,77.25,8
A10021391,서울특별시,1,13170.689,10789.62,82.94,17
A10021391,서울특별시,1,13170.689,10789.62,84.38,52
A10021391,서울특별시,1,13170.689,10789.62,84.72,15
A10021391,서울특별시,1,13170.689,10789.62,84.83,9
A10022512,서울특별시,1,5601.06,3058.36,17.89,90
A10022512,서울특별시,1,5601.06,3058.36,19.17,30
A10022512,서울특별시,1,5601.06,3058.36,19.69,12
A10022512,서울특별시,1,5601.06,3058.36,19.92,30
A10022512,서울특별시,1,5601.06,3058.36,39.28,1
A10023157,서울특별시,2,11911.58,9162.58,59.92,48
A10023157,서울특별시,2,11911.58,9162.58,84.92,38
A10023157,서울특별시,2,11911.58,9162.58,133.02,23
A10024128,서울특별시,2,17090.34,13730.88,105.33,1
A10024128,서울특별시,2,17090.34,13730.88,106.92,9
A10024128,서울특별시,2,17090.34,13730.88,107.61,13
A10024128,서울특별시,2,17090.34,13730.88,111.96,12
A10024128,서울특별시,2,17090.34,13730.88,113.02,8
A10024128,서울특별시,2,17090.34,13730.88,113.25,14
A10024128,서울특별시,2,17090.34,13730.88,116.32,14
A10024128,서울특별시,2,17090.34,13730.88,127.49,13
A10024128,서울특별시,2,17090.34,13730.88,148.77,13
A10024128,서울특별시,2,17090.34,13730.88,170.1,13
A12205001,서울특별시,2,20288.54,16487.61,59.595,98
A12205001,서울특별시,2,20288.54,16487.61,84.9,52
A12205001,서울특별시,2,20288.54,16487.61,124.65,50
A12271402,서울특별시,1,31911.268,19138.588,59.73,34
A12271402,서울특별시,1,31911.268,19138.588,84.997,18
A12271402,서울특별시,1,31911.268,19138.588,107.156,36
A12271402,서울특별시,1,31911.268,19138.588,134.715,87
A12281701,서울특별시,3,20887.426,16911.852,59.9793,14
A12281701,서울특별시,3,20887.426,16911.852,84.9462,94
A12281701,서울특별시,3,20887.426,16911.852,84.9729,56
A12281701,서울특별시,3,20887.426,16911.852,123.2858,27
A12281702,서울특별시,2,28648.016,21523.24,59.25,134
A12281702,서울특별시,2,28648.016,21523.24,84.87,77
A12281702,서울특별시,2,28648.016,21523.24,88.47,16
A12281702,서울특별시,2,28648.016,21523.24,109.33,23
A12281702,서울특별시,2,28648.016,21523.24,111.38,28
A12281801,서울특별시,1,14165.98,14165.98,39.96,57
A12281801,서울특별시,1,14165.98,14165.98,59.94,43
A12281801,서울특별시,1,14165.98,14165.98,84.93,46
A12281801,서울특별시,1,14165.98,14165.98,114.98,47
A10022261,서울특별시,2,11917.6,8643.942,44.2463,16
A10022261,서울특별시,2,11917.6,8643.942,59.2112,38
A10022261,서울특별시,2,11917.6,8643.942,59.6483,76
A10022261,서울특별시,2,11917.6,8643.942,72.0441,16
A10022339,서울특별시,2,14135.364,11201.304,59.886,16
A10022339,서울특별시,2,14135.364,11201.304,84.618,61
A10022339,서울특별시,2,14135.364,11201.304,110.415,30
A10022339,서울특별시,2,14135.364,11201.304,117.932,15
A10023734,서울특별시,1,11116.512,5498.32,17.6,130
A10023734,서울특별시,1,11116.512,5498.32,17.7,28
A10023734,서울특별시,1,11116.512,5498.32,33.87,16
A10023734,서울특별시,1,11116.512,5498.32,33.95,64
A12205003,서울특별시,3,35956.062,28144.604,59.887,33
A12205003,서울특별시,3,35956.062,28144.604,84.618,260
A12205003,서울특별시,3,35956.062,28144.604,122.578,34
A12205004,서울특별시,4,28334.87,28334.87,53.54,13
A12205004,서울특별시,4,28334.87,28334.87,59.94,158
A12205004,서울특별시,4,28334.87,28334.87,84.83,141
A12205004,서울특별시,4,28334.87,28334.87,114.95,54
A12276901,서울특별시,2,10057.928,6991.08,19.4,83
A12276901,서울특별시,2,10057.928,6991.08,29.55,50
A12276901,서울특별시,2,10057.928,6991.08,40.46,14
A12276901,서울특별시,2,10057.928,6991.08,59.5,37
A12276901,서울특별시,2,10057.928,6991.08,59.76,19
A12282102,서울특별시,6,21402,16389.03,59.97,24
A12282102,서울특별시,6,21402,16389.03,84.89,135
A12282102,서울특별시,6,21402,16389.03,116.32,30
A12282201,서울특별시,2,20459.55,16094.54,84.06,116
A12282201,서울특별시,2,20459.55,16094.54,84.75,13
A12282201,서울특별시,2,20459.55,16094.54,124.8,19
A12282201,서울특별시,2,20459.55,16094.54,124.81,23
A12282203,서울특별시,9,54418.42,44054.98,60.26,25
A12282203,서울특별시,9,54418.42,44054.98,84.69,265
A12282203,서울특별시,9,54418.42,44054.98,84.99,69
A12282203,서울특별시,9,54418.42,44054.98,122.77,116
A10024774,서울특별시,2,9295.1,9295.1,49.91,2
A10024774,서울특별시,2,9295.1,9295.1,59.84,9
A10024774,서울특별시,2,9295.1,9295.1,78.8,72
A10024774,서울특별시,2,9295.1,9295.1,106.54,28
A10025836,서울특별시,13,82015.76,60954.617,39.006,87
A10025836,서울특별시,13,82015.76,60954.617,40.02,76
A10025836,서울특별시,13,82015.76,60954.617,49.884,4
A10025836,서울특별시,13,82015.76,60954.617,49.948,8
A10025836,서울특별시,13,82015.76,60954.617,49.978,8
A10025836,서울특별시,13,82015.76,60954.617,50.009,19
A10025836,서울특별시,13,82015.76,60954.617,59.9,102
A10025836,서울특별시,13,82015.76,60954.617,59.938,348
A10025836,서울특별시,13,82015.76,60954.617,84.898,116
A10025836,서울특별시,13,82015.76,60954.617,84.9,180
A10025836,서울특별시,13,82015.76,60954.617,118.017,4
A10025846,서울특별시,20,126582.34,92094.91,38.28,111
A10025846,서울특별시,20,126582.34,92094.91,43.34,13
A10025846,서울특별시,20,126582.34,92094.91,43.74,70
A10025846,서울특별시,20,126582.34,92094.91,46.83,8
A10025846,서울특별시,20,126582.34,92094.91,47.31,18
A10025846,서울특별시,20,126582.34,92094.91,51.52,38
A10025846,서울특별시,20,126582.34,92094.91,59.92,40
A10025846,서울특별시,20,126582.34,92094.91,59.94,3
A10025846,서울특별시,20,126582.34,92094.91,59.98,213
A10025846,서울특별시,20,126582.34,92094.91,59.99,75
A10025846,서울특별시,20,126582.34,92094.91,84.93,102
A10025846,서울특별시,20,126582.34,92094.91,84.94,2
A10025846,서울특별시,20,126582.34,92094.91,84.95,520
A10025846,서울특별시,20,126582.34,92094.91,84.98,80
A10025846,서울특별시,20,126582.34,92094.91,114.99,12
A10027816,서울특별시,22,128596.49,97932,38.02,65
A10027816,서울특별시,22,128596.49,97932,40.93,72
A10027816,서울특별시,22,128596.49,97932,51.04,18
A10027816,서울특별시,22,128596.49,97932,59.99,172
A10027816,서울특별시,22,128596.49,97932,66.9,4
A10027816,서울특별시,22,128596.49,97932,84.99,724
A10027816,서울특별시,22,128596.49,97932,97.06,36
A10027816,서울특별시,22,128596.49,97932,114.98,139
A12283601,서울특별시,2,24500.04,18253.08,84.94,132
A12283601,서울특별시,2,24500.04,18253.08,117.35,60
A12283602,서울특별시,5,31237.15,22894.95,59.866,242
A12283602,서울특별시,5,31237.15,22894.95,84.923,99
A12283603,서울특별시,3,42238.02,33262.44,84.68,95
A12283603,서울특별시,3,42238.02,33262.44,84.94,237
A12283603,서울특별시,3,42238.02,33262.44,133.87,38
A10023467,서울특별시,4,72717.25,30280.715,17.7316,21
A10023467,서울특별시,4,72717.25,30280.715,20.2367,23
A10023467,서울특별시,4,72717.25,30280.715,21.9733,348
A10023467,서울특별시,4,72717.25,30280.715,24.2466,45
A10023467,서울특별시,4,72717.25,30280.715,36.2275,180
A10023467,서울특별시,4,72717.25,30280.715,36.2415,121
A10023467,서울특별시,4,72717.25,30280.715,36.4302,95
A10023467,서울특별시,4,72717.25,30280.715,38.9758,71
A10023467,서울특별시,4,72717.25,30280.715,48.9148,73
A12284501,서울특별시,2,34624.79,25505.45,59.4,240
A12284501,서울특별시,2,34624.79,25505.45,84.82,41
A12284501,서울특별시,2,34624.79,25505.45,84.83,41
A12284501,서울특별시,2,34624.79,25505.45,122.68,35
A10020749,서울특별시,1,13801.82,7022.22,17.02,80
A10020749,서울특별시,1,13801.82,7022.22,17.54,19
A10020749,서울특별시,1,13801.82,7022.22,17.65,100
A10020749,서울특별시,1,13801.82,7022.22,34.72,6
A10020749,서울특별시,1,13801.82,7022.22,35.14,32
A10020749,서울특별시,1,13801.82,7022.22,35.84,58
A10020749,서울특별시,1,13801.82,7022.22,36.39,2
A10020749,서울특별시,1,13801.82,7022.22,39.03,2
A10022158,서울특별시,1,10333.22,8111.13,59.7,53
A10022158,서울특별시,1,10333.22,8111.13,84.81,15
A10022158,서울특별시,1,10333.22,8111.13,114.84,32
A10022256,서울특별시,1,9702.28,7401.2,58.67,4
A10022256,서울특별시,1,9702.28,7401.2,59.87,36
A10022256,서울특별시,1,9702.28,7401.2,75.42,6
A10022256,서울특별시,1,9702.28,7401.2,84.42,54
A10022803,서울특별시,1,11534.243,5844.117,17.051,165
A10022803,서울특별시,1,11534.243,5844.117,17.46,27
A10022803,서울특별시,1,11534.243,5844.117,35.432,25
A10022803,서울특별시,1,11534.243,5844.117,35.606,47
A10026061,서울특별시,1,8677.75,8722.15,84.25,13
A10026061,서울특별시,1,8677.75,8722.15,84.71,75
A10026061,서울특별시,1,8677.75,8722.15,84.91,15
A10027569,서울특별시,1,6747.3,4517.31,30.73,147
A10028056,서울특별시,1,10358.8,7082.9,37.675,188
A12204001,서울특별시,2,12900,10016.95,59.69,95
A12204001,서울특별시,2,12900,10016.95,59.91,30
A12204001,서울특별시,2,12900,10016.95,84.97,30
A12204002,서울특별시,3,25277.432,19788.99,59.85,96
A12204002,서울특별시,3,25277.432,19788.99,73.72,2
A12204002,서울특별시,3,25277.432,19788.99,84.72,94
A12204002,서울특별시,3,25277.432,19788.99,84.84,47
A12204002,서울특별시,3,25277.432,19788.99,112.79,1
A12204002,서울특별시,3,25277.432,19788.99,114.5,16
A12204003,서울특별시,11,63983.375,47576.504,59.817,249
A12204003,서울특별시,11,63983.375,47576.504,84.369,89
A12204003,서울특별시,11,63983.375,47576.504,84.734,175
A12204003,서울특별시,11,63983.375,47576.504,114.942,90
A12204004,서울특별시,19,90668.06,90668.06,59.96,24
A12204004,서울특별시,19,90668.06,90668.06,59.99,530
A12204004,서울특별시,19,90668.06,90668.06,84.96,280
A12204004,서울특별시,19,90668.06,90668.06,84.97,40
A12204004,서울특별시,19,90668.06,90668.06,84.98,198
A12204004,서울특별시,19,90668.06,90668.06,115.41,86
A12204004,서울특별시,19,90668.06,90668.06,129.46,27
A12204005,서울특별시,1,7438.095,5078.7676,37.6205,135
A12204006,서울특별시,8,47157.31,35322.89,59.98,23
A12204006,서울특별시,8,47157.31,35322.89,59.99,272
A12204006,서울특별시,8,47157.31,35322.89,84.98,56
A12204006,서울특별시,8,47157.31,35322.89,84.99,95
A12204006,서울특별시,8,47157.31,35322.89,95.49,4
A12204006,서울특별시,8,47157.31,35322.89,114.99,34
A12204006,서울특별시,8,47157.31,35322.89,125.38,4
A12204102,서울특별시,15,71115.34,54503.47,59.9765,206
A12204102,서울특별시,15,71115.34,54503.47,84.9956,343
A12204102,서울특별시,15,71115.34,54503.47,114.9984,113
A12275201,서울특별시,9,52287.074,52285.44,59.9932,251
A12275201,서울특별시,9,52287.074,52285.44,84.9885,163
A12275201,서울특별시,9,52287.074,52285.44,84.9929,114
A12275201,서울특별시,9,52287.074,52285.44,114.9986,119
A12275202,서울특별시,15,99854.03,78306.29,59.981,166
A12275202,서울특별시,15,99854.03,78306.29,84.813,103
A12275202,서울특별시,15,99854.03,78306.29,84.891,93
A12275202,서울특별시,15,99854.03,78306.29,84.947,285
A12275202,서울특별시,15,99854.03,78306.29,84.986,18
A12275202,서울특별시,15,99854.03,78306.29,84.99,15
A12275202,서울특별시,15,99854.03,78306.29,114.844,46
A12275202,서울특별시,15,99854.03,78306.29,114.977,101
A12275202,서울특별시,15,99854.03,78306.29,141.979,55
A12284701,서울특별시,2,20079.6,15589.68,41.22,20
A12284701,서울특별시,2,20079.6,15589.68,59.97,50
A12284701,서울특별시,2,20079.6,15589.68,80.6,2
A12284701,서울특별시,2,20079.6,15589.68,84.64,48
A12284701,서울특별시,2,20079.6,15589.68,84.65,46
A12284701,서울특별시,2,20079.6,15589.68,114.03,32
A12285703,서울특별시,10,150359.44,109700,66.7,620
A12285703,서울특별시,10,150359.44,109700,84.65,540
A12285703,서울특별시,10,150359.44,109700,125.75,180
A10020526,서울특별시,2,22159.39,9164.392,59.9532,2
A10020526,서울특별시,2,22159.39,9164.392,59.9947,2
A10020526,서울특별시,2,22159.39,9164.392,84.9926,35
A10020526,서울특별시,2,22159.39,9164.392,84.9965,70
A10023076,서울특별시,21,132976.19,98880.28,39.97,218
A10023076,서울특별시,21,132976.19,98880.28,49.92,176
A10023076,서울특별시,21,132976.19,98880.28,53.95,75
A10023076,서울특별시,21,132976.19,98880.28,59.96,369
A10023076,서울특별시,21,132976.19,98880.28,59.97,40
A10023076,서울특별시,21,132976.19,98880.28,76.65,98
A10023076,서울특별시,21,132976.19,98880.28,84.94,60
A10023076,서울특별시,21,132976.19,98880.28,84.95,347
A10023076,서울특별시,21,132976.19,98880.28,102.74,67
A10023076,서울특별시,21,132976.19,98880.28,120.04,32
A10023079,서울특별시,15,116343.32,84479.47,39.62,88
A10023079,서울특별시,15,116343.32,84479.47,43.69,97
A10023079,서울특별시,15,116343.32,84479.47,59.64,65
A10023079,서울특별시,15,116343.32,84479.47,59.97,55
A10023079,서울특별시,15,116343.32,84479.47,59.98,218
A10023079,서울특별시,15,116343.32,84479.47,74.78,99
A10023079,서울특별시,15,116343.32,84479.47,74.84,164
A10023079,서울특별시,15,116343.32,84479.47,74.89,30
A10023079,서울특별시,15,116343.32,84479.47,84.94,93
A10023079,서울특별시,15,116343.32,84479.47,84.96,30
A10023079,서울특별시,15,116343.32,84479.47,84.97,183
A10023079,서울특별시,15,116343.32,84479.47,84.98,101
A10023126,서울특별시,8,62906.96,47086.26,39.9,49
A10023126,서울특별시,8,62906.96,47086.26,49.53,49
A10023126,서울특별시,8,62906.96,47086.26,59.9,210
A10023126,서울특별시,8,62906.96,47086.26,73.8,43
A10023126,서울특별시,8,62906.96,47086.26,73.99,30
A10023126,서울특별시,8,62906.96,47086.26,84.99,291
A10024086,서울특별시,6,63877.117,45605.996,38.7353,57
A10024086,서울특별시,6,63877.117,45605.996,41.7421,54
A10024086,서울특별시,6,63877.117,45605.996,59.9865,222
A10024086,서울특별시,6,63877.117,45605.996,84.9926,196
A10024086,서울특별시,6,63877.117,45605.996,84.9965,65
A10024086,서울특별시,6,63877.117,45605.996,112.8737,50
A10024828,서울특별시,15,115809.27,84056.95,39.83,122
A10024828,서울특별시,15,115809.27,84056.95,49.86,106
A10024828,서울특별시,15,115809.27,84056.95,59.96,393
A10024828,서울특별시,15,115809.27,84056.95,84.87,182
A10024828,서울특별시,15,115809.27,84056.95,84.93,211
A10024828,서울특별시,15,115809.27,84056.95,84.97,79
A10024828,서울특별시,15,115809.27,84056.95,99.93,50
A10024828,서울특별시,15,115809.27,84056.95,99.95,24
A10024828,서울특별시,15,115809.27,84056.95,114.95,25
A12209001,서울특별시,3,20013.37,15548.96,59.83,17
A12209001,서울특별시,3,20013.37,15548.96,59.97,63
A12209001,서울특별시,3,20013.37,15548.96,84.76,94
A12209001,서울특별시,3,20013.37,15548.96,126.65,22
A12275501,서울특별시,1,26424.58,32073.11,116.92,103
A12275501,서울특별시,1,26424.58,32073.11,123.67,57
A12275501,서울특별시,1,26424.58,32073.11,124.1,32
A12275501,서울특별시,1,26424.58,32073.11,134.91,52
A12275501,서울특별시,1,26424.58,32073.11,184.02,3
A12275501,서울특별시,1,26424.58,32073.11,205.96,5
A12275501,서울특별시,1,26424.58,32073.11,206.39,2
A12287202,서울특별시,6,26802.361,21168.012,57.5033,112
A12287202,서울특별시,6,26802.361,21168.012,78.2853,112
A12287202,서울특별시,6,26802.361,21168.012,106.423,56
A12287203,서울특별시,3,28675.2,15209.92,32.78,464
A12287204,서울특별시,12,108555.35,84543.47,59.895,256
A12287204,서울특별시,12,108555.35,84543.47,84.951,445
A12287204,서울특별시,12,108555.35,84543.47,114.18,260
A12287204,서울특별시,12,108555.35,84543.47,114.69,15
A10020045,서울특별시,2,19033.828,13088.463,49.8193,48
A10020045,서울특별시,2,19033.828,13088.463,49.9714,96
A10020045,서울특별시,2,19033.828,13088.463,49.999,118
A10021335,서울특별시,1,10928.07,8352.49,59.99,18
A10021335,서울특별시,1,10928.07,8352.49,77.75,8
A10021335,서울특별시,1,10928.07,8352.49,82.98,1
A10021335,서울특별시,1,10928.07,8352.49,83.07,27
A10021335,서울특별시,1,10928.07,8352.49,84.8,51
A10022090,서울특별시,1,11262.89,8648.34,55.44,14
A10022090,서울특별시,1,11262.89,8648.34,57.84,1
A10022090,서울특별시,1,11262.89,8648.34,58.59,10
A10022090,서울특별시,1,11262.89,8648.34,60.81,1
A10022090,서울특별시,1,11262.89,8648.34,62.7,23
A10022090,서울특별시,1,11262.89,8648.34,75.15,10
A10022090,서울특별시,1,11262.89,8648.34,77.46,5
A10022090,서울특별시,1,11262.89,8648.34,79.38,1
A10022090,서울특별시,1,11262.89,8648.34,84.24,15
A10022090,서울특별시,1,11262.89,8648.34,84.6,13
A10022090,서울특별시,1,11262.89,8648.34,86.55,13
A10022090,서울특별시,1,11262.89,8648.34,101.88,10
A10022477,서울특별시,3,16564.82,12716.01,84.99,115
A10022477,서울특별시,3,16564.82,12716.01,122.59,24
A10022590,서울특별시,1,11494.974,8406.3,59.94,50
A10022590,서울특별시,1,11494.974,8406.3,84.5,51
A10022590,서울특별시,1,11494.974,8406.3,84.6,13
A10025659,서울특별시,6,36190.06,26447.77,59.94,107
A10025659,서울특별시,6,36190.06,26447.77,59.99,16
A10025659,서울특별시,6,36190.06,26447.77,71.93,63
A10025659,서울특별시,6,36190.06,26447.77,71.99,94
A10025659,서울특별시,6,36190.06,26447.77,75.72,78
A10025659,서울특별시,6,36190.06,26447.77,84.97,12
A10025659,서울특별시,6,36190.06,26447.77,84.99,10
A12208001,서울특별시,6,18697.605,14980.224,70.26,10
A12208001,서울특별시,6,18697.605,14980.224,84.958,48
A12208001,서울특별시,6,18697.605,14980.224,84.997,120
A12208002,서울특별시,3,21009.1,16618.217,59.982,110
A12208002,서울특별시,3,21009.1,16618.217,83.5387,1
A12208002,서울특별시,3,21009.1,16618.217,84.9287,117
A12208101,서울특별시,1,15382,10592.28,59.94,86
A12208101,서울특별시,1,15382,10592.28,84.96,64
A12208102,서울특별시,2,25056,18529.08,49.76,38
A12208102,서울특별시,2,25056,18529.08,58.09,156
A12208102,서울특별시,2,25056,18529.08,59.96,16
A12208102,서울특별시,2,25056,18529.08,82.71,80
A12208103,서울특별시,7,23411.562,23800.32,59.76,120
A12208103,서울특별시,7,23411.562,23800.32,84.65,118
A12208103,서울특별시,7,23411.562,23800.32,114.49,58
A12208104,서울특별시,2,32165.293,23093.8,59.32,52
A12208104,서울특별시,2,32165.293,23093.8,59.78,18
A12208104,서울특별시,2,32165.293,23093.8,83.04,228
A12208105,서울특별시,3,42710.746,32235.4,84.83,380
A12208203,서울특별시,2,22134.24,16374.6,56.18,12
A12208203,서울특별시,2,22134.24,16374.6,61.32,140
A12208203,서울특별시,2,22134.24,16374.6,82.74,86
A12208204,서울특별시,5,47076.55,37457.89,84.17,431
A12208204,서울특별시,5,47076.55,37457.89,84.33,14
A12208205,서울특별시,5,55823.277,41245.8,63.53,315
A12208205,서울특별시,5,55823.277,41245.8,83.27,255
A12289401,서울특별시,2,19322.318,14098.14,84.42,167
A12289402,서울특별시,1,18261.15,12873.45,59.63,80
A12289402,서울특별시,1,18261.15,12873.45,59.67,15
A12289402,서울특별시,1,18261.15,12873.45,84.8,85
A10021056,서울특별시,8,66615.19,49470.727,46.9143,6
A10021056,서울특별시,8,66615.19,49470.727,59.9917,13
A10021056,서울특별시,8,66615.19,49470.727,59.9976,334
A10021056,서울특별시,8,66615.19,49470.727,59.9995,161
A10021056,서울특별시,8,66615.19,49470.727,70.6625,86
A10021056,서울특별시,8,66615.19,49470.727,70.8482,20
A10021056,서울특별시,8,66615.19,49470.727,84.9719,132
A12289501,서울특별시,7,43272.73,33965.97,59.78,10
A12289501,서울특별시,7,43272.73,33965.97,59.86,72
A12289501,서울특별시,7,43272.73,33965.97,84.84,30
A12289501,서울특별시,7,43272.73,33965.97,84.89,181
A12289501,서울특별시,7,43272.73,33965.97,84.99,36
A12289501,서울특별시,7,43272.73,33965.97,113.92,71
A10021263,서울특별시,1,14911.43,11567.615,74.895,23
A10021263,서울특별시,1,14911.43,11567.615,84.781,57
A10021263,서울특별시,1,14911.43,11567.615,110.718,21
A10021263,서울특별시,1,14911.43,11567.615,116.845,23
A10023994,서울특별시,8,34991.82,27181.12,59.71,28
A10023994,서울특별시,8,34991.82,27181.12,59.87,13
A10023994,서울특별시,8,34991.82,27181.12,59.98,84
A10023994,서울특별시,8,34991.82,27181.12,84.31,115
A10023994,서울특별시,8,34991.82,27181.12,84.72,118
A10024313,서울특별시,11,80974.17,60587.29,39.12,75
A10024313,서울특별시,11,80974.17,60587.29,41.5,45
A10024313,서울특별시,11,80974.17,60587.29,41.76,15
A10024313,서울특별시,11,80974.17,60587.29,51.68,42
A10024313,서울특별시,11,80974.17,60587.29,51.78,15
A10024313,서울특별시,11,80974.17,60587.29,59.99,228
A10024313,서울특별시,11,80974.17,60587.29,74.99,42
A10024313,서울특별시,11,80974.17,60587.29,76.99,7
A10024313,서울특별시,11,80974.17,60587.29,84.99,410
A10024831,서울특별시,32,235133.45,170569.1,39.95,189
A10024831,서울특별시,32,235133.45,170569.1,44.85,242
A10024831,서울특별시,32,235133.45,170569.1,59.64,38
A10024831,서울특별시,32,235133.45,170569.1,59.94,203
A10024831,서울특별시,32,235133.45,170569.1,59.96,708
A10024831,서울특별시,32,235133.45,170569.1,59.97,307
A10024831,서울특별시,32,235133.45,170569.1,84.92,156
A10024831,서울특별시,32,235133.45,170569.1,84.94,297
A10024831,서울특별시,32,235133.45,170569.1,84.97,108
A10024831,서울특별시,32,235133.45,170569.1,84.98,233
A10024831,서울특별시,32,235133.45,170569.1,99.76,46
A10024831,서울특별시,32,235133.45,170569.1,114.94,42
A10024947,서울특별시,9,68527.9,50187.18,39.1,60
A10024947,서울특별시,9,68527.9,50187.18,43.13,55
A10024947,서울특별시,9,68527.9,50187.18,50.74,42
A10024947,서울특별시,9,68527.9,50187.18,54.53,2
A10024947,서울특별시,9,68527.9,50187.18,54.54,1
A10024947,서울특별시,9,68527.9,50187.18,54.64,11
A10024947,서울특별시,9,68527.9,50187.18,54.75,1
A10024947,서울특별시,9,68527.9,50187.18,59.92,30
A10024947,서울특별시,9,68527.9,50187.18,59.93,163
A10024947,서울특별시,9,68527.9,50187.18,59.95,18
A10024947,서울특별시,9,68527.9,50187.18,59.97,30
A10024947,서울특별시,9,68527.9,50187.18,74.91,48
A10024947,서울특별시,9,68527.9,50187.18,74.94,96
A10024947,서울특별시,9,68527.9,50187.18,84.91,53
A10024947,서울특별시,9,68527.9,50187.18,84.99,148
A10024947,서울특별시,9,68527.9,50187.18,102.75,2
A10025310,서울특별시,11,120184.87,88341.79,36.082,80
A10025310,서울특별시,11,120184.87,88341.79,40.6525,104
A10025310,서울특별시,11,120184.87,88341.79,51.2483,42
A10025310,서울특별시,11,120184.87,88341.79,59.8545,304
A10025310,서울특별시,11,120184.87,88341.79,59.9335,228
A10025310,서울특별시,11,120184.87,88341.79,84.9039,499
A10025310,서울특별시,11,120184.87,88341.79,100.9852,48
A10025683,서울특별시,9,60933.02,46122.574,49.759,80
A10025683,서울특별시,9,60933.02,46122.574,55.885,14
A10025683,서울특별시,9,60933.02,46122.574,59.789,163
A10025683,서울특별시,9,60933.02,46122.574,59.905,164
A10025683,서울특별시,9,60933.02,46122.574,84.669,103
A10025683,서울특별시,9,60933.02,46122.574,84.779,51
A10025683,서울특별시,9,60933.02,46122.574,84.901,103
A10026834,서울특별시,13,96168.81,71910.74,59.98,397
A10026834,서울특별시,13,96168.81,71910.74,84.98,566
A12201001,서울특별시,2,23087.707,18999.73,59.66,40
A12201001,서울특별시,2,23087.707,18999.73,67.02,14
A12201001,서울특별시,2,23087.707,18999.73,84.92,82
A12201001,서울특별시,2,23087.707,18999.73,108.8,15
A12201001,서울특별시,2,23087.707,18999.73,128.33,10
A12201001,서울특별시,2,23087.707,18999.73,128.92,28
A12201001,서울특별시,2,23087.707,18999.73,145.77,15
A12201002,서울특별시,11,89165.36,68113.24,59.63,299
A12201002,서울특별시,11,89165.36,68113.24,59.85,45
A12201002,서울특별시,11,89165.36,68113.24,59.95,57
A12201002,서울특별시,11,89165.36,68113.24,84.23,4
A12201002,서울특별시,11,89165.36,68113.24,84.37,142
A12201002,서울특별시,11,89165.36,68113.24,84.49,40
A12201002,서울특별시,11,89165.36,68113.24,84.59,220
A12201002,서울특별시,11,89165.36,68113.24,114.29,3
A12201002,서울특별시,11,89165.36,68113.24,114.66,54
A12201002,서울특별시,11,89165.36,68113.24,114.9,29
A12201003,서울특별시,15,108820.38,83606.28,59.63,215
A12201003,서울특별시,15,108820.38,83606.28,59.85,69
A12201003,서울특별시,15,108820.38,83606.28,59.93,85
A12201003,서울특별시,15,108820.38,83606.28,59.95,14
A12201003,서울특별시,15,108820.38,83606.28,84.21,84
A12201003,서울특별시,15,108820.38,83606.28,84.37,90
A12201003,서울특별시,15,108820.38,83606.28,84.42,90
A12201003,서울특별시,15,108820.38,83606.28,84.49,56
A12201003,서울특별시,15,108820.38,83606.28,84.59,143
A12201003,서울특별시,15,108820.38,83606.28,114.66,56
A12201003,서울특별시,15,108820.38,83606.28,114.9,98
A12201003,서울특별시,15,108820.38,83606.28,141.04,28
A12201004,서울특별시,3,17322.76,17322.76,30.11,78
A12201004,서울특별시,3,17322.76,17322.76,30.69,142
A12201004,서울특별시,3,17322.76,17322.76,31.83,99
A12201004,서울특별시,3,17322.76,17322.76,31.91,113
A12201004,서울특별시,3,17322.76,17322.76,32.16,120
A12201005,서울특별시,6,27393.83,27393.83,39.87,29
A12201005,서울특별시,6,27393.83,27393.83,42.3,25
A12201005,서울특별시,6,27393.83,27393.83,59.26,6
A12201005,서울특별시,6,27393.83,27393.83,59.92,19
A12201005,서울특별시,6,27393.83,27393.83,59.97,26
A12201005,서울특별시,6,27393.83,27393.83,84.9,163
A12201005,서울특별시,6,27393.83,27393.83,84.97,38
A12201005,서울특별시,6,27393.83,27393.83,114.98,28
A12201005,서울특별시,6,27393.83,27393.83,114.99,16
A12201101,서울특별시,2,10858.26,10858.26,52.71,206
A12201102,서울특별시,5,28879.45,21620.21,22.88,1
A12201102,서울특별시,5,28879.45,21620.21,59.73,42
A12201102,서울특별시,5,28879.45,21620.21,59.82,108
A12201102,서울특별시,5,28879.45,21620.21,84.3,42
A12201102,서울특별시,5,28879.45,21620.21,84.93,107
A12201103,서울특별시,7,36124.93,29519.22,59.58,103
A12201103,서울특별시,7,36124.93,29519.22,84.2,204
A12201103,서울특별시,7,36124.93,29519.22,114.92,54
A12201301,서울특별시,2,15021.13,11090.32,59.36,63
A12201301,서울특별시,2,15021.13,11090.32,61.88,7
A12201301,서울특별시,2,15021.13,11090.32,63.86,10
A12201301,서울특별시,2,15021.13,11090.32,74.21,48
A12201301,서울특별시,2,15021.13,11090.32,84.9,32
A12290901,서울특별시,10,80032.4,61715.17,59.63,179
A12290901,서울특별시,10,80032.4,61715.17,59.87,45
A12290901,서울특별시,10,80032.4,61715.17,84.32,114
A12290901,서울특별시,10,80032.4,61715.17,84.43,121
A12290901,서울특별시,10,80032.4,61715.17,84.59,154
A12290901,서울특별시,10,80032.4,61715.17,114.34,3
A12290901,서울특별시,10,80032.4,61715.17,114.65,52
A12290901,서울특별시,10,80032.4,61715.17,114.71,26
A12290901,서울특별시,10,80032.4,61715.17,114.9,54
A12293002,서울특별시,4,32132.24,26337.38,64.62,90
A12293002,서울특별시,4,32132.24,26337.38,80.99,82
A12293002,서울특별시,4,32132.24,26337.38,115.67,120
A10022560,서울특별시,2,14162.45,11298.724,84.0555,15
A10022560,서울특별시,2,14162.45,11298.724,84.4215,46
A10022560,서울특별시,2,14162.45,11298.724,84.4994,15
A10022560,서울특별시,2,14162.45,11298.724,84.5399,14
A10022560,서울특별시,2,14162.45,11298.724,113.5731,21
A10022560,서울특별시,2,14162.45,11298.724,118.8957,10
A10022560,서울특별시,2,14162.45,11298.724,129.4601,1
A10023056,서울특별시,1,14592,11290.62,84.81,92
A10023056,서울특별시,1,14592,11290.62,116.27,30
A10023737,서울특별시,2,3085408.5,16609.73,32.78,1
A10023737,서울특별시,2,3085408.5,16609.73,43.39,1
A10023737,서울특별시,2,3085408.5,16609.73,44.99,1
A10023737,서울특별시,2,3085408.5,16609.73,47.68,2
A10023737,서울특별시,2,3085408.5,16609.73,52.19,3
A10023737,서울특별시,2,3085408.5,16609.73,54.21,1
A10023737,서울특별시,2,3085408.5,16609.73,56.27,1
A10023737,서울특별시,2,3085408.5,16609.73,56.89,1
A10023737,서울특별시,2,3085408.5,16609.73,61.71,1
A10023737,서울특별시,2,3085408.5,16609.73,62.57,2
A10023737,서울특별시,2,3085408.5,16609.73,64.06,1
A10023737,서울특별시,2,3085408.5,16609.73,64.72,3
A10023737,서울특별시,2,3085408.5,16609.73,66.46,2
A10023737,서울특별시,2,3085408.5,16609.73,69.18,1
A10023737,서울특별시,2,3085408.5,16609.73,70.48,3
A10023737,서울특별시,2,3085408.5,16609.73,75.04,2
A10023737,서울특별시,2,3085408.5,16609.73,75.64,3
A10023737,서울특별시,2,3085408.5,16609.73,78.03,1
A10023737,서울특별시,2,3085408.5,16609.73,80.37,3
A10023737,서울특별시,2,3085408.5,16609.73,86.01,1
A10023737,서울특별시,2,3085408.5,16609.73,97.29,3
A10023737,서울특별시,2,3085408.5,16609.73,103.37,3
A10023737,서울특별시,2,3085408.5,16609.73,104.37,4
A10023737,서울특별시,2,3085408.5,16609.73,108.52,29
A10023737,서울특별시,2,3085408.5,16609.73,113.03,1
A10023737,서울특별시,2,3085408.5,16609.73,113.66,25
A10023737,서울특별시,2,3085408.5,16609.73,115.61,29
A10023737,서울특별시,2,3085408.5,16609.73,117.43,1
A10023737,서울특별시,2,3085408.5,16609.73,128.41,1
A10023737,서울특별시,2,3085408.5,16609.73,135.58,24
A10023737,서울특별시,2,3085408.5,16609.73,225.35,1
A10023737,서울특별시,2,3085408.5,16609.73,229.64,1
A10023875,서울특별시,13,125829.48,93080.57,39.48,66
A10023875,서울특별시,13,125829.48,93080.57,39.66,32
A10023875,서울특별시,13,125829.48,93080.57,40.21,42
A10023875,서울특별시,13,125829.48,93080.57,50.57,24
A10023875,서울특별시,13,125829.48,93080.57,59.67,62
A10023875,서울특별시,13,125829.48,93080.57,59.96,12
A10023875,서울특별시,13,125829.48,93080.57,59.97,168
A10023875,서울특별시,13,125829.48,93080.57,74.78,37
A10023875,서울특별시,13,125829.48,93080.57,84.85,105
A10023875,서울특별시,13,125829.48,93080.57,84.88,117
A10023875,서울특별시,13,125829.48,93080.57,84.92,258
A10023875,서울특별시,13,125829.48,93080.57,84.96,219
A10023875,서울특별시,13,125829.48,93080.57,84.97,114
A10024581,서울특별시,1,13387.7,10110.48,84.92,19
A10024581,서울특별시,1,13387.7,10110.48,84.97,100
A10025969,서울특별시,1,9710.709,9710.709,80.931,83
A10025969,서울특별시,1,9710.709,9710.709,83.151,36
A12275801,서울특별시,1,,10110.48,84.92,19
A12275801,서울특별시,1,,10110.48,84.97,100
A12294102,서울특별시,3,34239.58,34239.58,59.91,184
A12294102,서울특별시,3,34239.58,34239.58,84.75,18
A12294102,서울특별시,3,34239.58,34239.58,84.76,5
A12294102,서울특별시,3,34239.58,34239.58,84.99,142
A12294102,서울특별시,3,34239.58,34239.58,114.97,58
A12294102,서울특별시,3,34239.58,34239.58,115,22
A10020576,서울특별시,15,88280.734,35878.28,59.986,84
A10020576,서울특별시,15,88280.734,35878.28,59.9884,16
A10020576,서울특별시,15,88280.734,35878.28,75.9614,4
A10020576,서울특별시,15,88280.734,35878.28,84.9638,15
A10020576,서울특별시,15,88280.734,35878.28,84.9754,8
A10020576,서울특별시,15,88280.734,35878.28,84.9832,103
A10020576,서울특별시,15,88280.734,35878.28,84.9922,222
A10022206,서울특별시,3,19088.34,8757.08,59.98,146
A10024123,서울특별시,3,18265.84,14618.91,101.92,11
A10024123,서울특별시,3,18265.84,14618.91,101.94,14
A10024123,서울특별시,3,18265.84,14618.91,101.95,44
A10024123,서울특별시,3,18265.84,14618.91,134.87,55
A10024123,서울특별시,3,18265.84,14618.91,166.98,1
A10025677,서울특별시,3,20287.361,14037.539,39.487,277
A10025677,서울특별시,3,20287.361,14037.539,39.624,30
A10025677,서울특별시,3,20287.361,14037.539,44.44,43
A10025765,서울특별시,3,42894.977,30519.654,84.3363,181
A10025765,서울특별시,3,42894.977,30519.654,84.7488,180
A10026376,서울특별시,2,12548.93,8514.05,59.92,60
A10026376,서울특별시,2,12548.93,8514.05,59.98,33
A10026376,서울특별시,2,12548.93,8514.05,59.99,49
A10026414,서울특별시,3,22370.639,8219.396,14.235,101
A10026414,서울특별시,3,22370.639,8219.396,19.685,10
A10026414,서울특별시,3,22370.639,8219.396,19.839,5
A10026414,서울특별시,3,22370.639,8219.396,45.034,72
A10026414,서울특별시,3,22370.639,8219.396,45.044,72
A10026842,서울특별시,12,23653.48,18583.672,84.289,48
A10026842,서울특별시,12,23653.48,18583.672,84.3116,48
A10026842,서울특별시,12,23653.48,18583.672,84.3634,48
A10026842,서울특별시,12,23653.48,18583.672,84.6897,14
A10026842,서울특별시,12,23653.48,18583.672,84.7311,48
A10026842,서울특별시,12,23653.48,18583.672,84.8371,7
A10026842,서울특별시,12,23653.48,18583.672,84.9703,7
A12220001,서울특별시,5,22026.6,17053.59,39.83,30
A12220001,서울특별시,5,22026.6,17053.59,39.99,5
A12220001,서울특별시,5,22026.6,17053.59,49.32,20
A12220001,서울특별시,5,22026.6,17053.59,49.69,5
A12220001,서울특별시,5,22026.6,17053.59,59.75,4
A12220001,서울특별시,5,22026.6,17053.59,59.83,1
A12220001,서울특별시,5,22026.6,17053.59,59.92,1
A12220001,서울특별시,5,22026.6,17053.59,59.94,6
A12220001,서울특별시,5,22026.6,17053.59,84.79,63
A12220001,서울특별시,5,22026.6,17053.59,84.97,13
A12220001,서울특별시,5,22026.6,17053.59,101.61,9
A12220001,서울특별시,5,22026.6,17053.59,101.78,9
A12220001,서울특별시,5,22026.6,17053.59,101.93,7
A12220001,서울특별시,5,22026.6,17053.59,101.97,3
A12220001,서울특별시,5,22026.6,17053.59,101.99,2
A12220001,서울특별시,5,22026.6,17053.59,134.67,1
A12220001,서울특별시,5,22026.6,17053.59,134.7,22
A12220001,서울특별시,5,22026.6,17053.59,134.82,1
A12220001,서울특별시,5,22026.6,17053.59,134.97,1
A12220001,서울특별시,5,22026.6,17053.59,167.47,5
A12220002,서울특별시,11,46625.69,37158.12,84.63,28
A12220002,서울특별시,11,46625.69,37158.12,101.82,26
A12220002,서울특별시,11,46625.69,37158.12,101.88,3
A12220002,서울특별시,11,46625.69,37158.12,101.89,1
A12220002,서울특별시,11,46625.69,37158.12,101.94,37
A12220002,서울특별시,11,46625.69,37158.12,134.67,5
A12220002,서울특별시,11,46625.69,37158.12,134.75,64
A12220002,서울특별시,11,46625.69,37158.12,134.87,3
A12220002,서울특별시,11,46625.69,37158.12,134.91,43
A12220002,서울특별시,11,46625.69,37158.12,134.96,70
A12220002,서울특별시,11,46625.69,37158.12,167.07,7
A12220002,서울특별시,11,46625.69,37158.12,167.27,5
A12220002,서울특별시,11,46625.69,37158.12,167.62,6
A12220003,서울특별시,9,30636.43,30636.43,39.83,21
A12220003,서울특별시,9,30636.43,30636.43,39.99,10
A12220003,서울특별시,9,30636.43,30636.43,59.21,13
A12220003,서울특별시,9,30636.43,30636.43,59.28,35
A12220003,서울특별시,9,30636.43,30636.43,59.8,4
A12220003,서울특별시,9,30636.43,30636.43,59.9,16
A12220003,서울특별시,9,30636.43,30636.43,59.91,6
A12220003,서울특별시,9,30636.43,30636.43,59.92,2
A12220003,서울특별시,9,30636.43,30636.43,59.93,31
A12220003,서울특별시,9,30636.43,30636.43,59.98,11
A12220003,서울특별시,9,30636.43,30636.43,84.27,7
A12220003,서울특별시,9,30636.43,30636.43,84.39,5
A12220003,서울특별시,9,30636.43,30636.43,84.42,14
A12220003,서울특별시,9,30636.43,30636.43,84.73,5
A12220003,서울특별시,9,30636.43,30636.43,84.77,2
A12220003,서울특별시,9,30636.43,30636.43,84.78,3
A12220003,서울특별시,9,30636.43,30636.43,84.79,23
A12220003,서울특별시,9,30636.43,30636.43,84.9,1
A12220003,서울특별시,9,30636.43,30636.43,84.92,1
A12220003,서울특별시,9,30636.43,30636.43,84.97,1
A12220003,서울특별시,9,30636.43,30636.43,101.61,11
A12220003,서울특별시,9,30636.43,30636.43,101.83,1
A12220003,서울특별시,9,30636.43,30636.43,101.84,1
A12220003,서울특별시,9,30636.43,30636.43,101.87,3
A12220003,서울특별시,9,30636.43,30636.43,101.93,5
A12220003,서울특별시,9,30636.43,30636.43,134.86,8
A12220003,서울특별시,9,30636.43,30636.43,134.89,10
A12220003,서울특별시,9,30636.43,30636.43,134.96,50
A12220003,서울특별시,9,30636.43,30636.43,134.97,2
A12220003,서울특별시,9,30636.43,30636.43,167.34,1
A12220003,서울특별시,9,30636.43,30636.43,167.46,2
A12220003,서울특별시,9,30636.43,30636.43,167.5,1
A12220003,서울특별시,9,30636.43,30636.43,167.62,4
A12220003,서울특별시,9,30636.43,30636.43,167.69,25
A12220004,서울특별시,10,55631.4,41086.03,39.83,64
A12220004,서울특별시,10,55631.4,41086.03,39.87,18
A12220004,서울특별시,10,55631.4,41086.03,39.94,84
A12220004,서울특별시,10,55631.4,41086.03,39.99,5
A12220004,서울특별시,10,55631.4,41086.03,59.8,7
A12220004,서울특별시,10,55631.4,41086.03,59.83,1
A12220004,서울특별시,10,55631.4,41086.03,59.92,1
A12220004,서울특별시,10,55631.4,41086.03,84.79,173
A12220004,서울특별시,10,55631.4,41086.03,84.83,38
A12220004,서울특별시,10,55631.4,41086.03,84.97,42
A12220004,서울특별시,10,55631.4,41086.03,101.46,5
A12220004,서울특별시,10,55631.4,41086.03,101.61,55
A12220004,서울특별시,10,55631.4,41086.03,101.76,37
A12220004,서울특별시,10,55631.4,41086.03,101.93,9
A12220004,서울특별시,10,55631.4,41086.03,101.99,4
A12220004,서울특별시,10,55631.4,41086.03,134.63,3
A12220004,서울특별시,10,55631.4,41086.03,134.97,5
A12220005,서울특별시,11,65598.8,48888.92,39.78,11
A12220005,서울특별시,11,65598.8,48888.92,39.79,6
A12220005,서울특별시,11,65598.8,48888.92,39.83,193
A12220005,서울특별시,11,65598.8,48888.92,39.87,6
A12220005,서울특별시,11,65598.8,48888.92,39.89,12
A12220005,서울특별시,11,65598.8,48888.92,39.94,66
A12220005,서울특별시,11,65598.8,48888.92,39.99,28
A12220005,서울특별시,11,65598.8,48888.92,49.32,50
A12220005,서울특별시,11,65598.8,48888.92,59.42,10
A12220005,서울특별시,11,65598.8,48888.92,59.8,18
A12220005,서울특별시,11,65598.8,48888.92,59.92,2
A12220005,서울특별시,11,65598.8,48888.92,59.93,1
A12220005,서울특별시,11,65598.8,48888.92,84.79,108
A12220005,서울특별시,11,65598.8,48888.92,84.84,37
A12220005,서울특별시,11,65598.8,48888.92,101.61,40
A12220005,서울특별시,11,65598.8,48888.92,101.83,5
A12220005,서울특별시,11,65598.8,48888.92,101.93,14
A12220005,서울특별시,11,65598.8,48888.92,134.26,67
A12220005,서울특별시,11,65598.8,48888.92,134.51,22
A12220005,서울특별시,11,65598.8,48888.92,134.82,6
A12220005,서울특별시,11,65598.8,48888.92,134.97,5
A41279901,서울특별시,13,48505.64,38846.87,84.63,16
A41279901,서울특별시,13,48505.64,38846.87,101.82,35
A41279901,서울특별시,13,48505.64,38846.87,101.88,3
A41279901,서울특별시,13,48505.64,38846.87,101.89,1
A41279901,서울특별시,13,48505.64,38846.87,101.94,73
A41279901,서울특별시,13,48505.64,38846.87,134.67,10
A41279901,서울특별시,13,48505.64,38846.87,134.75,18
A41279901,서울특별시,13,48505.64,38846.87,134.87,4
A41279901,서울특별시,13,48505.64,38846.87,134.91,36
A41279901,서울특별시,13,48505.64,38846.87,134.96,16
A41279901,서울특별시,13,48505.64,38846.87,167.07,2
A41279901,서울특별시,13,48505.64,38846.87,167.27,4
A41279901,서울특별시,13,48505.64,38846.87,167.46,6
A41279901,서울특별시,13,48505.64,38846.87,167.62,4
A41279901,서울특별시,13,48505.64,38846.87,167.69,72
A41279902,서울특별시,8,38908.27,29398,39.83,30
A41279902,서울특별시,8,38908.27,29398,39.99,4
A41279902,서울특별시,8,38908.27,29398,59.8,67
A41279902,서울특별시,8,38908.27,29398,59.85,10
A41279902,서울특별시,8,38908.27,29398,59.9,3
A41279902,서울특별시,8,38908.27,29398,59.91,4
A41279902,서울특별시,8,38908.27,29398,59.92,1
A41279902,서울특별시,8,38908.27,29398,59.94,7
A41279902,서울특별시,8,38908.27,29398,59.97,6
A41279902,서울특별시,8,38908.27,29398,59.98,7
A41279902,서울특별시,8,38908.27,29398,84.42,10
A41279902,서울특별시,8,38908.27,29398,84.48,1
A41279902,서울특별시,8,38908.27,29398,84.78,1
A41279902,서울특별시,8,38908.27,29398,84.79,27
A41279902,서울특별시,8,38908.27,29398,84.87,1
A41279902,서울특별시,8,38908.27,29398,84.9,1
A41279902,서울특별시,8,38908.27,29398,84.91,4
A41279902,서울특별시,8,38908.27,29398,84.92,1
A41279902,서울특별시,8,38908.27,29398,84.94,6
A41279902,서울특별시,8,38908.27,29398,84.97,1
A41279902,서울특별시,8,38908.27,29398,84.98,3
A41279902,서울특별시,8,38908.27,29398,101.61,11
A41279902,서울특별시,8,38908.27,29398,101.87,2
A41279902,서울특별시,8,38908.27,29398,101.91,1
A41279902,서울특별시,8,38908.27,29398,101.93,6
A41279902,서울특별시,8,38908.27,29398,134.63,5
A41279902,서울특별시,8,38908.27,29398,134.95,13
A41279902,서울특별시,8,38908.27,29398,134.96,50
A41279902,서울특별시,8,38908.27,29398,134.97,2
A41279902,서울특별시,8,38908.27,29398,167.41,2
A41279902,서울특별시,8,38908.27,29398,167.46,2
A41279902,서울특별시,8,38908.27,29398,167.62,4
A41279902,서울특별시,8,38908.27,29398,167.69,25
A41279903,서울특별시,9,42333.914,31911.25,39.83,33
A41279903,서울특별시,9,42333.914,31911.25,39.99,5
A41279903,서울특별시,9,42333.914,31911.25,49.32,20
A41279903,서울특별시,9,42333.914,31911.25,49.69,5
A41279903,서울특별시,9,42333.914,31911.25,59.75,4
A41279903,서울특별시,9,42333.914,31911.25,59.83,1
A41279903,서울특별시,9,42333.914,31911.25,59.9,11
A41279903,서울특별시,9,42333.914,31911.25,59.92,1
A41279903,서울특별시,9,42333.914,31911.25,59.94,7
A41279903,서울특별시,9,42333.914,31911.25,84.78,2
A41279903,서울특별시,9,42333.914,31911.25,84.79,101
A41279903,서울특별시,9,42333.914,31911.25,84.84,8
A41279903,서울특별시,9,42333.914,31911.25,84.95,37
A41279903,서울특별시,9,42333.914,31911.25,84.97,20
A41279903,서울특별시,9,42333.914,31911.25,101.61,56
A41279903,서울특별시,9,42333.914,31911.25,101.78,8
A41279903,서울특별시,9,42333.914,31911.25,101.82,3
A41279903,서울특별시,9,42333.914,31911.25,101.83,1
A41279903,서울특별시,9,42333.914,31911.25,101.93,14
A41279903,서울특별시,9,42333.914,31911.25,101.97,12
A41279903,서울특별시,9,42333.914,31911.25,101.99,3
A41279903,서울특별시,9,42333.914,31911.25,134.67,3
A41279903,서울특별시,9,42333.914,31911.25,134.7,14
A41279903,서울특별시,9,42333.914,31911.25,134.82,1
A41279903,서울특별시,9,42333.914,31911.25,134.97,5
A41279903,서울특별시,9,42333.914,31911.25,167.47,3
A41279904,서울특별시,7,26762,26981.89,49.32,145
A41279904,서울특별시,7,26762,26981.89,49.69,24
A41279904,서울특별시,7,26762,26981.89,59.7,3
A41279904,서울특별시,7,26762,26981.89,59.75,23
A41279904,서울특별시,7,26762,26981.89,84.79,98
A41279904,서울특별시,7,26762,26981.89,84.84,8
A41279904,서울특별시,7,26762,26981.89,101.61,60
A41279904,서울특별시,7,26762,26981.89,101.83,1
A41279904,서울특별시,7,26762,26981.89,101.93,12
A41279904,서울특별시,7,26762,26981.89,134.97,5
A41279905,서울특별시,4,30458.367,22368.5,59.8,60
A41279905,서울특별시,4,30458.367,22368.5,59.81,8
A41279905,서울특별시,4,30458.367,22368.5,84.42,12
A41279905,서울특별시,4,30458.367,22368.5,84.79,39
A41279905,서울특별시,4,30458.367,22368.5,84.83,11
A41279905,서울특별시,4,30458.367,22368.5,84.86,6
A41279905,서울특별시,4,30458.367,22368.5,84.87,1
A41279905,서울특별시,4,30458.367,22368.5,84.93,11
A41279905,서울특별시,4,30458.367,22368.5,84.97,25
A41279905,서울특별시,4,30458.367,22368.5,84.99,4
A41279905,서울특별시,4,30458.367,22368.5,101.87,3
A41279905,서울특별시,4,30458.367,22368.5,101.89,2
A41279905,서울특별시,4,30458.367,22368.5,101.92,2
A41279905,서울특별시,4,30458.367,22368.5,101.93,7
A41279905,서울특별시,4,30458.367,22368.5,101.98,1
A41279905,서울특별시,4,30458.367,22368.5,101.99,1
A41279905,서울특별시,4,30458.367,22368.5,134.91,19
A41279905,서울특별시,4,30458.367,22368.5,167.46,2
A41279905,서울특별시,4,30458.367,22368.5,167.69,25
A41279905,서울특별시,4,30458.367,22368.5,167.7,2
A41279908,서울특별시,3,31707.133,23482.24,59.8,60
A41279908,서울특별시,3,31707.133,23482.24,59.81,8
A41279908,서울특별시,3,31707.133,23482.24,59.99,1
A41279908,서울특별시,3,31707.133,23482.24,84.42,5
A41279908,서울특별시,3,31707.133,23482.24,84.79,49
A41279908,서울특별시,3,31707.133,23482.24,84.83,21
A41279908,서울특별시,3,31707.133,23482.24,84.86,6
A41279908,서울특별시,3,31707.133,23482.24,84.87,1
A41279908,서울특별시,3,31707.133,23482.24,84.93,16
A41279908,서울특별시,3,31707.133,23482.24,84.97,25
A41279908,서울특별시,3,31707.133,23482.24,101.46,3
A41279908,서울특별시,3,31707.133,23482.24,101.87,2
A41279908,서울특별시,3,31707.133,23482.24,101.89,1
A41279908,서울특별시,3,31707.133,23482.24,101.93,8
A41279908,서울특별시,3,31707.133,23482.24,101.98,1
A41279908,서울특별시,3,31707.133,23482.24,101.99,1
A41279908,서울특별시,3,31707.133,23482.24,134.91,18
A41279908,서울특별시,3,31707.133,23482.24,167.46,2
A41279908,서울특별시,3,31707.133,23482.24,167.69,25
A41279908,서울특별시,3,31707.133,23482.24,167.7,2
A41279909,서울특별시,4,22677.428,18271.19,101.76,108
A41279909,서울특별시,4,22677.428,18271.19,134.59,1
A41279909,서울특별시,4,22677.428,18271.19,134.84,53
A41279910,서울특별시,16,93975.586,71377.19,39.72,127
A41279910,서울특별시,16,93975.586,71377.19,49.74,37
A41279910,서울특별시,16,93975.586,71377.19,59.63,28
A41279910,서울특별시,16,93975.586,71377.19,59.82,14
A41279910,서울특별시,16,93975.586,71377.19,59.85,178
A41279910,서울특별시,16,93975.586,71377.19,59.87,25
A41279910,서울특별시,16,93975.586,71377.19,84.49,108
A41279910,서울특별시,16,93975.586,71377.19,84.72,166
A41279910,서울특별시,16,93975.586,71377.19,84.85,60
A41279910,서울특별시,16,93975.586,71377.19,101.76,140
A41279910,서울특별시,16,93975.586,71377.19,101.83,40
A41279910,서울특별시,16,93975.586,71377.19,134.84,24
A41279911,서울특별시,14,61990.918,46854.69,39.72,121
A41279911,서울특별시,14,61990.918,46854.69,49.74,74
A41279911,서울특별시,14,61990.918,46854.69,59.85,80
A41279911,서울특별시,14,61990.918,46854.69,84.49,173
A41279911,서울특별시,14,61990.918,46854.69,84.72,192
A41279911,서울특별시,14,61990.918,46854.69,134.84,20
A41279912,서울특별시,13,64475,64649.97,59.14,8
A41279912,서울특별시,13,64475,64649.97,59.36,47
A41279912,서울특별시,13,64475,64649.97,59.37,122
A41279912,서울특별시,13,64475,64649.97,59.71,8
A41279912,서울특별시,13,64475,64649.97,84.02,3
A41279912,서울특별시,13,64475,64649.97,84.04,161
A41279912,서울특별시,13,64475,64649.97,84.15,3
A41279912,서울특별시,13,64475,64649.97,84.16,36
A41279912,서울특별시,13,64475,64649.97,84.17,40
A41279912,서울특별시,13,64475,64649.97,84.22,2
A41279912,서울특별시,13,64475,64649.97,84.27,30
A41279912,서울특별시,13,64475,64649.97,84.82,2
A41279912,서울특별시,13,64475,64649.97,101.43,2
A41279912,서울특별시,13,64475,64649.97,101.83,12
A41279912,서울특별시,13,64475,64649.97,134.05,2
A41279912,서울특별시,13,64475,64649.97,134.96,49
A41279912,서울특별시,13,64475,64649.97,167.13,2
A41279912,서울특별시,13,64475,64649.97,167.14,130
A41279913,서울특별시,9,41720,41936.28,39.18,102
A41279913,서울특별시,9,41720,41936.28,84.04,43
A41279913,서울특별시,9,41720,41936.28,84.17,30
A41279913,서울특별시,9,41720,41936.28,84.34,14
A41279913,서울특별시,9,41720,41936.28,84.35,10
A41279913,서울특별시,9,41720,41936.28,84.53,72
A41279913,서울특별시,9,41720,41936.28,84.62,53
A41279913,서울특별시,9,41720,41936.28,84.92,12
A41279913,서울특별시,9,41720,41936.28,134.26,26
A41279913,서울특별시,9,41720,41936.28,134.77,26
A41279913,서울특별시,9,41720,41936.28,134.96,73
A41279913,서울특별시,9,41720,41936.28,167.49,8
A41279914,서울특별시,13,67676.28,40492.59,49.01,46
A41279914,서울특별시,13,67676.28,40492.59,59.14,23
A41279914,서울특별시,13,67676.28,40492.59,59.36,22
A41279914,서울특별시,13,67676.28,40492.59,59.37,26
A41279914,서울특별시,13,67676.28,40492.59,84.02,2
A41279914,서울특별시,13,67676.28,40492.59,84.04,129
A41279914,서울특별시,13,67676.28,40492.59,84.14,14
A41279914,서울특별시,13,67676.28,40492.59,84.15,3
A41279914,서울특별시,13,67676.28,40492.59,84.16,4
A41279914,서울특별시,13,67676.28,40492.59,101.43,1
A41279914,서울특별시,13,67676.28,40492.59,101.81,50
A41279914,서울특별시,13,67676.28,40492.59,101.83,3
A41279914,서울특별시,13,67676.28,40492.59,101.98,35
A41279914,서울특별시,13,67676.28,40492.59,133.79,2
A41279914,서울특별시,13,67676.28,40492.59,134.96,14
A41279914,서울특별시,13,67676.28,40492.59,167.13,2
A41279914,서울특별시,13,67676.28,40492.59,167.14,58
A41279915,서울특별시,14,45228.277,44908.49,84.43,26
A41279915,서울특별시,14,45228.277,44908.49,84.49,54
A41279915,서울특별시,14,45228.277,44908.49,84.51,104
A41279915,서울특별시,14,45228.277,44908.49,84.54,26
A41279915,서울특별시,14,45228.277,44908.49,84.69,28
A41279915,서울특별시,14,45228.277,44908.49,84.79,18
A41279915,서울특별시,14,45228.277,44908.49,84.96,9
A41279915,서울특별시,14,45228.277,44908.49,101.49,4
A41279915,서울특별시,14,45228.277,44908.49,101.53,60
A41279915,서울특별시,14,45228.277,44908.49,101.96,1
A41279915,서울특별시,14,45228.277,44908.49,101.97,2
A41279915,서울특별시,14,45228.277,44908.49,101.99,2
A41279915,서울특별시,14,45228.277,44908.49,134.43,92
A41279915,서울특별시,14,45228.277,44908.49,134.45,2
A41279915,서울특별시,14,45228.277,44908.49,134.56,4
A41279915,서울특별시,14,45228.277,44908.49,134.57,4
A41279915,서울특별시,14,45228.277,44908.49,134.66,4
A41279915,서울특별시,14,45228.277,44908.49,134.79,3
A41279915,서울특별시,14,45228.277,44908.49,167.58,4
A41279915,서울특별시,14,45228.277,44908.49,167.64,1
A41279916,서울특별시,5,38944.37,27987.4,59.14,26
A41279916,서울특별시,5,38944.37,27987.4,59.36,18
A41279916,서울특별시,5,38944.37,27987.4,59.37,74
A41279916,서울특별시,5,38944.37,27987.4,59.71,4
A41279916,서울특별시,5,38944.37,27987.4,59.89,23
A41279916,서울특별시,5,38944.37,27987.4,59.92,34
A41279916,서울특별시,5,38944.37,27987.4,59.94,20
A41279916,서울특별시,5,38944.37,27987.4,84.02,1
A41279916,서울특별시,5,38944.37,27987.4,84.04,78
A41279916,서울특별시,5,38944.37,27987.4,84.16,4
A41279916,서울특별시,5,38944.37,27987.4,84.22,1
A41279916,서울특별시,5,38944.37,27987.4,84.27,30
A41279916,서울특별시,5,38944.37,27987.4,84.38,2
A41279916,서울특별시,5,38944.37,27987.4,84.51,46
A41279916,서울특별시,5,38944.37,27987.4,84.82,2
A41279916,서울특별시,5,38944.37,27987.4,84.85,4
A41279916,서울특별시,5,38944.37,27987.4,84.9,7
A41279916,서울특별시,5,38944.37,27987.4,101.43,1
A41279916,서울특별시,5,38944.37,27987.4,101.83,8
A41279916,서울특별시,5,38944.37,27987.4,101.84,2
A41279916,서울특별시,5,38944.37,27987.4,134.05,2
A41279917,서울특별시,11,35065.91,35065.91,84.43,33
A41279917,서울특별시,11,35065.91,35065.91,84.51,101
A41279917,서울특별시,11,35065.91,35065.91,84.54,33
A41279917,서울특별시,11,35065.91,35065.91,84.69,12
A41279917,서울특별시,11,35065.91,35065.91,84.71,17
A41279917,서울특별시,11,35065.91,35065.91,84.82,2
A41279917,서울특별시,11,35065.91,35065.91,84.83,2
A41279917,서울특별시,11,35065.91,35065.91,84.86,1
A41279917,서울특별시,11,35065.91,35065.91,84.95,2
A41279917,서울특별시,11,35065.91,35065.91,84.96,11
A41279917,서울특별시,11,35065.91,35065.91,101.42,68
A41279917,서울특별시,11,35065.91,35065.91,101.49,3
A41279917,서울특별시,11,35065.91,35065.91,101.84,2
A41279917,서울특별시,11,35065.91,35065.91,101.97,2
A41279917,서울특별시,11,35065.91,35065.91,101.99,2
A41279917,서울특별시,11,35065.91,35065.91,134.43,26
A41279917,서울특별시,11,35065.91,35065.91,134.45,3
A41279917,서울특별시,11,35065.91,35065.91,134.57,5
A41279917,서울특별시,11,35065.91,35065.91,134.61,3
A41279917,서울특별시,11,35065.91,35065.91,167.25,24
A41279917,서울특별시,11,35065.91,35065.91,167.58,1
A41279918,서울특별시,22,68639.06,55983.77,84.43,22
A41279918,서울특별시,22,68639.06,55983.77,84.51,42
A41279918,서울특별시,22,68639.06,55983.77,84.54,22
A41279918,서울특별시,22,68639.06,55983.77,84.69,10
A41279918,서울특별시,22,68639.06,55983.77,84.87,9
A41279918,서울특별시,22,68639.06,55983.77,101.49,54
A41279918,서울특별시,22,68639.06,55983.77,101.53,74
A41279918,서울특별시,22,68639.06,55983.77,101.57,1
A41279918,서울특별시,22,68639.06,55983.77,101.95,10
A41279918,서울특별시,22,68639.06,55983.77,101.97,2
A41279918,서울특별시,22,68639.06,55983.77,101.99,2
A41279918,서울특별시,22,68639.06,55983.77,134.39,10
A41279918,서울특별시,22,68639.06,55983.77,134.43,74
A41279918,서울특별시,22,68639.06,55983.77,134.45,2
A41279918,서울특별시,22,68639.06,55983.77,134.46,4
A41279918,서울특별시,22,68639.06,55983.77,134.48,8
A41279918,서울특별시,22,68639.06,55983.77,134.51,8
A41279918,서울특별시,22,68639.06,55983.77,134.56,2
A41279918,서울특별시,22,68639.06,55983.77,134.57,1
A41279918,서울특별시,22,68639.06,55983.77,134.63,25
A41279918,서울특별시,22,68639.06,55983.77,134.66,2
A41279918,서울특별시,22,68639.06,55983.77,134.71,7
A41279918,서울특별시,22,68639.06,55983.77,134.75,4
A41279918,서울특별시,22,68639.06,55983.77,134.79,1
A41279918,서울특별시,22,68639.06,55983.77,134.84,2
A41279918,서울특별시,22,68639.06,55983.77,167.25,5
A41279918,서울특별시,22,68639.06,55983.77,167.52,5
A41279918,서울특별시,22,68639.06,55983.77,167.58,3
A41279918,서울특별시,22,68639.06,55983.77,167.64,1
A41279918,서울특별시,22,68639.06,55983.77,167.71,30
A41279918,서울특별시,22,68639.06,55983.77,167.74,5
A41279918,서울특별시,22,68639.06,55983.77,167.75,20
A41279918,서울특별시,22,68639.06,55983.77,167.76,5
A41279920,서울특별시,13,66532.66,54120.84,84.83,42
A41279920,서울특별시,13,66532.66,54120.84,84.84,110
A41279920,서울특별시,13,66532.66,54120.84,84.96,18
A41279920,서울특별시,13,66532.66,54120.84,84.98,20
A41279920,서울특별시,13,66532.66,54120.84,101.8,28
A41279920,서울특별시,13,66532.66,54120.84,101.92,54
A41279920,서울특별시,13,66532.66,54120.84,101.99,50
A41279920,서울특별시,13,66532.66,54120.84,134.83,76
A41279920,서울특별시,13,66532.66,54120.84,134.87,12
A41279920,서울특별시,13,66532.66,54120.84,166.75,56
A41279920,서울특별시,13,66532.66,54120.84,166.98,20
A41279921,서울특별시,15,98172.1,77068.37,39.92,30
A41279921,서울특별시,15,98172.1,77068.37,39.96,86
A41279921,서울특별시,15,98172.1,77068.37,49.89,30
A41279921,서울특별시,15,98172.1,77068.37,59.86,56
A41279921,서울특별시,15,98172.1,77068.37,59.87,24
A41279921,서울특별시,15,98172.1,77068.37,59.91,25
A41279921,서울특별시,15,98172.1,77068.37,59.96,12
A41279921,서울특별시,15,98172.1,77068.37,59.97,20
A41279921,서울특별시,15,98172.1,77068.37,84.84,368
A41279921,서울특별시,15,98172.1,77068.37,84.91,129
A41279921,서울특별시,15,98172.1,77068.37,84.92,5
A41279921,서울특별시,15,98172.1,77068.37,84.93,129
A41279921,서울특별시,15,98172.1,77068.37,84.96,56
A41279921,서울특별시,15,98172.1,77068.37,84.98,52
A41279922,서울특별시,8,23155.95,18293.04,84.74,6
A41279922,서울특별시,8,23155.95,18293.04,84.89,42
A41279922,서울특별시,8,23155.95,18293.04,101.73,6
A41279922,서울특별시,8,23155.95,18293.04,101.83,38
A41279922,서울특별시,8,23155.95,18293.04,101.9,42
A41279922,서울특별시,8,23155.95,18293.04,101.97,2
A41279922,서울특별시,8,23155.95,18293.04,134.19,2
A41279922,서울특별시,8,23155.95,18293.04,134.74,19
A41279922,서울특별시,8,23155.95,18293.04,134.84,18
A41279923,서울특별시,13,42443.09,33660.1,84.74,14
A41279923,서울특별시,13,42443.09,33660.1,84.89,72
A41279923,서울특별시,13,42443.09,33660.1,101.78,15
A41279923,서울특별시,13,42443.09,33660.1,101.83,136
A41279923,서울특별시,13,42443.09,33660.1,101.9,47
A41279923,서울특별시,13,42443.09,33660.1,134.19,6
A41279923,서울특별시,13,42443.09,33660.1,134.74,18
A41279923,서울특별시,13,42443.09,33660.1,134.76,2
A41279923,서울특별시,13,42443.09,33660.1,134.84,20
A41279924,서울특별시,15,88789.55,71816.96,101.9,64
A41279924,서울특별시,15,88789.55,71816.96,101.92,18
A41279924,서울특별시,15,88789.55,71816.96,101.93,64
A41279924,서울특별시,15,88789.55,71816.96,101.94,64
A41279924,서울특별시,15,88789.55,71816.96,101.95,65
A41279924,서울특별시,15,88789.55,71816.96,101.97,64
A41279924,서울특별시,15,88789.55,71816.96,134.87,46
A41279924,서울특별시,15,88789.55,71816.96,166.96,99
A41279924,서울특별시,15,88789.55,71816.96,166.97,3
A41279924,서울특별시,15,88789.55,71816.96,166.98,84
A41279925,서울특별시,7,23273.83,18313.23,84.74,16
A41279925,서울특별시,7,23273.83,18313.23,84.89,80
A41279925,서울특별시,7,23273.83,18313.23,101.85,9
A41279925,서울특별시,7,23273.83,18313.23,101.9,59
A41279925,서울특별시,7,23273.83,18313.23,101.97,4
A41279925,서울특별시,7,23273.83,18313.23,134.74,20
A41279925,서울특별시,7,23273.83,18313.23,134.76,1
A41279926,서울특별시,3,18454.36,14786.9,101.94,27
A41279926,서울특별시,3,18454.36,14786.9,101.95,41
A41279926,서울특별시,3,18454.36,14786.9,134.87,57
A41279926,서울특별시,3,18454.36,14786.9,166.98,1
A41279927,서울특별시,9,45307.24,36093.3,84.78,53
A41279927,서울특별시,9,45307.24,36093.3,84.8,45
A41279927,서울특별시,9,45307.24,36093.3,84.85,30
A41279927,서울특별시,9,45307.24,36093.3,101.82,3
A41279927,서울특별시,9,45307.24,36093.3,101.84,104
A41279927,서울특별시,9,45307.24,36093.3,101.9,10
A41279927,서울특별시,9,45307.24,36093.3,134.43,6
A41279927,서울특별시,9,45307.24,36093.3,134.56,3
A41279927,서울특별시,9,45307.24,36093.3,134.65,1
A41279927,서울특별시,9,45307.24,36093.3,134.73,19
A41279927,서울특별시,9,45307.24,36093.3,134.88,3
A41279927,서울특별시,9,45307.24,36093.3,134.9,20
A41279927,서울특별시,9,45307.24,36093.3,166.19,38
A41279928,서울특별시,10,43887.97,33445.89,59.98,97
A41279928,서울특별시,10,43887.97,33445.89,84.69,127
A41279928,서울특별시,10,43887.97,33445.89,84.78,185
A41279928,서울특별시,10,43887.97,33445.89,84.85,14
A41279929,서울특별시,14,47692.87,37163.39,84.74,11
A41279929,서울특별시,14,47692.87,37163.39,84.87,20
A41279929,서울특별시,14,47692.87,37163.39,84.89,235
A41279929,서울특별시,14,47692.87,37163.39,84.97,56
A41279929,서울특별시,14,47692.87,37163.39,101.73,8
A41279929,서울특별시,14,47692.87,37163.39,101.87,2
A41279929,서울특별시,14,47692.87,37163.39,101.9,60
A41279929,서울특별시,14,47692.87,37163.39,134.74,20
A41279930,서울특별시,7,33638.82,25233.78,84.95,102
A41279930,서울특별시,7,33638.82,25233.78,84.96,92
A41279930,서울특별시,7,33638.82,25233.78,84.97,38
A41279930,서울특별시,7,33638.82,25233.78,84.98,65
A41279931,서울특별시,9,71236.39,52500.66,39.83,78
A41279931,서울특별시,9,71236.39,52500.66,59.98,33
A41279931,서울특별시,9,71236.39,52500.66,59.99,143
A41279931,서울특별시,9,71236.39,52500.66,84.69,64
A41279931,서울특별시,9,71236.39,52500.66,84.78,215
A41279931,서울특별시,9,71236.39,52500.66,84.85,179
A41279932,서울특별시,10,34106.113,34113.7,59.78,21
A41279932,서울특별시,10,34106.113,34113.7,59.88,60
A41279932,서울특별시,10,34106.113,34113.7,84.6,19
A41279932,서울특별시,10,34106.113,34113.7,84.73,8
A41279932,서울특별시,10,34106.113,34113.7,84.78,115
A41279932,서울특별시,10,34106.113,34113.7,84.82,86
A41279932,서울특별시,10,34106.113,34113.7,84.84,2
A41279932,서울특별시,10,34106.113,34113.7,84.88,22
A41279932,서울특별시,10,34106.113,34113.7,84.89,8
A41279932,서울특별시,10,34106.113,34113.7,84.94,85
A10026940,서울특별시,3,10915.78,7375.6157,33.982,16
A10026940,서울특별시,3,10915.78,7375.6157,37.2635,91
A10026940,서울특별시,3,10915.78,7375.6157,45.879,75
A10021355,서울특별시,9,13652.1,11795.73,84.72,69
A10021355,서울특별시,9,13652.1,11795.73,125.89,12
A10021355,서울특별시,9,13652.1,11795.73,134.41,21
A10021355,서울특별시,9,13652.1,11795.73,134.73,12
A10024669,서울특별시,9,15873.915,13112.37,84.84,78
A10024669,서울특별시,9,15873.915,13112.37,144.33,45
A10020992,서울특별시,1,12664.71,12948.48,63.47,1
A10020992,서울특별시,1,12664.71,12948.48,65.92,21
A10020992,서울특별시,1,12664.71,12948.48,68.89,5
A10020992,서울특별시,1,12664.71,12948.48,69.06,2
A10020992,서울특별시,1,12664.71,12948.48,69.12,1
A10020992,서울특별시,1,12664.71,12948.48,69.42,6
A10020992,서울특별시,1,12664.71,12948.48,70.61,23
A10020992,서울특별시,1,12664.71,12948.48,72.4,2
A10020992,서울특별시,1,12664.71,12948.48,72.46,1
A10020992,서울특별시,1,12664.71,12948.48,73.59,12
A10020992,서울특별시,1,12664.71,12948.48,73.65,2
A10020992,서울특별시,1,12664.71,12948.48,73.75,1
A10020992,서울특별시,1,12664.71,12948.48,73.82,4
A10020992,서울특별시,1,12664.71,12948.48,73.88,2
A10020992,서울특별시,1,12664.71,12948.48,77.22,9
A10020992,서울특별시,1,12664.71,12948.48,80.5,1
A10020992,서울특별시,1,12664.71,12948.48,100.26,10
A10020992,서울특별시,1,12664.71,12948.48,101.22,4
A10020992,서울특별시,1,12664.71,12948.48,102.71,1
A10020992,서울특별시,1,12664.71,12948.48,103.24,3
A10020992,서울특별시,1,12664.71,12948.48,103.4,1
A10020992,서울특별시,1,12664.71,12948.48,103.54,1
A10020992,서울특별시,1,12664.71,12948.48,104.1,1
A10020992,서울특별시,1,12664.71,12948.48,104.2,2
A10020992,서울특별시,1,12664.71,12948.48,104.46,1
A10020992,서울특별시,1,12664.71,12948.48,105.92,2
A10020992,서울특별시,1,12664.71,12948.48,106.21,2
A10020992,서울특별시,1,12664.71,12948.48,107.17,8
A10020992,서울특별시,1,12664.71,12948.48,108.89,5
A10020992,서울특별시,1,12664.71,12948.48,110.15,9
A10020992,서울특별시,1,12664.71,12948.48,113.12,1
A10020992,서울특별시,1,12664.71,12948.48,118.55,1
A10020992,서울특별시,1,12664.71,12948.48,145.42,1
A10020992,서울특별시,1,12664.71,12948.48,166.18,1
A10020992,서울특별시,1,12664.71,12948.48,170.12,1
A10020992,서울특별시,1,12664.71,12948.48,393.92,1
A10021295,서울특별시,1,27557.1,16020.9,124.17,75
A10021295,서울특별시,1,27557.1,16020.9,145.96,15
A10021295,서울특별시,1,27557.1,16020.9,150.48,15
A10021295,서울특별시,1,27557.1,16020.9,150.77,15
A10021652,서울특별시,1,34454.14,18805.07,103.77,27
A10021652,서울특별시,1,34454.14,18805.07,117.26,30
A10021652,서울특별시,1,34454.14,18805.07,146.33,27
A10021652,서울특별시,1,34454.14,18805.07,146.39,28
A10021652,서울특별시,1,34454.14,18805.07,147.62,15
A10021652,서울특별시,1,34454.14,18805.07,148.09,15
A11007001,서울특별시,1,38391.6,22444.8,123.13,15
A11007001,서울특별시,1,38391.6,22444.8,124.17,15
A11007001,서울특별시,1,38391.6,22444.8,149,30
A11007001,서울특별시,1,38391.6,22444.8,150.48,60
A11007001,서울특별시,1,38391.6,22444.8,174.55,30
A11052201,서울특별시,3,37016.4,37008.6,84.8,78
A11052201,서울특별시,3,37016.4,37008.6,84.9,358
A11076701,서울특별시,1,15894.85,8819.68,44.37,10
A11076701,서울특별시,1,15894.85,8819.68,47.43,46
A11076701,서울특별시,1,15894.85,8819.68,50.49,28
A11076701,서울특별시,1,15894.85,8819.68,59.36,6
A11076701,서울특별시,1,15894.85,8819.68,61.13,6
A11076701,서울특별시,1,15894.85,8819.68,65.78,14
A11076701,서울특별시,1,15894.85,8819.68,88.74,2
A11076701,서울특별시,1,15894.85,8819.68,94.86,10
A11076701,서울특별시,1,15894.85,8819.68,115.05,7
A11076701,서울특별시,1,15894.85,8819.68,172.17,7
A10025710,서울특별시,4,20843.215,15308.364,59.6737,71
A10025710,서울특별시,4,20843.215,15308.364,84.8792,100
A10025710,서울특별시,4,20843.215,15308.364,104.445,12
A10025710,서울특별시,4,20843.215,15308.364,110.856,12
A10027708,서울특별시,5,14952,15009.015,84.0283,14
A10027708,서울특별시,5,14952,15009.015,84.0284,32
A10027708,서울특별시,5,14952,15009.015,84.068,13
A10027708,서울특별시,5,14952,15009.015,84.2395,15
A10027708,서울특별시,5,14952,15009.015,84.2427,14
A10027708,서울특별시,5,14952,15009.015,84.3367,1
A10027708,서울특별시,5,14952,15009.015,84.4541,13
A10027708,서울특별시,5,14952,15009.015,84.4924,16
A10027708,서울특별시,5,14952,15009.015,84.748,14
A10027708,서울특별시,5,14952,15009.015,84.9775,2
A10027708,서울특별시,5,14952,15009.015,112.4381,2
A10027708,서울특별시,5,14952,15009.015,112.5301,17
A10027708,서울특별시,5,14952,15009.015,112.8144,14
A11008001,서울특별시,2,33638,18111.5,32.93,550
A11081302,서울특별시,17,98164.195,76071.59,59.993,34
A11081302,서울특별시,17,98164.195,76071.59,84.858,549
A11081302,서울특별시,17,98164.195,76071.59,114.931,195
A11081302,서울특별시,17,98164.195,76071.59,157.289,32
A11081503,서울특별시,12,110217.97,85748.08,60,207
A11081503,서울특별시,12,110217.97,85748.08,74.6,1
A11081503,서울특별시,12,110217.97,85748.08,84.92,454
A11081503,서울특별시,12,110217.97,85748.08,114.9,302
A10024713,서울특별시,1,10082.688,8630.63,62.2,5
A10024713,서울특별시,1,10082.688,8630.63,63.26,5
A10024713,서울특별시,1,10082.688,8630.63,70.83,5
A10024713,서울특별시,1,10082.688,8630.63,77.75,3
A10024713,서울특별시,1,10082.688,8630.63,78.75,45
A10024713,서울특별시,1,10082.688,8630.63,80.85,39
A10024713,서울특별시,1,10082.688,8630.63,93.53,1
A10024713,서울특별시,1,10082.688,8630.63,93.6,4
A10024713,서울특별시,1,10082.688,8630.63,125.55,2
A11055002,서울특별시,6,29725.568,22574.07,59.9426,128
A11055002,서울특별시,6,29725.568,22574.07,84.9478,116
A11055002,서울특별시,6,29725.568,22574.07,114.7153,44
A11087601,서울특별시,2,27273.4,21679.35,84.95,110
A11087601,서울특별시,2,27273.4,21679.35,111.73,55
A11087601,서울특별시,2,27273.4,21679.35,112.54,55
A11087602,서울특별시,6,41882.56,32968.72,59.92,180
A11087602,서울특별시,6,41882.56,32968.72,84.92,164
A11087602,서울특별시,6,41882.56,32968.72,114.67,72
A11005401,서울특별시,6,94981.45,94981.45,68.18,2
A11005401,서울특별시,6,94981.45,94981.45,70.8,26
A11005401,서울특별시,6,94981.45,94981.45,86.85,1
A11005401,서울특별시,6,94981.45,94981.45,91.35,2
A11005401,서울특별시,6,94981.45,94981.45,94.28,26
A11005401,서울특별시,6,94981.45,94981.45,94.51,145
A11005401,서울특별시,6,94981.45,94981.45,95.88,22
A11005401,서울특별시,6,94981.45,94981.45,97.61,13
A11005401,서울특별시,6,94981.45,94981.45,107.91,2
A11005401,서울특별시,6,94981.45,94981.45,108.07,18
A11005401,서울특별시,6,94981.45,94981.45,108.55,28
A11005401,서울특별시,6,94981.45,94981.45,121.37,26
A11005401,서울특별시,6,94981.45,94981.45,126.34,22
A11005401,서울특별시,6,94981.45,94981.45,131.44,28
A11005401,서울특별시,6,94981.45,94981.45,132.57,2
A11005401,서울특별시,6,94981.45,94981.45,135.92,1
A11005401,서울특별시,6,94981.45,94981.45,136.4,26
A11005401,서울특별시,6,94981.45,94981.45,136.71,1
A11005401,서울특별시,6,94981.45,94981.45,144.52,24
A11005401,서울특별시,6,94981.45,94981.45,145.53,1
A11005401,서울특별시,6,94981.45,94981.45,146.92,54
A11005401,서울특별시,6,94981.45,94981.45,147.31,28
A11005401,서울특별시,6,94981.45,94981.45,150.4,16
A11005401,서울특별시,6,94981.45,94981.45,151.81,52
A11005401,서울특별시,6,94981.45,94981.45,153.42,22
A11005401,서울특별시,6,94981.45,94981.45,158.99,52
A11005401,서울특별시,6,94981.45,94981.45,159.01,53
A11005401,서울특별시,6,94981.45,94981.45,160.85,28
A11005401,서울특별시,6,94981.45,94981.45,162.14,2
A11005401,서울특별시,6,94981.45,94981.45,163.33,21
A11034001,서울특별시,1,22846.92,13245.16,28.1,17
A11034001,서울특별시,1,22846.92,13245.16,36.08,21
A11034001,서울특별시,1,22846.92,13245.16,39.9,7
A11034001,서울특별시,1,22846.92,13245.16,43.98,21
A11034001,서울특별시,1,22846.92,13245.16,45.5,36
A11034001,서울특별시,1,22846.92,13245.16,46.64,62
A11034001,서울특별시,1,22846.92,13245.16,48.54,116
A11034001,서울특별시,1,22846.92,13245.16,58.78,11
A11041001,서울특별시,2,36383.08,28511.84,84.64,48
A11041001,서울특별시,2,36383.08,28511.84,84.7,46
A11041001,서울특별시,2,36383.08,28511.84,84.98,46
A11041001,서울특별시,2,36383.08,28511.84,92.81,48
A11041001,서울특별시,2,36383.08,28511.84,98.39,48
A11041001,서울특별시,2,36383.08,28511.84,103.62,2
A11041001,서울특별시,2,36383.08,28511.84,106.81,46
A11041001,서울특별시,2,36383.08,28511.84,141.04,4
A11041001,서울특별시,2,36383.08,28511.84,169.86,4
A11041001,서울특별시,2,36383.08,28511.84,178.73,2
A11041001,서울특별시,2,36383.08,28511.84,186.17,4
A10021626,서울특별시,1,10441.94,10448.34,68.06,16
A10021626,서울특별시,1,10441.94,10448.34,84.5,65
A10021626,서울특별시,1,10441.94,10448.34,120.84,32
A11054101,서울특별시,3,51641.68,37643.86,0,1
A11054101,서울특별시,3,51641.68,37643.86,59.95,288
A11054101,서울특별시,3,51641.68,37643.86,84.9,239
A11054101,서울특별시,3,51641.68,37643.86,87.16,1
A11054301,서울특별시,5,58720.11,43751.28,54.7,201
A11054301,서울특별시,5,58720.11,43751.28,79.87,306
A11054301,서울특별시,5,58720.11,43751.28,106.62,78
A11077101,서울특별시,7,94112.04,71145.81,54.7,156
A11077101,서울특별시,7,94112.04,71145.81,64.66,284
A11077101,서울특별시,7,94112.04,71145.81,79.87,283
A11077101,서울특별시,7,94112.04,71145.81,106.62,112
A11077101,서울특별시,7,94112.04,71145.81,115.53,84
A10023586,서울특별시,1,14427.91,14427.91,63.09,26
A10023586,서울특별시,1,14427.91,14427.91,76.82,39
A10023586,서울특별시,1,14427.91,14427.91,76.83,12
A10023586,서울특별시,1,14427.91,14427.91,84.95,51
A10023586,서울특별시,1,14427.91,14427.91,84.96,13
A10023586,서울특별시,1,14427.91,14427.91,84.97,39
A10023586,서울특별시,1,14427.91,14427.91,118.87,1
A10027105,서울특별시,8,60080.2,45326.984,59.4712,22
A10027105,서울특별시,8,60080.2,45326.984,59.7547,48
A10027105,서울특별시,8,60080.2,45326.984,59.8547,97
A10027105,서울특별시,8,60080.2,45326.984,59.9425,22
A10027105,서울특별시,8,60080.2,45326.984,77.6543,38
A10027105,서울특별시,8,60080.2,45326.984,77.9737,14
A10027105,서울특별시,8,60080.2,45326.984,84.614,113
A10027105,서울특별시,8,60080.2,45326.984,84.8359,184
A10027105,서울특별시,8,60080.2,45326.984,84.9443,36
A10027105,서울특별시,8,60080.2,45326.984,116.9383,15
A10021278,서울특별시,1,44648.887,24182.516,184.907,3
A10021278,서울특별시,1,44648.887,24182.516,190.743,20
A10021278,서울특별시,1,44648.887,24182.516,191.725,5
A10021278,서울특별시,1,44648.887,24182.516,200.165,5
A10021278,서울특별시,1,44648.887,24182.516,200.331,5
A10021278,서울특별시,1,44648.887,24182.516,215.052,4
A10021278,서울특별시,1,44648.887,24182.516,215.146,6
A10021278,서울특별시,1,44648.887,24182.516,219.775,30
A10021278,서울특별시,1,44648.887,24182.516,225.857,5
A10021278,서울특별시,1,44648.887,24182.516,238.858,8
A10021278,서울특별시,1,44648.887,24182.516,239.484,12
A10021278,서울특별시,1,44648.887,24182.516,242.758,5
A10021278,서울특별시,1,44648.887,24182.516,244.937,4
A10021787,서울특별시,9,18270.72,13118.5,39.67,72
A10021787,서울특별시,9,18270.72,13118.5,49.57,90
A10021787,서울특별시,9,18270.72,13118.5,56.32,103
A10024780,서울특별시,6,14271.6,14271.6,84.95,168
A11001203,서울특별시,2,19199.84,12751.81,59.95,2
A11001203,서울특별시,2,19199.84,12751.81,59.97,86
A11001203,서울특별시,2,19199.84,12751.81,84.93,75
A11001203,서울특별시,2,19199.84,12751.81,84.98,13
A11084601,서울특별시,3,21191.12,16342.94,84.21,24
A11084601,서울특별시,3,21191.12,16342.94,84.82,12
A11084601,서울특별시,3,21191.12,16342.94,87.27,14
A11084601,서울특별시,3,21191.12,16342.94,91.06,14
A11084601,서울특별시,3,21191.12,16342.94,110.53,64
A11084601,서울특별시,3,21191.12,16342.94,133.34,28
A10026946,서울특별시,5,48302.676,21034.105,39.0561,232
A10026946,서울특별시,5,48302.676,21034.105,42.1289,136
A10026946,서울특별시,5,48302.676,21034.105,44.026,68
A10026946,서울특별시,5,48302.676,21034.105,54.1632,60
A10027118,서울특별시,14,130419.016,98892.22,59.8547,76
A10027118,서울특별시,14,130419.016,98892.22,59.8655,23
A10027118,서울특별시,14,130419.016,98892.22,59.895,52
A10027118,서울특별시,14,130419.016,98892.22,77.9737,19
A10027118,서울특별시,14,130419.016,98892.22,84.5527,4
A10027118,서울특별시,14,130419.016,98892.22,84.614,176
A10027118,서울특별시,14,130419.016,98892.22,84.8359,342
A10027118,서울특별시,14,130419.016,98892.22,84.9071,76
A10027118,서울특별시,14,130419.016,98892.22,84.9339,15
A10027118,서울특별시,14,130419.016,98892.22,84.9443,99
A10027118,서울특별시,14,130419.016,98892.22,84.9895,51
A10027118,서울특별시,14,130419.016,98892.22,101.8976,12
A10027118,서울특별시,14,130419.016,98892.22,101.9702,4
A10027118,서울특별시,14,130419.016,98892.22,101.9914,114
A10027118,서울특별시,14,130419.016,98892.22,116.8444,2
A10027118,서울특별시,14,130419.016,98892.22,116.9383,20
A10027118,서울특별시,14,130419.016,98892.22,116.9862,42
A10027118,서울특별시,14,130419.016,98892.22,138.6533,21
A10027162,서울특별시,1,3777.7683,2705.2634,14.1832,8
A10027162,서울특별시,1,3777.7683,2705.2634,14.4835,8
A10027162,서울특별시,1,3777.7683,2705.2634,14.6825,13
A10027162,서울특별시,1,3777.7683,2705.2634,15.879,12
A10027162,서울특별시,1,3777.7683,2705.2634,16.672,48
A10027162,서울특별시,1,3777.7683,2705.2634,18.274,12
A10027162,서울특별시,1,3777.7683,2705.2634,18.505,12
A10027162,서울특별시,1,3777.7683,2705.2634,18.7352,5
A10027162,서울특별시,1,3777.7683,2705.2634,20.3861,12
A10027162,서울특별시,1,3777.7683,2705.2634,20.5523,8
A10027162,서울특별시,1,3777.7683,2705.2634,22.0584,11
A10027162,서울특별시,1,3777.7683,2705.2634,35.8451,3
A10020414,서울특별시,1,2638.22,2638.22,14.21,174
A10020414,서울특별시,1,2638.22,2638.22,20.71,8
A10080701,서울특별시,4,20210.97,15380.337,84.9566,58
A10080701,서울특별시,4,20210.97,15380.337,84.9581,13
A10080701,서울특별시,4,20210.97,15380.337,84.9788,13
A10080701,서울특별시,4,20210.97,15380.337,84.9846,13
A10080701,서울특별시,4,20210.97,15380.337,84.9866,84
A10026517,서울특별시,4,21339.629,16178.659,71.9832,58
A10026517,서울특별시,4,21339.629,16178.659,84.9728,36
A10026517,서울특별시,4,21339.629,16178.659,84.9774,101
A10026517,서울특별시,4,21339.629,16178.659,84.9845,2
A10026517,서울특별시,4,21339.629,16178.659,95.963,2
A10026881,서울특별시,14,125964.29,91299.44,39.9541,149
A10026881,서울특별시,14,125964.29,91299.44,45.1156,12
A10026881,서울특별시,14,125964.29,91299.44,47.4739,67
A10026881,서울특별시,14,125964.29,91299.44,59.943,278
A10026881,서울특별시,14,125964.29,91299.44,59.9707,43
A10026881,서울특별시,14,125964.29,91299.44,59.9808,92
A10026881,서울특별시,14,125964.29,91299.44,72.8899,42
A10026881,서울특별시,14,125964.29,91299.44,72.9733,97
A10026881,서울특별시,14,125964.29,91299.44,72.9932,25
A10026881,서울특별시,14,125964.29,91299.44,72.9965,62
A10026881,서울특별시,14,125964.29,91299.44,84.972,301
A10026881,서울특별시,14,125964.29,91299.44,84.9791,61
A10026881,서울특별시,14,125964.29,91299.44,84.9918,93
A10026881,서울특별시,14,125964.29,91299.44,89.8989,19
A10022761,서울특별시,2,15920.03,11058.39,21.05,24
A10022761,서울특별시,2,15920.03,11058.39,27.71,1
A10022761,서울특별시,2,15920.03,11058.39,29.17,34
A10022761,서울특별시,2,15920.03,11058.39,29.61,12
A10022761,서울특별시,2,15920.03,11058.39,31.27,7
A10022761,서울특별시,2,15920.03,11058.39,31.71,3
A10022761,서울특별시,2,15920.03,11058.39,38.95,37
A10022761,서울특별시,2,15920.03,11058.39,39.76,6
A10022761,서울특별시,2,15920.03,11058.39,44.55,103
A10022761,서울특별시,2,15920.03,11058.39,44.85,1
A10022761,서울특별시,2,15920.03,11058.39,45.05,9
A10022761,서울특별시,2,15920.03,11058.39,46.46,8
A10022761,서울특별시,2,15920.03,11058.39,46.65,19
A10022761,서울특별시,2,15920.03,11058.39,49.22,9
A10022761,서울특별시,2,15920.03,11058.39,49.41,9
A10026849,서울특별시,1,6968.8,6455.11,52.1,3
A10026849,서울특별시,1,6968.8,6455.11,52.46,117
A10026849,서울특별시,1,6968.8,6455.11,56.07,1
A10026849,서울특별시,1,6968.8,6455.11,104.92,1
A10024756,서울특별시,2,21018.86,10627.7,35.66,1
A10024756,서울특별시,2,21018.86,10627.7,36.91,1
A10024756,서울특별시,2,21018.86,10627.7,49.2,6
A10024756,서울특별시,2,21018.86,10627.7,52.23,7
A10024756,서울특별시,2,21018.86,10627.7,57.58,6
A10024756,서울특별시,2,21018.86,10627.7,60.83,6
A10024756,서울특별시,2,21018.86,10627.7,64.01,7
A10024756,서울특별시,2,21018.86,10627.7,77.85,2
A10024756,서울특별시,2,21018.86,10627.7,84.9,38
A10024756,서울특별시,2,21018.86,10627.7,84.95,12
A10024756,서울특별시,2,21018.86,10627.7,84.99,51
A10027364,서울특별시,2,30995.496,22997.23,31.7571,16
A10027364,서울특별시,2,30995.496,22997.23,42.3686,16
A10027364,서울특별시,2,30995.496,22997.23,56.2897,56
A10027364,서울특별시,2,30995.496,22997.23,69.5135,32
A10027364,서울특별시,2,30995.496,22997.23,82.3212,120
A10027364,서울특별시,2,30995.496,22997.23,116.5445,32
A10027364,서울특별시,2,30995.496,22997.23,117.7748,24
A10023488,서울특별시,1,6204.06,2904.57,18.3,9
A10023488,서울특별시,1,6204.06,2904.57,18.86,99
A10023488,서울특별시,1,6204.06,2904.57,19.06,36
A10023488,서울특별시,1,6204.06,2904.57,20.73,9
A10025372,서울특별시,3,24241.084,11874.879,45.7339,9
A10025372,서울특별시,3,24241.084,11874.879,59.4458,40
A10025372,서울특별시,3,24241.084,11874.879,59.7807,26
A10025372,서울특별시,3,24241.084,11874.879,72.1079,26
A10025372,서울특별시,3,24241.084,11874.879,72.2733,12
A10025372,서울특별시,3,24241.084,11874.879,72.9906,47
A10025372,서울특별시,3,24241.084,11874.879,84.9063,16
A10025456,서울특별시,6,33342.934,20799.182,24.3931,294
A10025456,서울특별시,6,33342.934,20799.182,24.5147,19
A10025456,서울특별시,6,33342.934,20799.182,24.5152,45
A10025456,서울특별시,6,33342.934,20799.182,30.2477,58
A10025456,서울특별시,6,33342.934,20799.182,30.4927,208
A10025456,서울특별시,6,33342.934,20799.182,32.5619,60
A10025456,서울특별시,6,33342.934,20799.182,59.0613,34
A10045001,서울특별시,9,54649.09,44882.36,59.85,40
A10045001,서울특별시,9,54649.09,44882.36,84.39,184
A10045001,서울특별시,9,54649.09,44882.36,84.76,82
A10045001,서울특별시,9,54649.09,44882.36,114.48,81
A10045001,서울특별시,9,54649.09,44882.36,145.1,74
A10045002,서울특별시,13,86467.46,67127.15,59.88,40
A10045002,서울특별시,13,86467.46,67127.15,59.89,53
A10045002,서울특별시,13,86467.46,67127.15,84.95,313
A10045002,서울특별시,13,86467.46,67127.15,84.96,152
A10045002,서울특별시,13,86467.46,67127.15,118.31,30
A10045002,서울특별시,13,86467.46,67127.15,118.47,120
A10045002,서울특별시,13,86467.46,67127.15,147.89,29
A10045301,서울특별시,7,121031.13,66633.84,32.76,2034
A10045302,서울특별시,35,271522.22,271727.7,59.94,864
A10045302,서울특별시,35,271522.22,271727.7,84.88,1300
A10045302,서울특별시,35,271522.22,271727.7,114.88,954
A10045401,서울특별시,3,25405.6,14137.2,32.13,440
A10045402,서울특별시,3,35376.48,22346.28,32.67,684
A10045403,서울특별시,14,107778.484,85520.5,59.97,144
A10045403,서울특별시,14,107778.484,85520.5,59.98,156
A10045403,서울특별시,14,107778.484,85520.5,84.96,408
A10045403,서울특별시,14,107778.484,85520.5,114.91,286
A10045404,서울특별시,16,168217.86,129660.8,57.63,488
A10045404,서울특별시,16,168217.86,129660.8,65.37,176
A10045404,서울특별시,16,168217.86,129660.8,84.88,576
A10045404,서울특별시,16,168217.86,129660.8,114.92,358
A10045601,서울특별시,10,114161.61,91135.17,66.6,165
A10045601,서울특별시,10,114161.61,91135.17,79.11,177
A10045601,서울특별시,10,114161.61,91135.17,83.97,240
A10045601,서울특별시,10,114161.61,91135.17,121.14,60
A10045601,서울특별시,10,114161.61,91135.17,122.275,180
A10045601,서울특별시,10,114161.61,91135.17,139.275,120
A10078102,서울특별시,1,12852.888,10147.26,59.9,42
A10078102,서울특별시,1,12852.888,10147.26,84.77,74
A10078102,서울특별시,1,12852.888,10147.26,84.85,8
A10078102,서울특별시,1,12852.888,10147.26,84.96,8
A10078103,서울특별시,2,8693.88,5656.02,35.79,146
A10078103,서울특별시,2,8693.88,5656.02,35.89,12
A10078901,서울특별시,15,82752.6,63696.59,59.74,138
A10078901,서울특별시,15,82752.6,63696.59,59.95,147
A10078901,서울특별시,15,82752.6,63696.59,59.98,17
A10078901,서울특별시,15,82752.6,63696.59,84.85,108
A10078901,서울특별시,15,82752.6,63696.59,84.97,108
A10078901,서울특별시,15,82752.6,63696.59,84.98,120
A10078901,서울특별시,15,82752.6,63696.59,117,146
A10078902,서울특별시,1,9148.02,6043.94,37.54,161
A10024327,서울특별시,1,2341.12,2341.12,12.26,15
A10024327,서울특별시,1,2341.12,2341.12,12.43,30
A10024327,서울특별시,1,2341.12,2341.12,14.37,8
A10024327,서울특별시,1,2341.12,2341.12,14.54,32
A10024327,서울특별시,1,2341.12,2341.12,15.79,64
A10024327,서울특별시,1,2341.12,2341.12,24.19,8
A10023352,서울특별시,1,18236.21,18236.21,24.5533,154
A10023352,서울특별시,1,18236.21,18236.21,28.4064,161
A10023352,서울특별시,1,18236.21,18236.21,29.4564,207
A10023352,서울특별시,1,18236.21,18236.21,40.7637,69
A10023352,서울특별시,1,18236.21,18236.21,42.2349,23
A10028201,서울특별시,1,10573.74,10330.49,29.12,1
A10028201,서울특별시,1,10573.74,10330.49,40.13,3
A10028201,서울특별시,1,10573.74,10330.49,40.83,19
A10028201,서울특별시,1,10573.74,10330.49,41.62,19
A10028201,서울특별시,1,10573.74,10330.49,42.31,19
A10028201,서울특별시,1,10573.74,10330.49,43.7,3
A10028201,서울특별시,1,10573.74,10330.49,48.56,13
A10028201,서울특별시,1,10573.74,10330.49,49.22,13
A10028201,서울특별시,1,10573.74,10330.49,49.88,13
A10028201,서울특별시,1,10573.74,10330.49,50.58,13
A10028201,서울특별시,1,10573.74,10330.49,51.17,1
A10028201,서울특별시,1,10573.74,10330.49,52.1,14
A10028201,서울특별시,1,10573.74,10330.49,52.17,1
A10028201,서울특별시,1,10573.74,10330.49,53.52,1
A10028201,서울특별시,1,10573.74,10330.49,54.81,1
A10028201,서울특별시,1,10573.74,10330.49,56.89,1
A10028201,서울특별시,1,10573.74,10330.49,67.31,2
A10028201,서울특별시,1,10573.74,10330.49,76.96,3
A10028201,서울특별시,1,10573.74,10330.49,77.98,3
A10028201,서울특별시,1,10573.74,10330.49,79.14,3
A10028201,서울특별시,1,10573.74,10330.49,80.26,3
A10028201,서울특별시,1,10573.74,10330.49,80.33,8
A10028201,서울특별시,1,10573.74,10330.49,80.5,2
A10028201,서울특별시,1,10573.74,10330.49,82.61,2
A10028201,서울특별시,1,10573.74,10330.49,82.64,1
A10028201,서울특별시,1,10573.74,10330.49,87.44,8
A10028201,서울특별시,1,10573.74,10330.49,100.96,7
A10028201,서울특별시,1,10573.74,10330.49,104.89,2
A10028201,서울특별시,1,10573.74,10330.49,104.99,1
A10028201,서울특별시,1,10573.74,10330.49,120.46,1
A10028201,서울특별시,1,10573.74,10330.49,133.75,1
A10023343,서울특별시,1,45637.168,29214.975,39.969,4
A10023343,서울특별시,1,45637.168,29214.975,42.2948,24
A10023343,서울특별시,1,45637.168,29214.975,42.7324,22
A10023343,서울특별시,1,45637.168,29214.975,42.998,120
A10023343,서울특별시,1,45637.168,29214.975,45.9844,140
A10023343,서울특별시,1,45637.168,29214.975,49.2134,24
A10023343,서울특별시,1,45637.168,29214.975,49.3179,22
A10023343,서울특별시,1,45637.168,29214.975,49.7623,24
A10023343,서울특별시,1,45637.168,29214.975,49.9619,24
A10023343,서울특별시,1,45637.168,29214.975,49.9753,22
A10023343,서울특별시,1,45637.168,29214.975,49.984,22
A10023343,서울특별시,1,45637.168,29214.975,49.9902,45
A10023343,서울특별시,1,45637.168,29214.975,49.9976,43
A10023343,서울특별시,1,45637.168,29214.975,49.9995,4
A10023343,서울특별시,1,45637.168,29214.975,56.5067,9
A10023343,서울특별시,1,45637.168,29214.975,59.7446,15
A10023343,서울특별시,1,45637.168,29214.975,59.9851,24
A10023343,서울특별시,1,45637.168,29214.975,59.9954,20
A10023356,서울특별시,1,20147.652,20147.652,25.0654,24
A10023356,서울특별시,1,20147.652,20147.652,41.4983,24
A10023356,서울특별시,1,20147.652,20147.652,46.6997,96
A10023356,서울특별시,1,20147.652,20147.652,46.8542,24
A10023356,서울특별시,1,20147.652,20147.652,49.2617,24
A10023356,서울특별시,1,20147.652,20147.652,49.4486,48
A10023356,서울특별시,1,20147.652,20147.652,49.558,6
A10023356,서울특별시,1,20147.652,20147.652,49.7135,48
A10023356,서울특별시,1,20147.652,20147.652,49.9668,48
A10023356,서울특별시,1,20147.652,20147.652,59.6641,24
A10023356,서울특별시,1,20147.652,20147.652,59.7076,24
A10023356,서울특별시,1,20147.652,20147.652,59.9881,24
A10024359,서울특별시,1,5500.6094,3670.401,13.8874,8
A10024359,서울특별시,1,5500.6094,3670.401,14.2664,22
A10024359,서울특별시,1,5500.6094,3670.401,14.9024,3
A10024359,서울특별시,1,5500.6094,3670.401,17.7034,16
A10024359,서울특별시,1,5500.6094,3670.401,18.0824,15
A10024359,서울특별시,1,5500.6094,3670.401,18.5859,1
A10024359,서울특별시,1,5500.6094,3670.401,18.6574,8
A10024359,서울특별시,1,5500.6094,3670.401,20.0525,6
A10024359,서울특별시,1,5500.6094,3670.401,21.9449,1
A10024359,서울특별시,1,5500.6094,3670.401,22.0989,8
A10024359,서울특별시,1,5500.6094,3670.401,22.4734,8
A10024359,서울특별시,1,5500.6094,3670.401,22.7536,8
A10024359,서울특별시,1,5500.6094,3670.401,23.4274,16
A10024359,서울특별시,1,5500.6094,3670.401,24.2849,6
A10024359,서울특별시,1,5500.6094,3670.401,26.6638,1
A10024359,서울특별시,1,5500.6094,3670.401,27.2434,8
A10024359,서울특별시,1,5500.6094,3670.401,28.1974,16
A10024359,서울특별시,1,5500.6094,3670.401,30.8396,1
A10024359,서울특별시,1,5500.6094,3670.401,32.0134,8
A10024359,서울특별시,1,5500.6094,3670.401,36.7834,8
A10023788,서울특별시,1,7345.82,5040.34,13.36,19
A10023788,서울특별시,1,7345.82,5040.34,14.32,48
A10023788,서울특별시,1,7345.82,5040.34,15.12,20
A10023788,서울특별시,1,7345.82,5040.34,17.04,51
A10023788,서울특별시,1,7345.82,5040.34,17.68,56
A10023788,서울특별시,1,7345.82,5040.34,19.95,44
A10023788,서울특별시,1,7345.82,5040.34,22.67,26
A10023788,서울특별시,1,7345.82,5040.34,29.62,2
A10023788,서울특별시,1,7345.82,5040.34,36.34,2
A10023788,서울특별시,1,7345.82,5040.34,40.95,6
A10023788,서울특별시,1,7345.82,5040.34,46.39,2
A10085902,서울특별시,2,11214.379,11214.45,31.59,355
A10085903,서울특별시,12,64407,61802.75,52.64,1
A10085903,서울특별시,12,64407,61802.75,53.22,1
A10085903,서울특별시,12,64407,61802.75,59.7,125
A10085903,서울특별시,12,64407,61802.75,59.93,53
A10085903,서울특별시,12,64407,61802.75,76.83,4
A10085903,서울특별시,12,64407,61802.75,84.93,152
A10085903,서울특별시,12,64407,61802.75,84.95,178
A10085903,서울특별시,12,64407,61802.75,114.54,18
A10085903,서울특별시,12,64407,61802.75,114.77,180
A10095301,서울특별시,1,22463.66,12529.232,84.878,27
A10095301,서울특별시,1,22463.66,12529.232,112.527,28
A10095301,서울특별시,1,22463.66,12529.232,117.742,27
A10095301,서울특별시,1,22463.66,12529.232,139.562,28
A10071301,서울특별시,2,62046.9,31863.914,80.473,30
A10071301,서울특별시,2,62046.9,31863.914,82.413,30
A10071301,서울특별시,2,62046.9,31863.914,89.307,27
A10071301,서울특별시,2,62046.9,31863.914,114.84,54
A10071301,서울특별시,2,62046.9,31863.914,128.952,30
A10071301,서울특별시,2,62046.9,31863.914,135.533,54
A10071301,서울특별시,2,62046.9,31863.914,137.166,12
A10071301,서울특별시,2,62046.9,31863.914,139.936,12
A10071301,서울특별시,2,62046.9,31863.914,160.505,24
A10086301,서울특별시,2,32476.18,24462.82,71.93,150
A10086301,서울특별시,2,32476.18,24462.82,71.94,1
A10086301,서울특별시,2,32476.18,24462.82,72.6,3
A10086301,서울특별시,2,32476.18,24462.82,72.96,1
A10086301,서울특별시,2,32476.18,24462.82,78.28,10
A10086301,서울특별시,2,32476.18,24462.82,87.27,4
A10086301,서울특별시,2,32476.18,24462.82,95.8,28
A10086301,서울특별시,2,32476.18,24462.82,95.81,2
A10086301,서울특별시,2,32476.18,24462.82,95.82,1
A10086301,서울특별시,2,32476.18,24462.82,101.19,11
A10086301,서울특별시,2,32476.18,24462.82,107.9,71
A10086301,서울특별시,2,32476.18,24462.82,132.13,1
A10086301,서울특별시,2,32476.18,24462.82,143.54,1
A10086301,서울특별시,2,32476.18,24462.82,159.24,1
A10025223,서울특별시,1,9898.24,4377.03,22.75,133
A10025223,서울특별시,1,9898.24,4377.03,35.55,19
A10025223,서울특별시,1,9898.24,4377.03,35.57,19
A10024801,서울특별시,3,13537.08,10404.38,78.57,1
A10024801,서울특별시,3,13537.08,10404.38,78.58,1
A10024801,서울특별시,3,13537.08,10404.38,84.94,36
A10024801,서울특별시,3,13537.08,10404.38,84.95,30
A10024801,서울특별시,3,13537.08,10404.38,84.96,29
A10024801,서울특별시,3,13537.08,10404.38,123.22,1
A10024801,서울특별시,3,13537.08,10404.38,134.22,1
A10024801,서울특별시,3,13537.08,10404.38,136.91,9
A10024801,서울특별시,3,13537.08,10404.38,145.89,1
A10024801,서울특별시,3,13537.08,10404.38,146.02,1
A10024801,서울특별시,3,13537.08,10404.38,192.13,1
A10024801,서울특별시,3,13537.08,10404.38,203.38,1
A10044001,서울특별시,1,25734.24,11296.32,33.62,336
A10044002,서울특별시,5,168908.64,126299.82,59.91,212
A10044002,서울특별시,5,168908.64,126299.82,59.94,266
A10044002,서울특별시,5,168908.64,126299.82,84.89,212
A10044002,서울특별시,5,168908.64,126299.82,84.9,104
A10044002,서울특별시,5,168908.64,126299.82,84.92,212
A10044002,서울특별시,5,168908.64,126299.82,84.97,262
A10044002,서울특별시,5,168908.64,126299.82,114.9,266
A10086801,서울특별시,3,28031.998,28079.998,84.893,30
A10086801,서울특별시,3,28031.998,28079.998,84.962,48
A10086801,서울특별시,3,28031.998,28079.998,84.965,28
A10086801,서울특별시,3,28031.998,28079.998,109.146,48
A10086801,서울특별시,3,28031.998,28079.998,111.224,31
A10086801,서울특별시,3,28031.998,28079.998,117.367,15
A10086801,서울특별시,3,28031.998,28079.998,130.939,16
A10086801,서울특별시,3,28031.998,28079.998,134.301,32
A10086801,서울특별시,3,28031.998,28079.998,149.06,15
A10088101,서울특별시,2,45521.02,36856.07,115.04,24
A10088101,서울특별시,2,45521.02,36856.07,122.7,25
A10088101,서울특별시,2,45521.02,36856.07,137.53,50
A10088101,서울특별시,2,45521.02,36856.07,137.57,25
A10088101,서울특별시,2,45521.02,36856.07,145.79,24
A10088101,서울특별시,2,45521.02,36856.07,176.26,25
A10088101,서울특별시,2,45521.02,36856.07,205.62,48
A10088101,서울특별시,2,45521.02,36856.07,244.7,6
A10088101,서울특별시,2,45521.02,36856.07,244.74,6
A10088102,서울특별시,2,46271.02,46271.02,33.81,27
A10088102,서울특별시,2,46271.02,46271.02,40.9,27
A10088102,서울특별시,2,46271.02,46271.02,44.99,27
A10088102,서울특별시,2,46271.02,46271.02,103.49,27
A10088102,서울특별시,2,46271.02,46271.02,113.46,81
A10088102,서울특별시,2,46271.02,46271.02,133.98,108
A10088102,서울특별시,2,46271.02,46271.02,173.52,1
A10088102,서울특별시,2,46271.02,46271.02,176.42,24
A10088102,서울특별시,2,46271.02,46271.02,187.08,30
A10088102,서울특별시,2,46271.02,46271.02,187.44,27
A10088102,서울특별시,2,46271.02,46271.02,211.33,4
A10088102,서울특별시,2,46271.02,46271.02,215.27,2
A10088102,서울특별시,2,46271.02,46271.02,228.05,1
A10072501,서울특별시,2,46796.69,38196.84,139.8,58
A10072501,서울특별시,2,46796.69,38196.84,158.97,58
A10072501,서울특별시,2,46796.69,38196.84,166.24,58
A10072501,서울특별시,2,46796.69,38196.84,177,58
A10072501,서울특별시,2,46796.69,38196.84,225.36,2
A10072501,서울특별시,2,46796.69,38196.84,254.77,2
A10095501,서울특별시,1,5133.98,5553.02,15.55,108
A10095501,서울특별시,1,5133.98,5553.02,16.3,8
A10095501,서울특별시,1,5133.98,5553.02,16.55,24
A10095501,서울특별시,1,5133.98,5553.02,19.92,114
A10095501,서울특별시,1,5133.98,5553.02,21.35,18
A10095501,서울특별시,1,5133.98,5553.02,22.07,8
A10095501,서울특별시,1,5133.98,5553.02,25.24,2
A10095501,서울특별시,1,5133.98,5553.02,26.72,2
A10095501,서울특별시,1,5133.98,5553.02,28.6,6
A10095501,서울특별시,1,5133.98,5553.02,32.78,2
A10095501,서울특별시,1,5133.98,5553.02,33.13,2
A10095501,서울특별시,1,5133.98,5553.02,34.27,2
A10095501,서울특별시,1,5133.98,5553.02,38.4,1
A10095502,서울특별시,1,40054.734,40054.734,92.1357,23
A10095502,서울특별시,1,40054.734,40054.734,116.6232,21
A10095502,서울특별시,1,40054.734,40054.734,123.8073,32
A10095502,서울특별시,1,40054.734,40054.734,124.1323,21
A10095502,서울특별시,1,40054.734,40054.734,124.2102,21
A10095502,서울특별시,1,40054.734,40054.734,124.2215,23
A10095502,서울특별시,1,40054.734,40054.734,124.3673,21
A10095502,서울특별시,1,40054.734,40054.734,145.6492,28
A10095502,서울특별시,1,40054.734,40054.734,146.9679,29
A10095502,서울특별시,1,40054.734,40054.734,147.3212,29
A10095502,서울특별시,1,40054.734,40054.734,147.327,18
A10095502,서울특별시,1,40054.734,40054.734,173.1707,9
A10095502,서울특별시,1,40054.734,40054.734,173.6648,3
A10095502,서울특별시,1,40054.734,40054.734,175.967,3
A10095502,서울특별시,1,40054.734,40054.734,179.2616,3
A10095502,서울특별시,1,40054.734,40054.734,188.822,1
A10095502,서울특별시,1,40054.734,40054.734,194.256,3
A10095502,서울특별시,1,40054.734,40054.734,198.3749,1
A10095502,서울특별시,1,40054.734,40054.734,207.5717,1
A10095502,서울특별시,1,40054.734,40054.734,226.8993,1
A10095502,서울특별시,1,40054.734,40054.734,240.5395,1
A10095502,서울특별시,1,40054.734,40054.734,252.0567,1
A10095502,서울특별시,1,40054.734,40054.734,260.0287,1
A10095502,서울특별시,1,40054.734,40054.734,273.967,1
A10020869,서울특별시,1,18478.7,15797.1,52.71,70
A10020869,서울특별시,1,18478.7,15797.1,59.94,120
A10020869,서울특별시,1,18478.7,15797.1,81.91,60
A10020968,서울특별시,11,13041.12,15543.96,36.9,20
A10020968,서울특별시,11,13041.12,15543.96,60.37,60
A10020968,서울특별시,11,13041.12,15543.96,68.15,54
A10020968,서울특별시,11,13041.12,15543.96,69.1,30
A10020968,서울특별시,11,13041.12,15543.96,75.53,54
A10020968,서울특별시,11,13041.12,15543.96,76.96,3
A10020968,서울특별시,11,13041.12,15543.96,93.43,12
A10021760,서울특별시,1,16919.86,13352.9,84.14,24
A10021760,서울특별시,1,16919.86,13352.9,84.48,49
A10021760,서울특별시,1,16919.86,13352.9,84.6,24
A10021760,서울특별시,1,16919.86,13352.9,105.38,49
A10021794,서울특별시,1,9871.951,7896.058,59.6625,34
A10021794,서울특별시,1,9871.951,7896.058,64.9136,1
A10021794,서울특별시,1,9871.951,7896.058,73.6243,4
A10021794,서울특별시,1,9871.951,7896.058,83.4564,66
A10022919,서울특별시,4,56333.984,42032.79,84.5792,63
A10022919,서울특별시,4,56333.984,42032.79,84.9331,93
A10022919,서울특별시,4,56333.984,42032.79,84.9435,90
A10022919,서울특별시,4,56333.984,42032.79,84.95,8
A10022919,서울특별시,4,56333.984,42032.79,84.9713,39
A10022919,서울특별시,4,56333.984,42032.79,84.9809,148
A10022919,서울특별시,4,56333.984,42032.79,84.9991,54
A10023816,서울특별시,4,72038.87,32932.68,14.96,490
A10023816,서울특별시,4,72038.87,32932.68,26.75,292
A10023816,서울특별시,4,72038.87,32932.68,33.95,58
A10023816,서울특별시,4,72038.87,32932.68,37.62,134
A10023816,서울특별시,4,72038.87,32932.68,44.55,242
A10023952,서울특별시,4,30967.041,21725.25,46.89,90
A10023952,서울특별시,4,30967.041,21725.25,55.8,48
A10023952,서울특별시,4,30967.041,21725.25,55.95,265
A10024008,서울특별시,3,23679.51,18499.668,84.8456,179
A10024008,서울특별시,3,23679.51,18499.668,84.9309,39
A10024018,서울특별시,4,33620.934,25995.582,69.7799,137
A10024018,서울특별시,4,33620.934,25995.582,84.7154,177
A10024018,서울특별시,4,33620.934,25995.582,84.7712,17
A10024214,서울특별시,5,53209.188,41379.676,79.707,50
A10024214,서울특별시,5,53209.188,41379.676,84.9871,440
A13123001,서울특별시,4,17997.04,14279.74,54.93,1
A13123001,서울특별시,4,17997.04,14279.74,58.9,73
A13123001,서울특별시,4,17997.04,14279.74,84.83,117
A13123002,서울특별시,10,42326.164,32678.2,59.89,20
A13123002,서울특별시,10,42326.164,32678.2,59.978,61
A13123002,서울특별시,10,42326.164,32678.2,84.913,40
A13123002,서울특별시,10,42326.164,32678.2,84.918,7
A13123002,서울특별시,10,42326.164,32678.2,84.956,36
A13123002,서울특별시,10,42326.164,32678.2,84.961,40
A13123002,서울특별시,10,42326.164,32678.2,84.964,80
A13123002,서울특별시,10,42326.164,32678.2,84.984,7
A13123002,서울특별시,10,42326.164,32678.2,110.876,11
A13123002,서울특별시,10,42326.164,32678.2,110.882,1
A13123002,서울특별시,10,42326.164,32678.2,110.886,23
A13123002,서울특별시,10,42326.164,32678.2,110.918,34
A13123002,서울특별시,10,42326.164,32678.2,110.944,21
A13123101,서울특별시,1,21696.95,13780.51,59.62,118
A13123101,서울특별시,1,21696.95,13780.51,84.12,59
A13123101,서울특별시,1,21696.95,13780.51,84.87,21
A13123102,서울특별시,13,70124.68,56790.88,59.96,155
A13123102,서울특별시,13,70124.68,56790.88,84.93,292
A13123102,서울특별시,13,70124.68,56790.88,84.94,160
A13123102,서울특별시,13,70124.68,56790.88,115.28,79
A13176101,서울특별시,1,14242.56,10841.34,84.66,51
A13176101,서울특별시,1,14242.56,10841.34,84.69,26
A13176101,서울특별시,1,14242.56,10841.34,84.74,51
A13176102,서울특별시,3,19445.756,16086.67,59.9,21
A13176102,서울특별시,3,19445.756,16086.67,84.93,71
A13176102,서울특별시,3,19445.756,16086.67,84.97,47
A13176102,서울특별시,3,19445.756,16086.67,137.29,35
A10021752,서울특별시,1,10467.78,8061.3,59.92,54
A10021752,서울특별시,1,10467.78,8061.3,84.66,57
A10021891,서울특별시,1,6449.8,3845,18.17,70
A10021891,서울특별시,1,6449.8,3845,19.83,12
A10021891,서울특별시,1,6449.8,3845,29.6,6
A10021891,서울특별시,1,6449.8,3845,30.24,2
A10021891,서울특별시,1,6449.8,3845,35.5,51
A10021891,서울특별시,1,6449.8,3845,35.82,8
A10023384,서울특별시,5,22781.94,18179.89,57.37,29
A10023384,서울특별시,5,22781.94,18179.89,58.66,16
A10023384,서울특별시,5,22781.94,18179.89,59.17,13
A10023384,서울특별시,5,22781.94,18179.89,59.5,27
A10023384,서울특별시,5,22781.94,18179.89,69.91,2
A10023384,서울특별시,5,22781.94,18179.89,72.46,1
A10023384,서울특별시,5,22781.94,18179.89,72.97,6
A10023384,서울특별시,5,22781.94,18179.89,73.58,3
A10023384,서울특별시,5,22781.94,18179.89,83.91,65
A10023384,서울특별시,5,22781.94,18179.89,84.9,81
A10023606,서울특별시,1,11102.84,8596.44,59.76,70
A10023606,서울특별시,1,11102.84,8596.44,84.87,52
A10023835,서울특별시,2,2296.3135,2296.31,13.18,10
A10023835,서울특별시,2,2296.3135,2296.31,14.43,130
A10023835,서울특별시,2,2296.3135,2296.31,15.82,4
A10023835,서울특별시,2,2296.3135,2296.31,16.93,5
A10023835,서울특별시,2,2296.3135,2296.31,17.05,4
A10023835,서울특별시,2,2296.3135,2296.31,18.12,4
A10024366,서울특별시,1,12507.12,8749.44,59.4,96
A10024366,서울특별시,1,12507.12,8749.44,84.64,36
A10024443,서울특별시,5,23377.15,17513.43,59.9676,106
A10024443,서울특별시,5,23377.15,17513.43,75.058,66
A10024443,서울특별시,5,23377.15,17513.43,84.9731,73
A10024703,서울특별시,4,44421.79,33163.984,50.7366,38
A10024703,서울특별시,4,44421.79,33163.984,59.9699,38
A10024703,서울특별시,4,44421.79,33163.984,59.9803,38
A10024703,서울특별시,4,44421.79,33163.984,59.9841,28
A10024703,서울특별시,4,44421.79,33163.984,59.9855,29
A10024703,서울특별시,4,44421.79,33163.984,68.1667,57
A10024703,서울특별시,4,44421.79,33163.984,84.9672,105
A10024703,서울특별시,4,44421.79,33163.984,84.9814,71
A10024703,서울특별시,4,44421.79,33163.984,84.9873,24
A10024703,서울특별시,4,44421.79,33163.984,95.1327,25
A10024741,서울특별시,11,162602.36,120892.75,59.78,292
A10024741,서울특별시,11,162602.36,120892.75,59.92,86
A10024741,서울특별시,11,162602.36,120892.75,84.87,754
A10024741,서울특별시,11,162602.36,120892.75,84.956,286
A10024741,서울특별시,11,162602.36,120892.75,114.853,58
A10024741,서울특별시,11,162602.36,120892.75,114.931,29
A10025159,서울특별시,8,46966.285,35186.973,23.1074,37
A10025159,서울특별시,8,46966.285,35186.973,59.9598,78
A10025159,서울특별시,8,46966.285,35186.973,59.9816,52
A10025159,서울특별시,8,46966.285,35186.973,74.0267,28
A10025159,서울특별시,8,46966.285,35186.973,74.918,40
A10025159,서울특별시,8,46966.285,35186.973,74.9394,65
A10025159,서울특별시,8,46966.285,35186.973,74.9914,13
A10025159,서울특별시,8,46966.285,35186.973,84.6068,46
A10025159,서울특별시,8,46966.285,35186.973,84.9862,46
A10025159,서울특별시,8,46966.285,35186.973,84.989,46
A10025159,서울특별시,8,46966.285,35186.973,84.9979,46
A10028033,서울특별시,5,29313.035,22220.148,59.9636,52
A10028033,서울특별시,5,29313.035,22220.148,84.6147,70
A10028033,서울특별시,5,29313.035,22220.148,84.7054,40
A10028033,서울특별시,5,29313.035,22220.148,84.7961,68
A10028033,서울특별시,5,29313.035,22220.148,114.9903,35
A13120001,서울특별시,3,19879.32,15759.045,59.923,23
A13120001,서울특별시,3,19879.32,15759.045,78.941,92
A13120001,서울특별시,3,19879.32,15759.045,84.741,84
A13120403,서울특별시,9,37336.18,29140.258,51.429,12
A13120403,서울특별시,9,37336.18,29140.258,59.858,38
A13120403,서울특별시,9,37336.18,29140.258,59.866,2
A13120403,서울특별시,9,37336.18,29140.258,59.981,90
A13120403,서울특별시,9,37336.18,29140.258,84.961,244
A13120701,서울특별시,3,16951.87,13684.741,67.663,19
A13120701,서울특별시,3,16951.87,13684.741,75.72,24
A13120701,서울특별시,3,16951.87,13684.741,84.699,80
A13120701,서울특별시,3,16951.87,13684.741,84.912,30
A13120701,서울특별시,3,16951.87,13684.741,104.882,12
A13120704,서울특별시,3,18524.84,14947.973,76.7936,12
A13120704,서울특별시,3,18524.84,14947.973,84.0827,79
A13120704,서울특별시,3,18524.84,14947.973,84.8726,87
A13175103,서울특별시,10,90753.69,69996.78,27,165
A13175103,서울특별시,10,90753.69,69996.78,35.3,300
A13175103,서울특별시,10,90753.69,69996.78,44.5,300
A13175103,서울특별시,10,90753.69,69996.78,45.44,112
A13175103,서울특별시,10,90753.69,69996.78,58.46,135
A13175103,서울특별시,10,90753.69,69996.78,66.56,60
A13175103,서울특별시,10,90753.69,69996.78,84.92,290
A13177701,서울특별시,4,44085,29332.24,25.2,264
A13177701,서울특별시,4,44085,29332.24,32.76,403
A13177701,서울특별시,4,44085,29332.24,39.82,238
A13177702,서울특별시,1,10720.32,8178.48,59.31,72
A13177702,서울특별시,1,10720.32,8178.48,84.96,46
A13181201,서울특별시,2,16529.613,12910.799,80.1913,161
A13181203,서울특별시,5,50897,37356,84.9,440
A13183202,서울특별시,1,16555.37,12981.24,59.84,36
A13183202,서울특별시,1,16555.37,12981.24,59.94,34
A13183202,서울특별시,1,16555.37,12981.24,84.51,104
A13183204,서울특별시,4,41858.13,30457.98,35.44,140
A13183204,서울특별시,4,41858.13,30457.98,44.35,140
A13183204,서울특별시,4,41858.13,30457.98,59.22,181
A13183204,서울특별시,4,41858.13,30457.98,82.39,104
A13183303,서울특별시,2,19555.86,14768.82,84.87,30
A13183303,서울특별시,2,19555.86,14768.82,84.88,144
A13183405,서울특별시,4,27526.04,22119.4,56.9217,38
A13183405,서울특별시,4,27526.04,22119.4,79.5359,105
A13183405,서울특별시,4,27526.04,22119.4,90.1209,19
A13183405,서울특별시,4,27526.04,22119.4,102.634,19
A13183405,서울특별시,4,27526.04,22119.4,105.9035,75
A13183502,서울특별시,3,22527.88,17409.12,59.5,84
A13183502,서울특별시,3,22527.88,17409.12,59.7,4
A13183502,서울특별시,3,22527.88,17409.12,84.99,80
A13183502,서울특별시,3,22527.88,17409.12,111.94,48
A13183504,서울특별시,4,57674.9,43773.45,47.81,18
A13183504,서울특별시,4,57674.9,43773.45,59.65,257
A13183504,서울특별시,4,57674.9,43773.45,84.97,222
A13183504,서울특별시,4,57674.9,43773.45,114.73,76
A13183701,서울특별시,5,17661.543,13793.362,59.923,52
A13183701,서울특별시,5,17661.543,13793.362,84.741,126
A13184107,서울특별시,7,44489.32,44489.32,59.72,98
A13184107,서울특별시,7,44489.32,44489.32,59.97,82
A13184107,서울특별시,7,44489.32,44489.32,60,24
A13184107,서울특별시,7,44489.32,44489.32,84.86,165
A13184107,서울특별시,7,44489.32,44489.32,84.87,136
A13184107,서울특별시,7,44489.32,44489.32,134.7,50
A13184208,서울특별시,4,73614.02,51712.08,72.63,40
A13184208,서울특별시,4,73614.02,51712.08,74.79,80
A13184208,서울특별시,4,73614.02,51712.08,84.09,155
A13184208,서울특별시,4,73614.02,51712.08,84.81,232
A13184208,서울특별시,4,73614.02,51712.08,84.99,119
A13184301,서울특별시,2,26808.69,19802.38,59.91,153
A13184301,서울특별시,2,26808.69,19802.38,84.98,56
A13184301,서울특별시,2,26808.69,19802.38,103.11,57
A13184401,서울특별시,1,22355.72,14913.27,59.67,26
A13184401,서울특별시,1,22355.72,14913.27,83.08,72
A13184401,서울특별시,1,22355.72,14913.27,83.27,40
A13184401,서울특별시,1,22355.72,14913.27,83.64,26
A13184401,서울특별시,1,22355.72,14913.27,84.42,1
A13184401,서울특별시,1,22355.72,14913.27,94.06,13
A13184401,서울특별시,1,22355.72,14913.27,113.49,5
A13184502,서울특별시,2,17267.24,13133.19,59.91,80
A13184502,서울특별시,2,17267.24,13133.19,84.96,59
A13184502,서울특별시,2,17267.24,13133.19,114.75,29
A13188406,서울특별시,4,46562.48,33923.71,17.55,1
A13188406,서울특별시,4,46562.48,33923.71,84.77,248
A13188406,서울특별시,4,46562.48,33923.71,134.2,96
A10020086,서울특별시,1,20693.3,16199.47,111.32,56
A10020086,서울특별시,1,20693.3,16199.47,112.23,46
A10020086,서울특별시,1,20693.3,16199.47,114.43,23
A10020086,서울특별시,1,20693.3,16199.47,170.02,10
A10020086,서울특별시,1,20693.3,16199.47,235.44,2
A10020587,서울특별시,1,10949,8276.794,59.959,70
A10020587,서울특별시,1,10949,8276.794,84.99,24
A10020587,서울특별시,1,10949,8276.794,84.996,24
A10020959,서울특별시,1,7406,5186,51.86,100
A10023285,서울특별시,4,14434.57,11753.31,58.72,1
A10023285,서울특별시,4,14434.57,11753.31,83.51,129
A10023285,서울특별시,4,14434.57,11753.31,83.8,11
A10023815,서울특별시,1,11241.13,3663.85,14.09,152
A10023815,서울특별시,1,11241.13,3663.85,15.35,90
A10023815,서울특별시,1,11241.13,3663.85,24.23,1
A10023815,서울특별시,1,11241.13,3663.85,29.11,4
A10023834,서울특별시,1,13682.402,5051.5845,16.8132,170
A10023834,서울특별시,1,13682.402,5051.5845,33.7437,65
A10025855,서울특별시,12,75939.945,55401.14,59.935,11
A10025855,서울특별시,12,75939.945,55401.14,59.953,200
A10025855,서울특별시,12,75939.945,55401.14,59.983,25
A10025855,서울특별시,12,75939.945,55401.14,75.712,12
A10025855,서울특별시,12,75939.945,55401.14,75.914,22
A10025855,서울특별시,12,75939.945,55401.14,84.834,121
A10025855,서울특별시,12,75939.945,55401.14,84.902,97
A10025855,서울특별시,12,75939.945,55401.14,84.916,37
A10025855,서울특별시,12,75939.945,55401.14,84.956,146
A10025855,서울특별시,12,75939.945,55401.14,96.399,48
A10026469,서울특별시,2,38874.56,29954.22,101.9,112
A10026469,서울특별시,2,38874.56,29954.22,101.91,92
A10026469,서울특별시,2,38874.56,29954.22,111.73,46
A10026469,서울특별시,2,38874.56,29954.22,157.85,20
A10026469,서울특별시,2,38874.56,29954.22,217.28,4
A13114002,서울특별시,8,74241,54725.652,84.9416,236
A13114002,서울특별시,8,74241,54725.652,84.9765,45
A13114002,서울특별시,8,74241,54725.652,84.9785,187
A13114002,서울특별시,8,74241,54725.652,101.4007,89
A13114002,서울특별시,8,74241,54725.652,134.9966,44
A13114003,서울특별시,1,,9362.1,92.49,90
A13114003,서울특별시,1,,9362.1,103.8,10
A13114103,서울특별시,2,17410.74,17410.74,59.4,11
A13114103,서울특별시,2,17410.74,17410.74,84.71,52
A13114103,서울특별시,2,17410.74,17410.74,84.85,49
A13114103,서울특별시,2,17410.74,17410.74,97.65,15
A13114103,서울특별시,2,17410.74,17410.74,101.97,66
A13114106,서울특별시,2,26152.068,19820.29,59.86,91
A13114106,서울특별시,2,26152.068,19820.29,84.99,105
A13114106,서울특별시,2,26152.068,19820.29,104.79,52
A13114201,서울특별시,3,16632.59,13688.75,65.81,8
A13114201,서울특별시,3,16632.59,13688.75,84.45,10
A13114201,서울특별시,3,16632.59,13688.75,84.85,24
A13114201,서울특별시,3,16632.59,13688.75,84.97,121
A13176801,서울특별시,2,17877.797,13796.84,57.63,76
A13176801,서울특별시,2,17877.797,13796.84,84.08,112
A13184609,서울특별시,12,72852.87,52200.18,39.84,420
A13184609,서울특별시,12,72852.87,52200.18,49.77,338
A13184609,서울특별시,12,72852.87,52200.18,59.76,312
A13184610,서울특별시,28,175626.92,143952.56,102.7,492
A13184610,서울특별시,28,175626.92,143952.56,107.05,80
A13184610,서울특별시,28,175626.92,143952.56,126.28,672
A13184804,서울특별시,2,21278.36,17617.49,30.24,4
A13184804,서울특별시,2,21278.36,17617.49,30.4,2
A13184804,서울특별시,2,21278.36,17617.49,30.81,2
A13184804,서울특별시,2,21278.36,17617.49,59.54,2
A13184804,서울특별시,2,21278.36,17617.49,59.89,79
A13184804,서울특별시,2,21278.36,17617.49,84.89,88
A13184804,서울특별시,2,21278.36,17617.49,114.85,44
A13185402,서울특별시,2,24631.404,17763.96,59.64,109
A13185402,서울특별시,2,24631.404,17763.96,84.99,69
A13185402,서울특별시,2,24631.404,17763.96,114.87,47
A13185501,서울특별시,2,15473.49,11660.58,59.94,66
A13185501,서울특별시,2,15473.49,11660.58,76.14,21
A13185501,서울특별시,2,15473.49,11660.58,84.8,72
A13185502,서울특별시,1,17407.963,12565.842,59.845,78
A13185502,서울특별시,1,17407.963,12565.842,84.924,93
A13185507,서울특별시,2,30119.145,22773.41,59.96,118
A13185507,서울특별시,2,30119.145,22773.41,84.99,91
A13185507,서울특별시,2,30119.145,22773.41,104.79,76
A13185508,서울특별시,6,59748.31,48504.55,59.4364,110
A13185508,서울특별시,6,59748.31,48504.55,83.5358,257
A13185508,서울특별시,6,59748.31,48504.55,84.7094,112
A13185508,서울특별시,6,59748.31,48504.55,101.9481,108
A10020423,서울특별시,1,19189.855,8609.92,20.06,264
A10020423,서울특별시,1,19189.855,8609.92,30.01,20
A10020423,서울특별시,1,19189.855,8609.92,34.52,33
A10020423,서울특별시,1,19189.855,8609.92,36.61,20
A10020423,서울특별시,1,19189.855,8609.92,60.18,14
A10020428,서울특별시,2,44054.94,10237.469,23.9838,349
A10020428,서울특별시,2,44054.94,10237.469,39.9177,21
A10020428,서울특별시,2,44054.94,10237.469,48.9929,21
A10020694,서울특별시,1,5477.948,2452.11,12.81,1
A10020694,서울특별시,1,5477.948,2452.11,12.95,8
A10020694,서울특별시,1,5477.948,2452.11,13.265,18
A10020694,서울특별시,1,5477.948,2452.11,17.19,1
A10020694,서울특별시,1,5477.948,2452.11,17.76,1
A10020694,서울특별시,1,5477.948,2452.11,18.05,9
A10020694,서울특별시,1,5477.948,2452.11,22.14,36
A10020694,서울특별시,1,5477.948,2452.11,22.7,1
A10020694,서울특별시,1,5477.948,2452.11,24.8,1
A10020694,서울특별시,1,5477.948,2452.11,25.96,8
A10020694,서울특별시,1,5477.948,2452.11,26.84,1
A10020694,서울특별시,1,5477.948,2452.11,27.23,1
A10020694,서울특별시,1,5477.948,2452.11,27.31,9
A10020694,서울특별시,1,5477.948,2452.11,27.93,1
A10020694,서울특별시,1,5477.948,2452.11,28.28,8
A10020694,서울특별시,1,5477.948,2452.11,28.77,1
A10020694,서울특별시,1,5477.948,2452.11,29.39,9
A10022528,서울특별시,1,15068.277,6956.654,18.0282,102
A10022528,서울특별시,1,15068.277,6956.654,18.2127,17
A10022528,서울특별시,1,15068.277,6956.654,18.2202,105
A10022528,서울특별시,1,15068.277,6956.654,38.559,17
A10022528,서울특별시,1,15068.277,6956.654,38.5912,17
A10022528,서울특별시,1,15068.277,6956.654,38.6022,17
A10022528,서울특별시,1,15068.277,6956.654,38.6354,24
A10022775,서울특별시,1,4246.6,4246.6,16.93,170
A10022775,서울특별시,1,4246.6,4246.6,18.23,17
A10022775,서울특별시,1,4246.6,4246.6,19.64,34
A10022775,서울특별시,1,4246.6,4246.6,22.99,17
A10027670,서울특별시,2,45328.64,35997.84,117.07,100
A10027670,서울특별시,2,45328.64,35997.84,131.8,100
A10027670,서울특별시,2,45328.64,35997.84,150.16,40
A10027670,서울특별시,2,45328.64,35997.84,203.77,20
A10027670,서울특별시,2,45328.64,35997.84,257.26,4
A13122001,서울특별시,9,50590.11,39530.383,84.6475,467
A13122002,서울특별시,3,73633.31,50920.99,56.87,4
A13122002,서울특별시,3,73633.31,50920.99,57.78,4
A13122002,서울특별시,3,73633.31,50920.99,57.88,4
A13122002,서울특별시,3,73633.31,50920.99,57.96,4
A13122002,서울특별시,3,73633.31,50920.99,58.64,17
A13122002,서울특별시,3,73633.31,50920.99,59.06,4
A13122002,서울특별시,3,73633.31,50920.99,59.7,4
A13122002,서울특별시,3,73633.31,50920.99,74.09,17
A13122002,서울특별시,3,73633.31,50920.99,76.66,17
A13122002,서울특별시,3,73633.31,50920.99,79.73,17
A13122002,서울특별시,3,73633.31,50920.99,84.83,17
A13122002,서울특별시,3,73633.31,50920.99,101.08,2
A13122002,서울특별시,3,73633.31,50920.99,101.97,66
A13122002,서울특별시,3,73633.31,50920.99,106.3,2
A13122002,서울특별시,3,73633.31,50920.99,107.12,134
A13122002,서울특별시,3,73633.31,50920.99,111.56,136
A13122002,서울특별시,3,73633.31,50920.99,120.82,14
A13122002,서울특별시,3,73633.31,50920.99,128.93,14
A13122002,서울특별시,3,73633.31,50920.99,134.87,14
A13122002,서울특별시,3,73633.31,50920.99,175.05,2
A13122002,서울특별시,3,73633.31,50920.99,190.26,4
A13122104,서울특별시,11,62109.75,46938.027,59.6772,79
A13122104,서울특별시,11,62109.75,46938.027,59.86,11
A13122104,서울특별시,11,62109.75,46938.027,59.94,8
A13122104,서울특별시,11,62109.75,46938.027,84.6,69
A13122104,서울특별시,11,62109.75,46938.027,84.9353,415
A13170401,서울특별시,3,43207.773,43207.773,61.468,24
A13170401,서울특별시,3,43207.773,43207.773,66.254,48
A13170401,서울특별시,3,43207.773,43207.773,70.841,8
A13170401,서울특별시,3,43207.773,43207.773,84.55,46
A13170401,서울특별시,3,43207.773,43207.773,84.602,50
A13170401,서울특별시,3,43207.773,43207.773,84.642,84
A13170401,서울특별시,3,43207.773,43207.773,84.848,72
A13170401,서울특별시,3,43207.773,43207.773,84.914,48
A13170401,서울특별시,3,43207.773,43207.773,84.936,24
A13170401,서울특별시,3,43207.773,43207.773,84.981,50
A13170401,서울특별시,3,43207.773,43207.773,125.677,50
A13185602,서울특별시,5,40533.305,29879.945,57.189,90
A13185602,서울특별시,5,40533.305,29879.945,81.783,235
A13185602,서울특별시,5,40533.305,29879.945,110.2786,50
A13185603,서울특별시,4,34663.68,34663.68,84.96,408
A13185607,서울특별시,14,113807.88,86837.78,57.3,192
A13185607,서울특별시,14,113807.88,86837.78,74.25,182
A13185607,서울특별시,14,113807.88,86837.78,74.9,46
A13185607,서울특별시,14,113807.88,86837.78,84.96,693
A13186305,서울특별시,9,80819.1,60432.96,68.12,738
A13186305,서울특별시,9,80819.1,60432.96,84.67,120
A13186306,서울특별시,8,46082.6,27380,27.38,1000
A13186401,서울특별시,2,36734.8,27072.8,54,184
A13186401,서울특별시,2,36734.8,27072.8,84.99,140
A13186401,서울특별시,2,36734.8,27072.8,119.05,44
A10025137,서울특별시,1,14594.14,9058.08,36.3,18
A10025137,서울특별시,1,14594.14,9058.08,36.36,122
A10025137,서울특별시,1,14594.14,9058.08,44.16,16
A10025137,서울특별시,1,14594.14,9058.08,44.68,66
A10025137,서울특별시,1,14594.14,9058.08,44.76,7
A10025397,서울특별시,3,7918.95,7918.95,21.96,130
A10025397,서울특별시,3,7918.95,7918.95,31.85,159
A10027297,서울특별시,1,13068.908,10446.23,59.96,28
A10027297,서울특별시,1,13068.908,10446.23,76.94,60
A10027297,서울특별시,1,13068.908,10446.23,84.95,15
A10027297,서울특별시,1,13068.908,10446.23,95.89,30
A10027775,서울특별시,2,5535.57,5535.57,18.14,28
A10027775,서울특별시,2,5535.57,5535.57,18.25,4
A10027775,서울특별시,2,5535.57,5535.57,18.86,60
A10027775,서울특별시,2,5535.57,5535.57,29.3,65
A10027775,서울특별시,2,5535.57,5535.57,29.43,9
A10027775,서울특별시,2,5535.57,5535.57,29.53,56
A13113001,서울특별시,1,22752.525,16792.38,59.34,148
A13113001,서울특별시,1,22752.525,16792.38,84.78,66
A13113001,서울특별시,1,22752.525,16792.38,114.98,21
A13113002,서울특별시,3,22597.668,22597.668,59.783,156
A13113002,서울특별시,3,22597.668,22597.668,84.93,80
A13113002,서울특별시,3,22597.668,22597.668,134.94,48
A13113003,서울특별시,4,49379.51,37032.92,46.44,23
A13113003,서울특별시,4,49379.51,37032.92,59.4,247
A13113003,서울특별시,4,49379.51,37032.92,84.08,124
A13113003,서울특별시,4,49379.51,37032.92,129.37,84
A13113004,서울특별시,6,91671.54,69938.44,59.4,306
A13113004,서울특별시,6,91671.54,69938.44,83.4,4
A13113004,서울특별시,6,91671.54,69938.44,83.43,4
A13113004,서울특별시,6,91671.54,69938.44,84.08,234
A13113004,서울특별시,6,91671.54,69938.44,105.93,70
A13113004,서울특별시,6,91671.54,69938.44,129.37,94
A13113004,서울특별시,6,91671.54,69938.44,132.77,12
A13113004,서울특별시,6,91671.54,69938.44,134.88,76
A13113006,서울특별시,4,22064,17650.52,62.54,10
A13113006,서울특별시,4,22064,17650.52,70.39,10
A13113006,서울특별시,4,22064,17650.52,74.08,8
A13113006,서울특별시,4,22064,17650.52,79.9,15
A13113006,서울특별시,4,22064,17650.52,84.93,30
A13113006,서울특별시,4,22064,17650.52,84.98,141
A13113007,서울특별시,23,266279.28,133451.73,39.93,217
A13113007,서울특별시,23,266279.28,133451.73,49.51,12
A13113007,서울특별시,23,266279.28,133451.73,49.64,43
A13113007,서울특별시,23,266279.28,133451.73,49.69,190
A13113007,서울특별시,23,266279.28,133451.73,49.74,34
A13113007,서울특별시,23,266279.28,133451.73,49.77,178
A13113007,서울특별시,23,266279.28,133451.73,59.46,4
A13113007,서울특별시,23,266279.28,133451.73,59.49,38
A13113007,서울특별시,23,266279.28,133451.73,59.56,34
A13113007,서울특별시,23,266279.28,133451.73,59.6,192
A13113007,서울특별시,23,266279.28,133451.73,59.61,2
A13113007,서울특별시,23,266279.28,133451.73,59.64,16
A13113007,서울특별시,23,266279.28,133451.73,59.7,2
A13113007,서울특별시,23,266279.28,133451.73,59.71,2
A13113007,서울특별시,23,266279.28,133451.73,59.72,2
A13113007,서울특별시,23,266279.28,133451.73,59.75,2
A13113007,서울특별시,23,266279.28,133451.73,59.78,2
A13113007,서울특별시,23,266279.28,133451.73,59.81,4
A13113007,서울특별시,23,266279.28,133451.73,59.87,8
A13113007,서울특별시,23,266279.28,133451.73,59.88,32
A13113007,서울특별시,23,266279.28,133451.73,59.89,2
A13113007,서울특별시,23,266279.28,133451.73,59.92,18
A13113007,서울특별시,23,266279.28,133451.73,84.56,20
A13113007,서울특별시,23,266279.28,133451.73,84.62,56
A13113007,서울특별시,23,266279.28,133451.73,84.65,192
A13113007,서울특별시,23,266279.28,133451.73,84.68,36
A13113007,서울특별시,23,266279.28,133451.73,84.91,103
A13113007,서울특별시,23,266279.28,133451.73,84.94,203
A13113007,서울특별시,23,266279.28,133451.73,114.54,204
A13113007,서울특별시,23,266279.28,133451.73,114.8,42
A13113007,서울특별시,23,266279.28,133451.73,114.88,6
A13113008,서울특별시,16,92808,93848.93,39.93,210
A13113008,서울특별시,16,92808,93848.93,49.51,19
A13113008,서울특별시,16,92808,93848.93,49.53,8
A13113008,서울특별시,16,92808,93848.93,49.64,30
A13113008,서울특별시,16,92808,93848.93,49.69,79
A13113008,서울특별시,16,92808,93848.93,49.77,73
A13113008,서울특별시,16,92808,93848.93,59.46,6
A13113008,서울특별시,16,92808,93848.93,59.47,34
A13113008,서울특별시,16,92808,93848.93,59.49,66
A13113008,서울특별시,16,92808,93848.93,59.52,4
A13113008,서울특별시,16,92808,93848.93,59.54,4
A13113008,서울특별시,16,92808,93848.93,59.56,14
A13113008,서울특별시,16,92808,93848.93,59.57,2
A13113008,서울특별시,16,92808,93848.93,59.6,120
A13113008,서울특별시,16,92808,93848.93,59.69,4
A13113008,서울특별시,16,92808,93848.93,59.71,30
A13113008,서울특별시,16,92808,93848.93,59.81,26
A13113008,서울특별시,16,92808,93848.93,59.88,26
A13113008,서울특별시,16,92808,93848.93,59.93,2
A13113008,서울특별시,16,92808,93848.93,59.99,51
A13113008,서울특별시,16,92808,93848.93,84.62,25
A13113008,서울특별시,16,92808,93848.93,84.65,242
A13113008,서울특별시,16,92808,93848.93,84.79,29
A13113008,서울특별시,16,92808,93848.93,84.82,29
A13113008,서울특별시,16,92808,93848.93,84.91,36
A13113008,서울특별시,16,92808,93848.93,84.94,143
A13113008,서울특별시,16,92808,93848.93,101.64,4
A13113008,서울특별시,16,92808,93848.93,101.65,86
A13176901,서울특별시,16,123283.625,79792.29,39.84,534
A13176901,서울특별시,16,123283.625,79792.29,49.77,573
A13176901,서울특별시,16,123283.625,79792.29,59.76,502
A13176902,서울특별시,2,19682.6,13346.4,39.84,335
A13178101,서울특별시,15,130623.67,101199.27,59.7,88
A13178101,서울특별시,15,130623.67,101199.27,59.98,174
A13178101,서울특별시,15,130623.67,101199.27,59.99,452
A13178101,서울특별시,15,130623.67,101199.27,84.3,105
A13178101,서울특별시,15,130623.67,101199.27,84.45,55
A13178101,서울특별시,15,130623.67,101199.27,84.81,83
A13178101,서울특별시,15,130623.67,101199.27,84.82,60
A13178101,서울특별시,15,130623.67,101199.27,84.99,90
A13178101,서울특별시,15,130623.67,101199.27,114.48,60
A13178101,서울특별시,15,130623.67,101199.27,114.67,3
A13178101,서울특별시,15,130623.67,101199.27,114.71,112
A13178101,서울특별시,15,130623.67,101199.27,114.99,44
A13186502,서울특별시,3,16456.195,13481.11,81.75,31
A13186502,서울특별시,3,16456.195,13481.11,84.67,103
A13186502,서울특별시,3,16456.195,13481.11,117.15,19
A13186503,서울특별시,2,26681.04,17375.7,59.82,125
A13186503,서울특별시,2,26681.04,17375.7,84.6,117
A13186504,서울특별시,5,27801.254,22060.61,84.8485,260
A13186708,서울특별시,9,108504.01,83174.2,59.4,442
A13186708,서울특별시,9,108504.01,83174.2,65.56,105
A13186708,서울특별시,9,108504.01,83174.2,84.08,76
A13186708,서울특별시,9,108504.01,83174.2,84.98,236
A13186708,서울특별시,9,108504.01,83174.2,125.48,188
A13186801,서울특별시,1,11641.5,11641.5,59.96,66
A13186801,서울특별시,1,11641.5,11641.5,84.87,73
A13186801,서울특별시,1,11641.5,11641.5,114.51,13
A13186905,서울특별시,2,19157.89,18077.36,59.23,48
A13186905,서울특별시,2,19157.89,18077.36,59.6,147
A13186905,서울특별시,2,19157.89,18077.36,70.16,12
A13186905,서울특별시,2,19157.89,18077.36,76.16,10
A13186905,서울특별시,2,19157.89,18077.36,76.6,12
A13186905,서울특별시,2,19157.89,18077.36,82.3,48
A13186907,서울특별시,5,60509.082,59818.88,84.97,704
A13187004,서울특별시,5,92645.76,73944.04,84.32,619
A13187004,서울특별시,5,92645.76,73944.04,84.4,141
A13187004,서울특별시,5,92645.76,73944.04,84.91,116
A13187201,서울특별시,8,75265.84,55417.68,66.96,523
A13187201,서울특별시,8,75265.84,55417.68,84.99,240
A13187203,서울특별시,17,113198.02,91553.06,101.86,608
A13187203,서울특별시,17,113198.02,91553.06,134.37,162
A13187203,서울특별시,17,113198.02,91553.06,163.63,48
A13187302,서울특별시,6,57622.44,40010.3,39.76,239
A13187302,서울특별시,6,57622.44,40010.3,49.77,326
A13187302,서울특별시,6,57622.44,40010.3,59.76,239
A13187305,서울특별시,10,83069.42,54106.78,33.18,486
A13187305,서울특별시,10,83069.42,54106.78,39.84,337
A13187305,서울특별시,10,83069.42,54106.78,49.82,94
A13187305,서울특별시,10,83069.42,54106.78,49.93,398
A13187306,서울특별시,8,67578.71,45104.6,24.05,657
A13187306,서울특별시,8,67578.71,45104.6,30.4,150
A13187306,서울특별시,8,67578.71,45104.6,39.59,625
A13187406,서울특별시,6,54277.543,42562.44,59.57,38
A13187406,서울특별시,6,54277.543,42562.44,59.77,174
A13187406,서울특별시,6,54277.543,42562.44,84.36,42
A13187406,서울특별시,6,54277.543,42562.44,84.4,186
A13187406,서울특별시,6,54277.543,42562.44,115.84,92
A10020555,서울특별시,8,95932.03,71063.89,39.99,96
A10020555,서울특별시,8,95932.03,71063.89,49.97,39
A10020555,서울특별시,8,95932.03,71063.89,49.99,39
A10020555,서울특별시,8,95932.03,71063.89,59.99,398
A10020555,서울특별시,8,95932.03,71063.89,70.98,162
A10020555,서울특별시,8,95932.03,71063.89,84.54,72
A10020555,서울특별시,8,95932.03,71063.89,84.97,66
A10020555,서울특별시,8,95932.03,71063.89,84.99,139
A10020555,서울특별시,8,95932.03,71063.89,100.97,22
A10020555,서울특별시,8,95932.03,71063.89,100.99,22
A10020974,서울특별시,2,13452.6,10454.73,84.63,40
A10020974,서울특별시,2,13452.6,10454.73,84.87,39
A10020974,서울특별시,2,13452.6,10454.73,96.4,39
A10021393,서울특별시,1,11097.533,8472.512,58.413,5
A10021393,서울특별시,1,11097.533,8472.512,80.14,13
A10021393,서울특별시,1,11097.533,8472.512,81.574,12
A10021393,서울특별시,1,11097.533,8472.512,82.243,13
A10021393,서울특별시,1,11097.533,8472.512,84.843,60
A10023899,서울특별시,1,5654.88,2583.36,17.94,144
A10026046,서울특별시,2,11426.18,9187.7,65.98,1
A10026046,서울특별시,2,11426.18,9187.7,67.75,1
A10026046,서울특별시,2,11426.18,9187.7,73.25,1
A10026046,서울특별시,2,11426.18,9187.7,75.31,1
A10026046,서울특별시,2,11426.18,9187.7,84.69,57
A10026046,서울특별시,2,11426.18,9187.7,84.96,48
A10027456,서울특별시,2,16144.68,8695.44,84.06,15
A10027456,서울특별시,2,16144.68,8695.44,84.1,19
A10027456,서울특별시,2,16144.68,8695.44,84.35,25
A10027456,서울특별시,2,16144.68,8695.44,84.49,14
A10027456,서울특별시,2,16144.68,8695.44,84.79,23
A10027456,서울특별시,2,16144.68,8695.44,84.98,7
A13187501,서울특별시,1,17030.12,13006.25,63.21,1
A13187501,서울특별시,1,17030.12,13006.25,74.23,15
A13187501,서울특별시,1,17030.12,13006.25,84.13,70
A13187501,서울특별시,1,17030.12,13006.25,84.82,33
A13187501,서울특별시,1,17030.12,13006.25,84.89,12
A13187501,서울특별시,1,17030.12,13006.25,84.91,25
A13187702,서울특별시,9,144206.27,105896.94,50.37,248
A13187702,서울특별시,9,144206.27,105896.94,59.76,644
A13187702,서울특별시,9,144206.27,105896.94,84.03,440
A13187702,서울특별시,9,144206.27,105896.94,84.2,54
A13187702,서울특별시,9,144206.27,105896.94,84.69,54
A13187702,서울특별시,9,144206.27,105896.94,84.87,104
