단지코드,건물구조,전기-수전용량,전기-세대전기계약방식,승강기관리-관리방식,승강기대수,총주차대수,CCTV대수,홈네트워크,부대복리시설,최고층수,지하층수
A11007001,철근콘크리트구조,2150,종합계약,위탁관리,5,315,82,무,"관리사무소, 주민공동시설",16,3
A10021295,철근콘크리트구조,1700,단일계약,위탁관리,8,458,87,유,,16,1
A10021652,철근콘크리트구조,1350,종합계약,위탁관리,0,283,158,무,,16,4
A11005401,철골철근콘크리트구조,6150,종합계약,위탁관리,21,1415,256,유,"관리사무소, 보육시설, 문고, 주민공동시설, 어린이놀이터, 휴게시설, 커뮤니티공간, 자전거보관소, 기타",14,4
A11034001,철근콘크리트구조,1250,단일계약,위탁관리,4,204,56,무,"관리사무소, 자전거보관소",9,3
A10020992,,,,,0,0,,,,15,0
A11041001,철골철근콘크리트구조,2000,종합계약,위탁관리,8,428,81,무,"관리사무소, 노인정, 주민공동시설, 어린이놀이터, 커뮤니티공간, 자전거보관소",19,5
A10027162,철골철근콘크리트구조,500,종합계약,위탁관리,2,93,32,무,"관리사무소, 주민공동시설, 자전거보관소",14,3
A10023586,철골철근콘크리트구조,900,종합계약,위탁관리,4,230,126,유,"관리사무소, 커뮤니티공간, 자전거보관소, 기타",15,5
A11052201,철근콘크리트구조,1200,단일계약,위탁관리,12,438,66,무,"관리사무소, 노인정, 어린이놀이터, 휴게시설, 자전거보관소",20,3
A11076701,기타구조,650,단일계약,위탁관리,2,163,70,무,"관리사무소, 노인정, 어린이놀이터",8,2
A11054101,철근콘크리트구조,1700,단일계약,위탁관리,11,521,108,무,"관리사무소, 노인정, 보육시설, 문고, 주민공동시설, 어린이놀이터",23,2
A11054301,철근콘크리트구조,275,단일계약,위탁관리,10,306,60,무,"관리사무소, 노인정, 어린이놀이터",14,0
A11077101,철근콘크리트구조,1700,단일계약,위탁관리,17,500,126,무,"관리사무소, 노인정, 어린이놀이터, 자전거보관소",15,0
A10021626,철골철근콘크리트구조,782,종합계약,위탁관리,4,172,52,무,"관리사무소, 노인정, 어린이놀이터",19,2
A11087601,철근콘크리트구조,3650,종합계약,위탁관리,4,286,88,무,"관리사무소, 노인정, 자전거보관소",30,4
A10024713,철골철근콘크리트구조,500,단일계약,위탁관리,2,71,16,무,관리사무소,8,1
A11087602,철근콘크리트구조,2350,단일계약,위탁관리,18,512,127,무,"관리사무소, 노인정, 문고, 주민공동시설, 어린이놀이터, 커뮤니티공간, 자전거보관소",12,3
A11055002,철근콘크리트구조,1750,단일계약,위탁관리,10,342,93,무,"관리사무소, 노인정, 주민공동시설, 어린이놀이터, 휴게시설, 자전거보관소",20,2
A10027105,철근콘크리트구조,5057,단일계약,위탁관리,25,734,238,유,"관리사무소, 노인정, 보육시설, 문고, 주민공동시설, 어린이놀이터, 커뮤니티공간, 자전거보관소",20,4
A10027118,철근콘크리트구조,8500,단일계약,위탁관리,40,1456,363,유,"관리사무소, 노인정, 보육시설, 문고, 주민공동시설, 어린이놀이터, 휴게시설, 유치원, 커뮤니티공간, 자전거보관소",21,2
A10026940,철골철근콘크리트구조,1700,종합계약,위탁관리,4,222,31,유,"관리사무소, 커뮤니티공간, 자전거보관소, 기타",19,5
A10026946,철근콘크리트구조,2600,단일계약,위탁관리,18,501,109,유,"관리사무소, 노인정, 주민공동시설, 어린이놀이터, 자전거보관소",19,2
A10021355,철근콘크리트구조,129,기타,,0,129,27,무,,3,1
A10024669,,,,,0,0,,,,3,0
A10024780,,,,,0,0,,,,3,0
A10021787,철골철근콘크리트구조,761,기타,,0,252,20,무,,3,0
A10021278,,,,,0,0,,,,11,0
A11084601,철근콘크리트구조,750,종합계약,위탁관리,6,256,52,무,"관리사무소, 노인정, 주민공동시설, 어린이놀이터, 자전거보관소",14,2
A11001203,철근콘크리트구조,1015,종합계약,위탁관리,4,170,32,무,"관리사무소, 노인정, 어린이놀이터",15,2
A10025710,철근콘크리트구조,1348,종합계약,위탁관리,16,245,134,유,"관리사무소, 노인정, 주민공동시설, 어린이놀이터, 휴게시설, 커뮤니티공간, 자전거보관소",16,2
A11081503,철근콘크리트구조,3000,단일계약,위탁관리,25,1162,120,무,"관리사무소, 노인정, 보육시설, 문고, 주민공동시설, 어린이놀이터, 휴게시설, 유치원, 커뮤니티공간, 자전거보관소",23,2
A11008001,철근콘크리트구조,1650,단일계약,위탁관리,8,205,60,무,"관리사무소, 노인정, 보육시설, 어린이놀이터, 휴게시설, 자전거보관소",22,2
A10027708,철골철근콘크리트구조,950,단일계약,위탁관리,7,212,70,유,"관리사무소, 주민공동시설, 어린이놀이터, 커뮤니티공간, 자전거보관소",17,3
A11081302,철근콘크리트구조,3000,종합계약,위탁관리,29,1044,248,유,"관리사무소, 노인정, 어린이놀이터",17,0
A10020414,철근콘크리트구조,,종합계약,위탁관리,8,0,,유,"관리사무소, 휴게시설, 커뮤니티공간, 자전거보관소",18,4
A10088101,철골철근콘크리트구조,2550,종합계약,위탁관리,10,567,196,유,"관리사무소, 노인정, 어린이놀이터, 커뮤니티공간, 자전거보관소",30,7
A10088102,철근콘크리트구조,7675,종합계약,위탁관리,10,760,242,유,"관리사무소, 노인정, 문고, 주민공동시설, 어린이놀이터, 휴게시설, 커뮤니티공간, 자전거보관소",32,7
A10072501,철근콘크리트구조,5150,종합계약,위탁관리,7,605,146,유,"관리사무소, 어린이놀이터, 휴게시설, 커뮤니티공간",33,7
A10071301,기타철골철근콘크리트구조,6825,종합계약,위탁관리,8,536,266,유,"관리사무소, 노인정, 주민공동시설, 어린이놀이터, 휴게시설, 커뮤니티공간, 자전거보관소, 기타",32,7
A10086301,철근콘크리트구조,900,단일계약,위탁관리,4,0,91,무,관리사무소,16,1
A10025223,철근콘크리트구조,1500,단일계약,위탁관리,3,212,43,유,관리사무소,20,5
A10023352,철골철근콘크리트구조,3000,종합계약,위탁관리,7,366,137,유,"관리사무소, 노인정, 보육시설, 문고, 주민공동시설, 어린이놀이터, 휴게시설, 커뮤니티공간, 자전거보관소",26,9
A10028201,철골철근콘크리트구조,500,단일계약,위탁관리,3,0,37,무,"관리사무소, 자전거보관소",10,5
A10026849,,,,,0,0,,,,10,0
A10022761,철근콘크리트구조,1500,종합계약,위탁관리,6,302,139,유,"관리사무소, 문고, 주민공동시설, 커뮤니티공간, 자전거보관소",9,3
A10024327,철골철근콘크리트구조,950,단일계약,위탁관리,2,142,16,무,주민공동시설,15,3
A10023356,철골철근콘크리트구조,4850,단일계약,위탁관리,6,351,199,유,"관리사무소, 노인정, 문고, 주민공동시설, 어린이놀이터, 휴게시설, 유치원, 커뮤니티공간, 자전거보관소",27,8
A10023343,철골철근콘크리트구조,2750,단일계약,위탁관리,12,511,296,무,"관리사무소, 노인정, 보육시설, 주민공동시설, 어린이놀이터, 자전거보관소",27,8
A10078901,철근콘크리트구조,4050,종합계약,위탁관리,30,968,279,유,"관리사무소, 노인정, 보육시설, 어린이놀이터, 커뮤니티공간, 자전거보관소",15,6
A10078902,철근콘크리트구조,760,단일계약,위탁관리,2,161,33,무,"관리사무소, 노인정, 어린이놀이터, 자전거보관소",15,2
A10025456,철근콘크리트구조,3000,종합계약,위탁관리,12,504,144,유,"관리사무소, 노인정, 보육시설, 문고, 주민공동시설, 어린이놀이터, 휴게시설, 커뮤니티공간, 자전거보관소",20,3
A10025372,콘크리트구조,1450,단일계약,위탁관리,8,176,76,유,"관리사무소, 노인정, 보육시설, 주민공동시설, 어린이놀이터, 커뮤니티공간, 자전거보관소",16,3
A10045302,철근콘크리트구조,10350,단일계약,위탁관리,74,3319,589,무,"관리사무소, 노인정, 주민공동시설, 어린이놀이터, 휴게시설, 자전거보관소, 기타",18,3
A10045301,철근콘크리트구조,4585,단일계약,위탁관리,25,776,135,무,"관리사무소, 노인정, 보육시설, 주민공동시설, 어린이놀이터, 휴게시설, 커뮤니티공간, 자전거보관소",18,0
A10045403,철근콘크리트구조,4050,단일계약,위탁관리,25,1277,223,무,"관리사무소, 노인정, 어린이놀이터, 자전거보관소, 기타",23,5
A10045401,철근콘크리트구조,1125,단일계약,위탁관리,6,136,21,무,"관리사무소, 노인정, 어린이놀이터, 자전거보관소",21,3
A10045404,철근콘크리트구조,5500,단일계약,위탁관리,36,1835,275,무,"관리사무소, 노인정, 어린이놀이터",20,3
A10045001,철근콘크리트구조,2000,단일계약,위탁관리,12,652,138,무,"관리사무소, 노인정, 어린이놀이터, 자전거보관소",23,3
A10045601,철근콘크리트구조,2850,단일계약,위탁관리,20,753,104,유,"관리사무소, 노인정, 어린이놀이터, 자전거보관소",15,0
A10023488,철골콘크리트구조,2450,종합계약,위탁관리,4,96,49,무,"관리사무소, 자전거보관소",11,0
A10045402,철근콘크리트구조,1180,단일계약,위탁관리,8,179,44,무,"관리사무소, 노인정, 어린이놀이터, 자전거보관소",18,0
A10045002,철근콘크리트구조,3250,종합계약,위탁관리,33,1002,208,유,"관리사무소, 노인정, 보육시설, 문고, 주민공동시설, 어린이놀이터, 자전거보관소",15,3
A10078103,철근콘크리트구조,950,단일계약,위탁관리,2,112,27,무,"관리사무소, 노인정, 어린이놀이터, 자전거보관소",15,2
A10078102,철근콘크리트구조,600,단일계약,위탁관리,4,142,28,무,"관리사무소, 노인정, 어린이놀이터",15,0
A10095501,철골철근콘크리트구조,1600,단일계약,위탁관리,2,94,67,유,"관리사무소, 문고, 커뮤니티공간, 자전거보관소",15,3
A10095502,철근콘크리트구조,4135,단일계약,위탁관리,8,618,237,유,"관리사무소, 노인정, 문고, 주민공동시설, 어린이놀이터, 휴게시설, 커뮤니티공간, 기타",36,6
A10044001,일반철골구조,1150,단일계약,위탁관리,6,151,46,유,"관리사무소, 노인정, 주민공동시설, 어린이놀이터, 자전거보관소",33,0
A10044002,일반철골구조,6150,종합계약,위탁관리,25,1959,810,유,"관리사무소, 노인정, 보육시설, 주민공동시설, 어린이놀이터, 커뮤니티공간, 자전거보관소",33,0
A10020147,,,,,0,0,,,,18,3
A10086801,철근콘크리트구조,2800,종합계약,위탁관리,9,414,185,유,"관리사무소, 어린이놀이터",20,6
A10024801,철골철근콘크리트구조,750,단일계약,위탁관리,5,132,47,유,,20,3
A10024359,철골철근콘크리트구조,1850,종합계약,위탁관리,2,131,50,무,"관리사무소, 휴게시설, 자전거보관소",9,5
A10027364,철근콘크리트구조,2750,종합계약,위탁관리,8,363,170,무,"관리사무소, 노인정, 문고, 주민공동시설, 어린이놀이터, 휴게시설, 커뮤니티공간, 자전거보관소",22,5
A10024756,,,,,0,0,,,,27,0
A10023788,철근콘크리트구조,1064,단일계약,위탁관리,4,101,54,무,"관리사무소, 주민공동시설, 휴게시설, 자전거보관소",7,2
A10095301,철근콘크리트구조,1500,단일계약,위탁관리,3,641,23,유,"관리사무소, 주민공동시설, 휴게시설, 자전거보관소",35,7
A10085902,철근콘크리트구조,650,단일계약,위탁관리,4,240,45,무,"관리사무소, 노인정, 어린이놀이터, 자전거보관소",18,3
A10085903,철근콘크리트구조,2400,단일계약,위탁관리,36,890,173,무,"관리사무소, 노인정, 주민공동시설, 어린이놀이터, 자전거보관소",18,2
A10080701,철근콘크리트구조,1500,단일계약,위탁관리,7,221,45,유,"관리사무소, 노인정, 어린이놀이터, 커뮤니티공간, 자전거보관소",15,2
A10026881,철골철근콘크리트구조,5500,단일계약,위탁관리,31,1547,352,유,"관리사무소, 노인정, 보육시설, 주민공동시설, 어린이놀이터, 휴게시설, 커뮤니티공간, 자전거보관소",25,5
A10026517,철골콘크리트구조,1564,단일계약,위탁관리,8,217,92,유,"관리사무소, 노인정, 주민공동시설, 어린이놀이터, 휴게시설, 커뮤니티공간, 자전거보관소",14,2
A14019001,철근콘크리트구조,375,단일계약,위탁관리,5,120,14,무,"관리사무소, 노인정, 어린이놀이터, 휴게시설",7,1
A10020608,철골철근콘크리트구조,2160,종합계약,관리방식미정,3,150,136,유,"관리사무소, 주민공동시설, 휴게시설, 커뮤니티공간, 자전거보관소",24,4
A14070901,철골철근콘크리트구조,2000,종합계약,위탁관리,17,624,280,유,"관리사무소, 문고, 주민공동시설, 어린이놀이터, 휴게시설, 커뮤니티공간, 자전거보관소, 기타",35,8
A10020656,철골철근콘크리트구조,1460,종합계약,위탁관리,4,95,129,무,"관리사무소, 주민공동시설, 휴게시설",10,5
A14070301,철근콘크리트구조,10880,종합계약,위탁관리,11,394,70,유,"관리사무소, 노인정, 주민공동시설, 어린이놀이터, 커뮤니티공간, 자전거보관소, 기타",24,5
A14070302,철골철근콘크리트구조,5250,단일계약,위탁관리,13,922,167,유,"관리사무소, 노인정, 주민공동시설, 어린이놀이터, 휴게시설, 커뮤니티공간, 자전거보관소",37,6
A10023798,철골철근콘크리트구조,3750,단일계약,위탁관리,12,423,219,유,"관리사무소, 보육시설, 문고, 어린이놀이터, 휴게시설, 커뮤니티공간, 자전거보관소",29,6
A14006001,철근콘크리트구조,850,단일계약,위탁관리,8,196,46,무,"관리사무소, 노인정, 어린이놀이터, 자전거보관소",15,1
A14004002,철근콘크리트구조,3000,단일계약,위탁관리,23,1312,180,무,"관리사무소, 노인정, 어린이놀이터, 휴게시설, 자전거보관소",20,4
A14076401,철근콘크리트구조,750,단일계약,위탁관리,5,324,37,무,"관리사무소, 노인정, 어린이놀이터",20,2
A14004001,철근콘크리트구조,900,단일계약,위탁관리,4,242,32,무,"관리사무소, 노인정, 주민공동시설, 어린이놀이터, 휴게시설",14,3
A14005001,철근콘크리트구조,2300,종합계약,위탁관리,6,534,111,유,"관리사무소, 노인정, 어린이놀이터, 자전거보관소",15,0
A14085101,철근콘크리트구조,950,단일계약,위탁관리,12,291,65,무,"관리사무소, 노인정, 주민공동시설, 어린이놀이터, 자전거보관소",22,2
A14085002,철근콘크리트구조,1530,단일계약,위탁관리,9,514,52,무,"관리사무소, 어린이놀이터, 휴게시설, 자전거보관소",12,0
A10022232,조적구조,24,단일계약,,0,85,20,무,"관리사무소, 자전거보관소",6,1
A10025898,철근콘크리트구조,1800,단일계약,위탁관리(직영+위탁),14,216,86,유,"관리사무소, 노인정, 주민공동시설, 어린이놀이터, 커뮤니티공간, 자전거보관소",18,3
A10023858,철근콘크리트구조,2400,종합계약,위탁관리,19,465,233,유,"관리사무소, 노인정, 보육시설, 문고, 주민공동시설, 어린이놀이터, 자전거보관소",14,3
A10025533,철근콘크리트구조,2630,단일계약,위탁관리,30,521,225,유,"관리사무소, 노인정, 문고, 주민공동시설, 어린이놀이터, 휴게시설, 유치원, 커뮤니티공간, 자전거보관소",22,4
A14074101,철근콘크리트구조,1750,단일계약,위탁관리,9,345,109,유,"관리사무소, 노인정, 보육시설, 문고, 주민공동시설, 어린이놀이터, 휴게시설, 자전거보관소",24,4
A14074102,철골철근콘크리트구조,23,단일계약,,0,109,8,무,"관리사무소, 노인정, 보육시설, 문고, 주민공동시설, 어린이놀이터, 휴게시설, 유치원, 커뮤니티공간, 자전거보관소, 기타",6,0
A14007002,철근콘크리트구조,3875,단일계약,위탁관리,39,1927,318,무,"관리사무소, 노인정, 어린이놀이터, 자전거보관소",22,4
A14007001,철골철근콘크리트구조,950,단일계약,위탁관리,6,263,47,무,"관리사무소, 노인정, 보육시설, 어린이놀이터",20,2
A14083101,철근콘크리트구조,1100,단일계약,위탁관리,10,224,60,유,"관리사무소, 노인정, 어린이놀이터, 자전거보관소",10,2
A10027901,철골철근콘크리트구조,2600,단일계약,위탁관리,8,289,106,유,"관리사무소, 노인정, 주민공동시설, 커뮤니티공간, 자전거보관소",39,6
A14010003,철근콘크리트구조,2250,종합계약,위탁관리,8,463,97,유,"관리사무소, 노인정, 주민공동시설, 휴게시설, 커뮤니티공간, 자전거보관소",32,3
A14010001,철골철근콘크리트구조,2500,종합계약,위탁관리,5,392,72,유,"관리사무소, 노인정, 보육시설, 주민공동시설, 휴게시설, 커뮤니티공간, 자전거보관소",32,3
A14010002,철근콘크리트구조,1600,단일계약,위탁관리,6,314,130,무,"관리사무소, 노인정, 주민공동시설, 휴게시설, 커뮤니티공간, 자전거보관소",34,5
A14009001,철근콘크리트구조,4500,단일계약,위탁관리,21,1046,257,유,"관리사무소, 노인정, 보육시설, 문고, 주민공동시설, 어린이놀이터, 휴게시설, 커뮤니티공간, 자전거보관소",25,2
A14001101,철골철근콘크리트구조,2750,종합계약,위탁관리,4,307,105,유,"관리사무소, 자전거보관소",37,6
A14075201,철근콘크리트구조,7750,종합계약,위탁관리,8,595,141,유,"관리사무소, 노인정, 주민공동시설, 어린이놀이터, 커뮤니티공간, 자전거보관소",34,5
A10026922,철골철근콘크리트구조,1767,종합계약,위탁관리,10,476,248,유,"관리사무소, 주민공동시설, 휴게시설, 커뮤니티공간",40,9
A10026719,철골철근콘크리트구조,5000,종합계약,위탁관리,17,777,200,무,"관리사무소, 주민공동시설, 커뮤니티공간, 자전거보관소, 기타",36,7
A10024333,철골철근콘크리트구조,2750,종합계약,위탁관리,14,687,476,유,"관리사무소, 보육시설, 문고, 주민공동시설, 어린이놀이터, 자전거보관소",37,7
A10023195,철골철근콘크리트구조,1300,단일계약,위탁관리,3,199,45,무,"관리사무소, 노인정, 문고, 주민공동시설, 어린이놀이터, 자전거보관소",28,2
A10026759,철골철근콘크리트구조,9750,종합계약,위탁관리,4,332,14,유,"관리사무소, 주민공동시설, 휴게시설, 커뮤니티공간, 자전거보관소",37,9
A10021269,철골콘크리트구조,1500,기타,위탁관리,4,128,21,무,"관리사무소, 자전거보관소",15,0
A14001201,철근콘크리트구조,2500,단일계약,위탁관리,8,350,56,유,"관리사무소, 어린이놀이터, 자전거보관소",33,4
A10020622,철골구조,6300,종합계약,위탁관리,13,299,223,유,"관리사무소, 커뮤니티공간",39,8
A14002501,철근콘크리트구조,15450,종합계약,위탁관리,31,2147,485,유,"관리사무소, 주민공동시설, 어린이놀이터, 커뮤니티공간, 자전거보관소",40,4
A14088201,철근콘크리트구조,4280,종합계약,위탁관리,10,575,123,유,"관리사무소, 주민공동시설, 휴게시설, 커뮤니티공간, 자전거보관소",33,5
A10022504,,,,,0,0,,,,20,6
A10024691,철골철근콘크리트구조,13750,종합계약,위탁관리,26,2005,614,유,"관리사무소, 노인정, 보육시설, 문고, 주민공동시설, 어린이놀이터, 휴게시설, 유치원, 커뮤니티공간, 자전거보관소",43,5
A14001303,철근콘크리트구조,5250,종합계약,위탁관리,14,1051,228,유,"관리사무소, 주민공동시설, 휴게시설, 커뮤니티공간, 자전거보관소",42,3
A14074501,,,,,0,0,,,,12,1
A14088302,철근콘크리트구조,3450,종합계약,위탁관리,8,451,54,무,"관리사무소, 노인정, 어린이놀이터",29,3
A14003007,철근콘크리트구조,4000,종합계약,위탁관리,20,1686,242,무,"관리사무소, 노인정, 주민공동시설, 어린이놀이터, 자전거보관소",25,2
A14003001,철근콘크리트구조,900,종합계약,위탁관리,5,258,55,무,"관리사무소, 노인정, 보육시설, 어린이놀이터",20,2
A10022800,철근콘크리트구조,400,종합계약,위탁관리,3,122,22,무,"관리사무소, 어린이놀이터",14,2
A10027908,철골철근콘크리트구조,57500,종합계약,위탁관리,11,1249,223,유,"관리사무소, 노인정, 문고, 주민공동시설, 어린이놀이터, 휴게시설, 커뮤니티공간, 자전거보관소, 기타",56,3
A14072901,철근콘크리트구조,1250,종합계약,위탁관리,8,206,32,무,"관리사무소, 노인정, 주민공동시설, 어린이놀이터, 휴게시설, 자전거보관소",22,1
A14072702,철근콘크리트구조,2750,단일계약,위탁관리,19,834,108,무,"관리사무소, 노인정, 보육시설, 주민공동시설, 어린이놀이터, 자전거보관소",22,2
A14003106,철근콘크리트구조,2350,단일계약,위탁관리,23,1066,142,무,"관리사무소, 노인정, 어린이놀이터, 커뮤니티공간, 자전거보관소",22,2
A14090902,철근콘크리트구조,1650,단일계약,위탁관리,12,465,57,무,"관리사무소, 노인정, 어린이놀이터, 자전거보관소",22,2
A14003004,철근콘크리트구조,1450,종합계약,위탁관리,9,475,96,무,"관리사무소, 어린이놀이터",25,2
A14003104,철근콘크리트구조,1827,단일계약,위탁관리,8,608,136,무,"관리사무소, 노인정, 주민공동시설, 어린이놀이터, 자전거보관소",18,2
A14003006,철근콘크리트구조,1650,종합계약,위탁관리,22,539,85,무,"관리사무소, 노인정, 어린이놀이터",22,2
A14003101,철근콘크리트구조,860,종합계약,위탁관리,8,192,36,무,"관리사무소, 어린이놀이터",12,1
A14003002,철근콘크리트구조,900,단일계약,,0,250,25,무,관리사무소,5,0
A14003008,철근콘크리트구조,2100,종합계약,,0,1000,14,무,"관리사무소, 노인정, 어린이놀이터",5,0
A14077401,철골철근콘크리트구조,742,종합계약,위탁관리,4,137,17,무,"관리사무소, 자전거보관소",18,0
A14072701,철근콘크리트구조,4750,단일계약,위탁관리,48,2173,186,유,"관리사무소, 노인정, 어린이놀이터, 유치원, 커뮤니티공간, 자전거보관소",22,3
A14003105,철근콘크리트구조,2000,단일계약,위탁관리,19,1162,120,무,"관리사무소, 노인정, 어린이놀이터, 자전거보관소",24,0
A14003003,철근콘크리트구조,1050,단일계약,위탁관리,6,202,28,무,"관리사무소, 어린이놀이터, 자전거보관소",12,1
A14085501,철근콘크리트구조,1900,단일계약,위탁관리,13,379,80,무,"관리사무소, 노인정, 보육시설, 주민공동시설, 어린이놀이터, 휴게시설, 유치원, 자전거보관소, 기타",22,0
A14086101,철근콘크리트구조,1065,종합계약,,0,530,80,무,"관리사무소, 노인정, 어린이놀이터",5,1
A10027425,,,,,0,0,,,,5,1
A14086001,철근콘크리트구조,3200,단일계약,위탁관리,20,395,97,무,"관리사무소, 노인정, 어린이놀이터",12,0
A10025192,철근콘크리트구조,6500,종합계약,위탁관리,55,1594,1750,유,"관리사무소, 노인정, 문고, 주민공동시설, 어린이놀이터, 휴게시설, 커뮤니티공간, 자전거보관소",9,4
A10021637,철골철근콘크리트구조,1100,기타,위탁관리,2,136,48,무,"관리사무소, 자전거보관소",13,4
A14077902,철근콘크리트구조,9175,종합계약,위탁관리,60,1717,637,유,"관리사무소, 주민공동시설, 어린이놀이터, 커뮤니티공간",12,2
A14021001,철근콘크리트구조,1550,종합계약,위탁관리,7,373,64,무,"관리사무소, 커뮤니티공간, 기타",15,3
A10022228,,,,,0,0,,,,17,3
A10023379,철근콘크리트구조,810,종합계약,위탁관리,3,128,30,무,"관리사무소, 노인정, 휴게시설, 자전거보관소",15,2
A10027071,철골철근콘크리트구조,850,종합계약,위탁관리,4,189,74,유,"관리사무소, 휴게시설, 자전거보관소",18,7
A14077901,철근콘크리트구조,1800,단일계약,위탁관리,15,470,99,유,"관리사무소, 노인정, 주민공동시설, 어린이놀이터, 휴게시설, 자전거보관소",15,2
A10021339,철골콘크리트구조,250,종합계약,위탁관리,1,12,8,무,관리사무소,6,1
A10022221,철골철근콘크리트구조,675,단일계약,위탁관리,3,167,16,무,,19,2
A14024001,철근콘크리트구조,1090,단일계약,위탁관리,5,304,54,유,"관리사무소, 노인정, 어린이놀이터, 자전거보관소",18,2
A14024002,철근콘크리트구조,4850,단일계약,위탁관리,51,1517,230,무,"관리사무소, 노인정, 주민공동시설, 어린이놀이터, 자전거보관소",13,1
A14082302,철근콘크리트구조,800,단일계약,위탁관리,8,247,59,무,"관리사무소, 노인정, 어린이놀이터, 자전거보관소",15,3
A14082601,철근콘크리트구조,780,단일계약,위탁관리,9,206,62,무,"관리사무소, 노인정, 어린이놀이터, 커뮤니티공간, 자전거보관소",15,0
A13373302,철근콘크리트구조,800,단일계약,위탁관리,4,164,31,무,"관리사무소, 노인정, 주민공동시설, 어린이놀이터, 자전거보관소",13,2
A13373301,철골철근콘크리트구조,4750,단일계약,위탁관리,33,1401,305,유,"관리사무소, 노인정, 보육시설, 문고, 주민공동시설, 어린이놀이터, 휴게시설, 커뮤니티공간, 자전거보관소",25,2
A13377302,철근콘크리트구조,1150,단일계약,위탁관리,6,100,37,무,"관리사무소, 노인정, 보육시설, 주민공동시설, 어린이놀이터, 자전거보관소",18,2
A13385802,철근콘크리트구조,870,단일계약,위탁관리,10,207,49,무,"관리사무소, 노인정, 주민공동시설, 어린이놀이터, 휴게시설, 자전거보관소",15,1
A10027432,철골콘크리트구조,2000,단일계약,위탁관리,20,299,105,유,"관리사무소, 노인정, 주민공동시설, 어린이놀이터, 휴게시설, 자전거보관소",18,3
A10027289,철근콘크리트구조,15630,기타,위탁관리,73,3166,863,유,"관리사무소, 노인정, 보육시설, 문고, 어린이놀이터, 휴게시설, 커뮤니티공간, 자전거보관소, 기타",28,5
A10026900,철골철근콘크리트구조,2500,종합계약,위탁관리,17,933,241,유,"관리사무소, 노인정, 보육시설, 문고, 주민공동시설, 어린이놀이터, 휴게시설, 유치원, 커뮤니티공간, 자전거보관소",20,4
A10027969,철골철근콘크리트구조,1610,단일계약,위탁관리,6,294,60,유,"관리사무소, 노인정, 주민공동시설, 어린이놀이터, 자전거보관소",14,2
A13302206,철골콘크리트구조,2800,단일계약,위탁관리,25,849,190,무,"관리사무소, 노인정, 어린이놀이터",18,5
A13302001,철근콘크리트구조,2550,단일계약,위탁관리,23,825,126,무,"관리사무소, 노인정, 어린이놀이터",21,4
A13388001,철근콘크리트구조,700,단일계약,위탁관리,4,132,28,무,"관리사무소, 노인정, 어린이놀이터",15,0
A10027920,철골콘크리트구조,7250,종합계약,위탁관리,41,2055,165,유,"관리사무소, 노인정, 보육시설, 문고, 주민공동시설, 어린이놀이터, 휴게시설, 유치원, 커뮤니티공간, 자전거보관소",25,3
A13302203,철근콘크리트구조,1850,종합계약,위탁관리,11,457,51,무,"관리사무소, 노인정, 어린이놀이터",23,2
A13302204,철근콘크리트구조,2500,종합계약,위탁관리,12,534,146,무,"관리사무소, 노인정, 어린이놀이터, 휴게시설",24,3
A13377301,철근콘크리트구조,632,단일계약,위탁관리,2,63,5,무,"관리사무소, 노인정, 어린이놀이터, 휴게시설",18,2
A13385705,철근콘크리트구조,1600,단일계약,위탁관리,17,374,67,무,"관리사무소, 노인정, 어린이놀이터",15,1
A13302201,철골철근콘크리트구조,1150,단일계약,위탁관리,7,304,88,무,"관리사무소, 노인정, 어린이놀이터, 자전거보관소",21,2
A10024762,철골철근콘크리트구조,582,단일계약,위탁관리,3,115,19,,"관리사무소, 노인정, 어린이놀이터, 자전거보관소",15,0
A13370801,철근콘크리트구조,2450,단일계약,위탁관리,8,445,81,유,"관리사무소, 노인정, 어린이놀이터",27,4
A10020365,철골콘크리트구조,1750,종합계약,위탁관리,7,163,120,유,,16,4
A13305005,철근콘크리트구조,225,단일계약,위탁관리,7,324,65,무,"관리사무소, 노인정, 주민공동시설, 어린이놀이터, 자전거보관소",12,2
A13305007,철근콘크리트구조,1700,단일계약,위탁관리,23,450,25,무,"관리사무소, 노인정, 보육시설, 문고, 어린이놀이터, 휴게시설, 유치원, 자전거보관소",15,0
A13305002,철근콘크리트구조,750,단일계약,위탁관리,6,280,45,유,"관리사무소, 노인정, 어린이놀이터, 유치원, 자전거보관소, 기타",22,1
A13381604,콘크리트구조,1300,종합계약,위탁관리,9,456,52,무,"관리사무소, 노인정, 어린이놀이터",24,0
A13305006,철근콘크리트구조,1200,종합계약,위탁관리,9,454,64,무,"관리사무소, 노인정, 어린이놀이터, 자전거보관소",24,1
A13381601,철근콘크리트구조,975,단일계약,위탁관리,3,178,25,유,"관리사무소, 노인정, 어린이놀이터, 커뮤니티공간, 자전거보관소",23,2
A13305003,철근콘크리트구조,900,단일계약,위탁관리,8,305,48,유,"관리사무소, 노인정, 주민공동시설, 어린이놀이터, 자전거보관소",19,1
A13381608,철근콘크리트구조,2200,단일계약,위탁관리,54,1042,183,유,"관리사무소, 노인정, 보육시설, 어린이놀이터, 휴게시설",28,0
A10022058,철골철근콘크리트구조,670,종합계약,위탁관리,4,141,30,유,"관리사무소, 노인정, 어린이놀이터, 자전거보관소",19,2
A13381701,철근콘크리트구조,895,단일계약,위탁관리,3,166,28,무,"관리사무소, 노인정, 어린이놀이터, 자전거보관소",15,1
A10020503,철근콘크리트구조,5900,종합계약,관리방식미정,30,1239,632,유,"관리사무소, 노인정, 보육시설, 문고, 주민공동시설, 어린이놀이터, 휴게시설, 유치원, 커뮤니티공간, 자전거보관소",35,3
A13307003,철골콘크리트구조,5350,종합계약,위탁관리,16,735,214,유,"관리사무소, 노인정, 보육시설, 문고, 주민공동시설, 어린이놀이터, 커뮤니티공간, 자전거보관소",42,5
A10026207,철골철근콘크리트구조,5500,종합계약,위탁관리,18,1351,268,유,"관리사무소, 노인정, 보육시설, 문고, 주민공동시설, 어린이놀이터, 커뮤니티공간, 자전거보관소",39,2
A13307101,철근콘크리트구조,1750,단일계약,위탁관리,17,567,158,무,"관리사무소, 노인정, 어린이놀이터, 휴게시설, 자전거보관소",15,3
A13386702,철근콘크리트구조,4000,단일계약,위탁관리,34,1518,393,무,"관리사무소, 노인정, 보육시설, 주민공동시설, 어린이놀이터, 휴게시설, 유치원, 커뮤니티공간, 자전거보관소",25,3
A13307002,철근콘크리트구조,2310,종합계약,위탁관리,16,539,154,유,"관리사무소, 노인정, 보육시설, 문고, 주민공동시설, 어린이놀이터, 커뮤니티공간, 자전거보관소",15,4
A13307202,철근콘크리트구조,1450,단일계약,위탁관리,13,446,84,무,"관리사무소, 노인정, 어린이놀이터, 기타",15,0
A10024464,철근콘크리트구조,950,종합계약,위탁관리,4,183,128,무,"관리사무소, 휴게시설, 커뮤니티공간, 자전거보관소",19,2
A13307204,철근콘크리트구조,8320,단일계약,위탁관리,69,2903,372,무,"관리사무소, 노인정, 주민공동시설, 어린이놀이터, 휴게시설, 커뮤니티공간, 자전거보관소",15,3
A13377902,철근콘크리트구조,2200,단일계약,위탁관리,10,269,59,무,"관리사무소, 노인정, 보육시설, 주민공동시설, 어린이놀이터, 휴게시설, 자전거보관소",15,0
A13307001,철근콘크리트구조,900,단일계약,위탁관리,6,210,48,무,"관리사무소, 노인정, 어린이놀이터",25,2
A13377901,철골철근콘크리트구조,1500,단일계약,위탁관리,12,388,116,유,"관리사무소, 노인정, 주민공동시설, 어린이놀이터, 자전거보관소",15,2
A13307201,철근콘크리트구조,1178,단일계약,위탁관리,8,222,62,무,"관리사무소, 노인정, 주민공동시설, 어린이놀이터, 자전거보관소",15,0
A13373101,철근콘크리트구조,886,단일계약,위탁관리,2,124,23,무,"관리사무소, 노인정, 어린이놀이터",16,2
A13377703,철근콘크리트구조,7750,단일계약,위탁관리,45,2615,256,무,"관리사무소, 노인정, 주민공동시설, 어린이놀이터, 휴게시설, 커뮤니티공간, 자전거보관소",25,2
A13377903,철근콘크리트구조,2050,단일계약,위탁관리,8,209,45,무,"관리사무소, 노인정, 보육시설, 주민공동시설, 어린이놀이터, 휴게시설, 자전거보관소",25,1
A13385301,철근콘크리트구조,900,단일계약,위탁관리,9,422,77,무,"관리사무소, 노인정, 어린이놀이터, 자전거보관소",25,2
A13308004,철근콘크리트구조,1720,단일계약,위탁관리,13,353,88,무,"관리사무소, 노인정, 어린이놀이터",14,0
A13308005,철근콘크리트구조,2800,단일계약,위탁관리,19,523,88,유,"관리사무소, 노인정, 어린이놀이터",15,0
A13385202,철근콘크리트구조,900,단일계약,위탁관리,6,293,32,무,,15,1
A13376906,철근콘크리트구조,3600,단일계약,위탁관리,21,1337,180,유,"관리사무소, 노인정, 어린이놀이터, 휴게시설, 자전거보관소",23,4
A13385303,철근콘크리트구조,1500,단일계약,위탁관리,12,315,63,무,"관리사무소, 노인정, 어린이놀이터",15,1
A10026418,철근콘크리트구조,5500,단일계약,위탁관리,82,1547,415,유,"관리사무소, 노인정, 보육시설, 문고, 주민공동시설, 어린이놀이터, 휴게시설, 커뮤니티공간, 자전거보관소",21,4
A13380104,철근콘크리트구조,6010,단일계약,위탁관리,39,2371,259,무,"관리사무소, 노인정, 유치원",20,0
A13309103,철골철근콘크리트구조,2200,단일계약,위탁관리,16,406,92,무,"관리사무소, 노인정, 어린이놀이터, 휴게시설, 유치원, 자전거보관소",20,2
A13309102,철근콘크리트구조,2250,단일계약,위탁관리,20,691,63,유,"관리사무소, 노인정, 주민공동시설, 어린이놀이터, 자전거보관소",15,0
A13309101,철근콘크리트구조,950,단일계약,위탁관리,7,202,37,무,"관리사무소, 노인정, 어린이놀이터, 휴게시설, 자전거보관소",15,0
A13380301,철근콘크리트구조,2750,종합계약,위탁관리,18,461,50,유,"관리사무소, 노인정, 보육시설, 문고, 주민공동시설, 어린이놀이터, 자전거보관소",20,4
A13380302,철근콘크리트구조,4750,종합계약,위탁관리,27,1027,268,유,"관리사무소, 노인정, 보육시설, 문고, 주민공동시설, 어린이놀이터, 유치원, 커뮤니티공간, 자전거보관소",20,4
A13380303,철근콘크리트구조,1200,단일계약,위탁관리,4,306,70,무,"관리사무소, 노인정, 보육시설, 주민공동시설, 어린이놀이터",15,4
A10027602,철골철근콘크리트구조,5250,단일계약,위탁관리,34,1289,278,유,"관리사무소, 노인정, 보육시설, 문고, 주민공동시설, 어린이놀이터, 휴게시설, 커뮤니티공간, 자전거보관소, 기타",21,2
A13380602,철근콘크리트구조,900,단일계약,위탁관리,14,363,45,무,"관리사무소, 노인정, 어린이놀이터, 자전거보관소",15,3
A13380703,철근콘크리트구조,2850,단일계약,위탁관리,28,712,280,무,"관리사무소, 노인정, 어린이놀이터",15,0
A13379001,철근콘크리트구조,2750,종합계약,위탁관리,13,446,144,유,"관리사무소, 노인정, 보육시설, 주민공동시설, 어린이놀이터, 커뮤니티공간, 자전거보관소",22,3
A13309301,철근콘크리트구조,950,단일계약,위탁관리,10,386,68,무,"관리사무소, 어린이놀이터",15,3
A13309404,철근콘크리트구조,4650,단일계약,위탁관리,27,1403,311,유,"관리사무소, 노인정, 보육시설, 주민공동시설, 어린이놀이터, 휴게시설, 유치원",24,3
A13378101,철근콘크리트구조,1650,단일계약,위탁관리,6,145,48,무,"관리사무소, 노인정, 보육시설, 주민공동시설, 어린이놀이터, 자전거보관소",21,3
A13309402,철근콘크리트구조,850,단일계약,위탁관리,14,284,50,무,"관리사무소, 노인정, 어린이놀이터, 자전거보관소",24,2
A13380901,철근콘크리트구조,1150,단일계약,위탁관리,9,248,81,무,"관리사무소, 노인정, 어린이놀이터, 자전거보관소",15,3
A13378102,철근콘크리트구조,2450,종합계약,위탁관리,23,672,203,유,"관리사무소, 노인정, 문고, 주민공동시설, 어린이놀이터, 휴게시설, 유치원, 자전거보관소",15,2
A10020977,철골콘크리트구조,950,종합계약,위탁관리,4,114,47,유,"관리사무소, 주민공동시설, 어린이놀이터, 자전거보관소",16,3
A13380803,철근콘크리트구조,3181,종합계약,위탁관리,28,1016,236,무,"관리사무소, 노인정, 주민공동시설, 어린이놀이터, 유치원, 자전거보관소",18,3
A10026470,철근콘크리트구조,3182,종합계약,위탁관리,24,757,339,유,"관리사무소, 노인정, 보육시설, 문고, 주민공동시설, 어린이놀이터, 휴게시설, 커뮤니티공간, 자전거보관소, 기타",15,3
A13375907,철근콘크리트구조,8500,단일계약,위탁관리,51,1799,503,유,"관리사무소, 노인정, 보육시설, 주민공동시설, 어린이놀이터, 휴게시설, 커뮤니티공간, 자전거보관소, 기타",20,3
A13375908,철근콘크리트구조,800,단일계약,위탁관리,6,239,79,무,"관리사무소, 노인정, 보육시설, 문고, 주민공동시설, 어린이놀이터, 자전거보관소",15,3
A13375906,철근콘크리트구조,1900,단일계약,위탁관리,10,415,101,유,"관리사무소, 주민공동시설, 어린이놀이터, 휴게시설, 커뮤니티공간, 자전거보관소, 기타",20,3
A13375903,철근콘크리트구조,800,단일계약,위탁관리,8,306,52,무,"관리사무소, 노인정, 어린이놀이터, 휴게시설",15,2
A13310004,철근콘크리트구조,3300,단일계약,위탁관리,25,882,151,무,"관리사무소, 노인정, 어린이놀이터, 유치원",15,0
A13384403,철근콘크리트구조,2020,단일계약,위탁관리,11,468,97,무,"관리사무소, 노인정, 어린이놀이터, 유치원",19,0
A13375902,철근콘크리트구조,3100,단일계약,위탁관리,24,1401,141,무,"관리사무소, 노인정, 주민공동시설, 어린이놀이터, 자전거보관소",20,2
A13375905,철근콘크리트구조,1100,단일계약,위탁관리,3,175,35,무,"관리사무소, 노인정",20,2
A13383801,철근콘크리트구조,2950,단일계약,위탁관리,19,686,99,무,"관리사무소, 노인정, 어린이놀이터",21,1
A10026748,철근콘크리트구조,10800,단일계약,위탁관리,61,2473,890,유,"관리사무소, 노인정, 보육시설, 문고, 주민공동시설, 어린이놀이터, 커뮤니티공간, 자전거보관소, 기타",20,4
A13375904,철근콘크리트구조,400,단일계약,위탁관리,2,78,20,무,"관리사무소, 노인정, 자전거보관소",18,0
A13376702,철근콘크리트구조,1550,단일계약,위탁관리,14,357,63,무,"관리사무소, 노인정, 어린이놀이터, 자전거보관소",15,1
A13375901,철근콘크리트구조,2250,단일계약,위탁관리,15,473,43,무,"관리사무소, 노인정, 어린이놀이터",14,0
A13392307,철근콘크리트구조,2214,단일계약,위탁관리,15,660,104,무,"관리사무소, 노인정, 보육시설, 주민공동시설, 어린이놀이터, 자전거보관소",25,2
A10021528,,,,,0,0,,,,19,2
A13384303,철근콘크리트구조,900,단일계약,위탁관리,6,290,53,무,"관리사무소, 노인정, 어린이놀이터, 자전거보관소, 기타",23,0
A10020345,철근콘크리트구조,,종합계약,위탁관리,0,545,226,유,"관리사무소, 노인정, 문고, 주민공동시설, 어린이놀이터, 휴게시설, 유치원, 커뮤니티공간, 자전거보관소",36,3
A13382104,철근콘크리트구조,1360,종합계약,위탁관리,10,380,70,무,"관리사무소, 노인정, 어린이놀이터, 휴게시설, 커뮤니티공간, 자전거보관소",15,2
A10020907,철근콘크리트구조,5000,종합계약,위탁관리,27,1000,375,유,"관리사무소, 노인정, 보육시설, 문고, 주민공동시설, 어린이놀이터, 휴게시설, 커뮤니티공간, 자전거보관소",33,3
A13372101,철근콘크리트구조,850,종합계약,위탁관리,6,295,39,무,"관리사무소, 노인정, 어린이놀이터, 휴게시설, 자전거보관소",19,2
A13379401,철골철근콘크리트구조,4350,종합계약,위탁관리,10,717,179,유,"관리사무소, 주민공동시설, 커뮤니티공간, 자전거보관소",44,6
A13311101,철근콘크리트구조,600,단일계약,위탁관리,5,173,34,무,"관리사무소, 노인정, 어린이놀이터, 자전거보관소",17,0
A13382106,철골철근콘크리트구조,900,단일계약,위탁관리,5,320,24,무,"관리사무소, 노인정, 어린이놀이터",10,1
A13384304,철근콘크리트구조,800,단일계약,위탁관리,10,375,76,무,"관리사무소, 노인정, 주민공동시설, 어린이놀이터, 휴게시설, 자전거보관소, 기타",18,2
A13372102,철근콘크리트구조,2500,단일계약,위탁관리,20,796,153,무,"관리사무소, 노인정, 어린이놀이터",23,2
A13376405,철근콘크리트구조,950,종합계약,위탁관리,9,283,48,무,"관리사무소, 노인정, 어린이놀이터, 자전거보관소",17,0
A13382502,철근콘크리트구조,150,기타,위탁관리,6,150,34,유,"관리사무소, 주민공동시설, 어린이놀이터, 자전거보관소",15,1
A13381902,철근콘크리트구조,815,단일계약,위탁관리,5,189,26,무,"관리사무소, 노인정, 어린이놀이터, 자전거보관소",19,2
A10024503,철골철근콘크리트구조,5300,종합계약,위탁관리,10,720,266,유,"관리사무소, 주민공동시설, 커뮤니티공간, 자전거보관소, 기타",47,5
A10026988,철근콘크리트구조,5250,종합계약,위탁관리,16,1123,544,유,"관리사무소, 노인정, 보육시설, 문고, 주민공동시설, 어린이놀이터, 휴게시설, 커뮤니티공간, 자전거보관소",47,3
A13384301,철근콘크리트구조,880,단일계약,위탁관리,4,167,31,무,"관리사무소, 노인정, 어린이놀이터, 자전거보관소",19,2
A10020852,철골철근콘크리트구조,727,종합계약,위탁관리,5,142,23,무,"관리사무소, 노인정, 어린이놀이터, 자전거보관소",19,2
A10021167,철골철근콘크리트구조,450,단일계약,위탁관리,5,141,46,무,,12,1
A13378001,철근콘크리트구조,4650,단일계약,위탁관리,17,800,141,유,"관리사무소, 노인정, 보육시설, 주민공동시설, 어린이놀이터, 휴게시설, 커뮤니티공간, 자전거보관소",29,2
A10025101,철근콘크리트구조,973,종합계약,위탁관리,6,146,36,유,"관리사무소, 노인정, 어린이놀이터, 휴게시설, 자전거보관소",13,1
A10021638,철골철근콘크리트구조,500,단일계약,위탁관리,0,111,64,무,,18,4
A10021449,,,,,0,0,,,,11,1
A10021716,,,,위탁관리,3,0,,,,19,1
A10022325,,,,,0,0,,,,18,1
A13312101,철근콘크리트구조,850,종합계약,위탁관리,6,241,54,무,"관리사무소, 노인정, 어린이놀이터, 자전거보관소",13,1
A13312302,철근콘크리트구조,2550,단일계약,위탁관리,28,884,77,무,"관리사무소, 노인정, 보육시설, 어린이놀이터, 자전거보관소",25,2
A10023316,철근콘크리트구조,600,단일계약,위탁관리,5,246,32,무,"관리사무소, 노인정",19,1
A13312303,철근콘크리트구조,2000,단일계약,위탁관리,34,975,123,유,"관리사무소, 노인정, 보육시설, 어린이놀이터, 자전거보관소",25,2
A13383301,철근콘크리트구조,700,단일계약,위탁관리,5,221,32,무,"관리사무소, 노인정, 어린이놀이터, 자전거보관소",18,2
A13383003,철근콘크리트구조,950,단일계약,위탁관리,7,239,56,무,"관리사무소, 노인정, 어린이놀이터",21,2
A13382802,철근콘크리트구조,885,단일계약,위탁관리,6,220,45,무,"관리사무소, 노인정, 어린이놀이터",19,3
A13316001,철근콘크리트구조,1700,종합계약,위탁관리,6,286,64,무,"관리사무소, 노인정, 어린이놀이터, 자전거보관소",15,2
A13383702,철근콘크리트구조,900,단일계약,위탁관리,9,453,90,유,"노인정, 어린이놀이터",25,0
A10024886,철골철근콘크리트구조,1220,종합계약,위탁관리,2,52,14,무,"관리사무소, 커뮤니티공간, 자전거보관소",19,3
A10022175,,,,,0,0,,,,20,2
A10020466,철근콘크리트구조,3889,종합계약,위탁관리(직영+위탁),9,437,216,유,"관리사무소, 노인정, 보육시설, 어린이놀이터, 자전거보관소",34,5
A10023395,철근콘크리트구조,2150,단일계약,위탁관리,4,89,138,유,"관리사무소, 휴게시설, 커뮤니티공간, 자전거보관소",19,3
A10020191,철근콘크리트구조,1500,종합계약,위탁관리,15,114,79,유,,16,4
A14322001,철근콘크리트구조,760,단일계약,위탁관리,4,207,32,무,"관리사무소, 노인정, 주민공동시설, 어린이놀이터, 자전거보관소, 기타",21,3
A10020402,철근콘크리트구조,400,기타,,0,60,16,무,관리사무소,5,1
A10026874,콘크리트구조,3150,종합계약,위탁관리,4,232,61,유,"관리사무소, 휴게시설, 자전거보관소",29,3
A10023951,철골철근콘크리트구조,3500,종합계약,위탁관리,22,1033,223,유,"관리사무소, 노인정, 보육시설, 문고, 주민공동시설, 어린이놀이터, 휴게시설, 유치원, 커뮤니티공간, 자전거보관소, 기타",35,2
A14320302,철근콘크리트구조,1050,단일계약,위탁관리,9,235,33,무,"관리사무소, 노인정, 어린이놀이터, 자전거보관소",21,2
A14320002,철근콘크리트구조,2850,단일계약,위탁관리,9,549,128,유,"관리사무소, 노인정, 주민공동시설, 어린이놀이터, 휴게시설, 자전거보관소",37,5
A14382101,철근콘크리트구조,1750,단일계약,위탁관리,6,436,57,무,,24,5
A10020269,철근콘크리트구조,,,위탁관리,7,0,,,"관리사무소, 노인정, 어린이놀이터, 자전거보관소",9,1
A10024667,철근콘크리트구조,500,종합계약,위탁관리,3,146,40,무,"관리사무소, 노인정, 어린이놀이터, 자전거보관소",22,2
A14383205,철근콘크리트구조,4800,종합계약,위탁관리,66,1391,221,유,"관리사무소, 노인정, 주민공동시설, 어린이놀이터, 유치원, 자전거보관소",27,2
A14383203,철근콘크리트구조,1210,단일계약,위탁관리,10,295,60,무,"관리사무소, 노인정, 어린이놀이터, 휴게시설, 자전거보관소",25,2
A14320001,철근콘크리트구조,1241,단일계약,위탁관리,6,274,72,무,"관리사무소, 노인정, 어린이놀이터, 커뮤니티공간, 자전거보관소, 기타",22,2
A14320304,철근콘크리트구조,6750,종합계약,위탁관리,28,1949,202,무,"관리사무소, 노인정, 주민공동시설, 어린이놀이터, 휴게시설, 자전거보관소",30,3
A10025985,철골철근콘크리트구조,3397,단일계약,위탁관리,24,1140,286,유,"관리사무소, 노인정, 문고, 주민공동시설, 어린이놀이터, 커뮤니티공간, 자전거보관소",23,3
A10020066,,,,,0,0,,,,22,5
A10021381,철골콘크리트구조,550,종합계약,위탁관리,4,150,54,유,"관리사무소, 보육시설, 어린이놀이터, 유치원, 자전거보관소",12,1
A14321001,철근콘크리트구조,700,단일계약,위탁관리,20,182,74,유,"관리사무소, 노인정, 어린이놀이터, 자전거보관소",4,1
A14380409,철근콘크리트구조,4500,단일계약,위탁관리,16,236,93,무,"관리사무소, 노인정, 어린이놀이터, 자전거보관소",14,1
A14381407,철근콘크리트구조,1450,종합계약,위탁관리,11,354,80,유,"관리사무소, 노인정, 어린이놀이터, 자전거보관소",22,2
A14381504,철근콘크리트구조,950,단일계약,위탁관리,7,250,66,무,"관리사무소, 노인정, 어린이놀이터, 자전거보관소",20,2
A14381506,철근콘크리트구조,1050,단일계약,위탁관리,6,148,16,무,"관리사무소, 노인정, 어린이놀이터, 자전거보관소",15,0
A14380605,철근콘크리트구조,1650,단일계약,위탁관리,8,353,102,무,"관리사무소, 노인정, 어린이놀이터, 자전거보관소",12,2
A10024751,철근콘크리트구조,2145,단일계약,위탁관리,4,284,64,유,"관리사무소, 노인정, 주민공동시설, 어린이놀이터, 휴게시설, 커뮤니티공간, 자전거보관소",22,2
A14381513,철근콘크리트구조,2000,단일계약,위탁관리,11,478,93,무,"관리사무소, 노인정, 어린이놀이터, 유치원, 자전거보관소",23,3
A14381415,철근콘크리트구조,2400,단일계약,위탁관리,22,512,123,무,"관리사무소, 노인정, 어린이놀이터, 유치원, 자전거보관소",21,1
A14381512,철근콘크리트구조,1450,단일계약,위탁관리,11,371,65,유,"관리사무소, 노인정, 어린이놀이터, 자전거보관소",19,1
A14381510,철근콘크리트구조,2160,단일계약,위탁관리,11,516,84,무,"관리사무소, 노인정, 어린이놀이터",25,2
A14381508,철근콘크리트구조,950,종합계약,위탁관리,11,423,52,유,"관리사무소, 노인정, 어린이놀이터, 휴게시설, 자전거보관소",25,3
A14381516,철근콘크리트구조,3000,단일계약,위탁관리,50,1208,149,무,"관리사무소, 노인정, 보육시설, 문고, 어린이놀이터, 휴게시설, 커뮤니티공간, 자전거보관소",25,2
A14375301,철근콘크리트구조,2750,단일계약,위탁관리,24,674,179,유,,25,3
A14380414,철근콘크리트구조,2750,단일계약,위탁관리,32,795,112,무,"관리사무소, 노인정, 어린이놀이터, 휴게시설, 자전거보관소",14,0
A10026162,철골철근콘크리트구조,950,단일계약,위탁관리,4,215,45,유,"관리사무소, 노인정, 어린이놀이터, 휴게시설, 자전거보관소",24,2
A14380211,철근콘크리트구조,3000,종합계약,위탁관리,20,741,117,무,"관리사무소, 노인정, 주민공동시설, 어린이놀이터",13,2
A14375302,철근콘크리트구조,1400,종합계약,위탁관리,10,205,82,유,"관리사무소, 노인정, 주민공동시설, 어린이놀이터, 자전거보관소",11,1
A10020376,,,,관리방식미정,13,0,,,,15,3
A14375303,철근콘크리트구조,980,종합계약,위탁관리,4,277,62,무,"관리사무소, 노인정, 주민공동시설, 어린이놀이터, 휴게시설, 자전거보관소",21,2
A14319305,철근콘크리트구조,1500,종합계약,위탁관리,8,452,83,유,"관리사무소, 주민공동시설, 커뮤니티공간, 자전거보관소, 기타",29,3
A10023282,철골철근콘크리트구조,700,단일계약,위탁관리(직영+위탁),4,194,45,무,"관리사무소, 노인정, 자전거보관소",15,2
A14319015,철근콘크리트구조,1970,종합계약,위탁관리,3,166,65,,,20,6
A10020686,철근콘크리트구조,3200,종합계약,위탁관리,5,231,73,유,"커뮤니티공간, 자전거보관소",23,5
A10026720,철골철근콘크리트구조,2250,종합계약,위탁관리,5,358,143,유,"관리사무소, 노인정, 보육시설, 문고, 어린이놀이터, 커뮤니티공간, 자전거보관소",29,4
A10023099,철근콘크리트구조,3500,종합계약,위탁관리,21,1142,388,유,"관리사무소, 노인정, 문고, 주민공동시설, 어린이놀이터, 휴게시설, 유치원, 커뮤니티공간, 자전거보관소, 기타",35,2
A10020506,철골철근콘크리트구조,8636,종합계약,위탁관리,24,1273,552,유,"관리사무소, 노인정, 보육시설, 문고, 주민공동시설, 어린이놀이터, 휴게시설, 커뮤니티공간, 자전거보관소",48,7
A10020868,철골철근콘크리트구조,1600,단일계약,위탁관리,3,150,64,유,"관리사무소, 노인정, 문고, 주민공동시설, 어린이놀이터, 자전거보관소",27,3
A10022137,철골철근콘크리트구조,500,종합계약,위탁관리,6,221,48,무,"관리사무소, 자전거보관소",26,4
A10022641,철골철근콘크리트구조,1100,단일계약,위탁관리,4,193,47,무,"관리사무소, 주민공동시설, 휴게시설, 자전거보관소",25,2
A14319306,철골철근콘크리트구조,2025,종합계약,위탁관리,6,402,110,유,"관리사무소, 노인정, 주민공동시설, 어린이놀이터, 커뮤니티공간, 자전거보관소, 기타",25,3
A14377402,철근콘크리트구조,2650,종합계약,위탁관리,8,472,83,유,"관리사무소, 노인정, 주민공동시설, 어린이놀이터, 자전거보관소",23,2
A14319006,철근콘크리트구조,650,단일계약,위탁관리,7,205,12,무,"관리사무소, 노인정, 어린이놀이터, 자전거보관소, 기타",19,2
A14388204,철근콘크리트구조,936,단일계약,위탁관리,6,267,39,유,"관리사무소, 노인정, 어린이놀이터",18,2
A10022362,철골콘크리트구조,732,단일계약,위탁관리,4,147,32,무,"관리사무소, 노인정, 어린이놀이터",18,1
A14386802,철근콘크리트구조,650,단일계약,위탁관리,4,249,57,무,"관리사무소, 노인정, 주민공동시설, 어린이놀이터, 자전거보관소",19,2
A14319001,철근콘크리트구조,600,종합계약,위탁관리,3,132,16,무,"관리사무소, 노인정, 주민공동시설, 어린이놀이터, 휴게시설, 자전거보관소",19,1
A14319008,철근콘크리트구조,1100,단일계약,위탁관리,7,337,42,무,"관리사무소, 노인정, 어린이놀이터, 자전거보관소",25,2
A14319012,철근콘크리트구조,9850,종합계약,위탁관리,35,2810,431,유,"관리사무소, 노인정, 주민공동시설, 어린이놀이터, 휴게시설, 커뮤니티공간, 자전거보관소",58,3
A14388208,철근콘크리트구조,900,단일계약,위탁관리,10,367,48,무,"관리사무소, 노인정, 어린이놀이터",25,0
A14319009,철근콘크리트구조,1200,단일계약,위탁관리,6,325,73,무,"관리사무소, 노인정, 주민공동시설, 어린이놀이터, 커뮤니티공간, 자전거보관소",25,2
A14319302,철근콘크리트구조,1010,단일계약,위탁관리,6,222,32,무,"관리사무소, 노인정, 어린이놀이터, 커뮤니티공간, 자전거보관소",25,2
A14319011,철근콘크리트구조,1250,단일계약,위탁관리,15,229,75,무,"관리사무소, 노인정, 어린이놀이터, 유치원",15,0
A14386109,철근콘크리트구조,950,단일계약,위탁관리,9,144,38,무,"관리사무소, 노인정, 어린이놀이터, 커뮤니티공간, 자전거보관소",15,1
A14386110,철근콘크리트구조,725,종합계약,위탁관리,17,380,39,무,"관리사무소, 노인정, 어린이놀이터, 자전거보관소",15,0
A14319311,철근콘크리트구조,1750,단일계약,위탁관리,12,648,111,무,"관리사무소, 노인정, 보육시설, 주민공동시설, 어린이놀이터, 유치원, 자전거보관소",22,2
A10023336,철골콘크리트구조,1355,기타,위탁관리,5,169,88,유,"관리사무소, 노인정, 어린이놀이터",19,2
A14319002,철근콘크리트구조,525,단일계약,위탁관리,7,147,40,무,"관리사무소, 어린이놀이터, 자전거보관소",11,0
A14319005,철근콘크리트구조,575,단일계약,위탁관리,5,147,30,무,"관리사무소, 어린이놀이터, 자전거보관소",22,1
A14319307,철근콘크리트구조,900,단일계약,위탁관리,6,344,48,유,"관리사무소, 노인정, 어린이놀이터, 자전거보관소",22,2
A14387605,철근콘크리트구조,1600,단일계약,위탁관리,14,396,66,무,"관리사무소, 노인정, 어린이놀이터, 휴게시설, 자전거보관소",12,0
A14319003,철근콘크리트구조,850,단일계약,위탁관리,6,154,36,무,"관리사무소, 노인정, 어린이놀이터, 자전거보관소",18,0
A14319204,철근콘크리트구조,1800,단일계약,위탁관리,12,369,64,무,"관리사무소, 노인정, 어린이놀이터, 자전거보관소",23,1
A14319203,철근콘크리트구조,1300,종합계약,위탁관리,7,278,25,무,"관리사무소, 어린이놀이터",23,3
A14319301,철근콘크리트구조,650,종합계약,위탁관리,4,195,25,무,"관리사무소, 어린이놀이터",19,0
A14319303,철근콘크리트구조,900,단일계약,위탁관리,8,324,53,무,"관리사무소, 노인정, 자전거보관소",17,1
A14319007,철근콘크리트구조,1200,단일계약,위탁관리,7,323,51,유,"관리사무소, 노인정, 어린이놀이터, 휴게시설, 자전거보관소",19,1
A10024132,철근콘크리트구조,2560,단일계약,위탁관리,8,285,117,유,"관리사무소, 노인정, 문고, 어린이놀이터, 커뮤니티공간, 자전거보관소",26,3
A14319013,,123,기타,기타,2,2,1,,"관리사무소, 유치원",18,2
A14319010,철근콘크리트구조,1690,단일계약,위탁관리,7,260,57,무,"관리사무소, 노인정, 어린이놀이터, 자전거보관소",24,0
A14376501,철근콘크리트구조,650,단일계약,위탁관리,4,204,37,무,"관리사무소, 노인정, 어린이놀이터, 자전거보관소",25,2
A14319201,철근콘크리트구조,525,종합계약,위탁관리,9,126,47,무,"관리사무소, 노인정, 어린이놀이터, 자전거보관소",13,2
A10021996,철골철근콘크리트구조,750,단일계약,위탁관리,4,101,36,무,"관리사무소, 자전거보관소",12,0
A10022135,철골철근콘크리트구조,2000,단일계약,위탁관리,3,132,41,유,,20,3
A10022318,철근콘크리트구조,900,단일계약,위탁관리,2,75,54,무,,10,2
A10025404,철근콘크리트구조,990,종합계약,위탁관리,2,132,36,무,관리사무소,20,3
A14313001,철근콘크리트구조,780,종합계약,위탁관리,5,266,48,무,"관리사무소, 노인정, 어린이놀이터, 자전거보관소",23,2
A10022248,철근콘크리트구조,750,단일계약,위탁관리,4,235,84,무,"관리사무소, 자전거보관소",20,4
A14383901,철근콘크리트구조,350,기타,위탁관리,5,362,40,무,"관리사무소, 노인정, 어린이놀이터, 유치원, 자전거보관소",22,1
A10026147,철근콘크리트구조,2160,종합계약,위탁관리,3,143,64,유,"관리사무소, 커뮤니티공간",17,2
A10020429,철골철근콘크리트구조,1650,종합계약,위탁관리,19,261,120,유,,20,4
A10024042,철근콘크리트구조,1750,종합계약,위탁관리,20,1112,370,유,"관리사무소, 노인정, 보육시설, 문고, 주민공동시설, 어린이놀이터, 휴게시설, 커뮤니티공간, 자전거보관소",27,3
A10027274,철근콘크리트구조,3050,종합계약,위탁관리,3,450,76,유,"관리사무소, 주민공동시설, 휴게시설",24,5
A10023633,철근콘크리트구조,5049,종합계약,위탁관리,36,1193,490,유,"관리사무소, 노인정, 보육시설, 문고, 주민공동시설, 어린이놀이터, 휴게시설, 커뮤니티공간, 자전거보관소",21,2
A13070302,철근콘크리트구조,800,단일계약,위탁관리,2,215,41,무,"관리사무소, 노인정, 주민공동시설, 어린이놀이터, 자전거보관소",18,2
A13070301,철골철근콘크리트구조,3500,단일계약,위탁관리,24,1208,218,무,"관리사무소, 노인정, 주민공동시설, 어린이놀이터, 유치원, 커뮤니티공간, 자전거보관소",20,2
A10028080,철골철근콘크리트구조,2250,단일계약,위탁관리,16,337,122,무,"관리사무소, 노인정, 보육시설, 문고, 주민공동시설, 어린이놀이터, 유치원, 커뮤니티공간, 자전거보관소",20,2
A13007001,철골콘크리트구조,1900,종합계약,위탁관리,10,419,74,무,"관리사무소, 노인정, 주민공동시설, 어린이놀이터, 자전거보관소",25,2
A13007002,철근콘크리트구조,1500,단일계약,위탁관리,11,439,85,유,"관리사무소, 노인정, 어린이놀이터, 자전거보관소",14,3
A13007004,철근콘크리트구조,2160,단일계약,위탁관리,15,448,124,무,"관리사무소, 노인정, 보육시설, 주민공동시설, 어린이놀이터, 유치원, 자전거보관소",17,2
A10023188,철근콘크리트구조,7950,종합계약,위탁관리,32,1381,785,유,"관리사무소, 노인정, 보육시설, 문고, 어린이놀이터, 커뮤니티공간, 자전거보관소",58,8
A10023389,철골콘크리트구조,2850,종합계약,관리방식미정,4,180,50,유,"관리사무소, 노인정, 주민공동시설, 어린이놀이터, 휴게시설, 커뮤니티공간, 자전거보관소",40,6
A10020343,,,,위탁관리,6,163,215,,,28,6
A10020729,철근콘크리트구조,1700,종합계약,위탁관리,4,122,132,유,"관리사무소, 커뮤니티공간, 자전거보관소",18,2
A10020159,,,,,0,0,,,,6,1
A13086101,철근콘크리트구조,2305,단일계약,위탁관리,15,890,146,무,"관리사무소, 노인정, 보육시설, 주민공동시설, 어린이놀이터, 휴게시설, 자전거보관소, 기타",23,3
A13006003,철근콘크리트구조,800,단일계약,위탁관리,9,352,108,무,"관리사무소, 노인정, 보육시설, 어린이놀이터, 자전거보관소",21,2
A13006101,철근콘크리트구조,3550,단일계약,위탁관리,21,1336,111,유,"관리사무소, 노인정, 보육시설, 주민공동시설, 어린이놀이터, 커뮤니티공간, 자전거보관소",25,2
A13077201,철근콘크리트구조,700,단일계약,위탁관리,3,114,34,무,"관리사무소, 노인정, 어린이놀이터, 자전거보관소",20,2
A13006002,철근콘크리트구조,850,단일계약,위탁관리,5,303,73,무,"관리사무소, 노인정, 어린이놀이터, 자전거보관소",25,2
A13002002,철근콘크리트구조,1450,종합계약,위탁관리,28,987,188,유,"관리사무소, 노인정, 문고, 커뮤니티공간",15,2
A13071302,철골콘크리트구조,13150,종합계약,위탁관리,79,2901,852,유,"관리사무소, 노인정, 보육시설, 문고, 주민공동시설, 어린이놀이터, 휴게시설, 유치원, 커뮤니티공간, 자전거보관소",22,3
A10026180,철골철근콘크리트구조,3750,단일계약,위탁관리,16,672,207,유,"관리사무소, 노인정, 보육시설, 문고, 주민공동시설, 어린이놀이터, 휴게시설, 커뮤니티공간, 자전거보관소",29,3
A13084804,철근콘크리트구조,4900,단일계약,위탁관리,37,1942,212,무,"관리사무소, 노인정, 어린이놀이터, 휴게시설, 자전거보관소",25,2
A13084802,철근콘크리트구조,1900,단일계약,위탁관리,10,325,99,무,"관리사무소, 노인정, 보육시설, 문고, 주민공동시설, 어린이놀이터, 휴게시설, 커뮤니티공간, 자전거보관소",22,1
A13085902,철근콘크리트구조,2225,단일계약,위탁관리,8,446,67,무,"관리사무소, 노인정, 주민공동시설, 어린이놀이터, 자전거보관소",19,2
A13085901,철근콘크리트구조,800,단일계약,위탁관리,6,308,38,무,"관리사무소, 노인정, 어린이놀이터, 자전거보관소",22,2
A13071301,철근콘크리트구조,530,단일계약,위탁관리,3,46,19,무,"관리사무소, 노인정, 주민공동시설, 어린이놀이터, 휴게시설, 자전거보관소",22,1
A13085301,철근콘크리트구조,1720,단일계약,위탁관리,11,532,68,무,"관리사무소, 노인정, 보육시설, 어린이놀이터, 휴게시설, 유치원, 자전거보관소",22,3
A13084803,철근콘크리트구조,2850,단일계약,위탁관리,30,770,155,무,"관리사무소, 노인정, 어린이놀이터, 유치원, 자전거보관소",15,1
A10023083,철근콘크리트구조,17650,종합계약,위탁관리,30,1712,1057,유,"관리사무소, 노인정, 보육시설, 문고, 주민공동시설, 어린이놀이터, 휴게시설, 커뮤니티공간, 자전거보관소",65,7
A10020126,철골철근콘크리트구조,8000,종합계약,위탁관리,3,66,62,유,관리사무소,20,3
A10020731,철골철근콘크리트구조,1650,종합계약,위탁관리,12,363,253,유,"관리사무소, 노인정, 보육시설, 문고, 주민공동시설, 어린이놀이터, 휴게시설, 커뮤니티공간, 자전거보관소",21,2
A13080801,철근콘크리트구조,900,단일계약,위탁관리,14,261,64,무,"관리사무소, 노인정, 어린이놀이터, 자전거보관소",19,1
A13080201,철근콘크리트구조,1227,단일계약,위탁관리,7,385,20,유,"관리사무소, 노인정, 주민공동시설, 어린이놀이터, 휴게시설, 자전거보관소",22,2
A13003405,철근콘크리트구조,950,단일계약,위탁관리,11,204,44,무,"관리사무소, 노인정, 어린이놀이터, 자전거보관소",15,1
A13003002,철근콘크리트구조,1225,단일계약,위탁관리,6,329,64,무,"관리사무소, 노인정, 어린이놀이터, 유치원, 자전거보관소",15,2
A13003406,철근콘크리트구조,2750,단일계약,위탁관리,18,823,161,무,"관리사무소, 노인정, 주민공동시설, 어린이놀이터, 자전거보관소",23,3
A13075404,철근콘크리트구조,950,단일계약,위탁관리,5,116,39,무,"관리사무소, 노인정, 어린이놀이터, 자전거보관소",18,2
A13003201,철근콘크리트구조,1950,단일계약,위탁관리,17,758,147,무,"관리사무소, 노인정, 보육시설, 주민공동시설, 어린이놀이터, 휴게시설, 유치원, 커뮤니티공간, 자전거보관소",23,2
A13003003,철근콘크리트구조,2250,단일계약,위탁관리,16,597,205,유,"관리사무소, 노인정, 보육시설, 어린이놀이터",20,2
A13075405,철근콘크리트구조,550,종합계약,위탁관리,4,122,46,무,"관리사무소, 노인정, 자전거보관소",12,1
A13003404,철근콘크리트구조,1700,단일계약,위탁관리,23,424,64,무,"관리사무소, 노인정, 어린이놀이터, 자전거보관소, 기타",18,3
A13003202,철근콘크리트구조,3000,단일계약,위탁관리,50,1210,150,무,"관리사무소, 노인정, 주민공동시설, 어린이놀이터, 휴게시설, 유치원, 커뮤니티공간, 자전거보관소",25,0
A13075403,철근콘크리트구조,800,단일계약,위탁관리,5,167,34,무,"관리사무소, 노인정, 어린이놀이터",23,1
A10025754,철골철근콘크리트구조,3500,종합계약,위탁관리,22,887,261,무,"관리사무소, 노인정, 보육시설, 문고, 주민공동시설, 어린이놀이터, 휴게시설, 커뮤니티공간, 자전거보관소",20,2
A10026779,철골철근콘크리트구조,1200,단일계약,위탁관리,4,168,35,무,"관리사무소, 노인정, 자전거보관소",20,2
A10026232,철골철근콘크리트구조,3700,단일계약,위탁관리,28,1198,349,유,"관리사무소, 노인정, 보육시설, 주민공동시설, 어린이놀이터, 휴게시설, 유치원, 커뮤니티공간, 자전거보관소",21,3
A13075402,철근콘크리트구조,2150,단일계약,위탁관리,14,558,132,유,"관리사무소, 노인정, 보육시설, 문고, 주민공동시설, 어린이놀이터, 휴게시설, 유치원, 커뮤니티공간, 자전거보관소",20,2
A13003007,철근콘크리트구조,13500,단일계약,위탁관리,83,3190,882,무,"관리사무소, 노인정, 보육시설, 문고, 주민공동시설, 어린이놀이터, 휴게시설, 유치원, 커뮤니티공간, 자전거보관소",22,3
A10020888,철골철근콘크리트구조,1500,단일계약,위탁관리,3,135,54,유,"관리사무소, 주민공동시설, 자전거보관소",15,4
A13003402,철근콘크리트구조,1180,종합계약,위탁관리,7,263,48,무,"관리사무소, 노인정, 어린이놀이터, 자전거보관소",22,2
A10028042,철골철근콘크리트구조,1150,단일계약,위탁관리,2,72,35,유,,17,3
A13080702,철근콘크리트구조,795,단일계약,위탁관리,4,150,36,무,"관리사무소, 노인정, 어린이놀이터, 자전거보관소",15,1
A10022377,,,,,0,0,,,,20,3
A10020851,,,,,0,0,,,,15,3
A10023891,철골콘크리트구조,2000,종합계약,위탁관리,6,324,51,무,"관리사무소, 휴게시설, 커뮤니티공간, 자전거보관소",21,5
A13003005,철근콘크리트구조,2550,단일계약,위탁관리,18,877,184,무,"관리사무소, 노인정, 보육시설, 어린이놀이터, 유치원, 커뮤니티공간, 자전거보관소",24,2
A10022258,철근콘크리트구조,400,종합계약,위탁관리,4,121,31,무,"관리사무소, 노인정, 어린이놀이터",17,2
A10022046,,,,,0,0,,,,12,2
A10027089,철근콘크리트구조,1500,단일계약,위탁관리,2,143,33,유,"관리사무소, 자전거보관소",13,4
A10026104,철근콘크리트구조,3250,종합계약,위탁관리,18,910,358,유,"관리사무소, 노인정, 보육시설, 문고, 주민공동시설, 어린이놀이터, 휴게시설, 커뮤니티공간, 자전거보관소",30,3
A10025227,철골철근콘크리트구조,3605,단일계약,위탁관리,14,569,192,유,"관리사무소, 노인정, 보육시설, 문고, 주민공동시설, 어린이놀이터, 커뮤니티공간, 자전거보관소",18,2
A10025509,철근콘크리트구조,600,종합계약,위탁관리(직영+위탁),9,253,84,무,,17,4
A13084101,철근콘크리트구조,1750,단일계약,위탁관리,14,682,124,무,"관리사무소, 노인정, 보육시설, 주민공동시설, 어린이놀이터, 휴게시설, 커뮤니티공간, 자전거보관소",22,2
A13010005,철근콘크리트구조,6550,단일계약,위탁관리,39,2070,271,무,"관리사무소, 노인정, 주민공동시설, 어린이놀이터, 휴게시설, 유치원, 커뮤니티공간, 자전거보관소",26,2
A10021037,,,,위탁관리,5,0,,,,14,1
A10022117,철근콘크리트구조,700,단일계약,위탁관리,4,121,16,유,"관리사무소, 노인정, 어린이놀이터, 자전거보관소",13,1
A13010001,철골철근콘크리트구조,1050,단일계약,위탁관리,9,237,70,유,"관리사무소, 노인정, 어린이놀이터",15,2
A10022452,,,,,0,0,,,,15,1
A10020768,,,,,0,0,,,,25,0
A13010002,철골철근콘크리트구조,1250,종합계약,위탁관리,5,289,112,무,"관리사무소, 노인정, 어린이놀이터, 자전거보관소",30,7
A10021855,,,,,0,0,,,,14,1
A13078701,철근콘크리트구조,4500,단일계약,위탁관리,6,212,61,무,"관리사무소, 노인정, 주민공동시설, 휴게시설, 자전거보관소",20,5
A13084701,철근콘크리트구조,975,종합계약,위탁관리,10,289,72,무,"관리사무소, 노인정, 어린이놀이터, 자전거보관소",18,2
A13010003,철근콘크리트구조,1550,단일계약,위탁관리,19,270,64,무,"관리사무소, 노인정, 어린이놀이터, 휴게시설, 자전거보관소",12,1
A13010006,철근콘크리트구조,9000,단일계약,위탁관리,45,2919,398,무,"관리사무소, 노인정, 보육시설, 주민공동시설, 어린이놀이터, 자전거보관소",28,2
A13010004,철근콘크리트구조,2500,종합계약,위탁관리,20,981,185,유,"관리사무소, 노인정, 보육시설, 문고, 어린이놀이터, 자전거보관소",25,2
A10021838,철근콘크리트구조,750,종합계약,위탁관리,5,141,40,유,"관리사무소, 주민공동시설, 휴게시설, 자전거보관소, 기타",14,1
A10021586,철골콘크리트구조,860,단일계약,위탁관리,4,124,24,무,,15,2
A10027877,철근콘크리트구조,2200,단일계약,위탁관리,2,62,34,무,"관리사무소, 주민공동시설, 기타",20,4
A10020081,,,,,0,0,,,,18,6
A13086705,철근콘크리트구조,2850,단일계약,위탁관리,20,798,28,무,"관리사무소, 노인정, 주민공동시설, 어린이놀이터",15,1
A13086704,철근콘크리트구조,2200,단일계약,위탁관리,23,1198,203,유,"관리사무소, 노인정, 보육시설, 어린이놀이터, 휴게시설, 유치원, 자전거보관소",20,3
A13086703,철근콘크리트구조,1000,단일계약,위탁관리,7,164,50,무,"관리사무소, 노인정, 문고, 어린이놀이터, 휴게시설, 자전거보관소",20,1
A13086701,철근콘크리트구조,750,단일계약,위탁관리,6,178,38,무,"관리사무소, 노인정, 어린이놀이터, 자전거보관소",15,0
A13086802,철근콘크리트구조,1250,단일계약,위탁관리,18,452,75,유,"관리사무소, 노인정, 어린이놀이터, 자전거보관소",23,3
A13071201,철근콘크리트구조,650,종합계약,위탁관리,2,91,32,무,"관리사무소, 노인정, 주민공동시설, 어린이놀이터, 자전거보관소",13,4
A13087201,철골철근콘크리트구조,1350,단일계약,위탁관리,23,496,88,무,"관리사무소, 노인정, 보육시설, 주민공동시설, 어린이놀이터, 휴게시설, 자전거보관소",15,1
A10023539,철근콘크리트구조,1100,단일계약,위탁관리,2,139,80,무,,14,4
A13070101,철근콘크리트구조,1550,종합계약,위탁관리,8,248,79,유,"관리사무소, 노인정, 문고, 주민공동시설, 어린이놀이터, 휴게시설, 커뮤니티공간, 자전거보관소",17,2
A13009003,철근콘크리트구조,3300,단일계약,위탁관리,15,497,124,유,"관리사무소, 노인정, 보육시설, 문고, 주민공동시설, 어린이놀이터, 커뮤니티공간, 자전거보관소",15,2
A10024244,철골콘크리트구조,600,종합계약,위탁관리,3,25,30,유,,7,1
A10024082,철골철근콘크리트구조,2305,종합계약,위탁관리,7,274,103,유,"관리사무소, 자전거보관소",20,3
A10023368,철근콘크리트구조,3482,단일계약,위탁관리,6,328,245,유,"관리사무소, 보육시설, 문고, 어린이놀이터, 커뮤니티공간, 자전거보관소",24,3
A13077702,철근콘크리트구조,900,단일계약,위탁관리,7,401,41,무,"관리사무소, 노인정, 어린이놀이터, 휴게시설, 자전거보관소",25,2
A10025015,철근콘크리트구조,1350,단일계약,위탁관리,9,299,80,유,"관리사무소, 노인정, 보육시설, 문고, 주민공동시설, 어린이놀이터, 커뮤니티공간, 자전거보관소, 기타",20,2
A10025410,철근콘크리트구조,4500,단일계약,위탁관리,27,1100,354,유,"관리사무소, 노인정, 보육시설, 문고, 주민공동시설, 어린이놀이터, 휴게시설, 커뮤니티공간, 자전거보관소",29,3
A13009001,철근콘크리트구조,1600,단일계약,위탁관리,12,596,80,무,"관리사무소, 노인정, 주민공동시설, 어린이놀이터, 휴게시설, 자전거보관소",19,2
A13009206,철근콘크리트구조,1950,종합계약,위탁관리,12,519,84,무,"관리사무소, 노인정, 주민공동시설, 어린이놀이터, 휴게시설, 커뮤니티공간, 자전거보관소",23,2
A13009202,철근콘크리트구조,950,단일계약,위탁관리,8,290,76,무,"관리사무소, 노인정, 주민공동시설, 어린이놀이터, 휴게시설, 자전거보관소",15,1
A13077703,철근콘크리트구조,750,단일계약,위탁관리,6,297,64,무,"관리사무소, 노인정, 어린이놀이터, 자전거보관소",19,2
A13009101,철근콘크리트구조,950,단일계약,위탁관리,7,329,42,무,"관리사무소, 노인정, 휴게시설, 자전거보관소",19,2
A13087405,철근콘크리트구조,1100,단일계약,위탁관리,14,437,46,무,"관리사무소, 노인정, 보육시설, 주민공동시설, 어린이놀이터, 자전거보관소",26,0
A13087401,철근콘크리트구조,650,단일계약,위탁관리,2,157,16,무,"관리사무소, 노인정, 어린이놀이터, 자전거보관소",10,1
A13078301,철근콘크리트구조,2100,단일계약,위탁관리,8,379,104,유,"관리사무소, 노인정, 보육시설, 주민공동시설, 어린이놀이터, 휴게시설, 자전거보관소",25,2
A10020570,철골철근콘크리트구조,6750,종합계약,위탁관리(직영+위탁),46,2159,937,유,"관리사무소, 노인정, 주민공동시설, 어린이놀이터, 휴게시설, 커뮤니티공간, 자전거보관소",35,3
A13009002,철근콘크리트구조,3100,단일계약,위탁관리,58,1786,116,무,"관리사무소, 노인정, 보육시설, 주민공동시설, 어린이놀이터, 휴게시설, 자전거보관소",25,2
A13087407,철근콘크리트구조,1250,단일계약,위탁관리,14,714,170,유,"관리사무소, 노인정, 보육시설, 주민공동시설, 휴게시설, 자전거보관소",25,2
A10027101,철골철근콘크리트구조,450,종합계약,위탁관리,6,130,29,무,"관리사무소, 노인정, 어린이놀이터, 자전거보관소",15,1
A13079401,철근콘크리트구조,695,단일계약,위탁관리,2,130,38,무,"관리사무소, 노인정, 주민공동시설, 어린이놀이터",15,2
A10020919,철골철근콘크리트구조,15750,종합계약,위탁관리,99,3868,2224,유,"관리사무소, 노인정, 보육시설, 문고, 주민공동시설, 어린이놀이터, 휴게시설, 유치원, 커뮤니티공간, 자전거보관소, 기타",27,5
A13083102,철근콘크리트구조,2750,종합계약,위탁관리,17,777,120,유,"관리사무소, 노인정, 어린이놀이터, 커뮤니티공간, 자전거보관소",23,0
A13008001,철근콘크리트구조,900,종합계약,위탁관리,8,186,50,무,"관리사무소, 노인정, 어린이놀이터, 자전거보관소, 기타",12,1
A13082702,철근콘크리트구조,1500,단일계약,위탁관리,12,611,116,무,"관리사무소, 노인정, 주민공동시설, 어린이놀이터, 휴게시설, 자전거보관소",25,2
A10026322,철골철근콘크리트구조,1200,종합계약,위탁관리,7,172,64,무,"관리사무소, 어린이놀이터, 자전거보관소",15,4
A13082805,철근콘크리트구조,5100,단일계약,위탁관리,33,1616,214,유,,23,2
A13076801,철근콘크리트구조,2110,단일계약,위탁관리,12,607,72,유,"관리사무소, 노인정",19,1
A13082501,철근콘크리트구조,1750,단일계약,위탁관리,7,348,42,무,"관리사무소, 노인정, 어린이놀이터",23,2
A13082704,철근콘크리트구조,5100,단일계약,위탁관리,30,1486,177,무,"관리사무소, 노인정, 보육시설, 어린이놀이터, 휴게시설, 자전거보관소",25,0
A13079403,철근콘크리트구조,873,단일계약,위탁관리,6,101,36,무,"관리사무소, 노인정, 주민공동시설, 어린이놀이터, 커뮤니티공간",22,0
A10020344,철근콘크리트구조,26750,종합계약,관리방식미정,96,4763,1953,유,,0,0
A10020006,,,,,0,0,,,,1,4
A13082502,철근콘크리트구조,950,단일계약,위탁관리,8,387,43,무,"관리사무소, 노인정, 어린이놀이터, 자전거보관소",20,2
A13082703,철근콘크리트구조,1600,단일계약,위탁관리,12,622,79,무,"관리사무소, 노인정, 보육시설, 어린이놀이터, 유치원, 자전거보관소",25,3
A13079402,철근콘크리트구조,682,단일계약,위탁관리,2,130,38,무,"관리사무소, 노인정, 어린이놀이터",23,2
A13177701,철근콘크리트구조,320,종합계약,위탁관리,8,223,38,유,"관리사무소, 노인정, 어린이놀이터, 유치원, 자전거보관소, 기타",15,0
A10024703,철골콘크리트구조,2650,단일계약,위탁관리,11,557,105,유,"관리사무소, 노인정, 보육시설, 문고, 주민공동시설, 어린이놀이터, 휴게시설, 자전거보관소",30,2
A10023606,철골콘크리트구조,145,종합계약,위탁관리,2,92,20,무,"관리사무소, 노인정, 어린이놀이터, 자전거보관소",15,1
A13120403,철근콘크리트구조,1600,종합계약,위탁관리,48,389,96,무,"관리사무소, 노인정, 주민공동시설, 어린이놀이터, 휴게시설, 자전거보관소",15,1
A13120704,철근콘크리트구조,700,단일계약,위탁관리,7,202,49,유,"관리사무소, 노인정, 어린이놀이터, 자전거보관소",15,2
A13183504,철근콘크리트구조,1860,단일계약,위탁관리,12,632,96,무,"관리사무소, 노인정, 보육시설, 문고, 주민공동시설, 어린이놀이터, 휴게시설, 자전거보관소",19,2
A13183405,철근콘크리트구조,950,단일계약,위탁관리,7,330,112,무,"관리사무소, 노인정, 어린이놀이터, 자전거보관소",19,2
A13188406,철근콘크리트구조,1500,단일계약,위탁관리,16,401,79,무,"관리사무소, 노인정, 어린이놀이터, 커뮤니티공간, 자전거보관소, 기타",25,2
A13184107,철근콘크리트구조,1700,종합계약,위탁관리,14,613,150,무,"관리사무소, 노인정, 보육시설, 문고, 주민공동시설, 어린이놀이터, 자전거보관소",25,3
A13177702,철근콘크리트구조,637,단일계약,위탁관리,3,92,32,무,"관리사무소, 노인정, 어린이놀이터, 자전거보관소",24,2
A13120001,철근콘크리트구조,850,단일계약,위탁관리,8,211,45,무,"관리사무소, 노인정, 어린이놀이터, 휴게시설, 자전거보관소, 기타",15,1
A13183502,철근콘크리트구조,750,단일계약,위탁관리,5,233,34,무,"관리사무소, 노인정, 어린이놀이터, 자전거보관소",25,3
A13184401,철근콘크리트구조,500,단일계약,위탁관리,8,168,39,무,"관리사무소, 노인정, 어린이놀이터",13,2
A13184502,철근콘크리트구조,760,종합계약,위탁관리,4,168,30,무,"관리사무소, 노인정, 어린이놀이터",20,2
A13181201,철근콘크리트구조,700,단일계약,위탁관리,5,178,49,무,"관리사무소, 노인정, 주민공동시설, 어린이놀이터, 자전거보관소",17,2
A13184301,철근콘크리트구조,800,단일계약,위탁관리(직영+위탁),6,282,60,무,"관리사무소, 노인정, 어린이놀이터, 자전거보관소",19,2
A10021752,,,,,0,0,,,,19,3
A10024366,철근콘크리트구조,736,단일계약,,0,117,30,,"관리사무소, 노인정, 자전거보관소",20,3
A13175103,철근콘크리트구조,3070,단일계약,위탁관리,21,681,120,유,"관리사무소, 노인정, 보육시설, 주민공동시설, 어린이놀이터, 유치원, 자전거보관소, 기타",15,0
A13184208,철근콘크리트구조,1400,단일계약,위탁관리,15,422,124,무,"관리사무소, 노인정, 어린이놀이터, 휴게시설",20,6
A10024741,철근콘크리트구조,6500,종합계약,위탁관리,32,2076,599,유,,30,2
A10024443,철골철근콘크리트구조,1350,단일계약,위탁관리,11,278,99,유,"관리사무소, 노인정, 주민공동시설, 어린이놀이터, 커뮤니티공간, 자전거보관소, 기타",15,4
A13183701,철근콘크리트구조,1100,단일계약,위탁관리,9,191,36,무,"관리사무소, 노인정, 어린이놀이터, 자전거보관소",12,1
A13181203,철근콘크리트구조,1800,종합계약,위탁관리,15,324,64,무,"관리사무소, 노인정, 주민공동시설, 어린이놀이터, 자전거보관소, 기타",15,1
A13183303,철근콘크리트구조,550,단일계약,위탁관리,6,130,26,무,"관리사무소, 노인정, 어린이놀이터",15,1
A13120701,철근콘크리트구조,1173,단일계약,위탁관리,7,201,47,무,"관리사무소, 노인정, 어린이놀이터, 자전거보관소",12,4
A10023384,철골철근콘크리트구조,1850,종합계약,위탁관리,12,247,121,유,"관리사무소, 노인정, 주민공동시설, 어린이놀이터, 휴게시설, 커뮤니티공간, 자전거보관소, 기타",15,2
A10028033,철골철근콘크리트구조,1400,종합계약,위탁관리,13,330,96,유,"관리사무소, 노인정, 주민공동시설, 어린이놀이터, 휴게시설, 커뮤니티공간, 자전거보관소",15,2
A13183204,철근콘크리트구조,800,종합계약,위탁관리,10,174,52,무,"관리사무소, 노인정, 어린이놀이터",15,0
A13183202,철근콘크리트구조,700,단일계약,위탁관리,5,178,37,유,"관리사무소, 노인정, 어린이놀이터, 자전거보관소, 기타",18,2
A10023835,철골철근콘크리트구조,963,종합계약,위탁관리,6,58,22,유,"관리사무소, 주민공동시설, 휴게시설, 자전거보관소",8,2
A10025159,철근콘크리트구조,1500,종합계약,위탁관리,38,590,220,유,"관리사무소, 노인정, 주민공동시설, 어린이놀이터, 유치원, 커뮤니티공간, 자전거보관소",17,2
A10021891,철근콘크리트구조,750,종합계약,위탁관리,3,74,48,무,"관리사무소, 노인정, 문고, 자전거보관소",9,1
A13186401,철근콘크리트구조,1600,단일계약,위탁관리,8,392,64,무,"관리사무소, 노인정, 어린이놀이터, 휴게시설, 자전거보관소",22,2
A10022775,철근콘크리트구조,900,종합계약,위탁관리,4,166,73,유,,20,3
A10022528,철근콘크리트구조,2450,종합계약,관리방식미정,4,91,56,유,,20,4
A13122001,철골철근콘크리트구조,2000,단일계약,위탁관리,13,539,166,유,"관리사무소, 노인정, 어린이놀이터, 자전거보관소, 기타",26,3
A10027670,철골콘크리트구조,2500,종합계약,위탁관리,12,554,127,유,"관리사무소, 노인정, 주민공동시설, 어린이놀이터, 휴게시설, 커뮤니티공간",41,8
A10020694,철골철근콘크리트구조,700,종합계약,위탁관리,2,69,63,무,자전거보관소,12,4
A13185602,철근콘크리트구조,1400,단일계약,위탁관리,8,442,90,무,"관리사무소, 노인정, 어린이놀이터, 자전거보관소",25,0
A13122104,철근콘크리트구조,2295,단일계약,위탁관리,34,635,103,무,"관리사무소, 노인정, 어린이놀이터, 휴게시설, 자전거보관소",27,1
A13122002,철근콘크리트구조,7100,종합계약,위탁관리,13,771,144,유,"관리사무소, 노인정, 문고, 주민공동시설, 어린이놀이터, 휴게시설, 커뮤니티공간, 자전거보관소",48,7
A10020428,,,,,0,0,,,,25,4
A13186306,프리케스트콘크리트구조,500,기타,위탁관리,16,234,77,무,"관리사무소, 보육시설, 주민공동시설, 어린이놀이터, 휴게시설, 자전거보관소",15,1
A13185603,철근콘크리트구조,1150,단일계약,위탁관리,11,362,86,무,"관리사무소, 노인정, 어린이놀이터",25,2
A13185607,철근콘크리트구조,2050,단일계약,위탁관리,21,907,200,무,"관리사무소, 노인정",25,0
A13186305,철근콘크리트구조,2100,단일계약,위탁관리,15,825,85,무,"관리사무소, 노인정, 보육시설, 주민공동시설, 어린이놀이터",15,0
A10020423,철골철근콘크리트구조,2634,종합계약,위탁관리,5,142,129,무,"관리사무소, 주민공동시설, 커뮤니티공간, 자전거보관소",23,5
A10020104,철골철근콘크리트구조,750,종합계약,위탁관리,2,42,9,유,,0,0
A13170401,철근콘크리트구조,2600,종합계약,위탁관리,10,638,71,무,"관리사무소, 어린이놀이터, 휴게시설, 자전거보관소",25,3
A10020555,철골철근콘크리트구조,4000,종합계약,위탁관리,21,1274,365,유,"관리사무소, 노인정, 보육시설, 주민공동시설, 어린이놀이터, 휴게시설, 커뮤니티공간, 자전거보관소, 기타",35,2
A10020974,철골철근콘크리트구조,1160,종합계약,위탁관리,4,148,48,,"관리사무소, 노인정, 어린이놀이터",20,2
A10023899,철골철근콘크리트구조,1550,단일계약,위탁관리,2,87,60,무,"관리사무소, 문고, 주민공동시설, 휴게시설, 커뮤니티공간",15,3
A13187501,철근콘크리트구조,450,단일계약,위탁관리,6,72,27,무,"관리사무소, 노인정, 어린이놀이터, 자전거보관소",13,1
A10027456,철근콘크리트구조,800,단일계약,위탁관리,5,176,52,유,"관리사무소, 어린이놀이터, 커뮤니티공간, 자전거보관소",18,3
A13187702,철근콘크리트구조,4150,단일계약,위탁관리,24,1499,160,유,"관리사무소, 노인정, 보육시설, 어린이놀이터, 유치원",27,2
A10026046,철근콘크리트구조,505,단일계약,위탁관리,4,123,31,유,"관리사무소, 노인정, 주민공동시설, 어린이놀이터, 자전거보관소",15,1
A10021393,철골철근콘크리트구조,1160,종합계약,위탁관리,4,121,40,무,"관리사무소, 노인정, 어린이놀이터, 휴게시설",15,3
A10025855,철근콘크리트구조,3500,단일계약,위탁관리,26,917,343,유,"관리사무소, 노인정, 보육시설, 주민공동시설, 어린이놀이터, 커뮤니티공간, 자전거보관소",25,4
A10023815,철근콘크리트구조,2600,종합계약,위탁관리,4,166,90,유,"관리사무소, 주민공동시설, 커뮤니티공간, 자전거보관소",15,4
A10020587,,,,,0,0,,,,14,0
A13176801,철근콘크리트구조,825,종합계약,위탁관리,8,181,44,무,"관리사무소, 노인정, 어린이놀이터, 자전거보관소",20,3
A13114103,철근콘크리트구조,800,종합계약,위탁관리,7,250,49,유,"관리사무소, 노인정, 어린이놀이터, 자전거보관소, 기타",19,1
A13114201,철골철근콘크리트구조,600,단일계약,위탁관리,8,185,36,무,"관리사무소, 노인정, 보육시설, 어린이놀이터, 자전거보관소",15,2
A13185501,철근콘크리트구조,800,단일계약,위탁관리,4,162,33,유,"관리사무소, 노인정, 주민공동시설, 어린이놀이터, 자전거보관소",19,0
A13184804,철근콘크리트구조,850,종합계약,위탁관리,5,247,43,무,"관리사무소, 노인정, 어린이놀이터, 자전거보관소",23,2
A10020959,철골철근콘크리트구조,22900,종합계약,위탁관리,2,89,24,무,"관리사무소, 문고, 자전거보관소",14,4
A13185507,철근콘크리트구조,700,단일계약,위탁관리,7,346,61,무,"관리사무소, 노인정, 어린이놀이터, 휴게시설, 자전거보관소",19,2
A13185502,철근콘크리트구조,610,단일계약,위탁관리,5,175,48,유,,19,2
A13114106,철근콘크리트구조,900,단일계약,위탁관리,7,284,57,무,"관리사무소, 노인정, 주민공동시설, 어린이놀이터, 휴게시설, 자전거보관소",18,2
A13114002,철근콘크리트구조,2050,단일계약,위탁관리,15,785,109,무,"관리사무소, 노인정, 보육시설, 어린이놀이터",24,0
A10023285,철근콘크리트구조,800,종합계약,위탁관리,7,158,45,무,"관리사무소, 노인정, 어린이놀이터",12,1
A10020086,,,,,0,0,,,,35,0
A10026469,철근콘크리트구조,2610,단일계약,위탁관리,6,462,156,유,"관리사무소, 문고, 주민공동시설, 어린이놀이터, 자전거보관소",35,5
A13185402,철근콘크리트구조,800,종합계약,위탁관리,5,267,64,무,"관리사무소, 노인정, 어린이놀이터",19,3
A13185508,철근콘크리트구조,1700,단일계약,위탁관리,32,678,139,무,"관리사무소, 노인정, 문고, 주민공동시설, 어린이놀이터, 휴게시설, 자전거보관소",19,2
A13184609,철근콘크리트구조,1450,단일계약,위탁관리,14,560,127,무,"관리사무소, 노인정, 어린이놀이터",12,1
A13184610,철근콘크리트구조,5100,단일계약,위탁관리,51,1965,275,무,"관리사무소, 노인정, 어린이놀이터, 자전거보관소, 기타",12,0
A13114003,,,,,0,0,,,,5,
A10023834,철근콘크리트구조,2100,종합계약,관리방식미정,3,109,72,유,"관리사무소, 주민공동시설, 휴게시설, 커뮤니티공간, 자전거보관소",15,5
A10023816,철골콘크리트구조,2550,단일계약,위탁관리,20,692,133,유,"관리사무소, 노인정, 보육시설, 어린이놀이터, 휴게시설, 커뮤니티공간, 자전거보관소",25,1
A10020869,철골철근콘크리트구조,200,단일계약,,0,84,6,무,,5,0
A10021794,철근콘크리트구조,450,종합계약,위탁관리,3,105,16,유,,15,1
A13123101,철근콘크리트구조,682,단일계약,위탁관리,4,185,40,유,"관리사무소, 노인정, 주민공동시설, 어린이놀이터, 자전거보관소",22,2
A10024214,철골철근콘크리트구조,1800,종합계약,위탁관리,12,609,159,유,,25,2
A10022919,철근콘크리트구조,4113,종합계약,관리방식미정,15,659,206,유,"관리사무소, 노인정, 보육시설, 주민공동시설, 어린이놀이터, 휴게시설, 커뮤니티공간, 자전거보관소, 기타",40,4
A10024008,철골철근콘크리트구조,1600,종합계약,위탁관리,6,294,115,유,"관리사무소, 노인정, 문고, 어린이놀이터, 휴게시설, 커뮤니티공간, 자전거보관소",25,2
A10024018,철근콘크리트구조,1350,단일계약,위탁관리,9,399,112,유,"관리사무소, 노인정, 보육시설, 문고, 주민공동시설, 어린이놀이터, 휴게시설, 커뮤니티공간, 자전거보관소",25,2
A10020968,,,,,0,0,,,,5,1
A13123001,철근콘크리트구조,930,단일계약,위탁관리,6,193,32,무,"관리사무소, 노인정, 주민공동시설, 어린이놀이터, 자전거보관소",23,1
A13123002,철근콘크리트구조,1900,단일계약,위탁관리,18,479,120,무,"관리사무소, 노인정, 보육시설, 문고, 주민공동시설, 어린이놀이터, 자전거보관소",15,2
A13123102,철근콘크리트구조,2600,단일계약,위탁관리,24,827,137,무,"관리사무소, 노인정, 보육시설, 문고, 어린이놀이터, 자전거보관소",15,2
A10023952,철골철근콘크리트구조,2050,단일계약,위탁관리,11,414,158,유,"관리사무소, 보육시설, 주민공동시설, 어린이놀이터, 휴게시설, 유치원, 커뮤니티공간, 자전거보관소, 기타",29,0
A13176102,철근콘크리트구조,800,단일계약,위탁관리,7,230,52,무,"관리사무소, 노인정, 어린이놀이터, 자전거보관소, 기타",12,1
A13176101,철골철근콘크리트구조,1625,종합계약,위탁관리,8,271,69,유,"관리사무소, 노인정, 주민공동시설, 휴게시설, 커뮤니티공간, 자전거보관소, 기타",28,5
A10021760,철골철근콘크리트구조,2625,종합계약,위탁관리,3,322,76,유,,27,5
A13186905,철근콘크리트구조,388,기타,위탁관리,8,215,21,무,"관리사무소, 노인정, 어린이놀이터",12,0
A13113007,철근콘크리트구조,6250,단일계약,위탁관리,63,2202,630,유,"관리사무소, 노인정, 보육시설, 주민공동시설, 어린이놀이터, 자전거보관소",24,3
A13187306,철근콘크리트구조,950,단일계약,위탁관리,17,382,76,무,"관리사무소, 노인정, 보육시설, 어린이놀이터, 휴게시설, 자전거보관소",15,0
A13176901,철근콘크리트구조,3100,단일계약,위탁관리,21,908,151,무,"관리사무소, 노인정, 어린이놀이터, 유치원, 커뮤니티공간",12,1
A13187201,철근콘크리트구조,1650,단일계약,위탁관리,36,686,100,무,"관리사무소, 노인정, 문고, 어린이놀이터",15,1
A13187305,철근콘크리트구조,1950,단일계약,위탁관리,16,739,125,무,"관리사무소, 노인정, 보육시설, 주민공동시설, 어린이놀이터, 유치원, 자전거보관소",15,0
A13176902,철근콘크리트구조,332,기타,위탁관리,4,172,33,무,"관리사무소, 노인정, 문고, 어린이놀이터, 휴게시설, 커뮤니티공간, 자전거보관소",15,0
A13113006,철근콘크리트구조,1300,단일계약,위탁관리,9,236,77,무,"관리사무소, 노인정, 어린이놀이터, 자전거보관소",15,1
A10025137,철근콘크리트구조,800,종합계약,위탁관리,3,161,61,유,"관리사무소, 노인정, 주민공동시설, 어린이놀이터, 자전거보관소",24,0
A13186801,철근콘크리트구조,550,단일계약,위탁관리,3,161,36,무,"관리사무소, 노인정, 주민공동시설, 어린이놀이터, 자전거보관소",22,0
A13187302,철근콘크리트구조,700,기타,위탁관리,12,388,67,무,"관리사무소, 노인정, 어린이놀이터, 유치원, 자전거보관소",15,0
A10027297,철골철근콘크리트구조,950,단일계약,위탁관리,4,146,36,무,"관리사무소, 휴게시설, 자전거보관소",15,1
A13178101,철골철근콘크리트구조,4750,단일계약,위탁관리,32,1525,215,유,"관리사무소, 노인정, 보육시설, 문고, 어린이놀이터",15,0
A13186708,철근콘크리트구조,2200,단일계약,위탁관리,22,838,46,무,"관리사무소, 노인정, 어린이놀이터, 자전거보관소",20,1
A13113004,철근콘크리트구조,2600,단일계약,위탁관리,18,782,80,무,"관리사무소, 노인정, 문고, 주민공동시설, 어린이놀이터, 유치원, 커뮤니티공간, 자전거보관소",26,2
A13113003,철근콘크리트구조,1250,단일계약,위탁관리,10,448,69,무,"관리사무소, 노인정, 어린이놀이터, 휴게시설, 자전거보관소",23,3
A13113001,철근콘크리트구조,650,단일계약,위탁관리,6,279,45,무,"관리사무소, 노인정, 어린이놀이터, 자전거보관소",18,3
A13113002,철근콘크리트구조,930,단일계약,위탁관리,5,331,47,무,"관리사무소, 노인정, 어린이놀이터, 자전거보관소",24,3
A13187406,철근콘크리트구조,2450,단일계약,위탁관리,10,594,80,무,"관리사무소, 노인정, 보육시설, 어린이놀이터, 자전거보관소",24,2
A13186503,철근콘크리트구조,970,종합계약,위탁관리,6,195,42,무,"관리사무소, 노인정, 어린이놀이터, 자전거보관소",22,2
A13187004,철근콘크리트구조,2250,단일계약,위탁관리,22,566,103,무,"관리사무소, 노인정, 어린이놀이터, 자전거보관소",25,2
A13186504,철골철근콘크리트구조,1750,종합계약,위탁관리,6,296,47,무,"관리사무소, 노인정, 어린이놀이터",24,2
A13186502,철근콘크리트구조,900,종합계약,위탁관리,4,186,45,무,"관리사무소, 노인정, 어린이놀이터",19,1
A13113008,철골콘크리트구조,3400,단일계약,위탁관리(직영+위탁),39,1574,406,유,"관리사무소, 노인정, 보육시설, 주민공동시설, 어린이놀이터, 휴게시설, 커뮤니티공간, 자전거보관소",24,3
A10025397,철골콘크리트구조,735,종합계약,위탁관리,4,132,49,무,"관리사무소, 문고, 어린이놀이터, 자전거보관소",7,1
A10027775,철골철근콘크리트구조,500,단일계약,위탁관리,5,115,61,유,"관리사무소, 노인정, 주민공동시설, 휴게시설, 커뮤니티공간, 자전거보관소",7,1
A13187203,철근콘크리트구조,2400,단일계약,위탁관리,36,1253,216,무,"관리사무소, 노인정, 보육시설, 어린이놀이터, 휴게시설, 자전거보관소",12,2
A13186907,철근콘크리트구조,2150,단일계약,위탁관리,25,440,224,무,"관리사무소, 노인정, 주민공동시설, 어린이놀이터, 휴게시설, 커뮤니티공간, 자전거보관소",15,0
A10028001,철근콘크리트구조,2550,단일계약,위탁관리,11,561,105,유,"관리사무소, 노인정, 보육시설, 문고, 주민공동시설, 어린이놀이터, 커뮤니티공간, 자전거보관소",23,4
A13681303,철근콘크리트구조,1900,종합계약,위탁관리,21,683,128,유,"관리사무소, 노인정, 주민공동시설, 유치원",23,0
A13606102,철근콘크리트구조,1865,단일계약,위탁관리,11,517,78,무,"관리사무소, 노인정, 어린이놀이터, 자전거보관소",20,3
A13606107,철근콘크리트구조,3750,단일계약,위탁관리,29,1676,221,무,"관리사무소, 노인정, 어린이놀이터, 자전거보관소",26,3
A13606106,철근콘크리트구조,1250,단일계약,위탁관리,8,165,31,무,"관리사무소, 노인정, 어린이놀이터, 자전거보관소",23,2
A13679903,철근콘크리트구조,1650,단일계약,위탁관리,12,319,85,유,"관리사무소, 노인정, 주민공동시설, 어린이놀이터, 커뮤니티공간, 자전거보관소",11,3
A13606003,철근콘크리트구조,2250,단일계약,위탁관리,22,979,168,무,"관리사무소, 노인정, 문고, 어린이놀이터, 기타",20,3
A10027227,철골철근콘크리트구조,3823,단일계약,위탁관리,22,740,192,유,"관리사무소, 노인정, 주민공동시설, 어린이놀이터, 유치원, 커뮤니티공간, 자전거보관소",16,5
A13606002,철근콘크리트구조,900,종합계약,위탁관리,11,383,66,무,"관리사무소, 노인정, 주민공동시설, 어린이놀이터, 자전거보관소",20,3
A13606101,철근콘크리트구조,1300,단일계약,위탁관리,14,571,84,무,"관리사무소, 노인정, 어린이놀이터, 자전거보관소",18,3
A13606105,철근콘크리트구조,940,단일계약,위탁관리,4,107,23,무,"관리사무소, 노인정, 어린이놀이터, 자전거보관소",17,1
A13606004,철근콘크리트구조,12800,종합계약,위탁관리,94,4804,743,무,"관리사무소, 노인정, 어린이놀이터, 기타",21,0
A13681304,철근콘크리트구조,1300,단일계약,위탁관리,18,375,83,무,"관리사무소, 노인정, 어린이놀이터, 휴게시설, 자전거보관소",15,0
A13679902,철근콘크리트구조,950,단일계약,위탁관리,9,242,90,무,"관리사무소, 노인정, 어린이놀이터, 커뮤니티공간",12,3
A13606005,철근콘크리트구조,1200,단일계약,위탁관리,4,580,18,무,"관리사무소, 노인정, 보육시설, 자전거보관소",20,0
A10025140,철근콘크리트구조,550,종합계약,위탁관리,5,89,16,무,"관리사무소, 노인정, 문고, 어린이놀이터, 휴게시설, 자전거보관소",15,1
A13606201,철근콘크리트구조,4100,단일계약,위탁관리,32,1125,205,유,"관리사무소, 노인정, 주민공동시설, 어린이놀이터, 휴게시설, 유치원, 자전거보관소",19,5
A13603401,철근콘크리트구조,1282,단일계약,위탁관리,7,323,32,무,"관리사무소, 노인정",18,0
A13603701,철근콘크리트구조,1250,단일계약,위탁관리,14,522,78,유,"관리사무소, 노인정, 주민공동시설, 어린이놀이터, 커뮤니티공간, 자전거보관소",20,3
A13603501,철근콘크리트구조,1050,단일계약,위탁관리,4,390,76,무,"관리사무소, 노인정",25,5
A13603702,철근콘크리트구조,1180,단일계약,위탁관리,7,228,64,유,"관리사무소, 노인정, 문고, 주민공동시설, 어린이놀이터, 자전거보관소",15,2
A13672101,철근콘크리트구조,2800,단일계약,위탁관리,39,1126,204,무,"관리사무소, 노인정, 보육시설, 문고, 어린이놀이터, 커뮤니티공간, 자전거보관소",15,3
A13672102,철근콘크리트구조,1300,단일계약,위탁관리,32,414,122,유,"관리사무소, 노인정, 문고, 주민공동시설, 어린이놀이터, 자전거보관소",14,2
A13604301,철근콘크리트구조,650,종합계약,위탁관리,3,200,48,무,"관리사무소, 노인정, 어린이놀이터, 자전거보관소",15,2
A13670801,철근콘크리트구조,2600,단일계약,위탁관리,32,630,143,유,"관리사무소, 노인정, 보육시설, 문고, 주민공동시설, 어린이놀이터, 자전거보관소",15,3
A13604401,철근콘크리트구조,1950,단일계약,위탁관리,11,429,64,무,"관리사무소, 노인정, 어린이놀이터",18,2
A13607101,철근콘크리트구조,1800,단일계약,위탁관리,22,588,128,무,"관리사무소, 노인정, 보육시설, 주민공동시설, 어린이놀이터, 휴게시설, 자전거보관소",15,0
A13607302,철근콘크리트구조,500,단일계약,,0,70,20,무,"관리사무소, 자전거보관소",7,0
A13607301,철근콘크리트구조,750,단일계약,위탁관리,9,220,38,무,"관리사무소, 주민공동시설, 어린이놀이터, 휴게시설, 커뮤니티공간",12,1
A10022341,철골철근콘크리트구조,900,단일계약,위탁관리,8,200,140,유,"관리사무소, 노인정, 주민공동시설, 어린이놀이터, 휴게시설, 자전거보관소",12,2
A13608401,철근콘크리트구조,900,종합계약,위탁관리,7,263,150,유,"관리사무소, 노인정, 자전거보관소",15,4
A13608601,철근콘크리트구조,800,단일계약,위탁관리,8,163,46,무,"관리사무소, 노인정, 주민공동시설, 어린이놀이터",15,1
A10027189,철골철근콘크리트구조,6000,단일계약,위탁관리,35,1320,441,유,"관리사무소, 노인정, 보육시설, 문고, 주민공동시설, 어린이놀이터, 커뮤니티공간, 자전거보관소, 기타",20,7
A10023669,철근콘크리트구조,2700,종합계약,위탁관리,26,520,265,유,"관리사무소, 노인정, 주민공동시설, 어린이놀이터, 휴게시설, 유치원, 커뮤니티공간, 자전거보관소",18,2
A13608301,철근콘크리트구조,850,단일계약,위탁관리,10,483,80,무,"관리사무소, 노인정, 주민공동시설, 어린이놀이터",15,2
A13677401,철근콘크리트구조,3035,종합계약,위탁관리,48,564,137,유,"관리사무소, 노인정, 주민공동시설, 어린이놀이터, 커뮤니티공간, 자전거보관소",15,2
A13610107,철근콘크리트구조,2830,단일계약,위탁관리,18,802,106,무,"관리사무소, 노인정, 보육시설, 어린이놀이터, 자전거보관소",22,2
A13676605,철근콘크리트구조,1650,단일계약,위탁관리,13,517,69,무,,19,0
A13610102,철골콘크리트구조,2210,단일계약,위탁관리,5,297,49,무,"관리사무소, 노인정, 주민공동시설, 어린이놀이터, 자전거보관소",26,4
A10022655,철골철근콘크리트구조,0,단일계약,위탁관리,6,0,0,유,,4,3
A13676703,철근콘크리트구조,2100,단일계약,위탁관리,20,827,104,유,"관리사무소, 노인정, 보육시설, 어린이놀이터, 자전거보관소",20,0
A13677101,철근콘크리트구조,2500,단일계약,위탁관리,24,627,178,유,"관리사무소, 노인정, 보육시설, 주민공동시설, 어린이놀이터, 커뮤니티공간, 자전거보관소",15,3
A13610201,철골콘크리트구조,1050,단일계약,위탁관리,10,180,42,무,"관리사무소, 노인정, 어린이놀이터",12,2
A10028000,철근콘크리트구조,2998,단일계약,위탁관리,16,395,156,유,"관리사무소, 노인정, 보육시설, 문고, 주민공동시설, 어린이놀이터, 휴게시설, 자전거보관소",19,5
A13676702,철근콘크리트구조,2550,단일계약,위탁관리,19,636,111,무,"관리사무소, 노인정, 보육시설, 주민공동시설, 어린이놀이터, 휴게시설, 자전거보관소",18,3
A13610004,철근콘크리트구조,450,단일계약,위탁관리,8,160,24,,"관리사무소, 어린이놀이터, 자전거보관소",11,1
A13610301,철근콘크리트구조,930,단일계약,위탁관리,6,294,55,무,"관리사무소, 노인정, 어린이놀이터, 자전거보관소",19,2
A13676504,철근콘크리트구조,1000,단일계약,위탁관리,8,450,96,무,"관리사무소, 노인정, 주민공동시설, 어린이놀이터, 휴게시설",20,3
A13676501,철근콘크리트구조,750,단일계약,위탁관리,4,211,30,무,"관리사무소, 노인정, 어린이놀이터, 자전거보관소",19,2
A13610001,철근콘크리트구조,600,단일계약,위탁관리,5,182,62,무,"관리사무소, 노인정, 주민공동시설, 어린이놀이터",18,3
A13677206,철근콘크리트구조,2200,단일계약,위탁관리,22,717,141,유,"관리사무소, 노인정, 어린이놀이터",20,6
A13677807,철근콘크리트구조,900,종합계약,위탁관리,6,262,48,유,"관리사무소, 노인정, 주민공동시설, 자전거보관소",19,3
A13684701,철근콘크리트구조,750,단일계약,위탁관리,10,204,38,무,"관리사무소, 노인정, 어린이놀이터, 휴게시설, 자전거보관소, 기타",18,3
A13685104,철근콘크리트구조,1470,단일계약,위탁관리,15,461,112,무,"관리사무소, 노인정, 주민공동시설, 어린이놀이터, 휴게시설",19,3
A13684306,철근콘크리트구조,2000,단일계약,위탁관리,21,856,111,무,"관리사무소, 노인정, 어린이놀이터, 유치원, 자전거보관소",23,2
A13610202,철근콘크리트구조,1900,단일계약,위탁관리,12,448,119,무,"관리사무소, 노인정, 어린이놀이터, 커뮤니티공간, 자전거보관소, 기타",20,2
A13684605,철근콘크리트구조,1600,단일계약,위탁관리,16,544,80,무,"관리사무소, 노인정, 어린이놀이터, 자전거보관소, 기타",20,3
A13610007,철근콘크리트구조,6600,단일계약,위탁관리,50,2362,409,유,,20,4
A13676704,철근콘크리트구조,1200,단일계약,위탁관리,4,234,63,무,"관리사무소, 노인정, 어린이놀이터, 자전거보관소",20,3
A10024056,,,,,0,0,,,,15,2
A13610103,철근콘크리트구조,1600,단일계약,위탁관리,8,391,103,무,"관리사무소, 노인정, 어린이놀이터, 휴게시설, 자전거보관소",25,2
A13610003,철근콘크리트구조,900,단일계약,위탁관리,7,251,68,유,"관리사무소, 노인정, 어린이놀이터, 휴게시설, 커뮤니티공간, 자전거보관소",20,4
A13610005,철골철근콘크리트구조,2900,단일계약,위탁관리,29,614,188,유,주민공동시설,10,0
A10024237,철골철근콘크리트구조,500,종합계약,위탁관리,5,71,46,유,"관리사무소, 노인정, 주민공동시설, 어린이놀이터, 커뮤니티공간, 자전거보관소, 기타",4,2
A10025753,철골콘크리트구조,2362,종합계약,위탁관리,16,486,243,유,"관리사무소, 노인정, 보육시설, 문고, 주민공동시설, 어린이놀이터, 커뮤니티공간, 자전거보관소",24,4
A13611102,철근콘크리트구조,1200,단일계약,위탁관리,4,204,46,무,"관리사무소, 노인정, 어린이놀이터, 기타",16,2
A13611001,철근콘크리트구조,800,단일계약,위탁관리,3,204,44,무,"관리사무소, 노인정, 어린이놀이터, 자전거보관소",15,2
A13679403,철근콘크리트구조,2950,단일계약,위탁관리,12,528,156,유,"관리사무소, 노인정, 보육시설, 주민공동시설, 어린이놀이터, 휴게시설, 커뮤니티공간, 자전거보관소",23,4
A13611008,기타콘크리트구조,8100,단일계약,위탁관리,53,1750,521,유,"관리사무소, 노인정, 보육시설, 문고, 어린이놀이터, 커뮤니티공간, 자전거보관소",26,3
A13679402,철근콘크리트구조,1050,단일계약,위탁관리,4,176,32,무,"관리사무소, 노인정, 주민공동시설, 어린이놀이터, 자전거보관소",15,3
A13611007,철근콘크리트구조,8260,단일계약,위탁관리,59,2561,442,유,"관리사무소, 노인정, 문고, 어린이놀이터, 자전거보관소",18,6
A13611202,철근콘크리트구조,5050,단일계약,위탁관리,34,1675,229,유,,23,4
A13611002,철근콘크리트구조,800,단일계약,위탁관리,4,210,50,무,"관리사무소, 노인정, 주민공동시설, 어린이놀이터, 자전거보관소",20,3
A13611005,철근콘크리트구조,3800,종합계약,위탁관리,27,1257,195,유,"관리사무소, 노인정, 보육시설, 어린이놀이터",20,3
A13611004,철근콘크리트구조,1650,단일계약,위탁관리,17,287,75,무,"관리사무소, 노인정, 어린이놀이터",15,2
A13680701,철근콘크리트구조,625,단일계약,위탁관리,10,206,25,무,"관리사무소, 어린이놀이터, 자전거보관소",13,0
A10022419,철근콘크리트구조,5250,종합계약,위탁관리,7,479,198,유,,35,5
A13606006,철근콘크리트구조,400,종합계약,위탁관리,2,80,1,유,"관리사무소, 어린이놀이터",16,1
A13611103,철근콘크리트구조,3594,단일계약,위탁관리,31,1306,170,유,"관리사무소, 노인정, 어린이놀이터, 자전거보관소, 기타",20,3
A13611201,철근콘크리트구조,2650,종합계약,위탁관리,32,688,96,유,"관리사무소, 노인정, 보육시설, 문고, 주민공동시설, 어린이놀이터, 휴게시설, 유치원, 자전거보관소",20,2
A13611011,철근콘크리트구조,5500,종합계약,위탁관리,20,1290,323,유,,29,3
A10025638,철골철근콘크리트구조,7750,종합계약,위탁관리,47,2610,592,유,"관리사무소, 노인정, 보육시설, 문고, 주민공동시설, 어린이놀이터, 유치원, 커뮤니티공간, 자전거보관소",39,3
A10023926,철골철근콘크리트구조,8750,종합계약,위탁관리,102,2451,744,유,"관리사무소, 노인정, 보육시설, 문고, 주민공동시설, 어린이놀이터, 휴게시설, 커뮤니티공간, 자전거보관소",37,6
A13611006,철근콘크리트구조,5000,종합계약,위탁관리,46,1898,330,무,"관리사무소, 노인정, 보육시설, 문고, 어린이놀이터, 커뮤니티공간, 자전거보관소",19,3
A10020419,철골철근콘크리트구조,2509,종합계약,위탁관리,0,134,0,무,,16,5
A13686302,철근콘크리트구조,3000,단일계약,위탁관리,31,1335,300,유,"관리사무소, 노인정, 보육시설, 주민공동시설, 어린이놀이터, 휴게시설, 유치원, 자전거보관소",20,3
A13671209,철골철근콘크리트구조,5000,종합계약,위탁관리,21,1011,220,유,"관리사무소, 노인정, 보육시설, 문고, 주민공동시설, 어린이놀이터, 커뮤니티공간, 자전거보관소",24,2
A13671208,철근콘크리트구조,4000,단일계약,위탁관리,25,1141,286,무,"관리사무소, 노인정, 보육시설, 문고, 주민공동시설, 어린이놀이터, 커뮤니티공간, 자전거보관소",24,2
A13671212,철근콘크리트구조,800,단일계약,위탁관리,3,148,25,무,"관리사무소, 노인정, 주민공동시설, 어린이놀이터, 자전거보관소",15,2
A13671211,철근콘크리트구조,900,단일계약,위탁관리,6,132,25,유,"관리사무소, 노인정, 어린이놀이터, 자전거보관소",21,2
A13671213,철근콘크리트구조,2250,단일계약,위탁관리,10,448,142,유,"관리사무소, 노인정, 보육시설, 문고, 주민공동시설, 어린이놀이터, 휴게시설, 자전거보관소",20,2
A13671204,철근콘크리트구조,2100,단일계약,위탁관리,25,901,184,유,"관리사무소, 노인정, 어린이놀이터, 자전거보관소",20,2
A13671205,철근콘크리트구조,4000,단일계약,위탁관리,21,1503,160,유,"관리사무소, 노인정, 주민공동시설, 어린이놀이터, 자전거보관소",27,2
A13671210,철근콘크리트구조,1250,단일계약,위탁관리,5,130,40,무,"관리사무소, 노인정, 주민공동시설, 휴게시설, 자전거보관소",21,2
A13671207,철근콘크리트구조,1310,단일계약,위탁관리,10,333,58,유,"관리사무소, 노인정, 어린이놀이터",18,0
A13671203,철근콘크리트구조,840,단일계약,위탁관리,6,162,32,무,"관리사무소, 노인정, 어린이놀이터",21,2
A13671206,철근콘크리트구조,1300,단일계약,위탁관리,15,576,142,유,"관리사무소, 노인정, 주민공동시설, 어린이놀이터, 휴게시설, 자전거보관소",20,3
A13609001,철근콘크리트구조,1550,단일계약,위탁관리,5,220,32,유,"관리사무소, 어린이놀이터, 자전거보관소",25,3
A13613012,철근콘크리트구조,2300,단일계약,위탁관리,7,352,113,유,"관리사무소, 주민공동시설, 어린이놀이터, 자전거보관소",23,6
A13613009,철근콘크리트구조,3550,단일계약,위탁관리,31,729,214,유,"관리사무소, 노인정, 보육시설, 문고, 주민공동시설, 어린이놀이터, 휴게시설, 커뮤니티공간, 자전거보관소",14,2
A13613011,철골철근콘크리트구조,4800,단일계약,위탁관리,8,944,182,유,"관리사무소, 노인정, 문고, 주민공동시설, 어린이놀이터, 커뮤니티공간, 자전거보관소",36,7
A13613007,철근콘크리트구조,4500,종합계약,위탁관리,37,1746,227,유,"관리사무소, 노인정, 어린이놀이터",20,0
A10020292,철골철근콘크리트구조,2500,종합계약,위탁관리,5,152,72,유,"관리사무소, 주민공동시설, 커뮤니티공간, 자전거보관소",26,4
A10023322,철골콘크리트구조,1200,단일계약,위탁관리,2,50,36,무,"관리사무소, 주민공동시설",19,3
A10020750,철골콘크리트구조,1500,단일계약,위탁관리,3,85,104,유,"관리사무소, 휴게시설, 커뮤니티공간, 자전거보관소",27,2
A13613004,철근콘크리트구조,2250,종합계약,위탁관리,9,426,109,무,"관리사무소, 노인정",24,5
A13613002,철골철근콘크리트구조,682,단일계약,위탁관리,3,148,34,무,"관리사무소, 노인정, 주민공동시설, 어린이놀이터, 자전거보관소",16,2
A13613003,철근콘크리트구조,600,단일계약,위탁관리,3,209,38,무,"관리사무소, 노인정, 어린이놀이터, 자전거보관소",18,2
A10024661,기타철골철근콘크리트구조,600,종합계약,위탁관리,3,175,50,유,"관리사무소, 자전거보관소",15,4
A13613008,철근콘크리트구조,8250,단일계약,위탁관리,67,2662,320,무,,20,0
A13613010,철근콘크리트구조,1150,단일계약,위탁관리,6,367,0,유,"관리사무소, 노인정, 어린이놀이터, 자전거보관소",16,3
A13613006,철근콘크리트구조,3000,단일계약,위탁관리,19,932,156,유,"관리사무소, 노인정, 보육시설, 문고, 주민공동시설, 어린이놀이터, 휴게시설, 커뮤니티공간, 자전거보관소",23,2
A10021241,,,,,0,0,,,,41,5
A13613005,철근콘크리트구조,2000,단일계약,위탁관리,26,640,115,무,"관리사무소, 노인정, 어린이놀이터, 자전거보관소",24,2
A13613201,철근콘크리트구조,1550,단일계약,위탁관리,10,378,102,무,"관리사무소, 노인정, 어린이놀이터, 자전거보관소",22,2
A13613001,철근콘크리트구조,990,단일계약,위탁관리,5,151,22,무,"관리사무소, 노인정, 어린이놀이터",20,1
A10022464,철근콘크리트구조,995,종합계약,위탁관리,5,156,22,무,,20,1
A13678401,철근콘크리트구조,650,단일계약,위탁관리,4,128,20,무,"관리사무소, 노인정, 어린이놀이터, 휴게시설, 자전거보관소",20,1
A13612001,철근콘크리트구조,850,단일계약,위탁관리,7,224,39,무,"관리사무소, 노인정, 어린이놀이터",18,2
A13612002,철근콘크리트구조,4900,단일계약,위탁관리,29,1445,54,유,"관리사무소, 노인정, 보육시설, 주민공동시설, 어린이놀이터, 휴게시설, 커뮤니티공간, 자전거보관소, 기타",23,4
A13614001,철근콘크리트구조,3000,종합계약,위탁관리,18,784,191,유,"관리사무소, 노인정, 보육시설, 문고, 주민공동시설, 어린이놀이터, 자전거보관소",21,2
A10024488,철근콘크리트구조,9000,종합계약,위탁관리,92,2027,349,유,"관리사무소, 노인정, 문고, 주민공동시설, 어린이놀이터, 유치원, 커뮤니티공간, 자전거보관소",29,2
A10026571,철근콘크리트구조,3469,단일계약,위탁관리,13,614,200,유,"관리사무소, 노인정, 보육시설, 문고, 주민공동시설, 어린이놀이터, 휴게시설, 커뮤니티공간, 자전거보관소, 기타",30,3
A10025461,철근콘크리트구조,3750,단일계약,위탁관리,21,1096,310,유,"관리사무소, 노인정, 보육시설, 문고, 주민공동시설, 어린이놀이터, 휴게시설, 커뮤니티공간, 자전거보관소",29,2
A10025245,철골철근콘크리트구조,5700,단일계약,위탁관리,40,1911,478,유,"관리사무소, 노인정, 보육시설, 문고, 주민공동시설, 어린이놀이터, 휴게시설, 유치원, 커뮤니티공간, 자전거보관소, 기타",32,2
A10025259,철골철근콘크리트구조,1500,종합계약,위탁관리,2,153,22,유,"관리사무소, 주민공동시설, 자전거보관소, 기타",17,3
A13614301,철근콘크리트구조,800,단일계약,위탁관리,5,189,37,무,"관리사무소, 노인정, 어린이놀이터, 자전거보관소",15,2
A10024702,철근콘크리트구조,850,종합계약,위탁관리,6,169,38,무,"관리사무소, 노인정, 어린이놀이터, 휴게시설, 자전거보관소",18,2
A10020716,,,,관리방식미정,0,0,,,,31,3
A10023569,철골철근콘크리트구조,900,단일계약,위탁관리,12,117,67,유,"관리사무소, 주민공동시설, 어린이놀이터, 커뮤니티공간, 자전거보관소, 기타",12,2
A13614302,철근콘크리트구조,1300,단일계약,위탁관리,13,412,70,무,"관리사무소, 노인정, 주민공동시설, 어린이놀이터, 자전거보관소",15,0
A13676101,철근콘크리트구조,2250,단일계약,위탁관리,19,684,186,유,"관리사무소, 노인정, 보육시설, 문고, 주민공동시설, 어린이놀이터, 자전거보관소",20,2
A10025283,철골철근콘크리트구조,4650,종합계약,위탁관리,32,1311,530,유,"관리사무소, 노인정, 보육시설, 문고, 주민공동시설, 어린이놀이터, 휴게시설, 커뮤니티공간, 자전거보관소",23,2
A13615003,콘크리트구조,4500,단일계약,위탁관리,41,2249,214,무,"관리사무소, 노인정, 주민공동시설, 어린이놀이터, 유치원, 자전거보관소",25,0
A13681701,철근콘크리트구조,995,단일계약,위탁관리,7,241,32,무,"관리사무소, 노인정, 어린이놀이터, 자전거보관소",15,2
A13615002,철근콘크리트구조,1300,단일계약,위탁관리,10,461,39,무,,20,2
A13676103,철근콘크리트구조,1000,종합계약,위탁관리,9,253,83,유,"관리사무소, 노인정, 주민공동시설, 어린이놀이터, 자전거보관소",15,3
A10020602,철골철근콘크리트구조,1050,종합계약,위탁관리,5,154,125,유,,15,4
A14272304,철근콘크리트구조,7200,종합계약,위탁관리,84,4816,488,무,"관리사무소, 노인정, 보육시설, 주민공동시설, 어린이놀이터, 유치원, 자전거보관소",25,5
A14272311,철근콘크리트구조,2200,단일계약,위탁관리,17,693,128,무,"관리사무소, 노인정, 주민공동시설, 어린이놀이터, 자전거보관소",20,3
A10025241,철골철근콘크리트구조,4000,종합계약,위탁관리,47,1365,421,유,"관리사무소, 노인정, 보육시설, 주민공동시설, 어린이놀이터, 휴게시설, 커뮤니티공간, 자전거보관소",14,3
A10026947,철골철근콘크리트구조,2750,종합계약,위탁관리,25,716,316,유,"관리사무소, 노인정, 보육시설, 문고, 주민공동시설, 어린이놀이터, 휴게시설, 유치원, 커뮤니티공간, 자전거보관소",15,3
A10023829,철근콘크리트구조,1700,단일계약,위탁관리,8,227,185,유,"관리사무소, 노인정, 보육시설, 문고, 어린이놀이터, 커뮤니티공간, 자전거보관소",11,4
A14277601,철근콘크리트구조,1200,종합계약,위탁관리,11,329,72,무,"관리사무소, 노인정, 주민공동시설, 어린이놀이터, 자전거보관소",15,2
A14272309,철근콘크리트구조,7232,기타,위탁관리,43,1560,469,무,"관리사무소, 노인정, 보육시설, 문고, 주민공동시설, 어린이놀이터, 휴게시설, 커뮤니티공간, 자전거보관소",24,3
A14272308,철근콘크리트구조,6923,단일계약,위탁관리,36,1565,341,무,"관리사무소, 노인정, 보육시설, 문고, 주민공동시설, 어린이놀이터, 커뮤니티공간, 자전거보관소",25,3
A14282301,철근콘크리트구조,900,단일계약,위탁관리,8,232,51,무,"관리사무소, 노인정, 어린이놀이터, 자전거보관소",15,1
A14272306,철근콘크리트구조,2000,단일계약,위탁관리,38,1069,175,무,"관리사무소, 노인정, 주민공동시설, 어린이놀이터, 휴게시설, 자전거보관소",22,2
A14272314,철근콘크리트구조,8600,단일계약,위탁관리,44,1753,407,유,"관리사무소, 노인정, 문고, 주민공동시설, 어린이놀이터, 커뮤니티공간, 자전거보관소",23,4
A14280502,철근콘크리트구조,1800,단일계약,위탁관리,15,563,126,무,"관리사무소, 노인정, 주민공동시설, 어린이놀이터, 자전거보관소",15,2
A14272310,철근콘크리트구조,900,단일계약,위탁관리,6,347,72,무,"관리사무소, 노인정, 주민공동시설, 어린이놀이터",18,4
A10021203,철골철근콘크리트구조,380,단일계약,위탁관리,4,104,20,무,,15,2
A14272307,철근콘크리트구조,320,기타,위탁관리,10,204,76,무,"관리사무소, 노인정, 어린이놀이터, 자전거보관소",13,1
A14272305,철근콘크리트구조,3850,단일계약,위탁관리,34,1868,263,무,"관리사무소, 노인정, 보육시설, 주민공동시설, 어린이놀이터, 자전거보관소",25,4
A10022391,철골콘크리트구조,10300,종합계약,위탁관리,37,1243,821,유,"관리사무소, 노인정, 문고, 주민공동시설, 어린이놀이터, 휴게시설, 유치원, 커뮤니티공간, 자전거보관소, 기타",22,3
A14210002,철근콘크리트구조,3550,단일계약,위탁관리,33,1665,272,무,"관리사무소, 노인정, 문고, 어린이놀이터, 휴게시설, 자전거보관소",25,3
A14210001,철근콘크리트구조,1500,단일계약,위탁관리,6,348,75,무,"관리사무소, 노인정, 어린이놀이터",25,3
A14272313,철근콘크리트구조,2150,단일계약,위탁관리,14,402,124,유,"관리사무소, 노인정, 보육시설, 문고, 주민공동시설, 어린이놀이터",15,2
A10024034,철근콘크리트구조,3530,단일계약,위탁관리,2,71,100,유,"관리사무소, 자전거보관소",20,3
A10021213,철골철근콘크리트구조,400,단일계약,위탁관리,5,106,48,무,"관리사무소, 어린이놀이터, 휴게시설, 커뮤니티공간, 자전거보관소",12,4
A10022183,철골철근콘크리트구조,700,종합계약,위탁관리,5,120,32,무,,12,2
A14272303,철근콘크리트구조,990,단일계약,위탁관리,12,531,51,무,"관리사무소, 노인정, 휴게시설, 자전거보관소",17,2
A10020346,철골철근콘크리트구조,2000,종합계약,위탁관리,14,539,208,유,"관리사무소, 노인정, 보육시설, 문고, 주민공동시설, 어린이놀이터, 휴게시설, 커뮤니티공간, 자전거보관소",29,5
A14281701,철근콘크리트구조,1500,종합계약,위탁관리,5,271,38,무,"관리사무소, 노인정, 어린이놀이터, 자전거보관소",17,4
A14206003,철근콘크리트구조,2300,단일계약,위탁관리(직영+위탁),16,1000,104,무,"관리사무소, 노인정, 어린이놀이터, 휴게시설, 자전거보관소, 기타",15,0
A14206002,철근콘크리트구조,900,단일계약,위탁관리,8,233,49,무,"관리사무소, 노인정, 어린이놀이터",20,2
A14206305,철근콘크리트구조,1000,단일계약,위탁관리,5,212,20,무,"관리사무소, 노인정, 어린이놀이터, 자전거보관소",21,1
A14206301,철근콘크리트구조,600,단일계약,위탁관리,10,200,27,무,"관리사무소, 노인정, 어린이놀이터, 자전거보관소",17,2
A14206001,철근콘크리트구조,1200,단일계약,위탁관리,6,202,32,무,,19,2
A14206307,철근콘크리트구조,1100,단일계약,위탁관리,8,311,109,무,"관리사무소, 노인정, 어린이놀이터",20,2
A14206306,철근콘크리트구조,700,단일계약,위탁관리,5,234,57,무,"관리사무소, 노인정, 어린이놀이터, 휴게시설, 자전거보관소",20,2
A14206310,철근콘크리트구조,2550,단일계약,위탁관리,24,449,83,무,"관리사무소, 노인정, 보육시설, 문고, 주민공동시설, 어린이놀이터, 휴게시설, 커뮤니티공간, 자전거보관소",15,0
A14276311,철근콘크리트구조,1900,단일계약,위탁관리,16,506,65,유,"관리사무소, 노인정, 주민공동시설, 어린이놀이터, 자전거보관소, 기타",15,0
A14206202,철근콘크리트구조,1950,단일계약,위탁관리,20,519,94,무,"관리사무소, 노인정, 어린이놀이터",15,0
A14286203,철근콘크리트구조,1750,단일계약,위탁관리,17,477,57,무,"관리사무소, 노인정, 어린이놀이터, 자전거보관소",15,0
A14206303,철근콘크리트구조,950,단일계약,위탁관리,8,255,34,무,"관리사무소, 노인정, 어린이놀이터, 기타",18,2
A14286104,철근콘크리트구조,965,종합계약,위탁관리,9,218,48,무,"관리사무소, 노인정, 어린이놀이터, 자전거보관소",15,0
A14206302,철근콘크리트구조,1350,종합계약,위탁관리,6,177,45,무,"관리사무소, 노인정, 어린이놀이터, 자전거보관소",19,2
A14270301,철근콘크리트구조,1400,단일계약,위탁관리,8,389,63,유,"관리사무소, 노인정, 어린이놀이터, 자전거보관소",20,1
A14206201,철근콘크리트구조,850,종합계약,위탁관리,9,336,48,무,노인정,19,3
A14286108,철근콘크리트구조,2000,단일계약,위탁관리,10,511,111,무,"관리사무소, 노인정, 문고, 주민공동시설, 어린이놀이터, 커뮤니티공간, 자전거보관소",20,3
A14207202,철근콘크리트구조,1900,단일계약,위탁관리,13,610,96,무,"관리사무소, 노인정, 보육시설, 어린이놀이터",18,3
A14207201,철근콘크리트구조,350,단일계약,위탁관리,2,124,32,무,"관리사무소, 노인정, 주민공동시설, 어린이놀이터, 휴게시설, 자전거보관소",15,2
A14278101,철근콘크리트구조,1900,단일계약,위탁관리,23,315,75,무,"관리사무소, 노인정, 주민공동시설, 어린이놀이터, 유치원, 자전거보관소",15,1
A14207203,철근콘크리트구조,3600,종합계약,위탁관리,46,1130,228,무,"관리사무소, 노인정, 어린이놀이터, 자전거보관소",15,0
A10021929,,,,,0,0,,,,15,0
A10021522,철골철근콘크리트구조,800,종합계약,위탁관리,3,103,22,무,"관리사무소, 노인정, 어린이놀이터",15,3
A10023955,철근콘크리트구조,5100,단일계약,위탁관리,10,557,382,유,"관리사무소, 노인정, 주민공동시설, 어린이놀이터, 휴게시설, 커뮤니티공간, 자전거보관소, 기타",23,6
A10023268,철근콘크리트구조,1700,종합계약,위탁관리,14,232,83,유,"관리사무소, 자전거보관소",15,3
A14209001,철근콘크리트구조,750,종합계약,위탁관리,28,287,80,무,"관리사무소, 노인정, 어린이놀이터, 자전거보관소",5,2
A14287102,철근콘크리트구조,550,단일계약,위탁관리,9,157,38,무,"관리사무소, 노인정, 어린이놀이터, 휴게시설, 자전거보관소",15,0
A13203002,철근콘크리트구조,2100,단일계약,위탁관리,9,321,95,유,"관리사무소, 노인정, 주민공동시설, 어린이놀이터, 자전거보관소",18,2
A13295201,철근콘크리트구조,1050,단일계약,위탁관리,6,169,48,무,"관리사무소, 노인정, 어린이놀이터",14,2
A10022144,철골철근콘크리트구조,500,종합계약,위탁관리,2,143,16,유,"관리사무소, 노인정, 어린이놀이터, 자전거보관소",20,0
A10024827,철골철근콘크리트구조,850,종합계약,위탁관리,5,168,64,유,,15,2
A13286203,철근콘크리트구조,891,종합계약,위탁관리,5,150,14,무,"관리사무소, 노인정, 어린이놀이터, 자전거보관소",12,0
A13203102,콘크리트구조,770,기타,위탁관리,15,262,87,무,"관리사무소, 노인정, 어린이놀이터, 자전거보관소",12,2
A10022967,철골철근콘크리트구조,1150,단일계약,자치관리,3,117,12,유,"관리사무소, 주민공동시설",12,3
A13203408,철근콘크리트구조,1910,단일계약,위탁관리,18,386,69,무,"관리사무소, 노인정, 어린이놀이터, 유치원, 자전거보관소",15,0
A13203403,철근콘크리트구조,950,단일계약,위탁관리,13,220,40,무,"관리사무소, 노인정, 주민공동시설, 어린이놀이터, 휴게시설, 자전거보관소",15,0
A13203001,철골철근콘크리트구조,700,단일계약,위탁관리,8,177,39,유,"관리사무소, 노인정, 어린이놀이터",10,1
A13287503,철근콘크리트구조,1135,단일계약,위탁관리,12,370,52,무,,15,0
A10022118,철골철근콘크리트구조,430,단일계약,위탁관리(직영+위탁),5,124,22,유,"관리사무소, 노인정, 어린이놀이터, 자전거보관소",15,2
A13203302,철근콘크리트구조,1450,단일계약,위탁관리,15,462,63,무,"관리사무소, 노인정, 주민공동시설, 어린이놀이터, 휴게시설, 자전거보관소",15,0
A13286304,철근콘크리트구조,3265,단일계약,위탁관리,31,501,132,무,"관리사무소, 노인정, 보육시설, 어린이놀이터",15,1
A13286106,철근콘크리트구조,950,단일계약,위탁관리,17,311,52,무,"관리사무소, 노인정, 어린이놀이터, 자전거보관소",15,0
A10021859,철골철근콘크리트구조,805,종합계약,위탁관리,10,114,91,유,,7,2
A10026175,철근콘크리트구조,445,단일계약,위탁관리,2,71,18,무,"관리사무소, 노인정, 어린이놀이터",16,2
A13203401,철근콘크리트구조,750,단일계약,위탁관리,14,260,47,유,"관리사무소, 노인정, 어린이놀이터, 자전거보관소",14,1
A13203202,철근콘크리트구조,700,단일계약,위탁관리,7,194,32,무,관리사무소,18,2
A13203303,철근콘크리트구조,1800,단일계약,위탁관리,16,600,50,무,"관리사무소, 노인정, 어린이놀이터",14,0
A13286110,철근콘크리트구조,2650,단일계약,위탁관리,26,514,83,무,"관리사무소, 노인정, 어린이놀이터, 커뮤니티공간",15,0
A13286105,철근콘크리트구조,1190,단일계약,위탁관리,11,280,45,무,"관리사무소, 노인정, 어린이놀이터, 휴게시설, 자전거보관소",17,0
A13286107,철근콘크리트구조,1250,단일계약,위탁관리,22,429,83,무,"관리사무소, 노인정, 어린이놀이터",15,0
A13286904,철근콘크리트구조,1150,단일계약,위탁관리,16,264,54,무,"관리사무소, 노인정, 어린이놀이터, 자전거보관소",15,0
A13286109,철근콘크리트구조,1500,단일계약,위탁관리,25,310,87,무,"관리사무소, 노인정, 주민공동시설, 어린이놀이터, 커뮤니티공간, 자전거보관소",15,1
A13286002,철근콘크리트구조,565,단일계약,위탁관리,7,136,28,무,"관리사무소, 노인정, 어린이놀이터, 자전거보관소",15,1
A13287801,철근콘크리트구조,900,단일계약,위탁관리,13,221,48,무,"관리사무소, 노인정, 어린이놀이터, 휴게시설",15,0
A10023732,철근콘크리트구조,1400,종합계약,위탁관리,4,112,62,무,"관리사무소, 커뮤니티공간",7,2
A10023914,철골철근콘크리트구조,1850,종합계약,위탁관리,4,84,76,유,"관리사무소, 커뮤니티공간, 자전거보관소",17,5
A13202002,철근콘크리트구조,4500,단일계약,위탁관리,31,1911,330,유,"관리사무소, 노인정, 문고, 주민공동시설, 어린이놀이터, 자전거보관소",23,2
A13202304,철골철근콘크리트구조,800,단일계약,위탁관리,2,110,16,무,"관리사무소, 어린이놀이터, 커뮤니티공간, 자전거보관소",12,0
A10020507,철근콘크리트구조,,,위탁관리,0,530,,유,"관리사무소, 주민공동시설, 커뮤니티공간, 자전거보관소",23,4
A13285507,철근콘크리트구조,3,단일계약,위탁관리,9,286,40,무,"관리사무소, 노인정, 어린이놀이터, 커뮤니티공간, 자전거보관소",15,2
A13285305,철근콘크리트구조,800,단일계약,위탁관리,10,314,87,무,"관리사무소, 노인정, 어린이놀이터, 휴게시설, 유치원, 자전거보관소",18,2
A13202302,철근콘크리트구조,795,단일계약,위탁관리,7,147,45,무,"관리사무소, 노인정, 어린이놀이터, 자전거보관소",14,0
A10026279,,,,,0,0,,무,,15,1
A13272102,철근콘크리트구조,1023,단일계약,위탁관리,8,380,60,유,"관리사무소, 노인정, 주민공동시설, 어린이놀이터, 자전거보관소",15,1
A13285503,철근콘크리트구조,750,종합계약,위탁관리,9,241,51,유,,12,2
A10027555,철골철근콘크리트구조,500,종합계약,위탁관리,5,138,32,,"관리사무소, 노인정",15,2
A13285404,철근콘크리트구조,1350,종합계약,위탁관리,10,563,256,무,"관리사무소, 노인정, 자전거보관소",20,3
A13272101,철근콘크리트구조,950,단일계약,위탁관리,8,371,95,유,관리사무소,21,3
A13283405,철근콘크리트구조,700,종합계약,위탁관리,11,234,47,무,"관리사무소, 노인정, 어린이놀이터, 자전거보관소",16,3
A13285406,철근콘크리트구조,2250,단일계약,위탁관리,14,1024,235,유,"관리사무소, 노인정, 보육시설, 어린이놀이터, 커뮤니티공간, 자전거보관소",22,2
A13202103,철근콘크리트구조,1400,종합계약,위탁관리,8,338,60,무,"관리사무소, 노인정, 어린이놀이터, 휴게시설, 자전거보관소",20,1
A13202308,철근콘크리트구조,1250,단일계약,위탁관리,10,171,48,무,"관리사무소, 노인정, 어린이놀이터",14,0
A13202102,철근콘크리트구조,930,단일계약,위탁관리,10,232,55,무,"관리사무소, 노인정, 어린이놀이터, 휴게시설, 자전거보관소, 기타",15,1
A13202312,철근콘크리트구조,5800,단일계약,위탁관리,67,1774,326,무,"관리사무소, 노인정, 주민공동시설, 어린이놀이터, 자전거보관소",15,0
A13283611,철근콘크리트구조,1450,단일계약,위탁관리,22,583,145,무,"관리사무소, 노인정, 어린이놀이터",15,1
A13276414,철근콘크리트구조,750,단일계약,위탁관리,9,220,47,무,"관리사무소, 노인정, 어린이놀이터",14,0
A13285601,철근콘크리트구조,835,단일계약,위탁관리,3,196,29,무,"관리사무소, 노인정, 어린이놀이터, 자전거보관소",18,2
A13276416,철근콘크리트구조,2310,단일계약,위탁관리,25,395,125,무,"관리사무소, 노인정, 어린이놀이터, 자전거보관소",12,1
A13282510,철근콘크리트구조,1750,단일계약,위탁관리,19,425,100,무,"관리사무소, 노인정, 주민공동시설, 어린이놀이터, 휴게시설, 커뮤니티공간",15,1
A10024463,철골철근콘크리트구조,950,종합계약,위탁관리,3,102,68,무,"관리사무소, 자전거보관소",12,2
A13276415,철근콘크리트구조,2250,단일계약,위탁관리,41,638,149,유,"관리사무소, 노인정, 어린이놀이터, 자전거보관소",15,0
A13202306,철근콘크리트구조,700,단일계약,위탁관리,7,233,37,무,"관리사무소, 노인정, 어린이놀이터",15,0
A13276417,철근콘크리트구조,950,단일계약,위탁관리,12,168,43,무,"관리사무소, 노인정, 어린이놀이터, 휴게시설, 자전거보관소",15,0
A13285401,철근콘크리트구조,809,단일계약,위탁관리,4,205,28,무,"관리사무소, 노인정, 어린이놀이터, 자전거보관소",23,1
A10024822,철근콘크리트구조,875,종합계약,위탁관리,7,101,52,무,"관리사무소, 노인정, 주민공동시설, 자전거보관소",8,1
A10026856,철근콘크리트구조,630,종합계약,위탁관리,4,114,24,무,"관리사무소, 어린이놀이터, 휴게시설, 자전거보관소",16,2
A10021809,조적구조,765,기타,,0,150,8,무,"어린이놀이터, 기타",3,0
A13204502,철근콘크리트구조,900,단일계약,위탁관리,5,332,101,무,"관리사무소, 노인정, 주민공동시설, 어린이놀이터, 자전거보관소, 기타",23,2
A13204408,철근콘크리트구조,2740,단일계약,위탁관리,22,537,59,무,"관리사무소, 노인정, 어린이놀이터, 자전거보관소",15,0
A13204203,철근콘크리트구조,1450,단일계약,위탁관리,9,390,46,무,"관리사무소, 노인정, 어린이놀이터, 자전거보관소",19,2
A13204201,철근콘크리트구조,750,단일계약,위탁관리,4,193,23,무,"관리사무소, 노인정, 어린이놀이터",19,2
A13290404,철근콘크리트구조,1300,단일계약,위탁관리,9,413,82,유,"관리사무소, 노인정, 어린이놀이터, 자전거보관소",21,1
A13204501,철근콘크리트구조,650,단일계약,위탁관리,4,213,32,무,"관리사무소, 노인정, 자전거보관소",19,2
A13204001,철근콘크리트구조,650,종합계약,위탁관리,5,247,32,무,"관리사무소, 노인정, 어린이놀이터, 자전거보관소",24,2
A13204204,철근콘크리트구조,3250,단일계약,위탁관리,28,1016,125,무,"관리사무소, 노인정, 어린이놀이터, 유치원",19,0
A13272201,철근콘크리트구조,1185,단일계약,위탁관리,9,371,32,무,"관리사무소, 노인정, 어린이놀이터, 자전거보관소",21,2
A13290003,철근콘크리트구조,2325,단일계약,위탁관리,20,450,80,무,"관리사무소, 노인정, 어린이놀이터, 자전거보관소",15,1
A13204506,철근콘크리트구조,1600,단일계약,위탁관리,13,397,97,유,"관리사무소, 노인정, 주민공동시설, 어린이놀이터, 자전거보관소",17,2
A13204409,철근콘크리트구조,5200,단일계약,위탁관리,36,2300,250,무,,24,2
A13204510,철근콘크리트구조,6500,종합계약,위탁관리,50,3210,316,무,"관리사무소, 노인정, 문고, 어린이놀이터",24,2
A13204103,철근콘크리트구조,4350,단일계약,위탁관리,84,1252,192,무,"관리사무소, 노인정, 어린이놀이터, 유치원, 커뮤니티공간, 자전거보관소",21,1
A13204507,철근콘크리트구조,1350,단일계약,위탁관리,10,350,21,무,"관리사무소, 노인정, 어린이놀이터, 자전거보관소",14,0
A13204505,철근콘크리트구조,1150,단일계약,위탁관리,9,240,50,무,"관리사무소, 노인정, 어린이놀이터, 자전거보관소",12,0
A10026109,철근콘크리트구조,69,단일계약,,0,310,32,무,관리사무소,5,1
A13292701,철근콘크리트구조,910,단일계약,위탁관리,6,218,30,무,"관리사무소, 노인정, 어린이놀이터",17,2
A13275001,철골철근콘크리트구조,500,단일계약,위탁관리,4,120,28,,"관리사무소, 노인정, 어린이놀이터, 자전거보관소",15,2
A13204002,철근콘크리트구조,1300,종합계약,위탁관리,11,611,52,무,"관리사무소, 노인정, 어린이놀이터",23,2
A13204302,철근콘크리트구조,350,종합계약,위탁관리,9,321,73,무,"관리사무소, 노인정, 어린이놀이터, 휴게시설, 자전거보관소",15,0
A13204406,철근콘크리트구조,3100,종합계약,위탁관리,58,1486,203,무,"관리사무소, 노인정, 보육시설, 주민공동시설, 어린이놀이터, 휴게시설, 유치원, 자전거보관소",24,0
A13204404,철근콘크리트구조,2950,단일계약,위탁관리,19,1000,211,무,"관리사무소, 노인정, 주민공동시설, 어린이놀이터, 자전거보관소",25,2
A13290105,철근콘크리트구조,1850,단일계약,위탁관리,9,450,80,무,"관리사무소, 노인정, 보육시설, 어린이놀이터, 자전거보관소",15,1
A13290107,철근콘크리트구조,2700,단일계약,위탁관리,27,1073,54,무,"관리사무소, 노인정, 주민공동시설, 어린이놀이터, 자전거보관소",15,0
A13290809,철근콘크리트구조,1250,단일계약,위탁관리,10,350,26,무,"관리사무소, 노인정, 자전거보관소",15,0
A13204508,철근콘크리트구조,1700,단일계약,위탁관리,8,313,47,무,"관리사무소, 노인정, 어린이놀이터, 자전거보관소",15,0
A13204105,철근콘크리트구조,5350,단일계약,위탁관리,37,1107,212,무,,15,0
A13204104,철근콘크리트구조,2500,단일계약,위탁관리,20,513,20,무,"관리사무소, 노인정, 어린이놀이터, 자전거보관소",15,0
A13204205,철근콘크리트구조,4300,단일계약,위탁관리,24,1103,193,유,"관리사무소, 노인정, 보육시설, 주민공동시설, 어린이놀이터, 휴게시설, 유치원, 자전거보관소",21,2
A13204003,블록구조,650,단일계약,위탁관리,10,166,27,무,"관리사무소, 노인정, 자전거보관소, 기타",15,1
A13292002,철근콘크리트구조,900,단일계약,위탁관리,6,331,64,유,"관리사무소, 노인정, 어린이놀이터, 휴게시설, 자전거보관소",19,1
A10024782,철근콘크리트구조,23,단일계약,위탁관리,3,97,24,유,"관리사무소, 노인정, 자전거보관소",12,2
A13204503,철근콘크리트구조,932,단일계약,위탁관리,4,204,28,무,"관리사무소, 노인정, 어린이놀이터, 자전거보관소",18,2
A13204402,철근콘크리트구조,1150,단일계약,위탁관리,7,329,62,무,"관리사무소, 노인정, 어린이놀이터, 휴게시설, 자전거보관소",15,2
A13292501,철근콘크리트구조,522,단일계약,위탁관리,3,175,40,무,"관리사무소, 노인정, 자전거보관소",12,3
A13204301,철근콘크리트구조,700,단일계약,위탁관리,6,225,56,무,"관리사무소, 노인정, 어린이놀이터",17,1
A13201203,철근콘크리트구조,695,단일계약,위탁관리,7,124,32,무,"관리사무소, 노인정, 어린이놀이터, 자전거보관소",15,1
A13201206,철근콘크리트구조,1800,단일계약,위탁관리,13,717,110,무,"관리사무소, 노인정, 보육시설, 주민공동시설, 어린이놀이터, 자전거보관소",22,2
A13293505,철근콘크리트구조,1250,단일계약,위탁관리,14,489,84,유,"관리사무소, 노인정, 어린이놀이터, 자전거보관소",18,2
A13281802,철근콘크리트구조,1700,단일계약,위탁관리,21,540,79,유,"관리사무소, 노인정, 어린이놀이터, 커뮤니티공간, 자전거보관소",15,0
A13201207,프리케스트콘크리트구조,1350,단일계약,위탁관리,8,423,44,무,"관리사무소, 노인정, 휴게시설, 자전거보관소",15,0
A13201001,철근콘크리트구조,400,단일계약,위탁관리,3,90,15,무,"관리사무소, 노인정, 보육시설, 어린이놀이터, 자전거보관소",10,1
A13281201,철근콘크리트구조,910,단일계약,위탁관리,4,217,49,무,"관리사무소, 노인정, 주민공동시설, 어린이놀이터, 휴게시설, 커뮤니티공간, 자전거보관소",12,1
A13275302,철근콘크리트구조,1,단일계약,위탁관리,9,160,34,무,"관리사무소, 노인정, 어린이놀이터",18,0
A10027136,철골철근콘크리트구조,600,단일계약,위탁관리,14,169,39,무,"관리사무소, 노인정, 어린이놀이터, 자전거보관소",5,1
A10020195,,,,,0,0,,,,18,2
A13275301,철근콘크리트구조,950,단일계약,위탁관리,6,172,30,무,"관리사무소, 노인정, 어린이놀이터, 자전거보관소",15,1
A10026714,철골철근콘크리트구조,760,단일계약,위탁관리,5,161,64,무,"관리사무소, 노인정, 어린이놀이터, 휴게시설, 자전거보관소",14,1
A13275303,철골콘크리트구조,600,단일계약,위탁관리,4,158,36,무,"관리사무소, 노인정, 주민공동시설, 어린이놀이터, 자전거보관소",20,2
A13201202,철근콘크리트구조,500,단일계약,위탁관리,6,227,51,무,"관리사무소, 노인정, 어린이놀이터, 자전거보관소",19,2
A13201209,철근콘크리트구조,8100,단일계약,위탁관리,80,2509,516,유,"관리사무소, 노인정, 어린이놀이터, 자전거보관소",17,1
A13201201,철근콘크리트구조,600,단일계약,위탁관리,4,228,24,무,"관리사무소, 노인정, 어린이놀이터, 자전거보관소",18,0
A13201002,철근콘크리트구조,500,단일계약,위탁관리,3,199,19,무,"노인정, 어린이놀이터",15,1
A13201208,철근콘크리트구조,4550,단일계약,위탁관리,21,693,112,무,"관리사무소, 노인정, 어린이놀이터, 휴게시설, 유치원, 자전거보관소",18,1
A13280104,철골콘크리트구조,950,단일계약,위탁관리,12,215,41,무,"관리사무소, 노인정, 어린이놀이터, 자전거보관소, 기타",15,0
A10020305,철골철근콘크리트구조,1700,종합계약,위탁관리,4,119,51,유,,14,2
A13984004,철근콘크리트구조,8100,단일계약,위탁관리,61,3967,381,무,"관리사무소, 노인정, 어린이놀이터, 유치원",28,3
A10027716,철골콘크리트구조,2000,단일계약,위탁관리,34,598,179,유,"관리사무소, 노인정, 보육시설, 문고, 주민공동시설, 어린이놀이터, 휴게시설, 커뮤니티공간, 자전거보관소",20,2
A10027121,철근콘크리트구조,2250,단일계약,위탁관리,17,360,188,유,"관리사무소, 노인정, 문고, 주민공동시설, 어린이놀이터, 자전거보관소",9,2
A13991018,철근콘크리트구조,3250,단일계약,위탁관리,36,1153,250,유,"관리사무소, 노인정, 주민공동시설, 어린이놀이터",13,1
A13987501,철근콘크리트구조,750,단일계약,위탁관리,7,166,32,무,"관리사무소, 노인정, 어린이놀이터, 자전거보관소",15,1
A13905302,철골철근콘크리트구조,570,종합계약,위탁관리,10,390,85,유,"관리사무소, 노인정, 어린이놀이터, 휴게시설, 자전거보관소",15,1
A10024636,철골철근콘크리트구조,145,단일계약,위탁관리,4,130,29,무,"관리사무소, 노인정",15,1
A13987503,철근콘크리트구조,800,단일계약,위탁관리,5,194,32,유,"관리사무소, 노인정, 어린이놀이터",19,3
A13905204,철근콘크리트구조,1700,기타,위탁관리,6,226,33,유,"관리사무소, 노인정, 어린이놀이터, 자전거보관소",15,0
A13905208,철근콘크리트구조,300,기타,위탁관리,8,306,41,무,"관리사무소, 어린이놀이터",15,0
A10020255,철골콘크리트구조,600,종합계약,,0,151,16,유,,23,2
A13985201,철근콘크리트구조,650,종합계약,위탁관리,8,126,37,무,"관리사무소, 노인정, 어린이놀이터, 휴게시설, 자전거보관소",17,1
A13905102,철근콘크리트구조,990,종합계약,위탁관리,7,237,61,무,"관리사무소, 노인정, 주민공동시설, 어린이놀이터, 자전거보관소",17,2
A13985103,철근콘크리트구조,900,종합계약,위탁관리,9,620,64,무,"관리사무소, 노인정, 어린이놀이터, 휴게시설, 자전거보관소",20,0
A13984604,철근콘크리트구조,2000,단일계약,위탁관리,9,590,64,무,"관리사무소, 노인정, 어린이놀이터",12,0
A13991016,철골콘크리트구조,1190,단일계약,위탁관리,8,206,33,유,"관리사무소, 노인정, 어린이놀이터, 자전거보관소",14,1
A13905105,철근콘크리트구조,4200,종합계약,위탁관리,22,1469,301,무,"관리사무소, 노인정, 보육시설, 문고, 주민공동시설, 어린이놀이터, 유치원",27,1
A13995602,철근콘크리트구조,965,단일계약,위탁관리,16,347,90,무,"관리사무소, 노인정, 보육시설, 어린이놀이터",15,1
A13984409,철근콘크리트구조,350,기타,위탁관리,10,293,85,유,"관리사무소, 노인정, 어린이놀이터",15,1
A13984411,철근콘크리트구조,700,기타,위탁관리,10,334,49,무,"관리사무소, 노인정, 어린이놀이터, 유치원, 자전거보관소",15,1
A13984603,철근콘크리트구조,950,단일계약,위탁관리,6,206,38,무,"관리사무소, 노인정, 주민공동시설, 어린이놀이터, 휴게시설, 자전거보관소",12,0
A13984003,철근콘크리트구조,2100,단일계약,위탁관리,7,289,46,무,"관리사무소, 노인정, 주민공동시설, 어린이놀이터, 휴게시설, 커뮤니티공간, 자전거보관소",14,0
A13905301,철근콘크리트구조,845,단일계약,위탁관리,8,205,32,무,"관리사무소, 노인정, 어린이놀이터",15,0
A10025097,철근콘크리트구조,3555,종합계약,위탁관리,21,1116,285,유,"관리사무소, 노인정, 보육시설, 주민공동시설, 어린이놀이터, 휴게시설, 커뮤니티공간, 자전거보관소",30,2
A13984005,철근콘크리트구조,8050,단일계약,위탁관리,37,2055,115,무,"관리사무소, 노인정, 어린이놀이터",14,0
A13987502,철근콘크리트구조,1080,단일계약,위탁관리,9,261,61,유,"관리사무소, 노인정, 어린이놀이터, 자전거보관소",15,1
A10024812,철근콘크리트구조,500,단일계약,위탁관리,4,163,35,무,"관리사무소, 노인정, 어린이놀이터",22,2
A13991015,철근콘크리트구조,609,종합계약,위탁관리,4,151,24,무,"관리사무소, 노인정, 어린이놀이터, 자전거보관소",20,1
A13984813,철근콘크리트구조,1000,기타,위탁관리,25,546,78,무,,15,0
A13984814,철근콘크리트구조,1500,기타,위탁관리,29,787,140,무,"관리사무소, 노인정, 보육시설, 어린이놀이터, 휴게시설, 자전거보관소",15,1
A13985106,철근콘크리트구조,455,기타,위탁관리,16,492,94,무,"관리사무소, 노인정, 주민공동시설, 어린이놀이터, 유치원, 자전거보관소",15,1
A13985105,철근콘크리트구조,600,기타,위탁관리,6,275,62,무,,15,1
A13985107,철근콘크리트구조,650,기타,위탁관리,10,389,69,무,"관리사무소, 노인정, 어린이놀이터, 자전거보관소",15,1
A13991017,철근콘크리트구조,950,단일계약,위탁관리,9,236,46,무,"관리사무소, 노인정, 주민공동시설, 어린이놀이터, 커뮤니티공간, 자전거보관소",15,1
A13905003,철근콘크리트구조,2000,단일계약,위탁관리,12,489,70,무,"관리사무소, 노인정, 주민공동시설, 어린이놀이터, 자전거보관소",25,2
A13905101,철근콘크리트구조,900,단일계약,위탁관리,5,238,47,무,"관리사무소, 노인정, 어린이놀이터, 자전거보관소",19,3
A13905202,철근콘크리트구조,950,단일계약,위탁관리,8,252,68,무,"관리사무소, 노인정, 어린이놀이터, 휴게시설, 자전거보관소",15,1
A10021254,,,,,0,0,,,,19,3
A13980512,철근콘크리트구조,450,기타,위탁관리,18,383,69,무,"관리사무소, 노인정, 주민공동시설, 어린이놀이터, 유치원, 자전거보관소",15,0
A13980803,철근콘크리트구조,610,종합계약,위탁관리,3,144,26,무,"관리사무소, 노인정, 어린이놀이터, 자전거보관소",21,2
A13980017,철골철근콘크리트구조,1400,단일계약,위탁관리,8,354,36,무,"관리사무소, 노인정, 보육시설, 주민공동시설, 어린이놀이터, 자전거보관소",15,0
A13980510,철근콘크리트구조,550,기타,위탁관리,9,257,97,무,"관리사무소, 노인정, 어린이놀이터",15,1
A10026289,철근콘크리트구조,500,종합계약,위탁관리,4,150,32,무,"관리사무소, 노인정, 어린이놀이터",18,2
A13980511,철근콘크리트구조,500,단일계약,위탁관리,10,321,69,무,"관리사무소, 노인정, 보육시설, 주민공동시설, 어린이놀이터, 휴게시설, 자전거보관소, 기타",15,1
A13980402,철근콘크리트구조,700,종합계약,위탁관리,5,219,37,무,"관리사무소, 노인정, 어린이놀이터, 자전거보관소",21,2
A13980801,철근콘크리트구조,810,단일계약,위탁관리(직영+위탁),3,172,32,유,"관리사무소, 노인정, 주민공동시설, 어린이놀이터, 자전거보관소",16,2
A13980105,철근콘크리트구조,800,단일계약,위탁관리,5,224,48,무,"관리사무소, 노인정, 자전거보관소",19,2
A13980604,철근콘크리트구조,600,단일계약,위탁관리(직영+위탁),5,168,35,무,,20,2
A13980706,철근콘크리트구조,973,단일계약,위탁관리,6,206,50,무,"관리사무소, 노인정, 어린이놀이터, 휴게시설, 자전거보관소",19,2
A13924205,철근콘크리트구조,950,단일계약,위탁관리,8,255,51,무,"관리사무소, 노인정, 어린이놀이터",15,1
A13980411,철근콘크리트구조,1730,단일계약,위탁관리,9,502,98,무,"관리사무소, 노인정, 어린이놀이터, 자전거보관소, 기타",24,2
A13980415,철근콘크리트구조,1600,단일계약,위탁관리,16,651,112,무,"관리사무소, 노인정, 보육시설, 주민공동시설, 어린이놀이터, 휴게시설, 자전거보관소",24,3
A13980018,철근콘크리트구조,2000,단일계약,위탁관리,10,505,89,무,"관리사무소, 노인정, 보육시설, 어린이놀이터, 자전거보관소",15,0
A13980403,철근콘크리트구조,960,단일계약,위탁관리,6,223,46,무,"관리사무소, 노인정, 주민공동시설, 어린이놀이터, 자전거보관소, 기타",18,2
A13980509,철근콘크리트구조,250,기타,위탁관리,7,260,11,무,"관리사무소, 노인정, 어린이놀이터, 유치원, 자전거보관소",15,1
A13980107,철근콘크리트구조,950,종합계약,위탁관리,9,436,79,무,,19,2
A13980401,철근콘크리트구조,750,종합계약,위탁관리,7,245,40,무,"관리사무소, 노인정, 어린이놀이터",18,1
A13980102,철근콘크리트구조,700,단일계약,위탁관리,2,154,32,무,"관리사무소, 노인정, 주민공동시설, 어린이놀이터, 자전거보관소, 기타",16,2
A13980012,철근콘크리트구조,1700,단일계약,위탁관리,20,505,110,유,"관리사무소, 노인정, 어린이놀이터, 자전거보관소",15,2
A13980108,철근콘크리트구조,950,단일계약,위탁관리,9,352,64,무,"관리사무소, 노인정, 어린이놀이터, 휴게시설, 자전거보관소",21,0
A13980006,철근콘크리트구조,1300,단일계약,위탁관리,14,343,56,무,"관리사무소, 노인정, 주민공동시설, 어린이놀이터, 휴게시설, 자전거보관소",12,2
A13980019,프리케스트콘크리트구조,3850,단일계약,위탁관리,28,1239,142,무,"관리사무소, 노인정, 보육시설, 주민공동시설, 어린이놀이터",15,2
A13980009,철근콘크리트구조,950,단일계약,위탁관리,24,330,81,무,"관리사무소, 노인정, 어린이놀이터",9,0
A13980513,철근콘크리트구조,4945,단일계약,위탁관리,38,2013,352,무,"관리사무소, 노인정, 보육시설, 문고, 주민공동시설, 어린이놀이터, 휴게시설, 자전거보관소",20,1
A13924003,철근콘크리트구조,1550,단일계약,위탁관리,13,630,96,무,"관리사무소, 노인정, 보육시설, 주민공동시설, 어린이놀이터, 자전거보관소",20,2
A13980014,철근콘크리트구조,22540,단일계약,위탁관리,19,986,105,무,"관리사무소, 노인정, 주민공동시설, 어린이놀이터, 커뮤니티공간",15,0
A13974401,철골콘크리트구조,400,단일계약,위탁관리,4,145,32,유,"관리사무소, 노인정, 어린이놀이터, 휴게시설",13,2
A13994501,철근콘크리트구조,750,종합계약,위탁관리,6,176,29,무,"관리사무소, 노인정, 어린이놀이터, 자전거보관소",21,3
A13980010,철근콘크리트구조,1700,단일계약,위탁관리,22,537,45,무,"관리사무소, 노인정, 보육시설, 어린이놀이터, 유치원, 자전거보관소",10,1
A10027622,철근콘크리트구조,1850,종합계약,위탁관리,8,301,94,유,"관리사무소, 어린이놀이터, 커뮤니티공간, 자전거보관소",36,5
A13924004,철근콘크리트구조,2300,단일계약,위탁관리,23,756,161,무,"관리사무소, 노인정, 보육시설, 주민공동시설, 어린이놀이터, 휴게시설, 유치원, 커뮤니티공간, 자전거보관소",15,1
A10023990,철근콘크리트구조,1750,단일계약,위탁관리,3,109,90,유,"관리사무소, 주민공동시설, 커뮤니티공간, 자전거보관소",20,2
A13980004,철근콘크리트구조,1250,종합계약,위탁관리,12,325,71,무,"관리사무소, 노인정, 어린이놀이터, 자전거보관소",15,3
A10023991,철근콘크리트구조,4750,종합계약,위탁관리,41,1563,320,유,"관리사무소, 노인정, 보육시설, 문고, 주민공동시설, 어린이놀이터, 휴게시설, 커뮤니티공간, 자전거보관소, 기타",25,3
A10020049,철골콘크리트구조,900,단일계약,,0,271,77,무,,3,2
A10023478,철근콘크리트구조,900,단일계약,위탁관리,3,51,16,무,"관리사무소, 자전거보관소",19,3
A13980413,철근콘크리트구조,800,단일계약,위탁관리,6,255,8,무,"노인정, 어린이놀이터",19,1
A13980407,철근콘크리트구조,700,단일계약,,0,324,34,무,"관리사무소, 노인정, 어린이놀이터, 자전거보관소",5,1
A13977913,철근콘크리트구조,1050,기타,위탁관리,34,636,98,무,"관리사무소, 노인정, 주민공동시설, 어린이놀이터, 휴게시설, 자전거보관소",15,0
A13923001,철근콘크리트구조,145,단일계약,,0,206,39,무,"관리사무소, 노인정, 어린이놀이터, 자전거보관소",4,0
A13987304,철근콘크리트구조,4400,단일계약,위탁관리,28,633,87,무,"관리사무소, 노인정, 주민공동시설, 어린이놀이터",15,1
A13987205,철근콘크리트구조,2200,단일계약,위탁관리,25,832,130,무,"관리사무소, 노인정, 주민공동시설, 유치원",15,1
A13923106,철근콘크리트구조,1800,단일계약,위탁관리,25,810,176,무,"관리사무소, 노인정, 보육시설, 문고, 주민공동시설, 어린이놀이터",15,0
A13987306,철근콘크리트구조,3550,단일계약,위탁관리,41,1254,157,무,"관리사무소, 노인정, 어린이놀이터, 자전거보관소, 기타",15,1
A13923104,철근콘크리트구조,2600,단일계약,위탁관리,21,570,79,무,"관리사무소, 노인정, 주민공동시설, 어린이놀이터, 자전거보관소",15,0
A13993501,철근콘크리트구조,950,단일계약,위탁관리,15,550,103,무,"관리사무소, 노인정, 어린이놀이터, 자전거보관소",15,2
A13987302,철근콘크리트구조,900,단일계약,,0,229,72,무,"관리사무소, 노인정, 어린이놀이터, 자전거보관소",5,0
A13923102,철근콘크리트구조,750,단일계약,위탁관리,7,304,48,무,"관리사무소, 노인정, 어린이놀이터, 자전거보관소",17,2
A13923103,철근콘크리트구조,4000,단일계약,위탁관리,22,431,83,무,"관리사무소, 노인정, 어린이놀이터, 자전거보관소",15,0
A13923108,철근콘크리트구조,2000,단일계약,위탁관리,16,548,48,무,"관리사무소, 노인정, 주민공동시설, 어린이놀이터, 휴게시설",15,0
A13987305,철근콘크리트구조,4500,단일계약,위탁관리,36,1699,219,무,"관리사무소, 노인정, 주민공동시설, 어린이놀이터, 휴게시설, 자전거보관소",18,3
A13993901,철근콘크리트구조,455,단일계약,위탁관리,4,138,20,무,"관리사무소, 어린이놀이터, 휴게시설, 자전거보관소",18,1
A13987301,철근콘크리트구조,500,단일계약,위탁관리,4,110,24,무,"관리사무소, 노인정, 어린이놀이터",18,1
A13993503,철골철근콘크리트구조,4000,단일계약,위탁관리,9,321,48,무,"관리사무소, 노인정, 어린이놀이터, 자전거보관소",15,0
A13993502,철근콘크리트구조,2187,단일계약,위탁관리,18,622,126,무,"관리사무소, 노인정, 어린이놀이터",15,1
A13987303,철근콘크리트구조,3750,단일계약,위탁관리,44,992,167,무,"관리사무소, 노인정, 보육시설, 주민공동시설, 어린이놀이터, 휴게시설, 자전거보관소, 기타",15,0
A10025133,철골철근콘크리트구조,2600,종합계약,위탁관리,38,958,285,유,"관리사무소, 노인정, 보육시설, 주민공동시설, 어린이놀이터, 커뮤니티공간, 자전거보관소",28,3
A10023024,철근콘크리트구조,2850,종합계약,위탁관리,11,673,212,유,"관리사무소, 노인정, 보육시설, 주민공동시설, 어린이놀이터, 휴게시설, 커뮤니티공간, 자전거보관소",29,3
A10023060,철근콘크리트구조,3100,종합계약,위탁관리,13,752,256,유,"관리사무소, 노인정, 보육시설, 주민공동시설, 어린이놀이터, 휴게시설, 커뮤니티공간, 자전거보관소",29,2
A10020986,,,,,0,0,,,,13,0
A13973201,철골콘크리트구조,550,단일계약,위탁관리,5,87,16,무,"관리사무소, 노인정, 어린이놀이터, 자전거보관소",15,1
A13981604,철근콘크리트구조,960,종합계약,위탁관리,10,233,44,유,"관리사무소, 노인정, 어린이놀이터, 자전거보관소",18,0
A13983801,철근콘크리트구조,935,종합계약,위탁관리,6,193,32,무,"관리사무소, 노인정, 어린이놀이터, 자전거보관소",18,2
A13983713,철근콘크리트구조,350,기타,위탁관리,17,479,88,무,"관리사무소, 노인정, 어린이놀이터, 자전거보관소, 기타",15,1
A13980903,철근콘크리트구조,920,단일계약,위탁관리,10,204,32,무,"관리사무소, 노인정, 어린이놀이터, 자전거보관소",20,2
A13973202,철근콘크리트구조,,단일계약,위탁관리,4,114,32,,"관리사무소, 노인정, 어린이놀이터, 자전거보관소",15,
A10021185,,,,,0,0,,,,15,2
A10024770,철골콘크리트구조,505,종합계약,위탁관리,0,133,16,무,"관리사무소, 노인정, 어린이놀이터, 휴게시설",15,2
A13920207,철근콘크리트구조,1370,단일계약,위탁관리,9,460,48,무,"관리사무소, 노인정, 주민공동시설, 어린이놀이터, 자전거보관소",23,1
A13983712,철근콘크리트구조,950,단일계약,위탁관리,17,400,83,유,"관리사무소, 노인정",15,0
A13920106,철근콘크리트구조,800,단일계약,위탁관리,9,259,67,무,"관리사무소, 노인정, 어린이놀이터, 자전거보관소, 기타",18,1
A13920501,철근콘크리트구조,880,단일계약,위탁관리,9,218,58,무,"관리사무소, 노인정, 어린이놀이터",14,2
A13981606,철근콘크리트구조,900,단일계약,위탁관리,10,417,60,무,"관리사무소, 노인정, 어린이놀이터, 휴게시설, 자전거보관소",25,3
A13983803,철근콘크리트구조,980,단일계약,위탁관리,5,253,40,무,"관리사무소, 노인정, 어린이놀이터, 휴게시설, 자전거보관소",19,2
A13989701,철근콘크리트구조,1800,단일계약,위탁관리,15,637,112,무,"관리사무소, 노인정, 어린이놀이터, 유치원, 자전거보관소",22,0
A13989702,철근콘크리트구조,900,단일계약,위탁관리,4,126,33,무,"관리사무소, 노인정, 어린이놀이터",22,2
A13981608,철근콘크리트구조,1300,단일계약,위탁관리,11,511,64,무,"관리사무소, 노인정, 주민공동시설, 어린이놀이터, 자전거보관소",22,0
A13982702,철근콘크리트구조,1300,단일계약,위탁관리,18,520,75,무,,15,1
A13971501,철근콘크리트구조,1500,단일계약,위탁관리,6,509,98,무,"관리사무소, 노인정, 어린이놀이터",15,0
A13920506,철근콘크리트구조,2350,단일계약,위탁관리,21,583,149,무,"관리사무소, 노인정, 어린이놀이터, 휴게시설, 자전거보관소",15,0
A13982604,철근콘크리트구조,7150,단일계약,위탁관리,42,1930,233,무,"관리사무소, 노인정, 어린이놀이터, 자전거보관소",15,0
A13981006,철근콘크리트구조,2050,단일계약,위탁관리,13,691,77,무,"관리사무소, 노인정, 보육시설, 어린이놀이터, 자전거보관소",23,2
A13981001,철근콘크리트구조,600,단일계약,위탁관리,2,49,14,무,"관리사무소, 노인정, 어린이놀이터, 자전거보관소",17,1
A13981208,철근콘크리트구조,2550,단일계약,위탁관리,16,830,126,무,"관리사무소, 노인정, 어린이놀이터",22,4
A13981204,철근콘크리트구조,1160,단일계약,위탁관리,4,145,32,무,"관리사무소, 노인정, 어린이놀이터",22,2
A13982101,철근콘크리트구조,650,단일계약,위탁관리,4,183,40,무,"관리사무소, 노인정, 어린이놀이터, 휴게시설, 자전거보관소",20,2
A13983810,철근콘크리트구조,1650,종합계약,위탁관리,15,720,137,유,"관리사무소, 노인정, 주민공동시설, 어린이놀이터, 자전거보관소, 기타",15,2
A13920105,철근콘크리트구조,1175,단일계약,위탁관리,7,270,62,무,"관리사무소, 노인정, 어린이놀이터, 자전거보관소",16,2
A13920102,철근콘크리트구조,565,단일계약,위탁관리,9,139,41,무,"관리사무소, 노인정, 어린이놀이터, 자전거보관소",12,1
A13982003,철근콘크리트구조,1260,단일계약,위탁관리,12,318,66,무,"관리사무소, 노인정, 어린이놀이터, 자전거보관소, 기타",15,3
A13982103,철근콘크리트구조,750,단일계약,위탁관리,6,311,45,무,"관리사무소, 노인정, 어린이놀이터",25,0
A13920001,철근콘크리트구조,1200,단일계약,위탁관리,8,375,48,무,"관리사무소, 노인정, 어린이놀이터, 휴게시설, 자전거보관소",19,2
A13983816,철근콘크리트구조,2400,단일계약,위탁관리,16,781,117,무,"관리사무소, 노인정, 어린이놀이터, 기타",15,1
A13983815,철근콘크리트구조,2300,단일계약,위탁관리,14,706,98,유,"관리사무소, 노인정, 보육시설, 주민공동시설, 어린이놀이터, 자전거보관소",15,0
A13974103,철근콘크리트구조,1996,단일계약,위탁관리,13,349,84,무,,15,0
A13982701,철근콘크리트구조,1650,단일계약,위탁관리,14,517,50,무,"관리사무소, 노인정, 어린이놀이터, 자전거보관소",15,0
A13981407,철근콘크리트구조,2730,단일계약,위탁관리,13,307,74,무,,15,1
A13920804,철근콘크리트구조,5050,단일계약,위탁관리,28,1297,250,무,"관리사무소, 노인정, 주민공동시설, 어린이놀이터, 자전거보관소",15,0
A13982301,철근콘크리트구조,4000,단일계약,위탁관리,26,851,84,무,"관리사무소, 노인정, 어린이놀이터, 자전거보관소, 기타",15,0
A13982202,철근콘크리트구조,3000,단일계약,위탁관리,27,1300,105,무,"관리사무소, 노인정, 어린이놀이터, 휴게시설, 자전거보관소",15,0
A13981901,철골콘크리트구조,1600,단일계약,위탁관리,10,542,76,무,"관리사무소, 노인정, 주민공동시설, 어린이놀이터, 휴게시설, 자전거보관소, 기타",15,1
A13981903,철근콘크리트구조,650,단일계약,위탁관리,23,1083,93,무,"관리사무소, 노인정, 문고, 주민공동시설, 어린이놀이터, 휴게시설, 커뮤니티공간, 자전거보관소, 기타",15,0
A13920802,철근콘크리트구조,3050,단일계약,위탁관리,24,988,144,무,"관리사무소, 보육시설, 어린이놀이터, 유치원, 커뮤니티공간, 자전거보관소",15,0
A13920803,철근콘크리트구조,4300,단일계약,위탁관리,32,952,211,무,"관리사무소, 노인정, 주민공동시설, 어린이놀이터, 휴게시설, 자전거보관소, 기타",15,0
A13983105,철골철근콘크리트구조,3700,단일계약,위탁관리,22,927,185,무,"관리사무소, 노인정, 보육시설, 어린이놀이터, 자전거보관소",15,1
A13983004,철근콘크리트구조,3950,단일계약,위탁관리,21,797,191,무,,15,1
A13971502,철근콘크리트구조,4700,단일계약,위탁관리,28,857,176,무,"관리사무소, 노인정, 주민공동시설, 어린이놀이터, 자전거보관소",15,0
A13920706,철근콘크리트구조,4350,단일계약,위탁관리,27,1477,140,무,"관리사무소, 노인정, 어린이놀이터, 유치원, 자전거보관소",25,1
A13920703,철근콘크리트구조,0,기타,,0,340,16,무,"관리사무소, 노인정, 어린이놀이터, 자전거보관소",5,0
A13920707,철근콘크리트구조,4800,단일계약,위탁관리,32,2036,178,무,"관리사무소, 노인정, 어린이놀이터, 자전거보관소",15,0
A13982704,철근콘크리트구조,4700,단일계약,위탁관리,32,1944,155,무,"관리사무소, 노인정, 주민공동시설, 어린이놀이터, 자전거보관소",15,0
A13921005,철근콘크리트구조,5950,단일계약,위탁관리,37,1930,200,무,"관리사무소, 노인정, 주민공동시설, 어린이놀이터, 자전거보관소",15,0
A13920209,철근콘크리트구조,2250,단일계약,위탁관리,14,882,102,무,"관리사무소, 노인정, 보육시설, 어린이놀이터, 자전거보관소",25,2
A10024778,철골철근콘크리트구조,715,종합계약,위탁관리,3,124,16,무,"관리사무소, 노인정, 어린이놀이터, 자전거보관소",15,1
A13981402,철근콘크리트구조,850,단일계약,위탁관리,7,285,51,무,"관리사무소, 노인정, 주민공동시설, 어린이놀이터, 휴게시설, 유치원, 자전거보관소",19,1
A13920202,철근콘크리트구조,782,종합계약,위탁관리,5,222,29,무,"관리사무소, 노인정, 어린이놀이터",21,0
A13983608,철근콘크리트구조,1250,단일계약,위탁관리,16,250,78,무,"관리사무소, 노인정, 어린이놀이터, 유치원",15,1
A13981304,철근콘크리트구조,900,단일계약,위탁관리,6,254,43,무,"관리사무소, 노인정, 어린이놀이터, 자전거보관소",15,1
A13982005,철근콘크리트구조,850,단일계약,위탁관리,9,190,47,무,"관리사무소, 노인정, 어린이놀이터, 자전거보관소",15,1
A13982002,철근콘크리트구조,1050,단일계약,위탁관리,10,290,40,무,"관리사무소, 노인정, 어린이놀이터, 자전거보관소",15,0
A13994302,철근콘크리트구조,1450,단일계약,위탁관리,19,410,70,무,"관리사무소, 노인정, 주민공동시설, 어린이놀이터, 휴게시설, 자전거보관소",14,0
A13920205,철근콘크리트구조,1127,단일계약,위탁관리,8,317,52,무,"관리사무소, 노인정, 어린이놀이터, 자전거보관소, 기타",21,1
A13983707,철근콘크리트구조,990,단일계약,위탁관리,13,238,70,무,"관리사무소, 노인정, 어린이놀이터, 자전거보관소",15,1
A13983709,철근콘크리트구조,950,단일계약,위탁관리,16,327,83,무,"관리사무소, 노인정, 어린이놀이터, 자전거보관소",15,0
A10020593,철골철근콘크리트구조,201,종합계약,위탁관리,4,94,30,무,"관리사무소, 노인정, 자전거보관소",15,1
A10024434,철근콘크리트구조,450,종합계약,위탁관리,10,120,32,무,"관리사무소, 노인정, 자전거보관소",15,2
A13974101,철근콘크리트구조,2000,단일계약,위탁관리,28,581,119,유,"관리사무소, 노인정, 보육시설, 문고, 주민공동시설, 어린이놀이터, 휴게시설, 자전거보관소",15,2
A13974102,철골콘크리트구조,1800,단일계약,위탁관리,19,747,107,무,"관리사무소, 노인정, 보육시설, 주민공동시설, 어린이놀이터",15,1
A13983811,철근콘크리트구조,1980,단일계약,위탁관리,17,959,116,무,"관리사무소, 노인정, 보육시설, 주민공동시설, 어린이놀이터, 자전거보관소",15,2
A10020107,철골콘크리트구조,,,위탁관리,5,0,,,,23,4
A13920104,철근콘크리트구조,900,단일계약,위탁관리,12,333,71,무,"관리사무소, 노인정, 보육시설, 주민공동시설, 어린이놀이터, 자전거보관소",15,0
A10027601,철근콘크리트구조,2100,단일계약,위탁관리,18,480,142,유,"관리사무소, 노인정, 보육시설, 주민공동시설, 어린이놀이터, 커뮤니티공간, 자전거보관소",15,2
A13981405,철근콘크리트구조,1300,단일계약,위탁관리,8,459,106,무,"관리사무소, 노인정, 보육시설, 주민공동시설, 어린이놀이터, 자전거보관소",20,3
A10024547,철골콘크리트구조,5250,단일계약,위탁관리,28,1385,370,유,"관리사무소, 노인정, 보육시설, 주민공동시설, 어린이놀이터, 휴게시설, 커뮤니티공간, 자전거보관소",30,2
A10020253,철골콘크리트구조,950,종합계약,위탁관리,4,235,279,유,,23,4
A10022333,철골철근콘크리트구조,2900,종합계약,위탁관리,6,227,50,무,"관리사무소, 노인정, 어린이놀이터, 자전거보관소",20,4
A13922907,철근콘크리트구조,1600,단일계약,위탁관리,16,690,142,유,"관리사무소, 노인정, 어린이놀이터, 휴게시설, 자전거보관소, 기타",15,1
A13986009,철골철근콘크리트구조,2000,단일계약,위탁관리,20,921,85,무,"관리사무소, 노인정, 어린이놀이터, 휴게시설, 유치원, 자전거보관소",15,2
A13986702,철근콘크리트구조,900,단일계약,위탁관리,3,197,64,유,"관리사무소, 노인정, 어린이놀이터, 휴게시설, 자전거보관소",19,4
A13922103,철근콘크리트구조,700,단일계약,위탁관리,12,294,44,무,"관리사무소, 노인정, 어린이놀이터, 자전거보관소",19,2
A13972603,철근콘크리트구조,430,종합계약,위탁관리,28,857,112,무,"관리사무소, 노인정, 어린이놀이터",15,0
A13972601,철근콘크리트구조,1900,단일계약,위탁관리,25,560,89,무,"관리사무소, 노인정, 어린이놀이터, 자전거보관소",15,0
A13986013,철근콘크리트구조,2600,단일계약,위탁관리,33,1075,221,무,"관리사무소, 노인정, 어린이놀이터",15,1
A13986302,철근콘크리트구조,3600,단일계약,위탁관리,46,1230,248,유,"관리사무소, 노인정, 어린이놀이터, 유치원",15,0
A13986703,철근콘크리트구조,1050,종합계약,위탁관리,9,349,52,무,"관리사무소, 노인정, 어린이놀이터, 자전거보관소",19,2
A13986306,철근콘크리트구조,6500,단일계약,위탁관리,45,1311,208,무,"관리사무소, 노인정",15,1
A13922904,철근콘크리트구조,1560,단일계약,위탁관리,10,344,83,무,"관리사무소, 노인정, 어린이놀이터",15,2
A13922903,철근콘크리트구조,1650,단일계약,위탁관리,14,643,114,무,"관리사무소, 노인정, 어린이놀이터, 자전거보관소",15,1
A13986111,철근콘크리트구조,3650,단일계약,위탁관리,33,1353,195,무,"관리사무소, 노인정, 어린이놀이터",15,1
A13986504,철근콘크리트구조,4550,단일계약,위탁관리,28,924,95,무,"관리사무소, 노인정, 주민공동시설, 어린이놀이터, 휴게시설, 유치원",15,1
A13922908,철근콘크리트구조,1600,단일계약,위탁관리,24,533,80,무,"관리사무소, 노인정, 어린이놀이터",18,2
A13986606,철근콘크리트구조,900,단일계약,위탁관리,11,341,57,무,"관리사무소, 어린이놀이터, 자전거보관소",23,2
A13986701,철근콘크리트구조,400,종합계약,위탁관리,3,127,35,무,"관리사무소, 노인정, 어린이놀이터, 휴게시설, 자전거보관소",18,21
A13986505,철근콘크리트구조,1080,기타,위탁관리,22,693,112,무,"관리사무소, 노인정, 어린이놀이터",15,0
A13922102,철근콘크리트구조,782,단일계약,위탁관리,6,258,29,무,,23,2
A13986207,철근콘크리트구조,900,단일계약,위탁관리,5,188,34,무,"관리사무소, 노인정, 어린이놀이터, 자전거보관소",23,2
A13922108,철근콘크리트구조,2150,종합계약,위탁관리,14,560,89,무,"관리사무소, 노인정, 주민공동시설, 어린이놀이터, 휴게시설, 커뮤니티공간, 자전거보관소",23,3
A13922105,철근콘크리트구조,750,종합계약,위탁관리,6,64,16,무,"관리사무소, 노인정, 어린이놀이터, 자전거보관소",25,1
A13922110,철근콘크리트구조,2600,단일계약,위탁관리,14,695,74,무,"관리사무소, 노인정, 보육시설, 어린이놀이터, 유치원, 자전거보관소",25,3
A13985907,철근콘크리트구조,2300,단일계약,위탁관리,17,700,48,무,"관리사무소, 노인정, 주민공동시설, 어린이놀이터, 휴게시설, 유치원, 자전거보관소",26,2
A13986201,철근콘크리트구조,912,종합계약,위탁관리,5,197,30,무,"관리사무소, 노인정, 어린이놀이터, 자전거보관소",24,2
A13986004,철근콘크리트구조,330,기타,위탁관리,6,206,34,무,"관리사무소, 노인정, 주민공동시설, 어린이놀이터, 자전거보관소",11,0
A13986509,철근콘크리트구조,1300,단일계약,위탁관리,12,300,50,무,"관리사무소, 노인정, 보육시설, 어린이놀이터, 휴게시설, 자전거보관소",15,1
A13985909,철근콘크리트구조,1100,기타,위탁관리,20,900,126,무,"관리사무소, 노인정, 주민공동시설, 어린이놀이터, 휴게시설, 자전거보관소",15,1
A13985908,철근콘크리트구조,450,단일계약,위탁관리,20,296,68,유,,15,0
A13922406,철근콘크리트구조,1250,단일계약,위탁관리,14,345,72,무,"관리사무소, 노인정, 어린이놀이터, 자전거보관소",15,0
A13922114,철근콘크리트구조,3700,단일계약,위탁관리,42,1500,154,무,"관리사무소, 노인정, 어린이놀이터, 자전거보관소",15,0
A13922909,철근콘크리트구조,510,기타,위탁관리,8,280,49,무,"관리사무소, 노인정, 어린이놀이터, 자전거보관소",15,0
A13922910,프리케스트콘크리트구조,350,기타,위탁관리,10,316,48,무,"관리사무소, 노인정, 주민공동시설, 어린이놀이터, 휴게시설, 자전거보관소",15,1
A13922111,철근콘크리트구조,400,단일계약,위탁관리,12,315,62,무,"관리사무소, 노인정, 보육시설, 어린이놀이터, 자전거보관소",15,0
A13985605,철근콘크리트구조,1295,종합계약,위탁관리,17,327,113,무,"관리사무소, 노인정, 주민공동시설, 어린이놀이터, 휴게시설",18,1
A13972602,철골철근콘크리트구조,1250,단일계약,위탁관리,8,247,73,무,"관리사무소, 노인정, 주민공동시설, 휴게시설, 자전거보관소, 기타",10,1
A13922002,철근콘크리트구조,136,기타,위탁관리,7,164,16,무,"관리사무소, 노인정, 어린이놀이터, 자전거보관소",13,0
A13986012,철근콘크리트구조,2475,단일계약,위탁관리,26,911,141,무,"관리사무소, 노인정, 문고, 주민공동시설, 어린이놀이터, 휴게시설, 커뮤니티공간, 자전거보관소",15,2
A13922001,철근콘크리트구조,400,종합계약,위탁관리,5,208,41,무,"관리사무소, 노인정, 어린이놀이터, 자전거보관소",10,2
A13922905,철근콘크리트구조,1600,단일계약,위탁관리,17,527,87,무,"관리사무소, 노인정, 자전거보관소",15,2
A13922003,철근콘크리트구조,2100,종합계약,위탁관리,12,405,80,유,"관리사무소, 노인정, 문고, 주민공동시설, 어린이놀이터, 휴게시설, 커뮤니티공간, 자전거보관소",26,2
A13922901,철근콘크리트구조,595,종합계약,위탁관리,12,133,36,무,"관리사무소, 노인정, 어린이놀이터, 자전거보관소",9,0
A13993002,,,,,0,0,,,,9,1
A13985904,철근콘크리트구조,950,단일계약,위탁관리,11,146,45,무,"관리사무소, 노인정, 어린이놀이터, 자전거보관소",15,0
A13993001,철근콘크리트구조,145,종합계약,위탁관리,5,115,23,무,"관리사무소, 어린이놀이터",11,0
A13985406,철골철근콘크리트구조,1000,종합계약,위탁관리,11,550,97,무,"관리사무소, 노인정, 주민공동시설, 어린이놀이터, 자전거보관소",19,2
A13985402,철근콘크리트구조,700,종합계약,위탁관리,15,258,59,무,"관리사무소, 노인정, 어린이놀이터",9,0
A10024086,철근콘크리트구조,2250,종합계약,위탁관리,17,785,227,유,"관리사무소, 노인정, 보육시설, 문고, 주민공동시설, 어린이놀이터, 휴게시설, 커뮤니티공간, 자전거보관소",30,4
A10020526,철근콘크리트구조,1182,단일계약,위탁관리,4,177,0,유,,22,5
A10023076,철골철근콘크리트구조,5250,종합계약,위탁관리,51,1931,981,유,"관리사무소, 노인정, 보육시설, 문고, 주민공동시설, 어린이놀이터, 휴게시설, 커뮤니티공간, 자전거보관소, 기타",19,5
A10024828,철골철근콘크리트구조,5000,단일계약,위탁관리,34,1368,645,유,"관리사무소, 노인정, 주민공동시설, 어린이놀이터, 유치원, 커뮤니티공간, 자전거보관소",25,3
A10023126,철근콘크리트구조,4904,종합계약,위탁관리,27,896,295,유,"관리사무소, 노인정, 보육시설, 문고, 주민공동시설, 어린이놀이터, 휴게시설, 유치원, 커뮤니티공간, 자전거보관소, 기타",22,3
A12287202,철근콘크리트구조,1009,단일계약,위탁관리,10,307,58,무,"관리사무소, 노인정, 어린이놀이터, 자전거보관소",16,2
A12209001,철근콘크리트구조,550,종합계약,위탁관리,8,226,55,무,"관리사무소, 노인정, 어린이놀이터",18,0
A10023079,철근콘크리트구조,9457,종합계약,관리방식미정,39,1562,153,유,"관리사무소, 노인정, 보육시설, 문고, 주민공동시설, 어린이놀이터, 휴게시설, 유치원, 커뮤니티공간, 자전거보관소",30,3
A12275501,철근콘크리트구조,2400,단일계약,위탁관리,10,476,128,유,"관리사무소, 주민공동시설, 어린이놀이터, 휴게시설, 커뮤니티공간, 자전거보관소",19,4
A12287203,철근콘크리트구조,982,단일계약,위탁관리,6,163,46,무,"관리사무소, 노인정, 문고",15,2
A12287204,철근콘크리트구조,2250,단일계약,위탁관리,29,1061,150,무,"관리사무소, 노인정, 어린이놀이터",15,2
A12283601,철근콘크리트구조,900,종합계약,위탁관리,8,266,50,유,"관리사무소, 노인정, 어린이놀이터, 자전거보관소",17,0
A12283602,철근콘크리트구조,950,단일계약,위탁관리,7,316,56,무,"관리사무소, 노인정, 어린이놀이터, 자전거보관소",19,2
A12283603,철근콘크리트구조,1190,단일계약,위탁관리,10,272,71,무,"관리사무소, 노인정, 어린이놀이터, 휴게시설",19,0
A10025846,철골콘크리트구조,6500,단일계약,위탁관리,54,1395,464,유,,20,3
A10027816,철골철근콘크리트구조,5500,단일계약,위탁관리,42,1532,416,유,"관리사무소, 노인정, 보육시설, 문고, 주민공동시설, 어린이놀이터, 휴게시설, 유치원, 커뮤니티공간, 자전거보관소, 기타",20,4
A10024774,철근콘크리트구조,22900,종합계약,위탁관리,4,160,23,,"관리사무소, 노인정, 어린이놀이터",15,5
A10025836,철근콘크리트구조,3250,종합계약,위탁관리,28,1056,50,유,"관리사무소, 노인정, 보육시설, 문고, 주민공동시설, 어린이놀이터, 휴게시설, 유치원, 커뮤니티공간, 자전거보관소",20,0
A10022256,철근콘크리트구조,400,단일계약,위탁관리,5,100,50,유,,10,0
A10022158,기타철골철근콘크리트구조,200,종합계약,위탁관리,1,50,20,무,,16,1
A10020749,철골철근콘크리트구조,1951,종합계약,위탁관리,4,105,48,유,,22,3
A12285703,철근콘크리트구조,4350,단일계약,위탁관리,23,790,134,유,"관리사무소, 노인정, 보육시설, 주민공동시설, 어린이놀이터, 자전거보관소",15,0
A12204002,철근콘크리트구조,1050,종합계약,위탁관리,7,277,80,무,"관리사무소, 노인정, 어린이놀이터, 휴게시설, 자전거보관소",17,2
A12275201,철근콘크리트구조,3836,종합계약,위탁관리,24,755,226,유,"관리사무소, 노인정, 보육시설, 주민공동시설, 어린이놀이터, 휴게시설, 커뮤니티공간, 자전거보관소",15,3
A12204005,철근콘크리트구조,722,단일계약,위탁관리,2,148,52,유,"관리사무소, 노인정, 주민공동시설, 어린이놀이터",10,4
A12204001,철근콘크리트구조,700,단일계약,위탁관리,6,151,34,무,"관리사무소, 노인정, 어린이놀이터, 자전거보관소",15,1
A12204102,철근콘크리트구조,2886,단일계약,위탁관리,26,769,244,무,"관리사무소, 노인정, 보육시설, 어린이놀이터, 자전거보관소",15,3
A12204003,철근콘크리트구조,2836,종합계약,위탁관리,62,680,287,무,"관리사무소, 노인정, 보육시설, 문고, 주민공동시설, 어린이놀이터, 자전거보관소",12,2
A10027569,철골콘크리트구조,500,단일계약,위탁관리,2,122,31,무,,10,5
A12204004,철골철근콘크리트구조,6500,단일계약,위탁관리,43,1237,502,유,"관리사무소, 노인정, 보육시설, 문고, 주민공동시설, 어린이놀이터, 커뮤니티공간, 자전거보관소",15,0
A12275202,철근콘크리트구조,5250,종합계약,위탁관리,34,1236,365,유,"관리사무소, 노인정, 주민공동시설, 어린이놀이터, 유치원, 자전거보관소",19,3
A10028056,철골철근콘크리트구조,1350,단일계약,위탁관리,2,192,39,유,"관리사무소, 노인정, 어린이놀이터, 자전거보관소",12,3
A12284701,철근콘크리트구조,1090,단일계약,위탁관리,8,212,33,무,"관리사무소, 노인정, 어린이놀이터",17,4
A12204006,철골철근콘크리트구조,2500,단일계약,위탁관리,19,593,120,유,"관리사무소, 노인정, 보육시설, 문고, 주민공동시설, 어린이놀이터, 커뮤니티공간, 자전거보관소",18,0
A10026061,철근콘크리트구조,479,종합계약,위탁관리,3,65,39,무,"관리사무소, 노인정, 어린이놀이터, 휴게시설, 자전거보관소",15,2
A10024026,철근콘크리트구조,1400,종합계약,위탁관리,3,126,102,무,"관리사무소, 주민공동시설, 커뮤니티공간, 자전거보관소",12,5
A10022803,철골콘크리트구조,1750,종합계약,위탁관리,3,78,106,유,"관리사무소, 커뮤니티공간, 자전거보관소",21,4
A10022512,,,,,0,0,,,,19,1
A10021391,철골철근콘크리트구조,500,종합계약,위탁관리,4,132,32,무,"관리사무소, 노인정, 어린이놀이터, 휴게시설, 자전거보관소",17,2
A12281702,철근콘크리트구조,750,단일계약,위탁관리,7,286,47,유,"관리사무소, 노인정, 어린이놀이터",16,2
A12281801,철근콘크리트구조,935,단일계약,위탁관리,6,208,32,무,"관리사무소, 노인정, 어린이놀이터",15,0
A12271402,철근콘크리트구조,1030,종합계약,위탁관리,4,294,40,무,"관리사무소, 노인정",24,3
A10021288,철골철근콘크리트구조,3000,단일계약,위탁관리,2,100,30,무,"관리사무소, 노인정, 휴게시설",15,1
A12205001,철근콘크리트구조,750,단일계약,위탁관리,8,209,32,무,"관리사무소, 노인정, 어린이놀이터, 자전거보관소",14,2
A10023157,철골철근콘크리트구조,400,종합계약,위탁관리,3,313,32,무,"관리사무소, 노인정, 어린이놀이터, 자전거보관소",16,3
A12281701,철근콘크리트구조,1050,단일계약,위탁관리,8,235,45,무,"관리사무소, 노인정, 어린이놀이터, 커뮤니티공간, 자전거보관소",16,2
A10024128,철근콘크리트구조,600,단일계약,위탁관리,4,220,48,무,"관리사무소, 노인정, 보육시설, 문고, 주민공동시설, 어린이놀이터, 휴게시설, 유치원, 커뮤니티공간, 자전거보관소, 기타",14,2
A12205003,철근콘크리트구조,1490,단일계약,위탁관리,9,387,88,무,"관리사무소, 노인정, 어린이놀이터",22,3
A12205004,철근콘크리트구조,950,종합계약,위탁관리,8,367,64,유,"관리사무소, 노인정, 어린이놀이터, 자전거보관소",20,1
A12282203,철근콘크리트구조,1400,단일계약,위탁관리,28,627,118,무,"관리사무소, 노인정, 어린이놀이터",20,3
A12282201,철근콘크리트구조,604,종합계약,위탁관리,4,190,26,유,"관리사무소, 노인정, 어린이놀이터",15,1
A12276901,철골철근콘크리트구조,650,단일계약,위탁관리,5,146,24,무,"관리사무소, 노인정, 주민공동시설, 어린이놀이터, 휴게시설, 자전거보관소",12,2
A10022339,,,,,5,0,,,,15,2
A10023734,철근콘크리트구조,989,종합계약,위탁관리,4,97,27,유,"관리사무소, 주민공동시설, 휴게시설, 커뮤니티공간, 자전거보관소, 기타",19,2
A10020141,,,,,0,0,,,,13,1
A12282102,철근콘크리트구조,1200,종합계약,위탁관리,8,228,52,무,"관리사무소, 노인정, 어린이놀이터, 자전거보관소",15,5
A10022261,철골철근콘크리트구조,750,종합계약,위탁관리,4,135,60,유,"관리사무소, 주민공동시설, 어린이놀이터, 휴게시설, 커뮤니티공간, 자전거보관소",20,1
A12284501,철근콘크리트구조,1560,종합계약,위탁관리,7,383,32,유,"관리사무소, 노인정, 주민공동시설, 어린이놀이터, 자전거보관소",21,2
A10023467,철골철근콘크리트구조,4000,종합계약,위탁관리,8,648,550,무,"관리사무소, 문고, 주민공동시설, 어린이놀이터, 휴게시설, 커뮤니티공간, 자전거보관소",28,6
A10023994,철골철근콘크리트구조,1910,단일계약,위탁관리,14,434,171,유,"관리사무소, 노인정, 보육시설, 주민공동시설, 어린이놀이터, 자전거보관소",15,3
A12201301,철근콘크리트구조,235,기타,위탁관리,7,124,26,유,"관리사무소, 어린이놀이터, 자전거보관소",16,1
A10021263,철골철근콘크리트구조,111,종합계약,위탁관리,3,211,64,유,"관리사무소, 자전거보관소",25,4
A10024831,철근콘크리트구조,9750,단일계약,위탁관리,93,2974,684,무,"관리사무소, 노인정, 보육시설, 문고, 주민공동시설, 어린이놀이터, 휴게시설, 커뮤니티공간, 자전거보관소, 기타",23,3
A12201005,철근콘크리트구조,2100,종합계약,위탁관리,13,427,144,유,"관리사무소, 노인정, 보육시설, 주민공동시설, 어린이놀이터, 커뮤니티공간, 자전거보관소",19,3
A12201001,철근콘크리트구조,750,종합계약,위탁관리,8,274,60,무,"관리사무소, 노인정, 어린이놀이터",15,3
A10025310,철골철근콘크리트구조,3800,종합계약,위탁관리,30,1507,596,유,"관리사무소, 노인정, 보육시설, 문고, 주민공동시설, 어린이놀이터, 휴게시설, 커뮤니티공간, 자전거보관소, 기타",25,4
A10024947,철근콘크리트구조,3700,단일계약,위탁관리,24,930,290,유,"관리사무소, 노인정, 보육시설, 주민공동시설, 어린이놀이터, 휴게시설, 자전거보관소",24,2
A10025683,철근콘크리트구조,3000,단일계약,위탁관리,24,859,291,유,"관리사무소, 노인정, 보육시설, 문고, 주민공동시설, 어린이놀이터, 휴게시설, 커뮤니티공간, 자전거보관소",20,4
A12201003,철근콘크리트구조,5750,종합계약,위탁관리,44,1266,484,유,"관리사무소, 노인정, 보육시설, 문고, 주민공동시설, 어린이놀이터, 휴게시설, 커뮤니티공간, 자전거보관소, 기타",15,0
A12201002,철근콘크리트구조,5750,단일계약,위탁관리,29,1093,419,유,"관리사무소, 노인정, 보육시설, 문고, 주민공동시설, 어린이놀이터, 휴게시설, 커뮤니티공간, 자전거보관소",15,3
A12290901,철근콘크리트구조,5500,종합계약,위탁관리,31,965,204,유,"관리사무소, 노인정, 주민공동시설, 어린이놀이터, 휴게시설, 커뮤니티공간, 자전거보관소, 기타",15,0
A12201004,철근콘크리트구조,3200,단일계약,위탁관리,8,524,110,무,"관리사무소, 노인정, 주민공동시설, 어린이놀이터, 자전거보관소",15,3
A12201101,철근콘크리트구조,150,기타,위탁관리,2,137,16,무,"관리사무소, 노인정, 주민공동시설, 어린이놀이터, 자전거보관소",13,0
A12201102,철근콘크리트구조,1000,단일계약,위탁관리,7,299,43,무,"관리사무소, 노인정, 어린이놀이터",21,2
A12293002,철근콘크리트구조,750,단일계약,위탁관리,8,198,41,무,"관리사무소, 노인정, 어린이놀이터, 휴게시설, 커뮤니티공간, 자전거보관소",15,1
A12201103,철근콘크리트구조,1100,종합계약,위탁관리,18,422,84,무,"관리사무소, 노인정, 주민공동시설, 어린이놀이터, 자전거보관소",14,3
A10024313,철골철근콘크리트구조,3500,종합계약,위탁관리,36,1040,440,유,,22,4
A10026834,철골철근콘크리트구조,5308,단일계약,위탁관리,72,1180,608,유,"관리사무소, 노인정, 보육시설, 문고, 주민공동시설, 어린이놀이터, 휴게시설, 커뮤니티공간, 자전거보관소",19,4
A10021056,철골철근콘크리트구조,3500,종합계약,위탁관리,23,936,347,유,"관리사무소, 노인정, 보육시설, 주민공동시설, 어린이놀이터, 휴게시설, 커뮤니티공간, 자전거보관소, 기타",20,3
A12289501,철근콘크리트구조,2586,단일계약,위탁관리,15,475,156,유,"관리사무소, 노인정, 주민공동시설, 어린이놀이터, 자전거보관소",15,2
A12289401,철근콘크리트구조,550,단일계약,위탁관리,2,137,19,무,"관리사무소, 어린이놀이터",15,1
A12208104,철근콘크리트구조,800,단일계약,위탁관리,11,209,33,무,"관리사무소, 노인정, 어린이놀이터, 휴게시설, 자전거보관소",15,3
A12208205,철근콘크리트구조,1750,단일계약,위탁관리,7,391,47,무,"관리사무소, 노인정, 어린이놀이터, 휴게시설",15,0
A10020307,,,,위탁관리(직영+위탁),14,0,,,"관리사무소, 노인정, 보육시설, 주민공동시설, 어린이놀이터, 휴게시설, 커뮤니티공간, 자전거보관소",18,2
A12208204,철근콘크리트구조,1150,단일계약,위탁관리,16,282,72,무,"관리사무소, 노인정, 어린이놀이터, 자전거보관소",15,0
A10022590,철골철근콘크리트구조,140,단일계약,위탁관리,4,118,31,무,"관리사무소, 노인정, 어린이놀이터",14,2
A10021335,,,,,0,0,,,,14,1
A12208103,철근콘크리트구조,1200,종합계약,위탁관리,11,334,61,무,"관리사무소, 노인정, 어린이놀이터, 자전거보관소",15,2
A10022477,철근콘크리트구조,1100,종합계약,위탁관리,6,194,68,유,"관리사무소, 노인정, 주민공동시설, 어린이놀이터, 휴게시설, 커뮤니티공간",15,2
A10022090,철골철근콘크리트구조,682,종합계약,위탁관리,4,159,43,무,"관리사무소, 노인정, 주민공동시설, 어린이놀이터, 휴게시설, 자전거보관소",16,3
A12208101,철근콘크리트구조,650,단일계약,위탁관리,3,164,25,무,"관리사무소, 노인정, 어린이놀이터, 자전거보관소",17,2
A12208102,철근콘크리트구조,700,단일계약,위탁관리,9,146,32,무,"관리사무소, 노인정, 어린이놀이터, 자전거보관소",20,2
A12208002,철근콘크리트구조,650,단일계약,위탁관리,6,223,36,유,"관리사무소, 노인정, 주민공동시설, 어린이놀이터, 휴게시설, 자전거보관소",24,1
A12289402,철근콘크리트구조,600,종합계약,위탁관리,5,175,32,무,"관리사무소, 노인정, 어린이놀이터, 자전거보관소",17,2
A12208203,철근콘크리트구조,745,단일계약,위탁관리,2,171,16,무,"관리사무소, 노인정, 어린이놀이터, 휴게시설, 자전거보관소",13,1
A12208001,철근콘크리트구조,1200,단일계약,위탁관리,8,205,58,무,"관리사무소, 노인정, 어린이놀이터, 자전거보관소",12,2
A10020045,철골철근콘크리트구조,2000,종합계약,위탁관리,13,247,170,유,,25,4
A10025659,철근콘크리트구조,2000,단일계약,위탁관리,18,418,110,유,"관리사무소, 노인정, 보육시설, 문고, 주민공동시설, 어린이놀이터, 휴게시설, 커뮤니티공간, 자전거보관소",15,3
A12208105,철근콘크리트구조,950,단일계약,위탁관리,10,272,70,무,"관리사무소, 노인정, 어린이놀이터, 자전거보관소",19,2
A10024581,철골철근콘크리트구조,500,단일계약,위탁관리,4,144,31,,"관리사무소, 노인정, 주민공동시설, 자전거보관소",15,2
A10023875,철근콘크리트구조,7805,단일계약,위탁관리,40,1541,612,유,"관리사무소, 노인정, 보육시설, 문고, 주민공동시설, 어린이놀이터, 휴게시설, 커뮤니티공간, 자전거보관소, 기타",30,0
A12294102,철근콘크리트구조,1860,단일계약,위탁관리,9,493,64,무,"관리사무소, 노인정, 어린이놀이터, 휴게시설, 유치원, 커뮤니티공간, 자전거보관소, 기타",23,3
A10025969,,,,,0,0,,,,18,1
A10023737,철골철근콘크리트구조,2000,종합계약,위탁관리,5,444,77,유,,19,19
A10022560,철골콘크리트구조,700,종합계약,위탁관리,5,163,32,무,"관리사무소, 노인정, 어린이놀이터, 유치원, 자전거보관소",15,2
A12275801,,,,,0,0,,,,15,
A10023056,철골철근콘크리트구조,595,종합계약,위탁관리,8,160,32,무,"관리사무소, 노인정, 어린이놀이터, 자전거보관소",18,2
A10025677,철근콘크리트구조,1950,종합계약,위탁관리,7,260,58,유,"관리사무소, 노인정, 어린이놀이터, 자전거보관소",15,1
A10020576,철골철근콘크리트구조,3300,종합계약,관리방식미정,0,777,352,유,"관리사무소, 노인정, 보육시설, 문고, 주민공동시설, 어린이놀이터, 휴게시설, 커뮤니티공간, 자전거보관소",15,5
A10025765,철근콘크리트구조,2500,종합계약,위탁관리,13,454,132,유,"관리사무소, 노인정, 문고, 주민공동시설, 어린이놀이터, 커뮤니티공간, 자전거보관소",33,4
A41279927,철근콘크리트구조,1650,단일계약,위탁관리,20,546,155,유,"관리사무소, 노인정, 문고, 주민공동시설, 휴게시설, 유치원, 자전거보관소",10,2
A41279908,철근콘크리트구조,1300,단일계약,위탁관리,16,350,95,무,"관리사무소, 노인정, 보육시설, 주민공동시설, 어린이놀이터, 자전거보관소",14,0
A10026376,철근콘크리트구조,1950,종합계약,위탁관리,4,142,64,유,"관리사무소, 주민공동시설, 자전거보관소",20,4
A41279928,철근콘크리트구조,1300,단일계약,위탁관리,14,498,140,유,"관리사무소, 노인정, 보육시설, 문고, 주민공동시설, 어린이놀이터, 휴게시설, 유치원, 커뮤니티공간, 자전거보관소, 기타",15,2
A41279931,철근콘크리트구조,2050,단일계약,위탁관리,23,808,232,유,"관리사무소, 노인정, 보육시설, 문고, 주민공동시설, 어린이놀이터, 휴게시설, 커뮤니티공간, 자전거보관소",15,2
A41279921,철근콘크리트구조,2500,단일계약,위탁관리,27,1186,210,유,"관리사무소, 노인정, 보육시설, 문고, 주민공동시설, 어린이놀이터, 유치원, 자전거보관소, 기타",15,1
A41279920,철근콘크리트구조,2100,단일계약,위탁관리,23,811,185,유,"관리사무소, 노인정, 보육시설, 주민공동시설, 어린이놀이터, 자전거보관소, 기타",10,1
A41279932,철근콘크리트구조,1750,종합계약,위탁관리,28,485,186,유,"관리사무소, 노인정, 보육시설, 문고, 주민공동시설, 어린이놀이터, 휴게시설, 자전거보관소",15,3
A41279913,철근콘크리트구조,1750,종합계약,위탁관리,14,616,107,유,,18,0
A41279914,철근콘크리트구조,2211,단일계약,위탁관리,20,595,113,유,"관리사무소, 노인정, 보육시설, 문고, 주민공동시설, 어린이놀이터, 자전거보관소",18,2
A41279912,철근콘크리트구조,2600,단일계약,위탁관리,33,929,202,유,"관리사무소, 노인정, 보육시설, 문고, 주민공동시설, 어린이놀이터, 자전거보관소",19,2
A41279909,철근콘크리트구조,900,종합계약,위탁관리,6,252,56,유,"관리사무소, 노인정, 문고, 주민공동시설, 어린이놀이터, 자전거보관소",15,2
A41279910,철근콘크리트구조,3100,단일계약,위탁관리,36,1095,237,유,"관리사무소, 노인정, 보육시설, 주민공동시설, 어린이놀이터, 휴게시설, 유치원, 자전거보관소",15,2
A41279911,철근콘크리트구조,3410,종합계약,위탁관리,24,764,159,유,"관리사무소, 노인정, 문고, 주민공동시설, 어린이놀이터, 자전거보관소",20,2
A12220004,철골철근콘크리트구조,1900,단일계약,위탁관리,21,658,184,유,"관리사무소, 노인정, 보육시설, 문고, 주민공동시설, 어린이놀이터, 자전거보관소",14,2
A12220002,철근콘크리트구조,1200,종합계약,위탁관리,15,569,117,유,"관리사무소, 노인정, 보육시설, 주민공동시설, 어린이놀이터, 자전거보관소",14,1
A41279901,철골철근콘크리트구조,1200,단일계약,위탁관리,17,596,122,무,"관리사무소, 노인정, 보육시설, 문고, 주민공동시설, 어린이놀이터, 유치원, 자전거보관소, 기타",14,0
A12220005,철근콘크리트구조,1600,종합계약,위탁관리,24,878,206,유,"관리사무소, 노인정, 보육시설, 문고, 주민공동시설, 어린이놀이터, 휴게시설, 자전거보관소",14,2
A12220003,철근콘크리트구조,1600,단일계약,위탁관리,20,514,111,유,"관리사무소, 노인정, 보육시설, 주민공동시설, 어린이놀이터, 자전거보관소",14,0
A41279905,철근콘크리트구조,1000,종합계약,위탁관리,15,350,96,무,,14,2
A41279902,철근콘크리트구조,1200,단일계약,위탁관리,18,505,106,유,"관리사무소, 노인정, 보육시설, 문고, 주민공동시설, 어린이놀이터, 커뮤니티공간, 자전거보관소",14,2
A41279904,철근콘크리트구조,1300,단일계약,위탁관리,13,454,70,유,"관리사무소, 노인정, 보육시설, 문고, 주민공동시설, 어린이놀이터, 유치원, 커뮤니티공간, 자전거보관소",14,2
A12220001,철골철근콘크리트구조,800,단일계약,위탁관리,11,252,60,유,"관리사무소, 노인정, 보육시설, 주민공동시설, 어린이놀이터, 휴게시설, 유치원, 자전거보관소",12,0
A41279903,철골철근콘크리트구조,1650,단일계약,위탁관리,18,488,89,유,"관리사무소, 노인정, 보육시설, 주민공동시설, 어린이놀이터, 커뮤니티공간",14,2
A10026414,철골철근콘크리트구조,1770,종합계약,위탁관리,7,257,26,무,"관리사무소, 문고, 주민공동시설, 어린이놀이터, 휴게시설, 자전거보관소",20,5
A10022206,철골철근콘크리트구조,2700,종합계약,위탁관리,9,274,77,유,관리사무소,20,4
A41279916,철근콘크리트구조,1500,단일계약,위탁관리,26,465,139,유,"관리사무소, 노인정, 보육시설, 문고, 주민공동시설, 어린이놀이터, 휴게시설, 유치원, 자전거보관소",16,2
A41279917,철근콘크리트구조,1800,종합계약,위탁관리,18,519,110,유,"관리사무소, 노인정, 보육시설, 어린이놀이터, 커뮤니티공간",15,0
A41279918,철근콘크리트구조,2500,종합계약,위탁관리,29,855,167,유,"관리사무소, 노인정, 보육시설, 문고, 주민공동시설, 어린이놀이터, 휴게시설, 자전거보관소",15,2
A41279915,철근콘크리트구조,2500,단일계약,위탁관리,23,662,168,유,"관리사무소, 노인정, 보육시설, 문고, 주민공동시설, 어린이놀이터, 휴게시설, 커뮤니티공간, 자전거보관소",15,2
A41279923,철근콘크리트구조,1500,종합계약,위탁관리,19,508,185,유,"관리사무소, 노인정, 보육시설, 문고, 주민공동시설, 어린이놀이터, 휴게시설, 커뮤니티공간, 자전거보관소, 기타",15,0
A41279922,철근콘크리트구조,1230,종합계약,위탁관리,22,284,107,유,"관리사무소, 노인정, 문고, 주민공동시설, 어린이놀이터, 자전거보관소",12,2
A41279925,철근콘크리트구조,1250,종합계약,위탁관리,13,269,117,유,"관리사무소, 노인정, 주민공동시설, 어린이놀이터, 자전거보관소",11,2
A41279929,철근콘크리트구조,1910,종합계약,위탁관리,21,530,177,유,"관리사무소, 노인정, 보육시설, 문고, 어린이놀이터, 유치원, 자전거보관소",15,2
A41279930,철근콘크리트구조,1300,단일계약,위탁관리,10,355,144,유,"관리사무소, 노인정, 보육시설, 주민공동시설, 어린이놀이터, 커뮤니티공간, 자전거보관소",20,3
A41279924,철근콘크리트구조,2500,종합계약,위탁관리,17,1119,247,유,"관리사무소, 노인정, 보육시설, 문고, 주민공동시설, 어린이놀이터, 자전거보관소",20,2
A41279926,철근콘크리트구조,800,종합계약,위탁관리,4,233,59,유,"관리사무소, 노인정, 보육시설, 주민공동시설, 어린이놀이터, 자전거보관소",18,0
A10024123,철골철근콘크리트구조,800,단일계약,위탁관리,4,236,63,유,,18,2
A10026842,철골철근콘크리트구조,1929,종합계약,위탁관리,30,252,117,유,"관리사무소, 노인정, 문고, 어린이놀이터, 자전거보관소",4,1
A10024966,철골철근콘크리트구조,1000,종합계약,관리방식미정,7,253,82,유,"관리사무소, 노인정, 주민공동시설, 어린이놀이터, 커뮤니티공간, 자전거보관소",26,6
A12070201,철골철근콘크리트구조,800,단일계약,위탁관리,2,253,41,무,"관리사무소, 자전거보관소",21,5
A10022194,철골철근콘크리트구조,400,종합계약,위탁관리,3,120,17,무,,19,3
A12003001,철근콘크리트구조,900,종합계약,위탁관리,6,201,70,유,"관리사무소, 노인정, 주민공동시설, 어린이놀이터, 휴게시설, 자전거보관소",20,2
A12005001,철근콘크리트구조,973,단일계약,위탁관리,7,284,42,무,"관리사무소, 노인정, 어린이놀이터, 휴게시설, 자전거보관소",17,2
A12070101,철근콘크리트구조,3350,단일계약,위탁관리,23,683,227,유,"관리사무소, 노인정, 보육시설, 문고, 주민공동시설, 어린이놀이터, 휴게시설, 커뮤니티공간, 자전거보관소",15,0
A12004001,철근콘크리트구조,2250,단일계약,위탁관리,26,789,208,무,"관리사무소, 노인정, 보육시설, 문고, 주민공동시설, 어린이놀이터, 휴게시설, 커뮤니티공간, 자전거보관소",18,2
A12007001,철근콘크리트구조,3000,단일계약,위탁관리,27,944,163,무,"관리사무소, 노인정, 어린이놀이터, 기타",18,0
A12008003,철근콘크리트구조,3400,단일계약,위탁관리,29,1351,284,무,"관리사무소, 노인정, 보육시설, 어린이놀이터, 유치원, 커뮤니티공간",23,3
A12079601,철근콘크리트구조,1660,단일계약,위탁관리,6,220,51,무,"관리사무소, 노인정, 보육시설, 어린이놀이터, 자전거보관소, 기타",15,3
A12008001,철근콘크리트구조,650,단일계약,위탁관리,5,203,25,무,"관리사무소, 노인정, 어린이놀이터",15,2
A10026370,철골철근콘크리트구조,2500,단일계약,위탁관리,49,2089,600,유,"관리사무소, 노인정, 보육시설, 문고, 주민공동시설, 어린이놀이터, 휴게시설, 유치원, 커뮤니티공간, 자전거보관소, 기타",34,5
A10023016,철골철근콘크리트구조,200,종합계약,위탁관리,3,91,18,무,"관리사무소, 휴게시설",10,0
A12079501,철근콘크리트구조,2100,단일계약,위탁관리,11,715,122,무,"관리사무소, 노인정, 주민공동시설, 어린이놀이터, 자전거보관소",18,2
A10027851,철골철근콘크리트구조,5888,종합계약,위탁관리,36,1263,357,유,"관리사무소, 노인정, 보육시설, 문고, 주민공동시설, 어린이놀이터, 휴게시설, 유치원, 커뮤니티공간, 자전거보관소, 기타",20,5
A10024719,철골철근콘크리트구조,5750,종합계약,위탁관리,39,1387,663,유,"관리사무소, 노인정, 보육시설, 문고, 주민공동시설, 어린이놀이터, 휴게시설, 커뮤니티공간, 기타",20,0
A10021965,벽돌구조,275,종합계약,,0,76,16,무,관리사무소,5,0
A10023330,철근콘크리트구조,870,종합계약,위탁관리,5,193,34,유,"관리사무소, 노인정, 어린이놀이터",19,2
A12009305,철근콘크리트구조,2700,단일계약,위탁관리,16,775,100,무,"관리사무소, 노인정, 주민공동시설, 어린이놀이터, 자전거보관소",20,3
A10023560,철근콘크리트구조,4100,단일계약,위탁관리,29,999,545,유,"관리사무소, 노인정, 보육시설, 문고, 주민공동시설, 어린이놀이터, 휴게시설, 유치원, 커뮤니티공간, 자전거보관소",18,8
A12009302,철근콘크리트구조,1036,단일계약,위탁관리,8,264,48,무,"관리사무소, 노인정, 어린이놀이터, 휴게시설, 자전거보관소",18,2
A10024620,철골철근콘크리트구조,975,종합계약,위탁관리,5,243,20,,"관리사무소, 노인정, 어린이놀이터",15,2
A12009002,,,,,0,0,,,,15,5
A12078201,철골철근콘크리트구조,700,단일계약,위탁관리,3,80,20,무,"관리사무소, 노인정, 어린이놀이터, 자전거보관소",18,0
A10027681,철골철근콘크리트구조,1655,종합계약,위탁관리,11,334,99,유,"관리사무소, 노인정, 주민공동시설, 어린이놀이터, 커뮤니티공간, 자전거보관소",13,2
A12009101,철근콘크리트구조,1100,종합계약,위탁관리,4,238,32,무,"관리사무소, 노인정, 문고, 어린이놀이터, 휴게시설, 자전거보관소",23,3
A12009203,철근콘크리트구조,2400,단일계약,위탁관리,31,774,127,무,"관리사무소, 노인정, 보육시설, 주민공동시설, 어린이놀이터, 휴게시설, 커뮤니티공간, 자전거보관소",18,2
A12076401,철골철근콘크리트구조,682,종합계약,위탁관리,4,142,24,무,"관리사무소, 주민공동시설, 어린이놀이터, 휴게시설, 자전거보관소",15,3
A12009202,철근콘크리트구조,1750,단일계약,위탁관리,11,519,80,무,"관리사무소, 노인정, 주민공동시설, 어린이놀이터, 휴게시설, 자전거보관소",15,3
A12009201,철근콘크리트구조,975,단일계약,위탁관리,5,248,37,무,"관리사무소, 노인정, 문고, 어린이놀이터, 휴게시설, 자전거보관소",17,3
A10025767,철근콘크리트구조,3250,단일계약,위탁관리,31,1051,472,유,"관리사무소, 노인정, 주민공동시설, 어린이놀이터, 휴게시설, 커뮤니티공간, 자전거보관소",18,4
A10023959,철골콘크리트구조,4250,종합계약,위탁관리,47,1289,540,유,"관리사무소, 노인정, 보육시설, 주민공동시설, 어린이놀이터, 커뮤니티공간, 자전거보관소",20,3
A12078704,철근콘크리트구조,3100,단일계약,위탁관리,22,1193,139,무,"관리사무소, 노인정, 어린이놀이터, 자전거보관소",18,2
A12078707,철근콘크리트구조,1000,단일계약,위탁관리,6,159,20,무,"관리사무소, 노인정, 어린이놀이터, 자전거보관소",18,2
A12009304,철근콘크리트구조,1150,단일계약,위탁관리,12,444,48,무,"관리사무소, 노인정, 어린이놀이터",18,2
A12009001,철근콘크리트구조,300,단일계약,위탁관리,1,70,7,무,"관리사무소, 노인정, 어린이놀이터, 자전거보관소",18,0
A12078705,철근콘크리트구조,2100,단일계약,위탁관리,18,797,77,유,"관리사무소, 노인정, 어린이놀이터, 휴게시설",18,3
A10020829,,,,,0,0,,,,16,
A12078706,철근콘크리트구조,932,단일계약,위탁관리,12,173,62,무,"관리사무소, 주민공동시설, 어린이놀이터, 자전거보관소",17,5
A12086001,철근콘크리트구조,782,단일계약,위탁관리,3,201,32,무,"관리사무소, 노인정, 주민공동시설, 어린이놀이터, 휴게시설, 자전거보관소",18,3
A12085303,철근콘크리트구조,2550,단일계약,위탁관리,22,835,107,무,"관리사무소, 노인정, 어린이놀이터, 유치원",15,1
A12009303,철근콘크리트구조,700,단일계약,위탁관리,10,152,45,무,"관리사무소, 노인정, 어린이놀이터, 자전거보관소",15,2
A12009102,철근콘크리트구조,2350,단일계약,위탁관리,22,507,111,유,"관리사무소, 노인정, 주민공동시설, 어린이놀이터, 휴게시설, 자전거보관소",15,1
A12017001,철근콘크리트구조,2025,단일계약,위탁관리,22,517,130,무,"관리사무소, 노인정, 어린이놀이터, 휴게시설, 자전거보관소",15,0
A12071103,철근콘크리트구조,500,단일계약,위탁관리,11,202,24,무,"관리사무소, 노인정, 어린이놀이터",10,0
A12011002,철근콘크리트구조,2050,단일계약,위탁관리,12,637,102,무,"관리사무소, 노인정, 보육시설, 어린이놀이터",22,3
A12071101,철근콘크리트구조,1750,종합계약,위탁관리,17,732,95,무,"관리사무소, 노인정, 보육시설, 주민공동시설, 어린이놀이터, 자전거보관소",22,0
A12071102,철골철근콘크리트구조,650,단일계약,위탁관리,4,224,42,무,"관리사무소, 노인정, 어린이놀이터, 자전거보관소",18,3
A12071104,철근콘크리트구조,1050,단일계약,위탁관리,2,49,16,유,"관리사무소, 주민공동시설, 자전거보관소",13,1
A10025822,철골콘크리트구조,1800,종합계약,위탁관리,13,483,203,유,"관리사무소, 노인정, 보육시설, 문고, 주민공동시설, 어린이놀이터, 커뮤니티공간, 자전거보관소",19,2
A10023449,철골철근콘크리트구조,2250,종합계약,위탁관리,13,577,247,유,"관리사무소, 노인정, 주민공동시설, 어린이놀이터, 휴게시설, 커뮤니티공간, 자전거보관소",28,4
A10026604,철골철근콘크리트구조,3510,단일계약,위탁관리,36,834,268,유,"관리사무소, 노인정, 보육시설, 주민공동시설, 어린이놀이터, 휴게시설, 유치원, 커뮤니티공간, 자전거보관소",20,3
A10025166,철골철근콘크리트구조,3250,단일계약,위탁관리,15,598,217,유,"관리사무소, 노인정, 보육시설, 문고, 주민공동시설, 어린이놀이터, 휴게시설, 커뮤니티공간, 자전거보관소",21,3
A10024532,철근콘크리트구조,2250,종합계약,위탁관리,14,267,137,유,"관리사무소, 노인정, 보육시설, 어린이놀이터",14,3
A10020562,철골철근콘크리트구조,4550,종합계약,위탁관리,43,1123,671,유,"관리사무소, 노인정, 보육시설, 문고, 주민공동시설, 어린이놀이터, 커뮤니티공간, 자전거보관소",15,3
A12084302,철근콘크리트구조,850,단일계약,위탁관리,6,195,29,무,"관리사무소, 노인정, 보육시설, 어린이놀이터, 휴게시설",13,0
A12010203,철근콘크리트구조,1625,단일계약,위탁관리,17,323,74,유,"관리사무소, 노인정, 주민공동시설, 어린이놀이터, 자전거보관소",18,0
A12071003,철근콘크리트구조,960,종합계약,위탁관리,11,251,9,무,"관리사무소, 노인정, 주민공동시설, 어린이놀이터, 자전거보관소",12,0
A12071002,철골철근콘크리트구조,1750,종합계약,위탁관리,8,253,90,무,"관리사무소, 노인정, 어린이놀이터, 자전거보관소",20,4
A12010001,철근콘크리트구조,1090,단일계약,위탁관리,10,233,43,유,"관리사무소, 노인정, 주민공동시설, 어린이놀이터",13,2
A10023562,철골철근콘크리트구조,750,단일계약,위탁관리,3,86,40,유,"노인정, 어린이놀이터, 자전거보관소",20,0
A12071001,철근콘크리트구조,881,단일계약,위탁관리,11,225,51,무,"관리사무소, 노인정, 자전거보관소",15,0
A12010104,철근콘크리트구조,2900,단일계약,위탁관리,43,1260,210,무,"관리사무소, 노인정, 주민공동시설, 어린이놀이터, 유치원, 자전거보관소",15,3
A12010101,철근콘크리트구조,425,단일계약,위탁관리,4,66,16,무,"관리사무소, 노인정, 어린이놀이터, 자전거보관소",12,0
A12010103,철근콘크리트구조,1150,단일계약,위탁관리,6,169,41,무,,15,2
A12010202,철근콘크리트구조,1400,단일계약,위탁관리,10,491,86,무,"관리사무소, 노인정, 어린이놀이터, 휴게시설, 자전거보관소",20,5
A12084504,철근콘크리트구조,1500,단일계약,위탁관리,21,522,61,무,"관리사무소, 노인정, 어린이놀이터, 휴게시설, 자전거보관소",15,1
A10023482,철골철근콘크리트구조,4934,단일계약,위탁관리,31,757,370,유,"관리사무소, 노인정, 보육시설, 문고, 주민공동시설, 어린이놀이터, 휴게시설, 커뮤니티공간, 자전거보관소, 기타",14,4
A12013201,철근콘크리트구조,1100,단일계약,위탁관리,6,269,50,유,"관리사무소, 노인정, 자전거보관소",15,2
A12013003,철근콘크리트구조,19920,종합계약,위탁관리,96,4890,1128,유,"관리사무소, 노인정, 보육시설, 문고, 주민공동시설, 어린이놀이터, 휴게시설, 커뮤니티공간, 자전거보관소",35,0
A12013002,철근콘크리트구조,2000,단일계약,위탁관리,14,436,120,유,"관리사무소, 노인정, 보육시설, 문고, 주민공동시설, 어린이놀이터, 자전거보관소",15,2
A12013001,철근콘크리트구조,800,단일계약,위탁관리,7,248,52,무,"관리사무소, 노인정, 어린이놀이터, 자전거보관소, 기타",15,0
A12081703,철근콘크리트구조,1950,단일계약,위탁관리,15,326,64,무,"관리사무소, 노인정, 어린이놀이터",15,0
A12013101,철근콘크리트구조,782,기타,위탁관리,7,164,37,무,"관리사무소, 노인정, 어린이놀이터, 휴게시설, 자전거보관소",15,2
A10024428,철근콘크리트구조,660,종합계약,위탁관리,10,124,36,유,"관리사무소, 노인정, 어린이놀이터, 휴게시설, 자전거보관소",13,3
A12013202,철근콘크리트구조,2250,단일계약,위탁관리,18,668,109,무,"관리사무소, 노인정, 어린이놀이터, 자전거보관소",18,0
A12076601,철근콘크리트구조,505,기타,위탁관리,3,81,32,무,"관리사무소, 노인정, 어린이놀이터, 기타",18,1
A12081602,철근콘크리트구조,950,단일계약,위탁관리,7,300,42,무,"관리사무소, 노인정, 어린이놀이터",18,2
A10020267,철골철근콘크리트구조,2794,종합계약,,0,349,,,"관리사무소, 노인정, 보육시설, 어린이놀이터, 유치원, 자전거보관소",27,3
A10023709,철골철근콘크리트구조,3250,단일계약,위탁관리,10,554,162,유,"관리사무소, 노인정, 보육시설, 문고, 어린이놀이터, 커뮤니티공간, 자전거보관소",29,4
A12012201,철근콘크리트구조,960,단일계약,위탁관리,4,171,41,무,"관리사무소, 노인정, 어린이놀이터, 자전거보관소",17,2
A12012202,철근콘크리트구조,3800,단일계약,위탁관리,36,1323,183,유,"관리사무소, 노인정, 문고, 어린이놀이터, 유치원, 커뮤니티공간, 자전거보관소",20,1
A10025976,철골철근콘크리트구조,5050,단일계약,위탁관리,34,1585,517,유,"관리사무소, 노인정, 보육시설, 주민공동시설, 어린이놀이터, 커뮤니티공간, 자전거보관소",22,3
A12072801,철근콘크리트구조,2250,단일계약,위탁관리,21,576,159,유,"관리사무소, 노인정, 주민공동시설, 어린이놀이터, 자전거보관소",15,2
A10025130,철근콘크리트구조,5136,단일계약,위탁관리,35,1353,536,유,"관리사무소, 노인정, 보육시설, 문고, 주민공동시설, 어린이놀이터, 휴게시설, 커뮤니티공간, 자전거보관소",24,5
A10027817,철근콘크리트구조,28425,종합계약,위탁관리,112,5823,1481,유,"관리사무소, 노인정, 보육시설, 문고, 주민공동시설, 어린이놀이터, 휴게시설, 유치원, 커뮤니티공간, 자전거보관소",33,3
A12012203,철근콘크리트구조,4500,단일계약,위탁관리,25,1437,173,무,"관리사무소, 노인정, 보육시설, 어린이놀이터, 유치원, 자전거보관소",20,1
A12072802,철근콘크리트구조,1200,단일계약,위탁관리,4,115,33,무,"관리사무소, 노인정, 어린이놀이터, 자전거보관소",18,2
A12012101,철근콘크리트구조,1850,단일계약,위탁관리,19,574,170,무,"관리사무소, 노인정, 주민공동시설, 어린이놀이터, 자전거보관소",15,2
A10024938,철골철근콘크리트구조,3250,종합계약,위탁관리,31,1276,426,유,,25,3
A10027019,철골철근콘크리트구조,1400,단일계약,위탁관리,3,109,96,무,"관리사무소, 주민공동시설",15,2
A12012001,철근콘크리트구조,850,종합계약,위탁관리,3,138,35,유,"관리사무소, 노인정, 어린이놀이터, 자전거보관소",20,1
A10027906,철골철근콘크리트구조,7000,단일계약,위탁관리,36,1326,370,유,"관리사무소, 노인정, 보육시설, 문고, 주민공동시설, 어린이놀이터, 휴게시설, 커뮤니티공간, 자전거보관소",21,4
A10027951,철근콘크리트구조,1160,단일계약,위탁관리,4,141,63,유,"관리사무소, 노인정, 주민공동시설, 어린이놀이터, 자전거보관소",10,3
A10023508,철골콘크리트구조,6800,단일계약,위탁관리,42,1583,696,유,"관리사무소, 노인정, 문고, 주민공동시설, 어린이놀이터, 휴게시설, 유치원, 커뮤니티공간, 자전거보관소",25,4
A12175203,철근콘크리트구조,19550,단일계약,위탁관리,118,4580,1180,유,"관리사무소, 노인정, 보육시설, 문고, 주민공동시설, 어린이놀이터, 커뮤니티공간, 자전거보관소, 기타",30,4
A10027090,철골철근콘크리트구조,2500,단일계약,위탁관리,16,580,152,유,"관리사무소, 노인정, 보육시설, 문고, 주민공동시설, 어린이놀이터, 휴게시설, 유치원, 커뮤니티공간, 자전거보관소",29,4
A10022480,,,,,0,0,,,,22,4
A12175202,,1450,종합계약,위탁관리,6,150,60,,"관리사무소, 주민공동시설, 어린이놀이터, 자전거보관소, 기타",22,4
A10022941,철근콘크리트구조,300,단일계약,위탁관리,7,255,150,유,"관리사무소, 어린이놀이터, 자전거보관소",18,6
A12101001,철근콘크리트구조,800,단일계약,위탁관리,4,175,34,무,"관리사무소, 노인정, 어린이놀이터, 기타",22,2
A12170602,철근콘크리트구조,650,단일계약,위탁관리,2,177,35,무,"관리사무소, 노인정, 어린이놀이터, 자전거보관소",16,2
A10024408,철골철근콘크리트구조,2150,종합계약,위탁관리,9,398,170,유,"관리사무소, 노인정, 보육시설, 문고, 주민공동시설, 어린이놀이터, 커뮤니티공간, 자전거보관소",28,4
A10023118,철골철근콘크리트구조,1350,단일계약,위탁관리,8,162,80,유,"관리사무소, 노인정, 보육시설, 문고, 어린이놀이터, 휴게시설, 자전거보관소",20,2
A12170603,철근콘크리트구조,4650,종합계약,위탁관리,23,933,266,유,"관리사무소, 노인정, 보육시설, 문고, 주민공동시설, 어린이놀이터, 휴게시설, 유치원, 커뮤니티공간, 자전거보관소",17,0
A12180407,철근콘크리트구조,1850,단일계약,위탁관리,13,658,154,무,"관리사무소, 노인정, 주민공동시설, 어린이놀이터, 휴게시설, 자전거보관소",25,2
A12180506,철근콘크리트구조,2600,단일계약,위탁관리,15,677,116,유,"관리사무소, 노인정, 보육시설, 주민공동시설, 어린이놀이터, 휴게시설, 유치원, 커뮤니티공간, 자전거보관소, 기타",20,2
A12180404,철근콘크리트구조,450,단일계약,위탁관리,3,77,28,무,"관리사무소, 노인정, 어린이놀이터",20,2
A10027748,기타구조,10,기타,위탁관리,8,485,146,유,"관리사무소, 노인정",23,3
A12102002,철근콘크리트구조,1050,단일계약,위탁관리,8,239,64,무,"관리사무소, 노인정, 어린이놀이터",15,2
A12180401,철근콘크리트구조,595,단일계약,위탁관리,6,140,32,무,"관리사무소, 노인정, 어린이놀이터, 자전거보관소",15,0
A12102005,철근콘크리트구조,1350,단일계약,위탁관리,12,333,66,무,"관리사무소, 노인정, 어린이놀이터, 커뮤니티공간",16,0
A12102008,철근콘크리트구조,2700,단일계약,위탁관리,18,856,202,무,"관리사무소, 노인정, 보육시설, 주민공동시설, 어린이놀이터, 자전거보관소",20,2
A12170601,철근콘크리트구조,1750,단일계약,위탁관리,20,635,165,유,"관리사무소, 노인정, 보육시설, 주민공동시설, 어린이놀이터, 유치원, 자전거보관소",20,2
A12179005,철근콘크리트구조,1400,단일계약,위탁관리,9,224,80,유,"관리사무소, 노인정, 어린이놀이터, 자전거보관소",18,4
A12103006,철근콘크리트구조,2600,단일계약,위탁관리,5,376,61,무,"관리사무소, 자전거보관소",30,8
A10024334,,,,,0,0,,,관리사무소,31,5
A12179004,철근콘크리트구조,6350,종합계약,위탁관리,17,937,185,유,"관리사무소, 노인정, 문고, 어린이놀이터, 유치원, 커뮤니티공간, 자전거보관소",21,0
A12179001,철근콘크리트구조,2600,단일계약,위탁관리,6,319,85,유,"관리사무소, 노인정, 어린이놀이터, 자전거보관소",25,2
A12185303,철근콘크리트구조,3550,단일계약,위탁관리,24,1065,81,무,"관리사무소, 노인정, 유치원",23,0
A12179003,철근콘크리트구조,325,단일계약,위탁관리,1,73,28,,"관리사무소, 노인정, 어린이놀이터, 자전거보관소",11,4
A12185304,철근콘크리트구조,1850,단일계약,위탁관리,9,524,108,무,"관리사무소, 노인정, 보육시설, 문고, 주민공동시설, 어린이놀이터, 커뮤니티공간, 자전거보관소",22,2
A12103002,철근콘크리트구조,1300,단일계약,위탁관리,10,411,55,무,"관리사무소, 노인정, 주민공동시설, 어린이놀이터, 커뮤니티공간, 자전거보관소",22,3
A12179006,철근콘크리트구조,800,종합계약,위탁관리,5,144,38,유,"관리사무소, 노인정, 주민공동시설, 어린이놀이터, 자전거보관소",13,2
A12179002,철근콘크리트구조,950,단일계약,위탁관리,4,291,62,무,,19,4
A10027504,철골철근콘크리트구조,1850,종합계약,위탁관리,4,250,55,유,"관리사무소, 문고, 주민공동시설, 어린이놀이터, 커뮤니티공간, 자전거보관소",20,7
A12104001,철근콘크리트구조,700,단일계약,위탁관리,5,172,32,무,"관리사무소, 노인정, 어린이놀이터",17,2
A12181406,철근콘크리트구조,2650,단일계약,위탁관리,23,738,199,무,"관리사무소, 노인정, 어린이놀이터",16,0
A12181403,철근콘크리트구조,1781,단일계약,위탁관리,8,169,47,무,"관리사무소, 노인정, 어린이놀이터",20,0
A12181404,철근콘크리트구조,3200,단일계약,위탁관리,23,1155,104,무,"관리사무소, 노인정, 주민공동시설, 어린이놀이터",20,1
A12104007,철근콘크리트구조,2999,단일계약,위탁관리,33,1138,160,무,"관리사무소, 노인정, 어린이놀이터, 커뮤니티공간",15,0
A12170401,철근콘크리트구조,800,단일계약,위탁관리,7,167,61,무,"관리사무소, 노인정, 어린이놀이터, 자전거보관소",12,0
A12104005,철근콘크리트구조,2450,단일계약,위탁관리,29,1080,140,유,"관리사무소, 노인정, 주민공동시설, 어린이놀이터, 자전거보관소",17,0
A12170402,철근콘크리트구조,8500,종합계약,위탁관리,6,971,114,유,"관리사무소, 자전거보관소",37,6
A10028006,철근콘크리트구조,2800,단일계약,위탁관리,17,617,199,유,"관리사무소, 노인정, 보육시설, 문고, 주민공동시설, 어린이놀이터, 커뮤니티공간, 자전거보관소",21,2
A12187501,철근콘크리트구조,2650,단일계약,위탁관리,16,699,171,유,"관리사무소, 노인정, 보육시설, 문고, 주민공동시설, 어린이놀이터, 커뮤니티공간, 자전거보관소",23,3
A12187602,철근콘크리트구조,1600,종합계약,위탁관리,13,512,59,무,"관리사무소, 노인정, 어린이놀이터, 자전거보관소",18,2
A10022303,,,,,0,0,,,,22,1
A10021282,철골철근콘크리트구조,450,종합계약,위탁관리,3,175,32,유,,20,1
A12106001,철근콘크리트구조,1900,단일계약,위탁관리,10,384,64,무,"관리사무소, 노인정, 어린이놀이터",28,2
A10025672,철골콘크리트구조,450,단일계약,위탁관리,3,112,16,무,"관리사무소, 노인정",15,2
A12105001,철근콘크리트구조,1250,단일계약,위탁관리,16,337,76,무,"관리사무소, 노인정, 주민공동시설, 어린이놀이터, 자전거보관소",21,4
A10021649,,,,,0,0,,,,18,3
A10025003,철근콘크리트구조,7150,단일계약,위탁관리,43,1437,450,유,"관리사무소, 노인정, 주민공동시설, 어린이놀이터, 커뮤니티공간, 자전거보관소",23,3
A12181101,철근콘크리트구조,700,단일계약,위탁관리,5,195,49,무,"관리사무소, 노인정, 어린이놀이터, 자전거보관소",15,2
A12172401,철근콘크리트구조,4200,종합계약,위탁관리,12,758,188,유,"관리사무소, 노인정, 문고, 주민공동시설, 어린이놀이터, 커뮤니티공간, 자전거보관소",25,2
A12181103,철근콘크리트구조,5000,종합계약,위탁관리,27,1753,228,무,"관리사무소, 노인정, 주민공동시설, 어린이놀이터, 휴게시설, 유치원, 자전거보관소",25,3
A12181102,철근콘크리트구조,1560,단일계약,위탁관리,4,198,64,무,"관리사무소, 노인정, 어린이놀이터, 자전거보관소",25,3
A12172402,철근콘크리트구조,1450,종합계약,위탁관리,6,38,16,무,"관리사무소, 주민공동시설",20,2
A12109001,철근콘크리트구조,2600,종합계약,위탁관리,13,892,132,유,"관리사무소, 노인정, 문고, 주민공동시설, 어린이놀이터, 커뮤니티공간, 자전거보관소",25,2
A10026036,철근콘크리트구조,6250,단일계약,위탁관리,33,1185,442,유,"관리사무소, 노인정, 보육시설, 문고, 주민공동시설, 어린이놀이터, 휴게시설, 커뮤니티공간, 자전거보관소",25,4
A10024347,철근콘크리트구조,8200,종합계약,위탁관리,53,2022,650,유,"관리사무소, 노인정, 보육시설, 문고, 주민공동시설, 어린이놀이터, 휴게시설, 커뮤니티공간, 자전거보관소",27,5
A10019997,,,,,0,0,,,,18,2
A12109002,철근콘크리트구조,2000,단일계약,위탁관리,20,683,95,무,"관리사무소, 노인정, 보육시설, 주민공동시설, 어린이놀이터, 자전거보관소, 기타",17,5
A12187403,철근콘크리트구조,400,기타,위탁관리,9,233,48,무,"관리사무소, 노인정, 보육시설, 어린이놀이터, 유치원, 기타",21,0
A10022963,철골철근콘크리트구조,1505,종합계약,위탁관리,6,101,112,유,"관리사무소, 주민공동시설, 휴게시설, 커뮤니티공간, 자전거보관소",13,6
A10020279,철골철근콘크리트구조,3360,단일계약,위탁관리,5,228,120,유,,23,6
A12172201,철근콘크리트구조,750,단일계약,위탁관리,3,255,50,무,관리사무소,15,3
A12185605,철근콘크리트구조,1250,종합계약,위탁관리,7,431,127,무,"관리사무소, 노인정, 어린이놀이터, 휴게시설, 자전거보관소",19,2
A10024974,철골철근콘크리트구조,4500,단일계약,위탁관리,24,1338,392,유,"관리사무소, 노인정, 보육시설, 문고, 주민공동시설, 어린이놀이터, 휴게시설, 커뮤니티공간, 자전거보관소",35,3
A12111001,철근콘크리트구조,800,종합계약,위탁관리,8,182,49,무,"관리사무소, 노인정, 주민공동시설, 어린이놀이터, 휴게시설, 자전거보관소",12,1
A12185606,철근콘크리트구조,1000,단일계약,위탁관리,9,360,73,무,"관리사무소, 노인정, 어린이놀이터",24,3
A12171201,철근콘크리트구조,1550,단일계약,위탁관리,6,359,72,유,"관리사무소, 노인정, 주민공동시설, 어린이놀이터, 자전거보관소",25,2
A12185504,철근콘크리트구조,950,단일계약,위탁관리,6,262,36,무,"관리사무소, 노인정, 어린이놀이터, 자전거보관소",22,3
A12185602,철근콘크리트구조,1070,종합계약,위탁관리,5,209,44,무,"관리사무소, 노인정, 어린이놀이터, 자전거보관소",15,2
A12185603,철근콘크리트구조,650,종합계약,위탁관리,7,189,32,무,"관리사무소, 노인정, 어린이놀이터, 자전거보관소",15,1
A10027714,철골철근콘크리트구조,4500,종합계약,위탁관리,50,947,248,유,"관리사무소, 노인정, 보육시설, 문고, 주민공동시설, 어린이놀이터, 휴게시설, 커뮤니티공간, 자전거보관소",35,3
A12112002,철근콘크리트구조,2200,단일계약,위탁관리,14,588,131,무,"관리사무소, 노인정, 보육시설, 주민공동시설, 어린이놀이터, 휴게시설, 자전거보관소",20,2
A12112001,철근콘크리트구조,1050,단일계약,위탁관리,4,243,57,무,"관리사무소, 노인정, 자전거보관소, 기타",25,3
A10025633,철골철근콘크리트구조,1800,단일계약,위탁관리,8,331,48,유,"관리사무소, 노인정, 주민공동시설, 휴게시설, 커뮤니티공간, 자전거보관소",21,3
A10020640,,,,,0,0,,,,15,2
A12119006,철근콘크리트구조,2950,단일계약,위탁관리,26,753,202,유,"관리사무소, 노인정, 문고, 주민공동시설, 어린이놀이터, 자전거보관소",15,2
A12177801,철근콘크리트구조,900,종합계약,위탁관리,8,335,70,유,"관리사무소, 어린이놀이터",15,0
A12119004,철근콘크리트구조,2650,단일계약,위탁관리,8,475,64,유,"관리사무소, 노인정, 주민공동시설, 어린이놀이터, 휴게시설, 자전거보관소",25,1
A12188201,철근콘크리트구조,850,종합계약,위탁관리,7,258,28,유,"관리사무소, 노인정, 어린이놀이터, 자전거보관소",19,3
A12188205,철근콘크리트구조,2100,단일계약,위탁관리,14,628,80,유,"관리사무소, 노인정, 보육시설, 주민공동시설, 어린이놀이터, 자전거보관소",24,3
A10024425,철골철근콘크리트구조,1600,단일계약,위탁관리,8,327,222,유,"관리사무소, 보육시설, 문고, 주민공동시설, 어린이놀이터, 커뮤니티공간, 자전거보관소",16,5
A12119007,철근콘크리트구조,1980,단일계약,위탁관리,21,642,156,유,"관리사무소, 노인정, 주민공동시설, 어린이놀이터, 휴게시설, 유치원, 자전거보관소",20,0
A12177802,철근콘크리트구조,600,단일계약,위탁관리,5,90,31,무,"관리사무소, 노인정, 어린이놀이터, 자전거보관소",15,2
A12188202,철근콘크리트구조,900,단일계약,위탁관리,6,260,70,유,"관리사무소, 노인정, 어린이놀이터, 커뮤니티공간",22,2
A12170702,철근콘크리트구조,2400,단일계약,위탁관리,32,680,169,유,"관리사무소, 노인정, 보육시설, 문고, 주민공동시설, 어린이놀이터, 휴게시설, 커뮤니티공간, 자전거보관소",24,3
A10028177,철골철근콘크리트구조,2555,종합계약,위탁관리,14,641,181,유,"관리사무소, 노인정, 보육시설, 문고, 어린이놀이터, 커뮤니티공간, 자전거보관소, 기타",25,4
A12182901,철근콘크리트구조,1250,종합계약,위탁관리,6,348,48,무,"관리사무소, 노인정, 주민공동시설, 어린이놀이터, 자전거보관소, 기타",25,2
A12115001,철근콘크리트구조,4650,단일계약,위탁관리,14,994,159,유,"관리사무소, 노인정, 보육시설, 주민공동시설, 어린이놀이터, 휴게시설, 커뮤니티공간, 자전거보관소",25,2
A12114001,철근콘크리트구조,1700,단일계약,위탁관리,12,533,70,무,"관리사무소, 노인정, 보육시설, 어린이놀이터, 휴게시설",23,1
A12174601,철근콘크리트구조,10600,종합계약,위탁관리,23,1247,192,유,"관리사무소, 문고, 주민공동시설, 어린이놀이터, 커뮤니티공간, 자전거보관소, 기타",39,7
A10024891,철근콘크리트구조,4254,종합계약,위탁관리,8,580,263,유,"관리사무소, 보육시설, 문고, 주민공동시설, 어린이놀이터, 자전거보관소",24,5
A12184201,철골철근콘크리트구조,950,단일계약,위탁관리,5,502,30,무,"관리사무소, 자전거보관소",12,4
A10024784,철근콘크리트구조,1250,종합계약,위탁관리,7,195,44,무,"관리사무소, 노인정, 어린이놀이터, 휴게시설, 자전거보관소",19,3
A10027301,철골철근콘크리트구조,2750,종합계약,위탁관리,6,301,85,유,"관리사무소, 노인정, 문고, 주민공동시설, 어린이놀이터, 휴게시설, 커뮤니티공간, 자전거보관소",36,6
A10027902,철근콘크리트구조,2750,종합계약,위탁관리,4,384,82,유,"관리사무소, 노인정, 주민공동시설, 어린이놀이터, 커뮤니티공간, 자전거보관소",37,6
A10027572,철골철근콘크리트구조,1350,종합계약,위탁관리,6,283,80,유,"관리사무소, 주민공동시설, 휴게시설, 커뮤니티공간, 자전거보관소",13,2
A10023755,철골철근콘크리트구조,767,단일계약,위탁관리,10,110,23,유,"관리사무소, 휴게시설, 자전거보관소",12,1
A10026053,철근콘크리트구조,2800,종합계약,위탁관리,14,462,281,유,"관리사무소, 노인정, 보육시설, 문고, 주민공동시설, 어린이놀이터, 커뮤니티공간, 자전거보관소",18,2
A12182101,철근콘크리트구조,781,단일계약,위탁관리,6,227,36,유,"관리사무소, 노인정, 어린이놀이터, 휴게시설, 커뮤니티공간, 자전거보관소",18,2
A12182401,철근콘크리트구조,750,단일계약,위탁관리,16,273,45,유,"관리사무소, 노인정, 어린이놀이터, 자전거보관소",16,2
A10022359,,,,,0,0,,,,10,1
A10024150,철골철근콘크리트구조,450,종합계약,위탁관리,3,138,30,무,"관리사무소, 노인정, 어린이놀이터, 휴게시설, 자전거보관소",15,0
A12123001,철골콘크리트구조,810,단일계약,위탁관리,7,190,48,유,"관리사무소, 노인정, 자전거보관소",15,1
A10023665,철골철근콘크리트구조,632,단일계약,위탁관리,5,117,32,무,"관리사무소, 노인정, 어린이놀이터, 자전거보관소",15,1
A10024587,,,,,0,0,,,,17,2
A12186901,철근콘크리트구조,2060,단일계약,위탁관리,16,545,104,무,"관리사무소, 노인정, 주민공동시설, 어린이놀이터, 자전거보관소",15,0
A12185003,철근콘크리트구조,2400,단일계약,위탁관리,14,382,121,무,"관리사무소, 노인정, 보육시설, 문고, 주민공동시설, 어린이놀이터, 휴게시설, 자전거보관소, 기타",15,0
A10027157,철골철근콘크리트구조,1550,단일계약,위탁관리,10,204,79,무,"관리사무소, 노인정, 보육시설, 주민공동시설, 어린이놀이터, 휴게시설, 유치원, 커뮤니티공간, 자전거보관소",20,0
A12185001,철근콘크리트구조,981,단일계약,위탁관리,4,188,32,유,"관리사무소, 노인정, 어린이놀이터, 자전거보관소",19,2
A12125001,철근콘크리트구조,937,종합계약,위탁관리,8,207,52,무,"관리사무소, 노인정, 어린이놀이터, 자전거보관소",15,1
A10022213,철골철근콘크리트구조,500,단일계약,위탁관리,4,150,31,무,,18,0
A12185004,철근콘크리트구조,7500,단일계약,위탁관리,33,1233,66,무,"관리사무소, 노인정, 문고, 주민공동시설, 어린이놀이터, 휴게시설, 자전거보관소",14,1
A12125202,철근콘크리트구조,2500,단일계약,위탁관리,18,989,134,무,"관리사무소, 노인정, 어린이놀이터, 자전거보관소",24,2
A12171101,철근콘크리트구조,1600,단일계약,위탁관리,7,366,72,무,"관리사무소, 노인정, 어린이놀이터, 휴게시설",25,2
A12187904,철근콘크리트구조,1350,종합계약,위탁관리,11,270,72,유,"관리사무소, 노인정, 주민공동시설, 어린이놀이터, 기타",21,1
A12187902,철근콘크리트구조,850,종합계약,위탁관리,5,250,20,무,"관리사무소, 노인정, 어린이놀이터, 자전거보관소",19,2
A12187905,철근콘크리트구조,1660,단일계약,위탁관리,9,548,70,무,"관리사무소, 노인정, 어린이놀이터, 자전거보관소",25,2
A12187703,철근콘크리트구조,1100,단일계약,위탁관리,7,352,48,무,"관리사무소, 노인정, 어린이놀이터, 휴게시설, 자전거보관소",19,3
A12187906,철근콘크리트구조,2000,종합계약,위탁관리,9,570,103,무,"관리사무소, 노인정, 주민공동시설, 어린이놀이터",25,2
A10022429,,,,,0,0,,,,16,2
A12187901,철근콘크리트구조,1090,단일계약,위탁관리,9,206,31,무,"관리사무소, 노인정, 어린이놀이터, 휴게시설, 자전거보관소, 기타",19,2
A12179502,철근콘크리트구조,950,종합계약,위탁관리,10,256,74,유,"관리사무소, 노인정, 보육시설, 주민공동시설, 어린이놀이터, 자전거보관소",13,1
A12179501,철근콘크리트구조,675,종합계약,위탁관리,6,169,68,유,"관리사무소, 노인정, 주민공동시설, 어린이놀이터, 자전거보관소",12,0
A12127007,철근콘크리트구조,1600,종합계약,위탁관리,12,618,100,무,"관리사무소, 노인정, 주민공동시설, 어린이놀이터, 자전거보관소",19,2
A12127008,철근콘크리트구조,2100,단일계약,위탁관리,15,839,145,무,"관리사무소, 노인정, 보육시설, 문고, 주민공동시설, 어린이놀이터, 휴게시설, 유치원, 자전거보관소, 기타",18,2
A12179508,철근콘크리트구조,2364,단일계약,위탁관리,26,987,232,무,"관리사무소, 노인정, 보육시설, 문고, 어린이놀이터, 커뮤니티공간, 자전거보관소",15,2
A12179505,철근콘크리트구조,1450,단일계약,위탁관리,15,434,171,무,"관리사무소, 노인정, 보육시설, 주민공동시설, 어린이놀이터, 커뮤니티공간, 자전거보관소",15,2
A12127004,철근콘크리트구조,1600,단일계약,위탁관리,16,544,89,무,"관리사무소, 노인정, 보육시설, 주민공동시설, 어린이놀이터, 자전거보관소",20,1
A12127003,철근콘크리트구조,1500,종합계약,위탁관리,18,653,105,무,"관리사무소, 노인정, 보육시설, 어린이놀이터, 유치원, 자전거보관소",20,2
A12127006,철근콘크리트구조,2400,단일계약,위탁관리,21,965,193,무,"관리사무소, 노인정, 보육시설, 주민공동시설, 어린이놀이터, 유치원, 자전거보관소",26,2
A12127001,철근콘크리트구조,2000,단일계약,위탁관리,10,546,89,무,"관리사무소, 노인정, 보육시설, 주민공동시설, 어린이놀이터, 자전거보관소",21,2
A12127002,철근콘크리트구조,1827,단일계약,위탁관리,22,704,120,유,"관리사무소, 노인정, 주민공동시설, 어린이놀이터, 휴게시설, 유치원, 커뮤니티공간, 자전거보관소",15,2
A12127005,철근콘크리트구조,2325,단일계약,위탁관리,25,918,188,무,"관리사무소, 노인정, 보육시설, 주민공동시설, 어린이놀이터, 휴게시설, 자전거보관소",15,2
A12179504,철근콘크리트구조,2500,단일계약,위탁관리,31,1175,330,유,"관리사무소, 노인정, 보육시설, 주민공동시설, 어린이놀이터, 자전거보관소",15,2
A15807001,철근콘크리트구조,800,단일계약,위탁관리,7,389,64,무,"관리사무소, 노인정, 주민공동시설, 어린이놀이터, 휴게시설, 자전거보관소",19,2
A10024398,철골철근콘크리트구조,7319,단일계약,위탁관리,47,2026,585,유,"관리사무소, 보육시설, 주민공동시설, 어린이놀이터, 휴게시설, 커뮤니티공간, 자전거보관소",27,3
A15807205,철근콘크리트구조,900,종합계약,위탁관리,11,420,85,무,"관리사무소, 노인정",15,2
A15873701,철근콘크리트구조,4450,단일계약,위탁관리,48,1411,188,무,"관리사무소, 노인정, 어린이놀이터",15,0
A15807705,철근콘크리트구조,3650,단일계약,위탁관리,30,550,179,무,"관리사무소, 노인정, 문고, 어린이놀이터, 커뮤니티공간, 자전거보관소, 기타",15,0
A15807706,벽돌구조,4500,단일계약,위탁관리,24,873,96,무,"관리사무소, 노인정, 보육시설, 어린이놀이터, 유치원, 커뮤니티공간, 자전거보관소",15,0
A15807605,철근콘크리트구조,4750,단일계약,위탁관리,42,1625,360,무,"관리사무소, 노인정, 주민공동시설, 어린이놀이터, 휴게시설, 커뮤니티공간, 자전거보관소",15,0
A15807606,철근콘크리트구조,7700,단일계약,위탁관리,68,1875,449,무,"관리사무소, 노인정, 주민공동시설, 어린이놀이터",20,0
A15807702,철근콘크리트구조,1710,단일계약,위탁관리,11,409,59,무,"관리사무소, 노인정, 어린이놀이터, 자전거보관소",16,2
A15807703,철근콘크리트구조,4400,종합계약,위탁관리,35,1376,201,유,"관리사무소, 노인정, 어린이놀이터, 자전거보관소",18,0
A15807704,철근콘크리트구조,2200,단일계약,위탁관리,9,325,90,유,"관리사무소, 노인정, 주민공동시설, 어린이놀이터, 유치원, 커뮤니티공간, 자전거보관소, 기타",15,0
A10021466,,,,,0,0,,,,19,2
A15807604,철근콘크리트구조,3150,단일계약,위탁관리,24,852,152,무,"관리사무소, 노인정, 주민공동시설, 어린이놀이터, 휴게시설, 유치원, 커뮤니티공간, 자전거보관소",20,1
A15807101,철근콘크리트구조,4600,단일계약,위탁관리,43,1466,83,무,"관리사무소, 노인정, 어린이놀이터, 휴게시설, 커뮤니티공간, 자전거보관소",15,0
A15807208,철근콘크리트구조,1650,종합계약,위탁관리,10,500,52,무,"관리사무소, 노인정, 주민공동시설, 어린이놀이터, 자전거보관소",22,2
A15807601,철골철근콘크리트구조,2250,종합계약,위탁관리,5,434,95,유,"관리사무소, 노인정, 주민공동시설, 휴게시설, 커뮤니티공간, 자전거보관소",24,5
A10025729,철근콘크리트구조,2350,종합계약,위탁관리,15,459,176,유,"관리사무소, 노인정, 보육시설, 문고, 주민공동시설, 어린이놀이터, 휴게시설, 커뮤니티공간, 자전거보관소",15,2
A15807211,철근콘크리트구조,3000,단일계약,위탁관리,25,1262,143,유,"관리사무소, 노인정, 어린이놀이터, 유치원, 자전거보관소",20,2
A10027375,철골철근콘크리트구조,5600,종합계약,위탁관리,32,1337,329,유,"관리사무소, 노인정, 보육시설, 문고, 주민공동시설, 어린이놀이터, 휴게시설, 커뮤니티공간, 자전거보관소",22,2
A15807603,철골철근콘크리트구조,4850,종합계약,위탁관리,12,938,122,유,"관리사무소, 노인정, 어린이놀이터, 휴게시설, 커뮤니티공간, 자전거보관소",39,5
A15876401,철근콘크리트구조,1200,단일계약,위탁관리,6,182,52,무,"관리사무소, 노인정, 주민공동시설, 어린이놀이터, 휴게시설, 자전거보관소",20,2
A15886504,철근콘크리트구조,1475,종합계약,위탁관리,11,593,134,유,"관리사무소, 노인정, 주민공동시설, 어린이놀이터, 자전거보관소",18,2
A15885514,철근콘크리트구조,1750,단일계약,위탁관리,15,809,113,유,"관리사무소, 노인정, 보육시설, 어린이놀이터, 자전거보관소, 기타",22,3
A15807306,철근콘크리트구조,1300,단일계약,위탁관리,11,502,75,무,"관리사무소, 노인정, 어린이놀이터, 자전거보관소",24,2
A15885303,철근콘크리트구조,704,종합계약,위탁관리,7,105,32,무,"관리사무소, 어린이놀이터, 자전거보관소",15,1
A10022222,,,,,0,0,,,,15,1
A15886402,철근콘크리트구조,500,단일계약,위탁관리,7,187,26,무,"관리사무소, 노인정, 어린이놀이터, 자전거보관소",15,1
A10023593,철근콘크리트구조,750,단일계약,위탁관리,6,126,36,무,"관리사무소, 노인정, 보육시설, 어린이놀이터, 휴게시설, 자전거보관소",15,2
A15807210,철근콘크리트구조,2000,단일계약,위탁관리,17,845,100,무,"관리사무소, 어린이놀이터, 휴게시설, 자전거보관소",19,2
A15807315,철근콘크리트구조,4300,단일계약,위탁관리,22,1105,210,무,"관리사무소, 노인정, 보육시설, 문고, 주민공동시설, 어린이놀이터, 유치원, 커뮤니티공간, 자전거보관소",25,0
A15807202,철근콘크리트구조,1100,단일계약,위탁관리,6,249,42,무,"관리사무소, 노인정, 어린이놀이터, 휴게시설, 자전거보관소",22,1
A15876402,철근콘크리트구조,800,단일계약,위탁관리,12,177,43,무,"관리사무소, 노인정, 주민공동시설, 어린이놀이터, 휴게시설, 커뮤니티공간, 자전거보관소",22,2
A15807701,철근콘크리트구조,2400,종합계약,위탁관리,11,350,98,무,"관리사무소, 노인정, 주민공동시설, 어린이놀이터, 자전거보관소",15,1
A10027396,철근콘크리트구조,2160,단일계약,위탁관리,14,531,138,무,"관리사무소, 노인정, 보육시설, 주민공동시설, 어린이놀이터, 자전거보관소",20,1
A15885306,철근콘크리트구조,950,종합계약,위탁관리,9,181,14,무,"관리사무소, 노인정, 어린이놀이터, 자전거보관소",15,0
A15807707,철근콘크리트구조,2600,기타,위탁관리,42,1267,276,무,"관리사무소, 노인정, 보육시설, 어린이놀이터",15,1
A10025649,철근콘크리트구조,1750,단일계약,위탁관리,9,333,68,유,"관리사무소, 노인정, 보육시설, 주민공동시설, 어린이놀이터, 자전거보관소",15,2
A15870701,철근콘크리트구조,360,종합계약,위탁관리,18,594,71,무,"관리사무소, 노인정, 보육시설, 문고, 주민공동시설, 어린이놀이터, 휴게시설, 유치원, 커뮤니티공간, 자전거보관소, 기타",12,3
A15809002,철근콘크리트구조,327,종합계약,위탁관리,45,643,293,유,"관리사무소, 노인정, 보육시설, 문고, 주민공동시설, 어린이놀이터, 자전거보관소",7,0
A15879502,철근콘크리트구조,5000,단일계약,위탁관리,35,1498,478,유,"관리사무소, 노인정, 보육시설, 문고, 주민공동시설, 어린이놀이터, 휴게시설, 커뮤니티공간, 자전거보관소",15,2
A15807004,철근콘크리트구조,1950,단일계약,위탁관리,20,656,189,무,"관리사무소, 노인정, 주민공동시설",13,3
A15807003,철근콘크리트구조,1050,종합계약,위탁관리,10,305,126,무,"관리사무소, 노인정, 문고, 주민공동시설, 어린이놀이터, 자전거보관소",15,2
A15885307,철근콘크리트구조,1225,종합계약,위탁관리,10,180,53,무,"관리사무소, 노인정, 어린이놀이터, 자전거보관소",18,0
A15879501,철근콘크리트구조,1150,단일계약,위탁관리,7,380,36,무,"관리사무소, 노인정, 보육시설, 주민공동시설, 어린이놀이터, 휴게시설, 커뮤니티공간, 자전거보관소",15,2
A15886508,철근콘크리트구조,1300,단일계약,위탁관리,11,374,92,무,"관리사무소, 노인정, 어린이놀이터, 커뮤니티공간, 자전거보관소",15,0
A15886507,철근콘크리트구조,1737,단일계약,위탁관리,12,418,111,무,"관리사무소, 노인정, 주민공동시설, 어린이놀이터, 커뮤니티공간, 자전거보관소",15,2
A15886505,철근콘크리트구조,1000,단일계약,위탁관리,14,466,103,무,"관리사무소, 노인정, 주민공동시설, 어린이놀이터, 유치원",15,0
A15886512,철근콘크리트구조,1350,단일계약,위탁관리,11,467,72,유,"관리사무소, 노인정, 보육시설, 주민공동시설, 어린이놀이터, 유치원, 자전거보관소",15,2
A15886510,철근콘크리트구조,1300,단일계약,위탁관리,8,320,93,무,"관리사무소, 노인정, 보육시설, 문고, 어린이놀이터, 커뮤니티공간, 자전거보관소",15,2
A15886501,철근콘크리트구조,600,단일계약,위탁관리,5,211,38,무,"관리사무소, 노인정, 주민공동시설, 어린이놀이터, 자전거보관소",15,0
A15807204,철근콘크리트구조,700,단일계약,위탁관리,2,192,36,무,"관리사무소, 노인정, 어린이놀이터, 자전거보관소",20,2
A15807002,철근콘크리트구조,1750,단일계약,위탁관리,13,566,83,무,"관리사무소, 노인정, 보육시설, 어린이놀이터, 자전거보관소",15,1
A15807313,철근콘크리트구조,1150,단일계약,위탁관리,8,377,113,무,"관리사무소, 노인정, 보육시설, 주민공동시설, 어린이놀이터, 휴게시설, 유치원, 자전거보관소, 기타",15,3
A15807311,철근콘크리트구조,2145,단일계약,위탁관리,18,625,109,무,"관리사무소, 노인정, 보육시설, 주민공동시설, 어린이놀이터, 자전거보관소",18,3
A15807316,철근콘크리트구조,1910,단일계약,위탁관리,11,502,87,무,"관리사무소, 노인정, 보육시설, 주민공동시설, 어린이놀이터, 기타",15,3
A15873902,철근콘크리트구조,2100,종합계약,위탁관리,18,491,142,유,"관리사무소, 노인정, 주민공동시설, 어린이놀이터, 휴게시설, 자전거보관소",15,3
A15884901,철근콘크리트구조,645,종합계약,위탁관리,6,143,14,무,"관리사무소, 노인정, 어린이놀이터, 자전거보관소",15,0
A10023886,철골콘크리트구조,2000,종합계약,관리방식미정,14,500,248,유,"노인정, 보육시설, 주민공동시설, 어린이놀이터, 커뮤니티공간, 자전거보관소",19,3
A15875101,철근콘크리트구조,5050,단일계약,위탁관리,28,1104,167,무,"관리사무소, 노인정",15,0
A15875102,철근콘크리트구조,4760,단일계약,위탁관리,21,1306,312,무,"관리사무소, 노인정, 보육시설, 문고, 주민공동시설, 어린이놀이터, 휴게시설, 유치원, 커뮤니티공간, 자전거보관소",15,1
A15805302,철근콘크리트구조,1600,단일계약,위탁관리,12,430,90,무,"관리사무소, 노인정, 어린이놀이터, 자전거보관소",17,2
A10021098,,,,,0,0,,,,19,0
A15805003,철근콘크리트구조,3700,단일계약,위탁관리,22,1224,126,무,,15,0
A10021824,철근콘크리트구조,570,종합계약,위탁관리,5,135,35,무,"관리사무소, 노인정, 어린이놀이터, 휴게시설, 자전거보관소",15,1
A15805503,철근콘크리트구조,3000,단일계약,위탁관리,22,1820,118,무,"관리사무소, 노인정, 주민공동시설, 어린이놀이터, 유치원, 자전거보관소",20,0
A15805504,철근콘크리트구조,4450,단일계약,위탁관리,30,1444,123,무,,15,0
A15805115,철근콘크리트구조,5600,단일계약,위탁관리,43,1285,499,무,"관리사무소, 노인정, 주민공동시설, 어린이놀이터, 휴게시설, 자전거보관소",15,0
A15805202,철근콘크리트구조,1660,단일계약,위탁관리,12,542,128,유,"관리사무소, 노인정, 어린이놀이터, 자전거보관소",15,2
A15805203,철근콘크리트구조,990,단일계약,위탁관리,12,245,72,무,"관리사무소, 노인정, 주민공동시설, 어린이놀이터, 휴게시설, 자전거보관소",14,4
A15881601,철근콘크리트구조,900,단일계약,위탁관리,5,207,36,무,"관리사무소, 노인정, 보육시설, 어린이놀이터, 휴게시설, 자전거보관소",18,2
A15881701,철근콘크리트구조,732,단일계약,위탁관리,5,160,32,무,"관리사무소, 노인정, 어린이놀이터, 자전거보관소",17,1
A15882107,철근콘크리트구조,700,단일계약,위탁관리,4,239,28,무,"관리사무소, 어린이놀이터",22,1
A15880905,철근콘크리트구조,2250,단일계약,위탁관리,23,719,114,무,"관리사무소, 노인정, 어린이놀이터, 자전거보관소",12,0
A15805403,철근콘크리트구조,1450,단일계약,위탁관리,18,570,111,무,"관리사무소, 노인정, 어린이놀이터, 휴게시설, 자전거보관소",15,3
A10024823,철골철근콘크리트구조,580,단일계약,위탁관리,3,82,32,무,,16,1
A15805109,철근콘크리트구조,900,단일계약,위탁관리,7,231,39,유,"관리사무소, 노인정, 어린이놀이터, 휴게시설, 자전거보관소",20,1
A15805101,철근콘크리트구조,850,단일계약,위탁관리,6,202,48,유,"관리사무소, 노인정, 어린이놀이터, 자전거보관소",16,2
A15805404,철근콘크리트구조,1800,단일계약,위탁관리,18,662,95,무,"관리사무소, 노인정, 문고, 주민공동시설, 어린이놀이터, 자전거보관소, 기타",15,2
A10026023,철골철근콘크리트구조,2250,종합계약,위탁관리,18,487,278,유,"관리사무소, 노인정, 보육시설, 문고, 주민공동시설, 어린이놀이터, 휴게시설, 커뮤니티공간, 자전거보관소",14,3
A15805303,철근콘크리트구조,4100,단일계약,위탁관리,25,1419,157,유,"관리사무소, 노인정, 보육시설, 문고, 주민공동시설, 어린이놀이터, 자전거보관소",25,3
A15805501,일반철골구조,1100,종합계약,위탁관리,8,398,50,무,"관리사무소, 노인정, 문고, 주민공동시설, 휴게시설",26,7
A15805301,철골철근콘크리트구조,2245,종합계약,위탁관리,16,437,120,무,"관리사무소, 주민공동시설",24,7
A15882010,철근콘크리트구조,1050,종합계약,위탁관리,7,264,57,무,"관리사무소, 노인정, 주민공동시설, 어린이놀이터, 자전거보관소",21,3
A15805105,철근콘크리트구조,350,기타,위탁관리,7,195,40,무,"관리사무소, 노인정, 어린이놀이터, 휴게시설, 자전거보관소",15,2
A15881702,철근콘크리트구조,823,종합계약,위탁관리,5,176,23,무,"관리사무소, 어린이놀이터",16,2
A10024355,철근콘크리트구조,665,단일계약,위탁관리,3,129,32,무,"관리사무소, 노인정, 어린이놀이터, 자전거보관소",18,2
A10027849,철골철근콘크리트구조,1150,종합계약,위탁관리,6,353,74,유,"관리사무소, 어린이놀이터, 휴게시설, 커뮤니티공간, 자전거보관소",31,3
A15875103,철근콘크리트구조,4700,단일계약,위탁관리,29,839,99,무,"관리사무소, 노인정, 주민공동시설, 어린이놀이터, 휴게시설, 유치원, 자전거보관소",20,0
A10021359,,,,,0,0,,,,14,4
A15880204,철근콘크리트구조,750,단일계약,위탁관리,12,239,48,무,,15,0
A15882103,철근콘크리트구조,700,단일계약,위탁관리,4,204,32,무,"관리사무소, 노인정, 주민공동시설, 어린이놀이터, 자전거보관소",18,2
A15882104,철근콘크리트구조,1000,단일계약,위탁관리,4,212,29,유,"관리사무소, 노인정, 어린이놀이터",19,2
A15870101,철근콘크리트구조,5000,종합계약,위탁관리,18,1120,173,유,"관리사무소, 노인정, 주민공동시설, 휴게시설, 커뮤니티공간, 자전거보관소",49,0
A15805502,철골콘크리트구조,3000,종합계약,위탁관리,8,518,80,유,"관리사무소, 노인정, 커뮤니티공간, 자전거보관소",31,5
A15805002,철근콘크리트구조,4800,단일계약,위탁관리,51,1359,245,무,"관리사무소, 노인정, 보육시설, 주민공동시설, 어린이놀이터, 휴게시설, 유치원, 자전거보관소",15,1
A15882008,철근콘크리트구조,1100,종합계약,위탁관리,6,198,35,무,"관리사무소, 노인정, 어린이놀이터",21,1
A15882006,철근콘크리트구조,800,종합계약,위탁관리,6,167,39,무,"관리사무소, 노인정, 어린이놀이터, 자전거보관소",18,0
A15870102,철근콘크리트구조,800,단일계약,위탁관리,6,205,56,무,"관리사무소, 노인정, 어린이놀이터, 휴게시설, 커뮤니티공간, 자전거보관소",17,2
A15805102,철근콘크리트구조,950,단일계약,위탁관리,6,191,48,무,"관리사무소, 노인정, 어린이놀이터, 자전거보관소",18,2
A15805114,철골철근콘크리트구조,6250,종합계약,위탁관리,13,1192,390,무,"관리사무소, 노인정, 어린이놀이터, 자전거보관소",69,0
A15805111,철근콘크리트구조,7250,종합계약,위탁관리,14,1143,168,유,"관리사무소, 주민공동시설, 어린이놀이터, 자전거보관소",40,4
A10027303,철근콘크리트구조,700,단일계약,위탁관리,3,166,20,무,"관리사무소, 노인정, 어린이놀이터, 휴게시설, 자전거보관소",19,1
A10023948,철골철근콘크리트구조,1200,종합계약,위탁관리,3,169,96,무,"관리사무소, 휴게시설, 커뮤니티공간",9,4
A10021018,,,,,0,0,,,,15,0
A10021670,조적구조,660,종합계약,위탁관리,3,138,22,무,,13,2
A15878601,철골철근콘크리트구조,650,단일계약,위탁관리,12,178,11,,"관리사무소, 노인정, 주민공동시설, 어린이놀이터, 자전거보관소",7,1
A10024872,철골철근콘크리트구조,15050,종합계약,위탁관리,85,3476,1201,유,"관리사무소, 노인정, 문고, 주민공동시설, 어린이놀이터, 유치원, 커뮤니티공간, 자전거보관소, 기타",23,3
A15809603,철근콘크리트구조,1700,단일계약,위탁관리,13,452,36,무,"관리사무소, 노인정, 주민공동시설, 어린이놀이터, 휴게시설, 자전거보관소",24,2
A10025120,철골철근콘크리트구조,22900,종합계약,위탁관리,6,143,24,유,"관리사무소, 노인정, 보육시설, 어린이놀이터, 자전거보관소",12,2
A15809502,철근콘크리트구조,1225,종합계약,위탁관리,13,235,70,무,"관리사무소, 노인정, 보육시설, 주민공동시설, 어린이놀이터, 자전거보관소",12,1
A10025157,철골철근콘크리트구조,500,단일계약,위탁관리,6,149,26,무,"관리사무소, 노인정, 보육시설, 어린이놀이터, 자전거보관소",12,1
A15809201,철근콘크리트구조,975,단일계약,위탁관리,9,198,32,유,"관리사무소, 노인정, 어린이놀이터, 자전거보관소",15,0
A10023219,철근콘크리트구조,2250,종합계약,위탁관리,8,377,144,유,"관리사무소, 노인정, 주민공동시설, 어린이놀이터, 휴게시설, 커뮤니티공간, 자전거보관소",18,2
A10022304,,,,,0,0,,,,14,2
A15809401,철근콘크리트구조,550,종합계약,위탁관리,7,171,32,무,"관리사무소, 노인정, 어린이놀이터, 자전거보관소",13,1
A15809701,철근콘크리트구조,30,기타,,0,180,30,무,"관리사무소, 노인정, 자전거보관소",5,0
A10022224,철근콘크리트구조,517,종합계약,위탁관리,2,93,30,무,"관리사무소, 어린이놀이터, 자전거보관소",16,2
A15883803,철근콘크리트구조,850,단일계약,위탁관리,12,240,39,무,"관리사무소, 노인정, 어린이놀이터, 휴게시설, 자전거보관소",16,2
A15809001,철골콘크리트구조,700,단일계약,위탁관리,5,149,30,무,"관리사무소, 노인정, 어린이놀이터, 자전거보관소",15,1
A15809403,철근콘크리트구조,1150,단일계약,위탁관리,10,310,51,유,"관리사무소, 노인정, 어린이놀이터, 자전거보관소",15,1
A15809601,철근콘크리트구조,500,단일계약,위탁관리,5,182,25,무,"관리사무소, 노인정, 어린이놀이터, 자전거보관소",24,1
A10022149,,,,,0,0,,,,13,0
A10021293,철골콘크리트구조,250,종합계약,위탁관리,5,108,25,무,"관리사무소, 어린이놀이터, 자전거보관소",15,1
A15809402,철근콘크리트구조,1100,종합계약,위탁관리,8,310,53,무,"관리사무소, 어린이놀이터, 유치원, 자전거보관소",15,1
A15883702,철근콘크리트구조,550,단일계약,위탁관리,3,213,26,무,"관리사무소, 어린이놀이터, 휴게시설, 커뮤니티공간, 자전거보관소",10,0
A15883101,조적구조,790,단일계약,위탁관리,4,145,24,무,"관리사무소, 노인정, 어린이놀이터",17,0
A15882201,철근콘크리트구조,950,단일계약,위탁관리,6,296,65,유,"관리사무소, 노인정, 주민공동시설, 어린이놀이터, 자전거보관소",12,1
A15884703,철근콘크리트구조,3300,단일계약,위탁관리,20,1350,70,무,"관리사무소, 노인정, 주민공동시설, 어린이놀이터, 유치원, 자전거보관소",12,0
A15884202,철근콘크리트구조,950,단일계약,위탁관리,9,412,20,무,"관리사무소, 노인정, 어린이놀이터",10,0
A15809702,철근콘크리트구조,4,단일계약,,0,396,16,무,"관리사무소, 노인정, 어린이놀이터, 휴게시설, 자전거보관소",5,0
A10021332,,,,,0,0,,,,10,1
A10024804,철근콘크리트구조,600,종합계약,위탁관리,3,134,12,무,관리사무소,18,2
A15883401,철근콘크리트구조,2550,단일계약,위탁관리,10,399,105,유,"관리사무소, 노인정, 보육시설, 주민공동시설, 어린이놀이터, 자전거보관소",20,2
A15883402,철근콘크리트구조,5150,단일계약,위탁관리,22,1005,212,유,"관리사무소, 노인정, 보육시설, 문고, 주민공동시설, 어린이놀이터, 휴게시설, 커뮤니티공간, 자전거보관소",20,2
A15883202,철근콘크리트구조,1750,종합계약,위탁관리,22,330,83,무,"관리사무소, 노인정, 보육시설, 문고, 주민공동시설, 어린이놀이터, 유치원, 자전거보관소",15,2
A15883201,철골철근콘크리트구조,2540,종합계약,위탁관리,18,497,96,무,"관리사무소, 노인정, 어린이놀이터, 휴게시설, 자전거보관소",14,1
A10022672,철골철근콘크리트구조,22900,종합계약,위탁관리,10,120,20,무,"관리사무소, 노인정, 보육시설",17,3
A10021748,,,,,0,0,,,,15,1
A10022185,철근콘크리트구조,550,단일계약,위탁관리,2,120,32,무,"관리사무소, 어린이놀이터",15,2
A10025600,철골철근콘크리트구조,1750,단일계약,위탁관리,13,604,170,유,"관리사무소, 노인정, 보육시설, 문고, 주민공동시설, 어린이놀이터, 휴게시설, 커뮤니티공간, 자전거보관소",20,2
A15704023,철근콘크리트구조,1950,단일계약,위탁관리,13,463,104,무,"관리사무소, 노인정, 어린이놀이터, 자전거보관소, 기타",23,2
A10027541,철근콘크리트구조,1350,종합계약,위탁관리,5,191,59,유,"관리사무소, 노인정, 어린이놀이터, 휴게시설, 커뮤니티공간, 자전거보관소",20,2
A15786104,철근콘크리트구조,565,단일계약,위탁관리,5,130,32,무,"관리사무소, 노인정, 어린이놀이터, 자전거보관소",15,1
A15786408,철근콘크리트구조,800,단일계약,위탁관리,8,286,46,무,"관리사무소, 노인정",15,2
A10024436,철골철근콘크리트구조,1954,단일계약,위탁관리,5,285,67,유,"관리사무소, 보육시설, 문고, 주민공동시설, 어린이놀이터, 휴게시설, 커뮤니티공간, 자전거보관소",20,4
A15704002,철근콘크리트구조,800,종합계약,위탁관리,6,187,32,무,"관리사무소, 노인정, 어린이놀이터, 자전거보관소",19,2
A15704007,철근콘크리트구조,900,단일계약,위탁관리,7,275,74,무,"관리사무소, 노인정, 주민공동시설, 어린이놀이터, 휴게시설, 자전거보관소",15,2
A15704001,철근콘크리트구조,910,종합계약,위탁관리,8,184,34,무,"관리사무소, 노인정, 주민공동시설, 어린이놀이터, 휴게시설, 자전거보관소",15,1
A15704017,철근콘크리트구조,22900,단일계약,위탁관리,6,349,56,무,"관리사무소, 노인정, 주민공동시설, 어린이놀이터, 자전거보관소",18,0
A15776001,철근콘크리트구조,1350,종합계약,위탁관리,6,231,85,유,"관리사무소, 노인정, 주민공동시설, 어린이놀이터, 자전거보관소",18,2
A15704025,철근콘크리트구조,2500,단일계약,위탁관리,13,530,81,무,"관리사무소, 노인정, 주민공동시설, 어린이놀이터",25,1
A15786321,철근콘크리트구조,1072,단일계약,위탁관리,9,327,71,유,"관리사무소, 노인정, 어린이놀이터, 자전거보관소",20,0
A15786111,철근콘크리트구조,1000,단일계약,위탁관리,6,285,74,무,"관리사무소, 노인정, 어린이놀이터, 자전거보관소",19,2
A15786312,철근콘크리트구조,850,단일계약,위탁관리,7,256,48,무,"관리사무소, 노인정, 어린이놀이터, 자전거보관소",18,2
A15786116,철근콘크리트구조,850,단일계약,위탁관리,8,278,66,무,"관리사무소, 노인정, 어린이놀이터, 자전거보관소",19,2
A10022042,철골철근콘크리트구조,23,종합계약,위탁관리,8,125,30,무,"관리사무소, 노인정, 어린이놀이터, 자전거보관소",13,2
A10022108,철근콘크리트구조,1100,단일계약,위탁관리,5,181,32,유,"관리사무소, 노인정, 어린이놀이터, 휴게시설, 자전거보관소",15,1
A10025049,철골철근콘크리트구조,660,종합계약,위탁관리,4,173,32,,"관리사무소, 노인정, 어린이놀이터, 자전거보관소",15,2
A15704028,철근콘크리트구조,2800,단일계약,위탁관리,19,769,120,무,"관리사무소, 노인정, 어린이놀이터, 유치원, 자전거보관소",17,2
A15786227,철근콘크리트구조,2040,단일계약,위탁관리,28,609,78,무,"관리사무소, 노인정, 보육시설, 어린이놀이터",24,3
A15704015,철근콘크리트구조,1700,단일계약,위탁관리,12,450,65,유,"관리사무소, 노인정, 어린이놀이터, 휴게시설, 자전거보관소",15,1
A15786213,철근콘크리트구조,920,단일계약,위탁관리,7,293,32,유,"관리사무소, 노인정, 어린이놀이터, 자전거보관소",18,2
A15704009,철근콘크리트구조,380,단일계약,위탁관리,5,173,40,무,"관리사무소, 노인정, 주민공동시설, 어린이놀이터, 휴게시설, 자전거보관소",15,2
A10021935,철골철근콘크리트구조,300,종합계약,위탁관리,5,133,30,무,"관리사무소, 어린이놀이터, 휴게시설, 자전거보관소",15,1
A15786420,철근콘크리트구조,950,단일계약,위탁관리,8,291,72,유,"관리사무소, 노인정, 주민공동시설, 어린이놀이터, 자전거보관소",15,2
A15785919,철근콘크리트구조,950,종합계약,위탁관리,10,163,64,무,"관리사무소, 노인정, 어린이놀이터, 자전거보관소",14,1
A15786405,철근콘크리트구조,1050,단일계약,위탁관리,6,180,33,무,"관리사무소, 노인정, 어린이놀이터, 자전거보관소",15,1
A15704006,철근콘크리트구조,257,종합계약,위탁관리,8,131,32,무,"관리사무소, 노인정, 어린이놀이터, 자전거보관소",13,2
A15704003,철근콘크리트구조,800,단일계약,위탁관리,6,184,48,무,"관리사무소, 노인정, 어린이놀이터, 휴게시설, 자전거보관소",18,2
A15786314,철근콘크리트구조,850,단일계약,위탁관리,6,307,74,무,"관리사무소, 노인정, 주민공동시설, 어린이놀이터, 자전거보관소",18,2
A15786222,철근콘크리트구조,1268,단일계약,위탁관리,9,287,75,무,"관리사무소, 노인정, 커뮤니티공간",15,1
A15786510,철근콘크리트구조,610,단일계약,위탁관리,5,255,30,무,"관리사무소, 노인정, 어린이놀이터, 자전거보관소, 기타",17,3
A15786118,철근콘크리트구조,1220,단일계약,위탁관리,9,321,58,무,"관리사무소, 노인정, 어린이놀이터, 자전거보관소",15,2
A15786424,철근콘크리트구조,500,종합계약,위탁관리,11,508,112,무,"관리사무소, 노인정, 주민공동시설, 자전거보관소",20,0
A15786426,철근콘크리트구조,950,단일계약,위탁관리,21,396,98,무,"관리사무소, 노인정, 어린이놀이터",14,1
A10021770,철근콘크리트구조,240,종합계약,위탁관리,4,83,24,무,,14,0
A10024353,철골철근콘크리트구조,750,단일계약,위탁관리,5,184,52,,"관리사무소, 어린이놀이터, 자전거보관소",14,2
A10022537,,,,위탁관리,6,0,,,,17,2
A15776003,철골철근콘크리트구조,400,종합계약,위탁관리,3,113,16,무,"관리사무소, 노인정, 어린이놀이터, 휴게시설, 자전거보관소",15,2
A15776004,철골철근콘크리트구조,700,단일계약,위탁관리,3,108,26,,"관리사무소, 노인정, 어린이놀이터, 자전거보관소",15,2
A10023543,철골철근콘크리트구조,1200,종합계약,위탁관리,5,213,88,무,"관리사무소, 노인정, 주민공동시설, 어린이놀이터, 커뮤니티공간, 자전거보관소",20,3
A10022233,,,,,0,0,,,,15,2
A15703308,철근콘크리트구조,2000,단일계약,위탁관리,14,615,78,무,"관리사무소, 노인정, 주민공동시설, 어린이놀이터, 자전거보관소",15,0
A15703301,철근콘크리트구조,285,기타,위탁관리,5,176,32,무,"관리사무소, 노인정, 보육시설, 어린이놀이터, 휴게시설, 자전거보관소",15,1
A15703204,철근콘크리트구조,5350,단일계약,위탁관리,45,2696,289,무,"관리사무소, 노인정, 주민공동시설, 어린이놀이터, 커뮤니티공간, 자전거보관소",20,0
A15703002,철근콘크리트구조,900,종합계약,위탁관리,5,293,44,무,"관리사무소, 노인정, 주민공동시설, 어린이놀이터, 자전거보관소",19,2
A15703005,철근콘크리트구조,1060,종합계약,위탁관리,7,244,62,무,"관리사무소, 노인정, 보육시설, 주민공동시설, 어린이놀이터",15,2
A15783703,철근콘크리트구조,1027,단일계약,위탁관리,7,315,54,무,"관리사무소, 노인정, 주민공동시설, 어린이놀이터, 휴게시설, 커뮤니티공간, 자전거보관소, 기타",16,0
A15703307,철근콘크리트구조,2150,단일계약,위탁관리,18,897,150,유,"관리사무소, 노인정, 어린이놀이터, 유치원",20,1
A15703302,철근콘크리트구조,1760,종합계약,관리방식미정,14,796,61,무,"관리사무소, 노인정, 어린이놀이터, 자전거보관소",17,1
A10022348,철골철근콘크리트구조,400,단일계약,위탁관리,3,128,23,무,"관리사무소, 노인정, 어린이놀이터, 자전거보관소",15,1
A15783806,철근콘크리트구조,800,종합계약,위탁관리,7,342,50,무,"관리사무소, 노인정, 어린이놀이터, 자전거보관소",20,2
A15703303,철근콘크리트구조,1500,종합계약,위탁관리,20,518,80,무,"관리사무소, 노인정, 어린이놀이터, 휴게시설, 자전거보관소",13,1
A15703004,기타콘크리트구조,1600,단일계약,위탁관리,13,759,78,무,"관리사무소, 노인정, 어린이놀이터, 자전거보관소",15,1
A15783905,철근콘크리트구조,850,단일계약,위탁관리,7,254,47,무,"관리사무소, 노인정, 어린이놀이터, 자전거보관소",19,1
A15784008,철근콘크리트구조,950,단일계약,위탁관리,13,455,101,무,"관리사무소, 노인정, 어린이놀이터, 자전거보관소",19,2
A15772901,철근콘크리트구조,109,단일계약,위탁관리,5,81,16,무,"관리사무소, 보육시설, 어린이놀이터, 자전거보관소",14,0
A15772902,철근콘크리트구조,105,단일계약,위탁관리,4,72,16,무,,14,0
A10021139,철골철근콘크리트구조,782,종합계약,위탁관리,5,146,48,유,"관리사무소, 노인정, 어린이놀이터, 자전거보관소, 기타",15,1
A15783701,철근콘크리트구조,550,단일계약,위탁관리,4,198,35,유,"관리사무소, 노인정, 어린이놀이터, 자전거보관소",17,2
A15703306,철근콘크리트구조,450,단일계약,위탁관리,7,385,54,무,"관리사무소, 노인정, 자전거보관소",15,1
A15703318,철근콘크리트구조,750,종합계약,위탁관리,12,292,57,무,"관리사무소, 노인정, 보육시설, 어린이놀이터, 커뮤니티공간, 자전거보관소",12,1
A15703313,철근콘크리트구조,1000,단일계약,위탁관리,22,327,61,무,"관리사무소, 노인정, 보육시설, 주민공동시설, 어린이놀이터, 휴게시설, 커뮤니티공간, 자전거보관소",15,0
A15703304,철근콘크리트구조,150,종합계약,위탁관리,6,198,43,무,"관리사무소, 노인정, 보육시설, 어린이놀이터, 휴게시설, 자전거보관소",15,0
A15776414,철근콘크리트구조,500,기타,위탁관리,20,340,63,무,"관리사무소, 노인정, 보육시설, 주민공동시설, 어린이놀이터, 휴게시설, 커뮤니티공간, 자전거보관소",15,0
A15703309,철근콘크리트구조,1900,단일계약,위탁관리,14,646,89,무,"관리사무소, 노인정, 어린이놀이터, 자전거보관소",15,0
A15776617,철근콘크리트구조,380,기타,위탁관리,7,246,47,무,"관리사무소, 노인정, 어린이놀이터, 자전거보관소",15,0
A15776715,철근콘크리트구조,1000,단일계약,위탁관리,15,260,47,무,"관리사무소, 노인정, 보육시설, 어린이놀이터, 휴게시설, 자전거보관소",15,0
A15776916,철근콘크리트구조,814,단일계약,위탁관리,18,331,52,유,"관리사무소, 노인정, 어린이놀이터, 커뮤니티공간, 자전거보관소",15,0
A15784003,철근콘크리트구조,550,단일계약,위탁관리,4,191,36,무,,19,2
A15783902,철근콘크리트구조,750,단일계약,위탁관리,4,181,32,무,"관리사무소, 노인정, 어린이놀이터, 자전거보관소, 기타",20,2
A15784402,철근콘크리트구조,490,기타,위탁관리,9,212,44,무,"관리사무소, 노인정, 어린이놀이터",10,1
A15784201,철근콘크리트구조,930,종합계약,위탁관리,5,165,32,무,"관리사무소, 노인정, 어린이놀이터, 자전거보관소",17,1
A10024768,철골콘크리트구조,1450,종합계약,위탁관리,2,106,85,유,"관리사무소, 문고, 주민공동시설, 휴게시설, 커뮤니티공간, 자전거보관소",17,3
A10023934,철근콘크리트구조,1400,종합계약,위탁관리,3,101,64,유,"관리사무소, 커뮤니티공간, 자전거보관소",14,2
A10023075,철근콘크리트구조,1805,종합계약,위탁관리,4,148,0,무,,19,2
A15703001,철근콘크리트구조,800,단일계약,위탁관리,6,210,35,유,"관리사무소, 노인정, 어린이놀이터, 자전거보관소",15,1
A15783907,철근콘크리트구조,900,단일계약,위탁관리,20,351,77,유,"관리사무소, 노인정, 어린이놀이터, 휴게시설, 자전거보관소",19,2
A10022928,철골철근콘크리트구조,2240,종합계약,위탁관리,32,636,260,유,"관리사무소, 보육시설, 문고, 어린이놀이터, 휴게시설, 커뮤니티공간, 자전거보관소",25,2
A10020155,,,,,0,0,,,,,
A15701007,철근콘크리트구조,16250,종합계약,위탁관리,77,4418,1045,유,"관리사무소, 노인정, 보육시설, 문고, 주민공동시설, 어린이놀이터, 휴게시설, 커뮤니티공간, 자전거보관소",21,3
A15770102,철근콘크리트구조,,,,8,0,,,,18,7
A10021529,,,,,0,0,,,,3,0
A15701601,철근콘크리트구조,1200,단일계약,위탁관리,10,262,51,무,"관리사무소, 노인정",12,2
A15701602,철근콘크리트구조,4550,종합계약,위탁관리,31,1959,251,유,"관리사무소, 노인정, 보육시설, 주민공동시설, 어린이놀이터, 자전거보관소",25,2
A10023515,철근콘크리트구조,3750,종합계약,위탁관리,50,815,312,유,"관리사무소, 노인정, 보육시설, 주민공동시설, 어린이놀이터, 휴게시설, 커뮤니티공간, 자전거보관소",15,2
A15701003,기타철골철근콘크리트구조,7500,단일계약,위탁관리,71,3250,640,무,"관리사무소, 노인정, 보육시설, 문고, 어린이놀이터, 자전거보관소",23,2
A15701002,철근콘크리트구조,1168,단일계약,위탁관리,9,265,68,무,"관리사무소, 노인정, 주민공동시설, 어린이놀이터, 자전거보관소",15,2
A10024145,철골철근콘크리트구조,1150,종합계약,위탁관리,7,260,160,유,"관리사무소, 주민공동시설, 어린이놀이터, 휴게시설, 커뮤니티공간, 자전거보관소",15,3
A15701004,철근콘크리트구조,1350,단일계약,위탁관리,11,280,55,무,"관리사무소, 노인정, 자전거보관소",15,3
A10020494,,,,,0,0,,,,15,0
A10024391,철골철근콘크리트구조,882,단일계약,위탁관리,10,169,31,무,"관리사무소, 노인정, 주민공동시설, 어린이놀이터",15,3
A10021232,철골철근콘크리트구조,292,기타,,0,49,8,무,"관리사무소, 커뮤니티공간",4,0
A15770101,철근콘크리트구조,1060,단일계약,위탁관리,7,220,29,무,,15,1
A15788302,철근콘크리트구조,1200,단일계약,위탁관리,14,361,60,무,"관리사무소, 노인정, 어린이놀이터, 자전거보관소",15,0
A10022019,철근콘크리트구조,960,종합계약,위탁관리,5,160,74,유,"관리사무소, 주민공동시설, 어린이놀이터, 휴게시설, 자전거보관소",13,3
A15788901,철근콘크리트구조,1010,단일계약,위탁관리,5,149,32,무,"관리사무소, 노인정, 어린이놀이터, 휴게시설",13,1
A15791001,철근콘크리트구조,900,단일계약,위탁관리,5,265,37,무,관리사무소,13,3
A15788203,철근콘크리트구조,950,단일계약,위탁관리,7,163,26,무,"관리사무소, 어린이놀이터",12,0
A15770801,철근콘크리트구조,1700,단일계약,위탁관리,14,424,64,무,"관리사무소, 노인정, 보육시설, 주민공동시설, 어린이놀이터, 커뮤니티공간",12,1
A15792602,철근콘크리트구조,7800,단일계약,위탁관리,80,4190,640,유,"관리사무소, 노인정, 문고, 주민공동시설, 어린이놀이터, 유치원, 커뮤니티공간, 자전거보관소",15,3
A10021290,철골철근콘크리트구조,575,종합계약,위탁관리,0,134,25,유,"관리사무소, 노인정, 자전거보관소",12,1
A15780605,철근콘크리트구조,2200,단일계약,위탁관리,21,873,96,무,"관리사무소, 보육시설, 어린이놀이터, 유치원",15,0
A15780704,철근콘크리트구조,2050,단일계약,위탁관리,23,619,82,무,"관리사무소, 노인정, 보육시설, 어린이놀이터, 휴게시설, 유치원, 자전거보관소",15,0
A15780705,철근콘크리트구조,1000,기타,위탁관리,25,448,157,무,"관리사무소, 노인정, 주민공동시설, 어린이놀이터, 유치원, 자전거보관소",15,0
A15780806,철골콘크리트구조,1150,기타,위탁관리,34,596,145,무,"관리사무소, 노인정, 어린이놀이터, 휴게시설, 유치원, 자전거보관소",15,1
A15780905,철근콘크리트구조,2300,단일계약,위탁관리,19,677,99,무,"관리사무소, 노인정, 어린이놀이터, 자전거보관소",15,1
A15774708,철근콘크리트구조,1200,단일계약,위탁관리,24,471,71,무,"관리사무소, 노인정, 보육시설, 어린이놀이터",15,0
A15781002,철근콘크리트구조,600,기타,위탁관리,11,254,66,유,"관리사무소, 노인정, 어린이놀이터, 자전거보관소",15,1
A15781003,철근콘크리트구조,300,기타,위탁관리,12,326,32,무,"관리사무소, 노인정, 어린이놀이터, 유치원, 자전거보관소",15,1
A15780401,철근콘크리트구조,1700,단일계약,위탁관리,17,652,82,무,"관리사무소, 노인정, 보육시설, 주민공동시설, 어린이놀이터, 휴게시설, 자전거보관소",22,3
A15780703,철근콘크리트구조,1850,단일계약,위탁관리,18,849,114,무,"관리사무소, 노인정, 주민공동시설, 어린이놀이터, 휴게시설, 유치원, 자전거보관소",15,1
A15780904,철근콘크리트구조,600,기타,위탁관리,14,447,103,무,"관리사무소, 노인정, 주민공동시설, 어린이놀이터, 유치원, 자전거보관소",15,1
A10024367,철근콘크리트구조,685,종합계약,위탁관리,3,124,26,,"관리사무소, 노인정, 어린이놀이터, 휴게시설",19,0
A15780603,철근콘크리트구조,2020,단일계약,위탁관리,22,1075,152,무,"관리사무소, 노인정, 어린이놀이터, 휴게시설",15,1
A10025616,철골콘크리트구조,500,종합계약,위탁관리,4,122,17,,"관리사무소, 노인정, 어린이놀이터",19,2
A10021511,철골콘크리트구조,625,종합계약,위탁관리,4,137,25,유,"관리사무소, 노인정, 어린이놀이터",19,2
A15780002,철근콘크리트구조,1450,단일계약,위탁관리,14,382,78,무,"관리사무소, 노인정, 어린이놀이터, 자전거보관소",15,0
A15720101,철근콘크리트구조,22900,단일계약,위탁관리,6,193,35,무,"관리사무소, 어린이놀이터, 자전거보관소",15,1
A15780701,철근콘크리트구조,1050,종합계약,위탁관리,6,324,80,무,"관리사무소, 노인정, 주민공동시설, 휴게시설",17,2
A15780602,철근콘크리트구조,950,종합계약,위탁관리,13,298,55,무,"관리사무소, 노인정, 어린이놀이터, 자전거보관소",18,3
A10021562,철골철근콘크리트구조,700,단일계약,위탁관리,4,183,36,유,"관리사무소, 어린이놀이터, 자전거보관소",15,1
A15720001,철근콘크리트구조,5500,단일계약,위탁관리,20,1213,244,유,"관리사무소, 노인정, 보육시설, 문고, 주민공동시설, 어린이놀이터, 커뮤니티공간, 자전거보관소",22,2
A15780604,철근콘크리트구조,2400,종합계약,위탁관리,33,1074,127,유,"관리사무소, 노인정, 주민공동시설, 어린이놀이터, 자전거보관소",15,1
A10026879,철골철근콘크리트구조,5000,단일계약,위탁관리,84,1687,706,유,"관리사무소, 노인정, 보육시설, 문고, 주민공동시설, 어린이놀이터, 휴게시설, 유치원, 커뮤니티공간, 자전거보관소",16,2
A15721001,철근콘크리트구조,800,단일계약,위탁관리,6,223,38,무,"관리사무소, 노인정, 어린이놀이터, 휴게시설, 커뮤니티공간, 자전거보관소",15,1
A10021574,철근콘크리트구조,109,단일계약,위탁관리,7,111,16,무,"관리사무소, 보육시설, 어린이놀이터, 자전거보관소",10,0
A15721005,철근콘크리트구조,1334,종합계약,위탁관리,16,541,145,유,"관리사무소, 노인정, 주민공동시설, 어린이놀이터, 자전거보관소",17,2
A15721003,철근콘크리트구조,200,기타,위탁관리,6,209,48,무,"관리사무소, 노인정, 어린이놀이터, 자전거보관소",15,0
A10027452,철근콘크리트구조,1400,단일계약,위탁관리,18,570,195,유,"관리사무소, 노인정, 보육시설, 문고, 주민공동시설, 어린이놀이터, 휴게시설, 커뮤니티공간, 자전거보관소",16,2
A10027371,철골철근콘크리트구조,1500,단일계약,위탁관리,12,360,128,유,"관리사무소, 노인정, 보육시설, 문고, 주민공동시설, 어린이놀이터, 자전거보관소",15,2
A10027403,철근콘크리트구조,1700,단일계약,위탁관리,13,377,145,유,"관리사무소, 노인정, 보육시설, 문고, 주민공동시설, 어린이놀이터, 커뮤니티공간, 자전거보관소",15,2
A15721010,철근콘크리트구조,4420,종합계약,위탁관리,40,1449,397,유,"관리사무소, 노인정, 보육시설, 문고, 주민공동시설, 어린이놀이터, 휴게시설, 커뮤니티공간, 자전거보관소",16,2
A15728011,철골철근콘크리트구조,3200,종합계약,위탁관리,37,1311,346,유,"관리사무소, 노인정, 보육시설, 주민공동시설, 어린이놀이터, 휴게시설, 커뮤니티공간, 자전거보관소, 기타",16,2
A15721009,철근콘크리트구조,1500,종합계약,위탁관리,17,584,183,유,"관리사무소, 노인정, 보육시설, 문고, 주민공동시설, 어린이놀이터, 휴게시설, 자전거보관소",14,2
A15721011,철골철근콘크리트구조,1850,단일계약,위탁관리,15,504,175,유,"관리사무소, 노인정, 보육시설, 주민공동시설, 어린이놀이터, 휴게시설, 커뮤니티공간, 자전거보관소",15,2
A15721008,철근콘크리트구조,1800,단일계약,위탁관리,17,594,180,유,,15,3
A15722010,철근콘크리트구조,2530,종합계약,위탁관리,20,644,184,유,"관리사무소, 노인정, 보육시설, 주민공동시설, 어린이놀이터, 휴게시설, 커뮤니티공간, 자전거보관소, 기타",15,2
A15721006,철근콘크리트구조,5000,단일계약,위탁관리,48,1822,462,유,"관리사무소, 노인정, 보육시설, 주민공동시설, 어린이놀이터, 휴게시설, 커뮤니티공간, 자전거보관소",16,2
A15721007,철골콘크리트구조,3600,종합계약,위탁관리,33,1631,347,유,"관리사무소, 노인정, 보육시설, 문고, 주민공동시설, 어린이놀이터, 휴게시설, 유치원, 커뮤니티공간, 자전거보관소, 기타",16,0
A10027433,철골철근콘크리트구조,1800,종합계약,위탁관리,20,633,266,유,"관리사무소, 노인정, 보육시설, 주민공동시설, 어린이놀이터, 커뮤니티공간, 자전거보관소",15,2
A10024426,철근콘크리트구조,4450,단일계약,위탁관리,40,1765,283,유,"관리사무소, 노인정, 문고, 주민공동시설, 어린이놀이터, 휴게시설, 유치원, 커뮤니티공간, 자전거보관소",16,2
A15721004,철골철근콘크리트구조,750,단일계약,위탁관리,30,293,58,무,"관리사무소, 노인정, 어린이놀이터, 휴게시설, 자전거보관소",15,1
A10027687,철근콘크리트구조,4250,종합계약,위탁관리,25,743,273,유,"관리사무소, 노인정, 보육시설, 문고, 주민공동시설, 어린이놀이터, 커뮤니티공간, 자전거보관소",15,2
A15782501,철골철근콘크리트구조,1150,단일계약,위탁관리,7,247,41,무,"관리사무소, 노인정, 어린이놀이터, 휴게시설, 자전거보관소",15,2
A15779704,철근콘크리트구조,1150,종합계약,위탁관리,9,233,48,무,"관리사무소, 노인정, 어린이놀이터, 자전거보관소",12,1
A15728008,철근콘크리트구조,3920,단일계약,위탁관리,36,1579,142,무,"관리사무소, 노인정, 보육시설, 문고, 주민공동시설, 어린이놀이터, 유치원, 자전거보관소",15,2
A15728004,철골철근콘크리트구조,1500,단일계약,위탁관리,19,710,93,무,"관리사무소, 노인정, 보육시설, 주민공동시설, 어린이놀이터, 휴게시설, 자전거보관소",15,2
A15728003,철근콘크리트구조,2000,단일계약,위탁관리,19,722,43,유,"관리사무소, 노인정, 보육시설, 문고, 주민공동시설, 어린이놀이터, 휴게시설, 유치원, 자전거보관소",15,2
A15728006,철근콘크리트구조,2450,단일계약,위탁관리,31,1005,207,무,"관리사무소, 노인정, 보육시설, 문고, 어린이놀이터, 휴게시설, 자전거보관소",15,2
A15728007,철근콘크리트구조,2409,단일계약,위탁관리,34,1010,177,유,"관리사무소, 노인정, 보육시설, 주민공동시설, 어린이놀이터, 자전거보관소",15,2
A15728002,철골철근콘크리트구조,1260,단일계약,위탁관리,13,441,83,유,"관리사무소, 노인정, 보육시설, 주민공동시설, 어린이놀이터, 자전거보관소",13,2
A15728005,철근콘크리트구조,1500,단일계약,위탁관리,19,712,90,무,"관리사무소, 노인정, 보육시설, 문고, 주민공동시설, 어린이놀이터, 휴게시설, 유치원, 자전거보관소",13,2
A10021698,철골철근콘크리트구조,500,단일계약,,0,149,55,무,"관리사무소, 보육시설, 어린이놀이터, 휴게시설",4,1
A10020618,철근콘크리트구조,2750,종합계약,위탁관리,9,401,364,유,"관리사무소, 주민공동시설, 휴게시설, 커뮤니티공간, 자전거보관소",17,4
A15728013,철근콘크리트구조,575,단일계약,위탁관리,3,129,17,무,"관리사무소, 어린이놀이터, 자전거보관소",15,2
A15728010,철근콘크리트구조,950,종합계약,위탁관리,5,178,48,무,"관리사무소, 어린이놀이터, 휴게시설, 자전거보관소",15,1
A15728009,철근콘크리트구조,8000,단일계약,위탁관리,64,2702,432,유,"관리사무소, 노인정, 보육시설, 주민공동시설, 어린이놀이터, 휴게시설, 커뮤니티공간, 자전거보관소",21,2
A15781201,철골콘크리트구조,1650,종합계약,위탁관리,10,244,98,유,"관리사무소, 노인정, 어린이놀이터, 휴게시설, 자전거보관소",15,2
A10022156,,,,,0,0,,,,14,2
A10028020,철근콘크리트구조,500,단일계약,위탁관리,3,119,29,유,"관리사무소, 노인정, 어린이놀이터, 자전거보관소",16,2
A10021866,철골콘크리트구조,750,종합계약,위탁관리,7,159,80,무,,15,2
A15722102,철근콘크리트구조,960,단일계약,위탁관리,16,215,36,무,"관리사무소, 노인정, 어린이놀이터, 휴게시설, 자전거보관소",15,1
A15722005,철근콘크리트구조,1300,단일계약,위탁관리,14,366,58,유,"관리사무소, 노인정, 어린이놀이터",15,1
A10025641,철근콘크리트구조,450,단일계약,위탁관리,2,137,38,무,"관리사무소, 노인정, 어린이놀이터, 자전거보관소",15,15
A15722001,철근콘크리트구조,550,단일계약,위탁관리,7,220,32,,"관리사무소, 노인정, 어린이놀이터, 자전거보관소",15,1
A15722306,철근콘크리트구조,1250,단일계약,위탁관리,9,286,59,무,"관리사무소, 노인정, 어린이놀이터, 휴게시설, 자전거보관소, 기타",16,2
A15722201,철근콘크리트구조,700,단일계약,위탁관리,7,229,32,무,"관리사무소, 노인정, 어린이놀이터, 기타",13,2
A10021419,철근콘크리트구조,364,단일계약,위탁관리,5,155,96,유,,16,2
A15722003,철근콘크리트구조,900,종합계약,위탁관리,11,332,59,무,"관리사무소, 노인정, 어린이놀이터, 자전거보관소",15,2
A15722106,철근콘크리트구조,1040,단일계약,위탁관리,12,367,55,무,"관리사무소, 노인정, 어린이놀이터, 자전거보관소",15,1
A15777501,철근콘크리트구조,400,기타,위탁관리,11,422,93,무,"관리사무소, 노인정, 어린이놀이터",15,1
A15722104,철근콘크리트구조,800,단일계약,위탁관리,7,209,32,무,"관리사무소, 노인정, 주민공동시설, 어린이놀이터, 자전거보관소",15,2
A15722004,철근콘크리트구조,1850,단일계약,위탁관리,14,440,127,유,"관리사무소, 노인정, 주민공동시설, 어린이놀이터, 자전거보관소",12,1
A15785703,철근콘크리트구조,850,단일계약,위탁관리,6,208,41,무,"관리사무소, 노인정, 어린이놀이터, 자전거보관소",15,2
A15785507,철근콘크리트구조,1300,단일계약,위탁관리,13,317,62,무,"관리사무소, 노인정, 어린이놀이터, 자전거보관소",15,0
A15784601,철근콘크리트구조,800,단일계약,위탁관리,6,237,64,무,"관리사무소, 노인정, 어린이놀이터, 자전거보관소",15,3
A15785005,철근콘크리트구조,350,단일계약,위탁관리,12,247,90,무,"관리사무소, 노인정, 어린이놀이터",15,0
A15722307,철근콘크리트구조,200,단일계약,위탁관리,5,239,18,무,"관리사무소, 노인정, 주민공동시설, 어린이놀이터, 휴게시설, 커뮤니티공간, 자전거보관소",15,0
A15785711,철근콘크리트구조,300,기타,위탁관리,14,335,70,무,"관리사무소, 노인정, 보육시설, 어린이놀이터, 자전거보관소, 기타",15,0
A15722314,철근콘크리트구조,870,기타,위탁관리,40,384,162,무,"관리사무소, 노인정, 보육시설, 주민공동시설, 어린이놀이터, 휴게시설, 자전거보관소",15,0
A15785002,철근콘크리트구조,900,단일계약,위탁관리,9,206,49,유,"관리사무소, 노인정, 어린이놀이터, 자전거보관소",15,2
A15785710,철근콘크리트구조,2150,단일계약,위탁관리,23,986,146,무,"관리사무소, 노인정, 주민공동시설, 어린이놀이터, 휴게시설, 자전거보관소",15,2
A15785613,철근콘크리트구조,1950,단일계약,위탁관리,18,562,88,무,"관리사무소, 노인정, 어린이놀이터, 휴게시설, 유치원, 자전거보관소",13,0
A15785612,철근콘크리트구조,300,종합계약,위탁관리,12,254,72,유,"관리사무소, 노인정, 보육시설, 어린이놀이터, 휴게시설, 자전거보관소",13,0
A15785605,철근콘크리트구조,388,종합계약,위탁관리,3,92,37,무,"관리사무소, 노인정, 어린이놀이터, 자전거보관소",9,0
A15722011,철근콘크리트구조,380,단일계약,위탁관리,4,77,16,무,"관리사무소, 어린이놀이터, 자전거보관소",10,1
A15785608,철근콘크리트구조,1629,단일계약,위탁관리,19,634,134,유,"관리사무소, 노인정, 어린이놀이터, 커뮤니티공간, 자전거보관소",13,0
A15722204,벽돌구조,980,단일계약,위탁관리,12,322,46,무,"관리사무소, 노인정, 어린이놀이터, 자전거보관소",15,1
A15722108,철근콘크리트구조,2200,단일계약,위탁관리,26,540,64,유,"관리사무소, 노인정, 어린이놀이터, 자전거보관소",16,2
A15778101,철근콘크리트구조,1675,단일계약,위탁관리,26,877,96,무,"관리사무소, 노인정, 주민공동시설, 어린이놀이터, 휴게시설, 유치원, 자전거보관소",14,0
A15722007,철근콘크리트구조,870,단일계약,위탁관리,5,190,36,무,"관리사무소, 노인정, 어린이놀이터, 자전거보관소",13,0
A10021043,,,,,0,0,,,,15,1
A15722203,철근콘크리트구조,970,종합계약,위탁관리,6,177,56,무,"관리사무소, 노인정, 어린이놀이터",15,0
A15773501,철근콘크리트구조,1000,단일계약,위탁관리,11,288,57,유,"관리사무소, 노인정, 어린이놀이터",14,1
A15785601,철근콘크리트구조,735,종합계약,위탁관리,8,166,32,무,"관리사무소, 노인정, 어린이놀이터, 자전거보관소",10,1
A15785709,철근콘크리트구조,337,단일계약,위탁관리,7,309,32,무,"관리사무소, 노인정, 어린이놀이터",15,0
A10024505,철근콘크리트구조,1350,종합계약,위탁관리,6,300,131,유,"관리사무소, 노인정, 주민공동시설, 어린이놀이터, 커뮤니티공간, 자전거보관소",16,3
A15722304,철근콘크리트구조,900,단일계약,위탁관리,9,224,48,유,"관리사무소, 노인정, 어린이놀이터",15,0
A15288808,철골콘크리트구조,1900,종합계약,위탁관리,6,386,73,무,"관리사무소, 어린이놀이터, 휴게시설, 커뮤니티공간, 자전거보관소",29,3
A15288812,철근콘크리트구조,3250,단일계약,위탁관리,19,1484,107,무,"관리사무소, 노인정, 문고, 주민공동시설, 어린이놀이터, 커뮤니티공간, 자전거보관소",25,2
A15288814,철근콘크리트구조,5050,종합계약,위탁관리,47,2784,174,유,"관리사무소, 노인정, 보육시설, 주민공동시설, 어린이놀이터, 휴게시설, 자전거보관소",27,2
A15288802,철근콘크리트구조,1082,종합계약,관리방식미정,5,249,63,유,,22,2
A15288805,철근콘크리트구조,2220,단일계약,위탁관리,10,411,77,무,"관리사무소, 노인정, 주민공동시설, 어린이놀이터, 휴게시설, 자전거보관소",23,2
A15288807,철근콘크리트구조,1500,단일계약,위탁관리,9,562,64,무,"관리사무소, 노인정, 주민공동시설, 어린이놀이터, 자전거보관소",25,2
A15288813,철근콘크리트구조,3050,단일계약,위탁관리,22,1511,104,무,"관리사무소, 노인정, 보육시설, 어린이놀이터, 유치원, 자전거보관소",27,3
A15288809,철근콘크리트구조,2000,단일계약,위탁관리,13,779,121,무,"관리사무소, 노인정, 보육시설, 주민공동시설, 어린이놀이터, 휴게시설, 자전거보관소",26,3
A15288810,철근콘크리트구조,2950,단일계약,위탁관리,32,1057,144,무,"관리사무소, 노인정, 보육시설, 주민공동시설, 어린이놀이터, 자전거보관소",27,3
A15277302,철골철근콘크리트구조,6250,종합계약,위탁관리,12,862,407,무,"관리사무소, 노인정, 보육시설, 문고, 주민공동시설, 어린이놀이터, 휴게시설, 커뮤니티공간, 자전거보관소",51,7
A15288611,철근콘크리트구조,1950,단일계약,위탁관리,7,540,57,무,"관리사무소, 노인정, 어린이놀이터, 휴게시설, 유치원, 자전거보관소",13,1
A10020771,,,,,0,0,,,,10,2
A10028063,철골철근콘크리트구조,1150,종합계약,위탁관리,5,190,69,무,"관리사무소, 노인정, 보육시설, 주민공동시설, 커뮤니티공간, 자전거보관소",27,2
A15288806,철근콘크리트구조,1250,단일계약,위탁관리,14,252,20,무,"관리사무소, 노인정, 어린이놀이터",15,0
A15288804,철근콘크리트구조,1160,단일계약,위탁관리,10,181,49,무,"관리사무소, 노인정, 어린이놀이터, 자전거보관소",15,0
A15288801,철근콘크리트구조,217,단일계약,위탁관리,2,136,26,무,"관리사무소, 노인정, 어린이놀이터",11,1
A15288803,철근콘크리트구조,795,단일계약,위탁관리,5,212,46,무,"관리사무소, 노인정, 주민공동시설, 어린이놀이터, 자전거보관소",18,1
A10022406,,,,,0,0,,,,17,0
A10020550,철골콘크리트구조,1500,종합계약,위탁관리,3,150,50,유,,16,4
A15283807,철근콘크리트구조,1830,단일계약,위탁관리,5,342,76,무,"관리사무소, 노인정, 어린이놀이터, 자전거보관소",31,3
A15284101,철근콘크리트구조,600,단일계약,위탁관리,2,194,23,무,"관리사무소, 휴게시설, 자전거보관소",23,5
A15285004,철근콘크리트구조,950,단일계약,위탁관리,9,258,46,무,"관리사무소, 노인정, 어린이놀이터",11,1
A15283803,철근콘크리트구조,650,단일계약,위탁관리,2,127,32,무,"관리사무소, 노인정, 보육시설",22,4
A15283806,철근콘크리트구조,884,단일계약,위탁관리,4,221,24,무,"관리사무소, 노인정, 보육시설, 어린이놀이터, 자전거보관소",24,3
A15284302,철근콘크리트구조,1535,단일계약,위탁관리,6,225,90,무,"관리사무소, 노인정, 어린이놀이터, 자전거보관소",23,4
A15205405,철골철근콘크리트구조,3500,단일계약,위탁관리,19,814,101,무,"관리사무소, 노인정, 보육시설, 주민공동시설, 어린이놀이터, 유치원, 자전거보관소",25,3
A15205305,철근콘크리트구조,3040,단일계약,위탁관리,14,585,127,유,"관리사무소, 노인정, 보육시설, 주민공동시설, 어린이놀이터, 자전거보관소",21,2
A15205002,철근콘크리트구조,1100,단일계약,위탁관리,5,136,39,무,,21,2
A15284603,철근콘크리트구조,1100,단일계약,위탁관리,5,246,32,무,"관리사무소, 노인정, 어린이놀이터, 휴게시설, 유치원, 자전거보관소",15,1
A15285503,철근콘크리트구조,0,기타,,0,340,1,무,"관리사무소, 노인정",5,0
A15284906,철근콘크리트구조,4000,단일계약,위탁관리,27,1470,170,유,"관리사무소, 노인정, 보육시설, 어린이놀이터, 자전거보관소, 기타",25,2
A15284305,철근콘크리트구조,1050,단일계약,위탁관리,6,224,40,무,"관리사무소, 노인정, 보육시설, 어린이놀이터, 자전거보관소",24,3
A15284204,철골콘크리트구조,900,단일계약,위탁관리,2,163,17,무,"관리사무소, 자전거보관소",17,5
A15205301,철근콘크리트구조,850,단일계약,위탁관리,8,252,60,무,"관리사무소, 노인정, 어린이놀이터, 휴게시설, 자전거보관소, 기타",15,1
A10022146,,,,,0,0,,,,16,0
A10023471,철골철근콘크리트구조,3200,종합계약,위탁관리,5,255,181,무,"관리사무소, 주민공동시설, 휴게시설",20,4
A15286801,철근콘크리트구조,745,단일계약,위탁관리,4,203,26,무,"관리사무소, 노인정, 보육시설, 어린이놀이터, 자전거보관소",15,2
A15283809,철근콘크리트구조,945,단일계약,위탁관리,8,288,26,무,"관리사무소, 노인정, 보육시설, 어린이놀이터, 자전거보관소",15,0
A15205103,철근콘크리트구조,850,단일계약,위탁관리,18,228,49,무,"관리사무소, 노인정, 어린이놀이터, 휴게시설",18,1
A15286602,철근콘크리트구조,500,종합계약,위탁관리,4,197,16,유,"관리사무소, 노인정, 어린이놀이터, 자전거보관소",21,0
A15288002,철근콘크리트구조,1300,단일계약,위탁관리,12,493,85,무,"관리사무소, 노인정, 어린이놀이터, 자전거보관소",23,3
A15286809,철근콘크리트구조,4050,단일계약,위탁관리,34,1082,154,무,"관리사무소, 노인정, 주민공동시설, 어린이놀이터, 자전거보관소",15,0
A15285804,철근콘크리트구조,2100,단일계약,위탁관리,13,617,108,유,"관리사무소, 노인정, 보육시설, 문고, 주민공동시설, 어린이놀이터, 자전거보관소",24,2
A10021345,,,,,0,0,,,,11,0
A15286805,철근콘크리트구조,700,단일계약,위탁관리,3,126,16,무,"관리사무소, 노인정, 어린이놀이터, 휴게시설, 자전거보관소",15,0
A15205303,철근콘크리트구조,1900,단일계약,위탁관리,12,498,106,유,"관리사무소, 노인정, 어린이놀이터, 자전거보관소, 기타",19,0
A15205104,철골철근콘크리트구조,1750,단일계약,위탁관리,11,539,79,무,"관리사무소, 노인정, 주민공동시설, 어린이놀이터, 휴게시설, 커뮤니티공간, 자전거보관소",22,2
A15288004,철근콘크리트구조,1065,단일계약,위탁관리,10,359,17,무,"관리사무소, 노인정, 어린이놀이터, 자전거보관소",15,1
A15286802,철근콘크리트구조,1111,종합계약,위탁관리,10,158,30,무,"관리사무소, 노인정, 어린이놀이터",15,0
A15286807,철근콘크리트구조,1750,단일계약,위탁관리,22,450,90,무,"관리사무소, 노인정, 어린이놀이터, 유치원, 자전거보관소",15,0
A10021077,,,,,0,0,,,,17,0
A15205108,철근콘크리트구조,2250,단일계약,위탁관리,16,811,122,무,"관리사무소, 노인정, 보육시설, 주민공동시설, 어린이놀이터, 자전거보관소",25,2
A10021330,철골철근콘크리트구조,600,종합계약,위탁관리(직영+위탁),4,124,31,무,"관리사무소, 노인정, 어린이놀이터, 자전거보관소",15,0
A10021832,철골철근콘크리트구조,800,종합계약,위탁관리,4,149,37,,"관리사무소, 노인정, 어린이놀이터, 휴게시설, 자전거보관소",15,1
A10027493,철골철근콘크리트구조,630,단일계약,위탁관리,3,101,12,무,"관리사무소, 노인정, 어린이놀이터, 자전거보관소, 기타",15,2
A10022110,,,,,0,0,,,,20,2
A10021636,철골철근콘크리트구조,700,종합계약,위탁관리,4,169,47,무,,19,0
A15205508,철골철근콘크리트구조,2250,단일계약,위탁관리,7,496,139,유,"관리사무소, 문고, 주민공동시설, 어린이놀이터, 휴게시설, 커뮤니티공간, 자전거보관소",36,0
A15283902,철근콘크리트구조,895,단일계약,위탁관리,6,180,38,무,"관리사무소, 노인정, 어린이놀이터",15,0
A15205511,철근콘크리트구조,3000,단일계약,위탁관리,18,888,124,무,"관리사무소, 노인정, 어린이놀이터, 유치원, 자전거보관소",23,1
A15283801,철골철근콘크리트구조,990,종합계약,위탁관리,6,258,56,무,"관리사무소, 어린이놀이터, 자전거보관소",32,4
A15270501,철골철근콘크리트구조,890,단일계약,위탁관리,3,121,24,유,"관리사무소, 노인정, 보육시설, 어린이놀이터, 자전거보관소",21,2
A15205513,철근콘크리트구조,3950,단일계약,위탁관리,26,1990,82,유,"관리사무소, 노인정, 어린이놀이터, 자전거보관소",27,2
A15286210,철근콘크리트구조,1860,종합계약,위탁관리,11,379,110,무,"관리사무소, 노인정, 어린이놀이터, 자전거보관소",21,2
A15205001,철근콘크리트구조,836,단일계약,위탁관리,5,223,35,무,"관리사무소, 노인정, 어린이놀이터, 자전거보관소",21,1
A10021214,철골철근콘크리트구조,682,단일계약,위탁관리,5,115,32,무,,15,1
A15286806,철근콘크리트구조,1070,단일계약,위탁관리,10,408,86,무,,15,0
A10027507,철골철근콘크리트구조,290,종합계약,위탁관리,2,92,14,,"관리사무소, 노인정",15,0
A10020947,철골철근콘크리트구조,960,단일계약,위탁관리,4,120,44,무,"관리사무소, 주민공동시설, 휴게시설, 기타",36,2
A10020359,철골철근콘크리트구조,200,종합계약,위탁관리,5,162,63,유,,7,0
A15279402,철근콘크리트구조,900,단일계약,위탁관리,8,491,80,유,"관리사무소, 노인정, 보육시설, 어린이놀이터, 커뮤니티공간, 자전거보관소",22,2
A15283701,철근콘크리트구조,300,단일계약,위탁관리,4,136,34,무,"관리사무소, 노인정, 어린이놀이터, 자전거보관소, 기타",18,1
A15283603,철근콘크리트구조,1035,단일계약,위탁관리,11,263,32,무,"관리사무소, 노인정, 어린이놀이터, 휴게시설",19,2
A15279404,콘크리트구조,2800,단일계약,위탁관리,22,1179,149,무,"관리사무소, 노인정, 보육시설, 주민공동시설, 어린이놀이터, 휴게시설, 유치원, 자전거보관소",21,4
A15283707,철근콘크리트구조,950,단일계약,위탁관리,14,246,52,무,"관리사무소, 노인정, 어린이놀이터, 자전거보관소",15,0
A15283706,철근콘크리트구조,750,단일계약,위탁관리,8,448,53,유,"관리사무소, 노인정, 어린이놀이터",23,1
A15208005,철근콘크리트구조,950,단일계약,위탁관리,7,207,47,무,"관리사무소, 노인정, 어린이놀이터, 자전거보관소",15,1
A15208006,철근콘크리트구조,2050,단일계약,위탁관리,12,409,100,유,"관리사무소, 노인정, 보육시설, 주민공동시설, 어린이놀이터, 휴게시설, 자전거보관소, 기타",20,2
A15283711,철근콘크리트구조,3250,단일계약,위탁관리,19,1054,188,유,"관리사무소, 노인정, 보육시설, 문고, 주민공동시설, 어린이놀이터, 휴게시설, 유치원, 자전거보관소",25,2
A15208202,철근콘크리트구조,880,단일계약,위탁관리,5,287,52,무,"관리사무소, 노인정, 자전거보관소, 기타",19,0
A15208003,철근콘크리트구조,2500,단일계약,위탁관리,14,671,63,유,"관리사무소, 노인정, 보육시설, 문고, 주민공동시설, 어린이놀이터, 휴게시설, 자전거보관소",24,2
A15282810,철근콘크리트구조,1600,종합계약,위탁관리,17,547,52,유,"관리사무소, 노인정, 어린이놀이터",13,0
A10021933,,,,,0,0,,,,17,4
A10023604,철골콘크리트구조,8700,종합계약,위탁관리,35,1737,854,유,"관리사무소, 노인정, 보육시설, 어린이놀이터, 휴게시설, 자전거보관소",45,3
A10023598,철근콘크리트구조,4000,종합계약,관리방식미정,22,896,302,유,"관리사무소, 노인정, 보육시설, 문고, 주민공동시설, 어린이놀이터, 휴게시설, 커뮤니티공간, 자전거보관소",35,2
A15208201,철근콘크리트구조,800,단일계약,위탁관리,3,169,36,무,"관리사무소, 노인정, 어린이놀이터, 휴게시설, 자전거보관소",16,2
A15283702,철근콘크리트구조,732,단일계약,위탁관리,8,159,36,무,"관리사무소, 노인정, 어린이놀이터, 자전거보관소",13,2
A15282608,철근콘크리트구조,990,단일계약,위탁관리,7,320,52,무,"관리사무소, 노인정, 어린이놀이터, 자전거보관소",11,0
A15208007,철근콘크리트구조,1100,단일계약,위탁관리,5,210,58,유,,20,3
A15283709,철근콘크리트구조,1650,단일계약,위탁관리,10,465,75,무,"관리사무소, 노인정, 어린이놀이터, 휴게시설, 자전거보관소",22,3
A15279401,철근콘크리트구조,400,종합계약,위탁관리,3,107,16,무,"관리사무소, 노인정, 어린이놀이터, 자전거보관소",21,4
A15279403,철근콘크리트구조,2650,단일계약,위탁관리,28,910,238,유,"관리사무소, 노인정, 어린이놀이터",12,2
A15208204,철근콘크리트구조,1250,단일계약,위탁관리,10,434,57,무,"관리사무소, 노인정, 주민공동시설, 어린이놀이터, 자전거보관소",23,2
A15282403,철근콘크리트구조,925,단일계약,위탁관리,6,153,25,무,"관리사무소, 노인정, 어린이놀이터",10,0
A15282405,철골철근콘크리트구조,0,단일계약,,0,200,23,무,,5,1
A15283704,철근콘크리트구조,950,단일계약,위탁관리,8,360,48,무,"관리사무소, 노인정, 어린이놀이터, 커뮤니티공간, 자전거보관소",19,2
A15209007,철근콘크리트구조,4902,단일계약,위탁관리,25,1159,252,유,"관리사무소, 노인정, 보육시설, 문고, 어린이놀이터, 커뮤니티공간, 자전거보관소",25,2
A15280304,철근콘크리트구조,700,단일계약,위탁관리,8,240,43,무,"관리사무소, 노인정, 어린이놀이터, 휴게시설, 자전거보관소",18,0
A15280303,철근콘크리트구조,800,단일계약,위탁관리,7,237,30,무,"관리사무소, 노인정, 보육시설, 어린이놀이터, 자전거보관소",19,0
A15275101,철근콘크리트구조,750,단일계약,위탁관리,6,139,30,무,"관리사무소, 노인정, 어린이놀이터",19,2
A15209006,철골철근콘크리트구조,500,종합계약,위탁관리,3,103,30,유,"관리사무소, 어린이놀이터",18,1
A15209004,철근콘크리트구조,2500,단일계약,위탁관리,16,827,93,무,"관리사무소, 노인정, 어린이놀이터, 자전거보관소",27,2
A10021547,,,,,0,0,,,,11,2
A15209207,조적구조,6100,단일계약,위탁관리,55,3068,376,유,"관리사무소, 노인정, 보육시설, 주민공동시설, 어린이놀이터, 유치원, 커뮤니티공간, 자전거보관소",25,0
A15209203,철근콘크리트구조,1550,단일계약,위탁관리,10,526,80,무,"관리사무소, 노인정, 주민공동시설, 어린이놀이터, 자전거보관소",28,2
A15209202,철근콘크리트구조,1600,단일계약,위탁관리,11,318,52,무,"관리사무소, 노인정, 어린이놀이터",24,3
A15209201,철근콘크리트구조,782,단일계약,위탁관리,4,174,48,무,"관리사무소, 노인정, 어린이놀이터, 휴게시설, 자전거보관소",24,2
A10024745,철근콘크리트구조,7400,종합계약,위탁관리,33,1256,382,유,"관리사무소, 노인정, 보육시설, 문고, 주민공동시설, 어린이놀이터, 휴게시설, 유치원, 커뮤니티공간, 자전거보관소, 기타",35,2
A15282105,철근콘크리트구조,1250,단일계약,위탁관리,7,442,42,유,"관리사무소, 노인정, 어린이놀이터, 휴게시설, 자전거보관소",25,2
A15209002,철근콘크리트구조,6500,단일계약,위탁관리,42,2540,434,유,"관리사무소, 노인정, 보육시설, 주민공동시설, 어린이놀이터, 휴게시설, 유치원, 자전거보관소, 기타",25,2
A15209305,철근콘크리트구조,3400,단일계약,위탁관리,31,1423,208,무,"관리사무소, 노인정, 어린이놀이터, 휴게시설, 자전거보관소, 기타",24,3
A15209206,철근콘크리트구조,2500,단일계약,위탁관리,19,1052,114,유,"관리사무소, 노인정, 보육시설, 주민공동시설, 어린이놀이터, 자전거보관소",28,3
A15209303,철근콘크리트구조,950,단일계약,위탁관리,3,174,48,무,"관리사무소, 노인정, 어린이놀이터, 자전거보관소",25,2
A10020664,,,,,0,0,,,,20,2
A15209205,철근콘크리트구조,1900,종합계약,위탁관리,15,709,79,무,"관리사무소, 노인정, 주민공동시설, 어린이놀이터, 자전거보관소",25,2
A10020672,철근콘크리트구조,3750,종합계약,위탁관리,18,287,235,유,"관리사무소, 주민공동시설, 커뮤니티공간, 자전거보관소",24,3
A15280602,철근콘크리트구조,900,단일계약,위탁관리,4,167,4,무,"관리사무소, 노인정, 보육시설, 주민공동시설, 어린이놀이터, 휴게시설, 자전거보관소",19,0
A10020797,철근콘크리트구조,800,종합계약,위탁관리,4,133,80,유,관리사무소,20,4
A15209304,철근콘크리트구조,1023,종합계약,위탁관리,5,252,112,무,"관리사무소, 노인정, 어린이놀이터, 자전거보관소",25,3
A15209003,철근콘크리트구조,325,단일계약,자치관리,2,114,16,무,"관리사무소, 노인정, 어린이놀이터, 휴게시설, 자전거보관소",15,0
A10021629,,,,,0,0,,,,16,2
A10020958,철골철근콘크리트구조,1800,단일계약,관리방식미정,11,317,169,유,"관리사무소, 노인정, 보육시설, 문고, 주민공동시설, 어린이놀이터, 휴게시설, 커뮤니티공간, 자전거보관소",24,3
A15210207,철골철근콘크리트구조,800,단일계약,위탁관리,8,322,45,무,"관리사무소, 노인정, 어린이놀이터",24,2
A15210103,철근콘크리트구조,500,단일계약,위탁관리,4,240,28,무,"관리사무소, 어린이놀이터, 자전거보관소, 기타",19,3
A10026434,철근콘크리트구조,1950,단일계약,위탁관리,14,423,124,유,"관리사무소, 보육시설, 주민공동시설, 어린이놀이터, 자전거보관소",18,0
A15289508,철근콘크리트구조,0,기타,,0,278,24,무,"관리사무소, 노인정, 어린이놀이터",3,1
A15210206,철근콘크리트구조,860,종합계약,위탁관리,6,177,30,무,"관리사무소, 노인정, 어린이놀이터, 자전거보관소",19,0
A15210211,철근콘크리트구조,2100,단일계약,위탁관리,62,630,160,무,"관리사무소, 노인정, 보육시설, 문고, 주민공동시설, 어린이놀이터, 유치원, 자전거보관소",5,1
A15210102,철근콘크리트구조,900,단일계약,위탁관리,7,205,32,무,"관리사무소, 노인정, 어린이놀이터, 휴게시설, 커뮤니티공간, 자전거보관소",15,2
A15210212,철근콘크리트구조,1950,종합계약,위탁관리,19,670,116,무,"관리사무소, 노인정, 주민공동시설, 어린이놀이터, 휴게시설, 자전거보관소, 기타",24,2
A15210107,철근콘크리트구조,2550,단일계약,위탁관리,21,749,87,무,"관리사무소, 노인정, 어린이놀이터, 유치원, 자전거보관소",20,1
A15278301,철근콘크리트구조,750,단일계약,위탁관리,4,75,30,무,"관리사무소, 노인정, 어린이놀이터, 자전거보관소",20,2
A15210105,철근콘크리트구조,800,단일계약,위탁관리,6,242,25,무,"관리사무소, 노인정, 어린이놀이터",18,2
A15210101,철근콘크리트구조,650,단일계약,위탁관리,4,120,40,무,"관리사무소, 노인정, 어린이놀이터, 자전거보관소",19,1
A15210104,철근콘크리트구조,22900,종합계약,위탁관리,2,195,25,무,"관리사무소, 노인정, 어린이놀이터",22,2
A15210210,철근콘크리트구조,1525,단일계약,위탁관리,11,529,60,무,"관리사무소, 노인정, 어린이놀이터, 자전거보관소",25,3
A15210209,철근콘크리트구조,1600,단일계약,관리방식미정,10,411,64,무,"관리사무소, 노인정, 주민공동시설, 어린이놀이터, 휴게시설, 자전거보관소",23,0
A15210106,철근콘크리트구조,750,단일계약,위탁관리,9,339,43,무,"관리사무소, 노인정, 보육시설, 어린이놀이터, 자전거보관소",20,2
A10027522,철골철근콘크리트구조,860,기타,위탁관리,4,120,16,,"관리사무소, 노인정, 기타",15,1
A10020416,철골철근콘크리트구조,3150,종합계약,위탁관리,8,445,172,유,"관리사무소, 노인정, 어린이놀이터, 유치원, 커뮤니티공간, 자전거보관소",26,4
A15288301,철골콘크리트구조,0,기타,,0,224,15,무,"관리사무소, 노인정, 어린이놀이터",3,0
A15279101,철근콘크리트구조,4000,단일계약,위탁관리,35,1267,340,유,"관리사무소, 노인정, 보육시설, 문고, 주민공동시설, 어린이놀이터, 커뮤니티공간, 자전거보관소",12,2
A10026729,철골철근콘크리트구조,450,종합계약,위탁관리,3,103,36,유,"관리사무소, 주민공동시설, 휴게시설, 커뮤니티공간, 자전거보관소, 기타",10,1
A15210001,철근콘크리트구조,1400,종합계약,위탁관리,20,695,265,유,"관리사무소, 노인정, 보육시설, 문고, 주민공동시설, 어린이놀이터, 커뮤니티공간, 자전거보관소",18,2
A15213007,철골철근콘크리트구조,2500,단일계약,위탁관리,25,1364,320,유,"관리사무소, 노인정, 문고, 주민공동시설, 어린이놀이터, 유치원, 자전거보관소, 기타",20,2
A15213006,철골철근콘크리트구조,800,단일계약,위탁관리,11,343,151,무,"관리사무소, 노인정, 보육시설, 문고, 주민공동시설, 어린이놀이터, 휴게시설, 자전거보관소",17,4
A15213003,철근콘크리트구조,1600,단일계약,위탁관리,15,598,177,무,"관리사무소, 노인정, 보육시설, 문고, 주민공동시설, 어린이놀이터, 유치원, 자전거보관소",13,2
A15213005,철근콘크리트구조,3600,단일계약,위탁관리,29,1182,408,무,"관리사무소, 노인정, 보육시설, 문고, 주민공동시설, 어린이놀이터, 자전거보관소",18,2
A15213004,철근콘크리트구조,1200,단일계약,위탁관리,16,541,170,유,"관리사무소, 노인정, 보육시설, 문고, 주민공동시설, 어린이놀이터, 자전거보관소",15,2
A15213001,철골철근콘크리트구조,1500,단일계약,위탁관리,18,636,168,유,"관리사무소, 노인정, 보육시설, 문고, 주민공동시설, 어린이놀이터, 자전거보관소",19,2
A15213002,철근콘크리트구조,1950,단일계약,위탁관리,44,757,251,무,,15,2
A10027764,철근콘크리트구조,1300,단일계약,위탁관리,6,262,67,유,"관리사무소, 노인정, 문고, 주민공동시설, 어린이놀이터, 휴게시설, 유치원, 커뮤니티공간, 자전거보관소, 기타",15,1
A10026039,철골철근콘크리트구조,1000,종합계약,위탁관리,4,167,56,무,"관리사무소, 노인정, 보육시설, 어린이놀이터, 커뮤니티공간, 자전거보관소",15,1
A10024849,철골철근콘크리트구조,2150,종합계약,위탁관리,9,497,137,유,"관리사무소, 노인정, 보육시설, 문고, 주민공동시설, 어린이놀이터, 휴게시설, 커뮤니티공간, 자전거보관소, 기타",20,2
A10024927,철근콘크리트구조,1650,종합계약,위탁관리,13,453,152,유,"관리사무소, 노인정, 보육시설, 주민공동시설, 어린이놀이터, 유치원, 커뮤니티공간, 자전거보관소, 기타",17,1
A15271602,연와조,0,단일계약,,0,300,65,무,"관리사무소, 노인정, 보육시설, 문고, 주민공동시설, 어린이놀이터, 휴게시설, 유치원, 커뮤니티공간, 자전거보관소, 기타",1,0
A15271601,철근콘크리트구조,950,단일계약,위탁관리,50,305,65,무,"관리사무소, 노인정, 어린이놀이터, 자전거보관소",5,1
A10025527,철골철근콘크리트구조,700,종합계약,위탁관리,14,221,65,유,"관리사무소, 문고, 주민공동시설",13,2
A10025564,철근콘크리트구조,925,종합계약,위탁관리,7,219,66,무,"관리사무소, 문고, 주민공동시설, 어린이놀이터, 휴게시설, 자전거보관소",12,2
A10025193,철근콘크리트구조,3800,단일계약,위탁관리,52,823,280,유,,18,2
A10025115,철근콘크리트구조,2750,단일계약,위탁관리,28,649,191,유,"관리사무소, 노인정, 보육시설, 문고, 주민공동시설, 어린이놀이터, 휴게시설, 커뮤니티공간, 자전거보관소",20,2
A10025386,철근콘크리트구조,700,종합계약,위탁관리,5,207,59,무,"관리사무소, 문고, 주민공동시설, 어린이놀이터, 자전거보관소",15,2
A10025387,철근콘크리트구조,1600,단일계약,위탁관리,18,740,281,유,"관리사무소, 노인정, 보육시설, 문고, 주민공동시설, 어린이놀이터, 휴게시설, 커뮤니티공간, 자전거보관소",18,2
A10025614,철근콘크리트구조,3000,단일계약,위탁관리,37,1299,453,유,"관리사무소, 노인정, 문고, 주민공동시설, 어린이놀이터, 휴게시설, 유치원, 자전거보관소",18,2
A10025302,철근콘크리트구조,1170,단일계약,위탁관리,13,310,128,유,"관리사무소, 노인정, 보육시설, 주민공동시설, 어린이놀이터, 휴게시설, 자전거보관소",15,2
A10025858,철골철근콘크리트구조,1387,종합계약,위탁관리,18,406,133,유,"관리사무소, 노인정, 보육시설, 문고, 주민공동시설, 어린이놀이터, 휴게시설, 커뮤니티공간, 자전거보관소",15,2
A10023288,철근콘크리트구조,1287,종합계약,위탁관리,5,201,87,유,"관리사무소, 어린이놀이터, 휴게시설, 자전거보관소",18,2
A15380403,철근콘크리트구조,3750,단일계약,위탁관리,66,1722,304,무,"관리사무소, 노인정, 어린이놀이터",25,4
A15380101,철근콘크리트구조,1060,단일계약,위탁관리,5,212,49,무,"관리사무소, 노인정, 자전거보관소",19,2
A10025913,철골철근콘크리트구조,900,단일계약,위탁관리,4,170,62,유,"관리사무소, 주민공동시설",12,3
A10023956,철근콘크리트구조,2700,단일계약,위탁관리,5,316,177,유,"관리사무소, 휴게시설, 커뮤니티공간",18,2
A10025116,철골철근콘크리트구조,2500,종합계약,위탁관리,13,449,183,유,"관리사무소, 노인정, 보육시설, 문고, 주민공동시설, 어린이놀이터, 휴게시설, 커뮤니티공간, 자전거보관소, 기타",39,6
A10027188,철골철근콘크리트구조,9400,단일계약,위탁관리,34,2265,548,유,"관리사무소, 노인정, 보육시설, 문고, 주민공동시설, 어린이놀이터, 유치원, 커뮤니티공간, 자전거보관소",35,2
A10026626,철근콘크리트구조,2100,종합계약,위탁관리,4,360,100,유,"관리사무소, 노인정, 보육시설, 커뮤니티공간",41,0
A10025946,철근콘크리트구조,5600,종합계약,위탁관리,28,1351,350,유,"관리사무소, 노인정, 보육시설, 문고, 주민공동시설, 어린이놀이터, 휴게시설, 커뮤니티공간, 자전거보관소, 기타",46,5
A15375810,철근콘크리트구조,1170,단일계약,위탁관리,5,216,47,무,"관리사무소, 노인정, 어린이놀이터, 휴게시설, 커뮤니티공간, 자전거보관소",25,2
A15381706,철근콘크리트구조,2750,단일계약,위탁관리,23,853,129,유,"관리사무소, 노인정, 어린이놀이터, 휴게시설, 유치원, 자전거보관소",24,0
A15381402,철근콘크리트구조,780,단일계약,위탁관리,8,132,39,,"관리사무소, 노인정, 어린이놀이터, 휴게시설, 자전거보관소",21,2
A10020894,철근콘크리트구조,600,단일계약,위탁관리,3,136,24,무,,13,2
A15301105,철근콘크리트구조,1600,단일계약,위탁관리,13,648,107,유,"관리사무소, 노인정, 보육시설, 문고, 주민공동시설, 어린이놀이터, 휴게시설, 유치원, 커뮤니티공간, 자전거보관소",22,1
A15370301,철골철근콘크리트구조,990,단일계약,위탁관리,10,258,85,무,,15,2
A10026024,철골콘크리트구조,22900,종합계약,위탁관리,3,92,6,무,"관리사무소, 노인정, 어린이놀이터, 휴게시설, 자전거보관소",20,1
A15382301,철근콘크리트구조,900,단일계약,위탁관리,8,371,50,무,"관리사무소, 노인정, 문고, 어린이놀이터, 자전거보관소",19,2
A10024302,철근콘크리트구조,5200,종합계약,위탁관리,28,1144,477,유,"관리사무소, 노인정, 보육시설, 문고, 주민공동시설, 어린이놀이터, 휴게시설, 커뮤니티공간, 자전거보관소",35,3
A15383308,철근콘크리트구조,4550,단일계약,위탁관리,16,843,110,무,"관리사무소, 노인정, 주민공동시설, 어린이놀이터, 휴게시설, 커뮤니티공간, 자전거보관소",15,0
A15375809,철근콘크리트구조,1900,단일계약,위탁관리,13,266,51,무,"관리사무소, 노인정, 어린이놀이터, 자전거보관소",15,0
A15383601,철근콘크리트구조,780,단일계약,위탁관리,3,139,27,무,"관리사무소, 노인정, 어린이놀이터, 자전거보관소",21,0
A15383604,철골철근콘크리트구조,900,단일계약,위탁관리,5,239,59,무,,19,2
A15383307,철근콘크리트구조,2400,단일계약,위탁관리,32,841,135,무,"관리사무소, 노인정, 보육시설, 어린이놀이터, 휴게시설",24,1
A15381303,철골철근콘크리트구조,650,단일계약,위탁관리,5,212,40,무,"관리사무소, 노인정, 어린이놀이터, 자전거보관소",20,1
A10022155,,,,,0,0,,,,16,1
A10025447,철골철근콘크리트구조,600,종합계약,위탁관리,4,124,16,무,"관리사무소, 노인정, 어린이놀이터, 자전거보관소",15,2
A15303202,철근콘크리트구조,1100,단일계약,위탁관리,6,133,40,무,"관리사무소, 노인정, 어린이놀이터",20,2
A15303205,철근콘크리트구조,6850,단일계약,위탁관리,64,3146,538,무,"관리사무소, 노인정, 커뮤니티공간",20,4
A15303002,철근콘크리트구조,4558,단일계약,위탁관리,45,1542,464,무,"관리사무소, 노인정, 어린이놀이터, 유치원, 기타",20,2
A15303502,콘크리트구조,750,종합계약,위탁관리,8,247,57,무,"관리사무소, 노인정, 어린이놀이터, 커뮤니티공간, 자전거보관소",15,1
A15303203,철근콘크리트구조,2400,단일계약,위탁관리,14,766,96,무,"관리사무소, 노인정, 보육시설, 주민공동시설, 어린이놀이터, 기타",25,2
A15383905,철근콘크리트구조,1050,단일계약,위탁관리,7,575,32,무,"관리사무소, 노인정, 어린이놀이터, 자전거보관소",10,1
A15384603,철근콘크리트구조,900,단일계약,위탁관리,6,202,43,무,"관리사무소, 노인정, 휴게시설, 자전거보관소",15,1
A15386404,철근콘크리트구조,650,단일계약,위탁관리,2,168,18,무,"관리사무소, 어린이놀이터, 자전거보관소",13,1
A15386506,철근콘크리트구조,1850,단일계약,위탁관리,11,630,65,무,"관리사무소, 노인정, 어린이놀이터, 자전거보관소",12,0
A15370103,철근콘크리트구조,7550,단일계약,위탁관리,46,2270,517,유,"관리사무소, 노인정, 보육시설, 문고, 주민공동시설, 어린이놀이터, 휴게시설, 유치원, 커뮤니티공간, 자전거보관소",29,0
A10026187,철근콘크리트구조,350,단일계약,위탁관리,4,122,36,무,"관리사무소, 노인정, 어린이놀이터, 자전거보관소",15,1
A10026792,철근콘크리트구조,635,단일계약,위탁관리,6,117,32,무,"관리사무소, 노인정, 어린이놀이터, 자전거보관소",14,1
A15303204,철근콘크리트구조,2100,단일계약,위탁관리,15,530,144,유,"노인정, 어린이놀이터",20,4
A15384501,철근콘크리트구조,950,종합계약,위탁관리,6,271,55,무,"관리사무소, 노인정, 어린이놀이터",23,2
A10022481,,,,,0,0,,,,3,0
A15303401,철근콘크리트구조,600,종합계약,위탁관리,5,200,45,무,"관리사무소, 노인정, 주민공동시설, 어린이놀이터, 자전거보관소",20,3
A15303003,철골철근콘크리트구조,186,단일계약,위탁관리,3,68,16,,"관리사무소, 노인정, 주민공동시설, 어린이놀이터, 커뮤니티공간, 자전거보관소",12,0
A15303102,철골철근콘크리트구조,800,단일계약,위탁관리,7,253,40,무,,19,2
A15383702,철근콘크리트구조,2000,단일계약,위탁관리,15,937,112,무,"관리사무소, 노인정, 주민공동시설, 어린이놀이터, 휴게시설, 자전거보관소",25,4
A15303103,철근콘크리트구조,632,단일계약,위탁관리,4,200,22,무,"관리사무소, 노인정, 어린이놀이터, 자전거보관소",13,0
A15378501,철근콘크리트구조,750,단일계약,위탁관리,6,194,41,무,"관리사무소, 노인정, 어린이놀이터, 휴게시설",15,1
A15386303,철근콘크리트구조,1,단일계약,,0,144,20,무,"관리사무소, 노인정, 어린이놀이터, 자전거보관소",3,0
A10020046,,,,,0,0,,,,17,
A15384101,철근콘크리트구조,650,단일계약,위탁관리,6,143,21,무,"관리사무소, 노인정, 어린이놀이터, 자전거보관소",17,2
A10026311,철근콘크리트구조,650,종합계약,위탁관리,4,166,18,,"관리사무소, 노인정, 어린이놀이터, 자전거보관소",17,2
A15003001,철근콘크리트구조,1150,단일계약,위탁관리,8,304,70,무,"관리사무소, 노인정, 어린이놀이터, 자전거보관소, 기타",15,2
A15003002,철근콘크리트구조,4850,단일계약,위탁관리,58,2554,420,유,"관리사무소, 노인정, 보육시설, 문고, 주민공동시설, 어린이놀이터, 휴게시설, 자전거보관소",23,0
A10024490,철골철근콘크리트구조,2250,종합계약,위탁관리,3,95,42,유,관리사무소,23,4
A10022098,철골콘크리트구조,1550,종합계약,위탁관리,4,177,94,유,"관리사무소, 주민공동시설, 커뮤니티공간, 자전거보관소",29,4
A10025518,,,,,0,0,,,,18,4
A10026801,철골철근콘크리트구조,200,단일계약,위탁관리,3,134,30,무,,22,1
A10026816,철근콘크리트구조,6000,단일계약,위탁관리,25,1530,275,유,"관리사무소, 노인정, 보육시설, 문고, 주민공동시설, 어린이놀이터, 휴게시설, 커뮤니티공간, 자전거보관소",35,3
A15003701,철근콘크리트구조,1350,단일계약,위탁관리,12,706,79,무,"관리사무소, 노인정, 보육시설, 어린이놀이터, 자전거보관소",21,2
A10024567,철골철근콘크리트구조,6136,단일계약,위탁관리,4,326,85,유,"관리사무소, 노인정, 주민공동시설, 어린이놀이터, 자전거보관소",30,5
A15003802,철근콘크리트구조,2550,단일계약,위탁관리,24,850,108,유,"관리사무소, 노인정, 보육시설, 주민공동시설, 어린이놀이터, 휴게시설, 유치원, 자전거보관소",25,2
A15003801,철근콘크리트구조,1850,단일계약,위탁관리,24,578,89,유,"관리사무소, 노인정, 어린이놀이터, 자전거보관소",23,2
A15088915,철골철근콘크리트구조,7000,종합계약,위탁관리,12,1081,46,무,"관리사무소, 노인정, 주민공동시설, 어린이놀이터, 휴게시설, 커뮤니티공간, 자전거보관소",35,6
A15088614,철골철근콘크리트구조,8000,종합계약,위탁관리,10,935,160,무,"관리사무소, 노인정, 주민공동시설, 휴게시설, 자전거보관소",39,6
A10022891,철골철근콘크리트구조,2500,종합계약,자치관리,10,757,100,유,"관리사무소, 노인정, 보육시설, 주민공동시설, 어린이놀이터, 커뮤니티공간, 자전거보관소",49,4
A15001003,철근콘크리트구조,975,종합계약,위탁관리,8,260,32,무,"관리사무소, 노인정, 어린이놀이터",12,0
A15089307,철근콘크리트구조,2750,종합계약,위탁관리,10,546,92,유,"관리사무소, 노인정, 주민공동시설, 휴게시설, 커뮤니티공간",34,6
A15001012,철근콘크리트구조,950,종합계약,위탁관리,6,290,13,무,,12,0
A15001019,철근콘크리트구조,3200,단일계약,위탁관리,30,819,76,무,"관리사무소, 노인정, 어린이놀이터",14,1
A15001005,철골철근콘크리트구조,3000,종합계약,위탁관리,8,623,97,유,"관리사무소, 주민공동시설, 커뮤니티공간",40,0
A15001016,철근콘크리트구조,998,단일계약,위탁관리,10,580,30,무,"관리사무소, 어린이놀이터",12,0
A15076301,철근콘크리트구조,4350,종합계약,위탁관리,10,656,69,유,"관리사무소, 주민공동시설, 휴게시설, 커뮤니티공간, 자전거보관소, 기타",40,5
A15088208,철근콘크리트구조,800,단일계약,위탁관리,4,180,32,무,"관리사무소, 어린이놀이터, 자전거보관소",12,1
A15088717,철근콘크리트구조,1500,종합계약,위탁관리,15,465,37,무,"관리사무소, 노인정, 어린이놀이터, 휴게시설, 자전거보관소",13,0
A15001020,철근콘크리트구조,2250,단일계약,위탁관리,20,720,118,무,"관리사무소, 노인정, 어린이놀이터",15,0
A15089411,철근콘크리트구조,900,종합계약,위탁관리,15,372,20,무,"관리사무소, 어린이놀이터",12,0
A15001009,철근콘크리트구조,750,단일계약,위탁관리,9,280,56,무,관리사무소,15,1
A15089421,철근콘크리트구조,3000,종합계약,위탁관리,24,1297,56,무,"관리사무소, 자전거보관소",13,0
A15089510,철근콘크리트구조,990,단일계약,위탁관리,15,303,54,무,"관리사무소, 어린이놀이터",12,1
A15076302,철근콘크리트구조,5500,종합계약,위탁관리,17,1382,158,유,"관리사무소, 어린이놀이터, 휴게시설, 커뮤니티공간, 자전거보관소",39,3
A15001004,철근콘크리트구조,750,종합계약,위탁관리,5,220,24,무,"관리사무소, 어린이놀이터",14,0
A15089513,철근콘크리트구조,700,단일계약,위탁관리,4,190,33,무,"관리사무소, 어린이놀이터",12,1
A15001001,철골철근콘크리트구조,375,종합계약,위탁관리,2,64,18,무,관리사무소,14,0
A15088918,철근콘크리트구조,1900,종합계약,위탁관리,19,621,100,무,"관리사무소, 주민공동시설, 어린이놀이터, 휴게시설",12,0
A15088802,벽돌구조,600,종합계약,위탁관리,8,155,32,무,"관리사무소, 어린이놀이터",10,0
A15004101,철근콘크리트구조,940,종합계약,위탁관리,14,171,37,무,"관리사무소, 노인정, 주민공동시설, 어린이놀이터, 휴게시설, 커뮤니티공간, 자전거보관소",15,0
A15080002,철근콘크리트구조,2250,단일계약,위탁관리,8,551,57,무,"관리사무소, 노인정, 주민공동시설, 어린이놀이터, 휴게시설",23,2
A15075001,콘크리트구조,785,종합계약,위탁관리,6,107,66,무,,16,4
A15004202,철근콘크리트구조,2100,단일계약,위탁관리,21,742,150,유,"관리사무소, 노인정, 보육시설, 주민공동시설, 어린이놀이터, 휴게시설, 유치원, 커뮤니티공간, 자전거보관소",20,3
A15004201,철근콘크리트구조,1100,단일계약,위탁관리,4,542,43,유,"관리사무소, 노인정, 어린이놀이터, 자전거보관소",25,3
A10023489,철근콘크리트구조,3500,단일계약,위탁관리,13,439,93,유,"관리사무소, 보육시설, 문고, 주민공동시설, 휴게시설, 커뮤니티공간, 자전거보관소",19,6
A15072002,철근콘크리트구조,327,단일계약,위탁관리,5,215,29,무,노인정,23,0
A10021966,철골콘크리트구조,750,단일계약,위탁관리,5,146,32,유,,19,1
A10021967,철골철근콘크리트구조,750,단일계약,위탁관리,0,146,32,유,,19,1
A10021962,철골철근콘크리트구조,800,단일계약,위탁관리,5,150,52,유,,20,2
A10024834,철골철근콘크리트구조,700,종합계약,위탁관리,5,155,63,유,,13,2
A15080205,철근콘크리트구조,1800,단일계약,위탁관리,11,749,146,유,"관리사무소, 노인정, 어린이놀이터, 자전거보관소",25,2
A15080402,철근콘크리트구조,130,단일계약,위탁관리,2,130,17,무,"관리사무소, 어린이놀이터, 자전거보관소",11,0
A15072001,철근콘크리트구조,1500,단일계약,위탁관리,13,285,80,유,"관리사무소, 노인정, 주민공동시설, 어린이놀이터, 커뮤니티공간, 자전거보관소, 기타",13,1
A15080204,철근콘크리트구조,900,단일계약,위탁관리,13,295,68,무,"관리사무소, 노인정, 주민공동시설, 어린이놀이터, 휴게시설, 자전거보관소",14,1
A10020541,,,,,0,0,,,,7,4
A15004405,철근콘크리트구조,900,단일계약,위탁관리,7,388,64,무,"관리사무소, 노인정, 어린이놀이터, 자전거보관소",23,2
A15004403,철근콘크리트구조,1150,단일계약,위탁관리,9,350,50,유,"관리사무소, 노인정, 어린이놀이터, 자전거보관소",19,1
A10026797,철골철근콘크리트구조,1935,종합계약,위탁관리,5,302,124,유,"관리사무소, 노인정, 어린이놀이터, 자전거보관소, 기타",26,2
A15072201,철근콘크리트구조,2750,종합계약,위탁관리,10,616,129,유,"관리사무소, 노인정, 주민공동시설, 어린이놀이터, 자전거보관소",21,2
A10027684,철골철근콘크리트구조,1255,종합계약,위탁관리,6,185,40,유,"관리사무소, 노인정, 어린이놀이터, 자전거보관소",20,1
A15004406,철근콘크리트구조,1600,단일계약,위탁관리,15,249,79,무,"관리사무소, 노인정, 어린이놀이터",15,0
A15080507,철근콘크리트구조,2750,종합계약,위탁관리,69,1140,96,유,,25,2
A15080501,철근콘크리트구조,1160,단일계약,위탁관리,6,293,34,무,"관리사무소, 노인정, 어린이놀이터, 휴게시설, 자전거보관소",20,2
A15004503,철근콘크리트구조,950,단일계약,위탁관리,9,301,74,유,"관리사무소, 노인정, 보육시설, 주민공동시설, 어린이놀이터, 휴게시설, 자전거보관소",17,2
A15004506,철근콘크리트구조,1750,단일계약,위탁관리,14,580,112,유,"관리사무소, 노인정, 보육시설, 어린이놀이터, 자전거보관소",24,3
A15004502,철골철근콘크리트구조,960,단일계약,위탁관리,4,195,77,무,관리사무소,15,4
A15004507,철근콘크리트구조,5000,단일계약,위탁관리,32,2464,254,유,"관리사무소, 노인정, 보육시설, 어린이놀이터, 자전거보관소",25,2
A15004501,철근콘크리트구조,960,단일계약,위탁관리,5,224,29,유,"관리사무소, 노인정, 어린이놀이터, 휴게시설",20,1
A10024789,철근콘크리트구조,3000,종합계약,위탁관리,18,1121,151,유,"관리사무소, 노인정, 보육시설, 주민공동시설, 어린이놀이터, 커뮤니티공간, 자전거보관소",29,2
A15004505,철근콘크리트구조,1350,단일계약,위탁관리,17,420,64,무,"관리사무소, 노인정, 어린이놀이터",13,0
A15081002,철근콘크리트구조,3000,단일계약,위탁관리,23,1010,152,무,"관리사무소, 노인정, 보육시설, 주민공동시설, 어린이놀이터, 자전거보관소",19,2
A15081001,철근콘크리트구조,1100,종합계약,위탁관리,10,329,46,무,"관리사무소, 노인정, 주민공동시설, 어린이놀이터, 자전거보관소",20,2
A15083202,철근콘크리트구조,1520,단일계약,위탁관리,8,401,73,무,"관리사무소, 노인정, 어린이놀이터, 자전거보관소",24,3
A15083201,철근콘크리트구조,837,단일계약,위탁관리,4,207,32,유,"관리사무소, 노인정, 어린이놀이터",19,1
A15076701,철근콘크리트구조,,단일계약,위탁관리,3,141,,,"관리사무소, 노인정, 보육시설, 어린이놀이터, 자전거보관소",19,2
A15076702,철근콘크리트구조,6050,종합계약,위탁관리,17,846,216,유,"관리사무소, 노인정, 보육시설, 주민공동시설, 어린이놀이터",31,3
A15009201,철근콘크리트구조,980,단일계약,위탁관리,4,256,24,무,"관리사무소, 노인정, 어린이놀이터, 자전거보관소",15,0
A15076801,콘크리트구조,600,종합계약,,0,154,31,,"관리사무소, 노인정, 주민공동시설, 어린이놀이터, 휴게시설, 자전거보관소",15,1
A10022428,철골철근콘크리트구조,550,단일계약,위탁관리,3,143,26,무,"관리사무소, 노인정, 어린이놀이터, 유치원, 자전거보관소",16,2
A15083602,철근콘크리트구조,1140,단일계약,위탁관리,7,208,32,무,"관리사무소, 노인정, 어린이놀이터, 자전거보관소",15,0
A15083601,철근콘크리트구조,845,단일계약,위탁관리,9,136,37,무,"관리사무소, 어린이놀이터, 자전거보관소",15,0
A10027023,철골철근콘크리트구조,400,종합계약,위탁관리,3,124,34,무,"관리사무소, 노인정, 어린이놀이터",15,3
A15083404,철근콘크리트구조,4000,단일계약,위탁관리,28,2031,228,유,"관리사무소, 노인정, 보육시설, 문고, 주민공동시설, 어린이놀이터, 휴게시설, 자전거보관소",25,0
A10024832,철근콘크리트구조,682,종합계약,위탁관리,2,90,16,무,"관리사무소, 노인정, 어린이놀이터, 자전거보관소",21,2
A15083603,철근콘크리트구조,5350,종합계약,위탁관리,19,1392,208,유,"관리사무소, 노인정, 문고, 주민공동시설, 자전거보관소",24,2
A15009401,철근콘크리트구조,1770,단일계약,위탁관리,4,243,64,유,"관리사무소, 노인정, 주민공동시설, 어린이놀이터, 휴게시설, 자전거보관소",22,2
A15009402,철근콘크리트구조,1500,단일계약,위탁관리,9,395,62,무,"관리사무소, 노인정, 주민공동시설, 자전거보관소",23,2
A15009503,철근콘크리트구조,841,단일계약,위탁관리,4,251,42,무,"관리사무소, 노인정, 어린이놀이터, 자전거보관소",21,3
A10026197,철골철근콘크리트구조,1850,단일계약,위탁관리,8,251,171,유,"관리사무소, 노인정, 보육시설, 문고, 주민공동시설, 어린이놀이터, 커뮤니티공간, 자전거보관소",18,2
A15009505,철근콘크리트구조,900,단일계약,위탁관리,5,308,27,무,"관리사무소, 노인정, 어린이놀이터, 자전거보관소",15,1
A15009502,철근콘크리트구조,550,단일계약,위탁관리,7,102,23,무,"관리사무소, 노인정, 어린이놀이터, 자전거보관소",12,2
A15009504,철근콘크리트구조,850,단일계약,위탁관리,9,178,51,무,"관리사무소, 노인정, 어린이놀이터, 자전거보관소",18,2
A10024495,철골철근콘크리트구조,750,종합계약,위탁관리,8,287,114,유,"관리사무소, 노인정, 문고, 주민공동시설, 어린이놀이터, 휴게시설, 커뮤니티공간, 자전거보관소",20,2
A15009603,철근콘크리트구조,900,단일계약,위탁관리,6,240,32,무,"관리사무소, 노인정, 어린이놀이터, 자전거보관소",19,2
A10024925,철근콘크리트구조,3150,종합계약,위탁관리,28,561,112,유,"관리사무소, 노인정, 보육시설, 주민공동시설, 어린이놀이터, 커뮤니티공간",21,3
A15009601,철근콘크리트구조,781,단일계약,위탁관리,5,176,24,무,"관리사무소, 노인정, 어린이놀이터, 휴게시설, 자전거보관소",14,0
A15009606,철근콘크리트구조,1231,단일계약,위탁관리,10,330,58,유,"관리사무소, 노인정, 보육시설, 주민공동시설, 어린이놀이터, 자전거보관소",20,3
A10027512,철골철근콘크리트구조,730,단일계약,위탁관리,5,117,28,무,"관리사무소, 노인정, 어린이놀이터, 자전거보관소",15,1
A15009602,철근콘크리트구조,540,단일계약,위탁관리,4,155,23,무,"관리사무소, 노인정, 어린이놀이터, 자전거보관소",13,0
A15009604,철근콘크리트구조,950,단일계약,위탁관리,6,210,40,무,노인정,15,0
A15009607,철근콘크리트구조,850,종합계약,위탁관리,8,208,64,무,"관리사무소, 노인정, 주민공동시설, 어린이놀이터, 자전거보관소",15,0
A15009605,철근콘크리트구조,650,단일계약,위탁관리,8,241,48,무,"관리사무소, 노인정, 어린이놀이터, 자전거보관소",18,2
A15086201,철근콘크리트구조,550,단일계약,위탁관리,5,208,24,무,"관리사무소, 노인정, 어린이놀이터",19,2
A15086202,철근콘크리트구조,900,종합계약,위탁관리,4,339,28,무,"관리사무소, 노인정, 어린이놀이터, 자전거보관소",15,1
A10024316,철근콘크리트구조,1750,종합계약,위탁관리,6,402,206,유,"관리사무소, 노인정, 자전거보관소",24,4
A10020127,,,,관리방식미정,18,0,,,,35,2
A15010203,철근콘크리트구조,900,단일계약,위탁관리,3,151,24,무,"관리사무소, 노인정, 어린이놀이터, 휴게시설, 유치원, 자전거보관소, 기타",15,0
A15010202,철근콘크리트구조,1200,단일계약,위탁관리,6,401,59,무,,22,2
A15010201,철근콘크리트구조,425,기타,위탁관리,5,53,21,무,"관리사무소, 노인정, 주민공동시설, 자전거보관소",20,1
A10022708,철근콘크리트구조,182,기타,위탁관리,2,110,23,무,"관리사무소, 노인정, 어린이놀이터, 자전거보관소",23,2
A15010306,철근콘크리트구조,1300,단일계약,위탁관리,12,685,55,유,"관리사무소, 노인정, 보육시설, 문고, 주민공동시설, 어린이놀이터, 자전거보관소",23,2
A15010302,철근콘크리트구조,450,단일계약,위탁관리,3,167,32,무,"관리사무소, 노인정, 보육시설, 어린이놀이터, 자전거보관소",18,0
A15010307,철근콘크리트구조,2750,단일계약,위탁관리,17,788,104,무,"관리사무소, 노인정, 보육시설, 문고, 주민공동시설, 어린이놀이터, 휴게시설, 커뮤니티공간, 자전거보관소",25,2
A15010303,철근콘크리트구조,600,단일계약,위탁관리,6,215,50,무,"관리사무소, 노인정, 어린이놀이터",18,2
A15010304,철골철근콘크리트구조,700,단일계약,위탁관리,4,221,35,무,"관리사무소, 노인정, 주민공동시설, 어린이놀이터, 자전거보관소",24,2
A10026457,철골콘크리트구조,800,종합계약,위탁관리,4,128,32,유,"관리사무소, 주민공동시설, 어린이놀이터, 커뮤니티공간, 자전거보관소, 기타",19,2
A10021291,,,,,5,0,,,,15,2
A15010301,철근콘크리트구조,600,단일계약,위탁관리,6,181,30,무,"관리사무소, 노인정, 어린이놀이터, 휴게시설, 자전거보관소",18,2
A15010305,철근콘크리트구조,1000,단일계약,위탁관리,12,133,52,무,"관리사무소, 노인정, 어린이놀이터, 자전거보관소",13,1
A10020758,철근콘크리트구조,500,단일계약,위탁관리,5,87,41,무,"관리사무소, 어린이놀이터, 자전거보관소",17,1
A15086702,철근콘크리트구조,600,단일계약,위탁관리,5,212,36,무,"관리사무소, 노인정, 주민공동시설, 어린이놀이터, 자전거보관소",19,2
A15086601,철근콘크리트구조,600,종합계약,위탁관리,3,213,43,무,"관리사무소, 노인정, 주민공동시설, 어린이놀이터, 휴게시설, 커뮤니티공간, 자전거보관소",19,2
A15086603,철근콘크리트구조,1250,단일계약,위탁관리,11,333,60,유,"관리사무소, 노인정, 주민공동시설, 어린이놀이터, 휴게시설, 자전거보관소, 기타",19,2
A15010501,철근콘크리트구조,732,단일계약,위탁관리,5,202,43,무,"관리사무소, 노인정, 어린이놀이터, 자전거보관소",19,1
A15010502,철근콘크리트구조,3600,단일계약,위탁관리,25,1290,150,무,"관리사무소, 노인정, 주민공동시설, 어린이놀이터, 휴게시설, 유치원, 자전거보관소, 기타",20,2
A15010602,철근콘크리트구조,882,단일계약,위탁관리,7,304,52,,"관리사무소, 노인정, 보육시설, 어린이놀이터, 휴게시설, 자전거보관소",18,1
A15010601,철근콘크리트구조,800,단일계약,위탁관리(직영+위탁),6,245,36,무,"관리사무소, 노인정, 어린이놀이터, 자전거보관소",19,2
A10023715,철골철근콘크리트구조,3750,종합계약,위탁관리,49,982,48,유,"관리사무소, 노인정, 보육시설, 문고, 주민공동시설, 어린이놀이터, 휴게시설, 커뮤니티공간, 자전거보관소, 기타",32,3
A10027073,철골콘크리트구조,7550,단일계약,위탁관리,52,2280,206,유,"관리사무소, 노인정, 보육시설, 문고, 주민공동시설, 어린이놀이터, 휴게시설, 커뮤니티공간, 자전거보관소",27,3
A10027755,철골철근콘크리트구조,5000,단일계약,위탁관리,28,1211,100,유,"관리사무소, 노인정, 보육시설, 문고, 주민공동시설, 어린이놀이터, 휴게시설, 커뮤니티공간, 자전거보관소",25,2
A15005002,철근콘크리트구조,950,단일계약,위탁관리,3,73,16,무,관리사무소,17,2
A10025070,철골콘크리트구조,6850,종합계약,위탁관리,40,1868,488,유,"관리사무소, 노인정, 보육시설, 문고, 주민공동시설, 어린이놀이터, 휴게시설, 커뮤니티공간, 자전거보관소",29,2
A15086006,철근콘크리트구조,2391,단일계약,위탁관리,15,799,156,유,"관리사무소, 노인정, 보육시설, 문고, 주민공동시설, 어린이놀이터, 휴게시설, 자전거보관소",24,2
A15086001,철근콘크리트구조,900,단일계약,위탁관리,6,253,37,유,"관리사무소, 노인정, 어린이놀이터, 자전거보관소",15,1
A15005102,철근콘크리트구조,450,단일계약,위탁관리,4,130,35,무,"관리사무소, 노인정, 어린이놀이터",20,1
A15005303,철근콘크리트구조,1760,단일계약,위탁관리,16,470,48,무,"관리사무소, 노인정, 어린이놀이터",14,1
A10022430,철골철근콘크리트구조,1800,종합계약,위탁관리,18,299,237,유,"관리사무소, 어린이놀이터, 커뮤니티공간, 자전거보관소",24,5
A15005302,철근콘크리트구조,995,종합계약,위탁관리,4,313,108,무,"관리사무소, 노인정, 어린이놀이터, 자전거보관소",13,1
A15083703,철근콘크리트구조,1240,단일계약,위탁관리,8,435,103,,"관리사무소, 노인정, 어린이놀이터",24,2
A10021119,,,,,0,0,,,,15,1
A15083701,철근콘크리트구조,225,종합계약,위탁관리,2,45,0,무,"관리사무소, 어린이놀이터",10,1
A15005603,철근콘크리트구조,970,단일계약,위탁관리,4,218,41,무,"관리사무소, 노인정, 어린이놀이터, 자전거보관소",12,0
A15005402,철근콘크리트구조,3600,단일계약,위탁관리,36,975,126,유,"관리사무소, 노인정, 보육시설, 주민공동시설, 어린이놀이터, 자전거보관소",22,3
A15005401,철근콘크리트구조,850,단일계약,위탁관리,4,176,36,무,"관리사무소, 노인정, 어린이놀이터, 자전거보관소",22,2
A15005705,철근콘크리트구조,2750,종합계약,위탁관리,26,1104,147,무,"관리사무소, 노인정, 보육시설, 어린이놀이터",25,1
A10025562,철근콘크리트구조,3000,단일계약,위탁관리,16,673,217,유,"관리사무소, 노인정, 주민공동시설, 어린이놀이터, 유치원, 커뮤니티공간, 자전거보관소",28,2
A10025024,철근콘크리트구조,4500,종합계약,위탁관리,29,1224,334,유,"관리사무소, 노인정, 보육시설, 문고, 주민공동시설, 어린이놀이터, 휴게시설, 커뮤니티공간, 자전거보관소",29,2
A15086007,철근콘크리트구조,1870,종합계약,위탁관리,16,700,16,무,"관리사무소, 노인정, 어린이놀이터, 자전거보관소",15,0
A15086004,철근콘크리트구조,950,종합계약,위탁관리(직영+위탁),13,192,69,무,"관리사무소, 노인정, 어린이놀이터, 자전거보관소",15,0
A15005001,철근콘크리트구조,1400,단일계약,위탁관리,17,292,88,,"관리사무소, 노인정, 어린이놀이터, 자전거보관소",15,0
A15005301,철근콘크리트구조,950,단일계약,위탁관리,9,234,32,무,"관리사무소, 노인정, 주민공동시설, 어린이놀이터, 자전거보관소",20,1
A15005602,철근콘크리트구조,500,단일계약,위탁관리,2,163,13,무,"관리사무소, 어린이놀이터, 휴게시설, 자전거보관소",12,1
A15096001,철근콘크리트구조,1350,단일계약,위탁관리,5,226,78,유,"관리사무소, 노인정, 주민공동시설, 어린이놀이터, 휴게시설, 커뮤니티공간, 자전거보관소",20,2
A10024470,철골철근콘크리트구조,2750,종합계약,위탁관리,19,850,266,유,"관리사무소, 노인정, 보육시설, 문고, 주민공동시설, 어린이놀이터, 휴게시설, 커뮤니티공간, 자전거보관소, 기타",27,3
A15085404,철근콘크리트구조,1150,단일계약,위탁관리,11,445,52,무,"관리사무소, 노인정, 어린이놀이터, 휴게시설",22,1
A10026182,철근콘크리트구조,1,기타,,0,130,0,무,관리사무소,5,1
A10021210,철근콘크리트구조,2150,종합계약,위탁관리,6,396,372,유,"관리사무소, 문고, 주민공동시설, 어린이놀이터, 휴게시설, 커뮤니티공간, 자전거보관소",23,5
A10022974,철골콘크리트구조,650,종합계약,위탁관리,6,65,64,유,"관리사무소, 주민공동시설, 휴게시설, 커뮤니티공간, 자전거보관소",15,1
A15005501,철근콘크리트구조,1650,종합계약,위탁관리,18,418,116,유,"관리사무소, 노인정, 어린이놀이터, 자전거보관소",18,0
A10024615,철골철근콘크리트구조,8000,단일계약,위탁관리,37,1777,650,유,"관리사무소, 노인정, 보육시설, 문고, 주민공동시설, 어린이놀이터, 휴게시설, 커뮤니티공간, 자전거보관소",29,4
A10026761,철골콘크리트구조,1450,종합계약,위탁관리,4,176,72,무,"관리사무소, 주민공동시설, 커뮤니티공간, 자전거보관소",20,2
A10024725,철골철근콘크리트구조,2125,종합계약,위탁관리,26,1076,411,유,"관리사무소, 노인정, 보육시설, 문고, 주민공동시설, 어린이놀이터, 커뮤니티공간, 자전거보관소",21,3
A10024829,철골콘크리트구조,304,기타,위탁관리,4,91,36,무,"관리사무소, 어린이놀이터, 자전거보관소",15,0
A15081604,철근콘크리트구조,1310,단일계약,위탁관리,13,304,49,무,"관리사무소, 노인정, 어린이놀이터, 자전거보관소",20,0
A15007101,철근콘크리트구조,600,단일계약,위탁관리,6,181,35,무,"관리사무소, 노인정, 어린이놀이터, 자전거보관소",14,1
A10021186,철골철근콘크리트구조,600,단일계약,위탁관리,3,161,32,무,,18,3
A15081802,철근콘크리트구조,1130,종합계약,위탁관리,7,278,48,무,"관리사무소, 노인정, 어린이놀이터, 자전거보관소",18,2
A15095001,조적구조,980,단일계약,위탁관리,5,227,48,무,"관리사무소, 노인정, 어린이놀이터, 휴게시설, 자전거보관소",18,2
A15081201,철근콘크리트구조,900,단일계약,위탁관리,5,152,32,무,"관리사무소, 어린이놀이터, 자전거보관소",24,2
A15081606,철근콘크리트구조,1560,단일계약,위탁관리,6,380,55,무,"관리사무소, 노인정, 어린이놀이터, 휴게시설, 자전거보관소",15,1
A10027935,철근콘크리트구조,1150,종합계약,위탁관리,3,92,42,무,"관리사무소, 주민공동시설, 휴게시설",12,4
A15081503,철근콘크리트구조,1250,단일계약,위탁관리,10,270,48,무,"관리사무소, 노인정, 어린이놀이터, 자전거보관소, 기타",15,0
A15081105,철근콘크리트구조,1475,단일계약,위탁관리,10,565,70,무,"관리사무소, 노인정, 어린이놀이터",25,3
A15081602,철근콘크리트구조,900,단일계약,위탁관리,7,250,35,유,"관리사무소, 노인정, 어린이놀이터, 자전거보관소",20,1
A15081107,철근콘크리트구조,3450,단일계약,위탁관리,23,1313,209,무,"관리사무소, 노인정, 보육시설, 어린이놀이터, 자전거보관소",30,0
A10021177,철골철근콘크리트구조,900,종합계약,위탁관리,4,182,36,유,"관리사무소, 노인정, 주민공동시설, 어린이놀이터, 휴게시설, 자전거보관소, 기타",19,2
A10027381,철근콘크리트구조,1220,단일계약,위탁관리,8,291,75,유,"관리사무소, 노인정, 어린이놀이터, 휴게시설, 커뮤니티공간, 자전거보관소",20,3
A15095002,철근콘크리트구조,800,단일계약,위탁관리,6,221,54,무,"관리사무소, 노인정, 주민공동시설, 어린이놀이터, 커뮤니티공간, 자전거보관소",18,0
A15007201,철근콘크리트구조,7825,종합계약,위탁관리,14,648,170,유,"관리사무소, 어린이놀이터, 자전거보관소",24,5
A15007002,철근콘크리트구조,1490,단일계약,위탁관리,7,274,47,무,,19,1
A10023516,철골콘크리트구조,1650,종합계약,위탁관리,7,206,114,유,"관리사무소, 주민공동시설, 어린이놀이터, 자전거보관소",20,2
A10025122,철근콘크리트구조,1650,단일계약,위탁관리,4,216,38,무,"관리사무소, 커뮤니티공간, 자전거보관소",16,3
A15605001,철근콘크리트구조,550,단일계약,위탁관리,3,152,36,무,"관리사무소, 노인정, 어린이놀이터",19,3
A15605003,철근콘크리트구조,2500,단일계약,위탁관리,10,333,103,유,"관리사무소, 보육시설, 주민공동시설, 어린이놀이터, 휴게시설, 자전거보관소, 기타",15,3
A15605002,철근콘크리트구조,3150,단일계약,위탁관리,21,918,173,무,,18,2
A10022416,철근콘크리트구조,2660,종합계약,위탁관리,2,95,59,유,"관리사무소, 휴게시설, 커뮤니티공간, 자전거보관소",27,2
A10024524,철골철근콘크리트구조,1850,단일계약,위탁관리,2,79,49,유,"관리사무소, 주민공동시설, 커뮤니티공간, 자전거보관소",18,2
A15603205,철근콘크리트구조,2350,단일계약,위탁관리,21,927,76,유,"관리사무소, 노인정, 어린이놀이터, 커뮤니티공간, 자전거보관소",18,0
A15605103,철근콘크리트구조,8300,종합계약,위탁관리,34,2123,152,무,"관리사무소, 노인정, 주민공동시설, 어린이놀이터, 유치원",28,2
A15676701,철근콘크리트구조,3015,단일계약,위탁관리,14,329,36,유,"관리사무소, 노인정, 보육시설, 주민공동시설, 어린이놀이터, 유치원",25,0
A10023966,철골철근콘크리트구조,1900,종합계약,위탁관리,3,137,36,유,"관리사무소, 휴게시설, 커뮤니티공간, 자전거보관소",19,3
A10020222,철골철근콘크리트구조,3650,종합계약,관리방식미정,16,509,131,유,"관리사무소, 노인정, 주민공동시설, 어린이놀이터, 휴게시설, 커뮤니티공간, 자전거보관소",29,6
A10021490,,,,,0,0,,,,10,0
A15603401,철근콘크리트구조,890,단일계약,위탁관리,4,254,50,무,"관리사무소, 노인정, 어린이놀이터, 휴게시설, 커뮤니티공간, 자전거보관소",18,3
A15603502,철근콘크리트구조,1700,단일계약,위탁관리,17,488,113,무,"관리사무소, 노인정, 어린이놀이터",15,0
A15603006,철근콘크리트구조,4200,종합계약,위탁관리,58,2272,377,유,"관리사무소, 노인정, 보육시설, 문고, 어린이놀이터, 자전거보관소",15,2
A15603002,철근콘크리트구조,1900,단일계약,위탁관리,13,459,85,무,"관리사무소, 노인정, 주민공동시설, 어린이놀이터, 유치원, 자전거보관소",18,2
A10022720,철근콘크리트구조,5150,종합계약,위탁관리,52,939,589,유,"관리사무소, 노인정, 보육시설, 문고, 주민공동시설, 어린이놀이터, 휴게시설, 유치원, 커뮤니티공간, 자전거보관소",18,4
A10027614,철근콘크리트구조,1369,종합계약,위탁관리,2,125,74,무,관리사무소,15,2
A15683601,철근콘크리트구조,850,단일계약,위탁관리,5,291,41,무,"관리사무소, 노인정, 어린이놀이터",15,6
A10022916,철근콘크리트구조,500,단일계약,위탁관리,4,136,32,유,,13,0
A10027633,철근콘크리트구조,3750,단일계약,위탁관리,16,745,164,유,"관리사무소, 노인정, 보육시설, 문고, 주민공동시설, 어린이놀이터, 휴게시설, 커뮤니티공간, 자전거보관소",23,3
A10022456,,,,,0,0,,,,12,0
A15603004,철근콘크리트구조,1700,단일계약,위탁관리,10,775,101,무,"관리사무소, 노인정, 보육시설, 주민공동시설, 어린이놀이터, 휴게시설, 자전거보관소",15,0
A15603003,철근콘크리트구조,995,단일계약,위탁관리,8,133,23,무,"관리사무소, 어린이놀이터, 자전거보관소",18,1
A15603206,철근콘크리트구조,4750,단일계약,위탁관리,41,1638,435,유,"관리사무소, 노인정, 보육시설, 문고, 주민공동시설, 어린이놀이터, 커뮤니티공간, 자전거보관소",15,3
A15603009,철근콘크리트구조,900,종합계약,위탁관리,6,165,81,유,"관리사무소, 노인정, 주민공동시설, 어린이놀이터, 자전거보관소",12,3
A10024777,철근콘크리트구조,850,종합계약,위탁관리,0,192,91,유,,10,2
A15603001,철근콘크리트구조,1100,단일계약,위탁관리,6,185,26,무,"관리사무소, 노인정, 어린이놀이터",13,1
A15683402,철근콘크리트구조,2600,단일계약,위탁관리,17,708,104,무,"관리사무소, 노인정, 보육시설, 주민공동시설, 어린이놀이터",25,3
A15671801,철근콘크리트구조,1560,종합계약,위탁관리,8,255,63,유,"관리사무소, 노인정, 주민공동시설, 어린이놀이터, 자전거보관소",18,2
A15603204,철근콘크리트구조,1960,단일계약,위탁관리,15,649,108,무,"관리사무소, 노인정, 자전거보관소",19,2
A15603007,철골철근콘크리트구조,400,종합계약,위탁관리,2,120,36,무,"관리사무소, 노인정, 보육시설, 어린이놀이터, 자전거보관소",18,3
A15678102,철근콘크리트구조,1650,단일계약,위탁관리,16,432,64,유,"관리사무소, 노인정, 주민공동시설, 어린이놀이터",17,3
A15683901,철근콘크리트구조,2100,단일계약,위탁관리,15,452,73,유,"관리사무소, 노인정, 어린이놀이터, 자전거보관소",15,2
A10024365,철근콘크리트구조,4500,종합계약,위탁관리,31,1136,618,유,"관리사무소, 노인정, 보육시설, 문고, 주민공동시설, 어린이놀이터, 휴게시설, 유치원, 커뮤니티공간, 자전거보관소, 기타",20,5
A10027424,철근콘크리트구조,2900,단일계약,위탁관리,13,549,127,무,"관리사무소, 노인정, 보육시설, 문고, 어린이놀이터, 휴게시설, 커뮤니티공간, 자전거보관소",25,2
A15678101,철근콘크리트구조,645,단일계약,위탁관리,6,206,48,무,"관리사무소, 노인정, 어린이놀이터, 휴게시설, 자전거보관소",15,2
A10027472,철골철근콘크리트구조,1300,단일계약,위탁관리,6,231,72,유,"관리사무소, 노인정, 주민공동시설, 어린이놀이터, 커뮤니티공간, 자전거보관소",28,4
A15603203,철근콘크리트구조,1300,단일계약,위탁관리,11,503,76,유,"관리사무소, 노인정, 어린이놀이터",22,2
A10025768,벽돌구조,3750,종합계약,위탁관리,21,1156,399,유,"관리사무소, 노인정, 보육시설, 문고, 주민공동시설, 어린이놀이터, 휴게시설, 유치원, 커뮤니티공간, 자전거보관소, 기타",29,4
A15678103,철근콘크리트구조,8500,단일계약,위탁관리,57,1967,1214,유,"관리사무소, 노인정, 어린이놀이터, 커뮤니티공간, 자전거보관소",18,0
A15603008,철근콘크리트구조,6250,단일계약,위탁관리,28,1185,199,유,"관리사무소, 노인정, 보육시설, 문고, 주민공동시설, 어린이놀이터, 커뮤니티공간, 자전거보관소",20,4
A15606001,철근콘크리트구조,750,단일계약,위탁관리,13,282,50,무,"관리사무소, 노인정, 문고, 자전거보관소",13,2
A10026873,철근콘크리트구조,495,단일계약,위탁관리,5,57,16,무,"관리사무소, 노인정, 어린이놀이터, 자전거보관소",13,0
A15606007,철근콘크리트구조,2050,종합계약,위탁관리,10,637,159,유,"관리사무소, 노인정, 보육시설, 문고, 주민공동시설, 어린이놀이터, 커뮤니티공간, 자전거보관소",29,3
A15676702,철근콘크리트구조,625,단일계약,위탁관리,2,125,32,무,"관리사무소, 노인정, 어린이놀이터, 자전거보관소",17,2
A15606003,철근콘크리트구조,1600,단일계약,위탁관리,14,581,121,무,"관리사무소, 노인정, 보육시설, 주민공동시설, 어린이놀이터, 휴게시설, 커뮤니티공간, 자전거보관소",18,2
A15606004,철근콘크리트구조,1450,종합계약,위탁관리,16,492,103,무,"관리사무소, 노인정, 어린이놀이터",12,0
A15605102,철근콘크리트구조,1000,종합계약,위탁관리,8,323,52,무,"관리사무소, 노인정, 어린이놀이터, 자전거보관소",18,3
A15606002,철근콘크리트구조,1260,단일계약,위탁관리,7,325,64,무,"관리사무소, 노인정, 어린이놀이터, 자전거보관소",25,2
A15606005,철근콘크리트구조,700,단일계약,위탁관리,4,164,36,무,"관리사무소, 노인정, 주민공동시설, 어린이놀이터",17,2
A15679105,철근콘크리트구조,1900,종합계약,위탁관리,21,572,103,무,"관리사무소, 노인정, 어린이놀이터, 자전거보관소, 기타",15,0
A10025770,철골철근콘크리트구조,5400,종합계약,위탁관리,78,1338,558,유,"관리사무소, 노인정, 보육시설, 문고, 주민공동시설, 어린이놀이터, 휴게시설, 커뮤니티공간, 자전거보관소",28,3
A15679103,철근콘크리트구조,600,단일계약,위탁관리,6,223,32,무,"관리사무소, 노인정, 어린이놀이터, 자전거보관소",17,2
A15607001,철근콘크리트구조,1550,단일계약,위탁관리,13,432,85,무,"관리사무소, 노인정, 어린이놀이터, 휴게시설, 자전거보관소",17,2
A10025867,철근콘크리트구조,3250,단일계약,위탁관리,20,700,421,유,"관리사무소, 노인정, 보육시설, 문고, 주민공동시설, 어린이놀이터, 휴게시설, 유치원, 커뮤니티공간, 자전거보관소",23,4
A10023350,철근콘크리트구조,12500,종합계약,위탁관리,72,2269,656,유,"관리사무소, 노인정, 문고, 주민공동시설, 어린이놀이터, 휴게시설, 유치원, 커뮤니티공간, 자전거보관소, 기타",20,5
A15679104,철근콘크리트구조,500,단일계약,위탁관리,2,138,28,무,"관리사무소, 보육시설, 주민공동시설, 어린이놀이터",14,0
A15679107,철근콘크리트구조,3000,종합계약,위탁관리,20,807,207,유,"관리사무소, 노인정, 보육시설, 문고, 주민공동시설, 어린이놀이터, 휴게시설, 커뮤니티공간, 자전거보관소",20,3
A15679109,철근콘크리트구조,6500,종합계약,위탁관리,34,1247,361,유,"관리사무소, 노인정, 보육시설, 문고, 주민공동시설, 어린이놀이터, 휴게시설, 유치원, 커뮤니티공간, 자전거보관소, 기타",20,4
A15679108,철근콘크리트구조,4659,종합계약,위탁관리,33,1155,290,유,"관리사무소, 노인정, 보육시설, 문고, 주민공동시설, 어린이놀이터, 휴게시설, 커뮤니티공간, 자전거보관소",19,4
A15685702,철근콘크리트구조,2550,단일계약,위탁관리,26,696,135,무,"관리사무소, 노인정, 어린이놀이터",15,0
A15679106,철골철근콘크리트구조,950,단일계약,위탁관리,5,324,42,무,"관리사무소, 자전거보관소",20,5
A15608002,철근콘크리트구조,800,단일계약,위탁관리,18,329,30,유,"관리사무소, 노인정, 주민공동시설, 어린이놀이터, 자전거보관소",23,1
A15608001,철골콘크리트구조,950,단일계약,위탁관리,8,263,57,무,"관리사무소, 노인정, 어린이놀이터, 자전거보관소",15,2
A10023898,철근콘크리트구조,2797,단일계약,위탁관리,17,436,137,유,"관리사무소, 노인정, 주민공동시설, 어린이놀이터, 휴게시설, 유치원, 커뮤니티공간, 기타",15,2
A15608003,철근콘크리트구조,3750,종합계약,위탁관리,27,900,326,유,"관리사무소, 노인정, 보육시설, 어린이놀이터, 커뮤니티공간",15,2
A15677501,철근콘크리트구조,2400,단일계약,위탁관리,9,599,137,유,"관리사무소, 노인정, 어린이놀이터, 자전거보관소",28,3
A10024811,철골철근콘크리트구조,400,단일계약,위탁관리,3,137,32,무,"관리사무소, 노인정",15,2
A10026299,철근콘크리트구조,3450,종합계약,위탁관리,18,873,303,유,"관리사무소, 노인정, 보육시설, 문고, 주민공동시설, 어린이놀이터, 휴게시설, 커뮤니티공간, 자전거보관소",25,4
A10022230,,,,,0,0,,,,16,2
A15609005,철근콘크리트구조,3300,단일계약,위탁관리,35,1200,70,무,"관리사무소, 노인정, 어린이놀이터, 휴게시설, 자전거보관소",15,0
A10022181,철골철근콘크리트구조,23280,단일계약,위탁관리,10,145,32,유,"관리사무소, 노인정, 어린이놀이터",12,1
A15609303,철근콘크리트구조,950,단일계약,위탁관리,8,347,64,무,"관리사무소, 노인정, 어린이놀이터, 휴게시설, 자전거보관소",18,2
A15681503,철근콘크리트구조,3650,단일계약,위탁관리,35,1160,62,무,"관리사무소, 노인정, 어린이놀이터",20,1
A15609008,철골철근콘크리트구조,400,종합계약,자치관리,2,120,16,,"관리사무소, 어린이놀이터, 휴게시설",19,3
A15609306,콘크리트구조,3350,단일계약,위탁관리,24,1250,138,유,"관리사무소, 노인정, 보육시설, 어린이놀이터",20,3
A15609301,철근콘크리트구조,950,단일계약,위탁관리,8,267,45,무,"관리사무소, 노인정, 어린이놀이터",15,1
A10025013,철골철근콘크리트구조,4650,종합계약,위탁관리,36,1213,689,유,"관리사무소, 노인정, 문고, 주민공동시설, 어린이놀이터, 유치원, 커뮤니티공간, 자전거보관소",18,4
A15609305,철근콘크리트구조,2000,단일계약,위탁관리,24,744,71,무,"관리사무소, 주민공동시설, 어린이놀이터, 휴게시설, 자전거보관소, 기타",20,3
A10021807,철근콘크리트구조,525,종합계약,관리방식미정,0,118,31,무,"관리사무소, 노인정, 어린이놀이터",12,1
A15609401,철근콘크리트구조,1120,단일계약,위탁관리,6,225,36,유,"노인정, 어린이놀이터, 휴게시설",16,2
A15609002,철근콘크리트구조,800,단일계약,위탁관리,5,222,62,무,"관리사무소, 노인정",17,3
A15677204,철근콘크리트구조,1950,단일계약,위탁관리,15,613,103,무,"관리사무소, 노인정, 주민공동시설, 어린이놀이터, 휴게시설, 자전거보관소",15,0
A15681501,철근콘크리트구조,2210,단일계약,위탁관리,16,538,118,무,"관리사무소, 노인정, 어린이놀이터, 휴게시설, 자전거보관소",15,1
A15681502,철근콘크리트구조,2500,단일계약,위탁관리,21,767,111,무,"관리사무소, 노인정, 어린이놀이터, 휴게시설, 유치원",15,0
A15609001,철근콘크리트구조,900,종합계약,위탁관리,10,157,44,무,"관리사무소, 노인정, 어린이놀이터, 커뮤니티공간, 자전거보관소",9,3
A15609502,철근콘크리트구조,2150,단일계약,위탁관리,17,719,70,무,"관리사무소, 노인정, 보육시설, 어린이놀이터, 자전거보관소",25,3
A15609501,철근콘크리트구조,600,단일계약,위탁관리,3,187,12,무,"관리사무소, 노인정, 어린이놀이터, 자전거보관소",10,0
A10024642,,,,,0,0,,,,14,0
A15681802,철근콘크리트구조,970,단일계약,위탁관리,5,193,28,무,"관리사무소, 노인정, 어린이놀이터, 자전거보관소",15,1
A15609003,철근콘크리트구조,1900,단일계약,위탁관리,18,527,134,유,"관리사무소, 노인정, 어린이놀이터, 휴게시설, 자전거보관소",15,3
A10020085,철골철근콘크리트구조,,,위탁관리,3,0,,,,15,3
A15609006,철근콘크리트구조,1070,종합계약,위탁관리,8,320,62,무,"관리사무소, 노인정, 어린이놀이터",19,0
A15609007,철근콘크리트구조,2850,단일계약,위탁관리,15,533,104,유,"관리사무소, 노인정, 보육시설, 문고, 주민공동시설, 어린이놀이터, 커뮤니티공간, 자전거보관소",17,3
A10027495,철골철근콘크리트구조,5965,종합계약,위탁관리,6,276,64,유,,24,7
A10024245,철골철근콘크리트구조,3180,종합계약,위탁관리,21,657,313,유,"관리사무소, 노인정, 보육시설, 주민공동시설, 어린이놀이터, 커뮤니티공간, 자전거보관소",15,3
A15602007,철근콘크리트구조,2000,단일계약,위탁관리,16,709,90,무,,24,3
A10022384,철근콘크리트구조,500,단일계약,위탁관리,4,205,25,무,,18,2
A15681104,철근콘크리트구조,500,단일계약,위탁관리,8,331,64,무,"관리사무소, 노인정, 어린이놀이터, 자전거보관소",19,2
A15602001,철근콘크리트구조,1200,단일계약,위탁관리,6,188,73,무,"관리사무소, 노인정, 어린이놀이터, 자전거보관소",15,2
A15681110,철근콘크리트구조,3150,단일계약,위탁관리,36,1860,238,유,"관리사무소, 노인정, 주민공동시설, 어린이놀이터, 휴게시설, 자전거보관소",19,1
A10023859,철근콘크리트구조,500,단일계약,위탁관리,5,111,39,,"관리사무소, 노인정, 주민공동시설, 어린이놀이터, 자전거보관소",19,2
A15681105,철근콘크리트구조,1500,단일계약,위탁관리,11,464,64,무,"관리사무소, 노인정, 주민공동시설, 어린이놀이터, 자전거보관소",26,0
A15681103,철근콘크리트구조,600,단일계약,위탁관리,5,207,36,무,"관리사무소, 노인정, 어린이놀이터",23,2
A15676512,철근콘크리트구조,1150,기타,위탁관리,13,199,49,무,"관리사무소, 노인정, 어린이놀이터, 유치원, 자전거보관소",15,0
A15681108,철근콘크리트구조,200,기타,위탁관리,12,426,55,무,"관리사무소, 노인정, 어린이놀이터, 자전거보관소",15,1
A15681106,철근콘크리트구조,1750,단일계약,위탁관리,12,524,80,무,"관리사무소, 노인정, 주민공동시설, 어린이놀이터, 자전거보관소",23,3
A15602002,철근콘크리트구조,700,종합계약,위탁관리,6,228,41,유,"관리사무소, 노인정, 어린이놀이터, 휴게시설, 자전거보관소",19,1
A10024752,철골철근콘크리트구조,625,단일계약,위탁관리,2,74,16,무,"관리사무소, 노인정, 어린이놀이터, 자전거보관소",18,1
A10020786,,,,,0,0,,,,25,2
A15670001,철근콘크리트구조,4000,종합계약,위탁관리,12,991,118,무,"관리사무소, 노인정, 보육시설, 주민공동시설, 휴게시설, 유치원, 커뮤니티공간, 자전거보관소",28,4
A10023551,철골철근콘크리트구조,2550,종합계약,위탁관리,11,326,68,유,"관리사무소, 노인정, 어린이놀이터, 휴게시설, 커뮤니티공간, 자전거보관소",29,6
A15601003,철근콘크리트구조,1800,종합계약,위탁관리,13,546,159,유,"관리사무소, 노인정, 보육시설, 문고, 어린이놀이터, 자전거보관소",19,3
A15601104,철근콘크리트구조,2350,단일계약,위탁관리,22,732,112,유,"관리사무소, 노인정, 보육시설, 주민공동시설, 어린이놀이터, 자전거보관소",21,3
A15672002,철골철근콘크리트구조,2350,종합계약,위탁관리,8,649,64,유,"관리사무소, 주민공동시설, 어린이놀이터, 휴게시설, 자전거보관소, 기타",49,4
A15601002,철골철근콘크리트구조,2650,종합계약,위탁관리,4,253,36,무,"관리사무소, 노인정, 자전거보관소",41,0
A15672001,철근콘크리트구조,1050,단일계약,위탁관리,4,237,48,무,"관리사무소, 주민공동시설",22,4
A10024098,철근콘크리트구조,3750,단일계약,위탁관리,21,1058,293,유,"관리사무소, 노인정, 보육시설, 문고, 어린이놀이터, 자전거보관소, 기타",38,3
A15685503,철근콘크리트구조,1800,단일계약,위탁관리,11,490,72,무,"관리사무소, 노인정, 어린이놀이터, 휴게시설, 자전거보관소",15,2
A10025504,철골철근콘크리트구조,700,단일계약,위탁관리,5,159,32,무,"관리사무소, 노인정, 어린이놀이터, 휴게시설, 자전거보관소",13,1
A15601004,,,,,0,0,,,,12,1
A15601102,철근콘크리트구조,950,단일계약,위탁관리,7,423,51,무,"관리사무소, 노인정, 주민공동시설, 어린이놀이터, 휴게시설, 자전거보관소",23,0
A15601103,철근콘크리트구조,1150,단일계약,위탁관리,11,496,64,무,"관리사무소, 노인정, 주민공동시설, 어린이놀이터, 휴게시설, 자전거보관소",20,2
A10021100,,,,,0,0,,,,17,2
A15601201,철근콘크리트구조,213,기타,위탁관리,2,82,15,무,"관리사무소, 노인정, 어린이놀이터, 자전거보관소",14,1
A15685206,철근콘크리트구조,3450,단일계약,위탁관리,33,1026,200,무,"관리사무소, 노인정, 어린이놀이터, 휴게시설, 유치원, 커뮤니티공간, 자전거보관소",20,1
A15685201,철근콘크리트구조,600,기타,위탁관리,2,188,35,,"관리사무소, 노인정, 보육시설, 어린이놀이터, 휴게시설, 자전거보관소, 기타",19,2
A15601202,철근콘크리트구조,1300,종합계약,위탁관리,7,295,47,무,"관리사무소, 노인정, 보육시설, 어린이놀이터, 휴게시설, 자전거보관소",21,1
A15601105,철근콘크리트구조,1750,단일계약,위탁관리,22,892,194,무,"관리사무소, 노인정, 보육시설, 주민공동시설, 어린이놀이터, 휴게시설, 유치원, 커뮤니티공간, 자전거보관소",20,2
A15183001,일반철골구조,2031,단일계약,위탁관리,4,237,82,무,"관리사무소, 어린이놀이터, 자전거보관소, 기타",23,6
A10022217,철근콘크리트구조,450,단일계약,위탁관리,4,135,16,유,,19,1
A10023372,철골콘크리트구조,980,종합계약,위탁관리,2,72,30,유,"관리사무소, 주민공동시설, 커뮤니티공간, 자전거보관소, 기타",20,2
A10020718,철골철근콘크리트구조,900,종합계약,위탁관리,7,18,76,유,"관리사무소, 주민공동시설, 휴게시설, 커뮤니티공간, 자전거보관소",4,1
A10025428,철근콘크리트구조,1250,종합계약,위탁관리,8,166,53,무,"관리사무소, 노인정",14,2
A10025092,철골철근콘크리트구조,7100,종합계약,위탁관리,49,1520,537,유,"관리사무소, 노인정, 보육시설, 문고, 주민공동시설, 어린이놀이터, 유치원, 커뮤니티공간, 자전거보관소, 기타",20,3
A15192201,철근콘크리트구조,2300,단일계약,위탁관리,34,532,71,무,"관리사무소, 노인정, 주민공동시설, 어린이놀이터, 휴게시설, 커뮤니티공간, 자전거보관소",20,0
A15180705,철근콘크리트구조,10500,단일계약,위탁관리,92,5404,437,무,"관리사무소, 노인정, 주민공동시설, 어린이놀이터",27,2
A15105503,철근콘크리트구조,3000,단일계약,위탁관리,24,898,135,무,"관리사무소, 노인정, 주민공동시설, 어린이놀이터",24,5
A15178201,철근콘크리트구조,5550,단일계약,위탁관리,43,2176,291,무,"관리사무소, 노인정, 문고, 주민공동시설, 어린이놀이터, 커뮤니티공간, 자전거보관소, 기타",25,0
A15178204,철골철근콘크리트구조,1600,종합계약,위탁관리,9,424,82,무,"관리사무소, 노인정, 주민공동시설, 어린이놀이터",22,2
A15105603,철골철근콘크리트구조,5000,단일계약,위탁관리,31,1767,229,유,"관리사무소, 노인정, 보육시설, 주민공동시설, 어린이놀이터, 휴게시설, 유치원",29,2
A10024638,철근콘크리트구조,655,종합계약,위탁관리,6,130,20,유,"관리사무소, 노인정, 어린이놀이터, 자전거보관소",14,1
A10024514,철근콘크리트구조,3150,종합계약,위탁관리,4,248,118,유,관리사무소,20,6
A15105008,철골철근콘크리트구조,1750,종합계약,위탁관리,11,417,133,유,"관리사무소, 노인정, 보육시설, 문고, 주민공동시설, 어린이놀이터, 자전거보관소",22,5
A15105302,철근콘크리트구조,6500,단일계약,위탁관리,36,2110,230,유,"관리사무소, 노인정, 보육시설, 문고, 어린이놀이터, 자전거보관소",24,4
A15105301,철근콘크리트구조,1210,단일계약,위탁관리,4,280,45,무,"관리사무소, 노인정, 보육시설, 주민공동시설, 어린이놀이터, 자전거보관소",20,0
A15105303,철근콘크리트구조,3950,단일계약,위탁관리,61,1223,302,무,"관리사무소, 노인정, 어린이놀이터, 자전거보관소",15,0
A15181602,철근콘크리트구조,900,단일계약,위탁관리,5,224,23,무,"관리사무소, 노인정, 어린이놀이터",15,0
A10020559,철골철근콘크리트구조,444,종합계약,위탁관리,3,149,36,유,"관리사무소, 노인정, 주민공동시설, 어린이놀이터, 자전거보관소",16,2
A15105006,철근콘크리트구조,1400,종합계약,위탁관리,10,426,64,무,"관리사무소, 노인정, 주민공동시설, 어린이놀이터",21,0
A10021687,철골콘크리트구조,150,종합계약,위탁관리,2,108,25,무,"관리사무소, 어린이놀이터",16,0
A10021647,철골콘크리트구조,600,단일계약,위탁관리,1,38,9,유,,15,2
A10020665,,,,,0,0,,,,12,0
A15105004,철근콘크리트구조,2460,단일계약,위탁관리,25,711,124,무,"관리사무소, 노인정, 보육시설, 주민공동시설, 어린이놀이터, 자전거보관소",15,0
A15176602,철골철근콘크리트구조,750,단일계약,위탁관리,3,168,21,유,"관리사무소, 노인정, 어린이놀이터, 자전거보관소",19,2
A15192202,철근콘크리트구조,2000,단일계약,위탁관리,10,500,85,무,"관리사무소, 노인정, 어린이놀이터, 자전거보관소",24,3
A15106901,철근콘크리트구조,5800,단일계약,위탁관리,47,2452,176,무,"관리사무소, 노인정, 보육시설, 어린이놀이터, 유치원, 자전거보관소",23,0
A15178203,철근콘크리트구조,1300,단일계약,위탁관리,5,264,56,무,"관리사무소, 노인정, 보육시설, 주민공동시설, 어린이놀이터, 자전거보관소",23,3
A15178202,철근콘크리트구조,950,단일계약,위탁관리,8,329,45,유,"관리사무소, 노인정, 주민공동시설, 어린이놀이터, 휴게시설, 자전거보관소",23,2
A15180701,철근콘크리트구조,900,종합계약,위탁관리,5,218,31,무,"관리사무소, 노인정, 어린이놀이터, 자전거보관소",19,3
A15106001,철근콘크리트구조,650,단일계약,위탁관리,6,139,31,무,"관리사무소, 노인정, 자전거보관소",15,2
A15105602,철근콘크리트구조,1100,단일계약,위탁관리,5,217,40,무,"관리사무소, 노인정, 주민공동시설, 어린이놀이터, 자전거보관소, 기타",21,2
A15106101,철근콘크리트구조,950,단일계약,위탁관리,8,211,47,유,"관리사무소, 노인정, 문고, 어린이놀이터, 휴게시설, 자전거보관소",16,3
A15106103,철근콘크리트구조,900,단일계약,위탁관리,7,337,100,무,"관리사무소, 노인정, 어린이놀이터, 자전거보관소",15,3
A15105005,철근콘크리트구조,900,종합계약,위탁관리,6,293,48,무,"관리사무소, 노인정, 어린이놀이터",18,3
A15184101,철근콘크리트구조,1300,단일계약,위탁관리,14,417,79,무,"관리사무소, 노인정, 주민공동시설, 어린이놀이터, 자전거보관소",15,2
A10024666,철골철근콘크리트구조,1650,종합계약,위탁관리,5,235,89,유,"관리사무소, 자전거보관소",15,4
A15176202,철근콘크리트구조,5250,단일계약,위탁관리,52,1664,250,무,"관리사무소, 노인정, 주민공동시설, 어린이놀이터",24,3
A10024894,철골철근콘크리트구조,2250,종합계약,위탁관리,18,770,218,유,"관리사무소, 노인정, 문고, 주민공동시설, 어린이놀이터, 휴게시설, 커뮤니티공간, 자전거보관소",18,3
A10023490,,,,,0,0,,,,6,0
A10020169,철골철근콘크리트구조,1423,종합계약,위탁관리,0,118,79,유,,18,2
A10021724,철근콘크리트구조,750,단일계약,위탁관리,1,34,57,유,,20,2
A10026710,철골철근콘크리트구조,1010,단일계약,위탁관리,4,64,117,유,,15,4
A10020964,철골철근콘크리트구조,6240,종합계약,관리방식미정,30,1264,417,유,,28,3
A15101903,철근콘크리트구조,1500,단일계약,위탁관리,17,573,75,무,"관리사무소, 노인정, 보육시설, 어린이놀이터, 자전거보관소",15,0
A15176701,철근콘크리트구조,1650,종합계약,위탁관리,19,372,104,무,"관리사무소, 노인정, 주민공동시설, 어린이놀이터, 유치원, 커뮤니티공간",15,0
A15101504,철근콘크리트구조,9600,단일계약,위탁관리,81,3386,642,유,"관리사무소, 노인정, 주민공동시설, 어린이놀이터, 자전거보관소",20,3
A15101702,철근콘크리트구조,850,단일계약,위탁관리,6,362,63,무,"관리사무소, 노인정, 주민공동시설, 어린이놀이터, 자전거보관소",20,3
A10026910,철근콘크리트구조,400,단일계약,위탁관리,5,158,29,무,"관리사무소, 어린이놀이터, 휴게시설, 자전거보관소",18,1
A10020921,철골콘크리트구조,400,종합계약,위탁관리,4,0,,,,16,0
A15186002,철근콘크리트구조,920,종합계약,위탁관리,14,169,51,무,"관리사무소, 노인정, 보육시설, 어린이놀이터, 자전거보관소",15,0
A15177101,철근콘크리트구조,988,단일계약,위탁관리,4,132,18,무,"관리사무소, 노인정, 어린이놀이터",22,1
A15101501,철근콘크리트구조,800,종합계약,위탁관리,5,151,41,무,"관리사무소, 노인정, 어린이놀이터, 자전거보관소",18,2
A15101506,철근콘크리트구조,2650,단일계약,위탁관리,29,1930,323,무,"관리사무소, 노인정, 보육시설, 주민공동시설, 어린이놀이터, 자전거보관소",25,6
A10020658,철골콘크리트구조,3727,종합계약,위탁관리,24,597,338,유,"관리사무소, 노인정, 보육시설, 주민공동시설, 어린이놀이터, 휴게시설, 커뮤니티공간, 자전거보관소",17,4
A10021418,철골콘크리트구조,2350,종합계약,위탁관리,6,212,192,유,,16,0
A10024749,철골철근콘크리트구조,500,단일계약,위탁관리,3,141,18,무,"관리사무소, 어린이놀이터, 자전거보관소",16,2
A15101503,철근콘크리트구조,2400,단일계약,위탁관리,24,434,66,유,"관리사무소, 노인정, 주민공동시설, 어린이놀이터, 휴게시설, 커뮤니티공간, 자전거보관소",15,2
A15178401,철근콘크리트구조,700,종합계약,위탁관리,3,96,24,유,"관리사무소, 어린이놀이터, 자전거보관소",16,2
A15101509,철근콘크리트구조,700,단일계약,위탁관리,2,107,30,무,"관리사무소, 노인정, 어린이놀이터, 자전거보관소",15,3
A15185704,철근콘크리트구조,950,종합계약,위탁관리,6,310,33,무,"관리사무소, 노인정, 어린이놀이터",12,0
A15188101,철근콘크리트구조,700,단일계약,위탁관리,6,123,44,무,"관리사무소, 노인정, 어린이놀이터, 휴게시설",13,0
A15102902,철근콘크리트구조,860,단일계약,위탁관리,7,165,37,무,"관리사무소, 노인정, 어린이놀이터, 자전거보관소",19,3
A15101901,철골철근콘크리트구조,800,종합계약,위탁관리,4,186,55,무,"관리사무소, 노인정, 어린이놀이터, 유치원",20,2
A15101101,철근콘크리트구조,1500,단일계약,위탁관리,9,401,60,유,"관리사무소, 노인정, 어린이놀이터, 휴게시설, 자전거보관소",19,1
A15102202,철근콘크리트구조,950,단일계약,위탁관리,6,241,53,유,"관리사무소, 노인정, 주민공동시설, 어린이놀이터, 휴게시설, 자전거보관소",15,2
A15190301,철근콘크리트구조,750,단일계약,위탁관리,4,235,5,무,"관리사무소, 어린이놀이터",10,0
A15101505,철근콘크리트구조,850,단일계약,위탁관리,14,190,49,무,"관리사무소, 노인정, 어린이놀이터",15,1
A10024634,철골콘크리트구조,400,단일계약,위탁관리,4,111,32,유,"관리사무소, 어린이놀이터, 자전거보관소",15,1
A15101802,철근콘크리트구조,950,단일계약,위탁관리,10,383,75,유,"관리사무소, 노인정, 어린이놀이터, 자전거보관소",19,2
A15102203,철근콘크리트구조,1400,단일계약,위탁관리,8,397,66,무,"관리사무소, 노인정, 어린이놀이터, 자전거보관소",18,4
A15187101,철근콘크리트구조,800,단일계약,위탁관리,4,222,43,무,"관리사무소, 노인정, 어린이놀이터, 자전거보관소",24,2
A15101507,철근콘크리트구조,900,기타,위탁관리,14,355,62,무,"관리사무소, 노인정, 어린이놀이터, 자전거보관소",23,1
A15179403,철근콘크리트구조,1500,단일계약,위탁관리,11,487,88,무,"관리사무소, 노인정, 주민공동시설, 어린이놀이터, 휴게시설, 자전거보관소",25,1
A15188801,철근콘크리트구조,450,단일계약,위탁관리,2,131,25,,"관리사무소, 노인정, 보육시설, 주민공동시설, 어린이놀이터, 자전거보관소",18,1
A15190705,철근콘크리트구조,5000,단일계약,위탁관리,33,2117,356,유,"관리사무소, 노인정, 주민공동시설, 어린이놀이터, 유치원, 자전거보관소",24,2
A10022412,철골철근콘크리트구조,225,단일계약,위탁관리,4,116,28,무,,18,1
A15101508,철근콘크리트구조,4900,단일계약,위탁관리,38,1067,168,유,"관리사무소, 노인정, 어린이놀이터",15,1
A15185201,철근콘크리트구조,550,종합계약,위탁관리,4,175,24,무,"관리사무소, 노인정, 어린이놀이터, 자전거보관소",17,2
A10022424,,,,,0,0,,,,19,0
A15179701,철근콘크리트구조,1400,단일계약,위탁관리,11,518,111,무,"관리사무소, 노인정, 주민공동시설, 어린이놀이터, 자전거보관소",25,0
A10022801,철근콘크리트구조,2500,종합계약,위탁관리,7,158,124,유,"관리사무소, 커뮤니티공간, 자전거보관소",22,6
A10024621,,,,,0,0,,,,21,2
A10021742,철근콘크리트구조,750,단일계약,위탁관리,3,33,13,유,,11,1
A10023661,철근콘크리트구조,5068,종합계약,위탁관리,27,1303,499,유,"관리사무소, 노인정, 문고, 주민공동시설, 어린이놀이터, 커뮤니티공간, 자전거보관소",35,3
A15108001,철골철근콘크리트구조,850,종합계약,위탁관리,9,208,48,무,"관리사무소, 노인정, 어린이놀이터, 자전거보관소",11,1
A15108003,철근콘크리트구조,800,단일계약,위탁관리,9,186,50,무,"관리사무소, 노인정, 어린이놀이터",13,2
A10021899,철골철근콘크리트구조,600,종합계약,위탁관리,5,151,54,무,"관리사무소, 노인정, 어린이놀이터, 자전거보관소",12,3
A10020358,철골철근콘크리트구조,7220,종합계약,관리방식미정,47,2003,453,유,"관리사무소, 노인정, 보육시설, 문고, 주민공동시설, 어린이놀이터, 휴게시설, 커뮤니티공간, 자전거보관소",22,3
A13785008,철근콘크리트구조,3600,종합계약,위탁관리,20,1231,165,무,"관리사무소, 노인정, 주민공동시설, 어린이놀이터, 휴게시설, 커뮤니티공간, 자전거보관소",24,0
A13782803,철근콘크리트구조,2850,종합계약,위탁관리,16,782,160,무,"관리사무소, 노인정, 주민공동시설, 어린이놀이터, 휴게시설, 자전거보관소, 기타",29,3
A13784102,철근콘크리트구조,1700,종합계약,위탁관리,7,540,46,무,"관리사무소, 노인정, 주민공동시설, 어린이놀이터, 휴게시설",15,2
A13785203,철근콘크리트구조,2500,종합계약,위탁관리,15,798,87,유,"관리사무소, 노인정, 어린이놀이터, 커뮤니티공간, 자전거보관소",20,2
A13785201,철근콘크리트구조,1600,종합계약,위탁관리,11,597,46,유,"관리사무소, 노인정, 어린이놀이터, 자전거보관소",20,2
A10027585,철근콘크리트구조,900,단일계약,위탁관리,5,219,36,유,"관리사무소, 노인정, 주민공동시설, 어린이놀이터, 휴게시설, 자전거보관소",15,2
A13783001,철근콘크리트구조,1950,종합계약,위탁관리,7,626,114,무,"관리사무소, 노인정, 어린이놀이터, 커뮤니티공간",15,2
A10024171,철근콘크리트구조,5500,종합계약,위탁관리,30,1514,437,유,"관리사무소, 노인정, 보육시설, 문고, 주민공동시설, 어린이놀이터, 휴게시설, 커뮤니티공간, 자전거보관소",20,5
A13706303,철근콘크리트구조,950,단일계약,위탁관리,15,280,32,무,"관리사무소, 노인정, 어린이놀이터",13,0
A10021884,철골철근콘크리트구조,882,단일계약,위탁관리,3,268,36,무,"관리사무소, 노인정, 어린이놀이터, 휴게시설, 자전거보관소",22,2
A13783802,철근콘크리트구조,1450,종합계약,위탁관리,3,451,17,무,"관리사무소, 자전거보관소",22,4
A13785301,철근콘크리트구조,1400,단일계약,위탁관리,16,386,82,무,"관리사무소, 노인정, 주민공동시설, 어린이놀이터, 커뮤니티공간, 자전거보관소",10,3
A13706302,철근콘크리트구조,1700,단일계약,위탁관리,8,609,98,무,"관리사무소, 노인정, 주민공동시설, 어린이놀이터, 커뮤니티공간, 자전거보관소, 기타",22,2
A10023272,철근콘크리트구조,2550,단일계약,위탁관리,14,388,115,유,"관리사무소, 노인정, 문고, 주민공동시설, 어린이놀이터, 휴게시설, 커뮤니티공간, 자전거보관소, 기타",12,0
A13771001,철근콘크리트구조,5595,종합계약,위탁관리,22,1170,246,유,"관리사무소, 노인정, 보육시설, 문고, 어린이놀이터, 휴게시설, 커뮤니티공간, 자전거보관소",18,3
A13784401,철근콘크리트구조,600,종합계약,위탁관리,7,218,43,유,"관리사무소, 노인정, 어린이놀이터",13,1
A13771601,철근콘크리트구조,2500,종합계약,위탁관리,26,937,208,유,"관리사무소, 노인정, 문고, 주민공동시설, 어린이놀이터, 커뮤니티공간, 자전거보관소",15,4
A13782602,철근콘크리트구조,1750,종합계약,위탁관리,17,481,60,무,"관리사무소, 노인정, 어린이놀이터",13,0
A10021518,철골철근콘크리트구조,860,종합계약,위탁관리,7,261,64,유,"관리사무소, 노인정, 어린이놀이터, 휴게시설, 자전거보관소",15,2
A13706001,철근콘크리트구조,3800,종합계약,위탁관리,7,503,120,유,"관리사무소, 주민공동시설, 어린이놀이터, 휴게시설, 자전거보관소",25,4
A10024857,철골철근콘크리트구조,700,종합계약,위탁관리,2,123,59,유,"관리사무소, 어린이놀이터, 자전거보관소",10,4
A10025927,철근콘크리트구조,2550,종합계약,위탁관리,16,570,188,유,"관리사무소, 노인정, 보육시설, 문고, 주민공동시설, 어린이놀이터, 휴게시설, 커뮤니티공간, 자전거보관소",15,4
A13785302,철근콘크리트구조,1560,단일계약,위탁관리,16,332,27,무,"관리사무소, 노인정, 어린이놀이터, 자전거보관소",12,1
A13785005,철근콘크리트구조,1200,종합계약,위탁관리,15,277,54,무,"관리사무소, 노인정, 어린이놀이터, 자전거보관소",11,1
A13785001,철골콘크리트구조,1000,단일계약,위탁관리,8,142,31,무,"관리사무소, 노인정, 어린이놀이터",10,1
A10027016,철근콘크리트구조,1050,단일계약,위탁관리,6,392,75,무,"관리사무소, 어린이놀이터, 자전거보관소",13,2
A13770801,철골철근콘크리트구조,800,단일계약,위탁관리,2,163,23,무,관리사무소,12,4
A10020138,철골철근콘크리트구조,1100,종합계약,자치관리,5,195,44,무,노인정,15,2
A13782804,철근콘크리트구조,2750,종합계약,위탁관리,16,300,12,무,"관리사무소, 어린이놀이터, 기타",12,1
A10024322,,,,,0,0,,,,15,2
A10020303,철골철근콘크리트구조,400,기타,위탁관리,8,181,29,무,"관리사무소, 기타",9,0
A13782601,철근콘크리트구조,1300,단일계약,위탁관리,10,207,60,무,"관리사무소, 어린이놀이터, 휴게시설",12,1
A13782902,철근콘크리트구조,1775,종합계약,위탁관리,6,499,32,유,노인정,21,2
A13713001,철근콘크리트구조,1164,종합계약,위탁관리,5,292,68,유,"관리사무소, 노인정, 보육시설, 문고, 주민공동시설, 어린이놀이터, 자전거보관소",29,2
A13713002,철골철근콘크리트구조,1809,종합계약,위탁관리,8,467,91,유,"관리사무소, 노인정, 보육시설, 문고, 주민공동시설, 어린이놀이터, 커뮤니티공간, 자전거보관소, 기타",34,1
A13789002,철근콘크리트구조,660,단일계약,위탁관리,3,175,40,무,"관리사무소, 노인정, 자전거보관소",9,1
A13789203,철근콘크리트구조,2500,단일계약,위탁관리,30,433,106,무,"관리사무소, 노인정, 어린이놀이터, 휴게시설, 커뮤니티공간, 자전거보관소, 기타",15,0
A13789201,철근콘크리트구조,450,단일계약,위탁관리,6,137,32,무,"관리사무소, 노인정, 어린이놀이터, 자전거보관소",14,1
A13778212,철근콘크리트구조,2400,종합계약,위탁관리,13,673,114,무,"관리사무소, 노인정, 보육시설, 문고, 주민공동시설, 어린이놀이터, 휴게시설, 커뮤니티공간, 자전거보관소",25,1
A13778306,철근콘크리트구조,400,단일계약,위탁관리,13,222,41,무,"관리사무소, 노인정, 주민공동시설, 어린이놀이터, 유치원, 자전거보관소",15,1
A13778205,철근콘크리트구조,4150,단일계약,위탁관리,32,1424,339,유,"관리사무소, 노인정, 보육시설, 문고, 주민공동시설, 어린이놀이터, 휴게시설, 커뮤니티공간, 자전거보관소, 기타",19,2
A13778201,철근콘크리트구조,1550,단일계약,위탁관리,11,459,127,유,"관리사무소, 노인정, 보육시설, 주민공동시설, 어린이놀이터, 자전거보관소",15,0
A13778202,철근콘크리트구조,1600,단일계약,위탁관리,13,599,134,유,"관리사무소, 노인정, 보육시설, 문고, 주민공동시설, 어린이놀이터, 자전거보관소",17,3
A13778207,철근콘크리트구조,1200,단일계약,위탁관리,11,426,114,유,"관리사무소, 노인정, 보육시설, 문고, 어린이놀이터, 유치원, 자전거보관소",17,2
A13778203,철근콘크리트구조,1350,단일계약,위탁관리,7,308,96,유,"관리사무소, 노인정, 보육시설, 주민공동시설, 어린이놀이터, 휴게시설, 자전거보관소",17,2
A13778211,철근콘크리트구조,3050,종합계약,위탁관리,13,1098,191,유,"관리사무소, 노인정, 보육시설, 문고, 주민공동시설, 어린이놀이터, 휴게시설, 커뮤니티공간, 자전거보관소",25,2
A13778204,철근콘크리트구조,4850,단일계약,위탁관리,30,1266,250,유,"관리사무소, 노인정, 보육시설, 주민공동시설, 어린이놀이터, 휴게시설, 유치원, 커뮤니티공간, 자전거보관소",25,2
A13790004,철근콘크리트구조,1600,단일계약,위탁관리,14,653,72,무,"관리사무소, 노인정, 어린이놀이터, 휴게시설, 자전거보관소, 기타",15,2
A13790003,철근콘크리트구조,1420,단일계약,위탁관리,12,281,68,무,"관리사무소, 노인정",15,0
A13790002,철근콘크리트구조,550,단일계약,위탁관리,6,311,32,무,,6,1
A13790001,철골철근콘크리트구조,166,기타,,0,259,28,무,"노인정, 자전거보관소, 기타",6,0
A13778209,철근콘크리트구조,2400,종합계약,위탁관리,11,462,108,무,"관리사무소, 노인정, 보육시설, 주민공동시설, 어린이놀이터, 휴게시설, 커뮤니티공간, 자전거보관소",25,2
A13778210,철근콘크리트구조,2100,단일계약,위탁관리,18,419,125,무,"관리사무소, 노인정, 문고, 주민공동시설, 어린이놀이터, 커뮤니티공간, 자전거보관소",25,2
A13790714,철근콘크리트구조,1050,단일계약,위탁관리,9,280,35,무,"관리사무소, 노인정, 어린이놀이터, 자전거보관소",15,0
A10025418,철근콘크리트구조,2500,종합계약,위탁관리,37,860,300,유,"관리사무소, 노인정, 주민공동시설, 어린이놀이터, 휴게시설, 유치원, 커뮤니티공간, 자전거보관소",32,3
A10027439,철골철근콘크리트구조,5000,종합계약,위탁관리,27,1308,275,유,,35,2
A13703019,철근콘크리트구조,2500,단일계약,위탁관리,12,848,112,유,"관리사무소, 노인정, 어린이놀이터, 자전거보관소, 기타",28,2
A10020557,철근콘크리트구조,23000,종합계약,위탁관리,124,5670,3021,유,"관리사무소, 노인정, 보육시설, 문고, 주민공동시설, 어린이놀이터, 휴게시설, 유치원, 커뮤니티공간, 자전거보관소, 기타",35,4
A10023673,철골철근콘크리트구조,5800,종합계약,위탁관리,24,1054,415,유,"관리사무소, 노인정, 보육시설, 문고, 주민공동시설, 어린이놀이터, 커뮤니티공간, 자전거보관소",35,3
A10023462,철골철근콘크리트구조,3700,종합계약,관리방식미정,11,529,230,유,"관리사무소, 노인정, 보육시설, 문고, 주민공동시설, 어린이놀이터, 휴게시설, 커뮤니티공간, 자전거보관소",34,3
A10024913,철골철근콘크리트구조,6250,종합계약,위탁관리,26,1202,384,유,"관리사무소, 노인정, 보육시설, 문고, 주민공동시설, 어린이놀이터, 휴게시설, 커뮤니티공간, 자전거보관소",35,2
A13790910,철근콘크리트구조,850,종합계약,위탁관리,6,250,41,무,"관리사무소, 노인정, 어린이놀이터, 자전거보관소",18,2
A10021612,철골철근콘크리트구조,600,단일계약,위탁관리,4,129,24,무,"관리사무소, 노인정, 어린이놀이터, 자전거보관소",19,3
A13790716,철근콘크리트구조,950,단일계약,위탁관리,8,323,48,,"관리사무소, 어린이놀이터, 자전거보관소",13,0
A10023971,철근콘크리트구조,500,종합계약,위탁관리,4,162,16,무,"관리사무소, 어린이놀이터, 휴게시설",14,1
A13790828,철근콘크리트구조,1815,종합계약,위탁관리,21,930,80,무,"관리사무소, 노인정",13,1
A13790721,철근콘크리트구조,2000,단일계약,위탁관리,11,400,23,무,"노인정, 어린이놀이터",10,0
A10023143,철근콘크리트구조,3250,단일계약,위탁관리,13,525,263,유,"관리사무소, 노인정, 보육시설, 문고, 주민공동시설, 어린이놀이터, 휴게시설, 커뮤니티공간, 자전거보관소",35,3
A10026004,철골철근콘크리트구조,4000,종합계약,위탁관리,21,981,326,무,"관리사무소, 노인정, 보육시설, 문고, 어린이놀이터, 유치원, 커뮤니티공간, 자전거보관소",28,3
A13790713,철근콘크리트구조,981,단일계약,위탁관리,10,349,59,무,"관리사무소, 노인정, 어린이놀이터, 휴게시설, 자전거보관소",18,2
A13790717,철근콘크리트구조,945,단일계약,위탁관리,4,280,26,무,"관리사무소, 노인정, 어린이놀이터",11,0
A13790709,철근콘크리트구조,500,종합계약,위탁관리,4,116,20,무,"관리사무소, 어린이놀이터, 자전거보관소",11,0
A13790929,철근콘크리트구조,3950,종합계약,위탁관리,25,1197,58,무,"관리사무소, 어린이놀이터, 자전거보관소",12,0
A13790726,철골철근콘크리트구조,1800,단일계약,위탁관리,5,392,76,,"관리사무소, 노인정, 어린이놀이터",13,0
A10026227,철골콘크리트구조,3500,종합계약,위탁관리,11,890,301,유,"관리사무소, 노인정, 보육시설, 문고, 주민공동시설, 어린이놀이터, 휴게시설, 유치원, 커뮤니티공간, 자전거보관소",35,2
A10020044,철골콘크리트구조,,,,18,444,,,"관리사무소, 노인정, 보육시설, 문고, 주민공동시설, 어린이놀이터, 휴게시설, 커뮤니티공간, 자전거보관소",20,4
A10020027,,,,관리방식미정,6,271,154,,"관리사무소, 노인정, 주민공동시설, 어린이놀이터, 커뮤니티공간, 자전거보관소, 기타",30,3
A10026977,철근콘크리트구조,400,단일계약,위탁관리,5,132,32,무,"관리사무소, 노인정",15,1
A10022466,철골철근콘크리트구조,850,단일계약,위탁관리,4,213,58,무,,17,2
A13790604,철근콘크리트구조,580,단일계약,위탁관리,2,168,35,무,"관리사무소, 노인정, 어린이놀이터, 휴게시설, 자전거보관소",12,3
A13703027,철근콘크리트구조,1900,단일계약,위탁관리,26,1025,176,유,"관리사무소, 보육시설, 주민공동시설, 어린이놀이터, 자전거보관소",20,2
A13703011,철근콘크리트구조,1423,종합계약,위탁관리,6,470,57,유,"관리사무소, 노인정, 어린이놀이터, 자전거보관소",25,2
A13790703,철근콘크리트구조,500,종합계약,위탁관리,3,167,36,무,"관리사무소, 어린이놀이터",18,2
A10025381,철근콘크리트구조,350,종합계약,위탁관리,2,126,16,,"관리사무소, 노인정, 어린이놀이터, 자전거보관소",16,2
A13790902,철근콘크리트구조,650,단일계약,위탁관리,3,138,21,무,"관리사무소, 노인정, 어린이놀이터, 자전거보관소",15,3
A13790722,철근콘크리트구조,2175,종합계약,위탁관리,18,380,99,무,"관리사무소, 주민공동시설, 어린이놀이터, 휴게시설, 자전거보관소",15,0
A13790701,철근콘크리트구조,22900,종합계약,위탁관리,5,136,20,무,"관리사무소, 노인정, 어린이놀이터, 기타",15,1
A13790706,철근콘크리트구조,781,단일계약,위탁관리,9,134,32,무,"관리사무소, 노인정, 어린이놀이터, 휴게시설, 자전거보관소, 기타",13,1
A13790707,철근콘크리트구조,850,단일계약,위탁관리,8,158,48,무,"관리사무소, 노인정, 어린이놀이터, 자전거보관소",19,1
A10020999,철골철근콘크리트구조,450,종합계약,위탁관리,3,115,24,무,"관리사무소, 어린이놀이터",17,2
A13790612,철근콘크리트구조,950,단일계약,위탁관리,9,229,48,무,"관리사무소, 노인정, 어린이놀이터, 자전거보관소",18,1
A13790620,철근콘크리트구조,900,종합계약,위탁관리,16,530,77,무,"관리사무소, 노인정, 어린이놀이터, 자전거보관소",15,0
A13779432,철골철근콘크리트구조,500,단일계약,자치관리,4,94,16,무,"관리사무소, 노인정, 보육시설, 문고, 주민공동시설, 어린이놀이터, 휴게시설, 유치원, 커뮤니티공간, 자전거보관소, 기타",15,0
A10024646,철근콘크리트구조,700,종합계약,위탁관리,6,150,24,무,"관리사무소, 노인정, 어린이놀이터",10,0
A10024254,철근콘크리트구조,5750,종합계약,위탁관리,32,1523,510,유,"관리사무소, 노인정, 보육시설, 문고, 주민공동시설, 어린이놀이터, 휴게시설, 커뮤니티공간, 자전거보관소",35,4
A10022556,철골철근콘크리트구조,4400,종합계약,위탁관리,25,1350,483,유,"관리사무소, 커뮤니티공간, 자전거보관소",35,4
A10023043,철골콘크리트구조,20000,종합계약,위탁관리(직영+위탁),106,5460,1572,유,"관리사무소, 노인정, 보육시설, 문고, 주민공동시설, 어린이놀이터, 휴게시설, 유치원, 커뮤니티공간, 자전거보관소, 기타",35,4
A13776509,철근콘크리트구조,2600,단일계약,위탁관리,60,4368,943,유,"관리사무소, 노인정, 보육시설, 문고, 주민공동시설, 어린이놀이터, 휴게시설, 커뮤니티공간, 자전거보관소, 기타",32,3
A10026051,철근콘크리트구조,5056,단일계약,위탁관리,30,1346,486,유,"관리사무소, 노인정, 보육시설, 어린이놀이터, 커뮤니티공간, 자전거보관소",34,2
A13776301,철근콘크리트구조,4500,단일계약,위탁관리,17,1684,332,유,"관리사무소, 노인정, 보육시설, 주민공동시설, 어린이놀이터, 휴게시설, 커뮤니티공간, 자전거보관소",35,2
A13770105,철근콘크리트구조,850,단일계약,위탁관리,5,169,49,무,"관리사무소, 노인정, 보육시설, 어린이놀이터, 기타",15,0
A13704404,철근콘크리트구조,3350,단일계약,위탁관리,13,1106,96,무,"관리사무소, 노인정, 주민공동시설, 어린이놀이터",15,0
A13704101,철근콘크리트구조,750,종합계약,위탁관리,6,215,30,유,"관리사무소, 어린이놀이터",14,0
A10026015,철근콘크리트구조,5310,종합계약,위탁관리,25,1192,389,유,"관리사무소, 노인정, 보육시설, 주민공동시설, 어린이놀이터, 유치원, 커뮤니티공간, 자전거보관소, 기타",35,3
A13704104,철근콘크리트구조,19900,종합계약,위탁관리,81,6075,1233,유,"관리사무소, 노인정, 문고, 주민공동시설, 어린이놀이터, 휴게시설, 유치원, 커뮤니티공간, 자전거보관소",29,3
A13776508,철근콘크리트구조,1210,단일계약,위탁관리,10,250,63,무,"관리사무소, 어린이놀이터, 유치원, 커뮤니티공간, 자전거보관소, 기타",12,2
A13780403,철근콘크리트구조,1270,단일계약,위탁관리,12,297,68,무,"관리사무소, 노인정, 어린이놀이터, 커뮤니티공간",12,0
A13780402,철근콘크리트구조,975,단일계약,위탁관리,4,138,44,무,"관리사무소, 노인정, 어린이놀이터, 자전거보관소",15,1
A13776510,철근콘크리트구조,3380,단일계약,위탁관리,11,699,142,유,"관리사무소, 노인정, 주민공동시설, 어린이놀이터, 휴게시설, 자전거보관소, 기타",29,2
A10027205,철골철근콘크리트구조,9500,종합계약,위탁관리,43,2983,2150,유,"관리사무소, 노인정, 보육시설, 문고, 주민공동시설, 어린이놀이터, 휴게시설, 커뮤니티공간, 자전거보관소",38,3
A13780201,철근콘크리트구조,465,단일계약,위탁관리,2,146,26,무,"관리사무소, 노인정, 어린이놀이터, 자전거보관소",18,2
A13707006,철근콘크리트구조,800,단일계약,위탁관리,3,211,112,무,"관리사무소, 자전거보관소",14,4
A10022623,,,,,0,0,,,,15,5
A13707009,철근콘크리트구조,1900,단일계약,위탁관리,8,505,94,무,"관리사무소, 노인정, 어린이놀이터, 자전거보관소",31,1
A10027221,철근콘크리트구조,2000,종합계약,위탁관리,13,621,147,유,"관리사무소, 노인정, 보육시설, 문고, 주민공동시설, 어린이놀이터, 커뮤니티공간, 자전거보관소",33,2
A10024552,철근콘크리트구조,7500,종합계약,위탁관리,78,2523,663,유,"관리사무소, 노인정, 보육시설, 주민공동시설, 어린이놀이터, 휴게시설, 유치원, 커뮤니티공간, 자전거보관소",35,0
A10026411,철근콘크리트구조,3350,단일계약,위탁관리,17,854,243,유,"관리사무소, 노인정, 보육시설, 주민공동시설, 어린이놀이터, 휴게시설, 커뮤니티공간, 자전거보관소",32,2
A13707010,철골철근콘크리트구조,2100,종합계약,위탁관리,4,364,93,유,"관리사무소, 커뮤니티공간",24,6
A10021828,,,,,0,0,,,,12,2
A13785607,철근콘크리트구조,4318,단일계약,위탁관리,22,1442,131,유,"관리사무소, 노인정, 보육시설, 주민공동시설, 어린이놀이터, 휴게시설, 자전거보관소",27,2
A10022209,철근콘크리트구조,3000,종합계약,위탁관리,5,721,164,유,"관리사무소, 노인정, 주민공동시설, 어린이놀이터, 휴게시설, 커뮤니티공간, 자전거보관소, 기타",23,4
A13786901,철근콘크리트구조,950,종합계약,위탁관리,7,314,53,무,,15,2
A13787102,철골철근콘크리트구조,1160,종합계약,위탁관리,8,255,38,유,"관리사무소, 노인정, 어린이놀이터, 자전거보관소",15,2
A13770607,철근콘크리트구조,990,종합계약,위탁관리,6,397,47,유,"관리사무소, 노인정, 주민공동시설, 어린이놀이터, 커뮤니티공간, 자전거보관소",15,2
A13707016,철근콘크리트구조,2250,종합계약,위탁관리,19,763,141,유,"관리사무소, 노인정, 보육시설, 주민공동시설, 어린이놀이터, 자전거보관소",20,3
A10024240,철근콘크리트구조,7750,종합계약,위탁관리,47,2892,814,유,,35,3
A10024156,철골철근콘크리트구조,2200,종합계약,위탁관리,4,129,127,유,"관리사무소, 커뮤니티공간, 자전거보관소",12,4
A13707003,철근콘크리트구조,1100,단일계약,위탁관리,4,165,25,무,관리사무소,15,2
A13786606,철근콘크리트구조,5900,종합계약,위탁관리,10,570,112,무,"관리사무소, 문고, 어린이놀이터, 커뮤니티공간, 자전거보관소",32,4
A10026972,철골콘크리트구조,960,종합계약,위탁관리,8,300,80,무,"관리사무소, 어린이놀이터, 휴게시설, 자전거보관소",18,2
A10022474,,,,,0,0,,,,12,2
A10024987,철골철근콘크리트구조,865,단일계약,위탁관리,10,120,42,무,"관리사무소, 주민공동시설, 어린이놀이터, 휴게시설, 커뮤니티공간, 자전거보관소",15,2
A13788208,철근콘크리트구조,3750,종합계약,위탁관리,24,1825,352,무,"관리사무소, 노인정, 주민공동시설, 어린이놀이터, 자전거보관소",27,2
A10028146,철근콘크리트구조,2550,단일계약,위탁관리,7,429,112,유,"관리사무소, 노인정, 문고, 주민공동시설, 어린이놀이터, 자전거보관소",31,3
A13788003,철근콘크리트구조,1250,단일계약,위탁관리,11,476,64,무,,16,2
A13775102,철골철근콘크리트구조,2100,종합계약,위탁관리,5,285,70,무,"관리사무소, 기타",21,0
A13792001,철근콘크리트구조,7000,단일계약,위탁관리,62,2927,316,무,"관리사무소, 노인정, 어린이놀이터, 휴게시설",15,0
A10024574,철골철근콘크리트구조,3000,종합계약,위탁관리,11,365,143,유,"관리사무소, 노인정, 문고, 어린이놀이터, 유치원, 자전거보관소",33,6
A10020535,철골철근콘크리트구조,600,단일계약,위탁관리,6,381,159,유,,21,0
A13788206,철근콘크리트구조,9650,종합계약,위탁관리,23,1911,245,유,"관리사무소, 주민공동시설, 어린이놀이터, 휴게시설, 커뮤니티공간, 자전거보관소, 기타",37,6
A13770610,철근콘크리트구조,3500,종합계약,위탁관리,6,406,98,유,"관리사무소, 노인정, 주민공동시설, 어린이놀이터, 휴게시설, 커뮤니티공간, 자전거보관소",25,4
A13785705,철근콘크리트구조,990,단일계약,위탁관리,10,438,64,무,"관리사무소, 노인정, 어린이놀이터, 커뮤니티공간, 자전거보관소",23,2
A13770611,철근콘크리트구조,1450,종합계약,위탁관리,4,334,54,유,"관리사무소, 휴게시설, 자전거보관소",24,6
A13786601,철근콘크리트구조,1805,종합계약,위탁관리,6,386,88,유,"관리사무소, 노인정, 어린이놀이터, 자전거보관소",18,2
A13785604,철근콘크리트구조,2300,단일계약,위탁관리,13,540,81,무,"관리사무소, 어린이놀이터, 휴게시설",15,0
A13792306,철골철근콘크리트구조,2700,종합계약,위탁관리,9,527,116,유,"관리사무소, 노인정, 보육시설, 주민공동시설, 커뮤니티공간, 자전거보관소",25,3
A10026941,철근콘크리트구조,5250,종합계약,위탁관리,22,1284,428,무,"관리사무소, 노인정, 보육시설, 문고, 주민공동시설, 어린이놀이터, 유치원, 커뮤니티공간, 자전거보관소",35,2
A13787105,철근콘크리트구조,1350,단일계약,위탁관리,7,356,64,무,"관리사무소, 노인정, 어린이놀이터, 휴게시설, 자전거보관소",18,1
A13707019,,,,,0,0,,,,19,2
A13786704,철근콘크리트구조,935,단일계약,위탁관리,7,284,36,무,"관리사무소, 노인정, 어린이놀이터",15,2
A13788002,철골철근콘크리트구조,1025,단일계약,위탁관리,14,188,46,무,"관리사무소, 노인정, 어린이놀이터",15,0
A13788201,철근콘크리트구조,1192,종합계약,위탁관리,4,238,72,무,"관리사무소, 노인정, 어린이놀이터, 자전거보관소",18,3
A13770608,철골철근콘크리트구조,2510,종합계약,관리방식미정,6,319,60,무,"관리사무소, 휴게시설, 자전거보관소",25,6
A13772801,철근콘크리트구조,1050,단일계약,위탁관리,8,349,64,유,"관리사무소, 노인정, 어린이놀이터, 휴게시설, 자전거보관소",16,3
A13707002,철근콘크리트구조,490,단일계약,위탁관리,5,140,12,무,"관리사무소, 노인정, 어린이놀이터",13,1
A10023694,철골철근콘크리트구조,2100,단일계약,위탁관리,3,135,45,무,관리사무소,23,7
A13788203,철근콘크리트구조,1800,종합계약,위탁관리,18,428,82,무,"관리사무소, 노인정, 보육시설, 어린이놀이터, 유치원, 자전거보관소",18,1
A10025375,철근콘크리트구조,1658,종합계약,위탁관리,3,100,59,무,커뮤니티공간,19,5
A10023049,철골철근콘크리트구조,3250,종합계약,위탁관리,7,154,212,유,"관리사무소, 주민공동시설, 어린이놀이터, 휴게시설, 커뮤니티공간, 자전거보관소",21,5
A13707203,철근콘크리트구조,1777,단일계약,위탁관리,4,194,23,무,"관리사무소, 휴게시설, 자전거보관소",15,4
A10021305,철골철근콘크리트구조,2000,단일계약,위탁관리,0,283,50,유,,18,3
A13770609,철골철근콘크리트구조,7920,종합계약,위탁관리,24,1791,187,유,"관리사무소, 주민공동시설, 어린이놀이터, 자전거보관소",46,3
A10021789,철골철근콘크리트구조,1000,종합계약,위탁관리,4,157,30,유,"관리사무소, 어린이놀이터, 자전거보관소",22,7
A13718001,철근콘크리트구조,4850,단일계약,위탁관리,37,1759,427,유,"관리사무소, 노인정, 보육시설, 주민공동시설, 어린이놀이터, 자전거보관소",20,2
A10028021,철골콘크리트구조,2940,종합계약,위탁관리,27,1180,290,유,"관리사무소, 노인정, 보육시설, 문고, 주민공동시설, 어린이놀이터, 커뮤니티공간, 자전거보관소",21,3
A13716003,철근콘크리트구조,1400,단일계약,위탁관리,17,603,164,유,"관리사무소, 노인정, 보육시설, 문고, 주민공동시설, 어린이놀이터, 휴게시설, 커뮤니티공간, 자전거보관소",19,3
A13716002,철근콘크리트구조,2245,단일계약,위탁관리,19,696,196,유,"관리사무소, 노인정, 보육시설, 문고, 주민공동시설, 어린이놀이터, 휴게시설, 커뮤니티공간, 자전거보관소",17,3
A10028105,철골철근콘크리트구조,2000,단일계약,위탁관리,26,615,208,,"관리사무소, 노인정, 보육시설, 문고, 주민공동시설, 어린이놀이터, 커뮤니티공간, 자전거보관소",7,1
A13716001,철골철근콘크리트구조,1175,종합계약,위탁관리,16,330,128,무,"관리사무소, 노인정, 보육시설, 주민공동시설, 어린이놀이터, 휴게시설, 자전거보관소",7,0
A10028046,철근콘크리트구조,1600,단일계약,위탁관리,15,387,269,유,"관리사무소, 노인정, 어린이놀이터, 유치원, 커뮤니티공간, 자전거보관소",9,1
A10023825,조적구조,4500,종합계약,위탁관리,17,904,307,유,"관리사무소, 노인정, 보육시설, 주민공동시설, 어린이놀이터, 휴게시설, 커뮤니티공간, 자전거보관소",35,3
A13579506,철근콘크리트구조,1350,종합계약,위탁관리,6,387,99,유,"관리사무소, 노인정, 주민공동시설, 어린이놀이터, 자전거보관소",25,2
A10021281,철근콘크리트구조,400,종합계약,위탁관리,3,134,28,무,,18,2
A13592002,철근콘크리트구조,2250,기타,위탁관리,5,338,150,무,관리사무소,26,5
A13508003,철근콘크리트구조,3175,기타,위탁관리,6,289,48,무,관리사무소,13,4
A13508011,철근콘크리트구조,2750,종합계약,위탁관리,11,626,84,무,"관리사무소, 노인정, 보육시설, 문고, 주민공동시설, 어린이놀이터, 휴게시설, 커뮤니티공간, 자전거보관소",34,2
A13579505,철근콘크리트구조,2250,종합계약,위탁관리,13,582,157,유,"관리사무소, 노인정, 보육시설, 문고, 주민공동시설, 어린이놀이터, 커뮤니티공간, 자전거보관소",21,2
A10024813,철골철근콘크리트구조,,단일계약,위탁관리,5,312,39,,"관리사무소, 어린이놀이터, 커뮤니티공간, 자전거보관소",15,2
A13579503,철근콘크리트구조,800,단일계약,위탁관리,5,200,93,유,"관리사무소, 노인정, 어린이놀이터, 자전거보관소",26,2
A13592605,철골철근콘크리트구조,2500,종합계약,위탁관리,23,852,258,무,"관리사무소, 보육시설, 어린이놀이터, 휴게시설, 자전거보관소",25,2
A13592601,철근콘크리트구조,2250,단일계약,위탁관리,14,788,121,무,"관리사무소, 노인정, 어린이놀이터, 자전거보관소",22,2
A13579501,철근콘크리트구조,1700,종합계약,위탁관리,9,552,90,무,"관리사무소, 노인정, 주민공동시설, 어린이놀이터, 자전거보관소",24,0
A13508002,철근콘크리트구조,700,단일계약,위탁관리,5,228,50,무,"관리사무소, 어린이놀이터, 휴게시설, 자전거보관소",17,3
A13591402,철골콘크리트구조,1360,종합계약,위탁관리,7,331,50,무,"관리사무소, 노인정, 어린이놀이터, 자전거보관소",15,2
A13508004,철근콘크리트구조,600,종합계약,위탁관리,5,208,44,무,"관리사무소, 노인정, 어린이놀이터, 자전거보관소",21,2
A13592706,철근콘크리트구조,3000,단일계약,위탁관리,24,1053,248,유,"관리사무소, 노인정, 보육시설, 주민공동시설, 어린이놀이터, 휴게시설, 유치원, 자전거보관소",22,2
A13508006,철근콘크리트구조,2650,단일계약,위탁관리,8,665,105,무,"관리사무소, 노인정, 어린이놀이터, 자전거보관소",24,2
A13508010,철골철근콘크리트구조,950,종합계약,위탁관리,10,238,48,무,"관리사무소, 주민공동시설",15,5
A13508009,철근콘크리트구조,3750,단일계약,위탁관리,14,914,179,무,"관리사무소, 주민공동시설, 어린이놀이터, 휴게시설, 커뮤니티공간, 자전거보관소",21,3
A10027474,철골철근콘크리트구조,3300,단일계약,위탁관리,11,615,193,유,"관리사무소, 노인정, 보육시설, 문고, 어린이놀이터, 커뮤니티공간, 자전거보관소",31,3
A13592604,철근콘크리트구조,2100,단일계약,위탁관리,20,743,161,무,"관리사무소, 노인정, 보육시설, 어린이놀이터, 자전거보관소",24,2
A13508005,철근콘크리트구조,515,종합계약,위탁관리,2,154,19,무,"관리사무소, 노인정, 어린이놀이터",12,2
A13508001,철근콘크리트구조,600,단일계약,위탁관리,4,127,48,무,"관리사무소, 어린이놀이터",18,3
A10022749,철골철근콘크리트구조,5643,종합계약,관리방식미정,10,343,198,유,"관리사무소, 보육시설, 주민공동시설, 휴게시설, 커뮤니티공간, 자전거보관소",15,5
A13508012,철근콘크리트구조,3500,단일계약,위탁관리,11,588,200,유,"관리사무소, 노인정, 보육시설, 주민공동시설, 어린이놀이터, 자전거보관소",25,0
A13579504,철근콘크리트구조,1350,단일계약,위탁관리,4,213,31,무,"관리사무소, 휴게시설, 자전거보관소",26,6
A10024820,,,,,0,0,,,,24,2
A13593908,철근콘크리트구조,950,기타,위탁관리,12,389,96,무,"관리사무소, 노인정, 유치원",15,0
A13524006,철근콘크리트구조,1750,종합계약,위탁관리,31,500,41,무,"관리사무소, 노인정, 어린이놀이터",9,1
A10023565,철근콘크리트구조,723,단일계약,,0,94,20,무,"관리사무소, 노인정, 어린이놀이터",5,0
A13580602,철근콘크리트구조,2900,단일계약,위탁관리,26,747,102,무,"관리사무소, 노인정, 어린이놀이터, 자전거보관소",15,0
A13524009,철근콘크리트구조,2900,단일계약,위탁관리,14,511,100,무,"관리사무소, 노인정, 보육시설, 어린이놀이터, 기타",15,0
A10023996,철골철근콘크리트구조,2200,종합계약,위탁관리,9,305,210,유,"관리사무소, 노인정, 어린이놀이터, 자전거보관소, 기타",16,3
A10024564,철골철근콘크리트구조,13000,종합계약,위탁관리,82,3961,1154,유,"관리사무소, 노인정, 보육시설, 주민공동시설, 어린이놀이터, 휴게시설, 유치원, 커뮤니티공간, 자전거보관소",35,3
A13524004,철근콘크리트구조,1450,단일계약,위탁관리,11,419,64,무,"관리사무소, 노인정, 어린이놀이터",15,1
A13580002,철근콘크리트구조,804,단일계약,위탁관리(직영+위탁),14,138,55,무,"관리사무소, 어린이놀이터, 자전거보관소",9,1
A13593901,철근콘크리트구조,1600,종합계약,위탁관리,6,502,58,유,"관리사무소, 노인정, 어린이놀이터, 휴게시설, 자전거보관소",22,2
A10023348,철골철근콘크리트구조,18250,종합계약,위탁관리,135,5881,2333,유,"관리사무소, 노인정, 보육시설, 문고, 주민공동시설, 어린이놀이터, 휴게시설, 커뮤니티공간, 자전거보관소",35,4
A13599402,철근콘크리트구조,1950,단일계약,위탁관리,12,652,55,무,"관리사무소, 노인정, 주민공동시설, 어린이놀이터, 자전거보관소",14,1
A13599303,철근콘크리트구조,2950,단일계약,위탁관리,19,800,48,무,"관리사무소, 노인정, 어린이놀이터, 휴게시설",15,1
A13599301,철근콘크리트구조,2250,단일계약,위탁관리,8,1100,49,무,"관리사무소, 노인정, 어린이놀이터, 휴게시설",15,1
A13524005,철근콘크리트구조,1645,단일계약,위탁관리,16,453,70,무,"관리사무소, 노인정, 어린이놀이터, 휴게시설, 자전거보관소",13,1
A13580001,철근콘크리트구조,765,단일계약,위탁관리,11,230,26,유,"관리사무소, 어린이놀이터, 자전거보관소",9,0
A13594007,철근콘크리트구조,300,기타,위탁관리,6,276,46,무,,15,0
A10025203,철근콘크리트구조,8000,종합계약,위탁관리,38,2103,744,유,"관리사무소, 노인정, 보육시설, 문고, 주민공동시설, 어린이놀이터, 휴게시설, 커뮤니티공간, 자전거보관소",33,3
A10022859,철근콘크리트구조,31500,종합계약,위탁관리,246,12904,3887,유,"관리사무소, 노인정, 보육시설, 문고, 주민공동시설, 어린이놀이터, 휴게시설, 커뮤니티공간, 자전거보관소",35,4
A10025675,철근콘크리트구조,11603,종합계약,위탁관리,65,3153,878,유,"관리사무소, 노인정, 보육시설, 문고, 주민공동시설, 어린이놀이터, 휴게시설, 유치원, 커뮤니티공간, 자전거보관소",35,5
A13510103,철근콘크리트구조,1300,단일계약,위탁관리,26,554,121,무,"관리사무소, 노인정, 주민공동시설, 어린이놀이터, 휴게시설, 자전거보관소",15,3
A10024640,철근콘크리트구조,960,종합계약,위탁관리,14,217,68,무,"관리사무소, 어린이놀이터",15,2
A13510202,철근콘크리트구조,790,단일계약,위탁관리,9,188,25,무,"관리사무소, 어린이놀이터",13,1
A13510006,철근콘크리트구조,990,단일계약,위탁관리,8,400,42,무,"관리사무소, 노인정, 어린이놀이터, 자전거보관소",17,2
A13510003,철근콘크리트구조,950,단일계약,위탁관리,7,373,64,유,"관리사무소, 노인정, 주민공동시설, 어린이놀이터, 자전거보관소",16,2
A13510203,철근콘크리트구조,810,단일계약,위탁관리,5,319,76,유,"관리사무소, 노인정, 어린이놀이터, 자전거보관소",18,3
A13510009,철근콘크리트구조,1525,단일계약,위탁관리,7,216,105,무,"관리사무소, 노인정, 주민공동시설, 어린이놀이터, 휴게시설, 커뮤니티공간, 자전거보관소",15,2
A10020363,철골철근콘크리트구조,9581,종합계약,위탁관리,43,2417,914,유,"관리사무소, 노인정, 보육시설, 문고, 주민공동시설, 어린이놀이터, 휴게시설, 커뮤니티공간, 자전거보관소",35,4
A10021563,,,,,0,0,,,,7,3
A13510001,철근콘크리트구조,850,단일계약,위탁관리,4,160,29,무,"관리사무소, 노인정, 주민공동시설, 어린이놀이터, 휴게시설, 자전거보관소",19,2
A13510005,철근콘크리트구조,2380,종합계약,위탁관리,17,774,55,무,"관리사무소, 노인정, 어린이놀이터, 커뮤니티공간",15,0
A13510201,철근콘크리트구조,975,단일계약,위탁관리,5,207,32,무,"관리사무소, 노인정, 어린이놀이터, 자전거보관소",16,1
A10025755,철골철근콘크리트구조,680,종합계약,위탁관리,4,99,24,무,"관리사무소, 노인정, 어린이놀이터, 휴게시설",14,2
A10025280,철골철근콘크리트구조,1250,단일계약,위탁관리,3,143,60,유,"관리사무소, 노인정, 보육시설, 어린이놀이터, 자전거보관소",19,3
A10024186,철근콘크리트구조,450,종합계약,위탁관리,3,141,32,무,"관리사무소, 노인정, 어린이놀이터",18,2
A13510007,철근콘크리트구조,3750,종합계약,위탁관리,19,905,161,유,"관리사무소, 노인정, 보육시설, 주민공동시설, 어린이놀이터, 휴게시설, 커뮤니티공간, 자전거보관소",35,2
A13510102,철근콘크리트구조,1050,단일계약,위탁관리,9,414,43,무,"관리사무소, 노인정, 어린이놀이터, 자전거보관소",24,2
A13510002,철근콘크리트구조,1600,종합계약,위탁관리,3,142,75,무,"관리사무소, 커뮤니티공간",27,8
A10024131,철근콘크리트구조,4050,종합계약,위탁관리,19,1211,331,유,"관리사무소, 노인정, 보육시설, 문고, 주민공동시설, 어린이놀이터, 휴게시설, 커뮤니티공간, 자전거보관소, 기타",35,3
A13509013,철근콘크리트구조,700,종합계약,위탁관리,5,240,31,유,"관리사무소, 어린이놀이터, 휴게시설, 자전거보관소",15,1
A13509014,,,,,0,0,,,,15,2
A10023020,철골철근콘크리트구조,1733,종합계약,위탁관리,3,119,61,무,"관리사무소, 주민공동시설, 커뮤니티공간, 자전거보관소",14,5
A10026934,철골철근콘크리트구조,800,단일계약,위탁관리,6,276,66,유,"관리사무소, 노인정, 어린이놀이터",13,2
A10026350,철근콘크리트구조,2050,종합계약,위탁관리,11,743,307,유,"관리사무소, 노인정, 보육시설, 주민공동시설, 어린이놀이터, 휴게시설, 커뮤니티공간, 자전거보관소",31,3
A13550701,철근콘크리트구조,1650,종합계약,위탁관리,7,520,113,유,"관리사무소, 노인정, 주민공동시설, 어린이놀이터, 자전거보관소",22,3
A10024819,,,,,0,0,,,,15,2
A13570501,철근콘크리트구조,3250,종합계약,위탁관리,21,1291,340,유,"관리사무소, 노인정, 주민공동시설, 어린이놀이터, 유치원, 커뮤니티공간, 자전거보관소",23,3
A13509005,철근콘크리트구조,1200,종합계약,위탁관리,10,484,88,유,"관리사무소, 노인정, 주민공동시설, 어린이놀이터, 자전거보관소",24,2
A13509007,철근콘크리트구조,1750,종합계약,위탁관리,8,500,64,무,"관리사무소, 노인정, 어린이놀이터",20,0
A13509010,철근콘크리트구조,3750,종합계약,위탁관리,19,1378,279,유,"관리사무소, 노인정, 주민공동시설, 어린이놀이터, 자전거보관소",22,2
A13509006,철근콘크리트구조,1350,단일계약,위탁관리,10,297,76,무,"관리사무소, 노인정, 주민공동시설, 자전거보관소",20,3
A10023939,철근콘크리트구조,775,종합계약,위탁관리,3,148,28,무,"관리사무소, 어린이놀이터, 자전거보관소",20,2
A13509101,철골콘크리트구조,950,단일계약,위탁관리,7,123,29,무,"관리사무소, 노인정, 어린이놀이터",15,1
A10021856,철근콘크리트구조,882,종합계약,위탁관리,4,203,48,유,,13,2
A10022130,철근콘크리트구조,552,단일계약,위탁관리,2,122,11,무,"관리사무소, 노인정, 어린이놀이터, 휴게시설, 자전거보관소",12,1
A13509003,철근콘크리트구조,800,단일계약,위탁관리,5,285,24,유,"관리사무소, 노인정, 어린이놀이터, 자전거보관소",19,2
A13509004,철근콘크리트구조,1550,단일계약,위탁관리,4,303,64,무,"관리사무소, 노인정, 어린이놀이터",19,2
A13509001,철근콘크리트구조,650,단일계약,위탁관리,4,275,36,무,"관리사무소, 노인정, 주민공동시설, 어린이놀이터, 자전거보관소",19,0
A13509012,철근콘크리트구조,5000,단일계약,위탁관리,28,1514,504,유,"관리사무소, 노인정, 보육시설, 문고, 주민공동시설, 어린이놀이터, 휴게시설, 커뮤니티공간, 자전거보관소",23,0
A13587603,철근콘크리트구조,3830,단일계약,위탁관리,4,341,50,무,"관리사무소, 자전거보관소",15,4
A13509009,철골철근콘크리트구조,7000,종합계약,위탁관리,12,1261,300,유,"관리사무소, 노인정, 주민공동시설, 어린이놀이터, 휴게시설, 커뮤니티공간, 자전거보관소",46,4
A10020826,철근콘크리트구조,2750,종합계약,위탁관리,22,847,223,유,"관리사무소, 노인정, 보육시설, 주민공동시설, 어린이놀이터, 휴게시설, 커뮤니티공간, 자전거보관소, 기타",25,4
A13528105,철근콘크리트구조,5812,단일계약,위탁관리,38,1200,153,무,"관리사무소, 노인정, 어린이놀이터, 휴게시설",15,0
A10024799,철근콘크리트구조,415,종합계약,위탁관리,4,93,16,무,"관리사무소, 노인정, 주민공동시설, 자전거보관소",15,1
A10026924,철근콘크리트구조,1950,종합계약,위탁관리,8,411,114,유,"관리사무소, 노인정, 주민공동시설, 어린이놀이터, 자전거보관소",20,2
A13528001,철근콘크리트구조,1500,단일계약,위탁관리,4,210,64,무,"관리사무소, 자전거보관소",11,3
A13528103,철근콘크리트구조,6750,종합계약,위탁관리,21,1804,324,유,"관리사무소, 노인정, 문고, 어린이놀이터, 자전거보관소",29,2
A10024821,철근콘크리트구조,998,종합계약,위탁관리,5,233,49,무,,22,2
A10024102,철골철근콘크리트구조,1550,종합계약,위탁관리,15,412,275,유,"관리사무소, 노인정, 주민공동시설, 어린이놀이터, 휴게시설, 커뮤니티공간, 자전거보관소",15,3
A13528004,철골철근콘크리트구조,9650,단일계약,위탁관리,73,2997,185,무,"관리사무소, 노인정, 주민공동시설, 어린이놀이터, 휴게시설, 자전거보관소",14,1
A13528003,철근콘크리트구조,2550,단일계약,위탁관리,25,1238,175,무,"관리사무소, 노인정, 보육시설, 어린이놀이터, 커뮤니티공간, 자전거보관소",25,2
A13583604,철근콘크리트구조,2500,단일계약,위탁관리,36,1530,139,무,"관리사무소, 노인정, 주민공동시설, 어린이놀이터, 유치원, 자전거보관소, 기타",15,0
A13583402,철근콘크리트구조,1525,단일계약,위탁관리,13,189,32,무,"관리사무소, 노인정, 어린이놀이터, 자전거보관소",14,0
A13528102,철근콘크리트구조,3800,종합계약,위탁관리,17,1171,200,무,"관리사무소, 노인정, 보육시설, 주민공동시설, 어린이놀이터, 자전거보관소, 기타",25,2
A13583403,철근콘크리트구조,2100,단일계약,위탁관리,17,498,62,무,"관리사무소, 노인정, 어린이놀이터, 자전거보관소",14,1
A13584101,철근콘크리트구조,2100,종합계약,위탁관리,7,655,107,무,"관리사무소, 노인정, 어린이놀이터, 자전거보관소",22,2
A10023162,철골콘크리트구조,2500,종합계약,위탁관리,23,816,523,유,,18,3
A13583701,철근콘크리트구조,2100,종합계약,위탁관리,15,686,150,무,"관리사무소, 노인정, 어린이놀이터, 자전거보관소",24,3
A10020486,철골철근콘크리트구조,2750,단일계약,위탁관리,14,475,166,유,"관리사무소, 노인정, 주민공동시설, 어린이놀이터, 커뮤니티공간, 자전거보관소",16,4
A10027800,철골콘크리트구조,10250,종합계약,위탁관리,41,3119,629,유,"관리사무소, 노인정, 보육시설, 문고, 주민공동시설, 어린이놀이터, 휴게시설, 커뮤니티공간, 자전거보관소",35,4
A13528007,철근콘크리트구조,2800,종합계약,위탁관리,16,461,140,유,"관리사무소, 노인정, 보육시설, 문고, 주민공동시설, 어린이놀이터, 휴게시설, 커뮤니티공간, 자전거보관소, 기타",16,2
A10024815,,,,,0,0,,,,18,0
A13583404,철근콘크리트구조,2350,단일계약,위탁관리,21,367,47,무,"관리사무소, 노인정",15,0
A13583507,철근콘크리트구조,8800,단일계약,위탁관리,42,3021,84,무,"관리사무소, 노인정, 어린이놀이터, 자전거보관소",14,0
A13528005,철근콘크리트구조,1500,단일계약,위탁관리,5,280,115,무,"관리사무소, 주민공동시설, 휴게시설, 자전거보관소",26,7
A10024814,철골철근콘크리트구조,24,종합계약,위탁관리,5,156,42,유,"관리사무소, 노인정",17,2
A10024805,철골철근콘크리트구조,22900,종합계약,위탁관리,6,170,78,유,"관리사무소, 노인정, 어린이놀이터, 자전거보관소",17,2
A13501008,철골철근콘크리트구조,400,단일계약,자치관리,2,72,32,무,,11,3
A10024501,철골콘크리트구조,1440,종합계약,위탁관리,5,176,149,무,"관리사무소, 주민공동시설, 커뮤니티공간, 자전거보관소",15,0
A13583301,철근콘크리트구조,900,단일계약,위탁관리,5,239,45,무,"관리사무소, 노인정, 어린이놀이터, 휴게시설, 커뮤니티공간",23,3
A13582002,철골철근콘크리트구조,1575,종합계약,위탁관리,21,580,91,무,"관리사무소, 노인정, 어린이놀이터",14,0
A10024457,철근콘크리트구조,,단일계약,위탁관리,7,0,,,"관리사무소, 노인정, 어린이놀이터, 커뮤니티공간",14,2
A13501005,철골철근콘크리트구조,930,단일계약,위탁관리,7,174,62,무,"관리사무소, 노인정, 보육시설, 문고, 주민공동시설, 어린이놀이터, 휴게시설, 유치원, 커뮤니티공간, 자전거보관소, 기타",14,2
A13501004,철근콘크리트구조,2150,단일계약,위탁관리,20,684,73,유,"관리사무소, 노인정, 어린이놀이터",13,3
A13501007,,,,,0,0,,,"관리사무소, 노인정, 어린이놀이터",12,2
A13501001,철근콘크리트구조,2250,종합계약,위탁관리,8,572,12,유,"관리사무소, 커뮤니티공간",16,3
A13572601,철골철근콘크리트구조,1250,종합계약,위탁관리,5,187,60,무,"관리사무소, 자전거보관소",11,0
A10023129,철골철근콘크리트구조,2850,종합계약,위탁관리,5,101,135,무,"관리사무소, 커뮤니티공간",15,6
A13501002,철근콘크리트구조,950,단일계약,위탁관리,4,200,32,무,관리사무소,15,4
A10023245,철근콘크리트구조,2350,종합계약,위탁관리,10,118,115,유,"관리사무소, 휴게시설, 커뮤니티공간, 자전거보관소, 기타",15,6
A13501006,철근콘크리트구조,2550,종합계약,위탁관리,10,645,168,유,"관리사무소, 노인정, 보육시설, 문고, 주민공동시설, 어린이놀이터, 휴게시설, 커뮤니티공간, 자전거보관소, 기타",30,3
A10020220,철골철근콘크리트구조,2900,종합계약,위탁관리,5,183,114,유,"관리사무소, 커뮤니티공간",18,7
A13511101,철근콘크리트구조,2300,단일계약,위탁관리,21,344,48,무,"관리사무소, 노인정, 주민공동시설, 어린이놀이터, 자전거보관소",15,1
A13511001,철근콘크리트구조,995,단일계약,위탁관리,9,410,60,무,"관리사무소, 노인정, 어린이놀이터",14,1
A13511003,철근콘크리트구조,2600,단일계약,위탁관리,20,667,123,무,"관리사무소, 노인정, 주민공동시설, 어린이놀이터, 휴게시설, 커뮤니티공간, 자전거보관소",17,1
A13511004,철근콘크리트구조,4000,종합계약,위탁관리,53,1380,150,무,"관리사무소, 노인정, 어린이놀이터",13,1
A13590602,철근콘크리트구조,2300,단일계약,위탁관리,14,339,74,무,"관리사무소, 어린이놀이터",13,1
A13551103,철근콘크리트구조,2500,단일계약,위탁관리,24,941,87,무,관리사무소,13,1
A13590204,철근콘크리트구조,2250,단일계약,위탁관리,23,850,140,무,"관리사무소, 노인정, 어린이놀이터, 자전거보관소",13,1
A13511201,철근콘크리트구조,1000,단일계약,위탁관리,10,465,22,무,"관리사무소, 노인정, 어린이놀이터, 자전거보관소",12,0
A13589802,철근콘크리트구조,6000,단일계약,위탁관리,88,2350,121,무,"관리사무소, 노인정, 어린이놀이터",15,0
A13519005,철근콘크리트구조,2650,단일계약,위탁관리,21,850,269,유,"관리사무소, 노인정, 주민공동시설, 어린이놀이터",12,2
A13519001,철근콘크리트구조,1360,단일계약,위탁관리,12,420,139,유,"관리사무소, 노인정, 보육시설, 문고, 어린이놀이터, 유치원, 자전거보관소",13,2
A13519002,철근콘크리트구조,1650,단일계약,위탁관리,13,457,178,유,"관리사무소, 노인정, 보육시설, 주민공동시설, 어린이놀이터, 커뮤니티공간",14,2
A13519003,철근콘크리트구조,1200,단일계약,위탁관리,17,407,170,유,"관리사무소, 노인정, 보육시설, 문고, 어린이놀이터, 자전거보관소",14,3
A13519007,철근콘크리트구조,4310,단일계약,위탁관리,31,995,300,유,"관리사무소, 노인정, 보육시설, 문고, 어린이놀이터, 휴게시설, 유치원, 커뮤니티공간, 자전거보관소",15,2
A10027558,기타철골철근콘크리트구조,1500,종합계약,위탁관리,25,398,136,유,"관리사무소, 노인정, 문고, 주민공동시설, 어린이놀이터, 커뮤니티공간, 자전거보관소",4,1
A13519004,철근콘크리트구조,1650,단일계약,위탁관리,13,439,143,유,"관리사무소, 노인정, 보육시설, 문고, 주민공동시설, 어린이놀이터, 휴게시설, 자전거보관소",13,2
A13519006,철근콘크리트구조,4400,단일계약,위탁관리,35,1148,248,유,"관리사무소, 노인정, 보육시설, 주민공동시설, 어린이놀이터, 휴게시설, 유치원, 커뮤니티공간, 자전거보관소",15,0
A10022652,철근콘크리트구조,3550,종합계약,위탁관리,20,749,263,유,"관리사무소, 노인정, 보육시설, 문고, 주민공동시설, 어린이놀이터, 휴게시설, 커뮤니티공간, 자전거보관소, 기타",15,2
A10023314,철근콘크리트구조,2700,종합계약,위탁관리,13,421,148,유,"관리사무소, 노인정, 주민공동시설, 어린이놀이터, 휴게시설, 자전거보관소",15,1
A13520004,철골철근콘크리트구조,1800,단일계약,위탁관리,42,520,164,유,"관리사무소, 노인정, 보육시설, 문고, 주민공동시설, 어린이놀이터, 휴게시설, 커뮤니티공간, 자전거보관소",15,4
A13519008,철근콘크리트구조,2300,단일계약,위탁관리,24,879,172,무,"관리사무소, 노인정, 보육시설, 문고, 주민공동시설, 어린이놀이터, 휴게시설, 커뮤니티공간, 자전거보관소",15,1
A10028172,철골철근콘크리트구조,2800,종합계약,위탁관리,28,877,327,유,"관리사무소, 노인정, 보육시설, 문고, 주민공동시설, 어린이놀이터, 휴게시설, 유치원, 커뮤니티공간, 자전거보관소, 기타",15,2
A10027985,철근콘크리트구조,4850,단일계약,위탁관리,37,1590,211,유,"관리사무소, 노인정, 보육시설, 문고, 주민공동시설, 어린이놀이터, 휴게시설, 유치원, 커뮤니티공간, 자전거보관소, 기타",18,3
A13520002,철근콘크리트구조,4500,종합계약,위탁관리,51,1637,441,유,"관리사무소, 노인정, 보육시설, 문고, 주민공동시설, 어린이놀이터, 유치원, 커뮤니티공간, 자전거보관소",10,1
A10023132,철근콘크리트구조,2350,단일계약,위탁관리,16,723,320,유,"관리사무소, 보육시설, 문고, 주민공동시설, 어린이놀이터, 휴게시설, 커뮤니티공간, 자전거보관소",15,2
A13520003,철근콘크리트구조,4250,종합계약,위탁관리,35,1546,404,유,"관리사무소, 노인정, 보육시설, 문고, 주민공동시설, 어린이놀이터, 휴게시설, 커뮤니티공간, 자전거보관소",15,2
A13520001,철근콘크리트구조,3500,단일계약,위탁관리,46,1157,330,무,"관리사무소, 노인정, 보육시설, 문고, 주민공동시설, 어린이놀이터, 휴게시설, 유치원, 자전거보관소",12,1
A10027912,철골철근콘크리트구조,1500,단일계약,위탁관리,38,346,146,유,"관리사무소, 노인정, 보육시설, 주민공동시설, 어린이놀이터, 휴게시설, 유치원, 커뮤니티공간, 자전거보관소, 기타",10,2
A10027571,철근콘크리트구조,350,단일계약,위탁관리,18,140,16,무,"관리사무소, 어린이놀이터, 휴게시설, 자전거보관소",13,1
A13594403,철근콘크리트구조,2260,단일계약,위탁관리,19,697,84,무,"관리사무소, 어린이놀이터, 자전거보관소",14,0
A10023547,철근콘크리트구조,5500,종합계약,위탁관리,38,1617,402,유,"관리사무소, 노인정, 보육시설, 문고, 주민공동시설, 어린이놀이터, 휴게시설, 커뮤니티공간, 자전거보관소",25,2
A10024216,철근콘크리트구조,13904,종합계약,위탁관리,49,3113,1257,유,"관리사무소, 노인정, 보육시설, 문고, 주민공동시설, 어린이놀이터, 휴게시설, 커뮤니티공간, 자전거보관소",35,4
A10024258,철골콘크리트구조,1650,종합계약,위탁관리,14,327,190,유,"관리사무소, 노인정, 주민공동시설, 어린이놀이터, 휴게시설, 커뮤니티공간, 자전거보관소, 기타",22,3
A10025823,철골철근콘크리트구조,3500,종합계약,위탁관리,26,1296,409,유,,25,3
A13594702,철근콘크리트구조,300,종합계약,,0,678,129,무,"관리사무소, 어린이놀이터, 유치원, 자전거보관소",5,0
A13593802,철근콘크리트구조,1000,종합계약,위탁관리,24,503,153,무,"관리사무소, 노인정, 보육시설, 주민공동시설, 어린이놀이터, 유치원, 자전거보관소",15,1
A13523003,철근콘크리트구조,850,단일계약,,0,483,91,무,"관리사무소, 노인정, 어린이놀이터, 자전거보관소",5,1
A13593801,철근콘크리트구조,250,단일계약,위탁관리,12,550,74,무,"관리사무소, 노인정, 주민공동시설, 어린이놀이터",15,0
A13523005,철근콘크리트구조,1750,단일계약,위탁관리,22,963,225,유,"관리사무소, 노인정",15,0
A13523004,철근콘크리트구조,1800,단일계약,위탁관리,44,897,127,유,"관리사무소, 노인정, 주민공동시설, 어린이놀이터, 휴게시설, 자전거보관소",15,2
A13523001,철근콘크리트구조,500,기타,,0,167,15,무,"관리사무소, 노인정, 어린이놀이터",3,1
A13594203,철근콘크리트구조,1800,단일계약,위탁관리,22,691,93,무,,15,0
A13594701,철근콘크리트구조,1600,단일계약,,0,459,95,무,"관리사무소, 노인정, 보육시설, 어린이놀이터",5,1
A10027446,철골철근콘크리트구조,4150,종합계약,위탁관리,20,857,337,유,"관리사무소, 노인정, 보육시설, 문고, 주민공동시설, 어린이놀이터, 커뮤니티공간, 자전거보관소",12,3
A13552002,철골콘크리트구조,2500,종합계약,위탁관리,33,950,240,유,"관리사무소, 노인정, 주민공동시설, 어린이놀이터, 커뮤니티공간, 자전거보관소",15,2
A13552001,철근콘크리트구조,730,기타,위탁관리,18,276,83,유,"관리사무소, 노인정, 주민공동시설, 어린이놀이터, 휴게시설, 자전거보관소",15,0
A13522007,철근콘크리트구조,725,기타,위탁관리,18,534,112,무,"관리사무소, 노인정, 보육시설, 어린이놀이터, 휴게시설, 자전거보관소",15,0
A13588601,철근콘크리트구조,909,종합계약,위탁관리,11,314,46,무,"관리사무소, 노인정, 어린이놀이터, 휴게시설, 자전거보관소",15,1
A13522004,프리케스트콘크리트구조,2150,단일계약,위탁관리,24,764,146,무,"관리사무소, 노인정, 보육시설, 주민공동시설, 어린이놀이터, 휴게시설, 자전거보관소",15,3
A13522003,철근콘크리트구조,250,기타,위탁관리,8,398,63,무,"관리사무소, 노인정, 어린이놀이터, 자전거보관소",15,1
A13522006,철근콘크리트구조,2465,단일계약,위탁관리,15,325,64,유,"관리사무소, 노인정, 보육시설, 어린이놀이터, 유치원, 자전거보관소",15,0
A13522008,철근콘크리트구조,1450,기타,위탁관리,15,580,68,유,"관리사무소, 노인정, 보육시설, 문고, 주민공동시설, 어린이놀이터, 유치원, 커뮤니티공간, 자전거보관소",15,0
A13588402,철근콘크리트구조,1765,단일계약,위탁관리,19,742,159,무,"관리사무소, 노인정, 보육시설, 주민공동시설, 어린이놀이터",15,2
A13527013,철근콘크리트구조,1700,단일계약,위탁관리,22,452,42,유,"관리사무소, 노인정, 어린이놀이터, 자전거보관소",9,0
A10020848,철골철근콘크리트구조,444,단일계약,위탁관리,8,135,18,무,"관리사무소, 어린이놀이터",8,1
A13585401,철근콘크리트구조,630,단일계약,위탁관리,10,143,10,무,"관리사무소, 어린이놀이터, 자전거보관소",9,1
A13527007,철근콘크리트구조,2100,종합계약,위탁관리,9,548,111,유,"관리사무소, 노인정, 주민공동시설, 어린이놀이터, 자전거보관소",27,2
A13527016,철근콘크리트구조,1500,단일계약,위탁관리,20,370,53,무,"관리사무소, 노인정, 어린이놀이터, 유치원, 자전거보관소",9,0
A13527008,철근콘크리트구조,1150,단일계약,위탁관리,7,390,63,무,"관리사무소, 노인정, 어린이놀이터, 자전거보관소",22,0
A13586101,철근콘크리트구조,137,기타,자치관리,9,126,29,유,"관리사무소, 노인정, 어린이놀이터",14,0
A13527014,철골철근콘크리트구조,8500,종합계약,위탁관리,22,1338,64,유,"관리사무소, 노인정, 문고, 주민공동시설, 어린이놀이터, 휴게시설, 커뮤니티공간, 자전거보관소",46,6
A13527001,철근콘크리트구조,750,단일계약,위탁관리,2,123,46,무,관리사무소,15,5
A13527203,철근콘크리트구조,13800,단일계약,위탁관리,64,4435,897,유,"관리사무소, 노인정, 문고, 주민공동시설, 어린이놀이터, 유치원, 커뮤니티공간, 자전거보관소, 기타",25,3
A13527004,철근콘크리트구조,645,단일계약,위탁관리,7,219,35,무,"관리사무소, 어린이놀이터, 휴게시설",12,0
A13550502,철근콘크리트구조,2750,종합계약,위탁관리,21,1222,114,유,"관리사무소, 노인정, 주민공동시설, 어린이놀이터, 커뮤니티공간, 자전거보관소",24,3
A13527019,철골철근콘크리트구조,2250,단일계약,위탁관리,18,414,227,유,"관리사무소, 노인정, 문고, 어린이놀이터, 자전거보관소, 기타",12,2
A13527010,철근콘크리트구조,1630,단일계약,위탁관리,12,330,24,무,"관리사무소, 노인정, 어린이놀이터, 자전거보관소",15,0
A10027319,철골철근콘크리트구조,1250,종합계약,자치관리(직영),4,156,42,무,"관리사무소, 노인정, 주민공동시설, 어린이놀이터, 자전거보관소",20,2
A13550403,철근콘크리트구조,1370,단일계약,위탁관리,13,441,61,무,"관리사무소, 노인정, 어린이놀이터",15,1
A13586102,철근콘크리트구조,750,단일계약,위탁관리,8,152,26,무,"관리사무소, 자전거보관소",15,0
A13527002,철근콘크리트구조,820,단일계약,위탁관리,6,156,32,무,"관리사무소, 노인정, 어린이놀이터, 자전거보관소",18,2
A13585404,철근콘크리트구조,2250,단일계약,위탁관리,26,510,194,유,"관리사무소, 노인정, 보육시설, 문고, 주민공동시설, 어린이놀이터, 자전거보관소",21,2
A10024793,철근콘크리트구조,665,기타,위탁관리,3,94,31,무,"관리사무소, 어린이놀이터",22,3
A13527011,철골철근콘크리트구조,5100,종합계약,위탁관리,10,808,101,무,"관리사무소, 주민공동시설, 휴게시설, 커뮤니티공간, 자전거보관소",51,6
A13527018,철근콘크리트구조,950,종합계약,위탁관리,4,176,40,유,관리사무소,20,7
A13585804,철근콘크리트구조,3600,단일계약,위탁관리,23,1077,66,무,"관리사무소, 노인정, 주민공동시설",15,1
A13527006,콘크리트구조,700,단일계약,위탁관리,6,285,32,무,"관리사무소, 어린이놀이터, 자전거보관소",13,0
A13527003,철골콘크리트구조,1250,종합계약,위탁관리,9,342,69,무,"관리사무소, 주민공동시설, 어린이놀이터, 커뮤니티공간, 기타",31,4
A13527017,철근콘크리트구조,20950,종합계약,위탁관리,47,3654,282,유,,66,5
A13585402,철골철근콘크리트구조,12500,종합계약,위탁관리,34,2276,504,유,"관리사무소, 노인정, 주민공동시설, 어린이놀이터, 휴게시설, 커뮤니티공간, 자전거보관소",55,6
A13585403,철골철근콘크리트구조,7500,종합계약,위탁관리,18,1266,219,유,"관리사무소, 주민공동시설, 휴게시설, 커뮤니티공간, 자전거보관소, 기타",69,6
A13527005,철골철근콘크리트구조,1000,단일계약,위탁관리,2,291,71,무,관리사무소,27,5
A13822301,철근콘크리트구조,12000,종합계약,위탁관리,27,1447,170,유,"관리사무소, 노인정, 보육시설, 주민공동시설, 어린이놀이터, 커뮤니티공간, 자전거보관소",46,5
A10023070,철골철근콘크리트구조,1450,기타,관리방식미정,4,136,17,유,관리사무소,15,4
A13879102,철근콘크리트구조,22955,종합계약,위탁관리,110,2411,188,무,"관리사무소, 노인정, 어린이놀이터",15,0
A13822002,철근콘크리트구조,10750,단일계약,위탁관리,75,4686,865,유,"관리사무소, 노인정, 보육시설, 문고, 주민공동시설, 어린이놀이터, 휴게시설, 유치원, 커뮤니티공간, 자전거보관소",32,2
A13822001,철근콘크리트구조,9800,종합계약,위탁관리,56,4113,765,유,"관리사무소, 노인정, 보육시설, 주민공동시설, 어린이놀이터, 유치원, 자전거보관소",32,2
A13822003,철근콘크리트구조,18900,종합계약,위탁관리,119,7876,500,무,,33,2
A13822701,철근콘크리트구조,4750,종합계약,위탁관리,52,1379,221,유,"관리사무소, 노인정, 주민공동시설, 어린이놀이터, 휴게시설, 자전거보관소, 기타",18,1
A13822004,철근콘크리트구조,19900,종합계약,위탁관리,118,7455,1570,유,"관리사무소, 노인정, 보육시설, 문고, 주민공동시설, 어린이놀이터, 휴게시설, 유치원, 커뮤니티공간, 자전거보관소",34,2
A10023599,철골철근콘크리트구조,2750,종합계약,위탁관리,5,86,47,무,"관리사무소, 주민공동시설, 휴게시설, 커뮤니티공간, 자전거보관소",25,3
A13822702,철근콘크리트구조,4500,단일계약,위탁관리,64,1000,157,무,,15,0
A13822902,철근콘크리트구조,2050,종합계약,위탁관리,17,568,50,무,"관리사무소, 노인정, 어린이놀이터",15,0
A13886701,철근콘크리트구조,1170,단일계약,위탁관리,12,283,48,무,"관리사무소, 노인정, 어린이놀이터, 자전거보관소",15,0
A13872502,철골철근콘크리트구조,7000,종합계약,위탁관리,22,1524,209,유,"관리사무소, 주민공동시설, 커뮤니티공간, 자전거보관소",36,0
A13824005,철근콘크리트구조,8800,단일계약,위탁관리,41,1980,240,무,"노인정, 어린이놀이터, 자전거보관소",14,1
A13824002,철근콘크리트구조,5000,종합계약,위탁관리,10,590,117,유,"관리사무소, 노인정, 어린이놀이터, 커뮤니티공간, 자전거보관소",39,4
A10020294,,,,관리방식미정,88,0,1956,,,35,4
A10020230,철근콘크리트구조,8750,종합계약,관리방식미정,50,2853,1214,유,"관리사무소, 노인정, 보육시설, 문고, 주민공동시설, 어린이놀이터, 유치원, 커뮤니티공간, 자전거보관소",35,3
A13824006,철근콘크리트구조,29050,종합계약,위탁관리,111,9486,1862,무,"관리사무소, 노인정, 보육시설, 문고, 주민공동시설, 어린이놀이터, 휴게시설, 커뮤니티공간, 자전거보관소",36,2
A13872503,철근콘크리트구조,3900,종합계약,위탁관리,8,502,110,유,"관리사무소, 문고, 주민공동시설, 어린이놀이터, 커뮤니티공간, 자전거보관소",39,4
A13872504,철골철근콘크리트구조,500,종합계약,위탁관리,5,141,23,무,"관리사무소, 어린이놀이터, 자전거보관소",12,1
A13824001,철근콘크리트구조,5250,종합계약,위탁관리,10,538,90,무,"관리사무소, 자전거보관소",39,4
A13824003,철근콘크리트구조,820,단일계약,위탁관리,3,536,13,무,"관리사무소, 노인정, 어린이놀이터, 자전거보관소",15,2
A10026804,철근콘크리트구조,415,종합계약,위탁관리,5,100,14,,"관리사무소, 어린이놀이터",13,1
A10025632,철근콘크리트구조,625,단일계약,,0,310,31,,"관리사무소, 노인정, 어린이놀이터, 자전거보관소",11,0
A13887901,철근콘크리트구조,650,종합계약,위탁관리,8,226,55,무,"관리사무소, 노인정, 어린이놀이터, 자전거보관소",12,1
A10025185,철골콘크리트구조,1550,종합계약,위탁관리,19,941,388,유,"관리사무소, 노인정, 보육시설, 문고, 주민공동시설, 어린이놀이터, 휴게시설, 커뮤니티공간, 자전거보관소",35,3
A13887405,철근콘크리트구조,1750,단일계약,위탁관리,17,633,142,무,"관리사무소, 노인정, 보육시설, 주민공동시설, 어린이놀이터, 자전거보관소",20,2
A13804001,철근콘크리트구조,750,단일계약,위탁관리,10,268,24,무,"관리사무소, 노인정, 어린이놀이터, 커뮤니티공간, 자전거보관소",15,0
A10025467,철골철근콘크리트구조,550,단일계약,위탁관리,6,147,12,무,,13,2
A10020100,,,,,0,0,,,,14,1
A13887302,철근콘크리트구조,2100,단일계약,위탁관리,24,668,143,무,"관리사무소, 노인정, 주민공동시설, 어린이놀이터, 커뮤니티공간, 자전거보관소",18,2
A13887702,철근콘크리트구조,750,단일계약,위탁관리,11,311,44,무,"관리사무소, 노인정, 어린이놀이터",11,0
A13804003,철근콘크리트구조,1500,단일계약,관리방식미정,16,448,92,유,"관리사무소, 노인정, 보육시설, 문고, 어린이놀이터, 커뮤니티공간, 자전거보관소",23,1
A13887301,철근콘크리트구조,750,단일계약,위탁관리,5,253,37,무,"관리사무소, 노인정, 보육시설, 어린이놀이터, 자전거보관소",19,0
A13804002,철근콘크리트구조,1300,단일계약,위탁관리,11,382,87,무,"관리사무소, 노인정, 어린이놀이터, 자전거보관소",20,3
A13804206,철근콘크리트구조,3800,단일계약,위탁관리,24,877,142,무,"관리사무소, 노인정, 주민공동시설, 어린이놀이터, 유치원, 자전거보관소",18,1
A13804004,철근콘크리트구조,1800,단일계약,위탁관리,19,410,98,무,"관리사무소, 노인정, 주민공동시설, 어린이놀이터, 자전거보관소",20,1
A10021523,,,,,0,0,,,,12,1
A13887403,철근콘크리트구조,1250,단일계약,위탁관리,10,379,109,무,"관리사무소, 어린이놀이터, 커뮤니티공간, 자전거보관소",19,2
A13885306,철근콘크리트구조,3000,단일계약,위탁관리,39,523,119,무,"관리사무소, 노인정, 문고, 주민공동시설, 어린이놀이터, 유치원, 자전거보관소",12,0
A13817001,철근콘크리트구조,3750,종합계약,위탁관리,18,955,154,무,"관리사무소, 노인정, 보육시설, 문고, 주민공동시설, 어린이놀이터, 유치원, 커뮤니티공간, 자전거보관소",28,2
A10023610,철골철근콘크리트구조,586,종합계약,위탁관리,3,111,23,무,"관리사무소, 노인정, 어린이놀이터, 휴게시설, 자전거보관소, 기타",15,2
A13885303,철근콘크리트구조,1450,종합계약,위탁관리,13,289,37,무,"관리사무소, 노인정, 어린이놀이터, 휴게시설",14,1
A13877501,철근콘크리트구조,2500,종합계약,위탁관리,22,1382,205,무,"관리사무소, 노인정, 보육시설, 주민공동시설, 어린이놀이터, 휴게시설, 자전거보관소",23,2
A10021504,철골철근콘크리트구조,1026,종합계약,위탁관리,6,105,56,유,"관리사무소, 주민공동시설",7,0
A13885304,철근콘크리트구조,2300,단일계약,위탁관리,28,862,44,무,"관리사무소, 노인정, 어린이놀이터, 자전거보관소",12,1
A13885301,철근콘크리트구조,980,단일계약,위탁관리,5,245,44,무,"관리사무소, 노인정, 어린이놀이터, 자전거보관소",22,2
A13817101,철근콘크리트구조,230,기타,위탁관리,7,227,32,무,"관리사무소, 노인정, 어린이놀이터, 휴게시설, 자전거보관소",12,2
A10020796,철골철근콘크리트구조,1800,종합계약,위탁관리,11,398,211,유,"관리사무소, 노인정, 보육시설, 문고, 주민공동시설, 어린이놀이터, 휴게시설, 커뮤니티공간, 자전거보관소",18,3
A13885102,철근콘크리트구조,2100,단일계약,위탁관리,17,374,97,무,"관리사무소, 노인정, 어린이놀이터, 자전거보관소",12,0
A10027881,철골철근콘크리트구조,2100,종합계약,위탁관리,3,238,32,무,"관리사무소, 자전거보관소",21,5
A13819001,철근콘크리트구조,1050,단일계약,위탁관리,11,427,80,무,"관리사무소, 노인정, 주민공동시설, 어린이놀이터, 휴게시설, 자전거보관소",19,2
A10021157,철골철근콘크리트구조,450,종합계약,위탁관리,3,120,10,무,"관리사무소, 노인정, 어린이놀이터, 휴게시설, 자전거보관소",10,1
A13880105,철근콘크리트구조,1250,단일계약,위탁관리,10,508,104,무,"관리사무소, 노인정, 보육시설, 어린이놀이터, 자전거보관소",26,2
A13895502,철근콘크리트구조,2296,단일계약,위탁관리,11,254,69,무,"관리사무소, 노인정, 주민공동시설, 어린이놀이터",15,1
A13816202,철근콘크리트구조,2250,단일계약,위탁관리,16,363,48,무,"관리사무소, 노인정, 어린이놀이터",15,0
A13880407,철근콘크리트구조,2100,단일계약,위탁관리,17,738,54,무,"관리사무소, 노인정, 어린이놀이터",26,0
A13880204,철근콘크리트구조,910,종합계약,위탁관리,13,308,59,무,"관리사무소, 노인정, 어린이놀이터",15,1
A13816002,철근콘크리트구조,1491,단일계약,위탁관리,8,536,81,무,"관리사무소, 노인정, 어린이놀이터, 자전거보관소",23,2
A13881005,철근콘크리트구조,3500,단일계약,위탁관리,22,1209,200,유,"관리사무소, 노인정, 보육시설, 문고, 어린이놀이터, 커뮤니티공간, 자전거보관소",27,2
A13880701,철근콘크리트구조,950,단일계약,위탁관리,9,348,41,무,"관리사무소, 노인정, 어린이놀이터, 휴게시설, 자전거보관소",15,0
A13880806,철근콘크리트구조,5200,단일계약,위탁관리,49,2022,284,무,"관리사무소, 노인정, 보육시설, 어린이놀이터, 휴게시설, 자전거보관소",24,0
A13880406,철근콘크리트구조,2816,단일계약,위탁관리,14,472,61,유,"관리사무소, 노인정, 어린이놀이터, 자전거보관소",15,0
A13880602,철근콘크리트구조,550,단일계약,위탁관리,4,156,32,무,"관리사무소, 노인정, 어린이놀이터, 자전거보관소, 기타",20,2
A10021256,,,,,0,0,,,,11,1
A13881204,철근콘크리트구조,2350,단일계약,위탁관리,28,682,35,무,"관리사무소, 노인정, 어린이놀이터, 유치원",12,1
A13880603,철근콘크리트구조,900,종합계약,위탁관리,9,174,48,무,"관리사무소, 어린이놀이터, 자전거보관소",15,0
A13880201,철근콘크리트구조,600,단일계약,위탁관리,8,125,28,무,"관리사무소, 어린이놀이터",10,0
A10020074,철근콘크리트구조,1400,종합계약,관리방식미정,8,327,206,유,,25,3
A13881103,철골철근콘크리트구조,1700,단일계약,위탁관리,19,544,80,무,"관리사무소, 노인정, 어린이놀이터",12,1
A10021390,철골철근콘크리트구조,1300,단일계약,위탁관리,3,137,20,무,"관리사무소, 자전거보관소",13,3
A13816101,철근콘크리트구조,1160,단일계약,위탁관리,7,245,48,유,"관리사무소, 노인정, 어린이놀이터, 자전거보관소",15,1
A13816005,철골철근콘크리트구조,2000,종합계약,위탁관리,8,328,84,유,관리사무소,29,0
A13895501,철근콘크리트구조,2250,종합계약,위탁관리,10,565,157,유,관리사무소,24,0
A13895503,철근콘크리트구조,1870,종합계약,위탁관리,5,288,95,무,,22,4
A10025850,철근콘크리트구조,48750,단일계약,위탁관리,384,12096,2685,유,"관리사무소, 노인정, 문고, 주민공동시설, 어린이놀이터, 휴게시설, 유치원, 커뮤니티공간, 자전거보관소, 기타",35,3
A13820004,철근콘크리트구조,145,단일계약,위탁관리,20,340,67,무,"관리사무소, 노인정, 어린이놀이터, 자전거보관소",14,0
A13820001,철근콘크리트구조,840,단일계약,위탁관리,10,175,36,유,"관리사무소, 노인정, 어린이놀이터, 자전거보관소",15,2
A13820005,철근콘크리트구조,1750,단일계약,위탁관리,18,453,65,무,"관리사무소, 노인정, 어린이놀이터, 자전거보관소",15,1
A10022621,철골철근콘크리트구조,2300,단일계약,위탁관리,5,224,167,유,"관리사무소, 주민공동시설, 어린이놀이터, 휴게시설, 커뮤니티공간, 자전거보관소",21,0
A10022995,철골콘크리트구조,,,위탁관리,1,80,12,무,"관리사무소, 어린이놀이터, 자전거보관소",10,1
A13820006,철근콘크리트구조,6000,단일계약,위탁관리,46,3258,456,유,"관리사무소, 노인정, 보육시설, 문고, 주민공동시설, 어린이놀이터, 휴게시설, 유치원, 커뮤니티공간, 자전거보관소",22,0
A13820002,철근콘크리트구조,600,단일계약,위탁관리,6,126,20,무,"관리사무소, 노인정, 어린이놀이터, 휴게시설, 자전거보관소",14,1
A13820007,철근콘크리트구조,1900,단일계약,위탁관리,20,537,32,무,"관리사무소, 노인정, 주민공동시설, 어린이놀이터, 자전거보관소",14,0
A13882402,철근콘크리트구조,650,종합계약,위탁관리,7,242,52,유,"관리사무소, 노인정, 보육시설, 어린이놀이터, 자전거보관소",19,2
A13882401,철근콘크리트구조,700,단일계약,위탁관리,5,188,41,무,"관리사무소, 노인정, 어린이놀이터, 휴게시설, 자전거보관소",18,2
A10022030,,,,,0,0,,,,10,1
A10024172,철근콘크리트구조,300,단일계약,위탁관리,2,85,21,무,"관리사무소, 노인정, 어린이놀이터, 자전거보관소, 기타",15,2
A13820201,철근콘크리트구조,10500,단일계약,위탁관리,151,4245,448,무,"관리사무소, 노인정, 어린이놀이터",15,0
A10027346,철근콘크리트구조,5500,단일계약,위탁관리,20,1401,212,유,"관리사무소, 노인정, 보육시설, 문고, 주민공동시설, 어린이놀이터, 커뮤니티공간, 자전거보관소",19,5
A10022403,철근콘크리트구조,6500,종합계약,위탁관리,43,1427,621,유,,18,2
A10027632,철골철근콘크리트구조,3000,단일계약,위탁관리,11,631,147,유,"관리사무소, 노인정, 보육시설, 문고, 주민공동시설, 어린이놀이터, 휴게시설, 유치원, 커뮤니티공간, 자전거보관소",24,2
A13876114,철근콘크리트구조,6200,단일계약,위탁관리,106,2075,450,유,"관리사무소, 노인정, 보육시설, 문고, 주민공동시설, 어린이놀이터, 휴게시설, 유치원, 커뮤니티공간, 자전거보관소",21,2
A13876113,철근콘크리트구조,6050,단일계약,위탁관리,66,1232,321,유,"관리사무소, 노인정, 보육시설, 주민공동시설, 어린이놀이터, 커뮤니티공간, 자전거보관소",25,2
A13821005,철근콘크리트구조,1560,단일계약,위탁관리,14,549,76,무,"관리사무소, 노인정, 보육시설, 주민공동시설, 어린이놀이터, 자전거보관소",18,2
A13821002,철근콘크리트구조,1360,단일계약,위탁관리,14,363,92,유,"관리사무소, 노인정, 보육시설, 주민공동시설, 어린이놀이터, 휴게시설, 자전거보관소",19,1
A10023296,철근콘크리트구조,880,단일계약,위탁관리,4,169,33,무,"관리사무소, 노인정, 보육시설, 문고, 주민공동시설, 어린이놀이터, 휴게시설, 유치원, 커뮤니티공간, 자전거보관소, 기타",20,1
A13876112,철근콘크리트구조,1027,단일계약,위탁관리,6,225,65,무,"관리사무소, 노인정, 보육시설, 주민공동시설, 어린이놀이터, 자전거보관소",17,1
A13876111,철근콘크리트구조,955,단일계약,위탁관리,12,261,74,유,"관리사무소, 노인정, 보육시설, 문고, 어린이놀이터, 휴게시설, 자전거보관소",10,1
A13876109,철근콘크리트구조,1250,단일계약,위탁관리,13,395,84,무,"관리사무소, 노인정, 보육시설, 주민공동시설, 어린이놀이터, 휴게시설, 자전거보관소",15,2
A13876110,철근콘크리트구조,2350,단일계약,위탁관리,19,720,91,무,"관리사무소, 노인정, 보육시설, 문고, 주민공동시설, 어린이놀이터, 자전거보관소",19,0
A13821001,철근콘크리트구조,1050,종합계약,위탁관리,10,200,49,무,"관리사무소, 노인정, 보육시설, 주민공동시설, 어린이놀이터, 휴게시설, 커뮤니티공간, 자전거보관소",15,1
A13821003,철근콘크리트구조,1400,단일계약,위탁관리,12,492,106,유,"관리사무소, 노인정, 보육시설, 어린이놀이터, 자전거보관소",21,2
A13876108,철근콘크리트구조,1400,단일계약,위탁관리,15,619,58,무,"관리사무소, 노인정, 보육시설, 주민공동시설, 어린이놀이터",20,0
A13821004,철근콘크리트구조,1800,단일계약,위탁관리,14,579,88,유,"관리사무소, 노인정, 보육시설, 문고, 주민공동시설, 어린이놀이터, 자전거보관소",17,2
A13821006,철근콘크리트구조,1300,단일계약,위탁관리,15,705,91,무,"관리사무소, 노인정, 보육시설, 문고, 주민공동시설, 어린이놀이터, 자전거보관소",20,0
A13821007,철근콘크리트구조,1950,종합계약,위탁관리,18,822,128,유,"관리사무소, 노인정, 보육시설, 문고, 주민공동시설, 어린이놀이터",17,2
A10028086,철골철근콘크리트구조,3750,종합계약,위탁관리,14,1103,218,유,"관리사무소, 노인정, 보육시설, 문고, 주민공동시설, 어린이놀이터, 휴게시설, 커뮤니티공간, 자전거보관소",29,2
A10027553,철근콘크리트구조,3000,단일계약,위탁관리,12,873,369,유,"관리사무소, 노인정, 보육시설, 어린이놀이터, 커뮤니티공간, 자전거보관소",29,3
A10027744,철골철근콘크리트구조,2000,단일계약,위탁관리,13,663,322,무,"관리사무소, 노인정, 보육시설, 문고, 어린이놀이터, 커뮤니티공간, 자전거보관소",24,3
A10023897,철근콘크리트구조,3200,종합계약,위탁관리,12,453,117,유,"관리사무소, 문고, 주민공동시설, 어린이놀이터, 커뮤니티공간, 자전거보관소",19,3
A10026682,철근콘크리트구조,5665,종합계약,위탁관리,57,2440,557,유,"관리사무소, 노인정, 보육시설, 문고, 주민공동시설, 어린이놀이터, 휴게시설, 유치원, 커뮤니티공간, 자전거보관소, 기타",21,2
A10027461,철골철근콘크리트구조,3650,단일계약,위탁관리,14,855,267,유,"관리사무소, 노인정, 보육시설, 문고, 주민공동시설, 어린이놀이터, 커뮤니티공간, 자전거보관소",29,3
A10021457,철골철근콘크리트구조,960,종합계약,위탁관리,6,156,36,유,,12,2
A13805001,철근콘크리트구조,1800,단일계약,위탁관리,16,511,68,무,"관리사무소, 노인정, 주민공동시설, 어린이놀이터, 휴게시설, 자전거보관소",15,0
A13883602,철근콘크리트구조,1900,단일계약,위탁관리,27,593,118,무,"관리사무소, 노인정, 어린이놀이터, 휴게시설, 자전거보관소",15,1
A13805003,철골철근콘크리트구조,882,종합계약,위탁관리,0,204,34,무,"관리사무소, 노인정, 어린이놀이터, 자전거보관소, 기타",12,1
A10026209,기타콘크리트구조,709,기타,위탁관리,2,160,24,무,"관리사무소, 노인정, 어린이놀이터, 자전거보관소",21,3
A13805002,철근콘크리트구조,18000,단일계약,위탁관리,207,5003,1059,무,"관리사무소, 노인정, 주민공동시설, 어린이놀이터, 휴게시설, 자전거보관소, 기타",24,1
A13883601,철근콘크리트구조,800,종합계약,위탁관리,9,150,62,무,"관리사무소, 노인정, 어린이놀이터, 자전거보관소, 기타",14,0
A10022027,철골철근콘크리트구조,1100,종합계약,위탁관리(직영+위탁),2,107,32,무,,18,4
A13813004,철근콘크리트구조,800,단일계약,위탁관리,8,260,33,무,,12,0
A13813005,철근콘크리트구조,925,단일계약,위탁관리,11,274,16,무,"관리사무소, 노인정, 어린이놀이터, 휴게시설, 자전거보관소",12,1
A13886009,철근콘크리트구조,1600,단일계약,위탁관리,15,276,52,무,"관리사무소, 노인정, 어린이놀이터",14,1
A10025657,철근콘크리트구조,1800,단일계약,위탁관리,5,283,90,유,"관리사무소, 노인정, 어린이놀이터, 휴게시설, 커뮤니티공간, 자전거보관소",28,2
A10022649,철골콘크리트구조,2750,종합계약,위탁관리,12,320,110,유,"관리사무소, 노인정, 문고, 어린이놀이터, 휴게시설, 유치원, 자전거보관소, 기타",16,3
A10026249,철골철근콘크리트구조,2500,단일계약,위탁관리,17,886,183,유,"관리사무소, 노인정, 보육시설, 문고, 주민공동시설, 어린이놀이터, 휴게시설, 커뮤니티공간, 자전거보관소",25,1
A10026734,철골철근콘크리트구조,1800,단일계약,위탁관리,14,612,145,유,"관리사무소, 노인정, 보육시설, 문고, 주민공동시설, 어린이놀이터, 휴게시설, 유치원, 자전거보관소",20,2
A10026362,철근콘크리트구조,1930,단일계약,위탁관리,6,397,132,유,"관리사무소, 노인정, 보육시설, 문고, 주민공동시설, 어린이놀이터, 휴게시설, 커뮤니티공간, 자전거보관소",20,2
A13813008,철근콘크리트구조,2595,단일계약,위탁관리,25,765,112,무,"관리사무소, 노인정, 어린이놀이터, 자전거보관소",15,0
A13813003,철근콘크리트구조,750,단일계약,위탁관리,9,93,38,무,"관리사무소, 노인정, 어린이놀이터, 자전거보관소",12,0
A10021425,철근콘크리트구조,600,단일계약,위탁관리,5,126,16,무,,12,2
A13813002,철근콘크리트구조,975,단일계약,위탁관리,6,235,48,무,"관리사무소, 노인정, 어린이놀이터, 자전거보관소",19,2
A13813006,철근콘크리트구조,650,단일계약,위탁관리,7,195,48,유,"관리사무소, 노인정, 어린이놀이터",19,2
A13873701,철근콘크리트구조,145,단일계약,위탁관리,2,60,19,무,"관리사무소, 노인정, 자전거보관소",14,1
A13813010,철근콘크리트구조,3645,단일계약,위탁관리,47,1153,202,무,"관리사무소, 노인정, 어린이놀이터",14,1
A10022033,,,,,0,0,,,,19,2
A13811206,철근콘크리트구조,1500,단일계약,위탁관리,14,577,88,무,"관리사무소, 노인정, 어린이놀이터, 휴게시설, 자전거보관소",12,1
A13811204,철근콘크리트구조,1100,종합계약,위탁관리,10,430,30,무,"관리사무소, 노인정, 문고, 주민공동시설, 어린이놀이터, 자전거보관소",15,0
A13811203,철근콘크리트구조,361,기타,위탁관리,9,312,55,무,"관리사무소, 노인정, 주민공동시설, 어린이놀이터, 휴게시설, 자전거보관소",12,1
A13811205,철근콘크리트구조,350,기타,위탁관리,10,446,86,무,"관리사무소, 노인정, 보육시설, 주민공동시설, 어린이놀이터, 휴게시설, 커뮤니티공간, 자전거보관소",15,1
A13811001,철근콘크리트구조,950,단일계약,위탁관리,8,304,79,무,"관리사무소, 노인정, 보육시설, 어린이놀이터, 유치원, 자전거보관소",15,1
A13881601,철근콘크리트구조,850,단일계약,위탁관리,12,266,48,무,"관리사무소, 노인정, 어린이놀이터, 자전거보관소",18,2
A13881603,철근콘크리트구조,1200,종합계약,위탁관리,18,318,66,유,"관리사무소, 노인정, 주민공동시설, 어린이놀이터, 자전거보관소, 기타",15,0
A13881401,철근콘크리트구조,226,종합계약,위탁관리,13,205,45,무,"관리사무소, 노인정, 어린이놀이터, 자전거보관소",12,1
A13881302,철근콘크리트구조,950,종합계약,위탁관리,11,198,46,무,"관리사무소, 노인정, 어린이놀이터, 자전거보관소",15,2
A13811202,철근콘크리트구조,2100,단일계약,위탁관리,16,915,109,무,"관리사무소, 노인정, 어린이놀이터, 휴게시설, 자전거보관소",15,0
A10023887,철골콘크리트구조,10877,종합계약,위탁관리,48,2448,752,유,"관리사무소, 노인정, 보육시설, 주민공동시설, 어린이놀이터, 휴게시설, 유치원, 커뮤니티공간, 자전거보관소",33,3
A10023922,철골철근콘크리트구조,5150,종합계약,위탁관리,23,1719,554,유,"관리사무소, 노인정, 문고, 주민공동시설, 어린이놀이터, 휴게시설, 유치원, 커뮤니티공간, 자전거보관소, 기타",25,4
A10023927,철골철근콘크리트구조,5050,종합계약,위탁관리,42,1692,543,유,"관리사무소, 노인정, 보육시설, 문고, 주민공동시설, 어린이놀이터, 휴게시설, 커뮤니티공간, 자전거보관소, 기타",25,3
A10024197,철근콘크리트구조,1950,단일계약,위탁관리,15,501,90,유,"관리사무소, 노인정, 보육시설, 문고, 주민공동시설, 어린이놀이터, 커뮤니티공간, 자전거보관소",24,2
A10024085,철골철근콘크리트구조,2600,종합계약,위탁관리,17,911,245,유,,25,2
A10021407,철골철근콘크리트구조,650,단일계약,위탁관리,0,209,48,무,,16,2
A10024492,철골콘크리트구조,1400,종합계약,위탁관리,14,591,177,무,"관리사무소, 노인정, 주민공동시설, 어린이놀이터, 휴게시설, 자전거보관소",27,2
A10024577,철골콘크리트구조,2483,종합계약,위탁관리,20,863,220,유,"관리사무소, 노인정, 문고, 주민공동시설, 어린이놀이터, 커뮤니티공간, 자전거보관소",22,2
A10024787,철근콘크리트구조,4800,종합계약,위탁관리,28,1479,502,유,"관리사무소, 노인정, 보육시설, 문고, 주민공동시설, 어린이놀이터, 휴게시설, 유치원, 커뮤니티공간, 자전거보관소",33,3
A10024152,철골철근콘크리트구조,4000,종합계약,위탁관리,43,1623,705,무,"관리사무소, 노인정, 보육시설, 문고, 주민공동시설, 어린이놀이터, 휴게시설, 커뮤니티공간, 자전거보관소",25,2
A13812003,철근콘크리트구조,950,종합계약,위탁관리,7,296,48,무,"관리사무소, 노인정, 어린이놀이터, 자전거보관소",19,2
A13812002,철근콘크리트구조,550,종합계약,위탁관리,6,201,36,무,"관리사무소, 노인정, 어린이놀이터, 휴게시설",18,2
A13812001,철근콘크리트구조,900,단일계약,위탁관리,8,210,52,무,"관리사무소, 노인정, 어린이놀이터, 자전거보관소",12,1
A10026717,철근콘크리트구조,700,종합계약,위탁관리,3,141,31,무,"관리사무소, 노인정, 어린이놀이터, 자전거보관소",20,1
A13812004,철근콘크리트구조,1040,단일계약,위탁관리,7,266,64,무,"관리사무소, 노인정, 어린이놀이터, 자전거보관소",19,2
A10021237,철골철근콘크리트구조,850,단일계약,위탁관리,3,92,24,무,"관리사무소, 어린이놀이터, 자전거보관소",20,1
A13881701,철근콘크리트구조,2550,단일계약,위탁관리,22,887,215,유,"관리사무소, 노인정, 보육시설, 문고, 주민공동시설, 어린이놀이터, 자전거보관소",15,2
A13812005,철골콘크리트구조,2500,단일계약,위탁관리,25,963,291,유,"관리사무소, 노인정, 보육시설, 문고, 주민공동시설, 어린이놀이터, 휴게시설, 커뮤니티공간, 자전거보관소",15,2
A10022249,철골철근콘크리트구조,500,기타,위탁관리,2,90,22,무,"관리사무소, 노인정, 어린이놀이터, 자전거보관소",16,1
A13482706,철근콘크리트구조,3500,단일계약,위탁관리,22,1594,20,무,"관리사무소, 노인정, 보육시설, 어린이놀이터, 자전거보관소",15,0
A13478601,철근콘크리트구조,1900,종합계약,위탁관리,18,462,78,무,"관리사무소, 노인정, 어린이놀이터, 자전거보관소",15,0
A10025415,철근콘크리트구조,8600,종합계약,위탁관리,42,2304,531,유,"관리사무소, 노인정, 보육시설, 문고, 주민공동시설, 어린이놀이터, 커뮤니티공간, 자전거보관소",35,3
A13482505,철근콘크리트구조,2000,종합계약,위탁관리,20,640,100,무,"관리사무소, 노인정, 어린이놀이터, 자전거보관소",15,1
A13407002,철근콘크리트구조,2250,단일계약,위탁관리,18,654,68,무,"관리사무소, 노인정, 어린이놀이터, 자전거보관소",15,0
A13407201,철근콘크리트구조,465,단일계약,위탁관리,5,170,31,무,"관리사무소, 어린이놀이터, 자전거보관소",15,1
A13407104,철근콘크리트구조,5700,단일계약,위탁관리,49,2300,172,무,"관리사무소, 노인정, 어린이놀이터, 자전거보관소",15,0
A13407202,철근콘크리트구조,1450,단일계약,위탁관리,9,221,48,무,"관리사무소, 노인정, 어린이놀이터, 자전거보관소",17,0
A13407204,철근콘크리트구조,2200,종합계약,위탁관리,19,355,78,무,,15,0
A13483002,철근콘크리트구조,1950,단일계약,위탁관리,15,819,142,무,"관리사무소, 노인정, 보육시설, 주민공동시설, 자전거보관소",23,0
A13482603,철근콘크리트구조,1700,단일계약,위탁관리,18,356,98,무,"관리사무소, 노인정, 주민공동시설, 어린이놀이터, 자전거보관소",15,0
A13482801,철근콘크리트구조,650,종합계약,위탁관리,4,81,33,무,"관리사무소, 노인정, 어린이놀이터, 자전거보관소",15,0
A10026002,,,,,0,0,,,,15,1
A10021408,,,,,0,0,,,,15,1
A10025263,철근콘크리트구조,21500,종합계약,위탁관리,135,6905,100,유,"관리사무소, 노인정, 보육시설, 문고, 주민공동시설, 어린이놀이터, 커뮤니티공간, 자전거보관소",35,3
A10020628,철근콘크리트구조,3182,단일계약,위탁관리,14,642,355,유,"관리사무소, 노인정, 보육시설, 문고, 주민공동시설, 어린이놀이터, 휴게시설, 유치원, 커뮤니티공간, 자전거보관소",18,0
A10024562,철골철근콘크리트구조,3700,단일계약,위탁관리,18,647,225,유,"관리사무소, 노인정, 주민공동시설, 어린이놀이터, 휴게시설, 커뮤니티공간, 자전거보관소",36,5
A13480403,철골콘크리트구조,2500,단일계약,위탁관리,22,692,200,유,"관리사무소, 노인정, 보육시설, 어린이놀이터, 휴게시설, 유치원, 자전거보관소",19,1
A13408003,철골철근콘크리트구조,6000,종합계약,위탁관리,38,2011,496,유,"관리사무소, 노인정, 보육시설, 문고, 주민공동시설, 어린이놀이터, 휴게시설, 커뮤니티공간, 자전거보관소",20,3
A10022715,철골철근콘크리트구조,22900,종합계약,위탁관리,40,1353,832,유,"관리사무소, 노인정, 보육시설, 주민공동시설, 어린이놀이터, 휴게시설, 커뮤니티공간, 자전거보관소",27,2
A13480401,철근콘크리트구조,1500,단일계약,위탁관리,10,450,59,무,"관리사무소, 노인정, 어린이놀이터, 자전거보관소",22,3
A10027207,철근콘크리트구조,22950,종합계약,위탁관리,96,3972,1536,유,"관리사무소, 노인정, 보육시설, 문고, 주민공동시설, 어린이놀이터, 휴게시설, 유치원, 커뮤니티공간, 자전거보관소",35,3
A10022756,철근콘크리트구조,2250,단일계약,위탁관리,34,796,406,유,"관리사무소, 노인정, 보육시설, 주민공동시설, 어린이놀이터, 휴게시설, 커뮤니티공간, 자전거보관소",27,1
A10024412,철근콘크리트구조,3100,종합계약,위탁관리,23,823,309,유,"관리사무소, 노인정, 보육시설, 문고, 주민공동시설, 어린이놀이터, 커뮤니티공간, 자전거보관소",14,2
A10024420,철근콘크리트구조,2000,종합계약,위탁관리,11,369,180,유,"관리사무소, 노인정, 보육시설, 문고, 주민공동시설, 어린이놀이터, 휴게시설, 자전거보관소, 기타",22,2
A10023855,철골철근콘크리트구조,2550,단일계약,위탁관리,24,624,347,유,"관리사무소, 노인정, 보육시설, 문고, 주민공동시설, 어린이놀이터, 휴게시설, 커뮤니티공간, 자전거보관소",22,2
A10025010,철골콘크리트구조,21800,종합계약,위탁관리,100,6405,2060,유,"관리사무소, 노인정, 보육시설, 문고, 주민공동시설, 어린이놀이터, 휴게시설, 유치원, 커뮤니티공간, 자전거보관소",34,3
A10025112,철근콘크리트구조,9250,종합계약,위탁관리,51,2375,1186,유,"관리사무소, 노인정, 보육시설, 주민공동시설, 어린이놀이터, 휴게시설, 커뮤니티공간, 자전거보관소",29,4
A13472701,철근콘크리트구조,5000,단일계약,위탁관리,55,2604,426,무,"관리사무소, 노인정, 보육시설, 문고, 주민공동시설, 어린이놀이터, 커뮤니티공간, 자전거보관소",20,2
A10025104,철근콘크리트구조,6250,종합계약,위탁관리,50,2550,928,유,"관리사무소, 노인정, 보육시설, 문고, 주민공동시설, 어린이놀이터, 유치원, 커뮤니티공간, 자전거보관소",29,2
A10026403,철골철근콘크리트구조,5700,종합계약,위탁관리,22,914,408,유,"관리사무소, 노인정, 보육시설, 주민공동시설, 어린이놀이터, 커뮤니티공간, 자전거보관소",25,3
A10021433,,,,,0,0,,,,12,2
A10024473,철골철근콘크리트구조,1900,종합계약,위탁관리,118,2400,748,유,"관리사무소, 노인정, 보육시설, 문고, 주민공동시설, 어린이놀이터, 휴게시설, 커뮤니티공간, 자전거보관소, 기타",29,3
A13483803,철근콘크리트구조,1185,단일계약,위탁관리,12,365,53,무,"관리사무소, 노인정, 어린이놀이터, 자전거보관소",13,1
A10020567,벽돌구조,0,단일계약,,0,133,46,무,,3,1
A13409001,철근콘크리트구조,500,단일계약,위탁관리,4,185,33,무,"관리사무소, 어린이놀이터, 자전거보관소",19,2
A10024798,철골콘크리트구조,0,기타,,0,164,62,무,"관리사무소, 어린이놀이터",3,0
A10024932,철골콘크리트구조,2136,종합계약,위탁관리,8,482,176,유,"관리사무소, 노인정, 보육시설, 문고, 주민공동시설, 어린이놀이터, 휴게시설, 유치원, 커뮤니티공간, 자전거보관소",21,3
A13470102,철골철근콘크리트구조,1700,단일계약,위탁관리,4,77,16,무,"관리사무소, 주민공동시설",15,1
A10022525,철근콘크리트구조,5000,종합계약,위탁관리,32,1590,758,유,"관리사무소, 노인정, 어린이놀이터, 유치원, 커뮤니티공간, 자전거보관소",33,3
A13488104,철근콘크리트구조,2250,단일계약,위탁관리,16,977,116,유,"관리사무소, 노인정, 보육시설, 주민공동시설, 어린이놀이터, 커뮤니티공간, 자전거보관소, 기타",23,2
A13470103,철근콘크리트구조,700,단일계약,위탁관리,6,135,16,무,"관리사무소, 노인정, 주민공동시설, 자전거보관소",17,2
A13470101,철근콘크리트구조,3275,단일계약,위탁관리,24,880,85,무,"관리사무소, 노인정, 어린이놀이터, 자전거보관소",12,0
A10020736,,,,위탁관리,4,0,,,,21,2
A10020684,철근콘크리트구조,1900,종합계약,위탁관리,3,83,28,무,"관리사무소, 자전거보관소",18,2
A13481001,철근콘크리트구조,375,단일계약,위탁관리,9,164,25,무,"관리사무소, 어린이놀이터, 자전거보관소",9,0
A13481305,철근콘크리트구조,2000,단일계약,위탁관리,21,456,96,무,"관리사무소, 노인정, 보육시설, 어린이놀이터, 자전거보관소",18,2
A10020989,,,,,0,0,,,,18,0
A10020988,,,,,0,0,,,,15,0
A13480803,철골철근콘크리트구조,930,단일계약,위탁관리,8,264,53,무,"관리사무소, 노인정, 주민공동시설, 어린이놀이터, 자전거보관소",18,2
A13470104,철근콘크리트구조,1310,단일계약,위탁관리,3,68,10,무,"관리사무소, 자전거보관소",19,1
A10022001,,,,위탁관리,8,0,,,,15,1
A10021705,철골철근콘크리트구조,3910,종합계약,위탁관리,22,703,370,유,"관리사무소, 노인정, 보육시설, 주민공동시설, 어린이놀이터, 커뮤니티공간, 자전거보관소",14,2
A10023059,철근콘크리트구조,1922,종합계약,위탁관리,9,279,191,유,"관리사무소, 노인정, 어린이놀이터, 자전거보관소",10,2
A13406002,철근콘크리트구조,22900,단일계약,위탁관리,5,172,36,무,"관리사무소, 노인정, 어린이놀이터, 자전거보관소",19,1
A13406204,철근콘크리트구조,950,종합계약,위탁관리,8,368,58,무,"관리사무소, 노인정, 어린이놀이터, 커뮤니티공간, 자전거보관소",25,2
A13470503,철근콘크리트구조,2950,단일계약,위탁관리,21,1155,235,유,,25,2
A13406005,철근콘크리트구조,1375,단일계약,위탁관리,12,311,48,무,"관리사무소, 노인정, 어린이놀이터, 자전거보관소",15,0
A13406003,철근콘크리트구조,410,기타,위탁관리,5,244,32,무,"관리사무소, 노인정, 어린이놀이터, 자전거보관소",20,2
A10021603,철근콘크리트구조,400,종합계약,위탁관리,6,171,38,무,"관리사무소, 노인정, 어린이놀이터, 자전거보관소",15,1
A13406201,철근콘크리트구조,795,단일계약,위탁관리,3,81,11,무,"관리사무소, 어린이놀이터, 자전거보관소",12,1
A13470504,철근콘크리트구조,500,단일계약,위탁관리,4,160,28,유,"관리사무소, 노인정, 어린이놀이터, 자전거보관소",12,0
A13481802,철근콘크리트구조,950,단일계약,위탁관리,7,183,48,무,"관리사무소, 노인정, 어린이놀이터",19,0
A13406205,철근콘크리트구조,1250,종합계약,위탁관리,7,481,60,유,"관리사무소, 노인정, 어린이놀이터, 자전거보관소",24,2
A13470502,철근콘크리트구조,1100,단일계약,위탁관리,6,348,46,무,"관리사무소, 노인정, 주민공동시설, 어린이놀이터, 자전거보관소",22,2
A10021122,철골철근콘크리트구조,65160,종합계약,위탁관리,351,17166,5526,유,,35,3
A13485302,철근콘크리트구조,11750,단일계약,위탁관리,62,4633,655,무,"관리사무소, 노인정, 문고, 어린이놀이터, 자전거보관소",34,2
A13485301,철근콘크리트구조,2700,종합계약,위탁관리,12,682,86,유,"관리사무소, 노인정, 주민공동시설, 어린이놀이터",25,2
A13485401,철근콘크리트구조,1020,단일계약,위탁관리,9,251,53,무,"관리사무소, 노인정, 어린이놀이터, 자전거보관소",14,1
A10021259,철골철근콘크리트구조,550,단일계약,위탁관리,3,111,22,무,,19,2
A13405002,철근콘크리트구조,2000,단일계약,위탁관리,12,627,108,유,"관리사무소, 노인정, 주민공동시설, 어린이놀이터, 기타",28,2
A13405201,철근콘크리트구조,7100,단일계약,위탁관리,48,3011,332,유,"관리사무소, 노인정, 주민공동시설, 어린이놀이터, 휴게시설, 자전거보관소",28,3
A10023046,철근콘크리트구조,415,종합계약,위탁관리,2,137,26,무,"관리사무소, 어린이놀이터, 자전거보관소",11,2
A13471501,철근콘크리트구조,2150,단일계약,위탁관리,9,475,92,무,"관리사무소, 노인정, 주민공동시설, 어린이놀이터, 휴게시설, 자전거보관소",27,2
A13405003,철근콘크리트구조,8500,종합계약,위탁관리,35,2185,408,유,"관리사무소, 노인정, 보육시설, 문고, 주민공동시설, 어린이놀이터, 자전거보관소",30,2
A10020122,철근콘크리트구조,732,종합계약,위탁관리,4,161,25,무,"관리사무소, 노인정, 어린이놀이터, 자전거보관소",19,2
A10020036,철골철근콘크리트구조,1060,종합계약,위탁관리,3,144,35,유,"관리사무소, 노인정, 주민공동시설, 어린이놀이터, 자전거보관소",16,1
A10025174,철골철근콘크리트구조,2400,단일계약,위탁관리,11,587,199,유,"관리사무소, 노인정, 보육시설, 주민공동시설, 어린이놀이터, 휴게시설, 커뮤니티공간, 자전거보관소",26,3
A13484004,철골콘크리트구조,700,단일계약,위탁관리,6,244,84,무,관리사무소,15,3
A10020681,철근콘크리트구조,1750,종합계약,위탁관리,9,407,304,유,"관리사무소, 노인정, 보육시설, 문고, 주민공동시설, 어린이놀이터, 휴게시설, 커뮤니티공간, 자전거보관소",42,7
A13484501,철근콘크리트구조,700,종합계약,위탁관리,5,222,66,유,"관리사무소, 노인정, 어린이놀이터",19,2
A13484201,철근콘크리트구조,800,종합계약,위탁관리,8,263,64,유,"관리사무소, 노인정, 어린이놀이터, 자전거보관소",15,0
A13403001,철근콘크리트구조,600,종합계약,위탁관리,7,184,41,유,"관리사무소, 노인정, 어린이놀이터, 휴게시설, 자전거보관소",13,1
A13403101,철근콘크리트구조,4496,단일계약,위탁관리,54,1262,148,무,"관리사무소, 노인정, 보육시설, 주민공동시설, 어린이놀이터, 자전거보관소",28,3
A13403002,철근콘크리트구조,1150,단일계약,위탁관리,7,343,51,유,"관리사무소, 노인정, 어린이놀이터, 자전거보관소",23,2
A13484102,철근콘크리트구조,700,종합계약,위탁관리,6,290,38,유,"관리사무소, 노인정, 어린이놀이터, 자전거보관소",21,2
A13484003,철골콘크리트구조,945,단일계약,위탁관리,4,277,36,무,"관리사무소, 노인정, 어린이놀이터, 자전거보관소, 기타",11,0
A10027354,철골철근콘크리트구조,2600,단일계약,위탁관리,12,583,129,유,"관리사무소, 노인정, 보육시설, 문고, 주민공동시설, 어린이놀이터, 휴게시설, 유치원, 커뮤니티공간, 자전거보관소",24,2
A10022996,철골콘크리트구조,4500,종합계약,관리방식미정,8,900,240,유,,32,7
A10022572,철골콘크리트구조,2850,종합계약,위탁관리,4,199,249,유,"관리사무소, 노인정, 어린이놀이터, 휴게시설, 커뮤니티공간, 자전거보관소, 기타",45,7
A10022000,철골철근콘크리트구조,1300,종합계약,위탁관리,4,185,70,무,"관리사무소, 자전거보관소",20,5
A10020603,철골철근콘크리트구조,500,단일계약,위탁관리,4,130,32,유,"관리사무소, 자전거보관소",15,4
A10027948,철골철근콘크리트구조,1950,종합계약,위탁관리,8,364,92,유,"관리사무소, 문고, 주민공동시설, 어린이놀이터, 휴게시설, 커뮤니티공간, 자전거보관소, 기타",41,4
A10022202,프리케스트콘크리트구조,5950,종합계약,위탁관리,22,1202,356,유,,40,5
A10026195,철근콘크리트구조,700,종합계약,위탁관리,5,175,80,무,"관리사무소, 노인정, 주민공동시설, 어린이놀이터, 자전거보관소",15,2
A13402204,철골철근콘크리트구조,800,단일계약,위탁관리,9,265,64,무,"관리사무소, 노인정, 어린이놀이터",15,1
A13402003,철근콘크리트구조,3100,단일계약,위탁관리,7,640,61,무,"관리사무소, 커뮤니티공간",22,7
A10020336,철근콘크리트구조,4960,종합계약,위탁관리,17,743,306,유,"관리사무소, 노인정, 보육시설, 주민공동시설, 어린이놀이터, 커뮤니티공간, 자전거보관소",38,6
A10026852,철근콘크리트구조,5000,종합계약,위탁관리,20,1200,305,유,"관리사무소, 노인정, 보육시설, 문고, 주민공동시설, 어린이놀이터, 휴게시설, 커뮤니티공간, 자전거보관소",45,5
A10024134,철근콘크리트구조,850,종합계약,위탁관리,5,149,40,무,,12,1
A10023979,철골철근콘크리트구조,1000,단일계약,위탁관리,2,108,77,유,"관리사무소, 주민공동시설, 휴게시설, 커뮤니티공간, 자전거보관소",17,1
A10020146,,,,,0,0,,,,13,2
A10020258,,,,,0,0,,,,25,3
A10021534,,,,,0,0,,,,15,1
A13402202,철근콘크리트구조,600,단일계약,위탁관리,6,198,34,무,"관리사무소, 노인정, 어린이놀이터",13,2
A13486102,철근콘크리트구조,400,단일계약,위탁관리,2,37,17,무,"관리사무소, 어린이놀이터, 자전거보관소",14,1
A13475001,철근콘크리트구조,800,종합계약,위탁관리,3,146,42,유,"관리사무소, 휴게시설, 자전거보관소",20,6
A13486504,철근콘크리트구조,1600,종합계약,위탁관리,12,543,84,무,"관리사무소, 노인정, 보육시설, 어린이놀이터",25,3
A13402001,철근콘크리트구조,500,종합계약,위탁관리,5,187,29,무,"관리사무소, 휴게시설",8,5
A13402005,,,,,0,0,,,,19,0
A13402305,철근콘크리트구조,1650,단일계약,위탁관리,9,504,112,무,"관리사무소, 노인정, 어린이놀이터, 자전거보관소",20,2
A13472201,철근콘크리트구조,715,단일계약,위탁관리,3,125,23,무,"관리사무소, 노인정, 어린이놀이터, 자전거보관소",19,2
A13486701,철근콘크리트구조,610,단일계약,위탁관리,4,152,28,무,"관리사무소, 노인정, 자전거보관소",15,2
A10023670,철골철근콘크리트구조,990,종합계약,위탁관리,3,74,12,유,"관리사무소, 휴게시설, 커뮤니티공간, 자전거보관소",15,2
A13402103,철근콘크리트구조,1650,단일계약,위탁관리,14,342,0,무,"관리사무소, 노인정, 어린이놀이터, 휴게시설, 자전거보관소",13,0
A13486703,철근콘크리트구조,115,단일계약,위탁관리,5,155,44,무,"관리사무소, 어린이놀이터, 자전거보관소, 기타",18,2
A13486705,철근콘크리트구조,750,단일계약,위탁관리,6,243,48,무,"관리사무소, 노인정, 자전거보관소",16,3
A13402002,철근콘크리트구조,1300,종합계약,위탁관리,8,435,76,무,"관리사무소, 노인정, 보육시설, 주민공동시설, 어린이놀이터, 휴게시설, 자전거보관소",24,0
A13402304,철근콘크리트구조,702,단일계약,위탁관리,3,101,32,무,"관리사무소, 노인정, 어린이놀이터, 자전거보관소",18,0
A13486601,철근콘크리트구조,695,단일계약,위탁관리,4,84,16,무,"관리사무소, 노인정, 보육시설, 어린이놀이터, 휴게시설",15,1
A13486401,철근콘크리트구조,515,단일계약,위탁관리,2,69,16,무,"관리사무소, 어린이놀이터, 자전거보관소",12,1
A13487102,일반철골구조,1250,종합계약,위탁관리,5,192,32,무,"관리사무소, 노인정",25,0
A10023695,철골철근콘크리트구조,950,종합계약,위탁관리,8,286,154,유,"관리사무소, 노인정, 보육시설, 문고, 어린이놀이터, 자전거보관소",20,4
A10024421,철골철근콘크리트구조,2500,단일계약,위탁관리,26,933,301,유,"관리사무소, 노인정, 주민공동시설, 어린이놀이터, 휴게시설, 유치원, 커뮤니티공간, 자전거보관소",20,1
A10024440,철근콘크리트구조,3300,단일계약,위탁관리,24,896,286,유,"관리사무소, 노인정, 보육시설, 문고, 주민공동시설, 어린이놀이터, 휴게시설, 커뮤니티공간, 자전거보관소",22,2
A10024468,철근콘크리트구조,3750,종합계약,위탁관리,31,1149,380,무,"관리사무소, 노인정, 보육시설, 문고, 주민공동시설, 어린이놀이터, 휴게시설, 유치원, 커뮤니티공간, 자전거보관소, 기타",24,2
A10024422,철골철근콘크리트구조,3200,종합계약,위탁관리,37,1104,312,유,"관리사무소, 노인정, 보육시설, 주민공동시설, 어린이놀이터, 휴게시설, 커뮤니티공간, 자전거보관소, 기타",21,1
A10024410,철골철근콘크리트구조,1400,종합계약,위탁관리,11,305,150,무,"관리사무소, 노인정, 보육시설, 어린이놀이터, 휴게시설, 자전거보관소, 기타",15,1
A13410005,철근콘크리트구조,2100,단일계약,위탁관리,18,798,112,유,"관리사무소, 노인정, 문고, 주민공동시설, 어린이놀이터, 휴게시설, 자전거보관소",15,1
A10027638,기타구조,1052,단일계약,위탁관리,7,244,74,무,"관리사무소, 노인정, 보육시설, 문고, 어린이놀이터, 휴게시설, 자전거보관소",10,1
A13410001,철근콘크리트구조,980,종합계약,위탁관리,14,320,85,무,"관리사무소, 노인정, 보육시설, 문고, 주민공동시설, 어린이놀이터, 휴게시설, 유치원, 자전거보관소",12,1
A13410003,철근콘크리트구조,1200,단일계약,위탁관리,16,571,108,유,"관리사무소, 노인정, 문고",14,1
A13410008,철근콘크리트구조,2250,단일계약,위탁관리,25,1100,206,유,"관리사무소, 노인정, 보육시설, 주민공동시설, 어린이놀이터, 자전거보관소, 기타",15,2
A13410006,철근콘크리트구조,1800,단일계약,위탁관리,16,827,136,무,"관리사무소, 노인정, 보육시설, 주민공동시설, 어린이놀이터, 자전거보관소",15,0
A13410009,철골콘크리트구조,1800,단일계약,위탁관리,18,809,137,유,"관리사무소, 노인정, 보육시설, 문고, 주민공동시설, 어린이놀이터, 자전거보관소",15,0
A13410004,철골철근콘크리트구조,1450,단일계약,위탁관리,26,627,109,무,"관리사무소, 노인정, 보육시설, 문고, 주민공동시설, 어린이놀이터, 자전거보관소, 기타",15,1
A13410010,철근콘크리트구조,1800,단일계약,위탁관리,14,819,116,유,"관리사무소, 노인정, 보육시설, 문고, 주민공동시설, 어린이놀이터, 자전거보관소",15,2
A13410002,철근콘크리트구조,1200,단일계약,위탁관리,17,465,94,유,"관리사무소, 노인정, 보육시설, 문고, 주민공동시설, 어린이놀이터, 휴게시설, 유치원, 커뮤니티공간, 자전거보관소",14,0
A13410007,철근콘크리트구조,2200,단일계약,위탁관리,23,980,182,유,"관리사무소, 노인정, 문고, 주민공동시설, 어린이놀이터, 자전거보관소",15,1
A13410012,철골철근콘크리트구조,1860,단일계약,위탁관리,20,693,176,유,"관리사무소, 노인정, 보육시설, 문고, 주민공동시설, 어린이놀이터, 휴게시설, 커뮤니티공간, 자전거보관소",15,2
A13410011,철근콘크리트구조,1860,단일계약,위탁관리,16,726,149,유,"관리사무소, 노인정, 보육시설, 문고, 주민공동시설, 어린이놀이터, 휴게시설, 자전거보관소",17,1
A10022851,철근콘크리트구조,6000,단일계약,위탁관리,45,1086,439,유,,27,2
