kaptCode,kaptName,kaptAddr,codeSaleNm,codeHeatNm,kaptTarea,kaptDongCnt,kaptdaCnt,kaptBcompany,kaptAcompany,kaptTel,kaptUrl,codeAptNm,doroJuso,codeMgrNm,codeHallNm,kaptUsedate,kaptFax,hoCnt,kaptMarea,kaptMparea60,kaptMparea85,kaptMparea135,kaptMparea136,privArea,bjdCode,kaptTopFloor,ktownFlrNo,kaptBaseFloor,kaptdEcntp,zipcode
A10021295,경희궁의아침4단지,서울특별시 종로구 내수동 73- 경희궁의아침4단지,분양,개별난방,27557.0,1,120.0,쌍용건설,군인공제회,027324975, ,주상복합,서울특별시 종로구 새문안로3길 23,위탁관리,계단식,20040517,027324976,120.0,27557.1,0.0,0.0,75.0,45.0,16020.9,1111011800,1.0,16.0,1.0,8.0,
A10021652,경희궁파크팰리스,서울특별시 종로구 내수동 95- 경희궁파크팰리스,분양,개별난방,41113.0,1,142.0,삼성물산,확인불가,027375271, ,주상복합,서울특별시 종로구 사직로8길 20,위탁관리,계단식,20031119,027375272,142.0,34454.14,0.0,0.0,57.0,85.0,18805.07,1111011800,1.0,16.0,4.0,0.0,
A11007001,경희궁의아침3단지,서울특별시 종로구 내수동 72 경희궁의아침3단지,분양,개별난방,38391.6,1,150.0,쌍용건설,군인공제조합,027224433, ,주상복합,서울특별시 종로구 사직로8길 34,위탁관리,계단식,20040517,027340253,150.0,38391.6,0.0,0.0,30.0,120.0,22444.8,1111011800,16.0,16.0,3.0,0.0,03174
A11087101,경희궁의아침2단지,서울특별시 종로구 내수동 71 경희궁의아침2단지,분양,개별난방,47470.58,1,90.0,쌍용건설,쌍용건설,027340258, ,주상복합,서울특별시 종로구 사직로8길 24,위탁관리(총액관리제),혼합식,20040515,027340252,90.0,15742.81,0.0,0.0,30.0,60.0,13185,1111011800,16.0,16.0,5.0,0.0,03174
A11005401,광화문스페이스본 아파트,서울특별시 종로구 신문로2가 1-434 광화문스페이스본 아파트,분양,개별난방,163862.1,6,744.0,풍림산업(주),사직1구역 도심 재개발조합,027373388,www.spacebon.kr,아파트,서울특별시 종로구 사직로8길 4,위탁관리,복도식,20080711,027373399,744.0,94981.45,0.0,28.0,335.0,381.0,94981.45,1111012100,14.0,14.0,4.0,21.0,03168
A11014001,로얄팰리스스위트,서울특별시 종로구 수송동 85 로얄팰리스스위트,분양,중앙난방,51195.18,1,99.0, , ,0267308058,www.somersetpalace.co.kr/,아파트,서울특별시 종로구 율곡로2길 7,기타,복도식,,0267308089,28.0,2800.0,75.0,17.0,7.0,0.0,1191.14,1111012400,18.0,18.0,0.0,8.0,03143
A11034001,현대뜨레비앙,서울특별시 종로구 익선동 55 현대뜨레비앙,분양,개별난방,22846.92,1,291.0,현대건설,팬퍼시픽,027430416,hd7430416@gmail.com,주상복합,서울특별시 종로구 돈화문로11가길 59,위탁관리,복도식,20031129,027430417,291.0,22846.92,291.0,0.0,0.0,0.0,13245.16,1111013300,9.0,9.0,3.0,2.0,03132
A10020992,낙원아파트,서울특별시 종로구 낙원동 288- 낙원아파트,분양,개별난방,15416.0,1,149.0,대일건설,대일건설,027420653, ,주상복합,서울특별시 종로구 삼일대로 428,위탁관리,복도식,19680915,027664602,149.0,12664.71,0.0,93.0,53.0,3.0,12664.7,1111013700,1.0,15.0,0.0,0.0,
A11041001,효성주얼리시티아파트,서울특별시 종로구 인의동 48-2 효성주얼리시티아파트,분양,개별난방,89808.14,2,298.0,(주)효성건설,태승플레이,0262603500, ,주상복합,서울특별시 종로구 종로 183,위탁관리,계단식,20061027,0262603502,298.0,36383.08,0.0,140.0,144.0,14.0,28511.84,1111015700,19.0,19.0,5.0,8.0,03130
A10027162,포레스트힐시티,서울특별시 종로구 효제동 65-2 포레스트힐시티,분양,개별난방,6996.68,1,152.0,신홍선건설,마르코통상,027437430, ,주상복합,서울특별시 종로구 대학로 33,위탁관리,기타,20170120,027437431,152.0,3777.7683,152.0,0.0,0.0,0.0,2705.2634,1111016200,14.0,14.0,3.0,2.0,03128
A10023586,힐스테이트 창경궁,서울특별시 종로구 충신동 60- 힐스테이트 창경궁,혼합,개별난방,36373.28,1,0.0,현대건설,에스와이상영개발,027657736,https://hscgg.aptner.com/,주상복합,서울특별시 종로구 율곡로 236,위탁관리,계단식,20220929,027657737,181.0,14427.91,0.0,0.0,0.0,0.0,14427.91,1111016700,15.0,15.0,5.0,4.0,03123
A10023741,명륜아남2차아파트,서울특별시 종로구 명륜2가 236 명륜아남2차아파트,분양,개별난방,8041.1,1,65.0,아남건설(주),다원건축(주),027645743, ,아파트,서울특별시 종로구 혜화로3길 33,위탁관리,혼합식,19960920,027645743,65.0,8004.1,26.0,24.0,15.0,0.0,5297.76,1111017100,9.0,9.0,1.0,3.0,
A11052201,명륜아남1차,서울특별시 종로구 명륜2가 4 명륜아남1차,분양,개별난방,55871.63,3,436.0,아남건설(주),총무처주택조합외 11개 조합,027479717,anam1.com,아파트,서울특별시 종로구 창경궁로 265,위탁관리,계단식,19951222,027479718,436.0,37016.4,0.0,436.0,0.0,0.0,37008.6,1111017100,20.0,20.0,3.0,12.0,03075
A11076701,주상복합아남아파트,서울특별시 종로구 명륜2가 237 주상복합아남아파트,분양,개별난방,18527.0,1,136.0,아남건설,아남건설,027621006, ,주상복합,서울특별시 종로구 혜화로3길 5,위탁관리,복도식,19990130,027651006,136.0,15894.85,90.0,20.0,19.0,7.0,8819.68,1111017100,8.0,8.0,2.0,2.0,
A10021626,창신이수아파트,서울특별시 종로구 창신동 23-816 창신이수아파트,분양,개별난방,21891.0,1,113.0,이수건설,더블루피엠씨,0236963070, ,아파트,서울특별시 종로구 지봉로 87,위탁관리,계단식,20030808, ,113.0,10441.94,0.0,81.0,32.0,0.0,10448.34,1111017400,1.0,19.0,2.0,4.0,
A11054101,창신두산,서울특별시 종로구 창신동 232 창신두산,분양,개별난방,65446.3,3,529.0,두산건설(주),두산건설,027637006, ,아파트,서울특별시 종로구 지봉로5길 7,위탁관리,혼합식,19990430,0262617006,529.0,51641.68,289.0,239.0,1.0,0.0,37701.55,1111017400,23.0,23.0,2.0,11.0,03104
A11054301,창신쌍용1단지,서울특별시 종로구 창신동 702 창신쌍용1단지,분양,개별난방,59332.5,5,585.0,쌍용건설,창신 제1-2 재개발조합,027471554, ,아파트,서울특별시 종로구 동망산길 19,자치관리,혼합식,19921125,027471553,585.0,58720.11,201.0,306.0,78.0,0.0,43751.28,1111017400,14.0,14.0,0.0,10.0,03093
A11077101,창신쌍용아파트2단지,서울특별시 종로구 창신동 703 창신쌍용아파트2단지,분양,개별난방,97540.51,7,919.0,쌍용건설,창신제2지구 재개발조합,027666141, ,아파트,서울특별시 종로구 낙산길 198,위탁관리,혼합식,19931012,0236723555,924.0,94112.04,156.0,567.0,196.0,0.0,71145.81,1111017400,15.0,15.0,0.0,16.0,03092
A10024713,숭인상가아파트,서울특별시 종로구 숭인동 204-11 숭인상가아파트,분양,개별난방,11306.57,1,109.0,현대건설,현대건설,0222525630, ,주상복합,서울특별시 종로구 청계천로 391,위탁관리,복도식,19791022, ,109.0,10082.688,0.0,102.0,7.0,0.0,8630.63,1111017500,8.0,8.0,1.0,2.0,03117
A11055002,종로청계힐스테이트,서울특별시 종로구 숭인동 766 종로청계힐스테이트,분양,개별난방,45692.0,6,288.0,현대건설,숭인5구역주택개발조합,029290540, ,아파트,서울특별시 종로구 숭인동길 21,위탁관리,계단식,20090320,029290541,288.0,29725.568,128.0,116.0,44.0,0.0,22574.0708,1111017500,20.0,20.0,2.0,10.0,03112
A11087601,롯데캐슬천지인,서울특별시 종로구 숭인동 76 롯데캐슬천지인,분양,개별난방,38416.25,2,220.0,롯데건설,롯데건설,0236706111, ,주상복합,서울특별시 종로구 종로 347,위탁관리,기타,20040909,0236706114,220.0,27273.4,0.0,110.0,110.0,0.0,21679.35,1111017500,30.0,30.0,4.0,0.0,03113
A11087602,종로센트레빌,서울특별시 종로구 숭인동 2-1 종로센트레빌,분양,개별난방,63835.92,6,416.0,동부건설,숭인제4구역재정비사업조합,0236721213, ,아파트,서울특별시 종로구 동망산길 47,위탁관리,계단식,20081121,0236721244,416.0,41882.56,180.0,164.0,72.0,0.0,32968.72,1111017500,12.0,12.0,3.0,18.0,03107
A10027105,경희궁자이3단지,서울특별시 종로구 평동 233 경희궁자이3단지,분양,개별난방,98493.95,8,589.0,자이건설(주),돈의문1구역 도시환경 사업조합,027372101,ghgxi3.aptner.com/v2,주상복합,서울특별시 종로구 경교장길 35,위탁관리,계단식,20170224,027372102,589.0,60080.2,189.0,385.0,15.0,0.0,45327.031,1111017700,20.0,20.0,4.0,25.0,03180
A10027118,경희궁자이2단지 아파트,서울특별시 종로구 홍파동 199 경희궁자이2단지 아파트,분양,개별난방,194110.78,14,1148.0,GS건설,돈의문1구역 도시환경 사업조합,027232107,admin.aptner.com,주상복합,서울특별시 종로구 송월길 99,위탁관리,계단식,20170224,027232109,1148.0,130419.016,151.0,782.0,194.0,21.0,98892.223,1111017900,21.0,21.0,2.0,40.0,03165
A10026940,경희궁자이4단지주상복합,서울특별시 종로구 교북동 126 경희궁자이4단지주상복합,분양,개별난방,23557.0,3,182.0,지에스건설,돈의문지역주택조합,0232100985,ghgxi4.xisnd.co.kr/,주상복합,서울특별시 종로구 송월길 155,위탁관리,계단식,20170629,0232100986,182.0,10915.78,182.0,0.0,0.0,0.0,7375.6155,1111018000,19.0,19.0,5.0,4.0,03165
A10026946,경희궁자이1단지(임대아파트),서울특별시 종로구 행촌동 211 경희궁자이1단지(임대아파트),임대,개별난방,48330.258,5,496.0,GS자이,서울주택도시공사(구 SH공사),027395383, ,아파트,서울특별시 종로구 송월길 130,위탁관리,복도식,20170629,027395385,496.0,48302.676,496.0,0.0,0.0,0.0,21034.1056,1111018100,19.0,19.0,2.0,9.0,03166
A10021355,구기동 청구빌라,서울특별시 종로구 구기동 266- 구기동 청구빌라,분양,개별난방,18978.0,9,114.0,(주)청구,(주)청구,0234177700,(주)청구,연립주택,서울특별시 종로구 홍지문길 69,자치관리,계단식,19971231, ,114.0,13652.1,0.0,69.0,45.0,0.0,11795.73,1111018200,3.0,3.0,1.0,0.0,
A10024669,동익빌라,서울특별시 종로구 구기동 40 동익빌라,분양,,17918.0,9,123.0,(주)동익건설,(주)동익건설,0232171209, ,연립주택,서울특별시 종로구 홍지문길 64,위탁관리,계단식,19961107,023946159,123.0,15873.915,0.0,78.0,0.0,45.0,13112.37,1111018200,1.0,3.0,0.0,0.0,03013
A10021278,평창동 롯데캐슬로잔,서울특별시 종로구 평창동 108- 평창동 롯데캐슬로잔,분양,개별난방,0.0,1,112.0,롯데건설,한국투자신탁,0203940114, ,아파트,서울특별시 종로구 평창문화로 156,위탁관리,계단식,20090408,023780819,112.0,44648.887,0.0,0.0,0.0,112.0,24182.515,1111018300,1.0,11.0,0.0,0.0,
A10021787,금강하이츠빌라,서울특별시 종로구 평창동 64-3 금강하이츠빌라,분양,개별난방,20373.0,9,265.0,금강하이츠빌라,금강하이츠빌라,023943225, ,연립주택,서울특별시 종로구 평창24길 18,위탁관리,계단식,19890329,023963225,252.0,18270.72,265.0,0.0,0.0,0.0,12386.34,1111018300,3.0,3.0,0.0,0.0,
A10024780,금강주택,서울특별시 종로구 평창동 170 금강주택,분양,개별난방+기타,15294.0,6,168.0,확인 안됨,확인안됨,023794403, ,연립주택,서울특별시 종로구 평창12길 8-22,자치관리,계단식,19920519, ,168.0,14271.6,0.0,168.0,0.0,0.0,14271.6,1111018300,3.0,3.0,0.0,0.0,03009
A11001203,평창삼성,서울특별시 종로구 평창동 596 평창삼성,분양,개별난방,24783.0,2,176.0,삼성중공업(주),중소기업은행 평창동 주택조합,0232163063, ,아파트,서울특별시 종로구 평창문화로 172,위탁관리,복도식,19980502,0232163064,176.0,19199.84,88.0,88.0,0.0,0.0,12751.81,1111018300,15.0,15.0,2.0,4.0,03010
A11084601,평창롯데,서울특별시 종로구 평창동 72 평창롯데,분양,개별난방,31071.11,3,156.0,롯데건설,북악맨션재건축조합,023790120, ,아파트,서울특별시 종로구 평창문화로 140,위탁관리,계단식,20010430,026320120,156.0,21191.12,0.0,36.0,120.0,0.0,16342.94,1111018300,14.0,14.0,2.0,6.0,03010
A10025710,경희궁 롯데캐슬아파트,서울특별시 종로구 무악동 89 경희궁 롯데캐슬아파트,분양,개별난방,33903.84,4,0.0,롯데건설(주),무악제2구역주택재개발정비사업조합,027324400, ,아파트,서울특별시 종로구 통일로 230,위탁관리,계단식,20190122,027324100,195.0,20843.215,0.0,0.0,0.0,0.0,30616.6547,1111018700,16.0,16.0,2.0,8.0,03030
A10027708,인왕산2차아이파크아파트,서울특별시 종로구 무악동 71-1 인왕산2차아이파크아파트,분양,개별난방,28078.0,5,167.0,현대산업개발,무악연립제2주택재건축정비사업,027398381, ,아파트,서울특별시 종로구 통일로18길 34,위탁관리,계단식,20150828,027398382,167.0,14952.0,0.0,134.0,33.0,0.0,15004.21,1111018700,17.0,17.0,3.0,7.0,03024
A11008001,무악현대임대아파트,서울특별시 종로구 무악동 83 무악현대임대아파트,임대,개별난방,34224.62,2,550.0,현대산업개발,SH공사,027340448, ,아파트,서울특별시 종로구 통일로 246-11,위탁관리,복도식,20001021,027340449,550.0,33638.0,550.0,0.0,0.0,0.0,18111.5,1111018700,22.0,22.0,2.0,8.0,03025
A11081302,인왕산아이파크,서울특별시 종로구 무악동 60 인왕산아이파크,분양,개별난방,142421.0,17,810.0,현대산업개발,현대산업개발,027203328, ,아파트,서울특별시 종로구 통일로18길 9,위탁관리,계단식,20080725,027203329,810.0,98164.195,34.0,549.0,195.0,32.0,76071.597,1111018700,17.0,17.0,0.0,29.0,03024
A11081503,무악현대아파트,서울특별시 종로구 무악동 82 무악현대아파트,분양,개별난방,149143.0,12,964.0,현대건설,무악 제1구역 주택개발조합,027220422,muak.kr,아파트,서울특별시 종로구 통일로 246-20,위탁관리,혼합식,20001021,027220423,964.0,110217.97,207.0,455.0,302.0,0.0,85748.08,1111018700,23.0,23.0,2.0,25.0,03025
A10020414,남대문(양동) 단지,서울특별시 중구 남대문로5가 548- 남대문(양동) 단지,임대,중앙난방,4814.64,1,0.0,두양종합건설,주식회사한마루,023185425, ,도시형 생활주택(아파트),서울특별시 중구 후암로60길 21,위탁관리,복도식,20250812,023185428,182.0,2638.22,0.0,0.0,0.0,0.0,2638.22,1114011800,18.0,18.0,4.0,3.0,
A10088101,남산SK리더스뷰,서울특별시 중구 회현동1가 206 남산SK리더스뷰,분양,개별난방,71341.93,2,233.0,SK건설,마커스홀딩스,0264018522, ,주상복합,서울특별시 중구 퇴계로 72,위탁관리,계단식,20100111,0263298522,233.0,45521.02,0.0,0.0,49.0,184.0,36856.07,1114012100,30.0,30.0,7.0,6.0,04632
A10088102,남산롯데캐슬아이리스,서울특별시 중구 회현동1가 208 남산롯데캐슬아이리스,분양,중앙난방,99538.88,2,386.0,(주)롯데건설,군인공제회,023884114, ,주상복합,서울특별시 중구 소공로 35,위탁관리,복도식,20111118,0237897785,386.0,46271.02,81.0,0.0,216.0,89.0,46271.02,1114012100,32.0,32.0,7.0,10.0,04632
A10072501,쌍용남산플래티넘,서울특별시 중구 회현동2가 87 쌍용남산플래티넘,분양,개별난방,74074.85,2,236.0,쌍용건설(주),(주)해창,023180285, ,주상복합,서울특별시 중구 소공로 46,위탁관리,계단식,20100805,023180286,236.0,46796.69,0.0,0.0,0.0,236.0,38196.84,1114012200,33.0,33.0,7.0,3.0,04631
A10071301,남산센트럴자이,서울특별시 중구 충무로4가 306 남산센트럴자이,분양,개별난방,62049.402,2,273.0,GS건설(주),휴먼넥스(주),0222640070, ,주상복합,서울특별시 중구 퇴계로 235,위탁관리,복도식,20091221,0222640040,273.0,62046.9,0.0,60.0,111.0,102.0,31863.915,1114013200,32.0,32.0,7.0,6.0,04558
A10086301,충무로진양,서울특별시 중구 충무로4가 120-3 충무로진양,분양,개별난방,32476.18,2,286.0,알수 없음,알수 없음,0222795300, ,주상복합,서울특별시 중구 퇴계로 217,자치관리,복도식,19700523,0222795305,288.0,32476.18,1.0,165.0,118.0,2.0,24702.49,1114013200,16.0,16.0,1.0,3.0,04558
A10025223,충무로엘크루메트로시티2,서울특별시 중구 충무로5가 36-2 충무로엘크루메트로시티2,분양,개별난방,22952.06,1,171.0,대우조선해양건설,대우조선해양건설,0222614506, ,주상복합,서울특별시 중구 퇴계로49길 14,자치관리,복도식,20160610,0222614507,171.0,9898.24,171.0,0.0,0.0,0.0,4377.03,1114013300,20.0,20.0,5.0,3.0,04559
A10023352,세운푸르지오헤리시티,서울특별시 중구 인현동2가 240 세운푸르지오헤리시티,혼합,개별난방,51129.0,1,614.0,대우건설(주),한호건설(주),0222756340, ,주상복합,서울특별시 중구 마른내로 79,위탁관리,복도식,20230116,0222756341,614.0,18236.21,614.0,0.0,0.0,0.0,18236.2114,1114013400,26.0,26.0,9.0,3.0,04548
A10028201,인현신성,서울특별시 중구 인현동2가 192-30 인현신성,분양,개별난방,10808.8,1,182.0,오래되서 모름,오래되서 모름,0222677087,인현동신성.apti.co.kr,주상복합,서울특별시 중구 마른내로 72,자치관리,복도식,19680530,0222687087,180.0,10573.74,135.0,27.0,20.0,0.0,10573.7,1114013400,10.0,10.0,5.0,2.0,04558
A10022761,힐스테이트 남산,서울특별시 중구 묵정동 35 힐스테이트 남산,분양,중앙난방,32569.34,2,282.0,현대건설(주),파빌리온충무로피에프브이(주),0222799332, ,주상복합,서울특별시 중구 퇴계로46길 26,위탁관리,복도식,20240129,0222799333,282.0,15920.03,282.0,0.0,0.0,0.0,11058.39,1114013600,9.0,9.0,3.0,6.0,04619
A10026849,묵정아파트,서울특별시 중구 묵정동 11-67 묵정아파트,분양,개별난방,7354.0,1,122.0,라이프주택,묵정아파트 주택조합,0222722129, ,아파트,서울특별시 중구 서애로1길 34,자치관리,복도식,19810525,0222723129,122.0,6968.8,121.0,0.0,1.0,0.0,6455.11,1114013600,10.0,10.0,0.0,0.0,04620
A10024327,오렌지카운티 을지로,서울특별시 중구 오장동 145-1 오렌지카운티 을지로,분양,개별난방,10093.27,1,157.0,(주)오렌지이앤씨,케이비부동산신탁,07047057558, ,도시형 생활주택(주상복합),서울특별시 중구 동호로33길 15,자치관리,복도식,20200820,0222697558,157.0,2341.12,157.0,0.0,0.0,0.0,2341.12,1114015400,15.0,15.0,3.0,1.0,04547
A10023343,힐스테이트세운센트럴2단지,서울특별시 중구 입정동 2-4 힐스테이트세운센트럴2단지,혼합,개별난방,77378.625,1,608.0,현대엔지니어링(주),더센터시티 주식회사,0222750301, ,주상복합,서울특별시 중구 을지로15길 32,위탁관리,복도식,20230307,0222750302,608.0,45637.168,608.0,0.0,0.0,0.0,29212.43,1114015600,27.0,27.0,8.0,6.0,04544
A10023356,힐스테이트세운센트럴1단지,서울특별시 중구 입정동 189-1 힐스테이트세운센트럴1단지,혼합,개별난방,52810.0,1,414.0,(주)현대엔지니어링,우리자산신탁(주),0222731981, ,주상복합,서울특별시 중구 을지로15길 31,위탁관리,복도식,20230224,0222731982,414.0,20147.652,414.0,0.0,0.0,0.0,20145.78,1114015600,27.0,27.0,8.0,4.0,04544
A10021020,한진그랑빌 ,서울특별시 중구 신당동 845- 한진그랑빌 ,임대,개별난방,5091.05,1,116.0,주)한진중공업,주)한진중공업,0222533601, ,아파트,서울특별시 중구 왕십리로39길 30,위탁관리,복도식,20010618,0222533602,115.0,5091.05,116.0,0.0,0.0,0.0,3163.32,1114016200,1.0,14.0,0.0,0.0,
A10023488,약수역 더시티,서울특별시 중구 신당동 367-15 약수역 더시티,분양,개별난방,8844.64,1,153.0,(주)일군토건,약수시장재개발협동조합,0222330168, ,주상복합,,위탁관리,복도식,20210326,0222330169,153.0,6204.06,153.0,0.0,0.0,0.0,2898.12,1114016200,11.0,11.0,0.0,3.0,04597
A10025372,신당KCC스위첸아파트,서울특별시 중구 신당동 856 신당KCC스위첸아파트,분양,개별난방,24241.084,3,176.0,kcc건설,신당제11구역주택재개발정비사업주합,0222567502, ,아파트,서울특별시 중구 난계로 130,위탁관리,계단식,20190605,0222567503,177.0,24241.084,75.0,101.0,0.0,0.0,11874.22,1114016200,16.0,16.0,3.0,7.0,04581
A10025456,신당 파인힐 하나유보라,서울특별시 중구 신당동 171 신당 파인힐 하나유보라,임대,개별난방,66745.48,6,718.0,반도건설,(주)하나스테이제1호위탁관리부동산투자회사,0222567293, ,주상복합,서울특별시 중구 왕십리로 407,위탁관리,혼합식,20190607,0222567294,719.0,33342.934,718.0,0.0,0.0,0.0,20799.1811,1114016200,20.0,20.0,3.0,0.0,04580
A10045001,신당푸르지오,서울특별시 중구 신당동 850 신당푸르지오,분양,개별난방,83067.67,9,461.0,대우건설(주),신당동 동화주택 주택재개발조합,0222541020, ,아파트,서울특별시 중구 다산로36길 110,위탁관리,계단식,20051228,0222541021,461.0,54649.09,40.0,266.0,81.0,74.0,44882.36,1114016200,23.0,23.0,3.0,12.0,04587
A10045002,청구e편한세상(분양),서울특별시 중구 신당동 852 청구e편한세상(분양),분양,개별난방,118197.0,13,737.0,대림산업,신당 제7주택재개발아파트,0222368877,aa08827cc@daum.net,아파트,서울특별시 중구 청구로 64,위탁관리,계단식,20111213,0222365535,737.0,86467.46,93.0,465.0,150.0,29.0,67127,1114016200,15.0,15.0,3.0,0.0,04587
A10045301,신당남산타운임대,서울특별시 중구 신당동 844 신당남산타운임대,임대,개별난방,121031.0,7,2034.0,동아건설,sh공사,0222560037,happy.i-sh.co.kr/main.do?deptid=70154,아파트,서울특별시 중구 다산로 32,위탁관리(직영+위탁),복도식,20020525,0222560039,2034.0,121031.13,2034.0,0.0,0.0,0.0,66633.84,1114016200,18.0,18.0,0.0,25.0,04595
A10045302,신당남산타운(분양),서울특별시 중구 신당동 844 신당남산타운(분양),분양,개별난방,432345.0,35,3118.0,현대건설.SK건설.동아건설,신당3구역 주택재개발 사업조함,0222337500,남산타운.apti.co.kr,아파트,서울특별시 중구 다산로 32,위탁관리,혼합식,20020525,0222318724,3116.0,271522.22,864.0,1300.0,954.0,0.0,271557.92,1114016200,18.0,18.0,3.0,74.0,04595
A10045401,신당삼성임대,서울특별시 중구 신당동 843 신당삼성임대,임대,개별난방,25405.6,3,440.0,삼성물산,삼성물산,0222524953,happy.i-sh.co.kr/main.do?deptid=70147,아파트,서울특별시 중구 청구로1길 23,위탁관리,복도식,19991222,0222524954,440.0,25405.6,440.0,0.0,0.0,0.0,14137.2,1114016200,21.0,21.0,3.0,6.0,04588
A10045402,약수하이츠아파트(임대),서울특별시 중구 신당동 842 약수하이츠아파트(임대),임대,개별난방,35380.0,3,684.0,동아건설,동아건설,0222520452,www.i-sh.co.kr/apthomepage/MB01_main.jsp?deptid=70140,아파트,서울특별시 중구 동호로10길 30,위탁관리,복도식,19990729,0222520453,684.0,35376.48,684.0,0.0,0.0,0.0,22346.28,1114016200,18.0,18.0,0.0,8.0,04593
A10045403,신당삼성(분양),서울특별시 중구 신당동 843 신당삼성(분양),분양,개별난방,147199.34,14,994.0,삼성물산,삼성물산,0222368496, ,아파트,서울특별시 중구 청구로1길 23,위탁관리,혼합식,19991222,0222368497,994.0,107778.484,300.0,408.0,286.0,0.0,85520.5,1114016200,23.0,23.0,5.0,25.0,04588
A10045404,신당약수하이츠,서울특별시 중구 신당동 842 신당약수하이츠,분양,개별난방,207783.22,16,1598.0,동아건설(주),동아건설(주),0222543092, ,아파트,서울특별시 중구 동호로10길 30,위탁관리,혼합식,19990729,0222543093,1598.0,168217.86,488.0,752.0,358.0,0.0,129660.8,1114016200,20.0,20.0,3.0,36.0,04593
A10045601,신당현대,서울특별시 중구 신당동 840 신당현대,분양,개별난방,114187.8,10,942.0,현대건설(주),신당제1구역 재개발조합,0222350993,www.sdhdapt.com,아파트,서울특별시 중구 다산로36길 109,위탁관리,혼합식,19930917,0222373853,942.0,114161.61,0.0,582.0,240.0,120.0,91135.17,1114016200,15.0,15.0,0.0,20.0,04582
A10078102,파라다이스,서울특별시 중구 신당동 846 파라다이스,분양,개별난방,16117.0,1,132.0,파라다이스건설,파라다이스건설,0222321233, ,아파트,서울특별시 중구 다산로42나길 46,위탁관리,혼합식,20000710,0222321370,132.0,12852.888,42.0,90.0,0.0,0.0,10147.26,1114016200,15.0,15.0,0.0,4.0,04585
A10078103,청구e편한세상임대,서울특별시 중구 신당동 852-1 청구e편한세상임대,임대,개별난방,12845.64,2,158.0,대림산업주식회사,신당제7주택재개발정비사업조합,0222566994, ,아파트,서울특별시 중구 청구로 64,위탁관리,복도식,20111213,0222566995,158.0,8693.88,158.0,0.0,0.0,0.0,5656.02,1114016200,15.0,15.0,2.0,2.0,04587
A10078901,래미안신당하이베르,서울특별시 중구 신당동 851 래미안신당하이베르,분양,개별난방,125318.12,15,784.0,(주)삼성물산,6개발구역조합,0222317402,래미안하이베르.apti.co.kr/,아파트,서울특별시 중구 퇴계로90길 74,위탁관리,계단식,20111028,0222317751,784.0,82752.6,302.0,336.0,146.0,0.0,63696.59,1114016200,15.0,15.0,6.0,30.0,04582
A10078902,래미안신당하이베르임대,서울특별시 중구 신당동 851-1 래미안신당하이베르임대,임대,개별난방,14694.44,1,161.0,삼성물산(주),신당제6주택 재개발 정비사업조합,0222566908, ,아파트,서울특별시 중구 퇴계로90길 74,위탁관리,복도식,20111028,0222566909,161.0,9148.02,161.0,0.0,0.0,0.0,6043.94,1114016200,15.0,15.0,2.0,2.0,04582
A10095501,동대문와이즈캐슬,서울특별시 중구 흥인동 119 동대문와이즈캐슬,분양,개별난방,10988.0,1,297.0,롯데건설(주),애경개발(주),0222567161, ,아파트,서울특별시 중구 퇴계로75길 7,위탁관리(직영+위탁),복도식,20141023,0222567163,150.0,5133.98,297.0,0.0,0.0,0.0,2434.04,1114016300,15.0,15.0,3.0,2.0,04569
A10095502,청계천두산위브더제니스,서울특별시 중구 흥인동 13-1 청계천두산위브더제니스,분양,개별난방,79632.22,1,0.0,두산중공업,아시아신탁(주),0222562345, ,주상복합,서울특별시 중구 다산로46길 17,위탁관리,혼합식,20141222,0222560090,295.0,40054.734,0.0,0.0,0.0,0.0,40054.734,1114016300,36.0,36.0,6.0,0.0,04570
A10020147,한양아이클래스,서울특별시 중구 황학동 787 한양아이클래스,분양,개별난방,2795.79,1,100.0,한양개발(주),(주)빌더스개발,0226334551, ,도시형 생활주택(아파트),서울특별시 중구 난계로 173,위탁관리,복도식,20130913,0222566000,100.0,2795.784,100.0,0.0,0.0,0.0,2795.784,1114016500,18.0,0.0,3.0,0.0,
A10024801,황학코아루,서울특별시 중구 황학동 882 황학코아루,분양,개별난방,24468.11,3,112.0,우남건설,한국토지신탁,0222544254, ,주상복합,서울특별시 중구 난계로11길 30,위탁관리,혼합식,20101029,0222544259,112.0,13537.08,0.0,97.0,2.0,13.0,10404.38,1114016500,20.0,20.0,3.0,5.0,04575
A10044001,SH황학롯데캐슬베네치아,서울특별시 중구 황학동 2545 SH황학롯데캐슬베네치아,임대,개별난방,25734.98,1,336.0,롯데건설,황학구역주택재개발조합,0220486114,happy.i-sh.co.kr/main.do?deptid=70216,아파트,서울특별시 중구 청계천로 400,위탁관리,복도식,20081222,0220486115,336.0,25734.24,336.0,0.0,0.0,0.0,11296.32,1114016500,33.0,33.0,0.0,3.0,04572
A10044002,롯데캐슬베네치아,서울특별시 중구 황학동 2545 롯데캐슬베네치아,분양,개별난방,382536.06,5,1534.0,롯데건설,황학주택재개발조합,0220486100,www.clcv.co.kr,아파트,서울특별시 중구 청계천로 400,위탁관리,복도식,20081222,0220486101,1534.0,168908.64,478.0,790.0,266.0,0.0,126299.82,1114016500,33.0,33.0,0.0,20.0,04572
A10086801,황학아크로타워,서울특별시 중구 황학동 2523 황학아크로타워,분양,개별난방,55192.62,3,263.0,대림산업,즐거운나라,0222343581, ,주상복합,서울특별시 중구 퇴계로 447,위탁관리,계단식,20100331,0222343582,263.0,28031.998,0.0,106.0,142.0,15.0,28079.999,1114016500,20.0,20.0,6.0,6.0,04575
A10023548,정동상림원아파트,서울특별시 중구 정동 15-6 정동상림원아파트,분양,중앙난방,29334.45,3,98.0,경향신문사,한솔건설,027733477, ,,,위탁관리,혼합식,20080925,027733478,98.0,24982.4,0.0,0.0,34.0,64.0,15111.34,1114016700,13.0,13.0,3.0,0.0,04518
A10024359,삼정아트테라스정동,서울특별시 중구 정동 37 삼정아트테라스정동,분양,개별난방,9775.184,1,168.0,삼정기업,(주)수경하우징,027799114, ,주상복합,서울특별시 중구 서소문로 89-20,위탁관리,복도식,20201221,027799115,168.0,5500.6094,168.0,0.0,0.0,0.0,3670.401,1114016700,9.0,9.0,5.0,2.0,04516
A10024756,순화동포스코더샵,서울특별시 중구 순화동 151 순화동포스코더샵,분양,개별난방,21019.0,2,137.0,포스코건설,정은스카이,0237898791, ,주상복합,서울특별시 중구 칠패로 27,위탁관리,계단식,20070525,0200000000,137.0,21018.86,21.0,116.0,0.0,0.0,10627.7,1114016800,1.0,27.0,0.0,0.0,04511
A10027364,덕수궁롯데캐슬아파트,서울특별시 중구 순화동 217 덕수궁롯데캐슬아파트,분양,개별난방,76502.0,2,296.0,롯데건설,순화 제1-1구역 도시환경정비사업조합,027798434, ,주상복합,서울특별시 중구 서소문로9길 28,위탁관리,복도식,20160831,027798435,296.0,30995.496,88.0,152.0,56.0,0.0,22997.2296,1114016800,22.0,22.0,5.0,6.0,04516
A10023788,더플레이스충정로,서울특별시 중구 중림동 1154 더플레이스충정로,임대,개별난방,11168.47,1,276.0,(주)cj건설,(주)대륙지에스,023134270,www.theplacecjr.com,도시형 생활주택(아파트),서울특별시 중구 중림로 21,위탁관리,복도식,20120524,023134271,277.0,7345.82,276.0,0.0,0.0,0.0,5040.34,1114017100,7.0,7.0,2.0,3.0,04506
A10085902,중림삼성래미안아파트,서울특별시 중구 중림동 201 중림삼성래미안아파트,임대,개별난방,23896.09,2,355.0,삼성물산(주),충정1-3지구 재개발조합,023623041,www.i-sh.co.kr,아파트,서울특별시 중구 중림로4길 41,위탁관리,복도식,20010711,023633706,355.0,11214.379,355.0,0.0,0.0,0.0,11214.45,1114017100,18.0,18.0,3.0,4.0,04502
A10085903,중림삼성사이버빌리지,서울특별시 중구 중림동 200 중림삼성사이버빌리지,분양,개별난방,101913.51,12,712.0,삼성물산,충정1-3지구 주택재개발조합,023921305,www.uasis.com,아파트,서울특별시 중구 중림로 10,위탁관리,계단식,20010711,023931384,712.0,64407.0,180.0,334.0,198.0,0.0,61802.75,1114017100,18.0,18.0,2.0,18.0,04502
A10095301,브라운스톤서울아파트,서울특별시 중구 중림동 355 브라운스톤서울아파트,분양,개별난방,22503.0,1,110.0,이수건설,이수건설,023128282, ,주상복합,서울특별시 중구 청파로 464,위탁관리,복도식,20060320,0262618289,110.0,22463.66,0.0,27.0,55.0,28.0,12529.232,1114017100,35.0,35.0,7.0,2.0,
A10080701,엘아이지서울역리가,서울특별시 중구 만리동1가 231 엘아이지서울역리가,분양,개별난방,29999.58,4,181.0,LIG건설(주),LIG건설(주),023629293, ,아파트,서울특별시 중구 만리재로33길 21,위탁관리,계단식,20120131,023629294,181.0,20210.97,0.0,181.0,0.0,0.0,15380.3367,1114017300,15.0,15.0,2.0,7.0,04501
A10026517,서울역한라비발디센트럴아파트,서울특별시 중구 만리동2가 288 서울역한라비발디센트럴아파트,분양,개별난방,32552.0,4,199.0,(주)한라건설,만리제1주택재개발 정비사업조합,0231471199, ,아파트,서울특별시 중구 만리재로 177,위탁관리,계단식,20180116,0231471198,199.0,21339.629,0.0,197.0,2.0,0.0,16178.62,1114017400,14.0,14.0,2.0,0.0,04501
A10026881,서울역센트럴자이아파트,서울특별시 중구 만리동2가 273 서울역센트럴자이아파트,혼합,개별난방,186288.0,14,1341.0,GS건설주식회사,만리제2지구재개발 정비사업주택조합,023629951,http://sscxi.xisnd.co.kr/,아파트,서울특별시 중구 만리재로 175,위탁관리,혼합식,20170807,023629952,1341.0,125964.29,641.0,681.0,19.0,0.0,91296.81,1114017400,25.0,25.0,5.0,31.0,04500
A14019001,후암미주,서울특별시 용산구 후암동 423-1 후암미주,분양,개별난방,16909.62,5,226.0,라이프주택,라이프주택,027789708, ,아파트,서울특별시 용산구 후암로 71-1,자치관리,복도식,19800722,027789709,226.0,14238.0,0.0,226.0,0.0,0.0,14228.28,1117010100,7.0,7.0,1.0,5.0,04325
A10020608,용산 남영역 롯데캐슬 헤리티지,서울특별시 용산구 갈월동 98-6 용산 남영역 롯데캐슬 헤리티지,임대,개별난방,23739.18,1,0.0,롯데건설,롯데건설,027972997, ,주상복합,서울특별시 용산구 한강대로71길 47,위탁관리,혼합식,20250528,027972996,269.0,21320.346,0.0,0.0,0.0,0.0,10697.2149,1117010400,24.0,24.0,4.0,0.0,
A14070901,동부센트레빌아스테리움서울,서울특별시 용산구 동자동 45 동부센트레빌아스테리움서울,분양,중앙난방,107031.48,3,278.0,동부건설,동자동 제4구역 도시환경조합,027559114, ,주상복합,서울특별시 용산구 한강대로 372,위탁관리,계단식,20130909,027559116,278.0,88753.9,0.0,0.0,116.0,162.0,40513.68,1117010700,35.0,35.0,8.0,14.0,04323
A10020656,어반허브 서울스테이션,서울특별시 용산구 서계동 100-1 어반허브 서울스테이션,임대,중앙난방,15220.11,1,0.0,우암건설(주),(주)에버그린플라자,027027708, ,도시형 생활주택(아파트),서울특별시 용산구 청파로73길 36-7,위탁관리,복도식,20250331,027027709,265.0,13694.816,0.0,0.0,0.0,0.0,5746.16,1117010800,10.0,10.0,5.0,3.0,
A10023798,용산원효루미니,서울특별시 용산구 원효로1가 134 용산원효루미니,임대,개별난방,64083.953,1,752.0,롯데건설(주).서울주택도시공사,롯데건설(주),027046002, ,아파트,,위탁관리,복도식,20220428,027046003,772.0,58462.086,752.0,0.0,0.0,0.0,24377.0491,1117011200,29.0,29.0,6.0,12.0,04314
A14070301,리첸시아용산,서울특별시 용산구 원효로1가 133-3 리첸시아용산,분양,개별난방+기타,56588.12,3,260.0,금호건설,시디에스피에프브이원㈜,027013083,richy.apti.co.kr,주상복합,서울특별시 용산구 백범로 341,위탁관리,혼합식,20100429,027013085,260.0,56588.12,0.0,68.0,144.0,48.0,29647.98,1117011200,24.0,24.0,5.0,11.0,04315
A14070302,용산더프라임,서울특별시 용산구 원효로1가 41 용산더프라임,분양,개별난방,160844.9,3,589.0,동아건설,앤모드하우스,0232750364, ,주상복합,서울특별시 용산구 원효로90길 11,위탁관리,혼합식,20140217,0232750366,559.0,76539.37,124.0,183.0,180.0,102.0,55935.483,1117011200,37.0,37.0,6.0,9.0,04315
A14006001,신창세방리버하이빌,서울특별시 용산구 신창동 102 신창세방리버하이빌,분양,개별난방,23403.98,3,176.0,세방건설,세방건설,027031841, ,아파트,서울특별시 용산구 효창원로15길 16,위탁관리,계단식,20050411,027031842,176.0,18155.477,16.0,160.0,0.0,0.0,14445.87,1117011400,15.0,15.0,1.0,8.0,04357
A14004001,한강타운,서울특별시 용산구 산천동 204 한강타운,분양,개별난방,29114.0,3,289.0,한진건설(주),산천시민재건축조합,0232736078,hangangtown.com,아파트,서울특별시 용산구 새창로8길 157,위탁관리,복도식,20010222,0263566078,289.0,17250.41,289.0,0.0,0.0,0.0,17250.41,1117011500,14.0,14.0,3.0,4.0,04358
A14004002,리버힐삼성아파트,서울특별시 용산구 산천동 193 리버힐삼성아파트,분양,개별난방,148404.6,14,1102.0,삼성물산,삼성관련,0232752361,member.uasis.com,아파트,서울특별시 용산구 효창원로 17,위탁관리,혼합식,20010110,0232752362,1102.0,114459.516,383.0,429.0,290.0,0.0,92477.46,1117011500,20.0,20.0,4.0,23.0,04358
A14076401,산천리버힐제2,서울특별시 용산구 산천동 194 산천리버힐제2,임대,개별난방,21502.98,2,363.0,삼성물산,삼성물산,027145940, ,아파트,서울특별시 용산구 효창원로13길 7,위탁관리,복도식,20010110,027145941,369.0,21427.89,363.0,0.0,0.0,0.0,11975.37,1117011500,20.0,20.0,2.0,5.0,04358
A10023464,sk청암대아파트,서울특별시 용산구 청암동 64-1 sk청암대아파트,분양,,0.0,1,27.0, , ,027066926, ,아파트,서울특별시 용산구 삼개로 58,,,20010726, ,0.0,0.0,0.0,0.0,0.0,27.0,6605.53,1117011600,1.0,14.0,0.0,0.0,04359
A14005001,청암자이,서울특별시 용산구 청암동 181 청암자이,분양,개별난방,61529.33,5,170.0,부곡레저,GS건설,027065533, ,아파트,서울특별시 용산구 삼개로 60,위탁관리,계단식,20050818,027060320,170.0,61529.06,0.0,0.0,0.0,170.0,34291.58,1117011600,15.0,15.0,0.0,6.0,04359
A10022232,풍전아파트,서울특별시 용산구 원효로4가 109-4 풍전아파트,분양,개별난방,0.0,4,138.0,확인불가,확인불가,027155600, ,아파트,서울특별시 용산구 원효로25길 14,자치관리,계단식,19710531,027114977,138.0,11517.93,0.0,108.0,30.0,0.0,11517.97,1117011800,6.0,6.0,1.0,0.0,
A14085002,원효산호,서울특별시 용산구 원효로4가 118-16 원효산호,분양,지역난방,63238.25,6,554.0,한양건설,한양,0232723161, ,아파트,서울특별시 용산구 원효로 66,위탁관리,복도식,19770404,0232723162,554.0,55471.324,76.0,168.0,310.0,0.0,46298.11,1117011800,12.0,12.0,0.0,9.0,04365
A14085101,원효로강변삼성스위트,서울특별시 용산구 원효로4가 178 원효로강변삼성스위트,분양,개별난방,37340.22,3,300.0,삼성중공업,삼성중공업,027153377, ,아파트,서울특별시 용산구 원효로 40,위탁관리,복도식,19991224,027153442,300.0,28590.262,151.0,149.0,0.0,0.0,21461.48,1117011800,22.0,22.0,2.0,6.0,04365
A10023858,용산데시앙포레아파트,서울특별시 용산구 효창동 288 용산데시앙포레아파트,혼합,개별난방,55633.258,7,384.0,태영건설,효창제6구역주택재개발정비사업조합,027178006, ,아파트,서울특별시 용산구 효창원로 227,위탁관리,혼합식,20220328,027178009,384.0,32297.396,295.0,89.0,0.0,0.0,24126.7417,1117011900,14.0,14.0,3.0,19.0,04311
A10025533,용산롯데캐슬센터포레아파트,서울특별시 용산구 효창동 13-2 용산롯데캐슬센터포레아파트,혼합,개별난방,72234.0,7,478.0,롯데건설,효창5구역 주택재개발정비사업조합,027156007,용산롯데캐슬센터포레.apti.co.kr,아파트,서울특별시 용산구 백범로 313,위탁관리,계단식,20190429,027156008,478.0,44658.582,260.0,206.0,12.0,0.0,32777.66,1117011900,22.0,22.0,4.0,15.0,04317
A10025898,용산kcc스위첸,서울특별시 용산구 효창동 286 용산kcc스위첸,분양,개별난방,31176.0,3,199.0,KCC건설,효창제4구역주택재개뱔정비조합,0232752981,000000,아파트,서울특별시 용산구 백범로 275,위탁관리,계단식,20180921,0232752983,199.0,19903.33,81.0,118.0,0.0,0.0,14876.98,1117011900,18.0,18.0,3.0,0.0,04318
A14074101,효창파크푸르지오,서울특별시 용산구 효창동 274 효창파크푸르지오,분양,개별난방,46941.75,7,307.0,대우건설(주),효창제3구역 재개발조합,027010548,"hcprugio,apti.co.kr",아파트,서울특별시 용산구 백범로 260,위탁관리,계단식,20100831,027010549,307.0,31257.63,123.0,138.0,46.0,0.0,24238.53,1117011900,24.0,24.0,4.0,9.0,04355
A14074102,효창한신,서울특별시 용산구 효창동 5-145 효창한신,분양,개별난방,13303.0,4,120.0,한신공영,한신공영,027166540, ,아파트,서울특별시 용산구 백범로45길 9-11,자치관리,계단식,19871030,027166541,120.0,13302.66,0.0,78.0,42.0,0.0,10542.89,1117011900,1.0,6.0,0.0,0.0,
A14007001,도원삼성제2,서울특별시 용산구 도원동 25 도원삼성제2,임대,개별난방,37663.42,2,534.0,삼성물산,삼성물산,027120647,없음,아파트,서울특별시 용산구 새창로8길 7,위탁관리,복도식,20010803,027120746,542.0,26479.352,534.0,0.0,0.0,0.0,17493.84,1117012000,20.0,20.0,2.0,6.0,04354
A14007002,도원삼성래미안,서울특별시 용산구 도원동 23 도원삼성래미안,분양,개별난방,202945.67,15,1458.0,삼성,삼성,0263524746,도원삼성래미안.apti.co.kr/,아파트,서울특별시 용산구 새창로 70,위탁관리,계단식,20010803,0263524748,1458.0,158556.97,462.0,610.0,386.0,0.0,123754.5,1117012000,22.0,22.0,4.0,39.0,04354
A14083101,브라운스톤용산,서울특별시 용산구 용문동 90 브라운스톤용산,분양,개별난방,29220.0,4,195.0,이수건설(주),용문구역주택재개발조합,0232736384,브라운스톤용산.apti.co.kr,아파트,서울특별시 용산구 효창원로 88,위탁관리,계단식,20110705,0232736385,195.0,19912.98,78.0,79.0,38.0,0.0,15753.38,1117012100,10.0,10.0,2.0,10.0,04363
A10026183,용산지오베르크,서울특별시 용산구 문배동 17-1 용산지오베르크,분양,개별난방,14078.14,1,72.0,고려개발(주),(주)대안하우징,027070840, ,주상복합,서울특별시 용산구 백범로 346,위탁관리,복도식,20041230,027070843,72.0,5905.92,0.0,72.0,0.0,0.0,5903.88,1117012200,15.0,15.0,4.0,3.0,04368
A10027901,용산 KCC 웰츠타워,서울특별시 용산구 문배동 11-10 용산 KCC 웰츠타워,분양,개별난방,41585.95,2,232.0,(주) KCC 건설,(주)무궁화신탁,027188800, ,주상복합,서울특별시 용산구 백범로90길 90,위탁관리,계단식,20150327,027188810,232.0,41585.93,0.0,176.0,56.0,0.0,20304.16,1117012200,39.0,39.0,6.0,4.0,04315
A14010001,용산아크로타워,서울특별시 용산구 문배동 24-21 용산아크로타워,분양,개별난방+기타,46836.0,2,208.0,고려개발,대림산업,027158114, ,주상복합,서울특별시 용산구 백범로90길 26,위탁관리,혼합식,20070122,027158116,208.0,38753.62,0.0,104.0,104.0,0.0,21972.08,1117012200,32.0,32.0,3.0,5.0,04369
A14010002,이안용산프리미어,서울특별시 용산구 문배동 3-3 이안용산프리미어,분양,개별난방,38913.18,2,188.0,(주)대우자동차판매,(주)효진테크,027070924, ,주상복합,서울특별시 용산구 청파로 213,위탁관리,계단식,20070724,027070925,188.0,38913.18,0.0,47.0,141.0,0.0,19452.83,1117012200,34.0,34.0,5.0,4.0,04315
A14010003,용산CJ나인파크,서울특별시 용산구 문배동 24-6 용산CJ나인파크,분양,개별난방,67910.25,2,280.0,CJ건설,선진공간,027024792, ,주상복합,서울특별시 용산구 백범로90다길 12,위탁관리,복도식,20070702,027024793,280.0,54311.52,0.0,92.0,188.0,0.0,28564.9,1117012200,32.0,32.0,3.0,6.0,04369
A14009001,용산e편한세상,서울특별시 용산구 신계동 48 용산e편한세상,혼합,중앙난방,132440.73,13,867.0,대림산업,대림산업,027012144,yse.aptner.com/,아파트,서울특별시 용산구 원효로 216,위탁관리,계단식,20110401,027012146,867.0,92031.91,252.0,445.0,124.0,46.0,71064.41,1117012300,25.0,25.0,2.0,21.0,04368
A14001101,대우월드마크용산,서울특별시 용산구 한강로1가 64 대우월드마크용산,분양,개별난방,37771.066,1,160.0,(주)대우건설,(주)프리즘지앤시,027903883,대우월드마크용산-아파트.apti.co.kr,주상복합,서울특별시 용산구 한강대로 211,위탁관리,복도식,20071015,027903811,160.0,37731.01,0.0,0.0,120.0,40.0,19950.578,1117012400,37.0,37.0,6.0,3.0,04322
A14075201,용산파크자이,서울특별시 용산구 한강로1가 50-1 용산파크자이,분양,개별난방,148969.3,3,310.0,GS건설,모건아담스코리아,0220718113, ,주상복합,서울특별시 용산구 한강대로 205,자치관리,계단식,20051223,0220718118,310.0,69726.97,0.0,0.0,246.0,64.0,40423.73,1117012400,34.0,34.0,5.0,0.0,04322
A10020622,호반써밋 에이디션,서울특별시 용산구 한강로2가 429- 호반써밋 에이디션,분양,지역난방,53615.33,1,0.0,호반건설(주),국제빌딩주변 제5구역 도시정비조합,027976625, ,주상복합,서울특별시 용산구 한강대로 66,위탁관리,혼합식,20250321,027976626,110.0,26519.676,0.0,0.0,0.0,0.0,11058.5772,1117012500,39.0,39.0,8.0,6.0,
A10021269,한강로대우아이빌,서울특별시 용산구 한강로2가 2-11 한강로대우아이빌,분양,개별난방,20923.0,1,110.0,대우건설,프리즘산업개발,027951792, ,주상복합,서울특별시 용산구 한강대로43길 13,위탁관리,복도식,20040922,027951793,110.0,6354.542,110.0,0.0,0.0,0.0,3365.86,1117012500,15.0,15.0,0.0,2.0,
A10023195,용산파크 이편한세상,서울특별시 용산구 한강로2가 417 용산파크 이편한세상,분양,개별난방,23031.0,2,146.0,(주) 삼호,랜드마크 앤드 파트너,027495528, ,아파트,,위탁관리,계단식,20070613,027495529,146.0,16968.38,0.0,92.0,54.0,0.0,13908.38,1117012500,28.0,28.0,2.0,3.0,04375
A10024333,용산 베르디움 프렌즈,서울특별시 용산구 한강로2가 426 용산 베르디움 프렌즈,임대,개별난방,91040.0,2,1086.0,(주)호반건설,(주)용산피에프브이,027949980, ,주상복합,서울특별시 용산구 백범로99길 40,위탁관리,복도식,20210305,027949981,1088.0,62496.887,1086.0,0.0,0.0,0.0,42029.6186,1117012500,37.0,37.0,7.0,14.0,04375
A10026719,아스테리움용산,서울특별시 용산구 한강로2가 419- 아스테리움용산,분양,,89465.49,1,128.0,동부건설,국제빌딩 주변제3구역조합,027971690, ,주상복합,서울특별시 용산구 한강대로30길 25,위탁관리,기타,20121214,027972380,338.0,38430.74,0.0,0.0,48.0,80.0,18753.96,1117012500,36.0,36.0,7.0,11.0,04386
A10026759,용산푸르지오써밋,서울특별시 용산구 한강로2가 391 용산푸르지오써밋,분양,개별난방,47211.49,1,0.0,대우건설(주),용산역전면제2구역도시환경정비사업조합,027926910, ,주상복합,서울특별시 용산구 한강대로 69,위탁관리,복도식,20170801,027926911,151.0,47211.49,0.0,0.0,0.0,0.0,21533.8365,1117012500,37.0,37.0,9.0,4.0,04378
A10026922,래미안용산아파트,서울특별시 용산구 한강로2가 422 래미안용산아파트,분양,중앙난방,60390.098,2,195.0,삼성물산,용산역전면제3구역도시환경정비사업조합,027906033, ,주상복합,서울특별시 용산구 한강대로 95,위탁관리,혼합식,20170531,027906044,195.0,60390.098,0.0,0.0,0.0,195.0,30636.01,1117012500,40.0,40.0,9.0,6.0,04378
A14001201,한강로벽산메가트리움,서울특별시 용산구 한강로2가 2-8 한강로벽산메가트리움,분양,개별난방,93696.33,2,248.0,벽산건설,벽산건설,0232158000,megatrium.apti.co.kr,주상복합,서울특별시 용산구 한강대로43길 8,위탁관리,혼합식,20050506,0232158004,248.0,31945.19,0.0,186.0,62.0,0.0,23292.16,1117012500,33.0,33.0,4.0,0.0,04376
A14002501,파크타워,서울특별시 용산구 용산동5가 24 파크타워,분양,지역난방,272512.0,6,888.0,"삼성물산,현대건설",용산공원남측 도시확경정비사업조합,027953423,PARKTOWER.co.kr,주상복합,서울특별시 용산구 서빙고로 67,위탁관리,계단식,20090515,027953425,888.0,155179.73,0.0,4.0,567.0,317.0,117044.86,1117012700,40.0,40.0,4.0,25.0,04385
A10022504,에피소드용산241,서울특별시 용산구 한강로3가 100 에피소드용산241,임대,중앙난방,18230.0,1,162.0,한신공영,한신공영,0262722250, ,아파트,서울특별시 용산구 한강대로 37,위탁관리,기타,20240226,0262722252,223.0,8948.783,162.0,0.0,0.0,0.0,5296.0401,1117012800,20.0,20.0,6.0,0.0,
A10024691,용산센트럴파크,서울특별시 용산구 한강로3가 63-70 용산센트럴파크,혼합,지역난방,364262.88,5,1334.0,효성,국제빌딩 주변 제4구역 도시환경 정비사업조합,027923679,yscentralpark.com/,주상복합,서울특별시 용산구 서빙고로 17,위탁관리,혼합식,20200820,027923689,1140.0,159602.83,388.0,0.0,868.0,78.0,113864.48,1117012800,43.0,43.0,5.0,21.0,04387
A10025626,한강로쌍용스윗닷홈아파트,서울특별시 용산구 한강로3가 89 한강로쌍용스윗닷홈아파트,분양,개별난방,17595.65,2,98.0,남광토건,남광토건,07088716928, ,아파트,서울특별시 용산구 한강대로10길 14,위탁관리,혼합식,20030930,027955388,98.0,11465.86,0.0,89.0,9.0,0.0,8460.34,1117012800,13.0,13.0,0.0,0.0,04389
A14001303,용산시티파크1단지,서울특별시 용산구 한강로3가 63-389 용산시티파크1단지,분양,중앙난방,126765.29,3,421.0,(주)대우건설,세계일보,027492689,용산시티파크1단지.apti.co.kr,주상복합,서울특별시 용산구 서빙고로 35,위탁관리,혼합식,20070821,027492695,421.0,78402.17,0.0,0.0,102.0,319.0,62339.19,1117012800,42.0,42.0,3.0,10.0,04385
A14074501,한강로우림필유,서울특별시 용산구 한강로3가 91 한강로우림필유,분양,개별난방,19825.0,4,144.0,우림,재건축조합,027901805, ,아파트,서울특별시 용산구 이촌로29길 21-7,위탁관리,계단식,20060915,027901806,144.0,15095.44,0.0,144.0,0.0,0.0,12160.8,1117012800,12.0,12.0,1.0,0.0,04380
A14088201,시티파크2단지,서울특별시 용산구 한강로3가 63-387 시티파크2단지,분양,중앙난방,70638.18,2,208.0,롯데건설,세계일보,027490657, ,주상복합,서울특별시 용산구 서빙고로 31,위탁관리,기타,20070821,027490658,208.0,40473.46,0.0,0.0,52.0,156.0,31220.08,1117012800,33.0,33.0,5.0,8.0,04385
A14088302,한강트럼프월드3차,서울특별시 용산구 한강로3가 65-230 한강트럼프월드3차,분양,중앙난방,52742.0,1,123.0,대우건설,대우,027956823, ,주상복합,서울특별시 용산구 한강대로 26,위탁관리,혼합식,20040428,027956824,123.0,31420.96,0.0,0.0,24.0,99.0,18939.98,1117012800,30.0,29.0,3.0,7.0,04389
A10022800,동원베네스트 아파트,서울특별시 용산구 이촌동 434 동원베네스트 아파트,분양,개별난방,14804855.0,2,103.0,동원시스템즈,동원시스템즈,027017838, ,아파트,서울특별시 용산구 이촌로14길 7,자치관리,계단식,20051118,027017839,103.0,8749.541,0.0,103.0,0.0,0.0,8752.141,1117012900,14.0,14.0,2.0,3.0,04374
A10023360,빌라맨션아파트,서울특별시 용산구 이촌동 302-86 빌라맨션아파트,분양,,0.0,1,70.0, , ,027944735, ,아파트,서울특별시 용산구 이촌로 156,,,19740404, ,0.0,0.0,2.0,0.0,0.0,68.0,13784.38,1117012900,1.0,18.0,0.0,0.0,04427
A10027908,래미안첼리투스,서울특별시 용산구 이촌동 300-3 래미안첼리투스,분양,지역난방,135082.72,3,460.0,삼성물산,렉스주택재건축정비사업,027924230, ,아파트,서울특별시 용산구 이촌로 300,위탁관리,계단식,20150730,027924232,460.0,76247.99,0.0,0.0,460.0,0.0,57084.84,1117012900,56.0,56.0,3.0,0.0,04425
A14003001,동부이촌동우성,서울특별시 용산구 이촌동 399-1 동부이촌동우성,분양,지역난방,30398.0,2,243.0,우성건설(주),공무원 조합,027958254, ,아파트,서울특별시 용산구 이촌로 193,위탁관리,혼합식,19951223,027958249,243.0,25407.0,153.0,18.0,72.0,0.0,18693.36,1117012900,20.0,20.0,2.0,0.0,04421
A14003002,이촌왕궁,서울특별시 용산구 이촌동 300-11 이촌왕궁,분양,중앙난방,26757.0,5,250.0,삼익건설,삼익건설,027941991, ,아파트,서울특별시 용산구 이촌로88길 15,자치관리,계단식,19741223,0267491991,250.0,25867.5,0.0,0.0,250.0,0.0,25620,1117012900,5.0,5.0,0.0,0.0,04425
A14003003,한강삼익,서울특별시 용산구 이촌동 300-301 한강삼익,분양,지역난방,33600.0,2,252.0,삼익건설,삼익건설,027946405, ,아파트,서울특별시 용산구 이촌로 264,자치관리,혼합식,19791217,027965755,252.0,33396.0,0.0,0.0,156.0,96.0,30337.87,1117012900,12.0,12.0,1.0,6.0,04426
A14003004,이촌동부센트레빌,서울특별시 용산구 이촌동 418 이촌동부센트레빌,분양,지역난방,53804.02,4,309.0,동부건설,동부건설,027951353, ,아파트,서울특별시 용산구 이촌로 174,자치관리,계단식,20010602,027907524,309.0,40359.89,6.0,7.0,296.0,0.0,30817.11,1117012900,25.0,25.0,2.0,9.0,04427
A14003006,이촌동아그린아파트,서울특별시 용산구 이촌동 411 이촌동아그린아파트,분양,지역난방,66057.61,6,499.0,동아건설,동아건설,027128574, ,아파트,서울특별시 용산구 이촌로 100-8,위탁관리,혼합식,19990531,0267498576,499.0,50507.08,228.0,167.0,104.0,0.0,38075.95,1117012900,22.0,22.0,2.0,11.0,04381
A14003007,LG한강자이,서울특별시 용산구 이촌동 430 LG한강자이,분양,지역난방,193954.86,10,656.0,LG건설,이수건설,027938293,LG한강자이.ma-um.co.kr,아파트,서울특별시 용산구 이촌로64길 15,위탁관리,계단식,20030428,027938240,656.0,138309.05,0.0,46.0,152.0,458.0,107575.09,1117012900,25.0,25.0,2.0,20.0,04427
A14003008,이촌한강맨션,서울특별시 용산구 이촌동 300-101 이촌한강맨션,분양,지역난방,78467.0,23,660.0,주택공사,주택공사,027942036,www.hankangmansion.com,아파트,서울특별시 용산구 이촌로 248,자치관리,계단식,19710322,027958016,700.0,74692.2,0.0,0.0,600.0,60.0,73099.18,1117012900,5.0,5.0,0.0,0.0,04426
A14003101,이촌반도,서울특별시 용산구 이촌동 301-170 이촌반도,분양,지역난방,35955.0,2,192.0,삼익주택,삼익주택,027959778,a70095@naver.com,아파트,서울특별시 용산구 이촌로 324-10,위탁관리,계단식,19770112,027959788,192.0,30207.24,0.0,0.0,0.0,192.0,30197.16,1117012900,12.0,12.0,1.0,8.0,04425
A14003104,이촌동삼성리버스위트,서울특별시 용산구 이촌동 426 이촌동삼성리버스위트,분양,지역난방,68371.07,6,244.0,삼성물산(주),청탑.한신재건축조합,027976728,삼성리버스위트.apti.co.kr,아파트,서울특별시 용산구 이촌로88길 30,자치관리,계단식,20020430,027976729,244.0,47339.246,0.0,0.0,80.0,164.0,39044.72,1117012900,18.0,18.0,2.0,8.0,04426
A14003105,한강대우,서울특별시 용산구 이촌동 415 한강대우,분양,지역난방,135574.52,10,834.0,(주)대우건설,(주)대우건설,027495298,www.hangangdw.com,아파트,서울특별시 용산구 이촌로 181,위탁관리,계단식,20000331,027975301,834.0,100690.21,206.0,357.0,156.0,115.0,79214.06,1117012900,24.0,24.0,0.0,19.0,04421
A14003106,이촌강촌아파트,서울특별시 용산구 이촌동 402 이촌강촌아파트,분양,지역난방,136080.67,9,1001.0,건영,공무원재건축조합,027971134,용산강촌.apti.co.kr,아파트,서울특별시 용산구 이촌로81길 14,위탁관리,혼합식,19980108,027971135,1001.0,86762.05,306.0,327.0,368.0,0.0,86762.05,1117012900,22.0,22.0,2.0,23.0,04423
A14072701,한가람아파트,서울특별시 용산구 이촌동 404 한가람아파트,분양,지역난방,271619.0,19,2036.0,(주) 건영,동부이촌동 공무원아파트 A지구 재건축조합,027976450,동부이촌한가람.apti.co.kr/,아파트,서울특별시 용산구 이촌로 201,자치관리,혼합식,19980918,027965879,2036.0,218984.27,895.0,632.0,509.0,0.0,165716.65,1117012900,22.0,22.0,3.0,48.0,04421
A14072702,이촌,서울특별시 용산구 이촌동 412 이촌,분양,지역난방,117647.37,10,834.0,코오롤건설,코오롱건설,027954696,ichon.apti.co.kr/,아파트,서울특별시 용산구 이촌로87길 21,위탁관리,혼합식,19991101,027954692,834.0,89143.77,377.0,263.0,194.0,0.0,67099.14,1117012900,22.0,22.0,2.0,19.0,04423
A14072901,북한강성원아파트,서울특별시 용산구 이촌동 422 북한강성원아파트,분양,지역난방,31103.0,2,340.0,성원건설,시민아파트 재건축조합,027063592, ,아파트,서울특별시 용산구 이촌로2가길 66,위탁관리,계단식,20010807,027063593,340.0,30347.107,340.0,0.0,0.0,0.0,20247,1117012900,22.0,22.0,1.0,8.0,04374
A14077401,점보,서울특별시 용산구 이촌동 300-10 점보,사택 및 관사 등,지역난방,30818.0,1,144.0,삼익주택,삼익주택,027941282, ,아파트,서울특별시 용산구 이촌로88길 3,자치관리,계단식,19740708,027941082,144.0,30056.4,0.0,0.0,0.0,144.0,26975.01,1117012900,18.0,18.0,0.0,4.0,04425
A14085501,현대한강,서울특별시 용산구 이촌동 400 현대한강,분양,지역난방,57479.69,4,516.0,현대건설(주),현대아파트 재건축조합,027145650, ,아파트,서울특별시 용산구 이촌로34길 29,위탁관리,계단식,19970307,027131890,516.0,50397.96,198.0,318.0,0.0,0.0,38782.74,1117012900,22.0,22.0,0.0,13.0,04381
A14090902,이촌대림,서울특별시 용산구 이촌동 395 이촌대림,분양,지역난방,94207.41,4,638.0,대림산업,대림산업,027142816, ,아파트,서울특별시 용산구 이촌로2가길 122,자치관리,혼합식,19941129,027133202,638.0,72465.8,198.0,264.0,176.0,0.0,54340.44,1117012900,22.0,22.0,2.0,12.0,04374
A10027425,이태원주공아파트,서울특별시 용산구 이태원동 728 이태원주공아파트,분양,개별난방,14211.93,8,130.0,대한주택공사,대한주택공사,027920487, ,아파트,,위탁관리,계단식,19930424,027920525,130.0,13857.35,0.0,130.0,0.0,0.0,10999.95,1117013000,5.0,5.0,1.0,0.0,
A14086001,청화아파트,서울특별시 용산구 이태원동 22-2 청화아파트,분양,중앙난방,94188.77,9,578.0,청화기업,청화기업,027954420,chungwha1982@naver.com,아파트,서울특별시 용산구 장문로 27,위탁관리,혼합식,19820918,027939883,578.0,89586.19,0.0,0.0,194.0,384.0,81503.93,1117013000,12.0,12.0,0.0,20.0,04392
A14086101,남산대림아파트,서울특별시 용산구 이태원동 729 남산대림아파트,분양,중앙난방,49963.45,16,400.0,대림산업(주),대림산업(주),027986806, ,아파트,서울특별시 용산구 녹사평대로 254,자치관리,복도식,19941231,027969778,400.0,42842.973,160.0,140.0,40.0,60.0,35811.2,1117013000,5.0,5.0,1.0,0.0,04343
A10021339,한성아파트,서울특별시 용산구 한남동 29-4 한성아파트,분양,개별난방,6889.0,2,125.0,불명,불명,027977361, ,아파트,서울특별시 용산구 독서당로 73-4,자치관리(직영),복도식,19740808,027977362,125.0,6450.0,83.0,35.0,5.0,2.0,6476.92,1117013100,6.0,6.0,1.0,1.0,
A10021637,동원베네스트,서울특별시 용산구 한남동 522-1 동원베네스트,분양,개별난방,21810.39,1,129.0,동원시스템즈,이우식외131인,027960226, ,주상복합,서울특별시 용산구 독서당로 22,자치관리,복도식,20100302,027960227,129.0,12645.6,22.0,84.0,23.0,0.0,10419.83,1117013100,13.0,13.0,4.0,2.0,
A10022228,한남동현대하이페리온아파트,서울특별시 용산구 한남동 805- 한남동현대하이페리온아파트,분양,개별난방,55823.66,2,122.0,현대건설,현대건설,027975989, ,아파트,서울특별시 용산구 서빙고로 413,위탁관리,계단식,20021227,027901846,122.0,30128.86,0.0,0.0,0.0,122.0,25288.96,1117013100,17.0,17.0,3.0,0.0,
A10023379,한남리버탑아파트,서울특별시 용산구 한남동 802 한남리버탑아파트,분양,개별난방,16642.0,1,119.0,신영토건주식회사,신영토건주식회사,027943727, ,아파트,,위탁관리,혼합식,20010403,027943728,119.0,11656.251,54.0,50.0,15.0,0.0,9176.76,1117013100,15.0,15.0,2.0,3.0,04410
A10025192,나인원 한남,서울특별시 용산구 한남동 680-1 나인원 한남,분양,개별난방,206931.84,9,341.0,(주)롯데건설,디에스한남(주),027970091, ,아파트,서울특별시 용산구 한남대로 91,위탁관리,계단식,20191113,027980094,341.0,94150.42,0.0,0.0,0.0,341.0,78071.9863,1117013100,9.0,9.0,4.0,55.0,04401
A10027071,한남아이파크,서울특별시 용산구 한남동 93 한남아이파크,분양,개별난방,27473.322,1,280.0,현대산업개발,만강건설,025886953, ,주상복합,서울특별시 용산구 독서당로 46,위탁관리,복도식,20170308,027946953,280.0,27473.322,270.0,2.0,8.0,0.0,14028.9373,1117013100,18.0,18.0,7.0,2.0,04410
A14021001,한남동리첸시아,서울특별시 용산구 한남동 72-1 한남동리첸시아,분양,개별난방,44413.97,3,371.0,(주)금호산업,(주)금호산업,027957461, ,주상복합,서울특별시 용산구 한남대로 60,위탁관리(직영+위탁),혼합식,20040409,027957463,371.0,39890.81,183.0,170.0,18.0,0.0,21651.61,1117013100,15.0,15.0,3.0,5.0,04419
A14077901,한남힐스테이트,서울특별시 용산구 한남동 807 한남힐스테이트,분양,개별난방,56722.887,6,283.0,현대건설,현대건설,027497037, ,아파트,서울특별시 용산구 장문로 141,위탁관리,계단식,20031002,027497038,283.0,31934.146,0.0,120.0,136.0,27.0,31933.876,1117013100,15.0,15.0,2.0,2.0,04411
A14077902,한남더힐,서울특별시 용산구 한남동 810 한남더힐,분양,개별난방,211772.0,32,600.0,금호건설,한스자람(주),027980050, ,아파트,서울특별시 용산구 독서당로 111,위탁관리,계단식,20110107,027980414,600.0,112633.945,133.0,0.0,0.0,467.0,112633.948,1117013100,12.0,12.0,2.0,60.0,04419
A14080901,용산푸르지오파크타운,서울특별시 용산구 동빙고동 315 용산푸르지오파크타운,사택 및 관사 등,,115545.66,14,760.0,대우건설 등,푸른한강타운(주),027958551, ,아파트,서울특별시 용산구 장문로6길 76,위탁관리,계단식,20110509,027958554,760.0,0.0,760.0,0.0,0.0,0.0,0,1117013200,16.0,0.0,0.0,0.0,04393
A10022221,서빙고 그린파크 아파트,서울특별시 용산구 서빙고동 293- 서빙고 그린파크 아파트,분양,개별난방,19408.0,1,123.0,코오롱건설,서빙고재건축주택조합,027492933, ,주상복합,서울특별시 용산구 서빙고로51길 64,위탁관리,혼합식,20000331,027492913,123.0,18337.95,45.0,36.0,42.0,0.0,10509.03,1117013300,1.0,19.0,2.0,0.0,
A14024001,서빙고금호베스트빌,서울특별시 용산구 서빙고동 296 서빙고금호베스트빌,분양,개별난방,33017.55,3,172.0,금호건설,우진조합,027980444, ,아파트,서울특별시 용산구 서빙고로51길 68-14,위탁관리,계단식,20021014,027980443,172.0,25589.72,0.0,98.0,0.0,74.0,19458.65,1117013300,18.0,18.0,2.0,5.0,04384
A14024002,서빙고신동아,서울특별시 용산구 서빙고동 241-21 서빙고신동아,분양,지역난방,219461.7,15,1326.0,신동아건설,모름,027949571, ,아파트,서울특별시 용산구 이촌로 347,자치관리,계단식,19840628,027945263,1326.0,219461.67,0.0,0.0,260.0,1066.0,200757.02,1117013300,13.0,13.0,1.0,51.0,04428
A14082302,보광삼성리버빌,서울특별시 용산구 보광동 151 보광삼성리버빌,분양,개별난방,31764.855,2,242.0,삼성중공업,주택조합,027936786,www.bsrapt.com,아파트,서울특별시 용산구 보광로5길 40,위탁관리,혼합식,20001031,027936787,242.0,25092.36,82.0,160.0,0.0,0.0,18456.44,1117013600,15.0,15.0,3.0,8.0,04396
A14082601,신동아아파트,서울특별시 용산구 보광동 448 신동아아파트,분양,개별난방,26776.2,2,226.0,신동아건설(주),신동아건설(주),027954058, ,아파트,서울특별시 용산구 보광로 14,자치관리,계단식,19920919,027900764,226.0,25401.723,0.0,226.0,0.0,0.0,19192.47,1117013600,15.0,15.0,0.0,9.0,04416
A13373301,텐즈힐2구역,서울특별시 성동구 상왕십리동 811 텐즈힐2구역,분양,개별난방,195447.98,13,937.0,"GS건설,현대산업개발,삼성물산,대림산업",왕십리뉴타운제2구역주택재개발 정비사업조합,0222973102,tenshill2.apti.co.kr,아파트,서울특별시 성동구 마장로 137,위탁관리,계단식,20140626,0222973103,937.0,111637.04,148.0,563.0,182.0,44.0,86644.16,1120010100,25.0,25.0,2.0,33.0,04700
A13373302,왕십리텐즈힐2구역214동,서울특별시 성동구 상왕십리동 811 왕십리텐즈힐2구역214동,임대,개별난방,18667.56,1,211.0,대림산업건설,왕십리뉴타운2구역조합,0222979901, ,아파트,서울특별시 성동구 마장로 137,위탁관리,복도식,20140626,0222979902,211.0,7678.29,211.0,0.0,0.0,0.0,7678.29,1120010100,13.0,25.0,2.0,4.0,04700
A10026900,왕십리 자이 아파트,서울특별시 성동구 하왕십리동 1071 왕십리 자이 아파트,혼합,개별난방,99726.07,6,713.0,GS건설,하왕 제1-5구역 주택재개발정비사업조합,0222914256,www.wangsimnixi.com,아파트,서울특별시 성동구 난계로 100,위탁관리,혼합식,20170728,029300747,713.0,60136.99,562.0,151.0,0.0,0.0,43699.15,1120010200,20.0,20.0,4.0,17.0,04711
A10027289,센트라스,서울특별시 성동구 하왕십리동 1070 센트라스,혼합,개별난방,459952.03,30,0.0,"포스코,SK,현대",왕십리뉴타운3구역주택재개발정비사업조합,0233957961, ,아파트,서울특별시 성동구 왕십리로 410,위탁관리,계단식,20161129,0233957966,2529.0,242190.52,0.0,0.0,0.0,0.0,161234.05,1120010200,28.0,28.0,5.0,73.0,04701
A10027432,서울 왕십리 KCC스위첸아파트,서울특별시 성동구 하왕십리동 1002 서울 왕십리 KCC스위첸아파트,분양,개별난방,38150.93,3,272.0,KCC건설,(주)광희리츠,0222823814, ,아파트,서울특별시 성동구 무학봉길 35,위탁관리,계단식,20160428,0222979321,272.0,7624.0,42.0,230.0,0.0,0.0,19597.018,1120010200,18.0,18.0,3.0,10.0,04711
A10027454,왕십리모노퍼스,서울특별시 성동구 하왕십리동 286-2 왕십리모노퍼스,임대,개별난방,13956.75,2,69.0,KT건설(보증사 한양),sh공사,0222925757, ,주상복합,서울특별시 성동구 청계천로 474,위탁관리,혼합식,20091130,0222925758,105.0,6882.872,32.0,0.0,37.0,0.0,4987.407,1120010200,25.0,24.0,0.0,0.0,04702
A10027920,텐즈힐1단지,서울특별시 성동구 하왕십리동 1066 텐즈힐1단지,분양,개별난방,252495.0,18,1369.0,"gs건설,삼성건설,대림,현대산업",조합,0222913391, ,아파트,서울특별시 성동구 무학로 33,위탁관리,계단식,20150424,0222913394,1369.0,164363.52,172.0,857.0,204.0,136.0,129089.76,1120010200,25.0,25.0,3.0,41.0,04702
A10027969,왕십리텐즈힐1단지(임대),서울특별시 성동구 하왕십리동 1066 왕십리텐즈힐1단지(임대),임대,개별난방,29365.605,3,333.0,대림산업,에스에치공사,0222919950, ,아파트,서울특별시 성동구 무학로 33,위탁관리,계단식,20150424,0222919951,333.0,29365.605,333.0,0.0,0.0,0.0,12141.18,1120010200,14.0,25.0,2.0,6.0,04702
A13302001,청계벽산,서울특별시 성동구 하왕십리동 258 청계벽산,분양,개별난방,106825.74,7,822.0,벽산건설(주),하왕3구역 재개발조합,0222982632,http://emaul.co.kr/,아파트,서울특별시 성동구 무학로 50,위탁관리,계단식,19960607,0222982637,822.0,105004.95,0.0,426.0,396.0,0.0,80285.7,1120010200,21.0,21.0,4.0,23.0,04703
A13302201,한진해모로,서울특별시 성동구 하왕십리동 1050 한진해모로,분양,개별난방,34885.79,3,246.0,한진중공업,한진중공업,0222965333, ,아파트,서울특별시 성동구 왕십리로31길 20,위탁관리,혼합식,20010618,0222965334,246.0,27381.76,66.0,111.0,69.0,0.0,21120.66,1120010200,21.0,21.0,2.0,4.0,04710
A13302203,하왕극동미라주,서울특별시 성동구 하왕십리동 1058 하왕극동미라주,분양,개별난방,59336.59,3,414.0,극동건설,극동건설,0262171500, ,아파트,서울특별시 성동구 난계로 73,자치관리,혼합식,20011214,0262171502,414.0,34387.05,136.0,180.0,98.0,0.0,34387.05,1120010200,23.0,23.0,2.0,11.0,04721
A13302204,하왕금호베스트빌,서울특별시 성동구 하왕십리동 1052 하왕금호베스트빌,분양,개별난방,70296.0,6,458.0,금호건설,하왕1-3재개발조합,0222978790, ,아파트,서울특별시 성동구 난계로 114-31,자치관리,혼합식,20011005,0222978791,458.0,52607.18,137.0,185.0,136.0,0.0,39537.56,1120010200,24.0,24.0,3.0,12.0,04711
A13302206,왕십리풍림아이원,서울특별시 성동구 하왕십리동 1061 왕십리풍림아이원,분양,개별난방,107387.055,15,758.0,풍림산업(주),풍림산업(주),0222990707, ,아파트,서울특별시 성동구 난계로 84,위탁관리,계단식,20041130,0222994774,758.0,74697.055,339.0,280.0,139.0,0.0,59930.056,1120010200,18.0,18.0,5.0,24.0,04712
A13377301,하왕십리극동미라주2,서울특별시 성동구 하왕십리동 1057 하왕십리극동미라주2,임대,개별난방,12677.92,1,191.0,극동건설,서울시,0222824206,happy.i-sh.co.kr/main.do?deptid=70187,아파트,서울특별시 성동구 난계로 73,위탁관리,복도식,20011214,0222824207,191.0,9322.71,191.0,0.0,0.0,0.0,6257.16,1120010200,18.0,18.0,2.0,2.0,04721
A13377302,금호베스트빌아파트 제2관리사무소,서울특별시 성동구 하왕십리동 1053 금호베스트빌아파트 제2관리사무소,임대,개별난방,17358.09,1,274.0,금호건설,서울시,0222913567,happy.i-sh.co.kr/main.do?deptid=70172,아파트,서울특별시 성동구 난계로 114-31,위탁관리,복도식,20011005,0222913568,274.0,17160.62,274.0,0.0,0.0,0.0,8976.24,1120010200,18.0,18.0,2.0,2.0,04711
A13385705,한신무학,서울특별시 성동구 하왕십리동 990 한신무학,분양,개별난방,58197.86,5,480.0,한신공영,한신공영,0222964820,hs74033@naver.com,아파트,서울특별시 성동구 왕십리로31나길 22,위탁관리,계단식,19890330,0222917288,480.0,41769.42,0.0,243.0,237.0,0.0,41769.42,1120010200,15.0,15.0,1.0,17.0,04710
A13385802,무학현대,서울특별시 성동구 하왕십리동 992 무학현대,분양,개별난방,30399.02,3,277.0,현대산업개발,현대산업개발,0222927852, ,아파트,서울특별시 성동구 무학봉길 49,위탁관리,계단식,19960315,0222920234,277.0,23453.59,0.0,277.0,0.0,0.0,23428.335,1120010200,15.0,15.0,1.0,10.0,04711
A13388001,청계벽산아파트제2관리사무소,서울특별시 성동구 하왕십리동 258 청계벽산아파트제2관리사무소,임대,개별난방,20598.9,2,510.0,청계벽산,청계벽산,0222913553,13388001,아파트,서울특별시 성동구 무학로 50,위탁관리,복도식,19960607,0222913531,510.0,20598.9,510.0,0.0,0.0,0.0,13719,1120010200,15.0,15.0,0.0,4.0,04703
A10019969,THE 청아진,서울특별시 성동구 홍익동 150 THE 청아진,임대,개별난방,0.0,,0.0, , ,02-6949-2604, ,도시형 생활주택(아파트),서울특별시 성동구 무학로6길 41,,,20260528, ,0.0,0.0,0.0,0.0,0.0,0.0,,1120010300,0.0,0.0,0.0,0.0,
A10024762,청계대주파크빌,서울특별시 성동구 홍익동 53 청계대주파크빌,분양,개별난방,13089.0,1,101.0,대주건설(주),대주건설(주),0222975264, ,아파트,서울특별시 성동구 무학로12길 11,위탁관리,계단식,20051123,0222920533,101.0,10314.11,0.0,101.0,0.0,0.0,8557.38,1120010300,15.0,15.0,0.0,0.0,04706
A13370801,성동삼성쉐르빌,서울특별시 성동구 도선동 69 성동삼성쉐르빌,분양,개별난방,51975.47,3,342.0,삼성중공업,왕십리종합시장재건축조합,0233959336, ,주상복합,서울특별시 성동구 무학로6길 50,위탁관리,복도식,20060913,0233959337,342.0,51975.4,0.0,342.0,0.0,0.0,28489.38,1120010400,27.0,27.0,4.0,8.0,04709
A10020365,라봄성동청년안심주택,서울특별시 성동구 마장동 836- 라봄성동청년안심주택,임대,개별난방,24320.762,1,0.0,우암건설(주),인트러스투자운용(주),0222973373, ,도시형 생활주택(주상복합),서울특별시 성동구 마조로 66,위탁관리,계단식,20250530,0222973374,365.0,20972.133,0.0,0.0,0.0,0.0,8277.21,1120010500,16.0,16.0,4.0,5.0,
A13305002,왕십리 대성유니드 아파트,서울특별시 성동구 마장동 825 왕십리 대성유니드 아파트,분양,개별난방,31540.51,4,248.0,대성산업,대성산업,0222975775, ,아파트,서울특별시 성동구 마장로37길 7,위탁관리,계단식,20041130,0222970456,248.0,24079.338,100.0,104.0,44.0,0.0,19818.72,1120010500,22.0,22.0,1.0,6.0,04755
A13305003,청계미소지움,서울특별시 성동구 마장동 822 청계미소지움,분양,개별난방,36287.71,4,286.0,신성건설(주),마장동신성연합주택조합,0222943399, ,아파트,서울특별시 성동구 마장로39길 43,위탁관리,계단식,20040604,0222943370,286.0,28237.137,74.0,212.0,0.0,0.0,22452.7,1120010500,19.0,19.0,1.0,8.0,04753
A13305005,마장SH-vill임대,서울특별시 성동구 마장동 831 마장SH-vill임대,임대,개별난방,36999.06,4,400.0,KT 건설,KT 건설,0233959510, ,아파트,서울특별시 성동구 마조로15가길 23,위탁관리,복도식,20061121,0233959870,400.0,24909.363,400.0,0.0,0.0,0.0,17417.27,1120010500,12.0,12.0,2.0,7.0,04759
A13305006,왕십리삼성,서울특별시 성동구 마장동 817 왕십리삼성,분양,개별난방,53753.5,5,430.0,삼성건설(주),대성산업(주),0222962051, ,아파트,서울특별시 성동구 마장로 271,위탁관리,혼합식,19961214,0222962053,430.0,35039.04,198.0,162.0,70.0,0.0,35039.04,1120010500,24.0,24.0,1.0,9.0,04755
A13305007,마장세림,서울특별시 성동구 마장동 784 마장세림,분양,중앙난방,69491.5,9,811.0,세림건설,세림건설,0222966690, ,아파트,서울특별시 성동구 마장로42길 16,위탁관리,혼합식,19861227,0222972289,811.0,69161.4,211.0,600.0,0.0,0.0,55227.06,1120010500,15.0,15.0,0.0,23.0,04757
A13381601,왕십리중앙하이츠,서울특별시 성동구 마장동 819 왕십리중앙하이츠,분양,개별난방,22238.24,2,170.0,중앙건설,중앙건설,0222999779, ,아파트,서울특별시 성동구 마장로 262,자치관리,혼합식,19990531,0222999778,170.0,16671.13,81.0,89.0,0.0,0.0,12407.2,1120010500,23.0,23.0,2.0,3.0,04759
A13381604,왕십리금호어울림아파트,서울특별시 성동구 마장동 820 왕십리금호어울림아파트,분양,개별난방,57538.48,6,367.0,금호건설(주),"금호건설, 범우재건축조합",0222824889, ,아파트,서울특별시 성동구 마조로 57,위탁관리,계단식,20060927,0264694889,367.0,40749.66,37.0,246.0,84.0,0.0,32512.42,1120010500,24.0,24.0,0.0,9.0,04759
A13381608,청계현대아파트,서울특별시 성동구 마장동 818 청계현대아파트,분양,개별난방,110636.516,11,1017.0,고려산업개발(주),고려산업개발(주),0222954035, ,아파트,서울특별시 성동구 마장로35길 76,위탁관리,혼합식,19980414,0222954720,1017.0,110636.516,474.0,334.0,165.0,44.0,86258.13,1120010500,28.0,28.0,0.0,18.0,04753
A10022058,사근벽산아파트,서울특별시 성동구 사근동 314- 사근벽산아파트,분양,개별난방,0.0,1,133.0,"벽산건설,이연건설","벽산건설,이연건설",0222953957,"벽산건설,이연건설",아파트,서울특별시 성동구 살곶이길 176,위탁관리,계단식,20000515,0222953957,133.0,13309.51,40.0,93.0,0.0,0.0,10242.39,1120010600,19.0,19.0,2.0,0.0,
A13381701,사근중앙하이츠,서울특별시 성동구 사근동 199 사근중앙하이츠,분양,개별난방,25045.74,2,270.0,중앙건설,중앙건설,0222966725, ,아파트,서울특별시 성동구 사근동길 67,위탁관리,복도식,19890912,0222966726,270.0,25045.74,0.0,270.0,0.0,0.0,19399.5,1120010600,15.0,15.0,1.0,3.0,04761
A10020503,라체르보푸르지오써밋,서울특별시 성동구 행당동 128- 라체르보푸르지오써밋,혼합,개별난방,133776.7,7,0.0,대우건설 푸르지오 써밋,행당동 도시정비제7구역  조합,0221383905, ,아파트,서울특별시 성동구 고산자로2길 71,위탁관리,계단식,20250728,0221383906,958.0,131961.62,0.0,0.0,0.0,0.0,61217.2853,1120010700,35.0,35.0,3.0,5.0,
A10024464,지웰홈스 왕십리,서울특별시 성동구 행당동 387 지웰홈스 왕십리,임대,개별난방,21924.06,1,299.0,신영건설,신영홈스더블유,0262713299, ,다세대,서울특별시 성동구 고산자로14길 26,위탁관리,복도식,20200831,0222959799,299.0,18078.1,299.0,0.0,0.0,0.0,7330.22,1120010700,19.0,19.0,2.0,0.0,04750
A10025685,서울숲행당푸르지오(임대),서울특별시 성동구 행당동 376-1 서울숲행당푸르지오(임대),임대,,10764.45,1,94.0,대우건설,대우건설,0222978875, ,아파트,서울특별시 성동구 고산자로 175,위탁관리,복도식,20110502,0222978891,94.0,1011858.3,94.0,0.0,0.0,0.0,3473.3,1120010700,11.0,11.0,4.0,1.0,04716
A10025686,행당두산위브아파트(임대),서울특별시 성동구 행당동 375 행당두산위브아파트(임대),임대,,8695.0,1,114.0,두산건설,두산건설,0222978873, ,아파트,서울특별시 성동구 행당로8길 8,위탁관리,복도식,20091204,0222978874,114.0,3899.94,114.0,0.0,0.0,0.0,3899.94,1120010700,13.0,13.0,2.0,10.0,04716
A10026207,서울숲리버뷰자이아파트,서울특별시 성동구 행당동 380 서울숲리버뷰자이아파트,혼합,개별난방,165016.0,7,1034.0,GS건설,행당제6구역주택재개발정비사업조합,0269648035,riverviewxi.com,아파트,서울특별시 성동구 고산자로2길 65,위탁관리,혼합식,20180622,0269648037,1034.0,106408.35,326.0,578.0,126.0,4.0,80377.23,1120010700,39.0,39.0,2.0,15.0,04745
A13307001,행당두산,서울특별시 성동구 행당동 345 행당두산,분양,개별난방,28223.53,2,251.0,두산건설,두산건설,0222992221, ,아파트,서울특별시 성동구 고산자로14길 40,위탁관리,계단식,19970704,0222992221,251.0,23529.2,120.0,131.0,0.0,0.0,18310.77,1120010700,25.0,25.0,2.0,0.0,04750
A13307002,서울숲행당푸르지오,서울특별시 성동구 행당동 376 서울숲행당푸르지오,분양,지역난방,46619.8,9,457.0,대우건설,행당5구역재개발조합,0222940337, ,아파트,서울특별시 성동구 고산자로 177,위탁관리,계단식,20110502,0222940338,457.0,34866.105,191.0,215.0,51.0,0.0,35458.55,1120010700,15.0,15.0,4.0,16.0,04716
A13307003,서울숲더샵,서울특별시 성동구 행당동 155-1 서울숲더샵,분양,개별난방,99374.34,3,495.0,포스코건설,포스코건설,0222979812,cafe.naver.com/intothesharp,주상복합,서울특별시 성동구 왕십리로 241,위탁관리,기타,20140916,0222979813,495.0,67382.42,0.0,183.0,286.0,26.0,47508.13,1120010700,42.0,42.0,5.0,13.0,04765
A13307101,서울숲삼부아파트,서울특별시 성동구 행당동 147 서울숲삼부아파트,분양,개별난방,76080.38,7,498.0,삼부토건,행당동 제2구역 재개발조합,0222997292, ,아파트,서울특별시 성동구 왕십리로 280,위탁관리,계단식,19980715,0262127293,498.0,57515.46,0.0,348.0,150.0,0.0,46914.66,1120010700,15.0,15.0,3.0,17.0,04751
A13307201,행당브라운스톤,서울특별시 성동구 행당동 364 행당브라운스톤,분양,개별난방,30054.707,3,208.0,이수건설,이수건설,0222818600, ,아파트,서울특별시 성동구 행당로 99,위탁관리,계단식,20050901,0222818700,208.0,17813.12,100.0,78.0,30.0,0.0,15995.12,1120010700,15.0,15.0,0.0,8.0,04714
A13307202,신동아,서울특별시 성동구 행당동 344 신동아,분양,개별난방,67930.0,9,636.0,신동아건설,신동아건설,0222984921,행당신동아.apti.co.kr,아파트,서울특별시 성동구 독서당로 441,위탁관리,혼합식,19950522,0222937275,636.0,62049.58,338.0,208.0,90.0,0.0,47802.69,1120010700,15.0,15.0,0.0,13.0,04716
A13307204,행당대림,서울특별시 성동구 행당동 347 행당대림,분양,개별난방,348652.0,31,2399.0,대림산업,하왕2-1재개발조함,0262126181,행당대림.co.kr,아파트,서울특별시 성동구 행당로 79,위탁관리,혼합식,20001230,0262156173,2399.0,253682.6,705.0,1034.0,660.0,0.0,205887.78,1120010700,15.0,15.0,3.0,69.0,04713
A13373101,행당한신임대,서울특별시 성동구 행당동 350 행당한신임대,임대,개별난방,10676.97,1,159.0,한신건설주식회사,한신건설주식회사,0222985010, ,아파트,서울특별시 성동구 고산자로 164,위탁관리,복도식,20031223,0222985168,159.0,6776.58,159.0,0.0,0.0,0.0,4464.72,1120010700,16.0,16.0,2.0,2.0,04746
A13377703,행당한진타운,서울특별시 성동구 행당동 346 행당한진타운,분양,개별난방,322555.16,21,2123.0,한진중공업,금호1-6지구재개발조합,0222814437,hanjin.tv/,아파트,서울특별시 성동구 행당로 82,위탁관리,혼합식,20001107,0262122288,2123.0,236231.22,748.0,805.0,570.0,0.0,178375.03,1120010700,25.0,25.0,2.0,45.0,04717
A13377901,행당두산위브아파트,서울특별시 성동구 행당동 375 행당두산위브아파트,분양,개별난방,50182.0,6,351.0,(주)두산건설,행당제4구역 주택재개발조합,0222988872,행당두산위브.apti.co.kr,아파트,서울특별시 성동구 행당로8길 8,위탁관리,계단식,20091203,0222988871,351.0,29042.44,181.0,141.0,29.0,0.0,26005.73,1120010700,15.0,15.0,2.0,12.0,04716
A13377902,행당대림제2,서울특별시 성동구 행당동 347 행당대림제2,임대,개별난방,56551.54,4,1005.0,대림산업,sh공사,0222950501, ,아파트,서울특별시 성동구 행당로 79,위탁관리,복도식,20001230,0222950515,1005.0,55164.45,1005.0,0.0,0.0,0.0,32923.8,1120010700,15.0,15.0,0.0,9.0,04713
A13377903,행당한진타운제2,서울특별시 성동구 행당동 346-1 행당한진타운제2,임대,개별난방,41009.0,4,728.0,한진건설(주),금호1-6 재계발조합,0222972057, ,아파트,서울특별시 성동구 행당로 82,위탁관리,복도식,20001107,0222972058,728.0,29854.553,728.0,0.0,0.0,0.0,23994.88,1120010700,25.0,25.0,1.0,8.0,04717
A13386702,서울숲한신더휴아파트,서울특별시 성동구 행당동 349 서울숲한신더휴아파트,분양,개별난방,198941.12,19,1410.0,한신공영(주),행당제2지구재개발아파트,0222816272,hdhanshin.apti.co.kr,아파트,서울특별시 성동구 고산자로 164,위탁관리,계단식,20031223,0222816273,1410.0,150675.98,470.0,630.0,310.0,0.0,117322.54,1120010700,25.0,25.0,3.0,34.0,04746
A13308004,응봉금호현대,서울특별시 성동구 응봉동 98 응봉금호현대,분양,개별난방,70582.0,9,644.0,현대산업개발(주),현대산업개발(주),0222949158, ,아파트,서울특별시 성동구 독서당로 377,위탁관리,혼합식,19900920,0222949160,644.0,70581.695,176.0,336.0,132.0,0.0,53196.96,1120010800,14.0,14.0,0.0,13.0,04720
A13308005,응봉대림1차,서울특별시 성동구 응봉동 100 응봉대림1차,분양,중앙난방,109365.0,10,855.0,대림,대림,0222951681, ,아파트,서울특별시 성동구 독서당로62길 43,위탁관리,혼합식,19861023,0222942803,855.0,103283.92,0.0,435.0,420.0,0.0,81622.8,1120010800,15.0,15.0,0.0,19.0,04741
A13376906,응봉대림강변,서울특별시 성동구 응봉동 15 응봉대림강변,분양,개별난방,161258.06,14,1150.0,대림산업(주),행당구역1지구 재개발조합,0222970604,응봉대림강변.apti.co.kr/,아파트,서울특별시 성동구 고산자로 160,위탁관리,혼합식,20011026,0222970605,1150.0,118463.336,480.0,441.0,229.0,0.0,92221.54,1120010800,23.0,23.0,4.0,0.0,04747
A13385202,응봉대림2차,서울특별시 성동구 응봉동 97 응봉대림2차,분양,개별난방,42692.0,3,410.0,대림산업,대림산업,0222927756, ,아파트,서울특별시 성동구 독서당로 431,위탁관리,복도식,19890921,0222966630,410.0,41441.32,156.0,254.0,0.0,0.0,30816.58,1120010800,15.0,15.0,1.0,6.0,04720
A13385301,서울숲리버그린동아,서울특별시 성동구 응봉동 276 서울숲리버그린동아,분양,개별난방,52278.9,5,375.0,동아건설,행당구역3지구 주택재개발,0222910453, ,아파트,서울특별시 성동구 고산자로4길 34,위탁관리,계단식,20030607,0222910454,380.0,39484.85,162.0,142.0,71.0,0.0,29909.4,1120010800,25.0,25.0,2.0,9.0,04747
A13385303,응봉신동아,서울특별시 성동구 응봉동 275 응봉신동아,분양,개별난방,43949.37,4,434.0,신동아건설(주),금호 제 14지구,0222941502, ,아파트,서울특별시 성동구 독서당로 375,위탁관리,혼합식,19960409,0222944192,434.0,43582.414,210.0,196.0,28.0,0.0,32040.06,1120010800,15.0,15.0,1.0,10.0,04720
A10026418,e편한세상금호파크힐스,서울특별시 성동구 금호동1가 1824 e편한세상금호파크힐스,혼합,개별난방,195524.34,17,1467.0,대림산업,금호제15구역주택재개발정비사업조합,0222929168, ,아파트,서울특별시 성동구 금호로 140,위탁관리,계단식,20190509,0222929166,1330.0,130787.24,791.0,616.0,60.0,0.0,95462.16,1120010900,21.0,21.0,4.0,41.0,04727
A13309101,신금호두산위브,서울특별시 성동구 금호동1가 1818 신금호두산위브,분양,개별난방,27320.0,5,169.0,두산건설,"성호,금호연합 재건축조합",0222948547, ,아파트,서울특별시 성동구 행당로 27,위탁관리,계단식,20060331,0222948546,169.0,14307.0,25.0,121.0,23.0,0.0,14384.53,1120010900,15.0,15.0,0.0,7.0,04721
A13309102,금호삼성래미안,서울특별시 성동구 금호동1가 1500 금호삼성래미안,분양,개별난방,87175.23,11,582.0,삼성물산주식회사,금호제12구역 재개발조합,0264511500,금호삼성래미안.apti.co.kr,아파트,서울특별시 성동구 독서당로 343,자치관리,계단식,20011031,0264511501,582.0,58900.824,234.0,232.0,116.0,0.0,46922.42,1120010900,15.0,15.0,0.0,0.0,04718
A13309103,금호벽산(임대),서울특별시 성동구 금호동1가 632 금호벽산(임대),임대,개별난방,68247.77,4,1214.0,벽산건설,벽산조합(주택조합),0222982380,happy.i-sh.co.kr/main.do?deptid=70163,아파트,서울특별시 성동구 행당로6길 2,위탁관리,복도식,20011203,0222982381,1214.0,56185.133,1214.0,0.0,0.0,0.0,36262.18,1120010900,20.0,20.0,2.0,12.0,04718
A13380104,금호벽산,서울특별시 성동구 금호동1가 633 금호벽산,분양,개별난방,267104.84,20,1707.0,벽산,재개발,0262136301,www.intm.com/금호벽산/,아파트,서울특별시 성동구 금호로 100,위탁관리,혼합식,20011203,0262134309,1707.0,189860.64,507.0,702.0,498.0,0.0,146968.8,1120010900,20.0,20.0,0.0,39.0,04718
A10027602,신금호파크자이아파트,서울특별시 성동구 금호동2가 1 신금호파크자이아파트,혼합,개별난방,153668.7,10,1156.0,GS건설,금호제13구역 주택재개발정비사업조합,0222528660, ,아파트,서울특별시 성동구 금호로 173,위탁관리,혼합식,20160420,0222528662,1156.0,151181.78,801.0,336.0,19.0,0.0,73699.22,1120011000,21.0,21.0,2.0,34.0,04722
A13380301,금호센트럴자이,서울특별시 성동구 금호동2가 1215 금호센트럴자이,분양,개별난방,71038.19,4,401.0,GS건설,금호17구역재개발조합,0222567128,금호동자이1차apti.co.kr,아파트,서울특별시 성동구 금호로 117,위탁관리,계단식,20120518,0222567129,401.0,41708.72,140.0,231.0,30.0,0.0,31542.63,1120011000,20.0,20.0,4.0,18.0,04728
A13380302,래미안하이리버,서울특별시 성동구 금호동2가 1217 래미안하이리버,분양,개별난방,138528.31,10,847.0,삼성물산,제19구역 재개발조합,0222567138,hiriver.co.kr,아파트,서울특별시 성동구 금호로 107,위탁관리,계단식,20120518,0222567139,847.0,88821.41,358.0,377.0,112.0,0.0,66318.48,1120011000,20.0,20.0,4.0,19.0,04728
A13380303,래미안하이리버제2임대,서울특별시 성동구 금호동2가 1216 래미안하이리버제2임대,임대,개별난방,29659.0,2,306.0,삼성물산,SH공사,0222565131,하이리버.apti.co.kr,아파트,서울특별시 성동구 금호로 111,위탁관리,복도식,20120518,0222565133,306.0,16932.203,306.0,0.0,0.0,0.0,11609.64,1120011000,15.0,15.0,4.0,4.0,04728
A13309301,금호한신휴플러스,서울특별시 성동구 금호동3가 1662 금호한신휴플러스,분양,개별난방,48999.09,3,323.0,한신공영,한신공영,0222310386, ,아파트,서울특별시 성동구 금호산길 27,위탁관리,계단식,20050729,0222310387,323.0,32773.58,153.0,112.0,58.0,0.0,25805.55,1120011100,15.0,15.0,3.0,10.0,04724
A13379001,금호자이2차,서울특별시 성동구 금호동3가 700 금호자이2차,혼합,개별난방,59585.59,6,403.0,금호자이,금호자이,0232986691, ,아파트,서울특별시 성동구 금호산8길 14,위탁관리,혼합식,20120705,0232986692,408.0,37849.21,199.0,164.0,40.0,0.0,28535.2676,1120011100,22.0,22.0,3.0,0.0,04729
A13380602,금호1차푸르지오,서울특별시 성동구 금호동3가 917 금호1차푸르지오,분양,개별난방,40049.84,8,336.0,대우건설(주),대우건설(주),0222357986, ,아파트,서울특별시 성동구 금호산8길 5,위탁관리,계단식,20050531,0222357987,336.0,32950.86,142.0,137.0,57.0,0.0,26692.78,1120011100,15.0,15.0,3.0,14.0,04726
A13380703,금호두산,서울특별시 성동구 금호동3가 1331 금호두산,분양,개별난방,144393.75,16,1267.0,두산건설,금호5-1지구재개발조합,0222363749,금호두산.apti.co.kr/,아파트,서울특별시 성동구 동호로 100,위탁관리,혼합식,19940916,0222375769,1267.0,139154.02,335.0,535.0,397.0,0.0,111337.95,1120011100,15.0,15.0,0.0,28.0,04724
A10020977,서울숲르씨엘아파트,서울특별시 성동구 금호동4가 1555- 서울숲르씨엘아파트,분양,개별난방,15152.318,2,108.0,제이앤이건설주식회사,금호제14-1구역주택재개발정비사업조합,0222916009, ,아파트,서울특별시 성동구 독서당로46길 34,위탁관리,계단식,20230331,0222917009,108.0,9391.403,78.0,30.0,0.0,0.0,7163.061,1120011200,16.0,16.0,3.0,4.0,
A10023252,브라운스톤 금호2차아파트,서울특별시 성동구 금호동4가 1550 브라운스톤 금호2차아파트,분양,개별난방,14584.82,1,86.0,이수건설,금호동 이수 일죽지역조합,0222820973, ,아파트,서울특별시 성동구 동호로 93,위탁관리,계단식,20100120,0222820974,86.0,9404.3,0.0,86.0,0.0,0.0,7308.43,1120011200,15.0,15.0,3.0,3.0,04733
A10026470,힐스테이트서울숲리버,서울특별시 성동구 금호동4가 1553 힐스테이트서울숲리버,혼합,개별난방,107556.86,15,606.0,현대건설,금호20주택재개발조합,0222820584, ,아파트,서울특별시 성동구 독서당로 344,위탁관리,혼합식,20180219,0222820084,606.0,61808.7,237.0,255.0,86.0,28.0,47242.38,1120011200,15.0,15.0,3.0,0.0,04743
A13309402,금호동롯데아파트,서울특별시 성동구 금호동4가 1250 금호동롯데아파트,분양,개별난방,36396.98,3,249.0,롯데건설,윤산공영개발(주),0222921250, ,아파트,서울특별시 성동구 동호로 84,위탁관리,계단식,20030109,0222921243,249.0,28548.81,0.0,249.0,0.0,0.0,21160.21,1120011200,24.0,24.0,2.0,7.0,04725
A13309404,금호대우,서울특별시 성동구 금호동4가 800 금호대우,분양,개별난방,129558.12,14,1181.0,대우건설,금호제8지구재건축조합,0222992952,금호대우아파트.apti.co.kr,아파트,서울특별시 성동구 독서당로 272,위탁관리,혼합식,20010503,0222992953,1181.0,129558.12,384.0,500.0,297.0,0.0,99488.25,1120011200,24.0,24.0,3.0,27.0,04738
A13378101,금호대우임대,서울특별시 성동구 금호동4가 801 금호대우임대,임대,개별난방,30127.45,3,508.0,대우건설,서울시,0222985073,happy.i-sh.co.kr/main.do?deptid=70164,아파트,서울특별시 성동구 독서당로 272,위탁관리(직영+위탁),복도식,20010503,0222985074,508.0,30127.447,508.0,0.0,0.0,0.0,16743.68,1120011200,21.0,21.0,3.0,6.0,04738
A13378102,서울숲2차푸르지오,서울특별시 성동구 금호동4가 235 서울숲2차푸르지오,분양,개별난방,57699.0,11,586.0,대우건설,정비사업조합,0222819323, ,아파트,서울특별시 성동구 금호로 17,위탁관리,계단식,20120816,0222819325,586.0,57694.57,271.0,257.0,58.0,0.0,44687.449,1120011200,15.0,15.0,2.0,23.0,04737
A13378103,서울숲2차푸르지오임대,서울특별시 성동구 금호동4가 235-1 서울숲2차푸르지오임대,임대,개별난방,9911.39,1,121.0,대우건설,SH공사,0222915131,cs70294,아파트,서울특별시 성동구 금호로3길 11,위탁관리,복도식,20120816,0222915132,121.0,5467.022,121.0,0.0,0.0,0.0,3694.372,1120011200,12.0,12.0,2.0,2.0,04737
A13380803,서울숲푸르지오,서울특별시 성동구 금호동4가 340 서울숲푸르지오,분양,개별난방,129857.85,19,888.0,(주)대우건설,(주)대우건설,0222820061, ,아파트,서울특별시 성동구 금호로 15,위탁관리,혼합식,20070731,0222820063,888.0,86521.36,369.0,342.0,177.0,0.0,71398.35,1120011200,18.0,18.0,3.0,28.0,04740
A13380901,브라운스톤금호아파트,서울특별시 성동구 금호동4가 1507 브라운스톤금호아파트,분양,개별난방,32531.0,5,217.0,이수건설,(주)갑조건설,0222810541, ,아파트,서울특별시 성동구 매봉길 24,위탁관리,계단식,20070330,0222810522,217.0,22915.2,0.0,217.0,0.0,0.0,18409.846,1120011200,15.0,15.0,3.0,9.0,04733
A10022640,한남하이츠빌라,서울특별시 성동구 옥수동 466 한남하이츠빌라,분양,개별난방,14189.19,3,66.0,중앙,중앙건설,0222989512, ,아파트,서울특별시 성동구 독서당로39길 22,자치관리(직영),혼합식,19870609,0240040001,66.0,9614.84,0.0,0.0,21.0,45.0,9618.84,1120011300,3.0,3.0,1.0,0.0,04732
A10026748,옥수파크힐스아파트,서울특별시 성동구 옥수동 528 옥수파크힐스아파트,혼합,개별난방,287807.62,25,1976.0,대림산업(주),옥수13구역재개발,0222910911, ,아파트,서울특별시 성동구 매봉길 50,위탁관리,계단식,20161109,0222810911,1976.0,181722.8,1131.0,747.0,98.0,0.0,135264.23,1120011300,20.0,20.0,4.0,61.0,04731
A13310004,옥수극동,서울특별시 성동구 옥수동 428 옥수극동,분양,중앙난방,119053.0,8,900.0,극동건설,옥수 제 4재개발 조합,0222978440,옥수극동.apti.co.kr/,아파트,서울특별시 성동구 독서당로 191,위탁관리,혼합식,19861224,0222978446,900.0,111509.01,150.0,390.0,0.0,360.0,90610.2,1120011300,15.0,15.0,0.0,25.0,04732
A13375901,한남하이츠,서울특별시 성동구 옥수동 220-1 한남하이츠,분양,중앙난방,75885.81,8,535.0,중앙건설,중앙건설,0222986601, ,아파트,서울특별시 성동구 독서당로 156,위탁관리,혼합식,19820918,0222986620,535.0,75885.81,0.0,0.0,249.0,286.0,69936.63,1120011300,14.0,14.0,0.0,15.0,04736
A13375902,옥수삼성,서울특별시 성동구 옥수동 250 옥수삼성,분양,중앙난방,156220.27,10,1114.0,삼성물산(주),삼성물산(주),0222988330, ,아파트,서울특별시 성동구 독서당로 218,위탁관리,혼합식,19990420,0264958334,1114.0,119140.46,412.0,429.0,273.0,0.0,92288.856,1120011300,20.0,20.0,2.0,24.0,04734
A13375903,옥수강변풍림아이원,서울특별시 성동구 옥수동 60 옥수강변풍림아이원,분양,개별난방,37631.3,5,269.0,풍림산업,풍림산업,0222923150, ,아파트,서울특별시 성동구 뚝섬로 51,위탁관리,계단식,20041029,0222923160,269.0,28477.416,0.0,269.0,0.0,0.0,22802.253,1120011300,15.0,15.0,2.0,8.0,04739
A13375904,옥수하이츠제2,서울특별시 성동구 옥수동 100 옥수하이츠제2,임대,개별난방,12493.0,1,237.0,(주)중앙건설,sh공사,0222987021,happy.i-sh.co.kr,아파트,서울특별시 성동구 한림말길 50,위탁관리,복도식,19980330,0222983672,237.0,12492.27,237.0,0.0,0.0,0.0,7209.54,1120011300,18.0,18.0,0.0,2.0,04736
A13375905,옥수삼성임대,서울특별시 성동구 옥수동 250-5 옥수삼성임대,임대,개별난방,21813.0,1,330.0,삼성,삼성,0222960121,sh단지홈페이지,아파트,서울특별시 성동구 독서당로 218,위탁관리,복도식,19990420,0222960122,330.0,17325.0,330.0,0.0,0.0,0.0,10810.8,1120011300,20.0,20.0,2.0,3.0,04734
A13375906,어울림더리버아파트,서울특별시 성동구 옥수동 560 어울림더리버아파트,분양,개별난방,59495.0,6,297.0,금호건설,옥수빙고지역주택조합,0222920850, ,아파트,서울특별시 성동구 독서당로40길 37,위탁관리,계단식,20111230,0222920856,297.0,34015.61,7.0,250.0,40.0,0.0,26725.37,1120011300,20.0,20.0,3.0,10.0,04739
A13375907,래미안옥수리버젠,서울특별시 성동구 옥수동 561 래미안옥수리버젠,분양,개별난방,234749.48,15,1511.0,삼성물산,옥수제12구역주택재개발정비사업조합,0222910991,riverzen.apti.co.kr,아파트,서울특별시 성동구 매봉길 15,위탁관리,계단식,20121228,0222910983,1511.0,155684.16,700.0,600.0,211.0,0.0,117871.91,1120011300,20.0,20.0,3.0,0.0,04733
A13375908,래미안옥수리버젠제2임대,서울특별시 성동구 옥수동 500 래미안옥수리버젠제2임대,임대,개별난방,29618.77,3,310.0,삼성건설,삼성건설,0222822727, ,아파트,서울특별시 성동구 매봉길 17,위탁관리,복도식,20130415,0222822332,310.0,19472.59,310.0,0.0,0.0,0.0,12393.8,1120011300,15.0,15.0,3.0,6.0,04733
A13375909,극동옥정,서울특별시 성동구 옥수동 557 극동옥정,,,0.0,1,72.0, , , , ,아파트,서울특별시 성동구 한림말길 24,,,, ,0.0,0.0,35.0,37.0,0.0,0.0,5146.71,1120011300,1.0,13.0,0.0,0.0,
A13376702,옥수현대,서울특별시 성동구 옥수동 4 옥수현대,분양,중앙난방,64675.14,8,566.0,현대건설,현대건설,0222987353, ,아파트,서울특별시 성동구 독서당로40길 25,위탁관리,혼합식,19900525,0222987346,566.0,63269.7,22.0,334.0,210.0,0.0,50321.6,1120011300,15.0,15.0,1.0,14.0,04739
A13383801,옥수중앙하이츠,서울특별시 성동구 옥수동 100 옥수중앙하이츠,분양,개별난방,94933.5,9,536.0,중앙건설,중앙건설,0222942178,osht2178@daum.net,아파트,서울특별시 성동구 한림말길 50,위탁관리,계단식,19980330,0222942179,536.0,66451.5,0.0,248.0,288.0,0.0,54099.88,1120011300,21.0,21.0,1.0,19.0,04736
A13384403,옥수극동그린아파트,서울특별시 성동구 옥수동 436 옥수극동그린아파트,혼합,개별난방,69364.43,5,583.0,극동건설,극동건설,0222960443, ,아파트,서울특별시 성동구 독서당로 175,위탁관리,혼합식,19971002,0222960058,583.0,56165.53,247.0,146.0,190.0,0.0,43288.52,1120011300,19.0,19.0,0.0,11.0,04732
A10020345,서울숲 아이파크 리버포레2차,서울특별시 성동구 성수동1가 723- 서울숲 아이파크 리버포레2차,분양,개별난방,84576.99,4,0.0,현대산업개발,서울숲벨라듀2지역주택조합,024971222, ,주상복합,서울특별시 성동구 왕십리로 135,위탁관리,계단식,20251127,024971223,528.0,46320.613,0.0,0.0,0.0,0.0,33665.8981,1120011400,36.0,36.0,3.0,0.0,
A10020907,서울숲아이파크리버포레,서울특별시 성동구 성수동1가 721- 서울숲아이파크리버포레,분양,개별난방,77168.42,5,825.0,HDC현대산업개발,서울숲벨라듀지역주택조합,0234099662, ,주상복합,서울특별시 성동구 왕십리로 137,위탁관리,계단식,20241227,0234099663,825.0,77168.41,547.0,278.0,0.0,0.0,56423.2488,1120011400,33.0,33.0,3.0,27.0,
A10021528,강변동양아파트,서울특별시 성동구 성수동1가 479-1 강변동양아파트,분양,개별난방,18704.0,1,142.0,동양건설,동양건설,0234090804, ,아파트,서울특별시 성동구 둘레길 21,위탁관리,복도식,20010829,0234090605,142.0,14306.95,49.0,93.0,0.0,0.0,10805.24,1120011400,1.0,19.0,2.0,0.0,
A10024503,아크로 서울포레스트,서울특별시 성동구 성수동1가 685-700 아크로 서울포레스트,분양,중앙난방,97841.0,2,280.0,대림산업(주),대림산업(주),0234095778, ,주상복합,서울특별시 성동구 왕십리로 83-21,위탁관리,계단식,20201112,0234095776,280.0,58399.918,0.0,0.0,32.0,248.0,46377.996,1120011400,47.0,47.0,5.0,10.0,04769
A10026988,트리마제,서울특별시 성동구 성수동1가 718 트리마제,분양,개별난방,132364.0,4,688.0,두산중공업,한양개발주식회사,024680520, ,아파트,서울특별시 성동구 왕십리로 16,위탁관리,계단식,20170529,024680524,688.0,87470.53,152.0,326.0,0.0,210.0,61742.2622,1120011400,47.0,47.0,3.0,12.0,04773
A13311101,성수금호3차,서울특별시 성동구 성수동1가 714 성수금호3차,분양,개별난방,23432.76,3,159.0,금호산업(주),성수금호3차 재건축조헙,024685222,성수금호3차.com,아파트,서울특별시 성동구 뚝섬로5길 17,위탁관리,계단식,20030925,024685224,159.0,15867.767,32.0,127.0,0.0,0.0,12709.9,1120011400,17.0,17.0,0.0,5.0,04780
A13372101,성수2차대우,서울특별시 성동구 성수동1가 709 성수2차대우,분양,개별난방,37148.48,5,283.0,대우건설,한일연립 재건축조합,024986354, ,아파트,서울특별시 성동구 상원6길 16,위탁관리,혼합식,19990731,024986263,283.0,28260.34,96.0,187.0,0.0,0.0,21633.07,1120011400,19.0,19.0,2.0,6.0,04790
A13372102,성수쌍용,서울특별시 성동구 성수동1가 706 성수쌍용,분양,개별난방,92791.77,9,777.0,남광토건,남광토건,0264519531,ssangyong777.apti.co.kr,아파트,서울특별시 성동구 상원길 63,위탁관리,계단식,19971007,0264512083,777.0,72406.95,452.0,325.0,0.0,0.0,54565.02,1120011400,23.0,23.0,2.0,20.0,04788
A13376405,성수한진타운,서울특별시 성동구 성수동1가 704 성수한진타운,분양,개별난방,42564.0,5,378.0,한진건설,한진그룹 서울,024978785, ,아파트,서울특별시 성동구 뚝섬로 312,자치관리,혼합식,19940404,024978789,378.0,41180.88,190.0,188.0,0.0,0.0,27117.48,1120011400,17.0,17.0,0.0,9.0,04773
A13379401,성수갤러리아포레,서울특별시 성동구 성수동1가 685-696 성수갤러리아포레,분양,개별난방,170523.45,2,230.0,(주)한화건설,갤러리아포레(주),024665509, ,주상복합,서울특별시 성동구 서울숲2길 32-14,위탁관리,계단식,20110729,024692301,230.0,64396.7,0.0,0.0,0.0,230.0,46636.01,1120011400,44.0,44.0,6.0,8.0,04769
A13381902,성수현대그린,서울특별시 성동구 성수동1가 33-2 성수현대그린,분양,개별난방,26446.0,1,219.0,현대건설,현대건설,024692204, ,아파트,서울특별시 성동구 뚝섬로3길 6,자치관리,혼합식,19940204,024692204,219.0,23119.44,51.0,168.0,0.0,0.0,16594.11,1120011400,19.0,19.0,2.0,5.0,04780
A13382104,서울숲대림아파트,서울특별시 성동구 성수동1가 656-234 서울숲대림아파트,분양,개별난방,45557.76,6,372.0,대림산업(주),성수장미연립재건축조합,024621817, ,아파트,서울특별시 성동구 뚝섬로 311,위탁관리,혼합식,20001027,0262171817,372.0,36039.3,178.0,194.0,0.0,0.0,26907.03,1120011400,15.0,15.0,2.0,10.0,04778
A13382106,성수동아,서울특별시 성동구 성수동1가 656-320 성수동아,분양,개별난방,34021.47,3,390.0,동아주택,동아주택,024621788, ,아파트,서울특별시 성동구 왕십리로 80-1,자치관리,복도식,19830903,024621783,390.0,32759.78,190.0,0.0,200.0,0.0,29315.3,1120011400,10.0,10.0,1.0,5.0,04778
A13382502,성수현대,서울특별시 성동구 성수동1가 676-5 성수현대,분양,개별난방,21431.0,3,217.0,현대건설(주),현대건설(주),024993993, ,아파트,서울특별시 성동구 서울숲길 25,자치관리,혼합식,19900922,024993992,217.0,20954.48,54.0,163.0,0.0,0.0,16138.02,1120011400,15.0,15.0,1.0,6.0,04766
A13384301,한양현대아파트,서울특별시 성동구 성수동1가 707 한양현대아파트,분양,개별난방,21985.89,1,168.0,현대건설(주),한양연립재건축조합,024987789, ,아파트,서울특별시 성동구 상원1길 17,위탁관리,혼합식,19990113,024987739,168.0,16363.2,74.0,94.0,0.0,0.0,12404,1120011400,19.0,19.0,2.0,4.0,04779
A13384303,뚝섬중앙하이츠빌,서울특별시 성동구 성수동1가 715 뚝섬중앙하이츠빌,분양,개별난방,33907.0,3,256.0,중앙건설,중앙건설,024624850, ,아파트,서울특별시 성동구 상원길 47,위탁관리,계단식,20031027,024624851,256.0,27640.32,0.0,256.0,0.0,0.0,21740.5678,1120011400,23.0,23.0,0.0,6.0,04789
A13384304,성수동아그린,서울특별시 성동구 성수동1가 708 성수동아그린,분양,개별난방,44333.066,2,331.0,동아건설산업,동아건설산업,024626561, ,아파트,서울특별시 성동구 상원길 76,위탁관리,혼합식,19990611,024626562,331.0,33407.96,136.0,147.0,48.0,0.0,25793.41,1120011400,18.0,18.0,2.0,10.0,04791
A13392307,강변건영,서울특별시 성동구 성수동1가 710 강변건영,분양,개별난방,79253.0,6,580.0,(주)건영,LIG,024627061, ,아파트,서울특별시 성동구 왕십리로 36,위탁관리,계단식,20020219,024627062,580.0,62545.504,0.0,580.0,0.0,0.0,48783.595,1120011400,25.0,25.0,2.0,15.0,04773
A10020852,강변임광아파트 ,서울특별시 성동구 성수동2가 609-2 강변임광아파트 ,분양,개별난방,20046.21,2,141.0,(주)임광토건,(주)임광토건,0249722234, ,아파트,서울특별시 성동구 둘레19길 5,위탁관리,혼합식,20000822,024970888,141.0,14499.8,60.0,81.0,0.0,0.0,10435.63,1120011500,19.0,19.0,2.0,5.0,
A10021167,서울숲 금강아미움아파트,서울특별시 성동구 성수동2가 836- 서울숲 금강아미움아파트,분양,개별난방,15588.0,2,130.0,(주)금강종합건설,베네포스,0234092087, ,아파트,서울특별시 성동구 아차산로9길 34,위탁관리,혼합식,20040330,0264142085,130.0,12821.32,0.0,130.0,0.0,0.0,10381.32,1120011500,1.0,12.0,1.0,5.0,
A10021449,성수강변금호타운아파트,서울특별시 성동구 성수동2가 830- 성수강변금호타운아파트,분양,개별난방,12369.0,1,109.0,금호건설,금호건설,024992767, ,아파트,서울특별시 성동구 둘레19길 7,위탁관리,혼합식,19940204,024992768,108.0,9141.6,60.0,49.0,0.0,0.0,7654.85,1120011500,1.0,11.0,1.0,0.0,
A10021638,성수1차대우아파트,서울특별시 성동구 성수동2가 279-50 성수1차대우아파트,분양,개별난방,15063.0,1,108.0,대우건설,한국자개협회지역조합,024986022, ,주상복합,서울특별시 성동구 동일로 143,위탁관리,복도식,19990430,024986023,108.0,10717.08,45.0,63.0,0.0,0.0,8005.5,1120011500,1.0,18.0,4.0,0.0,
A10021716,성수강변현대아파트,서울특별시 성동구 성수동2가 400- 성수강변현대아파트,분양,,16072.0,2,123.0,현대건설,현대건설,024681326, ,아파트,서울특별시 성동구 둘레11길 1,위탁관리,복도식,19940325,024681327,123.0,9981.34,0.0,123.0,0.0,0.0,10047.52,1120011500,19.0,19.0,1.0,3.0,
A10022325,성수금호타운2차아파트,서울특별시 성동구 성수동2가 832- 성수금호타운2차아파트,분양,개별난방,0.0,1,141.0,금호건설,금호건설,024989374, ,아파트,서울특별시 성동구 연무장길 31,위탁관리,혼합식,19970814,024621550,141.0,14915.92,94.0,47.0,0.0,0.0,9626.54,1120011500,18.0,18.0,1.0,0.0,
A10023316,성수신성아파트,서울특별시 성동구 성수동2가 833 성수신성아파트,분양,개별난방,17731.03,2,146.0,신성건설,신성건설,0234095825, ,아파트,,위탁관리,복도식,20011221,0234095801,146.0,13189.66,74.0,72.0,0.0,0.0,10444.32,1120011500,19.0,19.0,1.0,0.0,04784
A10025101,성수 대명루첸아파트,서울특별시 성동구 성수동2가 840 성수 대명루첸아파트,분양,개별난방,13938.67,3,114.0,대명종합건설주식회사,대명종합건설주식회사,024610091, ,아파트,서울특별시 성동구 뚝섬로 436,위탁관리,계단식,20090206,024910092,114.0,10106.8,0.0,101.0,13.0,0.0,10106.8,1120011500,13.0,13.0,1.0,3.0,04777
A13312101,성수두산위브,서울특별시 성동구 성수동2가 838 성수두산위브,분양,개별난방,27670.71,3,157.0,두산건설,두산건설,024610170,dsweve.or.kr,아파트,서울특별시 성동구 뚝섬로 434,위탁관리,계단식,20060530,024648687,157.0,16949.184,0.0,85.0,48.0,24.0,16949.18,1120011500,13.0,13.0,1.0,6.0,04777
A13312302,성수롯데캐슬,서울특별시 성동구 성수동2가 835 성수롯데캐슬,분양,개별난방,105875.0,7,604.0,롯데건설(주),"성수2차재건축조함,롯데건설(주)",024641413, ,아파트,서울특별시 성동구 성수일로8길 47,위탁관리,계단식,20030930,024641443,604.0,72140.48,32.0,191.0,381.0,0.0,57821.311,1120011500,25.0,25.0,2.0,14.0,04794
A13312303,성수아이파크,서울특별시 성동구 성수동2가 834 성수아이파크,분양,개별난방,80825.0,11,656.0,현대산업개발주식회사,현대산업개발주식회사,024632844, ,아파트,서울특별시 성동구 성수이로 137,위탁관리,계단식,20030828,024632845,656.0,80824.6,0.0,236.0,420.0,0.0,65859.4,1120011500,25.0,25.0,2.0,17.0,04795
A13378001,서울숲힐스테이트,서울특별시 성동구 성수동2가 843 서울숲힐스테이트,분양,개별난방,96113.72,5,445.0,현대건설,kt,024659324,www.sfhills.kr,아파트,서울특별시 성동구 성수일로4길 26,위탁관리,계단식,20090601,024659326,445.0,47463.94,97.0,79.0,132.0,137.0,47463.94,1120011500,29.0,29.0,2.0,11.0,04780
A13382802,성수한강한신,서울특별시 성동구 성수동2가 442 성수한강한신,분양,개별난방,29037.34,2,202.0,한신공영,한신공영,02-498-4571, ,아파트,서울특별시 성동구 성수이로 3,위탁관리,복도식,20000919,0264674571,202.0,22036.361,76.0,126.0,0.0,0.0,15262.42,1120011500,19.0,19.0,3.0,6.0,04775
A13383003,성수청구강변,서울특별시 성동구 성수동2가 712 성수청구강변,분양,개별난방,29906.0,1,246.0,000,000,024671340, ,아파트,서울특별시 성동구 둘레15길 7,위탁관리,혼합식,19940404,024611861,246.0,26413.2,36.0,210.0,0.0,0.0,19982.16,1120011500,21.0,21.0,2.0,7.0,04776
A13383301,성수우방2차,서울특별시 성동구 성수동2가 286 성수우방2차,분양,개별난방,27354.0,1,221.0,우방건설,우방건설,024696087, ,아파트,서울특별시 성동구 성수일로10길 3,위탁관리,혼합식,19991208,024696088,221.0,21596.28,103.0,118.0,0.0,0.0,16097.81,1120011500,18.0,18.0,2.0,5.0,04793
A13316001,서울숲아이파크,서울특별시 성동구 송정동 104 서울숲아이파크,혼합,개별난방,41383.77,6,241.0,시간선택,현대산업개발,024992024, ,아파트,서울특별시 성동구 동일로 237,위탁관리,계단식,20090312,024992002,241.0,27454.82,1.0,211.0,29.0,0.0,20757.45,1120011800,15.0,15.0,2.0,6.0,04800
A13383702,송정건영,서울특별시 성동구 송정동 90 송정건영,분양,개별난방,53703.07,3,447.0,건영,건영,024986108,송정건영.apti.co.kr/aptHome/,아파트,서울특별시 성동구 동일로 263,위탁관리,혼합식,20000510,024976107,447.0,45004.953,199.0,216.0,32.0,0.0,33700.59,1120011800,25.0,25.0,0.0,9.0,04800
A10020466,청계 sk view 아파트,서울특별시 성동구 용답동 253- 청계 sk view 아파트,혼합,개별난방,57901.848,3,0.0,sk 에코플랜트,청계지역주택조합,0222167770, ,주상복합,서울특별시 성동구 천호대로 244,위탁관리,계단식,20250724,0222167771,396.0,32810.043,0.0,0.0,0.0,0.0,23543.1772,1120012200,34.0,34.0,5.0,9.0,
A10022175,용답중앙하이츠아파트,서울특별시 성동구 용답동 15- 용답중앙하이츠아파트,분양,개별난방,171116000.0,1,136.0,(주)중앙종합건설,(주)중앙종합건설,0222131248, ,,서울특별시 성동구 용답중앙27길 8,위탁관리,혼합식,19951127, ,136.0,13546.1,59.0,77.0,0.0,0.0,10034.625,1120012200,20.0,20.0,2.0,0.0,
A10024886,용답동힐데스하임 청년주택,서울특별시 성동구 용답동 233-1 용답동힐데스하임 청년주택,임대,개별난방,6429.79,1,170.0,원건설,u-삼진랜드,0222179105, ,주상복합,서울특별시 성동구 천호대로 416,위탁관리,계단식,20200302,0222179102,170.0,4898.21,170.0,0.0,0.0,0.0,4898.21,1120012200,19.0,19.0,3.0,1.0,04808
A10020191,백악관타워,서울특별시 광진구 중곡동 93-13 백악관타워,임대,개별난방,16324.614,1,261.0,우암건설,주식회사 더블유앤홀딩스,024565570, ,주상복합,서울특별시 광진구 천호대로 643,위탁관리,복도식,20250708,024565573,261.0,16324.614,160.0,69.0,32.0,0.0,16324.6139,1121510100,16.0,0.0,4.0,3.0,
A10020402,중곡아파트2단지,서울특별시 광진구 중곡동 190-26 중곡아파트2단지,분양,개별난방,790221.0,3,0.0,확인불가,확인불가,024692265, ,아파트,서울특별시 광진구 긴고랑로1길 55,자치관리,계단식,19761020, ,120.0,7362.0,0.0,0.0,0.0,0.0,6704.79,1121510100,5.0,5.0,1.0,0.0,
A10023395,리마크빌 군자,서울특별시 광진구 중곡동 637-5 리마크빌 군자,임대,개별난방,14965.17,1,299.0,한양산업개발주식회사,케이리얼티임대주택제3호위탁관리부동산투자회사,024627701, ,아파트,서울특별시 광진구 천호대로 517,위탁관리,복도식,20220830,024627702,299.0,13339.229,299.0,0.0,0.0,0.0,6158.18,1121510100,19.0,19.0,3.0,3.0,04920
A14322001,중곡SK,서울특별시 광진구 중곡동 292 중곡SK,분양,개별난방,25412.83,3,182.0,(주)SK건설,대진연립 재건축조합,0234374185, ,아파트,서울특별시 광진구 용마산로 174,위탁관리,혼합식,19991130,0234374184,182.0,18802.78,76.0,66.0,40.0,0.0,14377.48,1121510100,21.0,21.0,3.0,0.0,
A14322002,성원상떼빌,서울특별시 광진구 중곡동 681 성원상떼빌,분양,개별난방,8072.0,1,91.0,성원건설,성원건설,024929505, ,아파트,서울특별시 광진구 동일로 459,자치관리,계단식,19980410,024929505,91.0,2594.0,46.0,44.0,1.0,0.0,6590.4,1121510100,24.0,24.0,3.0,0.0,04900
A10020066,리마크빌 구의,서울특별시 광진구 구의동 683 리마크빌 구의,임대,개별난방,25906.236,1,0.0,한양개발,(주)마스턴 제124호 위탁관리 부동산투자회사,024467800, ,주상복합,서울특별시 광진구 자양로18길 22,위탁관리,복도식,20251218,024467801,439.0,23093.9,0.0,0.0,0.0,0.0,11028.96,1121510300,22.0,22.0,5.0,0.0,
A10020269,구의새한,서울특별시 광진구 구의동 656 구의새한,분양,개별난방,18345.8,5,126.0,(주)새한,(주)새한,07081519109, ,아파트,서울특별시 광진구 자양로26길 71,자치관리,계단식,20000930, ,126.0,13622.04,0.0,18.0,108.0,0.0,13622.04,1121510300,9.0,0.0,1.0,7.0,
A10021381,아차산포레안아파트,서울특별시 광진구 구의동 663- 아차산포레안아파트,분양,개별난방,19556.0,3,125.0,유호산업개발,한국토지주택공사,024550126, ,아파트,서울특별시 광진구 천호대로 716,위탁관리,혼합식,20101230, ,125.0,19555.86,29.0,85.0,11.0,0.0,10124.67,1121510300,12.0,12.0,1.0,4.0,
A10023951,광진그랜드파크,서울특별시 광진구 구의동 680 광진그랜드파크,분양,개별난방,130538.6,11,730.0,디엘이앤씨,한국투자신탁,024470991, ,아파트,서울특별시 광진구 광나루로 458,위탁관리,계단식,20211230,024470992,730.0,86973.67,0.0,481.0,249.0,0.0,69744.3544,1121510300,35.0,35.0,2.0,22.0,05022
A10024667,구의세양아파트,서울특별시 광진구 구의동 658 구의세양아파트,분양,개별난방,19247.8,2,130.0,(주)세양건설,(주)세양건설,0234379190,없음.,아파트,서울특별시 광진구 구의강변로 84,위탁관리,계단식,20020123,0234379198,130.0,19247.8,0.0,130.0,0.0,0.0,10961.6,1121510300,22.0,22.0,2.0,0.0,05117
A10025573,세림리오빌아파트,서울특별시 광진구 구의동 659 세림리오빌아파트,분양,개별난방,5875.65,1,67.0,이연건설,구의은마재건축조합,024582229, ,아파트,서울특별시 광진구 아차산로 451,위탁관리,혼합식,20050902,024582226,60.0,7299.48,1.0,41.0,25.0,0.0,5875.65,1121510300,12.0,12.0,2.0,20.0,05046
A10025985,래미안 구의 파크스위트 아파트,서울특별시 광진구 구의동 668 래미안 구의 파크스위트 아파트,분양,개별난방,137745.0,12,854.0,삼성물산(주),구의1주택재건축정비사업조합,0233949484,raemianparksuite.com,아파트,서울특별시 광진구 광나루로 545,위탁관리,계단식,20180927,0233949486,854.0,87991.74,313.0,453.0,86.0,2.0,66073.67,1121510300,23.0,23.0,3.0,24.0,04978
A10026874,강변에스케이뷰,서울특별시 광진구 구의동 667 강변에스케이뷰,분양,개별난방,50015.09,2,197.0,(주)에스케이건설,한국자산신탁(주),024570728, ,주상복합,서울특별시 광진구 아차산로 431,위탁관리,계단식,20170714,024570726,197.0,31265.064,0.0,196.0,1.0,0.0,16723.47,1121510300,29.0,29.0,3.0,4.0,05045
A14320001,구의현대7단지,서울특별시 광진구 구의동 587-54 구의현대7단지,분양,개별난방,35455.08,3,273.0,(주)마이크로장,현대건설,0222019771, ,아파트,서울특별시 광진구 구의강변로3가길 39,위탁관리,혼합식,19971226,0222019773,273.0,26787.93,142.0,131.0,0.0,0.0,19649.43,1121510300,22.0,22.0,2.0,1.0,05048
A14320002,구의대림아크로리버,서울특별시 광진구 구의동 589-10 구의대림아크로리버,분양,개별난방+기타,54977.28,2,220.0,대림산업(주),드림링크(주),024551695,아크로리버.aptgate.co.kr,주상복합,서울특별시 광진구 구의강변로 64,위탁관리,계단식,20040113,024551698,220.0,54977.28,0.0,0.0,76.0,144.0,32176.9876,1121510300,37.0,37.0,5.0,0.0,05116
A14320003,구의현대13차폴라트리움,서울특별시 광진구 구의동 199-23 구의현대13차폴라트리움,분양,개별난방,24.0,1,92.0,현대건설,폴라트리움 추진 위원회,024441189, ,주상복합,서울특별시 광진구 구의강변로 102,위탁관리,계단식,20060630,024471189,119.0,22028.92,0.0,16.0,16.0,60.0,12699.36,1121510300,18.0,18.0,4.0,0.0,
A14320302,구의강변우성,서울특별시 광진구 구의동 546-7 구의강변우성,분양,개별난방,38674.2,3,354.0,우성건설(주),MBC외 6개 직장조합,024465274,apti.co.kr,아파트,서울특별시 광진구 구의강변로 42,위탁관리,계단식,19921226,024460946,354.0,38617.86,0.0,354.0,0.0,0.0,30005.04,1121510300,21.0,21.0,2.0,9.0,05116
A14320304,구의현대프라임,서울특별시 광진구 구의동 631-1 구의현대프라임,분양,중앙난방,246400.0,15,1592.0,현대건설(주),프라임산업(주),0234374425,www.ghprime.com,아파트,서울특별시 광진구 광나루로56길 29,위탁관리,혼합식,19970328,0262134426,1592.0,189158.33,654.0,542.0,168.0,228.0,148388.1,1121510300,30.0,30.0,3.0,28.0,05119
A14382101,구의삼성쉐르빌,서울특별시 광진구 구의동 199-18 구의삼성쉐르빌,분양,개별난방,70373.0,1,253.0,삼성,삼성,0222014246, ,주상복합,서울특별시 광진구 구의강변로 106,위탁관리,복도식,20011110,0222014247,252.0,41556.098,0.0,72.0,70.0,111.0,31211.68,1121510300,24.0,24.0,5.0,6.0,05117
A14383203,구의현대6단지,서울특별시 광진구 구의동 610 구의현대6단지,분양,개별난방,51776.0,3,421.0,현대건설(주),현대건설,024573006,cafe.naver.com/guuihd6,아파트,서울특별시 광진구 구의강변로 94,위탁관리,계단식,19940429,0264629798,423.0,50099.0,0.0,421.0,0.0,0.0,35745.29,1121510300,25.0,25.0,2.0,10.0,05117
A14383205,구의현대2단지,서울특별시 광진구 구의동 611 구의현대2단지,분양,개별난방,213036.0,15,1606.0,고려산업개발,현대건설,024446494,guhd2.com/,아파트,서울특별시 광진구 광나루로56길 32,위탁관리,혼합식,19961206,0222017930,1606.0,205985.56,0.0,1606.0,0.0,0.0,136313.62,1121510300,27.0,27.0,2.0,33.0,05118
A10020376,포제스한강,서울특별시 광진구 광장동 583- 포제스한강,분양,개별난방,46771.117,3,0.0,dL이앤씨,(주)엠디엠플러스,024541425, ,아파트,서울특별시 광진구 구천면로 25,위탁관리,계단식,20250829,024541426,128.0,23557.541,0.0,0.0,0.0,0.0,17568.9878,1121510400,15.0,15.0,3.0,13.0,
A10023281,광장 유진스웰,서울특별시 광진구 광장동 121 광장 유진스웰,분양,,0.0,1,52.0, , ,024560278, ,아파트,서울특별시 광진구 아차산로78길 7,,,20110209, ,0.0,0.0,0.0,0.0,0.0,52.0,7837.102,1121510400,1.0,15.0,0.0,0.0,04969
A10024751,광장자이아파트,서울특별시 광진구 광장동 581 광장자이아파트,분양,개별난방,34227.37,2,122.0,GS건설,GS건설,024577051, ,아파트,서울특별시 광진구 광나루로 595,위탁관리,계단식,20081202,024577052,122.0,22756.49,0.0,0.0,41.0,81.0,18140.95,1121510400,22.0,22.0,2.0,2.0,04984
A10026162,상록타워 아파트,서울특별시 광진구 광장동 570 상록타워 아파트,분양,개별난방,27730.0,1,200.0,포스코개발,포스코,024460128, ,아파트,서울특별시 광진구 아차산로 540,위탁관리,복도식,19970113,024460238,200.0,13924.0,106.0,94.0,0.0,0.0,13924,1121510400,24.0,24.0,2.0,2.0,04974
A14321001,광장11현대홈타운,서울특별시 광진구 광장동 579 광장11현대홈타운,분양,개별난방,27590.14,8,159.0,현대건설,광장11차현대지역주택조합,024560155, ,연립주택,서울특별시 광진구 아차산로69길 29,위탁관리,계단식,20031028,024560169,159.0,17363.57,0.0,159.0,0.0,0.0,13505.46,1121510400,4.0,4.0,1.0,20.0,04984
A14375301,광장힐스테이트,서울특별시 광진구 광장동 582 광장힐스테이트,분양,개별난방,85292.75,5,453.0,현대건설주식회사,한원광장금융투자(주),024550407,cafe.daum.net/Gwangjanghill,아파트,서울특별시 광진구 아차산로 537-17,위탁관리,계단식,20120328,024557166,453.0,56293.87,98.0,180.0,175.0,0.0,43993.9,1121510400,25.0,25.0,3.0,15.0,04983
A14375302,워커힐푸르지오,서울특별시 광진구 광장동 148-4 워커힐푸르지오,분양,개별난방,26755.51,2,200.0,대우건설,일신아파트리모델링조합,024469342, ,아파트,서울특별시 광진구 아차산로78길 12,위탁관리,계단식,19870302,024479343,200.0,20663.3,0.0,130.0,70.0,0.0,15270.7,1121510400,11.0,11.0,1.0,8.0,04969
A14375303,현대홈타운12차,서울특별시 광진구 광장동 580 현대홈타운12차,분양,개별난방,32488.03,2,119.0,현대건설(주),국제약품,024445112, ,아파트,서울특별시 광진구 천호대로 808,위탁관리,계단식,20040901,024441357,119.0,21360.36,0.0,0.0,0.0,119.0,17260.88,1121510400,21.0,21.0,2.0,4.0,04983
A14380211,워커힐아파트,서울특별시 광진구 광장동 145-8 워커힐아파트,분양,중앙난방,128991.83,14,576.0,SK건설,워커힐호텔,024448132,walkerhill.apti.co.kr,아파트,서울특별시 광진구 아차산로 637,자치관리,계단식,19781113,024570136,576.0,123530.57,0.0,0.0,0.0,576.0,109302.29,1121510400,13.0,13.0,2.0,20.0,04964
A14380409,광장극동1차,서울특별시 광진구 광장동 218-1 광장극동1차,분양,중앙난방,76761.0,5,448.0,극동건설,대한제지,024523169,광장극동1차.APTi.co.kr,아파트,서울특별시 광진구 아차산로 552,위탁관리,계단식,19850914,0234368111,448.0,63404.95,0.0,140.0,224.0,84.0,53452.84,1121510400,14.0,14.0,1.0,16.0,04971
A14380414,극동2차아파트,서울특별시 광진구 광장동 218-1 극동2차아파트,분양,중앙난방,99012.48,11,896.0,극동건설,대한제지,024542096,www.kukdong2.co.kr,아파트,서울특별시 광진구 아차산로 552,위탁관리,계단식,19890324,024542097,896.0,99012.48,0.0,756.0,84.0,56.0,80168.48,1121510400,14.0,14.0,0.0,32.0,04971
A14380605,광장신동아파밀리에,서울특별시 광진구 광장동 250 광장신동아파밀리에,분양,개별난방,46888.63,8,302.0,신동아건설,신동아건설,024522181, ,아파트,서울특별시 광진구 아차산로 599,위탁관리,계단식,20071015,024522182,302.0,45771.12,0.0,302.0,0.0,0.0,25574.78,1121510400,12.0,12.0,2.0,8.0,04968
A14381407,광장동 광나루현대,서울특별시 광진구 광장동 567 광장동 광나루현대,분양,개별난방,50237.27,3,380.0,현대산업개발,현대산업개발,0222011263, ,아파트,서울특별시 광진구 아차산로76길 31,위탁관리,계단식,19960417,0234373519,380.0,49330.15,0.0,380.0,0.0,0.0,32262.34,1121510400,22.0,22.0,2.0,11.0,04969
A14381415,광장현대3단지아파트,서울특별시 광진구 광장동 484 광장현대3단지아파트,분양,개별난방,108459.96,10,1056.0,현대그룹제3직장 주택조합,현대건설,024541288,kjhd3d@daum.net,아파트,서울특별시 광진구 아차산로70길 62,위탁관리,혼합식,19901020,024520532,1056.0,108459.96,252.0,804.0,0.0,0.0,81664.32,1121510400,21.0,21.0,1.0,22.0,04974
A14381504,광장동금호베스트빌,서울특별시 광진구 광장동 578 광장동금호베스트빌,분양,개별난방,32606.6,4,242.0,(주)금호건설,(주)금호건설,0234379348,openapt.seoul.go.kr,아파트,서울특별시 광진구 광나루로 579,위탁관리,계단식,20010618,0234379349,242.0,24151.08,76.0,166.0,0.0,0.0,18649.74,1121510400,20.0,20.0,2.0,7.0,04984
A14381506,"광장삼성1,2차","서울특별시 광진구 광장동 453-1 광장삼성1,2차",분양,개별난방,34066.11,3,360.0,삼성종합건설,삼성종합건설,024472221, ,아파트,서울특별시 광진구 아차산로 544,위탁관리,혼합식,19871229,024478506,360.0,34066.11,75.0,285.0,0.0,0.0,25737.75,1121510400,15.0,15.0,0.0,6.0,04971
A14381508,광장현대9차,서울특별시 광진구 광장동 576 광장현대9차,분양,개별난방,52402.96,5,437.0,현대건설,현대건설직장주택조합외3개,024449551, ,아파트,서울특별시 광진구 아차산로69길 19,자치관리,계단식,19990430,0262129552,437.0,41763.1,223.0,214.0,0.0,0.0,31554.75,1121510400,25.0,25.0,3.0,11.0,04984
A14381510,광장현대8단지,서울특별시 광진구 광장동 565 광장현대8단지,분양,개별난방,69686.0,3,537.0,현대건설(주),현대건설(주),024565863, ,아파트,서울특별시 광진구 아차산로 522,자치관리,혼합식,19950327,024473587,537.0,58807.8,94.0,443.0,0.0,0.0,43256.74,1121510400,25.0,25.0,2.0,11.0,04974
A14381512,광장현대5단지,서울특별시 광진구 광장동 554-7 광장현대5단지,분양,개별난방,60508.0,6,581.0,현대건설(주),현대건설직장조합주택,024582778, ,아파트,서울특별시 광진구 아차산로70길 61,위탁관리,혼합식,19890421,024473655,581.0,43769.65,171.0,410.0,0.0,0.0,43755.73,1121510400,19.0,19.0,1.0,11.0,04973
A14381513,광장청구,서울특별시 광진구 광장동 566 광장청구,분양,개별난방,76231.22,4,654.0,청구주택,삼성광장청구연합주택조함,0234365900, ,아파트,서울특별시 광진구 아차산로 503-23,위탁관리,혼합식,19960705,024443844,654.0,76231.22,340.0,314.0,0.0,0.0,47029.04,1121510400,23.0,23.0,3.0,11.0,04984
A14381516,광장현대파크빌,서울특별시 광진구 광장동 577 광장현대파크빌,분양,개별난방,146804.0,13,1170.0,현대건설,광장동현대 서울제4지역주택조합외,024587480, ,아파트,서울특별시 광진구 아차산로 549,자치관리,계단식,20000831,0264060001,1170.0,116331.71,372.0,798.0,0.0,0.0,89885.1,1121510400,25.0,25.0,2.0,25.0,04983
A10020506,롯데캐슬이스트폴 아파트 ,서울특별시 광진구 자양동 870- 롯데캐슬이스트폴 아파트 ,혼합,개별난방,181044.94,6,0.0,롯데건설(주),넥스트커넥트피에프브이(주),024568870, ,아파트,서울특별시 광진구 아차산로 420,위탁관리,계단식,20250123,024568871,1063.0,119332.78,0.0,0.0,0.0,0.0,61605.6,1121510500,48.0,48.0,7.0,0.0,
A10020686,더포디엄830,서울특별시 광진구 자양동 864- 더포디엄830,임대,개별난방,30202.953,1,0.0,코오롱글로벌,(주)엘앤케이이스테이트,0234091267, ,도시형 생활주택(아파트),서울특별시 광진구 아차산로 212,위탁관리,복도식,20250206,0234090111,480.0,26222.16,0.0,0.0,0.0,0.0,11309.8032,1121510500,1.0,23.0,5.0,5.0,
A10020868,어울채행복주택,서울특별시 광진구 자양동 680-63 어울채행복주택,임대,개별난방,22398.47,1,300.0,롯데건설,sh서울주택도시공사,0234366002,https://eoulchae.aptner.com/,아파트,서울특별시 광진구 아차산로58길 58,위탁관리,계단식,20241211,0234366003,305.0,22246.75,300.0,0.0,0.0,0.0,9316.5,1121510500,1.0,27.0,3.0,3.0,
A10022137,이튼타워리버1차,서울특별시 광진구 자양동 510-5 이튼타워리버1차,분양,개별난방,28996.0,2,146.0,인정건설(주),케이비부동산신탁(주),024574310, ,,서울특별시 광진구 능동로 68,위탁관리,계단식,20060327, ,146.0,25928.18,21.0,125.0,0.0,0.0,11804.27,1121510500,26.0,26.0,4.0,4.0,
A10022362,자양9차현대홈타운아파트,서울특별시 광진구 자양동 790- 자양9차현대홈타운아파트,분양,개별난방,16862.73,2,119.0,현대건설(주),현대건설(주),0234364385, ,아파트,서울특별시 광진구 뚝섬로34길 32,위탁관리,계단식,20020430,0262144385,119.0,13868.06,0.0,80.0,39.0,0.0,10379.17,1121510500,18.0,18.0,1.0,4.0,
A10022641,이튼타워리버2차,서울특별시 광진구 자양동 507-6 이튼타워리버2차,분양,개별난방,22791.53,2,131.0,인정건설,인정건설,024584310, ,주상복합,서울특별시 광진구 능동로 50,위탁관리,복도식,20060327,024584210,153.0,19877.11,0.0,131.0,0.0,0.0,11095.2,1121510500,25.0,25.0,2.0,4.0,05070
A10023099,롯데캐슬 리버파크 시그니처 아파트,서울특별시 광진구 자양동 236-91 롯데캐슬 리버파크 시그니처 아파트,혼합,개별난방,142043.0,6,0.0,롯데건설,자양1주택재건축정비사업조합,024612788, ,아파트,서울특별시 광진구 뚝섬로 467,위탁관리,계단식,20230629,024612789,878.0,91260.04,0.0,0.0,0.0,0.0,68005.63,1121510500,30.0,35.0,2.0,21.0,05080
A10023282,광진한화꿈에그린아파트,서울특별시 광진구 자양동 853 광진한화꿈에그린아파트,분양,개별난방,23517.0,2,116.0,한화건설(주),미성재건축,024685053, ,아파트,,자치관리,복도식,20060530,024685054,116.0,16196.7,0.0,58.0,0.0,58.0,12954.72,1121510500,15.0,15.0,2.0,2.0,05088
A10023336,자양하늘채베르,서울특별시 광진구 자양동 862 자양하늘채베르,분양,개별난방,19871.867,2,165.0,코오롱,코오롱글로벌주식회사,0269490586, ,아파트,서울특별시 광진구 자양로 55,위탁관리,계단식,20230227,0269490587,165.0,11535.625,165.0,0.0,0.0,0.0,8423.889,1121510500,19.0,19.0,2.0,5.0,05056
A10024132,자양호반써밋아파트,서울특별시 광진구 자양동 861 자양호반써밋아파트,분양,개별난방,33756.746,2,305.0,호반건설,자양12구역 지역주택조합,024989705, ,주상복합,서울특별시 광진구 능동로 69,위탁관리,계단식,20210830,024989706,305.0,20166.883,280.0,25.0,0.0,0.0,14728.7125,1121510500,26.0,26.0,3.0,8.0,05074
A10024154,금강KCC아파트,서울특별시 광진구 자양동 791 금강KCC아파트,분양,개별난방,10932.77,2,69.0,금강KCC건설,금강kcc건설,024467676, ,아파트,서울특별시 광진구 아차산로36길 13,자치관리,혼합식,20020531,024467676,69.0,7223.12,0.0,69.0,0.0,0.0,5841.62,1121510500,14.0,14.0,2.0,2.0,05066
A10024965,ym프라젠스파아파트,서울특별시 광진구 자양동 663-21 ym프라젠스파아파트,분양,개별난방,15485.56,1,87.0,ym건설,ym건설,0234376631, ,아파트,서울특별시 광진구 자양로5길 33,위탁관리,계단식,20051118,0234360046,75.0,1161417.0,18.0,15.0,51.0,3.0,8028,1121510500,12.0,12.0,6.0,0.0,05102
A10026399,강변아이파크아파트,서울특별시 광진구 자양동 809 강변아이파크아파트,분양,개별난방,12855.0,1,83.0,현대건설,자양동강변주택조합,024577500, ,아파트,서울특별시 광진구 뚝섬로36길 75,자치관리,계단식,20061221,024577565,83.0,515759.66,0.0,83.0,0.0,0.0,7050.85,1121510500,18.0,18.0,0.0,2.0,05095
A10026720,래미안 프리미어 팰리스,서울특별시 광진구 자양동 859 래미안 프리미어 팰리스,혼합,개별난방,64779.31,2,264.0,삼성물산,-,024565090, ,아파트,서울특별시 광진구 아차산로 345,위탁관리,계단식,20171026,024565092,264.0,29827.92,48.0,192.0,24.0,0.0,21635.76,1121510500,29.0,29.0,4.0,5.0,05026
A14319001,자양경남아너스빌,서울특별시 광진구 자양동 666-28 자양경남아너스빌,분양,개별난방,18339.81,1,150.0,대아건설,진주타운재건축조합,0234374442, ,아파트,서울특별시 광진구 자양로3길 55,위탁관리,혼합식,19970524,0234379747,150.0,15270.2,70.0,80.0,0.0,0.0,10974.1,1121510500,19.0,19.0,1.0,3.0,05105
A14319002,자양한강극동,서울특별시 광진구 자양동 57-103 자양한강극동,분양,개별난방,17448.5,2,158.0,극동건설주식회사,자양동군인직장연합주택조합,024698231, ,아파트,서울특별시 광진구 능동로3길 53,자치관리,계단식,19910808,024690339,158.0,17236.22,0.0,158.0,0.0,0.0,13343.21,1121510500,11.0,11.0,0.0,7.0,05087
A14319003,자양현대,서울특별시 광진구 자양동 645-5 자양현대,분양,개별난방,21455.0,2,182.0,고려산업개발,고려산업개발,024446705, ,아파트,서울특별시 광진구 뚝섬로56길 72,자치관리,계단식,19930527,024446740,182.0,21445.607,0.0,182.0,0.0,0.0,15281.54,1121510500,18.0,18.0,0.0,3.0,05108
A14319005,자양한강현대,서울특별시 광진구 자양동 829 자양한강현대,분양,개별난방,24323.0,2,204.0,고려산업개발(주),한마음지역연합주택,024697526, ,아파트,서울특별시 광진구 능동로 19,위탁관리,계단식,19931120,024676629,204.0,24322.92,0.0,204.0,0.0,0.0,17023.8,1121510500,22.0,22.0,1.0,5.0,05086
A14319006,자양2차현대,서울특별시 광진구 자양동 761 자양2차현대,분양,개별난방,28557.21,1,235.0,현대산업개발,총무처조합아파트,024535310, ,아파트,서울특별시 광진구 뚝섬로34길 9,위탁관리,계단식,19950422,024562278,235.0,19697.01,35.0,200.0,0.0,0.0,19064.56,1121510500,19.0,19.0,2.0,7.0,05090
A14319007,자양현대홈타운8차,서울특별시 광진구 자양동 789 자양현대홈타운8차,분양,개별난방,36671.5,5,257.0,현대건설(주),자양2지구 재건축 주택조합,0234379297,홈페이지 없음,아파트,서울특별시 광진구 뚝섬로36길 19,위탁관리,계단식,20020508,0234379298,257.0,28391.5,0.0,181.0,76.0,0.0,22805.75,1121510500,19.0,19.0,1.0,7.0,05091
A14319008,자양대동,서울특별시 광진구 자양동 784-1 자양대동,분양,개별난방,42149.754,4,314.0,(주)대동주택,자양대림재건축조합,024615561, ,아파트,서울특별시 광진구 뚝섬로31길 20,위탁관리,혼합식,19990310,024615560,314.0,30759.12,156.0,138.0,20.0,0.0,23248.34,1121510500,25.0,25.0,2.0,7.0,05074
A14319009,자양로얄동아,서울특별시 광진구 자양동 644 자양로얄동아,분양,개별난방,43220.06,4,322.0,(주)동아건설,로얄 재건축 주택조합,0234373905,wuma52@naver.com,아파트,서울특별시 광진구 뚝섬로52마길 56,위탁관리,혼합식,19990916,0234378969,322.0,25222.21,133.0,139.0,50.0,0.0,25222.21,1121510500,25.0,25.0,2.0,6.0,05108
A14319010,한강우성아파트,서울특별시 광진구 자양동 87-1 한강우성아파트,분양,개별난방,41688.0,2,355.0,(주)우성건설,(주)우성건설,024676519, ,아파트,서울특별시 광진구 능동로1길 15,위탁관리,계단식,19931221,024676517,355.0,39900.83,0.0,355.0,0.0,0.0,30075.6,1121510500,24.0,24.0,0.0,7.0,05086
A14319011,자양우성1차,서울특별시 광진구 자양동 579 자양우성1차,분양,개별난방,55720.49,6,656.0,제일은행강동구청주택사업,우성건설,024478214,자양1차우성.apti.co.kr,아파트,서울특별시 광진구 뚝섬로 569,위탁관리,혼합식,19880913,024550368,656.0,54704.32,386.0,270.0,0.0,0.0,43139.88,1121510500,15.0,15.0,0.0,15.0,05069
A14319012,자양더샵스타시티,서울특별시 광진구 자양동 227-7 자양더샵스타시티,분양,개별난방,327563.0,4,1177.0,posco,건국대학교,0234052100,더샵스타시티.apti.co.kr,아파트,서울특별시 광진구 아차산로 262,위탁관리,복도식,20070122,0234052108,1177.0,208368.12,0.0,0.0,546.0,631.0,157669.49,1121510500,58.0,58.0,3.0,27.0,05065
A14319013,한강성원,서울특별시 광진구 자양동 831-1 한강성원,분양,개별난방,18427.93,1,140.0,성원건설,성원건설,0234093464, ,아파트,서울특별시 광진구 능동로3길 17,위탁관리,복도식,19970808,0234093464,140.0,14560.0,56.0,84.0,0.0,0.0,10395.8,1121510500,18.0,18.0,2.0,2.0,05086
A14319015,구의현대홈시티,서울특별시 광진구 자양동 779-8 구의현대홈시티,분양,개별난방,21171.0,1,102.0,현대건설,웨슨코리아,024544415, ,주상복합,서울특별시 광진구 자양로 109,위탁관리,계단식,20060831,024544416,102.0,11745.453,0.0,85.0,17.0,0.0,9156.2,1121510500,21.0,20.0,6.0,3.0,05026
A14319201,현대강변,서울특별시 광진구 자양동 673 현대강변,분양,개별난방,22657.95,2,208.0,현대건설,현대건설,024589755, ,아파트,서울특별시 광진구 자양로3가길 43,위탁관리,계단식,19911210,024589756,208.0,22003.3,0.0,208.0,0.0,0.0,17067,1121510500,13.0,13.0,2.0,9.0,05107
A14319203,자양현대5차,서울특별시 광진구 자양동 642 자양현대5차,분양,개별난방,39206.08,3,270.0,현대(주),.,0234377171, ,아파트,서울특별시 광진구 뚝섬로54길 74,위탁관리,혼합식,19980624,0234377172,270.0,27882.76,108.0,116.0,46.0,0.0,21057.51,1121510500,23.0,23.0,3.0,7.0,05109
A14319204,자양현대3차,서울특별시 광진구 자양동 670 자양현대3차,분양,개별난방,52336.0,2,439.0,2022-11-08,자양동 연합주택조합,024533544, ,아파트,서울특별시 광진구 뚝섬로58길 101,위탁관리,혼합식,19961209,0222011948,439.0,36248.97,41.0,398.0,0.0,0.0,36248.97,1121510500,23.0,23.0,1.0,12.0,05106
A14319301,자양현대6차,서울특별시 광진구 자양동 786 자양현대6차,분양,개별난방,23330.24,1,178.0,현대건설(주),현대건설(주),024580973, ,아파트,서울특별시 광진구 자양번영로3길 66,위탁관리,혼합식,19990203,024580973,178.0,13467.012,112.0,28.0,38.0,0.0,13466.16,1121510500,19.0,19.0,0.0,4.0,05091
A14319302,자양우방리버파크,서울특별시 광진구 자양동 793 자양우방리버파크,분양,개별난방,28666.19,3,214.0,(주) 우방,자양제일은행직장주택조합외3,0222011381, ,아파트,서울특별시 광진구 능동로4길 78,위탁관리,복도식,20031014,0222011382,214.0,21278.38,72.0,142.0,0.0,0.0,16377.21,1121510500,25.0,25.0,2.0,3.0,05095
A14319303,자양현대홈타운10차,서울특별시 광진구 자양동 792 자양현대홈타운10차,분양,개별난방,37340.0,6,245.0,현대건설,현대건설,0234369328, ,아파트,서울특별시 광진구 뚝섬로34길 25-19,위탁관리,계단식,20021030,0234369336,245.0,28125.2,2.0,154.0,89.0,0.0,22622.39,1121510500,17.0,17.0,1.0,8.0,05090
A14319305,광진트라팰리스,서울특별시 광진구 자양동 854 광진트라팰리스,분양,개별난방,52666.24,2,204.0,삼성물산,"재건축조합,환원건설",024643210, ,주상복합,서울특별시 광진구 뚝섬로34길 67,위탁관리,계단식,20060721,024613210,204.0,34837.88,0.0,46.0,46.0,112.0,27493.14,1121510500,29.0,29.0,3.0,8.0,05096
A14319306,이튼타워리버3차,서울특별시 광진구 자양동 855 이튼타워리버3차,분양,개별난방,47927.5,3,260.0,인정건설(주),조합,024613270, ,주상복합,서울특별시 광진구 능동로 18,위탁관리(직영+위탁),계단식,20070417,024613205,260.0,34531.918,0.0,169.0,47.0,44.0,26196.5,1121510500,25.0,25.0,3.0,6.0,05096
A14319307,자양한라,서울특별시 광진구 자양동 762 자양한라,분양,개별난방,43308.402,2,329.0,한라건설,한라아파트,024441689, ,아파트,서울특별시 광진구 뚝섬로33길 20,위탁관리,복도식,19960831,0262351689,329.0,35087.78,147.0,182.0,0.0,0.0,24211.32,1121510500,22.0,22.0,2.0,6.0,05070
A14319311,자양우성7차,서울특별시 광진구 자양동 783-1 자양우성7차,분양,개별난방,75000.0,5,625.0,(주)우성건설,자양연합주택조합,024578387, ,아파트,서울특별시 광진구 아차산로36길 39,위탁관리,혼합식,19980706,024578388,625.0,74113.28,313.0,312.0,0.0,0.0,45259.38,1121510500,22.0,22.0,2.0,12.0,05067
A14375801,우성6,서울특별시 광진구 자양동 515-1 우성6,분양,개별난방,1112721.0,1,96.0,우성건설,우성건설,024561698, ,아파트,서울특별시 광진구 뚝섬로33길 42,자치관리,계단식,19920321,024561698,96.0,11147.386,0.0,96.0,0.0,0.0,8134.44,1121510500,14.0,14.0,1.0,0.0,05070
A14376501,한솔리베르,서울특별시 광진구 자양동 672 한솔리베르,분양,개별난방,23387.715,1,185.0,한솔,자양한강연합주택조합,024475657, ,아파트,서울특별시 광진구 뚝섬로56가길 28,위탁관리,복도식,20020124,0262155657,185.0,19393.36,0.0,185.0,0.0,0.0,14888.31,1121510500,25.0,25.0,2.0,2.0,05107
A14377402,이튼타워리버5차,서울특별시 광진구 자양동 856 이튼타워리버5차,분양,개별난방,62049.75,4,279.0,인정건설,인정건설,024973200,이튼5차.apti.co.kr,아파트,서울특별시 광진구 능동로4길 40,위탁관리,계단식,20090915,024973201,279.0,39812.92,0.0,169.0,62.0,48.0,29857.04,1121510500,23.0,23.0,2.0,8.0,05096
A14386109,자양우성2차,서울특별시 광진구 자양동 520-2 자양우성2차,분양,개별난방,35318.0,3,405.0,우성,건국대 직장주택조합,024570305, ,아파트,서울특별시 광진구 뚝섬로 576,위탁관리,혼합식,19890722,024570325,405.0,34809.926,120.0,285.0,0.0,0.0,26950.05,1121510500,15.0,15.0,1.0,9.0,05092
A14386110,자양우성3차,서울특별시 광진구 자양동 516 자양우성3차,분양,개별난방,43848.38,7,464.0,우성,우성,024468741, ,아파트,서울특별시 광진구 뚝섬로35길 32,자치관리,혼합식,19891230,024468742,464.0,43848.38,75.0,389.0,0.0,0.0,34452.9,1121510500,15.0,15.0,0.0,17.0,05070
A14386802,자양경남,서울특별시 광진구 자양동 641 자양경남,분양,개별난방,30690.0,2,232.0,경남기업(주),경남,024549979, ,아파트,서울특별시 광진구 뚝섬로52길 71,위탁관리,혼합식,19990601,024549989,232.0,22720.7,156.0,38.0,38.0,0.0,16950.72,1121510500,19.0,19.0,2.0,4.0,05109
A14387605,자양한양,서울특별시 광진구 자양동 695 자양한양,분양,개별난방,66500.33,6,444.0,(주) 한양,(주) 한양,024470146,jayanghanyang@hanmail.net,아파트,서울특별시 광진구 구의강변로 11,자치관리,혼합식,19830527,024470147,444.0,66412.32,0.0,0.0,289.0,155.0,57845.17,1121510500,12.0,12.0,0.0,14.0,05115
A14388204,자양7차현대홈타운,서울특별시 광진구 자양동 788 자양7차현대홈타운,분양,개별난방,33065.0,4,252.0,현대건설(주),한전자양외2개조합,0234361331, ,아파트,서울특별시 광진구 능동로4길 41,위탁관리,혼합식,20010531,0234361351,252.0,25098.09,117.0,103.0,32.0,0.0,19235.24,1121510500,18.0,18.0,2.0,6.0,05090
A14388208,자양동삼성아파트,서울특별시 광진구 자양동 787 자양동삼성아파트,분양,개별난방,39904.0,4,375.0,삼성물산,자양삼성아파트재건축조합,024524500, ,아파트,서울특별시 광진구 자양번영로3길 65,위탁관리,혼합식,19990414,024524533,375.0,39591.34,151.0,163.0,61.0,0.0,29879.92,1121510500,25.0,25.0,0.0,3.0,05094
A10021996,광진코지웰,서울특별시 광진구 화양동 113-1 광진코지웰,분양,개별난방,7896.0,1,364.0,포스코ICT,티알지개발전문자기관리부동산투자회사,024971010, ,주상복합,서울특별시 광진구 능동로19길 35,위탁관리,복도식,20141103,024972020,296.0,6902.99,339.0,7.0,16.0,2.0,4933.89,1121510700,12.0,14.0,0.0,3.0,
A10022135,동도센트리움캠퍼스파크,서울특별시 광진구 화양동 116-2 동도센트리움캠퍼스파크,분양,,8544.0,1,181.0,동도건설(주),송산파트너스(주),024612344, ,도시형 생활주택(아파트),서울특별시 광진구 광나루로 370,위탁관리,복도식,20190927, ,231.0,4758.996,181.0,0.0,0.0,0.0,2707.546,1121510700,20.0,20.0,3.0,3.0,
A10022318,씨즈건대힐스,서울특별시 광진구 화양동 530- 씨즈건대힐스,분양,개별난방,5428.0,1,149.0,(주)신성건설,(주)무궁화신탁,0262398383, ,아파트,서울특별시 광진구 광나루로20길 17,위탁관리,복도식,20170929, ,149.0,5427.5,148.0,1.0,0.0,0.0,2189.62,1121510700,10.0,10.0,2.0,2.0,
A10025404,아스하임4차,서울특별시 광진구 화양동 111-102 아스하임4차,분양,개별난방,8133.83,1,162.0,원플러스종합건설,원플러스종합건설,024996161, ,아파트,서울특별시 광진구 광나루로 382,위탁관리,복도식,20181116,024996161,164.0,3993.45,162.0,0.0,0.0,0.0,2614.44,1121510700,20.0,20.0,3.0,2.0,05009
A14313001,화양현대,서울특별시 광진구 화양동 234 화양현대,분양,개별난방,30410.03,3,253.0,현대건설(주),서평개발(주),024998121, ,아파트,서울특별시 광진구 동일로24길 5,자치관리,혼합식,19990520,024998316,253.0,23874.92,138.0,115.0,0.0,0.0,18026.25,1121510700,23.0,23.0,2.0,5.0,05014
A10022248,광진동양파라곤,서울특별시 광진구 군자동 360-20 광진동양파라곤,분양,개별난방,23418.41,3,122.0,동양건설산업,효승주택,024998363, ,주상복합,서울특별시 광진구 광나루로 361,위탁관리,혼합식,20080125,024998360,122.0,23418.41,0.0,57.0,65.0,0.0,12520.15,1121510900,20.0,20.0,4.0,4.0,
A10028012,광진We’vePark,서울특별시 광진구 군자동 503 광진We’vePark,분양,기타,36348.52,2,90.0,두산중공업,(주)화양시장,024611100, ,주상복합,서울특별시 광진구 광나루로 369,위탁관리,복도식,20080929,024668466,90.0,2470847.5,0.0,0.0,55.0,35.0,12207.92,1121510900,20.0,19.0,5.0,0.0,05005
A14383901,군자일성파크,서울특별시 광진구 군자동 99 군자일성파크,분양,개별난방,42442.85,2,357.0,일성건설,일성건설,0234090175, ,아파트,서울특별시 광진구 군자로12길 46,위탁관리,복도식,19960309,0234090171,357.0,36478.7,170.0,165.0,22.0,0.0,26613.56,1121510900,22.0,22.0,1.0,0.0,05004
A10020429,신설동역 자이르네,서울특별시 동대문구 신설동 96-48 신설동역 자이르네,분양,개별난방,15593.949,2,0.0,자이에스앤디(주),에스티에스개발(주),0269534068, ,도시형 생활주택(아파트),서울특별시 동대문구 천호대로 26,위탁관리,계단식,20241125,0269534069,143.0,15593.846,0.0,0.0,0.0,0.0,6278.7,1123010100,20.0,20.0,4.0,7.0,
A10026147,신설동 지웰홈스,서울특별시 동대문구 신설동 117-9 신설동 지웰홈스,임대,개별난방,7270.0,1,170.0,신영건설 주식회사,(주)에이알에이신영부동산위탁관리투자회사,0222533336, ,주상복합,서울특별시 동대문구 난계로 242,위탁관리,복도식,20171130,0222533338,170.0,7269.7,170.0,0.0,0.0,0.0,2958.3,1123010100,17.0,17.0,2.0,2.0,02586
A10020343,힐스테이트청량리메트로블,서울특별시 동대문구 용두동 26-14 힐스테이트청량리메트로블,혼합,개별난방,26763.904,2,0.0,현대건설,서원,029655552, ,도시형 생활주택(주상복합),서울특별시 동대문구 고산자로 420,위탁관리,계단식,20250729,029655553,288.0,26763.902,0.0,0.0,0.0,0.0,12400.0632,1123010200,0.0,28.0,6.0,0.0,
A10022979,청계한양아이클래스,서울특별시 동대문구 용두동 255-49 청계한양아이클래스,분양,,0.0,1,96.0, , ,029242002, ,도시형 생활주택(주상복합),서울특별시 동대문구 청계천로 461,,,20190226, ,0.0,0.0,96.0,0.0,0.0,0.0,0,1123010200,1.0,20.0,0.0,0.0,02587
A10023188,청량리역 한양수자인 그라시엘,서울특별시 동대문구 용두동 39-1 청량리역 한양수자인 그라시엘,분양,개별난방,201653.0,4,1152.0,한양건설,보성산업개발(주),029598320, ,주상복합,서울특별시 동대문구 고산자로32길 78,위탁관리,기타,20230602,029598322,1152.0,139829.78,0.0,1148.0,2.0,2.0,98114.42,1123010200,58.0,58.0,8.0,24.0,02561
A10023389,청량리역해링턴플레이스,서울특별시 동대문구 용두동 797 청량리역해링턴플레이스,혼합,개별난방,59840.36,1,220.0,효성중공업(주),(주)펜타디앤씨,029631063, ,주상복합,서울특별시 동대문구 고산자로34길 70,위탁관리,기타,20230130,029641064,220.0,25089.05,30.0,186.0,0.0,4.0,18188.9334,1123010200,40.0,40.0,6.0,4.0,02560
A10023633,래미안 엘리니티,서울특별시 동대문구 용두동 753-9 래미안 엘리니티,혼합,개별난방,150512.0,16,1048.0,삼성물산(주),용두제6구역주택재개발정비사업조합,0269251352,https://www.relinity.aptstory.com/,아파트,서울특별시 동대문구 한빛로 49,위탁관리,계단식,20220830,07052233589,1048.0,96675.15,503.0,526.0,19.0,0.0,70982.52,1123010200,21.0,21.0,2.0,36.0,02578
A10024042,e편한세상 청계 센트럴포레,서울특별시 동대문구 용두동 253 e편한세상 청계 센트럴포레,혼합,개별난방,132335.95,8,823.0,DL E&C,용두5구역주택재개발정비사업조합,029253371, ,아파트,서울특별시 동대문구 무학로 91,위탁관리,혼합식,20211125,029253372,826.0,73968.79,443.0,353.0,27.0,0.0,56258.32,1123010200,27.0,27.0,3.0,18.0,02587
A10027274,동대문푸르지오시티,서울특별시 동대문구 용두동 104-3 동대문푸르지오시티,분양,개별난방,44968.63,1,299.0,대우건설(주),주)기민물산,029248252, ,도시형 생활주택(주상복합),서울특별시 동대문구 왕산로 86,위탁관리,복도식,20160909,029248253,299.0,17454.24,299.0,0.0,0.0,0.0,8673.53,1123010200,24.0,24.0,5.0,3.0,02585
A10028080,용두 롯데 캐슬리치 아파트,서울특별시 동대문구 용두동 794 용두 롯데 캐슬리치 아파트,혼합,개별난방,46108.37,5,311.0,롯데건설(주),용두4구역재개발조합,029299946, ,아파트,서울특별시 동대문구 한빛로 73,위탁관리,혼합식,20150313,029279946,311.0,31379.81,143.0,112.0,56.0,0.0,23404.66,1123010200,20.0,20.0,2.0,8.0,02577
A13007001,용두두산위브,서울특별시 동대문구 용두동 791 용두두산위브,분양,개별난방,52345.81,6,338.0,두산건설,두산건설,029578003, ,아파트,서울특별시 동대문구 정릉천동로 16,위탁관리,계단식,20090618,029578030,338.0,36141.9,90.0,176.0,72.0,0.0,27960.54,1123010200,25.0,25.0,2.0,10.0,02590
A13007002,용두롯데캐슬피렌체,서울특별시 동대문구 용두동 790 용두롯데캐슬피렌체,분양,개별난방,51599.83,4,435.0,롯데건설,용두5구역,029595100, ,주상복합,서울특별시 동대문구 정릉천동로 58,위탁관리,혼합식,20090205,029595200,435.0,30511.69,305.0,78.0,52.0,0.0,23413.16,1123010200,14.0,14.0,3.0,8.0,02566
A13007004,용두신동아,서울특별시 동대문구 용두동 779 용두신동아,분양,개별난방,75358.17,5,772.0,신동아건설,신동아건설,029280515, ,아파트,서울특별시 동대문구 무학로26길 30,위탁관리,혼합식,19941014,029292726,772.0,73026.0,376.0,396.0,0.0,0.0,53389.62,1123010200,17.0,17.0,2.0,15.0,02588
A13070301,래미안허브리츠,서울특별시 동대문구 용두동 792 래미안허브리츠,분양,개별난방,148466.27,10,844.0,삼성물산,용두1구역 주택재개발사업,029635803,apt.uasis.com/hubritz,아파트,서울특별시 동대문구 정릉천동로 36,위탁관리,기타,20110428,029635804,844.0,94324.0,232.0,422.0,190.0,0.0,71611.84,1123010200,20.0,20.0,2.0,24.0,02567
A13070302,래미안용두1차,서울특별시 동대문구 용두동 792-1 래미안용두1차,임대,개별난방,20804.34,1,210.0,삼성건설,용두1구역 주택재개발조합,029591472, ,아파트,서울특별시 동대문구 고산자로29길 18,위탁관리,복도식,20110428,029591473,210.0,8387.4,210.0,0.0,0.0,0.0,8387.4,1123010200,18.0,18.0,2.0,2.0,02567
A10020159,어진재주상복합관리단,서울특별시 동대문구 제기동 1213 어진재주상복합관리단,분양,개별난방,4135.14,1,0.0,효진건설,새미홀딩스,029531114, ,도시형 생활주택(아파트),서울특별시 동대문구 회기로 14,자치관리(직영),복도식,20140418, ,124.0,1989.03,0.0,0.0,0.0,0.0,1989.03,1123010300,6.0,6.0,1.0,0.0,
A10020729,리스트안암,서울특별시 동대문구 제기동 136-3 리스트안암,임대,중앙난방,16724.24,1,299.0,(주)대원,(주)브이인마크청년주택위탁관리부동산투자회사,0262357701, ,주상복합,서울특별시 동대문구 고산자로 568,위탁관리,복도식,20240819,0262357703,299.0,14154.62,299.0,0.0,0.0,0.0,7060.8,1123010300,18.0,18.0,2.0,3.0,
A13006002,제기현대,서울특별시 동대문구 제기동 892-66 제기현대,분양,개별난방,36917.76,3,261.0,현대건설,제기동 한전재건축조합,0262388256, ,아파트,서울특별시 동대문구 정릉천동로 90,위탁관리,혼합식,19991113,0262388257,261.0,27534.01,92.0,49.0,120.0,0.0,20591.06,1123010300,25.0,25.0,2.0,5.0,02568
A13006003,제기이수브라운스톤,서울특별시 동대문구 제기동 252 제기이수브라운스톤,분양,개별난방,47613.25,4,299.0,이수건설,이수건설,029232410, ,아파트,서울특별시 동대문구 왕산로23길 89,위탁관리,혼합식,20050314,029232420,299.0,31361.4,20.0,279.0,0.0,0.0,24873.9,1123010300,21.0,21.0,2.0,4.0,02575
A13006101,제기한신,서울특별시 동대문구 제기동 1212 제기한신,분양,개별난방,151164.0,12,1070.0,한신공영주식회사,한신공영주식회사,029630480,제기한신휴플러스.apti.co.kr,아파트,서울특별시 동대문구 고산자로 534,위탁관리,혼합식,20040511,029630481,1070.0,114587.305,411.0,395.0,264.0,0.0,88404.08,1123010300,25.0,25.0,2.0,21.0,02467
A13077201,제기한신제2임대아파트,서울특별시 동대문구 제기동 1212-1 제기한신제2임대아파트,임대,개별난방,16755.0,1,260.0,(주)한신공영,SH공사,029570832,happy.i-sh.co.kr,아파트,서울특별시 동대문구 회기로8길 20,위탁관리,복도식,20040511,029570833,260.0,12033.06,260.0,0.0,0.0,0.0,8517.6,1123010300,20.0,20.0,2.0,3.0,02467
A13086101,제기안암골벽산,서울특별시 동대문구 제기동 153 제기안암골벽산,분양,개별난방,101108.0,7,640.0,벽산건설,재건축조함,0262189700, ,아파트,서울특별시 동대문구 약령시로 25,위탁관리,계단식,20030613,0262189701,640.0,75681.17,88.0,308.0,244.0,0.0,59920.92,1123010300,23.0,23.0,3.0,15.0,02477
A10019987,전농삼성SH아파트,서울특별시 동대문구 전농동 155-1 전농삼성SH아파트,임대,개별난방,6933.32,1,139.0,삼성물산,전농제5구역주택재개발조합,0222434048, ,아파트,서울특별시 동대문구 전농로 190,위탁관리,복도식,20000513,0222430090,139.0,6933.32,139.0,0.0,0.0,0.0,6933.32,1123010400,17.0,0.0,3.0,2.0,
A10020126,퀸즈W청년안심주택,서울특별시 동대문구 전농동 127-359 퀸즈W청년안심주택,임대,개별난방,13316.22,1,207.0,대성문D&G(주),주식회사우리대성문위탁관리부동산투자회사,0233946312, ,아파트,서울특별시 동대문구 서울시립대로 111,위탁관리,복도식,20251203, ,207.0,8597.22,144.0,62.0,0.0,1.0,10836.49,1123010400,20.0,0.0,3.0,3.0,
A10020757,전농하우스토리,서울특별시 동대문구 전농동 32-4 전농하우스토리,분양,개별난방,0.0,1,60.0, , ,02-3394-5708, ,주상복합,서울특별시 동대문구 사가정로 122,,,20071228, ,0.0,0.0,0.0,46.0,14.0,0.0,5461.774,1123010400,1.0,20.0,0.0,0.0,
A10023083,청량리역 롯데캐슬 SKY-L65,서울특별시 동대문구 전농동 620-47 청량리역 롯데캐슬 SKY-L65,혼합,개별난방+기타,381942.0,4,1425.0,롯데건설,청량리 제4구역 도시환경정비사업추진위원회,0232931118, ,주상복합,서울특별시 동대문구 답십리로 27,위탁관리,혼합식,20230712,0232931119,1425.0,244926.97,64.0,1232.0,118.0,11.0,121837.49,1123010400,65.0,65.0,7.0,22.0,02559
A10026180,롯데캐슬노블레스,서울특별시 동대문구 전농동 518 롯데캐슬노블레스,혼합,개별난방,87778.48,5,584.0,롯데건설(주),전농제11구역 주택재개발정비사업조합,0222129036,https://movill.net,아파트,서울특별시 동대문구 답십리로23길 30,위탁관리,계단식,20180629,0222129038,584.0,56717.88,272.0,312.0,0.0,0.0,41106.78,1123010400,29.0,29.0,3.0,3.0,02551
A13002002,래미안아름숲,서울특별시 동대문구 전농동 688 래미안아름숲,분양,개별난방,128425.39,15,719.0,삼성물산,삼성물산,0222444402, ,아파트,서울특별시 동대문구 전농로16길 51,위탁관리,계단식,20120726,0222444408,719.0,82814.93,107.0,441.0,171.0,0.0,63491.05,1123010400,15.0,15.0,2.0,28.0,02508
A13071301,전농동아임대,서울특별시 동대문구 전농동 645-3 전농동아임대,임대,개별난방,11176.55,1,220.0,동아건설,동아건설,0222450091,happy.i-sh.co.kr/main.do?deptid=70115,아파트,서울특별시 동대문구 서울시립대로 31,위탁관리,복도식,19971222,0222450165,220.0,11112.86,220.0,0.0,0.0,0.0,7042.2,1123010400,22.0,22.0,1.0,3.0,02591
A13071302,래미안크레시티,서울특별시 동대문구 전농동 440-9 래미안크레시티,혼합,개별난방,370092.6,31,2397.0,삼성물산(주),전농7구역 주택재개발정비사업조합,0222127096,http://www.raemiancrecity.com/,아파트,서울특별시 동대문구 사가정로 65,위탁관리,혼합식,20141023,0222121191,2397.0,185895.0,963.0,977.0,457.0,0.0,188158.66,1123010400,22.0,22.0,3.0,79.0,02553
A13084802,전농SK제2(임대),서울특별시 동대문구 전농동 10-1 전농SK제2(임대),임대,개별난방,47012.97,3,848.0,sk건설,전농제4구역주택개량재개발조합,0233945001, ,아파트,서울특별시 동대문구 전농로10길 111,위탁관리,복도식,20000529,0233945002,848.0,40525.92,848.0,0.0,0.0,0.0,27788.96,1123010400,22.0,22.0,1.0,10.0,02532
A13084803,전농우성,서울특별시 동대문구 전농동 6 전농우성,분양,개별난방,139068.61,15,1234.0,우성건설,전농3-1지구주택개량재개발조함,0222134366, ,아파트,서울특별시 동대문구 사가정로 190,위탁관리,혼합식,19920311,0222134368,1234.0,132563.02,510.0,240.0,484.0,0.0,107518.8,1123010400,15.0,15.0,1.0,30.0,02533
A13084804,전농SK,서울특별시 동대문구 전농동 10 전농SK,분양,개별난방,232843.67,16,1830.0,SK건설,전농4구역주택재개발조합,0222165318,www.jnskapt.com,아파트,서울특별시 동대문구 사가정로 148,위탁관리,혼합식,20000706,0222165317,1830.0,201221.45,514.0,834.0,482.0,0.0,156543,1123010400,25.0,25.0,2.0,37.0,02532
A13085301,전농삼성,서울특별시 동대문구 전농동 155 전농삼성,분양,개별난방,50282.87,7,463.0,(주)삼성물산,(주)삼성물산,0222450180, ,아파트,서울특별시 동대문구 전농로 192,위탁관리,혼합식,20000513,0222450181,463.0,50282.87,182.0,176.0,105.0,0.0,37927.19,1123010400,22.0,22.0,3.0,11.0,02505
A13085901,전농동아,서울특별시 동대문구 전농동 645-2 전농동아,분양,개별난방,35594.78,2,360.0,동아건설,동아건설,0222484278, ,아파트,서울특별시 동대문구 서울시립대로 31,위탁관리,혼합식,19971222,0262154278,360.0,35594.78,169.0,128.0,63.0,0.0,27072.29,1123010400,22.0,22.0,2.0,6.0,02591
A13085902,전농동신성미소지움아파트,서울특별시 동대문구 전농동 687 전농동신성미소지움아파트,분양,개별난방,53911.0,6,385.0,신성건설(주),전농연합재건축조합,0222123127,전농미소지움.apti.co.kr,아파트,서울특별시 동대문구 서울시립대로 75,위탁관리,혼합식,20051005,0222123128,385.0,37471.8,180.0,108.0,97.0,0.0,29590.658,1123010400,19.0,19.0,2.0,8.0,02558
A10019994,답십리대우아파트(임대),서울특별시 동대문구 답십리동 111-1 답십리대우아파트(임대),임대,개별난방,6673.91,1,108.0,대우건설,sh,0222436861, ,아파트,서울특별시 동대문구 답십리로41길 7,위탁관리(직영+위탁),복도식,20020429,0222436862,108.0,6637.68,0.0,108.0,0.0,0.0,6637.68,1123010500,18.0,0.0,4.0,2.0,
A10020731,e편한세상답십리아르테포레아파트,서울특별시 동대문구 답십리동 12 e편한세상답십리아르테포레아파트,혼합,개별난방,44570.86,6,0.0,DL건설,SH주택도시공사,0222122511, ,아파트,서울특별시 동대문구 전농로4나길 19,위탁관리,혼합식,20250325,0222122512,326.0,28824.115,0.0,0.0,0.0,0.0,21184.3649,1123010500,21.0,21.0,2.0,12.0,
A10020851,청계지웰에스테이트,서울특별시 동대문구 답십리동 498-7 청계지웰에스테이트,분양,개별난방,9664.65,1,149.0,(주)신영건설,(주)신영그린시스,0233946795, ,주상복합,서울특별시 동대문구 사가정로 6,위탁관리,혼합식,20120918,0233946798,149.0,5100.719,148.0,1.0,0.0,0.0,2938.77,1123010500,1.0,15.0,3.0,0.0,
A10020888,보광타워,서울특별시 동대문구 답십리동 530-4 보광타워,분양,개별난방,13997.03,1,160.0,(주)동아토건,(주)동아토건,0222450085, ,주상복합,서울특별시 동대문구 황물로 90,위탁관리,기타,20190405,0222450084,160.0,5088.96,160.0,0.0,0.0,0.0,3018.8,1123010500,15.0,15.0,4.0,1.0,
A10022046,한신휴플러스그린파크 아파트,서울특별시 동대문구 답십리동 1001- 한신휴플러스그린파크 아파트,분양,개별난방,23335.0,3,141.0,한신공영,한신공영,0222433165, ,아파트,서울특별시 동대문구 답십리로38길 14,위탁관리,혼합식,20100930, ,141.0,14978.51,65.0,52.0,24.0,0.0,11069.14,1123010500,12.0,12.0,2.0,0.0,
A10022258,청솔2차우성아파트,서울특별시 동대문구 답십리동 80-2 청솔2차우성아파트,분양,개별난방,14646.0,1,127.0,(주)우성건설,(주)우성건설,0222496094, ,아파트,서울특별시 동대문구 전농로10길 80,위탁관리,계단식,20001213, ,127.0,13274.35,32.0,95.0,0.0,0.0,9755.59,1123010500,17.0,17.0,2.0,4.0,
A10022377,청계벽산메가트리움,서울특별시 동대문구 답십리동 999- 청계벽산메가트리움,분양,개별난방,32091.0,1,114.0,답십리제15구역재개발조합,벽산,0222473007, ,아파트,서울특별시 동대문구 천호대로 241,자치관리,계단식,20060925,0222472009,114.0,11348.7,57.0,57.0,0.0,0.0,8258.73,1123010500,20.0,20.0,3.0,0.0,
A10023891,청계푸르지오시티,서울특별시 동대문구 답십리동 497-23 청계푸르지오시티,분양,개별난방,11266.29,1,298.0,대우건설(주),청계에이텐피에프브이,0222429800, ,주상복합,서울특별시 동대문구 천호대로 257,위탁관리,복도식,20150217,0222429803,298.0,11266.29,298.0,0.0,0.0,0.0,6546.66,1123010500,21.0,21.0,5.0,5.0,02603
A10025754,답십리파크자이,서울특별시 동대문구 답십리동 25 답십리파크자이,분양,개별난방,98512.28,9,802.0,gs건설,답십리제14구역 주택재개발 정비사업조합,0269495236,모빌,아파트,서울특별시 동대문구 답십리로56길 105,위탁관리,혼합식,20190122,0269465237,806.0,65787.09,656.0,146.0,0.0,0.0,47844.21,1123010500,20.0,20.0,2.0,22.0,02616
A10026104,힐스테이트청계,서울특별시 동대문구 답십리동 465 힐스테이트청계,혼합,개별난방,115464.51,8,764.0,현대건설,대농.신한주택재건축,0233949333,hillstateck.com,아파트,서울특별시 동대문구 천호대로55길 11,위탁관리,계단식,20181130,0233948880,764.0,71040.62,447.0,317.0,0.0,0.0,50379.47,1123010500,30.0,30.0,3.0,18.0,02597
A10026232,래미안미드카운티,서울특별시 동대문구 답십리동 98-4 래미안미드카운티,혼합,개별난방,144294.33,12,1009.0,삼성물산(주) 건설부문,답십리제18구역 주택재개발정비사업조합,0233946830,http://midcounty.apartgo.com,아파트,서울특별시 동대문구 답십리로 141,위탁관리,혼합식,20190405,0233946832,1009.0,144294.33,421.0,548.0,40.0,0.0,73177.88,1123010500,21.0,21.0,3.0,28.0,02540
A10026779,답십리한화아파트,서울특별시 동대문구 답십리동 994 답십리한화아파트,분양,개별난방,23275.97,1,146.0,한화건설,한화건설,0233945531, ,아파트,서울특별시 동대문구 고미술로 57,위탁관리,계단식,20010928,0233945532,146.0,16940.38,0.0,146.0,0.0,0.0,12389.56,1123010500,20.0,20.0,2.0,4.0,02604
A10027089,현대썬앤빌청계,서울특별시 동대문구 답십리동 530-15 현대썬앤빌청계,분양,개별난방,8139.53,1,269.0,현대bs&c,에스제이에셋플러스(주),0263655800, ,주상복합,서울특별시 동대문구 고미술로 71,위탁관리,복도식,20161222,0263655801,269.0,8139.53,269.0,0.0,0.0,0.0,4244.41,1123010500,13.0,13.0,4.0,2.0,02604
A10028042,센시티일육,서울특별시 동대문구 답십리동 488-18 센시티일육,분양,개별난방,10957.0,1,245.0,대창건설(주),대창건설(주),0222482620, ,주상복합,서울특별시 동대문구 전농로 16,자치관리,복도식,20130809,0222482621,245.0,10228.6,244.0,0.0,0.0,1.0,3638.166,1123010500,17.0,17.0,3.0,2.0,02621
A13003002,답십리동서울한양,서울특별시 동대문구 답십리동 41 답십리동서울한양,분양,개별난방,49541.0,3,499.0,(주)한양,답십리3-재개발조합,0222491335,동서울한양.okhomeapt.co.kr/index.asp,아파트,서울특별시 동대문구 답십리로 184,위탁관리,복도식,19890725,0222491332,499.0,46955.26,222.0,277.0,0.0,0.0,34412.31,1123010500,15.0,15.0,2.0,6.0,02608
A13003003,답십리두산위브,서울특별시 동대문구 답십리동 998 답십리두산위브,분양,개별난방,73428.2,7,516.0,두산건설,두산건설,0222460192, ,아파트,서울특별시 동대문구 황물로15길 25,위탁관리,계단식,20070426,0222460193,517.0,51817.08,228.0,252.0,36.0,0.0,39195.36,1123010500,20.0,20.0,2.0,16.0,02620
A13003005,청계한신휴플러스,서울특별시 동대문구 답십리동 1002 청계한신휴플러스,분양,개별난방,106252.2,10,725.0,한신공영(주),태양아파트재건축정비사업조합,0222155605,청계한신휴플러스.apti.co.kr,아파트,서울특별시 동대문구 서울시립대로 14,위탁관리,계단식,20100812,0222155607,725.0,57520.63,197.0,386.0,142.0,0.0,56432.31,1123010500,24.0,24.0,2.0,18.0,02593
A13003007,래미안위브,서울특별시 동대문구 답십리동 1003 래미안위브,혼합,개별난방,404825.47,32,2652.0,"삼성물산,두산건설",주택조합,0222498682,www.raemianweve.com,아파트,서울특별시 동대문구 답십리로 130,위탁관리,혼합식,20141013,0222498684,2652.0,273846.6,993.0,1232.0,339.0,88.0,209210.29,1123010500,22.0,22.0,3.0,0.0,02598
A13003201,답십리두산,서울특별시 동대문구 답십리동 990 답십리두산,분양,개별난방,102271.1,9,739.0,두산건설주식회사,답십리제9구역재개발조합,0222166823,답십리두산아파트.apti.co.kr,아파트,서울특별시 동대문구 답십리로56길 21,위탁관리,혼합식,20000802,0222166824,739.0,78039.664,243.0,322.0,174.0,0.0,61889.92,1123010500,23.0,23.0,2.0,17.0,02613
A13003202,답십리청솔우성,서울특별시 동대문구 답십리동 80 답십리청솔우성,분양,개별난방,152476.6,14,1110.0,우성건설,우성,0222446285, ,아파트,서울특별시 동대문구 전농로10길 20,위탁관리,혼합식,20000318,0222446286,1110.0,117843.21,396.0,420.0,294.0,0.0,93101.28,1123010500,25.0,25.0,0.0,8.0,02536
A13003402,세양청마루,서울특별시 동대문구 답십리동 997 세양청마루,분양,개별난방,32751.79,3,231.0,세양건설산업(주),(주)피플앤하우스,0222451532, ,아파트,서울특별시 동대문구 답십리로59길 7,위탁관리,계단식,20050427,0222131533,231.0,24435.18,0.0,231.0,0.0,0.0,19628.4,1123010500,22.0,22.0,2.0,7.0,02535
A13003404,답십리우성그린,서울특별시 동대문구 답십리동 989-1 답십리우성그린,분양,개별난방,59039.5,5,496.0,우성건설,우성건설,0222481675, ,아파트,서울특별시 동대문구 답십리로59길 33,위탁관리,혼합식,19970523,0264629282,496.0,51177.32,121.0,375.0,0.0,0.0,39018.38,1123010500,18.0,18.0,3.0,13.0,02535
A13003405,답십리동답한신,서울특별시 동대문구 답십리동 42 답십리동답한신,분양,개별난방,45742.0,4,600.0,(주)한신공영,(주)한신공영,0222460525, ,아파트,서울특별시 동대문구 답십리로 210-30,위탁관리,혼합식,19920103,0222463819,600.0,43285.945,460.0,84.0,56.0,0.0,32682.44,1123010500,15.0,15.0,1.0,11.0,02609
A13003406,답십리동아,서울특별시 동대문구 답십리동 10 답십리동아,분양,개별난방,107306.0,7,741.0,동아건설,동아건설,0222155957, ,아파트,서울특별시 동대문구 한천로11길 10-1,위탁관리,혼합식,20011123,0222135957,741.0,83928.08,135.0,375.0,231.0,0.0,64769.34,1123010500,23.0,23.0,3.0,18.0,02612
A13075402,래미안엘파인,서울특별시 동대문구 답십리동 1000 래미안엘파인,분양,개별난방,49038.77,9,472.0,삼성물산,.,0222178851,www.raemianelfine.com/index.php,아파트,서울특별시 동대문구 한천로37길 33,위탁관리,계단식,20110623,0222178856,472.0,49038.31,166.0,227.0,79.0,0.0,38292.64,1123010500,20.0,20.0,2.0,0.0,02535
A13075403,답십리청솔우성제2,서울특별시 동대문구 답십리동 80 답십리청솔우성제2,임대,개별난방,23737.0,2,432.0,우성건설,sh공사,0222131838,happy.i-sh.co.kr/main.do?deptid=70151,아파트,서울특별시 동대문구 답십리로57길 53,위탁관리,복도식,20000318,0222131839,432.0,19993.393,432.0,0.0,0.0,0.0,14195.52,1123010500,23.0,23.0,1.0,5.0,02536
A13075404,답십리동아제2,서울특별시 동대문구 답십리동 10-1 답십리동아제2,임대,개별난방,25785.44,3,492.0,동아건설,동아건설,0222138626,happy.i-sh.co.kr,아파트,서울특별시 동대문구 한천로11길 10,위탁관리,복도식,20011123,0222138627,492.0,25785.424,492.0,0.0,0.0,0.0,15630.84,1123010500,18.0,18.0,2.0,5.0,02612
A13075405,답십리두산제2,서울특별시 동대문구 답십리동 990-1 답십리두산제2,임대,개별난방,18002.03,2,310.0,SH공사,두산건설,0222135741,http://happy.i-sh.co.kr,아파트,서울특별시 동대문구 답십리로56길 21-1,위탁관리(직영+위탁),복도식,20000802,0222135742,310.0,17998.6,310.0,0.0,0.0,0.0,10208.3,1123010500,12.0,12.0,1.0,4.0,02613
A13080201,답십리대우,서울특별시 동대문구 답십리동 111 답십리대우,분양,개별난방,43813.17,4,319.0,대우건설,답십리제11구역주택재개발조합,0222475235,www.co.kr/답십리대우/,아파트,서울특별시 동대문구 답십리로41길 33,위탁관리,혼합식,20020429,0222475236,319.0,26817.64,109.0,128.0,82.0,0.0,26817.64,1123010500,22.0,22.0,2.0,7.0,02542
A13080702,신답경남아파트,서울특별시 동대문구 답십리동 645-8 신답경남아파트,분양,개별난방,21968.377,1,225.0,대우경남,답십리 6구역 재개발지역,0222149180, ,아파트,서울특별시 동대문구 천호대로47길 62,위탁관리,복도식,19910619,0222149181,225.0,21968.377,60.0,165.0,0.0,0.0,16556.1,1123010500,15.0,15.0,1.0,2.0,02592
A13080801,답십리대림,서울특별시 동대문구 답십리동 808 답십리대림,분양,개별난방,28972.0,3,228.0,대림산업(주),대림산업(주),0222438249, ,아파트,서울특별시 동대문구 답십리로60길 38,위탁관리,계단식,20030108,0222438246,228.0,18725.91,69.0,121.0,38.0,0.0,18725.91,1123010500,19.0,19.0,1.0,7.0,02609
A10020768,장안동  청년주택 하트리움,서울특별시 동대문구 장안동 465-4 장안동  청년주택 하트리움,임대,개별난방,137010448.0,1,0.0,두진건설,(주)씨드원,0233947872,없음,주상복합,서울특별시 동대문구 장한로2길 44,위탁관리,복도식,20250318,0233947873,284.0,11997.464,0.0,0.0,0.0,0.0,6128.0192,1123010600,1.0,25.0,0.0,0.0,
A10021037,신부파스카 5차,서울특별시 동대문구 장안동 563- 신부파스카 5차,분양,개별난방,11794.93,1,106.0,신부종합건설,신부종합건설,0222430128, ,아파트,서울특별시 동대문구 장한로12길 35,자치관리,계단식,20050727, ,106.0,11794.93,0.0,106.0,0.0,0.0,9008.94,1123010600,1.0,14.0,1.0,5.0,
A10021586,정은스카이빌 아파트,서울특별시 동대문구 장안동 327- 정은스카이빌 아파트,분양,개별난방,14886.0,1,107.0,정은건설(주),정은건설(주),0222423270, ,아파트,서울특별시 동대문구 답십리로69길 99,위탁관리,계단식,20040616, ,107.0,11083.72,1.0,91.0,15.0,0.0,8945.67,1123010600,1.0,15.0,2.0,0.0,
A10021838,장한평월드메르디앙 1차아파트,서울특별시 동대문구 장안동 573- 장한평월드메르디앙 1차아파트,분양,개별난방,1758420.0,2,123.0,월드건설(주),삼안  금성 월성연립 재건축조합,0222461280, ,아파트,서울특별시 동대문구 천호대로93길 56,위탁관리,계단식,20060608,0222461281,123.0,13452.03,4.0,119.0,0.0,0.0,10338.65,1123010600,14.0,14.0,1.0,5.0,
A10021855,장안월드메르디앙2차아파트,서울특별시 동대문구 장안동 575- 장안월드메르디앙2차아파트,분양,개별난방,17604.0,2,124.0,월드,금성 연립주택조합,0222418781, ,아파트,서울특별시 동대문구 천호대로97길 61,위탁관리,계단식,20070525, ,124.0,13487.49,1.0,123.0,0.0,0.0,10413.56,1123010600,14.0,14.0,1.0,0.0,
A10022117,일성트루엘아파트,서울특별시 동대문구 장안동 581- 일성트루엘아파트,혼합,개별난방,14718.0,2,116.0,일성건설,일성트루엘아파트,0222131150, ,아파트,서울특별시 동대문구 천호대로83길 71-7,위탁관리,계단식,20120726,0222160069,116.0,11165.232,34.0,82.0,0.0,0.0,8994.529,1123010600,13.0,13.0,1.0,4.0,
A10022452,장안3차현대홈타운,서울특별시 동대문구 장안동 571- 장안3차현대홈타운,분양,개별난방,18681.0,2,137.0,현대산업개발,현대산업개발,0222458792, ,아파트,서울특별시 동대문구 장한로28가길 44,위탁관리,계단식,20060317,0222458799,137.0,13677.48,0.0,137.0,0.0,0.0,11335.11,1123010600,15.0,15.0,1.0,0.0,
A10023253,신일해피트리2차아파트,서울특별시 동대문구 장안동 567 신일해피트리2차아파트,분양,개별난방,14183.0,1,98.0,(주)신일,"(주)부용연립연합조합14,183.913",0222128130, ,아파트,,위탁관리,계단식,20051011,0222138130,98.0,10228.9,2.0,96.0,0.0,0.0,8051.01,1123010600,15.0,15.0,1.0,5.0,02635
A10024892,금강아미움아파트,서울특별시 동대문구 장안동 574 금강아미움아파트,분양,개별난방,8243.59,1,75.0,금강아미움아파트,금강아미움아파트,0222444200, ,아파트,서울특별시 동대문구 답십리로66길 20,위탁관리,혼합식,20070124,0222453009,75.0,8243.59,0.0,58.0,17.0,0.0,6463.21,1123010600,11.0,11.0,1.0,0.0,02623
A10025227,동대문더퍼스트데시앙아파트,서울특별시 동대문구 장안동 291 동대문더퍼스트데시앙아파트,분양,개별난방,70871.69,8,469.0,태영건설,장안동주택재건축정비조합,0222162600, ,아파트,서울특별시 동대문구 장한로27가길 37,위탁관리,계단식,20191022,0222172600,469.0,48394.07,130.0,304.0,35.0,0.0,37099.34,1123010600,18.0,18.0,2.0,14.0,02528
A10025509,동대문서희스타힐스,서울특별시 동대문구 장안동 365-4 동대문서희스타힐스,분양,개별난방,28530.0,1,132.0,서희건설,서희스타힐스,07089155323, ,주상복합,서울특별시 동대문구 장한로20길 7,위탁관리,혼합식,20131204,0222445322,132.0,16791.363,36.0,96.0,0.0,0.0,9443.28,1123010600,17.0,17.0,4.0,8.0,02639
A10027877,현대썬앤빌601,서울특별시 동대문구 장안동 373-3 현대썬앤빌601,분양,개별난방,6580.624,1,193.0,현대BS&C,(주)한산디엠씨,0233904869, ,주상복합,서울특별시 동대문구 장한로 91,위탁관리,복도식,20151002,0233904865,193.0,6580.624,193.0,0.0,0.0,0.0,3545.97,1123010600,20.0,20.0,4.0,1.0,02624
A13010001,장안2차현대홈타운,서울특별시 동대문구 장안동 569 장안2차현대홈타운,분양,개별난방,29160.95,3,193.0,현대건설,장안삼사공재견축주택조합,0222470375, ,아파트,서울특별시 동대문구 장한로26다길 84,위탁관리,계단식,20051220,0222470376,193.0,20900.58,0.0,164.0,29.0,0.0,16618.66,1123010600,15.0,15.0,2.0,9.0,02639
A13010002,장안삼성쉐르빌,서울특별시 동대문구 장안동 371-1 장안삼성쉐르빌,분양,개별난방,75865.35,1,254.0,삼성중공업,삼성중공업,0222136718, ,주상복합,서울특별시 동대문구 장한로 119,위탁관리,계단식,20020805,0222136719,254.0,38582.34,0.0,0.0,249.0,5.0,28570.34,1123010600,30.0,30.0,7.0,5.0,02624
A13010003,장안현대,서울특별시 동대문구 장안동 95-1 장안현대,분양,중앙난방,48226.56,8,456.0,현대건설,한국도시개발(주),0222445647, ,아파트,서울특별시 동대문구 한천로 224,위탁관리,계단식,19840630,0222444531,456.0,48226.56,0.0,0.0,456.0,0.0,43511.4,1123010600,12.0,12.0,1.0,19.0,02517
A13010004,장안현대힐스테이트,서울특별시 동대문구 장안동 329-2 장안현대힐스테이트,분양,개별난방,130823.09,11,859.0,현대건설,장안시영2단지재건축조합,0222146537,www.jahillstate.com,아파트,서울특별시 동대문구 장안벚꽃로1길 7,위탁관리,계단식,20070804,0264087382,859.0,87048.91,388.0,331.0,140.0,0.0,68232.324,1123010600,25.0,25.0,2.0,20.0,02521
A13010005,래미안장안2차,서울특별시 동대문구 장안동 329-3 래미안장안2차,분양,개별난방,255680.89,24,1786.0,삼성물산,장안시영아파트재건축조합,0222164870, ,아파트,서울특별시 동대문구 장안벚꽃로 167,위탁관리,계단식,20070628,0222164851,1786.0,181119.12,48.0,1484.0,254.0,0.0,146615.32,1123010600,26.0,26.0,2.0,39.0,02524
A13010006,장안현대홈타운,서울특별시 동대문구 장안동 336 장안현대홈타운,분양,개별난방,366425.0,22,2182.0,현대건설,장안1동 재건축주택조합,0222145336,www.aptner.com,아파트,서울특별시 동대문구 장안벚꽃로 107,위탁관리,계단식,20031028,0222145350,2182.0,241445.36,511.0,1096.0,575.0,0.0,190446.79,1123010600,28.0,28.0,2.0,45.0,02638
A13078701,장안위더스빌,서울특별시 동대문구 장안동 580 장안위더스빌,분양,개별난방,42649.28,3,157.0,BYC,BYC,0233947961, ,주상복합,서울특별시 동대문구 한천로 42,위탁관리(직영+위탁),계단식,20110804,0233947962,157.0,19705.99,0.0,98.0,58.0,1.0,14734.64,1123010600,20.0,20.0,5.0,6.0,02631
A13084101,래미안장안,서울특별시 동대문구 장안동 354-2 래미안장안,분양,개별난방,88938.88,8,558.0,삼성건설,재건축조합,0222175384, ,아파트,서울특별시 동대문구 장한로14길 81,위탁관리,계단식,20030430,0222175386,558.0,62104.8,82.0,396.0,80.0,0.0,47733.504,1123010600,22.0,22.0,2.0,14.0,02641
A13084701,장안한신,서울특별시 동대문구 장안동 555-1 장안한신,분양,개별난방,38677.86,2,300.0,한신공영(주),지역주택조합 외 3개조합,0222435310, ,아파트,서울특별시 동대문구 사가정로 245-3,위탁관리,계단식,19960611,0222497231,300.0,25470.0,0.0,300.0,0.0,0.0,25450.62,1123010600,18.0,18.0,2.0,10.0,
A10020081,청량리롯데캐슬하이루체,서울특별시 동대문구 청량리동 199 청량리롯데캐슬하이루체,혼합,개별난방,111260.71,9,0.0,롯데건설,청량리제7구역주택재개방정비사업조합,029690991, ,아파트,서울특별시 동대문구 제기로 109,위탁관리,계단식,20260429,029690992,761.0,45593.145,0.0,0.0,0.0,0.0,45585.2433,1123010700,18.0,18.0,6.0,0.0,
A13071201,청량리홍릉동부임대,서울특별시 동대문구 청량리동 213 청량리홍릉동부임대,임대,개별난방,12176.12,1,150.0,(주)동부건설,SH공사,029632696,happy.i-sh.co.kr/main.do?deptid=70183,아파트,서울특별시 동대문구 제기로26길 26,위탁관리,복도식,20010924,029632697,150.0,7191.6,150.0,0.0,0.0,0.0,4980.75,1123010700,13.0,13.0,4.0,2.0,02484
A13086701,청량리현대,서울특별시 동대문구 청량리동 234-2 청량리현대,분양,중앙난방,29891.4,3,241.0,현대건설,현대건설,029621954, ,아파트,서울특별시 동대문구 약령시로21길 30,자치관리,혼합식,19870616,029648904,241.0,29850.367,0.0,151.0,90.0,0.0,23331.7,1123010700,15.0,15.0,0.0,6.0,02486
A13086703,청량리한신1차,서울특별시 동대문구 청량리동 59 청량리한신1차,임대,개별난방,34828.44,2,610.0,(주)한신공영,청량리4구역주택재개발사업조합,0232951762,happy.i-sh.co.kr/main.do?deptid=70113,아파트,서울특별시 동대문구 제기로 129,위탁관리,복도식,19971216,0232951530,610.0,20093.4,610.0,0.0,0.0,0.0,20093.4,1123010700,20.0,20.0,1.0,7.0,02463
A13086704,청량리한신,서울특별시 동대문구 청량리동 60 청량리한신,분양,개별난방,132506.0,9,960.0,한신공영,한신공영,029572884, ,아파트,서울특별시 동대문구 제기로 131,위탁관리,혼합식,19971216,029591421,960.0,107040.42,276.0,383.0,301.0,0.0,83676.03,1123010700,20.0,20.0,3.0,23.0,02463
A13086705,청량리미주,서울특별시 동대문구 청량리동 235-1 청량리미주,분양,개별난방,138606.0,8,1089.0,라이프주택,라이프주택,029626933,없음,아파트,서울특별시 동대문구 약령시로 147,자치관리,혼합식,19780927,029616934,1089.0,138218.17,0.0,0.0,759.0,330.0,128587.04,1123010700,15.0,15.0,1.0,20.0,02489
A13086802,청량리홍릉동부,서울특별시 동대문구 청량리동 212 청량리홍릉동부,분양,개별난방,41080.133,4,371.0,동부건설,동부건설,029597200, ,아파트,서울특별시 동대문구 홍릉로10길 48,위탁관리,계단식,20010924,029597201,371.0,31247.25,116.0,166.0,89.0,0.0,31246,1123010700,23.0,23.0,3.0,9.0,02485
A10023539,한일베라체캠퍼스,서울특별시 동대문구 회기동 346-18 한일베라체캠퍼스,분양,개별난방,15521.378,1,264.0,한일건설(주),(주)일레븐건설,029572116, ,주상복합,서울특별시 동대문구 이문로 37,위탁관리,복도식,20130624,029572117,264.0,15521.378,264.0,0.0,0.0,0.0,6689.199,1123010800,14.0,14.0,4.0,2.0,02452
A13070101,회기힐스테이트,서울특별시 동대문구 회기동 351 회기힐스테이트,분양,개별난방,33483.89,5,190.0,현대건설,현대건설,029570600,121.128.101.187,아파트,서울특별시 동대문구 회기로26길 15,위탁관리,계단식,20111220,029570595,190.0,21943.04,0.0,156.0,34.0,0.0,17348.98,1123010800,17.0,17.0,2.0,8.0,02460
A13087201,청량리신현대,서울특별시 동대문구 회기동 65 청량리신현대,분양,개별난방,73735.0,8,736.0,현대건설,kt주택조합,029600030,해당없음,아파트,서울특별시 동대문구 이문로1길 21,위탁관리,혼합식,19890526,029604241,736.0,72336.18,54.0,682.0,0.0,0.0,57243.78,1123010800,15.0,15.0,1.0,23.0,02461
A10020570,휘경자이디센시아,서울특별시 동대문구 휘경동 172 휘경자이디센시아,혼합,개별난방+기타,223603.66,14,0.0,GS건설(주),휘경3재정비촉진구역 주택재개발정비사업 조합,0269540597, ,아파트,서울특별시 동대문구 외대역동로 63-27,위탁관리,혼합식,20250626,0269540598,1806.0,146431.98,0.0,0.0,0.0,0.0,107256.09,1123010900,35.0,35.0,3.0,46.0,
A10023368,회기역 하트리움,서울특별시 동대문구 휘경동 380 회기역 하트리움,임대,중앙난방,35450.617,2,582.0,(주)두진건설,(주)두진,0222499781, ,주상복합,서울특별시 동대문구 망우로 46,위탁관리,복도식,20230120,0222499782,582.0,35450.617,582.0,0.0,0.0,0.0,14430.367,1123010900,24.0,24.0,3.0,4.0,02496
A10024082,이문휘경지웰에스테이트아파트,서울특별시 동대문구 휘경동 377 이문휘경지웰에스테이트아파트,분양,개별난방,16028.0,2,313.0,(주)신영건설,에이치앤에이,029653117, ,주상복합,서울특별시 동대문구 외대역동로 63-12,위탁관리,혼합식,20210827,029653118,313.0,9829.944,313.0,0.0,0.0,0.0,5938.54,1123010900,20.0,20.0,3.0,7.0,02432
A10024244,서울휘경행복주택,서울특별시 동대문구 휘경동 376 서울휘경행복주택,임대,개별난방,7015.0,1,200.0,서한건설,서한건설,0233945280, ,아파트,서울특별시 동대문구 장안벚꽃로 317,위탁관리,복도식,20210614,0233945281,200.0,7000.0,200.0,0.0,0.0,0.0,2994,1123010900,7.0,7.0,1.0,3.0,02511
A10025015,휘경 해모로 프레스티지 아파트,서울특별시 동대문구 휘경동 243 휘경 해모로 프레스티지 아파트,혼합,개별난방,40857.34,6,299.0,한진중공업(주),휘경제1정비촉진구역 주택재개발정비사업조합,0222162114,hkhamoro.atpner.com,아파트,서울특별시 동대문구 외대역동로1길 60-3,위탁관리,혼합식,20210315,0222162113,299.0,27512.02,185.0,114.0,0.0,0.0,20026.65,1123010900,20.0,20.0,2.0,0.0,02437
A10025410,휘경SK뷰아파트,서울특별시 동대문구 휘경동 128-12 휘경SK뷰아파트,혼합,개별난방,133637.19,8,900.0,SK건설,휘경2 재정비촉진구역 주택재개발 사업조합,0222455800, ,아파트,서울특별시 동대문구 휘경로 60,위탁관리,혼합식,20190618,0222455900,900.0,84850.76,489.0,355.0,56.0,0.0,62091.8,1123010900,29.0,29.0,3.0,1.0,02434
A10027101,휘경현대아파트,서울특별시 동대문구 휘경동 363 휘경현대아파트,분양,개별난방,17057.0,3,146.0,현대건설,연합직장조합,0222477738, ,아파트,,위탁관리,계단식,19921205,0222477738,146.0,12395.99,0.0,146.0,0.0,0.0,12395.99,1123010900,15.0,15.0,1.0,6.0,
A13009001,휘경동양1.2차,서울특별시 동대문구 휘경동 115 휘경동양1.2차,분양,개별난방,698653.44,4,490.0,동양메이져(주),동양메이져(주),0222152338, ,아파트,서울특별시 동대문구 망우로 135,위탁관리,혼합식,20000527,0222152339,490.0,52771.98,161.0,227.0,102.0,0.0,40113.019,1123010900,19.0,19.0,2.0,12.0,02435
A13009002,휘경리오포레1단지,서울특별시 동대문구 휘경동 57 휘경리오포레1단지,분양,개별난방,211420.0,13,1224.0,대한주택공사,"서한,신동아,두산",0222482943,hgapt.co.kr,아파트,서울특별시 동대문구 한천로 248,위탁관리,계단식,20011115,0222482944,1225.0,151660.53,0.0,800.0,424.0,0.0,116449.09,1123010900,25.0,25.0,2.0,29.0,02512
A13009003,브라운스톤휘경,서울특별시 동대문구 휘경동 368 브라운스톤휘경,혼합,개별난방,62745.0,8,451.0,이수건설,휘경 제4구역 주택조합,0222463322, ,아파트,서울특별시 동대문구 망우로20길 86,위탁관리,계단식,20131025,0222463773,451.0,43035.99,216.0,176.0,59.0,0.0,33008.82,1123010900,15.0,15.0,2.0,15.0,02501
A13009101,휘경롯데낙천대,서울특별시 동대문구 휘경동 109 휘경롯데낙천대,분양,개별난방,40606.0,2,239.0,(주)롯데건설,휘경15통재건축주택조합,0262186888, ,아파트,서울특별시 동대문구 외대역동로1길 24,위탁관리,계단식,20030715,0262186889,239.0,27275.59,38.0,104.0,97.0,0.0,21791.57,1123010900,19.0,19.0,2.0,7.0,02437
A13009202,휘경동일하이빌,서울특별시 동대문구 휘경동 365 휘경동일하이빌,분양,개별난방,33352.0,7,216.0,(주)동일토건,휘경49재건축조합,0233944147,dih365.apti.co.kr/default.asp,아파트,서울특별시 동대문구 장안벚꽃로5길 10,위탁관리,계단식,20051005,0233944146,216.0,24520.707,56.0,52.0,108.0,0.0,19716.628,1123010900,15.0,15.0,1.0,8.0,02513
A13009206,휘경동일스위트리버,서울특별시 동대문구 휘경동 366 휘경동일스위트리버,분양,개별난방,68345.0,9,445.0,(주)동일,(주)동일,0222477588,www.k-apt.go.kr,아파트,서울특별시 동대문구 한천로 300,위탁관리,계단식,20070518,0222477589,445.0,47304.91,103.0,300.0,42.0,0.0,36703.448,1123010900,23.0,23.0,2.0,12.0,02511
A13077702,휘경 미소지움아파트,서울특별시 동대문구 휘경동 106 휘경 미소지움아파트,분양,개별난방,50115.0,5,345.0,신성건설,신성건설,0262141066, ,아파트,서울특별시 동대문구 망우로 105,위탁관리,혼합식,19990831,0262151065,345.0,34620.336,189.0,100.0,56.0,0.0,26182.44,1123010900,25.0,25.0,2.0,7.0,02436
A13077703,휘경롯데1차,서울특별시 동대문구 휘경동 78 휘경롯데1차,분양,개별난방,36760.27,2,265.0,롯데건설(주),롯데건설(주),0222128991, ,아파트,서울특별시 동대문구 망우로 95,위탁관리,혼합식,20000825,0260851478,265.0,27217.57,114.0,121.0,30.0,0.0,20508.54,1123010900,19.0,19.0,2.0,6.0,02436
A13078301,휘경센트레빌,서울특별시 동대문구 휘경동 367 휘경센트레빌,혼합,개별난방,47907.77,5,297.0,동부건설,동부건설,0233946563, ,아파트,서울특별시 동대문구 외대역동로 14,위탁관리,계단식,20110929,0233946564,297.0,24608.38,51.0,187.0,59.0,0.0,24608.38,1123010900,25.0,25.0,2.0,0.0,02502
A13087401,휘경서울가든,서울특별시 동대문구 휘경동 49-5 휘경서울가든,분양,개별난방,17646.36,1,160.0,삼익건설(주),동대문구,0222457288, ,주상복합,서울특별시 동대문구 겸재로 24,자치관리,복도식,19851203,0222485490,160.0,17437.0,0.0,30.0,130.0,0.0,13309.17,1123010900,10.0,10.0,1.0,2.0,02512
A13087405,휘경베스트빌현대,서울특별시 동대문구 휘경동 52 휘경베스트빌현대,분양,개별난방,51869.02,3,372.0,현대건설(주),관성아파트재건축조합,0222176340,휘경베스트빌현대.apti.co.kr,아파트,서울특별시 동대문구 장안벚꽃로5길 19,위탁관리,혼합식,20000515,0222126343,372.0,39847.4,176.0,104.0,92.0,0.0,29953.84,1123010900,26.0,26.0,0.0,6.0,02513
A13087407,휘경리오포레2단지 아파트,서울특별시 동대문구 휘경동 57 휘경리오포레2단지 아파트,분양,개별난방,81686.27,7,800.0,LH공사,LH공사,0222171045, ,아파트,서울특별시 동대문구 한천로 248,위탁관리,복도식,20011115,0222171046,801.0,81686.164,800.0,0.0,0.0,0.0,39781.73,1123010900,25.0,25.0,2.0,14.0,02512
A10020006,이문아이파크자이3단지,서울특별시 동대문구 이문동 419-1 이문아이파크자이3단지,분양,개별난방,27671.91,7,152.0,현대산업개발,이문3구역 재정비 촉진구역주택재개발정비조합,029577980, ,아파트,서울특별시 동대문구 천장산로13길 15,위탁관리,계단식,20260625,029577981,152.0,12026.36,51.0,73.0,28.0,0.0,12026.36,1123011000,4.0,0.0,4.0,16.0,
A10020344,이문아이파크자이,서울특별시 동대문구 이문동 149-8 이문아이파크자이,혼합,개별난방,572669.94,18,4169.0,"현대산업개발,GS건설",이문3재정비촉진구역 주택재개발정비사업조합,029300207, ,아파트,서울특별시 동대문구 이문로 120,위탁관리,혼합식,20251127,029300208,4169.0,355517.4,685.0,2006.0,1364.0,114.0,253540.9,1123011000,0.0,0.0,0.0,96.0,
A10020919,래미안라그란데,서울특별시 동대문구 이문동 257-42 래미안라그란데,혼합,개별난방,472465.1,39,0.0,삼성물산(주),이문1주택재개발정비사업조헙,0232955991, ,아파트,서울특별시 동대문구 이문로35길 12,위탁관리,혼합식,20250103,0232955993,3069.0,277230.66,0.0,0.0,0.0,0.0,203985.27,1123011000,27.0,27.0,5.0,0.0,
A10024594,이문2차푸르지오아파트,서울특별시 동대문구 이문동 427 이문2차푸르지오아파트,분양,개별난방,15635.16,1,96.0,대우건설,대우건설,029591168, ,아파트,서울특별시 동대문구 한천로58길 181,위탁관리,혼합식,20070620,029591168,96.0,985974.75,0.0,96.0,0.0,0.0,8150.82,1123011000,15.0,15.0,2.0,3.0,02422
A10026322,이문KCC웰츠타워,서울특별시 동대문구 이문동 292-10 이문KCC웰츠타워,분양,개별난방,32441.527,2,107.0,(주)KCC건설,이문종합상가,029623004, ,주상복합,서울특별시 동대문구 이문로 136,자치관리,계단식,20080901,029623050,107.0,13813.95,0.0,46.0,59.0,2.0,10674.674,1123011000,15.0,15.0,4.0,2.0,02418
A13008001,신이문금호어울림,서울특별시 동대문구 이문동 428 신이문금호어울림,혼합,개별난방,23553.12,4,166.0,금호산업,신이문재건축조합,029578558, ,아파트,서울특별시 동대문구 신이문로 9,위탁관리,계단식,20081010,029606704,166.0,17151.602,35.0,131.0,0.0,0.0,13211.24,1123011000,12.0,12.0,1.0,8.0,02406
A13076801,이문삼성래미안아파트,서울특별시 동대문구 이문동 425 이문삼성래미안아파트,분양,개별난방,66508.92,8,379.0,삼성물산 건설부문,삼성물산 건설부문,029573553, ,아파트,서울특별시 동대문구 천장산로11길 22,위탁관리,계단식,20011107,029573554,379.0,52911.953,23.0,133.0,148.0,75.0,40940.663,1123011000,19.0,19.0,1.0,12.0,02448
A13079401,대림아파트201동,서울특별시 동대문구 이문동 225-1 대림아파트201동,임대,개별난방,13980.194,1,181.0,대림건설,대림건설,029691480,happy.i-sh.co.kr/main.do?deptid=70193,아파트,서울특별시 동대문구 이문로54길 16,위탁관리,복도식,20030709,029691481,181.0,13977.363,181.0,0.0,0.0,0.0,5450.453,1123011000,15.0,15.0,2.0,2.0,02407
A13079402,이문현대임대,서울특별시 동대문구 이문동 54-1 이문현대임대,임대,개별난방,12862.72,1,188.0,현대건설,현대건설,029672752,http://happy.i-sh.co.kr/intro.do,아파트,서울특별시 동대문구 한천로58길 135,위탁관리,계단식,20000503,029672753,188.0,12802.612,188.0,0.0,0.0,0.0,6070.52,1123011000,23.0,23.0,2.0,2.0,02422
A13079403,이문쌍용임대,서울특별시 동대문구 이문동 64-1 이문쌍용임대,임대,개별난방,15224.52,1,245.0,쌍용건설,sh공사,029579351, ,아파트,서울특별시 동대문구 한천로58길 75-45,위탁관리,복도식,20001129,029579352,245.0,11338.845,245.0,0.0,0.0,0.0,7438.2,1123011000,22.0,22.0,0.0,3.0,02423
A13082501,이문삼익아파트,서울특별시 동대문구 이문동 73 이문삼익아파트,분양,개별난방,46030.95,2,353.0,(주) 삼익,삼익건설,029694751, ,아파트,서울특별시 동대문구 한천로55길 9,위탁관리,혼합식,19971230,029694752,353.0,36707.45,150.0,125.0,78.0,0.0,28560.19,1123011000,23.0,23.0,2.0,7.0,02429
A13082502,이문중앙하이츠빌,서울특별시 동대문구 이문동 84 이문중앙하이츠빌,분양,개별난방,45532.99,6,302.0,중앙건설,중앙건설,029667311, ,아파트,서울특별시 동대문구 외대역동로 101,위탁관리,계단식,20020523,029667312,302.0,32091.184,116.0,112.0,74.0,0.0,24887.28,1123011000,20.0,20.0,2.0,8.0,02427
A13082702,이문1차푸르지오,서울특별시 동대문구 이문동 45 이문1차푸르지오,분양,개별난방,75169.65,7,490.0,대우건설,(주)청탑,029681066, ,아파트,서울특별시 동대문구 한천로58길 139,위탁관리,계단식,20011220,029681067,490.0,59471.082,0.0,406.0,84.0,0.0,44085.31,1123011000,25.0,25.0,2.0,12.0,02422
A13082703,이문현대,서울특별시 동대문구 이문동 54 이문현대,분양,개별난방,78058.05,4,601.0,이문1구역재개발조합,현대산업개발,0232950473,이문동현대.apti.co.kr/,아파트,서울특별시 동대문구 한천로58길 107,위탁관리,혼합식,20000503,0232950474,601.0,64737.19,250.0,201.0,150.0,0.0,49167.08,1123011000,25.0,25.0,3.0,12.0,02422
A13082704,이문쌍용,서울특별시 동대문구 이문동 64 이문쌍용,분양,개별난방,172425.2,15,1318.0,쌍용,쌍용,029574366, ,아파트,서울특별시 동대문구 한천로58길 47,위탁관리,계단식,20001129,029574367,1318.0,136550.92,580.0,450.0,288.0,0.0,105927.5,1123011000,25.0,25.0,0.0,30.0,02423
A13082805,이문e-편한세상,서울특별시 동대문구 이문동 225 이문e-편한세상,분양,개별난방,203682.38,19,1378.0,대림산업(주),이문3구역주택재개발조합,029620400, ,아파트,서울특별시 동대문구 한천로63길 10,위탁관리,계단식,20030709,029630410,1378.0,142283.48,444.0,624.0,310.0,0.0,114463.234,1123011000,23.0,23.0,2.0,33.0,02407
A13083102,래미안이문2차,서울특별시 동대문구 이문동 311 래미안이문2차,분양,개별난방,92900.64,9,648.0,삼성물산,이문5재개발조합,029600425, ,아파트,서울특별시 동대문구 이문로12길 3-10,위탁관리,계단식,20040413,029600426,648.0,65496.98,267.0,258.0,101.0,22.0,52476.75,1123011000,23.0,23.0,0.0,17.0,02442
A10021752,면목신우아파트,서울특별시 중랑구 면목동 1518- 면목신우아파트,분양,개별난방,15519.0,1,111.0,신우건설,신우건설,024345466, ,아파트,서울특별시 중랑구 동일로 569-55,위탁관리,계단식,19980530, ,111.0,10467.78,54.0,57.0,0.0,0.0,8061.3,1126010100,1.0,19.0,3.0,0.0,
A10021891,현대휴온아파트,서울특별시 중랑구 면목동 1535- 현대휴온아파트,혼합,개별난방,6449.8,1,149.0,현대아산(주),(주)엠디플러스,07045434200, ,아파트,서울특별시 중랑구 동일로109가길 5,자치관리,복도식,20130329,024340334,149.0,6449.8,149.0,0.0,0.0,0.0,3845,1126010100,1.0,9.0,1.0,0.0,
A10023384,용마산모아엘가파크포레,서울특별시 중랑구 면목동 1549 용마산모아엘가파크포레,분양,개별난방,33806.58,5,243.0,혜림건설,조합,0222099040, ,아파트,서울특별시 중랑구 용마산로84길 9-16,위탁관리,혼합식,20230127,0222099041,243.0,22781.94,85.0,158.0,0.0,0.0,18179.89,1126010100,15.0,15.0,2.0,10.0,02193
A10023606,면목1차두산아파트,서울특별시 중랑구 면목동 1500 면목1차두산아파트,분양,개별난방,11102.84,1,122.0,두산,두산,024372660, ,아파트,,자치관리,복도식,19930201,024372661,122.0,11102.84,70.0,52.0,0.0,0.0,8596.44,1126010100,15.0,15.0,1.0,2.0,02227
A10023835,중랑지웰에스테이트,서울특별시 중랑구 면목동 538 중랑지웰에스테이트,분양,개별난방,8475.51,2,157.0,신영건설,덕우홈스텔,024376400, ,주상복합,서울특별시 중랑구 면목로69길 16,위탁관리,복도식,20131015,024364300,157.0,2296.3135,157.0,0.0,0.0,0.0,2296.31,1126010100,8.0,8.0,2.0,4.0,02219
A10024366,면목풍림아파트,서울특별시 중랑구 면목동 1514 면목풍림아파트,분양,개별난방,16128.0,1,132.0,풍림건설,풍림건설,024368218, ,아파트,서울특별시 중랑구 망우로26길 43,위탁관리,혼합식,19970123,0264528218,132.0,12507.12,96.0,36.0,0.0,0.0,8749.44,1126010100,20.0,20.0,3.0,0.0,02118
A10024443,쌍용더플래티넘용마산,서울특별시 중랑구 면목동 1548 쌍용더플래티넘용마산,분양,개별난방,36654.074,5,245.0,쌍용건설,면목6구역재건건축정비사업조합,024338772,쌍용더플래티넘용마산.apti.co.kr,아파트,서울특별시 중랑구 용마산로 209,위탁관리,계단식,20201214,024338773,248.0,23377.15,106.0,139.0,0.0,0.0,17513.4299,1126010100,15.0,15.0,4.0,9.0,02255
A10024703,면목 라온 프라이빗 아파트,서울특별시 중랑구 면목동 1544 면목 라온 프라이빗 아파트,혼합,개별난방,63364.0,4,453.0,라온건설(주),면목5주택 재건축정비사업조합,024325120, ,아파트,서울특별시 중랑구 동일로91길 23,위탁관리,계단식,20200630,024355120,453.0,44421.79,171.0,257.0,25.0,0.0,33164.5,1126010100,30.0,30.0,2.0,0.0,02234
A10024741,사가정 센트럴 아이파크 아파트,서울특별시 중랑구 면목동 1545 사가정 센트럴 아이파크 아파트,혼합,개별난방,244759.14,11,1505.0,현대산업개발,면목3주택 재건축정비사업조합,024339240, ,아파트,서울특별시 중랑구 동일로92길 40,위탁관리,혼합식,20200730,024359240,1505.0,162602.36,378.0,1040.0,87.0,0.0,120893.69,1126010100,30.0,30.0,2.0,1.0,02225
A10025159,한양수자인사가정파크아파트,서울특별시 중랑구 면목동 520-19 한양수자인사가정파크아파트,혼합,개별난방,73098.17,8,497.0,(주)한양,면목1주택재건축정비사업조합,024969866, ,아파트,서울특별시 중랑구 사가정로72길 26,위탁관리,계단식,20191127,024959866,497.0,46966.285,167.0,330.0,0.0,0.0,35186.68,1126010100,17.0,17.0,2.0,19.0,02260
A10028033,용마산하늘채아파트,서울특별시 중랑구 면목동 1537 용마산하늘채아파트,혼합,개별난방,45070.723,5,265.0,코오롱글로벌,면목제2구역재건축조합,024359720, ,아파트,서울특별시 중랑구 용마산로 210,위탁관리,계단식,20151008,024359721,265.0,29313.035,52.0,178.0,35.0,0.0,22220.1475,1126010100,15.0,15.0,2.0,12.0,02256
A13120001,면목마젤란21,서울특별시 중랑구 면목동 1531 면목마젤란21,분양,개별난방,24136.0,3,199.0,유진건설,유진건설,024956273, ,아파트,서울특별시 중랑구 겸재로30길 42,위탁관리,계단식,20070315,024956274,199.0,19879.32,23.0,176.0,0.0,0.0,15759.045,1126010100,15.0,15.0,1.0,8.0,02217
A13120003,면목두산6차,서울특별시 중랑구 면목동 1501 면목두산6차,분양,개별난방,9988.48,1,84.0,두산개발(주),두산개발(주),0222077320, ,주상복합,서울특별시 중랑구 답십리로77길 139,자치관리(직영),계단식,19931112,0222097321,84.0,7548.66,42.0,42.0,0.0,0.0,6068.58,1126010100,22.0,22.0,0.0,2.0,02241
A13120403,면목경남아너스빌,서울특별시 중랑구 면목동 1529 면목경남아너스빌,분양,개별난방,49102.844,9,386.0,경남기업(주),면목제1단지 재건축주택조합,024350568, ,아파트,서울특별시 중랑구 답십리로75길 73,위탁관리,계단식,20061129,024350569,386.0,37336.18,142.0,244.0,0.0,0.0,29140.258,1126010100,15.0,15.0,1.0,16.0,02242
A13120701,용마산금호어울림,서울특별시 중랑구 면목동 1525 용마산금호어울림,분양,개별난방,25764.0,3,165.0,금호건설,재건축조합,024321717, ,아파트,서울특별시 중랑구 용마산로 290,자치관리,계단식,20060626,024324575,165.0,16951.87,0.0,153.0,12.0,0.0,13684.741,1126010100,12.0,12.0,4.0,0.0,02258
A13120704,면목금호어울림,서울특별시 중랑구 면목동 1528 면목금호어울림,분양,개별난방,25194.0,3,178.0,면목동 대농빌라조합,금호건설,024378501, ,아파트,서울특별시 중랑구 용마산로 271,위탁관리,계단식,20051027,024378502,178.0,18524.84,0.0,178.0,0.0,0.0,14947.9727,1126010100,15.0,15.0,2.0,7.0,02251
A13175101,일신강변,서울특별시 중랑구 면목동 1520 일신강변,,,0.0,1,62.0, , , , ,아파트,서울특별시 중랑구 중랑천로 14,기타,,, ,0.0,0.0,26.0,36.0,0.0,0.0,4611.55,1126010100,1.0,13.0,0.0,0.0,02133
A13175102,솔루테,서울특별시 중랑구 면목동 1523 솔루테,분양,개별난방,11180.739,1,79.0,남대하종합건설(주),남대하종합건설(주),024951031, ,아파트,서울특별시 중랑구 봉우재로6길 19,위탁관리,복도식,20011114,024951032,79.0,9369.05,0.0,66.0,13.0,0.0,6542.6,1126010100,14.0,14.0,1.0,0.0,02131
A13175103,면목한신,서울특별시 중랑구 면목동 193-1 면목한신,분양,개별난방,93503.0,10,1362.0,한신공영,한신공영,024968158, ,아파트,서울특별시 중랑구 중랑천로 20,위탁관리,혼합식,19871230,024361685,1362.0,90753.69,1012.0,350.0,0.0,0.0,69996.78,1126010100,15.0,15.0,0.0,21.0,02133
A13177701,면목,서울특별시 중랑구 면목동 1382 면목,임대,개별난방,44092.0,4,905.0,SH공사,한신공영,024381942,http://happy.i-sh.co.kr/cms/main.do,아파트,서울특별시 중랑구 용마산로 228,위탁관리,계단식,19911014,0222090872,905.0,44085.0,905.0,0.0,0.0,0.0,29332.24,1126010100,15.0,15.0,0.0,8.0,02257
A13177702,면목두원,서울특별시 중랑구 면목동 1521 면목두원,분양,개별난방,13776.12,1,118.0,두원중공업(주),강호연립재건축조합,024957868, ,아파트,서울특별시 중랑구 동일로 483,자치관리,계단식,19981125,024957868,118.0,10720.32,72.0,46.0,0.0,0.0,8178.48,1126010100,24.0,24.0,2.0,1.0,02248
A13181201,면목신성미소지움,서울특별시 중랑구 면목동 1527 면목신성미소지움,분양,개별난방,22636.943,2,161.0,신성건설,서경한성동남조합신성건설,024364511, ,아파트,서울특별시 중랑구 용마산로86길 9-27,위탁관리,계단식,20041112,024381283,161.0,16529.613,0.0,161.0,0.0,0.0,12910.7993,1126010100,17.0,17.0,2.0,4.0,02192
A13181203,용마금호타운,서울특별시 중랑구 면목동 494 용마금호타운,분양,개별난방,50897.0,5,440.0,금호건설,금호건설,024353683, ,아파트,서울특별시 중랑구 용마산로 348,위탁관리,계단식,19921223,024917735,440.0,50897.0,0.0,440.0,0.0,0.0,37356,1126010100,15.0,15.0,1.0,15.0,02194
A13183202,용마한신2차아파트,서울특별시 중랑구 면목동 1073 용마한신2차아파트,분양,개별난방,21501.0,1,174.0,한신공영,면목3동 재건축조함,024322836, ,아파트,서울특별시 중랑구 사가정로71길 11,위탁관리,혼합식,19980529,024322838,174.0,16555.37,70.0,104.0,0.0,0.0,12981.24,1126010100,18.0,18.0,2.0,5.0,02196
A13183204,용마한신,서울특별시 중랑구 면목동 1077-1 용마한신,분양,개별난방,43455.0,4,565.0,한신공영,면목3구역 재개발조합,024340144, ,아파트,서울특별시 중랑구 사가정로71길 19,자치관리,혼합식,19900628,0222073906,565.0,41858.13,461.0,104.0,0.0,0.0,30457.98,1126010100,15.0,15.0,0.0,10.0,02196
A13183303,용마동아아파트,서울특별시 중랑구 면목동 1499 용마동아아파트,분양,개별난방,19821.69,2,174.0,공영토건,공영토건,024912431, ,아파트,서울특별시 중랑구 용마산로62길 43,위탁관리,계단식,19930318,0262132431,174.0,19555.86,0.0,174.0,0.0,0.0,14768.82,1126010100,15.0,15.0,1.0,6.0,02260
A13183405,면목대원칸타빌,서울특별시 중랑구 면목동 581 면목대원칸타빌,분양,개별난방,39564.887,4,256.0,(주)대원,금성진영연립,024912362, ,아파트,서울특별시 중랑구 용마산로 285,위탁관리,계단식,20030401,024912363,256.0,27526.04,38.0,105.0,113.0,0.0,22119.3997,1126010100,19.0,19.0,2.0,7.0,02251
A13183502,면목삼익,서울특별시 중랑구 면목동 1516 면목삼익,분양,개별난방,32692.814,3,216.0,삼익주택,강호연립재건조합,024934339, ,아파트,서울특별시 중랑구 동일로 501,위탁관리,계단식,19971220,0262184339,216.0,22527.88,88.0,80.0,48.0,0.0,17409.12,1126010100,25.0,25.0,3.0,5.0,02248
A13183504,면목늘푸른동아아파트,서울특별시 중랑구 면목동 715 면목늘푸른동아아파트,분양,개별난방,73968.19,4,573.0,동아건설산업(주),면목동 강호.동일연합재건축조합,0222084353, ,아파트,서울특별시 중랑구 동일로 476,위탁관리,혼합식,20021130,0222084354,573.0,57674.9,275.0,222.0,76.0,0.0,43773.45,1126010100,19.0,19.0,2.0,0.0,02247
A13183701,아남리치카운티,서울특별시 중랑구 면목동 1505 아남리치카운티,분양,개별난방,22206.7,5,178.0,아남건설,주택조합,024353313, ,아파트,서울특별시 중랑구 겸재로29길 27,위탁관리,계단식,20041210,024353314,178.0,17661.543,52.0,126.0,0.0,0.0,13793.362,1126010100,12.0,12.0,1.0,9.0,02145
A13184107,"면목두산4,5단지","서울특별시 중랑구 면목동 1522 면목두산4,5단지",분양,개별난방,83253.86,7,555.0,(주)두산,(주)두산건설,024368954, ,아파트,서울특별시 중랑구 사가정로42길 90,위탁관리,혼합식,20000927,024368955,555.0,44489.32,204.0,301.0,50.0,0.0,44489.32,1126010100,25.0,25.0,3.0,10.0,02241
A13184208,면목현대,서울특별시 중랑구 면목동 1502 면목현대,분양,개별난방,75795.0,4,626.0,(주)현대산업개발,(주)현대산업개발,0222096400, ,아파트,서울특별시 중랑구 용마산로 252,위탁관리,계단식,19940929,0264956400,626.0,73614.02,0.0,626.0,0.0,0.0,51712.08,1126010100,20.0,20.0,6.0,15.0,02258
A13184301,면목신성은하수,서울특별시 중랑구 면목동 1519 면목신성은하수,분양,개별난방,35382.87,2,266.0,신성,신성,024321903, ,아파트,서울특별시 중랑구 중랑천로 43,위탁관리,혼합식,19981031,024321902,266.0,26808.69,153.0,56.0,57.0,0.0,19802.38,1126010100,19.0,19.0,2.0,6.0,02118
A13184401,면목삼호,서울특별시 중랑구 면목동 1513 면목삼호,분양,개별난방,23208.91,1,183.0,(주)삼호,강남주택외3개조합,024363976, ,아파트,서울특별시 중랑구 용마산로 259,위탁관리,혼합식,20000527,024955633,183.0,22355.72,26.0,139.0,18.0,0.0,14913.27,1126010100,13.0,13.0,2.0,8.0,02251
A13184502,면목성원,서울특별시 중랑구 면목동 1515 면목성원,분양,개별난방,22779.97,2,168.0,성원건설(주),성원건설(주),024924848, ,아파트,서울특별시 중랑구 용마산로 278,위탁관리,혼합식,19970613,024950900,168.0,17267.24,80.0,59.0,29.0,0.0,13133.19,1126010100,20.0,20.0,2.0,0.0,02258
A13188406,면목두산2.3차,서울특별시 중랑구 면목동 1510 면목두산2.3차,분양,개별난방,58890.33,4,345.0,두산개발주식회사,.,024333277,없음,아파트,서울특별시 중랑구 면목로37길 58,위탁관리,혼합식,19950403,0262193277,344.0,46562.48,1.0,248.0,96.0,0.0,33906.16,1126010100,25.0,25.0,2.0,8.0,02237
A10019970,상봉생활,서울특별시 중랑구 상봉동 116-49 상봉생활,임대,개별난방,0.0,,0.0, , ,02-432-8021, ,아파트,서울특별시 중랑구 망우로 265,,,20260529, ,0.0,0.0,0.0,0.0,0.0,0.0,,1126010200,0.0,0.0,0.0,0.0,
A10020104,포시티주상복합,서울특별시 중랑구 상봉동 113-1 포시티주상복합,분양,개별난방,4641.04,1,120.0,(주)포스코아이씨티,골든트라이엄프(주),024330039, ,주상복합,서울특별시 중랑구 면목로 487,위탁관리,복도식,20140523,024326699,120.0,3168.0,120.0,0.0,0.0,0.0,3168,1126010200,0.0,0.0,0.0,1.0,
A10020423,와이센트럴시티상봉,서울특별시 중랑구 상봉동 504- 와이센트럴시티상봉,임대,중앙난방,21770.744,1,0.0,HJ중공업,상봉케이원청년주택피에프브이(주),024326465, ,도시형 생활주택(주상복합),서울특별시 중랑구 망우로 313,위탁관리,복도식,20250725,024326466,352.0,19189.855,0.0,0.0,0.0,0.0,8188.66,1126010200,24.0,23.0,5.0,3.0,
A10020428,세이지움상봉,서울특별시 중랑구 상봉동 503- 세이지움상봉,임대,개별난방,50333.45,2,0.0,태영건설,상봉아이알디피에프브이 주식회사,0220393230, ,도시형 생활주택(아파트),서울특별시 중랑구 봉우재로 101,위탁관리,복도식,20250630,07048333231,782.0,44054.94,0.0,0.0,0.0,0.0,10237.4688,1126010200,25.0,25.0,4.0,0.0,
A10020694,상봉베스트원아파트,서울특별시 중랑구 상봉동 101-19 상봉베스트원아파트,분양,개별난방,7886.458,1,0.0,한동건설주식회사,코리아신탁주식회사,0222314700, ,주상복합,서울특별시 중랑구 망우로 304,위탁관리,복도식,20190515,024374600,114.0,5477.948,0.0,0.0,0.0,0.0,2452.11,1126010200,12.0,12.0,4.0,0.0,
A10020884,상봉타워,서울특별시 중랑구 상봉동 102-57 상봉타워,임대,개별난방,6634.862,1,135.0,정호비앤씨건설,정호기업주식회사,024928849, ,주상복합,서울특별시 중랑구 면목로 490,자치관리,복도식,20190508,024968849,135.0,3569.37,135.0,0.0,0.0,0.0,2131.47,1126010200,20.0,20.0,2.0,2.0,
A10022528,상봉 동양엔파트,서울특별시 중랑구 상봉동 118-8 상봉 동양엔파트,임대,개별난방,17350.0,1,299.0,(주)동양,하나,0222083331, ,주상복합,서울특별시 중랑구 망우로 266,위탁관리,복도식,20240617,0222083332,299.0,15068.277,299.0,0.0,0.0,0.0,6956.6537,1126010200,20.0,20.0,4.0,3.0,
A10022775,봄작시티 24,서울특별시 중랑구 상봉동 90-3 봄작시티 24,임대,개별난방,12977.0,1,238.0,주식회사 주함건설,주식회사 조은집,024356888, ,주상복합,서울특별시 중랑구 망우로50길 24,자치관리,복도식,20230705, ,238.0,4246.6,238.0,0.0,0.0,0.0,4246.6,1126010200,20.0,20.0,3.0,3.0,02149
A10027670,상봉듀오트리스,서울특별시 중랑구 상봉동 79 상봉듀오트리스,분양,개별난방,99839.19,2,264.0,"포스코, 포스코A&C","한국자산신탁, 아우딘디엔피",024969391,www.duoturris.com,주상복합,서울특별시 중랑구 상봉로 131,위탁관리,기타,20160120,024969390,264.0,45328.64,0.0,0.0,200.0,64.0,35997.84,1126010200,41.0,41.0,8.0,6.0,02150
A13122001,상봉건영캐스빌,서울특별시 중랑구 상봉동 499 상봉건영캐스빌,분양,개별난방,62616.0,9,467.0,1,1,0234218075, ,아파트,서울특별시 중랑구 상봉중앙로8길 76,자치관리,계단식,20060210,0234218076,467.0,50590.11,0.0,467.0,0.0,0.0,39530.3825,1126010200,26.0,26.0,3.0,13.0,02080
A13122002,상봉프레미어스엠코,서울특별시 중랑구 상봉동 500 상봉프레미어스엠코,혼합,개별난방,106914.0,3,497.0,현대엠코(주),현대엠코(주),024966910,sbamco.aptstory.com,주상복합,서울특별시 중랑구 망우로 353,위탁관리,계단식,20131118,024966912,497.0,73633.31,41.0,68.0,382.0,6.0,50920.99,1126010200,48.0,48.0,7.0,10.0,02087
A13122104,상봉태영데시앙,서울특별시 중랑구 상봉동 497 상봉태영데시앙,분양,개별난방,82567.0,11,582.0,(주)태영,(주)태영,0234221925, ,아파트,서울특별시 중랑구 상봉중앙로8길 104,위탁관리,계단식,20030805,0234224584,582.0,62109.75,98.0,484.0,0.0,0.0,46938.0283,1126010200,27.0,27.0,1.0,17.0,02078
A13170401,한일써너스빌아파트,서울특별시 중랑구 상봉동 81-5 한일써너스빌아파트,분양,개별난방,89535.0,3,504.0,한일건설,채널산업(주),024939048, ,아파트,서울특별시 중랑구 망우로 346,위탁관리,혼합식,20031201,024939006,504.0,43207.773,0.0,454.0,50.0,0.0,43207.772,1126010200,25.0,25.0,3.0,10.0,02150
A13185602,상봉우정,서울특별시 중랑구 상봉동 496 상봉우정,분양,개별난방,54075.5,5,375.0,우정건설(주),우정건설(주),0234225233, ,아파트,서울특별시 중랑구 상봉중앙로1다길 21,위탁관리,계단식,20020514,0234225234,375.0,40533.305,90.0,235.0,50.0,0.0,29879.945,1126010200,25.0,25.0,0.0,8.0,02082
A13185603,신내건영1차,서울특별시 중랑구 상봉동 1 신내건영1차,분양,개별난방,53195.45,4,408.0,(주) 건영,(주)제일은행 직장주택조합,024349620, ,아파트,서울특별시 중랑구 봉화산로48길 62,위탁관리,계단식,19970813,024938520,408.0,34663.68,0.0,408.0,0.0,0.0,34663.68,1126010200,25.0,25.0,2.0,11.0,02077
A13185607,신내건영2차아파트,서울특별시 중랑구 상봉동 63 신내건영2차아파트,분양,개별난방,134964.0,14,1113.0,건영,건영,0262182500, ,아파트,서울특별시 중랑구 신내로7길 20,위탁관리,혼합식,19961104,0222072501,1113.0,113807.88,192.0,921.0,0.0,0.0,86837.78,1126010200,25.0,25.0,0.0,21.0,02085
A13186305,신내엘지쌍용,서울특별시 중랑구 상봉동 484 신내엘지쌍용,분양,지역난방,102187.84,9,858.0,"LG건설(주), 쌍용건설(주)","LG건설(주), 쌍용건설(주)",0234212536,신내엘지쌍용아파트.apti.co.kr,아파트,서울특별시 중랑구 봉화산로 146,위탁관리,혼합식,19960327,0234212537,858.0,80819.1,0.0,858.0,0.0,0.0,60432.96,1126010200,15.0,15.0,0.0,15.0,02075
A13186306,신내12단지,서울특별시 중랑구 상봉동 481 신내12단지,임대,지역난방,48672.66,8,1000.0,삼환기업,서울주택도시공사,0234212000,www.i-sh.co.kr/happy/cms/main.do,아파트,서울특별시 중랑구 봉화산로 153,위탁관리,복도식,19951127,0234216320,1000.0,46082.6,1000.0,0.0,0.0,0.0,27380,1126010200,15.0,15.0,1.0,16.0,02044
A13186401,동부아파트,서울특별시 중랑구 상봉동 495 동부아파트,분양,개별난방,43502.79,2,368.0,동부건설,영건(주),024944110, ,아파트,서울특별시 중랑구 신내로7가길 31,위탁관리,혼합식,19990429,024325065,368.0,36734.8,184.0,140.0,44.0,0.0,27072.8,1126010200,22.0,22.0,2.0,8.0,02079
A10020555, 리버센 SK VIEW 롯데캐슬 아파트,서울특별시 중랑구 중화동 331-1  리버센 SK VIEW 롯데캐슬 아파트,혼합,개별난방,146591.1,8,0.0," SK에코플랜트, 롯데건설",중화1재정비촉진구역 주택재개발정비사업조합,024320960, ,아파트,서울특별시 중랑구 중랑천로 200,위탁관리,혼합식,20250612,024320961,1055.0,95932.03,0.0,0.0,0.0,0.0,71063.89,1126010300,35.0,35.0,2.0,21.0,
A10020974,동양엔파트2차,서울특별시 중랑구 중화동 454- 동양엔파트2차,분양,개별난방,19402.68,2,118.0,동양엔파트,대농연립주택조합,024330053, ,아파트,서울특별시 중랑구 중랑천로14길 34,위탁관리,계단식,20130307,024330065,118.0,13452.6,0.0,79.0,39.0,0.0,10454.73,1126010300,20.0,20.0,2.0,4.0,
A10021393,태능시장 주상복합빌딩,서울특별시 중랑구 중화동 314-1 태능시장 주상복합빌딩,분양,개별난방,23825.0,1,103.0,CNC종합건설(주),태능시장(주),024328641, ,주상복합,서울특별시 중랑구 동일로129길 35,위탁관리,혼합식,20050328, ,103.0,11097.533,5.0,98.0,0.0,0.0,8472.512,1126010300,1.0,15.0,3.0,4.0,
A10023899,범양프레체,서울특별시 중랑구 중화동 208-4 범양프레체,분양,개별난방,10970.0,1,144.0,한사랑농촌문화재단,범양,0222095666, ,아파트,서울특별시 중랑구 중랑천로14길 58,위탁관리,복도식,20120911,024325666,252.0,5654.88,144.0,0.0,0.0,0.0,2583.36,1126010300,15.0,15.0,3.0,2.0,
A10026046,청광플러스원 아파트,서울특별시 중랑구 중화동 453 청광플러스원 아파트,혼합,개별난방,14027.69,2,109.0,청광종합건설(주),청풍연립재건축조합,024337275, ,아파트,서울특별시 중랑구 동일로136길 15,위탁관리,계단식,20070723,024937275,109.0,11426.18,0.0,109.0,0.0,0.0,9187.7,1126010300,15.0,15.0,1.0,0.0,02050
A10027456,중화동양엔파트 주상복합,서울특별시 중랑구 중화동 208-33 중화동양엔파트 주상복합,분양,개별난방,22688.0,2,103.0,동양,부광 아이앤디,024325755, ,주상복합,서울특별시 중랑구 망우로 203,위탁관리,계단식,20100525,024325756,103.0,16144.68,0.0,103.0,0.0,0.0,8695.44,1126010300,18.0,18.0,3.0,3.0,02116
A13187501,중화극동,서울특별시 중랑구 중화동 19 중화극동,분양,개별난방,17030.12,1,156.0,극동건설,극동건설,024945822, ,아파트,서울특별시 중랑구 봉화산로27길 32,위탁관리,혼합식,19910429,024345822,156.0,17030.12,0.0,156.0,0.0,0.0,13006.25,1126010300,13.0,13.0,1.0,6.0,02048
A13187702,중화한신아파트,서울특별시 중랑구 중화동 450 중화한신아파트,분양,개별난방,144301.0,9,1544.0,한신공영,"신천실업(주),청법지역주택외8개조합",0222070365, ,아파트,서울특별시 중랑구 동일로 752,위탁관리,혼합식,19971011,024340365,1544.0,144206.27,892.0,652.0,0.0,0.0,105896.94,1126010300,27.0,27.0,2.0,24.0,02095
A10020086,묵동자이1단지아파트,서울특별시 중랑구 묵동 164-4 묵동자이1단지아파트,분양,개별난방,32365.11,1,0.0,GS건설,한부디엔에스,029497154, ,주상복합,서울특별시 중랑구 숙선옹주로 6-9,위탁관리,혼합식,20101214,029497155,137.0,20693.3,0.0,0.0,0.0,0.0,16199.47,1126010400,0.0,35.0,0.0,0.0,
A10020587,묵동공감대아파트,서울특별시 중랑구 묵동 171-4 묵동공감대아파트,분양,개별난방,15843.838,1,0.0,광덕토건(주),이현우외70,029482323, ,주상복합,서울특별시 중랑구 공릉로 32,위탁관리,계단식,20050328,029484323,118.0,10949.0,0.0,0.0,0.0,0.0,8276.794,1126010400,1.0,14.0,0.0,0.0,
A10020959,묵동신도브래뉴주상복합아파트,서울특별시 중랑구 묵동 169-10 묵동신도브래뉴주상복합아파트,분양,개별난방,16203.69,1,100.0,신도산업개발주식회사,예화건설(주),029723434,없음,주상복합,서울특별시 중랑구 동일로 946,위탁관리,복도식,20041012,029723404,100.0,7406.0,100.0,0.0,0.0,0.0,5186,1126010400,1.0,14.0,4.0,1.0,
A10022599,묵동위더스빌 주상복합,서울특별시 중랑구 묵동 169-11 묵동위더스빌 주상복합,분양,개별난방,19109.22,1,80.0,BYC건설,BYC건설,029481113, ,아파트,서울특별시 중랑구 동일로 942,위탁관리,계단식,20100630,0260130179,80.0,13147.986,0.0,66.0,14.0,0.0,7102.28,1126010400,20.0,20.0,3.0,4.0,02033
A10023285,묵동월드메르디앙,서울특별시 중랑구 묵동 392 묵동월드메르디앙,혼합,개별난방,17656.57,4,141.0,월드건설,현대해상화재보험,029733001, ,아파트,서울특별시 중랑구 중랑천로 316,위탁관리,계단식,20090319,029733001,141.0,14434.57,1.0,140.0,0.0,0.0,11753.31,1126010400,12.0,12.0,1.0,7.0,02004
A10023815,로프트원 태릉입구역,서울특별시 중랑구 묵동 169-12 로프트원 태릉입구역,임대,개별난방+기타,16260.56,1,249.0,파인건설(주),(주)지영사,029728486, ,도시형 생활주택(주상복합),서울특별시 중랑구 동일로 952,위탁관리,복도식,20200108,029728487,249.0,11241.13,249.0,0.0,0.0,0.0,3716.34,1126010400,15.0,15.0,4.0,2.0,02033
A10023834,칼튼테라스,서울특별시 중랑구 묵동 176-39 칼튼테라스,임대,개별난방,17339.94,1,235.0,파인건설,더블라썸묵동,029785557, ,주상복합,서울특별시 중랑구 공릉로2길 8-4,위탁관리,복도식,20211101,029785558,235.0,13682.402,235.0,0.0,0.0,0.0,5051.5845,1126010400,15.0,15.0,5.0,0.0,02037
A10025187,묵동리본타워,서울특별시 중랑구 묵동 7 묵동리본타워,임대,지역난방,11881.81,1,86.0,금호산업(주),서울주택도시공사,029738733, ,아파트,서울특별시 중랑구 신내로 277,위탁관리,계단식,20130624,028738734,86.0,9505.23,59.0,27.0,0.0,0.0,5832.53,1126010400,29.0,29.0,1.0,2.0,02021
A10025855,e편한세상화랑대아파트,서울특별시 중랑구 묵동 396 e편한세상화랑대아파트,혼합,개별난방,116253.59,12,719.0,(주)대림산업,묵1동재건축사업정비조합,029797656,cafe.naver.com/ep02030,주상복합,서울특별시 중랑구 숙선옹주로 45,위탁관리,계단식,20171206,029797658,719.0,75939.945,236.0,435.0,48.0,0.0,55401.14,1126010400,25.0,25.0,4.0,0.0,02030
A10026469,묵동자이2단지아파트,서울특별시 중랑구 묵동 170-1 묵동자이2단지아파트,분양,개별난방,58121.47,2,274.0,GS건설(주),(주)부광피앤디,029497154,mdxi.aptner.com/,주상복합,서울특별시 중랑구 동일로 932,위탁관리,계단식,20101214,029497155,274.0,38874.56,0.0,0.0,250.0,24.0,29954.22,1126010400,35.0,35.0,5.0,4.0,02033
A13114002,묵동아이파크,서울특별시 중랑구 묵동 385 묵동아이파크,분양,개별난방,92217.5,8,601.0,현대산업개발,현대산업개발,0264676500, ,아파트,서울특별시 중랑구 동일로157길 70,위탁관리,계단식,20020621,0264676501,601.0,74241.0,0.0,468.0,133.0,0.0,54725.6523,1126010400,24.0,24.0,0.0,15.0,02007
A13114003,장미,서울특별시 중랑구 묵동 188-1 장미,,,0.0,1,100.0, , ,029742288, ,아파트,서울특별시 중랑구 동일로144길 3,기타,,19831014, ,0.0,0.0,0.0,0.0,100.0,0.0,9362.1,1126010400,1.0,5.0,0.0,0.0,
A13114103,묵동금호어울림,서울특별시 중랑구 묵동 386 묵동금호어울림,분양,개별난방,28353.2,2,193.0,금호건설,묵동금호어울림아파트,029781118,rmagh78@naver.com,아파트,서울특별시 중랑구 공릉로2길 39,위탁관리,계단식,20031203,029756355,193.0,17410.74,11.0,101.0,81.0,0.0,17410.74,1126010400,19.0,19.0,1.0,7.0,02036
A13114106,묵동신안3차,서울특별시 중랑구 묵동 384 묵동신안3차,분양,개별난방,36949.586,2,248.0,신안종합건설,신안종합건설,029783777,홈페이지 없음.,아파트,서울특별시 중랑구 공릉로2라길 4,위탁관리,혼합식,20000916,029783778,248.0,26152.068,91.0,105.0,52.0,0.0,19820.29,1126010400,18.0,18.0,2.0,7.0,02040
A13114201,묵동동구햇살,서울특별시 중랑구 묵동 388 묵동동구햇살,분양,개별난방,23256.5,3,163.0,동구건설,삼성연립,029499031,a79117@naver.com,아파트,서울특별시 중랑구 동일로169길 41,위탁관리,계단식,20040512,0260819031,163.0,16632.59,0.0,163.0,0.0,0.0,13688.75,1126010400,15.0,15.0,2.0,8.0,02004
A13176801,묵동극동늘푸른아파트,서울특별시 중랑구 묵동 379 묵동극동늘푸른아파트,분양,개별난방,25595.71,2,188.0,(주)극동건설,묵동 우성아파트 재건축조합,029768340,묵동극동늘푸른.apti.co.kr,아파트,서울특별시 중랑구 동일로 941,위탁관리,혼합식,19990401,029768341,188.0,17877.797,76.0,112.0,0.0,0.0,13796.84,1126010400,20.0,20.0,3.0,4.0,02002
A13184609,신내4단지,서울특별시 중랑구 묵동 13 신내4단지,분양,지역난방,72852.87,12,1070.0,SH공사,SH공사,0234218552, ,아파트,서울특별시 중랑구 숙선옹주로 91,위탁관리,복도식,19960614,0234218553,1070.0,72852.87,1070.0,0.0,0.0,0.0,52200.18,1126010400,12.0,12.0,1.0,14.0,02029
A13184610,신내5단지대림두산,서울특별시 중랑구 묵동 20 신내5단지대림두산,분양,지역난방,175626.92,28,1244.0,대림두산건설,대림두산건설,0234210261,www.sndadua.co.kr,아파트,서울특별시 중랑구 신내로21길 16,자치관리,계단식,19951204,0234230262,1244.0,175626.92,0.0,0.0,1244.0,0.0,143952.56,1126010400,12.0,12.0,0.0,51.0,02023
A13184804,묵동신도1차,서울특별시 중랑구 묵동 167 묵동신도1차,분양,개별난방,29612.0,2,221.0,신도종합건설,수정연립재건축조합,029792309, ,아파트,서울특별시 중랑구 공릉로13길 30,위탁관리,혼합식,19981015,029492309,221.0,21278.36,89.0,88.0,44.0,0.0,17617.49,1126010400,23.0,23.0,2.0,5.0,02018
A13185402,묵동한국,서울특별시 중랑구 묵동 378 묵동한국,분양,개별난방,33230.0,2,225.0,한국종건,한국종건,029798365, ,아파트,서울특별시 중랑구 중랑천로 332,위탁관리,혼합식,19990603,029798366,225.0,24631.404,109.0,69.0,47.0,0.0,17763.96,1126010400,19.0,19.0,3.0,5.0,02003
A13185501,묵동세방,서울특별시 중랑구 묵동 383 묵동세방,분양,개별난방,18709.84,2,159.0,세방기업(주),세방건설,029775783, ,아파트,서울특별시 중랑구 숙선옹주로9길 25,위탁관리,혼합식,20000703,0264635783,159.0,15473.49,66.0,93.0,0.0,0.0,11660.58,1126010400,19.0,19.0,0.0,4.0,02030
A13185502,묵동신안2차,서울특별시 중랑구 묵동 382 묵동신안2차,분양,개별난방,24229.393,1,171.0,신안종합건설(주),신안종합건설(주),029726181,없음,아파트,서울특별시 중랑구 공릉로2나길 46,위탁관리,혼합식,20000229,029726182,171.0,17407.963,78.0,93.0,0.0,0.0,12565.842,1126010400,19.0,19.0,2.0,5.0,02035
A13185507,묵동신안1차,서울특별시 중랑구 묵동 381 묵동신안1차,분양,개별난방,41678.91,2,285.0,신안종합건설,신안종합건설,029726621,shin62120@daum.net,아파트,서울특별시 중랑구 공릉로2라길 15,위탁관리,혼합식,19991028,029726624,285.0,30119.145,118.0,91.0,76.0,0.0,22773.41,1126010400,19.0,19.0,2.0,7.0,02036
A13185508,브라운스톤태릉,서울특별시 중랑구 묵동 387 브라운스톤태릉,분양,개별난방,85686.31,6,587.0,이수건설(주),이수건설(주),0232964492, ,아파트,서울특별시 중랑구 공릉로18길 59,위탁관리,계단식,20040311,0232964493,587.0,59748.31,110.0,369.0,108.0,0.0,48504.5522,1126010400,19.0,19.0,2.0,16.0,02020
A10020869,경남아파트,서울특별시 중랑구 망우동 226- 경남아파트,분양,개별난방,19317.0,1,250.0,경남건설,경남건설,024345467,marabuda@hanmail.net,아파트,서울특별시 중랑구 양원역로 37,자치관리,계단식,19890520, ,250.0,18478.7,190.0,60.0,0.0,0.0,15797.1,1126010500,1.0,5.0,0.0,0.0,
A10020968,염광아파트,서울특별시 중랑구 망우동 178-80 염광아파트,분양,개별난방,19323.2,11,233.0,염광건설,금호건설,024322334, ,아파트,서울특별시 중랑구 망우로81길 27,자치관리,계단식,19830325,024322334,233.0,13041.12,20.0,201.0,12.0,0.0,13109.07,1126010500,5.0,5.0,1.0,0.0,
A10021760,한일써너스빌리젠시2단지,서울특별시 중랑구 망우동 495- 한일써너스빌리젠시2단지,분양,개별난방,43503.0,1,146.0,한일건설(주),아주산업(주),0222070040, ,주상복합,서울특별시 중랑구 용마산로115길 109,위탁관리,계단식,20080401,0222070047,146.0,16919.86,0.0,97.0,49.0,0.0,13352.9,1126010500,27.0,27.0,5.0,1.0,
A10021794,망우동청광오뜨빌아파트,서울특별시 중랑구 망우동 575- 망우동청광오뜨빌아파트,분양,개별난방,0.0,1,105.0,청광종합건설(주),청광종합건설(주),024345059, ,아파트,서울특별시 중랑구 용마산로116길 76,위탁관리,혼합식,20011218,024345059,105.0,9871.951,34.0,71.0,0.0,0.0,7896.0582,1126010500,15.0,15.0,1.0,0.0,
A10022919,신내역 시티프라디움 아파트,서울특별시 중랑구 망우동 584 신내역 시티프라디움 아파트,임대,지역난방,86297.695,4,495.0,(주)시티건설 (주)시티종합건설,(주)시티해양건설,024338897,sscp.aptstory.com,아파트,서울특별시 중랑구 용마산로 670,위탁관리,계단식,20231120,024338898,495.0,56333.984,0.0,495.0,0.0,0.0,42032.7882,1126010500,40.0,40.0,4.0,10.0,02057
A10023816,LH서울양원1단지,서울특별시 중랑구 망우동 608 LH서울양원1단지,임대,지역난방,72038.87,4,1216.0,대보건설,한국토지주택공사,07044966201,양원1단지apti.co.kr/,아파트,서울특별시 중랑구 양원역로 92,위탁관리,복도식,20220124,024340511,1216.0,72038.87,1216.0,0.0,0.0,0.0,32932.68,1126010500,25.0,25.0,1.0,20.0,02057
A10023952,중랑숲시티프라디움,서울특별시 중랑구 망우동 620 중랑숲시티프라디움,혼합,지역난방,46187.84,4,403.0,"(주)시티건설, 삼부토건(주)",한국토지주택공사,024330965, ,아파트,서울특별시 중랑구 양원역로10길 47,위탁관리,계단식,20220107,024330967,403.0,30967.041,403.0,0.0,0.0,0.0,21725.25,1126010500,29.0,29.0,0.0,11.0,02057
A10024008,신내역 힐데스하임아파트,서울특별시 중랑구 망우동  신내역 힐데스하임아파트,분양,지역난방,37807.836,3,218.0,원건설,건강,0269510633, ,아파트,서울특별시 중랑구 봉화산로 301,위탁관리,계단식,20211008,0269510634,218.0,23679.51,0.0,218.0,0.0,0.0,18499.6675,1126010500,25.0,25.0,2.0,6.0,02057
A10024018,양원역 금호어울림포레스트아파트,서울특별시 중랑구 망우동  양원역 금호어울림포레스트아파트,임대,지역난방,47410.527,4,331.0,금호건설,(주)양원어울림대한제13호위탁관리부동산투자회사,024969607,https://xn--jj0br3qmlbv0s5tdbgl1eof886h6vcyyi.apti.co.kr/aptHome/,아파트,서울특별시 중랑구 양원역로10길 75,위탁관리,계단식,20211130,024969608,331.0,33620.934,0.0,331.0,0.0,0.0,25995.5825,1126010500,25.0,25.0,2.0,9.0,02057
A10024214,신내역 금강펜테리움 센트럴파크아파트,서울특별시 중랑구 망우동 26 신내역 금강펜테리움 센트럴파크아파트,분양,지역난방,53209.188,5,490.0,금강주택,금강주택,024357343,snkkpenterium.com-main.apt,아파트,서울특별시 중랑구 용마산로136길 160,위탁관리,계단식,20210729,024357344,490.0,53209.188,0.0,490.0,0.0,0.0,41379.674,1126010500,25.0,25.0,2.0,12.0,02057
A10027498,가야아파트,서울특별시 중랑구 망우동 576 가야아파트,분양,개별난방,9626.33,1,66.0,가야종합건설 주,대성연립 주택조합,024339736, ,아파트,서울특별시 중랑구 상봉로26길 29,위탁관리,계단식,20020325,024337624,66.0,6751.8,11.0,55.0,0.0,0.0,4959.02,1126010500,12.0,12.0,2.0,3.0,02169
A13123001,예성그린캐슬아파트,서울특별시 중랑구 망우동 577 예성그린캐슬아파트,분양,개별난방,22732.7,4,191.0,예성종합건설,예성종합건설,024912188,yaesunga@naver.com,아파트,서울특별시 중랑구 용마산로112가길 34,위탁관리,계단식,20040525,024912199,191.0,17997.04,74.0,117.0,0.0,0.0,14279.74,1126010500,23.0,23.0,1.0,6.0,02180
A13123002,중랑숲Liga아파트,서울특별시 중랑구 망우동 583 중랑숲Liga아파트,분양,개별난방,60107.0,10,381.0,LIG건설,다올유씨엘,024930266,중랑숲liga.apti.co.kr,아파트,서울특별시 중랑구 망우로75길 19,위탁관리,계단식,20120831,024930265,381.0,42326.164,81.0,210.0,90.0,0.0,32678.2,1126010500,15.0,15.0,2.0,17.0,02065
A13123003,금호,서울특별시 중랑구 망우동 574 금호,,,0.0,1,73.0, , ,024380027, ,아파트,서울특별시 중랑구 망우로 504-10,기타,,,024380027,0.0,0.0,40.0,18.0,15.0,0.0,5629.34,1126010500,1.0,21.0,0.0,0.0,
A13123004,한울네세창,서울특별시 중랑구 망우동 579 한울네세창,,,0.0,1,55.0, , , , ,아파트,서울특별시 중랑구 망우로76길 51,기타,,, ,0.0,0.0,0.0,55.0,0.0,0.0,4605.37,1126010500,1.0,11.0,0.0,0.0,
A13123101,망우신원,서울특별시 중랑구 망우동 573 망우신원,분양,개별난방,21696.95,1,198.0,일해건설,신원건설,024943437, ,아파트,서울특별시 중랑구 망우로 504-7,자치관리(직영),혼합식,19990311,024943401,198.0,21696.95,118.0,80.0,0.0,0.0,13780.51,1126010500,22.0,22.0,2.0,4.0,02178
A13123102,중랑숲금호어울림,서울특별시 중랑구 망우동 580 중랑숲금호어울림,분양,개별난방,100207.36,13,686.0,금호산업(주),장미아파트주택재건축정비사업조합,0222095446,www.intm.co.kr/망우금호어울림,아파트,서울특별시 중랑구 양원역로 18,위탁관리,계단식,20060428,0262392041,686.0,70124.68,155.0,452.0,79.0,0.0,56790.88,1126010500,15.0,15.0,2.0,24.0,02063
A13176101,한일써너스빌리젠시,서울특별시 중랑구 망우동 479 한일써너스빌리젠시,분양,개별난방,14248.0,1,128.0,한일건설(주),아주산업(주),0222070040, ,아파트,서울특별시 중랑구 용마산로115길 127,위탁관리,계단식,20080401,0222070047,128.0,14242.56,0.0,128.0,0.0,0.0,10841.34,1126010500,28.0,28.0,5.0,4.0,02163
A13176102,중랑해모로,서울특별시 중랑구 망우동 578 중랑해모로,분양,개별난방,19621.42,3,174.0,(주) 한진중공업,(주)한진중공업,024965972, ,아파트,서울특별시 중랑구 양원역로6가길 19,위탁관리,계단식,20070516,024945970,174.0,19445.756,21.0,118.0,0.0,35.0,16086.67,1126010500,12.0,12.0,1.0,7.0,02063
A10022836,우디안3단지,서울특별시 중랑구 신내동 826 우디안3단지,임대,,0.0,1,50.0, , ,0234233603, ,도시형 생활주택(아파트),서울특별시 중랑구 신내역로1길 142,,,20170904, ,0.0,0.0,50.0,0.0,0.0,0.0,1488.88,1126010600,1.0,5.0,0.0,0.0,02263
A10025137,신내글로리움아파트,서울특별시 중랑구 신내동 640 신내글로리움아파트,임대,지역난방,20759.73,1,229.0,(주)옥토,서울주택도시공사,07041463750, ,아파트,서울특별시 중랑구 신내로 208,위탁관리(직영+위탁),복도식,20191001,0234233770,229.0,14594.14,229.0,0.0,0.0,0.0,9058.08,1126010600,24.0,24.0,0.0,0.0,02052
A10025397,신내우디안4단지 아파트,서울특별시 중랑구 신내동 831 신내우디안4단지 아파트,임대,개별난방,17068.71,3,289.0,한일건설,서울주택도시공사,0234232806,ikwangin.com,아파트,서울특별시 중랑구 신내역로 160,위탁관리,복도식,20180914,0234232807,289.0,7918.95,289.0,0.0,0.0,0.0,7918.95,1126010600,7.0,7.0,1.0,4.0,02263
A10027297,신내대성유니드아파트,서울특별시 중랑구 신내동 803 신내대성유니드아파트,분양,개별난방,16601.81,1,133.0,대성,경춘재건축 조합,0234210295, ,아파트,서울특별시 중랑구 봉화산로56길 140,위탁관리,계단식,20050526,0234210296,133.0,13068.908,28.0,75.0,30.0,0.0,10446.23,1126010600,15.0,15.0,1.0,0.0,02069
A10027775,신내의료안심주택,서울특별시 중랑구 신내동 314-25 신내의료안심주택,임대,개별난방,13099.58,2,222.0,SD종합건설,SH공사,024939501, ,아파트,서울특별시 중랑구 신내로16길 17,위탁관리,복도식,20151029,024939502,228.0,5535.57,222.0,0.0,0.0,0.0,5535.57,1126010600,7.0,7.0,1.0,4.0,02053
A13113001,신내동성7차,서울특별시 중랑구 신내동 797 신내동성7차,분양,개별난방,36477.082,1,235.0,(주)동성,(주)동성,0234219417,신내동성7차.apti,주상복합,서울특별시 중랑구 신내로14길 21,위탁관리,혼합식,19990427,0234219416,235.0,22752.525,148.0,66.0,21.0,0.0,16792.38,1126010600,18.0,18.0,3.0,6.0,02067
A13113002,신내벽산,서울특별시 중랑구 신내동 437 신내벽산,분양,개별난방,43059.926,3,284.0,벽산건설(주),벽산건설(주),0234232127, ,아파트,서울특별시 중랑구 용마산로125길 50,위탁관리,혼합식,20000628,0234232128,284.0,22597.668,156.0,80.0,48.0,0.0,22597.668,1126010600,24.0,24.0,3.0,5.0,02071
A13113003,신내동성4차,서울특별시 중랑구 신내동 591 신내동성4차,분양,지역난방,57570.0,4,478.0,(주)동성건설,(주)동성건설,0234211492, ,아파트,서울특별시 중랑구 봉화산로 216,위탁관리,혼합식,19970725,0234211493,478.0,49379.51,270.0,124.0,84.0,0.0,37032.92,1126010600,23.0,23.0,3.0,10.0,02067
A13113004,신내동성3차아파트,서울특별시 중랑구 신내동 618 신내동성3차아파트,분양,지역난방,114403.0,6,800.0,(주)동성,(주)동성,024945285, ,아파트,서울특별시 중랑구 신내로 110,위탁관리,혼합식,19970507,024328549,800.0,91671.54,306.0,242.0,252.0,0.0,69938.44,1126010600,26.0,26.0,2.0,18.0,02054
A13113006,신내경남아너스빌,서울특별시 중랑구 신내동 804 신내경남아너스빌,분양,개별난방+기타,29055.8,4,214.0,경남기업,보광아파트 주택정비사업조합,0234226405, ,아파트,서울특별시 중랑구 봉화산로56길 112,위탁관리,계단식,20070216,0234216405,214.0,22064.0,0.0,214.0,0.0,0.0,17650.52,1126010600,15.0,15.0,1.0,9.0,02069
A13113007,신내 데시앙포레,서울특별시 중랑구 신내동 817 신내 데시앙포레,혼합,개별난방,267015.06,23,1896.0,(주)태영건설,서울특별시 SH공사,024968341, ,아파트,서울특별시 중랑구 신내역로 165,위탁관리,혼합식,20131211,024968343,1896.0,266279.28,1034.0,610.0,252.0,0.0,133451.74,1126010600,24.0,24.0,3.0,59.0,02055
A13113008,신내우디안1단지,서울특별시 중랑구 신내동 816 신내우디안1단지,혼합,개별난방,190866.39,16,1402.0,한신공영(주),SH공사,024969683, ,아파트,서울특별시 중랑구 신내역로1길 85,위탁관리,혼합식,20140618,024969685,1402.0,92808.0,808.0,504.0,90.0,0.0,93848.93,1126010600,24.0,24.0,3.0,0.0,02055
A13176901,신내6단지,서울특별시 중랑구 신내동 650 신내6단지,분양,지역난방,123284.0,16,1609.0,대주건설,서울시 도시개발공사,0234212062,sinnae6.com,아파트,서울특별시 중랑구 신내로19길 42,위탁관리,복도식,19960313,0234212063,1609.0,123283.625,1609.0,0.0,0.0,0.0,79792.29,1126010600,12.0,12.0,1.0,21.0,02028
A13176902,신내9단지임대,서울특별시 중랑구 신내동 657 신내9단지임대,임대,지역난방,19849.63,2,335.0,진흥기업(주),서울주택도시공사,0234211927,happy.i-sh.co.kr/main.do?deptid=20182,아파트,서울특별시 중랑구 신내로 127,위탁관리,복도식,19960621,0234211928,335.0,19682.6,335.0,0.0,0.0,0.0,13346.4,1126010600,15.0,15.0,0.0,4.0,02026
A13178101,신내데시앙,서울특별시 중랑구 신내동 317 신내데시앙,혼합,지역난방,169682.28,15,1326.0,태영건설,SH공사,0234220013, ,아파트,서울특별시 중랑구 용마산로 669,위탁관리,혼합식,20100108,0234220016,1326.0,130623.67,714.0,393.0,219.0,0.0,101199.27,1126010600,15.0,15.0,0.0,32.0,02053
A13178102,경원,서울특별시 중랑구 신내동 449-1 경원,,,0.0,1,80.0, , ,024367763,없음,아파트,서울특별시 중랑구 봉화산로56길 73,,,, ,0.0,0.0,80.0,0.0,0.0,0.0,4611.6,1126010600,1.0,5.0,0.0,0.0,
A13186502,신내우남푸르미아,서울특별시 중랑구 신내동 802 신내우남푸르미아,분양,개별난방,22916.15,3,153.0,(주)우남건설,(주)우남건설,0234233200, ,아파트,서울특별시 중랑구 봉화산로56길 51,위탁관리,계단식,20050404,0234233201,153.0,16456.195,0.0,134.0,19.0,0.0,13481.11,1126010600,19.0,19.0,1.0,4.0,02068
A13186503,신내석탑,서울특별시 중랑구 신내동 787 신내석탑,분양,개별난방,27400.63,2,242.0,석탑건설,석탑건설,0222087876, ,아파트,서울특별시 중랑구 용마산로125길 92,위탁관리,혼합식,19970131,0222087855,242.0,26681.04,125.0,117.0,0.0,0.0,17375.7,1126010600,22.0,22.0,2.0,6.0,02058
A13186504,신내영풍마드레빌,서울특별시 중랑구 신내동 801 신내영풍마드레빌,분양,개별난방,36705.0,5,260.0,영풍건설,영풍건설,0234212150, ,아파트,서울특별시 중랑구 용마산로129가길 41,위탁관리,계단식,20040213,0234230227,260.0,27801.254,0.0,260.0,0.0,0.0,22060.61,1126010600,24.0,24.0,2.0,6.0,02068
A13186708,"신내동성1,2차","서울특별시 중랑구 신내동 397 신내동성1,2차",분양,지역난방,118462.0,9,1047.0,(주)동성,(주)동성,024951630,신내동성1차2차.apti.co.kr,아파트,서울특별시 중랑구 신내로 128,위탁관리,혼합식,19930205,024951640,1047.0,108504.01,442.0,417.0,188.0,0.0,83174.2,1126010600,20.0,20.0,1.0,22.0,02054
A13186801,신내다우훼밀리,서울특별시 중랑구 신내동 796 신내다우훼밀리,분양,개별난방,15008.12,1,152.0,다우종합건설,다우훼밀리아파트,024948697, ,아파트,서울특별시 중랑구 송림길 16,위탁관리,혼합식,19990129,024958697,152.0,11641.5,66.0,73.0,13.0,0.0,11641.5,1126010600,22.0,22.0,0.0,3.0,02086
A13186905,라이프미성,서울특별시 중랑구 신내동 487 라이프미성,분양,개별난방,26167.43,2,277.0,라이프건설,김형태,024366422, ,아파트,서울특별시 중랑구 용마산로129나길 101,위탁관리,복도식,19920424,024326422,277.0,19157.89,195.0,82.0,0.0,0.0,18077.36,1126010600,12.0,12.0,0.0,4.0,02071
A13186907,중앙하이츠,서울특별시 중랑구 신내동 479 중앙하이츠,분양,개별난방,78862.0,5,704.0,중앙건설(주),한전조합,024390979, ,아파트,서울특별시 중랑구 봉화산로56길 145-1,위탁관리,계단식,19960328,024390929,704.0,60509.082,0.0,704.0,0.0,0.0,59818.88,1126010600,15.0,15.0,0.0,25.0,02071
A13187004,신내성원,서울특별시 중랑구 신내동 783 신내성원,분양,개별난방,104746.04,5,876.0,성원건설,성원건설,024390198, ,아파트,서울특별시 중랑구 신내로 51,위탁관리,계단식,19940929,024398791,876.0,92645.76,0.0,876.0,0.0,0.0,73944.04,1126010600,25.0,25.0,2.0,22.0,02076
A13187201,신내8단지두산화성,서울특별시 중랑구 신내동 656 신내8단지두산화성,분양,지역난방,86432.12,8,763.0,"두산건설,화성산업","두산개발,화성산업",0234210603, ,아파트,서울특별시 중랑구 신내로 155,위탁관리,혼합식,19951222,0234211715,763.0,75265.84,0.0,763.0,0.0,0.0,55417.68,1126010600,15.0,15.0,1.0,18.0,02025
A13187203,신내진로아파트,서울특별시 중랑구 신내동 654 신내진로아파트,분양,지역난방,142806.0,17,818.0,진로,진로,0234210131, ,아파트,서울특별시 중랑구 신내로17길 41,위탁관리,계단식,19951206,0234210134,818.0,113198.02,0.0,0.0,770.0,48.0,91553.06,1126010600,12.0,12.0,2.0,36.0,02027
A13187302,신내대명11단지,서울특별시 중랑구 신내동 661 신내대명11단지,분양,지역난방,63544.85,6,804.0,대명건설,서울시도시개발공사,0234210276, ,아파트,서울특별시 중랑구 봉화산로 193,위탁관리,복도식,19960313,0234210277,804.0,57622.44,804.0,0.0,0.0,0.0,40010.3,1126010600,15.0,15.0,0.0,12.0,02043
A13187305,신내9단지,서울특별시 중랑구 신내동 657 신내9단지,분양,지역난방,85762.22,10,1315.0,진흥,SH공사,0234211936, ,아파트,서울특별시 중랑구 신내로 127,위탁관리,복도식,19960621,0234230512,1315.0,83069.42,1315.0,0.0,0.0,0.0,54106.78,1126010600,15.0,15.0,0.0,16.0,02026
A13187306,신내10단지,서울특별시 중랑구 신내동 660 신내10단지,임대,지역난방,69017.0,8,1432.0,(주)건영,서울주택도시공사(SH),0234214037,happy.i-sh.co.kr,아파트,서울특별시 중랑구 신내로 115,위탁관리,복도식,19960311,0234214039,1432.0,67578.71,1432.0,0.0,0.0,0.0,45104.6,1126010600,15.0,15.0,0.0,17.0,02043
A13187406,신내새한아파트,서울특별시 중랑구 신내동 795 신내새한아파트,분양,개별난방,68381.15,6,532.0,새한건설(주),새한건설(주),0234232027,seahan2027@daum.net,아파트,서울특별시 중랑구 용마산로 616,위탁관리,혼합식,19981127,0234232028,532.0,54277.543,212.0,228.0,92.0,0.0,42562.44,1126010600,24.0,24.0,2.0,10.0,02058
A10020069,성일우리미아파트,서울특별시 성북구 돈암동 637 성일우리미아파트,분양,개별난방,11404.35,1,0.0,성일건설(주),서라벌재건축조합,029236440, ,아파트,서울특별시 성북구 정릉로52길 46,위탁관리,계단식,20041231,029236430,79.0,8596.5,0.0,0.0,0.0,0.0,6707.38,1129010300,0.0,14.0,0.0,0.0,
A10025140,동소문현대아파트,서울특별시 성북구 돈암동 630 동소문현대아파트,분양,개별난방,16504.0,2,141.0,현대건설(주),현대건설직장주택조합외,029289773,dsmhd.aptner.com,아파트,서울특별시 성북구 아리랑로5길 50-8,위탁관리,계단식,19940718,029289773,141.0,16066.22,0.0,141.0,0.0,0.0,11764.32,1129010300,15.0,15.0,1.0,5.0,02826
A10027227,돈암코오롱하늘채아파트,서울특별시 성북구 돈암동 644 돈암코오롱하늘채아파트,혼합,개별난방,98373.0,10,629.0,돈암정릉구역주택재개발정비사업조합,코오롱건설,029277650,admin.aptner.com/,아파트,서울특별시 성북구 아리랑로 75,위탁관리,혼합식,20161229,029277652,629.0,60662.92,246.0,367.0,16.0,0.0,45971.603,1129010300,16.0,16.0,5.0,22.0,02826
A10027350,대성유니드아파트,서울특별시 성북구 돈암동 641 대성유니드아파트,분양,개별난방,14148.0,2,81.0,대성산업,성북구청,029280025, ,아파트,서울특별시 성북구 동소문로31길 6-1,위탁관리,계단식,20090727,029210600,81.0,9907.73,0.0,55.0,26.0,0.0,7642.4,1129010300,14.0,14.0,2.0,2.0,02829
A10028001,금호어울림센터힐아파트,서울특별시 성북구 돈암동 643 금호어울림센터힐아파트,혼합,개별난방,66866.9,6,490.0,금호건설,돈암제5구역 주택재개발정비사업조합,029278914,www.jalsalda.com,아파트,서울특별시 성북구 동소문로34길 73,위탁관리,기타,20141031,029278903,490.0,44141.2,260.0,190.0,40.0,0.0,34301.02,1129010300,23.0,23.0,4.0,11.0,02807
A13606002,돈암포스코더샵,서울특별시 성북구 돈암동 603 돈암포스코더샵,분양,개별난방,48965.0,8,339.0,포스코건설(주),상록주택조합,0264064848,www.donamposco.co.kr,아파트,서울특별시 성북구 아리랑로5길 85,위탁관리,계단식,20060331,0264064847,339.0,35861.453,0.0,339.0,0.0,0.0,28746.489,1129010300,20.0,20.0,3.0,11.0,02825
A13606003,돈암일신건영휴먼빌,서울특별시 성북구 돈암동 524 돈암일신건영휴먼빌,분양,개별난방,115090.42,11,689.0,일신건영,아리랑재건축조합,029214821, ,아파트,서울특별시 성북구 아리랑로 89,위탁관리,계단식,20050601,029214820,689.0,85634.03,15.0,295.0,271.0,108.0,73211.34,1129010300,20.0,20.0,3.0,22.0,02826
A13606004,돈암한신한진아파트,서울특별시 성북구 돈암동 609-1 돈암한신한진아파트,분양,중앙난방,659930.0,30,3929.0,"한신공영(주), 한진중공업(주)","한신공영(주),한진중공업(주)",029268472,한신한진.한국/,아파트,서울특별시 성북구 성북로4길 52,위탁관리,혼합식,19980701,029268474,3929.0,492390.9,684.0,1493.0,1488.0,264.0,387754.77,1129010300,21.0,21.0,0.0,94.0,02831
A13606005,동소문한진임대,서울특별시 성북구 돈암동 609-1 동소문한진임대,임대,중앙난방,26523.4,1,580.0,한진,한신공영,029216985, ,아파트,서울특별시 성북구 성북로4길 52,위탁관리,복도식,19980701,029216986,580.0,24925.5,580.0,0.0,0.0,0.0,18844.2,1129010300,20.0,20.0,0.0,0.0,02831
A13606101,돈암풍림,서울특별시 성북구 돈암동 632 돈암풍림,분양,개별난방,65330.86,5,460.0,풍림건설(주),주택관리조합,029283950,www.aptner.com,아파트,서울특별시 성북구 북악산로 913,위탁관리,혼합식,19990511,029283951,460.0,51898.855,84.0,243.0,133.0,0.0,40803.53,1129010300,18.0,18.0,3.0,14.0,02808
A13606102,돈암범양,서울특별시 성북구 돈암동 631 돈암범양,분양,개별난방,65563.01,5,499.0,범양건영(주),범양재건축조합,0262232655, ,아파트,서울특별시 성북구 정릉로 402-16,위탁관리,혼합식,19981209,0262232656,499.0,52509.086,202.0,179.0,118.0,0.0,40840,1129010300,20.0,20.0,3.0,11.0,02801
A13606105,돈암풍림임대,서울특별시 성북구 돈암동 632-1 돈암풍림임대,임대,개별난방,16723.0,1,309.0,풍림산업(주),SH공사,029276550, ,아파트,서울특별시 성북구 북악산로 898,위탁관리,복도식,19990511,0262216550,309.0,15322.383,309.0,0.0,0.0,0.0,9959.07,1129010300,17.0,17.0,1.0,4.0,02840
A13606106,돈암삼성임대,서울특별시 성북구 돈암동 15-2 돈암삼성임대,임대,개별난방,39152.0,2,736.0,삼성물산(주),삼성물산(주),029215115, ,아파트,서울특별시 성북구 동소문로34길 24,위탁관리,복도식,19990430,029215116,736.0,34062.816,736.0,0.0,0.0,0.0,23912.64,1129010300,23.0,23.0,2.0,8.0,02807
A13606107,돈암삼성,서울특별시 성북구 돈암동 15-1 돈암삼성,분양,개별난방,174732.31,7,1278.0,삼성물산,돈암3-2지구 재개발조합,029214844, ,아파트,서울특별시 성북구 동소문로34길 24,위탁관리,혼합식,19990430,029255568,1278.0,139342.7,298.0,585.0,395.0,0.0,112477.05,1129010300,26.0,26.0,3.0,29.0,02807
A13606201,브라운스톤돈암,서울특별시 성북구 돈암동 636 브라운스톤돈암,분양,개별난방,523572.16,16,1074.0,이수건설주식회사,정릉돈암 재건축조합,0262298989,https://dabrown.aptner.com/v2,아파트,서울특별시 성북구 북악산로 844,위탁관리,계단식,20041218,0262298990,1074.0,106528.21,514.0,482.0,78.0,0.0,80428.48,1129010300,19.0,19.0,5.0,30.0,02828
A13679902,돈암힐스테이트,서울특별시 성북구 돈암동 639 돈암힐스테이트,분양,개별난방,29669.0,6,201.0,현대건설(주),돈암제1구역주택재개발조합,029276237, ,아파트,서울특별시 성북구 아리랑로 68,위탁관리,계단식,20070418,029276238,200.0,19450.88,89.0,72.0,40.0,0.0,15826.88,1129010300,12.0,12.0,3.0,9.0,02827
A13679903,돈암신일해피트리,서울특별시 성북구 돈암동 642 돈암신일해피트리,분양,개별난방,39815.05,6,192.0,신화종합건설,한국토지신탁,029278823, ,아파트,서울특별시 성북구 아리랑로5길 92,위탁관리,계단식,20130115,029278824,192.0,26169.97,0.0,96.0,63.0,33.0,21046.86,1129010300,11.0,11.0,3.0,6.0,02826
A13681303,돈암동부센트레빌,서울특별시 성북구 돈암동 633 돈암동부센트레빌,분양,개별난방,84708.06,9,540.0,동부건설(주),동부건설(주),029213812, ,아파트,서울특별시 성북구 정릉로 388,위탁관리,계단식,20030918,029213813,540.0,65117.76,0.0,398.0,142.0,0.0,48580.22,1129010300,23.0,23.0,0.0,19.0,02806
A13681304,돈암현대,서울특별시 성북구 돈암동 1 돈암현대,분양,개별난방,536020.3,6,619.0,현대산업개발,주택개량재개발조함,029277858, ,아파트,서울특별시 성북구 정릉로 404,위탁관리,혼합식,19910613,029277859,619.0,53602.31,284.0,335.0,0.0,0.0,39755.03,1129010300,15.0,15.0,0.0,18.0,02801
A13603401,동소문동송산,서울특별시 성북구 동소문동4가 279 동소문동송산,분양,개별난방,34499.0,3,345.0,송촌건설,송촌건설,029532972, ,아파트,서울특별시 성북구 동소문로3길 101,위탁관리,혼합식,19980612,029532973,345.0,28076.81,204.0,66.0,71.0,4.0,26078.24,1129010700,18.0,18.0,0.0,7.0,02832
A13603701,동소문한신휴플러스,서울특별시 성북구 동소문동4가 280 동소문한신휴플러스,분양,개별난방,61982.0,9,409.0,한신공영,동소문구역주택재개발조합,0262293131, ,아파트,서울특별시 성북구 동소문로13길 47,위탁관리,계단식,20040705,029533131,409.0,43035.76,170.0,159.0,62.0,18.0,33555.53,1129010700,20.0,20.0,3.0,14.0,02832
A13603501,돈암동일하이빌,서울특별시 성북구 동소문동5가 120 돈암동일하이빌,분양,개별난방,47086.58,2,236.0,동일하이빌,돈암동일,029532260, ,주상복합,서울특별시 성북구 보문로38길 11,위탁관리,계단식,20060428,029532269,236.0,26882.66,0.0,192.0,44.0,0.0,21517.274,1129010800,25.0,25.0,5.0,4.0,02846
A13603702,브라운스톤동선,서울특별시 성북구 동소문동7가 120 브라운스톤동선,분양,개별난방,30015.85,4,194.0,동선구역주택재개발조합,이수건설,029218306, ,아파트,서울특별시 성북구 아리랑로5길 25,위탁관리,계단식,20101126,029218307,194.0,20946.11,80.0,84.0,30.0,0.0,15382.27,1129011000,15.0,15.0,2.0,7.0,02830
A13672101,삼선푸르지오아파트,서울특별시 성북구 삼선동2가 425 삼선푸르지오아파트,분양,개별난방,133964.48,22,864.0,대우건설(주),조합아파트,027432545,samsunprugio.aptner.com/,아파트,서울특별시 성북구 보문로29다길 31,위탁관리,계단식,20080327,027432544,864.0,90403.08,180.0,486.0,198.0,0.0,74714.84,1129011200,15.0,15.0,3.0,39.0,02875
A13672102,삼선힐스테이트,서울특별시 성북구 삼선동2가 420 삼선힐스테이트,분양,개별난방,52459.0,9,377.0,현대건설(주),현대건설(주),027450455,삼선힐스테이트.apti.co.kr,아파트,서울특별시 성북구 낙산길 243-15,위탁관리,계단식,20091201,0263190633,377.0,37214.36,152.0,161.0,64.0,0.0,29637.83,1129011200,14.0,14.0,2.0,16.0,02875
A13604301,삼선1SH-VILLE,서울특별시 성북구 삼선동3가 115 삼선1SH-VILLE,임대,개별난방,22692.83,1,285.0,(주)성원건설,에스에이치공사,027418170, ,아파트,서울특별시 성북구 보문로29다길 25-9,위탁관리,복도식,20081114,027418171,285.0,10150.3,285.0,0.0,0.0,0.0,10150.3,1129011300,15.0,15.0,2.0,3.0,02869
A13670801,삼선SKView,서울특별시 성북구 삼선동3가 116 삼선SKView,분양,개별난방,76810.93,7,430.0,SK건설,삼선1구역주택재건축조합,0236757626, ,아파트,서울특별시 성북구 삼선교로16길 35,위탁관리,계단식,20120430,0236757627,430.0,48780.61,88.0,228.0,109.0,5.0,38615.33,1129011300,15.0,15.0,3.0,15.0,02863
A13604401,삼선코오롱아파트,서울특별시 성북구 삼선동4가 73 삼선코오롱아파트,분양,개별난방,58309.0,5,437.0,코오롱,코오롱,029287214, ,아파트,서울특별시 성북구 삼선교로23길 23,자치관리,혼합식,19991102,0263147412,437.0,46161.61,200.0,136.0,101.0,0.0,35129.16,1129011400,18.0,18.0,2.0,11.0,02861
A13607101,안암래미안,서울특별시 성북구 안암동1가 361 안암래미안,분양,개별난방,54214.13,12,528.0,삼성건설,안암제1구역주택재개발조합,029240709,www.aptner.com,아파트,서울특별시 성북구 고려대로17가길 64,위탁관리,계단식,20050616,029240705,528.0,52792.04,232.0,206.0,90.0,0.0,41676.1742,1129012100,15.0,15.0,0.0,22.0,02843
A10022341,해링턴플레이스안암,서울특별시 성북구 안암동3가 138- 해링턴플레이스안암,분양,개별난방,30328.0,4,199.0,진흥기업,안암2구역주택재개발정비사업,029280801, ,아파트,서울특별시 성북구 고려대로14길 39,위탁관리,혼합식,20240729,029290802,199.0,17816.156,56.0,143.0,0.0,0.0,13849.54,1129012300,12.0,12.0,2.0,8.0,
A13607301,안암삼익,서울특별시 성북구 안암동3가 135 안암삼익,분양,개별난방,29563.52,3,204.0,삼익건설,삼익주택,029288786, ,아파트,서울특별시 성북구 안암로9길 30,자치관리,계단식,19830614,029283210,204.0,29563.52,0.0,0.0,108.0,96.0,28159.92,1129012300,12.0,12.0,1.0,9.0,02858
A13607302,안암대광,서울특별시 성북구 안암동3가 136-1 안암대광,분양,개별난방,21534.0,7,354.0,오진개발,오진개발,029260776,공동주택 통합정보마당,아파트,서울특별시 성북구 안암로9나길 14,자치관리,계단식,19711209,029255481,356.0,21477.86,294.0,58.0,0.0,2.0,18143.51,1129012300,7.0,7.0,0.0,0.0,02858
A13608401,보문하우스토리주상복합,서울특별시 성북구 보문동4가 116 보문하우스토리주상복합,분양,개별난방,27540.0,2,162.0,(주)남광토건,보문시장정비사업조합,029216885, ,주상복합,서울특별시 성북구 고려대로2길 37,위탁관리,계단식,20110805,029256885,162.0,27539.908,12.0,94.0,56.0,0.0,15010.746,1129012600,15.0,15.0,4.0,6.0,02852
A10027189,보문파크뷰자이아파트,서울특별시 성북구 보문동6가 198-45 보문파크뷰자이아파트,혼합,개별난방,166764.73,17,1186.0,GS건설,보문제3구역 주택재개발정비사업조합,029279110, ,아파트,서울특별시 성북구 보문사길 111,위탁관리,혼합식,20170118,029279279,1186.0,102268.74,694.0,492.0,0.0,0.0,73895.41,1129012800,20.0,20.0,7.0,35.0,02874
A13608601,보문아남,서울특별시 성북구 보문동6가 36-2 보문아남,분양,개별난방,25715.75,3,218.0,아남건설,호웅건설,029532617, ,아파트,서울특별시 성북구 보문사길 112,위탁관리,계단식,19941010,029218861,218.0,24297.05,0.0,218.0,0.0,0.0,18302.8,1129012800,15.0,15.0,1.0,8.0,02874
A10023669,보문리슈빌하우트,서울특별시 성북구 보문동1가 228 보문리슈빌하우트,혼합,개별난방,58552.84,8,465.0,계룡건설,보문제2구역 주택재개발 정비사업,029211055, ,아파트,서울특별시 성북구 보문로26길 18,위탁관리,혼합식,20220330,029211056,465.0,36913.957,397.0,68.0,0.0,0.0,28068.53,1129013000,18.0,18.0,2.0,13.0,02851
A13608301,보문아이파크,서울특별시 성북구 보문동3가 2 보문아이파크,분양,개별난방,59904.0,8,431.0,현대산업개발,재개발조합,029220634,보문아이파크.apti.co.kr,아파트,서울특별시 성북구 지봉로21길 19,위탁관리,혼합식,20030830,029220635,431.0,43424.64,176.0,195.0,60.0,0.0,33819.65,1129013200,15.0,15.0,2.0,10.0,02870
A13677401,이편한세상보문,서울특별시 성북구 보문동3가 229 이편한세상보문,혼합,개별난방,71364.84,7,440.0,대림산업(주),보문4구역정비사업조합,029280046, ,아파트,서울특별시 성북구 낙산길 255,위탁관리,계단식,20131224,029280056,440.0,46273.12,93.0,259.0,88.0,0.0,35723.909,1129013200,15.0,15.0,2.0,16.0,02874
A10022655,이안테라디움 성북,서울특별시 성북구 정릉동 1056 이안테라디움 성북,임대,개별난방,22062.139,2,227.0,대우산업개발(주),남성개발(주),029439779, ,,서울특별시 성북구 정릉로 104,위탁관리(직영+위탁),복도식,20230620,0232960207,227.0,15120.203,227.0,0.0,0.0,0.0,3920.6469,1129013300,4.0,4.0,3.0,6.0,02812
A10024056,정릉피오레,서울특별시 성북구 정릉동 1024 정릉피오레,분양,개별난방,18294.0,2,127.0,대주건설,정원,029166256, ,,서울특별시 성북구 보국문로 183,위탁관리,계단식,20041130,0260800359,127.0,15507.87,0.0,0.0,127.0,0.0,12354.97,1129013300,15.0,15.0,2.0,0.0,
A10024237,청신호 행복주택 정릉하늘마루,서울특별시 성북구 정릉동 1054 청신호 행복주택 정릉하늘마루,임대,개별난방,9340.7,3,166.0,대흥토건,sh,029090892, ,아파트,서울특별시 성북구 정릉로10가길 6-31,위탁관리,복도식,20200326,029090893,166.0,9340.7,166.0,0.0,0.0,0.0,4042.31,1129013300,4.0,4.0,2.0,0.0,02812
A10028000,정릉꿈에그린아파트,서울특별시 성북구 정릉동 1037 정릉꿈에그린아파트,혼합,개별난방,55685.0,8,349.0,한화건설,정릉10구역 주택재개발정비사업,029137811,jndream.aptner.com,아파트,서울특별시 성북구 아리랑로19가길 20,위탁관리,기타,20150430,029137813,349.0,35089.0,123.0,197.0,29.0,0.0,25759.7,1129013300,19.0,19.0,5.0,0.0,02820
A13610001,정릉우방아파트,서울특별시 성북구 정릉동 1016 정릉우방아파트,분양,개별난방,27327.0,1,196.0,우방건설,우방건설,029191172, ,아파트,서울특별시 성북구 북악산로 746,위탁관리,혼합식,19990728,029185732,196.0,20549.15,84.0,95.0,17.0,0.0,15040.87,1129013300,18.0,18.0,3.0,5.0,02826
A13610003,정릉힐스테이트1차아파트,서울특별시 성북구 정릉동 1030 정릉힐스테이트1차아파트,분양,개별난방,34660.098,3,222.0,현대건설,프리모,029199280, ,아파트,서울특별시 성북구 북악산로 831,위탁관리,계단식,20070518,029199281,222.0,24603.898,0.0,222.0,0.0,0.0,18789.858,1129013300,20.0,20.0,4.0,7.0,02818
A13610004,정릉산장,서울특별시 성북구 정릉동 780 정릉산장,분양,개별난방,20146.94,2,264.0,광산건설,광산건설,029113610, ,아파트,서울특별시 성북구 보국문로 167,자치관리,복도식,19771229,029113610,264.0,18295.2,220.0,44.0,0.0,0.0,14781.8,1129013300,11.0,11.0,1.0,4.0,02704
A13610005,정릉힐스테이트3차,서울특별시 성북구 정릉동 1031 정릉힐스테이트3차,분양,개별난방,81104.0,19,522.0,현대힐스테이트,현대힐스테이트,029191220, ,아파트,서울특별시 성북구 보국문로 116,위탁관리,계단식,20080609,029431281,522.0,55613.04,222.0,200.0,100.0,0.0,41787.56,1129013300,10.0,10.0,0.0,29.0,02702
A13610007,정릉풍림아이원,서울특별시 성북구 정릉동 239 정릉풍림아이원,분양,개별난방,280645.56,28,1971.0,정릉제4구역재개발조합,풍림산업,029195547,정릉풍림.apti.co.kr,아파트,서울특별시 성북구 솔샘로25길 28,위탁관리,혼합식,20051228,029195543,1971.0,205962.0,827.0,688.0,456.0,0.0,159726.42,1129013300,20.0,20.0,4.0,50.0,02702
A13610102,길음뉴타운10단지,서울특별시 성북구 정릉동 1034 길음뉴타운10단지,혼합,개별난방,48073.0,3,236.0,라온건설,정릉1동제일주택재건축정비사업조합,029144149,http://raonuapt.co.kr/,아파트,서울특별시 성북구 정릉로 307,위탁관리,계단식,20081008,029144150,236.0,28130.6,0.0,184.0,52.0,0.0,21292.04,1129013300,26.0,26.0,4.0,0.0,02719
A13610103,정릉힐스테이트,서울특별시 성북구 정릉동 1025 정릉힐스테이트,분양,개별난방,38939.78,7,355.0,현대건설,현대건설,029095556, ,아파트,서울특별시 성북구 정릉로 292,위탁관리,계단식,20041223,029095508,355.0,38816.53,41.0,314.0,0.0,0.0,29122.42,1129013300,25.0,25.0,2.0,8.0,02815
A13610107,길음뉴타운 경남아너스빌,서울특별시 성북구 정릉동 1015 길음뉴타운 경남아너스빌,분양,개별난방,105950.0,8,860.0,경남기업(주),정릉A지구 재건축조합,029132030, ,아파트,서울특별시 성북구 정릉로 305,위탁관리,혼합식,19990619,029135900,860.0,87264.67,398.0,270.0,192.0,0.0,67321.99,1129013300,22.0,22.0,2.0,18.0,02719
A13610201,정릉2차대주피오레,서울특별시 성북구 정릉동 1032 정릉2차대주피오레,분양,개별난방,20962.78,4,169.0,대주건설,대한주택보증,029138661, ,아파트,서울특별시 성북구 아리랑로19길 86,위탁관리,계단식,20080530,029138663,169.0,17057.24,37.0,132.0,0.0,0.0,13436.6397,1129013300,12.0,12.0,2.0,10.0,02813
A13610202,정릉푸르지오,서울특별시 성북구 정릉동 406 정릉푸르지오,분양,개별난방,57043.06,7,403.0,대우건설,정릉제2구역주택재개발조합,0262211252,정릉푸르지오.apti.co.kr/,아파트,서울특별시 성북구 보국문로 19,위탁관리,계단식,20051128,0262211253,403.0,40027.6,180.0,148.0,75.0,0.0,31979.87,1129013300,20.0,20.0,2.0,12.0,02710
A13610301,정릉성원,서울특별시 성북구 정릉동 1019 정릉성원,분양,개별난방,36324.77,2,271.0,성원건설,성원,029180145, ,아파트,서울특별시 성북구 정릉로21길 21,위탁관리,혼합식,20000117,029180154,271.0,27965.623,126.0,109.0,36.0,0.0,20946.9,1129013300,19.0,19.0,2.0,0.0,02710
A13676501,정릉쌍용,서울특별시 성북구 정릉동 1017 정릉쌍용,분양,개별난방,26102.0,2,193.0,쌍용건설,쌍용건설,029125500, ,아파트,서울특별시 성북구 북악산로 847,위탁관리,혼합식,19991113,029125503,193.0,19455.3,126.0,19.0,48.0,0.0,14653.51,1129013300,19.0,19.0,2.0,4.0,02818
A13676504,정릉스카이쌍용,서울특별시 성북구 정릉동 1014 정릉스카이쌍용,분양,개별난방,55787.0,3,406.0,쌍용건설,정릉스카이 재건축 조합,029179114, ,아파트,서울특별시 성북구 북악산로 828,위탁관리,혼합식,19990212,0262239114,406.0,42365.94,210.0,116.0,80.0,0.0,31086.64,1129013300,20.0,20.0,3.0,8.0,02827
A13676605,길음뉴타운 데시앙,서울특별시 성북구 정릉동 1018 길음뉴타운 데시앙,분양,개별난방,70757.0,6,514.0,(주)태영,숭덕재건축조합,029121417,www.intm.com/정릉태영,아파트,서울특별시 성북구 서경로 28,위탁관리,혼합식,19991122,029121418,514.0,53099.35,286.0,113.0,115.0,0.0,39633.42,1129013300,19.0,19.0,0.0,13.0,02719
A13676702,정릉대우,서울특별시 성북구 정릉동 1021 정릉대우,분양,개별난방,94057.0,7,791.0,(주)대우,선덕아파트 재건축조합외 7개 조합,029125630,정릉대우.apti.co.kr,아파트,서울특별시 성북구 보국문로30길 15,위탁관리,혼합식,20010621,029183906,792.0,70513.28,481.0,198.0,112.0,0.0,53734.59,1129013300,18.0,18.0,3.0,0.0,02701
A13676703,정릉1차e-편한세상,서울특별시 성북구 정릉동 1028 정릉1차e-편한세상,분양,개별난방,99443.23,11,739.0,대림건설,정릉5구역재건축조합,029141870,아파트너,아파트,서울특별시 성북구 솔샘로24길 15,위탁관리,계단식,20060602,029141872,739.0,74088.29,314.0,305.0,120.0,0.0,58439.98,1129013300,20.0,20.0,0.0,20.0,02712
A13676704,정릉풍림아이원임대,서울특별시 성북구 정릉동 239-5 정릉풍림아이원임대,임대,개별난방,29165.87,2,332.0,풍림산업(주),풍림산업(주),029124866, ,아파트,서울특별시 성북구 솔샘로25길 11-14,위탁관리,복도식,20051228,029124867,332.0,17501.049,332.0,0.0,0.0,0.0,10876.32,1129013300,20.0,20.0,3.0,4.0,02702
A13677101,정릉2차 e편한세상,서울특별시 성북구 정릉동 1035 정릉2차 e편한세상,분양,개별난방,83747.2,10,527.0,대림산업,대림산업,029091694,v2admin.aptner.com/,아파트,서울특별시 성북구 북악산로 851,위탁관리,계단식,20090608,029091695,527.0,54875.074,218.0,214.0,95.0,0.0,41856.61,1129013300,15.0,15.0,3.0,24.0,02818
A13677206,정릉우성,서울특별시 성북구 정릉동 1020 정릉우성,분양,개별난방,99446.4,5,823.0,우성건설,한국데이타통신(주)제3직장주택조합외 11개조합,029433122,jwsapt.com,아파트,서울특별시 성북구 북악산로 813,자치관리,혼합식,20000212,029117044,823.0,64870.85,188.0,597.0,38.0,0.0,64850.11,1129013300,20.0,20.0,6.0,22.0,02819
A13677807,정릉우정에쉐르,서울특별시 성북구 정릉동 1033 정릉우정에쉐르,분양,개별난방,32730.59,3,212.0,(주)우정건설,정릉북악재건축조합,029091418, ,아파트,서울특별시 성북구 북악산로 742-12,위탁관리,계단식,20090416,029091419,212.0,22126.67,32.0,163.0,17.0,0.0,17703.14,1129013300,19.0,19.0,3.0,6.0,02826
A13684306,정릉중앙하이츠빌2단지,서울특별시 성북구 정릉동 435 정릉중앙하이츠빌2단지,분양,개별난방,107342.0,9,745.0,중앙건설,정릉463재건축조합 외,029107558,jrjhv2.aptner.com/v2,아파트,서울특별시 성북구 정릉로26길 8,위탁관리,혼합식,20051116,0263151300,745.0,75616.93,128.0,573.0,44.0,0.0,60603.9858,1129013300,23.0,23.0,2.0,21.0,02814
A13684605,정릉푸른마을동아,서울특별시 성북구 정릉동 210 정릉푸른마을동아,분양,개별난방,75794.0,7,529.0,(주)동아건설산업,(주)동아건설산업,029139973, ,아파트,서울특별시 성북구 서경로 31,위탁관리,혼합식,20031004,0262259973,529.0,57022.4,150.0,320.0,59.0,0.0,42905.55,1129013300,20.0,20.0,3.0,16.0,02716
A13684701,정릉중앙하이츠,서울특별시 성북구 정릉동 809 정릉중앙하이츠,분양,개별난방,27769.95,4,261.0,중앙건설(주),정릉주공재건축아파트조합,029412698, ,아파트,서울특별시 성북구 보국문로32길 53,위탁관리,혼합식,19990514,029420988,261.0,26211.12,135.0,90.0,36.0,0.0,19712.04,1129013300,18.0,18.0,3.0,5.0,02700
A13685104,정릉중앙하이츠빌1단지,서울특별시 성북구 정릉동 494 정릉중앙하이츠빌1단지,분양,개별난방,62122.7,7,433.0,(주)중앙건설,"계성제지그룹직장조합외5개조합,(주)중앙건설",029115704,cafe.daum.net/heights1apt,아파트,서울특별시 성북구 아리랑로19길 60,위탁관리,계단식,20040430,029115714,433.0,43462.89,101.0,332.0,0.0,0.0,34271.34,1129013300,19.0,19.0,3.0,15.0,02813
A10022419,길음역 롯데캐슬 트윈골드,서울특별시 성북구 길음동 542-1 길음역 롯데캐슬 트윈골드,혼합,개별난방,54020.0,2,395.0,롯데건설,길음역세권 재정비촉진구역 주택재개발정비사업 조합,029437688, ,,서울특별시 성북구 길음로 11,위탁관리,복도식,20240429,029437680,395.0,33603.41,336.0,59.0,0.0,0.0,23834.06,1129013400,35.0,35.0,5.0,6.0,
A10023926,롯데캐슬클라시아,서울특별시 성북구 길음동 1289 롯데캐슬클라시아,혼합,개별난방,288555.0,19,2033.0,롯데건설,길음1재정비촉진구역주택재개발정비사업조합,029898490, ,아파트,서울특별시 성북구 숭인로8길 80,위탁관리,혼합식,20220127,029898493,2029.0,186816.81,1145.0,810.0,78.0,0.0,139561.23,1129013400,37.0,37.0,6.0,51.0,02730
A10025638,래미안길음센터피스,서울특별시 성북구 길음동 1288 래미안길음센터피스,혼합,개별난방,312313.03,24,2352.0,삼성건설,길음2재정비촉진구역주택재개발정비사업조합,029821500, ,아파트,서울특별시 성북구 숭인로 50,위탁관리,기타,20191129,029831300,2352.0,209678.81,1632.0,671.0,49.0,0.0,150592.24,1129013400,39.0,39.0,3.0,47.0,02727
A10025753,길음뉴타운11단지 롯데캐슬골든힐스아파트,서울특별시 성북구 길음동 1287 길음뉴타운11단지 롯데캐슬골든힐스아파트,혼합,개별난방,65772.0,5,399.0,롯데건설주식회사,길음3재정비촉진구역주택재건축정비사업조합,029198862, ,아파트,서울특별시 성북구 서경로 60,위탁관리,계단식,20190507,029198863,399.0,40909.32,136.0,263.0,0.0,0.0,30114.75,1129013400,24.0,24.0,4.0,16.0,02715
A13606006,길음현대,서울특별시 성북구 길음동 1277 길음현대,분양,개별난방,11519.0,1,132.0,현대건설,현대종합건설(주),029424964, ,아파트,,위탁관리,복도식,20001228,029424965,132.0,11208.67,118.0,14.0,0.0,0.0,7226.82,1129013400,16.0,16.0,1.0,2.0,
A13611001,길음뉴타운4단지임대,서울특별시 성북구 길음동 1281-1 길음뉴타운4단지임대,임대,개별난방,19288.79,1,276.0,대림산업(주),sh공사,029144003, ,아파트,서울특별시 성북구 길음로 118,위탁관리,복도식,20050420,029144007,276.0,8321.4,276.0,0.0,0.0,0.0,8321.4,1129013400,15.0,15.0,2.0,3.0,02723
A13611002,길음동부제2,서울특별시 성북구 길음동 1278-1 길음동부제2,임대,개별난방,22732.99,2,300.0,동부건설,SH공사,029826640, ,아파트,서울특별시 성북구 숭인로2길 61,위탁관리,복도식,20030331,029826641,300.0,14876.04,300.0,0.0,0.0,0.0,10464.9,1129013400,20.0,20.0,3.0,0.0,02726
A13611004,길음삼부,서울특별시 성북구 길음동 1276 길음삼부,분양,개별난방,82701.0,6,684.0,삼부토건,돈암 제 2-1 구역 재개발 조합,029435369, ,주상복합,서울특별시 성북구 동소문로 248,위탁관리,혼합식,19980202,029199665,684.0,53526.93,363.0,150.0,171.0,0.0,53496.93,1129013400,15.0,15.0,2.0,17.0,02735
A13611005,길음래미안3차,서울특별시 성북구 길음동 1283 길음래미안3차,분양,개별난방,149605.88,12,977.0,삼성물산,길음6구역 재개발 조합,029152673, ,아파트,서울특별시 성북구 길음로 16,위탁관리,계단식,20070724,029152676,977.0,99653.28,299.0,492.0,186.0,0.0,80164.671,1129013400,20.0,20.0,3.0,27.0,02725
A13611006,이편한세상 길음뉴타운4단지,서울특별시 성북구 길음동 1281 이편한세상 길음뉴타운4단지,분양,개별난방,237075.0,25,1605.0,대림산업,길음4구역 재개발,029125597,길음뉴타운대림.apti.co.kr,아파트,서울특별시 성북구 길음로 118,위탁관리,혼합식,20050420,029125590,1605.0,170104.47,497.0,792.0,316.0,0.0,132178.19,1129013400,19.0,19.0,3.0,46.0,02723
A13611007,"길음뉴타운푸르지오아파트2,3단지","서울특별시 성북구 길음동 1280 길음뉴타운푸르지오아파트2,3단지",분양,개별난방,322729.0,34,2068.0,(주)대우건설,길음2구역 주택재개발조합,029127283,gnprugio.aptner.com/v2,아파트,서울특별시 성북구 길음로 119,위탁관리,혼합식,20050420,029127285,2068.0,226412.17,488.0,1150.0,394.0,36.0,177326.04,1129013400,18.0,18.0,6.0,57.0,02714
A13611008,길음뉴타운8단지,서울특별시 성북구 길음동 1284 길음뉴타운8단지,분양,개별난방,239660.11,24,1497.0,삼성물산 주식회사,길음8구역주택재개발정비사업조합,029095917,길음래미안8단지.apti.co.kr,아파트,서울특별시 성북구 길음로 33,위탁관리,계단식,20100630,0262155919,1497.0,160844.16,541.0,711.0,245.0,0.0,120961.51,1129013400,26.0,26.0,3.0,53.0,02720
A13611009,길음SHVILLE,서울특별시 성북구 길음동 1282-1 길음SHVILLE,임대,개별난방,9395.244,1,90.0,(주)한양,SH공사,029154355,http://www.i-sh.co.kr/(우리아파트찾기:길음sh빌 클릭),아파트,서울특별시 성북구 길음로 74,위탁관리,복도식,20080204,029154356,90.0,4108.5,90.0,0.0,0.0,0.0,2778.84,1129013400,16.0,16.0,4.0,1.0,02724
A13611010,길음뉴타운8단지제2,서울특별시 성북구 길음동 1284-9 길음뉴타운8단지제2,임대,개별난방,10274.4,1,120.0,삼성물산,삼성물산,029123927, ,아파트,서울특별시 성북구 길음로 33,위탁관리,복도식,20100630,029123928,120.0,6285.6,120.0,0.0,0.0,0.0,4078.8,1129013400,14.0,14.0,2.0,2.0,02720
A13611011,래미안길음뉴타운9단지,서울특별시 성북구 길음동 1286 래미안길음뉴타운9단지,분양,개별난방,166587.42,15,1012.0,재개발조합,삼성물산,029125002, ,아파트,서울특별시 성북구 길음로9길 50,위탁관리,계단식,20100930,029125012,1012.0,111495.68,278.0,484.0,250.0,0.0,87251.6,1129013400,29.0,29.0,3.0,20.0,02721
A13611012,길음뉴타운7단지제2,서울특별시 성북구 길음동 1285-5 길음뉴타운7단지제2,임대,개별난방,8287.29,1,99.0,두산건설,두산건설,029145841, ,아파트,서울특별시 성북구 길음로13길 22,위탁관리,복도식,20100728,029123928,99.0,4876.74,99.0,0.0,0.0,0.0,3203.64,1129013400,13.0,13.0,2.0,2.0,02715
A13611102,길음뉴타운3단지임대,서울특별시 성북구 길음동 1280-3 길음뉴타운3단지임대,임대,개별난방,23125.0,2,282.0,대우건설(주),sh공사,029143133, ,아파트,서울특별시 성북구 길음로13길 39,위탁관리,복도식,20050420,029143491,282.0,8632.02,282.0,0.0,0.0,0.0,8632.02,1129013400,16.0,16.0,2.0,4.0,02715
A13611103,래미안길음1차,서울특별시 성북구 길음동 1279 래미안길음1차,분양,개별난방,155243.1,15,1125.0,삼성물산,길음1구역 재개발주택조합,029432581, ,아파트,서울특별시 성북구 길음로9길 40,위탁관리,계단식,20030129,029432582,1125.0,109096.06,452.0,449.0,224.0,0.0,91018.04,1129013400,20.0,20.0,3.0,0.0,02721
A13611201,래미안길음2차아파트,서울특별시 성북구 길음동 1282 래미안길음2차아파트,분양,개별난방,90156.75,11,560.0,삼성물산,삼성물산,029131793, ,아파트,서울특별시 성북구 길음로 74,위탁관리,계단식,20060623,029131794,560.0,58690.72,201.0,252.0,107.0,0.0,45717.18,1129013400,20.0,20.0,2.0,16.0,02724
A13611202,길음동부센트레빌,서울특별시 성북구 길음동 1278 길음동부센트레빌,분양,개별난방,200377.2,18,1377.0,동부건설(주),길음3구역재개발주택조합,029820193,www.gilumdongbuapt.kr,아파트,서울특별시 성북구 숭인로2길 61,위탁관리,계단식,20030331,029820194,1377.0,152117.12,373.0,671.0,333.0,0.0,117575.274,1129013400,23.0,23.0,4.0,34.0,02726
A13679402,길음뉴타운9단지제2,서울특별시 성북구 길음동 1286-7 길음뉴타운9단지제2,임대,개별난방,19548.76,3,242.0,삼성물산,래미안길음뉴타운9단지제2관리사무소,029123927, ,아파트,서울특별시 성북구 길음로9길 50,위탁관리,계단식,20100930,029123928,242.0,12066.12,242.0,0.0,0.0,0.0,8053.76,1129013400,15.0,15.0,3.0,4.0,02721
A13679403,길음뉴타운7단지,서울특별시 성북구 길음동 1285 길음뉴타운7단지,분양,개별난방,69705.0,6,449.0,두산건설,길음뉴타운,029094849, ,아파트,서울특별시 성북구 길음로13길 22,위탁관리,계단식,20100728,029094726,449.0,49974.14,131.0,228.0,90.0,0.0,37581.26,1129013400,23.0,23.0,4.0,12.0,02715
A13680701,길음신안파크,서울특별시 성북구 길음동 635-168 길음신안파크,분양,개별난방,24091.44,3,252.0,(주)신안건설산업,(주)신안건설산업,029190885, ,아파트,서울특별시 성북구 길음로 141,위탁관리,계단식,19881126,029189312,252.0,24091.44,0.0,252.0,0.0,0.0,19001.16,1129013400,13.0,13.0,0.0,10.0,02714
A10020419,라온프라이빗종암,서울특별시 성북구 종암동 83-3 라온프라이빗종암,임대,개별난방,20765.203,1,0.0,(주)라온건설,(주)종암피에프브이,029295750, ,아파트,서울특별시 성북구 종암로21길 47,위탁관리,복도식,20250602,029295751,290.0,20765.203,0.0,0.0,0.0,0.0,8220.2264,1129013500,16.0,16.0,5.0,0.0,
A10024603,종암sh빌아파트,서울특별시 성북구 종암동 131-1 종암sh빌아파트,임대,개별난방,7063.0,1,104.0,현대산업개발,현대산업개발,029212460, ,아파트,서울특별시 성북구 종암로9길 71,위탁관리,복도식,20070420,029212459,104.0,4353.024,104.0,0.0,0.0,0.0,3154.944,1129013500,1.0,13.0,2.0,1.0,02810
A13609001,종암우림카이저팰리스,서울특별시 성북구 종암동 132 종암우림카이저팰리스,분양,개별난방,24557.89,2,161.0,우림건설,종암시장 재건축조합,029429371, ,주상복합,서울특별시 성북구 종암로 132,위탁관리,계단식,20080501,029425757,161.0,18220.52,0.0,161.0,0.0,0.0,13655.94,1129013500,25.0,25.0,3.0,5.0,02797
A13671203,종암선경아파트,서울특별시 성북구 종암동 34-3 종암선경아파트,분양,지역난방,25065.0,2,238.0,선경건설,-,029230472, ,아파트,서울특별시 성북구 종암로5길 26,위탁관리,혼합식,19960919,029230364,238.0,22236.84,86.0,152.0,0.0,0.0,16584.4,1129013500,21.0,21.0,2.0,0.0,02811
A13671204,종암2차아이파크,서울특별시 성북구 종암동 131 종암2차아이파크,분양,개별난방,117514.44,15,782.0,현대산업개발(주),현대산업개발(주),029230550, ,아파트,서울특별시 성북구 종암로9길 71,위탁관리,계단식,20050930,029291337,782.0,78755.24,255.0,419.0,108.0,0.0,63101.829,1129013500,20.0,20.0,2.0,25.0,02810
A13671205,종암SK,서울특별시 성북구 종암동 104-1 종암SK,분양,개별난방,144121.95,6,1318.0,SK건설,종암구역주택개량재개발,029424271,종암sk.apti.co.kr,아파트,서울특별시 성북구 종암로24가길 53,위탁관리,혼합식,19990407,029411717,1318.0,144121.95,438.0,524.0,356.0,0.0,111292.4,1129013500,27.0,27.0,2.0,21.0,02798
A13671206,종암아이파크1차,서울특별시 성북구 종암동 130 종암아이파크1차,분양,개별난방,75689.66,7,513.0,현대산업개발,종암1동재개발조합,029277733, ,아파트,서울특별시 성북구 종암로21길 127,위탁관리,계단식,20040924,029266800,513.0,51945.05,217.0,220.0,76.0,0.0,40221.85,1129013500,20.0,20.0,3.0,15.0,02802
A13671207,종암극동아파트,서울특별시 성북구 종암동 128 종암극동아파트,분양,개별난방,38585.797,2,297.0,극동건설,극동건설,029261995,종암극동.apti.co.kr,아파트,서울특별시 성북구 북악산로29길 67,위탁관리,혼합식,20001207,029261996,300.0,30664.99,137.0,106.0,54.0,0.0,23376.578,1129013500,18.0,18.0,0.0,10.0,02811
A13671208,래미안세레니티,서울특별시 성북구 종암동 133 래미안세레니티,분양,개별난방,148630.0,14,955.0,삼성물산 건설부문,종암4,029239324,빌리진 i,아파트,서울특별시 성북구 종암로23길 35,위탁관리,계단식,20091029,029239326,955.0,101956.49,345.0,446.0,164.0,0.0,77438.66,1129013500,24.0,24.0,2.0,25.0,02804
A13671209,래미안라센트,서울특별시 성북구 종암동 134 래미안라센트,분양,개별난방,129694.0,10,837.0,삼성물산(주),종암5구역 재개발 조합,029171426, ,아파트,서울특별시 성북구 종암로24가길 80,위탁관리,계단식,20110131,029171429,837.0,90921.55,224.0,431.0,182.0,0.0,70992.57,1129013500,24.0,24.0,2.0,21.0,02799
A13671210,종암SK제2,서울특별시 성북구 종암동 104-5 종암SK제2,임대,개별난방,22273.86,1,465.0,선경건설,선경건설,029118710, ,아파트,서울특별시 성북구 종암로24가길 53,위탁관리,복도식,19990407,0262238710,465.0,20288.414,465.0,0.0,0.0,0.0,12220.2,1129013500,21.0,21.0,2.0,5.0,02798
A13671211,래미안종암3차,서울특별시 성북구 종암동 134-1 래미안종암3차,임대,개별난방,15600.4,2,188.0,삼성물산(주),삼성물산(주),029091643, ,아파트,서울특별시 성북구 종암로23길 35,위탁관리,복도식,20110131,029091644,188.0,9890.988,188.0,0.0,0.0,0.0,6505.16,1129013500,21.0,21.0,2.0,3.0,02804
A13671212,래미안종암2차,서울특별시 성북구 종암동 133-1 래미안종암2차,임대,개별난방,17020.18,2,206.0,삼성물산(주),삼성물산(주),029293771, ,아파트,서울특별시 성북구 종암로23길 35,위탁관리,복도식,20091029,029293772,206.0,8201.4,206.0,0.0,0.0,0.0,8201.4,1129013500,15.0,15.0,2.0,3.0,02804
A13671213,종암2차SK뷰,서울특별시 성북구 종암동 135 종암2차SK뷰,혼합,개별난방,54545.84,6,393.0,SK건설,종암6구역주택재개발정비사업조합,029092105,종암2차SK뷰.apti.co.kr,아파트,서울특별시 성북구 종암로24길 35,위탁관리,계단식,20101029,029092107,393.0,38628.86,183.0,134.0,76.0,0.0,29752.18,1129013500,20.0,20.0,2.0,10.0,02798
A13686302,래미안 크리시엘 아파트 관리사무소,서울특별시 성북구 종암동 80 래미안 크리시엘 아파트 관리사무소,분양,개별난방,155906.44,17,1168.0,삼성물산,종암2구역 주택재개발사업,0264350078,종암삼성래미안.apti.co.kr,아파트,서울특별시 성북구 종암로25길 30,위탁관리,계단식,20040924,0264350080,1168.0,122064.59,469.0,473.0,226.0,0.0,94302.14,1129013500,20.0,20.0,3.0,31.0,02803
A10020292,루미아,서울특별시 성북구 하월곡동 232- 루미아,임대,개별난방,21242.951,1,0.0,(주) 우방,(주)에드가미아,029418693, ,아파트,서울특별시 성북구 동소문로46길 28,위탁관리,계단식,20251120,029418694,417.0,18667.35,0.0,0.0,0.0,0.0,8273.2315,1129013600,26.0,26.0,4.0,1.0,
A10020750,성북펠릭스,서울특별시 성북구 하월곡동 88-222 성북펠릭스,임대,개별난방,15066.53,1,299.0,KBI건설,꿈꾸는 이상(주),029090460, ,도시형 생활주택(아파트),서울특별시 성북구 동소문로 314-34,위탁관리,복도식,20250131,07041195606,299.0,13622.68,299.0,0.0,0.0,0.0,7663.53,1129013600,1.0,27.0,2.0,3.0,
A10021241,코업스타클래스,서울특별시 성북구 하월곡동 46-73 코업스타클래스,분양,개별난방,124700.0,2,120.0,극동건설,대한토지신탁,029101000, ,주상복합,서울특별시 성북구 화랑로 76,자치관리,계단식,20100702,029101002,120.0,40041.0,0.0,0.0,0.0,120.0,18808.2,1129013600,41.0,41.0,5.0,0.0,
A10022464,하월곡아남아파트,서울특별시 성북구 하월곡동 218- 하월곡아남아파트,분양,개별난방,22424.0,1,198.0,아남건설,하월곡지역조합,029110515, ,,서울특별시 성북구 종암로36길 52,자치관리,계단식,19961203, ,198.0,21418.74,59.0,139.0,0.0,0.0,15307.67,1129013600,20.0,20.0,1.0,5.0,
A10023322,삼전솔하임3차,서울특별시 성북구 하월곡동 88-510 삼전솔하임3차,분양,개별난방,7286.91,1,190.0,(주)삼전건설,(주)삼전건설,029119527, ,도시형 생활주택(아파트),,위탁관리,복도식,20131111,029149527,190.0,2967.8,190.0,0.0,0.0,0.0,2961.32,1129013600,19.0,19.0,3.0,2.0,02733
A10024661,월곡갑을명가주상복합아파트,서울특별시 성북구 하월곡동 227 월곡갑을명가주상복합아파트,분양,개별난방,31267.21,2,145.0,갑을건설,월곡시장재건축조합,029123785, ,주상복합,서울특별시 성북구 화랑로11길 26,위탁관리,계단식,20070730,029123784,145.0,14329.74,0.0,145.0,0.0,0.0,10703.86,1129013600,15.0,15.0,4.0,3.0,02751
A13613001,하월곡아남,서울특별시 성북구 하월곡동 218 하월곡아남,분양,개별난방,22465.65,1,198.0,아남건설,하월곡동 지역조합,029110515, ,아파트,서울특별시 성북구 종암로36길 52,자치관리,계단식,19961203,029190516,198.0,21418.74,59.0,139.0,0.0,0.0,15307.67,1129013600,20.0,20.0,1.0,5.0,02739
A13613002,월곡2SHville임대,서울특별시 성북구 하월곡동 226-1 월곡2SHville임대,임대,개별난방,15495.51,1,209.0,성원건설,sh공사,029160890,www.i.co.kr-happy-intro.do,아파트,서울특별시 성북구 회기로5길 142,위탁관리,복도식,20081016,029160891,209.0,9672.729,209.0,0.0,0.0,0.0,6936.71,1129013600,16.0,16.0,2.0,3.0,02794
A13613003,월곡3SH-vill,서울특별시 성북구 하월곡동 225-1 월곡3SH-vill,임대,개별난방,19896.49,1,288.0,"(주)한양, 중흥건설",sh공사,029143831,www.happy.i-sh.co.kr,아파트,서울특별시 성북구 오패산로 90,위탁관리,복도식,20080625,029143832,288.0,13701.6,288.0,0.0,0.0,0.0,9603.936,1129013600,18.0,18.0,2.0,3.0,02741
A13613004,성북힐스테이트,서울특별시 성북구 하월곡동 88-64 성북힐스테이트,분양,개별난방,52069.97,2,285.0,아키데코,현대건설,029146033, ,주상복합,서울특별시 성북구 동소문로44길 43,위탁관리,계단식,20070830,029146034,285.0,32635.44,0.0,200.0,85.0,0.0,25844.89,1129013600,24.0,24.0,5.0,9.0,02733
A13613005,하월곡동신,서울특별시 성북구 하월곡동 219 하월곡동신,분양,개별난방,89138.92,5,746.0,조합,동신건설,029439705, ,아파트,서울특별시 성북구 오패산로3길 17,자치관리,혼합식,19980701,029421091,746.0,72866.1,380.0,283.0,83.0,0.0,56282.6,1129013600,24.0,24.0,2.0,13.0,02740
A13613006,월곡래미안루나밸리,서울특별시 성북구 하월곡동 226 월곡래미안루나밸리,분양,개별난방,119106.41,11,787.0,삼성물산,월곡2구역주택재개발정비사업조합,029426977,cafe.daum.net/luna787,아파트,서울특별시 성북구 월곡로14길 26,위탁관리,계단식,20071023,029429177,787.0,119100.02,272.0,316.0,199.0,0.0,66007.71,1129013600,23.0,23.0,2.0,19.0,02794
A13613007,래미안월곡,서울특별시 성북구 하월곡동 225 래미안월곡,분양,개별난방,208107.69,26,1372.0,삼성물산(주)건설부문,삼성물산(주),029171508, ,아파트,서울특별시 성북구 오패산로 90,위탁관리,계단식,20060719,029171539,1372.0,112636.336,378.0,796.0,198.0,0.0,112626.1,1129013600,20.0,20.0,0.0,37.0,02741
A13613008,월곡두산위브아파트,서울특별시 성북구 하월곡동 222 월곡두산위브아파트,분양,개별난방,368906.0,30,2197.0,두산건설,월곡구역 주택 재개발조합,0262295755,wgweve.aptner.com,아파트,서울특별시 성북구 오패산로 46,위탁관리,계단식,20030430,0262295754,2197.0,236319.4,624.0,1060.0,513.0,0.0,186129.832,1129013600,20.0,20.0,0.0,67.0,02750
A13613009,꿈의숲푸르지오,서울특별시 성북구 하월곡동 228 꿈의숲푸르지오,분양,개별난방,96816.0,15,714.0,(주)대우건설,월곡제1구역 주택재개발정비조합,029429980,꿈의숲푸르지오.apti.co.kr,아파트,서울특별시 성북구 오패산로16가길 40,위탁관리,계단식,20100429,029429981,714.0,64480.98,490.0,174.0,50.0,0.0,49702.02,1129013600,14.0,14.0,2.0,31.0,02749
A13613010,월곡두산제2아파트임대,서울특별시 성북구 하월곡동 222-1 월곡두산제2아파트임대,임대,개별난방,36835.88,4,458.0,두산건설,SH공사,029428560,happy.i-sh.co.kr/main.do?deptid=70192,아파트,서울특별시 성북구 오패산로 46,위탁관리,복도식,20030430,029428561,458.0,21196.697,458.0,0.0,0.0,0.0,13766.106,1129013600,16.0,16.0,3.0,6.0,02750
A13613011,동일하이빌뉴시티,서울특별시 성북구 하월곡동 230 동일하이빌뉴시티,혼합,개별난방,110629.38,4,440.0,동일토건,생보부동산신탁,029179091, ,주상복합,서울특별시 성북구 종암로 167,위탁관리,계단식,20111130,029179095,440.0,75686.81,0.0,27.0,307.0,106.0,61598.83,1129013600,36.0,36.0,7.0,8.0,02734
A13613012,길음서희스타힐스,서울특별시 성북구 하월곡동 229 길음서희스타힐스,분양,개별난방,40086.0,1,198.0,서희건설,미아시장재건축정비사업조합,029432100, ,주상복합,서울특별시 성북구 동소문로 284,위탁관리,혼합식,20110624,029432101,198.0,30564.08,0.0,198.0,0.0,0.0,16083.78,1129013600,23.0,23.0,6.0,7.0,02734
A13613201,하월곡샹그레빌,서울특별시 성북구 하월곡동 224 하월곡샹그레빌,분양,개별난방,51371.176,4,352.0,삼호,도시개발공사,029191049, ,아파트,서울특별시 동대문구 회기로5길 100,위탁관리,계단식,20040707,029189836,352.0,50736.05,0.0,352.0,0.0,0.0,28032.792,1129013600,22.0,22.0,2.0,10.0,02455
A13612001,상월곡우남,서울특별시 성북구 상월곡동 55-56 상월곡우남,분양,개별난방,31232.85,2,225.0,우남주택,우남주택,029166555, ,아파트,서울특별시 성북구 화랑로15길 4,자치관리,계단식,19941224,029166557,225.0,25709.092,95.0,74.0,32.0,24.0,19308.82,1129013700,18.0,18.0,2.0,7.0,02752
A13612002,성북동아에코빌,서울특별시 성북구 상월곡동 101 성북동아에코빌,분양,개별난방,164588.0,15,1253.0,(주)동아건설,상월곡재개발조합,029182361,daechovill.aptner.com,아파트,서울특별시 성북구 장월로1길 28,위탁관리,혼합식,20030627,0262252361,1255.0,136132.92,511.0,436.0,306.0,0.0,102767.33,1129013700,23.0,23.0,4.0,0.0,02753
A13678401,동아에코빌,서울특별시 성북구 상월곡동 101-1 동아에코빌,임대,개별난방,15403.29,2,278.0,동아건설산업(주),sh공사,029434388,www.i-sh.co.kr/,아파트,서울특별시 성북구 장월로1길 28,위탁관리,복도식,20030627,029434389,278.0,8782.02,278.0,0.0,0.0,0.0,8782.02,1129013700,20.0,20.0,1.0,4.0,02753
A10020716,장위자이레디언트,서울특별시 성북구 장위동 62-1 장위자이레디언트,혼합,지역난방,456142.12,31,0.0,GS건설,장위4구역 주택재개발 정비사업,024030962, ,아파트,서울특별시 성북구 돌곶이로30길 23,위탁관리,혼합식,20250331,0264550962,2840.0,274922.28,0.0,0.0,0.0,0.0,196345.51,1129013800,31.0,31.0,3.0,0.0,
A10022357,에이치하우스장위,서울특별시 성북구 장위동 50-46 에이치하우스장위,임대,개별난방,15625.0,1,145.0,흥화(주),아시아신탁주식회사,0262385600, ,주상복합,서울특별시 성북구 화랑로 265,위탁관리,복도식,20200309, ,145.0,11020.827,145.0,0.0,0.0,0.0,4187.8532,1129013800,15.0,15.0,4.0,3.0,
A10023569,장위지웰에스테이트,서울특별시 성북구 장위동 322-22 장위지웰에스테이트,혼합,개별난방,15954.035,3,173.0,신영건설,장위1구역주택재개발정비사업조합,029431958, ,도시형 생활주택(아파트),서울특별시 성북구 한천로 660-16,위탁관리,계단식,20220831,029431959,195.0,9729.486,173.0,0.0,0.0,0.0,6868.595,1129013800,12.0,12.0,2.0,6.0,02763
A10024488,꿈의숲아이파크아파트,서울특별시 성북구 장위동 189-3 꿈의숲아이파크아파트,혼합,개별난방,258102.66,19,1711.0,현대산업개발,장위7구역주택재개발정비사업조합,029119380,v2admin.aptner.com,아파트,서울특별시 성북구 돌곶이로40길 46,위탁관리,계단식,20220713,029119381,1711.0,163491.55,844.0,825.0,42.0,0.0,118062.34,1129013800,29.0,29.0,2.0,8.0,02762
A10024702,장위우방아파트,서울특별시 성북구 장위동 312 장위우방아파트,분양,개별난방,19633.2,1,147.0,(주)우방,(주)우방,029187254, ,아파트,서울특별시 성북구 화랑로 235,위탁관리,혼합식,20011227,0263177254,147.0,14968.77,82.0,31.0,34.0,0.0,11360.05,1129013800,18.0,18.0,2.0,3.0,02772
A10025245,래미안퍼스트하이,서울특별시 성북구 장위동 173-114 래미안퍼스트하이,혼합,개별난방,234586.33,16,1562.0,삼성물산,장위5구역주택재개발정비사업조합,029199074,www.firsthighapt.com,아파트,서울특별시 성북구 한천로 713,위탁관리,계단식,20201103,029199076,1568.0,114593.59,660.0,756.0,146.0,0.0,114593.59,1129013800,32.0,32.0,2.0,40.0,02760
A10025259,석계역 한일노벨리아시티,서울특별시 성북구 장위동 8-2 석계역 한일노벨리아시티,분양,개별난방,8901.553,1,299.0,한일개발,아이에스디앤씨,029428033, ,주상복합,서울특별시 성북구 화랑로 299,위탁관리,복도식,20190903,029428034,299.0,8901.553,299.0,0.0,0.0,0.0,4466.1222,1129013800,17.0,17.0,3.0,2.0,02779
A10025461,래미안장위포레카운티아파트,서울특별시 성북구 장위동 144-24 래미안장위포레카운티아파트,혼합,개별난방,133959.94,10,939.0,삼성물산(주)건설부문,장위1구역주택재개발정비사업조합,0232922100, ,아파트,서울특별시 성북구 장월로 160,위탁관리,혼합식,20210531,0232922300,939.0,92370.91,356.0,556.0,27.0,0.0,68537.42,1129013800,29.0,29.0,2.0,21.0,02763
A10026571,꿈의숲코오롱하늘채아파트,서울특별시 성북구 장위동 319 꿈의숲코오롱하늘채아파트,혼합,개별난방,83257.39,5,513.0,코오롱글로벌(주),장위2구역주택재개발정비사업조합,029199378,www.aptner.com,아파트,서울특별시 성북구 돌곶이로 220,위탁관리,혼합식,20171030,029199380,513.0,48954.86,242.0,268.0,3.0,0.0,35478.4,1129013800,30.0,30.0,3.0,13.0,02757
A13614001,꿈의숲대명루첸,서울특별시 성북구 장위동 317 꿈의숲대명루첸,분양,개별난방,67924.47,9,611.0,대명종합건설,대명수안,029420202,www.dreamluceen.com,아파트,서울특별시 성북구 월계로36길 27,위탁관리,계단식,20081226,029420280,611.0,67923.68,124.0,348.0,139.0,0.0,52852.085,1129013800,21.0,21.0,2.0,18.0,02757
A13614301,장월SH-VILLE1단지,서울특별시 성북구 장위동 316-2 장월SH-VILLE1단지,임대,개별난방,23797.465,3,254.0,울트라,sh공사,029131284, ,아파트,서울특별시 성북구 한천로101길 54,위탁관리,혼합식,20060418,029131285,254.0,11251.1,254.0,0.0,0.0,0.0,11251.1,1129013800,15.0,15.0,2.0,5.0,02758
A13614302,장위참누리,서울특별시 성북구 장위동 316-5 장위참누리,분양,개별난방,54061.52,7,373.0,울트라건설,sh공사,029420577,장위참누리.apti.co.kr,아파트,서울특별시 성북구 한천로101길 18,위탁관리,계단식,20060418,029420564,373.0,37772.0,69.0,304.0,0.0,0.0,29968.36,1129013800,15.0,15.0,0.0,13.0,02759
A10020602,장위아트포레아파트,서울특별시 성북구 석관동 338-18 장위아트포레아파트,분양,개별난방,17052.38,1,0.0,희성건설,새석관시장정비조합,029600967, ,도시형 생활주택(주상복합),서울특별시 성북구 화랑로 202,위탁관리,복도식,20250425,029600968,191.0,7581.18,0.0,0.0,0.0,0.0,4900.09,1129013900,1.0,15.0,4.0,4.0,
A10025283,래미안아트리치,서울특별시 성북구 석관동 410 래미안아트리치,혼합,개별난방,167606.11,14,1091.0,삼성물산(주),석관2주택재개발조합,0232955766, ,아파트,서울특별시 성북구 돌곶이로8길 22,위탁관리,계단식,20190228,0232955768,1091.0,101671.82,704.0,344.0,43.0,0.0,73098.17,1129013900,23.0,23.0,2.0,2.0,02786
A13615002,석관코오롱,서울특별시 성북구 석관동 405 석관코오롱,분양,개별난방,62526.36,6,453.0,코오롱건설,석관동A지구재건축조합,029690474, ,아파트,서울특별시 성북구 한천로 509,위탁관리,혼합식,19990612,0264370649,453.0,49248.45,182.0,158.0,113.0,0.0,37254.36,1129013900,20.0,20.0,2.0,10.0,02786
A13615003,석관두산,서울특별시 성북구 석관동 10 석관두산,분양,개별난방,266376.3,25,1998.0,두산건설,두산건설,029644154,www.sdsapt.com,아파트,서울특별시 성북구 화랑로48길 16,위탁관리,혼합식,19980418,029644159,1998.0,216132.75,824.0,828.0,296.0,50.0,167184.47,1129013900,25.0,25.0,0.0,41.0,02780
A13676101,래미안석관,서울특별시 성북구 석관동 407 래미안석관,분양,개별난방,90585.84,13,580.0,삼성물산,석관제1구역주택재개발조합,029599905, ,아파트,서울특별시 성북구 화랑로 214,자치관리,계단식,20090626,0232930118,580.0,47319.42,211.0,257.0,112.0,0.0,47319.42,1129013900,20.0,20.0,2.0,19.0,02790
A13676102,석관래미안제2임대,서울특별시 성북구 석관동 407-4 석관래미안제2임대,임대,개별난방,6733.1,1,80.0,SH공사,삼성물산,029626028, ,아파트,서울특별시 성북구 화랑로 214,위탁관리,복도식,20090626,029626029,80.0,6733.1,80.0,0.0,0.0,0.0,2400.15,1129013900,10.0,10.0,3.0,2.0,02790
A13676103,신동아파밀리에,서울특별시 성북구 석관동 408 신동아파밀리에,분양,개별난방,33369.53,5,199.0,신동아건설,석관제3구역,029597733, ,아파트,서울특별시 성북구 화랑로 210-26,위탁관리,계단식,20110128,029597766,199.0,22517.22,34.0,128.0,37.0,0.0,17169.04,1129013900,15.0,15.0,3.0,0.0,02790
A13681701,석관중앙하이츠,서울특별시 성북구 석관동 110-2 석관중앙하이츠,분양,개별난방,33227.2,3,315.0,중앙건설,중앙건설,029575667, ,아파트,서울특별시 성북구 한천로76길 73,위탁관리,혼합식,19940624,029605667,315.0,33226.2,165.0,150.0,0.0,0.0,22592.85,1129013900,15.0,15.0,2.0,7.0,02781
A10020346,한화포레나미아아파트,서울특별시 강북구 미아동 1379- 한화포레나미아아파트,혼합,개별난방,70615.63,4,0.0,한화건설,(주)범산도시개발,029456667, ,아파트,서울특별시 강북구 솔샘로53길 21,위탁관리,혼합식,20251127,0294566669,497.0,70615.625,0.0,0.0,0.0,0.0,32664.2225,1130510100,29.0,29.0,5.0,0.0,
A10021203,미아요진아파트,서울특별시 강북구 미아동 152- 미아요진아파트,분양,개별난방,12115.26,2,123.0,요진건설,모름,029859691, ,아파트,서울특별시 강북구 도봉로76길 52,자치관리,혼합식,20050705,029849692,123.0,12115.26,64.0,59.0,0.0,0.0,8802.46,1130510100,15.0,15.0,2.0,4.0,
A10021213,신구아파트,서울특별시 강북구 미아동 1352- 신구아파트,분양,개별난방,15538.0,1,105.0,신구종합건설,신구종합건설,029866271,위드 회계대행,아파트,서울특별시 강북구 오패산로60길 17-7,위탁관리,계단식,20001005,029866270,105.0,9705.749,22.0,83.0,0.0,0.0,8310.47,1130510100,12.0,12.0,4.0,5.0,
A10022183,신일해피트리아파트,서울특별시 강북구 미아동 1358- 신일해피트리아파트,분양,개별난방,0.0,1,117.0,신일건설,신일건설,029886434, ,아파트,서울특별시 강북구 오패산로60길 22,위탁관리,계단식,20060303,029886411,117.0,11302.29,43.0,74.0,0.0,0.0,8713.39,1130510100,0.0,12.0,2.0,5.0,
A10022391,북서울자이 폴라리스 아파트,서울특별시 강북구 미아동 1375- 북서울자이 폴라리스 아파트,혼합,개별난방,163207.19,15,888.0,GS 건설,미아 제3구역 주택재개발 정비사업조합,029809997,미아 제3구역 주택재개발 정비사업조합,아파트,서울특별시 강북구 삼양로58길 29,위탁관리,혼합식,20240829,029809998,1045.0,97453.055,394.0,428.0,66.0,0.0,67052.25,1130510100,22.0,22.0,3.0,37.0,
A10022897,미아sh빌아파트,서울특별시 강북구 미아동 797-8 미아sh빌아파트,임대,개별난방,4724.73,1,57.0,SH공사,울트라건설,029451921, ,아파트,서울특별시 강북구 삼양로 246-14,위탁관리,복도식,20070918,029451920,57.0,4724.73,57.0,0.0,0.0,0.0,1717.41,1130510100,7.0,7.0,0.0,1.0,01127
A10023829,꿈의숲한신더휴아파트,서울특별시 강북구 미아동 1371 꿈의숲한신더휴아파트,분양,개별난방,30977.975,6,203.0,한신공영,미아동 3-111번지 일대 주택재건축 정비사업조합,029856622, ,아파트,서울특별시 강북구 오패산로 202,위탁관리,계단식,20220428,029856623,203.0,18572.363,130.0,73.0,0.0,0.0,13621.77,1130510100,11.0,11.0,4.0,8.0,01156
A10024034,수유역푸르지오시티,서울특별시 강북구 미아동 160-3 수유역푸르지오시티,분양,개별난방,11884.825,1,298.0,주식회사대우건설,(주)케이쓰리엠,029452417,없음,주상복합,서울특별시 강북구 도봉로 290,자치관리,계단식,20141017,029455602,298.0,8768.874,298.0,0.0,0.0,0.0,5707.4022,1130510100,20.0,20.0,3.0,2.0,01128
A10025241,꿈의숲 해링턴 플레이스 아파트,서울특별시 강북구 미아동 1369 꿈의숲 해링턴 플레이스 아파트,혼합,개별난방,163778.0,17,1028.0,진흥기업(주),미아제9-1구역 주택재건축정비사업조합,029460842,htplace.com,아파트,서울특별시 강북구 오현로 45,위탁관리,계단식,20190927,029460844,1028.0,101702.66,369.0,565.0,94.0,0.0,78321.17,1130510100,14.0,14.0,3.0,47.0,01155
A10026947,꿈의숲롯데캐슬아파트,서울특별시 강북구 미아동 4 꿈의숲롯데캐슬아파트,혼합,개별난방,93238.79,11,615.0,롯데건설(주),미아제4구역재개발정비사업조합,029856031, ,아파트,서울특별시 강북구 오현로 56,위탁관리,복도식,20170227,029456030,615.0,59450.81,205.0,386.0,24.0,0.0,45906.27,1130510100,15.0,15.0,3.0,25.0,01232
A14210001,삼각산아이원임대,서울특별시 강북구 미아동 1357-2 삼각산아이원임대,임대,개별난방,38503.676,2,673.0,풍림건설,풍림건설,029812793, ,아파트,서울특별시 강북구 삼양로19길 113,위탁관리,복도식,20031230,029812794,673.0,38503.676,673.0,0.0,0.0,0.0,16187.669,1130510100,25.0,25.0,3.0,0.0,01198
A14210002,삼각산아이원,서울특별시 강북구 미아동 1357 삼각산아이원,분양,개별난방,146399.73,20,1344.0,풍림산업(주),미아제5구역재개발조합,029848432,www.sgsiwant.apti.co.kr,아파트,서울특별시 강북구 삼양로19길 113,위탁관리,계단식,20031230,029848433,1344.0,146399.73,214.0,805.0,325.0,0.0,118311.737,1130510100,25.0,25.0,3.0,33.0,01198
A14272303,한일유앤아이,서울특별시 강북구 미아동 1355 한일유앤아이,분양,개별난방,63155.0,8,384.0,한일건설(주),한일건설(주),029858873,cafe.daum.net/songjunghanilapt,아파트,서울특별시 강북구 월계로21가길 41,위탁관리,계단식,20021129,029858874,384.0,37144.473,0.0,251.0,133.0,0.0,37144.474,1130510100,17.0,17.0,2.0,12.0,01236
A14272304,SK북한산시티아파트,서울특별시 강북구 미아동 1353 SK북한산시티아파트,분양,개별난방,544952.4,47,3830.0,sk건설,미아제1구역 제1지구 주택개량 재개발조합,0262294611, ,아파트,서울특별시 강북구 솔샘로 174,위탁관리,계단식,20040507,0262294615,3830.0,415146.1,1195.0,1786.0,849.0,0.0,320650.43,1130510100,25.0,25.0,5.0,84.0,01192
A14272305,벽산라이브파크,서울특별시 강북구 미아동 1354 벽산라이브파크,분양,개별난방,264005.2,19,1585.0,벽산건설,미아1-2재개발조합,029831156,cafe.daum.net/BSLP,아파트,서울특별시 강북구 인수봉로 18,위탁관리,혼합식,20040807,029831153,1585.0,167526.84,576.0,648.0,361.0,0.0,130870.52,1130510100,25.0,25.0,4.0,34.0,01186
A14272306,미아경남아너스빌,서울특별시 강북구 미아동 1356 미아경남아너스빌,분양,개별난방,124489.68,11,860.0,미아아파트재건축조합,경남기업,029837447,miaknam.apti.co.kr,아파트,서울특별시 강북구 오패산로30길 30,위탁관리,혼합식,20030620,029837448,860.0,95655.94,202.0,461.0,197.0,0.0,73878.815,1130510100,22.0,22.0,2.0,19.0,01234
A14272307,미아현대,서울특별시 강북구 미아동 190-2 미아현대,분양,개별난방,25199.998,3,231.0,현대산업개발(주),미아동농협주택조합,029454065, ,아파트,서울특별시 강북구 도봉로68길 26,위탁관리,계단식,19921221,0262274065,231.0,25199.998,0.0,231.0,0.0,0.0,19614.21,1130510100,13.0,13.0,1.0,10.0,01132
A14272308,래미안트리베라2차,서울특별시 강북구 미아동 812 래미안트리베라2차,혼합,개별난방,193337.2,22,1330.0,삼성물산,미아12지구재건축조합,029461850, ,아파트,서울특별시 강북구 삼양로27길 19,위탁관리,계단식,20100528,029461849,1330.0,129205.37,604.0,534.0,192.0,0.0,98410.18,1130510100,25.0,25.0,3.0,36.0,01195
A14272309,래미안트리베라1차,서울특별시 강북구 미아동 813 래미안트리베라1차,혼합,개별난방,201927.8,24,1247.0,삼성물산(주),미아뉴타운 제6구역조합,029461858,apt.uasis.com/trivera1,아파트,서울특별시 강북구 삼양로19길 25,위탁관리,혼합식,20100528,029461860,1247.0,127143.9,518.0,538.0,191.0,0.0,95086.28,1130510100,24.0,24.0,3.0,40.0,01200
A14272310,미아벽산임대,서울특별시 강북구 미아동 1354-1 미아벽산임대,임대,개별난방,35848.4,2,490.0,벽산건설,서울시,029820485,happy.i-sh.co.kr/main.do?deptid=70177,아파트,서울특별시 강북구 솔샘로 159,위탁관리,복도식,20040807,029820486,490.0,35848.4,490.0,0.0,0.0,0.0,16140.6,1130510100,18.0,18.0,4.0,6.0,01191
A14272311,SK북한산시티임대,서울특별시 강북구 미아동 1353-1 SK북한산시티임대,임대,개별난방,90165.26,7,1497.0,sk건설,sk건설,029830092,happy.i-sh.co.kr,아파트,서울특별시 강북구 솔샘로 174,위탁관리,복도식,20040507,029830094,1497.0,69282.66,1497.0,0.0,0.0,0.0,49086.63,1130510100,20.0,20.0,3.0,17.0,01192
A14272313,송천센트레빌,서울특별시 강북구 미아동 461 송천센트레빌,혼합,개별난방,52743.062,5,376.0,동부건설(주),미아10-1구역재개발조합,029896517,cafe.daum.net/songcheoncentreville,아파트,서울특별시 강북구 숭인로 39,위탁관리,혼합식,20100910,029896518,376.0,34583.664,184.0,149.0,43.0,0.0,26707.48,1130510100,15.0,15.0,2.0,14.0,01213
A14272314,미아뉴타운두산위브트레지움,서울특별시 강북구 미아동 811 미아뉴타운두산위브트레지움,혼합,개별난방,205840.31,24,1370.0,두산건설,미아8구역,029461295, ,아파트,서울특별시 강북구 삼양로27길 95,위탁관리,계단식,20111031,029461293,1370.0,137195.48,520.0,727.0,123.0,0.0,102343.75,1130510100,23.0,23.0,4.0,44.0,01197
A14277601,래미안미아1차,서울특별시 강북구 미아동 797 래미안미아1차,분양,개별난방,44674.1,6,306.0,삼성물산,미아제2구역주택재개발,029831295, ,아파트,서울특별시 강북구 삼양로 256,위탁관리,계단식,20061109,029831297,306.0,31213.1,110.0,168.0,28.0,0.0,23998.56,1130510100,15.0,15.0,2.0,11.0,01122
A14280502,미아동부센트레빌,서울특별시 강북구 미아동 474 미아동부센트레빌,분양,개별난방,67165.52,8,480.0,동부건설,미아제10구역주택재개발조합,029805278,home.drapt.com/choi9302,아파트,서울특별시 강북구 숭인로7가길 37,위탁관리,계단식,20060425,029805279,480.0,46591.63,192.0,262.0,26.0,0.0,36746.49,1130510100,15.0,15.0,2.0,15.0,01212
A14281701,현대성우,서울특별시 강북구 미아동 561-2 현대성우,분양,개별난방,33286.54,2,216.0,현대 성우건설,양지연립주택조함,029837960, ,주상복합,서울특별시 강북구 삼양로24길 19,자치관리,혼합식,19981027,0264527960,216.0,20948.43,128.0,88.0,0.0,0.0,14934,1130510100,17.0,17.0,4.0,5.0,01201
A14282301,미아2동경남아너스빌,서울특별시 강북구 미아동 796 미아2동경남아너스빌,분양,개별난방,27343.502,4,208.0,경남기업(주),리누건설(주),029846600, ,아파트,서울특별시 강북구 삼양로74길 8,위탁관리,계단식,20080125,029846606,208.0,21792.36,0.0,208.0,0.0,0.0,16975.2698,1130510100,15.0,15.0,1.0,8.0,01120
A14206001,번동삼성,서울특별시 강북구 번동 470-1 번동삼성,분양,개별난방,25036.68,1,228.0,삼성물산(주),삼성직장주택조합,029990948, ,아파트,서울특별시 강북구 도봉로98길 33,위탁관리,계단식,19981203,029980948,228.0,25036.68,114.0,114.0,0.0,0.0,16499.22,1130510200,19.0,19.0,2.0,6.0,01056
A14206002,번동금호어울림,서울특별시 강북구 번동 656 번동금호어울림,분양,개별난방,35323.89,3,284.0,(주)금호,금호건설,029803111,없음,아파트,서울특별시 강북구 오현로31길 85-7,위탁관리,계단식,19980624,0262213111,288.0,26929.54,151.0,133.0,0.0,0.0,20282.02,1130510200,20.0,20.0,2.0,8.0,01144
A14206003,번동1단지주공아파트,서울특별시 강북구 번동 242 번동1단지주공아파트,분양,중앙난방,107672.42,14,1430.0,대한주택공사,대한주택공사,029823367,www.jugong 1.com,아파트,서울특별시 강북구 한천로105길 23,위탁관리,복도식,19910518,029877946,1430.0,107672.42,990.0,440.0,0.0,0.0,79563.24,1130510200,15.0,15.0,0.0,16.0,01230
A14206004,번동 쌍용아파트,서울특별시 강북구 번동 459-110 번동 쌍용아파트,분양,개별난방,11324.18,1,99.0,쌍용건설,쌍용건설,029904305, ,아파트,서울특별시 강북구 한천로124나길 10,위탁관리,혼합식,19970531,029904306,99.0,9302.73,51.0,48.0,0.0,0.0,7133.1,1130510200,12.0,12.0,1.0,3.0,01059
A14206201,오동공원현대홈타운,서울특별시 강북구 번동 760 오동공원현대홈타운,분양,개별난방,40615.0,3,245.0,현대건설,현대건설,029892196, ,아파트,서울특별시 강북구 오현로31길 89,위탁관리,계단식,20010911,029892197,245.0,30530.25,28.0,120.0,97.0,0.0,23225.7784,1130510200,19.0,19.0,3.0,9.0,01144
A14206202,번동주공4단지,서울특별시 강북구 번동 234 번동주공4단지,분양,개별난방,71937.9,8,900.0,대한주택공사,대한주택공사,029847393, ,아파트,서울특별시 강북구 오현로 207,위탁관리,혼합식,19910423,029450818,900.0,71937.9,540.0,360.0,0.0,0.0,55472.4,1130510200,15.0,15.0,0.0,20.0,01145
A14206301,번동동문아파트,서울특별시 강북구 번동 657 번동동문아파트,분양,개별난방,24817.72,3,167.0,동문건설,동문건설,029800832, ,아파트,서울특별시 강북구 오현로 128,위탁관리,계단식,19980814,029810833,167.0,17901.36,68.0,65.0,34.0,0.0,14136.6,1130510200,17.0,17.0,2.0,5.0,01223
A14206302,번동한진,서울특별시 강북구 번동 658 번동한진,분양,개별난방,23713.94,2,202.0,한진중공업,한진중공업,029847172, ,아파트,서울특별시 강북구 월계로37길 65,위탁관리,혼합식,20001229,0264070223,202.0,19588.77,105.0,97.0,0.0,0.0,14484.76,1130510200,19.0,19.0,2.0,6.0,01231
A14206303,번동한솔솔파크,서울특별시 강북구 번동 138 번동한솔솔파크,분양,개별난방,29843.0,4,225.0,한솔건설주식회사,"강북한솔지역주택조함, 강북한솔제1지역주택조합",029450410, ,아파트,서울특별시 강북구 오현로 180,위탁관리,계단식,20050901,029451411,225.0,24723.0,0.0,225.0,0.0,0.0,19098,1130510200,18.0,18.0,2.0,8.0,01223
A14206305,번동기산그린,서울특별시 강북구 번동 191 번동기산그린,분양,개별난방,28945.34,2,263.0,(주)기산 기산번동 연합주택조합,(주)기산 기산번동 연합주택조합,029822339, ,아파트,서울특별시 강북구 월계로37길 137,위탁관리,혼합식,20000224,029832338,263.0,24205.037,158.0,105.0,0.0,0.0,18117.56,1130510200,21.0,21.0,1.0,5.0,01226
A14206306,번동신원,서울특별시 강북구 번동 204 번동신원,분양,개별난방,32323.7,3,285.0,지역주택조합외1개조합,지역주택조합외1개조합,029461635, ,아파트,서울특별시 강북구 월계로37길 87-9,위탁관리,복도식,20000608,0262256248,285.0,26312.05,145.0,140.0,0.0,0.0,20538.2,1130510200,20.0,20.0,2.0,5.0,01226
A14206307,번동솔그린,서울특별시 강북구 번동 136 번동솔그린,분양,개별난방,40659.43,4,380.0,홍익종합건업(주),건정종합건축사사무소,029459426, ,아파트,서울특별시 강북구 한천로109길 83,위탁관리,혼합식,19990916,0262219426,380.0,35286.32,212.0,168.0,0.0,0.0,26894.64,1130510200,20.0,20.0,2.0,8.0,01227
A14206310,번동주공2단지,서울특별시 강북구 번동 241 번동주공2단지,임대,중앙난방,89502.64,11,1766.0,"대림산업, 삼익건설",한국토지주택공사,029871462,www.kohom.co.kr,아파트,서울특별시 강북구 한천로105길 24,위탁관리,복도식,19910518,0262211463,1766.0,84456.445,1766.0,0.0,0.0,0.0,57787.2,1130510200,15.0,15.0,0.0,24.0,01229
A14270301,수유역두산위브,서울특별시 강북구 번동 410 수유역두산위브,분양,개별난방,42522.09,3,292.0,두산건설(주),여흥토건(주),029051807, ,아파트,서울특별시 강북구 덕릉로41길 12,위탁관리,계단식,20090629,029051808,292.0,32867.34,0.0,292.0,0.0,0.0,24817.9511,1130510200,20.0,20.0,1.0,8.0,01067
A14276311,번동주공3단지,서울특별시 강북구 번동 237 번동주공3단지,임대,중앙난방,82111.87,9,1560.0,"LH공사(현대건설,화성산업,동원건설등)",LH공사,029846152,www.kohom.co.kr,주상복합,서울특별시 강북구 오현로 208,위탁관리,복도식,19901109,0262236152,1602.0,74566.63,1560.0,0.0,0.0,0.0,50970.78,1130510200,15.0,15.0,0.0,16.0,
A14286104,번동한양,서울특별시 강북구 번동 133-1 번동한양,분양,개별난방,27488.84,3,261.0,한양주택 (주),번동한양아파트주택조합,029852409, ,아파트,서울특별시 강북구 한천로109길 69,위탁관리,계단식,19921106,029811165,261.0,22098.87,0.0,261.0,0.0,0.0,22098.87,1130510200,15.0,15.0,0.0,9.0,01227
A14286108,해모로,서울특별시 강북구 번동 139 해모로,분양,개별난방,61664.49,5,430.0,한진중공업(주),대한주택보증(주),029816236, ,아파트,서울특별시 강북구 오현로 156,위탁관리,혼합식,20030728,029816237,430.0,46950.58,140.0,212.0,78.0,0.0,36325.46,1130510200,20.0,20.0,3.0,10.0,01223
A14286203,번동주공5단지,서울특별시 강북구 번동 229 번동주공5단지,임대,중앙난방,55973.33,8,1123.0,주택공사,주택공사,029873588,www.kohom.co.kr,아파트,서울특별시 강북구 오현로31길 141,위탁관리,복도식,19910513,029878818,1123.0,55696.06,1123.0,0.0,0.0,0.0,37490.4,1130510200,15.0,15.0,0.0,17.0,01138
A10020326,에드가 수유 청년주택,서울특별시 강북구 수유동 745- 에드가 수유 청년주택,임대,개별난방,20602.635,1,0.0,우방,서울특별시,025210651, ,아파트,서울특별시 강북구 덕릉로 59,위탁관리,복도식,20251002, ,426.0,18128.873,0.0,0.0,0.0,0.0,7890.9128,1130510300,26.0,26.0,4.0,3.0,
A10021522,수유현대아파트101동,서울특별시 강북구 수유동 729- 수유현대아파트101동,분양,개별난방,16550.0,1,110.0,현대건설주식회사,현대건설주식회사,029913068, ,아파트,서울특별시 강북구 한천로 1131,자치관리,혼합식,20000710, ,110.0,11926.2,64.0,46.0,0.0,0.0,7583.18,1130510300,15.0,15.0,3.0,3.0,
A10021929,수유벽산201아파트,서울특별시 강북구 수유동 648- 수유벽산201아파트,분양,개별난방,15617.0,1,146.0,(주)벽산건설,(주)벽산건설,029971019, ,아파트,서울특별시 강북구 삼각산로 143-1,자치관리,혼합식,19940212, ,146.0,12417.47,44.0,60.0,42.0,0.0,12417.47,1130510300,15.0,15.0,0.0,0.0,
A10023268,칸타빌수유팰리스,서울특별시 강북구 수유동 741 칸타빌수유팰리스,분양,개별난방,29462.803,4,216.0,대원건설,CS네트웍스,029060234, ,주상복합,서울특별시 강북구 한천로148길 12-13,위탁관리,혼합식,20220629,029060235,216.0,15612.58,139.0,77.0,0.0,0.0,10772.5516,1130510300,15.0,15.0,3.0,5.0,01053
A10023955,에피소드수유838,서울특별시 강북구 수유동 740 에피소드수유838,임대,개별난방+기타,60754.0,1,558.0,태영건설,디디아이에스와이230위탁관리부동산투자회사,0262258838, ,주상복합,,위탁관리,복도식,20211210,0262258843,558.0,14368.86,558.0,0.0,0.0,0.0,11190.1968,1130510300,23.0,23.0,6.0,10.0,01073
A14207201,래미안수유임대,서울특별시 강북구 수유동 730 래미안수유임대,임대,개별난방,13212.99,1,180.0,삼성물산,수유 제2구역 재개발조합,029913482,www.i-sh.co.kr/happy/cms/main.do,아파트,서울특별시 강북구 한천로159길 8,위탁관리,복도식,20011129,029993482,180.0,13212.99,180.0,0.0,0.0,0.0,5896.8,1130510300,15.0,15.0,2.0,0.0,01040
A14207202,래미안수유,서울특별시 강북구 수유동 730 래미안수유,분양,개별난방,82140.0,6,510.0,삼성물산주택사업부,수유제2구역재개발조합,029913486, ,아파트,서울특별시 강북구 한천로159길 8,위탁관리,혼합식,20011129,029913487,510.0,55276.99,183.0,194.0,133.0,0.0,42712.422,1130510300,18.0,18.0,3.0,13.0,01040
A14207203,수유벽산,서울특별시 강북구 수유동 205 수유벽산,분양,개별난방,173082.95,13,1454.0,벽산건설주식회사,벽산건설주식회사,029913747,.,아파트,서울특별시 강북구 삼각산로 143-1,위탁관리,복도식,19931117,029971622,1454.0,167072.78,0.0,954.0,500.0,0.0,132753.02,1130510300,15.0,15.0,0.0,46.0,01042
A14278101,수유극동아파트,서울특별시 강북구 수유동 553-61 수유극동아파트,분양,개별난방,66878.51,7,574.0,동익건설,극동건설,029978093, ,아파트,서울특별시 강북구 인수봉로72길 4,위탁관리,계단식,19920323,029978095,574.0,65292.48,0.0,489.0,57.0,28.0,52771.67,1130510300,15.0,15.0,1.0,23.0,01032
A14209001,우이대우,서울특별시 강북구 우이동 342 우이대우,분양,개별난방,34193.0,6,260.0,(주)대우,(주)대우,029914767, ,아파트,서울특별시 강북구 삼양로149길 33,위탁관리,계단식,20001116,029914766,260.0,27050.31,45.0,215.0,0.0,0.0,20957.25,1130510400,5.0,5.0,2.0,28.0,01006
A14287102,우이동성원아파트,서울특별시 강북구 우이동 1 우이동성원아파트,분양,개별난방,26616.0,2,262.0,성원건설,한국과학기술원제4직장주택조합,029085441, ,아파트,서울특별시 강북구 삼양로 658,자치관리,계단식,19901019,029030252,262.0,26453.16,0.0,262.0,0.0,0.0,21868.76,1130510400,15.0,15.0,0.0,9.0,01001
A10021859,쌍문역시티프라디움,서울특별시 도봉구 쌍문동 734- 쌍문역시티프라디움,분양,개별난방,16048.0,2,112.0,주식회사 시티종합건설,(주)시티주택건설,029947390, ,아파트,서울특별시 도봉구 노해로 144,위탁관리,계단식,20211021, ,112.0,9545.389,7.0,105.0,0.0,0.0,7637.4445,1132010500,7.0,7.0,2.0,10.0,
A10022118,쌍문미라보아파트,서울특별시 도봉구 쌍문동 160- 쌍문미라보아파트,분양,개별난방,4492.0,1,142.0,미라보건설,미라보건설,029986242, ,아파트,서울특별시 도봉구 시루봉로2길 62,위탁관리,계단식,19950220,029986241,142.0,13080.194,67.0,74.0,0.0,1.0,10390.07,1132010500,15.0,15.0,2.0,5.0,
A10022144,신원주상복합2차아파트,서울특별시 도봉구 쌍문동 723- 신원주상복합2차아파트,분양,개별난방,18469.0,1,136.0,신원종합개발주식회사,신원종합개발주식회사,029065405, ,아파트,서울특별시 도봉구 해등로 190,위탁관리,복도식,19981219, ,136.0,12494.15,85.0,51.0,0.0,0.0,9434.49,1132010500,20.0,20.0,0.0,2.0,
A10022967,쌍문금강아미움파크타운,서울특별시 도봉구 쌍문동 711 쌍문금강아미움파크타운,분양,개별난방,15233.778,1,126.0,금강종합건설(주),제일종합시장 재건축조합,029032262, ,,서울특별시 도봉구 방학로5길 33,자치관리,복도식,20180718,029032263,126.0,10871.08,42.0,84.0,0.0,0.0,7799.9504,1132010500,12.0,12.0,3.0,3.0,01391
A10023732,에드가 쌍문 청년주택,서울특별시 도봉구 쌍문동 507-1 에드가 쌍문 청년주택,임대,개별난방,13674.754,1,253.0,(주)세정건설,도휘 주식회사,029985560, ,아파트,서울특별시 도봉구 삼양로 602,위탁관리,복도식,20220513,029985564,253.0,13674.754,253.0,0.0,0.0,0.0,6392.4095,1132010500,7.0,7.0,2.0,4.0,01366
A10023827,쌍문동 에덴아파트,서울특별시 도봉구 쌍문동 713 쌍문동 에덴아파트,분양,개별난방,9772.0,1,82.0,요진산업,sh공사,029931489, ,아파트,서울특별시 도봉구 도봉로137길 31,자치관리,복도식,20010504,029931489,82.0,5658.0,0.0,82.0,0.0,0.0,5527.128,1132010500,9.0,9.0,1.0,0.0,
A10023914,인히어쌍문아파트,서울특별시 도봉구 쌍문동 103-6 인히어쌍문아파트,임대,개별난방,15520.11,1,288.0,반도건설,KT＆G,029033009, ,도시형 생활주택(아파트),서울특별시 도봉구 도봉로 445,위탁관리,복도식,20220208,029043009,288.0,13886.55,288.0,0.0,0.0,0.0,5929.54,1132010500,17.0,17.0,5.0,4.0,01448
A10024827,쌍문e-편한세상아파트,서울특별시 도봉구 쌍문동 731 쌍문e-편한세상아파트,분양,개별난방,15367.0,2,141.0,대림건설,미화레미콘(주)   (주)삼화,029970001, ,아파트,서울특별시 도봉구 노해로41가길 16,위탁관리,계단식,20070426,0260850001,141.0,15365.632,9.0,117.0,15.0,0.0,12288.107,1132010500,1.0,15.0,2.0,5.0,01380
A10026175,쌍문염광아파트,서울특별시 도봉구 쌍문동 722 쌍문염광아파트,분양,개별난방,12460.99,1,103.0,염광건설,염광건설,029066991, ,아파트,서울특별시 도봉구 우이천로30길 28,위탁관리,복도식,19971217,029076991,103.0,9452.32,80.0,23.0,0.0,0.0,6747.34,1132010500,16.0,16.0,2.0,1.0,01381
A13203001,쌍문동북한산월드메르디앙,서울특별시 도봉구 쌍문동 728 쌍문동북한산월드메르디앙,분양,개별난방,19477.32,4,154.0,월드건설,월드건설,029005707, ,아파트,서울특별시 도봉구 삼양로 566,위탁관리,계단식,20050602,029005708,154.0,16560.064,0.0,138.0,16.0,0.0,12813.74,1132010500,10.0,10.0,1.0,8.0,01368
A13203002,북한산코오롱하늘채,서울특별시 도봉구 쌍문동 364-1 북한산코오롱하늘채,혼합,개별난방,43007.23,5,293.0,코오롱글로벌(주),쌍문제1구역재개발조함,029915566, ,아파트,서울특별시 도봉구 우이천로 367,위탁관리,계단식,20140401,029915560,293.0,21996.64,98.0,167.0,28.0,0.0,21996.64,1132010500,18.0,18.0,2.0,0.0,01370
A13203102,쌍문극동,서울특별시 도봉구 쌍문동 721 쌍문극동,분양,개별난방,40065.0,4,315.0,극동건설주식회사,쌍문연합조합,029911907, ,아파트,서울특별시 도봉구 노해로45길 26,위탁관리,계단식,19960826,029911901,315.0,32838.3,51.0,264.0,0.0,0.0,25457.6,1132010500,12.0,12.0,2.0,15.0,01380
A13203202,쌍문청구,서울특별시 도봉구 쌍문동 195 쌍문청구,분양,개별난방,28971.24,3,236.0,쌍문주택조합,청구,029927640,없음,아파트,서울특별시 도봉구 도당로 13,위탁관리,계단식,19960718,029971894,236.0,28085.959,0.0,236.0,0.0,0.0,19972.68,1132010500,18.0,18.0,2.0,2.0,01385
A13203302,쌍문삼성래미안,서울특별시 도봉구 쌍문동 725 쌍문삼성래미안,분양,개별난방,56670.0,10,407.0,삼성건설(주),주택재개발조합,029986615, ,아파트,서울특별시 도봉구 우이천로 328,위탁관리,계단식,20020726,0263166615,407.0,40708.2,163.0,164.0,80.0,0.0,32903.4029,1132010500,15.0,15.0,0.0,15.0,01450
A13203303,쌍문한양1차,서울특별시 도봉구 쌍문동 388-33 쌍문한양1차,분양,개별난방,76065.42,8,824.0,한양건설,한양건설,029072335, ,아파트,서울특별시 도봉구 우이천로 304,자치관리,혼합식,19861202,029072338,825.0,74248.11,177.0,647.0,0.0,0.0,54802.53,1132010500,14.0,14.0,0.0,16.0,01449
A13203401,쌍문이안아파트,서울특별시 도봉구 쌍문동 730 쌍문이안아파트,분양,개별난방,30284.414,4,190.0,대우자동차산업,대우자동차산업,029951555, ,아파트,서울특별시 도봉구 시루봉로 8,위탁관리,계단식,20040401,029951552,190.0,22786.95,0.0,135.0,55.0,0.0,18419.77,1132010500,14.0,14.0,1.0,7.0,01438
A13203403,쌍문금호2차,서울특별시 도봉구 쌍문동 69-1 쌍문금호2차,분양,개별난방,37263.0,5,386.0,금호건설,금호건설,029066054, ,주상복합,서울특별시 도봉구 해등로 241-14,위탁관리,계단식,19911227,029066055,386.0,37262.42,0.0,386.0,0.0,0.0,30095.96,1132010500,15.0,15.0,0.0,13.0,01429
A13203408,쌍문금호1차아파트,서울특별시 도봉구 쌍문동 199-1 쌍문금호1차아파트,분양,개별난방,56669.0,7,690.0,금호건설,금호건설,029989579, ,아파트,서울특별시 도봉구 해등로 206,위탁관리,혼합식,19900924,0264369581,690.0,55130.4,270.0,420.0,0.0,0.0,44236.2,1132010500,15.0,15.0,0.0,18.0,01386
A13286002,쌍문현대2차,서울특별시 도봉구 쌍문동 50 쌍문현대2차,분양,개별난방,19496.68,2,192.0,현대건설,현대건설,029978110, ,아파트,서울특별시 도봉구 시루봉로6길 53,위탁관리,계단식,19931130,0264368110,192.0,16320.0,0.0,192.0,0.0,0.0,16320,1132010500,15.0,15.0,1.0,7.0,01387
A13286105,쌍문한양5차,서울특별시 도봉구 쌍문동 59-3 쌍문한양5차,분양,개별난방,43087.03,3,414.0,한양,한양,029978536, ,아파트,서울특별시 도봉구 해등로25길 36,자치관리,혼합식,19910528,029968798,414.0,39867.766,0.0,398.0,16.0,0.0,31191.81,1132010500,17.0,17.0,0.0,11.0,01433
A13286106,쌍문성원,서울특별시 도봉구 쌍문동 53 쌍문성원,분양,개별난방,49265.37,7,498.0,성원건설주식회사,주택조합,0262216269, ,아파트,서울특별시 도봉구 해등로 242-11,위탁관리,계단식,19891017,0262216270,498.0,48669.43,0.0,498.0,0.0,0.0,39970.44,1132010500,15.0,15.0,0.0,17.0,01388
A13286107,쌍문한양6차,서울특별시 도봉구 쌍문동 59-5 쌍문한양6차,분양,개별난방,62257.0,6,582.0,(주)한양,연합주택조합,029917809,쌍문한양6차.apti.co.kr,아파트,서울특별시 도봉구 시루봉로 58,위탁관리,계단식,20020326,0262217809,582.0,61737.0,0.0,582.0,0.0,0.0,48821.97,1132010500,15.0,15.0,0.0,22.0,01434
A13286109,쌍문현대1차,서울특별시 도봉구 쌍문동 54 쌍문현대1차,분양,개별난방,73162.03,8,783.0,현대건설,현대건설,029022628,쌍문현대1차.apti.co.kr,아파트,서울특별시 도봉구 해등로 242-12,위탁관리,혼합식,19901019,0262212628,783.0,72079.33,158.0,624.0,1.0,0.0,57029.38,1132010500,15.0,15.0,1.0,25.0,01387
A13286110,"쌍문한양2,3,4차","서울특별시 도봉구 쌍문동 59 쌍문한양2,3,4차",분양,개별난방,117242.0,9,1635.0,(주)한양,(주)한양,029951469, ,아파트,서울특별시 도봉구 해등로 231,위탁관리,혼합식,19881130,029032169,1635.0,114493.35,1065.0,570.0,0.0,0.0,89551.8,1132010500,15.0,15.0,0.0,26.0,01430
A13286203,쌍문경남,서울특별시 도봉구 쌍문동 73 쌍문경남,분양,개별난방,18166.16,2,264.0,(주)성원주택,대우경남,029003119, ,아파트,서울특별시 도봉구 도봉로129길 45-12,자치관리,복도식,19880315,029003119,264.0,18166.16,240.0,24.0,0.0,0.0,12652.32,1132010500,12.0,12.0,0.0,5.0,01436
A13286304,쌍문삼익,서울특별시 도봉구 쌍문동 56 쌍문삼익,분양,개별난방,120324.0,14,1541.0,(주)삼익주택,(주)삼익주택,029006450, ,아파트,서울특별시 도봉구 해등로 195,위탁관리,혼합식,19881219,029982671,1553.0,117431.36,1095.0,446.0,0.0,0.0,89537.43,1132010500,15.0,15.0,1.0,31.0,01431
A13286904,쌍문한양7차,서울특별시 도봉구 쌍문동 158 쌍문한양7차,분양,개별난방,57119.0,3,408.0,한양건설,(주)코리아제록스직장주택조합외 6개 조합,029919713, ,아파트,서울특별시 도봉구 해등로25길 41,위탁관리,계단식,19930917,0262219713,408.0,42633.12,0.0,408.0,0.0,0.0,33479.33,1132010500,15.0,15.0,0.0,16.0,01433
A13287503,쌍문동익파크,서울특별시 도봉구 쌍문동 285-5 쌍문동익파크,분양,개별난방,50372.37,4,495.0,동익건설,동익건설,029942827, ,아파트,서울특별시 도봉구 우이천로32길 65,위탁관리,혼합식,19870522,0262292826,495.0,48396.0,0.0,495.0,0.0,0.0,38357.1,1132010500,15.0,15.0,0.0,12.0,01379
A13287801,쌍문현대3차,서울특별시 도봉구 쌍문동 719 쌍문현대3차,분양,개별난방,31677.02,3,287.0,현대산업개발(주),(주)고려외 6개 조합,029000270, ,아파트,서울특별시 도봉구 우이천로38가길 32,위탁관리,계단식,19950609,029074386,287.0,30867.938,0.0,287.0,0.0,0.0,24082.76,1132010500,15.0,15.0,0.0,13.0,01377
A13295201,브라운스톤쌍문,서울특별시 도봉구 쌍문동 729 브라운스톤쌍문,분양,개별난방,23261.78,2,155.0,이수건설,국화연립재건축조합,029068523,www.bsssangmun.com,아파트,서울특별시 도봉구 노해로40길 71,위탁관리,계단식,20061226,029068524,155.0,15460.46,25.0,114.0,16.0,0.0,12255.5975,1132010500,14.0,14.0,2.0,6.0,01446
A10019968,우암센스뷰 ,서울특별시 도봉구 방학동 713-12 우암센스뷰 ,분양,개별난방,10310.542,1,83.0,이영동 우암종합건설 우암종합건설(주),이영동 우암종합건설 우암종합건설(주),0234945242, ,아파트,서울특별시 도봉구 도봉로146길 48,자치관리,계단식,20031021,0234945243,83.0,7896.312,0.0,0.0,83.0,0.0,7896.312,1132010600,15.0,0.0,1.0,3.0,
A10020507,도봉롯데캐슬골든파크,서울특별시 도봉구 방학동 717-6 도봉롯데캐슬골든파크,임대,개별난방,66947.53,2,0.0,롯데건설,하나자산신탁,029547277, ,아파트,서울특별시 도봉구 도봉로150마길 34,위탁관리,혼합식,20250725,029547278,282.0,31584.217,0.0,0.0,0.0,0.0,23967.4254,1132010600,23.0,23.0,4.0,0.0,
A10021809,신우빌라,서울특별시 도봉구 방학동 318-44 신우빌라,분양,개별난방,19820.0,18,255.0,모름,모름,0234937808, ,연립주택,서울특별시 도봉구 도당로13다길 45,자치관리(직영),계단식,19860807,0234937808,510.0,19818.6,84.0,171.0,0.0,0.0,18490.38,1132010600,3.0,3.0,0.0,0.0,
A10024463,방학지음재힐스,서울특별시 도봉구 방학동 717-2 방학지음재힐스,분양,개별난방,8752.72,1,187.0,(주)도시공감,코리아신탁주식회사,029559936, ,주상복합,서울특별시 도봉구 도봉로150다길 28,위탁관리,복도식,20180112,029559937,187.0,6948.339,187.0,0.0,0.0,0.0,2835.24,1132010600,12.0,12.0,2.0,3.0,01332
A10024822,송학휴스테이아파트,서울특별시 도봉구 방학동 636 송학휴스테이아파트,분양,개별난방,11561.368,3,134.0,(주)에스에이치건설,성삼연립주택조합,029540816, ,아파트,서울특별시 도봉구 도당로15길 36,자치관리,계단식,20161201,029540819,139.0,6753.324,134.0,0.0,0.0,0.0,6753.324,1132010600,8.0,8.0,1.0,7.0,01354
A10026279,방학금광포란재아파트,서울특별시 도봉구 방학동 714-1 방학금광포란재아파트,분양,개별난방,9121.089,2,105.0,(주)금광건업,오성연립 재건축주택조합,029561236, ,아파트,서울특별시 도봉구 도봉로150바길 26,위탁관리,혼합식,20050614,029561243,105.0,8860.5,75.0,30.0,0.0,0.0,7009.845,1132010600,15.0,15.0,1.0,0.0,01335
A10026856,신동아 타워 아파트,서울특별시 도봉구 방학동 736 신동아 타워 아파트,분양,개별난방,17014.0,1,104.0,신동아건설,신동아건설,0234930591, ,주상복합,서울특별시 도봉구 방학로 210,위탁관리,복도식,19970825,0234930591,104.0,10578.6,44.0,60.0,0.0,0.0,7726.8,1132010600,16.0,16.0,2.0,2.0,01359
A10027555,방학동효성하이타운,서울특별시 도봉구 방학동 739 방학동효성하이타운,분양,개별난방,18635.61,1,122.0,(주)효성,(주)효성,029557583, ,아파트,서울특별시 도봉구 방학로11길 33,위탁관리,계단식,20020516,029557584,122.0,13028.02,0.0,122.0,0.0,0.0,10274.64,1132010600,15.0,15.0,2.0,5.0,01384
A13202002,대상타운현대,서울특별시 도봉구 방학동 720-1 대상타운현대,분양,개별난방,231439.83,16,1278.0,(주)현대건설,(주)대상,0262238272,www.dshdapt.com,아파트,서울특별시 도봉구 마들로 616,위탁관리,계단식,20011029,0262238273,1278.0,159544.36,166.0,608.0,422.0,82.0,126228.74,1132010600,23.0,23.0,2.0,31.0,01337
A13202102,방학성원,서울특별시 도봉구 방학동 735 방학성원,분양,개별난방,29470.0,4,258.0,성원건설,성원건설,029549573,방학성원apt.apti.co.kr,아파트,서울특별시 도봉구 도당로6길 14-5,위탁관리,계단식,19960612,029549576,258.0,24796.0,112.0,146.0,0.0,0.0,19056.12,1132010600,15.0,15.0,1.0,10.0,01389
A13202103,방학삼성래미안2단지,서울특별시 도봉구 방학동 715-12 방학삼성래미안2단지,분양,개별난방,42531.63,5,288.0,삼성물산,성창기공주식회사,0234914739, ,아파트,서울특별시 도봉구 도봉로150길 42,위탁관리,계단식,20021019,0234914740,288.0,35226.434,0.0,288.0,0.0,0.0,24461.856,1132010600,20.0,20.0,1.0,8.0,01335
A13202302,방학극동아파트,서울특별시 도봉구 방학동 730 방학극동아파트,분양,개별난방,20805.752,2,167.0,극동건설,"감사원,극동건설,선덕학원직장조합",029561534, ,아파트,서울특별시 도봉구 시루봉로11길 25-5,위탁관리,계단식,19930917,029551535,167.0,20088.43,0.0,167.0,0.0,0.0,14184.145,1132010600,14.0,14.0,0.0,7.0,01316
A13202304,대원그린아파트,서울특별시 도봉구 방학동 444-31 대원그린아파트,분양,개별난방,15229.06,2,220.0,대백건설,(주)대원종합건설,0234944429, ,아파트,서울특별시 도봉구 방학로 212-11,자치관리,복도식,19870629,0234934429,220.0,15229.06,220.0,0.0,0.0,0.0,10835.88,1132010600,12.0,12.0,0.0,2.0,01359
A13202306,방학한화성원,서울특별시 도봉구 방학동 731 방학한화성원,분양,개별난방,35997.86,4,336.0,한화건설,(주)한화 건설부문 및 주택조합,0234910486, ,아파트,서울특별시 도봉구 방학로11길 10,위탁관리,혼합식,19960402,0234912994,336.0,30862.803,216.0,120.0,0.0,0.0,23131.68,1132010600,15.0,15.0,0.0,7.0,01383
A13202308,방학삼익세라믹,서울특별시 도봉구 방학동 274 방학삼익세라믹,분양,개별난방,41276.72,4,476.0,.,.,029561256, ,아파트,서울특별시 도봉구 도당로 41,위탁관리,혼합식,19880719,029554198,476.0,40049.52,280.0,196.0,0.0,0.0,30561.44,1132010600,14.0,14.0,0.0,10.0,01384
A13202312,방학신동아1단지,서울특별시 도봉구 방학동 271-1 방학신동아1단지,분양,개별난방,297343.3,30,3169.0,신동아,0,029550125,bhshindonga.com,아파트,서울특별시 도봉구 시루봉로 107,위탁관리,혼합식,19861231,029560115,3169.0,289713.56,1153.0,1668.0,348.0,0.0,217882.68,1132010600,15.0,15.0,0.0,67.0,01362
A13272101,방학명품ESA2단지,서울특별시 도봉구 방학동 716-5 방학명품ESA2단지,분양,개별난방,44239.0,4,225.0,(주)SR개발,(주)SR개발,029562856, ,주상복합,서울특별시 도봉구 도봉로150길 43,위탁관리,계단식,20030903,029562857,225.0,27276.77,0.0,188.0,37.0,0.0,20588.66,1132010600,21.0,21.0,3.0,8.0,01332
A13272102,방학동부센트레빌,서울특별시 도봉구 방학동 689 방학동부센트레빌,분양,개별난방,42513.2,4,258.0,동부건설(주),(주)더피앤디,0234945900,www.drapt.com,아파트,서울특별시 도봉구 방학로 120,위탁관리,계단식,20051121,0234945002,258.0,32193.191,0.0,172.0,72.0,14.0,25707.8,1132010600,15.0,15.0,1.0,8.0,01344
A13276414,방학신동아3단지,서울특별시 도봉구 방학동 530 방학신동아3단지,분양,개별난방,23131.73,3,210.0,신동아건설,신동아건설,029569245, ,아파트,서울특별시 도봉구 방학로15길 26-7,위탁관리,계단식,19920926,029569244,210.0,17821.02,0.0,210.0,0.0,0.0,17821.02,1132010600,14.0,14.0,0.0,9.0,01360
A13276415,방학청구,서울특별시 도봉구 방학동 734 방학청구,분양,개별난방,105166.42,10,978.0,(주)청구,(주)청구,0234910208, ,아파트,서울특별시 도봉구 해등로 264,위탁관리,계단식,19940620,0234910209,978.0,105142.21,0.0,978.0,0.0,0.0,82343.09,1132010600,15.0,15.0,0.0,41.0,01363
A13276416,방학우성1차,서울특별시 도봉구 방학동 507 방학우성1차,분양,개별난방,73801.2,8,658.0,우성건설(주),국민은행 주택조합,0234913184, ,아파트,서울특별시 도봉구 해등로 286-5,위탁관리,혼합식,19920715,0262255855,658.0,73801.2,112.0,546.0,0.0,0.0,49507.3,1132010600,12.0,12.0,1.0,25.0,01364
A13276417,벽산1,서울특별시 도봉구 방학동 275 벽산1,분양,개별난방,40700.16,4,489.0,벽산건설,벽산건설,0234919331, ,아파트,서울특별시 도봉구 방학로11길 36,위탁관리,혼합식,19910902,0234914575,489.0,40093.27,149.0,340.0,0.0,0.0,32376.28,1132010600,15.0,15.0,0.0,12.0,01383
A13282510,방학우성2차,서울특별시 도봉구 방학동 508 방학우성2차,분양,개별난방,68303.0,5,558.0,(주)우성건설,금성연합직장주택조합,029563282, ,아파트,서울특별시 도봉구 해등로 307,위탁관리,계단식,19930916,029563283,558.0,64560.6,0.0,558.0,0.0,0.0,47416.5,1132010600,15.0,15.0,1.0,19.0,01373
A13283405,방학벽산2차,서울특별시 도봉구 방학동 496 방학벽산2차,분양,개별난방,38527.0,4,318.0,벽산건설(주),은행조합,0262249815, ,아파트,서울특별시 도봉구 시루봉로5길 48,위탁관리,계단식,19980601,0234937958,318.0,29212.34,192.0,126.0,0.0,0.0,22146.422,1132010600,16.0,16.0,3.0,11.0,01361
A13283611,방학신동아2단지,서울특별시 도봉구 방학동 531 방학신동아2단지,분양,개별난방,83680.664,9,660.0,신동아,신동아,029564238,www.bh2sda.com,아파트,서울특별시 도봉구 방학로15길 40,위탁관리,계단식,19920926,029564234,660.0,83680.664,0.0,480.0,60.0,120.0,65041.2,1132010600,15.0,15.0,1.0,22.0,01361
A13285305,방학거성학마을,서울특별시 도봉구 방학동 701-15 방학거성학마을,분양,개별난방,43390.25,3,347.0,거성CR,거성CR,0234934115, ,아파트,서울특별시 도봉구 도당로 116,위탁관리,계단식,19941213,0234946818,347.0,42457.83,153.0,122.0,72.0,0.0,29066.97,1132010600,18.0,18.0,2.0,10.0,01339
A13285401,브라운스톤 방학아파트,서울특별시 도봉구 방학동 713 브라운스톤 방학아파트,분양,개별난방,24189.71,3,174.0,이수건설,협동 현대 오성 재건축조합,029540394, ,아파트,서울특별시 도봉구 도봉로146길 36,위탁관리,계단식,20030430,029554322,174.0,18981.66,0.0,174.0,0.0,0.0,14774.44,1132010600,23.0,23.0,1.0,4.0,01335
A13285404,방학명품ESA1단지,서울특별시 도봉구 방학동 718-7 방학명품ESA1단지,분양,개별난방,68031.0,5,296.0,SR개발,SR개발,029562893, ,주상복합,서울특별시 도봉구 마들로 657,위탁관리,계단식,20031001,029562894,296.0,42487.84,0.0,111.0,185.0,0.0,32665.82,1132010600,20.0,20.0,3.0,10.0,01332
A13285406,방학삼성래미안1단지,서울특별시 도봉구 방학동 720-18 방학삼성래미안1단지,분양,개별난방,120728.87,11,603.0,삼성물산,삼성물산,0234914869, ,아파트,서울특별시 도봉구 마들로 646,위탁관리,계단식,20021019,0234914870,603.0,92995.46,0.0,173.0,430.0,0.0,67789.131,1132010600,22.0,22.0,2.0,14.0,01336
A13285503,방학동양크레오,서울특별시 도봉구 방학동 740 방학동양크레오,분양,개별난방,30396.1,4,212.0,동양고속건설,크레오건설,029552412, ,아파트,서울특별시 도봉구 시루봉로 166,위탁관리,계단식,20041215,029542412,212.0,22320.596,35.0,169.0,8.0,0.0,17378.2378,1132010600,12.0,12.0,2.0,9.0,01359
A13285507,방학4단지신동아,서울특별시 도봉구 방학동 732 방학4단지신동아,분양,개별난방,39377.73,3,361.0,신동아건설,신동아건설,0234913438, ,아파트,서울특별시 도봉구 방학로 200,위탁관리,혼합식,19950527,0234913448,361.0,37807.01,170.0,191.0,0.0,0.0,26398.14,1132010600,15.0,15.0,2.0,9.0,01359
A13285601,방학신동아5단지,서울특별시 도봉구 방학동 738 방학신동아5단지,분양,개별난방,22480.0,1,153.0,신동아건설(주),신동아건설(주),0234938819,cafe.daum.net/sdaapt5,아파트,서울특별시 도봉구 시루봉로 148,위탁관리,혼합식,19981002,0262238819,153.0,15762.3,84.0,33.0,36.0,0.0,11929.02,1132010600,18.0,18.0,2.0,3.0,01359
A10024782,창동한신아파트,서울특별시 도봉구 창동 451 창동한신아파트,분양,개별난방,14169.955,1,121.0,한신공영주식회사,한신공영주식회사,029962252, ,아파트,서울특별시 도봉구 덕릉로60바길 17,위탁관리,혼합식,19990408,029962267,121.0,11444.02,77.0,44.0,0.0,0.0,8350.76,1132010700,12.0,12.0,2.0,3.0,01474
A10026109,창동서울가든아파트,서울특별시 도봉구 창동 366 창동서울가든아파트,분양,개별난방,26748.9,8,160.0,뉴삼익건설산업,뉴삼익건설산업,029983536, ,아파트,서울특별시 도봉구 해등로 32,자치관리,계단식,19920806,029933536,160.0,26575.3,0.0,0.0,80.0,80.0,21063.8,1132010700,5.0,5.0,1.0,0.0,01425
A13201003,도봉중흥S클래스,서울특별시 도봉구 창동 665-21 도봉중흥S클래스,,,0.0,1,50.0, , , , ,아파트,서울특별시 도봉구 노해로62길 77,기타,,, ,0.0,0.0,0.0,0.0,0.0,50.0,9235.79,1132010700,1.0,14.0,0.0,0.0,
A13204001,창동대림,서울특별시 도봉구 창동 822 창동대림,분양,개별난방,29860.379,4,205.0,31385,(주)삼호,029043900, ,아파트,서울특별시 도봉구 노해로63길 75,위탁관리,계단식,20031008,029043901,205.0,22601.59,0.0,187.0,18.0,0.0,17808.934,1132010700,24.0,24.0,2.0,5.0,01399
A13204002,창동신도브래뉴,서울특별시 도봉구 창동 820 창동신도브래뉴,분양,개별난방,72803.61,7,456.0,신도,미래재건축연합,029919881, ,아파트,서울특별시 도봉구 도봉로136나길 40,위탁관리,계단식,20030915,029919882,456.0,54130.99,18.0,310.0,128.0,0.0,42889.046,1132010700,23.0,23.0,2.0,11.0,01400
A13204003,창동한승미메이드,서울특별시 도봉구 창동 824 창동한승미메이드,분양,개별난방,14998.0,1,135.0,한승,한승,029918213, ,아파트,서울특별시 도봉구 덕릉로60길 164-13,위탁관리,계단식,20040625,029918214,135.0,14614.8,21.0,84.0,30.0,0.0,11760.4323,1132010700,15.0,15.0,1.0,5.0,01481
A13204103,창동삼성,서울특별시 도봉구 창동 45 창동삼성,분양,지역난방,191067.34,18,1668.0,삼성종합건설주식회사,삼성직장주택조합,029995058, ,아파트,서울특별시 도봉구 노해로66길 21,위탁관리,계단식,19920731,0262215058,1668.0,173353.95,0.0,1668.0,0.0,0.0,135651.3,1132010700,21.0,21.0,1.0,42.0,01422
A13204104,창동주공4단지,서울특별시 도봉구 창동 373 창동주공4단지,분양,중앙난방,104150.0,10,1710.0,대한주택공사,대한주택공사,029988642, ,아파트,서울특별시 도봉구 덕릉로 349,위탁관리,복도식,19911112,029077964,1710.0,104074.8,1710.0,0.0,0.0,0.0,73708.2,1132010700,15.0,15.0,0.0,20.0,01424
A13204105,창동주공3단지,서울특별시 도봉구 창동 347 창동주공3단지,분양,지역난방,238813.0,32,2856.0,sh 공사,sh 공사,029047497,cd3.apti.co.kr,아파트,서울특별시 도봉구 해등로 50,위탁관리,복도식,19900906,029927496,2856.0,234031.45,1786.0,1070.0,0.0,0.0,171291.92,1132010700,15.0,15.0,0.0,37.0,01421
A13204201,창동금용,서울특별시 도봉구 창동 809 창동금용,분양,개별난방,25149.59,1,183.0,금용종합건설주식회사,금용,029982850, ,아파트,서울특별시 도봉구 우이천로 200,자치관리,혼합식,19970509,029959596,183.0,21027.83,79.0,66.0,19.0,19.0,15680.87,1132010700,19.0,19.0,2.0,4.0,01472
A13204203,창동건영캐스빌,서울특별시 도봉구 창동 635-42 창동건영캐스빌,분양,개별난방,48000.0,6,300.0,(주)건영,청학재건축조합,029001653,창동건영캐스빌.apti.co.kr,아파트,서울특별시 도봉구 우이천로20길 7,위탁관리,혼합식,20020819,029001654,300.0,34432.8,64.0,160.0,76.0,0.0,25703.2524,1132010700,19.0,19.0,2.0,9.0,01462
A13204204,창동대우,서울특별시 도봉구 창동 804 창동대우,분양,개별난방,116476.05,7,952.0,대우건설,중부주택,029986973,cdw.apthome.net,아파트,서울특별시 도봉구 덕릉로63가길 43,위탁관리,계단식,19951124,029004361,952.0,91226.75,479.0,473.0,0.0,0.0,68818.33,1132010700,19.0,19.0,0.0,28.0,01465
A13204205,창동태영데시앙,서울특별시 도봉구 창동 819 창동태영데시앙,분양,개별난방,137357.89,15,958.0,태영,(주)아시아디벨로퍼,029948901,창동태영데시앙.apti.co.kr,아파트,서울특별시 도봉구 도봉로110다길 51,위탁관리,계단식,20030714,029948902,958.0,100992.36,0.0,958.0,0.0,0.0,81425.21,1132010700,21.0,21.0,2.0,24.0,01461
A13204301,초안산신도브래뉴,서울특별시 도봉구 창동 821 초안산신도브래뉴,분양,개별난방,28020.238,2,213.0,신도건설,신도건설,0264041146, ,아파트,서울특별시 도봉구 우이천로4라길 11-14,위탁관리,혼합식,20051028,029071146,213.0,22395.94,48.0,165.0,0.0,0.0,16614.5934,1132010700,17.0,17.0,1.0,6.0,01481
A13204302,창동신창,서울특별시 도봉구 창동 810 창동신창,분양,중앙난방,51777.43,5,609.0,sh공사,sh공사,029921642, ,아파트,서울특별시 도봉구 덕릉로62길 13,위탁관리,복도식,19980707,029924367,609.0,51003.344,609.0,0.0,0.0,0.0,31751.99,1132010700,15.0,16.0,0.0,9.0,01487
A13204402,창동현대4차아이파크,서울특별시 도봉구 창동 818 창동현대4차아이파크,분양,개별난방,35064.0,4,202.0,현대산업개발(주),(주)플러스건설,029901871, ,아파트,서울특별시 도봉구 노해로69가길 54,위탁관리,계단식,20030529,029901873,202.0,26711.322,0.0,0.0,202.0,0.0,21091.6446,1132010700,15.0,15.0,2.0,0.0,01410
A13204404,창동아이파크(창동2.3차현대),서울특별시 도봉구 창동 815 창동아이파크(창동2.3차현대),분양,개별난방,122548.13,11,797.0,현대산업개발,현대산업개발,029022762, ,아파트,서울특별시 도봉구 도봉로136길 111,위탁관리,계단식,20010614,029022763,797.0,96172.97,82.0,492.0,179.0,44.0,70478.501,1132010700,25.0,25.0,2.0,19.0,01409
A13204406,창동쌍용,서울특별시 도봉구 창동 807 창동쌍용,분양,지역난방,174308.22,15,1352.0,쌍용건설(주),쌍용건설,029068156,apt.dobong.go.kr/c_ssangyong,아파트,서울특별시 도봉구 마들로 551,위탁관리,계단식,19970228,029945311,1352.0,149986.16,552.0,520.0,280.0,0.0,114928.96,1132010700,24.0,24.0,0.0,29.0,01410
A13204408,상계17단지,서울특별시 도봉구 창동 38 상계17단지,분양,중앙난방,107983.8,11,1980.0,대한주택공사,대한주택공사,029954316, ,아파트,서울특별시 도봉구 덕릉로66길 17,위탁관리,복도식,19890731,029058064,1980.0,107983.8,1980.0,0.0,0.0,0.0,75051,1132010700,15.0,15.0,0.0,22.0,01489
A13204409,창동동아청솔,서울특별시 도봉구 창동 808 창동동아청솔,분양,지역난방,248705.33,18,1981.0,동아건설산업(주),동아건설산업(주),029958379,http://dongacheongsol.com,아파트,서울특별시 도봉구 노해로69길 103,위탁관리,혼합식,19970324,029981206,1981.0,216119.05,813.0,816.0,352.0,0.0,165389.835,1132010700,24.0,24.0,2.0,36.0,01411
A13204501,창동대동,서울특별시 도봉구 창동 811 창동대동,분양,개별난방,25064.08,2,188.0,(주)대동,창5동재건축주택조합,029957267, ,아파트,서울특별시 도봉구 도봉로 642-30,위탁관리,혼합식,19990619,0262317267,188.0,19882.38,76.0,74.0,38.0,0.0,14993.24,1132010700,19.0,19.0,2.0,4.0,01397
A13204502,북한산한신휴플러스,서울특별시 도봉구 창동 826 북한산한신휴플러스,분양,개별난방,37147.34,2,194.0,한신공영(주),오엘디앤씨(주),029024324,없음,아파트,서울특별시 도봉구 도봉로136가길 73,위탁관리,계단식,20070731,029024325,194.0,24564.32,0.0,72.0,122.0,0.0,19952.1064,1132010700,23.0,23.0,2.0,5.0,01400
A13204503,창동현대,서울특별시 도봉구 창동 813 창동현대,분양,개별난방,19196.8,2,205.0,현대건설(주),한국산업은행연합직장주택조합,029979683, ,아파트,서울특별시 도봉구 해등로16길 12,위탁관리,혼합식,20000508,0264359683,205.0,19196.8,115.0,90.0,0.0,0.0,14468.55,1132010700,18.0,18.0,2.0,4.0,01402
A13204505,창동상아2차,서울특별시 도봉구 창동 300 창동상아2차,분양,개별난방,34995.0,4,427.0,동성,동성,029060726, ,아파트,서울특별시 도봉구 노해로63가길 7,자치관리,혼합식,19880211,0262310726,432.0,34994.914,317.0,110.0,0.0,0.0,25574.82,1132010700,12.0,12.0,0.0,9.0,01403
A13204506,창동동아그린,서울특별시 도봉구 창동 805 창동동아그린,분양,개별난방,47340.0,3,449.0,동아종합환경(주),창동동아연합주택조합,029978171,cafe.naver.com/dongagreen,아파트,서울특별시 도봉구 노해로63다길 34,위탁관리,계단식,19961130,029978172,449.0,46651.246,228.0,221.0,0.0,0.0,32442.62,1132010700,17.0,17.0,2.0,13.0,01399
A13204507,창동상아1차,서울특별시 도봉구 창동 299 창동상아1차,분양,개별난방,59634.0,5,694.0,효성,(주)동성,029062953,sanga2953@naver.com,아파트,서울특별시 도봉구 해등로 118,위탁관리,혼합식,19871127,029919274,694.0,59633.223,342.0,352.0,0.0,0.0,44396.26,1132010700,14.0,14.0,0.0,10.0,01402
A13204508,창동주공2단지,서울특별시 도봉구 창동 316 창동주공2단지,분양,개별난방,46684.08,5,750.0,대한주택공사,대한주택공사,029030283, ,아파트,서울특별시 도봉구 해등로12길 44,위탁관리,복도식,19900712,029021495,750.0,45492.3,750.0,0.0,0.0,0.0,32676.6,1132010700,15.0,15.0,0.0,8.0,01404
A13204510,창동북한산아이파크,서울특별시 도봉구 창동 825 창동북한산아이파크,분양,개별난방,396650.0,25,2061.0,"삼풍물산(주), 현대산업개발(주)",현대산업개발(주),029944596,www.n-ipark.com,아파트,서울특별시 도봉구 도봉로136길 28,위탁관리,계단식,20040730,029944615,2061.0,285033.53,0.0,890.0,1011.0,160.0,217772.5592,1132010700,24.0,24.0,2.0,50.0,01398
A13272201,창동대우그린아파트,서울특별시 도봉구 창동 814 창동대우그린아파트,분양,개별난방,43946.99,5,366.0,대우건설,창동대우그린 조합주택,029988572, ,아파트,서울특별시 도봉구 덕릉로 371,위탁관리,계단식,20001130,029988460,366.0,35384.58,156.0,210.0,0.0,0.0,27190.62,1132010700,21.0,21.0,2.0,9.0,01423
A13275001,창동수산트리플아파트,서울특별시 도봉구 창동 817 창동수산트리플아파트,분양,개별난방,10617.0,1,111.0,수산건설,수산건설,029042000, ,아파트,서울특별시 도봉구 우이천로20길 6,위탁관리,계단식,20040630,029042090,111.0,10178.76,60.0,51.0,0.0,0.0,7920.99,1132010700,15.0,15.0,2.0,4.0,01467
A13290003,창동동아,서울특별시 도봉구 창동 26 창동동아,분양,지역난방,66498.18,6,600.0,공영토건주식회사,동아건설,029041785, ,아파트,서울특별시 도봉구 노해로70길 12,위탁관리,계단식,19881229,0262211785,600.0,66498.18,0.0,0.0,600.0,0.0,55254.9,1132010700,15.0,15.0,1.0,20.0,01416
A13290105,창동주공18단지,서울특별시 도봉구 창동 30 창동주공18단지,분양,지역난방,62926.64,13,910.0,주택공사,주택공사,029000414, ,아파트,서울특별시 도봉구 노해로70길 126,위탁관리,혼합식,19881026,029000492,910.0,62926.64,750.0,160.0,0.0,0.0,47591.82,1132010700,15.0,15.0,1.0,9.0,01420
A13290107,창동주공19단지,서울특별시 도봉구 창동 27 창동주공19단지,분양,지역난방,176236.33,12,1764.0,한신공영,대한주택공사,029950418, ,아파트,서울특별시 도봉구 노해로70길 54,위탁관리,혼합식,19881125,029999809,1764.0,174127.44,240.0,1104.0,420.0,0.0,129395.64,1132010700,15.0,15.0,0.0,27.0,01417
A13290404,창동금호어울림,서울특별시 도봉구 창동 823 창동금호어울림,분양,개별난방,49415.92,7,299.0,금호건설(주),대한토지신탁(주),029962365, ,아파트,서울특별시 도봉구 도봉로136가길 68,위탁관리,계단식,20040105,029960131,299.0,37544.992,0.0,230.0,36.0,33.0,28981.35,1132010700,21.0,21.0,1.0,9.0,01401
A13290809,창동주공1단지,서울특별시 도봉구 창동 305 창동주공1단지,분양,개별난방,59989.93,6,808.0,대한주택공사,대한주택공사,029051694,없음,아파트,서울특별시 도봉구 해등로 113,위탁관리,복도식,19900906,029066512,808.0,55949.26,808.0,0.0,0.0,0.0,39974.86,1132010700,15.0,15.0,0.0,10.0,01427
A13292002,창동한신,서울특별시 도봉구 창동 621-69 창동한신,분양,개별난방+기타,34385.426,3,202.0,(주)한신공영,현대맨션재건축주택조합,029027878,창동한신.apti.co.kr,아파트,서울특별시 도봉구 도봉로110다길 5,위탁관리,계단식,20020709,029027879,202.0,28453.46,0.0,54.0,148.0,0.0,22090.27,1132010700,19.0,19.0,1.0,6.0,01459
A13292501,창동현대타운(주복),서울특별시 도봉구 창동 812 창동현대타운(주복),분양,개별난방,23414.4,1,158.0,현대건설,현대건설,029929885, ,주상복합,서울특별시 도봉구 도봉로114길 22-8,위탁관리,복도식,19990922,029929886,158.0,13117.374,93.0,65.0,0.0,0.0,9491.85,1132010700,12.0,12.0,3.0,3.0,01455
A13292701,창동성원,서울특별시 도봉구 창동 743-15 창동성원,분양,개별난방,26611.82,2,194.0,성원건설,성원건설,029972079, ,아파트,서울특별시 도봉구 마들로16길 56,위탁관리,계단식,20010602,029972079,194.0,19106.469,96.0,67.0,31.0,0.0,14690.91,1132010700,17.0,17.0,2.0,6.0,01408
A10020195,도봉아테라,서울특별시 도봉구 도봉동 95 도봉아테라,혼합,개별난방,50290.17,5,299.0,금호건설,도봉제2구역 주택재개발정비사업조합,024750991, ,아파트,서울특별시 도봉구 마들로 708,위탁관리,혼합식,20251231,024750992,299.0,29024.123,33.0,27.0,239.0,0.0,29024.1232,1132010800,18.0,0.0,2.0,0.0,
A10020905,도봉산니베니움아파트,서울특별시 도봉구 도봉동 571- 도봉산니베니움아파트,분양,개별난방,6728.0,2,50.0,진경건설(주),진경건설(주),029540620, ,아파트,서울특별시 도봉구 도봉로181길 74-30,자치관리,계단식,20040715,029540610,49.0,5544.0,0.0,49.0,1.0,0.0,4043.98,1132010800,5.0,5.0,1.0,0.0,
A10026714,도봉중흥S클래스,서울특별시 도봉구 도봉동 51-12 도봉중흥S클래스,분양,개별난방,19828.182,1,141.0,중흥건설,중흥건설,029546480, ,아파트,서울특별시 도봉구 도봉로180가길 32,위탁관리,계단식,20041013,029546436,141.0,14843.57,0.0,141.0,0.0,0.0,11941.246,1132010800,14.0,14.0,1.0,5.0,01318
A10027136,도봉숲 아뜨리움,서울특별시 도봉구 도봉동 593-37 도봉숲 아뜨리움,분양,개별난방,18442.0,5,172.0,성보건설산업(주),두암산업,029565982, ,아파트,서울특별시 도봉구 도봉로167길 38,위탁관리,계단식,20160913,029565983,172.0,11769.29,170.0,2.0,0.0,0.0,9247.68,1132010800,5.0,5.0,1.0,14.0,01306
A13201001,도봉서광,서울특별시 도봉구 도봉동 643 도봉서광,혼합,개별난방,13922.96,3,159.0,융창건설(주),서울특별시 도시개발공사,0234918468, ,아파트,서울특별시 도봉구 마들로 770,위탁관리,복도식,19990907,0260848468,159.0,11513.155,159.0,0.0,0.0,0.0,7934.48,1132010800,10.0,10.0,1.0,3.0,01323
A13201002,서울도봉,서울특별시 도봉구 도봉동 649 서울도봉,임대,개별난방,16860.893,3,245.0,충우종합대양건설,한국토지주택공사,029546776,www.kohom.or.kr/,아파트,서울특별시 도봉구 도봉로180길 83-14,위탁관리,복도식,20021118,029546661,245.0,16844.938,245.0,0.0,0.0,0.0,9416.2,1132010800,15.0,15.0,1.0,3.0,01319
A13201201,도봉현대성우,서울특별시 도봉구 도봉동 642 도봉현대성우,분양,개별난방,26963.0,1,190.0,성우종합건설(주),도봉재건축주택조합,0234918954, ,주상복합,서울특별시 도봉구 마들로 735-8,위탁관리,혼합식,19981201,0234911634,190.0,20038.95,86.0,68.0,36.0,0.0,14979.2,1132010800,18.0,18.0,0.0,4.0,01322
A13201202,도봉파크빌3단지,서울특별시 도봉구 도봉동 644 도봉파크빌3단지,분양,개별난방,28791.762,3,200.0,"계룡건설, 유진건설",SH공사,029561589, ,아파트,서울특별시 도봉구 마들로 891,위탁관리,혼합식,20021202,0234922589,200.0,21818.18,0.0,200.0,0.0,0.0,16852.534,1132010800,19.0,19.0,2.0,6.0,01318
A13201203,도봉극동아파트,서울특별시 도봉구 도봉동 81-1 도봉극동아파트,분양,개별난방,22949.15,2,205.0,극동건설(주),극동건설(주),029561997, ,아파트,서울특별시 도봉구 도봉로180길 77,위탁관리,계단식,19911219,0262271997,205.0,17388.1,0.0,205.0,0.0,0.0,17380.25,1132010800,15.0,15.0,1.0,7.0,01319
A13201206,도봉동아에코빌,서울특별시 도봉구 도봉동 654 도봉동아에코빌,분양,개별난방,90920.62,7,526.0,동아건설(주),.,0234910250, ,아파트,서울특별시 도봉구 도봉로180길 6-23,위탁관리,계단식,20030315,0234910253,526.0,66564.83,0.0,312.0,214.0,0.0,49932.43,1132010800,22.0,22.0,2.0,13.0,01320
A13201207,도봉삼환,서울특별시 도봉구 도봉동 87 도봉삼환,분양,중앙난방,68806.86,4,660.0,(주)삼환까뮤,(주)삼환까뮤,029551315, ,아파트,서울특별시 도봉구 도봉로180길 6-81,위탁관리,복도식,19871029,0262211009,660.0,68805.84,0.0,660.0,0.0,0.0,51186.6,1132010800,15.0,15.0,0.0,8.0,01320
A13201208,서원아파트,서울특별시 도봉구 도봉동 641 서원아파트,분양,지역난방,156488.1,12,1716.0,도시개발공사,도시개발공사,0234938626, ,아파트,서울특별시 도봉구 마들로 684-9,위탁관리,복도식,19961012,0234944711,1716.0,122579.37,1716.0,0.0,0.0,0.0,85026.42,1132010800,18.0,18.0,1.0,0.0,01324
A13201209,도봉한신,서울특별시 도봉구 도봉동 30-1 도봉한신,분양,개별난방,346446.0,25,2678.0,한신공영,한신공영,029542155, ,아파트,서울특별시 도봉구 마들로 859-19,위탁관리,계단식,19950930,029558232,2678.0,274202.88,0.0,2678.0,0.0,0.0,227289.8,1132010800,17.0,17.0,1.0,5.0,01318
A13275301,도봉양우내안애아파트,서울특별시 도봉구 도봉동 656 도봉양우내안애아파트,분양,개별난방,21136.48,3,147.0,양우건설(주),도봉양우지역주택조합,0234926109, ,아파트,서울특별시 도봉구 도봉로180나길 16,위탁관리,계단식,20050629,0234916110,147.0,15709.26,0.0,147.0,0.0,0.0,12483.24,1132010800,15.0,15.0,1.0,6.0,01319
A13275302,도봉서원제2,서울특별시 도봉구 도봉동 641 도봉서원제2,임대,지역난방,27749.35,4,734.0,"삼익,두원중공업",sh공사,0234946058, ,아파트,서울특별시 도봉구 마들로 684-20,위탁관리,복도식,19961012,0234946059,734.0,26690.883,734.0,0.0,0.0,0.0,17646.46,1132010800,18.0,18.0,0.0,9.0,01330
A13275303,도봉파크빌2단지,서울특별시 도봉구 도봉동 647 도봉파크빌2단지,분양,개별난방,20135.062,2,139.0,유진건설,SH 공사,0234911589, ,아파트,서울특별시 도봉구 마들로 835,위탁관리,계단식,20021202,029546361,139.0,14974.86,0.0,139.0,0.0,0.0,11714.387,1132010800,20.0,20.0,2.0,2.0,01318
A13280104,유원도봉아파트,서울특별시 도봉구 도봉동 83 유원도봉아파트,분양,개별난방,30255.94,3,286.0,유원건설,도봉연립직장주택조합,029544991, ,아파트,서울특별시 도봉구 도봉로180길 50,위탁관리,계단식,19901105,0262294991,286.0,24289.98,0.0,286.0,0.0,0.0,24289.98,1132010800,15.0,15.0,0.0,12.0,01320
A13281201,도봉서울가든,서울특별시 도봉구 도봉동 555 도봉서울가든,분양,개별난방,34512.55,3,348.0,삼익건설,삼익건설,029555954,gardenapti.co.kr,아파트,서울특별시 도봉구 도봉산길 35,자치관리,복도식,19870718,029546066,348.0,34452.0,0.0,348.0,0.0,0.0,26214.84,1132010800,12.0,12.0,1.0,4.0,01302
A13281802,도봉럭키,서울특별시 도봉구 도봉동 595 도봉럭키,분양,개별난방,70018.0,5,630.0,LG건설,LG건설,029540891,www.dblucky.or.kr/,아파트,서울특별시 도봉구 도봉로169길 31,위탁관리,계단식,19920905,029540331,630.0,53461.8,1.0,629.0,0.0,0.0,53461.8,1132010800,15.0,15.0,0.0,21.0,01306
A13293505,도봉래미안,서울특별시 도봉구 도봉동 655 도봉래미안,분양,개별난방,58883.0,7,448.0,삼성물산(주)건설부문,도봉 제1구역 재개발조합,029568617, ,아파트,서울특별시 도봉구 도봉로170길 40,위탁관리,계단식,20050218,029568618,448.0,35281.8,184.0,196.0,68.0,0.0,35281.8,1132010800,18.0,18.0,2.0,14.0,01321
A10020255,월계건양 노블레스 아파트 ,서울특별시 노원구 월계동 938 월계건양 노블레스 아파트 ,혼합,개별난방,148510.0,1,0.0,건양종합건설(주),건양종합건설(주),029738484, ,아파트,서울특별시 노원구 화랑로45길 42-18,위탁관리,계단식,20031230,029763632,132.0,14530.56,0.0,0.0,0.0,0.0,11174.988,1135010200,23.0,23.0,2.0,0.0,
A10020305,광운대역 현대프라힐스,서울특별시 노원구 월계동 410-3 광운대역 현대프라힐스,임대,개별난방,12062.202,1,0.0,현대아산(주),현대아산(주),0262646366, ,아파트,서울특별시 노원구 석계로15길 14,위탁관리,복도식,20250521,0262646367,275.0,12062.202,0.0,0.0,0.0,0.0,5939.31,1135010200,14.0,14.0,2.0,4.0,
A10021254,장은하이빌아파트,서울특별시 노원구 월계동 931- 장은하이빌아파트,분양,개별난방,14576.14,2,105.0,장은건설,확인중,0243210915, ,도시형 생활주택(아파트),서울특별시 노원구 석계로13길 6-9,위탁관리(직영+위탁),혼합식,20020513,029412737,105.0,321.825,33.0,72.0,0.0,0.0,7733.8785,1135010200,19.0,19.0,3.0,0.0,
A10024636,세양청마루,서울특별시 노원구 월계동 943 세양청마루,분양,개별난방,15521.6,1,115.0,세양건설,..,029142224, ,아파트,서울특별시 노원구 석계로13길 35,위탁관리,계단식,20051027,029142223,115.0,11822.0,0.0,115.0,0.0,0.0,9499.543,1135010200,15.0,15.0,1.0,4.0,01896
A10024812,월계우남아파트,서울특별시 노원구 월계동 930 월계우남아파트,분양,개별난방,20567.76,2,138.0,우남건설,우남건설,029498897, ,아파트,서울특별시 노원구 화랑로 355,위탁관리,계단식,20011204,029490100,138.0,14645.94,0.0,138.0,0.0,0.0,11692.74,1135010200,22.0,22.0,2.0,4.0,01914
A10025097,월계센트럴아이파크아파트,서울특별시 노원구 월계동 633-31 월계센트럴아이파크아파트,혼합,개별난방,134402.75,7,859.0,현대산업개발,인덕마을주택재건축정비사업조합,029980861,wgidipark.apter.com,아파트,서울특별시 노원구 초안산로2라길 26,위탁관리,혼합식,20200130,029980862,859.0,91139.8,296.0,563.0,0.0,0.0,65606.41,1135010200,30.0,30.0,2.0,21.0,01879
A10027121,녹천역두산위브아파트,서울특별시 노원구 월계동 672 녹천역두산위브아파트,혼합,개별난방,47860.68,10,326.0,두산건설주식회사,월계4구역재개발조합,029088771, ,아파트,서울특별시 노원구 마들로5길 25,위탁관리,혼합식,20171020,029088772,326.0,31900.129,97.0,215.0,14.0,0.0,24905.6,1135010200,9.0,9.0,2.0,17.0,01866
A10027716,꿈의숲 SK뷰 아파트,서울특별시 노원구 월계동 507-8 꿈의숲 SK뷰 아파트,분양,개별난방,80003.43,6,504.0,SK건설,월계3주택재건축정비사업조합,029117551,dreamsk.aptner.co.kr,아파트,서울특별시 노원구 월계로42길 97,위탁관리,계단식,20160127,029117553,504.0,51863.043,163.0,341.0,0.0,0.0,38734.93,1135010200,20.0,20.0,2.0,17.0,01889
A13905003,월계풍림아이원,서울특별시 노원구 월계동 944 월계풍림아이원,분양,개별난방,59974.477,8,484.0,풍림건설(주),지인개발(주),029778951,월계풍림.apti.co.kr,아파트,서울특별시 노원구 화랑로47길 38,위탁관리,계단식,20051216,029778901,484.0,45211.0,166.0,318.0,0.0,0.0,36630.848,1135010200,25.0,25.0,2.0,0.0,01914
A13905101,월계한일1차,서울특별시 노원구 월계동 926 월계한일1차,분양,개별난방,29399.08,1,190.0,한일건설(주),신아연립,029111074, ,아파트,서울특별시 노원구 석계로15길 25,위탁관리,혼합식,19991209,029110712,190.0,21581.484,38.0,114.0,38.0,0.0,16330.082,1135010200,19.0,19.0,3.0,5.0,01894
A13905102,월계대동,서울특별시 노원구 월계동 925 월계대동,분양,개별난방,33781.285,3,258.0,(주)대동,월계신아연립주택조합,029197986, ,아파트,서울특별시 노원구 광운로 46,위탁관리,혼합식,19970930,029159764,258.0,25090.66,148.0,102.0,8.0,0.0,18414.78,1135010200,17.0,17.0,2.0,7.0,01894
A13905105,월계동현대,서울특별시 노원구 월계동 929 월계동현대,분양,개별난방,174649.34,11,1281.0,현대산업개발,현대산업개발,029112329,www.ipark.co.kr,아파트,서울특별시 노원구 석계로 49,위탁관리,혼합식,20001125,029112328,1281.0,137093.53,544.0,441.0,296.0,0.0,104126.02,1135010200,27.0,27.0,1.0,0.0,01901
A13905202,월계흥화브라운빌,서울특별시 노원구 월계동 939 월계흥화브라운빌,분양,개별난방,31044.97,4,233.0,흥화공업,흥화공업,029901489, ,아파트,서울특별시 노원구 우이천로2나길 14,위탁관리,계단식,20040924,029901486,233.0,24310.46,26.0,207.0,0.0,0.0,18923.61,1135010200,15.0,15.0,1.0,8.0,01871
A13905204,월계6-1초안,서울특별시 노원구 월계동 923 월계6-1초안,분양,중앙난방,34910.55,3,410.0,서울도시개발공사,서울도시개발공사,029066113, ,아파트,서울특별시 노원구 덕릉로60길 185,위탁관리,복도식,19980430,029066112,410.0,29649.6,410.0,0.0,0.0,0.0,21281.1,1135010200,15.0,15.0,0.0,6.0,01870
A13905208,월계6-2초안,서울특별시 노원구 월계동 924 월계6-2초안,분양,중앙난방,47158.22,4,571.0,도시개발공사,삼익건설,029956092, ,아파트,서울특별시 노원구 우이천로 102,위탁관리,복도식,19971120,029956093,571.0,40811.65,571.0,0.0,0.0,0.0,28253.35,1135010200,15.0,15.0,0.0,8.0,01872
A13905301,월계서광,서울특별시 노원구 월계동 922 월계서광,분양,개별난방,26724.088,4,274.0,서광산업주식회사,서광산업주식회사,029733315,월계서광.apti.co.kr,아파트,서울특별시 노원구 마들로1길 44,위탁관리,혼합식,19941021,029752463,274.0,26724.025,104.0,170.0,0.0,0.0,20141.78,1135010200,15.0,15.0,0.0,8.0,01910
A13905302,성원(사슴4),서울특별시 노원구 월계동 322-1 성원(사슴4),분양,지역난방,52498.68,6,713.0,(주)성원건설,서울시 도시개발공사,029729946,www.intm.co.kr/월계성원,아파트,서울특별시 노원구 마들로3길 37,위탁관리,복도식,19950612,029484335,713.0,51165.83,713.0,0.0,0.0,0.0,35220.96,1135010200,15.0,15.0,1.0,10.0,01907
A13984003,월계삼호4차,서울특별시 노원구 월계동 12 월계삼호4차,분양,중앙난방,66788.4,7,910.0,(주)삼호,(주)삼호,029780313,apt.k-apt.go.kr,아파트,서울특별시 노원구 마들로 127,위탁관리,복도식,19870706,029746986,910.0,66788.4,910.0,0.0,0.0,0.0,48270.6,1135010200,14.0,14.0,0.0,7.0,01909
A13984004,그랑빌,서울특별시 노원구 월계동 18 그랑빌,분양,개별난방,487925.6,25,3003.0,"한진중공업,한화건설",00,029498800,wggv.gvapt.com,아파트,서울특별시 노원구 마들로 31,위탁관리,계단식,20021018,029498894,3003.0,346204.9,725.0,1426.0,524.0,328.0,269753.44,1135010200,28.0,28.0,3.0,61.0,01913
A13984005,월계시영고층,서울특별시 노원구 월계동 13 월계시영고층,분양,지역난방,280427.0,32,3930.0,미성.미륭.삼호,서울시,029765993,www.wgka.or.kr,아파트,서울특별시 노원구 마들로 111,자치관리,복도식,19860607,029494482,3930.0,278899.1,3930.0,0.0,0.0,0.0,201468,1135010200,14.0,14.0,0.0,37.0,01909
A13984409,월계사슴2단지,서울특별시 노원구 월계동 320-9 월계사슴2단지,임대,지역난방,39329.0,5,775.0,(주)기산,SH공사,029788063, ,아파트,서울특별시 노원구 월계로55길 16,위탁관리,복도식,19950612,029788065,775.0,38710.723,775.0,0.0,0.0,0.0,25861.86,1135010200,15.0,15.0,1.0,10.0,01864
A13984411,월계사슴3단지,서울특별시 노원구 월계동 320-11 월계사슴3단지,분양,지역난방,51241.71,5,884.0,(주)기산,sh공사,029785356, ,아파트,서울특별시 노원구 월계로55길 15,위탁관리,복도식,19950612,029497573,884.0,51241.71,884.0,0.0,0.0,0.0,35803.92,1135010200,15.0,15.0,1.0,10.0,01865
A13984603,월계삼창,서울특별시 노원구 월계동 448-3 월계삼창,분양,개별난방,29122.0,3,296.0,삼창주택,삼창주택,029124199, ,아파트,서울특별시 노원구 광운로2나길 50,자치관리,혼합식,19841221,0264364199,296.0,29121.248,0.0,168.0,128.0,0.0,21325.04,1135010200,12.0,12.0,0.0,6.0,01899
A13984604,월계동신,서울특별시 노원구 월계동 436 월계동신,분양,개별난방,81823.0,7,864.0,동신주택(주),동신주택(주),029152037,intm.co.kr/월계동신,아파트,서울특별시 노원구 광운로2나길 30,위탁관리,복도식,19830430,029155187,864.0,79377.17,0.0,456.0,408.0,0.0,71850.96,1135010200,12.0,12.0,0.0,9.0,01900
A13984813,월계주공1단지,서울특별시 노원구 월계동 556 월계주공1단지,임대,중앙난방,100682.0,8,2298.0,한국토지주택공사,한국토지주택공사,029999402,www.kohom.co.kr,아파트,서울특별시 노원구 초안산로1길 51,위탁관리,복도식,19921119,029978809,2298.0,93537.03,2298.0,0.0,0.0,0.0,64147.41,1135010200,15.0,15.0,0.0,24.0,01881
A13984814,월계주공2단지,서울특별시 노원구 월계동 556 월계주공2단지,분양,개별난방,135018.0,16,2002.0,주택공사,주택공사,029994097, ,아파트,서울특별시 노원구 초안산로1길 18,위탁관리,혼합식,19921030,029994998,2002.0,100656.26,1822.0,180.0,0.0,0.0,100306.5,1135010200,15.0,15.0,1.0,29.0,01882
A13985103,월계대우아파트,서울특별시 노원구 월계동 775 월계대우아파트,분양,지역난방,63279.0,7,344.0,대우건설,대우건설,029040319, ,아파트,서울특별시 노원구 초안산로5길 22,자치관리,계단식,19980729,029040318,344.0,48948.863,0.0,0.0,344.0,0.0,39869.4,1135010200,20.0,20.0,0.0,9.0,01868
A13985105,월계청백3단지,서울특별시 노원구 월계동 780 월계청백3단지,분양,지역난방,37135.51,4,458.0,태영,SH공사,029063554,cafe.daum.net/wgcb3,아파트,서울특별시 노원구 월계로45가길 89,위탁관리,복도식,19980810,029063544,458.0,36474.676,458.0,0.0,0.0,0.0,23201.31,1135010200,15.0,15.0,1.0,6.0,01875
A13985106,월계청백1단지,서울특별시 노원구 월계동 774 월계청백1단지,임대,지역난방,71915.0,8,1147.0,SH공사,성원건설,029020086, ,아파트,서울특별시 노원구 초안산로 89,위탁관리,복도식,19980714,029020088,1147.0,69350.44,1147.0,0.0,0.0,0.0,42559.08,1135010200,15.0,15.0,1.0,16.0,01869
A13985107,월계청백4단지,서울특별시 노원구 월계동 781 월계청백4단지,분양,지역난방,51070.0,4,520.0,서울특별시도시개발공사,(주)태영건설,0262244687,없음,아파트,서울특별시 노원구 월계로45가길 94,위탁관리,혼합식,19980810,0262244688,520.0,49693.43,387.0,133.0,0.0,0.0,31628.58,1135010200,15.0,15.0,1.0,10.0,01876
A13985201,월계극동,서울특별시 노원구 월계동 803-1 월계극동,분양,개별난방,21327.0,2,199.0,극동건설(주),극동건설(주),029020497,openapt.go.kr,아파트,서울특별시 노원구 덕릉로60길 266,위탁관리,계단식,19960809,0262270497,199.0,20539.91,0.0,199.0,0.0,0.0,16192.07,1135010200,17.0,17.0,1.0,8.0,01873
A13987501,성북역신도브래뉴,서울특별시 노원구 월계동 941 성북역신도브래뉴,분양,개별난방,19626.637,3,157.0,(주)신도종합건설,(주)신도종합건설,029138390, ,아파트,서울특별시 노원구 광운로19길 38,위탁관리,계단식,20050523,029138397,157.0,15220.45,48.0,99.0,10.0,0.0,12291.8118,1135010200,15.0,15.0,1.0,7.0,01887
A13987502,월계역신도브래뉴,서울특별시 노원구 월계동 942 월계역신도브래뉴,분양,개별난방,30188.0,4,223.0,인덕주택재건축정비사업조합/(주)신도종합건설,(주)신도종합건설,029090396, ,아파트,서울특별시 노원구 광운로 132,위탁관리,계단식,20050628,0264041207,223.0,22344.3,85.0,101.0,37.0,0.0,18054.9354,1135010200,15.0,15.0,1.0,9.0,01885
A13987503,월계2차한일,서울특별시 노원구 월계동 927 월계2차한일,분양,개별난방,24554.0,1,171.0,한일건설,한일,029152874, ,아파트,서울특별시 노원구 석계로13길 6-10,위탁관리,계단식,20000426,0264352875,171.0,18943.0,38.0,114.0,19.0,0.0,14132.162,1135010200,19.0,19.0,3.0,5.0,01896
A13991015,월계유원,서울특별시 노원구 월계동 880 월계유원,분양,개별난방,18132.0,1,154.0,유원건설,대동연립 주택조합,029043452, ,아파트,서울특별시 노원구 덕릉로60길 252,위탁관리,계단식,19980414,029043453,154.0,14922.39,66.0,88.0,0.0,0.0,11428.62,1135010200,20.0,20.0,1.0,4.0,01873
A13991016,월계동원베네스트,서울특별시 노원구 월계동 940 월계동원베네스트,분양,개별난방,24679.95,5,205.0,(주)동원건설,월계동원베네스트아파트조합,029029567, ,아파트,서울특별시 노원구 월계로53길 21,위탁관리,계단식,20050331,029909567,205.0,18577.53,103.0,102.0,0.0,0.0,14796.356,1135010200,14.0,14.0,1.0,8.0,01867
A13991017,월계초안산쌍용,서울특별시 노원구 월계동 945 월계초안산쌍용,분양,개별난방,29883.0,4,225.0,쌍용건설(주),.,029050758,www.woorihom.co.kr/초안산쌍용/,아파트,서울특별시 노원구 덕릉로60길 222,위탁관리,계단식,20060327,029050759,225.0,22568.55,60.0,165.0,0.0,0.0,17569.05,1135010200,15.0,15.0,1.0,9.0,01872
A13991018,롯데캐슬루나,서울특별시 노원구 월계동 947 롯데캐슬루나,분양,개별난방,130109.48,21,850.0,롯데건설,재건축조합,029908815,lotteca.co.kr,아파트,서울특별시 노원구 월계로45길 21,위탁관리,계단식,20061130,029908816,850.0,98384.0,170.0,448.0,232.0,0.0,77743.514,1135010200,13.0,13.0,1.0,36.0,01883
A13995602,월계사슴1단지,서울특별시 노원구 월계동 321 월계사슴1단지,임대,지역난방,58984.42,8,1372.0,삼익건설,sh공사,029788060,http://www.i-sh.co.kr/happy/intro.do,아파트,서울특별시 노원구 월계로 372,위탁관리,복도식,19950612,029788062,1372.0,56641.695,1372.0,0.0,0.0,0.0,37534.68,1135010200,15.0,15.0,1.0,16.0,01905
A10020049,태릉현대홈타운스위트,서울특별시 노원구 공릉동 121 태릉현대홈타운스위트,분양,개별난방,36186.0,10,0.0,현대건설,현대건설,029787724, ,연립주택,서울특별시 노원구 화랑로51나길 36,위탁관리,계단식,20040206,029787741,134.0,20658.473,0.0,0.0,0.0,0.0,16893.161,1135010300,3.0,3.0,2.0,0.0,
A10020204,마장한영스테이,서울특별시 노원구 공릉동 596-27 마장한영스테이,임대,개별난방,6155.8,1,130.0,(주)씨앤씨종합건설,JR NETWORKS,0222967775, ,도시형 생활주택(아파트),서울특별시 성동구 마장로42길 6,위탁관리,혼합식,20250410,0222967773,130.0,2807.87,130.0,0.0,0.0,0.0,2807.87,1135010300,15.0,0.0,2.0,3.0,
A10021097,태릉입구역 이니티움,서울특별시 노원구 공릉동 684-41 태릉입구역 이니티움,임대,개별난방,6618.04,1,100.0,삼정건설,유한책임회사 문화,029487770,유한책임회사 문화,주상복합,서울특별시 노원구 화랑로 419-3,위탁관리,복도식,20241015,029487771,100.0,5500.79,100.0,0.0,0.0,0.0,3064.08,1135010300,1.0,15.0,0.0,3.0,
A10022152,서울공릉행복주택,서울특별시 노원구 공릉동 428-7 서울공릉행복주택,임대,개별난방,6045.248,1,100.0,뉴프린스 (주),한국토지주택공사,0232965283, ,아파트,서울특별시 노원구 공릉로51길 20,위탁관리,복도식,20190121,0232965284,103.0,6045.248,100.0,0.0,0.0,0.0,2454.2,1135010300,1.0,15.0,1.0,2.0,
A10023478,한일휴니스빌,서울특별시 노원구 공릉동 683-14 한일휴니스빌,분양,개별난방,6418.113,1,164.0,한일개발,제이에스산업개발,0264821002, ,도시형 생활주택(아파트),서울특별시 노원구 화랑로 421,자치관리,계단식,20130924,07089521006,180.0,4434.247,164.0,0.0,0.0,0.0,2337.7452,1135010300,19.0,19.0,3.0,3.0,01861
A10023990,청년주택 와이엔타워,서울특별시 노원구 공릉동 617-3 청년주택 와이엔타워,임대,개별난방,11793.0,1,270.0,(주)한양산업개발,(주)태운산업개발,0220392695,yntower.apti.co.kr,주상복합,서울특별시 노원구 동일로 1000,위탁관리,복도식,20211202,0220392696,270.0,10600.328,270.0,0.0,0.0,0.0,5507.1,1135010300,20.0,20.0,2.0,0.0,01849
A10023991,태릉해링턴플레이스,서울특별시 노원구 공릉동 758 태릉해링턴플레이스,혼합,개별난방,191973.27,15,1308.0,효성중공업,태릉현대아파트주택재건축정비사업조합,029720103, ,아파트,서울특별시 노원구 공릉로34길 86,위탁관리,계단식,20220118,029720105,1308.0,124604.016,441.0,867.0,0.0,0.0,94764.99,1135010300,25.0,25.0,3.0,41.0,01817
A10026289,공릉2차신도브래뉴아파트,서울특별시 노원구 공릉동 749 공릉2차신도브래뉴아파트,분양,개별난방,21270.06,1,138.0,(주)신도종합건설,(주)신도종합건설,029731567, ,아파트,서울특별시 노원구 동일로193길 7,위탁관리,혼합식,20021129,029732360,138.0,15414.36,0.0,138.0,0.0,0.0,11038.38,1135010300,18.0,18.0,2.0,4.0,01852
A10027622,노원프레미어스엠코,서울특별시 노원구 공릉동 670-20 노원프레미어스엠코,분양,개별난방,53489.105,2,234.0,현대엔지니어링,KB신탁사,029748004, ,주상복합,서울특별시 노원구 동일로 986,위탁관리,계단식,20160116,029748002,234.0,26136.352,0.0,234.0,0.0,0.0,19663.8126,1135010300,36.0,36.0,5.0,4.0,01849
A13924003,공릉한보아파트,서울특별시 노원구 공릉동 743 공릉한보아파트,분양,개별난방,69728.42,7,561.0,(주)한보,(주)한보,029757956,공릉한보.apti.co.kr,아파트,서울특별시 노원구 공릉로46길 19,위탁관리,혼합식,20001020,0262277956,562.0,58102.83,232.0,257.0,72.0,0.0,43876.29,1135010300,20.0,20.0,2.0,0.0,01813
A13924004,삼익포레스트아파트,서울특별시 노원구 공릉동 737 삼익포레스트아파트,분양,개별난방,104527.08,8,845.0,삼익건설,한도연립재건축주택조합,029766231,공릉동삼익.apti.co.kr,아파트,서울특별시 노원구 공릉로46길 32,위탁관리,혼합식,19950930,029766232,845.0,86450.69,341.0,300.0,204.0,0.0,66216.3,1135010300,15.0,15.0,1.0,23.0,01816
A13924205,공릉동부,서울특별시 노원구 공릉동 705 공릉동부,분양,개별난방,33514.28,4,295.0,(주)동부건설,(주)동부건설,029715348, ,아파트,서울특별시 노원구 공릉로 206,위탁관리,혼합식,19960412,0262295633,295.0,30022.95,105.0,130.0,60.0,0.0,24103.6,1135010300,15.0,15.0,1.0,8.0,01814
A13974401,공릉현대,서울특별시 노원구 공릉동 590-1 공릉현대,분양,개별난방,17067.99,1,145.0,고려산업개발,고려산업개발,029774828, ,아파트,서울특별시 노원구 동일로176길 39-12,위탁관리,혼합식,19990508,0209444828,145.0,13741.547,60.0,85.0,0.0,0.0,10558.92,1135010300,13.0,13.0,2.0,4.0,01847
A13980004,청솔아파트8,서울특별시 노원구 공릉동 91 청솔아파트8,분양,지역난방,43625.1,6,278.0,"이수건설,대우엔지니어링",이수건설,02-975-0290, ,아파트,서울특별시 노원구 노원로1가길 10,위탁관리,계단식,20001125,029760290,278.0,43392.664,0.0,278.0,0.0,0.0,23553.04,1135010300,15.0,15.0,3.0,12.0,01822
A13980006,공릉청솔9단지,서울특별시 노원구 공릉동 90 공릉청솔9단지,분양,지역난방,47613.0,4,297.0,이수건설(주),도시개발공사,029733433, ,아파트,서울특별시 노원구 노원로1길 21,위탁관리,계단식,20001125,029733436,297.0,46992.832,0.0,297.0,0.0,0.0,25220.99,1135010300,12.0,12.0,2.0,14.0,01827
A13980009,공릉태릉우성,서울특별시 노원구 공릉동 254 공릉태릉우성,분양,개별난방,43515.2,9,432.0,"한국과학기술원직원,육사기간요원 주택조합","한국과학기술원직원,육사기간요원 주택조합",029493071, ,아파트,서울특별시 노원구 노원로 29,위탁관리,계단식,19851028,029493072,432.0,41798.16,0.0,432.0,0.0,0.0,32797.44,1135010300,9.0,9.0,0.0,24.0,01821
A13980010,공릉화랑타운,서울특별시 노원구 공릉동 111 공릉화랑타운,분양,지역난방,58393.87,11,436.0,두산건설,도시개발공사,029774241, ,아파트,서울특별시 노원구 화랑로51길 17,위탁관리,계단식,20000127,029738078,436.0,57539.8,0.0,436.0,0.0,0.0,36910.1,1135010300,10.0,10.0,1.0,22.0,01800
A13980012,공릉우방4단지,서울특별시 노원구 공릉동 108 공릉우방4단지,분양,지역난방,63731.81,5,494.0,우방건설,군인공제회,029754774,없음,아파트,서울특별시 노원구 노원로 58,위탁관리,계단식,20000504,0262274774,494.0,36970.414,0.0,494.0,0.0,0.0,36970.416,1135010300,15.0,15.0,2.0,20.0,01799
A13980014,공릉해링턴플레이스(구.효성화운트빌),서울특별시 노원구 공릉동 106 공릉해링턴플레이스(구.효성화운트빌),분양,지역난방,98819.414,11,564.0,(주)효성,(주)효성,029496295, ,아파트,서울특별시 노원구 노원로 62,위탁관리,계단식,20001215,029496296,564.0,79466.68,0.0,0.0,564.0,0.0,63702.558,1135010300,15.0,15.0,0.0,19.0,01798
A13980017,공릉2-6,서울특별시 노원구 공릉동 110 공릉2-6,임대,지역난방,41539.4,4,691.0,두산건설(주),에스에이치공사,029760657,happy.i-sh.co.kr/main.do?deptid=20188,아파트,서울특별시 노원구 화랑로51길 81,위탁관리,복도식,19990820,029760659,691.0,40958.52,691.0,0.0,0.0,0.0,25173.09,1135010300,15.0,15.0,0.0,8.0,01800
A13980018,공릉비선,서울특별시 노원구 공릉동 109 공릉비선,분양,지역난방,60159.59,7,700.0,두산건설,서울시 도시개발공사,029494006, ,아파트,서울특별시 노원구 화랑로51길 78,위탁관리,복도식,19990729,029494050,700.0,59086.766,700.0,0.0,0.0,0.0,36443.48,1135010300,15.0,15.0,0.0,10.0,01799
A13980019,공릉태강,서울특별시 노원구 공릉동 81 공릉태강,분양,지역난방,147851.27,21,1676.0,"삼환공사,현대공사","삼환공사,현대공사",029798050, ,아파트,서울특별시 노원구 공릉로34길 62,위탁관리,혼합식,19990723,0232960705,1676.0,123090.12,1676.0,0.0,0.0,0.0,88107.16,1135010300,15.0,15.0,2.0,28.0,01820
A13980102,공릉신원,서울특별시 노원구 공릉동 370-4 공릉신원,분양,개별난방,18795.58,1,153.0,신원종합개발,신원종합개발,029716118, ,아파트,서울특별시 노원구 동일로192나길 26,위탁관리,복도식,20000214,029716102,153.0,14765.382,81.0,72.0,0.0,0.0,10946.07,1135010300,16.0,16.0,2.0,2.0,01841
A13980105,공릉대동2차,서울특별시 노원구 공릉동 380-1 공릉대동2차,분양,개별난방,27349.3,2,190.0,대동건설,"대원,한성,성심연립재건축조합",029772054, ,아파트,서울특별시 노원구 동일로195길 39,위탁관리,혼합식,19991023,029752053,190.0,21189.87,48.0,104.0,38.0,0.0,15799.73,1135010300,19.0,19.0,2.0,5.0,01853
A13980107,공릉신도1차,서울특별시 노원구 공릉동 748 공릉신도1차,분양,개별난방,52362.9,4,342.0,신도종합건설,신도종합건설,0232966100, ,아파트,서울특별시 노원구 동일로191가길 59,위탁관리,계단식,20020307,029736088,342.0,40293.68,0.0,266.0,76.0,0.0,30436.0236,1135010300,19.0,19.0,2.0,9.0,01853
A13980108,공릉우성,서울특별시 노원구 공릉동 738 공릉우성,분양,개별난방,46882.7,3,363.0,우성,우성,029717155,공릉우성.apti.co.kr,아파트,서울특별시 노원구 동일로198길 24,위탁관리,혼합식,19951230,029744696,363.0,37555.05,161.0,139.0,63.0,0.0,28253.69,1135010300,21.0,21.0,0.0,9.0,01839
A13980401,공릉신성미소지움,서울특별시 노원구 공릉동 756 공릉신성미소지움,분양,개별난방,28345.324,2,198.0,(주)신성건설,공릉동 한일연립 재건축 조합,029714223, ,아파트,서울특별시 노원구 공릉로42길 13-14,위탁관리,계단식,20040618,029712225,198.0,21891.84,0.0,169.0,29.0,0.0,17457.67,1135010300,18.0,18.0,1.0,7.0,01818
A13980402,공릉건영장미,서울특별시 노원구 공릉동 744 공릉건영장미,분양,개별난방,28928.0,2,215.0,0,(주)건영,029793980, ,아파트,서울특별시 노원구 공릉로51길 14-1,위탁관리,혼합식,19990424,0262283980,215.0,21224.5,91.0,124.0,0.0,0.0,15973.29,1135010300,21.0,21.0,2.0,5.0,01833
A13980403,공릉삼익2차,서울특별시 노원구 공릉동 754 공릉삼익2차,분양,개별난방,31919.227,2,237.0,삼익건설,삼익건설,029722114, ,아파트,서울특별시 노원구 공릉로34길 118,위탁관리,혼합식,20040429,029728181,237.0,20933.436,142.0,95.0,0.0,0.0,15586.966,1135010300,18.0,18.0,2.0,4.0,01815
A13980407,효성아파트,서울특별시 노원구 공릉동 742 효성아파트,분양,지역난방,39822.16,13,340.0,효성중공업,효성중공업,029797015, ,아파트,서울특별시 노원구 화랑로 556,위탁관리,계단식,19950602,0262277015,340.0,32415.26,0.0,340.0,0.0,0.0,26832.8,1135010300,5.0,5.0,1.0,0.0,01804
A13980411,공릉동신,서울특별시 노원구 공릉동 745 공릉동신,분양,개별난방,65229.9,6,452.0,대성연합건축조합(주)동신,대성연합건축조합(주)동신,029756214, ,아파트,서울특별시 노원구 공릉로 213,위탁관리,혼합식,19991224,0262216214,452.0,47212.52,200.0,168.0,84.0,0.0,35931.28,1135010300,24.0,24.0,2.0,9.0,01833
A13980413,화랑해링턴플레이스,서울특별시 노원구 공릉동 746 화랑해링턴플레이스,분양,개별난방,28041.67,3,196.0,(주)효성건설,완성연립조합,029497411, ,아파트,서울특별시 노원구 공릉로34길 45,위탁관리,혼합식,19991224,029491440,196.0,21923.963,45.0,106.0,45.0,0.0,17381.4,1135010300,19.0,19.0,1.0,6.0,01819
A13980415,공릉두산힐스빌,서울특별시 노원구 공릉동 747 공릉두산힐스빌,분양,개별난방,83950.9,8,579.0,두산건설주식회사,신일연립주택조합,029774215,공릉두산힐스빌.apti.co.kr,아파트,서울특별시 노원구 공릉로 126,위탁관리,계단식,20001018,029774216,579.0,61121.17,202.0,266.0,111.0,0.0,46869.66,1135010300,24.0,24.0,3.0,16.0,01825
A13980509,공릉삼익4단지,서울특별시 노원구 공릉동 714 공릉삼익4단지,분양,지역난방,38318.0,4,525.0,도시개발공사,도시개발공사,029731254, ,아파트,서울특별시 노원구 동일로198가길 13,위탁관리,복도식,19941207,029762262,525.0,37154.1,525.0,0.0,0.0,0.0,26076.6,1135010300,15.0,15.0,1.0,7.0,01838
A13980510,공릉2단지라이프,서울특별시 노원구 공릉동 707 공릉2단지라이프,분양,지역난방,39162.0,4,660.0,서울특별시 도시개발공사,서울특별시 도시개발공사,029783998, ,아파트,서울특별시 노원구 동일로198가길 149,위탁관리,복도식,19941207,029755225,660.0,39162.0,660.0,0.0,0.0,0.0,27131.4,1135010300,15.0,15.0,1.0,9.0,01850
A13980511,공릉3단지라이프,서울특별시 노원구 공릉동 715 공릉3단지라이프,분양,지역난방,48521.7,4,840.0,LH,도시공사,029711395, ,아파트,서울특별시 노원구 섬밭로 123,위탁관리,복도식,19941207,029734377,841.0,48521.7,840.0,0.0,0.0,0.0,34175.7,1135010300,15.0,15.0,1.0,10.0,01854
A13980512,공릉1단지,서울특별시 노원구 공릉동 708 공릉1단지,임대,지역난방,60621.13,7,1395.0,삼익건설(주),sh공사,029748290,http://www.i-sh.co.kr/happy/intro.do,아파트,서울특별시 노원구 동일로 1127,위탁관리,복도식,19941207,029784935,1395.0,57799.05,1395.0,0.0,0.0,0.0,37676.55,1135010300,15.0,15.0,0.0,18.0,01851
A13980513,공릉풍림아이원,서울특별시 노원구 공릉동 725 공릉풍림아이원,분양,개별난방,209911.0,14,1601.0,풍림산업,하계제1재개발조합,029769788,다음:공릉풍림아이원카페,아파트,서울특별시 노원구 섬밭로 139,위탁관리,계단식,20010917,029730983,1601.0,121664.22,651.0,718.0,232.0,0.0,121664.22,1135010300,20.0,20.0,1.0,38.0,01850
A13980604,공릉대아2차,서울특별시 노원구 공릉동 492-1 공릉대아2차,분양,개별난방,23179.01,1,174.0,대아건설,삼익연립재건축조합,029752577, ,아파트,서울특별시 노원구 동일로183길 34,위탁관리,계단식,20000329,0262292577,174.0,18107.3,57.0,87.0,30.0,0.0,14227.92,1135010300,20.0,20.0,2.0,2.0,01856
A13980706,공릉대주파크빌,서울특별시 노원구 공릉동 751 공릉대주파크빌,분양,개별난방,27885.203,1,191.0,대주주택(주),"동일,우성연립재건축주택조합",029710140,공릉대주피오레.homeapt.net/,아파트,서울특별시 노원구 섬밭로 52,위탁관리,계단식,20030120,029710048,191.0,20685.143,0.0,191.0,0.0,0.0,15285.702,1135010300,19.0,19.0,2.0,6.0,01859
A13980801,공릉대동1차,서울특별시 노원구 공릉동 604-11 공릉대동1차,분양,개별난방,19658.62,1,152.0,(주)대동,(주)대동,029794220, ,아파트,서울특별시 노원구 동일로175길 38,위탁관리,혼합식,19990430,029794221,152.0,14198.344,73.0,79.0,0.0,0.0,10852.54,1135010300,16.0,16.0,2.0,3.0,01859
A13980803,공릉1동삼익,서울특별시 노원구 공릉동 690-2 공릉1동삼익,분양,개별난방,20891.84,1,158.0,삼익건설주식회사,평화외3개연립 재건축조합,029787677, ,아파트,서울특별시 노원구 섬밭로 17,위탁관리,혼합식,19971028,029787678,158.0,15906.2,78.0,59.0,21.0,0.0,11790.07,1135010300,21.0,21.0,2.0,0.0,01855
A13994501,공릉현대성우,서울특별시 노원구 공릉동 741 공릉현대성우,분양,개별난방,22598.5,1,181.0,현대성우건설,현대성우아파트재건축조합,029787111, ,아파트,서울특별시 노원구 공릉로27길 110,위탁관리,혼합식,20001018,029787119,181.0,16809.912,101.0,80.0,0.0,0.0,12854.78,1135010300,21.0,21.0,3.0,3.0,01834
A10026660,노원에너지제로주택,서울특별시 노원구 하계동 251-9 노원에너지제로주택,임대,중앙난방,17652.27,8,0.0,KCC건설,"노원구청, 명지대학교연구단",029771900, ,아파트,서울특별시 노원구 한글비석로 97,자치관리,복도식,20171024,029791900,120.0,15600.35,0.0,0.0,0.0,0.0,11718.31,1135010400,7.0,7.0,2.0,0.0,01791
A13923001,중계한신코아,서울특별시 노원구 하계동 285 중계한신코아,분양,개별난방,28697.03,12,160.0,한신공영(주),한신공영(주),029749388, ,연립주택,서울특별시 노원구 노원로15길 51-10,위탁관리,계단식,19940319,029749390,160.0,21131.248,0.0,40.0,120.0,0.0,17210.64,1135010400,4.0,4.0,0.0,0.0,01790
A13923102,하계우방,서울특별시 노원구 하계동 353 하계우방,분양,개별난방,36941.0,2,288.0,우방,우방,029762510,없음,아파트,서울특별시 노원구 공릉로58길 176,위탁관리,혼합식,19991227,029484956,288.0,28432.07,135.0,127.0,26.0,0.0,21131.28,1135010400,17.0,17.0,2.0,7.0,01808
A13923103,하계청구,서울특별시 노원구 하계동 284 하계청구,분양,개별난방,62776.43,5,660.0,(주)청구주택,(주)청구주택,029759961, ,아파트,서울특별시 노원구 공릉로 351,위탁관리,계단식,19881029,0262219961,660.0,62776.43,0.0,660.0,0.0,0.0,51796.2,1135010400,15.0,15.0,0.0,22.0,01784
A13923104,하계미성,서울특별시 노원구 하계동 280 하계미성,분양,지역난방,66773.516,6,685.0,라이프주택,라이프주택,029747414, ,아파트,서울특별시 노원구 공릉로59길 28,자치관리,혼합식,19890621,029791202,685.0,66773.516,120.0,475.0,90.0,0.0,54955.98,1135010400,15.0,15.0,0.0,21.0,01829
A13923106,하계2차현대아파트,서울특별시 노원구 하계동 288 하계2차현대아파트,분양,지역난방,96388.086,12,730.0,현대산업개발,현대산업개발,029740780, ,아파트,서울특별시 노원구 노원로18길 19,위탁관리,혼합식,19970731,029789654,730.0,76785.26,0.0,730.0,0.0,0.0,60228.364,1135010400,15.0,15.0,0.0,25.0,01747
A13923108,하계청솔,서울특별시 노원구 하계동 274 하계청솔,분양,중앙난방,82883.34,8,1192.0,한일개발,율산개발유한회사,029713132,www.chungsolapt.co.kr/,아파트,서울특별시 노원구 공릉로59길 25,위탁관리,혼합식,19891030,029760682,1192.0,82881.63,1192.0,0.0,0.0,0.0,58074.3,1135010400,15.0,15.0,0.0,16.0,01831
A13977913,중계주공9단지,서울특별시 노원구 하계동 256 중계주공9단지,임대,지역난방,119061.35,12,2634.0,한국토지주택공사,한국토지주택공사,029495518,www.kohom.or.kr,아파트,서울특별시 노원구 노원로16길 15,위탁관리,복도식,19920928,029495519,2694.0,112848.36,2634.0,0.0,0.0,0.0,75220.38,1135010400,15.0,15.0,0.0,34.0,01748
A13987205,하계1차청구아파트,서울특별시 노원구 하계동 251 하계1차청구아파트,분양,개별난방,87922.0,10,700.0,청구건설,청구건설,029761009, ,아파트,서울특별시 노원구 한글비석로 91,자치관리,계단식,19970627,029480613,700.0,76363.63,0.0,700.0,0.0,0.0,59220,1135010400,15.0,15.0,1.0,24.0,01791
A13987301,하계학여울청구B,서울특별시 노원구 하계동 356 하계학여울청구B,임대,중앙난방,18276.23,1,378.0,청구(주),청구(주),029732685, ,아파트,서울특별시 노원구 한글비석로 6,위탁관리,복도식,20020314,029732686,378.0,17943.66,378.0,0.0,0.0,0.0,12383.28,1135010400,18.0,18.0,1.0,2.0,01862
A13987302,하계시영5단지,서울특별시 노원구 하계동 272 하계시영5단지,임대,지역난방,29740.0,13,640.0,유원건설,.,029767252, ,아파트,서울특별시 노원구 한글비석로 24,위탁관리,복도식,19891030,029737177,640.0,29111.36,640.0,0.0,0.0,0.0,23568,1135010400,5.0,5.0,0.0,0.0,01862
A13987303,하계현대우성,서울특별시 노원구 하계동 270 하계현대우성,분양,중앙난방,147781072.0,12,1320.0,"현대산업개발,우성건설","현대산업개발,우성건설",029720754, ,아파트,서울특별시 노원구 섬밭로 232,위탁관리,계단식,19880929,029779878,1320.0,143902.8,0.0,1050.0,270.0,0.0,121153.3,1135010400,15.0,15.0,0.0,44.0,01780
A13987304,하계 6단지 장미아파트,서울특별시 노원구 하계동 273 하계 6단지 장미아파트,분양,중앙난방,131293.66,15,1880.0,"라이프주택,진흥기업,현대건설",.,029798514,하계장미.apti.co.kr/default.asp,아파트,서울특별시 노원구 섬밭로 196,자치관리,복도식,19891030,029482596,1880.0,131293.66,1472.0,408.0,0.0,0.0,99254.46,1135010400,15.0,15.0,1.0,28.0,01863
A13987305,하계학여울청구,서울특별시 노원구 하계동 354 하계학여울청구,분양,지역난방,177356.16,16,1476.0,(주)청구,하계2구역 재개발조합,029776816,ckapt.apti.co.kr,아파트,서울특별시 노원구 동일로207길 186,위탁관리,혼합식,19990209,029787683,1476.0,130350.96,324.0,684.0,468.0,0.0,130350.96,1135010400,18.0,18.0,3.0,36.0,01775
A13987306,하계극동건영벽산,서울특별시 노원구 하계동 271-3 하계극동건영벽산,분양,지역난방,169224.4,12,1980.0,극동건영벽산,극동건영벽산,029781417,www.h3apt.com,아파트,서울특별시 노원구 섬밭로 229,위탁관리,혼합식,19880613,029781418,1980.0,163764.0,750.0,1230.0,0.0,0.0,134939.4,1135010400,15.0,15.0,1.0,41.0,01776
A13993501,하계삼익선경,서울특별시 노원구 하계동 255-1 하계삼익선경,분양,개별난방,67222.0,6,396.0,"삼익건설(주)-3개동, 선경건설(주)-3개동","삼익건설,선경건설",029490350, ,아파트,서울특별시 노원구 노원로 214,위탁관리,계단식,19930610,029490308,396.0,56205.01,0.0,0.0,396.0,0.0,45897,1135010400,15.0,15.0,2.0,15.0,01792
A13993502,하계한신동성,서울특별시 노원구 하계동 256-5 하계한신동성,분양,중앙난방,84705.0,6,498.0,한신.동성,한신.동성,029735383, ,아파트,서울특별시 노원구 한글비석로 151,위탁관리,계단식,19930303,029743679,498.0,72514.54,0.0,0.0,274.0,224.0,61730.72,1135010400,15.0,15.0,1.0,18.0,01750
A13993503,하계한신,서울특별시 노원구 하계동 284 하계한신,분양,지역난방,55504.0,4,1200.0,한신공영,한신공영,029726570, ,아파트,서울특별시 노원구 공릉로 351,위탁관리,복도식,19881029,0262216570,1200.0,54417.6,1200.0,0.0,0.0,0.0,40914,1135010400,15.0,15.0,0.0,9.0,01784
A13993901,하계학여울청구A,서울특별시 노원구 하계동 355 하계학여울청구A,임대,지역난방,22620.87,1,486.0,청구,SH공사,029754317, ,아파트,서울특별시 노원구 동일로207길 186,위탁관리,복도식,20010628,029754318,486.0,22560.12,486.0,0.0,0.0,0.0,15921.36,1135010400,18.0,18.0,1.0,4.0,01775
A10020107,에드가상계,서울특별시 노원구 상계동 1412 에드가상계,임대,개별난방,26603.393,1,443.0,(주)우방,케이비부동산신탁(주),029301049, ,도시형 생활주택(아파트),서울특별시 노원구 동일로 1633,위탁관리,복도식,20250515,029301050,443.0,21790.117,336.0,107.0,0.0,0.0,21790.1179,1135010500,23.0,0.0,4.0,1.0,
A10020253,해링턴플레이스노원센트럴,서울특별시 노원구 상계동 690- 해링턴플레이스노원센트럴,혼합,개별난방,30998.42,1,0.0,효성중공업,(주)엘앤피개발,029357901, ,도시형 생활주택(아파트),서울특별시 노원구 노원로 495,위탁관리,복도식,20250930,029367901,299.0,25600.982,0.0,0.0,0.0,0.0,12062.9352,1135010500,23.0,23.0,4.0,4.0,
A10020593,상계현대4차아파트,서울특별시 노원구 상계동 1271- 상계현대4차아파트,분양,개별난방,11965.05,1,0.0,현대산업개발,현대산업개발,029350728, ,아파트,서울특별시 노원구 동일로231다길 23,위탁관리(직영+위탁),계단식,19950703,0262230728,106.0,10901.04,0.0,0.0,0.0,0.0,9005.04,1135010500,1.0,15.0,1.0,4.0,
A10020986,노원아이파크,서울특별시 노원구 상계동 1318- 노원아이파크,분양,개별난방,30613.61,1,124.0,현대,현대,029369006, ,주상복합,서울특별시 노원구 상계로23다길 13-8,위탁관리,계단식,20091229,029369008,124.0,20324.38,0.0,0.0,44.0,80.0,17012.11,1135010500,1.0,13.0,0.0,0.0,
A10021185,비콘드림힐3차아파트,서울특별시 노원구 상계동 1310- 비콘드림힐3차아파트,분양,개별난방,15738.107,1,114.0,(주)비콘건설,(주)비콘건설,029331389,(주)비콘건설,아파트,서울특별시 노원구 상계로1길 82-14,위탁관리,계단식,20050530,029309101,114.0,11081.042,26.0,88.0,0.0,0.0,9036.4,1135010500,1.0,15.0,2.0,0.0,
A10023024,노원롯데캐슬시그니처1단지,서울특별시 노원구 상계동 95-3 노원롯데캐슬시그니처1단지,혼합,개별난방,74570.74,4,553.0,롯데건설(주),상계6구역주택재개발정비사업조합,029382005, ,아파트,서울특별시 노원구 덕릉로 753,위탁관리,혼합식,20230629,029382006,553.0,48262.67,304.0,218.0,31.0,0.0,35725.07,1135010500,29.0,29.0,3.0,11.0,01640
A10023060,노원롯데캐슬시그니처2단지,서울특별시 노원구 상계동 95-3 노원롯데캐슬시그니처2단지,분양,개별난방,89035.06,6,610.0,롯데건설,상계6재정비촉진구역조합,029383005, ,아파트,서울특별시 노원구 덕릉로 753,위탁관리,계단식,20230628,029383006,610.0,43117.195,351.0,255.0,4.0,0.0,43116.06,1135010500,29.0,29.0,2.0,0.0,01640
A10024434,상록수아파트,서울특별시 노원구 상계동 1296 상록수아파트,분양,개별난방,12993.0,3,115.0,영동건설,SH공사,029311489, ,아파트,서울특별시 노원구 동일로239나길 31,위탁관리,계단식,20020528,029321149,115.0,8934.8,95.0,20.0,0.0,0.0,6641.358,1135010500,15.0,15.0,2.0,5.0,01606
A10024547,포레나노원 아파트,서울특별시 노원구 상계동 680 포레나노원 아파트,혼합,개별난방,153921.45,13,1062.0,주식회사 한화건설,상계주공8단지 주택재건축 정비사업조합,0233924938,forenanw.com,아파트,서울특별시 노원구 노원로38길 76,위탁관리,계단식,20201125,0233924940,1062.0,101785.72,499.0,540.0,23.0,0.0,76881.44,1135010500,30.0,30.0,2.0,28.0,01677
A10024770,상계 대창센시티,서울특별시 노원구 상계동 1302 상계 대창센시티,분양,개별난방,16640.47,1,117.0,대창기업(주) ,대창기업(주),0220911489, ,아파트,서울특별시 노원구 수락산로 246,위탁관리,계단식,20020730, ,117.0,12376.26,0.0,117.0,0.0,0.0,9921.8934,1135010500,15.0,15.0,2.0,0.0,01615
A10024778,상계중앙하이츠아파트,서울특별시 노원구 상계동 1068 상계중앙하이츠아파트,분양,개별난방,15840.26,1,142.0,중앙건설(주),중앙건설(주),029376951, ,,서울특별시 노원구 동일로231길 72,위탁관리(직영+위탁),혼합식,19961012,029376952,142.0,13272.41,71.0,71.0,0.0,0.0,10285.06,1135010500,15.0,15.0,1.0,3.0,01614
A10025133,노원 센트럴푸르지오,서울특별시 노원구 상계동 85-33 노원 센트럴푸르지오,혼합,개별난방,106862.11,7,810.0,상계4구역주택재개발정비사업조합,대우건설,029348577, ,아파트,서울특별시 노원구 수락산로 12,위탁관리,혼합식,20210222,029348578,810.0,71649.19,551.0,250.0,9.0,0.0,52139.53,1135010500,28.0,28.0,3.0,19.0,01639
A10027533,비콘드림힐아파트,서울특별시 노원구 상계동 1308 비콘드림힐아파트,분양,개별난방,70209.13,2,57.0,대망건설,대망지역주택조합,029326072, ,아파트,서울특별시 노원구 동일로242라길 21-11,위탁관리,계단식,20041210,0262276072,57.0,5728.8,0.0,57.0,0.0,0.0,4567.14,1135010500,11.0,11.0,0.0,3.0,01626
A10027601,중계센트럴파크아파트,서울특별시 노원구 상계동 1322 중계센트럴파크아파트,혼합,지역난방,62074.51,5,457.0,진흥기업(주),SH공사,029351007, ,아파트,서울특별시 노원구 덕릉로70가길 21,위탁관리,혼합식,20160317,029391006,457.0,42447.0,315.0,142.0,0.0,0.0,29353.96,1135010500,15.0,15.0,2.0,0.0,01772
A13920001,상계우방,서울특별시 노원구 상계동 1295 상계우방,분양,개별난방,42404.0,3,274.0,주)우방,주)우방,0233914484, ,아파트,서울특별시 노원구 동일로230가길 15,위탁관리,계단식,20000630,029329470,274.0,32493.24,56.0,129.0,54.0,35.0,25592.5,1135010500,19.0,19.0,2.0,8.0,01631
A13920102,상계수락현대,서울특별시 노원구 상계동 1272 상계수락현대,분양,개별난방,25256.0,2,216.0,현대건설,삼성제4직장 주택조합,029510149, ,아파트,서울특별시 노원구 동일로242길 95,자치관리,계단식,19950928,029340149,216.0,22849.775,0.0,216.0,0.0,0.0,18322.56,1135010500,12.0,12.0,1.0,9.0,01626
A13920104,우림루미아트1.2단지,서울특별시 노원구 상계동 1306 우림루미아트1.2단지,분양,개별난방,37332.316,3,275.0,우림건설,우림건설,029303443, ,아파트,서울특별시 노원구 동일로230가길 71,위탁관리,계단식,20041117,029303447,275.0,28963.36,0.0,248.0,27.0,0.0,23940.946,1135010500,15.0,15.0,0.0,12.0,01630
A13920105,상계수락한신,서울특별시 노원구 상계동 1277 상계수락한신,분양,개별난방,37157.28,2,290.0,한신공영,재건축조합,029373106, ,아파트,서울특별시 노원구 동일로242길 80,위탁관리,혼합식,19970417,029373120,290.0,29765.287,147.0,82.0,61.0,0.0,22727.67,1135010500,16.0,16.0,2.0,7.0,01627
A13920106,상계극동늘푸른,서울특별시 노원구 상계동 1128 상계극동늘푸른,분양,개별난방,35140.35,4,299.0,극동건설,극동건설,029326072, ,아파트,서울특별시 노원구 동일로246길 39,위탁관리,혼합식,20000422,0264076072,299.0,29244.35,137.0,162.0,0.0,0.0,21905.514,1135010500,18.0,18.0,1.0,9.0,01626
A13920202,상계코오롱,서울특별시 노원구 상계동 1281 상계코오롱,분양,개별난방,26845.074,3,215.0,코오롱,코오롱,0233913360, ,아파트,서울특별시 노원구 노원로26가길 25,위탁관리,혼합식,19971229,0233913362,215.0,20381.693,86.0,129.0,0.0,0.0,15438.33,1135010500,21.0,21.0,0.0,5.0,01705
A13920205,상계한일유엔아이,서울특별시 노원구 상계동 1309 상계한일유엔아이,분양,개별난방,36793.0,5,305.0,한일건설(주),상게8구역재개발조합,029300159, ,아파트,서울특별시 노원구 노원로28길 62,위탁관리,계단식,20050203,029301270,305.0,28243.521,193.0,73.0,39.0,0.0,22241.002,1135010500,21.0,21.0,1.0,8.0,01705
A13920207,상계1차중앙하이츠,서울특별시 노원구 상계동 1279 상계1차중앙하이츠,분양,개별난방,53666.09,2,437.0,(주)중앙건설,(주)중앙건설,029511619, ,아파트,서울특별시 노원구 노원로28길 15,위탁관리,혼합식,19971016,0263161619,437.0,48556.27,188.0,159.0,90.0,0.0,36844.86,1135010500,23.0,23.0,1.0,9.0,01704
A13920209,상계중앙하이츠2차,서울특별시 노원구 상계동 1282 상계중앙하이츠2차,분양,개별난방,104035.0,9,795.0,중앙건설,중안건설,029308339,980904,아파트,서울특별시 노원구 노원로 428,위탁관리,혼합식,19980905,0262238339,795.0,81778.5,354.0,357.0,84.0,0.0,62692.02,1135010500,25.0,25.0,2.0,14.0,01703
A13920501,상계금호타운,서울특별시 노원구 상계동 1270 상계금호타운,분양,개별난방,28843.64,2,230.0,금호건설,조합,029359774, ,아파트,서울특별시 노원구 한글비석로46나길 10,위탁관리,계단식,19950519,029359775,230.0,19449.547,0.0,230.0,0.0,0.0,19448.55,1135010500,14.0,14.0,2.0,9.0,01652
A13920506,상계벽산,서울특별시 노원구 상계동 173-1 상계벽산,분양,중앙난방,118797.23,9,1590.0,(주)벽산건설,재개발조합,029395543, ,아파트,서울특별시 노원구 한글비석로 396,위탁관리,혼합식,19890513,0262253213,1590.0,118770.7,1205.0,385.0,0.0,0.0,88606.95,1135010500,15.0,15.0,0.0,21.0,01663
A13920703,상계주공5단지,서울특별시 노원구 상계동 721 상계주공5단지,분양,개별난방,31350.0,19,840.0,대한주택공사,대한주택공사,029311005, ,아파트,서울특별시 노원구 동일로216길 47,자치관리,계단식,19871117,029313636,840.0,26863.2,840.0,0.0,0.0,0.0,26863.2,1135010500,5.0,5.0,0.0,0.0,01753
A13920706,상계주공4단지,서울특별시 노원구 상계동 749-5 상계주공4단지,분양,지역난방,154389.4,17,2136.0,대한주택공사,대한주택공사,029317772, ,아파트,서울특별시 노원구 동일로 1362,위탁관리,복도식,19880513,029524034,2136.0,154389.4,1706.0,430.0,0.0,0.0,112119.7,1135010500,25.0,25.0,1.0,26.0,01756
A13920707,상계주공6단지,서울특별시 노원구 상계동 720 상계주공6단지,분양,지역난방,203067.0,28,2646.0,대한주택공사,대한주택공사,029317399, ,아파트,서울특별시 노원구 노해로 508,위탁관리,복도식,19880513,029346300,2646.0,194620.16,2646.0,0.0,0.0,0.0,141670.02,1135010500,15.0,15.0,0.0,32.0,01752
A13920802,상계주공15단지,서울특별시 노원구 상계동 624 상계주공15단지,임대,지역난방,137241.0,12,2100.0,sh공사,sh공사,029335056,sg15.aptner.com,아파트,서울특별시 노원구 동일로227길 26,위탁관리,복도식,19880727,029370508,2100.0,137141.7,2100.0,0.0,0.0,0.0,97098,1135010500,15.0,15.0,0.0,24.0,01617
A13920803,상계주공16단지,서울특별시 노원구 상계동 624 상계주공16단지,분양,지역난방,190601.7,18,2392.0,주택공사,주택공사,029341624,sg16@aptner.co.kr,아파트,서울특별시 노원구 동일로227길 86,위탁관리,복도식,19880923,029322422,2392.0,188671.12,2152.0,240.0,0.0,0.0,136491.92,1135010500,15.0,15.0,0.0,32.0,01618
A13920804,상계주공10단지,서울특별시 노원구 상계동 666 상계주공10단지,분양,지역난방,197224.44,27,2654.0,대한주택공사,대한주택공사,029352794,openapt.seoul.go.kr,아파트,서울특별시 노원구 노원로 564,위탁관리,혼합식,19880907,029304496,2654.0,197207.53,2198.0,456.0,0.0,0.0,144932.92,1135010500,15.0,15.0,0.0,28.0,01675
A13921005,상계주공9단지,서울특별시 노원구 상계동 670 상계주공9단지,분양,지역난방,217993.5,23,2830.0,대힌주택공사,한국주택공사,029340147,sangju9.apti.co.kr/,아파트,서울특별시 노원구 노원로 532,위탁관리,복도식,19881024,029378055,2830.0,217993.5,1990.0,840.0,0.0,0.0,156453.5,1135010500,15.0,15.0,0.0,37.0,01676
A13971501,상계미도,서울특별시 노원구 상계동 766-1 상계미도,분양,개별난방,76110.0,3,600.0,한보,한보,029320864, ,아파트,서울특별시 노원구 덕릉로 459-18,위탁관리,복도식,19880412,0262230864,600.0,73386.0,0.0,0.0,600.0,0.0,52542,1135010500,15.0,15.0,0.0,6.0,01769
A13971502,상계주공3단지,서울특별시 노원구 상계동 730-2 상계주공3단지,분양,지역난방,186785.0,26,2213.0,한국주택공사,한국주택공사,029311003,없음,아파트,서울특별시 노원구 동일로 1389,위탁관리,복도식,19871121,029515387,2213.0,186783.89,1298.0,915.0,0.0,0.0,139655.04,1135010500,15.0,15.0,0.0,28.0,01762
A13973201,노원우성,서울특별시 노원구 상계동 1251 노원우성,분양,개별난방,16698.82,2,137.0,우성건설,한국냉장조합 외 4곳,029522463, ,아파트,서울특별시 노원구 상계로7길 18,위탁관리,계단식,19920716,029512933,137.0,15827.16,0.0,137.0,0.0,0.0,11613.86,1135010500,15.0,15.0,1.0,5.0,01691
A13973202,비콘드림힐,서울특별시 노원구 상계동 1310 비콘드림힐,분양,개별난방,15738.107,1,114.0,바콘,비콘,029331389, ,아파트,서울특별시 노원구 상계로1길 82-14,위탁관리,계단식,20050530,029309101,114.0,11282.662,26.0,88.0,0.0,0.0,9036.4,1135010500,15.0,15.0,0.0,4.0,01693
A13974101,수락리버시티 4단지,서울특별시 노원구 상계동 1313 수락리버시티 4단지,혼합,지역난방,63328.01,7,548.0,한신공영,SH 공사,029301117, ,아파트,서울특별시 노원구 누원로 18,위탁관리,혼합식,20091120,029303368,548.0,63327.53,336.0,212.0,0.0,0.0,33286.36,1135010500,15.0,15.0,2.0,14.0,01601
A13974102,수락리버시티3단지,서울특별시 노원구 상계동 1312 수락리버시티3단지,혼합,지역난방,82532.49,11,696.0,한신공영,SH공사,029301116, ,주상복합,서울특별시 노원구 누원로 28,위탁관리,혼합식,20091120,029303365,696.0,60665.84,330.0,336.0,30.0,0.0,46324.58,1135010500,15.0,15.0,1.0,19.0,01600
A13974103,상계은빛3단지,서울특별시 노원구 상계동 1264 상계은빛3단지,임대,지역난방,54811.15,9,900.0,한진건설,서울주택도시공사,029383531,www.i-sh.co.kr,아파트,서울특별시 노원구 동일로250길 17,위탁관리,혼합식,19980912,029383530,900.0,54805.5,900.0,0.0,0.0,0.0,33169.5,1135010500,15.0,15.0,0.0,13.0,01621
A13980903,불암산센트럴아파트,서울특별시 노원구 상계동 1320 불암산센트럴아파트,분양,개별난방,23041.88,2,240.0,성림산업(주),성림산업(주),0233913217, ,아파트,서울특별시 노원구 덕릉로127길 25,위탁관리,혼합식,20060608,0233916216,240.0,23041.88,148.0,92.0,0.0,0.0,16628.08,1135010500,20.0,20.0,2.0,5.0,01634
A13981001,상계불암대림제2,서울특별시 노원구 상계동 1290 상계불암대림제2,임대,개별난방,10894.9,1,206.0,대림산업,대림산업,029395484,happy.i-sh.co.kr,아파트,서울특별시 노원구 덕릉로94가길 41,위탁관리,복도식,20000328,029395485,206.0,10891.22,206.0,0.0,0.0,0.0,6798,1135010500,17.0,17.0,1.0,2.0,01649
A13981006,상계불암대림,서울특별시 노원구 상계동 1289 상계불암대림,분양,개별난방,82790.36,6,634.0,대림산업,상계7구역재개발조합,0233920953, ,아파트,서울특별시 노원구 덕릉로94길 21,위탁관리,혼합식,20000328,0233920954,634.0,68392.305,232.0,246.0,156.0,0.0,52549.56,1135010500,23.0,23.0,2.0,13.0,01649
A13981204,상계불암현대(임대),서울특별시 노원구 상계동 1294 상계불암현대(임대),임대,개별난방,22651.752,1,472.0,현대산업개발,현대산업개발,0233913331,happy.i-sh.co.kr,아파트,서울특별시 노원구 덕릉로118길 27,위탁관리,복도식,19991210,0233913394,472.0,18854.512,472.0,0.0,0.0,0.0,12744,1135010500,22.0,22.0,2.0,4.0,01646
A13981208,상계불암현대,서울특별시 노원구 상계동 1293 상계불암현대,분양,개별난방,108313.51,5,826.0,현대산업개발(주),현대산업개발(주),029302171, ,아파트,서울특별시 노원구 덕릉로118길 29,위탁관리,혼합식,19991210,029304373,826.0,86538.28,302.0,368.0,156.0,0.0,67005.42,1135010500,22.0,22.0,4.0,16.0,01646
A13981304,상계한신1차,서울특별시 노원구 상계동 135 상계한신1차,분양,지역난방,33130.0,4,420.0,한신공영,한신공영,029363266,www.hanshin1.com,아파트,서울특별시 노원구 한글비석로46가길 16,위탁관리,혼합식,19870326,0264353266,420.0,32330.586,360.0,60.0,0.0,0.0,23754,1135010500,15.0,15.0,1.0,6.0,01653
A13981402,상계청암1단지,서울특별시 노원구 상계동 1275 상계청암1단지,분양,개별난방,34025.0,5,234.0,대림산업(주)외,서울특별시도시개발공사,029514811, ,아파트,서울특별시 노원구 덕릉로112길 24,위탁관리,계단식,20010607,029514711,234.0,23457.33,0.0,234.0,0.0,0.0,19843.2,1135010500,19.0,19.0,1.0,7.0,01645
A13981405,청암2단지,서울특별시 노원구 상계동 1276 청암2단지,분양,개별난방,60598.34,7,602.0,대림산업(주),도시개발공사,029514812,v2admin.aptner.com,아파트,서울특별시 노원구 덕릉로94가길 20,위탁관리,복도식,20010607,029514837,602.0,43084.51,602.0,0.0,0.0,0.0,32481.25,1135010500,20.0,20.0,3.0,8.0,01650
A13981407,상계조합대림,서울특별시 노원구 상계동 172 상계조합대림,분양,개별난방,65051.637,5,675.0,대림산업,상계 4-2구역 재개발 조합,029384599, ,아파트,서울특별시 노원구 상계로 193-14,위탁관리,혼합식,19890814,029381045,675.0,62540.1,405.0,270.0,0.0,0.0,47092.05,1135010500,15.0,15.0,1.0,13.0,01661
A13981604,노원현대아파트,서울특별시 노원구 상계동 359 노원현대아파트,분양,개별난방,31977.63,4,259.0,현대건설(주),축산기업새마을금고직장주택조합,029374643,https://nwhd.aptner.com/,아파트,서울특별시 노원구 상계로3길 50,위탁관리,계단식,19970120,0263144643,259.0,30823.33,0.0,259.0,0.0,0.0,21961.8,1135010500,18.0,18.0,0.0,10.0,01693
A13981606,상계대동아파트,서울특별시 노원구 상계동 1284 상계대동아파트,분양,개별난방,51434.95,3,358.0,대동주택(주),대동주택(주),029311178, ,아파트,서울특별시 노원구 상계로26길 20,위탁관리,계단식,20010522,029311688,358.0,38134.19,145.0,124.0,89.0,0.0,29446.36,1135010500,25.0,25.0,3.0,10.0,01698
A13981608,상계동양메이저,서울특별시 노원구 상계동 1305 상계동양메이저,분양,개별난방,63731.47,7,448.0,동양메이저건설(주),동양,029395919, ,아파트,서울특별시 노원구 상계로5길 12,위탁관리,계단식,20030830,029395916,448.0,47393.92,0.0,448.0,0.0,0.0,38030.84,1135010500,22.0,22.0,0.0,0.0,01692
A13981901,상계주공13단지,서울특별시 노원구 상계동 637 상계주공13단지,분양,지역난방,64292.39,9,939.0,대한주택공사,대한주택공사,029372809,상계주공13단지.apti.co.kr,아파트,서울특별시 노원구 한글비석로54길 92,위탁관리,복도식,19890421,029526668,939.0,46750.14,939.0,0.0,0.0,0.0,46750.14,1135010500,15.0,15.0,1.0,10.0,01672
A13981903,상계주공14단지,서울특별시 노원구 상계동 626 상계주공14단지,분양,지역난방,163274.34,26,2265.0,주공,주공,029394976, ,아파트,서울특별시 노원구 동일로228길 23,위탁관리,혼합식,19890421,029394977,2265.0,161214.36,1875.0,240.0,150.0,0.0,120319.98,1135010500,15.0,15.0,0.0,23.0,01669
A13982002,상계한신3차,서울특별시 노원구 상계동 458 상계한신3차,분양,개별난방,34010.0,5,348.0,한신공용(주),한신공영(주),029350866, ,아파트,서울특별시 노원구 한글비석로46가길 34,위탁관리,혼합식,19900528,0262230866,348.0,33044.605,0.0,348.0,0.0,0.0,26249.52,1135010500,15.0,15.0,0.0,10.0,01654
A13982003,상계신동아,서울특별시 노원구 상계동 463 상계신동아,분양,지역난방,48906.05,3,385.0,신동아건설(주),(주)영수개발 직장주택조합외 6개 조합,029513051, ,아파트,서울특별시 노원구 한글비석로52길 66,위탁관리,혼합식,19950602,029524876,385.0,30647.91,81.0,304.0,0.0,0.0,30647.91,1135010500,15.0,15.0,3.0,12.0,01651
A13982005,상계한신2차,서울특별시 노원구 상계동 451 상계한신2차,분양,지역난방,40560.316,3,471.0,한신 건설,한신 건설,029392309, ,아파트,서울특별시 노원구 한글비석로48길 6,위탁관리,혼합식,19880514,0262212309,471.0,38526.0,321.0,150.0,0.0,0.0,28983.12,1135010500,15.0,15.0,1.0,9.0,01656
A13982101,상계성원,서울특별시 노원구 상계동 1283 상계성원,분양,개별난방,23884.92,1,174.0,성원건설,성원건설,029302471, ,아파트,서울특별시 노원구 노원로34길 34,위탁관리,혼합식,19990819,029302491,174.0,19289.74,76.0,64.0,34.0,0.0,13895.88,1135010500,20.0,20.0,2.0,4.0,01679
A13982103,상계양우아파트,서울특별시 노원구 상계동 1299 상계양우아파트,분양,개별난방,30093.89,2,251.0,양우종합건설(주),청솔연립1단지 재건축 조합,029367775, ,아파트,서울특별시 노원구 노원로30길 81,자치관리,계단식,20020716,0220911607,251.0,30093.89,0.0,169.0,82.0,0.0,21669.973,1135010500,25.0,25.0,0.0,6.0,01697
A13982202,상계주공12단지,서울특별시 노원구 상계동 647 상계주공12단지,분양,지역난방,134728.05,15,1739.0,대한주택공사,대한주택공사,029340418,-,아파트,서울특별시 노원구 한글비석로 530,위탁관리,복도식,19881019,029330419,1739.0,88064.98,1379.0,360.0,0.0,0.0,88220.08,1135010500,15.0,15.0,0.0,27.0,01673
A13982301,상계주공11단지,서울특별시 노원구 상계동 652 상계주공11단지,분양,지역난방,157742.6,16,1944.0,대한주택공사,대한주택공사,029353334, ,아파트,서울특별시 노원구 동일로227길 25,위탁관리,복도식,19880907,0262243335,1944.0,113101.92,1272.0,672.0,0.0,0.0,113613.96,1135010500,15.0,15.0,0.0,26.0,01619
A13982604,상계보람,서울특별시 노원구 상계동 639 상계보람,분양,지역난방,294982.66,21,3315.0,군인공제회,군인공제회,029318796, ,아파트,서울특별시 노원구 한글비석로 480,위탁관리,복도식,19880629,029324030,3315.0,293093.6,1335.0,1980.0,0.0,0.0,212709.75,1135010500,15.0,15.0,0.0,42.0,01671
A13982701,상계임광아파트,서울특별시 노원구 상계동 694 상계임광아파트,분양,지역난방,56839.86,4,420.0,임광,상계임광아파트,029372502, ,아파트,서울특별시 노원구 노원로 569,위탁관리,계단식,19890501,029317549,420.0,56839.86,0.0,0.0,420.0,0.0,48448.2,1135010500,15.0,15.0,0.0,14.0,01687
A13982702,상계마들대림,서울특별시 노원구 상계동 695 상계마들대림,분양,지역난방,61183.28,4,538.0,대림산업주식회사,대림산업주식회사,029331084,www.daehan21c.co.kr,아파트,서울특별시 노원구 동일로221길 22,위탁관리,계단식,19880615,029523500,538.0,61181.36,0.0,0.0,538.0,0.0,50270.72,1135010500,15.0,15.0,1.0,18.0,01687
A13982704,상계주공7단지,서울특별시 노원구 상계동 691 상계주공7단지,분양,지역난방,190484.52,21,2634.0,라이프주택. 삼환. 장복건설,대한주택공사,029333644,www.sanggye7.com,아파트,서울특별시 노원구 상계로1길 92,위탁관리,복도식,19880727,029327970,2634.0,187645.73,2394.0,240.0,0.0,0.0,135357.54,1135010500,15.0,15.0,0.0,32.0,01691
A13983004,상계주공2단지,서울특별시 노원구 상계동 740 상계주공2단지,분양,지역난방,153686.0,23,2029.0,대한주택공사,대한주택공사,029312002, ,아파트,서울특별시 노원구 동일로215길 23,위탁관리,혼합식,19871121,029352003,2029.0,147760.16,1528.0,501.0,0.0,0.0,108644.92,1135010500,15.0,15.0,1.0,21.0,01764
A13983101,상계마들,서울특별시 노원구 상계동 771-3 상계마들,분양,지역난방,9800.86,3,170.0,에스에이치공사,에스에이치공사,029354091, ,아파트,서울특별시 노원구 덕릉로70가길 101,위탁관리,복도식,19881130,029350775,170.0,9745.31,170.0,0.0,0.0,0.0,5711.1,1135010500,5.0,5.0,0.0,0.0,01772
A13983105,상계주공1단지,서울특별시 노원구 상계동 765 상계주공1단지,분양,지역난방,150894.22,24,2064.0,대한주택공사,대한주택공사,029316244, ,아파트,서울특별시 노원구 동일로213길 21,위탁관리,혼합식,19880513,029334866,2064.0,150894.22,1618.0,446.0,0.0,0.0,112653.08,1135010500,15.0,15.0,1.0,22.0,01766
A13983608,상계한신,서울특별시 노원구 상계동 995 상계한신,분양,개별난방,43147.0,5,397.0,조흥은행주택조합,한신공영(주),029307426, ,아파트,서울특별시 노원구 동일로230길 63,위탁관리,계단식,19951017,029307868,397.0,33681.48,0.0,397.0,0.0,0.0,33680.43,1135010500,15.0,15.0,1.0,16.0,01628
A13983707,상계현대1차,서울특별시 노원구 상계동 1055 상계현대1차,분양,개별난방,37638.99,4,331.0,현대산업개발(주),제일제당과조합,029371949, ,아파트,서울특별시 노원구 동일로237길 41,위탁관리,계단식,19930408,0233913583,331.0,35014.867,0.0,331.0,0.0,0.0,27756.69,1135010500,15.0,15.0,1.0,13.0,01613
A13983709,상계현대2차,서울특별시 노원구 상계동 1078 상계현대2차,분양,개별난방,50143.5,4,465.0,현대산업개발(주),현대산업개발(주),029513860, ,아파트,서울특별시 노원구 동일로231길 86,위탁관리,계단식,19931230,029376109,465.0,50143.5,0.0,465.0,0.0,0.0,38082.32,1135010500,15.0,15.0,0.0,16.0,01614
A13983712,상계3차현대아파트,서울특별시 노원구 상계동 1063 상계3차현대아파트,분양,지역난방,52166.4,6,494.0,현대산업개발,현대산업개발,029321797, ,아파트,서울특별시 노원구 수락산로 234,위탁관리,계단식,19990424,0262241996,494.0,52166.4,0.0,494.0,0.0,0.0,41970.54,1135010500,15.0,15.0,0.0,17.0,01615
A13983713,두산아파트,서울특별시 노원구 상계동 1110 두산아파트,분양,지역난방,70005.29,11,763.0,두산건설,두산건설,029322972, ,아파트,서울특별시 노원구 동일로241길 53,위탁관리,혼합식,19941015,029360772,763.0,67138.97,441.0,322.0,0.0,0.0,49049.22,1135010500,15.0,15.0,1.0,17.0,01606
A13983801,대망드림힐,서울특별시 노원구 상계동 1304 대망드림힐,분양,개별난방,22457.0,1,165.0,(주)대망종합건설,대영연립재건축조합,0233911589, ,아파트,서울특별시 노원구 동일로242라길 27,위탁관리,계단식,20030627,0233911589,165.0,17894.008,0.0,127.0,38.0,0.0,13507.5094,1135010500,18.0,18.0,2.0,1.0,01626
A13983803,상계대림e-편한세상,서울특별시 노원구 상계동 1301 상계대림e-편한세상,분양,개별난방,30127.93,2,230.0,(주)삼호,(주)삼호,029341489, ,아파트,서울특별시 노원구 동일로239길 68,위탁관리,혼합식,20020719,029343404,230.0,24490.625,80.0,113.0,37.0,0.0,18165.88,1135010500,19.0,19.0,2.0,5.0,01610
A13983810,상계수락파크빌,서울특별시 노원구 상계동 1269 상계수락파크빌,분양,지역난방,82780.32,7,468.0,SH공사,SH공사,029522359, ,아파트,서울특별시 노원구 동일로248길 16,위탁관리,계단식,20010529,029322369,468.0,61053.12,0.0,193.0,275.0,0.0,47920.11,1135010500,15.0,15.0,2.0,15.0,01624
A13983811,수락산벨리체아파트,서울특별시 노원구 상계동 1265 수락산벨리체아파트,분양,지역난방,104648.0,12,492.0,"미주실업,동방티앤씨","미주실업,동방티앤씨",0233913860, ,아파트,서울특별시 노원구 동일로250길 18,위탁관리,계단식,20000614,0233913875,492.0,72486.79,0.0,0.0,492.0,0.0,60504.6,1135010500,15.0,15.0,2.0,17.0,01623
A13983815,상계은빛2단지,서울특별시 노원구 상계동 1256 상계은빛2단지,분양,지역난방,108366.0,9,1313.0,한신공영(주),SH공사,029513885, ,아파트,서울특별시 노원구 동일로245가길 41,위탁관리,혼합식,19981026,029393885,1313.0,106883.75,1313.0,0.0,0.0,0.0,68988.17,1135010500,15.0,15.0,0.0,14.0,01604
A13983816,상계은빛1단지,서울특별시 노원구 상계동 1255 상계은빛1단지,분양,지역난방,118054.0,10,1391.0,(주)국제종합토건,서울도시개발공사,029359971, ,아파트,서울특별시 노원구 동일로245길 162,위탁관리,혼합식,19981116,029359973,1391.0,73269.35,1391.0,0.0,0.0,0.0,73269.35,1135010500,15.0,15.0,1.0,16.0,01603
A13989701,상계동아불암,서울특별시 노원구 상계동 1285 상계동아불암,분양,개별난방,115061.76,5,673.0,상계3-1지구 주택재개발조합,상계3-1지구 주택재개발조합,0233921735, ,아파트,서울특별시 노원구 덕릉로 780,위탁관리,혼합식,19991125,0233921736,673.0,70846.3,210.0,386.0,77.0,0.0,54041,1135010500,22.0,22.0,0.0,15.0,01647
A13989702,상계동아불암임대,서울특별시 노원구 상계동 1286 상계동아불암임대,임대,개별난방,20507.0,1,434.0,동아건설,동아건설,0233915525,"happy.i-sh.co.kr/intor,do",아파트,서울특별시 노원구 덕릉로112길 13,위탁관리,복도식,19991125,0233922295,434.0,18651.236,434.0,0.0,0.0,0.0,11718,1135010500,22.0,22.0,2.0,2.0,01647
A13994302,상계한양,서울특별시 노원구 상계동 757 상계한양,분양,지역난방,54246.0,5,492.0,(주)한양,(주)한양,029317643,sghanyang.or.kr,아파트,서울특별시 노원구 동일로216길 92,위탁관리,계단식,19880530,0263192221,492.0,53479.203,0.0,0.0,492.0,0.0,43796.88,1135010500,14.0,14.0,0.0,19.0,01754
A10022333,대호프라자,서울특별시 노원구 중계동 591- 대호프라자,분양,개별난방+기타,17644.45,1,126.0,한신중계지역주택조합,대호건설,029523151, ,아파트,서울특별시 노원구 한글비석로 384,위탁관리,계단식,20000224,029523152,126.0,12846.364,65.0,61.0,0.0,0.0,9079.43,1135010600,1.0,20.0,4.0,4.0,
A10023027,비콘드림힐아파트,서울특별시 노원구 중계동 602 비콘드림힐아파트,분양,개별난방,11889.381,1,88.0,비콘드림힐건설(주), ,029344993, ,아파트,서울특별시 노원구 덕릉로82길 13,위탁관리,혼합식,20051215,029334490,88.0,0.0,27.0,61.0,0.0,0.0,6802.079,1135010600,15.0,15.0,2.0,0.0,01715
A13922001,중계청암3단지,서울특별시 노원구 중계동 582 중계청암3단지,분양,개별난방,25133.35,5,180.0,요진건설,SH공사,029331656, ,아파트,서울특별시 노원구 덕릉로86길 70,위탁관리,혼합식,20030915,029369695,180.0,19333.8,0.0,180.0,0.0,0.0,15226.181,1135010600,10.0,10.0,2.0,5.0,01717
A13922002,중계진로유통조합아파트(중계진로대림아파트),서울특별시 노원구 중계동 78 중계진로유통조합아파트(중계진로대림아파트),분양,개별난방,19467.33,1,192.0,대림건설,진로직장주택조합,029521177, ,아파트,서울특별시 노원구 중계로14가길 5,위탁관리,혼합식,19920612,0263151177,192.0,19467.33,41.0,151.0,0.0,0.0,15247.23,1135010600,13.0,13.0,0.0,7.0,01725
A13922003,중계한화꿈에그린더퍼스트,서울특별시 노원구 중계동 156-29 중계한화꿈에그린더퍼스트,혼합,개별난방,48898.31,4,283.0,한화건설(주),제일주택재건축정비사업조합,029393166, ,아파트,서울특별시 노원구 덕릉로83길 9-7,위탁관리,계단식,20140828,029363166,283.0,33548.54,45.0,138.0,100.0,0.0,26528.452,1135010600,26.0,26.0,2.0,6.0,01662
A13922102,중계신안,서울특별시 노원구 중계동 590 중계신안,분양,개별난방,32078.0,2,250.0,신안건설,신안,029326789, ,아파트,서울특별시 노원구 덕릉로 595,자치관리,혼합식,19990615,0263180630,250.0,25170.246,106.0,144.0,0.0,0.0,18586.74,1135010600,23.0,23.0,2.0,6.0,01708
A13922103,중계3벽산,서울특별시 노원구 중계동 592 중계3벽산,분양,개별난방,34626.523,3,259.0,벽산건설,벽산건설,029514605, ,아파트,서울특별시 노원구 덕릉로77길 5,위탁관리,혼합식,19990921,029514608,259.0,26581.996,111.0,95.0,53.0,0.0,20809.79,1135010600,19.0,19.0,2.0,6.0,01707
A13922105,중계양지대림2-2임대,서울특별시 노원구 중계동 588-1 중계양지대림2-2임대,임대,지역난방,16063.0,1,331.0,대림건설,SH공사,029328856,http://happy.i-sh.co.kr/cms/main.do,아파트,서울특별시 노원구 덕릉로77길 27,위탁관리,복도식,19990318,029328857,331.0,16060.12,331.0,0.0,0.0,0.0,9820.77,1135010600,25.0,25.0,1.0,3.0,01706
A13922108,중계양지대림1차,서울특별시 노원구 중계동 587 중계양지대림1차,분양,지역난방,70710.0,5,508.0,대림산업,대림산업,0262215493, ,아파트,서울특별시 노원구 덕릉로71길 30,위탁관리,계단식,19981201,029525493,508.0,60613.44,24.0,308.0,176.0,0.0,47819.28,1135010600,23.0,23.0,3.0,14.0,01709
A13922110,중계양지대림2차,서울특별시 노원구 중계동 588 중계양지대림2차,분양,지역난방,92226.18,8,652.0,대림산업,중계제1 재개발조합,029522597, ,아파트,서울특별시 노원구 덕릉로73길 28,위탁관리,혼합식,19990211,0262272597,652.0,72103.76,186.0,282.0,184.0,0.0,56108.68,1135010600,25.0,25.0,3.0,14.0,01706
A13922111,중계주공8단지,서울특별시 노원구 중계동 362-1 중계주공8단지,분양,지역난방,49235.0,6,696.0,대한주택공사,한양,029383840, ,아파트,서울특별시 노원구 한글비석로5길 62,위탁관리,복도식,19930331,029394572,696.0,49224.48,696.0,0.0,0.0,0.0,34605.12,1135010600,15.0,15.0,0.0,12.0,01745
A13922114,중계주공5단지,서울특별시 노원구 중계동 359-1 중계주공5단지,분양,지역난방,174604.8,18,2328.0,대한주택공사,대한주택공사,029521734, ,아파트,서울특별시 노원구 중계로 230,위탁관리,혼합식,19920429,029389126,2328.0,174604.8,1608.0,720.0,0.0,0.0,134975.28,1135010600,15.0,15.0,0.0,42.0,01713
A13922406,중계주공4단지,서울특별시 노원구 중계동 358-2 중계주공4단지,분양,지역난방,58604.69,5,690.0,대한주택공사,대한주택공사,029340876, ,아파트,서울특별시 노원구 덕릉로76길 29,위탁관리,혼합식,19910914,029527405,690.0,57575.1,450.0,240.0,0.0,0.0,43629.9,1135010600,15.0,15.0,0.0,14.0,01712
A13922901,중계현대1차,서울특별시 노원구 중계동 577 중계현대1차,분양,개별난방,23324.0,3,211.0,현대건설,현대건설,029388357, ,아파트,서울특별시 노원구 중계로8길 106,위탁관리,계단식,19931125,0263142366,213.0,22997.71,0.0,211.0,0.0,0.0,16576.58,1135010600,9.0,9.0,0.0,12.0,01723
A13922903,중계대림벽산,서울특별시 노원구 중계동 363 중계대림벽산,분양,중앙난방,70676.0,6,400.0,"대림산업(주),벽산건설(주)","대림산업(주),벽산건설(주)",029308598, ,아파트,서울특별시 노원구 한글비석로8길 20,위탁관리,계단식,19930630,029371185,400.0,60739.88,0.0,0.0,220.0,180.0,50626.8,1135010600,15.0,15.0,1.0,14.0,01738
A13922904,중계금호,서울특별시 노원구 중계동 583 중계금호,분양,개별난방,46268.0,3,424.0,금호,한일은행 중계동 연합조합,029514754, ,아파트,서울특별시 노원구 중계로 140,위탁관리,혼합식,19970120,029514759,424.0,45117.566,224.0,200.0,0.0,0.0,30332.83,1135010600,15.0,15.0,2.0,10.0,01725
A13922905,중계한화꿈에그린,서울특별시 노원구 중계동 598 중계한화꿈에그린,분양,개별난방,63237.0,8,448.0,한화건설,한화건설,029377600, ,아파트,서울특별시 노원구 중계로8길 29,위탁관리,계단식,20050303,029377977,448.0,38194.977,29.0,397.0,22.0,0.0,38194.977,1135010600,15.0,15.0,2.0,17.0,01727
A13922907,동진신안,서울특별시 노원구 중계동 364 동진신안,분양,개별난방,77735.0,7,468.0,"동진건설, 신안건설","동진건설, 신안건설",029521777, ,아파트,서울특별시 노원구 중계로 195,위탁관리,계단식,19930515,0263191777,468.0,67027.44,0.0,0.0,468.0,0.0,55591.32,1135010600,15.0,15.0,1.0,16.0,01735
A13922908,중계삼성,서울특별시 노원구 중계동 593 중계삼성,분양,개별난방,68644.62,7,478.0,삼성중공업,삼성중공업,029340131, ,아파트,서울특별시 노원구 중계로14나길 25,위탁관리,혼합식,19991030,029340137,478.0,50757.02,201.0,160.0,117.0,0.0,38998.47,1135010600,18.0,18.0,2.0,12.0,01723
A13922909,중계주공6단지,서울특별시 노원구 중계동 364-12 중계주공6단지,분양,중앙난방,36246.6,4,600.0,대한주택공사,대한주택공사,029301303, ,아파트,서울특별시 노원구 한글비석로8길 41,위탁관리,복도식,19930331,029311303,600.0,36246.0,600.0,0.0,0.0,0.0,26460,1135010600,15.0,15.0,0.0,8.0,01737
A13922910,중계주공7단지,서울특별시 노원구 중계동 363-1 중계주공7단지,분양,개별난방,38052.0,5,630.0,한국주택공사,한양공영(주),029301580, ,아파트,서울특별시 노원구 한글비석로8길 42,위탁관리,복도식,19930331,029301579,630.0,27783.0,630.0,0.0,0.0,0.0,27783,1135010600,15.0,15.0,1.0,10.0,01739
A13972601,중계건영2차,서울특별시 노원구 중계동 515-2 중계건영2차,분양,지역난방,73398.42,6,742.0,(주)건영,(주)건영,029712421,jkky2.com,아파트,서울특별시 노원구 덕릉로 517,위탁관리,계단식,19910110,029752830,742.0,73398.42,0.0,742.0,0.0,0.0,59243.24,1135010600,15.0,15.0,0.0,25.0,01760
A13972602,중계중앙하이츠아쿠아,서울특별시 노원구 중계동 514 중계중앙하이츠아쿠아,분양,개별난방,35655.11,4,219.0,중앙건설,봄내건설,029729441, ,아파트,서울특별시 노원구 공릉로 430,위탁관리,복도식,20080620,029729442,219.0,25595.26,0.0,219.0,0.0,0.0,18518.585,1135010600,10.0,10.0,1.0,8.0,01785
A13972603,중계4단지목화,서울특별시 노원구 중계동 511-2 중계4단지목화,임대,지역난방,226393.8,14,1979.0,"벽산건설,남광토건",SH공사,029489597, ,아파트,서울특별시 노원구 노원로19길 31,위탁관리,복도식,19911115,029776694,1979.0,121776.03,1979.0,0.0,0.0,0.0,83102.88,1135010600,15.0,15.0,0.0,28.0,01787
A13985402,중계현대그린,서울특별시 노원구 중계동 49 중계현대그린,분양,개별난방,32098.36,3,268.0,현대산업개발,중랑지역 주택조합,029353443, ,아파트,서울특별시 노원구 중계로8길 39,위탁관리,계단식,19981224,0262233443,268.0,32097.852,0.0,268.0,0.0,0.0,22777.32,1135010600,9.0,9.0,0.0,15.0,01727
A13985406,중계현대6차,서울특별시 노원구 중계동 34 중계현대6차,분양,개별난방,66423.0,5,453.0,(주)현대건설,(주)현대건설,029328244, ,아파트,서울특별시 노원구 중계로8길 20,위탁관리,혼합식,20180627,0262236972,453.0,48436.117,185.0,192.0,76.0,0.0,36711,1135010600,19.0,19.0,2.0,11.0,01728
A13985605,중계중앙하이츠,서울특별시 노원구 중계동 161-1 중계중앙하이츠,분양,개별난방,62941.0,5,499.0,중앙산업,한전주택조합외5개조합,029326872,중계중앙하이츠.apti.co.kr/,아파트,서울특별시 노원구 덕릉로84길 7,위탁관리,혼합식,19980616,029388514,499.0,59180.938,53.0,446.0,0.0,0.0,40605.09,1135010600,18.0,18.0,1.0,17.0,01715
A13985904,중계현대2차(4동),서울특별시 노원구 중계동 435-1 중계현대2차(4동),분양,지역난방,33705.0,3,313.0,현대산업개발(주),현대산업개발,029341068, ,아파트,서울특별시 노원구 한글비석로15길 51,위탁관리,계단식,19910202,029316017,313.0,25697.96,0.0,313.0,0.0,0.0,25694.52,1135010600,15.0,15.0,0.0,11.0,01700
A13985907,중계염광아파트,서울특별시 노원구 중계동 445 중계염광아파트,분양,개별난방,109964.35,5,791.0,염광건설(주),염광건설(주),029373491,intm.co.kr,아파트,서울특별시 노원구 덕릉로79길 23,위탁관리,혼합식,19960618,0263183491,791.0,87872.22,317.0,313.0,161.0,0.0,66256.39,1135010600,26.0,26.0,2.0,17.0,01701
A13985908,중계주공3단지,서울특별시 노원구 중계동 358 중계주공3단지,임대,지역난방,64137.2,6,1455.0,LH,"선경건설(주),흥화건설(주)",029342456,www.kohom.or.kr,아파트,서울특별시 노원구 덕릉로 662,위탁관리,복도식,19910914,029383395,1475.0,38429.45,1455.0,0.0,0.0,0.0,38429.45,1135010600,15.0,15.0,0.0,20.0,01711
A13985909,중계주공2단지,서울특별시 노원구 중계동 369 중계주공2단지,분양,개별난방,110267.21,10,1800.0,LH공사,LH공사,029512425,www.jj2.co.kr/,아파트,서울특별시 노원구 한글비석로14길 8,위탁관리,복도식,19920626,0263150680,1800.0,106571.88,1800.0,0.0,0.0,0.0,80136,1135010600,15.0,15.0,1.0,20.0,01718
A13986004,중계주공10단지,서울특별시 노원구 중계동 360-16 중계주공10단지,분양,지역난방,26773.98,3,330.0,(주)한주개발,대한주택공사,029323970, ,아파트,서울특별시 노원구 노원로22길 53,위탁관리,복도식,19950429,029313970,330.0,26109.6,330.0,0.0,0.0,0.0,19186.2,1135010600,11.0,11.0,0.0,6.0,01741
A13986009,롯데우성,서울특별시 노원구 중계동 361-1 롯데우성,분양,지역난방,93284.86,8,568.0,"롯데건설,우성건설","롯데건설,우성건설",029392104, ,아파트,서울특별시 노원구 노원로22길 34,자치관리,계단식,19930731,029522038,568.0,77758.56,0.0,0.0,568.0,0.0,63862.08,1135010600,15.0,15.0,2.0,20.0,01746
A13986012,중계청구3차,서울특별시 노원구 중계동 360-2 중계청구3차,분양,개별난방,110118.44,9,780.0,청구건설,청구건설+주민495명연합조합,029358046,www.intm.com,아파트,서울특별시 노원구 중계로 233,위탁관리,계단식,19960722,029308272,780.0,83623.8,0.0,780.0,0.0,0.0,66120.6,1135010600,15.0,15.0,2.0,26.0,01742
A13986013,중계건영3차,서울특별시 노원구 중계동 360-15 중계건영3차,분양,중앙난방,114433.0,12,948.0,(주)건영,중계통합주택조합,029527562,openapt.seoul.co.kr,아파트,서울특별시 노원구 노원로22길 71,위탁관리,계단식,19951230,029511481,948.0,101475.16,0.0,948.0,0.0,0.0,80485.2,1135010600,15.0,15.0,1.0,33.0,01744
A13986111,중계라이프신동아청구아파트,서울특별시 노원구 중계동 366 중계라이프신동아청구아파트,분양,중앙난방,149833.22,17,960.0,(주)청구(주)라이프(주)신동아,(주)청구(주)라이프(주)신동아,029513236, ,아파트,서울특별시 노원구 중계로 184,자치관리,계단식,19930810,029523161,960.0,131868.0,0.0,0.0,960.0,0.0,109893.56,1135010600,15.0,15.0,1.0,33.0,01721
A13986201,중계우성3차,서울특별시 노원구 중계동 585 중계우성3차,분양,개별난방,25755.38,2,213.0,우성건설,우성건설,0262244522,cafe.daum.net/jw3apt,아파트,서울특별시 노원구 덕릉로 613,자치관리,혼합식,19990626,029384522,213.0,20775.72,89.0,124.0,0.0,0.0,15826.14,1135010600,24.0,24.0,2.0,5.0,01707
A13986207,중계양지대림1-2임대,서울특별시 노원구 중계동 587-1 중계양지대림1-2임대,임대,지역난방,26470.95,2,468.0,대림산업,서울주택도시공사,029325265,happy.i-sh.co.kr/cms/main.do,아파트,서울특별시 노원구 덕릉로73길 31,위탁관리,복도식,19990204,029325266,468.0,26137.8,468.0,0.0,0.0,0.0,14320.8,1135010600,23.0,23.0,2.0,5.0,01708
A13986302,중계경남롯데상아,서울특별시 노원구 중계동 505 중계경남롯데상아,분양,지역난방,184059.95,15,1890.0,"경남,롯데,상아건설","경남,롯데,상아건설",029725438,www.klsapt.or.kr,아파트,서울특별시 노원구 섬밭로 265,위탁관리,혼합식,19890629,029725439,1890.0,147196.2,510.0,1110.0,270.0,0.0,147196.2,1135010600,15.0,15.0,0.0,46.0,01774
A13986306,중계그린,서울특별시 노원구 중계동 502-1 중계그린,분양,지역난방,237406.0,25,3481.0,서울도시개발공사,롯데건설(주)라이프주택(주)신동아건설(주)(주)삼호,029711064, ,아파트,서울특별시 노원구 동일로207길 18,위탁관리,혼합식,19900903,029798161,3481.0,237403.6,3481.0,0.0,0.0,0.0,166374.24,1135010600,15.0,15.0,1.0,45.0,01777
A13986504,중계무지개아파트,서울특별시 노원구 중계동 512 중계무지개아파트,분양,지역난방,172371.14,14,2433.0,럭키외,서울시,029487737, ,아파트,서울특별시 노원구 동일로208길 20,위탁관리,복도식,19911115,029797224,2433.0,166984.66,2433.0,0.0,0.0,0.0,117086.24,1135010600,15.0,15.0,1.0,28.0,01782
A13986505,중계시영3단지목련,서울특별시 노원구 중계동 514-3 중계시영3단지목련,임대,지역난방,125080.0,11,2619.0,sh공사,sh공사,029492714,happy.i-sh.co.kr/main.do?deptid=20165,아파트,서울특별시 노원구 노원로 331,위탁관리,복도식,19911115,029728731,2619.0,121639.62,2619.0,0.0,0.0,0.0,83867.9,1135010600,15.0,15.0,0.0,22.0,01786
A13986509,중계주공1단지,서울특별시 노원구 중계동 515-3 중계주공1단지,임대,지역난방,37152.76,3,882.0,(주)건영,LH공사,029772738,www.kohom.or.kr,아파트,서울특별시 노원구 동일로210길 22,위탁관리,복도식,19901214,029739812,889.0,23258.34,882.0,0.0,0.0,0.0,23258.34,1135010600,15.0,15.0,1.0,12.0,01759
A13986606,중계성원1차,서울특별시 노원구 중계동 580 중계성원1차,분양,개별난방,49233.06,3,402.0,성원건설주식회사,서울시 교육청,029511788, ,아파트,서울특별시 노원구 덕릉로71길 5,위탁관리,계단식,19960118,029521865,402.0,42913.2,173.0,163.0,66.0,0.0,33045.61,1135010600,23.0,23.0,2.0,11.0,01710
A13986701,중계성원2차,서울특별시 노원구 중계동 581 중계성원2차,분양,개별난방,20279.8,1,167.0,(주)성원,한인연립재건축주택조합,029366742, ,아파트,서울특별시 노원구 덕릉로89길 8,위탁관리,복도식,19950706,029396742,167.0,17461.33,74.0,57.0,36.0,0.0,12477.45,1135010600,18.0,18.0,21.0,3.0,01662
A13986702,삼창타워프라자,서울특별시 노원구 중계동 584-1 삼창타워프라자,분양,개별난방,31297.0,1,203.0,삼창산업개발(주),삼창산업개발(주),029332234, ,주상복합,서울특별시 노원구 한글비석로 383,위탁관리,복도식,19970314,029332247,203.0,23812.8,101.0,85.0,0.0,17.0,15734.42,1135010600,19.0,19.0,4.0,3.0,01699
A13986703,중계경남아너스빌,서울특별시 노원구 중계동 597 중계경남아너스빌,분양,개별난방,42725.125,2,299.0,경남건설(주),정진연립재건축조합,029528494, ,아파트,서울특별시 노원구 덕릉로94길 10,위탁관리,계단식,20021205,029528493,299.0,31720.19,17.0,228.0,54.0,0.0,24717.2238,1135010600,19.0,19.0,2.0,9.0,01716
A13993001,중계현대3차,서울특별시 노원구 중계동 576 중계현대3차,분양,개별난방,14529.0,2,130.0,현대,현대,029354652, ,아파트,서울특별시 노원구 중계로 172-13,위탁관리,혼합식,19921031,029344652,130.0,13752.063,0.0,130.0,0.0,0.0,9946.34,1135010600,11.0,11.0,0.0,5.0,01724
A13993002,중계현대2차,서울특별시 노원구 중계동 578 중계현대2차,분양,개별난방,14996.62,2,140.0,현대건설,현대건설,029319585, ,아파트,서울특별시 노원구 중계로8길 103,위탁관리,계단식,19931125,029319585,140.0,11869.2,0.0,140.0,0.0,0.0,11855.46,1135010600,9.0,9.0,1.0,0.0,01727
A10020526,DMC SK VIEW 2단지,서울특별시 은평구 수색동 418- DMC SK VIEW 2단지,혼합,개별난방,24698.44,2,0.0,SK에코플랜트,수색9재정비촉진구역주택재개발정비사업조합,023049996, ,주상복합,서울특별시 은평구 수색로 216,위탁관리,계단식,20230824,023030137,109.0,22159.39,0.0,0.0,0.0,0.0,9164.3918,1138010100,22.0,30.0,5.0,4.0,
A10023076,DMC SKVIEW 아이파크포레,서울특별시 은평구 수색동 191 DMC SKVIEW 아이파크포레,혼합,개별난방,237912.0,21,1482.0,"sk에코플랜트, 현대산업개발",수색13 재정비촉진구역 주택재개발 정비조합,0220391680, ,아파트,서울특별시 은평구 수색로 322,위탁관리,혼합식,20230731,0220391681,1486.0,132976.19,878.0,505.0,99.0,0.0,98880.28,1138010100,19.0,19.0,5.0,51.0,03488
A10023079,DMC파인시티자이,서울특별시 은평구 수색동 190 DMC파인시티자이,혼합,개별난방,117305.0,15,1223.0,GS건설(주),수색6재정비촉진구역 주택재개발정비사업조합,0269514206, ,아파트,서울특별시 은평구 은평터널로 15,위탁관리,계단식,20230731,0269514207,1223.0,116343.32,523.0,700.0,0.0,0.0,84479.47,1138010100,30.0,30.0,3.0,34.0,03489
A10023126,DMC아트포레자이아파트,서울특별시 은평구 수색동 189 DMC아트포레자이아파트,혼합,개별난방,100531.83,8,672.0,GS건설주식회사,수색7재정비축진구역 주택재개발조합,0269524486, ,주상복합,서울특별시 은평구 은평터널로 27,위탁관리,기타,20230630,0269524487,672.0,62906.96,308.0,364.0,0.0,0.0,47086.26,1138010100,22.0,22.0,3.0,27.0,03490
A10024086,DMC SK VIEW,서울특별시 은평구 수색동 30 DMC SK VIEW,혼합,개별난방,101631.45,6,644.0,에스케이건설(주),수색9재정비촉진구역 주택재개발정비사업조합,023030134, ,아파트,서울특별시 은평구 수색로 216,위탁관리,계단식,20230824,023030135,644.0,63877.117,333.0,261.0,50.0,0.0,45605.81,1138010100,30.0,30.0,4.0,2.0,03505
A10024828,DMC롯데캐슬더퍼스트,서울특별시 은평구 수색동 417 DMC롯데캐슬더퍼스트,혼합,개별난방,178408.55,15,1192.0,롯데건설,수색4재정비촉진구역주택재개발정비사업조합,023038182,dmccastle.aptner.com,아파트,서울특별시 은평구 수색로 300,위탁관리(직영+위탁),혼합식,20211209,023038183,1192.0,115809.27,621.0,472.0,99.0,0.0,84056.95,1138010100,25.0,25.0,3.0,34.0,03488
A12209001,DMC청구아파트,서울특별시 은평구 수색동 413 DMC청구아파트,분양,개별난방,26638.91,3,196.0,청구,(주)한국토지신탁,023720171, ,아파트,서울특별시 은평구 증산로1길 26,위탁관리,계단식,20000316,023080171,196.0,20013.37,80.0,94.0,22.0,0.0,15548.96,1138010100,18.0,18.0,0.0,8.0,03505
A12275501,디엠씨자이1단지(DMC자이1),서울특별시 은평구 수색동 75 디엠씨자이1단지(DMC자이1),분양,개별난방,82068.92,1,254.0,지에스 건설,지에스 건설,023099252, ,주상복합,서울특별시 은평구 수색로 217,위탁관리,계단식,20090924,023099250,209.0,26424.58,0.0,0.0,244.0,10.0,26424.58,1138010100,19.0,19.0,4.0,7.0,03504
A12287202,DMC진흥아파트,서울특별시 은평구 수색동 416-1 DMC진흥아파트,분양,개별난방,37869.08,6,280.0,진흥기업,한국토지신탁,023029482, ,아파트,서울특별시 은평구 은평터널로 60,위탁관리,계단식,20030725,0263829482,280.0,26802.361,112.0,112.0,56.0,0.0,21168.0112,1138010100,16.0,16.0,2.0,10.0,03492
A12287203,수색대림한숲타운제2,서울특별시 은평구 수색동 415-4 수색대림한숲타운제2,임대,개별난방,28675.86,3,464.0,대림건설,sh공사,023089854, ,아파트,서울특별시 은평구 은평터널로 66,위탁관리,복도식,20030710,023089855,464.0,28675.2,464.0,0.0,0.0,0.0,15209.92,1138010100,15.0,15.0,2.0,6.0,03492
A12287204,이편한세상 수색 에코포레,서울특별시 은평구 수색동 415-1 이편한세상 수색 에코포레,분양,개별난방,133684.27,12,976.0,대림산업주식회사,수색2-1구역 재개발조합,023082094,수색대림한숲.apti.co.kr,아파트,서울특별시 은평구 은평터널로 65,위탁관리,혼합식,20030710,023082095,976.0,108555.35,256.0,445.0,275.0,0.0,84543.465,1138010100,15.0,15.0,2.0,29.0,03491
A10024774,해주드림빌아파트,서울특별시 은평구 녹번동 279-1 해주드림빌아파트,분양,개별난방,20768.91,2,111.0,해주개발주식회사,해주개발주식회사,023858712, ,아파트,서울특별시 은평구 응암로 366,위탁관리,계단식,20011114,023858742,111.0,9295.1,11.0,72.0,28.0,0.0,9295.1,1138010200,15.0,15.0,5.0,4.0,03459
A10025836,힐스테이트녹번,서울특별시 은평구 녹번동 282 힐스테이트녹번,혼합,개별난방,128603.0,13,0.0,현대힐스테이트,녹번제1구역제1지구 주택재개발정비사업조합,023897578, ,아파트,서울특별시 은평구 통일로 610,위탁관리,혼합식,20181010, ,952.0,82015.76,0.0,0.0,0.0,0.0,121910.557,1138010200,20.0,20.0,0.0,28.0,03373
A10025846,래미안베라힐즈,서울특별시 은평구 녹번동 21-134 래미안베라힐즈,혼합,개별난방,187941.0,20,0.0,삼성물산,녹번1-2 주택재개발정비사업,0231578878, ,아파트,서울특별시 은평구 통일로 630,위탁관리,계단식,20181227,0231578880,1305.0,126582.34,0.0,0.0,0.0,0.0,184189.82,1138010200,20.0,20.0,3.0,54.0,03372
A10027816,북한산 푸르지오,서울특별시 은평구 녹번동 281 북한산 푸르지오,혼합,개별난방,194596.11,22,1230.0,대우건설,서울시은평구녹번1구역3지구 조합,023897394,www.bhsprugio.com,아파트,서울특별시 은평구 통일로 660,위탁관리,계단식,20150722,023897395,1230.0,128596.49,327.0,728.0,175.0,0.0,97932,1138010200,20.0,20.0,4.0,42.0,03370
A12283601,녹번2차현대아파트(녹번2현대),서울특별시 은평구 녹번동 278-1 녹번2차현대아파트(녹번2현대),분양,개별난방,24502.0,2,192.0,현대산업개발(주),현대산업개발(주),023542781, ,아파트,서울특별시 은평구 서오릉로 46,위탁관리,계단식,20010524,023562781,192.0,24500.04,0.0,132.0,60.0,0.0,18253.08,1138010200,17.0,17.0,0.0,8.0,03379
A12283602,녹번JR아파트,서울특별시 은평구 녹번동 280-1 녹번JR아파트,분양,개별난방,39557.0,5,341.0,JR건설,JR건설,023866548,jrapt@hanmail.net,아파트,서울특별시 은평구 통일로 586-19,위탁관리,혼합식,20020930,023866545,346.0,31237.15,242.0,99.0,0.0,0.0,22894.949,1138010200,19.0,19.0,2.0,7.0,03374
A12283603,대림아파트(녹번동),서울특별시 은평구 녹번동 276 대림아파트(녹번동),분양,개별난방,48802.0,3,370.0,(주)대림산업,동익건설(주),023877448, ,아파트,서울특별시 은평구 통일로 590,위탁관리,계단식,19930928,023877446,370.0,42238.02,0.0,332.0,38.0,0.0,33262.44,1138010200,19.0,19.0,0.0,10.0,03374
A10020749,루미노816청년안심주택,서울특별시 은평구 불광동 302-13 루미노816청년안심주택,임대,개별난방,13801.82,1,299.0,한양건설,H&B개발,023845338, ,도시형 생활주택(주상복합),서울특별시 은평구 통일로 816,위탁관리,계단식,20241105,023845341,311.0,13801.82,299.0,0.0,0.0,0.0,7022.22,1138010300,22.0,22.0,3.0,4.0,
A10022158,대호103동  아파트,서울특별시 은평구 불광동 629 대호103동  아파트,분양,,10334.0,1,100.0,대호건설,대호건설,023537352, ,아파트,서울특별시 은평구 불광로 98-8,위탁관리,혼합식,19991201,023537352,100.0,10333.22,53.0,15.0,32.0,0.0,8111.13,1138010300,16.0,16.0,1.0,1.0,
A10022256,남해그린힐아파트,서울특별시 은평구 불광동 632- 남해그린힐아파트,분양,개별난방,12727.0,1,100.0,남해건설,남해건설,023584350, ,아파트,서울특별시 은평구 불광로6길 20,자치관리,계단식,20011115, ,100.0,9702.28,40.0,60.0,0.0,0.0,7401.2,1138010300,10.0,10.0,0.0,5.0,
A10022803,연신내역루체스테이션,서울특별시 은평구 불광동 323-21 연신내역루체스테이션,임대,개별난방,11534.403,1,264.0,새천년건설,(주)위드웰에셋,023567106, ,아파트,서울특별시 은평구 통일로 838-21,위탁관리,복도식,20240124,023567109,271.0,11534.243,264.0,0.0,0.0,0.0,5844.09,1138010300,21.0,21.0,4.0,3.0,03350
A10024026,셀립은평,서울특별시 은평구 불광동 272-5 셀립은평,임대,개별난방,12605.61,1,201.0,대림건설주식회사,한화생명,07073359455, ,아파트,서울특별시 은평구 통일로 742,위탁관리,복도식,20210430,07073009455,201.0,7019.31,192.0,9.0,0.0,0.0,3970.68,1138010300,12.0,12.0,5.0,2.0,03358
A10024198,불광롯데캐슬4차아파트,서울특별시 은평구 불광동 645-1 불광롯데캐슬4차아파트,임대,개별난방,5440.33,1,100.0,롯데건설,불광4구역재개발조합,023570909, ,아파트,서울특별시 은평구 불광로2길 27,위탁관리,복도식,20181129,023570919,100.0,3635.45,100.0,0.0,0.0,0.0,3635.45,1138010300,10.0,10.0,4.0,0.0,03364
A10026061,불광삼익아파트,서울특별시 은평구 불광동 217-9 불광삼익아파트,분양,개별난방,13184.78,1,103.0,(주)현재건걸,"은평구청직장조합, 불광지역조합",023851291, ,주상복합,서울특별시 은평구 불광로 153,자치관리,계단식,19920328,023887921,103.0,8677.75,0.0,103.0,0.0,0.0,8722.15,1138010300,15.0,15.0,2.0,3.0,03354
A10027568,불광에스에이치빌,서울특별시 은평구 불광동 633-2 불광에스에이치빌,임대,개별난방,8247.99,1,100.0,태영건설,서울시,023587502, ,아파트,서울특별시 은평구 불광로2길 46,위탁관리,복도식,20050904,023587503,100.0,4720.0,100.0,0.0,0.0,0.0,3209,1138010300,10.0,10.0,3.0,1.0,03366
A10027569,북한산힐스테이트3차 3207동(임대동)아파트,서울특별시 은평구 불광동 640 북한산힐스테이트3차 3207동(임대동)아파트,임대,개별난방,6780.0,1,147.0,현대건설,현대건설,023554055, ,아파트,서울특별시 은평구 불광로14길 10-4,위탁관리,복도식,20100825,023554056,147.0,6747.3,147.0,0.0,0.0,0.0,4517.31,1138010300,15.0,10.0,5.0,2.0,03362
A10028056,북한산힐스테이트7차제2 (임대),서울특별시 은평구 불광동 643-1 북한산힐스테이트7차제2 (임대),임대,개별난방,18452.0,1,188.0,현대건설(주),현대건설(주),023897727, ,아파트,서울특별시 은평구 통일로 792,위탁관리,복도식,20110729,023897728,188.0,10358.8,188.0,0.0,0.0,0.0,7082.9,1138010300,12.0,12.0,3.0,2.0,03357
A12204001,북한산수자인,서울특별시 은평구 불광동 636 북한산수자인,분양,개별난방,17908.5,2,155.0,한양,정원연립재건축조합,023553203, ,아파트,서울특별시 은평구 불광로 170,위탁관리,계단식,20060901,023553206,155.0,12900.0,125.0,30.0,0.0,0.0,10016.95,1138010300,15.0,15.0,1.0,6.0,03360
A12204002,북한산대창센시티,서울특별시 은평구 불광동 71-16 북한산대창센시티,분양,개별난방,36959.57,3,256.0,대창건설,대창건설,023544350, ,아파트,서울특별시 은평구 불광로 208,위탁관리,계단식,20040630,023895356,256.0,25277.432,96.0,143.0,17.0,0.0,19788.99,1138010300,17.0,17.0,2.0,2.0,03359
A12204003,북한산힐스테이트1차,서울특별시 은평구 불광동 635 북한산힐스테이트1차,분양,개별난방,96246.87,11,603.0,현대건설,불광2구역 주택재개발조합,023564620, ,아파트,서울특별시 은평구 불광로2길 33,위탁관리,계단식,20090716,023564621,603.0,63983.375,249.0,264.0,90.0,0.0,47576.504,1138010300,12.0,12.0,2.0,31.0,03366
A12204004,북한산힐스테이트3차아파트,서울특별시 은평구 불광동 641 북한산힐스테이트3차아파트,분양,개별난방,187208.45,19,1185.0,현대건설(주),(불광3구역)주택재개발조합,023533013,bghs3.co.kr,아파트,서울특별시 은평구 불광로 122-10,위탁관리,계단식,20100825,023533015,1185.0,90668.06,554.0,518.0,113.0,0.0,90668.06,1138010300,15.0,15.0,0.0,43.0,03362
A12204005,북한산래미안아파트(임대),서울특별시 은평구 불광동 637-1 북한산래미안아파트(임대),임대,개별난방,15041.0,1,135.0,삼성물산,삼성물산,023873094, ,아파트,서울특별시 은평구 불광로2길 41,위탁관리,복도식,20100830,023883094,135.0,7438.095,135.0,0.0,0.0,0.0,5078.7675,1138010300,10.0,10.0,4.0,2.0,03366
A12204006,불광롯데캐슬,서울특별시 은평구 불광동 645 불광롯데캐슬,분양,개별난방,73110.89,8,488.0,롯데건설(주),불광제4구역주택재개발정비사업조합,023562003, ,아파트,서울특별시 은평구 불광로 64,위탁관리,계단식,20130926,023562004,488.0,47157.31,295.0,151.0,42.0,0.0,35322.89,1138010300,18.0,18.0,0.0,4.0,03364
A12204102,북한산현대홈타운,서울특별시 은평구 불광동 633 북한산현대홈타운,분양,개별난방,95385.08,15,662.0,현대건설(주),불광제1구역 재개발조합,023887471, ,아파트,서울특별시 은평구 불광로2길 16,위탁관리,계단식,20040529,023887473,662.0,71115.34,206.0,343.0,113.0,0.0,54503.469,1138010300,15.0,15.0,3.0,26.0,03365
A12275201,북한산래미안아파트,서울특별시 은평구 불광동 637 북한산래미안아파트,분양,개별난방,103142.0,9,647.0,삼성물산,불광제6구역 주택재개발조합,023588515,www.bhsr.co.kr,아파트,서울특별시 은평구 진흥로 267,위탁관리,계단식,20100830,023588516,647.0,52287.074,251.0,277.0,119.0,0.0,52285.4427,1138010300,15.0,15.0,3.0,24.0,03366
A12275202,북한산힐스테이트7차,서울특별시 은평구 불광동 643 북한산힐스테이트7차,분양,개별난방,164768.81,15,882.0,현대건설,현대건설,023896424, ,아파트,서울특별시 은평구 통일로 796,위탁관리,계단식,20110729,023896425,882.0,99854.03,166.0,514.0,147.0,55.0,78306.287,1138010300,19.0,19.0,3.0,34.0,03357
A12284701,불광대호2차,서울특별시 은평구 불광동 631-1 불광대호2차,분양,개별난방,27210.0,2,198.0,(주)대호,불광1동 재건축조합,023531488, ,아파트,서울특별시 은평구 불광로 90,위탁관리,혼합식,20000902,023531490,198.0,20079.6,70.0,96.0,32.0,0.0,15589.68,1138010300,17.0,17.0,4.0,8.0,03364
A12285703,미성아파트(불광동),서울특별시 은평구 불광동 248 미성아파트(불광동),분양,중앙난방,157033.0,10,1340.0,라이프주택건설(주),라이프주택건설(주),023838570, ,아파트,서울특별시 은평구 통일로 780,위탁관리,혼합식,19881013,023838572,1340.0,150359.44,0.0,1160.0,180.0,0.0,109700,1138010300,15.0,15.0,0.0,23.0,03356
A10021288,라이프시티아파트,서울특별시 은평구 갈현동 267-1 라이프시티아파트,분양,개별난방,13098.0,1,123.0,주식회사 라이프,시행특경대주택조합외 1개회사,023875093, ,아파트,서울특별시 은평구 갈현로29길 61,자치관리,복도식,19911118,023876093,123.0,12957.71,0.0,123.0,0.0,0.0,9488.97,1138010400,15.0,15.0,1.0,2.0,
A10021391,갈현동건영아파트,서울특별시 은평구 갈현동 541-1 갈현동건영아파트,분양,개별난방,20336.0,1,140.0,(주)건영,(주)건영,023556845, ,아파트,서울특별시 은평구 갈현로45길 57,위탁관리,혼합식,20010403,023566845,140.0,13170.689,39.0,101.0,0.0,0.0,10789.62,1138010400,17.0,17.0,2.0,4.0,
A10022512,THE STUDIO 163,서울특별시 은평구 갈현동 456-25 THE STUDIO 163,임대,개별난방,6267.0,1,163.0,강남건영,(유)자산하우징,023360163, ,주상복합,서울특별시 은평구 연서로27길 4,위탁관리,복도식,20240430,023560163,163.0,5601.06,163.0,0.0,0.0,0.0,3058.36,1138010400,19.0,19.0,1.0,0.0,
A10023157,우남아파트,서울특별시 은평구 갈현동 540 우남아파트,분양,개별난방,11912.0,2,109.0,우남주택개발(주),우남주택개발(주),023888680, ,아파트,서울특별시 은평구 서오릉로 258,위탁관리,혼합식,19980720,023888628,109.0,11911.58,48.0,38.0,23.0,0.0,9162.58,1138010400,16.0,16.0,3.0,3.0,03327
A10024128,현재트윈빌아파트,서울특별시 은평구 갈현동 542-1 현재트윈빌아파트,분양,개별난방,22955.19,2,110.0,현재건설,현재건설,023548118, ,아파트,서울특별시 은평구 서오릉로20길 5-10,자치관리,계단식,20000421,023853377,110.0,17090.34,0.0,0.0,84.0,26.0,13730.88,1138010400,14.0,14.0,2.0,2.0,03327
A12205001,미미아파트,서울특별시 은평구 갈현동 538 미미아파트,분양,개별난방,27470.396,2,200.0,(주) 강산건설,미미주택(주),023591162, ,아파트,서울특별시 은평구 갈현로29길 11,자치관리,계단식,19970507,023581162,200.0,20288.54,98.0,52.0,50.0,0.0,16487.61,1138010400,14.0,14.0,2.0,8.0,03322
A12271402,동광갈현베르빌,서울특별시 은평구 갈현동 465-12 동광갈현베르빌,분양,개별난방,31911.268,1,175.0,대교 대앤에스,대교디엔에스,023534912, ,주상복합,서울특별시 은평구 연서로 149,자치관리,계단식,20040630,023534933,175.0,31911.268,34.0,18.0,123.0,0.0,19138.587,1138010400,24.0,24.0,3.0,4.0,03336
A12281701,코오롱하늘채아파트,서울특별시 은평구 갈현동 545 코오롱하늘채아파트,분양,개별난방,30024.578,3,191.0,코오롱건설주식회사,한남재건축조합,023885005, ,아파트,서울특별시 은평구 갈현로29길 62,자치관리,계단식,20030923,023886788,191.0,20887.426,14.0,150.0,27.0,0.0,16911.852,1138010400,16.0,16.0,2.0,8.0,03319
A12281702,갈현동현대아파트,서울특별시 은평구 갈현동 537 갈현동현대아파트,분양,개별난방,35370.0,2,278.0,현대산업개발,현대산업개발(주),023820027, ,아파트,서울특별시 은평구 갈현로33길 24,자치관리,혼합식,19970508,023530427,278.0,28648.016,134.0,77.0,67.0,0.0,21523.24,1138010400,16.0,16.0,2.0,1.0,03319
A12281801,갈현한솔아파트,서울특별시 은평구 갈현동 539 갈현한솔아파트,분양,개별난방,23446.88,1,193.0,한솔건설(주),한솔건설(주),023533415, ,아파트,서울특별시 은평구 갈현로23길 41,위탁관리,혼합식,19971209,023553415,193.0,14165.98,100.0,46.0,47.0,0.0,14165.98,1138010400,15.0,15.0,0.0,6.0,03326
A10020141,동익파크1차아파트,서울특별시 은평구 구산동 355-95 동익파크1차아파트,분양,개별난방,12706.24,1,118.0,동익건설,신한은행(조합),023855481, ,아파트,서울특별시 은평구 서오릉로21길 20,자치관리,계단식,19910924,023825481,118.0,12706.24,0.0,0.0,118.0,0.0,12706.24,1138010500,13.0,0.0,1.0,0.0,
A10022261,은평서해그랑블,서울특별시 은평구 구산동 548- 은평서해그랑블,분양,개별난방,11923.0,2,146.0,서해종합건설,연희빌라재건축조합,023568381, ,아파트,서울특별시 은평구 서오릉로 253,위탁관리,계단식,20220203,023568382,146.0,11917.6,130.0,16.0,0.0,0.0,8643.9428,1138010500,20.0,20.0,1.0,4.0,
A10022339,구산동2단지e편한세상아파트,서울특별시 은평구 구산동 546- 구산동2단지e편한세상아파트,분양,개별난방,18600.0,2,122.0,대림건설,삼호건설,023861671, ,아파트,서울특별시 은평구 서오릉로21길 48,자치관리,계단식,20041011,023525752,122.0,14135.364,16.0,61.0,45.0,0.0,11201.304,1138010500,15.0,15.0,2.0,5.0,
A10023734,구산주택,서울특별시 은평구 구산동 198-3 구산주택,임대,개별난방,12503.49,1,238.0,(주)서해종합건설,(주)덕영,023513141, ,주상복합,서울특별시 은평구 서오릉로 165,위탁관리,복도식,20220518,023513142,239.0,11116.512,238.0,0.0,0.0,0.0,5498.32,1138010500,19.0,19.0,2.0,1.0,03411
A12205003,갈현1단지e-편한세상아파트,서울특별시 은평구 구산동 547 갈현1단지e-편한세상아파트,분양,개별난방,37171.06,3,327.0,대림,대림,0231570393, ,아파트,서울특별시 은평구 서오릉로21길 47,위탁관리,계단식,20041011,0231570394,334.0,35956.062,33.0,260.0,34.0,0.0,28144.603,1138010500,22.0,22.0,3.0,9.0,03427
A12205004,갈현현대아파트,서울특별시 은평구 구산동 382 갈현현대아파트,분양,개별난방,45514.54,4,366.0,현대건설,갈현아파트재건축조합,023547358, ,아파트,서울특별시 은평구 서오릉로21길 36,위탁관리,혼합식,19981128,023529429,366.0,28334.87,171.0,141.0,54.0,0.0,28334.87,1138010500,20.0,20.0,1.0,8.0,03427
A12276901,구산그린빌,서울특별시 은평구 구산동 226 구산그린빌,혼합,개별난방,15045.03,2,203.0,성원건설,SH공사,023514563, ,아파트,서울특별시 은평구 갈현로7길 56,위탁관리,혼합식,20090211,023514564,203.0,10057.928,203.0,0.0,0.0,0.0,6961.08,1138010500,12.0,12.0,2.0,5.0,03428
A12282102,브라운스톤구산,서울특별시 은평구 구산동 159-10 브라운스톤구산,분양,개별난방,33178.83,6,189.0,이수건설(주),이수건설,023896670, ,아파트,서울특별시 은평구 갈현로17길 17,위탁관리,계단식,20060327,023896673,189.0,21402.0,24.0,135.0,30.0,0.0,16389.03,1138010500,15.0,15.0,5.0,8.0,03429
A12282201,경향파크아파트,서울특별시 은평구 구산동 162-1 경향파크아파트,분양,개별난방,21424.16,2,171.0,인황건설,인황건설,023587823, ,아파트,,자치관리,혼합식,19891110,023587707,171.0,20459.55,0.0,129.0,42.0,0.0,16094.57,1138010500,15.0,15.0,1.0,4.0,03428
A12282203,경남아너스빌(구산동),서울특별시 은평구 구산동 224 경남아너스빌(구산동),분양,개별난방,72458.0,9,475.0,경남기업,재건축조합,023522223, ,아파트,서울특별시 은평구 갈현로11길 46,위탁관리,계단식,20040813,023522263,475.0,54418.42,0.0,359.0,116.0,0.0,44054.98,1138010500,20.0,20.0,3.0,14.0,03428
A10023467,호반베르디움 스테이원,서울특별시 은평구 대조동 241 호반베르디움 스테이원,임대,개별난방,87070.0,4,977.0,호반건설,대조피에프브이주식회사,023532000, ,주상복합,서울특별시 은평구 통일로 767,위탁관리,복도식,20221229,023536500,978.0,72717.25,977.0,0.0,0.0,0.0,30280.7158,1138010600,28.0,28.0,6.0,4.0,03391
A12284501,삼성타운아파트,서울특별시 은평구 대조동 231 삼성타운아파트,분양,개별난방,50755.92,2,357.0,삼성건설주식회사,삼성건설주식회사,023877763, ,아파트,서울특별시 은평구 서오릉로 94,위탁관리,혼합식,19971104,023878890,357.0,34624.79,240.0,82.0,35.0,0.0,25505.45,1138010600,21.0,21.0,2.0,7.0,03392
A10020158,자선메르시안아파트,서울특별시 은평구 응암동 400 자선메르시안아파트,분양,개별난방,10734.19,1,96.0,자선종합건설,자선종합건설,023041275, ,아파트,서울특별시 은평구 응암로18길 18-9,위탁관리,계단식,20050905,023041575,96.0,9675.347,1.0,4.0,86.0,5.0,9675.3471,1138010700,9.0,0.0,1.0,6.0,
A10020935,응암sh빌아파트,서울특별시 은평구 응암동 176-1 응암sh빌아파트,임대,개별난방,9919.57,1,136.0,우응조동산건설,서울시,023539103, ,아파트,서울특별시 은평구 백련산로 146-30,위탁관리,복도식,20080717,023539104,136.0,6578.32,136.0,0.0,0.0,0.0,6578.32,1138010700,14.0,0.0,2.0,2.0,
A10021263,경향렉스빌아파트,서울특별시 은평구 응암동 96-18 경향렉스빌아파트,분양,개별난방,26426.0,1,124.0,(주)엘엔씨산업개발,(주)엘엔씨산업개발,023582299, ,아파트,서울특별시 은평구 은평로 160,자치관리,계단식,20040802,023582888,124.0,14911.43,0.0,80.0,44.0,0.0,11567.615,1138010700,1.0,25.0,4.0,3.0,
A10023994,e편한세상백련산 아파트,서울특별시 은평구 응암동 771 e편한세상백련산 아파트,분양,개별난방,54360.95,8,358.0,DL건설,응암제4구역 주택정비사업조합,0231573808, ,아파트,서울특별시 은평구 백련산로 112,위탁관리,계단식,20220714,0231573809,358.0,34991.82,125.0,233.0,0.0,0.0,27181.12,1138010700,15.0,15.0,3.0,0.0,03475
A10024313,힐스테이트녹번역아파트,서울특별시 은평구 응암동 770 힐스테이트녹번역아파트,혼합,개별난방,120368.61,11,879.0,현대건설,응암1구역주택재개발정비사업조합,023899738,https://nokbeon.aptner.com/,아파트,서울특별시 은평구 은평로 240,위탁관리,계단식,20221020,023899739,879.0,80974.17,420.0,459.0,0.0,0.0,60587.29,1138010700,22.0,22.0,4.0,36.0,03473
A10024831,녹번역e편한세상캐슬,서울특별시 은평구 응암동 769 녹번역e편한세상캐슬,분양,지역난방,368169.47,32,2569.0,"대림산업, 롯데건설",응암제2구역주택재개발조합,023898560,nbecastle.aptner.com,아파트,서울특별시 은평구 은평로 220,위탁관리,혼합식,20210527,023898562,2569.0,235133.45,1687.0,794.0,88.0,0.0,170569.1,1138010700,23.0,23.0,3.0,79.0,03472
A10024947,백련산 해모로 아파트,서울특별시 은평구 응암동 768 백련산 해모로 아파트,혼합,개별난방,112122.11,9,760.0,한진중공업(주),응암제11구역 주택재개발정비사업조합,023568173, ,아파트,서울특별시 은평구 응암로30길 15,위탁관리,혼합식,20200618,023568174,760.0,68527.9,413.0,345.0,2.0,0.0,50179.57,1138010700,24.0,24.0,2.0,24.0,03465
A10025310,백련산 에스케이뷰 아이파크,서울특별시 은평구 응암동 767 백련산 에스케이뷰 아이파크,혼합,개별난방,173574.0,11,1305.0,"sk view, 현대산업개발",응암제10구역 주택재개발정비사업조합,023569623, ,아파트,서울특별시 은평구 응암로30길 16,위탁관리,혼합식,20200521,023569625,1305.0,120184.87,758.0,499.0,48.0,0.0,88337.08,1138010700,25.0,25.0,4.0,30.0,03466
A10025683,백련산파크자이아파트,서울특별시 은평구 응암동 626-108 백련산파크자이아파트,혼합,개별난방,96903.31,9,678.0,GS건설,응암3주택재건축정비사업조합,0269495951,brspxisnd.co.kr,아파트,서울특별시 은평구 백련산로 67,위탁관리,혼합식,20210412,0269495952,678.0,60933.02,421.0,257.0,0.0,0.0,46123.88,1138010700,20.0,20.0,4.0,24.0,03468
A10026834,힐스테이트백련산4차,서울특별시 은평구 응암동 764 힐스테이트백련산4차,혼합,개별난방,147041.3,13,963.0,현대건설,응암1주택재건축정비사업조합,023049116,"백련산4차.apit,co.kr",아파트,서울특별시 은평구 백련산로 37,위탁관리(직영+위탁),계단식,20180219,023049118,963.0,96168.81,397.0,566.0,0.0,0.0,71910.74,1138010700,19.0,19.0,4.0,36.0,03469
A10027547,애필리움아파트,서울특별시 은평구 응암동 113-35 애필리움아파트,분양,개별난방,14129.36,1,92.0,뉴월드건설,뉴월드건설,023881489, ,주상복합,서울특별시 은평구 불광천길 536,위탁관리,계단식,20070720,023881490,78.0,8509.02,12.0,74.0,3.0,3.0,6638.48,1138010700,15.0,15.0,4.0,3.0,03453
A10027551,서강스카이빌1차아파트,서울특별시 은평구 응암동 109-3 서강스카이빌1차아파트,분양,개별난방,24179.74,1,95.0,(주)서강산업건설,(주)서강산업건설,023860611, ,아파트,서울특별시 은평구 응암로 319,위탁관리,계단식,20011101,023860665,95.0,17641.582,0.0,0.0,0.0,95.0,14208.67,1138010700,20.0,20.0,0.0,0.0,03454
A12201001,대주피오레아파트,서울특별시 은평구 응암동 669-1 대주피오레아파트,분양,개별난방,35283.0,2,204.0,대주건설,대주건설,023086777, ,아파트,서울특별시 은평구 백련산로 6,위탁관리,계단식,20031128,023086778,204.0,23087.707,40.0,96.0,53.0,15.0,18999.73,1138010700,15.0,15.0,3.0,8.0,03477
A12201002,백련산힐스테이트2차,서울특별시 은평구 응암동 760 백련산힐스테이트2차,분양,개별난방,163636.19,11,893.0,현대건설(주),응암8구역주택재개발조합,023020953,http:cafe.naver.com/bhills2,아파트,서울특별시 은평구 백련산로 38,위탁관리,계단식,20111222,023020921,893.0,89165.36,401.0,406.0,86.0,0.0,68113.24,1138010700,15.0,15.0,3.0,29.0,03477
A12201003,백련산힐스테이트1차,서울특별시 은평구 응암동 759 백련산힐스테이트1차,분양,개별난방,163509.83,15,1028.0,현대건설,응암7구역 재개발사업조합,0231510509,http://백련산힐스테이트1차.apti.co.kr/,아파트,서울특별시 은평구 백련산로2길 19,위탁관리,계단식,20111222,0231510511,1028.0,108820.38,383.0,463.0,154.0,28.0,83606.28,1138010700,15.0,15.0,0.0,44.0,03476
A12201004,백련산힐스테이트임대,서울특별시 은평구 응암동 759-1 백련산힐스테이트임대,임대,개별난방,43451.81,3,552.0,현대건설,SH공사,0231510411,31510411bh2@hanmail.net,아파트,서울특별시 은평구 백련산로2길 19,위탁관리,복도식,20111222,0231510412,552.0,17322.76,552.0,0.0,0.0,0.0,17322.76,1138010700,15.0,15.0,3.0,8.0,03476
A12201005,녹번역센트레빌,서울특별시 은평구 응암동 762 녹번역센트레빌,혼합,개별난방,57854.5,6,350.0,동부건설,동부건설,023899340, ,아파트,서울특별시 은평구 백련산로 160,위탁관리,복도식,20130926,023899341,350.0,27393.83,105.0,201.0,44.0,0.0,27393.83,1138010700,19.0,19.0,3.0,13.0,03474
A12201101,신동아아파트,서울특별시 은평구 응암동 197-78 신동아아파트,분양,개별난방,15547.0,2,206.0,동아건설,응암5구역주택개량재개발조합,023876663, ,아파트,서울특별시 은평구 백련산로 127,자치관리,복도식,19900922,023868505,206.0,10858.26,206.0,0.0,0.0,0.0,10858.26,1138010700,13.0,13.0,0.0,2.0,03463
A12201102,응암동금호아파트,서울특별시 은평구 응암동 739 응암동금호아파트,분양,개별난방,37280.09,5,300.0,금호산업,금호산업,023542451, ,아파트,서울특별시 은평구 응암로 318,자치관리,혼합식,19980703,023542563,299.0,28879.45,151.0,149.0,0.0,0.0,21597.33,1138010700,21.0,21.0,2.0,7.0,03464
A12201103,응암푸르지오,서울특별시 은평구 응암동 176 응암푸르지오,분양,개별난방,48360.65,7,361.0,대우건설,응암 제3구역 재개발조합,023513552, ,아파트,서울특별시 은평구 백련산로 146,자치관리,계단식,20080717,023853532,361.0,36124.93,103.0,204.0,54.0,0.0,29519.22,1138010700,14.0,14.0,3.0,0.0,03475
A12201301,경남아파트-응암경남,서울특별시 은평구 응암동 714 경남아파트-응암경남,분양,개별난방,17366.297,2,160.0,경남기업,경남기업,023070223, ,아파트,서울특별시 은평구 가좌로7나길 35,위탁관리,혼합식,19951222,023080223,160.0,15021.13,63.0,97.0,0.0,0.0,11090.32,1138010700,16.0,16.0,1.0,6.0,03481
A12290901,백련산힐스테이트3차,서울특별시 은평구 응암동 761 백련산힐스테이트3차,분양,개별난방,122530.16,10,748.0,주시회사 현대건설,응암9구역주택재개발정비사업조합,023739466,www.hills3.co.kr,아파트,서울특별시 은평구 백련산로 36,위탁관리,계단식,20111222,023739468,748.0,80032.4,224.0,389.0,135.0,0.0,61715.17,1138010700,15.0,15.0,0.0,31.0,03477
A12293002,응암우성,서울특별시 은평구 응암동 694-1 응암우성,분양,개별난방,32132.24,4,292.0,우성건설(주),응암4-1 재개발조합,023055337, ,아파트,서울특별시 은평구 가좌로7나길 30,자치관리,혼합식,19880701,023040820,292.0,32132.24,0.0,172.0,120.0,0.0,26337.38,1138010700,15.0,15.0,1.0,8.0,03483
A10021056,센트레빌아스테리움시그니처아파트,서울특별시 은평구 역촌동 189-1 센트레빌아스테리움시그니처아파트,혼합,개별난방,106850.67,8,752.0,동부건설,역촌 1주택 재건축 정비사업조합,0221380601, ,아파트,서울특별시 은평구 갈현로7길 25,위탁관리,계단식,20241125,0221380602,752.0,66615.19,514.0,238.0,0.0,0.0,49470.7256,1138010800,20.0,20.0,3.0,23.0,
A10023728,아그네스풍림아이원,서울특별시 은평구 역촌동 31-6 아그네스풍림아이원,분양,개별난방,18427.03,1,68.0,풍림산업,서부종합시장(주),023888867, ,주상복합,서울특별시 은평구 진흥로1길 28,위탁관리,계단식,20090930,023888782,64.0,12638.56,0.0,0.0,68.0,0.0,6602.14,1138010800,11.0,11.0,3.0,2.0,
A12289501,역촌센트레빌,서울특별시 은평구 역촌동 232 역촌센트레빌,분양,개별난방,66632.1,7,400.0,동부건설,은평주택재건축조합,023521340,cafe.daum.net/yccv,아파트,서울특별시 은평구 갈현로3나길 23,위탁관리,계단식,20110104,023521401,400.0,43272.73,82.0,247.0,71.0,0.0,33965.97,1138010800,15.0,15.0,2.0,15.0,03433
A10020045,은평자이더스타,서울특별시 은평구 신사동 19-100 은평자이더스타,혼합,개별난방,42968.36,2,0.0,GS건설,화이트코리아산업(주),0269535971, ,도시형 생활주택(주상복합),서울특별시 은평구 갈현로 3,위탁관리,복도식,20260527,0269535972,313.0,19033.828,0.0,0.0,0.0,0.0,13088.4628,1138010900,25.0,25.0,4.0,10.0,
A10020307,새절역 두산위브트레지움 ,서울특별시 은평구 신사동 170-12 새절역 두산위브트레지움 ,분양,개별난방,66388.36,6,0.0,두산건설(주),신사1구역 주택 재건축 정비사업조합,0269532152, ,아파트,서울특별시 은평구 증산로17길 53,위탁관리,계단식,20251127,0269532153,424.0,42718.832,0.0,0.0,0.0,0.0,33376.94,1138010900,18.0,18.0,2.0,14.0,
A10021335,신사대주파크빌,서울특별시 은평구 신사동 368- 신사대주파크빌,분양,개별난방,13553.36,1,105.0,대주건설(주),문화연립재건축조합/대주건설(주),023720669, ,아파트,서울특별시 은평구 증산로15길 50,위탁관리,계단식,20040629,023060669,105.0,10928.07,18.0,87.0,0.0,0.0,8352.49,1138010900,14.0,14.0,1.0,0.0,
A10022090,신사삼부아파트,서울특별시 은평구 신사동 361- 신사삼부아파트,분양,개별난방,11263.0,1,116.0,삼부토건,삼부토건 ,023722514, ,주상복합,서울특별시 은평구 증산로21길 11,자치관리,복도식,20010628,07073452514,116.0,11262.89,25.0,68.0,23.0,0.0,8648.34,1138010900,16.0,16.0,3.0,2.0,
A10022477,신사두산위브2차아파트,서울특별시 은평구 신사동 371- 신사두산위브2차아파트,분양,개별난방,25926.0,3,139.0,두산건설(주),신사제2구역주택재개발 정비사업조합,023850996,1002247700,아파트,서울특별시 은평구 가좌로12길 15,위탁관리,혼합식,20111028,023850997,139.0,16564.82,0.0,115.0,24.0,0.0,12716.01,1138010900,15.0,15.0,2.0,6.0,
A10022590,신사 홍익아파트,서울특별시 은평구 신사동 19-117 신사 홍익아파트,분양,개별난방,15850.0,1,114.0,홍익건설,홍익건설,023882216, ,아파트,서울특별시 은평구 가좌로 342,위탁관리,혼합식,19951204, ,114.0,11494.974,50.0,64.0,0.0,0.0,8406.3,1138010900,14.0,14.0,2.0,4.0,03437
A10025659,응암역효성해링턴플레이스,서울특별시 은평구 신사동 372 응암역효성해링턴플레이스,혼합,개별난방,52695.04,6,0.0,효성중공업,신사동19번지 주택재건축정비사업조합,023521514,http://ehyosunghp.aptner.com/,아파트,서울특별시 은평구 가좌로 334,위탁관리,계단식,20180730,023521515,380.0,36190.06,0.0,0.0,0.0,0.0,52895.54,1138010900,15.0,15.0,3.0,18.0,03437
A12208001,은평신사두산위브아파트,서울특별시 은평구 신사동 370 은평신사두산위브아파트,분양,개별난방,26073.41,6,178.0,두산,두산,023538282,신사두산.apti.co.kr,아파트,서울특별시 은평구 갈현로1길 36,위탁관리,계단식,20061130,023538228,178.0,18697.605,0.0,178.0,0.0,0.0,14980.224,1138010900,12.0,12.0,2.0,8.0,03434
A12208002,신사이랜드타운,서울특별시 은평구 신사동 367 신사이랜드타운,분양,개별난방,26578.662,3,228.0,이랜드건설,이랜드건설,023059337, ,아파트,서울특별시 은평구 은평터널로 121-6,위탁관리,계단식,20040528,07073399337,228.0,21009.1,110.0,118.0,0.0,0.0,16618.2166,1138010900,24.0,24.0,1.0,0.0,03446
A12208101,신사성원아파트,서울특별시 은평구 신사동 360 신사성원아파트,분양,개별난방,20062.0,1,150.0,성원건설,성원건설,023569537, ,아파트,서울특별시 은평구 갈현로4길 26-5,위탁관리,혼합식,20000411,023569539,150.0,15382.0,86.0,64.0,0.0,0.0,10592.28,1138010900,17.0,17.0,2.0,3.0,03422
A12208102,신사씨티,서울특별시 은평구 신사동 297 신사씨티,분양,개별난방,28789.0,2,290.0,토왕건설,서울시경검찰증연합주택,023581892, ,아파트,서울특별시 은평구 가좌로 391,위탁관리,계단식,19931119,023529617,290.0,25056.0,210.0,80.0,0.0,0.0,18529.08,1138010900,20.0,20.0,2.0,9.0,03434
A12208103,신사동 한신 휴 플러스,서울특별시 은평구 신사동 365 신사동 한신 휴 플러스,분양,개별난방,41399.9,7,296.0,한신공영,신사 제1구역 주택재개발조합,023571415, ,아파트,서울특별시 은평구 갈현로1길 31,위탁관리,계단식,20031128,023571416,296.0,23411.562,120.0,118.0,58.0,0.0,23800.32,1138010900,15.0,15.0,2.0,11.0,03438
A12208104,라이프 씨티아파트,서울특별시 은평구 신사동 354 라이프 씨티아파트,분양,개별난방,33141.0,2,298.0,라이프,라이프,023877868, ,아파트,서울특별시 은평구 갈현로3다길 15,위탁관리,계단식,19921218,0263957868,298.0,32165.293,70.0,228.0,0.0,0.0,23093.8,1138010900,15.0,15.0,3.0,11.0,03433
A12208105,현대아파트,서울특별시 은평구 신사동 355 현대아파트,분양,개별난방,44651.45,3,380.0,현대산업개발,동인건영외 2개 직장조합,023889020, ,아파트,서울특별시 은평구 가좌로 344,위탁관리,계단식,19940423,023882305,380.0,42710.746,0.0,380.0,0.0,0.0,32235.4,1138010900,19.0,19.0,2.0,10.0,03438
A12208203,신성아파트,서울특별시 은평구 신사동 155-1 신성아파트,분양,개별난방,22134.24,2,238.0,신성건설,신성,023059810, ,아파트,서울특별시 은평구 증산로15길 67-7,자치관리,복도식,19880630,023098085,238.0,22134.24,12.0,226.0,0.0,0.0,16382.68,1138010900,13.0,13.0,1.0,2.0,03447
A12208204,새절역현대아파트,서울특별시 은평구 신사동 359 새절역현대아파트,분양,개별난방,47954.0,5,445.0,현대건설,산업은행 외 12개 주택조합,023732920, ,아파트,서울특별시 은평구 은평터널로 164,위탁관리,계단식,19970925,023746640,445.0,47076.55,0.0,445.0,0.0,0.0,37457.89,1138010900,15.0,15.0,0.0,16.0,03444
A12208205,미성아파트(신사동),서울특별시 은평구 신사동 140-1 미성아파트(신사동),분양,개별난방,57427.0,5,570.0,라이프건설,라이프건설,023067429, ,아파트,서울특별시 은평구 증산로15길 35-10,위탁관리,복도식,19871127,0263837430,570.0,55823.277,0.0,570.0,0.0,0.0,41245.8,1138010900,15.0,15.0,0.0,7.0,03447
A12289401,뉴신사신성아파트,서울특별시 은평구 신사동 356 뉴신사신성아파트,분양,개별난방,20138.0,2,167.0,신성건설,신성건설,023051163, ,아파트,서울특별시 은평구 은평터널로 163,위탁관리,복도식,19931129,023051161,167.0,19322.318,0.0,167.0,0.0,0.0,14098.14,1138010900,15.0,15.0,1.0,2.0,03445
A12289402,신성수정,서울특별시 은평구 신사동 358 신성수정,분양,개별난방,24596.0,1,180.0,(주)신성건설,조합,023053339,해당사항없음,아파트,서울특별시 은평구 은평터널로7길 2,위탁관리,혼합식,19961219,023760053,180.0,18261.15,95.0,85.0,0.0,0.0,12873.45,1138010900,17.0,17.0,2.0,5.0,03445
A10022560,증산동 두산위브아파트,서울특별시 은평구 증산동 255 증산동 두산위브아파트,분양,개별난방,18859.0,2,122.0,두산건설,임창재건축조합,023777784,1002256000,아파트,서울특별시 은평구 증산서길 79,위탁관리,계단식,20051004,023750436,122.0,14162.45,0.0,90.0,32.0,0.0,11298.7233,1138011000,15.0,15.0,2.0,5.0,03498
A10022981,디엠씨센트럴자이주상복합,서울특별시 은평구 증산동 261 디엠씨센트럴자이주상복합,혼합,개별난방,15464.27,1,0.0,GS건설(주),증산2재정비촉진구역주택재개발정비사업조,0269524661, ,주상복합,서울특별시 은평구 수색로 200,위탁관리,혼합식,20220331,0269524662,132.0,15464.27,0.0,0.0,0.0,0.0,12435.18,1138011000,23.0,23.0,2.0,4.0,03505
A10023056,증산중앙하이츠아파트,서울특별시 은평구 증산동 248 증산중앙하이츠아파트,분양,개별난방,0.0,1,122.0,중앙산업(주),중앙산업(주),023728986, ,아파트,서울특별시 은평구 증산로 285,위탁관리,계단식,20010907,023728986,122.0,14592.0,0.0,92.0,30.0,0.0,11290.62,1138011000,18.0,18.0,2.0,4.0,03499
A10023737,DMC자이2단지아파트,서울특별시 은평구 증산동 223-28 DMC자이2단지아파트,분양,개별난방,26829.64,2,156.0,GS건설(주),GS건설(주),023022335, ,주상복합,서울특별시 은평구 수색로 217-1,자치관리,기타,20090924,023022337,115.0,3085408.5,11.0,22.0,97.0,26.0,13698.12,1138011000,19.0,19.0,19.0,5.0,
A10023875,DMC센트럴자이,서울특별시 은평구 증산동 258 DMC센트럴자이,혼합,개별난방,192152.94,13,1256.0,GS건설,증산2주택재개발 정비사업조합,0269526553,cafe.naver.com,아파트,서울특별시 은평구 수색로 200,위탁관리,혼합식,20230112,0269526554,1256.0,125829.48,406.0,850.0,0.0,0.0,125829.48,1138011000,30.0,30.0,0.0,35.0,03505
A10024581,DMC문영퀸즈파크,서울특별시 은평구 증산동 254 DMC문영퀸즈파크,분양,개별난방,18725.0,1,119.0,문영건설,문영건설,023031029, ,아파트,서울특별시 은평구 증산로13길 44-5,위탁관리,계단식,20040625,023031062,119.0,13387.7,0.0,119.0,0.0,0.0,10110.48,1138011000,15.0,15.0,2.0,4.0,03494
A10024769,DMC 덕원아파트,서울특별시 은평구 증산동 220-1 DMC 덕원아파트,분양,개별난방,80808.0,1,84.0,덕원공영주식회사,덕원공영주식회사,023751492, ,아파트,서울특별시 은평구 증산로 221,위탁관리,계단식,19971215,023046075,84.0,80808.0,38.0,28.0,18.0,0.0,5906.65,1138011000,18.0,18.0,0.0,0.0,03506
A10025969,DMC월드아파트,서울특별시 은평구 증산동 250 DMC월드아파트,분양,개별난방,15129.0,1,119.0,화수종합견설,화수종합건설,023060246, ,아파트,서울특별시 은평구 증산로 333,위탁관리,계단식,20020702,07073750246,119.0,9710.709,0.0,119.0,0.0,0.0,9710.709,1138011000,18.0,18.0,1.0,0.0,03497
A12275801,증산로13길44-5,서울특별시 은평구 증산동 254 증산로13길44-5,,,0.0,1,119.0, , ,023031029, ,아파트,서울특별시 은평구 증산로13길 44-5,기타,,20040625,023031062,0.0,0.0,0.0,119.0,0.0,0.0,10110.48,1138011000,1.0,15.0,0.0,0.0,
A12294102,DMC우방,서울특별시 은평구 증산동 244 DMC우방,분양,개별난방,62214.0,3,429.0,(주)우방,초원빌라 재건축조합,023037223, ,아파트,서울특별시 은평구 증산로3길 26-1,위탁관리,혼합식,20000320,023755375,429.0,34239.58,184.0,165.0,80.0,0.0,34239.58,1138011000,23.0,23.0,3.0,1.0,03493
A10020576,은평 디에트르 더 퍼스트 ,서울특별시 은평구 진관동 144- 은평 디에트르 더 퍼스트 ,임대,지역난방,88280.84,15,0.0,대방건설(주),대방건설(주),023527400, ,아파트,서울특별시 은평구 연서로46길 8,자치관리(직영),계단식,20250627,023527401,452.0,88280.734,0.0,0.0,0.0,0.0,35878.2822,1138011400,15.0,15.0,5.0,0.0,
A10022206,은평뉴타운엘크루,서울특별시 은평구 진관동 65- 은평뉴타운엘크루,분양,지역난방,38185.0,3,146.0,대우조선해양건설주식회사,DS네트웍스,023896375, ,주상복합,서울특별시 은평구 진관3로 21,위탁관리,계단식,20170214,023896351,306.0,19088.34,146.0,0.0,0.0,0.0,8757.08,1138011400,20.0,20.0,4.0,9.0,
A10022263,은평뉴타운2단지제1아파트(우물골4단지),서울특별시 은평구 진관동 82- 은평뉴타운2단지제1아파트(우물골4단지),혼합,지역난방,22639.0,3,143.0,SH서울주택도시공사,두산건설(주),023531453,SH서울주택도시공사,아파트,서울특별시 은평구 진관2로 67,위탁관리,혼합식,20091223, ,143.0,14404.94,86.0,55.0,2.0,0.0,10006.53,1138011400,1.0,10.0,0.0,9.0,
A10022468,은평뉴타운상림마을 9단지,서울특별시 은평구 진관동 7- 은평뉴타운상림마을 9단지,임대,지역난방,20993.0,1,127.0,현대산업개발(주),http://www.li-sh.do.kr/happy/intro.do,023556190,http://www.i-sh.co.kr/happy/intro.do,아파트,서울특별시 은평구 진관4로 78-8,위탁관리,복도식,20080514,023556191,128.0,13336.232,64.0,63.0,0.0,0.0,8929.98,1138011400,7.0,7.0,2.0,6.0,
A10024123,은평뉴타운폭포동4단지제4관리아파트,서울특별시 은평구 진관동 135 은평뉴타운폭포동4단지제4관리아파트,분양,지역난방,26106.26,3,125.0,현대건설,SH공사,023586162, ,아파트,서울특별시 은평구 연서로44길 55,위탁관리,계단식,20100614,023586163,125.0,18265.84,0.0,0.0,124.0,1.0,14618.91,1138011400,18.0,18.0,2.0,1.0,03309
A10025677,은뜨락행복주택,서울특별시 은평구 진관동 122 은뜨락행복주택,임대,지역난방,30063.805,3,350.0,금호산업(주),서울주택도시공사,07073353765,hello.movill.net,아파트,서울특별시 은평구 통일로 972,위탁관리,복도식,20190208,023572225,350.0,20287.361,350.0,0.0,0.0,0.0,14037.539,1138011400,15.0,15.0,1.0,7.0,03311
A10025765,은평 스카이뷰 자이,서울특별시 은평구 진관동 62 은평 스카이뷰 자이,분양,지역난방,60953.3,3,361.0,GS 건설,GS 건설,0269495181,http://admin.aptner.com,주상복합,서울특별시 은평구 통일로 1034,위탁관리,계단식,20190130,0269495182,361.0,42894.977,0.0,361.0,0.0,0.0,30519.6543,1138011400,33.0,33.0,4.0,13.0,03306
A10026376,은평뉴타운 한화꿈에그린,서울특별시 은평구 진관동 66 은평뉴타운 한화꿈에그린,분양,지역난방,12597.93,2,0.0,한화건설,(주)르시엘,023535596, ,아파트,서울특별시 은평구 진관3로 33,위탁관리,혼합식,20180322,023535597,142.0,12548.93,0.0,0.0,0.0,0.0,8514.05,1138011400,20.0,20.0,4.0,4.0,03301
A10026414,은평뉴타운솔하임,서울특별시 은평구 진관동 59-18 은평뉴타운솔하임,분양,지역난방,22370.645,3,260.0,(주)삼전건설,(주)삼전건설,023533324, ,주상복합,서울특별시 은평구 통일로 1080,위탁관리,혼합식,20170928,023543324,260.0,22370.639,260.0,0.0,0.0,0.0,8219.396,1138011400,20.0,20.0,5.0,7.0,03300
A10026842,은평지웰테라스,서울특별시 은평구 진관동 9 은평지웰테라스,분양,지역난방,33646.254,12,220.0,(주)한라건설,(주)신영,023530911,은평지웰테라스.apti.co.kr/,연립주택,서울특별시 은평구 진관4로 78-38,위탁관리,계단식,20170731,023530912,220.0,23653.48,0.0,220.0,0.0,0.0,18583.6724,1138011400,4.0,4.0,1.0,29.0,03303
A12220001,은평뉴타운상림마을6단지 제1아파트(8단지 푸르지오),서울특별시 은평구 진관동 3 은평뉴타운상림마을6단지 제1아파트(8단지 푸르지오),혼합,지역난방,31991.15,5,208.0,대우푸르지오,SH공사,023556081,sanglim8.co.kr,아파트,서울특별시 은평구 진관4로 78-7,위탁관리,혼합식,20080514,023556082,208.0,22026.6,72.0,76.0,55.0,5.0,17053.59,1138011400,12.0,12.0,0.0,11.0,03304
A12220002,은평뉴타운상림마을13단지,서울특별시 은평구 진관동 11 은평뉴타운상림마을13단지,분양,지역난방,65217.0,11,298.0,SH공사,현대산업개발,023556323,cafe.daum.net/sang lim13,아파트,서울특별시 은평구 진관4로 48-50,위탁관리,계단식,20080614,023556324,298.0,46625.69,0.0,28.0,252.0,18.0,37158.12,1138011400,14.0,14.0,1.0,15.0,03303
A12220003,은평뉴타운상림마을2단지,서울특별시 은평구 진관동 14 은평뉴타운상림마을2단지,혼합,지역난방,61109.41,9,335.0,롯데건설(주),SH공사,023555092,은평캐슬.apti.co.kr,아파트,서울특별시 은평구 진관4로 37,위탁관리,혼합식,20080514,023555093,335.0,30636.43,149.0,62.0,91.0,33.0,30636.43,1138011400,14.0,14.0,0.0,20.0,03302
A12220004,은평뉴타운상림마을12단지,서울특별시 은평구 진관동 20 은평뉴타운상림마을12단지,혼합,지역난방,76945.03,10,551.0,(주)롯데건설,SH,023556307, ,아파트,서울특별시 은평구 진관3로 70,위탁관리,혼합식,20080514,023556308,551.0,55631.4,180.0,253.0,118.0,0.0,41086.03,1138011400,14.0,14.0,2.0,21.0,03302
A12220005,은평뉴타운상림마을1단지,서울특별시 은평구 진관동 19 은평뉴타운상림마을1단지,혼합,지역난방,101274.0,11,707.0,삼환기업,sh공사,023552281, ,아파트,서울특별시 은평구 진관4로 17,위탁관리,혼합식,20080514,023552282,707.0,65598.8,403.0,145.0,159.0,0.0,48888.92,1138011400,14.0,14.0,2.0,24.0,03302
A41279901,은평뉴타운상림마을14단지,서울특별시 은평구 진관동 10 은평뉴타운상림마을14단지,분양,지역난방,69069.2,13,300.0,현대산업개발,sh공사,023556604, ,아파트,서울특별시 은평구 진관4로 48-51,위탁관리,계단식,20080614,023556603,300.0,48505.64,0.0,16.0,196.0,88.0,38846.87,1138011400,14.0,14.0,0.0,17.0,03303
A41279902,은평뉴타운상림마을5단지,서울특별시 은평구 진관동 5 은평뉴타운상림마을5단지,혼합,지역난방,61409.73,8,318.0,대우푸르지오,SH공사,023553644, ,아파트,서울특별시 은평구 진관4로 87,위탁관리,혼합식,20080514,023553645,318.0,38908.27,139.0,56.0,90.0,33.0,29398,1138011400,14.0,14.0,2.0,18.0,03304
A41279903,은평뉴타운상림마을7단지,서울특별시 은평구 진관동 2 은평뉴타운상림마을7단지,혼합,지역난방,59833.59,9,378.0,대우푸르지오,sh공사,023555951, ,아파트,서울특별시 은평구 진관4로 100,위탁관리,혼합식,20080514,023555952,378.0,42333.914,87.0,168.0,120.0,3.0,31911.25,1138011400,14.0,14.0,2.0,18.0,03304
A41279904,은평뉴타운상림마을6단지,서울특별시 은평구 진관동 1 은평뉴타운상림마을6단지,혼합,지역난방,53595.0,7,379.0,대우푸르지오,SH,023555905, ,아파트,서울특별시 은평구 진관4로 107,위탁관리,혼합식,20080514,023555906,379.0,26762.0,195.0,106.0,78.0,0.0,26981.89,1138011400,14.0,14.0,2.0,13.0,03304
A41279905,은평뉴타운상림마을4단지,서울특별시 은평구 진관동 6 은평뉴타운상림마을4단지,혼합,지역난방,45114.88,4,241.0,현대산업개발,sh공사,023555465, ,아파트,서울특별시 은평구 진관4로 77,위탁관리,혼합식,20080514,023555466,241.0,30458.367,68.0,109.0,35.0,29.0,22368.5,1138011400,14.0,14.0,2.0,15.0,03303
A41279906,은평뉴타운상림마을10단지,서울특별시 은평구 진관동 12 은평뉴타운상림마을10단지,혼합,,40031.0,4,230.0,현대산업개발,SH공사,023556302, ,아파트,서울특별시 은평구 진관4로 48-17,위탁관리,혼합식,20080514,023556303,230.0,27236.32,80.0,93.0,53.0,4.0,19682.99,1138011400,10.0,10.0,2.0,13.0,03303
A41279907,은평뉴타운상림마을11단지,서울특별시 은평구 진관동 15 은평뉴타운상림마을11단지,혼합,,28360.54,6,187.0,현대산업개발,SH공사,023556304, ,아파트,서울특별시 은평구 진관4로 48-8,위탁관리,혼합식,20080514,023556303,187.0,20229.494,54.0,89.0,44.0,0.0,14455.6,1138011400,14.0,14.0,0.0,8.0,03303
A41279908,은평뉴타운 상림마을3단지,서울특별시 은평구 진관동 13 은평뉴타운 상림마을3단지,혼합,지역난방,45297.7,3,255.0,현대산업개발주식회사,sh공사,023555205, ,아파트,서울특별시 은평구 진관4로 47,위탁관리,혼합식,20080514,023555206,255.0,31707.133,69.0,123.0,34.0,29.0,23482.24,1138011400,14.0,14.0,0.0,16.0,03303
A41279909,은평뉴타운박석고개13단지,서울특별시 은평구 진관동 123 은평뉴타운박석고개13단지,분양,지역난방,33049.7,4,162.0,현대건설,서울특별시 SH공사,023576153, ,아파트,서울특별시 은평구 진관1로 22,위탁관리,계단식,20081212,023576154,162.0,22677.428,0.0,0.0,162.0,0.0,18271.19,1138011400,15.0,15.0,2.0,6.0,03311
A41279910,은평뉴타운박석고개1단지,서울특별시 은평구 진관동 102 은평뉴타운박석고개1단지,혼합,지역난방,134074.77,16,947.0,현대,sh공사,023575164,cafe.naver.com/epnt21,아파트,서울특별시 은평구 진관1로 21-10,위탁관리,혼합식,20090112,023575163,947.0,93975.586,409.0,334.0,204.0,0.0,71377.19,1138011400,15.0,15.0,2.0,36.0,03311
A41279911,은평뉴타운박석고개제12단지아파트,서울특별시 은평구 진관동 101 은평뉴타운박석고개제12단지아파트,혼합,지역난방,90530.19,14,660.0,현대건설,SH공사,023575607, ,아파트,서울특별시 은평구 진관1로 21-9,위탁관리,혼합식,20090112,023575608,660.0,61990.918,275.0,365.0,20.0,0.0,46854.69,1138011400,20.0,20.0,2.0,24.0,03311
A41279912,은평뉴타운마고정3단지,서울특별시 은평구 진관동 107 은평뉴타운마고정3단지,혼합,지역난방,111283.086,13,659.0,포스코건설,sh공사,023531307, ,아파트,서울특별시 은평구 진관2로 90,위탁관리,혼합식,20091113,023531308,659.0,64475.0,185.0,277.0,65.0,132.0,64649.97,1138011400,19.0,19.0,2.0,33.0,03310
A41279913,은평뉴타운마고정11단지,서울특별시 은평구 진관동 106 은평뉴타운마고정11단지,혼합,지역난방,75185.0,9,469.0,동부건걸(주),SH공사,023531281, ,아파트,서울특별시 은평구 진관1로 55,위탁관리,혼합식,20091126,023531282,469.0,41720.0,102.0,234.0,125.0,8.0,41936.28,1138011400,18.0,18.0,0.0,14.0,03310
A41279914,은평뉴타운마고정2단지,서울특별시 은평구 진관동 105 은평뉴타운마고정2단지,혼합,지역난방,68440.0,13,434.0,동부건설,SH공사,023531346, ,아파트,서울특별시 은평구 진관2로 60,위탁관리,혼합식,20091126,023531347,434.0,67676.28,117.0,152.0,105.0,60.0,40492.59,1138011400,18.0,18.0,2.0,20.0,03310
A41279915,은평뉴타운우물골8단지,서울특별시 은평구 진관동 88 은평뉴타운우물골8단지,분양,지역난방,74148.61,14,448.0,금호건설,SH공사,023531572,womul8.com,아파트,서울특별시 은평구 진관2로 111-7,위탁관리,계단식,20091223,023531573,448.0,45228.277,0.0,265.0,178.0,5.0,44908.49,1138011400,15.0,15.0,2.0,23.0,03306
A41279916,은평뉴타운우물골5단지,서울특별시 은평구 진관동 83 은평뉴타운우물골5단지,혼합,지역난방,57209.27,5,387.0,"두산건설,포스코 건설",SH,023531548,우물골제2관리소.apti.co.kr,아파트,서울특별시 은평구 진관2로 77,위탁관리,혼합식,20091223,023531549,387.0,38944.37,199.0,175.0,13.0,0.0,27987.4,1138011400,16.0,16.0,2.0,26.0,03306
A41279917,은평뉴타운우물골6단지,서울특별시 은평구 진관동 81 은평뉴타운우물골6단지,분양,지역난방,57802.0,11,353.0,SH,두산,023531675, ,주상복합,서울특별시 은평구 진관2로 57-7,위탁관리,계단식,20091223,023531676,353.0,35065.91,0.0,214.0,114.0,25.0,35065.91,1138011400,15.0,15.0,0.0,15.0,03306
A41279918,은평뉴타운우물골7단지,서울특별시 은평구 진관동 84 은평뉴타운우물골7단지,분양,지역난방,92202.18,22,472.0,두산건설,sh공사,023531651, ,아파트,서울특별시 은평구 진관2로 57-37,위탁관리,계단식,20100115,023531652,472.0,68639.06,0.0,105.0,293.0,74.0,55983.77,1138011400,15.0,15.0,2.0,29.0,03306
A41279920,은평뉴타운구파발9단지제2,서울특별시 은평구 진관동 25 은평뉴타운구파발9단지제2,분양,지역난방,91209.79,13,486.0,삼성건설,sh공사,023520426, ,아파트,서울특별시 은평구 진관3로 77,위탁관리,계단식,20100709,023520427,486.0,66532.66,0.0,190.0,220.0,76.0,54120.84,1138011400,10.0,10.0,1.0,23.0,03301
A41279921,은평뉴타운구파발9단지1관리,서울특별시 은평구 진관동 22 은평뉴타운구파발9단지1관리,임대,지역난방,135179.6,15,1022.0,삼성물산,sh공사,023534311, ,아파트,서울특별시 은평구 진관3로 67,위탁관리,혼합식,20100709,023534313,1022.0,98172.1,283.0,739.0,0.0,0.0,77068.37,1138011400,15.0,15.0,1.0,27.0,03301
A41279922,은평뉴타운제각말5단지제2,서울특별시 은평구 진관동 155 은평뉴타운제각말5단지제2,분양,지역난방,34381.43,8,175.0,대우건설(주),SH공사,023588349,무,아파트,서울특별시 은평구 연서로48길 11,위탁관리,계단식,20100908,023588350,175.0,23155.95,0.0,48.0,127.0,0.0,18293.04,1138011400,12.0,12.0,2.0,11.0,03308
A41279923,은평뉴타운제각말5단지제1,서울특별시 은평구 진관동 154 은평뉴타운제각말5단지제1,분양,지역난방,62949.65,13,330.0,(주)대우건설 (주)태영건설,SH공사,023588473, ,아파트,서울특별시 은평구 연서로48길 12,위탁관리,계단식,20100908,023588474,330.0,42443.09,0.0,86.0,244.0,0.0,33660.1,1138011400,15.0,15.0,0.0,19.0,03308
A41279924,은평뉴타운폭포동4단지제2,서울특별시 은평구 진관동 140 은평뉴타운폭포동4단지제2,분양,지역난방,126510.58,15,571.0,현대건설(주),SH공사,023585472,은평뉴타운폭포동4단지.apti.co.kr,아파트,서울특별시 은평구 연서로44길 7,위탁관리,계단식,20100614,023585473,571.0,88789.55,0.0,0.0,385.0,186.0,71816.96,1138011400,20.0,20.0,2.0,17.0,03309
A41279925,은평뉴타운제각말5단지제3,서울특별시 은평구 진관동 94 은평뉴타운제각말5단지제3,분양,지역난방,34736.46,7,189.0,대우푸르지오,SH공사,023588146, ,아파트,서울특별시 은평구 연서로 487,위탁관리,계단식,20100908,023588147,189.0,23273.83,0.0,96.0,93.0,0.0,18313.23,1138011400,11.0,11.0,2.0,13.0,03305
A41279926,은평뉴타운폭포동4단지제3,서울특별시 은평구 진관동 132 은평뉴타운폭포동4단지제3,분양,지역난방,26308.14,3,126.0,현대건설,SH공사,023585935, ,아파트,서울특별시 은평구 연서로44길 30,위탁관리,계단식,20100614,023585936,126.0,18454.36,0.0,0.0,125.0,1.0,14786.9,1138011400,18.0,18.0,0.0,3.0,03309
A41279927,은평뉴타운 구파발10단지 제1,서울특별시 은평구 진관동 27 은평뉴타운 구파발10단지 제1,분양,지역난방,63723.26,9,335.0,"벽산건설,금호건설",sh공사,023851551, ,아파트,서울특별시 은평구 진관3로 15-45,위탁관리,계단식,20101130,023851552,334.0,45307.24,0.0,128.0,169.0,38.0,36008.5,1138011400,10.0,10.0,2.0,20.0,03300
A41279928,은평뉴타운구파발10단지2관리,서울특별시 은평구 진관동 28 은평뉴타운구파발10단지2관리,임대,지역난방,62953.52,10,423.0,금호건설,SH공사,023852772,qa7600@daum.net,아파트,서울특별시 은평구 진관3로 15-35,위탁관리,계단식,20101130,023852773,423.0,43887.97,97.0,326.0,0.0,0.0,33445.89,1138011400,15.0,15.0,2.0,14.0,03300
A41279929,은평뉴타운제각말5단지제4,서울특별시 은평구 진관동 92 은평뉴타운제각말5단지제4,분양,지역난방,66393.0,14,412.0,대우건설,sh공사,023591807,제각말5-4.apti.co.kr,아파트,서울특별시 은평구 연서로 455,위탁관리,계단식,20100908,023591808,412.0,47692.87,0.0,322.0,90.0,0.0,37163.39,1138011400,15.0,15.0,2.0,21.0,03305
A41279930,은평뉴타운폭포동4단지제1,서울특별시 은평구 진관동 113 은평뉴타운폭포동4단지제1,임대,지역난방,34884.91,7,297.0,현대건설,SH공사,023586512, ,아파트,서울특별시 은평구 진관1로 77-8,위탁관리,계단식,20100614,023586513,297.0,33638.82,0.0,297.0,0.0,0.0,25233.78,1138011400,20.0,20.0,3.0,10.0,03310
A41279931,은평뉴타운구파발10단지3관리,서울특별시 은평구 진관동 29 은평뉴타운구파발10단지3관리,임대,지역난방,100028.79,9,712.0,SH공사,금호건설,023856891,www.i-sh.co.kr/happy/cms/main.do,아파트,서울특별시 은평구 북한산로 2,위탁관리,혼합식,20120223,023856892,712.0,71236.39,254.0,458.0,0.0,0.0,52500.66,1138011400,15.0,15.0,2.0,23.0,03300
A41279932,은평뉴타운기자촌11단지,서울특별시 은평구 진관동 150 은평뉴타운기자촌11단지,혼합,지역난방,67304.46,10,426.0,한라,SH공사,023592961,cafe.naver.com/gijachon11apt,아파트,서울특별시 은평구 연서로46길 7,위탁관리,혼합식,20150123,023592962,426.0,34106.113,81.0,345.0,0.0,0.0,34113.7,1138011400,15.0,15.0,3.0,26.0,03308
A10023116,충정로현대아파트,서울특별시 서대문구 충정로2가 185-15 충정로현대아파트,분양,개별난방,10484.0,1,83.0,현대건설,현대건설,023132711, ,아파트,서울특별시 서대문구 충정로7길 30,자치관리(직영),혼합식,19921229,023132712,83.0,8099.44,0.0,71.0,12.0,0.0,7170.3,1141010100,18.0,18.0,1.0,0.0,03736
A10022194,충정우리유앤미아파트,서울특별시 서대문구 충정로3가 466- 충정우리유앤미아파트,분양,개별난방,17995.0,1,108.0,(주)우리건설,.,023130400,.,아파트,서울특별시 서대문구 경기대로 26-7,위탁관리,계단식,20080528,07081170400,108.0,11806.257,0.0,108.0,0.0,0.0,9147.96,1141010200,19.0,19.0,3.0,0.0,
A10024966,더스타일하우스디센트럴,서울특별시 서대문구 충정로3가 480 더스타일하우스디센트럴,임대,개별난방,40212.273,2,499.0,대보건설,원석디엔씨,0266774422, ,주상복합,서울특별시 서대문구 경기대로 26-26,위탁관리,복도식,20200117,0266774423,511.0,19805.508,499.0,0.0,0.0,0.0,11826.2177,1141010200,26.0,26.0,6.0,0.0,03737
A12070201,충정리시온,서울특별시 서대문구 충정로3가 465 충정리시온,분양,개별난방,20416.42,1,258.0,대림,마포로 제5구역 6-1지구 도심 재개발주택조합,023926112,cafe.daum.net/rezion465,주상복합,서울특별시 서대문구 서소문로 27,위탁관리,복도식,20040923,023926132,258.0,20375.8,258.0,0.0,0.0,0.0,10871.28,1141010200,21.0,21.0,5.0,2.0,03741
A12003001,충정로 skview 아파트,서울특별시 서대문구 합동 118 충정로 skview 아파트,분양,개별난방,29092.0,3,180.0,SK건설,SK건설,023131322, ,아파트,서울특별시 서대문구 서소문로 43-8,위탁관리,계단식,20081031,023131323,180.0,19014.902,26.0,154.0,0.0,0.0,14639.315,1141010300,20.0,20.0,2.0,0.0,03741
A10020056,돈의문센트레빌215동,서울특별시 서대문구 냉천동 261 돈의문센트레빌215동,임대,개별난방,5725.0,1,120.0,동부건설,확인불가,023628522, ,아파트,서울특별시 서대문구 독립문로14길 33,위탁관리,복도식,20110407,023638523,120.0,5724.96,120.0,0.0,0.0,0.0,5724.96,1141010500,12.0,0.0,2.0,0.0,
A12005001,냉천동부센트레빌,서울특별시 서대문구 냉천동 260 냉천동부센트레빌,분양,개별난방,34455.83,3,237.0,동부건설,냉천동 재개발조합,023933026, ,아파트,서울특별시 서대문구 독립문로14길 74,위탁관리,혼합식,20020321,023933027,237.0,25860.51,99.0,79.0,59.0,0.0,19415.89,1141010500,17.0,17.0,2.0,7.0,03745
A12070101,돈의문센트레빌,서울특별시 서대문구 냉천동 261 돈의문센트레빌,분양,개별난방,94117.0,14,561.0,동부건설,충정로 냉천구역 주택 재개발 조합,023648522,https://cent.apti.co.kr,아파트,서울특별시 서대문구 독립문로14길 33,위탁관리,계단식,20110407,023648523,561.0,60127.77,164.0,264.0,133.0,0.0,47566.42,1141010500,15.0,15.0,0.0,0.0,03746
A12004001,서대문천연뜨란채아파트,서울특별시 서대문구 천연동 145 서대문천연뜨란채아파트,분양,개별난방,100204.85,15,1008.0,"요진산업(주),제이알종합건설(주)",대한주택공사,0263822800, ,아파트,서울특별시 서대문구 독립문로8길 54,위탁관리,혼합식,20060313,0263822801,1008.0,99586.8,868.0,140.0,0.0,0.0,58486.51,1141010600,18.0,18.0,2.0,26.0,03743
A10019979,경희궁 유보라,서울특별시 서대문구 영천동 69-121 경희궁 유보라,분양,개별난방,35832.625,2,199.0,(주)반도건설,영천구역주택재개발정비사업조합,023126337, ,주상복합,서울특별시 서대문구 독립문로 11,위탁관리,계단식,20260625,023126338,199.0,21044.26,0.0,71.0,126.0,2.0,21044.259,1141010800,23.0,0.0,5.0,0.0,
A12007001,독립문삼호,서울특별시 서대문구 영천동 100 독립문삼호,분양,개별난방,117342.6,8,895.0,삼호건설,삼호건설,023652461, ,아파트,서울특별시 서대문구 독립문로 10,위탁관리,계단식,19950623,023620695,895.0,101828.99,0.0,655.0,240.0,0.0,80064.18,1141010800,18.0,18.0,0.0,27.0,03743
A12008001,독립문파크빌,서울특별시 서대문구 현저동 1019 독립문파크빌,분양,개별난방,30146.26,4,290.0,우정건설,SH공사,023935258,dpdp5258@daum.net,아파트,서울특별시 서대문구 통일로 279-75,위탁관리,복도식,20001213,023931478,290.0,23133.3,290.0,0.0,0.0,0.0,17226,1141010900,15.0,15.0,2.0,5.0,03732
A12008003,독립문극동,서울특별시 서대문구 현저동 200 독립문극동,분양,개별난방,172036.0,12,1300.0,극동건설(주),독립문 극동아파트 조합,023930180, ,아파트,서울특별시 서대문구 독립문공원길 17,위탁관리,계단식,19981210,0267496899,1300.0,140733.08,350.0,582.0,368.0,0.0,110170.05,1141010900,23.0,23.0,3.0,29.0,03733
A12079601,독립문극동임대,서울특별시 서대문구 현저동 201 독립문극동임대,임대,개별난방,30818.62,2,600.0,극동건설,SH공사,023137404,happy.i-sh.co.kr/main.do?deptid=70125,아파트,서울특별시 서대문구 독립문공원길 17,위탁관리,복도식,19981210,023127404,600.0,16200.0,600.0,0.0,0.0,0.0,16200,1141010900,15.0,15.0,3.0,6.0,03733
A10023016,북아현경남아파트(101동),서울특별시 서대문구 북아현동 1006 북아현경남아파트(101동),분양,개별난방,14185.78,1,106.0,경남기업(주),북아현1동8통지구재건축조합,023636040, ,아파트,서울특별시 서대문구 북아현로 40,위탁관리,혼합식,19960521,023636042,106.0,11308.308,47.0,49.0,10.0,0.0,8118.98,1141011000,10.0,10.0,0.0,3.0,03755
A10024719,힐스테이트신촌,서울특별시 서대문구 북아현동 1017 힐스테이트신촌,혼합,개별난방,184229.03,15,1252.0,현대건설주식회사,북아현1-1재개발주택조합,023134551,shill.aptner.com,아파트,서울특별시 서대문구 이화여대8길 123,위탁관리,계단식,20200804,023134552,1226.0,117387.78,631.0,587.0,34.0,0.0,84233.885,1141011000,20.0,20.0,0.0,39.0,03763
A10026370,e편한세상신촌아파트,서울특별시 서대문구 북아현동 1013 e편한세상신촌아파트,혼합,개별난방,306274.0,22,1910.0,대림산업,북아현1-3 재개발 조합,023139072, ,아파트,서울특별시 서대문구 북아현로1길 17,위탁관리,혼합식,20180503,023139075,1910.0,186309.11,823.0,1043.0,44.0,0.0,136385.01,1141011000,34.0,34.0,5.0,49.0,03773
A10027851,신촌푸르지오 아파트,서울특별시 서대문구 북아현동 174 신촌푸르지오 아파트,혼합,개별난방,148182.33,16,940.0,대우건설,주택조합,023628828, ,아파트,서울특별시 서대문구 북아현로1길 50,위탁관리,혼합식,20151023,023628830,940.0,92567.51,394.0,452.0,94.0,0.0,68588.83,1141011000,20.0,20.0,5.0,36.0,03770
A12079501,북아현두산,서울특별시 서대문구 북아현동 1009 북아현두산,분양,개별난방,87371.0,6,956.0,두산건설(주),북아현시민아파트재건축주택조합,023123547, ,아파트,서울특별시 서대문구 이화여대8길 62,위탁관리,복도식,19990303,023122146,956.0,75847.89,956.0,0.0,0.0,0.0,57321.76,1141011000,18.0,18.0,2.0,11.0,03769
A10020829,홍제중앙하이츠아파트,서울특별시 서대문구 홍제동 342- 홍제중앙하이츠아파트,분양,개별난방,0.0,1,123.0, , ,023946822, ,아파트,서울특별시 서대문구 홍제내2길 67,,,20010917, ,0.0,0.0,47.0,72.0,4.0,0.0,9306.33,1141011100,1.0,16.0,0.0,0.0,
A10021965,고은맨숀아파트,서울특별시 서대문구 홍제동 156-200 고은맨숀아파트,분양,개별난방,6202.0,2,136.0,광산기업주식회사,광산기업주식회사,023910875, ,,서울특별시 서대문구 모래내로 453,자치관리,계단식,19750617, ,136.0,8892.561,20.0,116.0,0.0,0.0,8617.38,1141011100,0.0,5.0,0.0,0.0,
A10023330,무악재한화,서울특별시 서대문구 홍제동 464 무악재한화,분양,개별난방,17562.63,2,139.0,(주)한화건설,(주)한화건설,027375545, ,아파트,서울특별시 서대문구 통일로 357,위탁관리,계단식,20010519,027375546,141.0,17328.2,0.0,87.0,52.0,0.0,13244.58,1141011100,19.0,19.0,2.0,5.0,03730
A10023560,서대문푸르지오센트럴파크,서울특별시 서대문구 홍제동 57-5 서대문푸르지오센트럴파크,혼합,개별난방,73733.47,11,0.0,(주)대우건설,홍제동 제1주택재건출 정비사업조합,027397250, ,아파트,서울특별시 서대문구 통일로 339,위탁관리,혼합식,20221028,027397252,832.0,73733.47,0.0,0.0,0.0,0.0,107661.38,1141011100,18.0,18.0,8.0,1.0,03731
A10023959,홍제역 해링턴플레이스아파트,서울특별시 서대문구 홍제동 270-1 홍제역 해링턴플레이스아파트,혼합,개별난방,183986.6,18,1116.0,효성중공업(주),홍제 제3구역 주택재개발정비사업조합,023941117, ,아파트,서울특별시 서대문구 세무서8길 30,위탁관리,계단식,20240327,023941106,1116.0,108864.84,521.0,555.0,40.0,0.0,80061.21,1141011100,20.0,20.0,3.0,47.0,03626
A10024620,인왕산어울림 아파트,서울특별시 서대문구 홍제동 467 인왕산어울림 아파트,분양,개별난방,26171.39,2,123.0,금호건설,금호건설,027341240, ,,,위탁관리,계단식,20060704,027381240,123.0,19300.678,0.0,0.0,109.0,14.0,15679.27,1141011100,15.0,15.0,2.0,5.0,
A10025767,홍제센트럴아이파크,서울특별시 서대문구 홍제동 473 홍제센트럴아이파크,혼합,개별난방,135059.77,14,0.0,현대산업개발,홍제 제2구역주택재개발정비사업조합,027209425, ,아파트,서울특별시 서대문구 통일로 395,위탁관리,혼합식,20200622,027209426,906.0,91359.625,0.0,0.0,0.0,0.0,136522.0822,1141011100,18.0,18.0,4.0,31.0,03730
A10027681,홍제금호어울림아파트,서울특별시 서대문구 홍제동 451-13 홍제금호어울림아파트,혼합,개별난방,46677.53,10,296.0,금호건설,무궁화재건축정비조합,023940842, ,주상복합,서울특별시 서대문구 모래내로 411,위탁관리,계단식,20160203,023940843,296.0,30321.45,78.0,218.0,0.0,0.0,23110.9741,1141011100,13.0,13.0,2.0,0.0,03644
A12009001,홍제유원하나제2,서울특별시 서대문구 홍제동 454 홍제유원하나제2,임대,개별난방,5849.1,1,150.0,유원건설,유원건설,023797218,http://happy.i-sh.co.kr/intro.do,아파트,서울특별시 서대문구 세검정로 134,위탁관리,복도식,19960807,023797219,150.0,5848.5,150.0,0.0,0.0,0.0,4306.5,1141011100,15.0,18.0,0.0,1.0,03620
A12009002,인왕산한신휴플러스,서울특별시 서대문구 홍제동 469 인왕산한신휴플러스,분양,개별난방,34557.215,1,115.0,한신공영,힌신공영,027230096, ,주상복합,서울특별시 서대문구 통일로 397,위탁관리,계단식,20091202,027230097,115.0,20116.322,0.0,62.0,53.0,0.0,11566.588,1141011100,15.0,15.0,5.0,0.0,
A12009101,홍제남양,서울특별시 서대문구 홍제동 457 홍제남양,분양,개별난방,28848.76,3,192.0,남양건설(주),백련연합 재건축 주택조합,023956308, ,아파트,서울특별시 서대문구 홍제내길 168,자치관리,혼합식,19990930,023956309,192.0,20596.6,72.0,76.0,44.0,0.0,15760.72,1141011100,23.0,23.0,3.0,0.0,03640
A12009102,홍제현대아파트,서울특별시 서대문구 홍제동 331 홍제현대아파트,분양,개별난방,86368.43,8,704.0,현대산업개발,홍제11구역 재개발조합,023950791, ,아파트,서울특별시 서대문구 통일로39가길 57,위탁관리,계단식,19920708,023962958,704.0,80523.56,0.0,440.0,264.0,0.0,63142.32,1141011100,15.0,15.0,1.0,22.0,03638
A12009201,홍제성원아파트,서울특별시 서대문구 홍제동 456 홍제성원아파트,분양,개별난방,32437.29,3,242.0,성원산업개발(주),태진연립주택조합,027200959, ,아파트,서울특별시 서대문구 모래내로 430,위탁관리,혼합식,19980511,027230959,242.0,22272.12,152.0,30.0,60.0,0.0,16636.44,1141011100,17.0,17.0,3.0,0.0,03728
A12009202,홍제삼성래미안,서울특별시 서대문구 홍제동 461 홍제삼성래미안,분양,개별난방,56189.0,6,474.0,삼성래미안,삼성래미안,027301248, ,아파트,서울특별시 서대문구 통일로 319,위탁관리,혼합식,20010613,0263511248,474.0,42193.08,268.0,116.0,90.0,0.0,32648.58,1141011100,15.0,15.0,3.0,11.0,03731
A12009203,홍제무악청구1차,서울특별시 서대문구 홍제동 453 홍제무악청구1차,분양,개별난방,104807.0,14,862.0,(주)청구,직장주택조합,023790269,www.muakapt.com,아파트,서울특별시 서대문구 통일로 348,위탁관리,계단식,19940630,023916975,862.0,102585.16,0.0,862.0,0.0,0.0,73080.36,1141011100,18.0,18.0,2.0,31.0,03635
A12009302,인왕산벽산아파트,서울특별시 서대문구 홍제동 465 인왕산벽산아파트,분양,개별난방,30535.22,2,236.0,벽산건설,벽산건설,023918905,없음,아파트,서울특별시 서대문구 세무서길 106-12,위탁관리,계단식,20030620,0263837769,236.0,25005.19,64.0,144.0,28.0,0.0,19274.95,1141011100,18.0,18.0,2.0,4.0,03625
A12009303,홍제현대그린,서울특별시 서대문구 홍제동 455 홍제현대그린,분양,개별난방,28707.01,2,240.0,현대건설,주택조합,023951135,hdgr1135@daum.com,아파트,서울특별시 서대문구 세무서2길 64,위탁관리,계단식,19960722,023951138,240.0,25977.6,0.0,240.0,0.0,0.0,20390.4,1141011100,15.0,15.0,2.0,10.0,03626
A12009304,홍제유원하나,서울특별시 서대문구 홍제동 454 홍제유원하나,혼합,개별난방,61031.0,5,554.0,유원건설,지역조합,023953825, ,아파트,서울특별시 서대문구 세검정로 134,위탁관리,혼합식,19960807,023965552,554.0,58619.18,132.0,269.0,153.0,0.0,45054.5,1141011100,18.0,18.0,2.0,12.0,03620
A12009305,문화촌현대,서울특별시 서대문구 홍제동 463 문화촌현대,분양,개별난방,90620.07,4,768.0,고려개발,현대,023962067, ,아파트,서울특별시 서대문구 문화촌길 6-24,위탁관리,혼합식,20021122,023790333,767.0,76865.95,309.0,459.0,0.0,0.0,57471.93,1141011100,20.0,20.0,3.0,16.0,03625
A12076401,홍제비콘드림힐,서울특별시 서대문구 홍제동 468 홍제비콘드림힐,분양,개별난방,17453.0,1,119.0,비콘건설.청일건설,공보처주택조합 외,023795500, ,아파트,서울특별시 서대문구 세무서8길 49,위탁관리,혼합식,20060526,023795509,119.0,12537.244,0.0,104.0,15.0,0.0,10013.259,1141011100,15.0,15.0,3.0,0.0,03625
A12078201,인왕산현대,서울특별시 서대문구 홍제동 460-1 인왕산현대,임대,개별난방,13529.94,1,246.0, , ,023944236, ,아파트,서울특별시 서대문구 통일로34길 46,위탁관리,복도식,20000705,023941264,246.0,11566.92,246.0,0.0,0.0,0.0,8036.82,1141011100,18.0,18.0,0.0,3.0,03633
A12078704,홍제원 현대,서울특별시 서대문구 홍제동 459 홍제원 현대,분양,개별난방,128749.57,15,939.0,현대건설,현대건설,023950179, ,아파트,서울특별시 서대문구 통일로34길 43,위탁관리,혼합식,20000614,023950181,939.0,102766.07,298.0,358.0,283.0,0.0,80719.1,1141011100,18.0,18.0,2.0,0.0,03631
A12078705,홍제인왕산현대,서울특별시 서대문구 홍제동 460 홍제인왕산현대,분양,개별난방,94222.0,10,700.0,현대건설,현대건설,023959392, ,아파트,서울특별시 서대문구 통일로34길 46,위탁관리,혼합식,20000705,023947173,700.0,75353.375,255.0,256.0,189.0,0.0,58698.63,1141011100,18.0,18.0,3.0,18.0,03633
A12078706,홍제청구3차,서울특별시 서대문구 홍제동 462 홍제청구3차,분양,개별난방,31032.84,2,228.0,청구건설,청구건설,023912958, ,아파트,서울특별시 서대문구 통일로 332,위탁관리,혼합식,20010530,023912959,228.0,22254.92,134.0,94.0,0.0,0.0,15945.84,1141011100,17.0,17.0,5.0,6.0,03634
A12078707,홍제원현대임대,서울특별시 서대문구 홍제동 459-1 홍제원현대임대,임대,개별난방,24740.14,2,482.0, , ,023799324, ,아파트,서울특별시 서대문구 통일로34길 43,위탁관리,복도식,20000614,0232161734,482.0,22307.441,482.0,0.0,0.0,0.0,15746.94,1141011100,18.0,18.0,2.0,6.0,03631
A12085303,홍제한양,서울특별시 서대문구 홍제동 82 홍제한양,분양,개별난방,100004.16,10,998.0,햔양건설,한양건설,027221205,홍제한양.apti.co.kr,아파트,서울특별시 서대문구 통일로25길 30,위탁관리,혼합식,19930504,027361205,998.0,100004.16,0.0,848.0,150.0,0.0,76611.98,1141011100,15.0,15.0,1.0,22.0,03730
A12086001,홍제태영으뜸,서울특별시 서대문구 홍제동 373 홍제태영으뜸,분양,개별난방,26524.93,1,214.0,태영(주),홍제3동 27통 재건축조합,023956548, ,아파트,서울특별시 서대문구 세검정로3길 63,위탁관리,복도식,19980731,023956549,214.0,17721.258,131.0,47.0,36.0,0.0,12650.8,1141011100,18.0,18.0,3.0,3.0,03623
A12017001,신촌럭키,서울특별시 서대문구 대현동 144 신촌럭키,분양,개별난방,97520.84,10,855.0,럭키건설,럭키건설,023124426, ,아파트,서울특별시 서대문구 이화여대길 50-12,위탁관리,혼합식,19990226,023650358,855.0,86844.3,315.0,465.0,75.0,0.0,66697.2,1141011200,15.0,15.0,0.0,18.0,03764
A10025822,연희파크푸르지오 아파트,서울특별시 서대문구 연희동 747 연희파크푸르지오 아파트,혼합,개별난방,64034.406,5,396.0,(주)대우건설,연희제1주택재건축정비조합,023361185, ,아파트,서울특별시 서대문구 홍제천로 136,위탁관리,계단식,20181221,023361186,396.0,41269.72,136.0,225.0,35.0,0.0,31136.49,1141011700,19.0,19.0,2.0,13.0,03695
A12011002,연희대우,서울특별시 서대문구 연희동 739 연희대우,분양,개별난방,81339.88,7,562.0,대우건설(주),대우건설(주),0231418600, ,아파트,서울특별시 서대문구 연희로 38-20,위탁관리,혼합식,20020730,0231418602,562.0,59497.715,246.0,196.0,120.0,0.0,45032.934,1141011700,22.0,22.0,3.0,12.0,03781
A12071101,연희성원,서울특별시 서대문구 연희동 740 연희성원,분양,개별난방,89550.0,8,581.0,성원건설,연희3동B지구재건축조합,023263500,연희성원.apti.co.kr,아파트,서울특별시 서대문구 연희로32길 48,위탁관리,혼합식,20010531,0231426578,581.0,64387.242,128.0,320.0,95.0,38.0,50980.04,1141011700,22.0,22.0,0.0,17.0,03719
A12071102,연희임광아파트,서울특별시 서대문구 연희동 738 연희임광아파트,분양,개별난방,30573.39,2,212.0,임광토건,임광토건,023321272, ,아파트,서울특별시 서대문구 동교로 291,자치관리,혼합식,19990224,023321242,212.0,20375.92,140.0,36.0,36.0,0.0,15580.72,1141011700,18.0,18.0,3.0,4.0,03716
A12071103,연희대림아파트,서울특별시 서대문구 연희동 700 연희대림아파트,분양,개별난방,27331.0,3,220.0,대림,대림,023257396, ,아파트,서울특별시 서대문구 연희로32길 20,위탁관리,계단식,19930903,0231417397,220.0,27330.8,0.0,140.0,80.0,0.0,21422.8,1141011700,10.0,10.0,0.0,11.0,03719
A12071104,연희자이엘라,서울특별시 서대문구 연희동 745 연희자이엘라,분양,개별난방,5817.0,1,186.0,GS건설,무궁화신탁(서강냉동),023223181, ,아파트,서울특별시 서대문구 연희로5길 14,위탁관리,복도식,20140129,023323182,186.0,4545.246,186.0,0.0,0.0,0.0,2565.952,1141011700,13.0,13.0,1.0,0.0,03716
A10020562,서대문 센트럴아이파크,서울특별시 서대문구 홍은동 11-111 서대문 센트럴아이파크,혼합,개별난방,130702.33,12,827.0,HDC현대산업개발,홍은제13구역주택재개발정비사업조합,023793792, ,아파트,서울특별시 서대문구 홍은중앙로11길 31,위탁관리,혼합식,20250630,023793793,827.0,72515.45,68.0,522.0,237.0,0.0,52800.57,1141011800,15.0,0.0,3.0,0.0,
A10023449,e편한세상 서대문,서울특별시 서대문구 홍은동 104-5 e편한세상 서대문,분양,개별난방,72952.25,6,481.0,DL이앤씨(주),홍은제1주택재건축정비사업조합,023795377, ,아파트,서울특별시 서대문구 통일로 505,위탁관리,계단식,20230912,023795379,481.0,43112.43,321.0,152.0,8.0,0.0,32446.93,1141011800,28.0,28.0,4.0,13.0,03647
A10023482,힐스테이트 홍은포레스트 아파트,서울특별시 서대문구 홍은동 338-5 힐스테이트 홍은포레스트 아파트,혼합,개별난방,89957.0,8,623.0,현대건설(주),홍은동 제2주택 재건축 정비사업조합,023768823, ,아파트,서울특별시 서대문구 가좌로4길 21,위탁관리,계단식,20231229,023768824,623.0,42282.0,294.0,329.0,0.0,0.0,42780.73,1141011800,14.0,14.0,4.0,27.0,03655
A10023562,홍은동일아파트,서울특별시 서대문구 홍은동 457 홍은동일아파트,분양,개별난방,14375.0,1,101.0,홍은동일아파트,홍은동일아파트,0232167911, ,아파트,서울특별시 서대문구 홍은중앙로 81,위탁관리,혼합식,19971008,0232171600,101.0,10648.29,34.0,50.0,17.0,0.0,7683.36,1141011800,20.0,20.0,0.0,1.0,03604
A10024532,북한산두산위브2차,서울특별시 서대문구 홍은동 468 북한산두산위브2차,혼합,개별난방,36987.68,4,296.0,두산건설(주),홍은동 제6주택재건축정비사업조합,023945114, ,아파트,서울특별시 서대문구 홍은중앙로1길 100,위탁관리,복도식,20210913,023955114,296.0,36588.15,296.0,0.0,0.0,0.0,17548.38,1141011800,14.0,14.0,3.0,14.0,03609
A10025166,북한산 두산 위브,서울특별시 서대문구 홍은동 467 북한산 두산 위브,혼합,개별난방,72972.0,11,497.0,두산건설,홍은 제 14구역 주택재개발정비사업조합,023915114, ,아파트,서울특별시 서대문구 홍은중앙로3길 9,위탁관리,혼합식,20200721,023915116,497.0,69952.09,226.0,252.0,19.0,0.0,35464.74,1141011800,21.0,21.0,3.0,15.0,03610
A10026604,북한산 더샵,서울특별시 서대문구 홍은동 464 북한산 더샵,혼합,개별난방,94686.3,8,552.0,포스코건설,홍은12구역주택재개발정비사업조합,023919903,www.bhsthesharp.com,아파트,서울특별시 서대문구 통일로 510,위탁관리,혼합식,20171218,023919905,552.0,54604.062,185.0,291.0,76.0,0.0,42118.33,1141011800,20.0,20.0,3.0,18.0,03615
A12010001,홍은동원베네스트,서울특별시 서대문구 홍은동 463 홍은동원베네스트,혼합,개별난방,30346.602,5,195.0,동원건설,홍은동제3주택 재건축정비사업조합,023790942, ,아파트,서울특별시 서대문구 홍은중앙로1길 65,위탁관리,기타,20120919,023790943,195.0,21458.154,42.0,118.0,35.0,0.0,16236.102,1141011800,13.0,13.0,2.0,10.0,03613
A12010101,홍은풍림1차,서울특별시 서대문구 홍은동 440-3 홍은풍림1차,분양,개별난방,16197.56,1,181.0,.,.,0232168057,a76639@daum.net,아파트,서울특별시 서대문구 통일로48가길 37,자치관리,복도식,19880209,0232168058,193.0,15910.4,109.0,72.0,0.0,0.0,10816.65,1141011800,12.0,12.0,0.0,2.0,03615
A12010103,홍은풍림2차,서울특별시 서대문구 홍은동 453-2 홍은풍림2차,분양,개별난방+기타,39447.02,3,390.0,풍림산업,풍림산업,0232179549, ,아파트,서울특별시 서대문구 세검정로1길 35,위탁관리,혼합식,19901219,0232164465,390.0,36141.97,203.0,157.0,30.0,0.0,27166.95,1141011800,15.0,15.0,2.0,6.0,03615
A12010104,홍은벽산,서울특별시 서대문구 홍은동 455 홍은벽산,혼합,개별난방,165653.0,17,1509.0,벽산건설(주),홍은제5-3구역 주택개량 재개발  조합,023799798,www.hbsapt.co.kr,아파트,서울특별시 서대문구 세검정로1길 95,위탁관리,혼합식,19970930,023969797,1509.0,165104.11,345.0,624.0,270.0,270.0,137695.92,1141011800,15.0,15.0,3.0,43.0,03612
A12010202,홍은풍림아이원,서울특별시 서대문구 홍은동 460 홍은풍림아이원,분양,개별난방,56668.176,7,333.0,풍림산업(주),건양RND,023799765, ,아파트,서울특별시 서대문구 홍은중앙로 149,위탁관리,계단식,20021122,023799766,333.0,44774.71,0.0,191.0,142.0,0.0,33620.148,1141011800,20.0,20.0,5.0,10.0,03600
A12010203,홍은극동,서울특별시 서대문구 홍은동 454 홍은극동,분양,개별난방,60124.88,6,488.0,극동건설,공익건설(주)외 9개 조합,023911919, ,아파트,서울특별시 서대문구 포방터10길 33,위탁관리,계단식,19951102,023951919,488.0,52867.87,0.0,473.0,0.0,15.0,42398.86,1141011800,18.0,18.0,0.0,17.0,03601
A12071001,홍은두산,서울특별시 서대문구 홍은동 456 홍은두산,분양,개별난방,33403.81,3,294.0,두산건설(주),신성주택(주),023951472, ,아파트,서울특별시 서대문구 모래내로 309,위탁관리,계단식,19971013,023951473,294.0,28118.94,90.0,204.0,0.0,0.0,22682.91,1141011800,15.0,15.0,0.0,11.0,03657
A12071002,홍은동부센트레빌,서울특별시 서대문구 홍은동 461 홍은동부센트레빌,분양,개별난방,37008.47,4,201.0,홍은 제10구역 주택재개발 정비사업조함,동부건설(주),023919888, ,아파트,서울특별시 서대문구 통일로 553,위탁관리,계단식,20090831,023919887,201.0,23024.795,54.0,98.0,49.0,0.0,17178.83,1141011800,20.0,20.0,4.0,8.0,03647
A12071003,홍은동미성아파트,서울특별시 서대문구 홍은동 186-1 홍은동미성아파트,분양,개별난방,36310.86,4,300.0,라이프주택,라이프주택,0232175385, ,아파트,서울특별시 서대문구 연희로41길 102,위탁관리,혼합식,19850320,0232175387,300.0,35649.562,0.0,204.0,96.0,0.0,28423.68,1141011800,12.0,12.0,0.0,11.0,03648
A12071004,진흥,서울특별시 서대문구 홍은동 459 진흥,분양,개별난방,11863.22,1,90.0,진흥,산업은행.홍은2주택조합,023967434,hejhapt.co.kr,아파트,서울특별시 서대문구 모래내로 319,자치관리,계단식,20180801,023967435,90.0,11863.22,15.0,61.0,14.0,0.0,7117.67,1141011800,15.0,15.0,2.0,0.0,
A12084302,유원홍은,서울특별시 서대문구 홍은동 22 유원홍은,분양,개별난방,27283.0,4,299.0,유원건설,유원건설,023791913, ,아파트,서울특별시 서대문구 홍은중앙로1길 33,위탁관리,혼합식,19871026,0232172210,299.0,26619.71,91.0,208.0,0.0,0.0,19915.74,1141011800,13.0,13.0,0.0,6.0,03613
A12084504,홍은현대,서울특별시 서대문구 홍은동 202-5 홍은현대,분양,개별난방,57861.426,6,610.0,현대산업개발(주),외환은행직장주택조합외 13개조합,0232161278, ,아파트,서울특별시 서대문구 연희로 377,위탁관리,계단식,19880729,0232177912,610.0,57861.426,166.0,444.0,0.0,0.0,45783.95,1141011800,15.0,15.0,1.0,21.0,03648
A10024428,북가좌 신일해피트리아파트,서울특별시 서대문구 북가좌동 455 북가좌 신일해피트리아파트,분양,개별난방,16005.0,2,111.0,(주)신일건설,(주)신일,023753381, ,아파트,서울특별시 서대문구 수색로 147-1,자치관리,계단식,20051031,023763386,111.0,11617.38,15.0,96.0,0.0,0.0,9046.53,1141011900,13.0,13.0,3.0,5.0,03715
A12013001,DMC휴먼빌,서울특별시 서대문구 북가좌동 456 DMC휴먼빌,분양,개별난방,30955.07,4,197.0,일신건영, ,023030232, ,아파트,서울특별시 서대문구 거북골로18가길 23,위탁관리,계단식,20081223,023030227,197.0,21656.197,0.0,149.0,48.0,0.0,18163.95,1141011900,15.0,15.0,0.0,7.0,03691
A12013002,DMC아이파크,서울특별시 서대문구 북가좌동 458 DMC아이파크,혼합,지역난방,57803.03,5,362.0,현대산업개발,현대산업개발,023090133, ,주상복합,서울특별시 서대문구 거북골로14길 32,위탁관리,계단식,20090331,023762810,362.0,34712.7,151.0,140.0,71.0,0.0,26666.85,1141011900,15.0,15.0,2.0,13.0,03690
A12013003,DMC래미안e편한세상,서울특별시 서대문구 북가좌동 481 DMC래미안e편한세상,혼합,지역난방,575494.0,51,3293.0,"삼성물산, 대림산업",가재울뉴타운제3구역재재발조합,023023105,dmcre.co.kr,주상복합,서울특별시 서대문구 수색로 100,위탁관리,혼합식,20121005,023023107,3297.0,362548.12,986.0,1657.0,504.0,146.0,271661.76,1141011900,35.0,35.0,0.0,0.0,03709
A12013101,디엠씨현대,서울특별시 서대문구 북가좌동 453 디엠씨현대,분양,개별난방,24672.48,3,213.0,현대건설(주),북가좌 제 2주택조합,023038589, ,아파트,서울특별시 서대문구 응암로 33,자치관리,혼합식,20000929,023028589,213.0,16130.24,56.0,157.0,0.0,0.0,16130.24,1141011900,15.0,15.0,2.0,7.0,03714
A12013201,DMC두산위브,서울특별시 서대문구 북가좌동 459 DMC두산위브,분양,개별난방,34378.71,4,235.0,두산중공업,포레빌,023767676, ,아파트,서울특별시 서대문구 증가로 200-8,위탁관리,계단식,20070226,023767677,235.0,25364.5,0.0,235.0,0.0,0.0,19968.255,1141011900,15.0,15.0,2.0,6.0,03670
A12013202,북가좌삼호,서울특별시 서대문구 북가좌동 449 북가좌삼호,분양,지역난방,81997.0,4,616.0,삼호건설,삼호건설,023727080,북가좌삼호.apti.co.kr,아파트,서울특별시 서대문구 거북골로 154,위탁관리,계단식,19960216,023757080,616.0,70627.38,0.0,420.0,196.0,0.0,56969.64,1141011900,18.0,18.0,0.0,1.0,03690
A12076601,북가좌삼호제2,서울특별시 서대문구 북가좌동 449-1 북가좌삼호제2,임대,개별난방,14253.15,1,267.0,대림건설,Sh공사,023023751,www.i-sh.co.kr/happy/intro.do,아파트,서울특별시 서대문구 거북골로 154,위탁관리,복도식,19960216,023023752,267.0,14252.46,267.0,0.0,0.0,0.0,8410.5,1141011900,18.0,18.0,1.0,3.0,03690
A12081602,월드컵현대,서울특별시 서대문구 북가좌동 371-1 월드컵현대,분양,개별난방,38156.6,2,254.0,현대건설,명성문화연립,023730602, ,아파트,서울특별시 서대문구 수색로 154,위탁관리,혼합식,19981121,023730602,254.0,27788.81,103.0,90.0,61.0,0.0,20574.31,1141011900,18.0,18.0,2.0,7.0,03714
A12081703,디엠씨한양,서울특별시 서대문구 북가좌동 431 디엠씨한양,분양,지역난방,79165.0,6,660.0,한양건설,한양,023062018, ,아파트,서울특별시 서대문구 응암로 28,위탁관리,혼합식,19870804,023065847,660.0,75623.15,1.0,427.0,232.0,0.0,58508.8,1141011900,15.0,15.0,0.0,15.0,03790
A10020267,DMC 가재울 아이파크,서울특별시 서대문구 남가좌동 289-54 DMC 가재울 아이파크,혼합,지역난방,26585.285,3,283.0,HDC현대산업개발,가재울8재정비촉진구역 재개발정비사업조합,023049002, ,주상복합,서울특별시 서대문구 수색로4나길 11,위탁관리,계단식,20251126,023049003,283.0,26585.285,0.0,166.0,117.0,0.0,26585.285,1141012000,27.0,0.0,3.0,0.0,
A10023709,DMC금호리첸시아,서울특별시 서대문구 남가좌동 286-1 DMC금호리첸시아,분양,지역난방,72268.03,5,450.0,금호건설,모래내 서중양대시장 정비사업,023099745, ,주상복합,서울특별시 서대문구 수색로2길 39,위탁관리,계단식,20240125,023099746,450.0,47029.9,160.0,290.0,0.0,0.0,32941.15,1141012000,29.0,29.0,4.0,10.0,03712
A10024938,래미안루센티아 아파트,서울특별시 서대문구 남가좌동 175 래미안루센티아 아파트,혼합,지역난방,158125.5,11,997.0,삼성물산(주),가재울뉴타운5구역 주택재개발 정비사업조합,0231510669,lucentia.aptner.com,아파트,서울특별시 서대문구 거북골로 100,위탁관리,혼합식,20200423,0231510670,997.0,98083.29,391.0,582.0,24.0,0.0,72643.03,1141012000,25.0,25.0,3.0,31.0,03689
A10025130,DMC에코자이,서울특별시 서대문구 남가좌동 224 DMC에코자이,혼합,지역난방,163482.75,11,1047.0,GS건설,가재울뉴타운6구역주택재개발정비사업조합,0269594997,v2admin.aptmer.com,아파트,서울특별시 서대문구 거북골로 84,위탁관리,혼합식,20191227,0269594998,1047.0,96045.9,554.0,483.0,10.0,0.0,70342.06,1141012000,24.0,24.0,5.0,35.0,03687
A10025976,DMC센트럴아이파크,서울특별시 서대문구 남가좌동 369-10 DMC센트럴아이파크,혼합,개별난방,111933.59,13,1061.0,HDC현대산업개발,남가좌1주택재건축정비사업 조합,023032296,https://DMC센트럴아이파크.apti.co.kr,아파트,서울특별시 서대문구 증가로 150,위탁관리,복도식,20181231,023032297,1061.0,111846.57,239.0,693.0,129.0,0.0,87034.07,1141012000,22.0,22.0,3.0,34.0,03670
A10027019,상암DMC엘가,서울특별시 서대문구 남가좌동 387 상암DMC엘가,분양,개별난방,13557.98,1,288.0,모아주택산업(주),스카이원레져,0260108781, ,주상복합,서울특별시 서대문구 모래내로 151,위탁관리,복도식,20170208,0260108782,288.0,12611.59,288.0,0.0,0.0,0.0,5862.19,1141012000,15.0,15.0,2.0,2.0,03712
A10027817,DMC파크뷰자이아파트,서울특별시 서대문구 남가좌동 124-1 DMC파크뷰자이아파트,혼합,지역난방,712875.0,61,4300.0,"현대산업개발, SK건설, GS건설",가재울4구역 재건축조합,029318360, ,아파트,서울특별시 서대문구 가재울미래로 2,위탁관리,혼합식,20151026,029318356,4300.0,340973.0,1231.0,2522.0,423.0,124.0,344842.81,1141012000,33.0,33.0,3.0,112.0,03711
A12012001,쌍용스윗닷홈,서울특별시 서대문구 남가좌동 380 쌍용스윗닷홈,분양,개별난방,15107.09,1,110.0,쌍용건설,쌍용건설,023032530, ,아파트,서울특별시 서대문구 거북골로 91-6,위탁관리,계단식,20051209,023032531,110.0,12686.2,0.0,90.0,20.0,0.0,10212.4,1141012000,20.0,20.0,1.0,3.0,03710
A12012101,래미안남가좌2차,서울특별시 서대문구 남가좌동 379 래미안남가좌2차,분양,개별난방,80843.0,10,503.0,삼성건설,삼성건설,023763732, ,아파트,서울특별시 서대문구 수색로6길 43,위탁관리,계단식,20051026,023763736,503.0,51203.297,214.0,208.0,81.0,0.0,39732.513,1141012000,15.0,15.0,2.0,19.0,03791
A12012201,DMC래미안클라시스,서울특별시 서대문구 남가좌동 377-1 DMC래미안클라시스,임대,개별난방,22912.71,2,358.0,(주)삼성물산,(주)삼성물산,023095742, ,아파트,서울특별시 서대문구 증가로 191,위탁관리,계단식,20001215,023095743,358.0,10940.48,358.0,0.0,0.0,0.0,10940.48,1141012000,17.0,17.0,2.0,4.0,03686
A12012202,DMC래미안클라시스(분양),서울특별시 서대문구 남가좌동 377 DMC래미안클라시스(분양),분양,개별난방,158327.0,14,1114.0,삼성물산(주),남가좌 7재개발조합,023762743,dmcclassis.aptner.com,아파트,서울특별시 서대문구 증가로 191,위탁관리,혼합식,20001215,023762745,1114.0,120693.19,425.0,424.0,265.0,0.0,91868.31,1141012000,20.0,20.0,1.0,36.0,03686
A12012203,남가좌동현대아파트,서울특별시 서대문구 남가좌동 376 남가좌동현대아파트,분양,개별난방,122576.63,10,1155.0,현대산업개발(주),조합,023024697,www.apt376.net,아파트,서울특별시 서대문구 가재울로 45,위탁관리,혼합식,19990527,023024693,1155.0,122576.53,532.0,327.0,296.0,0.0,92778.04,1141012000,20.0,20.0,1.0,25.0,03710
A12072801,DMC센트레빌,서울특별시 서대문구 남가좌동 381 DMC센트레빌,혼합,지역난방,76631.0,7,473.0,동부건설,주택조합,023041489,가재울센트레빌.apti.co.kr,아파트,서울특별시 서대문구 거북골로 120,위탁관리,계단식,20090602,023091489,473.0,46536.414,205.0,175.0,93.0,0.0,35124.81,1141012000,15.0,15.0,2.0,21.0,03690
A12072802,남가좌현대제2,서울특별시 서대문구 남가좌동 376-2 남가좌현대제2,임대,개별난방,22115.27,1,330.0,현대사업개발,현대사업개발,023073217,happy.i-sh.co.kr,아파트,서울특별시 서대문구 가재울로 45,위탁관리,복도식,19990527,023073218,330.0,18087.3,330.0,0.0,0.0,0.0,10810.8,1141012000,18.0,18.0,2.0,4.0,03710
A10022480,마포트라팰리스2,서울특별시 마포구 아현동 738- 마포트라팰리스2,분양,개별난방,25895.0,2,120.0,삼성물산,삼성물산,023930132, ,,서울특별시 마포구 마포대로 201,위탁관리,기타,20080718,023930134,120.0,25800.0,0.0,4.0,116.0,0.0,12101.88,1144010100,22.0,22.0,4.0,0.0,
A10022941,마포푸르지오더센트럴,서울특별시 마포구 아현동 275-2 마포푸르지오더센트럴,혼합,개별난방,27327.0,2,239.0,대우건설,(주)테라윈미래아현PFV,023629664, ,주상복합,서울특별시 마포구 마포대로 231,위탁관리,혼합식,20231031,023629665,239.0,13102.72,239.0,0.0,0.0,0.0,9394.69,1144010100,18.0,18.0,6.0,6.0,04117
A10023508,마포더클래시,서울특별시 마포구 아현동 804 마포더클래시,혼합,개별난방,209770.23,17,1419.0,"HDC현대산업개발(주), SK에코플랜트",아현2구역주택재건축정비사업조합,023136661,theclassy1419@naver.com,아파트,서울특별시 마포구 신촌로28길 50,위탁관리,혼합식,20221129,023136662,1419.0,123193.18,1027.0,392.0,0.0,0.0,90160.42,1144010100,25.0,25.0,4.0,42.0,04113
A10027090,마포센트럴아이파크,서울특별시 마포구 아현동 802 마포센트럴아이파크,혼합,개별난방,78227.03,6,497.0,현대산업개발,아현1-3구역 재개발정비사업조합,023920226,ahyeonipark.com/,아파트,서울특별시 마포구 마포대로 246,위탁관리,계단식,20171116,023920228,497.0,51206.0,206.0,205.0,86.0,0.0,38231.36,1144010100,29.0,29.0,4.0,0.0,04201
A10027906,공덕자이 아파트,서울특별시 마포구 아현동 800 공덕자이 아파트,분양,중앙난방,167621.81,16,963.0,GS건설,아현제4구역 주택 재개발 정비사업조합,023137870,gongdeokxi.apti.co.kr,아파트,서울특별시 마포구 마포대로24길 16,위탁관리,계단식,20150424,023133870,963.0,107990.52,285.0,477.0,201.0,0.0,80750.37,1144010100,21.0,21.0,4.0,36.0,04202
A10027951,공덕자이(임대),서울특별시 마포구 아현동 799 공덕자이(임대),임대,개별난방,19769.24,2,201.0,GS자이 건설,아현재4구역주택재개발정비사업조합,023628400, ,아파트,서울특별시 마포구 마포대로26길 22,위탁관리,복도식,20150424,023629400,201.0,19766.34,201.0,0.0,0.0,0.0,7316.4,1144010100,10.0,10.0,3.0,4.0,04202
A12101001,서서울삼성아파트,서울특별시 마포구 아현동 692 서서울삼성아파트,분양,개별난방,23813.19,2,208.0,삼성중공업(주),재건축조합,023631644, ,아파트,서울특별시 마포구 마포대로 262,위탁관리,혼합식,19981008,023649829,208.0,19778.684,84.0,124.0,0.0,0.0,14635.64,1144010100,22.0,22.0,2.0,4.0,04201
A12175202,마포트라팰리스2차,서울특별시 마포구 아현동 738 마포트라팰리스2차,분양,개별난방,25895.0,1,120.0,삼성물산(주),마포3-2지구 도시환경정비조합,023930312, ,주상복합,서울특별시 마포구 마포대로 201,위탁관리,계단식,20080718,023930314,122.0,16730.67,0.0,4.0,116.0,0.0,12101.88,1144010100,22.0,22.0,4.0,4.0,04130
A12175203,마포래미안푸르지오,서울특별시 마포구 아현동 767 마포래미안푸르지오,혼합,개별난방,588070.06,51,3885.0,"삼성물산,대우건설",아현제3구역주택재개발정비사업조합,023629804, ,아파트,서울특별시 마포구 마포대로 195,위탁관리,혼합식,20140926,023629852,3885.0,380436.56,1902.0,1458.0,499.0,26.0,286155.61,1144010100,30.0,30.0,4.0,118.0,04129
A10023118,공덕동 크로시티 행복주택,서울특별시 마포구 공덕동 370-4 공덕동 크로시티 행복주택,임대,개별난방,23018.06,2,350.0,대우조선해양,서울시,0232752305, ,아파트,서울특별시 마포구 백범로31길 19,위탁관리,복도식,20230710,0232752307,350.0,12473.7,350.0,0.0,0.0,0.0,7150.24,1144010200,20.0,20.0,2.0,4.0,04147
A10024408,공덕SK리더스뷰 1단지,서울특별시 마포구 공덕동 479 공덕SK리더스뷰 1단지,혼합,개별난방,53469.09,3,306.0,sk건설,마포로6 도시환경정비조합,027113850, ,주상복합,서울특별시 마포구 백범로31길 7,위탁관리,계단식,20211118,027113851,307.0,36122.54,0.0,228.0,78.0,0.0,27454.7,1144010200,28.0,28.0,4.0,9.0,04147
A10024626,공덕SK리더스뷰 2단지,서울특별시 마포구 공덕동 480 공덕SK리더스뷰 2단지,혼합,개별난방,34709.77,2,166.0,SK건설,마포로6 도시환경정비사업조합,027183850, ,주상복합,서울특별시 마포구 백범로31길 8,위탁관리,복도식,20211118,027183851,166.0,12886.57,130.0,27.0,9.0,0.0,8731.47,1144010200,29.0,29.0,5.0,0.0,04147
A10027748,공덕파크자이 아파트,서울특별시 마포구 공덕동 476 공덕파크자이 아파트,분양,개별난방,58168.0,4,288.0,GS건설(주),마포로1구역 제55지구 도시환경정비사업조합,027010855,없음,주상복합,서울특별시 마포구 백범로 152,위탁관리,계단식,20150828,027010857,288.0,34386.758,8.0,238.0,40.0,2.0,25694.2956,1144010200,23.0,23.0,3.0,8.0,04148
A12102002,공덕한화꿈에그린,서울특별시 마포구 공덕동 460 공덕한화꿈에그린,분양,개별난방,31837.56,4,192.0,한화건설,한화건설,027147633, ,아파트,서울특별시 마포구 마포대로10길 22,위탁관리,계단식,20040830,027147634,192.0,21708.0,0.0,166.0,26.0,0.0,17055.253,1144010200,15.0,15.0,2.0,8.0,04210
A12102005,마포현대아파트,서울특별시 마포구 공덕동 188-108 마포현대아파트,분양,개별난방,45084.2,5,480.0,현대건설,한국통신공사노조주택조합,027187788, ,아파트,서울특별시 마포구 마포대로11길 84,위탁관리,혼합식,19880509,027043917,480.0,44866.8,183.0,297.0,0.0,0.0,35008.64,1144010200,16.0,16.0,0.0,12.0,04133
A12102008,삼성래미안공덕2차,서울특별시 마포구 공덕동 43 삼성래미안공덕2차,분양,개별난방,106787.69,9,683.0,공덕2지구재개발주택조합,삼성물산,027194924, ,아파트,서울특별시 마포구 마포대로20길 26,위탁관리,계단식,20040629,0263544924,683.0,75762.27,160.0,372.0,151.0,0.0,58538.25,1144010200,20.0,20.0,2.0,18.0,04204
A12170601,삼성래미안공덕4차,서울특별시 마포구 공덕동 464 삼성래미안공덕4차,분양,개별난방,85211.58,12,597.0,삼성물산(주) 건설부분,공덕제3구역 주택재개발조합,027175041,www.uasis.com/main/main.co,아파트,서울특별시 마포구 마포대로11길 50,위탁관리,계단식,20051117,027175042,597.0,60293.01,315.0,174.0,108.0,0.0,45556.26,1144010200,20.0,20.0,2.0,20.0,04132
A12170602,공덕2삼성임대,서울특별시 마포구 공덕동 43 공덕2삼성임대,임대,개별난방,14245.52,1,199.0,삼성물산,에스에이치공사,027196430,www.i-sh.co.kr,아파트,서울특별시 마포구 마포대로20길 26,위탁관리,복도식,20040629,027196431,199.0,9867.773,199.0,0.0,0.0,0.0,6712.27,1144010200,16.0,16.0,2.0,2.0,04204
A12170603,공덕래미안5차,서울특별시 마포구 공덕동 469 공덕래미안5차,혼합,개별난방,115939.0,9,794.0,삼성물산(주),공덕제5구역주택재개발정비사업소조합,027019116, ,아파트,서울특별시 마포구 마포대로 167,위탁관리,혼합식,20110825,027060035,794.0,73996.27,449.0,283.0,62.0,0.0,55281.072,1144010200,17.0,17.0,0.0,23.0,04131
A12180401,공덕현대,서울특별시 마포구 공덕동 370-9 공덕현대,분양,개별난방,18353.39,2,183.0,(주)현대산업개발,대신증권주택조합,027178181, ,아파트,서울특별시 마포구 마포대로11길 73,위탁관리,혼합식,19890807,027178182,183.0,14229.91,26.0,157.0,0.0,0.0,14232.83,1144010200,15.0,15.0,0.0,6.0,04141
A12180404,공덕삼성임대,서울특별시 마포구 공덕동 371-1 공덕삼성임대,임대,개별난방,13392.45,1,226.0,삼성건설,삼성건설,0232752597,happy.i-sh.co.kr/main.do?deptid=70142,아파트,서울특별시 마포구 마포대로 115-8,자치관리,복도식,19991016,0232752598,226.0,13388.24,226.0,0.0,0.0,0.0,7406.02,1144010200,20.0,20.0,2.0,3.0,04145
A12180407,공덕삼성,서울특별시 마포구 공덕동 371 공덕삼성,분양,개별난방,89511.64,5,651.0,삼성물산,공덕제1구역주택재개발조합,0232720290, ,아파트,서울특별시 마포구 마포대로 115-8,자치관리,혼합식,19991016,0263868679,651.0,71155.48,230.0,287.0,134.0,0.0,53511.9,1144010200,25.0,25.0,2.0,0.0,04145
A12180506,공덕삼성래미안3차,서울특별시 마포구 공덕동 457 공덕삼성래미안3차,분양,개별난방,91330.0,10,616.0,삼성물산,삼성물산,027048270, ,아파트,서울특별시 마포구 마포대로7길 22,위탁관리,계단식,20040830,027048076,616.0,48679.87,281.0,223.0,112.0,0.0,48679.87,1144010200,20.0,20.0,2.0,15.0,04142
A10024334,마포KCC웰츠타워,서울특별시 마포구 신공덕동 171 마포KCC웰츠타워,분양,개별난방,37138.42,2,122.0,KCC건설,KCC건설,027011588, ,주상복합,서울특별시 마포구 백범로 202,위탁관리,기타,20110526,027011587,122.0,26407.48,0.0,0.0,122.0,0.0,13900,1144010300,31.0,31.0,5.0,0.0,04196
A10027504,월드마크마포아파트,서울특별시 마포구 신공덕동 173 월드마크마포아파트,분양,개별난방,31178.73,2,132.0,대우건설(주),국제신탁(주),027072790, ,아파트,서울특별시 마포구 백범로 212,위탁관리,기타,20111230,027072792,132.0,20065.16,0.0,0.0,78.0,54.0,16257.94,1144010300,20.0,20.0,7.0,2.0,04196
A12103002,신공덕3차삼성래미안,서울특별시 마포구 신공덕동 161 신공덕3차삼성래미안,분양,개별난방,47646.49,6,366.0,삼성물산(주),삼성물산(주),027015478, ,아파트,서울특별시 마포구 만리재로 60,위탁관리,계단식,20030520,0264595478,366.0,36786.12,168.0,126.0,72.0,0.0,29006.94,1144010300,22.0,22.0,3.0,10.0,04188
A12103006,대우메트로디오빌,서울특별시 마포구 신공덕동 167 대우메트로디오빌,분양,개별난방+기타,18206.84,1,242.0,대우건설,마포 1-47 지구 재개발조합,0232768200, ,주상복합,서울특별시 마포구 백범로 199,위탁관리,복도식,20051201,0232768205,242.0,18206.84,228.0,14.0,0.0,0.0,8696.92,1144010300,30.0,30.0,8.0,2.0,04195
A12179001,브라운스톤공덕,서울특별시 마포구 신공덕동 170 브라운스톤공덕,분양,개별난방,40490.09,3,290.0,이수건설(주),신공덕제5구역주택재개발조합,027011218,brownkd.apti.co.kr,아파트,서울특별시 마포구 백범로 230,위탁관리,계단식,20090219,027120384,290.0,28561.977,146.0,96.0,48.0,0.0,22409.54,1144010300,25.0,25.0,2.0,6.0,04197
A12179002,신공덕삼성임대,서울특별시 마포구 신공덕동 157 신공덕삼성임대,임대,개별난방,27228.16,2,376.0,삼성,에스에이치공사,027038120,www.i-sh.co.kr,주상복합,서울특별시 마포구 백범로37길 6,위탁관리,복도식,20000814,027038121,376.0,18644.637,376.0,0.0,0.0,0.0,12321.52,1144010300,19.0,19.0,4.0,4.0,04193
A12179003,신공덕2삼성래미안제2,서울특별시 마포구 신공덕동 159 신공덕2삼성래미안제2,임대,,9301.93,1,103.0,삼성물산주식회사,삼성물산주식회사,027189748,http://happy.i-sh.co.kr/aptCommunity/siteMap.do?mCode=Z010000&deptid=70165,아파트,서울특별시 마포구 만리재로 74,자치관리(직영),복도식,20001028,027011505,103.0,4426.446,103.0,0.0,0.0,0.0,3418.57,1144010300,11.0,11.0,4.0,1.0,04187
A12179004,마포펜트라우스,서울특별시 마포구 신공덕동 172 마포펜트라우스,분양,개별난방,117848.0,4,476.0,태영,LH,027118366,www.펜트라우스.com,아파트,서울특별시 마포구 백범로 205,위탁관리,계단식,20110518,027118368,628.0,101922.35,0.0,112.0,284.0,80.0,53130.42,1144010300,21.0,21.0,0.0,17.0,04194
A12179005,공덕아이파크,서울특별시 마포구 신공덕동 174 공덕아이파크,분양,개별난방,37640.0,4,195.0,현대산업개발,신공덕제6구역정비조합,027017833, ,아파트,서울특별시 마포구 만리재로 36,위탁관리,계단식,20130326,027017832,195.0,20854.0,51.0,118.0,26.0,0.0,16073.48,1144010300,18.0,18.0,4.0,9.0,04189
A12179006,신공덕e-편한세상,서울특별시 마포구 신공덕동 168 신공덕e-편한세상,분양,개별난방,17043.0,3,128.0,(주)삼호,마포신공덕4구역주택재개발조합,027012933, ,아파트,서울특별시 마포구 백범로 239,위탁관리,혼합식,20071018,027012934,128.0,12976.414,56.0,47.0,25.0,0.0,10193.26,1144010300,13.0,13.0,2.0,0.0,
A12185303,신공덕1차삼성래미안아파트,서울특별시 마포구 신공덕동 155 신공덕1차삼성래미안아파트,분양,중앙난방,94416.52,11,834.0,삼성물산(주)주택개발부문,삼성물산(주)주택개발부문,027131449, ,아파트,서울특별시 마포구 백범로37길 12,위탁관리,복도식,20000814,027147244,834.0,92634.71,240.0,352.0,242.0,0.0,71996.7,1144010300,23.0,23.0,0.0,24.0,04193
A12185304,신공덕2차삼성래미안,서울특별시 마포구 신공덕동 159 신공덕2차삼성래미안,분양,개별난방,68266.87,7,458.0,삼성건설,삼성물산(주)주택부분,0232740513, ,아파트,서울특별시 마포구 만리재로 74,위탁관리,혼합식,20001028,0232740514,458.0,47779.4,186.0,162.0,110.0,0.0,37384.54,1144010300,22.0,22.0,2.0,9.0,04187
A12104001,도화현대,서울특별시 마포구 도화동 547 도화현대,분양,개별난방,24728.78,2,196.0,현대건설,소양재건축조합,027192449, ,아파트,서울특별시 마포구 새창로6다길 22,위탁관리,혼합식,19980924,027192446,196.0,19730.242,98.0,52.0,46.0,0.0,15449.06,1144010400,17.0,17.0,2.0,4.0,04182
A12104005,마포삼성,서울특별시 마포구 도화동 550 마포삼성,분양,중앙난방,134786.92,14,982.0,삼성건설,삼성건설,027170791, ,아파트,서울특별시 마포구 도화길 28,위탁관리,계단식,19970516,027170792,982.0,118232.92,0.0,680.0,64.0,238.0,94118.16,1144010400,17.0,17.0,0.0,29.0,04170
A12104007,마포도화우성아파트,서울특별시 마포구 도화동 82 마포도화우성아파트,분양,중앙난방,168743.0,15,1222.0,우성건설,도화3지구재개발지구,027014623,마포도화우성.apti.co.kr,아파트,서울특별시 마포구 삼개로 38,자치관리,혼합식,19910320,027014725,1222.0,159879.06,68.0,604.0,270.0,280.0,121932.54,1144010400,15.0,15.0,0.0,33.0,04179
A12170401,마포동원베네스트,서울특별시 마포구 도화동 564 마포동원베네스트,분양,개별난방,18939.0,3,167.0,동원산업건설,동원,027131123, ,아파트,서울특별시 마포구 도화4길 41,위탁관리,계단식,20100429,027131006,167.0,10379.42,143.0,24.0,0.0,0.0,10379.42,1144010400,12.0,12.0,0.0,7.0,04181
A12170402,마포한화오벨리스크,서울특별시 마포구 도화동 555 마포한화오벨리스크,분양,개별난방,69005.28,1,662.0,한화,군인공제회,027179352, ,주상복합,서울특별시 마포구 마포대로 33,위탁관리,복도식,20041008,027179353,662.0,68993.1,404.0,252.0,6.0,0.0,37932.76,1144010400,37.0,37.0,6.0,4.0,04167
A12181403,도화현대2차아파트(임대),서울특별시 마포구 도화동 353-1 도화현대2차아파트(임대),임대,개별난방,36593.2,2,793.0,현대건설(주),현대건설(주),0232751972,happy.i-sh.co.kr/main.do?deptid=70129,아파트,서울특별시 마포구 새창로8길 72,위탁관리,복도식,20000311,027011973,793.0,36581.09,793.0,0.0,0.0,0.0,21981.96,1144010400,20.0,20.0,0.0,6.0,04180
A12181404,도화현대홈타운,서울특별시 마포구 도화동 353 도화현대홈타운,분양,중앙난방,106362.98,10,914.0,현대건설(주),도화제2지구 재개발조합,0232720501,마포도화현대홈타운201-210동.apti.co.kr,아파트,서울특별시 마포구 새창로8길 72,위탁관리,계단식,20000311,0232720502,914.0,84637.9,80.0,514.0,320.0,0.0,84637.9,1144010400,20.0,20.0,1.0,23.0,04180
A12181406,도화현대1차아파트,서울특별시 마포구 도화동 357 도화현대1차아파트,분양,중앙난방,133779.94,11,1021.0,현대건설(주),도화1지구 재개발조합,027027559,www.dh1.kr,아파트,서울특별시 마포구 새창로 52,위탁관리,혼합식,19960925,027063488,1021.0,133779.94,129.0,402.0,430.0,60.0,98909.47,1144010400,16.0,16.0,0.0,23.0,04182
A10021282,마포대림2차e-편한세상아파트 ,서울특별시 마포구 용강동 501- 마포대림2차e-편한세상아파트 ,분양,지역난방,20321.0,1,141.0,대림건설,대요아파트재건축조함,027023153, ,아파트,서울특별시 마포구 토정로32길 6,위탁관리,계단식,20040608,027023152,141.0,12400.08,31.0,74.0,36.0,0.0,12400.08,1144010500,20.0,20.0,1.0,3.0,
A10022303,마포대림1차,서울특별시 마포구 용강동 500- 마포대림1차,분양,지역난방,20295.0,3,123.0,대림산업,대림산업,027025691, ,,서울특별시 마포구 마포대로1길 21,위탁관리,계단식,20021025, ,123.0,20295.0,0.0,0.0,123.0,0.0,16192.14,1144010500,22.0,22.0,1.0,0.0,
A10028006,e편한세상마포리버파크,서울특별시 마포구 용강동 508 e편한세상마포리버파크,혼합,지역난방,80034.38,9,547.0,대림산업(주),용강제3구역주택재개발조합,027061120,마포리버파크.apti.co.kr,아파트,서울특별시 마포구 토정로31길 24,위탁관리,혼합식,20161013,027061121,547.0,53506.84,267.0,245.0,35.0,0.0,39754.91,1144010500,21.0,21.0,2.0,0.0,04166
A12187501,래미안마포리버웰,서울특별시 마포구 용강동 502 래미안마포리버웰,혼합,지역난방,90428.68,9,563.0,삼성물산,용강2구역 재개발조합,027046112,raemianmaporiverwell.com,아파트,서울특별시 마포구 토정로31길 23,위탁관리,계단식,20150227,027046113,563.0,90428.68,138.0,344.0,81.0,0.0,44905.51,1144010500,23.0,23.0,3.0,16.0,04161
A12187602,래미안용강아파트,서울특별시 마포구 용강동 380 래미안용강아파트,분양,개별난방,64231.78,9,430.0,삼성물산 건설부문,용강1지구 재건축조합,0263943366,www.uasis.com,아파트,서울특별시 마포구 큰우물로 28,위탁관리,계단식,20030321,0263943365,430.0,34722.96,174.0,174.0,82.0,0.0,34722.96,1144010500,18.0,18.0,2.0,13.0,04160
A12106001,토정한강삼성,서울특별시 마포구 토정동 138 토정한강삼성,분양,지역난방,52327.195,3,456.0,삼성물산(주)건설부분,국민연금관리공단제3직장조합외 9개조합,027119034, ,아파트,서울특별시 마포구 토정로32길 11,위탁관리,계단식,19971031,027199974,456.0,49938.59,237.0,219.0,0.0,0.0,32767.32,1144010600,28.0,28.0,2.0,10.0,04164
A10025672,마포 보성 아파트,서울특별시 마포구 마포동 442 마포 보성 아파트,분양,개별난방,30549.0,2,133.0,(주) 보성,(주) 보성,0232740223, ,아파트,서울특별시 마포구 마포대로4길 90,위탁관리,혼합식,19961128,0232740223,133.0,12579.564,81.0,37.0,15.0,0.0,9670.7,1144010700,15.0,15.0,2.0,3.0,04178
A12105001,마포쌍용황금,서울특별시 마포구 마포동 253 마포쌍용황금,분양,개별난방,49578.33,6,339.0,쌍용,쌍용,027172563,cafe.daum.net/maposy,아파트,서울특별시 마포구 마포대로4라길 30,위탁관리,혼합식,20000807,0263522563,339.0,35547.105,158.0,98.0,83.0,0.0,27316.12,1144010700,21.0,21.0,4.0,8.0,04178
A10021649,대흥동 세양아파트,서울특별시 마포구 대흥동 802- 대흥동 세양아파트,분양,개별난방,14524.0,1,126.0,세양건설,세양건설,027156928, ,아파트,서울특별시 마포구 독막로 288,자치관리,혼합식,20000318, ,126.0,13878.04,34.0,75.0,17.0,0.0,10326.03,1144010800,1.0,18.0,3.0,0.0,
A10025003,마포그랑자이아파트,서울특별시 마포구 대흥동 806 마포그랑자이아파트,혼합,개별난방,177072.9,18,1248.0,GS건설,대흥2구역 주택재개발정비사업조합,0232751905, ,아파트,서울특별시 마포구 대흥로 175,위탁관리,혼합식,20200221,0232751906,1248.0,118785.78,635.0,583.0,30.0,0.0,87304.82,1144010800,23.0,23.0,3.0,43.0,04105
A12172401,마포자이2차,서울특별시 마포구 대흥동 804 마포자이2차,혼합,개별난방,85747.0,6,558.0,GS건설(주),대흥3구역재개발조합,027039991,www.mapoxi2.com/,아파트,서울특별시 마포구 서강대길 40,위탁관리,계단식,20140306,027039992,558.0,46060.85,96.0,368.0,94.0,0.0,46060.85,1144010800,25.0,25.0,2.0,12.0,04111
A12172402,서희스타힐스,서울특별시 마포구 대흥동 12-41 서희스타힐스,분양,개별난방,8353.44,1,203.0,서희건설,대선건설,027179697, ,주상복합,서울특별시 마포구 신촌로 160,위탁관리,복도식,20140729,027179698,239.0,5315.7026,203.0,0.0,0.0,0.0,2964.68,1144010800,20.0,20.0,2.0,2.0,04104
A12181101,마포더포레스트,서울특별시 마포구 대흥동 803 마포더포레스트,분양,개별난방,23653.338,3,165.0,동양메이저(주),동양,027013261, ,아파트,서울특별시 마포구 백범로 82,위탁관리,계단식,20070406,027013262,165.0,17490.0,0.0,165.0,0.0,0.0,14009.655,1144010800,15.0,15.0,2.0,5.0,04110
A12181102,마포태영제2,서울특별시 마포구 대흥동 660 마포태영제2,임대,지역난방,34580.0,2,566.0,태영건설(주),sh공사,027186942,happy.i-sh.co.kr/main.do?deptid=70143,아파트,서울특별시 마포구 독막로 266,위탁관리,복도식,19991120,027186943,566.0,34458.08,566.0,0.0,0.0,0.0,18338.4,1144010800,25.0,25.0,3.0,4.0,04153
A12181103,마포태영아파트,서울특별시 마포구 대흥동 660 마포태영아파트,분양,지역난방,211232.66,14,1424.0,(주) 태영건설,(주)태영건설,0232757100, ,아파트,서울특별시 마포구 독막로 266,위탁관리,혼합식,19991120,0263577100,1424.0,154934.44,464.0,586.0,374.0,0.0,120220.64,1144010800,25.0,25.0,3.0,27.0,04153
A10019997,염리동 중앙하이츠 A.P.T,서울특별시 마포구 염리동 161-1 염리동 중앙하이츠 A.P.T,분양,개별난방,14903.14,1,114.0,중앙건설,중앙건설,027016928, ,아파트,서울특별시 마포구 독막로 289,자치관리,혼합식,19981219,027016928,114.0,11347.58,0.0,50.0,64.0,0.0,11347.58,1144010900,18.0,0.0,2.0,0.0,
A10024347,마포프레스티지자이아파트,서울특별시 마포구 염리동 507 마포프레스티지자이아파트,혼합,개별난방,256341.31,18,1694.0,GS건설,염리3구역주택재개발정비사업조합,0269535996,mapop.aptner.com,아파트,서울특별시 마포구 대흥로24길 24,위탁관리,계단식,20211230,0269535997,1694.0,156603.17,973.0,620.0,101.0,0.0,117649.87,1144010900,27.0,27.0,5.0,52.0,04124
A10024597,염리동세양청마루아파트,서울특별시 마포구 염리동 522 염리동세양청마루아파트,분양,개별난방,10364.0,1,88.0,세양건설,세양건설,027110593,bluemun7@naver.com,아파트,서울특별시 마포구 독막로42길 5,위탁관리,혼합식,20050530,027110594,88.0,8359.92,30.0,58.0,0.0,0.0,6374.36,1144010900,15.0,15.0,1.0,3.0,04155
A10026036,마포자이 더 센트리지 아파트,서울특별시 마포구 염리동 45 마포자이 더 센트리지 아파트,혼합,개별난방,148606.0,12,0.0,GS건설,염리2구역 주택재개발정비사업 조합,0232752126, ,아파트,서울특별시 마포구 숭문길 98,위탁관리,혼합식,20180928,0232752128,927.0,88378.77,0.0,0.0,0.0,0.0,58892.069,1144010900,25.0,25.0,4.0,33.0,04127
A12109001,마포자이,서울특별시 마포구 염리동 521 마포자이,분양,지역난방,105206.336,10,534.0,GS건설(주),진주아파트 재건축조합,0232753925, ,아파트,서울특별시 마포구 독막로42길 2,위탁관리,계단식,20031205,0232753926,534.0,71297.26,0.0,228.0,166.0,140.0,58250.114,1144010900,25.0,25.0,2.0,13.0,04154
A12109002,염리삼성래미안,서울특별시 마포구 염리동 520 염리삼성래미안,분양,개별난방,82437.85,9,574.0,(주)삼성물산,염리동재개발조합,027116316, ,아파트,서울특별시 마포구 숭문길 58,위탁관리,혼합식,20010328,027116317,574.0,60012.906,236.0,221.0,117.0,0.0,46238.46,1144010900,17.0,17.0,5.0,20.0,04139
A12187403,염리상록,서울특별시 마포구 염리동 515-1 염리상록,혼합,개별난방,49874.96,6,678.0,신원건설,SH공사,0232728476, ,아파트,서울특별시 마포구 숭문길 106,자치관리,복도식,19970830,0232728477,678.0,49105.19,678.0,0.0,0.0,0.0,33259.81,1144010900,21.0,21.0,0.0,9.0,04127
A10020279,빌리브 디에이블,서울특별시 마포구 노고산동 129- 빌리브 디에이블,혼합,개별난방,36392.23,1,0.0,신세계건설,(주)월송홀딩스,027027012, ,도시형 생활주택(주상복합),서울특별시 마포구 백범로 24,위탁관리,복도식,20250522,027047012,333.0,21721.734,0.0,0.0,0.0,0.0,12065.63,1144011000,23.0,23.0,6.0,5.0,
A10022963,맹그로브신촌,서울특별시 마포구 노고산동 56-74 맹그로브신촌,임대,개별난방+기타,13520.0,1,151.0,(주)한신공영,이지스개발투자회사,023389047, ,아파트,서울특별시 마포구 서강로 121,위탁관리,복도식,20230106,023389045,151.0,3242.04,151.0,0.0,0.0,0.0,3242.04,1144011000,13.0,13.0,6.0,3.0,04057
A12172201,신촌포스빌,서울특별시 마포구 노고산동 1-3 신촌포스빌,분양,개별난방,20588.95,1,350.0,(주)포스코건설,주식회사한국토지신탁,027067243, ,주상복합,서울특별시 마포구 신촌로 150,위탁관리,복도식,20040731,027067241,350.0,17181.475,349.0,1.0,0.0,0.0,11179.61,1144011000,15.0,15.0,3.0,2.0,04104
A10019978,힐스테이트 마포더퍼스트 아파트,서울특별시 마포구 신수동 91-25 힐스테이트 마포더퍼스트 아파트,혼합,개별난방,0.0,,0.0, , ,02-701-3457, ,아파트,서울특별시 마포구 신수로6길 12,,,20260729, ,0.0,0.0,0.0,0.0,0.0,0.0,,1144011100,0.0,0.0,0.0,0.0,
A10024974,마포 아이파크 포레 아파트,서울특별시 마포구 신수동 462 마포 아이파크 포레 아파트,혼합,지역난방,167122.12,7,1015.0,현대산업개발,신수1주택재건축정비사업조합,0232752337,https://신촌숲아이파크.apti.co.kr/aptHome/,아파트,서울특별시 마포구 광성로 17,위탁관리,혼합식,20190829,0232752339,1015.0,108818.86,376.0,545.0,88.0,6.0,79270.86,1144011100,35.0,35.0,3.0,24.0,04094
A12111001,마포경남아너스빌,서울특별시 마포구 신수동 456 마포경남아너스빌,분양,개별난방,22217.95,2,160.0,경남기업(주),청옥산업개발(주),027125412, ,아파트,서울특별시 마포구 신수로 81,위탁관리,계단식,20070517,027115419,160.0,16926.4,0.0,160.0,0.0,0.0,13592,1144011100,12.0,12.0,1.0,8.0,04098
A12171201,밤섬경남아너스빌,서울특별시 마포구 신수동 459 밤섬경남아너스빌,분양,개별난방,43991.0,5,313.0,경남기업(주),신수지역주택조합,027143342, ,아파트,서울특별시 마포구 독막로28길 10,위탁관리,계단식,20091229,027143347,313.0,33102.47,0.0,313.0,0.0,0.0,26557.81,1144011100,25.0,25.0,2.0,6.0,04089
A12185504,신수성원,서울특별시 마포구 신수동 190 신수성원,분양,개별난방,32111.0,2,260.0,성원산업개발(주),신수동 APT 재건축조합,027128490, ,아파트,서울특별시 마포구 독막로28길 7,위탁관리,혼합식,19981215,027019522,260.0,27066.0,104.0,112.0,44.0,0.0,20780.88,1144011100,22.0,22.0,3.0,6.0,04090
A12185602,신수세양청마루,서울특별시 마포구 신수동 451 신수세양청마루,분양,개별난방,26304.0,4,192.0,아천세양건설,신수구역주택재개발조합,027116502, ,아파트,서울특별시 마포구 독막로 209,위탁관리,혼합식,20031215,027116503,192.0,15022.92,78.0,84.0,30.0,0.0,14796.96,1144011100,15.0,15.0,2.0,5.0,04097
A12185603,신수현대,서울특별시 마포구 신수동 445-5 신수현대,분양,개별난방,23813.74,2,210.0,현대,현대,027187261,cafe.naver.com/sinsusuda,아파트,서울특별시 마포구 토정로 242,위탁관리,계단식,19960914,027187267,210.0,23603.307,0.0,210.0,0.0,0.0,17750.1,1144011100,15.0,15.0,1.0,7.0,04091
A12185605,대원칸타빌,서울특별시 마포구 신수동 453 대원칸타빌,분양,개별난방,36185.715,3,279.0,(주)우리창우,대원칸타빌,0232737615, ,아파트,서울특별시 마포구 창전로2길 10,위탁관리,계단식,20040730,0232737794,279.0,36185.715,0.0,135.0,106.0,38.0,29344.677,1144011100,19.0,19.0,2.0,7.0,04098
A12185606,마포신촌삼익아파트,서울특별시 마포구 신수동 450 마포신촌삼익아파트,분양,개별난방,47624.76,4,391.0,(주)삼익주택,(주)삼익주택,027142976, ,아파트,서울특별시 마포구 신수로 105,위탁관리,계단식,19970408,027132977,391.0,40276.68,183.0,160.0,48.0,0.0,30027.19,1144011100,24.0,24.0,3.0,9.0,04095
A10027714,래미안 웰스트림,서울특별시 마포구 현석동 225 래미안 웰스트림,혼합,지역난방,125430.33,8,773.0,삼성물산,현석제2구역주택재개발정비사업조합,027025311, ,아파트,서울특별시 마포구 토정로 11,위탁관리,계단식,20160128,027025312,773.0,80967.52,300.0,377.0,96.0,0.0,59293.12,1144011200,35.0,35.0,3.0,25.0,04083
A12112001,밤섬현대,서울특별시 마포구 현석동 220 밤섬현대,분양,개별난방,29368.13,2,219.0,현대건설,경남빌라 제건축조합,027127285, ,아파트,서울특별시 마포구 신수로3길 19,자치관리,복도식,19990726,0232727340,219.0,22907.889,127.0,48.0,44.0,0.0,16667.76,1144011200,25.0,25.0,3.0,4.0,04092
A12112002,마포강변힐스테이트,서울특별시 마포구 현석동 222 마포강변힐스테이트,분양,개별난방,76408.7,10,510.0,현대건설(주),현석구역재개발조합,0232734775, ,아파트,서울특별시 마포구 신수로 15,위탁관리,혼합식,20040216,0232734776,510.0,41150.9,204.0,206.0,100.0,0.0,41150.9,1144011200,20.0,20.0,2.0,14.0,04092
A10020640,마포창전쌍용스윗닷홈,서울특별시 마포구 창전동 441- 마포창전쌍용스윗닷홈,분양,개별난방,14051.0,1,0.0,쌍용건설,쌍용건설,023378469, ,아파트,서울특별시 마포구 창전로 63,위탁관리,계단식,20050915,023378468,100.0,8495.0,0.0,0.0,0.0,0.0,8495.375,1144011400,1.0,15.0,2.0,0.0,
A10024425,이랜드PEER 신촌 청년주택,서울특별시 마포구 창전동 19-8 이랜드PEER 신촌 청년주택,임대,개별난방,35390.17,2,589.0,이랜드건설(주),(주)이베데스다 제일호 위탁관리부동산 투자회사,023257778,www.elandpeer.com,아파트,서울특별시 마포구 서강로 75-16,위탁관리,복도식,20210111,023257779,589.0,31596.457,589.0,0.0,0.0,0.0,11581.71,1144011400,16.0,16.0,5.0,8.0,04065
A10025633,마포 웨스트리버 태영데시앙아파트,서울특별시 마포구 창전동 449 마포 웨스트리버 태영데시앙아파트,혼합,개별난방,43400.0,4,276.0,태영건설,창전1구역 주택재건축정비사업조합,023263300, ,아파트,서울특별시 마포구 서강로3길 32,위탁관리,기타,20190524,023263301,276.0,29437.434,38.0,220.0,17.0,1.0,22306.779,1144011400,21.0,21.0,3.0,4.0,04065
A12119004,서강해모로,서울특별시 마포구 창전동 443 서강해모로,분양,개별난방,59052.0,8,447.0,한진중공업,한진중공업,023388016,서강해모로.apti.co.kr/,아파트,서울특별시 마포구 토정로 167,위탁관리,계단식,20071212,023388017,447.0,43464.652,103.0,344.0,0.0,0.0,35001.839,1144011400,25.0,25.0,1.0,8.0,04079
A12119006,서강쌍용예가,서울특별시 마포구 창전동 444 서강쌍용예가,분양,개별난방,96890.45,15,635.0,쌍용건설,쌍용건설,023335007,www.ssya.co.kr,아파트,서울특별시 마포구 독막로 145,위탁관리,계단식,20071101,023335386,635.0,67662.625,155.0,408.0,72.0,0.0,52559.165,1144011400,15.0,15.0,2.0,26.0,04069
A12119007,창전삼성,서울특별시 마포구 창전동 437 창전삼성,분양,개별난방,91068.75,9,640.0,삼성물산(주)건설부분,창전구역주택개량재개발조합,0231425570,cafe.daum.net/wawoojung(창전래미안아파트),아파트,서울특별시 마포구 서강로 95,위탁관리,계단식,19980624,0263835570,640.0,72460.88,176.0,276.0,188.0,0.0,55576.28,1144011400,20.0,20.0,0.0,6.0,04064
A12177801,서강한화오벨리스크스위트,서울특별시 마포구 창전동 442 서강한화오벨리스크스위트,분양,개별난방,32610.28,3,192.0,한화건설,서미트캠프,023225414, ,주상복합,서울특별시 마포구 창전로 45,위탁관리,계단식,20070411,023225415,192.0,22280.39,0.0,164.0,28.0,0.0,16860.64,1144011400,15.0,15.0,0.0,5.0,04086
A12177802,창전삼성임대,서울특별시 마포구 창전동 437 창전삼성임대,임대,개별난방,17120.89,2,311.0,삼성물산,에스에이치공사,0231428913,www.i-sh.co.kr,아파트,서울특별시 마포구 서강로 95,위탁관리,복도식,19980624,0231432289,311.0,15421.495,311.0,0.0,0.0,0.0,10188.36,1144011400,15.0,20.0,2.0,5.0,04064
A12188201,신촌금호,서울특별시 마포구 창전동 438 신촌금호,분양,개별난방,24123.521,3,239.0,금호건설,금호건설,023221437, ,아파트,서울특별시 마포구 서강로9길 19,위탁관리,계단식,20010330,023221438,239.0,24123.521,76.0,163.0,0.0,0.0,18335.08,1144011400,19.0,19.0,3.0,7.0,04062
A12188202,창전현대홈타운,서울특별시 마포구 창전동 440 창전현대홈타운,분양,개별난방,31535.0,5,243.0,현대건설(주),창전동지역주택조합,023230954,https://창전홈타운.apti.co.kr/aptHome/intro.asp,아파트,서울특별시 마포구 서강로 83,위탁관리,계단식,20050818,023230955,243.0,23578.66,76.0,167.0,0.0,0.0,18724.802,1144011400,22.0,22.0,2.0,6.0,04063
A12188205,신촌태영데시앙,서울특별시 마포구 창전동 439 신촌태영데시앙,분양,개별난방,78095.16,10,553.0,태영건설,태영건설,023328977, ,아파트,서울특별시 마포구 서강로9길 45,위탁관리,계단식,20031128,0263748977,553.0,58579.29,0.0,553.0,0.0,0.0,46988.41,1144011400,24.0,24.0,3.0,14.0,04060
A10028177,래미안밤섬리베뉴 Ⅰ,서울특별시 마포구 상수동 402 래미안밤섬리베뉴 Ⅰ,혼합,지역난방,76200.54,6,429.0,삼성물산주식회사,상수제1구역주택재개발정비조합,023345601,raemianbsr6016,아파트,서울특별시 마포구 독막로20나길 22,위탁관리,계단식,20141017,023345559,429.0,46095.75,115.0,254.0,60.0,0.0,34443.54,1144011500,25.0,25.0,4.0,14.0,04076
A12170702,래미안밤섬리베뉴 2,서울특별시 마포구 상수동 398 래미안밤섬리베뉴 2,혼합,지역난방,83260.97,8,530.0,삼성물산,상수제2구역주택재개발정비사업조합,023345668, ,아파트,서울특별시 마포구 독막로20나길 21,위탁관리,혼합식,20141017,023345669,530.0,55712.1,132.0,328.0,34.0,36.0,43366.64,1144011500,24.0,24.0,3.0,16.0,04077
A12182901,상수두산위브,서울특별시 마포구 상수동 396 상수두산위브,분양,개별난방,40367.43,4,258.0,두산건설,두산건설,023220675, ,아파트,서울특별시 마포구 독막로18길 5,위탁관리,계단식,20041229,023220685,258.0,24314.746,0.0,176.0,82.0,0.0,24314.746,1144011500,25.0,25.0,2.0,6.0,04075
A12115001,한강밤섬자이아파트,서울특별시 마포구 하중동 101 한강밤섬자이아파트,분양,지역난방,120366.16,7,488.0,지에스건설주식회사,서강주택재건축정비사업조합,0263269660,https://한강밤섬자이.apti.co.kr,아파트,서울특별시 마포구 토정로 158,위탁관리,계단식,20100226,0263269977,488.0,79642.55,0.0,75.0,184.0,229.0,64926.31,1144011600,25.0,25.0,2.0,14.0,04080
A12114001,서강GS,서울특별시 마포구 신정동 30 서강GS,분양,개별난방,70173.0,6,538.0,GS건설,GS건설,027126853, ,아파트,서울특별시 마포구 창전로 26,위탁관리,혼합식,19990701,027126887,538.0,70172.62,226.0,178.0,134.0,0.0,44020.28,1144011700,23.0,23.0,1.0,12.0,04093
A10024784,서교푸르지오아파트,서울특별시 마포구 서교동 486 서교푸르지오아파트,분양,,28825.0,1,136.0,대우건설,서교아파트 재건축조합,0231415588, ,아파트,서울특별시 마포구 홍익로 10,위탁관리,계단식,20041126,0231415575,136.0,15640.0,0.0,0.0,136.0,0.0,12574.9,1144012000,19.0,19.0,3.0,7.0,04055
A10024891,서교동 효성해링턴타워,서울특별시 마포구 서교동 494 서교동 효성해링턴타워,임대,개별난방,60483.0,1,913.0,효성중공업,SH/멀티에셋,023352203, ,아파트,서울특별시 마포구 양화로 72,위탁관리,복도식,20200423,023352204,1121.0,60482.6,913.0,0.0,0.0,0.0,27202.21,1144012000,24.0,24.0,5.0,8.0,04044
A12174601,메세나폴리스,서울특별시 마포구 서교동 490 메세나폴리스,혼합,개별난방,161663.67,3,617.0,GS건설,메이저디벨로프먼트,023348181, ,주상복합,서울특별시 마포구 양화로 45,위탁관리,계단식,20120629,023348182,617.0,105839.7,77.0,0.0,178.0,362.0,79353.254,1144012000,39.0,39.0,7.0,14.0,04036
A12184201,서교동대우미래사랑,서울특별시 마포구 서교동 487 서교동대우미래사랑,분양,개별난방,43752.65,1,366.0,(주)대우건설,유아이에치,023224531,서교대우미래사랑.apti.co.kr,주상복합,서울특별시 마포구 월드컵북로5나길 18,위탁관리,복도식,20050830,023224532,366.0,22764.496,285.0,81.0,0.0,0.0,16779.93,1144012000,12.0,12.0,4.0,3.0,04002
A10027301,마포한강2차푸르지오,서울특별시 마포구 합정동 473 마포한강2차푸르지오,분양,개별난방,40497.56,2,198.0,(주)대우건설,주식회사 파나씨티,023232107, ,주상복합,서울특별시 마포구 월드컵로3길 14,위탁관리,계단식,20160714,023232151,198.0,24569.781,0.0,132.0,66.0,0.0,18333.48,1144012200,36.0,36.0,6.0,4.0,04024
A10027902,마포한강푸르지오,서울특별시 마포구 합정동 472 마포한강푸르지오,분양,개별난방,49099.22,2,198.0,대우건설,주)코리아신탁,023232131, ,주상복합,서울특별시 마포구 월드컵로1길 14,위탁관리,계단식,20150331,023232132,198.0,29555.14,0.0,66.0,66.0,66.0,22550.22,1144012200,37.0,37.0,6.0,0.0,04024
A10022359,망원미원2차아파트,서울특별시 마포구 망원동 433-9 망원미원2차아파트,분양,개별난방,11979.0,1,105.0,(주)미원건설,모름,023241720,없슴,아파트,서울특별시 마포구 월드컵로29길 68,위탁관리,복도식,19970430, ,105.0,9297.67,58.0,21.0,26.0,0.0,7440.18,1144012300,10.0,10.0,1.0,0.0,
A10023665,우림 루미아트,서울특별시 마포구 망원동 498 우림 루미아트,분양,개별난방,14264.0,1,119.0,우림건설,은행장미재건축조합,023379872, ,아파트,서울특별시 마포구 월드컵로31길 77,위탁관리,계단식,20030321,023379872,119.0,11136.43,52.0,67.0,0.0,0.0,8785.9226,1144012300,15.0,15.0,1.0,5.0,
A10023755,마포한강 J-SKY아파트,서울특별시 마포구 망원동 522 마포한강 J-SKY아파트,분양,개별난방,9435.885,2,149.0,제이앤이건설(주),망원동 438재건축주택조합,0231447201, ,아파트,서울특별시 마포구 방울내로 37,위탁관리,혼합식,20190910,0231447202,149.0,9326.913,149.0,0.0,0.0,0.0,6679.909,1144012300,12.0,12.0,1.0,5.0,
A10024150,망원성원2차아파트,서울특별시 마포구 망원동 489 망원성원2차아파트,분양,개별난방,18354.28,1,134.0,성원건설,청와연립재건축조합,023326479, ,아파트,서울특별시 마포구 망원로4길 8,위탁관리,혼합식,19991229,023326479,134.0,13210.06,74.0,30.0,30.0,0.0,10388.82,1144012300,15.0,15.0,0.0,3.0,
A10026053,마포한강 아이파크,서울특별시 마포구 망원동 458-16 마포한강 아이파크,분양,개별난방,64221.51,6,385.0,HDC현대산업개발,망원1주택재건축정비사업조합,023227510,https://마포한강아이파크.apti.co.kr,아파트,서울특별시 마포구 희우정로 77,위탁관리,계단식,20190805,023227514,385.0,40981.695,114.0,190.0,81.0,0.0,31845.35,1144012300,18.0,18.0,2.0,0.0,04016
A10027572,마포영화블렌하임,서울특별시 마포구 망원동 517 마포영화블렌하임,분양,개별난방,31841.11,3,130.0,영화건설,"성산시장,교아건설",023334801, ,주상복합,경기도 고양시 덕양구 호국로 1000,위탁관리,계단식,20090918,023254802,130.0,18588.92,0.0,0.0,96.0,34.0,14845.03,1144012300,13.0,13.0,2.0,6.0,10292
A12123001,망원휴먼빌아파트,서울특별시 마포구 망원동 509 망원휴먼빌아파트,분양,개별난방,23719.68,2,210.0,일신건영(주),망원연립재건축주택조함일신건영(주),0231436815, ,아파트,서울특별시 마포구 방울내로 31,위탁관리,계단식,20040730,023220458,210.0,18292.799,150.0,60.0,0.0,0.0,14090.31,1144012300,15.0,15.0,1.0,7.0,03956
A12182101,망원1차대림,서울특별시 마포구 망원동 496 망원1차대림,분양,개별난방,27269.04,4,181.0,(주)삼호,대림산업(주),0231430631, ,아파트,서울특별시 마포구 망원로2길 103,위탁관리,혼합식,20021002,0231430632,181.0,19513.58,38.0,122.0,21.0,0.0,15045.87,1144012300,18.0,18.0,2.0,6.0,04017
A12182401,망원2차대림,서울특별시 마포구 망원동 497 망원2차대림,분양,개별난방,34632.75,3,240.0,(주)삼호,대림산업(주),023341904, ,아파트,서울특별시 마포구 망원로1길 27,위탁관리,계단식,20021218,023343420,240.0,25575.477,52.0,157.0,31.0,0.0,19735.62,1144012300,16.0,16.0,2.0,8.0,03957
A10024587,대명비발디아파트,서울특별시 마포구 연남동 259-1 대명비발디아파트,분양,개별난방,15242.0,1,128.0,대명건설,대명건설,023227010, ,아파트,서울특별시 마포구 동교로39길 11,자치관리,혼합식,19951115,023227022,128.0,12404.0,76.0,39.0,13.0,0.0,9271.15,1144012400,17.0,17.0,2.0,0.0,03984
A12186901,코오롱하늘채,서울특별시 마포구 연남동 573 코오롱하늘채,분양,개별난방,71856.0,6,466.0,코오롱건설,연세맨션재건축조합,023379425, ,아파트,서울특별시 마포구 연남로 52,위탁관리,계단식,20030628,023379428,470.0,47429.78,112.0,204.0,135.0,15.0,41207.094,1144012400,15.0,15.0,0.0,16.0,03976
A10022213,성산동성아파트,서울특별시 마포구 성산동 597- 성산동성아파트,분양,개별난방,17627.0,1,127.0,(주)동성 건설,(주)동성건설,023724660, ,아파트,서울특별시 마포구 모래내로3길 4,위탁관리,계단식,19990831, ,127.0,12640.02,41.0,86.0,0.0,0.0,9764.54,1144012500,0.0,18.0,0.0,4.0,
A10027157,서울가좌행복주택,서울특별시 마포구 성산동 134-2 서울가좌행복주택,임대,개별난방,24762.0,1,362.0,진흥개발(주),한국토지주택공사,023029472, ,아파트,서울특별시 마포구 성암로 28,위탁관리,혼합식,20161221,023029473,381.0,20226.318,362.0,0.0,0.0,0.0,7020.05,1144012500,20.0,20.0,0.0,10.0,03951
A12125001,성산2차e-편한세상,서울특별시 마포구 성산동 604 성산2차e-편한세상,분양,지역난방,26727.1,3,189.0,대림산업,대림산업,023721437,없음,아파트,서울특별시 마포구 월드컵북로 216,위탁관리,계단식,20050726,023030156,189.0,19705.094,38.0,151.0,0.0,0.0,15098.81,1144012500,15.0,15.0,1.0,8.0,03941
A12125202,성산월드타운대림,서울특별시 마포구 성산동 601 성산월드타운대림,분양,지역난방,96162.02,10,795.0,대림산업,대림산업,023022053, ,아파트,서울특별시 마포구 월드컵북로30길 9-22,위탁관리,혼합식,20040824,023022054,795.0,96162.01,73.0,566.0,152.0,4.0,70691.534,1144012500,24.0,24.0,2.0,18.0,03945
A12171101,월드컵아이파크1단지,서울특별시 마포구 성산동 667 월드컵아이파크1단지,혼합,개별난방,32354.727,5,320.0,현대산업개발,현대산업개발,023736100, ,아파트,서울특별시 마포구 모래내로9길 6,위탁관리,계단식,20090305,023736101,320.0,31632.922,136.0,150.0,34.0,0.0,24838.58,1144012500,25.0,25.0,2.0,7.0,03952
A12185001,성사1차 풍림아파트,서울특별시 마포구 성산동 600 성사1차 풍림아파트,분양,개별난방,23674.72,1,172.0,풍림산업,성사1차 재건축조합,023071062, ,아파트,서울특별시 마포구 성암로1길 8,위탁관리,혼합식,20000401,023071066,172.0,17435.08,93.0,41.0,38.0,0.0,13180.9,1144012500,19.0,19.0,2.0,4.0,03951
A12185003,SH성산아파트,서울특별시 마포구 성산동 595 SH성산아파트,임대,지역난방,84189.0,7,1807.0,삼성건설(주),서울도시개발공사,023750332,www.i-sh.co.kr/,아파트,서울특별시 마포구 월드컵로 207,위탁관리,복도식,19910720,023722695,1807.0,84188.65,1807.0,0.0,0.0,0.0,59074.88,1144012500,15.0,15.0,0.0,14.0,03953
A12185004,성산시영아파트,서울특별시 마포구 성산동 446 성산시영아파트,분양,중앙난방,280399.0,33,3710.0,"유원, 선경, 대우건설",서울시청,023743863,성산시영.apt.co.kr,아파트,서울특별시 마포구 월드컵북로 260,위탁관리,복도식,19860607,023727761,3710.0,232099.23,3710.0,0.0,0.0,0.0,198026.5,1144012500,14.0,14.0,1.0,33.0,03935
A10022429,중동 동원월드타운아파트,서울특별시 마포구 중동 395- 중동 동원월드타운아파트,분양,개별난방,16518.0,2,102.0,(주)동원주택건설,중동한우연립재건축사업조합,023050509, ,아파트,서울특별시 마포구 성암로5길 12,위탁관리,혼합식,20040922,023050579,102.0,11329.0,16.0,60.0,26.0,0.0,8753.715,1144012600,16.0,16.0,2.0,0.0,
A12187703,성산2차현대,서울특별시 마포구 중동 40-12 성산2차현대,분양,개별난방,43117.0,3,282.0,현대,현대,023067635, ,아파트,서울특별시 마포구 성암로7길 3,위탁관리,혼합식,20001216,0263947635,282.0,31728.22,57.0,149.0,76.0,0.0,24788.7,1144012600,19.0,19.0,3.0,7.0,03944
A12187901,중동계룡,서울특별시 마포구 중동 391 중동계룡,분양,개별난방,25671.87,2,180.0,계룡건설,계룡건설,023741329, ,아파트,서울특별시 마포구 월드컵북로38가길 20,위탁관리,계단식,20000930,023751329,180.0,19770.0,36.0,120.0,24.0,0.0,15002.91,1144012600,19.0,19.0,2.0,7.0,03941
A12187902,건영월드컵,서울특별시 마포구 중동 393 건영월드컵,분양,개별난방,31108.0,2,206.0,(주) 건영,성사2차 재건축조합,023026383, ,아파트,서울특별시 마포구 성암로 41,위탁관리,혼합식,20021101,0263526383,206.0,22589.0,57.0,98.0,51.0,0.0,16960.24,1144012600,19.0,19.0,2.0,5.0,03951
A12187904,DMC마포청구아파트,서울특별시 마포구 중동 390 DMC마포청구아파트,분양,지역난방,48524.0,4,420.0,청구건설,청구건설,023739403,jdcg.apti.co.kr,아파트,서울특별시 마포구 성암로11길 60,위탁관리,계단식,19940929,023053111,420.0,47206.613,0.0,420.0,0.0,0.0,35637.6,1144012600,21.0,21.0,1.0,11.0,03933
A12187905,마포중동현대,서울특별시 마포구 중동 392 마포중동현대,분양,개별난방,62202.977,6,477.0,현대건설,현대건설,023750417,apt392.apti.co.kr/,아파트,서울특별시 마포구 성암로 91,위탁관리,혼합식,20010727,023050739,477.0,50809.062,206.0,152.0,119.0,0.0,38916.75,1144012600,25.0,25.0,2.0,9.0,03943
A12187906,월드컵참누리,서울특별시 마포구 중동 398 월드컵참누리,분양,개별난방,73565.43,9,499.0,울트라건설,중동 월드컵참누리,023755145,cafe.daum.net/ultraapt,아파트,서울특별시 마포구 월드컵북로38길 54,위탁관리,계단식,20060504,023755143,499.0,51955.51,42.0,457.0,0.0,0.0,41341.824,1144012600,25.0,25.0,2.0,9.0,03942
A12127001,상암월드컵파크5단지,서울특별시 마포구 상암동 1658 상암월드컵파크5단지,분양,지역난방,68193.3,8,436.0,대동건설,SH공사,023020912,상암월드컵파크5단지.apti.co.kr,아파트,서울특별시 마포구 상암산로1길 52,자치관리,계단식,20050920,023021913,436.0,50150.83,0.0,329.0,107.0,0.0,39070.24,1144012700,21.0,21.0,2.0,10.0,03904
A12127002,상암월드컵파크6단지,서울특별시 마포구 상암동 1689 상암월드컵파크6단지,분양,지역난방,87961.55,14,484.0,일성건설,서울특별시 SH공사,023020718, ,아파트,서울특별시 마포구 상암산로1길 57,위탁관리,계단식,20050715,023020714,484.0,87961.53,0.0,158.0,326.0,0.0,47364.06,1144012700,15.0,15.0,2.0,22.0,03905
A12127003,상암월드컵파크3단지,서울특별시 마포구 상암동 1643 상암월드컵파크3단지,분양,지역난방,74716.56,9,540.0,두산건설,SH공사,023059757,월드컵파크3단지.apti.co.kr,아파트,서울특별시 마포구 월드컵로 338,위탁관리,계단식,20030930,023059758,540.0,58609.68,0.0,540.0,0.0,0.0,45841.2,1144012700,20.0,20.0,2.0,18.0,03911
A12127004,상암월드컵파크2단지,서울특별시 마포구 상암동 1637 상암월드컵파크2단지,분양,지역난방,71714.06,7,657.0,서광산업,SH공사,023024240,home.drapt.com/상암월드컵2단지,아파트,서울특별시 마포구 월드컵북로47길 46,위탁관리,계단식,20031112,023024241,657.0,54360.81,657.0,0.0,0.0,0.0,38606.78,1144012700,20.0,20.0,1.0,16.0,03912
A12127005,상암월드컵파크7단지,서울특별시 마포구 상암동 1660 상암월드컵파크7단지,분양,지역난방,114990.17,17,733.0,진흥기업,SH공사,023749583,상암월드컵파크7.apti.co.kr,아파트,서울특별시 마포구 상암산로1길 92,위탁관리,계단식,20050602,0263718700,733.0,114425.33,0.0,571.0,162.0,0.0,65367.24,1144012700,15.0,15.0,2.0,25.0,03903
A12127006,상암월드컵파크4단지,서울특별시 마포구 상암동 1655 상암월드컵파크4단지,분양,지역난방,123554.89,12,761.0,태영건설,SH공사,023020104, ,아파트,서울특별시 마포구 상암산로1길 24,위탁관리,계단식,20061011,023060104,761.0,87569.7,0.0,605.0,156.0,0.0,67620.31,1144012700,26.0,26.0,2.0,21.0,03907
A12127007,상암월드컵1단지,서울특별시 마포구 상암동 1634 상암월드컵1단지,임대,지역난방,70518.58,6,820.0,(주)삼호,SH공사,023076941,happy.i-sh.co.kr,아파트,서울특별시 마포구 월드컵북로47길 8,위탁관리,복도식,20030929,023076971,820.0,69994.16,820.0,0.0,0.0,0.0,37268.35,1144012700,19.0,19.0,2.0,12.0,03913
A12127008,상암월드컵8단지,서울특별시 마포구 상암동 1674 상암월드컵8단지,임대,지역난방,86161.0,13,840.0,동아건설,SH 공사(서울시),023090288, ,아파트,서울특별시 마포구 월드컵로42길 12,위탁관리,복도식,20080201,023090289,840.0,40185.137,840.0,0.0,0.0,0.0,39635.19,1144012700,18.0,18.0,2.0,15.0,03906
A12179501,DMC상암센트럴파크2단지,서울특별시 마포구 상암동 1618 DMC상암센트럴파크2단지,분양,지역난방,18957.0,3,184.0,양우건설사,LH공사,023024530, ,아파트,서울특별시 마포구 월드컵북로42가길 11,위탁관리,혼합식,20090622,023074530,184.0,18859.924,164.0,20.0,0.0,0.0,9472.44,1144012700,12.0,12.0,0.0,6.0,03930
A12179502,DMC상암센트럴파크1단지,서울특별시 마포구 상암동 1630 DMC상암센트럴파크1단지,분양,지역난방,30321.0,5,213.0,양우건설,LH공사,023072365,sahapt.kr,아파트,서울특별시 마포구 월드컵북로43길 11,위탁관리,계단식,20090622,023072360,213.0,23879.105,0.0,193.0,20.0,0.0,18665.83,1144012700,13.0,13.0,1.0,10.0,03914
A12179503,상암월드컵파크11단지,서울특별시 마포구 상암동 1741 상암월드컵파크11단지,혼합,지역난방,77248.16,9,588.0,sh공사,한신,023025930, ,아파트,서울특별시 마포구 월드컵북로 502-37,위탁관리,혼합식,20100623,023025932,588.0,54962.26,384.0,126.0,78.0,0.0,40523.5,1144012700,15.0,15.0,2.0,17.0,03916
A12179504,상암월드컵파크9단지,서울특별시 마포구 상암동 1752 상암월드컵파크9단지,혼합,지역난방,143811.42,16,1036.0,신창건설(주)->우방건설,SH공사,023023396, ,아파트,서울특별시 마포구 월드컵북로 501,위탁관리,혼합식,20101014,023023404,1036.0,97982.24,523.0,380.0,133.0,0.0,72421.53,1144012700,15.0,15.0,2.0,31.0,03902
A12179505,상암월드컵파크12단지,서울특별시 마포구 상암동 1743 상암월드컵파크12단지,혼합,지역난방,53910.89,9,380.0,한신공영,SH공사,023023397,상암12단지. apti.co.kr,아파트,서울특별시 마포구 월드컵북로 502-7,위탁관리,혼합식,20101014,023023444,380.0,37347.04,232.0,86.0,62.0,0.0,27728.09,1144012700,15.0,15.0,2.0,15.0,03915
A12179508,상암월드컵파크10단지,서울특별시 마포구 상암동 1736 상암월드컵파크10단지,혼합,지역난방,115173.43,16,861.0,중앙건설,SH공사,023025921,sangaam10@naver.com,아파트,서울특별시 마포구 월드컵북로 502-36,위탁관리,혼합식,20100720,023025923,861.0,79864.17,583.0,170.0,108.0,0.0,59606.31,1144012700,15.0,15.0,2.0,26.0,03918
A10021466,목동3차우성아파트,서울특별시 양천구 신정동 338- 목동3차우성아파트,분양,지역난방,20547.0,1,142.0,우성건설주식회사,우성건설주식회사,0226472537, ,아파트,서울특별시 양천구 목동남로4길 20,위탁관리,계단식,19990731, ,142.0,15325.2,57.0,50.0,35.0,0.0,11659.98,1147010100,19.0,19.0,2.0,0.0,
A10022222,신정대성유니드1차아파트,서울특별시 양천구 신정동 1198-23 신정대성유니드1차아파트,분양,개별난방,11123.0,1,111.0,대성산업,대성산업,0226915578, ,아파트,서울특별시 양천구 중앙로29길 102,위탁관리,계단식,20040421,0226945578,111.0,8955.59,85.0,26.0,0.0,0.0,7084.09,1147010100,15.0,15.0,1.0,0.0,
A10023593,신정동 보람쉬움아파트,서울특별시 양천구 신정동 921-11 신정동 보람쉬움아파트,분양,개별난방,16748.0,1,125.0,"대경,우양,평화 재건축 주택조합",보람건설,0226085649, ,아파트,서울특별시 양천구 오목로35길 5,위탁관리,계단식,20030110,0226085622,125.0,11916.18,32.0,93.0,0.0,0.0,9360.3054,1147010100,15.0,15.0,2.0,6.0,07943
A10023886,호반써밋목동아파트,서울특별시 양천구 신정동 1327 호반써밋목동아파트,혼합,개별난방,60134.633,7,407.0,호반건설(주),신정재2정비촉진구역2지구주택개발정비사업조합,0220659511, ,아파트,서울특별시 양천구 중앙로29길 11,위탁관리(직영+위탁),계단식,20221213,0220659511,407.0,38518.348,180.0,227.0,0.0,0.0,29155.67,1147010100,19.0,19.0,3.0,14.0,08076
A10024398,래미안 목동아델리체,서울특별시 양천구 신정동 1326 래미안 목동아델리체,혼합,지역난방,244199.0,23,1497.0,삼성물산(주),신정2재정비촉진구역1지구 주택재개발정비사업조합,0226948400, ,아파트,서울특별시 양천구 중앙로43길 14,위탁관리,혼합식,20210128,0226948402,1497.0,153036.5,550.0,848.0,99.0,0.0,113066.45,1147010100,27.0,27.0,3.0,46.0,08072
A10025649,신정이든채,서울특별시 양천구 신정동 1320-8 신정이든채,임대,지역난방,37895.188,4,499.0,금호산업(주),(주)서울리츠임대,0226980912, ,아파트,서울특별시 양천구 신정로7길 75,위탁관리,복도식,20190222,0226990912,503.0,36929.496,499.0,0.0,0.0,0.0,18485.61,1147010100,15.0,15.0,2.0,9.0,08049
A10025729,목동파크자이아파트,서울특별시 양천구 신정동 171-61 목동파크자이아파트,분양,지역난방,57998.25,8,356.0,GS건설,(주)엠피씨라이프,0269495278, ,아파트,서울특별시 양천구 목동남로4길 80,위탁관리,계단식,20190207,0269495279,356.0,39075.395,0.0,347.0,9.0,0.0,30332.881,1147010100,15.0,15.0,2.0,15.0,08102
A10027375,목동힐스테이트,서울특별시 양천구 신정동 1323 목동힐스테이트,혼합,개별난방,170226.0,15,1081.0,현대건설,신정제4구역주택재개발정비사업조합,0226550934,목동힐스테이트.apti.co.kr,아파트,서울특별시 양천구 중앙로36길 15,위탁관리,기타,20160519,0226550936,1081.0,109381.0,347.0,577.0,154.0,3.0,83559.26,1147010100,22.0,22.0,2.0,32.0,08083
A10027396,신정숲속마을아파트,서울특별시 양천구 신정동 831 신정숲속마을아파트,혼합,지역난방,64358.0,7,560.0,(주)한일건설,sh공사,0220608101, ,아파트,,위탁관리,혼합식,20160810,0220608103,561.0,45835.62,420.0,140.0,0.0,0.0,30991.92,1147010100,20.0,20.0,1.0,0.0,
A15807001,경남아너스빌,서울특별시 양천구 신정동 1307 경남아너스빌,분양,지역난방,49998.98,4,292.0,경남기업,"뉴서울,삼화,서일,재건축",0226435135, ,아파트,서울특별시 양천구 목동동로10길 16-6,위탁관리,계단식,20040630,0226435136,292.0,33765.285,0.0,147.0,145.0,0.0,26721.87,1147010100,19.0,19.0,2.0,7.0,08014
A15807002,신트리1단지,서울특별시 양천구 신정동 1259 신트리1단지,분양,지역난방,90537.9,9,997.0,진흥기업,SH공사,0226941583,newtree1.com,아파트,서울특별시 양천구 신정로 293,위탁관리,복도식,19990521,0226941584,997.0,53781.816,997.0,0.0,0.0,0.0,54010.76,1147010100,15.0,15.0,1.0,13.0,08078
A15807003,신정이펜하우스5단지,서울특별시 양천구 신정동 1318 신정이펜하우스5단지,혼합,지역난방,38511.87,7,238.0,금호건설,sh공사,0226020293, ,아파트,서울특별시 양천구 신정이펜1로 27,위탁관리,계단식,20110418,0226020294,238.0,24671.389,154.0,0.0,84.0,0.0,18859.92,1147010100,15.0,15.0,2.0,0.0,08051
A15807004,신정이펜하우스4단지,서울특별시 양천구 신정동 1317 신정이펜하우스4단지,혼합,지역난방,79821.82,12,546.0,SH공사,SH공사,0226041286, ,아파트,서울특별시 양천구 신정이펜1로 51,위탁관리,혼합식,20110629,0226041287,547.0,53856.03,223.0,287.0,36.0,0.0,41024.98,1147010100,13.0,13.0,3.0,18.0,08051
A15807005,신정도시마을,서울특별시 양천구 신정동 1289-2 신정도시마을,임대,개별난방,9688.52,1,92.0,창일산업,SH공사,0226080123, ,도시형 생활주택(아파트),서울특별시 양천구 신정로13가길 6,위탁관리,복도식,20140613,0226080122,92.0,5778.5107,92.0,0.0,0.0,0.0,3632.03,1147010100,8.0,7.0,2.0,2.0,08080
A15807101,목동9단지,서울특별시 양천구 신정동 312 목동9단지,분양,지역난방,250049.66,32,2030.0,"극동건설, 삼익건설",서울시,0226482250,목동9단지.apti.co.kr,아파트,서울특별시 양천구 목동서로 340,위탁관리,혼합식,19870730,07081340755,2030.0,245122.27,240.0,621.0,994.0,175.0,196593.82,1147010100,15.0,15.0,0.0,43.0,08089
A15807202,신정명지해드는터,서울특별시 양천구 신정동 1300 신정명지해드는터,분양,지역난방,22710.54,2,205.0,(주)명지건설,(주)명지건설,0226435484, ,아파트,서울특별시 양천구 신목로 43,위탁관리,계단식,20031119,0226435483,205.0,22710.54,18.0,153.0,34.0,0.0,18007.32,1147010100,22.0,22.0,1.0,6.0,08014
A15807204,신정현대,서울특별시 양천구 신정동 1252 신정현대,분양,지역난방,28670.72,1,217.0,현대산업개발,현대산업개발,0226531851, ,아파트,서울특별시 양천구 신목로 23,위탁관리,복도식,19950731,0226490672,217.0,18410.28,0.0,217.0,0.0,0.0,18398.68,1147010100,20.0,20.0,2.0,2.0,08017
A15807205,롯데캐슬,서울특별시 양천구 신정동 1309 롯데캐슬,분양,지역난방,40695.008,4,230.0,롯데건설,동일 대흥 유진재건축조합,0226434047, ,아파트,서울특별시 양천구 신목로12길 22,위탁관리,계단식,20041130,0226430480,230.0,20551.56,10.0,182.0,38.0,0.0,20553.26,1147010100,15.0,15.0,2.0,11.0,08015
A15807208,목동삼성래미안,서울특별시 양천구 신정동 1278 목동삼성래미안,분양,지역난방,57653.15,4,420.0,삼성건설,신정제6지구 제2지구 주택개량재개발조합,0226515085,없음,아파트,서울특별시 양천구 신목로 7,위탁관리,계단식,19960910,0226535085,420.0,40187.72,0.0,268.0,152.0,0.0,40187.72,1147010100,22.0,22.0,2.0,10.0,08016
A15807210,신정동아이파크,서울특별시 양천구 신정동 1296 신정동아이파크,분양,지역난방,99985.18,7,590.0,현대산업개발,신세계아파트재건축조합/현대산업개발,0226513890,cafe.daum.net/sjipark,아파트,서울특별시 양천구 목동동로 180,위탁관리,혼합식,20020730,0226513891,590.0,68680.44,95.0,262.0,233.0,0.0,54656.948,1147010100,19.0,19.0,2.0,17.0,08010
A15807211,목동현대아파트,서울특별시 양천구 신정동 1279 목동현대아파트,분양,지역난방,134119.0,6,972.0,현대건설,신정제6-1구역,0226447692, ,아파트,서울특별시 양천구 목동동로12길 60,위탁관리,계단식,19970716,0226519782,972.0,110997.41,0.0,660.0,312.0,0.0,88275.78,1147010100,20.0,20.0,2.0,25.0,08008
A15807306,신정e-편한세상,서울특별시 양천구 신정동 1303 신정e-편한세상,분양,개별난방,63170.55,6,391.0,(주)삼호,(주)삼호,0226921223, ,아파트,서울특별시 양천구 신정로13길 38,위탁관리,계단식,20040110,0263461223,391.0,44981.96,32.0,254.0,105.0,0.0,34950.896,1147010100,24.0,24.0,2.0,11.0,08080
A15807311,신트리3단지,서울특별시 양천구 신정동 1276 신트리3단지,분양,지역난방,84726.98,8,537.0,서울시도시개발공사,진흥기업,0226958606,신트리3단지.apti.co.kr,아파트,서울특별시 양천구 신정로 290,위탁관리,혼합식,20001011,0226958607,537.0,60595.76,0.0,537.0,0.0,0.0,45494.35,1147010100,18.0,18.0,3.0,18.0,08107
A15807313,신트리2단지,서울특별시 양천구 신정동 1258 신트리2단지,임대,지역난방,49084.45,4,698.0,진흥기업(주),서울주택도시공사,0226030542, ,아파트,서울특별시 양천구 신정로 275,위탁관리,복도식,20000523,0226927943,699.0,48613.637,698.0,0.0,0.0,0.0,25449.2,1147010100,15.0,15.0,3.0,8.0,08078
A15807315,신정동일하이빌,서울특별시 양천구 신정동 1310 신정동일하이빌,분양,개별난방,139670.06,11,770.0,동일토건,동일토건,0226250273,www.hivill.or.kr,아파트,서울특별시 양천구 신정로11길 20,위탁관리,계단식,20051028,0226250274,770.0,95984.98,0.0,433.0,337.0,0.0,75648.692,1147010100,25.0,25.0,0.0,22.0,08054
A15807316,신트리4단지,서울특별시 양천구 신정동 1277 신트리4단지,분양,지역난방,76514.0,8,845.0,자유건설(주),서울도시개발공사,0226950140,cafe.daum.net/sintri4,아파트,서울특별시 양천구 신정로 260,위탁관리,혼합식,20000523,0226950141,845.0,76513.08,845.0,0.0,0.0,0.0,45838.57,1147010100,15.0,15.0,3.0,11.0,08107
A15807601,목동삼성쉐르빌2차,서울특별시 양천구 신정동 318-12 목동삼성쉐르빌2차,분양,지역난방,50097.66,1,170.0,삼성중공업(주),(주)중원,0226534407, ,주상복합,서울특별시 양천구 목동동로 177,위탁관리,계단식,20040319,0226534408,216.0,31159.23,0.0,0.0,56.0,114.0,24935.24,1147010100,24.0,24.0,5.0,5.0,08011
A15807603,삼성쉐르빌1 아파트,서울특별시 양천구 신정동 318-10 삼성쉐르빌1 아파트,분양,지역난방,112140.16,3,312.0,삼성중공업,중원산업,0226513331,tnpfmqlf1@bill36524.com,주상복합,서울특별시 양천구 목동동로 189,위탁관리,계단식,20030402,0226513414,312.0,57389.24,0.0,4.0,15.0,293.0,57389.24,1147010100,39.0,39.0,5.0,12.0,08011
A15807604,목동8단지,서울특별시 양천구 신정동 314 목동8단지,분양,지역난방,128389.81,12,1352.0,도시개발공사,미륭건설(주),0226487225,mok8apt.or.kr,아파트,서울특별시 양천구 목동서로 280,위탁관리,혼합식,19870930,0226479799,1352.0,125623.4,834.0,278.0,240.0,0.0,90956.42,1147010100,20.0,20.0,1.0,24.0,08012
A15807605,목동13단지,서울특별시 양천구 신정동 327 목동13단지,분양,지역난방,275572.03,33,2280.0,"선경건설, 삼부토건",서울특별시,0226482392,www.mok13.com,아파트,서울특별시 양천구 목동동로 100,위탁관리,혼합식,19870730,0226468593,2280.0,246637.05,240.0,804.0,986.0,250.0,212308.62,1147010100,15.0,15.0,0.0,42.0,08096
A15807606,목동14단지,서울특별시 양천구 신정동 329 목동14단지,분양,지역난방,331864.12,34,3100.0,라이프주택개발(주),라이프주택개발(주),0226484428,mok14.co.kr,아파트,서울특별시 양천구 목동동로 130,위탁관리,혼합식,19870730,0220612251,3100.0,331864.12,720.0,1270.0,1050.0,60.0,261764.47,1147010100,20.0,20.0,0.0,68.0,08018
A15807701,신정세양청마루,서울특별시 양천구 신정동 1306 신정세양청마루,분양,개별난방,44744.0,7,326.0,세양건설,신정세양제1주택조합,0226479648, ,아파트,서울특별시 양천구 목동남로2길 60-30,자치관리,계단식,20060712,0226479649,326.0,32883.07,73.0,253.0,0.0,0.0,25878.48,1147010100,15.0,15.0,1.0,11.0,08105
A15807702,목동2차삼성래미안,서울특별시 양천구 신정동 1295 목동2차삼성래미안,분양,지역난방,49804.47,6,353.0,삼성물산,삼성물산,0267341840, ,아파트,서울특별시 양천구 목동남로4길 81,위탁관리,혼합식,20011106,0226521840,353.0,27498.06,179.0,104.0,70.0,0.0,27498.06,1147010100,16.0,16.0,2.0,11.0,08101
A15807703,목동2차우성,서울특별시 양천구 신정동 337 목동2차우성,분양,지역난방,166714.39,12,1140.0,우성건설,우성건설,0226524696, ,아파트,서울특별시 양천구 목동남로4길 6-23,위탁관리,계단식,20000318,0267344695,1140.0,136751.77,0.0,717.0,423.0,0.0,109100.25,1147010100,18.0,18.0,0.0,35.0,08104
A15807704,목동2차우성임대,서울특별시 양천구 신정동 337-2 목동2차우성임대,임대,지역난방,61149.6,3,1140.0,우성건설(주),SH공사,0226440460, ,아파트,서울특별시 양천구 목동남로4길 6-46,위탁관리,복도식,20000318,0226440563,1140.0,61149.6,1140.0,0.0,0.0,0.0,37346.4,1147010100,15.0,15.0,0.0,9.0,08104
A15807705,목동11단지,서울특별시 양천구 신정동 325 목동11단지,분양,지역난방,140912.14,19,1595.0,"남광건설 ,진흥건설",서울도시개발,0267349993, ,아파트,서울특별시 양천구 목동동로 10,위탁관리,혼합식,19881003,0226498135,1595.0,137414.03,760.0,835.0,0.0,0.0,95053.92,1147010100,15.0,15.0,0.0,30.0,08098
A15807706,목동12단지,서울특별시 양천구 신정동 326 목동12단지,분양,지역난방,161791.25,26,1860.0,서울시도시개발공사,서울시도시개발공사,0226496061,목동12단지.apti.co.kr/,아파트,서울특별시 양천구 목동동로 50,위탁관리,혼합식,19881006,0226496062,1860.0,157851.84,470.0,1390.0,0.0,0.0,125285.22,1147010100,15.0,15.0,0.0,24.0,08097
A15807707,신정양천,서울특별시 양천구 신정동 276 신정양천,임대,지역난방,176355.48,16,2998.0,"풍린, 진흥",sh공사,0226438093, ,아파트,서울특별시 양천구 목동로3길 41,위탁관리,복도식,19951211,0226438096,2998.0,151761.94,2998.0,0.0,0.0,0.0,108148.38,1147010100,15.0,15.0,1.0,42.0,08100
A15809002,신정이펜하우스2단지,서울특별시 양천구 신정동 1322 신정이펜하우스2단지,혼합,지역난방,79442.78,20,471.0,금호건설,SH공사,0226020287,www.sjippen2.com,아파트,서울특별시 양천구 신정이펜2로 55,위탁관리,계단식,20110418,0226020288,472.0,52407.82,109.0,263.0,99.0,0.0,39672.09,1147010100,7.0,7.0,0.0,45.0,08045
A15870701,신정이펜하우스1단지(총세대 기준),서울특별시 양천구 신정동 1321 신정이펜하우스1단지(총세대 기준),혼합,지역난방,70704.68,12,466.0,(주)한진중공업,SH공사,0226010796, ,아파트,서울특별시 양천구 신정이펜1로 99,위탁관리,혼합식,20110729,0226010797,467.0,47401.92,169.0,231.0,66.0,0.0,37059.53,1147010100,12.0,12.0,3.0,0.0,08046
A15873701,목동10단지,서울특별시 양천구 신정동 311 목동10단지,분양,지역난방,236932.16,34,2160.0,"삼호, 동양고속",서울시목동지구개발사업소,0226482798,www.mok10.co.kr,아파트,서울특별시 양천구 목동서로 400,위탁관리,혼합식,19870730,0226422956,2160.0,187941.86,570.0,584.0,921.0,85.0,187966.25,1147010100,15.0,15.0,0.0,48.0,08090
A15873902,양천중앙하이츠,서울특별시 양천구 신정동 1314 양천중앙하이츠,분양,개별난방,55934.65,4,241.0,(주)중앙건설,GB 컨설턴트,0226475937, ,아파트,서울특별시 양천구 목동남로2길 60-7,위탁관리,계단식,20100202,0226475938,241.0,38129.64,0.0,0.0,171.0,70.0,31571.72,1147010100,15.0,15.0,3.0,9.0,08105
A15876401,서울주택도시공사 목동현대B 임대아파트,서울특별시 양천구 신정동 1279-1 서울주택도시공사 목동현대B 임대아파트,임대,지역난방,31499.0,2,564.0,현대건설,현대건설,0226478610, ,아파트,서울특별시 양천구 신목로 10,위탁관리,복도식,19970716,0226535274,564.0,18476.64,564.0,0.0,0.0,0.0,18476.64,1147010100,20.0,20.0,2.0,6.0,08008
A15876402,신정삼성SH임대,서울특별시 양천구 신정동 1278-1 신정삼성SH임대,임대,지역난방,27610.0,2,506.0,서울주택도시공사,서울주택도시공사,0226549436,happy.i-sh.co.kr/main.do?deptid=70104,아파트,서울특별시 양천구 신목로 5,위탁관리,복도식,19960910,0226549456,506.0,16576.56,506.0,0.0,0.0,0.0,16576.56,1147010100,22.0,22.0,2.0,6.0,08016
A15879501,신정푸른마을1단지임대,서울특별시 양천구 신정동 1282 신정푸른마을1단지임대,임대,지역난방,43507.54,4,500.0,"현대건설(주),(주)태영",에스에이치공사,0220607183,happy.i-sh.co.kr,아파트,서울특별시 양천구 신정로7길 70,위탁관리,복도식,20010129,0220607185,500.0,43202.7,500.0,0.0,0.0,0.0,23057.28,1147010100,15.0,15.0,2.0,7.0,08048
A15879502,신정이펜하우스3단지,서울특별시 양천구 신정동 1316 신정이펜하우스3단지,혼합,지역난방,181742.84,22,1339.0,풍림산업,SH공사,0226030851, ,아파트,서울특별시 양천구 신정이펜1로 50,위탁관리,혼합식,20110624,0226030853,1339.0,118436.71,1032.0,205.0,102.0,0.0,85347,1147010100,15.0,15.0,2.0,0.0,08050
A15884901,유원목동,서울특별시 양천구 신정동 87-39 유원목동,분양,지역난방,16977.0,2,156.0,유원건설(주),한전연합주택조합,0226436751, ,아파트,서울특별시 양천구 신목로 77,위탁관리,계단식,19901229,0226436752,156.0,16497.0,0.0,156.0,0.0,0.0,13109.72,1147010100,15.0,15.0,0.0,6.0,08010
A15885303,신정대림,서울특별시 양천구 신정동 333 신정대림,분양,지역난방,22743.0,2,210.0,대림산업(주),대림산업(주),0226541077, ,아파트,서울특별시 양천구 신목로5길 9,위탁관리,계단식,19921120,0267341077,210.0,22742.79,0.0,210.0,0.0,0.0,17823.75,1147010100,15.0,15.0,1.0,7.0,08017
A15885306,신정쌍용,서울특별시 양천구 신정동 334 신정쌍용,분양,지역난방,29990.088,2,270.0,쌍용건설,쌍용건설,0226536727, ,아파트,서울특별시 양천구 신목로 9,위탁관리,계단식,19921125,0267386727,270.0,29990.088,0.0,270.0,0.0,0.0,22852.5,1147010100,15.0,15.0,0.0,9.0,08016
A15885307,신정청구아파트,서울특별시 양천구 신정동 336 신정청구아파트,분양,지역난방,34217.95,5,279.0,(주)청구,(주)청구,0226513519, ,아파트,서울특별시 양천구 신목로2길 11,위탁관리,계단식,19921006,0260913519,279.0,32924.79,0.0,279.0,0.0,0.0,23710.89,1147010100,18.0,18.0,0.0,10.0,08015
A15885514,신정6차현대,서울특별시 양천구 신정동 743-2 신정6차현대,분양,개별난방,98563.0,7,703.0,현대산업개발(주),신정시영아파트재건축 주택조합,0220602589, ,아파트,서울특별시 양천구 신정로 170,위탁관리,혼합식,20001021,0220607558,703.0,73922.63,287.0,260.0,156.0,0.0,56961.18,1147010100,22.0,22.0,3.0,15.0,08110
A15886402,신정대성유니드아파트2차,서울특별시 양천구 신정동 1198-3 신정대성유니드아파트2차,분양,개별난방,21041.02,2,186.0,대성,대성,0226080948,www.youneed2.co.kr,아파트,서울특별시 양천구 중앙로29길 108,위탁관리,계단식,20040715,0226081267,186.0,17080.725,92.0,94.0,0.0,0.0,13421.46,1147010100,15.0,15.0,1.0,7.0,08060
A15886501,신정학마을3단지,서울특별시 양천구 신정동 1291 신정학마을3단지,분양,지역난방,24603.24,3,153.0,태영건설,도시개발공사,0226041480, ,아파트,서울특별시 양천구 신정로 225-12,위탁관리,계단식,20020823,0226041482,153.0,16690.77,0.0,153.0,0.0,0.0,12978.49,1147010100,15.0,15.0,0.0,0.0,08080
A15886504,신정5차현대,서울특별시 양천구 신정동 1273 신정5차현대,분양,지역난방,68755.31,5,361.0,현대산업개발,현대산업개발,0226043212,신정5차현대.apti.co.kr,아파트,서울특별시 양천구 신정로 300,위탁관리,계단식,19991130,0267383242,361.0,48896.92,30.0,2.0,298.0,31.0,38337.71,1147010100,18.0,18.0,2.0,11.0,08106
A15886505,신정푸른마을4단지,서울특별시 양천구 신정동 1285 신정푸른마을4단지,분양,지역난방,56348.0,6,390.0,태영건설,에스에이치공사,0220601488, ,아파트,서울특별시 양천구 신정로7길 60-7,위탁관리,계단식,20020823,0220601266,390.0,42900.0,0.0,390.0,0.0,0.0,33116.88,1147010100,15.0,15.0,0.0,14.0,08053
A15886507,신정푸른마을3단지,서울특별시 양천구 신정동 1283 신정푸른마을3단지,분양,지역난방,53298.5,6,440.0,주)태영,SH공사,0220609498, ,아파트,서울특별시 양천구 신정로11길 63,위탁관리,혼합식,20010129,0220609499,440.0,29866.32,300.0,140.0,0.0,0.0,29867.68,1147010100,15.0,15.0,2.0,12.0,08052
A15886508,신정푸른마을2단지,서울특별시 양천구 신정동 1281 신정푸른마을2단지,분양,지역난방,47545.55,5,470.0,현대건설(주),서울시 도시개발공사,0220609497, ,아파트,서울특별시 양천구 신정로7길 76,위탁관리,혼합식,20010129,0220662038,470.0,34658.74,470.0,0.0,0.0,0.0,26541.64,1147010100,15.0,15.0,0.0,11.0,08048
A15886510,신정학마을2단지,서울특별시 양천구 신정동 1294 신정학마을2단지,임대,지역난방,47600.53,4,510.0,두산건설(주),SH공사,0226968412, ,아파트,서울특별시 양천구 신정로14길 1,위탁관리,복도식,20001020,0226921513,510.0,47600.53,510.0,0.0,0.0,0.0,22974.18,1147010100,15.0,15.0,2.0,0.0,08108
A15886512,신정학마을1단지,서울특별시 양천구 신정동 1293 신정학마을1단지,분양,지역난방,61997.0,6,639.0,두산건설,서울특별시 도시개발공사,0220606648,hakmaeul1.or.kr,아파트,서울특별시 양천구 신정로14길 6,위탁관리,혼합식,20001025,0220606643,639.0,46290.6,639.0,0.0,0.0,0.0,33458.95,1147010100,15.0,15.0,2.0,11.0,08109
A10020839,목동벽산미라지타워,서울특별시 양천구 목동 907-14 목동벽산미라지타워,분양,지역난방,28051.27,1,86.0,벽산건설주식회사,벽산건설주식회사,0226444516, ,주상복합,서울특별시 양천구 목동동로 385,위탁관리,복도식,19990330,0226444516,86.0,19891.465,0.0,0.0,2.0,84.0,12690.52,1147010200,26.0,26.0,5.0,0.0,
A10021098,목동2차아이파크,서울특별시 양천구 목동 758-2 목동2차아이파크,분양,개별난방,14034250.0,1,111.0,현대산업개발,현대산업개발(주),0226490224, ,아파트,서울특별시 양천구 목동중앙로 79,위탁관리,계단식,20040824, ,111.0,33714.918,0.0,111.0,0.0,0.0,9418.35,1147010200,1.0,19.0,0.0,0.0,
A10021359,목동신한,서울특별시 양천구 목동 960- 목동신한,분양,개별난방,24931.0,1,104.0,신한종합건설,등촌시장 재건축 조합,0260931230, ,주상복합,서울특별시 양천구 목동중앙북로 7,위탁관리,계단식,20060203, ,104.0,17151.34,8.0,74.0,22.0,0.0,9103.04,1147010200,14.0,14.0,4.0,0.0,
A10021824,목동3차월드메르디앙아파트,서울특별시 양천구 목동 947- 목동3차월드메르디앙아파트,분양,지역난방,14970.0,2,108.0,월드메르디앙건설,"목동현대,남부연립재건축주택조합",0226439598,없음,아파트,서울특별시 양천구 목동동로 270,위탁관리,계단식,20031024, ,108.0,11609.02,0.0,83.0,25.0,0.0,9600.1,1147010200,15.0,15.0,1.0,0.0,
A10023948,어바니엘 염창,서울특별시 양천구 목동 514-18 어바니엘 염창,임대,개별난방,17684.08,1,184.0,(주) 보미건설,(주) 보미건설,0269526996, ,주상복합,,위탁관리,계단식,20180801,0269526997,184.0,8703.08,184.0,0.0,0.0,0.0,2923.47,1147010200,9.0,9.0,4.0,1.0,07968
A10024355,목동세종그랑시아 아파트,서울특별시 양천구 목동 722-5 목동세종그랑시아 아파트,분양,개별난방,16356.28,3,106.0,세종건설,세종건설,0226514249, ,아파트,서울특별시 양천구 목동중앙남로3가길 59,위탁관리,계단식,20030517,0226514248,110.0,11779.619,36.0,34.0,36.0,0.0,8845.7,1147010200,18.0,18.0,2.0,3.0,07958
A10024699,목동가든스위트아파트,서울특별시 양천구 목동 907-5 목동가든스위트아파트,분양,,0.0,1,84.0, , ,0226544090, ,아파트,서울특별시 양천구 목동서로 65,기타,,19991224, ,0.0,0.0,0.0,0.0,0.0,84.0,13173.07,1147010200,1.0,23.0,0.0,0.0,07983
A10024823,목동금호타운아파트,서울특별시 양천구 목동 768-5 목동금호타운아파트,분양,개별난방,12681.0,1,103.0,  금호건설(주),목단 재건축 조합,0226527126, ,아파트,서울특별시 양천구 목동중앙남로3길 11,위탁관리,혼합식,19951121,0226511867,103.0,10334.05,47.0,56.0,0.0,0.0,7560.01,1147010200,16.0,16.0,1.0,3.0,07963
A10025127,길성그랑프리텔아파트,서울특별시 양천구 목동 739-5 길성그랑프리텔아파트,분양,개별난방,12201.677,1,99.0,길성건설,길성건설,0226526518, ,아파트,서울특별시 양천구 목동중앙본로7길 37-20,자치관리,계단식,20030111,0226526514,99.0,10381.11,0.0,99.0,0.0,0.0,7419.2703,1147010200,15.0,15.0,1.0,0.0,
A10025345,목동현대파크빌,서울특별시 양천구 목동 907-23 목동현대파크빌,분양,지역난방,26277.0,1,69.0,현대건설,몰라요,0226436728, ,,서울특별시 양천구 목동동로 391,위탁관리,계단식,20031018,0226428845,69.0,10190.94,0.0,0.0,9.0,60.0,10191.29,1147010200,24.0,24.0,0.0,0.0,07983
A10025915,목동동구햇살아파트,서울특별시 양천구 목동 724-2 목동동구햇살아파트,분양,개별난방,10004.33,1,76.0,동구종합주택건설(주),장미연립재건축조합,0226437095, ,아파트,서울특별시 양천구 목동중앙남로 51-18,위탁관리,계단식,20030814,0226437095,76.0,7835.79,0.0,67.0,9.0,0.0,6506.76,1147010200,12.0,12.0,1.0,3.0,07958
A10026023,목동롯데캐슬 마에스트로,서울특별시 양천구 목동 965 목동롯데캐슬 마에스트로,분양,지역난방,62710.0,6,410.0,롯데건설(주),목제1주택건축정비사업조합,0226552608,lcmaestro.com,아파트,서울특별시 양천구 목동중앙북로8길 71,위탁관리,계단식,20190423,0226552609,414.0,39057.555,220.0,174.0,16.0,0.0,29486.58,1147010200,14.0,14.0,3.0,16.0,07952
A10027303,목동효성아파트,서울특별시 양천구 목동 539-4 목동효성아파트,분양,개별난방,14451.33,1,121.0,(주) 효성,(주) 효성,0226496310, ,아파트,서울특별시 양천구 목동중앙북로24길 65,위탁관리,계단식,20030110,0226496710,121.0,14337.29,0.0,73.0,48.0,0.0,11536.9,1147010200,19.0,19.0,1.0,0.0,07971
A10027849,목동센트럴푸르지오아파트,서울특별시 양천구 목동 404-13 목동센트럴푸르지오아파트,혼합,지역난방,46039.3,2,248.0,(주)대우건설,(주)청학산업,0220614087, ,주상복합,서울특별시 양천구 오목로 354,위탁관리,계단식,20150630,0220614086,248.0,29634.086,40.0,112.0,96.0,0.0,22859.9006,1147010200,31.0,31.0,3.0,6.0,08007
A10028007,동구햇살,서울특별시 양천구 목동 724-2 동구햇살,분양,개별난방,7879.73,1,76.0,동구종합건설(주),동구종합건설(주),0226437095, ,아파트,서울특별시 양천구 목동중앙남로 51-18,위탁관리,계단식,20030814,0226437095,76.0,7835.71,0.0,67.0,9.0,0.0,6506.76,1147010200,12.0,12.0,1.0,0.0,07958
A15805002,목동한신청구,서울특별시 양천구 목동 929 목동한신청구,분양,지역난방,180262.45,15,1512.0,"청구건설,한신공영",목동직장주택연합,0226546885,www.hcapt.or.kr,아파트,서울특별시 양천구 목동서로2길 22,위탁관리,계단식,19971208,0226433596,1512.0,179156.88,0.0,1512.0,0.0,0.0,128164.55,1147010200,15.0,15.0,1.0,51.0,07979
A15805003,목동3단지,서울특별시 양천구 목동 903 목동3단지,분양,지역난방,196853.0,30,1588.0,(주)대우,서울도시개발공사,0226470337,mokapt3.apti.co.kr/,아파트,서울특별시 양천구 목동서로 100,위탁관리,혼합식,19860930,0226483377,1588.0,192096.77,0.0,646.0,723.0,219.0,147593.03,1147010200,15.0,15.0,0.0,22.0,07982
A15805101,목동대원칸타빌,서울특별시 양천구 목동 808-5 목동대원칸타빌,분양,개별난방,26203.76,1,154.0,(주)대원,(주)대원,0226550932, ,아파트,서울특별시 양천구 목동로 224,위탁관리,계단식,20010910,0220620932,154.0,18070.633,0.0,122.0,32.0,0.0,13648.006,1147010200,16.0,16.0,2.0,6.0,07993
A15805102,목동현대아이파크,서울특별시 양천구 목동 940 목동현대아이파크,분양,개별난방,22813.19,4,171.0,현대산업개발,현대산업개발(주),0226434965,www.miraeabm.com,아파트,서울특별시 양천구 목동로 230,위탁관리,계단식,20030628,0226434975,171.0,17380.197,51.0,74.0,46.0,0.0,13818.95,1147010200,18.0,18.0,2.0,6.0,07993
A15805105,목동성원,서울특별시 양천구 목동 926-8 목동성원,분양,지역난방,24523.0,2,200.0,성원건설,(주)목동성원 재건축주택조합,0226444736, ,아파트,서울특별시 양천구 목동서로 234,위탁관리,계단식,19970125,0267374736,200.0,20099.72,89.0,61.0,50.0,0.0,16137.39,1147010200,15.0,15.0,2.0,7.0,07993
A15805109,목동대림2차,서울특별시 양천구 목동 405 목동대림2차,분양,지역난방,29448.014,2,262.0,대림산업,대림산업,0226490682, ,아파트,서울특별시 양천구 목동동로12길 23,위탁관리,계단식,19940607,0226527978,262.0,29447.936,0.0,262.0,0.0,0.0,22222.84,1147010200,20.0,20.0,1.0,7.0,08006
A15805111,목동현대하이페리온2차,서울특별시 양천구 목동 961 목동현대하이페리온2차,분양,지역난방,136859.89,4,576.0,현대건설(주),(주)코리아원,0226401970,www.hyperion2apt.net,주상복합,서울특별시 양천구 오목로 300,위탁관리,계단식,20061130,0226401974,576.0,97106.77,0.0,0.0,188.0,388.0,80901.37,1147010200,40.0,40.0,4.0,6.0,08004
A15805114,목동현대하이페리온,서울특별시 양천구 목동 916 목동현대하이페리온,분양,지역난방,160310.34,2,466.0,현대건설,현대건설,0226521213, ,주상복합,서울특별시 양천구 목동동로 257,위탁관리,혼합식,20030721,0226521214,466.0,101327.92,0.0,0.0,0.0,466.0,74804.72,1147010200,69.0,69.0,0.0,13.0,07998
A15805115,목동7단지,서울특별시 양천구 목동 925 목동7단지,분양,지역난방,244025.12,34,2550.0,광주고속 경남기업 한일개발 경향건설,서울시 목동지구 개발사업소,0226462367, ,아파트,서울특별시 양천구 목동로 212,위탁관리,혼합식,19861006,0226545598,2550.0,238771.11,720.0,1200.0,630.0,0.0,184875.17,1147010200,15.0,15.0,0.0,43.0,07993
A15805202,목동e-편한세상,서울특별시 양천구 목동 950 목동e-편한세상,분양,개별난방,63149.0,8,276.0,(주)삼호,(주)테바건설,0226534359, ,아파트,서울특별시 양천구 목동중앙로7길 32,위탁관리,계단식,20060705,0226534360,276.0,42138.06,0.0,54.0,166.0,56.0,35724.28,1147010200,15.0,15.0,2.0,0.0,07976
A15805203,목동건영,서울특별시 양천구 목동 928 목동건영,분양,개별난방+기타,36070.29,4,299.0,주)건영,주)건영,0226447411, ,아파트,서울특별시 양천구 목동중앙본로22길 63,위탁관리,계단식,19941223,0267417411,299.0,31629.744,0.0,299.0,0.0,0.0,25209.6,1147010200,14.0,14.0,4.0,12.0,07974
A15805301,목동부영그린타운3차,서울특별시 양천구 목동 908-34 목동부영그린타운3차,분양,지역난방,88507.4,1,276.0,부영주택,부영주택,0226490414, ,주상복합,서울특별시 양천구 목동동로 411,위탁관리,계단식,20001124,0226490415,276.0,49540.99,0.0,2.0,57.0,217.0,40991.34,1147010200,24.0,24.0,7.0,8.0,07984
A15805302,목동2차성원아파트,서울특별시 양천구 목동 709-2 목동2차성원아파트,분양,개별난방,59209.65,4,423.0,성원건설(주),무궁화재건축조합,0226464657, ,주상복합,서울특별시 양천구 목동중앙남로 100,위탁관리,혼합식,20001213,0226484656,423.0,33097.39,196.0,149.0,78.0,0.0,32696.71,1147010200,17.0,17.0,2.0,0.0,07956
A15805303,목동롯데캐슬위너,서울특별시 양천구 목동 956 목동롯데캐슬위너,분양,지역난방,170280.0,13,1067.0,롯데캐슬,동신아파트 재건축조합,0226514994, ,아파트,서울특별시 양천구 목동중앙북로 38,위탁관리,계단식,20050623,0267416996,1068.0,121908.23,171.0,616.0,220.0,60.0,98233.64,1147010200,25.0,25.0,3.0,25.0,07949
A15805403,목동금호어울림,서울특별시 양천구 목동 951 목동금호어울림,분양,지역난방,68306.14,7,371.0,금호산업,목동황제재건축조합,0226548074,목동어울림.apti.co.kr/,아파트,서울특별시 양천구 목동중앙서로 37,위탁관리,계단식,20041124,0226548077,371.0,37957.47,0.0,198.0,173.0,0.0,37957.47,1147010200,15.0,15.0,3.0,18.0,07964
A15805404,"목동대원칸타빌2,3단지","서울특별시 양천구 목동 941 목동대원칸타빌2,3단지",분양,개별난방,81567.64,6,511.0,(주)대원,조합,0226510211, ,아파트,서울특별시 양천구 목동중앙로 11,위탁관리,계단식,20030628,0226514591,511.0,58914.52,9.0,387.0,94.0,21.0,46976.53,1147010200,15.0,15.0,2.0,18.0,07967
A15805501,목동부영그린타운2차,서울특별시 양천구 목동 908-28 목동부영그린타운2차,분양,지역난방,93096.6,1,240.0,동광주택산업주택,(주)부영,0220622086,by2086.apti.co.kr/,주상복합,서울특별시 양천구 목동동로 401,자치관리,계단식,20000525,0220622087,240.0,45536.32,0.0,12.0,46.0,182.0,35974.76,1147010200,26.0,26.0,7.0,0.0,07984
A15805502,목동트윈빌,서울특별시 양천구 목동 905-22 목동트윈빌,분양,지역난방,96516.0,1,321.0,나산건설,나라주원,0220622811, ,주상복합,서울특별시 양천구 목동동로 339,위탁관리,기타,20000425,0220622812,321.0,58961.18,0.0,2.0,98.0,221.0,48147.01,1147010200,31.0,31.0,5.0,8.0,07988
A15805503,목동4단지,서울특별시 양천구 목동 904 목동4단지,분양,지역난방,133218.6,16,1382.0,롯데건설,목동지구개발사업소,0226470898,목동아파트4단지.kr,아파트,서울특별시 양천구 목동서로 130,위탁관리,혼합식,19860930,0226429810,1382.0,133218.6,594.0,240.0,452.0,96.0,103837.46,1147010200,20.0,20.0,0.0,22.0,07989
A15805504,목동5단지,서울특별시 양천구 목동 912 목동5단지,분양,지역난방,228521.0,36,1848.0,삼환기업,주택관리공사,0226470049,mokdongapt5.apti.co.kr,아파트,서울특별시 양천구 목동동로 350,위탁관리,혼합식,19860930,0226471449,1848.0,224117.34,0.0,525.0,1056.0,267.0,180001.43,1147010200,15.0,15.0,0.0,30.0,07987
A15870101,목동트라팰리스,서울특별시 양천구 목동 962 목동트라팰리스,분양,지역난방,219125.0,4,522.0,삼성물산,"(주)스타코, (주)이스타빌건설",0220611584,www.mokdongtrapalace.co.kr,아파트,서울특별시 양천구 오목로 299,위탁관리,계단식,20090123,0220611586,522.0,89648.0,0.0,0.0,300.0,222.0,71992.24,1147010200,49.0,49.0,0.0,12.0,08001
A15870102,목동현대A,서울특별시 양천구 목동 931 목동현대A,임대,지역난방,29128.0,2,542.0,현대건설,현대건설,0226453837, ,아파트,서울특별시 양천구 목동동로12길 59,위탁관리,복도식,19970716,0226478611,540.0,29089.8,542.0,0.0,0.0,0.0,17755.92,1147010200,17.0,17.0,2.0,0.0,08007
A15875101,목동1단지,서울특별시 양천구 목동 901 목동1단지,분양,지역난방,219211.61,34,1882.0,삼성종합건설,도시개발공사,0226483110,mok1.apti.co.kr,아파트,서울특별시 양천구 목동서로 38,위탁관리,혼합식,19851119,0267393110,1882.0,216994.0,240.0,502.0,972.0,168.0,169924.45,1147010200,15.0,15.0,0.0,28.0,07980
A15875102,목동2단지,서울특별시 양천구 목동 902 목동2단지,분양,지역난방,207571.0,37,1640.0,(주)유원건설,서울특별시,0226470539,www.mok2apt.com,아파트,서울특별시 양천구 목동서로 70,위탁관리,혼합식,19860930,0226470540,1640.0,203186.73,0.0,400.0,1049.0,191.0,163931.27,1147010200,15.0,15.0,1.0,21.0,07981
A15875103,목동신시가지 6단지아파트,서울특별시 양천구 목동 911 목동신시가지 6단지아파트,분양,지역난방,142543.9,15,1362.0,현대,현대,0226470916, ,아파트,서울특별시 양천구 목동동로 430,위탁관리,복도식,19861031,0226470913,1362.0,139213.11,594.0,240.0,432.0,96.0,101725.8,1147010200,20.0,20.0,0.0,29.0,07986
A15880204,목동우성,서울특별시 양천구 목동 200 목동우성,분양,지역난방,38412.4,4,332.0,우성건설,우성건설,0226531051, ,아파트,서울특별시 양천구 목동중앙로 143,자치관리,계단식,19920414,0226531052,332.0,38412.4,0.0,332.0,0.0,0.0,28057.26,1147010200,15.0,15.0,0.0,12.0,07977
A15880905,목동금호베스트빌,서울특별시 양천구 목동 549 목동금호베스트빌,분양,지역난방,78150.55,5,495.0,금호건설(주),주택조합,0260947233,목동금호베스트빌.apti.co.kr,아파트,서울특별시 양천구 목동중앙북로8길 111,위탁관리,혼합식,20020327,0226529073,495.0,61515.965,54.0,144.0,297.0,0.0,47483.48,1147010200,12.0,12.0,0.0,23.0,07949
A15881601,목동극동늘푸른,서울특별시 양천구 목동 752-1 목동극동늘푸른,분양,지역난방,28282.32,2,206.0,극동건설(주),목동연합재건축,0226521460, ,아파트,서울특별시 양천구 목동중앙본로 10,위탁관리,혼합식,19981030,0260911460,206.0,22512.398,83.0,72.0,51.0,0.0,16882.8,1147010200,18.0,18.0,2.0,5.0,07976
A15881701,목동금강에스쁘아,서울특별시 양천구 목동 753-1 목동금강에스쁘아,분양,지역난방,19081.062,1,153.0,(주)금강종합건설,신목연합재건축주택조합,0226443194, ,아파트,서울특별시 양천구 목동중앙본로 15,위탁관리,계단식,20020813,0226443194,153.0,16136.927,34.0,119.0,0.0,0.0,11860.679,1147010200,17.0,17.0,1.0,5.0,07961
A15881702,목동성원,서울특별시 양천구 목동 763-1 목동성원,분양,개별난방,22553.0,2,155.0,성원산업개발(주),수정.삼성 연립 재건축 주택 조합,0226439306, ,아파트,서울특별시 양천구 목동중앙로 67,위탁관리,계단식,20000629,0226439306,155.0,15956.95,64.0,59.0,32.0,0.0,12519.94,1147010200,16.0,16.0,2.0,5.0,07962
A15882006,목동현대2차,서울특별시 양천구 목동 930 목동현대2차,분양,지역난방,23984.06,1,209.0,현대산업개발,현대산업개발,0226530838, ,아파트,서울특별시 양천구 목동동로 202,위탁관리,계단식,19960706,0267380838,209.0,22749.5,66.0,143.0,0.0,0.0,15755.67,1147010200,18.0,18.0,0.0,6.0,08005
A15882008,목동현대1차,서울특별시 양천구 목동 932 목동현대1차,분양,지역난방,26145.25,3,242.0,현대건설(주),목동연합주택조합,0226491551, ,아파트,서울특별시 양천구 목동동로 240,위탁관리,계단식,19971206,0264066551,242.0,25920.24,122.0,120.0,0.0,0.0,17495.28,1147010200,21.0,21.0,1.0,6.0,08000
A15882010,목동삼익,서울특별시 양천구 목동 933 목동삼익,분양,지역난방,48913.0,3,277.0,삼익건설,삼익주택목동상 재건축조합,0226443247, ,주상복합,서울특별시 양천구 목동동로12길 45,위탁관리,혼합식,19970628,0263473247,277.0,31030.63,118.0,97.0,62.0,0.0,22370.64,1147010200,21.0,21.0,3.0,7.0,08007
A15882103,목동진도2차,서울특별시 양천구 목동 936 목동진도2차,분양,지역난방,24398.0,1,179.0,(주)진도,조합,0226498728, ,아파트,서울특별시 양천구 목동동로 250,위탁관리,혼합식,19990327,0226498729,179.0,18414.64,72.0,71.0,36.0,0.0,14211.21,1147010200,18.0,18.0,2.0,4.0,08000
A15882104,목동진도아파트,서울특별시 양천구 목동 935 목동진도아파트,분양,지역난방,25434.06,2,183.0,진도종합건설(주),진도종합건설(주),0226481134, ,아파트,서울특별시 양천구 목동서로 264,위탁관리,혼합식,19980908,0226481135,182.0,18989.37,93.0,48.0,42.0,0.0,14323.49,1147010200,19.0,19.0,2.0,2.0,08003
A15882107,목동금호1차,서울특별시 양천구 목동 934 목동금호1차,분양,지역난방,28280.45,2,224.0,금호건설(주),동구연합재건축조합,0226443740, ,아파트,서울특별시 양천구 목동동로 258,위탁관리,혼합식,19971004,0267363740,224.0,23519.04,136.0,44.0,44.0,0.0,16932.24,1147010200,22.0,22.0,1.0,4.0,07999
A10020643,나이아가라아파트,서울특별시 양천구 신월동 507-3 나이아가라아파트,분양,개별난방,5921.16,1,0.0,나이아가라건설,광명연립재건축조합,025930915, ,아파트,서울특별시 양천구 오목로 88,위탁관리,계단식,19990904, ,46.0,3874.26,0.0,0.0,0.0,0.0,3874.26,1147010300,1.0,14.0,0.0,1.0,
A10020653,방주기픈샘1차아파트,서울특별시 양천구 신월동 1030- 방주기픈샘1차아파트,분양,개별난방,9446.363,2,0.0,이성룡방주종합건설(주),무신건축사사무소,0226047095, ,아파트,서울특별시 양천구 월정로8길 8 (신월동 1030),위탁관리,계단식,20231103,0226047097,82.0,7927.0684,0.0,0.0,0.0,0.0,6419.934,1147010300,12.0,12.0,1.0,4.0,
A10021018, 동방아파트,서울특별시 양천구 신월동 607-1  동방아파트,분양,개별난방,9380.223,1,136.0,동방,동방,0226076956, ,아파트,서울특별시 양천구 신월로 220,위탁관리,혼합식,19990723, ,2.0,55.38,54.0,54.0,28.0,0.0,9380.22,1147010300,1.0,15.0,0.0,0.0,
A10021293,신월보람6차아파트,서울특별시 양천구 신월동 125- 신월보람6차아파트,분양,개별난방,13838.0,2,136.0,보람건설,보람건설,0264011771, ,아파트,서울특별시 양천구 곰달래로7길 7,위탁관리,계단식,20051027,0264011772,136.0,10340.08,136.0,0.0,0.0,0.0,8055.552,1147010300,15.0,15.0,1.0,0.0,
A10021332,신월코아루1단지,서울특별시 양천구 신월동 197-2 신월코아루1단지,분양,개별난방,17544.81,3,120.0,보람건설,한국토지신탁,0220656627, ,아파트,서울특별시 양천구 남부순환로56길 9,위탁관리,계단식,20090130,0220656628,120.0,10080.0,0.0,120.0,0.0,0.0,10192.8,1147010300,1.0,10.0,1.0,0.0,
A10021614,현대성우아파트,서울특별시 양천구 신월동 429-1 현대성우아파트,분양,개별난방,0.0,1,94.0,성우종합건설,성우종합건설,07082207475, ,아파트,서울특별시 양천구 오목로7길 25,위탁관리,혼합식,19981224,0226925898,94.0,9031.64,52.0,42.0,0.0,0.0,6687.6,1147010300,14.0,14.0,2.0,0.0,
A10021670,금강아파트,서울특별시 양천구 신월동 207-24 금강아파트,분양,개별난방,16674.0,1,139.0,금강주택,금강주택,0226991121, ,아파트,서울특별시 양천구 남부순환로64길 23,위탁관리,혼합식,19980123,0226991121,139.0,12807.327,87.0,52.0,0.0,0.0,9582.6,1147010300,13.0,13.0,2.0,3.0,
A10021748,장수마을동원데쟈뷰아파트,서울특별시 양천구 신월동 1049- 장수마을동원데쟈뷰아파트,혼합,,11530.0,1,118.0,동원메이드건설,동원메이드건설,0220659104, ,아파트,서울특별시 양천구 오목로 76-2,위탁관리,계단식,20070726,0226905836,118.0,11530.9,32.0,86.0,0.0,0.0,9135.58,1147010300,15.0,15.0,1.0,0.0,
A10022149,신월동 길훈엔트런스빌아파트,서울특별시 양천구 신월동 1043- 신월동 길훈엔트런스빌아파트,분양,개별난방,16163.0,2,132.0,길훈건설,신월동재건축조합,0226987737, ,아파트,서울특별시 양천구 곰달래로11길 21,위탁관리,혼합식,20051007,0226967737,132.0,12603.78,44.0,88.0,0.0,0.0,10077.5,1147010300,0.0,13.0,0.0,0.0,
A10022185,태형아파트,서울특별시 양천구 신월동 134-17 태형아파트,분양,개별난방,0.0,1,106.0,태형아파트,태형아파트,0226970257, ,주상복합,서울특별시 양천구 곰달래로5길 37,위탁관리,복도식,19980701,0226063274,106.0,8178.42,47.0,45.0,14.0,0.0,8178.42,1147010300,15.0,15.0,2.0,2.0,
A10022224,신월나산아파트,서울특별시 양천구 신월동 217-2 신월나산아파트,분양,개별난방,13051.0,1,106.0,나산종합건설(주),한라타운재건축조합,0226991342, ,아파트,서울특별시 양천구 남부순환로65길 6,위탁관리,복도식,19970603, ,106.0,10480.8,64.0,42.0,0.0,0.0,7369.16,1147010300,0.0,16.0,2.0,2.0,
A10022304,신월 금용아파트,서울특별시 양천구 신월동 533-1 신월 금용아파트,분양,개별난방,15678.0,1,108.0,금용종합건설 주식회사,"명신,해풍 재건축주택조합",0226977222, ,아파트,서울특별시 양천구 신월로17길 22,위탁관리,혼합식,19980227, ,108.0,11446.53,47.0,39.0,22.0,0.0,8661.77,1147010300,14.0,14.0,2.0,0.0,
A10022672,우당아파트,서울특별시 양천구 신월동 506-1 우당아파트,분양,개별난방,16034.94,1,112.0,대원명성재건축조합,우당종합개발(주),0226930485, ,아파트,서울특별시 양천구 오목로 90,위탁관리,혼합식,19970927,0226930485,112.0,11979.79,50.0,45.0,17.0,0.0,8653.73,1147010300,17.0,17.0,3.0,3.0,08028
A10023219,신목동파라곤아파트,서울특별시 양천구 신월동 1085 신목동파라곤아파트,혼합,개별난방,45639.523,5,299.0,동양건설,신월4구역 주택재건축 정비사업,0226202773, ,아파트,서울특별시 양천구 오목로 55,위탁관리,계단식,20230227,0226202774,299.0,28311.574,128.0,171.0,0.0,0.0,21184.52,1147010300,18.0,18.0,2.0,0.0,07936
A10024804,신월해태아파트,서울특별시 양천구 신월동 514-3 신월해태아파트,분양,개별난방,17755.0,1,126.0,해태제과,재건축조합,0226931492, ,아파트,서울특별시 양천구 월정로 21,위탁관리,혼합식,19991207,0226931492,126.0,12614.0,56.0,70.0,0.0,0.0,9284.22,1147010300,18.0,18.0,2.0,0.0,08029
A10024872,목동 센트럴 아이파크위브 아파트,서울특별시 양천구 신월동 565-5 목동 센트럴 아이파크위브 아파트,혼합,개별난방,431149.5,35,3045.0,"HDC현대산업개발, 두산건설(주)",조합,0226998010,https://movill.net/08066,아파트,서울특별시 양천구 남부순환로83길 18,위탁관리,혼합식,20200528,0226998019,3045.0,284323.6,1528.0,1497.0,20.0,0.0,208642.38,1147010300,23.0,23.0,3.0,85.0,08068
A10025120,수명산 동원데쟈뷰아파트,서울특별시 양천구 신월동 1060 수명산 동원데쟈뷰아파트,분양,,19207.0,3,134.0,(주)동원메이드건설,신월미성조합아파트재건축,0226015060, ,아파트,서울특별시 양천구 화곡로3길 43,위탁관리,계단식,20120217,0226015066,134.0,13703.99,2.0,131.0,1.0,0.0,10775.1836,1147010300,12.0,12.0,2.0,6.0,07900
A10025157,신도브래뉴신월2차아파트,서울특별시 양천구 신월동 1031 신도브래뉴신월2차아파트,분양,개별난방,1723223.0,2,126.0,신도종합건설(주),신도종합건설(주),0226088865,신도신월2차.apti.co.kr,아파트,서울특별시 양천구 화곡로3길 34,위탁관리,계단식,20040917,0226088869,126.0,12895.91,18.0,78.0,30.0,0.0,10516.78,1147010300,12.0,12.0,1.0,6.0,07902
A10025665,삼익1차플라주아파트,서울특별시 양천구 신월동 1042 삼익1차플라주아파트,분양,개별난방,11808.116,1,94.0,삼익산업개발(주),신화.연안연립재건축주택조합,0226089898, ,아파트,서울특별시 양천구 신월로 181,자치관리,혼합식,20060407,0226080334,94.0,7446.578,0.0,94.0,0.0,0.0,7446.578,1147010300,13.0,13.0,1.0,4.0,08030
A10025980,방원예뜨랑아파트,서울특별시 양천구 신월동 1032 방원예뜨랑아파트,분양,개별난방,18283.0,2,121.0,방원,방원,0220651630,123,아파트,서울특별시 양천구 곰달래로2길 31,자치관리(직영),계단식,20040908,0220651631,3.0,13473.21,0.0,116.0,2.0,3.0,10468.59,1147010300,15.0,15.0,1.0,5.0,07927
A15809001,신월대방샤인힐,서울특별시 양천구 신월동 1017 신월대방샤인힐,분양,개별난방,17033.0,3,150.0,대방건설,원광연립재건축조합,0226900262, ,아파트,서울특별시 양천구 신월로9길 37,위탁관리,계단식,20030924,0226900263,150.0,17027.16,60.0,90.0,0.0,0.0,10678.665,1147010300,15.0,15.0,1.0,5.0,08032
A15809003,신월2차미소지움,서울특별시 양천구 신월동 1040 신월2차미소지움,분양,개별난방,14118.32,2,99.0, , ,0263260396, ,아파트,서울특별시 양천구 오목로10길 7-8,위탁관리,계단식,,0263260395,99.0,10633.08,7.0,92.0,0.0,0.0,8101.76,1147010300,15.0,15.0,0.0,0.0,08028
A15809201,신도신월1차,서울특별시 양천구 신월동 1029 신도신월1차,분양,개별난방,22235.7,3,182.0,한성강서재건축조합,신도종합건설,0220652662, ,아파트,서울특별시 양천구 신월로20길 33,위탁관리,혼합식,20040625,0220652442,182.0,18088.18,0.0,182.0,0.0,0.0,14488.94,1147010300,15.0,15.0,0.0,9.0,08061
A15809401,신월2차보람쉬움,서울특별시 양천구 신월동 1039 신월2차보람쉬움,분양,개별난방,20415.73,3,169.0,보람건설(주),재건축조합,0260804434, ,아파트,서울특별시 양천구 오목로1길 46,위탁관리,계단식,20050319,0264144433,169.0,15190.0,92.0,77.0,0.0,0.0,11776.84,1147010300,13.0,13.0,1.0,7.0,07928
A15809402,신월삼정그린뷰,서울특별시 양천구 신월동 1041 신월삼정그린뷰,분양,개별난방,23196.44,3,236.0,한강연립재건축조합,신나래토건,0226071764,khmais.net,아파트,서울특별시 양천구 오목로3길 17,위탁관리,계단식,20051228,0264061765,236.0,23196.44,30.0,206.0,0.0,0.0,18833.56,1147010300,15.0,15.0,1.0,8.0,07928
A15809403,신월대성유니드,서울특별시 양천구 신월동 1033 신월대성유니드,분양,개별난방,37341.56,5,283.0,(주)대성산업,형제연립조합,0226900283,khmais.net,아파트,서울특별시 양천구 신월로15길 25,위탁관리,계단식,20041216,0260937880,283.0,28589.37,22.0,247.0,14.0,0.0,22962.22,1147010300,15.0,15.0,1.0,10.0,08031
A15809502,수명산롯데캐슬,서울특별시 양천구 신월동 1036 수명산롯데캐슬,혼합,개별난방,30799.87,3,215.0,롯데건설,조합,0226010192, ,아파트,서울특별시 양천구 월정로 303,위탁관리,계단식,20080627,0226010195,215.0,22147.7,32.0,183.0,0.0,0.0,17458.9,1147010300,12.0,12.0,1.0,13.0,07900
A15809601,신월대주파크빌,서울특별시 양천구 신월동 1028 신월대주파크빌,분양,개별난방,22570.0,3,189.0,대주건설(주),대주건설,0226044494, ,아파트,서울특별시 양천구 남부순환로85길 16,위탁관리,계단식,20040731,0260934494,189.0,17147.111,105.0,84.0,0.0,0.0,13428.66,1147010300,24.0,24.0,1.0,5.0,08080
A15809603,"벽산블루밍1단지,2단지","서울특별시 양천구 신월동 1022 벽산블루밍1단지,2단지",분양,개별난방,41795.56,7,444.0,벽산건설(주),벽산건설(주),0226964581,신월벽산블루밍.apti.co.kr,아파트,서울특별시 양천구 신정로13길 50,위탁관리,계단식,20031216,0267374581,444.0,41795.56,185.0,239.0,20.0,0.0,33270.5894,1147010300,24.0,24.0,2.0,13.0,08080
A15809701,신월길훈,서울특별시 양천구 신월동 341-1 신월길훈,분양,개별난방,11529.0,5,290.0,길훈건설,길훈건설,0225983025, ,아파트,서울특별시 양천구 지양로 101,자치관리,계단식,19871107,0226983025,290.0,13550.0,290.0,0.0,0.0,0.0,13639.05,1147010300,5.0,5.0,0.0,0.0,08035
A15809702,신월신안파크,서울특별시 양천구 신월동 350-2 신월신안파크,분양,개별난방,37201.52,11,485.0,신안건설산업(주),신안건설산업(주),0226916635,서울 양천구 지양로 15길20,아파트,서울특별시 양천구 지양로15길 20,자치관리,계단식,19871231,0226046645,485.0,36343.8,335.0,150.0,0.0,0.0,27939.6,1147010300,5.0,5.0,0.0,0.0,08035
A15878601,금하뜨라네,서울특별시 양천구 신월동 142-14 금하뜨라네,분양,개별난방,16335.772,6,155.0,금하건설,금하건설,07077796299,hja9423@naver.com,아파트,서울특별시 양천구 가로공원로56길 10,위탁관리,계단식,20161206,0226016999,155.0,16231.622,0.0,155.0,0.0,0.0,13128.5,1147010300,7.0,7.0,1.0,12.0,07913
A15882201,신월수명산SK-VIEW,서울특별시 양천구 신월동 1053 신월수명산SK-VIEW,분양,개별난방,34530.1,3,171.0,sk건설(주),랜드미(주),0226947355, ,아파트,서울특별시 양천구 월정로 306,위탁관리,계단식,20090325,0226947356,171.0,23858.6,0.0,44.0,116.0,11.0,19722.76,1147010300,12.0,12.0,1.0,6.0,07901
A15883101,신월성원,서울특별시 양천구 신월동 222-7 신월성원,분양,개별난방,22424.39,1,170.0,성원건설,성원건설,0226996806, ,아파트,서울특별시 양천구 곰달래로2길 16,위탁관리,복도식,19961220,0226996806,170.0,17245.84,75.0,95.0,0.0,0.0,12114.51,1147010300,17.0,17.0,0.0,4.0,07924
A15883201,양천벽산블루밍,서울특별시 양천구 신월동 1026 양천벽산블루밍,분양,개별난방,60660.0,6,485.0,벽산건설(주),신웕대경외 연합재건축주택조합,0226033149, ,아파트,서울특별시 양천구 월정로9길 17,위탁관리,계단식,20060915,0226902948,485.0,45871.99,168.0,317.0,0.0,0.0,36578.63,1147010300,14.0,14.0,1.0,18.0,07929
A15883202,양천롯데캐슬,서울특별시 양천구 신월동 1057 양천롯데캐슬,혼합,개별난방,48822.0,5,317.0,롯데건설,롯데건설,0226992285, ,아파트,서울특별시 양천구 오목로5길 19,위탁관리,계단식,20101014,0226992286,317.0,31587.0,82.0,235.0,0.0,0.0,23437.81,1147010300,15.0,15.0,2.0,11.0,07930
A15883401,신정뉴타운두산위브,서울특별시 양천구 신월동 1055 신정뉴타운두산위브,혼합,개별난방,55831.22,6,357.0,두산건설,재개발건축조합,0226031101, ,아파트,서울특별시 양천구 신월로20길 7,위탁관리,혼합식,20121126,0226915010,357.0,34364.71,82.0,242.0,33.0,0.0,26398.2,1147010300,20.0,20.0,2.0,10.0,08063
A15883402,신정뉴타운롯데캐슬,서울특별시 양천구 신월동 612 신정뉴타운롯데캐슬,혼합,개별난방,136790.22,11,930.0,롯데건설(주),신월.신정뉴타운1구역4지구재개발,0226900941,sjlotte.aptner.com,아파트,서울특별시 양천구 중앙로29길 61,위탁관리,혼합식,20140207,0226900946,930.0,93584.58,359.0,476.0,95.0,0.0,69536.58,1147010300,20.0,20.0,2.0,22.0,08061
A15883702,신월서울가든,서울특별시 양천구 신월동 475 신월서울가든,분양,개별난방,24595.2,3,200.0,삼익건설,삼익건설,0226931693,없음,아파트,서울특별시 양천구 중앙로53길 5,위탁관리,복도식,19850529,0226931696,200.0,24595.2,0.0,40.0,160.0,0.0,18792,1147010300,10.0,10.0,0.0,3.0,07933
A15883803,신월대림,서울특별시 양천구 신월동 491-1 신월대림,분양,개별난방,28844.0,2,215.0,(주)삼호,(주)삼호,0226902501, ,아파트,서울특별시 양천구 오목로13길 7,위탁관리,계단식,20011026,0226902508,215.0,22482.54,73.0,110.0,32.0,0.0,17366.79,1147010300,16.0,16.0,2.0,6.0,07936
A15884202,신월신안약수,서울특별시 양천구 신월동 591-1 신월신안약수,분양,개별난방,43192.0,5,440.0,신안건설산업(주),신안건설,0226998938,www.apt591.com,아파트,서울특별시 양천구 중앙로29길 55,위탁관리,복도식,19851207,0226019336,440.0,42392.0,0.0,300.0,140.0,0.0,34843,1147010300,10.0,10.0,0.0,9.0,08070
A15884703,신월시영아파트,서울특별시 양천구 신월동 987-1 신월시영아파트,분양,지역난방,161113.69,20,2256.0,서울도시개발공사,서울도시개발공사,0226062118,없음,아파트,서울특별시 양천구 신월로 99,위탁관리,복도식,19880430,0226977730,2256.0,155871.6,2256.0,0.0,0.0,0.0,113034.6,1147010300,12.0,12.0,0.0,20.0,08042
A10021770,염창현대2차아파트,서울특별시 강서구 염창동 249-11 염창현대2차아파트,분양,개별난방,11639.0,1,106.0,현대산업개발(주),지하철 공사 직장주택조합 외 2개 조합,0236655794, ,아파트,서울특별시 강서구 양천로73길 6,자치관리,혼합식,19931223, ,106.0,11583.0,20.0,86.0,0.0,0.0,8321.14,1150010100,1.0,14.0,0.0,4.0,
A10021935,염창삼성한아름아파트,서울특별시 강서구 염창동 264-27 염창삼성한아름아파트,분양,개별난방,17677.0,1,140.0,삼성건설,경찰아파트,0236646844, ,아파트,서울특별시 강서구 양천로 686-5,자치관리,혼합식,19930712,0236642800,140.0,13726.98,0.0,140.0,0.0,0.0,11885.56,1150010100,15.0,15.0,1.0,5.0,
A10022042,염창대림아파트,서울특별시 강서구 염창동 262-2 염창대림아파트,분양,개별난방,11144.0,2,122.0,고려개발주식회사,고려개발주식회사,0236640666, ,아파트,서울특별시 강서구 공항대로75길 42,위탁관리,혼합식,19991026, ,122.0,11143.129,51.0,47.0,24.0,0.0,9285.03,1150010100,1.0,13.0,2.0,4.0,
A10022108,염창동강변코아루아파트,서울특별시 강서구 염창동 303- 염창동강변코아루아파트,분양,개별난방,21256.0,3,130.0,서광건설산업,한국토지신탁,0236613643, ,아파트,서울특별시 강서구 양천로71길 54,자치관리,계단식,20070531, ,130.0,15768.58,0.0,82.0,48.0,0.0,12460.58,1150010100,15.0,15.0,1.0,5.0,
A10022537,염창힐스테이트아파트,서울특별시 강서구 염창동 306- 염창힐스테이트아파트,분양,개별난방,21450.0,2,135.0,현대건설 주식회사,185지역주택조합,0236632044,http;//염창힐스테이트.apti.co.kr,아파트,서울특별시 강서구 양천로73길 24,위탁관리,계단식,20091207,0236632047,135.0,11438.635,0.0,135.0,0.0,0.0,11438.635,1150010100,17.0,17.0,2.0,6.0,
A10024353,염창현대아이파크아파트,서울특별시 강서구 염창동 282-19 염창현대아이파크아파트,분양,개별난방,22610.0,1,136.0,아이씨건설,현대산업개발,0236647122, ,,서울특별시 강서구 공항대로 637,위탁관리,계단식,20050722,0264017122,136.0,14535.321,0.0,136.0,0.0,0.0,11353.36,1150010100,14.0,14.0,2.0,5.0,07558
A10024436,센터스퀘어등촌,서울특별시 강서구 염창동 274-17 센터스퀘어등촌,임대,개별난방,28505.9,1,500.0,(주)신라종합건설,멀티에셋등촌쳑청년주택전문투자형사모부동산투자(유),0236621413, ,주상복합,서울특별시 강서구 공항대로 543,위탁관리,복도식,20201230,0236621433,500.0,18233.18,500.0,0.0,0.0,0.0,12164.04,1150010100,20.0,20.0,4.0,3.0,07562
A10025049,염창동길훈아파트,서울특별시 강서구 염창동 294 염창동길훈아파트,분양,개별난방,17874.67,2,115.0,(주)길훈종합건설,(주)길훈종합건설,0236631373, ,아파트,서울특별시 강서구 양천로65길 45,자치관리,계단식,19990930,0236631373,115.0,12363.344,43.0,57.0,0.0,15.0,9743.52,1150010100,15.0,15.0,2.0,0.0,07546
A10025600,e편한세상 염창,서울특별시 강서구 염창동 277-24 e편한세상 염창,혼합,개별난방,71579.87,6,499.0,대림산업,염창1주택 재건축조합,0226689916, ,아파트,서울특별시 강서구 공항대로 583,위탁관리,혼합식,20190308,0226689917,499.0,46901.58,206.0,293.0,0.0,0.0,36155.82,1150010100,20.0,20.0,2.0,0.0,07560
A10027541,강서쌍용예가아파트,서울특별시 강서구 염창동 308 강서쌍용예가아파트,분양,개별난방,24812.98,4,152.0,(주)쌍용건설,응지.오성.염창주택재건축정비사업조합,0226582524, ,아파트,서울특별시 강서구 양천로 613,위탁관리,계단식,20140611,0226582522,152.0,12457.38,18.0,134.0,0.0,0.0,12456.4357,1150010100,20.0,20.0,2.0,5.0,07545
A15704001,염창2차한화꿈에그린,서울특별시 강서구 염창동 302 염창2차한화꿈에그린,분양,개별난방,22071.81,3,163.0,한화건설,효창연립재건축조합,0236627343, ,아파트,서울특별시 강서구 공항대로63길 16,위탁관리,계단식,20060427,0236657342,163.0,12477.45,51.0,112.0,0.0,0.0,12477.45,1150010100,15.0,15.0,1.0,0.0,07561
A15704002,염창 일신건영휴먼빌아파트,서울특별시 강서구 염창동 298 염창 일신건영휴먼빌아파트,분양,개별난방,24109.39,3,166.0,일신건영(주),동진연립 재건축주택조합,0236611644, ,아파트,서울특별시 강서구 양천로71가길 22,위탁관리,계단식,20041119,0236611643,166.0,17793.6,14.0,152.0,0.0,0.0,13747.4,1150010100,19.0,19.0,2.0,6.0,07542
A15704003,염창월드메르디앙,서울특별시 강서구 염창동 297 염창월드메르디앙,분양,개별난방,23390.64,5,168.0,월드건설(주),신삼성연립재건축조합,0236637240, ,아파트,서울특별시 강서구 양천로71길 38,위탁관리,계단식,20040701,0236637450,168.0,16449.582,50.0,118.0,0.0,0.0,13017.72,1150010100,18.0,18.0,2.0,6.0,07542
A15704006,염창우성3차,서울특별시 강서구 염창동 272-28 염창우성3차,분양,개별난방,23276.0,2,196.0,우성건설(주),우성건설,0236611624, ,아파트,서울특별시 강서구 공항대로63길 14,위탁관리,계단식,19930115,0236651793,196.0,22677.69,0.0,196.0,0.0,0.0,16650.48,1150010100,13.0,13.0,2.0,8.0,07561
A15704007,염창1차보람더하임아파트,서울특별시 강서구 염창동 305 염창1차보람더하임아파트,혼합,개별난방,33624.88,4,202.0,보람건설(주),보람건설(주),0236621491,cafe.daum.net/yctheheim,아파트,서울특별시 강서구 양천로 666,위탁관리,계단식,20080110,0236621492,202.0,19018.04,0.0,144.0,58.0,0.0,19018.04,1150010100,15.0,15.0,2.0,7.0,07554
A15704009,염창벽산늘푸른,서울특별시 강서구 염창동 290 염창벽산늘푸른,분양,개별난방,23813.34,2,206.0,벽산건설(주),한국산업은행염창주택조합외3개조합,0236615905,확인,아파트,서울특별시 강서구 양천로63길 52,위탁관리,혼합식,19981105,0236655647,206.0,18959.2,105.0,101.0,0.0,0.0,14780.69,1150010100,15.0,15.0,2.0,5.0,07546
A15704015,염창롯데캐슬,서울특별시 강서구 염창동 272-11 염창롯데캐슬,분양,개별난방,55707.69,5,284.0,롯데건설,롯데건설,0236610748, ,아파트,서울특별시 강서구 공항대로65길 21,위탁관리,계단식,20050328,0236610749,284.0,37331.69,0.0,173.0,111.0,0.0,29634.6924,1150010100,15.0,15.0,1.0,12.0,07561
A15704017,염창강변성원,서울특별시 강서구 염창동 295 염창강변성원,분양,개별난방,41967.0,3,297.0,성원건설,성원건설,0267395785,ymchangk@hanmail.net,아파트,서울특별시 강서구 양천로69길 65,자치관리,복도식,20010630,0236645785,297.0,30345.0,140.0,85.0,72.0,0.0,23812.89,1150010100,18.0,18.0,0.0,6.0,07535
A15704023,강변힐스테이트,서울특별시 강서구 염창동 299 강변힐스테이트,분양,개별난방,59370.74,7,417.0,(주)현대건설,(주)현대건설,0236640047, ,아파트,서울특별시 강서구 양천로75길 19,위탁관리,계단식,20050628,0236640164,417.0,44500.89,51.0,366.0,0.0,0.0,34161.24,1150010100,23.0,23.0,2.0,13.0,07541
A15704025,염창강변한솔솔파크,서울특별시 강서구 염창동 300 염창강변한솔솔파크,분양,개별난방,64504.0,8,455.0,한솔건설,재건축조합,0236620208, ,아파트,서울특별시 강서구 양천로63길 38,자치관리,계단식,20050923,0267382168,455.0,49288.27,0.0,455.0,0.0,0.0,38635.07,1150010100,25.0,25.0,1.0,13.0,07546
A15704028,염창동아1차,서울특별시 강서구 염창동 292 염창동아1차,분양,개별난방,103169.46,5,778.0,동아건설,동아건설,0236655367, ,아파트,서울특별시 강서구 양천로69길 58,위탁관리,혼합식,19980629,0226595324,778.0,82539.18,319.0,268.0,191.0,0.0,63830.79,1150010100,17.0,17.0,2.0,19.0,07536
A15776001,염창강변월드메르디앙,서울특별시 강서구 염창동 240-1 염창강변월드메르디앙,분양,개별난방,30267.77,3,164.0,월드건설산업(주),월드건설산업(주),0226580874,riverworld aptgate.co.kr,아파트,서울특별시 강서구 양천로63길 51,자치관리,계단식,20100330,0226580875,164.0,14806.0,0.0,126.0,38.0,0.0,15071.4559,1150010100,18.0,18.0,2.0,6.0,07547
A15776002,태진드림피아,서울특별시 강서구 염창동 296 태진드림피아,분양,개별난방,7900.69,2,65.0,태진산업개발(주),태진산업개발(주),0226680570, ,아파트,서울특별시 강서구 양천로 663,자치관리,계단식,20030328,0236656535,65.0,130.0,0.0,65.0,0.0,0.0,5248.27,1150010100,20.0,20.0,1.0,2.0,07543
A15776003,이너스내안에,서울특별시 강서구 염창동 254-2 이너스내안에,분양,개별난방,14286.55,1,105.0,(주)이너스건설,(주)이너스건설,0226680370, ,아파트,서울특별시 강서구 양천로75길 22-21,위탁관리,혼합식,20040924,0226680372,105.0,7603.77,45.0,60.0,0.0,0.0,7771.77,1150010100,15.0,15.0,2.0,3.0,07538
A15776004,현대3,서울특별시 강서구 염창동 291 현대3,분양,개별난방,15817.37,1,127.0,현대산업개발,현대산업개발,0236629787, ,아파트,서울특별시 강서구 양천로75길 60,자치관리,혼합식,19961005,0236649787,127.0,11958.048,71.0,56.0,0.0,0.0,8942.08,1150010100,15.0,15.0,2.0,3.0,07538
A15785919,염창우성1차,서울특별시 강서구 염창동 66-9 염창우성1차,분양,개별난방,34718.94,4,339.0,우성건설,우성건설,0236653247, ,아파트,서울특별시 강서구 양천로67길 77,위탁관리,혼합식,19901109,0236651888,339.0,34265.023,0.0,339.0,0.0,0.0,25713.64,1150010100,14.0,14.0,1.0,10.0,07535
A15786104,삼성하나로,서울특별시 강서구 염창동 248-3 삼성하나로,분양,개별난방,18407.81,1,178.0,삼성건설(주),국회 조합,0236644926, ,아파트,서울특별시 강서구 양천로73길 5,위탁관리,혼합식,19940222,0236644946,178.0,18404.36,96.0,82.0,0.0,0.0,12640.92,1150010100,15.0,15.0,1.0,5.0,07542
A15786111,염창극동,서울특별시 강서구 염창동 246-23 염창극동,분양,개별난방,34330.645,2,249.0,극동건설,염창동 연합연립 재전축조합,0267357464, ,아파트,서울특별시 강서구 양천로69길 18,위탁관리,혼합식,20000527,0267357465,249.0,25657.6,100.0,93.0,56.0,0.0,19522.605,1150010100,19.0,19.0,2.0,6.0,07543
A15786116,염창금호,서울특별시 강서구 염창동 240-32 염창금호,분양,개별난방,35248.86,4,290.0,금호건설,금호건설,0236635064, ,아파트,서울특별시 강서구 양천로 595,위탁관리,계단식,19990402,0267355064,290.0,26419.824,161.0,129.0,0.0,0.0,20585.04,1150010100,19.0,19.0,2.0,8.0,07547
A15786118,염창한마음삼성,서울특별시 강서구 염창동 244-2 염창한마음삼성,분양,개별난방,38610.445,5,330.0,삼성물산건설부문,삼성물산건설부문,0267346925, ,아파트,서울특별시 강서구 양천로 637,위탁관리,혼합식,19950708,0226689114,330.0,32649.0,150.0,180.0,0.0,0.0,24267.6,1150010100,15.0,15.0,2.0,9.0,07544
A15786213,염창무학,서울특별시 강서구 염창동 255 염창무학,분양,개별난방,36820.0,5,273.0,무학건설,해촌연립재건축,0267357287,염창무학apti.co.kr,아파트,서울특별시 강서구 양천로77길 45,위탁관리,혼합식,19990331,0267417287,273.0,28483.32,135.0,102.0,36.0,0.0,20786.7,1150010100,18.0,18.0,2.0,2.0,07538
A15786222,염창태진한솔,서울특별시 강서구 염창동 263 염창태진한솔,분양,개별난방,37681.5,5,356.0,태진건설,태진건설,0236648810, ,아파트,서울특별시 강서구 공항대로71길 54,자치관리,혼합식,19941005,0267388810,356.0,34294.203,178.0,120.0,58.0,0.0,26754.82,1150010100,15.0,15.0,1.0,9.0,07556
A15786227,염창동아3차,서울특별시 강서구 염창동 258-1 염창동아3차,분양,개별난방,87367.17,8,570.0,동아건설,동아건설,0236623064, ,아파트,서울특별시 강서구 양천로 731,위탁관리,혼합식,19990118,0236623065,570.0,54072.703,285.0,285.0,0.0,0.0,41219.48,1150010100,24.0,24.0,3.0,14.0,07539
A15786312,염창극동상록수,서울특별시 강서구 염창동 280 염창극동상록수,분양,개별난방,34260.65,2,256.0,극동건설,극동건설,0260959734,극동상록수.apti.co.kr,아파트,서울특별시 강서구 공항대로71길 31,위탁관리,혼합식,19991027,0260912715,256.0,25452.22,115.0,141.0,0.0,0.0,18869.01,1150010100,18.0,18.0,2.0,0.0,07559
A15786314,염창태영송화,서울특별시 강서구 염창동 270-1 염창태영송화,분양,개별난방,38657.234,4,277.0,태영건설(주),성원재건축조합,0267352202, ,아파트,서울특별시 강서구 공항대로61길 60,위탁관리,혼합식,19991111,0267352203,277.0,28867.28,142.0,81.0,54.0,0.0,21604.56,1150010100,18.0,18.0,2.0,6.0,07554
A15786321,염창관음삼성,서울특별시 강서구 염창동 268 염창관음삼성,분양,개별난방,40193.84,3,350.0,(주)삼성건설,(주)삼성건설,0236650619, ,아파트,서울특별시 강서구 양천로 656,위탁관리,계단식,19970801,0236652058,350.0,35379.26,156.0,154.0,40.0,0.0,27028.98,1150010100,20.0,20.0,0.0,0.0,07554
A15786405,염창우성2차,서울특별시 강서구 염창동 287-1 염창우성2차,분양,개별난방,19141.152,1,186.0,우성건설(주),우성건설(주),0236649665, ,아파트,서울특별시 강서구 양천로67길 54,위탁관리,혼합식,19920520,0236654149,186.0,19141.152,0.0,186.0,0.0,0.0,14737.92,1150010100,15.0,15.0,1.0,6.0,07535
A15786408,삼정그린코아,서울특별시 강서구 염창동 282 삼정그린코아,분양,개별난방,36067.066,3,206.0,삼정건설,대동환경연립연립기산연립주택조합,0236610628, ,아파트,서울특별시 강서구 공항대로75길 30,위탁관리,계단식,20010531,0226591834,206.0,26305.574,12.0,105.0,89.0,0.0,19580.431,1150010100,15.0,15.0,2.0,8.0,07558
A15786420,염창신동아,서울특별시 강서구 염창동 289 염창신동아,분양,개별난방,38942.19,3,348.0,신동아건설,조흥은행 주택조합,0236622827,www.ycsda.com,아파트,서울특별시 강서구 양천로67길 32,위탁관리,혼합식,19951213,0236611702,348.0,32102.4,176.0,172.0,0.0,0.0,25128.12,1150010100,15.0,15.0,2.0,8.0,07535
A15786424,염창한화꿈에그린,서울특별시 강서구 염창동 281-22 염창한화꿈에그린,분양,개별난방,67803.81,7,422.0,한화건설,서울도시가스(주),0226682905,http://cafe.daum.net/ycdreamapt,아파트,서울특별시 강서구 공항대로75길 17,위탁관리,계단식,20050401,0226682904,422.0,46699.44,116.0,228.0,78.0,0.0,35503.96,1150010100,20.0,20.0,0.0,11.0,07558
A15786426,염창현대1차,서울특별시 강서구 염창동 288 염창현대1차,분양,개별난방,58640.49,5,498.0,현대산업개발,KBS주택조합,0236627053,https://염창현대1차.apti.co.kr/default.asp,아파트,서울특별시 강서구 양천로75길 57,위탁관리,계단식,19940421,0260927053,498.0,57996.81,0.0,498.0,0.0,0.0,42076.03,1150010100,14.0,14.0,1.0,21.0,07537
A15786510,염창한강동아(2차),서울특별시 강서구 염창동 293 염창한강동아(2차),분양,개별난방,31045.75,3,212.0,동아건설산업(주),염창동한강연립재건축주택조합,0226689213, ,아파트,서울특별시 강서구 양천로73길 80,위탁관리,혼합식,19980721,0260929213,212.0,22915.61,85.0,77.0,50.0,0.0,17376.77,1150010100,17.0,17.0,3.0,5.0,07537
A10021139,등촌월드메르디앙,서울특별시 강서구 등촌동 711- 등촌월드메르디앙,분양,개별난방,1975190.0,1,145.0,월드건설(주),월드건설(주),0226590519, ,아파트,서울특별시 강서구 양천로 420,위탁관리,계단식,20021122,0236641432,145.0,1975190.0,55.0,90.0,0.0,0.0,10935.75,1150010200,15.0,15.0,1.0,5.0,
A10022233,등촌2차보람아파트,서울특별시 강서구 등촌동 640- 등촌2차보람아파트,분양,개별난방,0.0,1,101.0,(주) 보람,(주) 보람,0226681081, ,아파트,서울특별시 강서구 화곡로 390,위탁관리,계단식,20020614,0226681083,101.0,602075.1,28.0,73.0,0.0,0.0,7714.15,1150010200,15.0,15.0,2.0,0.0,
A10022348,등촌동코오롱오투빌2차아파트,서울특별시 강서구 등촌동 712- 등촌동코오롱오투빌2차아파트,분양,개별난방,14859.0,1,105.0,코오롱건설(주),성림연립재건축조합,0236631828, ,아파트,서울특별시 강서구 양천로62길 41,위탁관리,혼합식,20021202,0236631284,105.0,11206.73,37.0,38.0,30.0,0.0,9040.03,1150010200,15.0,15.0,1.0,3.0,
A10023075,지와인 아파트,서울특별시 강서구 등촌동 633-12 지와인 아파트,분양,개별난방,17744.0,4,136.0,한동건설,김영인,0236633008, ,,서울특별시 강서구 양천로 620,위탁관리,계단식,20230630,0236633009,136.0,16556.514,66.0,70.0,0.0,0.0,9233.526,1150010200,19.0,19.0,2.0,4.0,07553
A10023543,가양역두산위브아파트,서울특별시 강서구 등촌동 726 가양역두산위브아파트,분양,개별난방,26361.79,4,220.0,두산,한강건설,0236626167, ,주상복합,서울특별시 강서구 공항대로45길 15,위탁관리,계단식,20220311,0236636167,220.0,17271.08,163.0,56.0,1.0,0.0,13350.49,1150010200,20.0,20.0,3.0,5.0,07572
A10023934,엘크루발산아파트,서울특별시 강서구 등촌동 671-1 엘크루발산아파트,임대,개별난방,11744.63,1,252.0,대우조선해양,윤석표외 2인,0236640987, ,주상복합,서울특별시 강서구 강서로56길 44,위탁관리,복도식,20220110,0236640988,254.0,9993.07,252.0,0.0,0.0,0.0,4524.96,1150010200,14.0,14.0,2.0,2.0,07591
A10024768,아임2030(청년주택),서울특별시 강서구 등촌동 648-5 아임2030(청년주택),임대,개별난방,10371.1,1,285.0,(주)대명이십일,대호주택건설,0267392030, ,주상복합,서울특별시 강서구 공항대로59가길 14,위탁관리,복도식,20200501,0267392031,285.0,9333.18,285.0,0.0,0.0,0.0,4323.26,1150010200,17.0,17.0,3.0,0.0,07563
A10025703,삼형그레이스빌아파트,서울특별시 강서구 등촌동 564-7 삼형그레이스빌아파트,분양,개별난방,12464.346,1,87.0,삼형종합건설(주),삼형종합건설(주),0226429222, ,아파트,서울특별시 강서구 등촌로 91,자치관리(직영),혼합식,20010925,0226429226,87.0,9054.39,42.0,21.0,24.0,0.0,6584.295,1150010200,14.0,14.0,2.0,3.0,07672
A15703001,코오롱하늘채아파트,서울특별시 강서구 등촌동 714 코오롱하늘채아파트,분양,개별난방,23580.0,3,200.0,코오롱글로벌(주),청우주택조합,0236631530,cafe.daum.net/o2vill3,아파트,서울특별시 강서구 공항대로55길 19,자치관리,혼합식,20031119,0236631533,200.0,19161.193,74.0,126.0,0.0,0.0,15141.26,1150010200,15.0,15.0,1.0,6.0,07570
A15703002,등촌대동황토방,서울특별시 강서구 등촌동 631-9 등촌대동황토방,분양,개별난방,35497.33,3,241.0,(주)대동,등촌동 홍익연립 재건축주택조합,0236647373, ,아파트,서울특별시 강서구 공항대로59길 103,위탁관리,혼합식,20000727,0236647372,241.0,20245.42,75.0,111.0,55.0,0.0,20245.42,1150010200,19.0,19.0,2.0,5.0,07551
A15703004,등촌부영,서울특별시 강서구 등촌동 691-3 등촌부영,분양,지역난방,76184.0,7,712.0,동광주택(주),동광주택(주),0226580251, ,아파트,서울특별시 강서구 강서로56나길 110,위탁관리,복도식,19941207,0226592072,712.0,75318.99,0.0,712.0,0.0,0.0,57415.68,1150010200,15.0,15.0,1.0,13.0,07580
A15703005,등촌대동황토방2차아파트,서울특별시 강서구 등촌동 713 등촌대동황토방2차아파트,분양,개별난방,20774.81,4,196.0,(주)대동,우관/삼성연립 재건축 조합,0236644566, ,아파트,서울특별시 강서구 공항대로55길 50,위탁관리,계단식,20031030,0260122543,196.0,20602.975,24.0,127.0,45.0,0.0,16743.89,1150010200,15.0,15.0,2.0,0.0,07551
A15703204,등촌IPARK,서울특별시 강서구 등촌동 715 등촌IPARK,분양,개별난방,313763.0,29,1653.0,현대산업개발,현대산업개발,0226465504,v2admin.aptner.com,아파트,서울특별시 강서구 등촌로 163,위탁관리,계단식,20040107,0263475504,1653.0,228718.31,0.0,905.0,515.0,233.0,183329.7278,1150010200,20.0,20.0,0.0,0.0,07671
A15703301,등촌8단지주공아파트,서울특별시 강서구 등촌동 707 등촌8단지주공아파트,분양,지역난방,26125.65,5,445.0,주택공사,주택공사,0226580221, ,아파트,서울특별시 강서구 공항대로43길 104,위탁관리,복도식,19941104,0226585985,445.0,25288.016,445.0,0.0,0.0,0.0,18623.25,1150010200,15.0,15.0,1.0,5.0,07576
A15703302,등촌동성,서울특별시 강서구 등촌동 691-1 등촌동성,분양,지역난방,68156.8,6,457.0,동성개발,동성개발,0236632087,0236632087@ikwangin.com,아파트,서울특별시 강서구 강서로68길 108,위탁관리,계단식,19951127,0236632088,457.0,68147.805,0.0,0.0,357.0,100.0,55640.9,1150010200,17.0,17.0,1.0,14.0,07580
A15703303,등촌미주진로,서울특별시 강서구 등촌동 701 등촌미주진로,분양,지역난방,61300.32,8,488.0,미주실업(주)진로건설(주),미주실업(주)진로건설(주),0226580085, ,아파트,서울특별시 강서구 공항대로 351-21,위탁관리,계단식,19941030,0236633735,488.0,51532.8,0.0,488.0,0.0,0.0,41460.48,1150010200,13.0,13.0,1.0,20.0,07587
A15703304,등촌주공2단지,서울특별시 강서구 등촌동 687 등촌주공2단지,분양,지역난방,29365.8,6,505.0,신태진건설,대한주택공사,0226589688, ,아파트,서울특별시 강서구 강서로68길 36,위탁관리,복도식,19950605,0236614793,506.0,29124.9,505.0,0.0,0.0,0.0,21347.97,1150010200,15.0,15.0,0.0,6.0,07581
A15703306,등촌주공10단지,서울특별시 강서구 등촌동 702 등촌주공10단지,분양,지역난방,41510.15,5,566.0,거성건설,주택개발공사,0236631041,a70324@hanmail.net,아파트,서울특별시 강서구 화곡로63가길 71,위탁관리,복도식,19951010,0236650209,566.0,41510.15,566.0,0.0,0.0,0.0,29857.21,1150010200,15.0,15.0,1.0,7.0,07578
A15703307,등촌대림아파트,서울특별시 강서구 등촌동 694 등촌대림아파트,분양,지역난방,105308.0,8,680.0,대림산업(주),대림산업(주),0226582140, ,아파트,서울특별시 강서구 공항대로39길 100,위탁관리,계단식,19950713,0226582141,680.0,92758.664,0.0,0.0,680.0,0.0,74141.08,1150010200,20.0,20.0,1.0,18.0,07579
A15703308,등촌3단지주공아파트,서울특별시 강서구 등촌동 688 등촌3단지주공아파트,분양,지역난방,82527.8,9,1016.0,LH공사,LH공사,0236632497,등촌주공3단지.apti.co.kr,아파트,서울특별시 강서구 강서로56나길 37,위탁관리,복도식,19951010,0260922497,1016.0,76127.78,1016.0,0.0,0.0,0.0,55426.58,1150010200,15.0,15.0,0.0,14.0,07584
A15703309,등촌주공5단지,서울특별시 강서구 등촌동 695 등촌주공5단지,분양,지역난방,84527.85,9,1045.0,대한주택공사,대한주택공사,0226586236,등촌주공5단지.apti.co.kr,아파트,서울특별시 강서구 공항대로39길 74,위탁관리,복도식,19951010,0260956237,1045.0,77087.75,1045.0,0.0,0.0,0.0,55884.44,1150010200,15.0,15.0,0.0,14.0,07586
A15703313,등촌주공1단지,서울특별시 강서구 등촌동 687 등촌주공1단지,임대,지역난방,74104.62,10,1670.0,"진로건설, 대백종합건설",한국토지주택공사,0226585000,www.kohom.or.kr,아파트,서울특별시 강서구 강서로68길 36,자치관리(직영),복도식,19941104,0226585001,1670.0,68741.01,1670.0,0.0,0.0,0.0,46331.01,1150010200,15.0,15.0,0.0,22.0,07581
A15703318,등촌주공11단지,서울특별시 강서구 등촌동 705-6 등촌주공11단지,임대,지역난방,33806.668,6,350.0,백일건설,한국토지주택공사,0236610966,www.kohom.co.kr,아파트,서울특별시 강서구 공항대로43길 39,자치관리,복도식,20041004,0236610967,350.0,33520.95,350.0,0.0,0.0,0.0,18869.67,1150010200,12.0,12.0,1.0,6.0,07588
A15772901,등촌우성101동,서울특별시 강서구 등촌동 630-11 등촌우성101동,분양,개별난방,12915.75,1,134.0,우성건설,우성건설,0236625709, ,아파트,서울특별시 강서구 화곡로68길 115,위탁관리,계단식,19920527,0260925709,134.0,12494.86,8.0,126.0,0.0,0.0,8814.08,1150010200,14.0,14.0,0.0,5.0,07550
A15772902,등촌우성102동,서울특별시 강서구 등촌동 630-3 등촌우성102동,분양,개별난방,13159.33,1,110.0,우성건설,우성건설,0236625709, ,아파트,서울특별시 강서구 화곡로68길 103,위탁관리,계단식,19920527,0260925709,110.0,13128.32,0.0,110.0,0.0,0.0,9267.83,1150010200,14.0,14.0,0.0,4.0,07550
A15776414,등촌주공4단지,서울특별시 강서구 등촌동 690 등촌주공4단지,임대,지역난방,65238.25,9,1575.0,lh,lh,0226582077,kohom.or.kr,아파트,서울특별시 강서구 공항대로39길 59,위탁관리,복도식,19950520,0226582078,1575.0,64498.1,1575.0,0.0,0.0,0.0,43745.4,1150010200,15.0,15.0,0.0,20.0,07585
A15776617,등촌주공6단지,서울특별시 강서구 등촌동 705 등촌주공6단지,임대,지역난방,34120.02,4,559.0,대한주택공사,대한주택공사,0226583746,www.315320@kohom.co.kr,아파트,서울특별시 강서구 화곡로63가길 18,위탁관리,복도식,19951010,0226587526,559.0,34120.02,559.0,0.0,0.0,0.0,23018.23,1150010200,15.0,15.0,0.0,7.0,07588
A15776715,등촌주공7단지,서울특별시 강서구 등촌동 707 등촌주공7단지,임대,지역난방,49597.29,6,1146.0,한국토지주택공사,한국토지주택공사,0226580111,www.kohom.co.kr,아파트,서울특별시 강서구 공항대로43길 104,위탁관리,복도식,19941104,0226580112,1156.0,46408.94,1146.0,0.0,0.0,0.0,31403.07,1150010200,15.0,15.0,0.0,15.0,07576
A15776916,등촌주공9단지,서울특별시 강서구 등촌동 704 등촌주공9단지,임대,지역난방,66043.15,7,1445.0,LH,LH,0226588000,www.kohom.co.kr,아파트,서울특별시 강서구 화곡로63가길 92,위탁관리,복도식,19941104,0226588001,1445.0,62108.98,1445.0,0.0,0.0,0.0,43128.9,1150010200,15.0,15.0,0.0,18.0,07577
A15783701,등촌임광,서울특별시 강서구 등촌동 562-5 등촌임광,분양,개별난방,24137.0,3,168.0,임광토건,임광토건,0260941524, ,아파트,서울특별시 강서구 등촌로 113,위탁관리,혼합식,20000512,0260941525,168.0,18481.43,51.0,83.0,34.0,0.0,13843.79,1150010200,17.0,17.0,2.0,4.0,07672
A15783703,등촌대림e편한세상,서울특별시 강서구 등촌동 561-1 등촌대림e편한세상,분양,개별난방,36672.08,4,222.0,(주)삼호,"무궁화,동아,등촌연합단지 재건축 조합",0226498736, ,아파트,서울특별시 강서구 등촌로 137,위탁관리,계단식,20020518,0260978736,222.0,27561.48,0.0,126.0,96.0,0.0,20952.32,1150010200,16.0,16.0,0.0,7.0,07672
A15783806,등촌라인,서울특별시 강서구 등촌동 628-15 등촌라인,분양,지역난방,31105.01,3,317.0,라인건설,"공군,유진 재건축주택조합",0267354600, ,아파트,서울특별시 강서구 화곡로68길 33,위탁관리,혼합식,19971029,0226590406,317.0,31105.01,169.0,108.0,40.0,0.0,23033.43,1150010200,20.0,20.0,2.0,7.0,07548
A15783902,등촌태영,서울특별시 강서구 등촌동 632-2 등촌태영,분양,개별난방,24320.887,3,186.0,태영건설(주),등촌동 해바라기 재건축 주택조합,0226596584,등촌태영.apti.co.kr,아파트,서울특별시 강서구 양천로 590,위탁관리,혼합식,19980625,0226596584,186.0,19157.527,84.0,62.0,40.0,0.0,14905.04,1150010200,20.0,20.0,2.0,4.0,07552
A15783905,등촌삼성한사랑,서울특별시 강서구 등촌동 632-4 등촌삼성한사랑,분양,개별난방,29059.7,3,244.0,삼성중공업,삼성중공업,0236654891, ,아파트,서울특별시 강서구 양천로66길 6,위탁관리,혼합식,19971217,0236654892,244.0,24104.66,98.0,146.0,0.0,0.0,18249.92,1150010200,19.0,19.0,1.0,7.0,07552
A15783907,한사랑2차삼성아파트(등촌동),서울특별시 강서구 등촌동 634-2 한사랑2차삼성아파트(등촌동),분양,개별난방,41875.0,5,339.0,삼성중공업(주),등촌동 연합주택조합,0236631192, ,아파트,서울특별시 강서구 공항대로59길 64,위탁관리,계단식,19990629,0267391192,339.0,36982.19,124.0,215.0,0.0,0.0,25629.21,1150010200,19.0,19.0,2.0,10.0,07552
A15784003,등촌코오롱오투빌1차,서울특별시 강서구 등촌동 642 등촌코오롱오투빌1차,분양,개별난방,25254.0,1,191.0,코오롱건설,제일아파트 재건축조합,0267351172, ,아파트,서울특별시 강서구 화곡로66길 90,위탁관리,혼합식,19990614,0236623021,191.0,18605.4,79.0,112.0,0.0,0.0,14237.81,1150010200,19.0,19.0,2.0,4.0,07569
A15784008,등촌서광,서울특별시 강서구 등촌동 638 등촌서광,분양,지역난방,52064.55,6,430.0,서광건설,서광건설,0226687449,cafe.daum.net/sg7449,아파트,서울특별시 강서구 공항대로45길 68-6,위탁관리,계단식,19990401,0260927449,430.0,39484.28,227.0,203.0,0.0,0.0,30790.31,1150010200,19.0,19.0,2.0,2.0,07566
A15784201,등촌현대1차(한마음),서울특별시 강서구 등촌동 655-27 등촌현대1차(한마음),분양,개별난방,21398.85,1,170.0,현대건설,한마음주택조합,0226681494,dhapt.apti.co.kr,아파트,서울특별시 강서구 공항대로45길 24,자치관리,계단식,19950713,0263411494,170.0,18545.453,0.0,170.0,0.0,0.0,14381.66,1150010200,17.0,17.0,1.0,5.0,07571
A15784402,등촌태진아름,서울특별시 강서구 등촌동 676 등촌태진아름,분양,개별난방,27894.57,3,221.0,태진건설,"신성주택,성우주택",0226466152,cafe.daum.net/tejin-armee,아파트,서울특별시 강서구 등촌로53길 39,위탁관리,혼합식,19950915,0226466155,221.0,22732.53,96.0,95.0,30.0,0.0,17447.79,1150010200,10.0,10.0,1.0,9.0,07667
A10020155,강서뉴타워아파트,서울특별시 강서구 화곡동 1071-19 강서뉴타워아파트,분양,개별난방,0.0,,0.0, , ,02-2603-3325, ,주상복합,서울특별시 강서구 화곡로18길 24,,,20130110, ,0.0,0.0,0.0,0.0,0.0,0.0,,1150010300,0.0,0.0,0.0,0.0,
A10020494,웰라이빌주상복합관리단,서울특별시 강서구 화곡동 927-1 웰라이빌주상복합관리단,분양,개별난방,22329.68,1,0.0,(주)순영종합건설,한대섭외32인,0226923700, ,주상복합,서울특별시 강서구 강서로5나길 104,자치관리,계단식,20000920,0226923708,130.0,15235.03,0.0,0.0,0.0,0.0,11220.6,1150010300,1.0,15.0,0.0,0.0,
A10021232,화곡 1동 복지아파트,서울특별시 강서구 화곡동 354-54 화곡 1동 복지아파트,분양,개별난방,5610.0,3,104.0,확인안됨,확인안됨,0226020602, ,아파트,서울특별시 강서구 강서로17라길 3,자치관리,계단식,19741214,05040959789,104.0,5609.76,104.0,0.0,0.0,0.0,5609.79,1150010300,4.0,4.0,0.0,0.0,
A10021290,희훈리치파크아파트,서울특별시 강서구 화곡동 1011-6 희훈리치파크아파트,분양,개별난방,15268.0,1,111.0,희훈건설,우성연립재건축주택조합,0226902116, ,아파트,서울특별시 강서구 강서로45다길 30-17,위탁관리,계단식,20020503, ,111.0,12682.05,0.0,101.0,10.0,0.0,9701.43,1150010300,12.0,12.0,1.0,0.0,
A10021529,비원빌라,서울특별시 강서구 화곡동 1130-7 비원빌라,분양,개별난방,10540.0,6,126.0,확인불가,확인불가,0226031797, ,연립주택,서울특별시 강서구 화곡로58길 92,자치관리,계단식,19861224, ,126.0,10509.36,126.0,0.0,0.0,0.0,5735.88,1150010300,3.0,3.0,0.0,0.0,
A10022019,화곡더리브스카이,서울특별시 강서구 화곡동 1175- 화곡더리브스카이,분양,개별난방,19939.0,1,140.0,에스지씨이테크건설,천수개발,0226202770, ,주상복합,서울특별시 강서구 가로공원로80길 40,위탁관리,혼합식,20221221, ,140.0,14889.038,140.0,0.0,0.0,0.0,6977.2396,1150010300,13.0,13.0,3.0,5.0,
A10022928,강서금호어울림퍼스티어,서울특별시 강서구 화곡동 980-19 강서금호어울림퍼스티어,혼합,개별난방,65625.3,5,523.0,"금호건설(주),지에스건설(주),(주)대지건설",한국토지주택공사,0220652224, ,아파트,서울특별시 강서구 화곡로54길 43,위탁관리,계단식,20231227,0220652225,523.0,39855.36,523.0,0.0,0.0,0.0,28347.88,1150010300,25.0,25.0,2.0,16.0,07659
A10023515,우장산숲 아이파크,서울특별시 강서구 화곡동 1027-50 우장산숲 아이파크,분양,지역난방,87697.836,10,576.0,현대산업개발(주),화곡1주택재건축정비사업조합,0226089110, ,아파트,서울특별시 강서구 화곡로31다길 20,위탁관리,복도식,20221201,0226089111,576.0,55412.152,284.0,292.0,0.0,0.0,41015.2644,1150010300,15.0,15.0,2.0,25.0,07697
A10024145,우장산역 해링턴타워,서울특별시 강서구 화곡동 1170 우장산역 해링턴타워,임대,개별난방,36495.26,2,429.0,효성중공업(주),(주)선우,0226965544, ,주상복합,서울특별시 강서구 강서로 231,위탁관리,복도식,20210903,0226995544,429.0,28140.06,429.0,0.0,0.0,0.0,13055.38,1150010300,15.0,15.0,3.0,7.0,07705
A10024391,태영방송인아파트,서울특별시 강서구 화곡동 1140 태영방송인아파트,분양,개별난방,23203.723,3,148.0,거산건설,거산건설외,0226513490, ,아파트,서울특별시 강서구 등촌로13자길 74,위탁관리,혼합식,20000929,0226513489,148.0,16238.916,56.0,64.0,28.0,0.0,12002.4,1150010300,16.0,15.0,3.0,5.0,07731
A10025201,서광 프리메라,서울특별시 강서구 화곡동 981-1 서광 프리메라,분양,개별난방,18239.56,1,75.0,서광 건설 산업,미디어 건설,0220657317, ,아파트,서울특별시 강서구 화곡로 292,위탁관리,복도식,20060629,0220657397,75.0,10942.207,0.0,75.0,0.0,0.0,6330.94,1150010300,15.0,15.0,5.0,3.0,07663
A15701002,우장산에스케이뷰,서울특별시 강서구 화곡동 1158 우장산에스케이뷰,분양,개별난방,33248.0,2,203.0, , ,0226911966, ,아파트,서울특별시 강서구 우현로 26,위탁관리,계단식,20061026,0226911967,203.0,22653.7,0.0,162.0,41.0,0.0,18559,1150010300,15.0,15.0,2.0,9.0,07690
A15701003,우장산아이파크이편한세상,서울특별시 강서구 화곡동 1159 우장산아이파크이편한세상,분양,지역난방,384780.88,42,2517.0,"현대산업개발, 대림산업",화곡2주구정비사업조합,0226959442,uie.apti.co.kr,아파트,서울특별시 강서구 강서로 266,위탁관리,계단식,20080108,0226959467,2517.0,272834.56,530.0,1409.0,578.0,0.0,215891.09,1150010300,23.0,23.0,2.0,71.0,07691
A15701004,우장산한화꿈에그린,서울특별시 강서구 화곡동 1151 우장산한화꿈에그린,분양,개별난방,35307.0,3,187.0,한화건설,신부산업개발(주),0226931468,www.,아파트,서울특별시 강서구 우장산로 103,위탁관리,계단식,20041130,0226981467,187.0,23107.98,0.0,92.0,95.0,0.0,19102.61,1150010300,15.0,15.0,3.0,11.0,07648
A15701005,우장산휴먼빌,서울특별시 강서구 화곡동 1156 우장산휴먼빌,,,0.0,1,62.0, , ,0226926542, ,아파트,서울특별시 강서구 우현로 18,,,,0226926545,0.0,0.0,0.0,62.0,0.0,0.0,5208.315,1150010300,1.0,15.0,0.0,0.0,
A15701006,명지해드는터,서울특별시 강서구 화곡동 473-4 명지해드는터,분양,개별난방,12141.0,1,91.0,명지건설,"화곡동 우성,성락 연립 재건축조합",26464652, ,아파트,서울특별시 강서구 등촌로13아길 44,위탁관리,계단식,20050816,26464653,91.0,9927.19,28.0,63.0,0.0,0.0,6900.14,1150010300,11.0,11.0,0.0,0.0,07736
A15701007,강서힐스테이트아파트,서울특별시 강서구 화곡동 1025-33 강서힐스테이트아파트,분양,지역난방,506394.0,37,2603.0,현대건설,화곡3주구주택재건축정비사업조합,0226045234,강서힐스테이트.apti.co.kr,아파트,서울특별시 강서구 우현로 67,위탁관리,계단식,20150819,0226040234,2603.0,327242.53,530.0,1086.0,843.0,144.0,253958.83,1150010300,21.0,21.0,3.0,77.0,07694
A15701601,우장산롯데3차,서울특별시 강서구 화곡동 1148 우장산롯데3차,분양,개별난방,30176.25,4,206.0,롯데기공,롯데,0226046461,www.wlapt.com,아파트,서울특별시 강서구 우장산로 92,위탁관리,계단식,20040806,0226046462,206.0,22445.56,19.0,141.0,46.0,0.0,18514.65,1150010300,12.0,12.0,2.0,10.0,07685
A15701602,우장산롯데캐슬,서울특별시 강서구 화곡동 1145 우장산롯데캐슬,분양,개별난방,235741.0,21,1164.0,롯데건설(주),새마을연합주택조합,0226027413,www.lottecastle1145.co.kr,아파트,서울특별시 강서구 공항대로 382,위탁관리,계단식,20030906,0226027414,1164.0,133365.44,0.0,611.0,345.0,208.0,133365.43,1150010300,25.0,25.0,2.0,31.0,07648
A15770101,화곡2차보람,서울특별시 강서구 화곡동 1149 화곡2차보람,분양,개별난방,25165.0,3,187.0,보람건설,"현대,인산",0226900030, ,아파트,서울특별시 강서구 공항대로48길 12,위탁관리,계단식,20041101,0226900030,187.0,19247.027,55.0,104.0,28.0,0.0,15175.1,1150010300,15.0,15.0,1.0,7.0,07655
A15770102,그랜드아이파크,서울특별시 강서구 화곡동 1095 그랜드아이파크,분양,개별난방,26139.941,3,159.0,현대산업개발,정도건설,0226011095, ,주상복합,서울특별시 강서구 화곡로 347,위탁관리,계단식,20100630,0226012095,159.0,21076.32,0.0,0.0,99.0,60.0,21076.32,1150010300,18.0,18.0,7.0,8.0,07649
A15770801,화곡초록,서울특별시 강서구 화곡동 1139 화곡초록,분양,지역난방,61512.0,9,626.0,동원건설,도시개발공사,0226928673,openapt.seoul.go.kr,아파트,서울특별시 강서구 강서로45다길 30-27,위탁관리,혼합식,19981116,0226928674,625.0,60760.95,506.0,120.0,0.0,0.0,38601.08,1150010300,12.0,12.0,1.0,14.0,07704
A15788203,화곡중앙하이츠,서울특별시 강서구 화곡동 351-89 화곡중앙하이츠,분양,개별난방,40626.18,4,473.0,중앙건설,중앙건설,0226944956, ,아파트,서울특별시 강서구 강서로17가길 46,위탁관리,복도식,19881212,0226054260,473.0,39791.754,282.0,191.0,0.0,0.0,29805.84,1150010300,12.0,12.0,0.0,7.0,07764
A15788302,화곡대림아파트,서울특별시 강서구 화곡동 361-1 화곡대림아파트,분양,개별난방,52415.21,5,416.0,대림산업(주),화곡동 재건축아파트 조합,0226070912, ,아파트,서울특별시 강서구 월정로 160,위탁관리,계단식,19920831,0267410912,416.0,47324.68,0.0,268.0,148.0,0.0,39055.6,1150010300,15.0,15.0,0.0,14.0,07766
A15788901,화곡미성,서울특별시 강서구 화곡동 409-248 화곡미성,분양,개별난방,28382.09,3,228.0,(주)라이프,(주)라이프,0226963986, ,아파트,서울특별시 강서구 초록마을로 176,위탁관리,혼합식,19870502,0226922035,228.0,27904.922,0.0,142.0,86.0,0.0,21873.88,1150010300,13.0,13.0,1.0,5.0,07729
A15791001,화곡유림노르웨이숲,서울특별시 강서구 화곡동 919-1 화곡유림노르웨이숲,분양,개별난방,31334.59,1,225.0,유림건설,유림,0226913224,ulim@hanmail.net,주상복합,서울특별시 강서구 곰달래로 96,위탁관리,복도식,20040916,0226913261,225.0,21272.72,0.0,225.0,0.0,0.0,15836.31,1150010300,13.0,13.0,3.0,5.0,07776
A15792602,화곡푸르지오,서울특별시 강서구 화곡동 1091 화곡푸르지오,분양,지역난방,481276.72,50,2176.0,대우건설,대우건설,0226916104,화곡푸르지오.apti.co.kr,아파트,서울특별시 강서구 화곡로13길 107,위탁관리,계단식,20021031,0226916194,2176.0,345647.72,0.0,506.0,914.0,756.0,263514.45,1150010300,15.0,15.0,3.0,80.0,07703
A10021511,가양우방아파트,서울특별시 강서구 가양동 448-9 가양우방아파트,분양,지역난방,16804.0,1,137.0,(주)우방,(주)우방건설,0236627738, ,아파트,서울특별시 강서구 양천로 521,위탁관리,계단식,19990302,0260848353,137.0,13344.425,61.0,76.0,0.0,0.0,10109.43,1150010400,1.0,19.0,2.0,4.0,
A10021562,강서한강월드메르디앙아파트,서울특별시 강서구 가양동 1462- 강서한강월드메르디앙아파트,분양,개별난방,18747.0,1,144.0,월드건설,수억개발,0236647080, ,아파트,서울특별시 강서구 허준로 16-9,위탁관리,계단식,20060525, ,144.0,15233.04,0.0,144.0,0.0,0.0,12227.76,1150010400,15.0,15.0,1.0,4.0,
A10024367,가양동 강나루 2차현대아파트,서울특별시 강서구 가양동 448 가양동 강나루 2차현대아파트,분양,개별난방,15497.08,2,114.0,고려산업개발(주),고려산업개발(주),0226591414, ,아파트,서울특별시 강서구 양천로 497,위탁관리,혼합식,20010829,0226681235,114.0,11745.8,38.0,57.0,19.0,0.0,9305.06,1150010400,19.0,19.0,0.0,3.0,07534
A10025616,가양보람아파트,서울특별시 강서구 가양동 1497 가양보람아파트,분양,개별난방,16731.2,2,120.0,보람건설(주),보람건설(주),0226686775, ,아파트,서울특별시 강서구 양천로53길 66,위탁관리,계단식,20060427,0226686772,120.0,11593.2,15.0,105.0,0.0,0.0,9037.25,1150010400,19.0,19.0,2.0,4.0,07528
A15720001,강서한강자이,서울특별시 강서구 가양동 1500 강서한강자이,혼합,개별난방,142787.17,10,790.0,gs건설,화이트코리아(주식회사),0226683484,https://ghxi.aptstory.com/,아파트,서울특별시 강서구 양천로55길 55,위탁관리,계단식,20130925,0226683485,790.0,96609.52,184.0,282.0,304.0,20.0,73128.8358,1150010400,22.0,22.0,2.0,20.0,07528
A15720101,가양일신건영휴먼빌,서울특별시 강서구 가양동 1496 가양일신건영휴먼빌,분양,개별난방,22443.0,3,177.0,일신건영,주택조합,0226580862, ,아파트,서울특별시 강서구 강서로 490,위탁관리,계단식,20041223,0226580863,177.0,17707.607,30.0,147.0,0.0,0.0,14227.695,1150010400,15.0,15.0,1.0,6.0,07530
A15774708,가양7단지,서울특별시 강서구 가양동 1486 가양7단지,임대,지역난방,83872.48,10,1998.0,신화건설 외,LH,0226683088, ,아파트,서울특별시 강서구 허준로 209,위탁관리,복도식,19920705,0226683089,1998.0,83402.03,1998.0,0.0,0.0,0.0,56820.51,1150010400,15.0,15.0,0.0,24.0,07531
A15780002,가양우성,서울특별시 강서구 가양동 14-3 가양우성,분양,지역난방,43721.0,4,414.0,우성건설,우성건설,0236624142, ,아파트,서울특별시 강서구 양천로 489,위탁관리,계단식,19901030,0236623833,414.0,41891.04,0.0,414.0,0.0,0.0,34625.52,1150010400,15.0,15.0,0.0,14.0,07526
A15780401,가양강나루현대,서울특별시 강서구 가양동 448-1 가양강나루현대,분양,지역난방,79631.01,9,642.0,고려산업개발(주),가양동 현대연합주택조합,0236640775, ,아파트,서울특별시 강서구 양천로 507,위탁관리,계단식,19990326,0236640776,642.0,60209.82,342.0,300.0,0.0,0.0,45931.92,1150010400,22.0,22.0,3.0,17.0,07534
A15780602,가양한보구암,서울특별시 강서구 가양동 1495 가양한보구암,분양,개별난방,39360.0,4,359.0,(주)한보,가양동주택조합,0236640511, ,아파트,서울특별시 강서구 허준로 76,위탁관리,계단식,19990210,0236652067,359.0,25802.16,181.0,178.0,0.0,0.0,25802.16,1150010400,18.0,18.0,3.0,5.0,07529
A15780603,가양동신대아,서울특별시 강서구 가양동 1459 가양동신대아,분양,지역난방,133109.12,10,660.0,동신주택,대아건설,0226596771, ,아파트,서울특별시 강서구 강서로 532,위탁관리,계단식,19930617,0267356770,660.0,103621.32,0.0,0.0,540.0,120.0,86621.4,1150010400,15.0,15.0,1.0,22.0,07524
A15780604,한강타운아파트,서울특별시 강서구 가양동 1460 한강타운아파트,분양,지역난방,121520.04,11,990.0,"신명건설,신원건설,미주건설","신명건설,신원건설,미주건설",0226590666, ,아파트,서울특별시 강서구 허준로 23,위탁관리,계단식,19930615,0226590667,990.0,103088.7,0.0,990.0,0.0,0.0,84140.1,1150010400,15.0,15.0,1.0,33.0,07524
A15780605,가양2단지,서울특별시 강서구 가양동 1461 가양2단지,분양,지역난방,99589.02,10,1624.0,성지건설,SH도시개발공사,0267354805, ,아파트,서울특별시 강서구 허준로 47,위탁관리,복도식,19921118,0226686470,1624.0,97259.32,1624.0,0.0,0.0,0.0,66816.8,1150010400,15.0,15.0,0.0,21.0,07524
A15780701,가양중앙하이츠,서울특별시 강서구 가양동 1467 가양중앙하이츠,분양,지역난방,33754.16,3,164.0,중앙건설(주),중앙산업(주),0236648542, ,아파트,서울특별시 강서구 허준로 55-20,위탁관리,계단식,19990429,0263412355,164.0,24879.783,0.0,0.0,164.0,0.0,19655.4,1150010400,17.0,17.0,2.0,6.0,07524
A15780703,가양대림경동,서울특별시 강서구 가양동 1474 가양대림경동,분양,지역난방,97179.0,6,540.0,"대림건설, 경동건설","대림건설, 경동건설",0226597257, ,아파트,서울특별시 강서구 허준로 121,위탁관리,계단식,19930917,0267385582,540.0,83843.1,0.0,0.0,540.0,0.0,70956,1150010400,15.0,15.0,1.0,18.0,07525
A15780704,가양3단지(강변),서울특별시 강서구 가양동 1475 가양3단지(강변),분양,지역난방,98089.54,12,1556.0,신일건업(주),도시개발공사,0226687755,http://kykb.apti.co.kr,아파트,서울특별시 강서구 허준로 139,위탁관리,복도식,19921202,0267357755,1556.0,92155.22,1556.0,0.0,0.0,0.0,63616.44,1150010400,15.0,15.0,0.0,23.0,07525
A15780705,가양4단지,서울특별시 강서구 가양동 1478 가양4단지,임대,지역난방,88203.0,12,1998.0,SH공사,SH,0226685241, ,아파트,서울특별시 강서구 양천로57길 37,위탁관리,복도식,19921130,0226680164,1998.0,84256.23,1998.0,0.0,0.0,0.0,54858.72,1150010400,15.0,15.0,0.0,25.0,07527
A15780806,가양5단지,서울특별시 강서구 가양동 1481 가양5단지,임대,지역난방,107846.0,16,2412.0,"대주건설, 건영",SH공사,0226687000, ,아파트,서울특별시 강서구 양천로57길 36,위탁관리,복도식,19921130,0226689744,2411.0,101602.06,2412.0,0.0,0.0,0.0,66202.8,1150010400,15.0,15.0,1.0,34.0,07526
A15780904,가양도시개발공사8단지(임대),서울특별시 강서구 가양동 1482 가양도시개발공사8단지(임대),임대,지역난방,65267.0,9,1110.0,삼성중공업,sh공사,0226689000,happy.i-sh.co.kr/main.do?deptid=20172,아파트,서울특별시 강서구 허준로 176,위탁관리,복도식,19921118,0226686386,1110.0,65266.2,1110.0,0.0,0.0,0.0,45520.2,1150010400,15.0,15.0,1.0,14.0,07533
A15780905,가양6단지,서울특별시 강서구 가양동 1485 가양6단지,분양,지역난방,104835.24,15,1476.0,남광토건(주),SH 공사,0226684807, ,아파트,서울특별시 강서구 허준로 175,위탁관리,복도식,19921118,0226685256,1476.0,104811.48,1476.0,0.0,0.0,0.0,72902.7,1150010400,15.0,15.0,1.0,19.0,07531
A15781002,가양9-1,서울특별시 강서구 가양동 1489 가양9-1,임대,지역난방,53888.19,6,914.0,SH공사,일성건설,0226687753,가양9-1단지.ma-um.co.kr,아파트,서울특별시 강서구 허준로 224,위탁관리,복도식,19921118,0226689682,914.0,53888.19,914.0,0.0,0.0,0.0,37396.8,1150010400,15.0,15.0,1.0,11.0,07532
A15781003,가양9-2,서울특별시 강서구 가양동 1490 가양9-2,분양,지역난방,59860.44,6,1005.0,도시개발공사,도시개발공사,0226686147, ,아파트,서울특별시 강서구 허준로 234,위탁관리,복도식,19930227,0236610732,1005.0,59860.44,1005.0,0.0,0.0,0.0,41220,1150010400,15.0,15.0,1.0,12.0,07532
A10021574,마곡나루경남아파트,서울특별시 강서구 마곡동 1577- 마곡나루경남아파트,분양,개별난방,16461.0,1,140.0,경남건설,경남기업(주),0260940924, ,아파트,서울특별시 강서구 양천로30길 108,위탁관리,계단식,19910514,0226633306,140.0,16442.2,0.0,140.0,0.0,0.0,11833.1,1150010500,1.0,10.0,0.0,7.0,
A10024426,마곡엠밸리9단지,서울특별시 강서구 마곡동 744 마곡엠밸리9단지,혼합,지역난방,217532.0,19,1529.0,한신공영,SH공사,0226662806,mvalley9.com,아파트,서울특별시 강서구 공항대로 103,위탁관리,혼합식,20210215,0226662808,1529.0,217527.0,1000.0,529.0,0.0,0.0,99425.77,1150010500,16.0,16.0,2.0,40.0,07600
A10026879,마곡13단지 힐스테이트마스터 아파트,서울특별시 강서구 마곡동 748 마곡13단지 힐스테이트마스터 아파트,분양,지역난방,191644.16,22,1194.0,현대엔지니어링,코리아신탁,0236647070, ,아파트,서울특별시 강서구 마곡중앙1로 71,위탁관리,계단식,20170410,0236647117,1194.0,123972.25,393.0,801.0,0.0,0.0,91644.575,1150010500,16.0,16.0,2.0,42.0,07809
A10027371,마곡엠밸리11단지,서울특별시 강서구 마곡동 746 마곡엠밸리11단지,혼합,지역난방,48378.37,6,347.0,(주)대보건설,서울주택도시공사,0226625457, ,아파트,서울특별시 강서구 공항대로 124,위탁관리,계단식,20160912,0226625458,347.0,31318.28,295.0,52.0,0.0,0.0,22065.91,1150010500,15.0,15.0,2.0,12.0,07808
A10027403,마곡엠밸리12단지,서울특별시 강서구 마곡동 746-1 마곡엠밸리12단지,혼합,지역난방,56818.13,6,363.0,(주)대보건설,서울주택도시공사,0226617733, ,아파트,서울특별시 강서구 공항대로 140,위탁관리,계단식,20160912,0226615511,363.0,32602.26,319.0,44.0,0.0,0.0,22821.39,1150010500,15.0,15.0,2.0,13.0,07808
A10027433,마곡엠밸리8단지,서울특별시 강서구 마곡동 741 마곡엠밸리8단지,혼합,지역난방,81343.29,10,531.0,한진중공업,SH공사,0220640395, ,아파트,서울특별시 강서구 마곡서1로 81,위탁관리,계단식,20160722,0220640389,531.0,36403.78,345.0,186.0,0.0,0.0,36403.78,1150010500,15.0,15.0,2.0,20.0,07599
A10027452,마곡엠밸리10단지 아파트,서울특별시 강서구 마곡동 747 마곡엠밸리10단지 아파트,혼합,지역난방,83643.44,8,550.0,남양건설,SH공사,0226669603, ,아파트,서울특별시 강서구 마곡중앙1로 72,위탁관리,계단식,20160809,0226669605,550.0,33900.0,492.0,58.0,0.0,0.0,34372.12,1150010500,16.0,16.0,2.0,18.0,07629
A10027687,마곡힐스테이트,서울특별시 강서구 마곡동 725-1 마곡힐스테이트,혼합,지역난방,99265.68,8,603.0,현대건설,긴등마을주택재건축정비사업조합,0226622603,mghillstate.aptner.com,아파트,서울특별시 강서구 마곡중앙3로 74,위탁관리,계단식,20170803,0226621860,603.0,65627.15,158.0,393.0,52.0,0.0,48813.8,1150010500,15.0,15.0,2.0,25.0,07599
A15721001,마곡금호어울림,서울특별시 강서구 마곡동 717 마곡금호어울림,분양,개별난방,20397.62,2,180.0,금호건설,금호산업,0236637349, ,아파트,서울특별시 강서구 양천로47길 94,위탁관리,계단식,20051121,0236633677,180.0,20397.54,0.0,150.0,30.0,0.0,15799.86,1150010500,15.0,15.0,1.0,6.0,07522
A15721003,마곡신안,서울특별시 강서구 마곡동 422 마곡신안,분양,개별난방,27840.0,3,253.0,신안건설,신안건설,0236621080, ,아파트,서울특별시 강서구 양천로30길 123-9,자치관리,혼합식,19931223,0236619143,253.0,24379.0,135.0,88.0,30.0,0.0,18770.14,1150010500,15.0,15.0,0.0,6.0,07595
A15721004,마곡한솔솔파크,서울특별시 강서구 마곡동 716 마곡한솔솔파크,분양,개별난방,33285.93,6,258.0,한솔건설(주),미림씨엠이(주),0226585932,mghansol.com,아파트,서울특별시 강서구 양천로30길 77,위탁관리,계단식,20050214,0226586932,258.0,26110.04,70.0,188.0,0.0,0.0,20052.53,1150010500,15.0,15.0,1.0,10.0,07595
A15721005,마곡벽산,서울특별시 강서구 마곡동 429 마곡벽산,분양,개별난방,68508.47,8,479.0,벽산건설,벽산건설,0236635256,없음,아파트,서울특별시 강서구 양천로47길 118,위탁관리,계단식,19990625,0236635331,479.0,38581.59,152.0,271.0,56.0,0.0,38581.59,1150010500,17.0,17.0,2.0,16.0,07522
A15721006,마곡엠밸리6단지,서울특별시 강서구 마곡동 6 마곡엠밸리6단지,혼합,지역난방,225422.8,19,1466.0,경남기업(주),서울특별시 SH공사,0236657235, ,아파트,서울특별시 강서구 마곡서1로 100,위탁관리,혼합식,20140612,0236657237,1466.0,225422.23,675.0,588.0,203.0,0.0,111736.57,1150010500,16.0,16.0,2.0,48.0,07798
A15721007,마곡엠밸리7단지,서울특별시 강서구 마곡동 743-4 마곡엠밸리7단지,혼합,지역난방,183983.0,13,1004.0,금호,sh공사,0236657022, ,아파트,서울특별시 강서구 마곡서로 133,위탁관리,계단식,20140612,0236657024,1004.0,183983.0,191.0,325.0,488.0,0.0,95039.65,1150010500,16.0,16.0,0.0,33.0,07798
A15721008,마곡엠밸리4단지,서울특별시 강서구 마곡동 4 마곡엠밸리4단지,혼합,지역난방,68417.0,7,420.0,경남기업,SH공사,0236648940, ,아파트,서울특별시 강서구 마곡서로 175,위탁관리,혼합식,20140620,0236648941,420.0,68416.56,258.0,78.0,84.0,0.0,31093.09,1150010500,15.0,15.0,3.0,17.0,07595
A15721009,마곡엠밸리2단지,서울특별시 강서구 마곡동 2 마곡엠밸리2단지,혼합,지역난방,71159.86,6,408.0,(주)한양,sh공사,0226669280, ,아파트,서울특별시 강서구 마곡서1로 146,위탁관리,혼합식,20140619,0226669281,409.0,70471.21,183.0,129.0,96.0,0.0,32576.7,1150010500,14.0,14.0,2.0,17.0,07598
A15721010,마곡엠밸리14단지,서울특별시 강서구 마곡동 14 마곡엠밸리14단지,혼합,지역난방,196539.25,13,1270.0,한화건설(주),SH공사,0226619758, ,아파트,서울특별시 강서구 마곡중앙로 33,위탁관리,혼합식,20140529,0226619750,1270.0,195141.66,582.0,600.0,88.0,0.0,94181.45,1150010500,16.0,16.0,2.0,40.0,07630
A15721011,마곡엠밸리3단지,서울특별시 강서구 마곡동 736 마곡엠밸리3단지,혼합,지역난방,58711.51,4,315.0,(주)한양,에스에이치공사,0226669253, ,아파트,서울특별시 강서구 마곡서1로 132,위탁관리,혼합식,20140619,0226669254,316.0,58373.23,153.0,72.0,90.0,0.0,24966.15,1150010500,15.0,15.0,2.0,15.0,07598
A15722009,마곡엠밸리1단지,서울특별시 강서구 마곡동 734 마곡엠밸리1단지,혼합,지역난방,36762.92,4,237.0,(주)한양,SH공사,0226639811, ,아파트,서울특별시 강서구 마곡서1로 131,위탁관리,혼합식,20140619,0226639812,237.0,16133.56,130.0,107.0,0.0,0.0,16133.54,1150010500,13.0,13.0,2.0,0.0,07598
A15722010,마곡엠밸리5단지,서울특별시 강서구 마곡동 740 마곡엠밸리5단지,혼합,지역난방,83717.68,8,442.0,에스에이치공사,TEC건설+새천년종합건설,0226618301, ,아파트,서울특별시 강서구 마곡서1로 111-11,위탁관리,혼합식,20140626,0226618303,439.0,40045.0,106.0,137.0,199.0,0.0,40045,1150010500,15.0,15.0,2.0,20.0,07599
A15728011,마곡엠밸리15단지,서울특별시 강서구 마곡동 15 마곡엠밸리15단지,혼합,지역난방,173172.0,13,1171.0,대우조선해양건설,에스에이치공사,0226667670,마곡엠밸리15단지.apti.co.kr,아파트,서울특별시 강서구 마곡중앙로 36,위탁관리,혼합식,20140529,0226667672,1171.0,80249.0,729.0,378.0,64.0,0.0,81229.48,1150010500,16.0,16.0,2.0,37.0,07811
A10020082,타워힐아파트,서울특별시 강서구 내발산동 661-2 타워힐아파트,분양,개별난방,72187480.0,1,0.0,을미건설,을미건설,0236643665, ,아파트,서울특별시 강서구 공항대로42길 51-8,자치관리,계단식,20020429,0226994554,51.0,55174144.0,0.0,0.0,0.0,0.0,4330.3845,1150010600,13.0,13.0,1.0,2.0,
A10020618,센터스퀘어 발산,서울특별시 강서구 내발산동 767- 센터스퀘어 발산,임대,개별난방,54114.61,2,0.0,요진건설(주),캡스톤발산역청년주택 일반사모부동산투자유한회사,0226585131, ,주상복합,서울특별시 강서구 공항대로 302,위탁관리,복도식,20250327,0226585171,716.0,48726.46,0.0,0.0,0.0,0.0,20765.27,1150010600,17.0,17.0,4.0,3.0,
A10020646,우장산동문디이스트아파트,서울특별시 강서구 내발산동 765- 우장산동문디이스트아파트,분양,개별난방,10711.52,2,0.0,동문건설,동문건설,0226665915, ,아파트,서울특별시 강서구 강서로45길 92-27,위탁관리,계단식,20230914,0226665916,87.0,10711.52,0.0,0.0,0.0,0.0,6103.54,1150010600,7.0,7.0,1.0,0.0,
A10021698,마곡수명산파크8단지,서울특별시 강서구 내발산동 745- 마곡수명산파크8단지,분양,지역난방,17516.0,7,115.0,성원건설,SH공사,0226613756, ,연립주택,서울특별시 강서구 수명로2길 108,위탁관리,계단식,20061113,0226613766,115.0,12177.6,0.0,115.0,0.0,0.0,9725.75,1150010600,4.0,4.0,1.0,0.0,
A15728002,마곡수명산파크6단지,서울특별시 강서구 내발산동 759 마곡수명산파크6단지,혼합,지역난방,46019.58,6,399.0,SH공사,SH공사,0226676114, ,아파트,서울특별시 강서구 수명로2길 63,위탁관리,혼합식,20071019,0226676115,399.0,33359.242,237.0,162.0,0.0,0.0,25558.61,1150010600,13.0,13.0,2.0,13.0,07635
A15728003,마곡수명산파크3단지,서울특별시 강서구 내발산동 751 마곡수명산파크3단지,혼합,지역난방,75332.0,8,518.0,두산건설,SH공사,0226673114, ,아파트,서울특별시 강서구 수명로1길 110,위탁관리,계단식,20070921,0226673112,518.0,56411.695,0.0,518.0,0.0,0.0,43878.56,1150010600,15.0,15.0,2.0,19.0,07643
A15728004,마곡수명산파크2단지,서울특별시 강서구 내발산동 741 마곡수명산파크2단지,혼합,지역난방,78498.15,9,629.0,"두산, 이수건설",sh공사,0226672114, ,아파트,서울특별시 강서구 강서로47길 158,위탁관리,계단식,20070726,0226672116,629.0,59793.26,272.0,357.0,0.0,0.0,46505.2,1150010600,15.0,15.0,2.0,19.0,07634
A15728005,마곡수명산파크7단지,서울특별시 강서구 내발산동 756 마곡수명산파크7단지,혼합,지역난방,72305.0,10,643.0,SH공사,TEC건설,0226677114,tnaud7@daum.net,아파트,서울특별시 강서구 수명로2가길 22,위탁관리,혼합식,20081001,0226677116,643.0,40735.1,395.0,248.0,0.0,0.0,40735.1,1150010600,13.0,13.0,2.0,19.0,07642
A15728006,마곡수명산파크4단지,서울특별시 강서구 내발산동 753 마곡수명산파크4단지,혼합,지역난방,107875.63,14,919.0,TEC건설,SH 공사,0226674114, ,아파트,서울특별시 강서구 수명로1길 16,위탁관리,혼합식,20080220,0226674116,919.0,82576.72,672.0,247.0,0.0,0.0,61143.58,1150010600,15.0,15.0,2.0,27.0,07643
A15728007,마곡수명산파크5단지,서울특별시 강서구 내발산동 749 마곡수명산파크5단지,혼합,지역난방,96251.19,19,948.0,성원건설(주),SH공사,0226675114, ,아파트,서울특별시 강서구 수명로2길 105,위탁관리,혼합식,20080610,0226675116,948.0,71367.76,948.0,0.0,0.0,0.0,51875.56,1150010600,15.0,15.0,2.0,34.0,07635
A15728008,마곡수명산파크1단지,서울특별시 강서구 내발산동 742 마곡수명산파크1단지,혼합,지역난방,145070.16,16,1421.0,KCC,SH공사,0226671114, ,아파트,서울특별시 강서구 강서로47길 108,위탁관리,혼합식,20071101,0226671116,1421.0,108116.89,841.0,580.0,0.0,0.0,82603,1150010600,15.0,15.0,2.0,36.0,07634
A15728009,우장산힐스테이트,서울특별시 강서구 내발산동 657 우장산힐스테이트,분양,개별난방,339034.56,40,2198.0,"현대건설,현대산업개발,한진중공업",화곡1주구재건축조합,0236632561,wjshill.com,아파트,서울특별시 강서구 강서로 348,위탁관리,계단식,20050504,0226593028,2198.0,247708.94,515.0,1077.0,606.0,0.0,190886.54,1150010600,21.0,21.0,2.0,64.0,07651
A15728010,우장산롯데2차,서울특별시 강서구 내발산동 729 우장산롯데2차,분양,개별난방,20828.0,3,157.0,롯데기공(주),경서연립재건축조합,0236614496,lotte2.co.kr,아파트,서울특별시 강서구 우장산로 47,위탁관리,계단식,20030925,0236610333,157.0,16350.412,27.0,115.0,15.0,0.0,13063.776,1150010600,15.0,15.0,1.0,5.0,07647
A15728013,우장산롯데1차,서울특별시 강서구 내발산동 728 우장산롯데1차,분양,개별난방,30265.0,1,102.0,(주)롯데기공,약수 세림연립조합,0236639587, ,아파트,서울특별시 강서구 우장산로 38,자치관리,혼합식,20021028,0236619588,102.0,11577.28,2.0,70.0,30.0,0.0,9087.696,1150010600,15.0,15.0,2.0,3.0,07682
A15728014,수산오성,서울특별시 강서구 내발산동 721-3 수산오성,,,0.0,1,85.0, , , , ,아파트,서울특별시 강서구 강서로45나길 15,기타,,, ,0.0,0.0,0.0,85.0,0.0,0.0,7129.2,1150010600,1.0,12.0,0.0,0.0,
A15779704,길성그랑프리텔1차,서울특별시 강서구 내발산동 730 길성그랑프리텔1차,분양,개별난방,25753.0,2,194.0,길성건설(주),길성건설(주),0236652625, ,아파트,서울특별시 강서구 강서로46길 79,위탁관리,계단식,20031231,0236652728,194.0,15380.83,0.0,194.0,0.0,0.0,15380.83,1150010600,12.0,12.0,1.0,9.0,07692
A15782501,강서월드메르디앙,서울특별시 강서구 내발산동 659-1 강서월드메르디앙,분양,개별난방,26678.0,3,160.0,월드건설,"중앙,대덕,용광,고려연립재건축주택조합",0236655020, ,아파트,서울특별시 강서구 공항대로42길 54-26,위탁관리,계단식,20060330,0260825030,160.0,17555.61,20.0,111.0,29.0,0.0,13883.4323,1150010600,15.0,15.0,2.0,7.0,07651
A10022156,더트루엘마곡HQ,서울특별시 강서구 공항동 11-10 더트루엘마곡HQ,분양,개별난방,18115.0,3,148.0,일성건설,에어포트씨티,0226669938, ,주상복합,서울특별시 강서구 공항대로 67,위탁관리,혼합식,20240913,0226669939,148.0,9715.337,148.0,0.0,0.0,0.0,7001.2383,1150010800,14.0,14.0,2.0,0.0,
A10028020,해태아파트,서울특별시 강서구 공항동 1371 해태아파트,분양,개별난방,15433.1,2,111.0,해태건설(주),해태건설(주),0226612430, ,아파트,서울특별시 강서구 방화대로 259,위탁관리,혼합식,20000925,0226612430,111.0,8554.65,34.0,77.0,0.0,0.0,8542.35,1150010800,16.0,16.0,2.0,2.0,07617
A15781201,강서센트레빌4차,서울특별시 강서구 공항동 1374 강서센트레빌4차,혼합,개별난방,31163.82,3,215.0,동부건설,공항연립재건축조합,0226611335, ,아파트,서울특별시 강서구 남부순환로 11,위탁관리,계단식,20091104,0226611325,215.0,22127.36,60.0,125.0,30.0,0.0,17752.08,1150010800,15.0,15.0,2.0,10.0,07622
A10021043,방화스카이포레아파트,서울특별시 강서구 방화동 850- 방화스카이포레아파트,임대,개별난방,25767.77,4,315.0,서해종합건설,서울주택도시공사,0226669305,방화스카이포레.apti.co.kr,아파트,서울특별시 강서구 개화동로21길 22,위탁관리,혼합식,20250207,0226669306,315.0,20604.24,315.0,0.0,0.0,0.0,12244.81,1150010900,15.0,15.0,1.0,0.0,
A10021419,마곡센트레빌아파트,서울특별시 강서구 방화동 906- 마곡센트레빌아파트,분양,개별난방,2013830020.0,1,143.0,동부건설,원일빌라 재건축 조합,0226669913,apti.co.kr,아파트,서울특별시 강서구 양천로24길 13,위탁관리,계단식,20210929, ,143.0,12309.19,114.0,29.0,0.0,0.0,8832.6246,1150010900,1.0,16.0,2.0,0.0,
A10021866,강서센트레빌3차,서울특별시 강서구 방화동 893- 강서센트레빌3차,혼합,개별난방,15632.0,3,147.0,동부건설,남양연립주택조합,0226667510,91713298291,아파트,서울특별시 강서구 방화대로41길 6,위탁관리,계단식,20090930,0226667502,147.0,15623.11,9.0,138.0,0.0,0.0,11826.57,1150010900,1.0,15.0,2.0,7.0,
A10023292,방화메이빌아파트,서울특별시 강서구 방화동 902 방화메이빌아파트,분양,개별난방,10303.0,1,90.0,강남건영(주),코리아신탁(주),0226670180, ,아파트,서울특별시 강서구 금낭화로 162,위탁관리,계단식,20171123,0226670181,92.0,6255.36,90.0,0.0,0.0,0.0,4504.689,1150010900,10.0,10.0,2.0,4.0,07511
A10024505,신마곡 벽산 블루밍,서울특별시 강서구 방화동 537-5 신마곡 벽산 블루밍,혼합,지역난방,40329.66,5,298.0,벽산블루밍,씨엔코리아트,0226669601, ,아파트,서울특별시 강서구 양천로10길 38,위탁관리,혼합식,20201126,0226669602,298.0,26467.83,182.0,116.0,0.0,0.0,19305.2551,1150010900,16.0,16.0,3.0,6.0,07602
A10025641,마곡보타닉경남아너스빌아파트,서울특별시 강서구 방화동 883 마곡보타닉경남아너스빌아파트,분양,개별난방,15512.642,2,116.0,경남기업 주식회사,비엘산업(주),0226623276, ,아파트,서울특별시 강서구 양천로26길 38,위탁관리,계단식,20050629,0226653376,116.0,11769.252,28.0,88.0,0.0,0.0,9152.9624,1150010900,15.0,15.0,15.0,2.0,07592
A15722001,마곡삼성,서울특별시 강서구 방화동 857 마곡삼성,분양,개별난방,19331.0,1,170.0,삼성물산,삼성화재재건축조합,0226627503, ,아파트,서울특별시 강서구 방화대로34길 113,위탁관리,계단식,19980109,0226627503,170.0,15741.25,96.0,74.0,0.0,0.0,12039.54,1150010900,15.0,15.0,1.0,7.0,07593
A15722003,마곡신안네트빌(1단지),서울특별시 강서구 방화동 868 마곡신안네트빌(1단지),분양,개별난방,34376.85,3,285.0,신안종합건설,신안종합건설,0226660096,cafe.daum.net/shinannetvill,아파트,서울특별시 강서구 양천로14길 37,위탁관리,혼합식,20020913,0226660779,285.0,31436.78,64.0,178.0,43.0,0.0,23265.2509,1150010900,15.0,15.0,2.0,11.0,07609
A15722004,마곡푸르지오,서울특별시 강서구 방화동 890 마곡푸르지오,혼합,개별난방,49693.41,7,341.0,대우건설,건우3차아파트정비사업조합,0220647182,magokprugio.com,아파트,서울특별시 강서구 방화대로34길 88,위탁관리,계단식,20080609,0220647183,341.0,36511.203,79.0,196.0,66.0,0.0,28953.59,1150010900,12.0,12.0,1.0,14.0,07595
A15722005,마곡 한진해모로,서울특별시 강서구 방화동 579 마곡 한진해모로,분양,개별난방,45505.0,6,354.0,한진중공업,한진중공업,0226617580,없음,아파트,서울특별시 강서구 양천로24가길 59,위탁관리,혼합식,20040511,0226617581,354.0,34318.45,121.0,233.0,0.0,0.0,27022.11,1150010900,15.0,15.0,1.0,14.0,07604
A15722007,방화삼성꽃마을,서울특별시 강서구 방화동 858 방화삼성꽃마을,분양,개별난방,19094.18,3,206.0,삼성,삼성중공업,0226659617, ,아파트,서울특별시 강서구 양천로18길 27,위탁관리,계단식,19971006,0226659611,206.0,19094.18,87.0,119.0,0.0,0.0,15080.08,1150010900,13.0,13.0,0.0,5.0,07604
A15722008,홍익,서울특별시 강서구 방화동 861 홍익,,,0.0,1,65.0, , ,0226626076, ,아파트,서울특별시 강서구 양천로7길 8,기타,,, ,0.0,0.0,0.0,65.0,0.0,0.0,4627.81,1150010900,1.0,8.0,0.0,0.0,
A15722011,방화길훈,서울특별시 강서구 방화동 201-1 방화길훈,분양,개별난방,9919.78,1,112.0,길훈,길훈,0226628643, ,아파트,서울특별시 강서구 양천로30길 98,위탁관리(직영+위탁),복도식,19891228,0226628643,112.0,9872.74,52.0,60.0,0.0,0.0,6619.36,1150010900,1.0,10.0,1.0,2.0,07595
A15722102,개화산동부센트레빌,서울특별시 강서구 방화동 870 개화산동부센트레빌,분양,개별난방,26755.0,4,205.0,동부건설(주),동부건설(주),0226636649, ,아파트,서울특별시 강서구 양천로3길 17,위탁관리,계단식,20030224,0226664684,205.0,20386.773,45.0,160.0,0.0,0.0,16095.69,1150010900,15.0,15.0,1.0,8.0,07516
A15722104,마곡청구아파트,서울특별시 강서구 방화동 859 마곡청구아파트,분양,개별난방,25359.03,3,209.0,청구,방화동 청구 연합 주택 조합,0226654595, ,아파트,서울특별시 강서구 양천로26길 103,위탁관리,계단식,19980220,0226654590,209.0,18742.06,119.0,90.0,0.0,0.0,14772.09,1150010900,15.0,15.0,2.0,7.0,07593
A15722106,마곡우림필유아파트,서울특별시 강서구 방화동 876 마곡우림필유아파트,분양,개별난방,42040.84,3,320.0,우림건설(주),건우/수정재건축조합,0226661160,방화2차우림루미아트.apti.co.kr/,아파트,서울특별시 강서구 양천로28길 29,위탁관리,계단식,20031231,0226661189,320.0,32517.93,0.0,320.0,0.0,0.0,26734.871,1150010900,15.0,15.0,1.0,12.0,07593
A15722108,방화동부센트레빌,서울특별시 강서구 방화동 875 방화동부센트레빌,분양,개별난방,68326.65,7,407.0,동부건설(주),동부건설(주),0226631934, ,아파트,서울특별시 강서구 방화대로45길 32,위탁관리,계단식,20031129,0226631924,407.0,45263.566,5.0,278.0,124.0,0.0,37418.72,1150010900,16.0,16.0,2.0,13.0,07517
A15722201,마곡서광2차아파트,서울특별시 강서구 방화동 871 마곡서광2차아파트,분양,개별난방,27064.52,2,154.0,서광건설(주),서광건설(주),0226626292, ,아파트,서울특별시 강서구 양천로14길 17,위탁관리,계단식,20030602,0226626293,154.0,18545.434,0.0,58.0,96.0,0.0,15216.3142,1150010900,13.0,13.0,2.0,7.0,07603
A15722203,방화신동아,서울특별시 강서구 방화동 796 방화신동아,분양,지역난방,24303.0,2,224.0,신동아건설,강서지역 주택조합,0226644044, ,아파트,서울특별시 강서구 방화대로37길 15,위탁관리,혼합식,19951216,0267354044,224.0,24302.76,131.0,85.0,8.0,0.0,16038.09,1150010900,15.0,15.0,0.0,6.0,07605
A15722204,방화동E편한세상,서울특별시 강서구 방화동 874 방화동E편한세상,분양,개별난방,36423.92,4,279.0,삼호건설,대림건설,0226637213, ,아파트,서울특별시 강서구 양천로6길 57,위탁관리,계단식,20031028,0226637214,279.0,29147.25,13.0,208.0,58.0,0.0,23149.81,1150010900,15.0,15.0,1.0,12.0,07610
A15722304,치현마을동일스위트리버아파트,서울특별시 강서구 방화동 880 치현마을동일스위트리버아파트,분양,개별난방,21769.88,3,213.0,동일,동일,0226611285, ,아파트,서울특별시 강서구 금낭화로24가길 28,위탁관리,계단식,20041223,0226611286,213.0,21414.871,56.0,157.0,0.0,0.0,16700.3232,1150010900,15.0,15.0,0.0,9.0,07512
A15722306,마곡서광,서울특별시 강서구 방화동 860 마곡서광,분양,개별난방,32359.0,5,284.0,(주)서광건설산업,정곡제1지역,0226633941, ,아파트,서울특별시 강서구 양천로27길 129,위탁관리,계단식,19980821,0267353941,284.0,24792.9,175.0,109.0,0.0,0.0,19699.62,1150010900,16.0,16.0,2.0,9.0,07518
A15722307,방화1단지(장미),서울특별시 강서구 방화동 841 방화1단지(장미),분양,지역난방,29738.97,3,387.0,대양건설(주),도시개발공사,0263463241, ,아파트,서울특별시 강서구 양천로 125,위탁관리,복도식,19940729,0226623241,387.0,26866.73,387.0,0.0,0.0,0.0,19111.8,1150010900,15.0,15.0,0.0,5.0,07519
A15722314,방화2단지,서울특별시 강서구 방화동 839 방화2단지,임대,지역난방,67595.0,12,1563.0,진로건설,SH 공사,0226661910, ,아파트,서울특별시 강서구 방화대로48길 40,위탁관리,복도식,19931025,0226663911,1563.0,63595.383,1563.0,0.0,0.0,0.0,41408.66,1150010900,15.0,15.0,0.0,20.0,07519
A15773501,방화월드메르디앙,서울특별시 강서구 방화동 878 방화월드메르디앙,분양,개별난방,33334.21,3,258.0,(주)월드건설,(주)월드건설,0226637419,없음,아파트,서울특별시 강서구 양천로1길 117,위탁관리,계단식,20040607,0226637421,258.0,26123.5,0.0,258.0,0.0,0.0,20876.18,1150010900,14.0,14.0,1.0,11.0,07516
A15777501,마곡중앙하이츠아파트,서울특별시 강서구 방화동 852 마곡중앙하이츠아파트,분양,지역난방,65844.87,8,930.0,중앙하이츠,중앙하이츠,0226634548,cafe.daum.net/banghwa12/4xuQ,아파트,서울특별시 강서구 양천로6길 28,위탁관리,복도식,19940514,0226653221,930.0,65844.87,930.0,0.0,0.0,0.0,46610.1,1150010900,15.0,15.0,1.0,11.0,07611
A15778101,방화동성아파트,서울특별시 강서구 방화동 817 방화동성아파트,분양,지역난방,65560.08,9,686.0,(주)동성종합건설,(주)동성종합건설,0226613522, ,아파트,서울특별시 강서구 금낭화로23길 8,위탁관리,계단식,19931216,0226620641,686.0,65560.08,0.0,686.0,0.0,0.0,52310.7,1150010900,14.0,14.0,0.0,26.0,07509
A15784601,마곡현대아파트,서울특별시 강서구 방화동 863 마곡현대아파트,분양,개별난방,28598.8,4,202.0,현대산업개발,강서재건축조합,0226653421, ,아파트,서울특별시 강서구 양천로 140,위탁관리,혼합식,19991223,0226611116,202.0,20234.98,67.0,120.0,15.0,0.0,15711.79,1150010900,15.0,15.0,3.0,6.0,07593
A15785002,방화3차우림필유,서울특별시 강서구 방화동 546-1 방화3차우림필유,분양,개별난방,24926.86,3,187.0,우림건설,건우예원연립재건축주택조합,0226650337, ,아파트,서울특별시 강서구 양천로14길 118,위탁관리,계단식,20050602,0226640340,187.0,18693.5,49.0,115.0,23.0,0.0,14858.16,1150010900,15.0,15.0,2.0,9.0,07610
A15785005,방화11단지,서울특별시 강서구 방화동 851 방화11단지,임대,지역난방,46596.43,5,1065.0,동성,SH공사,0226644424,happy.i-sh.co.kr/main.do?deptid=20177,아파트,서울특별시 강서구 개화동로21길 4,위탁관리,복도식,19940521,0226643677,1065.0,43941.766,1065.0,0.0,0.0,0.0,29239.8,1150010900,15.0,15.0,0.0,12.0,07611
A15785507,마곡현대1차,서울특별시 강서구 방화동 793 마곡현대1차,분양,지역난방,38713.0,3,337.0,현대,현대,0226616387,홈페이지 없음,아파트,서울특별시 강서구 방화대로37길 26,위탁관리,계단식,19931126,0260916387,337.0,37828.44,39.0,298.0,0.0,0.0,27662.73,1150010900,15.0,15.0,0.0,13.0,07604
A15785601,방화진로,서울특별시 강서구 방화동 804 방화진로,분양,지역난방,20958.89,2,160.0,주)진로건설,주)진로건설,0226659633, ,아파트,서울특별시 강서구 금낭화로 258,위탁관리,계단식,19940909,0226659632,160.0,17360.0,0.0,160.0,0.0,0.0,13589.4,1150010900,10.0,10.0,1.0,8.0,07508
A15785605,방화9단지,서울특별시 강서구 방화동 807 방화9단지,임대,지역난방,14697.39,2,250.0,SH공사,SH공사,0226634041,happy.i-sh.co.kr/main.do?deptid=20176,아파트,서울특별시 강서구 양천로11길 57,위탁관리,복도식,19960920,0226634042,250.0,14461.497,250.0,0.0,0.0,0.0,9960.43,1150010900,9.0,9.0,0.0,3.0,07507
A15785608,방화동 개화아파트,서울특별시 강서구 방화동 819 방화동 개화아파트,분양,지역난방,77917.0,7,462.0,"신일건업(주),공영토건(주)","신일건업(주),공영토건(주)",0226666764, ,아파트,서울특별시 강서구 금낭화로 167,위탁관리,계단식,19940331,0226654790,462.0,64933.68,0.0,0.0,462.0,0.0,52648.2,1150010900,13.0,13.0,0.0,19.0,07509
A15785612,방화6단지,서울특별시 강서구 방화동 816 방화6단지,임대,지역난방,45091.8,4,1000.0,웅산건업외,서울시 SH공사,0226632341,happy.i-sh.co.kr/main.do?deptid=20175,아파트,서울특별시 강서구 금낭화로23길 25,위탁관리,복도식,19940817,0226666792,1000.0,43741.02,1000.0,0.0,0.0,0.0,29625.04,1150010900,13.0,13.0,0.0,12.0,07510
A15785613,방화5단지,서울특별시 강서구 방화동 814 방화5단지,분양,지역난방,85690.0,6,1372.0,도시개발공사,도시개발공사,0226656644, ,아파트,서울특별시 강서구 금낭화로 287-19,위탁관리,복도식,19940817,0226650010,1374.0,80344.164,1372.0,0.0,0.0,0.0,56194.14,1150010900,13.0,13.0,0.0,18.0,07510
A15785703,마곡한숲대림아파트,서울특별시 강서구 방화동 862 마곡한숲대림아파트,분양,개별난방,25896.0,3,206.0,대림산업(주),대림산업(주),0226627937, ,아파트,서울특별시 강서구 방화대로50길 7,위탁관리,계단식,19990816,0226624984,206.0,19519.58,86.0,120.0,0.0,0.0,15321.64,1150010900,15.0,15.0,2.0,6.0,07518
A15785709,방화청솔3단지,서울특별시 강서구 방화동 832 방화청솔3단지,분양,지역난방,36319.95,3,488.0,서울시도시개발공사,서울시도시개발공사,0226657166,bh2665@naver.com,아파트,서울특별시 강서구 방화대로47길 55,위탁관리,복도식,19940728,0260917166,488.0,36319.95,488.0,0.0,0.0,0.0,24088.32,1150010900,15.0,15.0,0.0,7.0,07514
A15785710,방화4단지(삼익삼환),서울특별시 강서구 방화동 831 방화4단지(삼익삼환),분양,지역난방,112794.48,13,680.0,"삼환, 삼익건설","삼환, 삼익건설",0226616691, ,아파트,서울특별시 강서구 방화대로47가길 22,자치관리,계단식,19940824,0226620062,680.0,94882.63,0.0,0.0,680.0,0.0,79274.52,1150010900,15.0,15.0,2.0,23.0,07513
A15785711,방화2-2 그린,서울특별시 강서구 방화동 839 방화2-2 그린,분양,지역난방,59206.46,6,984.0,도시개발공사,SH공사,0226670620, ,아파트,서울특별시 강서구 방화대로48길 40,위탁관리,복도식,19931025,0226670621,984.0,58205.8,984.0,0.0,0.0,0.0,40252.38,1150010900,15.0,15.0,0.0,14.0,07519
A10020550,크라운빌,서울특별시 구로구 신도림동 694- 크라운빌,임대,개별난방,16162.0,1,0.0,계룡건설,관정재단,0226713291, ,도시형 생활주택(아파트),서울특별시 구로구 경인로61길 21,자치관리(직영),계단식,20150916,0226332238,234.0,8339.2,0.0,0.0,0.0,0.0,5376.24,1153010100,16.0,16.0,4.0,2.0,
A10020771,신도림아르디에,서울특별시 구로구 신도림동 695- 신도림아르디에,분양,개별난방,8275.235,1,149.0,명주산업개발(주),수양종합건설주식회사,0226345500, ,도시형 생활주택(아파트),서울특별시 구로구 경인로66길 19,위탁관리,혼합식,20181102,0236672200,149.0,8275.235,149.0,0.0,0.0,0.0,3397.9,1153010100,10.0,10.0,2.0,0.0,
A10021030,신도림팰러티움,서울특별시 구로구 신도림동 412-3 신도림팰러티움,분양,개별난방,26554.76,1,96.0,(주)고속도로관리공단,(주)고속도로관리공단,0226721300, ,주상복합,서울특별시 구로구 경인로 584,위탁관리,기타,20061009,0226723003,139.0,15526.8,0.0,96.0,0.0,0.0,8136.48,1153010100,26.0,26.0,5.0,2.0,
A10022406,신성은하수아파트,서울특별시 구로구 신도림동 640- 신성은하수아파트,분양,개별난방,1745650.0,1,120.0,(주)신성건설,(주)신성건설,0226713534, ,,서울특별시 구로구 경인로66길 5,위탁관리,복도식,19970701, ,120.0,12764.55,68.0,52.0,0.0,0.0,8466.63,1153010100,17.0,17.0,0.0,0.0,
A10022522,신도림2차 푸르지오 아파트,서울특별시 구로구 신도림동 338- 신도림2차 푸르지오 아파트,분양,개별난방,29683.0,2,90.0,대우건설,대우건설,0236672496, ,아파트,서울특별시 구로구 경인로67길 23,위탁관리,계단식,20080926,0236672498,90.0,3630.0,0.0,30.0,60.0,0.0,9824.7,1153010100,19.0,19.0,4.0,2.0,
A10028063,신도림아이파크아파트,서울특별시 구로구 신도림동 332-1 신도림아이파크아파트,임대,개별난방,23583.44,3,189.0,(주)아이앤콘스,일양테라,0226780052, ,아파트,서울특별시 구로구 경인로67길 33,위탁관리,계단식,20150206,0226780053,189.0,15103.44,189.0,0.0,0.0,0.0,10793.0905,1153010100,27.0,27.0,2.0,5.0,08208
A15277302,신도림디큐브시티,서울특별시 구로구 신도림동 692 신도림디큐브시티,분양,기타,120062.81,2,524.0,대성산업,대성산업,0236679001,www.d3cityapt.com,아파트,서울특별시 구로구 경인로 662,위탁관리,혼합식,20110718,0236679002,524.0,76538.8,105.0,103.0,288.0,28.0,54208.19,1153010100,51.0,51.0,7.0,6.0,08209
A15288611,신도림미성,서울특별시 구로구 신도림동 290 신도림미성,분양,중앙난방,71796.16,6,824.0,라이프건설,라이프건설,0226714933, ,아파트,서울특별시 구로구 신도림로11가길 36,위탁관리,복도식,19871211,0226327424,824.0,71796.16,352.0,472.0,0.0,0.0,52343.88,1153010100,13.0,13.0,1.0,7.0,08205
A15288801,신도림우성5차,서울특별시 구로구 신도림동 638 신도림우성5차,분양,개별난방,16328.0,1,154.0,우성건설(주),우성건설(주),0226764981, ,아파트,서울특별시 구로구 신도림로21길 21,위탁관리,복도식,19941215,0263264981,155.0,14775.88,56.0,98.0,0.0,0.0,11151.84,1153010100,11.0,11.0,1.0,2.0,08201
A15288802,신도림대림3차,서울특별시 구로구 신도림동 691 신도림대림3차,분양,개별난방,31419.58,3,204.0,20220321,대림산업,0263477288, ,아파트,서울특별시 구로구 신도림로 11,위탁관리,계단식,20010920,0226796167,204.0,18501.72,0.0,162.0,42.0,0.0,18501.72,1153010100,22.0,22.0,2.0,5.0,08206
A15288803,신도림현대,서울특별시 구로구 신도림동 641 신도림현대,분양,개별난방,26860.0,5,260.0,현대건설,현대건설,0226377180, ,아파트,서울특별시 구로구 신도림로19길 16,위탁관리,혼합식,19990413,0226377181,260.0,23841.32,130.0,130.0,0.0,0.0,18039.36,1153010100,18.0,18.0,1.0,5.0,08201
A15288804,신도림우성3차,서울특별시 구로구 신도림동 637 신도림우성3차,분양,개별난방,30983.0,3,284.0,우성건설,한전연합조합,0226364512,신도림우성3차.apti.so.kr,아파트,서울특별시 구로구 신도림로21길 25,위탁관리,계단식,19931213,0226711295,284.0,30592.48,0.0,284.0,0.0,0.0,24069.9,1153010100,15.0,15.0,0.0,10.0,08201
A15288805,신도림대림5차e-편한세상,서울특별시 구로구 신도림동 647 신도림대림5차e-편한세상,분양,개별난방,53027.11,6,362.0,대림산업(주),대림산업(주),0220693377, ,아파트,서울특별시 구로구 신도림로 32,위탁관리,계단식,20030816,0220691344,362.0,38977.266,0.0,362.0,0.0,0.0,30693.618,1153010100,23.0,23.0,2.0,10.0,08211
A15288806,"신도림우성1,2차","서울특별시 구로구 신도림동 312-17 신도림우성1,2차",분양,개별난방,44868.0,5,408.0,우성건설,우성건설,0226366979, ,아파트,서울특별시 구로구 신도림로 110,위탁관리,계단식,19921204,0226379901,408.0,43745.45,0.0,408.0,0.0,0.0,33689.62,1153010100,15.0,15.0,0.0,14.0,08207
A15288807,신도림대림7차e-편한세상,서울특별시 구로구 신도림동 649 신도림대림7차e-편한세상,분양,개별난방,72335.0,6,411.0,(주)대림산업,동주홍상,0226756064,신도림7차e-편한세상.apti.co.kr,아파트,서울특별시 구로구 신도림로 56-13,위탁관리,계단식,20040616,0226756065,411.0,49470.973,0.0,274.0,137.0,0.0,39204.468,1153010100,25.0,25.0,2.0,9.0,08210
A15288808,SK VIEW,서울특별시 구로구 신도림동 432-1 SK VIEW,분양,개별난방,44408.32,3,304.0,sk건설,(주)더랜드,0226330571, ,주상복합,서울특별시 구로구 경인로 638,위탁관리,계단식,20060424,0226330572,304.0,32661.152,0.0,304.0,0.0,0.0,25831.16,1153010100,29.0,29.0,3.0,6.0,08209
A15288809,신도림동아2차,서울특별시 구로구 신도림동 644 신도림동아2차,분양,개별난방,98211.21,5,655.0,동아건설산업(주),"동아건설,삼영화학",0226726726,https://신도림2차동아.apti.co.kr,아파트,서울특별시 구로구 경인로 643,위탁관리,혼합식,20000517,0267417834,655.0,69412.625,220.0,339.0,96.0,0.0,52680.696,1153010100,26.0,26.0,3.0,11.0,08208
A15288810,신도림동아3차,서울특별시 구로구 신도림동 645 신도림동아3차,분양,개별난방,124838.54,9,813.0,동아건설산업,조흥화학,0226337846, ,아파트,서울특별시 구로구 신도림로 78,위탁관리,계단식,20001114,0226337847,813.0,93850.53,244.0,366.0,48.0,155.0,73762.28,1153010100,27.0,27.0,3.0,16.0,08207
A15288812,신도림4차e-편한세상,서울특별시 구로구 신도림동 646 신도림4차e-편한세상,분양,개별난방,175155.25,15,853.0,한국타이어(주),대림산업(주),0226314296, ,아파트,서울특별시 구로구 경인로65길 16-15,위탁관리,계단식,20030517,0267364296,853.0,127823.91,0.0,273.0,377.0,203.0,98467.25,1153010100,25.0,25.0,2.0,19.0,08208
A15288813,신도림동아1차,서울특별시 구로구 신도림동 643 신도림동아1차,분양,개별난방,177869.67,11,1095.0,한신공영(주),동아건설(주).조흥화학공업(주),0226311648,sidongah.or.kr,아파트,서울특별시 구로구 신도림로 87,위탁관리,계단식,19991130,0267372936,1095.0,131907.03,288.0,561.0,0.0,246.0,105443.05,1153010100,27.0,27.0,3.0,22.0,08202
A15288814,"신도림대림1,2차","서울특별시 구로구 신도림동 642 신도림대림1,2차",분양,개별난방,325741.0,27,2298.0,대림,종근당외,0267370772, ,아파트,서울특별시 구로구 신도림로 16,위탁관리,혼합식,19991127,0267370771,2298.0,192408.2,940.0,804.0,554.0,0.0,192406.4,1153010100,27.0,27.0,2.0,47.0,08211
A10020947,현대파크빌아파트,서울특별시 구로구 구로동 108- 현대파크빌아파트,분양,개별난방,23127.248,1,104.0,(주)현대건설,현대건설(주),028690690, ,주상복합,서울특별시 구로구 공원로 41,자치관리,계단식,19991206,028690642,104.0,23127.246,0.0,0.0,0.0,104.0,15582.125,1153010200,1.0,36.0,2.0,0.0,
A10021077,구로현대의보아파트,서울특별시 구로구 구로동 642-33 구로현대의보아파트,분양,개별난방,13268.09,1,116.0,현대건설(주),현대건설(주),028390990, ,아파트,서울특별시 구로구 구일로8길 121,위탁관리,계단식,19941004,028390144,116.0,13267.7,0.0,116.0,0.0,0.0,9562.07,1153010200,1.0,17.0,0.0,0.0,
A10021214,우민늘푸른아파트,서울특별시 구로구 구로동 1279- 우민늘푸른아파트,분양,개별난방,0.0,1,111.0,우민산업개발(주),우민산업개발(주),028574144, ,아파트,서울특별시 구로구 도림로20길 50,위탁관리,계단식,20041008,028574125,111.0,10782.74,0.0,111.0,0.0,0.0,8601.019,1153010200,1.0,15.0,1.0,5.0,
A10021330,뉴홍현솔레디움아파트,서울특별시 구로구 구로동 1270- 뉴홍현솔레디움아파트,분양,개별난방,14631.0,1,109.0,(주)홍현건설,안흥재건축조합,028652908,(주)홍현건설,아파트,서울특별시 구로구 구로동로42길 77,자치관리,계단식,20021223,028652908,109.0,11580.39,0.0,109.0,0.0,0.0,9236.31,1153010200,1.0,15.0,0.0,0.0,
A10021345,구로지웰아파트,서울특별시 구로구 구로동 1287- 구로지웰아파트,분양,개별난방,16265.0,2,148.0,신영건설,신영건설,028593390, ,아파트,서울특별시 구로구 구로동로28길 42,위탁관리,계단식,20110930,028593391,148.0,11855.614,115.0,32.0,1.0,0.0,9202.43,1153010200,1.0,11.0,0.0,0.0,
A10021636,순영1차 웰라이빌,서울특별시 구로구 구로동 106-10 순영1차 웰라이빌,분양,개별난방,20733.83,1,102.0,순영건설,순영건설,028599820, ,주상복합,서울특별시 구로구 가마산로27길 24,위탁관리,복도식,20031108,028599830,102.0,9090.688,102.0,0.0,0.0,0.0,6069,1153010200,1.0,19.0,0.0,2.0,
A10021832,대림역경남아너스빌,서울특별시 구로구 구로동 1285- 대림역경남아너스빌,분양,개별난방,17130.0,3,129.0,경남기업,경남기업,028638822,없음,아파트,서울특별시 구로구 구로중앙로8길 41-23,위탁관리,계단식,20090519,028638822,129.0,17129.14,0.0,129.0,0.0,0.0,10472.6231,1153010200,15.0,15.0,1.0,4.0,
A10022110,보람쉬움아파트,서울특별시 구로구 구로동 1271- 보람쉬움아파트,분양,개별난방,14031.0,2,100.0,보람건설,보람건설,028381274, ,아파트,서울특별시 구로구 디지털로 318,위탁관리,계단식,20030421,028381274,100.0,9647.024,12.0,88.0,0.0,0.0,7855.2992,1153010200,20.0,20.0,2.0,0.0,
A10022146,구로영화참마음아파트,서울특별시 구로구 구로동 1268- 구로영화참마음아파트,분양,개별난방,17280.0,1,125.0,영화건설주식회사,영화건설주식회사,028526614, ,,서울특별시 구로구 구일로8길 79,위탁관리,계단식,20010504,028526615,125.0,10580.07,0.0,125.0,0.0,0.0,10580.07,1153010200,0.0,16.0,0.0,0.0,
A10022507,다울숲아파트,서울특별시 구로구 구로동 1286- 다울숲아파트,분양,,0.0,1,79.0, , ,07081610815, ,아파트,서울특별시 구로구 가마산로20다길 46,,,20100419, ,0.0,0.0,0.0,78.0,1.0,0.0,6653.76,1153010200,1.0,14.0,0.0,0.0,
A10023471,구로오네뜨시티,서울특별시 구로구 구로동 103-6 구로오네뜨시티,분양,개별난방,21151.0,1,208.0,남해종합건설(주),(주)에이텐피에프브이,028538270, ,아파트,서울특별시 구로구 가마산로 271,위탁관리,계단식,20220128,028538277,208.0,7336.32,208.0,0.0,0.0,0.0,4211.36,1153010200,20.0,20.0,4.0,4.0,08301
A10023681,신안타워아파트,서울특별시 구로구 구로동 100-8 신안타워아파트,분양,개별난방,21415.65,1,98.0,신안건설,신안건설,028589984, ,주상복합,서울특별시 구로구 구로중앙로 68,자치관리,혼합식,19981010,028569984,98.0,7848.62,50.0,32.0,16.0,0.0,7848.62,1153010200,21.0,21.0,0.0,0.0,
A10025743,희훈타워빌,서울특별시 구로구 구로동 110-1 희훈타워빌,분양,개별난방,21596.83,1,73.0,희훈건설,희훈건설,028614075, ,주상복합,서울특별시 구로구 공원로 63,위탁관리,계단식,19980418,028614076,72.0,13248.0,0.0,0.0,53.0,20.0,9596.55,1153010200,30.0,30.0,5.0,0.0,08295
A10026989,대림아르빌아파트,서울특별시 구로구 구로동 1273 대림아르빌아파트,분양,개별난방,13188.0,1,83.0,대림공영,대림공영,028567056, ,아파트,서울특별시 구로구 도림천로12길 6,위탁관리,계단식,20030924,028567056,83.0,13187.96,0.0,56.0,27.0,0.0,7765.16,1153010200,15.0,15.0,2.0,0.0,
A10027493,덕영드림아파트,서울특별시 구로구 구로동 1282 덕영드림아파트,분양,개별난방,13892.28,1,125.0,덕영,덕영,028667001, ,아파트,서울특별시 구로구 구로중앙로 34,자치관리,혼합식,20061228,028386371,125.0,11474.31,65.0,60.0,0.0,0.0,7874.99,1153010200,15.0,15.0,2.0,3.0,08303
A10027507,한국현대아파트,서울특별시 구로구 구로동 642-39 한국현대아파트,분양,개별난방,11310.0,1,105.0,현대건설,현대건설,028545511, ,아파트,서울특별시 구로구 구일로8길 107,자치관리,복도식,19940513,028545511,105.0,11309.55,0.0,105.0,0.0,0.0,8898.75,1153010200,15.0,15.0,0.0,2.0,08323
A15205001,우리유앤미,서울특별시 구로구 구로동 1277 우리유앤미,분양,개별난방,26940.139,2,216.0,(주)우리건설,(주)우리건설,028384812, ,아파트,서울특별시 구로구 구로동로43길 10,위탁관리,혼합식,20041112,0264073654,216.0,21091.42,60.0,156.0,0.0,0.0,16641.86,1153010200,21.0,21.0,1.0,5.0,08281
A15205002,구로두산제2,서울특별시 구로구 구로동 1266 구로두산제2,임대,개별난방,22171.0,1,442.0,두산건설,두산건설,028392051, ,아파트,서울특별시 구로구 도림로 59,위탁관리,복도식,19981130,028392052,442.0,17533.875,442.0,0.0,0.0,0.0,12199.2,1153010200,21.0,21.0,2.0,5.0,08313
A15205103,구로우성(1동),서울특별시 구로구 구로동 1058 구로우성(1동),분양,개별난방,32729.0,3,296.0,우성건설,구로연합주택조합,028529435, ,아파트,서울특별시 구로구 구일로8길 31,위탁관리,계단식,19951116,0267379600,296.0,31825.828,104.0,192.0,0.0,0.0,22372.32,1153010200,18.0,18.0,1.0,9.0,08324
A15205104,구로한일유엔아이,서울특별시 구로구 구로동 1281 구로한일유엔아이,분양,개별난방,68912.086,8,454.0,한일건설,한일건설,028620820,haniluni.apti.co.kr,아파트,서울특별시 구로구 가마산로 87,위탁관리,계단식,20060627,028620940,454.0,39354.5,0.0,414.0,40.0,0.0,39355.294,1153010200,22.0,22.0,2.0,11.0,08327
A15205108,구일우성아파트,서울특별시 구로구 구로동 1259 구일우성아파트,분양,개별난방,109938.0,10,829.0,(주)우성건설,(주)우성건설,028564064, ,아파트,서울특별시 구로구 구일로2길 60,위탁관리,혼합식,19980516,028304955,829.0,86516.05,382.0,248.0,199.0,0.0,66439.13,1153010200,25.0,25.0,2.0,16.0,08325
A15205301,구로신성미소지움,서울특별시 구로구 구로동 1274 구로신성미소지움,분양,개별난방,29580.56,4,240.0,신성건설(주),남부아파트 재건축조합,028662988,openapt.seoul.go.kr/,아파트,서울특별시 구로구 시흥대로161길 50,위탁관리,계단식,20031204,028662989,240.0,23249.4,30.0,210.0,0.0,0.0,18892.95,1153010200,15.0,15.0,1.0,8.0,08393
A15205303,구로한신휴플러스,서울특별시 구로구 구로동 1280 구로한신휴플러스,분양,개별난방,64419.0,7,498.0,한신공영(주),구로제7구역주택재개발조합,028550855,emaul.co.kr,아파트,서울특별시 구로구 디지털로31길 120,위탁관리,혼합식,20070517,028550856,498.0,37737.28,456.0,42.0,0.0,0.0,28411.16,1153010200,19.0,19.0,0.0,12.0,08371
A15205305,구로두산위브,서울특별시 구로구 구로동 1278 구로두산위브,분양,개별난방,65641.99,9,660.0,두산건설,두산건설,028301380, ,아파트,서울특별시 구로구 디지털로31길 85,위탁관리,혼합식,20060728,028301411,660.0,41353.07,620.0,40.0,0.0,0.0,29536.66,1153010200,21.0,21.0,2.0,14.0,08375
A15205405,구로두산,서울특별시 구로구 구로동 1265 구로두산,분양,개별난방,111962.85,10,1285.0,두산건설,구로6구역재개발조합,028645146,www.gurodoosan.aptstory.com,아파트,서울특별시 구로구 도림로 59,위탁관리,혼합식,19981130,028645148,1285.0,94114.58,1081.0,204.0,0.0,0.0,65384.1,1153010200,25.0,25.0,3.0,19.0,08313
A15205508,신구로자이,서울특별시 구로구 구로동 501 신구로자이,분양,개별난방,58498.83,1,299.0,GS건설(주),에이알디홀딩스(주),028627030, ,주상복합,서울특별시 구로구 구로중앙로 134,위탁관리,복도식,20070511,028627029,299.0,39657.74,0.0,160.0,136.0,3.0,30286.92,1153010200,36.0,36.0,0.0,4.0,08293
A15205511,신도림롯데,서울특별시 구로구 구로동 1263 신도림롯데,분양,개별난방,103231.37,11,718.0,(주)롯데건설,(주)다보종합건축사,028578303,신도림롯데.apti.co.kr,아파트,서울특별시 구로구 새말로 31,위탁관리,계단식,19991127,028578304,718.0,80883.42,240.0,328.0,114.0,36.0,63301.64,1153010200,23.0,23.0,1.0,18.0,08291
A15205513,신도림태영타운,서울특별시 구로구 구로동 1267 신도림태영타운,분양,중앙난방,198579.52,13,1252.0,(주)태영,(주)태영,028666365, ,아파트,서울특별시 구로구 새말로 93,위탁관리,계단식,20001222,0260936366,1252.0,144800.9,270.0,688.0,208.0,86.0,113759,1153010200,27.0,27.0,2.0,26.0,08288
A15270501,신도림일신건영아파트,서울특별시 구로구 구로동 1261 신도림일신건영아파트,분양,개별난방,15229.34,1,124.0,일신건영(주),일신건영(주),028572063, ,아파트,서울특별시 구로구 새말로9길 22,자치관리,계단식,19980728,028582063,124.0,11920.69,61.0,63.0,0.0,0.0,8992.35,1153010200,21.0,21.0,2.0,3.0,08291
A15283801,신도림쌍용플래티넘노블,서울특별시 구로구 구로동 46 신도림쌍용플래티넘노블,분양,개별난방,44166.64,2,155.0,남광토건(주),목원엔지리어링,028382850, ,주상복합,서울특별시 구로구 공원로 40,위탁관리,계단식,20061130,028382851,155.0,19471.068,0.0,0.0,155.0,0.0,17884.9,1153010200,32.0,32.0,4.0,0.0,08297
A15283803,구로금호어울림,서울특별시 구로구 구로동 49 구로금호어울림,분양,개별난방,31964.55,1,166.0,금호건설,금호건설,028559845, ,주상복합,서울특별시 구로구 공원로 26,위탁관리,복도식,19970602,028559846,166.0,16964.39,83.0,83.0,0.0,0.0,12014.3,1153010200,22.0,22.0,4.0,2.0,08297
A15283806,구로다솜금호,서울특별시 구로구 구로동 43-4 구로다솜금호,분양,개별난방,33914.14,1,285.0,금호건설,금호건설,0260977169, ,아파트,서울특별시 구로구 새말로16길 70,위탁관리,혼합식,19951116,028530395,286.0,29663.6,143.0,142.0,0.0,0.0,20593.51,1153010200,24.0,24.0,3.0,4.0,08296
A15283807,LG신도림자이,서울특별시 구로구 구로동 42 LG신도림자이,분양,개별난방,47514.89,3,299.0,굿뉴스건설,GS건설,028302212,LG신도림자이.ma-um.co.kr,아파트,서울특별시 구로구 새말로18길 64,위탁관리,계단식,20040207,028302296,299.0,35534.516,0.0,299.0,0.0,0.0,25400.798,1153010200,31.0,31.0,3.0,5.0,08296
A15283809,구로우성,서울특별시 구로구 구로동 23 구로우성,분양,개별난방,32929.06,3,344.0,우성건설,우원건축연구소,028556139, ,아파트,서울특별시 구로구 공원로6가길 67,자치관리,혼합식,19850628,0267396139,344.0,32473.31,1.0,104.0,239.0,0.0,25618.04,1153010200,15.0,15.0,0.0,8.0,08289
A15283902,신구로현대,서울특별시 구로구 구로동 74-30 신구로현대,분양,개별난방,40703.65,3,397.0,현대산업개발,현대산업개발,028568672,신구로현대.APTi.co.kr,아파트,서울특별시 구로구 구로중앙로18길 68,위탁관리,복도식,19880617,028652050,397.0,38663.01,90.0,307.0,0.0,0.0,28245.33,1153010200,15.0,15.0,0.0,6.0,08303
A15284101,구로2차순영웰라이빌,서울특별시 구로구 구로동 97-2 구로2차순영웰라이빌,분양,개별난방,23059.73,1,166.0,순영종합건설(주),순영종합건설(주),028303312,순영2차.apti.co.kr,주상복합,서울특별시 구로구 가마산로 280,자치관리,복도식,20050615,028653312,166.0,14977.512,0.0,166.0,0.0,0.0,10763.01,1153010200,23.0,23.0,5.0,2.0,08302
A15284204,구로성호주상복합,서울특별시 구로구 구로동 104-9 구로성호주상복합,분양,개별난방,15520.0,1,206.0,성호건설(주),성호건설(주),028629334, ,주상복합,서울특별시 구로구 가마산로 283,위탁관리,복도식,20020506,028629335,232.0,13406.04,206.0,0.0,0.0,0.0,7694.85,1153010200,17.0,17.0,5.0,0.0,08301
A15284302,구로대성스카이렉스,서울특별시 구로구 구로동 107-1 구로대성스카이렉스,분양,개별난방,27171.47,2,160.0,대성산업(주),공원빌라 재건축조합,028308303, ,주상복합,서울특별시 구로구 공원로 27,위탁관리,계단식,20060425,028308304,160.0,16867.8,0.0,120.0,40.0,0.0,14281.2,1153010200,23.0,23.0,4.0,6.0,08298
A15284305,구로새솔금호,서울특별시 구로구 구로동 108-2 구로새솔금호,분양,개별난방,34951.84,1,272.0,금호건설,삼성주택조합외 8개조합,028598864,www.intm.co.kr/구로새솔금호,아파트,서울특별시 구로구 공원로 35,위탁관리,혼합식,19960701,028649738,272.0,27859.42,138.0,134.0,0.0,0.0,19641.46,1153010200,24.0,24.0,3.0,5.0,08298
A15284603,구로럭키,서울특별시 구로구 구로동 1257 구로럭키,분양,개별난방,39960.61,2,427.0,럭키개발,구로4지구재개발조합,028370069, ,아파트,서울특별시 구로구 도림로 107,위탁관리,복도식,19920625,028370131,427.0,39674.82,202.0,225.0,0.0,0.0,29137.91,1153010200,15.0,15.0,1.0,5.0,08305
A15284906,구로삼성래미안,서울특별시 구로구 구로동 256-1 구로삼성래미안,분양,개별난방,190134.23,16,1244.0,삼성물산,삼성물산,028567146, ,아파트,서울특별시 구로구 디지털로31길 90,위탁관리,혼합식,20040529,028568387,1244.0,128006.15,308.0,637.0,299.0,0.0,100565.408,1153010200,25.0,25.0,2.0,27.0,08371
A15285004,구로극동,서울특별시 구로구 구로동 314 구로극동,분양,개별난방,51540.0,4,493.0,극동건설,극동건설,028645542,없음,아파트,서울특별시 구로구 구로중앙로7길 28,위탁관리,복도식,19841208,028587536,493.0,46389.562,163.0,88.0,242.0,0.0,36922.962,1153010200,11.0,11.0,1.0,9.0,08312
A15285503,구로보광,서울특별시 구로구 구로동 440 구로보광,분양,개별난방,31557.8,9,340.0,보광주택,보광주택,028576621, ,아파트,서울특별시 구로구 가마산로 231,자치관리,계단식,19840629,0267356621,340.0,31557.8,0.0,105.0,235.0,0.0,25359,1153010200,5.0,5.0,0.0,0.0,08284
A15285804,구로중앙하이츠아파트,서울특별시 구로구 구로동 1269 구로중앙하이츠아파트,분양,개별난방,76847.84,5,597.0,중앙건설,중앙건설,028546751,gurojh.aptstory.com,아파트,서울특별시 구로구 구로동로47길 24,위탁관리,계단식,20010920,028546752,597.0,61417.57,144.0,453.0,0.0,0.0,45109.3815,1153010200,24.0,24.0,2.0,0.0,08279
A15286210,신도림현대,서울특별시 구로구 구로동 560 신도림현대,분양,개별난방,50311.79,3,450.0,현대건설주식회사,"국방부삼일주택,신도림지역주택조합",028300553, ,아파트,서울특별시 구로구 새말로9길 45,위탁관리,계단식,19940121,0267391880,450.0,50278.5,0.0,450.0,0.0,0.0,36004.5,1153010200,21.0,21.0,2.0,11.0,08291
A15286602,구로월드,서울특별시 구로구 구로동 1262 구로월드,분양,개별난방,25499.0,2,189.0,월드건설주식회사,월드건설,0226342591, ,아파트,서울특별시 구로구 구로중앙로 229,위탁관리,혼합식,19981224,0226342592,189.0,18532.584,105.0,84.0,0.0,0.0,13426.56,1153010200,21.0,21.0,0.0,4.0,08215
A15286801,구로우방,서울특별시 구로구 구로동 642-46 구로우방,분양,중앙난방,30119.0,2,256.0,우방,우방,028536432, ,아파트,서울특별시 구로구 구일로 154-17,위탁관리,복도식,19930922,0260910680,256.0,29385.92,0.0,256.0,0.0,0.0,21732.75,1153010200,15.0,15.0,2.0,4.0,08323
A15286802,구로현대상선,서울특별시 구로구 구로동 685-147 구로현대상선,분양,개별난방,29758.22,2,290.0,현대산업,현대상선 직장조합,028662330, ,아파트,서울특별시 구로구 구일로10길 53,위탁관리,계단식,19871029,0232812330,290.0,28257.75,0.0,290.0,0.0,0.0,21836.06,1153010200,15.0,15.0,0.0,10.0,08323
A15286805,구로한신1차,서울특별시 구로구 구로동 642-9 구로한신1차,분양,개별난방,30798.771,2,488.0,한신공영,한국수출공단직장연합주택조합,028565993, ,아파트,서울특별시 구로구 구일로8길 63,자치관리,복도식,19881217,028567987,488.0,30257.52,488.0,0.0,0.0,0.0,21895.923,1153010200,15.0,15.0,0.0,3.0,08323
A15286806,중앙구로하이츠,서울특별시 구로구 구로동 685-124 중앙구로하이츠,분양,중앙난방,56323.61,6,579.0,(주)중앙개발,(주)중앙개발,028673423, ,아파트,서울특별시 구로구 구일로8길 92,위탁관리,복도식,19871117,028673421,579.0,42917.64,63.0,516.0,0.0,0.0,42917.64,1153010200,15.0,15.0,0.0,10.0,08323
A15286807,구로현대연예인,서울특별시 구로구 구로동 685-70 구로현대연예인,분양,중앙난방,72432.0,6,735.0,현대산업개발(주),연예인주택조합,028554514,현대연예인아파트.apti.co.kr,아파트,서울특별시 구로구 구일로4길 46,위탁관리,혼합식,19890828,028584443,735.0,56645.746,135.0,600.0,0.0,0.0,56658.45,1153010200,15.0,15.0,0.0,22.0,08325
A15286809,구로주공,서울특별시 구로구 구로동 685-222 구로주공,분양,중앙난방,186670.0,19,2126.0,대한주택공사,대한주택공사,028530262,구로주공apti.c.kr,아파트,서울특별시 구로구 구일로4길 65,위탁관리,혼합식,19860630,028530264,2126.0,186667.1,666.0,1460.0,0.0,0.0,142048.02,1153010200,15.0,15.0,0.0,34.0,08324
A15288002,구로이화우성,서울특별시 구로구 구로동 1260 구로이화우성,분양,개별난방,64609.15,5,497.0,우성건설,우성건설,028632836,이화우성.apti.co.kr,아파트,서울특별시 구로구 도림로22길 8,위탁관리,혼합식,19980715,028668132,497.0,52836.55,206.0,171.0,120.0,0.0,40645.13,1153010200,23.0,23.0,3.0,0.0,08369
A15288004,구로현대,서울특별시 구로구 구로동 1256 구로현대,분양,개별난방,54530.266,5,591.0,현대산업개발,구로3구역재개발조합,028689836,구로현대.apti.co.kr,아파트,서울특별시 구로구 디지털로 319,위탁관리,복도식,19920518,028590500,591.0,53464.477,264.0,327.0,0.0,0.0,38961.28,1153010200,15.0,15.0,1.0,10.0,08370
A10020359,남구로역 동일센타시아,서울특별시 구로구 가리봉동 779- 남구로역 동일센타시아,분양,개별난방,16304.99,3,0.0,동일건설,.,028555905, ,아파트,서울특별시 구로구 우마1다길 10,위탁관리,계단식,20240726,028555906,162.0,9933.07,0.0,0.0,0.0,0.0,7495.24,1153010300,0.0,7.0,0.0,5.0,
A10021933,고척신원프라자 ,서울특별시 구로구 고척동 324- 고척신원프라자 ,분양,개별난방,24390.0,1,123.0,신원종합건설(주),(주)삼희산업,0226180948, ,주상복합,서울특별시 구로구 중앙로1길 18-18,위탁관리,복도식,19970430, ,123.0,11629.71,67.0,56.0,0.0,0.0,8170.11,1153010600,17.0,17.0,4.0,0.0,
A10023598,고척아이파크RD,서울특별시 구로구 고척동 102-1 고척아이파크RD,임대,개별난방,98021.1,5,746.0,HDC현대산업개발,(주)고척아이파크뉴스테이위탁관리부동산투자회사,0220662223, ,아파트,서울특별시 구로구 중앙로5길 59,위탁관리,계단식,20220831,0226833337,746.0,68294.5,0.0,746.0,0.0,0.0,52645.67,1153010600,35.0,35.0,2.0,22.0,08225
A10023604,고척아이파크MD,서울특별시 구로구 고척동 100-7 고척아이파크MD,임대,개별난방,326213.4,6,1459.0,현대산업개발,(주)고청아이파크대한뉴스테이 위탁관리부동산투자회사,0226131777,고척아이파크MD.apti.co.kr,주상복합,,위탁관리,계단식,20220831,0226131775,1459.0,155227.31,0.0,1459.0,0.0,0.0,104499.69,1153010600,45.0,45.0,3.0,32.0,08226
A10024846,고척성원,서울특별시 구로구 고척동 322 고척성원,분양,개별난방,8344.39,1,74.0,성원 산업개발,신영연립 재건축조합,0226824656,www.k-apt.go.kr,,서울특별시 구로구 경인로47가길 10,자치관리(직영),복도식,19961227,0260844658,74.0,7007.9,36.0,38.0,0.0,0.0,5264.2,1153010600,10.0,10.0,10.0,2.0,08222
A15208003,고척삼환로즈빌,서울특별시 구로구 고척동 336 고척삼환로즈빌,분양,개별난방,86050.13,7,600.0,삼환기업,장미아파트조합,0220669548, ,아파트,서울특별시 구로구 경인로 343,위탁관리,계단식,20041210,0220669549,600.0,61717.57,124.0,430.0,46.0,0.0,48696.022,1153010600,24.0,24.0,2.0,14.0,08226
A15208005,고척마젤란,서울특별시 구로구 고척동 338 고척마젤란,혼합,개별난방,23757.17,2,175.0,유진기업,유진기업,0226825167, ,아파트,서울특별시 구로구 경인로47길 128,위탁관리,계단식,20080501,0226825166,176.0,18632.01,27.0,90.0,58.0,0.0,14544.887,1153010600,15.0,15.0,1.0,7.0,08219
A15208006,고척벽산베스트블루밍,서울특별시 구로구 고척동 342 고척벽산베스트블루밍,혼합,개별난방,50915.363,6,339.0,벽산건설(주),고척제3주택재개발정비사업조합,0220662954,www.gbbest.co.kr,아파트,서울특별시 구로구 고척로60길 30,위탁관리,계단식,20101201,0220602954,339.0,27769.143,79.0,220.0,40.0,0.0,26539.605,1153010600,20.0,20.0,2.0,12.0,08228
A15208007,고척월드메르디앙,서울특별시 구로구 고척동 343 고척월드메르디앙,분양,개별난방,27711.0,4,180.0,(주)월드건설,(주)대한토지신탁,0220667904, ,아파트,서울특별시 구로구 중앙로8길 11,위탁관리,계단식,20110727,0226117904,180.0,15289.2,0.0,180.0,0.0,0.0,15287.73,1153010600,20.0,20.0,3.0,5.0,08223
A15208201,고척양우,서울특별시 구로구 고척동 328 고척양우,분양,개별난방,21192.36,1,165.0,양우종합건설,"황실,건영 재건축조합",0226171305, ,주상복합,서울특별시 구로구 고척로52길 9,위탁관리,혼합식,20000627,0263422133,165.0,15323.997,86.0,79.0,0.0,0.0,11581.02,1153010600,16.0,16.0,2.0,3.0,08228
A15208202,고척삼익1단지,서울특별시 구로구 고척동 330 고척삼익1단지,분양,개별난방,33166.1,2,245.0,삼익건설,한성재건축 주택조합,0220662040,고척삼익1단지.ma-um.co.kr,아파트,서울특별시 구로구 중앙로15길 132-17,위탁관리,혼합식,20010925,0226864906,245.0,32380.36,93.0,95.0,57.0,0.0,20050.95,1153010600,19.0,19.0,0.0,5.0,08239
A15208204,고척한일유앤아이,서울특별시 구로구 고척동 337 고척한일유앤아이,분양,개별난방,54641.312,7,390.0,한일건설,한일건설,0226186640, ,아파트,서울특별시 구로구 중앙로15길 151,위탁관리,계단식,20051229,0226186641,390.0,38950.805,133.0,213.0,44.0,0.0,31067.539,1153010600,23.0,23.0,2.0,10.0,08239
A15279401,고척청솔우성,서울특별시 구로구 고척동 329 고척청솔우성,분양,개별난방,19967.76,2,118.0,우성건설,우성,0226173356,고척청솔우성.ma-um.co.kr,주상복합,서울특별시 구로구 중앙로 101,위탁관리,계단식,20001226,0226173359,118.0,12226.86,39.0,79.0,0.0,0.0,8999.67,1153010600,21.0,21.0,4.0,3.0,08228
A15279402,고척LIG리가아파트,서울특별시 구로구 고척동 340 고척LIG리가아파트,분양,지역난방,63679.9,8,421.0,LIG건설(주),LIG건설(주),0226171395,고척lig리가.apti.co.kr,아파트,서울특별시 구로구 중앙로12길 7,위탁관리,계단식,20090730,0226171399,421.0,43026.78,94.0,327.0,0.0,0.0,33413.12,1153010600,22.0,22.0,2.0,8.0,08218
A15279403,고척파크푸르지오,서울특별시 구로구 고척동 339 고척파크푸르지오,분양,개별난방,101370.0,11,662.0,대우푸르지오,푸르지오,0226152851,gppapt.com,아파트,서울특별시 구로구 중앙로 121,위탁관리,계단식,20090526,0226152850,662.0,67351.92,282.0,276.0,104.0,0.0,52291.38,1153010600,12.0,12.0,2.0,28.0,08240
A15279404,고척대우,서울특별시 구로구 고척동 296 고척대우,분양,지역난방,144421.95,13,987.0,대우,서림재건축,0226182733,고척대우.ma-um.co.kr,아파트,서울특별시 구로구 고척로52길 48,위탁관리,혼합식,19990224,0226131947,987.0,79253.31,400.0,389.0,198.0,0.0,79252.61,1153010600,21.0,21.0,4.0,22.0,08230
A15282403,고척한효,서울특별시 구로구 고척동 52-332 고척한효,분양,개별난방,30277.47,3,290.0,한효건설,한효건설,0267365018, ,아파트,서울특별시 구로구 중앙로5길 24,자치관리,복도식,19851216,0226855018,290.0,29237.057,0.0,1.0,289.0,0.0,21753.78,1153010600,10.0,10.0,0.0,6.0,08224
A15282405,산업인,서울특별시 구로구 고척동 57-9 산업인,분양,개별난방,16660.24,10,342.0,대한전척(주),대한전척(주),0226146860, ,아파트,서울특별시 구로구 경인로47다길 43,위탁관리,계단식,19760709,0226142247,330.0,15272.73,330.0,0.0,12.0,0.0,16663.92,1153010600,5.0,5.0,1.0,0.0,08219
A15282608,고척우성현대,서울특별시 구로구 고척동 76-55 고척우성현대,분양,중앙난방,44847.03,4,440.0,"우성건설(1,2동), 현대산업개발(3,4동)",문교부 직장조합주택 외 4개 조합,0226815494,고척우성현대apti.co.kr,아파트,서울특별시 구로구 중앙로1길 18-19,위탁관리,복도식,19871119,0226895805,440.0,44272.25,66.0,374.0,0.0,0.0,31423.92,1153010600,11.0,11.0,0.0,0.0,08227
A15282810,고척서울가든,서울특별시 구로구 고척동 141-1 고척서울가든,분양,개별난방,70913.0,5,715.0,삼익건설산업(주),삼익건설,0226155823, ,아파트,서울특별시 구로구 중앙로5길 62,위탁관리,혼합식,19890725,0226166175,715.0,67557.02,78.0,351.0,286.0,0.0,51167.61,1153010600,13.0,13.0,0.0,17.0,08224
A15283603,고척경남2차,서울특별시 구로구 고척동 306 고척경남2차,분양,개별난방,34250.0,3,273.0,경남기업주식회사,신안아파트 재건축조합,0226851122,고척경남2차.ma-um.co.kr,아파트,서울특별시 구로구 고척로52길 21,위탁관리,혼합식,19990130,0226851128,273.0,26376.475,113.0,160.0,0.0,0.0,19937,1153010600,19.0,19.0,2.0,6.0,08228
A15283701,고척경남1차,서울특별시 구로구 고척동 325 고척경남1차,분양,개별난방,18137.51,1,163.0,경남건설,오희태양재건축조함,0226259294, ,아파트,서울특별시 구로구 경인로47길 150,위탁관리,혼합식,19980126,0226155957,163.0,15067.765,94.0,69.0,0.0,0.0,11490.73,1153010600,18.0,18.0,1.0,4.0,08218
A15283702,고척우성꿈동산,서울특별시 구로구 고척동 321 고척우성꿈동산,분양,개별난방,29951.69,3,204.0,우성건설,우성건설,0226172777,woosung2617@hanmail.net,아파트,서울특별시 구로구 경인로47다길 34-7,위탁관리,혼합식,19960217,0226172778,204.0,23430.07,0.0,204.0,0.0,0.0,16418.06,1153010600,13.0,13.0,2.0,8.0,08219
A15283704,삼익아파트2단지,서울특별시 구로구 고척동 331 삼익아파트2단지,분양,개별난방,43625.0,4,298.0,삼익건설,삼익건설,0226848424, ,아파트,서울특별시 구로구 중앙로15길 125,자치관리,혼합식,20011117,0220608420,298.0,42814.38,98.0,106.0,94.0,0.0,25668.72,1153010600,19.0,19.0,2.0,8.0,08239
A15283706,고척동아한신,서울특별시 구로구 고척동 327 고척동아한신,분양,개별난방,46656.0,4,355.0,동아건설산업(주),동아건설산업(주),0226129787, ,아파트,서울특별시 구로구 중앙로6길 17,위탁관리,혼합식,20000419,0226139787,355.0,39183.0,113.0,161.0,81.0,0.0,30522.32,1153010600,23.0,23.0,1.0,8.0,08223
A15283707,고척동센츄리,서울특별시 구로구 고척동 320 고척동센츄리,분양,지역난방,44066.81,5,391.0,창조건설,고척 주택 조합,0226882600, ,아파트,서울특별시 구로구 중앙로12길 12,위탁관리,계단식,19940314,0226882266,391.0,42654.543,0.0,391.0,0.0,0.0,33065.42,1153010600,15.0,15.0,0.0,14.0,08218
A15283709,고척청구아파트,서울특별시 구로구 고척동 326 고척청구아파트,분양,지역난방,61151.29,4,448.0,(주)청구,(주)청구,0226181774, ,아파트,서울특별시 구로구 중앙로6길 5-15,위탁관리,혼합식,19990607,0267371774,448.0,45549.48,225.0,146.0,77.0,0.0,34664.76,1153010600,22.0,22.0,3.0,9.0,08223
A15283711,고척벽산블루밍,서울특별시 구로구 고척동 334 고척벽산블루밍,분양,개별난방,132832.97,11,886.0,벽산건설,벽산건설,0226176233, ,아파트,서울특별시 구로구 경인로 390,위탁관리,계단식,20030320,0260946233,886.0,75201.91,0.0,886.0,0.0,0.0,75201.908,1153010600,25.0,25.0,2.0,19.0,08275
A10020664,동도센트리움 아파트 오피스텔,서울특별시 구로구 개봉동 70-12 동도센트리움 아파트 오피스텔,분양,개별난방,19907.51,1,0.0,(주)동도건설,(주)동도건설,0226178775, ,주상복합,서울특별시 구로구 고척로22길 84,위탁관리,계단식,20021017,0226178775,136.0,19907.51,0.0,0.0,0.0,0.0,14655.003,1153010700,1.0,20.0,2.0,0.0,
A10020672,세이지움 개봉,서울특별시 구로구 개봉동 503- 세이지움 개봉,임대,개별난방,34049.65,1,0.0,(주)태영건설,개봉IRDPFV(주),0220602851, ,도시형 생활주택(주상복합),서울특별시 구로구 개봉로19길 11,위탁관리,복도식,20250331,0220602856,605.0,30467.59,0.0,0.0,0.0,0.0,12465.2876,1153010700,24.0,24.0,3.0,6.0,
A10020797,신영지웰에스테이트개봉역,서울특별시 구로구 개봉동 171-2 신영지웰에스테이트개봉역,혼합,개별난방,9388.041,1,122.0,신영씨앤디 ,신영씨앤디 ,0226162617,홈페이지 없음 ,주상복합,서울특별시 구로구 개봉로24길 46,위탁관리,혼합식,20240618,0226162618,122.0,9388.041,122.0,0.0,0.0,0.0,6716.9837,1153010700,1.0,20.0,4.0,4.0,
A10020958,호반써밋개봉아파트,서울특별시 구로구 개봉동 68-7 호반써밋개봉아파트,혼합,개별난방,46440.453,3,317.0,호반건설,개봉5구역,0226125557,개봉5구역주택재건축정비사업조합,아파트,서울특별시 구로구 고척로22길 36,위탁관리,계단식,20241113,0226125558,317.0,29898.367,191.0,124.0,2.0,0.0,21952.918,1153010700,24.0,24.0,3.0,8.0,
A10021547,개봉동인아파트,서울특별시 구로구 개봉동 335-1 개봉동인아파트,분양,개별난방,1004000.0,1,104.0,동인건설,동인건설,0226899881,없음,아파트,서울특별시 구로구 서해안로34가길 22,자치관리,복도식,19891025,0226899881,104.0,7379.51,0.0,104.0,0.0,0.0,7151.18,1153010700,1.0,11.0,2.0,0.0,
A10021629,한양 아이클래스 구로,서울특별시 구로구 개봉동 493- 한양 아이클래스 구로,분양,개별난방,13594.0,1,149.0,한양산업개발,주식회사 새미홀딩스,0236662083, ,아파트,서울특별시 구로구 개봉로23가길 10,자치관리,복도식,20180213,07040092083,154.0,13593.252,149.0,0.0,0.0,0.0,6888.41,1153010700,1.0,16.0,2.0,0.0,
A10022878,개봉상우2차아파트,서울특별시 구로구 개봉동 487 개봉상우2차아파트,분양,개별난방,6500.0,1,72.0,상우건설,조합,0226173297, ,아파트,서울특별시 구로구 남부순환로97길 74,위탁관리,계단식,20050603,0226113297,72.0,2708.46,0.0,72.0,0.0,0.0,5372.46,1153010700,19.0,19.0,0.0,2.0,08328
A10024745,개봉역 센트레빌레우스,서울특별시 구로구 개봉동 497 개봉역 센트레빌레우스,임대,개별난방,163756.62,8,1089.0,"범양건영, 동부건설",(주)서울개봉뉴스테이위탁관리부동산투자회사,0226125000, ,아파트,서울특별시 구로구 경인로 302,위탁관리,혼합식,20200720,0226127010,1089.0,162541.75,47.0,1042.0,0.0,0.0,85540.6388,1153010700,35.0,35.0,2.0,33.0,08274
A15209002,개봉한마을,서울특별시 구로구 개봉동 476 개봉한마을,분양,개별난방,216427.3,26,1983.0,"중앙건설,벽산건설",세아제강,0226849062,개봉한마을아파트.ma-um.co.kr,아파트,서울특별시 구로구 경인로 382,위탁관리,계단식,19990430,0263469064,1983.0,216427.3,828.0,690.0,275.0,190.0,170123.05,1153010700,25.0,25.0,2.0,42.0,08275
A15209003,청실아파트,서울특별시 구로구 개봉동 175-8 청실아파트,분양,개별난방,14897.98,1,156.0, , ,0226860976, ,아파트,서울특별시 구로구 경인로40길 25,자치관리,복도식,19871123,0226870977,156.0,14166.36,0.0,156.0,0.0,0.0,10762.56,1153010700,15.0,15.0,0.0,2.0,08276
A15209004,개봉동아이파크,서울특별시 구로구 개봉동 489 개봉동아이파크,분양,개별난방,78446.34,11,684.0,현대산업개발,현대산업개발,0220665411, ,아파트,서울특별시 구로구 개봉로2길 133-15,위탁관리,계단식,20060619,0220665413,684.0,78442.96,123.0,457.0,104.0,0.0,58459.59,1153010700,27.0,27.0,2.0,16.0,08331
A15209005,개봉거성,서울특별시 구로구 개봉동 270-80 개봉거성,분양,,15608.41,5,190.0,거성주택, ,0226818182, ,아파트,서울특별시 구로구 개봉로15길 91,자치관리,계단식,,0226818182,0.0,0.0,160.0,30.0,0.0,0.0,11049.3,1153010700,5.0,5.0,0.0,0.0,
A15209006,개봉고운아파트,서울특별시 구로구 개봉동 484 개봉고운아파트,분양,개별난방,13174.0,1,100.0,고운건설,고운건설,0226887876, ,아파트,서울특별시 구로구 경인로 271,위탁관리,계단식,20021011,0260820031,100.0,10281.387,32.0,68.0,0.0,0.0,7689.04,1153010700,18.0,18.0,1.0,3.0,08237
A15209007,개봉 푸르지오,서울특별시 구로구 개봉동 492 개봉 푸르지오,혼합,개별난방,147217.0,10,978.0,대우건설,개봉1주택재건축조합,0226142266,개봉푸르지오.apti.co.kr,아파트,서울특별시 구로구 남부순환로 775,위탁관리,계단식,20140520,0226142268,978.0,102776.85,214.0,672.0,92.0,0.0,78380.76,1153010700,25.0,25.0,2.0,25.0,08236
A15209201,개봉상우,서울특별시 구로구 개봉동 473 개봉상우,분양,개별난방,24033.07,2,188.0,상우건설,상우건설,0226855281, ,아파트,서울특별시 구로구 남부순환로97길 50,위탁관리,혼합식,19971211,0226855252,188.0,18613.88,94.0,47.0,47.0,0.0,14060.52,1153010700,24.0,24.0,2.0,4.0,08328
A15209202,개봉삼호아파트,서울특별시 구로구 개봉동 471 개봉삼호아파트,분양,개별난방,45793.742,2,369.0,삼호(주),개봉삼호아파트 재건축조합,0226191801, ,아파트,서울특별시 구로구 남부순환로95길 16,위탁관리,계단식,19961204,0226197010,369.0,37518.85,133.0,236.0,0.0,0.0,27993.06,1153010700,24.0,24.0,3.0,0.0,08328
A15209203,개봉두산,서울특별시 구로구 개봉동 472 개봉두산,분양,개별난방,74198.0,2,561.0,두산건설,화영재건축주택조합,0226258527,개봉두산.apti.co.kr,아파트,서울특별시 구로구 남부순환로95길 88,위탁관리,혼합식,19970912,0267378527,561.0,58284.285,215.0,198.0,148.0,0.0,46185.55,1153010700,28.0,28.0,2.0,10.0,08336
A15209205,삼환아파트,서울특별시 구로구 개봉동 470 삼환아파트,분양,개별난방,98554.0,6,783.0,삼환기업(주),영실재건축조합,0226824745, ,아파트,서울특별시 구로구 남부순환로95길 54,위탁관리,혼합식,19951130,0226846864,783.0,87133.58,313.0,226.0,244.0,0.0,65722.89,1153010700,25.0,25.0,2.0,15.0,08336
A15209206,개봉현대홈타운2단지,서울특별시 구로구 개봉동 480 개봉현대홈타운2단지,분양,개별난방,132651.11,11,964.0,현대건설,현대건설,0260913031,www.emaul.co.kr,아파트,서울특별시 구로구 개봉로20길 158,위탁관리,혼합식,20010822,0220660894,964.0,82544.88,302.0,424.0,206.0,32.0,82544.88,1153010700,28.0,28.0,3.0,19.0,08330
A15209207,개봉동현대아파트,서울특별시 구로구 개봉동 481 개봉동현대아파트,분양,개별난방,365347.4,31,2412.0,현대건설(주),원풍재건축주택조합,0220666001, ,아파트,서울특별시 구로구 개봉로20길 6,위탁관리,계단식,20010822,0220666600,2412.0,274923.12,545.0,1182.0,685.0,0.0,211890.81,1153010700,25.0,25.0,0.0,55.0,08329
A15209303,대상,서울특별시 구로구 개봉동 477 대상,분양,개별난방,25770.0,2,208.0,재건축조합,대상건설,0226831737, ,아파트,서울특별시 구로구 개봉로1길 170,위탁관리,복도식,19990626,0226831736,208.0,21001.926,90.0,118.0,0.0,0.0,14972.28,1153010700,25.0,25.0,2.0,0.0,08355
A15209304,영화 아이닉스,서울특별시 구로구 개봉동 488 영화 아이닉스,분양,개별난방,31875.0,2,212.0,영화건설,영화건설,0226812300, ,아파트,서울특별시 구로구 개봉로1길 188,위탁관리,계단식,20050930,0226129696,212.0,22692.031,0.0,187.0,25.0,0.0,17871.55,1153010700,25.0,25.0,3.0,0.0,08355
A15209305,개봉한진,서울특별시 구로구 개봉동 478 개봉한진,분양,개별난방,183388.84,13,1371.0,한진중공업,개봉동아파트재건축조합,0226163794,www.개봉한진.com,아파트,서울특별시 구로구 개봉로3길 87,위탁관리,혼합식,20000115,0226163793,1371.0,142196.14,557.0,735.0,79.0,0.0,104947.19,1153010700,24.0,24.0,3.0,31.0,08354
A15275101,개봉건영,서울특별시 구로구 개봉동 47-1 개봉건영,분양,개별난방,24523.0,2,209.0,건영종합건설,철도조합,0226878606, ,아파트,서울특별시 구로구 고척로21나길 85-6,위탁관리,계단식,19940509,0226878616,209.0,24410.0,0.0,209.0,0.0,0.0,16893.65,1153010700,19.0,19.0,2.0,6.0,08250
A15280303,개봉거성푸르뫼2차아피트,서울특별시 구로구 개봉동 60-82 개봉거성푸르뫼2차아피트,분양,개별난방,35134.77,3,245.0,(주)거성주택,부성주택(주),0226121505, ,아파트,서울특별시 구로구 고척로 82,위탁관리,계단식,19940702,0267371506,245.0,28014.58,97.0,76.0,72.0,0.0,21820.22,1153010700,19.0,19.0,0.0,7.0,08267
A15280304,개봉거성푸르뫼1차,서울특별시 구로구 개봉동 60-101 개봉거성푸르뫼1차,분양,개별난방,32347.0,3,249.0,거성주택건설(주),거성주택건설(주),0226131450, ,아파트,서울특별시 구로구 고척로 85,위탁관리,계단식,19931124,0226131460,249.0,28324.965,92.0,85.0,72.0,0.0,22234.33,1153010700,18.0,18.0,0.0,8.0,08252
A15280602,신개봉삼환,서울특별시 구로구 개봉동 170-30 신개봉삼환,분양,개별난방,22681.2,1,173.0,삼환기업,건축조합,0220600527,cafe.daum.net/singabongsamwhan,아파트,서울특별시 구로구 경인로38길 13,위탁관리,혼합식,20010330,0220668808,173.0,16712.47,76.0,97.0,0.0,0.0,12353.99,1153010700,19.0,19.0,0.0,4.0,08277
A15282105,개봉영화,서울특별시 구로구 개봉동 475 개봉영화,분양,개별난방,52116.0,2,372.0,영화건설,영화건설,0226878348, ,아파트,서울특별시 구로구 경인로40길 11,위탁관리,혼합식,19980901,0226893714,372.0,40496.3,122.0,200.0,0.0,50.0,31439.66,1153010700,25.0,25.0,2.0,7.0,08276
A10020416,천왕역모아엘가트레뷰,서울특별시 구로구 오류동 362- 천왕역모아엘가트레뷰,혼합,개별난방,73725.68,4,0.0,(주)모아주택,주식회사 이레에이치앤씨,0226121117, ,아파트,서울특별시 구로구 오리로 1165,위탁관리,계단식,20250808,0226121118,440.0,41810.316,0.0,0.0,0.0,0.0,29035.3267,1153010800,26.0,26.0,4.0,8.0,
A10022360,숲에리움헹복주택,서울특별시 구로구 오류동 359- 숲에리움헹복주택,임대,개별난방,10328.0,1,82.0,보미건설,서울주택도시공사,0226880180, ,,서울특별시 구로구 경인로27길 7,위탁관리,복도식,20201125,0226860180,82.0,3035.98,82.0,0.0,0.0,0.0,1393.84,1153010800,18.0,11.0,4.0,4.0,
A10026434,서울 오류동 행복주택,서울특별시 구로구 오류동 64-25 서울 오류동 행복주택,임대,개별난방,57092.96,4,890.0,"롯데건설, 금호건설, 계룔건설",lh공사,0226118582, ,아파트,서울특별시 구로구 경인로20가길 68,위탁관리,기타,20180226,0226138583,890.0,55593.88,890.0,0.0,0.0,0.0,27721.7,1153010800,18.0,18.0,0.0,0.0,08272
A10027522,우림필유아파트,서울특별시 구로구 오류동 348 우림필유아파트,분양,개별난방,13968.33,2,120.0,우림건설,테니스영립재건축조합,0226146981, ,아파트,서울특별시 구로구 서해안로 2368,자치관리,계단식,20051207,0226146982,120.0,8637.12,60.0,60.0,0.0,0.0,8637.12,1153010800,15.0,15.0,1.0,4.0,08340
A15210101,오류동선,서울특별시 구로구 오류동 345 오류동선,분양,개별난방,16366.0,1,152.0,동선건설,동선건설,0226133606, ,아파트,서울특별시 구로구 경인로 158,위탁관리,계단식,20040421,0226133607,152.0,12561.9795,152.0,0.0,0.0,0.0,8848.8168,1153010800,19.0,19.0,1.0,4.0,08273
A15210102,오류금호어울림,서울특별시 구로구 오류동 347 오류금호어울림,분양,개별난방,22177.0,2,182.0,금호건설,금호건설,0220601840, ,아파트,서울특별시 구로구 고척로 41,위탁관리,계단식,20060918,0220601848,182.0,16766.94,74.0,108.0,0.0,0.0,13605.24,1153010800,15.0,15.0,2.0,7.0,08253
A15210103,동부2차아파트,서울특별시 구로구 오류동 339 동부2차아파트,분양,개별난방,29220.42,2,205.0,동부건설(주),돌타운재건축조합동부건설,0226844187, ,아파트,서울특별시 구로구 경인로 248-13,위탁관리,혼합식,19990330,0226844186,205.0,21584.0,91.0,76.0,38.0,0.0,16249.67,1153010800,19.0,19.0,3.0,4.0,08270
A15210104,오류라인,서울특별시 구로구 오류동 334 오류라인,분양,개별난방,27613.38,1,218.0,라인건설(주),라인건설,0226853985, ,아파트,서울특별시 구로구 경인로 230-13,위탁관리,복도식,19951230,0226853975,218.0,24263.33,88.0,87.0,43.0,0.0,17476.8,1153010800,22.0,22.0,2.0,2.0,08270
A15210105,오류동부덕고개,서울특별시 구로구 오류동 336 오류동부덕고개,분양,개별난방,32917.89,3,252.0,동부아파트,덕고개 재건축 조합,0226116561, ,아파트,서울특별시 구로구 경인로 248-14,위탁관리,혼합식,19980711,0226886561,252.0,26390.078,108.0,108.0,36.0,0.0,19785.24,1153010800,18.0,18.0,2.0,6.0,08270
A15210106,오류한신플러스타운,서울특별시 구로구 오류동 341 오류한신플러스타운,분양,개별난방,42178.0,5,299.0,한신공영,오류2지구역주택개발조합,0267412991, ,아파트,서울특별시 구로구 고척로 52,위탁관리,계단식,20020705,0267412992,299.0,30589.633,120.0,120.0,59.0,0.0,24156.42,1153010800,20.0,20.0,2.0,9.0,08269
A15210107,오류동부골든,서울특별시 구로구 오류동 338 오류동부골든,분양,개별난방,118829.0,9,932.0,동부건설,동부건설,0226143557, ,아파트,서울특별시 구로구 고척로 49,위탁관리,혼합식,19981203,0226143558,932.0,103402.35,192.0,360.0,380.0,0.0,81493.88,1153010800,20.0,20.0,1.0,21.0,08253
A15210206,오류금강,서울특별시 구로구 오류동 335 오류금강,분양,개별난방,24417.68,2,247.0,금강주택,금강주택,0226840235, ,아파트,서울특별시 구로구 서해안로34가길 18,위탁관리,혼합식,19960104,0226840220,247.0,24417.68,104.0,143.0,0.0,0.0,18127.99,1153010800,19.0,19.0,0.0,6.0,08340
A15210207,경남아너스빌,서울특별시 구로구 오류동 344 경남아너스빌,분양,개별난방,40735.79,5,296.0,경남기업(주),홍진A주택재건축조합,0226893393, ,아파트,서울특별시 구로구 오류로 65,위탁관리,계단식,20031031,0226891563,296.0,30141.67,45.0,251.0,0.0,0.0,24023.03,1153010800,24.0,24.0,2.0,8.0,08342
A15210209,오류푸르지오,서울특별시 구로구 오류동 346 오류푸르지오,분양,개별난방,53834.645,6,378.0,대우건설(주) 푸르지오,신장미 재건축,0220668713,cafe.daum.net/56prugio,아파트,서울특별시 구로구 오류로8길 11,위탁관리,계단식,20040416,0220668714,378.0,37844.91,0.0,351.0,27.0,0.0,30175.608,1153010800,23.0,23.0,0.0,10.0,08341
A15210210,오류삼천리,서울특별시 구로구 오류동 340 오류삼천리,분양,개별난방,62202.445,4,423.0,(주)삼천리M&C,삼천리,0226827842, ,아파트,서울특별시 구로구 경인로8길 75,위탁관리,계단식,19981128,0267410304,423.0,35660.61,187.0,146.0,90.0,0.0,35660.61,1153010800,25.0,25.0,3.0,11.0,08357
A15210211,오류금강수목원,서울특별시 구로구 오류동 343 오류금강수목원,분양,개별난방,59777.0,22,620.0,금강주택,금강주택,0226891956,없음,아파트,서울특별시 구로구 오리로 1197,위탁관리,계단식,20030913,0226891957,620.0,58115.688,0.0,620.0,0.0,0.0,44712.18,1153010800,5.0,5.0,1.0,62.0,08358
A15210212,오류동 영풍마드레빌,서울특별시 구로구 오류동 342 오류동 영풍마드레빌,분양,개별난방,88905.36,12,627.0,영풍산업(주),영풍산업(주),0226189666, ,아파트,서울특별시 구로구 경인로8길 64,위탁관리,계단식,20020729,0263469666,627.0,49793.06,134.0,493.0,0.0,0.0,49793.059,1153010800,24.0,24.0,2.0,19.0,08357
A15278201,동보,서울특별시 구로구 오류동 337 동보,,,0.0,1,90.0, , ,0226834522, ,아파트,서울특별시 구로구 오리로13가길 30,기타,,,0226834522,0.0,0.0,50.0,40.0,0.0,0.0,6384.4,1153010800,1.0,5.0,0.0,0.0,
A15278301,오류동부골든SH임대,서울특별시 구로구 오류동 338 오류동부골든SH임대,임대,개별난방,17508.14,1,304.0,동부건설,SH공사,0226145688,www.i-sh.co.kr/,아파트,서울특별시 구로구 고척로 49,위탁관리,복도식,19970905,0226145880,304.0,17507.36,304.0,0.0,0.0,0.0,10319.61,1153010800,20.0,20.0,2.0,2.0,08253
A15289508,서울가든빌라,서울특별시 구로구 오류동 97-4 서울가든빌라,분양,개별난방,26935.92,15,339.0,삼익건설산업(주),삼익건설산업(주),0226813911, ,연립주택,서울특별시 구로구 경인로 83,자치관리,계단식,19871203,0226819753,339.0,26935.523,339.0,0.0,0.0,0.0,15576.3,1153010800,3.0,3.0,1.0,0.0,08264
A15288301,궁동우신빌라,서울특별시 구로구 궁동 213-21 궁동우신빌라,분양,개별난방,63413.0,28,762.0,세종건설(주),세종건설(주),0226882016,www.emaul.co.kr,연립주택,서울특별시 구로구 오리로 1265,자치관리,계단식,19881121,0226811994,762.0,63413.22,762.0,0.0,0.0,0.0,37622.94,1153010900,3.0,3.0,0.0,0.0,08257
A15279101,온수힐스테이트,서울특별시 구로구 온수동 155 온수힐스테이트,혼합,개별난방,158579.0,18,999.0,현대건설,"조합,SH공사",0220601685,온수힐스테이트.apti.co.kr,아파트,서울특별시 구로구 부일로9길 127,위탁관리,계단식,20100217,0220601688,999.0,110003.02,373.0,348.0,235.0,43.0,84793.76,1153011000,12.0,12.0,2.0,35.0,08259
A10021128,천왕연지마을2단지,서울특별시 구로구 천왕동 280-2 천왕연지마을2단지,임대,개별난방,10071.66,1,138.0,sh공사,sh공사,0226880022, ,아파트,서울특별시 구로구 오리로 1102-13,위탁관리,복도식,20170830,0226888822,138.0,10071.66,138.0,0.0,0.0,0.0,4052.99,1153011100,1.0,5.0,1.0,0.0,
A10026039,천왕이펜하우스8단지,서울특별시 구로구 천왕동 276 천왕이펜하우스8단지,임대,개별난방,22557.92,4,298.0,동우건설(주),서울주택도시공사,0220600561, ,아파트,서울특별시 구로구 금오로 882,위탁관리,복도식,20180917,0220600562,299.0,22490.14,298.0,0.0,0.0,0.0,10446.4,1153011100,15.0,15.0,1.0,4.0,08366
A10026729,천왕연지마을1단지 아파트,서울특별시 구로구 천왕동  천왕연지마을1단지 아파트,임대,개별난방,11249.0,1,181.0,대들보건설,서울주택도시공사,0226880013, ,아파트,서울특별시 구로구 오류로 36-13,위탁관리,복도식,20170830,0226880014,181.0,11248.23,181.0,0.0,0.0,0.0,4986.58,1153011100,10.0,10.0,1.0,1.0,08350
A10027764,천왕이펜하우스7단지,서울특별시 구로구 천왕동 144 천왕이펜하우스7단지,임대,개별난방,26849.93,5,374.0,우신건설(주),에스에이치공사,0226873666, ,아파트,서울특별시 구로구 천왕로1길 24,위탁관리,복도식,20170207,0226853666,374.0,26849.46,374.0,0.0,0.0,0.0,11205.04,1153011100,15.0,15.0,1.0,6.0,08364
A15210001,천왕연지타운1단지,서울특별시 구로구 천왕동 280 천왕연지타운1단지,혼합,개별난방,74539.68,11,571.0,포스코건설,SH공사,0226139880, ,아파트,서울특별시 구로구 오류로 30,위탁관리,계단식,20131213,0226139881,571.0,74294.12,442.0,129.0,0.0,0.0,33176.63,1153011100,18.0,18.0,2.0,20.0,08350
A15213001,천왕이펜하우스5단지,서울특별시 구로구 천왕동 27 천왕이펜하우스5단지,혼합,개별난방,78914.66,8,522.0,한진중공업,SH공사,0226156155, ,아파트,서울특별시 구로구 천왕로 10,위탁관리,계단식,20110719,0226157155,522.0,78474.76,210.0,160.0,152.0,0.0,43642.1,1153011100,19.0,19.0,2.0,18.0,08365
A15213002,천왕이펜하우스6단지,서울특별시 구로구 천왕동 27 천왕이펜하우스6단지,혼합,개별난방,91038.68,14,678.0,금호건설,SH공사,0226861506, ,아파트,서울특별시 구로구 천왕로 9,위탁관리,계단식,20110617,0226861507,678.0,90438.39,364.0,314.0,0.0,0.0,47089.59,1153011100,15.0,15.0,2.0,22.0,08364
A15213003,천왕이펜하우스2단지,서울특별시 구로구 천왕동 279-2 천왕이펜하우스2단지,혼합,개별난방,71763.0,9,526.0,sh공사,한진중공업,0220603818, ,아파트,서울특별시 구로구 천왕로 92,위탁관리,혼합식,20110603,0220603918,526.0,71762.82,310.0,142.0,74.0,0.0,34860.66,1153011100,13.0,13.0,2.0,0.0,08365
A15213004,천왕이펜하우스4단지,서울특별시 구로구 천왕동 27 천왕이펜하우스4단지,혼합,개별난방,65016.16,11,478.0,금호건설,SH공사,0226113433, ,아파트,서울특별시 구로구 천왕로 29,위탁관리,혼합식,20110803,0226123433,478.0,64657.84,318.0,160.0,0.0,0.0,30853.96,1153011100,15.0,15.0,2.0,16.0,08364
A15213005,천왕이펜하우스3단지,서울특별시 구로구 천왕동 27 천왕이펜하우스3단지,혼합,개별난방,147416.92,13,1044.0,풍림건설,SH공사,0226891503, ,아파트,서울특별시 구로구 천왕로 56,위탁관리,혼합식,20111012,0226891504,1044.0,147416.77,708.0,106.0,230.0,0.0,72609.1,1153011100,18.0,18.0,2.0,29.0,08365
A15213006,천왕이펜하우스1단지,서울특별시 구로구 천왕동 352 천왕이펜하우스1단지,혼합,개별난방,41108.0,6,314.0,풍림산업(주),sh공사,0226141772, ,아파트,서울특별시 구로구 천왕로 91,위탁관리,혼합식,20111012,0226141773,314.0,41107.0,274.0,40.0,0.0,0.0,18592.94,1153011100,15.0,17.0,4.0,11.0,08364
A15213007,천왕연지타운2단지,서울특별시 구로구 천왕동 281 천왕연지타운2단지,혼합,개별난방,148465.44,16,1018.0,(주)금호건설,SH공사,0220601666, ,아파트,서울특별시 구로구 오리로 1102-10,위탁관리,혼합식,20140127,0220600772,1018.0,98579.16,546.0,276.0,196.0,0.0,74418.46,1153011100,20.0,20.0,2.0,25.0,08350
A10024849,구로항동우남퍼스트빌,서울특별시 구로구 항동 216-1 구로항동우남퍼스트빌,분양,지역난방,57050.87,5,337.0,우남건설,우남건설,0226122162, ,아파트,서울특별시 구로구 항동로 8,위탁관리,계단식,20200603,0226122163,337.0,37841.91,0.0,282.0,55.0,0.0,30018.4582,1153011200,20.0,20.0,2.0,9.0,08368
A10024927,구로항동제일풍경채포레스트,서울특별시 구로구 항동 207-1 구로항동제일풍경채포레스트,분양,지역난방,54257.0,4,345.0,제일건설(주),제일건설(주),0236668245, ,아파트,서울특별시 구로구 부광로 96-16,위탁관리,계단식,20200227,0236668246,345.0,38795.15,0.0,296.0,49.0,0.0,30059.9003,1153011200,17.0,17.0,1.0,13.0,08362
A10025115,항동중흥S클래스베르데카운티,서울특별시 구로구 항동 100-5 항동중흥S클래스베르데카운티,분양,지역난방,80443.97,6,419.0,중흥건설(주),중흥건설(주),0269596580, ,아파트,서울특별시 구로구 연동로 233,위탁관리,계단식,20191206,0269596581,419.0,52889.4,0.0,351.0,36.0,32.0,38763.9624,1153011200,20.0,20.0,2.0,14.0,08362
A10025193,항동 한양수자인 에듀힐즈,서울특별시 구로구 항동 153 항동 한양수자인 에듀힐즈,분양,지역난방,99765.6,9,634.0,한양건설(주),국제자산신탁(주),0226173016, ,아파트,서울특별시 구로구 항동로 42,위탁관리,계단식,20190927,0226173018,634.0,70273.06,0.0,531.0,103.0,0.0,54404.3191,1153011200,18.0,18.0,2.0,26.0,08368
A10025302,항동하버라인4단지아파트,서울특별시 구로구 항동 84 항동하버라인4단지아파트,혼합,지역난방,43054.4,4,297.0,동부건설,SH공사,0226114260, ,아파트,서울특별시 구로구 항동로 72,위탁관리,계단식,20190531,0226114261,297.0,43054.4,297.0,0.0,0.0,0.0,17419.54,1153011200,15.0,15.0,2.0,13.0,08368
A10025386,항동하버라인 11단지 아파트,서울특별시 구로구 항동 243 항동하버라인 11단지 아파트,임대,지역난방,21828.38,3,276.0,서울주택도시공사,한신공영,0226840911, ,아파트,서울특별시 구로구 연동로 191-5,위탁관리,복도식,20190222,0226850911,276.0,21826.84,276.0,0.0,0.0,0.0,9134.44,1153011200,15.0,15.0,2.0,5.0,08368
A10025387,항동하버라인2단지,서울특별시 구로구 항동  항동하버라인2단지,혼합,지역난방,91223.42,6,646.0,계룡건설,서울주택도시공사,0220661599, ,아파트,서울특별시 구로구 연동로 234,위탁관리,계단식,20190715,0220660599,646.0,59326.82,447.0,199.0,0.0,0.0,42318.42,1153011200,18.0,18.0,2.0,18.0,08362
A10025527,하버라인10단지,서울특별시 구로구 항동 135-57 하버라인10단지,임대,지역난방,25173.62,3,297.0,동부건설,서울도시주택공사,0226830910, ,아파트,서울특별시 구로구 항동로 60,위탁관리,복도식,20190222,0226840910,297.0,24929.34,297.0,0.0,0.0,0.0,9837.93,1153011200,13.0,13.0,2.0,7.0,08368
A10025564,항동 하버라인9단지,서울특별시 구로구 항동  항동 하버라인9단지,임대,지역난방,24549.21,3,298.0,동부건설,서울주택도시공사,0226820999, ,아파트,서울특별시 구로구 항동로 68,위탁관리,복도식,20190222,0226830999,298.0,24548.06,298.0,0.0,0.0,0.0,9837.62,1153011200,12.0,12.0,2.0,7.0,08368
A10025614,항동하버라인3단지,서울특별시 구로구 항동  항동하버라인3단지,혼합,지역난방,158337.45,12,1170.0,한신공영,SH주택공사,0236660361, ,아파트,서울특별시 구로구 항동로 43,위탁관리,혼합식,20190225,0226880365,1170.0,158333.84,836.0,334.0,0.0,0.0,73991.07,1153011200,18.0,18.0,2.0,37.0,08368
A10025858,항동하버라인8단지,서울특별시 구로구 항동  항동하버라인8단지,임대,지역난방,43196.0,5,384.0,(주)대보건설,서울주택도시공사,0226110078, ,아파트,서울특별시 구로구 서해안로 2036,위탁관리,혼합식,20181030,0226110079,384.0,43046.0,384.0,0.0,0.0,0.0,18226.01,1153011200,15.0,15.0,2.0,9.0,08368
A15271601,서울수목원현대홈타운스위트,서울특별시 구로구 항동 233 서울수목원현대홈타운스위트,분양,개별난방,38277.0,11,245.0,케이앤드탑(주),현대건설,0226880444,26880444@hanmail.net,아파트,서울특별시 구로구 연동로13길 25,위탁관리,계단식,20041210,0226250006,245.0,27817.24,0.0,205.0,40.0,0.0,21761.0932,1153011200,5.0,5.0,1.0,25.0,08360
A15271602,그린빌라,서울특별시 구로구 항동 1-5 그린빌라,분양,,0.0,43,137.0,대륭물산,대륭물산,0226853062,ykkim006@paran.com,아파트,서울특별시 구로구 연동로 287,자치관리,계단식,19830101,0226858658,137.0,21646.0,137.0,0.0,0.0,0.0,22495.19,1153011200,1.0,1.0,0.0,0.0,08360
A10023288,LH서울금천 행복주택아파트,서울특별시 금천구 가산동 219-25 LH서울금천 행복주택아파트,임대,개별난방,17616.2,2,282.0,동일토건,LH서울지역본부,028665670, ,아파트,서울특별시 금천구 디지털로10길 55,위탁관리,복도식,20230630,028665671,285.0,17481.547,282.0,0.0,0.0,0.0,6365.3,1154510100,18.0,18.0,2.0,5.0,08516
A10023956,어바니엘가산,서울특별시 금천구 가산동 775 어바니엘가산,임대,개별난방,25483.76,1,299.0,(주)케이씨씨건설,한국후지필름(주),028632802, ,주상복합,,위탁관리,복도식,20171201,028632806,409.0,16280.9,299.0,0.0,0.0,0.0,6320.85,1154510100,18.0,18.0,2.0,4.0,08502
A10025913,가산지웰에스테이트2차,서울특별시 금천구 가산동 143-6 가산지웰에스테이트2차,분양,개별난방,12007.0,1,238.0,신영건설,에덴퍼유한회사,0262680710, ,주상복합,서울특별시 금천구 가산로9길 12-8,자치관리,복도식,20180829,0262680711,238.0,4578.65,238.0,0.0,0.0,0.0,3367.83,1154510100,12.0,12.0,3.0,4.0,08515
A15380101,가산삼익아파트,서울특별시 금천구 가산동 234-46 가산삼익아파트,분양,개별난방,27874.77,2,210.0,삼익건설,삼익건설,028530043,없음,아파트,서울특별시 금천구 두산로9길 56,위탁관리,혼합식,19980721,028550043,210.0,20394.553,114.0,96.0,0.0,0.0,14963.4,1154510100,19.0,19.0,2.0,3.0,08521
A15380403,가산두산위브,서울특별시 금천구 가산동 769 가산두산위브,분양,개별난방,194383.0,18,1495.0,두산건https://www.k-apt.go.kr/kaptinfo/mng/mng_getKaptBasic.do?menu=1#m2설,두산건설,028575630,gsdsweve.aptner.com,아파트,서울특별시 금천구 가산로 99,위탁관리,계단식,19980309,028575691,1495.0,152615.02,654.0,567.0,274.0,0.0,120921.96,1154510100,25.0,25.0,4.0,33.0,08520
A10019967,독산동아아파트,서울특별시 금천구 독산동 183-1 독산동아아파트,분양,개별난방,14022.92,1,106.0,동아건설,동아건설,028304859, ,아파트,서울특별시 금천구 독산로78다길 52,자치관리,혼합식,19970819,028680090,106.0,9952.8,0.0,58.0,48.0,0.0,9952.8,1154510200,13.0,0.0,2.0,3.0,
A10019992,센트레빌웨스트온,서울특별시 금천구 독산동 1163 센트레빌웨스트온,임대,개별난방,0.0,,0.0, , ,02-830-8982, ,주상복합,서울특별시 금천구 시흥대로 377,,,20260401, ,0.0,0.0,0.0,0.0,0.0,0.0,,1154510200,0.0,0.0,0.0,0.0,
A10020894,독산동삼익아파트,서울특별시 금천구 독산동 956- 독산동삼익아파트,분양,개별난방,16672.56,1,124.0,삼익건설(주),대한연립재건축주택조합,028529560, ,아파트,서울특별시 금천구 남부순환로120길 22,위탁관리,혼합식,19980902,028529700,124.0,11588.72,56.0,68.0,0.0,0.0,8370.02,1154510200,1.0,13.0,2.0,1.0,
A10022155,청광플러스원아파트,서울특별시 금천구 독산동 1139- 청광플러스원아파트,분양,개별난방,16503.605,1,136.0,청광건설,대흥 재건축 주택조합,028515344, ,,서울특별시 금천구 두산로11길 22,위탁관리,계단식,20030722,028641534,136.0,13111.01,30.0,106.0,0.0,0.0,10553.362,1154510200,16.0,16.0,1.0,0.0,
A10024179,독산동태영아파트,서울특별시 금천구 독산동 1003-21 독산동태영아파트,분양,개별난방,16216.17,1,90.0,태영건설,태영건설,028940042, ,,서울특별시 금천구 범안로 1158,위탁관리,혼합식,20010427,028940042,90.0,10132.38,36.0,36.0,18.0,0.0,7141.5,1154510200,19.0,19.0,3.0,0.0,
A10024302,독산역 롯데캐슬아파트,서울특별시 금천구 독산동 1160 독산역 롯데캐슬아파트,임대,개별난방+기타,136510.64,8,927.0,롯데건설,롯데알미늄,028038576, ,아파트,서울특별시 금천구 벚꽃로 100,위탁관리,계단식,20210429,028038577,927.0,88857.27,610.0,317.0,0.0,0.0,63375.1247,1154510200,35.0,35.0,3.0,24.0,08606
A10025116,e편한세상독산더타워아파트,서울특별시 금천구 독산동 1007-13 e편한세상독산더타워아파트,분양,개별난방,59622.78,2,432.0,대림산업,국제자산신탁(주),028024041, ,주상복합,서울특별시 금천구 범안로 1212,위탁관리,계단식,20191128,028070307,432.0,41029.344,280.0,152.0,0.0,0.0,28705.598,1154510200,39.0,39.0,6.0,13.0,08603
A10025946,금천롯데캐슬골드파크3차아파트,서울특별시 금천구 독산동 1155 금천롯데캐슬골드파크3차아파트,분양,개별난방,171462.78,6,1236.0,롯데건설,(주)제이피홀딩스피에프브이,028056876,goldpark3.aptner.com,주상복합,서울특별시 금천구 시흥대로 291,위탁관리,계단식,20181030,028076786,1236.0,121648.02,742.0,494.0,0.0,0.0,86192.1212,1154510200,46.0,46.0,5.0,28.0,08608
A10026024,독산라이프아파트,서울특별시 금천구 독산동 1131 독산라이프아파트,분양,개별난방,12050.35,1,109.0,(주)라이프종합건설,독산지역주택조합,028920212, ,아파트,서울특별시 금천구 벚꽃로 60,자치관리,계단식,19960313,028920212,109.0,11867.13,0.0,109.0,0.0,0.0,8946.08,1154510200,1.0,20.0,1.0,3.0,08607
A10026626,금천롯데캐슬골드파크2차,서울특별시 금천구 독산동 1150 금천롯데캐슬골드파크2차,분양,개별난방,29236.37,2,292.0,롯데건설(주),제이피홀딩스피에프브이,028370013, ,주상복합,서울특별시 금천구 벚꽃로 30,위탁관리,계단식,20170928,028370014,292.0,29236.37,141.0,151.0,0.0,0.0,21234.63,1154510200,41.0,41.0,0.0,4.0,08608
A10027188,금천롯데캐슬골드파크1차아파트,서울특별시 금천구 독산동 1147 금천롯데캐슬골드파크1차아파트,혼합,개별난방,270973.0,11,1743.0,롯데건설(주),(주)제이피홀딩스,028098406,zigbangmovill,아파트,서울특별시 금천구 벚꽃로 40,위탁관리,계단식,20161130,028098408,1743.0,188228.12,357.0,1281.0,105.0,0.0,137730.5424,1154510200,35.0,35.0,2.0,34.0,08608
A15301001,진도1차,서울특별시 금천구 독산동 1002 진도1차,분양,개별난방,12137.69,1,98.0,진도종합건설,주택조합,028026653,없슴,아파트,서울특별시 금천구 벚꽃로18길 36,위탁관리,복도식,19960625,028026653,98.0,10050.56,40.0,58.0,0.0,0.0,7318.32,1154510200,10.0,10.0,0.0,0.0,
A15301105,독산동중앙하이츠빌아파트,서울특별시 금천구 독산동 1140 독산동중앙하이츠빌아파트,분양,개별난방,79873.63,7,554.0,(주)중앙건설,"독산동중앙하이츠1,2지역 주택조합",028587746,cafe.daum.net/joongang02중앙하이츠빌(독산),아파트,서울특별시 금천구 범안로 1136,위탁관리,계단식,20041027,028637746,554.0,60953.074,0.0,554.0,0.0,0.0,47021.7472,1154510200,22.0,22.0,1.0,13.0,08596
A15370301,독산동한양수자인아파트,서울특별시 금천구 독산동 1144 독산동한양수자인아파트,분양,개별난방,31321.36,4,246.0,한양,재건축조합,028662047, ,아파트,서울특별시 금천구 시흥대로150길 6,위탁관리,계단식,20110930,028662048,246.0,21282.791,0.0,246.0,0.0,0.0,16876.123,1154510200,15.0,15.0,2.0,10.0,08540
A15375809,독산주공14단지,서울특별시 금천구 독산동 1088 독산주공14단지,분양,중앙난방,54436.6,5,840.0,대한주택공사,대한주택공사,028921528,cafe.naver.com/haan14apt,아파트,서울특별시 금천구 한내로 69-54,위탁관리,혼합식,19901114,028967438,840.0,53394.45,750.0,90.0,0.0,0.0,41208,1154510200,15.0,15.0,0.0,13.0,08597
A15375810,금천이랜드해가든,서울특별시 금천구 독산동 1143 금천이랜드해가든,분양,개별난방,28564.0,5,187.0,이랜드건설,이랜드 독산지역주택조합,0264097903, ,아파트,서울특별시 금천구 벚꽃로6길 3,위탁관리,계단식,20080421,0264097904,187.0,20452.63,0.0,187.0,0.0,0.0,15882.435,1154510200,25.0,25.0,2.0,5.0,08607
A15381303,독산현대,서울특별시 금천구 독산동 293-10 독산현대,분양,개별난방,24924.62,2,214.0,현대건설,현대건설,028047064, ,주상복합,서울특별시 금천구 범안로17길 12,위탁관리,혼합식,19990820,028047063,214.0,20975.88,100.0,114.0,0.0,0.0,15417.22,1154510200,20.0,20.0,1.0,5.0,08585
A15381402,독산계룡,서울특별시 금천구 독산동 332-14 독산계룡,분양,개별난방,19932.82,2,154.0,계룡건설,계룡건설,028084694, ,아파트,서울특별시 금천구 범안로15길 7,위탁관리,혼합식,19980924,028084693,154.0,15415.314,80.0,74.0,0.0,0.0,11034.24,1154510200,21.0,21.0,2.0,4.0,08586
A15381706,금천현대,서울특별시 금천구 독산동 711-2 금천현대,분양,개별난방,113864.9,10,996.0,현대종합건설,구로연합주택조합,028063117,www.gchdapt.com,아파트,서울특별시 금천구 벚꽃로 73,위탁관리,계단식,20020905,028943750,996.0,93504.36,512.0,484.0,0.0,0.0,71685.56,1154510200,24.0,24.0,0.0,23.0,08596
A15382301,독산신도브래뉴,서울특별시 금천구 독산동 955 독산신도브래뉴,분양,개별난방,45775.01,3,341.0,신도건설,향남재건축조합,028624040,cafe.daum.net/doksan-sindo,아파트,서울특별시 금천구 시흥대로152길 25,위탁관리,혼합식,20021024,028624048,341.0,33309.844,100.0,203.0,38.0,0.0,25411.72,1154510200,19.0,19.0,2.0,8.0,08536
A15383307,독산한신,서울특별시 금천구 독산동 1095 독산한신,분양,지역난방,144092.7,13,1000.0,한신공영,한신공영,028995126,www.hanshinapt.com,아파트,서울특별시 금천구 한내로 62,위탁관리,계단식,19910820,028988300,1000.0,134219.2,0.0,0.0,1000.0,0.0,101037.6,1154510200,24.0,24.0,1.0,32.0,08599
A15383308,독산주공13단지,서울특별시 금천구 독산동 1088-1 독산주공13단지,임대,지역난방,59440.91,7,1226.0,LH,LH,028921651,www.kohom.co.kr,아파트,서울특별시 금천구 한내로 69-15,위탁관리,복도식,19901114,028933421,1236.0,56712.066,1226.0,0.0,0.0,0.0,38444.4,1154510200,15.0,15.0,0.0,16.0,08598
A15383601,독산진도2차,서울특별시 금천구 독산동 1133 독산진도2차,분양,개별난방,17642.45,1,154.0,진도건설,진도,028913790, ,아파트,서울특별시 금천구 두산로 36,위탁관리,혼합식,19971017,028913791,154.0,15399.37,75.0,79.0,0.0,0.0,11178.07,1154510200,21.0,21.0,0.0,3.0,08583
A15383604,독산진도3차,서울특별시 금천구 독산동 1136 독산진도3차,분양,개별난방,32063.0,1,245.0,진도,조합,028046213, ,아파트,서울특별시 금천구 범안로17길 41,위탁관리,혼합식,19991217,028046214,245.0,23539.49,104.0,141.0,0.0,0.0,17410.47,1154510200,19.0,19.0,2.0,5.0,08586
A10020046,탑스빌,서울특별시 금천구 시흥동 268-46 탑스빌,분양,개별난방,0.0,,0.0, , ,02-895-6338, ,아파트,서울특별시 금천구 금하로30길 34,,,20021206, ,0.0,0.0,0.0,0.0,0.0,0.0,11384.52,1154510300,0.0,17.0,0.0,0.0,
A10022481,시흥 중앙하이츠빌라,서울특별시 금천구 시흥동 1005- 시흥 중앙하이츠빌라,분양,개별난방,50656.0,12,222.0,중앙건설,중앙건설,028047773, ,,서울특별시 금천구 시흥대로36길 45,위탁관리,계단식,19881124,028067773,222.0,16669.89,180.0,42.0,0.0,0.0,12576.45,1154510300,0.0,3.0,0.0,0.0,
A10022788,금광포란재아파트,서울특별시 금천구 시흥동 1014 금광포란재아파트,분양,개별난방,0.0,1,97.0,금광건업,금광건업,028961332, ,아파트,서울특별시 금천구 탑골로2길 24,자치관리,계단식,20040201,028969738,87.0,6718.662,16.0,81.0,0.0,0.0,7408.3402,1154510300,11.0,11.0,1.0,0.0,08657
A10025447,경남아파트,서울특별시 금천구 시흥동 820-12 경남아파트,분양,개별난방,16680.08,1,123.0,경남기업 주식회사,광명연립 재건축조합,028922434, ,아파트,서울특별시 금천구 독산로 78-1,자치관리,혼합식,19981219,028922433,123.0,8640.77,79.0,29.0,15.0,0.0,8640.77,1154510300,15.0,15.0,2.0,3.0,08572
A10026187,백운한비치1차아파트,서울특별시 금천구 시흥동 1012 백운한비치1차아파트,분양,개별난방,14187.488,1,114.0,백운건설,주택재건축사업정비조합,028084552, ,아파트,서울특별시 금천구 탑골로2길 19,위탁관리,혼합식,20030927,028084577,114.0,11140.48,0.0,99.0,15.0,0.0,8925.3468,1154510300,15.0,15.0,1.0,0.0,08657
A10026792,백운한비치2차,서울특별시 금천구 시흥동 1018 백운한비치2차,분양,개별난방,13856.0,2,112.0,백운건설,삼천리연합 지역주택조합,028961110,sys06280509@hanmail.net,아파트,서울특별시 금천구 금하로23길 52,위탁관리,계단식,20080115,0232861110,112.0,10866.056,31.0,81.0,0.0,0.0,8631.57,1154510300,14.0,14.0,1.0,6.0,08571
A15303002,관악산벽산타운1단지,서울특별시 금천구 시흥동 1010 관악산벽산타운1단지,분양,개별난방,266394.4,16,1772.0,벽산건설,시흥2-1구역 주택재개발조합,028960736,aptbs1.com,아파트,서울특별시 금천구 금하로 793,위탁관리,혼합식,20000216,028078001,1772.0,210739.44,328.0,616.0,828.0,0.0,167101.68,1154510300,20.0,20.0,2.0,45.0,08655
A15303003,시흥목련,서울특별시 금천구 시흥동 1009 시흥목련,혼합,,10651.53,3,173.0,서울도시개발공사,무성건설,028965772, ,아파트,서울특별시 금천구 금하로3길 26,자치관리,복도식,19960914,028027770,173.0,10651.53,173.0,0.0,0.0,0.0,7110.66,1154510300,12.0,12.0,0.0,0.0,08615
A15303102,시흥베르빌,서울특별시 금천구 시흥동 1015 시흥베르빌,분양,개별난방,32458.0,2,229.0,(주)건설알포메,"오성,혜성,태평연립 재건축조합",028024936, ,아파트,서울특별시 금천구 시흥대로77길 23,위탁관리,계단식,20040525,028034936,229.0,23233.4,14.0,215.0,0.0,0.0,18157.96,1154510300,19.0,19.0,2.0,0.0,08610
A15303103,시흥성지,서울특별시 금천구 시흥동 173-8 시흥성지,분양,개별난방,23439.0,2,233.0,성지건설(주),성지건설(주),028075911,시흥성지.apti.co.kr,아파트,서울특별시 금천구 시흥대로51길 55,위탁관리,복도식,19860813,0263321702,233.0,22539.0,49.0,184.0,0.0,0.0,16436.03,1154510300,13.0,13.0,0.0,4.0,08634
A15303202,관악벽산2단지,서울특별시 금천구 시흥동 1010 관악벽산2단지,임대,개별난방,30202.0,2,564.0,벽산건설(주),SH공사,028087361,happy.i-sh.co.kr/main.do?deptid=70121,아파트,서울특별시 금천구 금하로 793,위탁관리,복도식,20000216,028087360,564.0,30190.92,564.0,0.0,0.0,0.0,18442.8,1154510300,20.0,20.0,2.0,6.0,08655
A15303203,관악우방,서울특별시 금천구 시흥동 1011 관악우방,분양,개별난방,92068.67,8,671.0,우방건설,우방건설,028032020,관악우방.apti.co.kr,아파트,서울특별시 금천구 금하로 750,위탁관리,혼합식,20021230,028032060,671.0,70835.23,304.0,207.0,160.0,0.0,54156.92,1154510300,25.0,25.0,2.0,14.0,08645
A15303204,벽산6,서울특별시 금천구 시흥동 1013-4 벽산6,임대,개별난방,79449.24,4,1288.0,벽산건설,벽산,028922856,happy.i-sh.co.kr/main.do?deptid=70176,아파트,서울특별시 금천구 금하로 796,자치관리,복도식,20040806,028965618,1288.0,62804.168,1288.0,0.0,0.0,0.0,42194.88,1154510300,20.0,20.0,4.0,15.0,08646
A15303205,관악벽산타운5단지,서울특별시 금천구 시흥동 1013 관악벽산타운5단지,분양,개별난방,363995.28,25,2810.0,벽산건설,벽산건설,0263351501, ,아파트,서울특별시 금천구 금하로 816,위탁관리,혼합식,20040806,0263351500,2810.0,310207.8,770.0,1240.0,800.0,0.0,242926.6,1154510300,20.0,20.0,4.0,64.0,08646
A15303401,시흥금강,서울특별시 금천구 시흥동 1008 시흥금강,분양,개별난방,26179.035,1,185.0,금강kcc,..,0232865067,시흥금강.ma-um.co.kr/,아파트,서울특별시 금천구 독산로50길 57-2,위탁관리,혼합식,20000907,0232865068,185.0,19063.496,74.0,94.0,17.0,0.0,14353.16,1154510300,20.0,20.0,3.0,5.0,08563
A15303502,관악산신도브래뉴,서울특별시 금천구 시흥동 1017 관악산신도브래뉴,분양,개별난방,28838.95,2,206.0,신도건설,삼천리 별장빌라 재건축조합,028050241, ,아파트,서울특별시 금천구 금하로24나길 48,위탁관리,계단식,20061128,028050242,206.0,17698.23,14.0,148.0,44.0,0.0,17698.23,1154510300,15.0,15.0,1.0,8.0,08647
A15370103,남서울힐스테이트,서울특별시 금천구 시흥동 789 남서울힐스테이트,분양,개별난방,297868.34,19,1764.0,"풍림산업,현대건설",남서울한양주택재건축조합,028031290, ,아파트,서울특별시 금천구 시흥대로 165,위탁관리,계단식,20140814,028031295,1764.0,210450.53,370.0,961.0,357.0,76.0,156037.197,1154510300,29.0,29.0,0.0,46.0,08637
A15378501,시흥월드메르디앙,서울특별시 금천구 시흥동 806 시흥월드메르디앙,분양,개별난방,23295.0,2,202.0,월드건설(주),"삼천리,무궁화연립주택조합",028088062,없음,아파트,서울특별시 금천구 독산로36길 36,위탁관리,혼합식,20060103,028086800,202.0,18006.613,113.0,89.0,0.0,0.0,14135.6,1154510300,15.0,15.0,1.0,6.0,08569
A15383702,시흥삼익,서울특별시 금천구 시흥동 5-13 시흥삼익,분양,개별난방,115776.24,13,786.0,삼익건설,반도아파트 재건축조합,028064436, ,아파트,서울특별시 금천구 독산로50길 89,위탁관리,혼합식,19990920,028943431,786.0,80472.71,328.0,274.0,184.0,0.0,63958.34,1154510300,25.0,25.0,4.0,15.0,08563
A15383905,남서울 무지개,서울특별시 금천구 시흥동 109-1 남서울 무지개,분양,중앙난방,48428.785,5,640.0,대한종합건설,대한종합건설,028053589, ,아파트,서울특별시 금천구 시흥대로73길 11,위탁관리,복도식,19801224,028931344,639.0,44287.547,400.0,172.0,68.0,0.0,40152.27,1154510300,10.0,10.0,1.0,7.0,08613
A15384101,현대공무원,서울특별시 금천구 시흥동 209 현대공무원,분양,개별난방,21956.0,1,197.0,현대사업개발,현대산업개발,028091767,현대공무원.okhomeapt.co.kr,아파트,서울특별시 금천구 금하로23라길 31,위탁관리,혼합식,19960624,028091768,197.0,21932.414,15.0,182.0,0.0,0.0,15946.84,1154510300,17.0,17.0,2.0,6.0,08571
A15384501,벽산타운3단지,서울특별시 금천구 시흥동 1006 벽산타운3단지,분양,개별난방,34641.0,3,270.0,벽산건설,시흥2동재건축조합,028914797, ,아파트,서울특별시 금천구 탑골로 84,위탁관리,혼합식,19981028,028914797,270.0,27851.168,124.0,100.0,46.0,0.0,21217.64,1154510300,23.0,23.0,2.0,1.0,08655
A15384603,남서울건영2차,서울특별시 금천구 시흥동 384-12 남서울건영2차,분양,개별난방,48916.53,3,619.0,건영,건영,028058893, ,아파트,서울특별시 금천구 독산로10길 96,위탁관리,혼합식,19891021,028053843,619.0,47424.777,237.0,382.0,0.0,0.0,34460.63,1154510300,15.0,15.0,1.0,6.0,08644
A15386303,시흥현대빌라,서울특별시 금천구 시흥동 982 시흥현대빌라,분양,개별난방,18857.4,15,330.0,신안건설,신안건설,028097374, ,연립주택,서울특별시 금천구 시흥대로 53,위탁관리,계단식,19890525,028067374,330.0,18651.6,330.0,0.0,0.0,0.0,12382.02,1154510300,3.0,3.0,0.0,0.0,08640
A15386404,남서울건영아파트,서울특별시 금천구 시흥동 992-2 남서울건영아파트,분양,개별난방,19701.11,3,260.0,건영건설,건영아파트,028028393, ,아파트,서울특별시 금천구 시흥대로59길 35,위탁관리,복도식,19821207,028028394,260.0,19701.11,117.0,78.0,65.0,0.0,18039.6,1154510300,13.0,13.0,1.0,2.0,08632
A15386506,남서울럭키아파트,서울특별시 금천구 시흥동 1002-1 남서울럭키아파트,분양,개별난방,75305.77,9,986.0,럭키건설,럭키건설,028060090,nslucky.aptner.com/,아파트,서울특별시 금천구 시흥대로47길 43,위탁관리,복도식,19811223,028099640,986.0,68286.94,842.0,144.0,0.0,0.0,47984.53,1154510300,12.0,12.0,0.0,11.0,08634
A10026311,순영웰라이빌아파트,서울특별시 영등포구 영등포동 648 순영웰라이빌아파트,분양,개별난방,20224.59,2,136.0,(주)순영종합건설,(주)순영종합건설,028497740, ,아파트,서울특별시 영등포구 영등포로62길 42,위탁관리,계단식,20020718,028497740,136.0,11543.68,0.0,136.0,0.0,0.0,11543.68,1156010100,17.0,17.0,2.0,4.0,07309
A15003001,영등포두산위브,서울특별시 영등포구 영등포동 649 영등포두산위브,분양,개별난방,38789.07,4,271.0,두산건설(주),영등포제1구역 주택재개발조합,028418244, ,아파트,서울특별시 영등포구 신길로60나길 9,위탁관리,계단식,20041015,028448244,271.0,27622.97,114.0,103.0,54.0,0.0,21651.31,1156010100,15.0,15.0,2.0,8.0,07311
A15003002,영등포푸르지오,서울특별시 영등포구 영등포동 647 영등포푸르지오,분양,개별난방,307282.25,31,2462.0,대우건설,(주)넥서스건설,0267452247,www.ydpprugio.com,아파트,서울특별시 영등포구 도신로29길 28,위탁관리,계단식,20020531,028476767,2462.0,257942.5,370.0,2092.0,0.0,0.0,186887.603,1156010100,23.0,23.0,0.0,58.0,07365
A10024490,여의도더리브스타일,서울특별시 영등포구 영등포동1가 94-2 여의도더리브스타일,분양,개별난방,8414.994,1,185.0,SGC이테크건설,주식회사 공간개발,0226788451, ,주상복합,서울특별시 영등포구 경인로 900,위탁관리,복도식,20200723,0226788452,185.0,8414.994,185.0,0.0,0.0,0.0,3069.028,1156010200,23.0,23.0,4.0,3.0,07308
A10022098,센트레빌아스테리움영등포,서울특별시 영등포구 영등포동2가 439- 센트레빌아스테리움영등포,분양,개별난방,24582.0,2,156.0,동부건설,한국토지신탁,0220694515, ,주상복합,서울특별시 영등포구 영등포로53길 40,위탁관리,계단식,20240726,0220694514,156.0,12212.96,156.0,0.0,0.0,0.0,8720.44,1156010300,29.0,29.0,4.0,4.0,
A10025518,현대프라자주상복합아파트,서울특별시 영등포구 영등포동5가 49-1 현대프라자주상복합아파트,분양,개별난방,23430.71,1,115.0,현대산업개발(주),(주)정원종합건축,0226331760, ,주상복합,서울특별시 영등포구 양산로 214,위탁관리,복도식,19991227,0226351760,115.0,11133.65,75.0,40.0,0.0,0.0,7219.4,1156010600,18.0,18.0,4.0,0.0,07250
A10024567,포레나영등포센트럴아파트,서울특별시 영등포구 영등포동7가 29-1 포레나영등포센트럴아파트,분양,개별난방,27690.938,2,0.0,(주)한화건설,영등포1의3재정비촉진구역 도시환경정비사업조합,0220691625,forenaydp.com,주상복합,서울특별시 영등포구 국회대로50길 20,위탁관리,계단식,20201026,0220691626,185.0,27690.938,0.0,0.0,0.0,0.0,27281.4366,1156010800,30.0,30.0,5.0,0.0,07246
A10026801,브라운스톤 영등포,서울특별시 영등포구 영등포동7가 202 브라운스톤 영등포,분양,개별난방,15834.0,1,118.0,이수건설,이수건설,0226776592, ,아파트,서울특별시 영등포구 버드나루로12가길 13,위탁관리,계단식,20040318,0226776593,118.0,12682.64,0.0,118.0,0.0,0.0,10016.16,1156010800,22.0,22.0,1.0,3.0,07248
A10026816,아크로타워스퀘어,서울특별시 영등포구 영등포동7가 145-8 아크로타워스퀘어,혼합,개별난방,175987.89,7,1221.0,대림산업,영등포1-4구역도시환경정비사업조합,0220685941,https://cafe.naver.com/acro2017,아파트,서울특별시 영등포구 국회대로54길 10,위탁관리,혼합식,20170830,0220685943,1221.0,123341.56,425.0,705.0,85.0,6.0,89162.7,1156010800,35.0,35.0,3.0,0.0,07246
A15003701,영등포경남아너스빌,서울특별시 영등포구 영등포동7가 46-1 영등포경남아너스빌,분양,개별난방,84196.89,8,600.0,경남건설,경남건설,0226334779, ,아파트,서울특별시 영등포구 양산로 177,자치관리,혼합식,19981130,0226779149,600.0,64509.96,248.0,204.0,148.0,0.0,49162.26,1156010800,21.0,21.0,2.0,12.0,07244
A15003801,영등포삼환,서울특별시 영등포구 영등포동8가 76-1 영등포삼환,분양,개별난방,73539.36,7,520.0,삼환기업(주),동아맨숀아파트 재건축 조합,02-2677-1635, ,아파트,서울특별시 영등포구 영중로 145,위탁관리,혼합식,19990531,0266731635,520.0,54632.12,208.0,220.0,92.0,0.0,41685.08,1156010900,23.0,23.0,2.0,12.0,07227
A15003802,당산푸르지오,서울특별시 영등포구 영등포동8가 91 당산푸르지오,분양,개별난방,104017.58,9,538.0,(주)대우건설,(주)대우건설,0226781489,admin.aptner.com,아파트,서울특별시 영등포구 영중로 154,위탁관리,계단식,20040823,0226781466,538.0,73741.26,44.0,202.0,246.0,46.0,57056.25,1156010900,25.0,25.0,2.0,12.0,07226
A10022891,브라이튼여의도아파트,서울특별시 영등포구 여의도동 525 브라이튼여의도아파트,혼합,지역난방,69913.695,2,454.0,GS건설,(주)여의도엠비씨부지복합개발피에프브이,027800454, ,,서울특별시 영등포구 국제금융로 39,위탁관리,복도식,20230821,027800554,454.0,68087.57,0.0,91.0,353.0,10.0,49785.3,1156011000,49.0,49.0,4.0,6.0,
A10024981,콤비아파트,서울특별시 영등포구 여의도동 61-4 콤비아파트,분양,지역난방,1646981.5,1,98.0,라이프주택개발,라이프주택건설,027619273, ,,서울특별시 영등포구 63로 32,자치관리,복도식,19940721,027866516,98.0,1646981.5,0.0,0.0,98.0,0.0,12774.56,1156011000,24.0,24.0,5.0,2.0,07345
A15001001,여의도초원,서울특별시 영등포구 여의도동 11-1 여의도초원,분양,지역난방,13656.78,1,153.0,순복음,순복음,027805768, ,아파트,서울특별시 영등포구 국회대로76가길 11,자치관리,복도식,19710827,027619653,153.0,13656.78,0.0,153.0,0.0,0.0,10241.82,1156011000,14.0,14.0,0.0,2.0,07239
A15001003,서울아파트관리사무소,서울특별시 영등포구 여의도동 21-1 서울아파트관리사무소,분양,지역난방,35578.754,2,192.0,삼익건설,삼익건설,027822281,seoul2281@naver.com,아파트,서울특별시 영등포구 여의나루로 121,자치관리,계단식,19760918,027610360,192.0,34909.098,0.0,0.0,0.0,192.0,29674.05,1156011000,12.0,12.0,0.0,8.0,07336
A15001004,여의도장미,서울특별시 영등포구 여의도동 40 여의도장미,분양,지역난방,32282.0,2,196.0,라이프주택(주),라이프주택(주),027808761, ,아파트,서울특별시 영등포구 국제금융로7길 32,자치관리,혼합식,19780606,027808763,206.0,29612.8,0.0,0.0,112.0,84.0,29309.4,1156011000,14.0,14.0,0.0,5.0,07341
A15001005,여의도금호리첸시아,서울특별시 영등포구 여의도동 61 여의도금호리첸시아,분양,지역난방,63292.24,2,248.0,군인공제회,금호건설,027808684,여의도리첸시아apt780-8684.apti.co.kr,주상복합,서울특별시 영등포구 여의동로 213,위탁관리,계단식,20031126,027808665,248.0,34976.32,0.0,0.0,90.0,158.0,34976.32,1156011000,40.0,40.0,0.0,4.0,07345
A15001009,여의도수정,서울특별시 영등포구 여의도동 32 여의도수정,분양,지역난방,46979.01,3,329.0,한양주택,한양주택,027833994, ,아파트,서울특별시 영등포구 국제금융로7길 1,자치관리,혼합식,19760703,027840831,329.0,46979.01,0.0,87.0,2.0,240.0,42869.01,1156011000,15.0,15.0,1.0,9.0,07339
A15001012,여의도공작,서울특별시 영등포구 여의도동 21-2 여의도공작,분양,지역난방,44708.0,4,373.0,(주)한양,(주)한양,027822664, ,아파트,서울특별시 영등포구 여의대로6길 17,자치관리,복도식,19760806,027842665,373.0,40257.883,4.0,0.0,369.0,0.0,40457.08,1156011000,12.0,12.0,0.0,6.0,07336
A15001016,여의도대교,서울특별시 영등포구 여의도동 41 여의도대교,분양,지역난방,71819.52,4,576.0,삼익주택,삼익주택,027820092, ,아파트,서울특별시 영등포구 국제금융로7길 20,자치관리,혼합식,19750929,027803885,576.0,69587.28,0.0,0.0,480.0,96.0,64985.04,1156011000,12.0,12.0,0.0,10.0,07340
A15001019,여의도광장,서울특별시 영등포구 여의도동 28 여의도광장,분양,지역난방,109237.0,8,744.0,삼익주택,삼익주택,027820091, ,아파트,서울특별시 영등포구 여의나루로 7,자치관리,계단식,19780729,027834810,744.0,109236.34,0.0,0.0,295.0,449.0,100427.3,1156011000,12.0,14.0,1.0,30.0,07322
A15001020,여의도삼부,서울특별시 영등포구 여의도동 30-2 여의도삼부,분양,지역난방,126869.0,10,866.0,삼부토건(주),모름,027850662, ,주상복합,서울특별시 영등포구 국제금융로7길 27,자치관리,혼합식,19751222,027840663,866.0,106011.18,0.0,120.0,330.0,416.0,103668.92,1156011000,15.0,15.0,0.0,20.0,07338
A15076301,여의도대우트럼프월드,서울특별시 영등포구 여의도동 55-1 여의도대우트럼프월드,분양,지역난방,78666.63,2,282.0,대우건설,대우건설,027848760, ,주상복합,서울특별시 영등포구 여의동로 143,위탁관리,계단식,20021030,027848762,352.0,51750.414,20.0,0.0,64.0,198.0,42785.72,1156011000,40.0,40.0,5.0,8.0,07342
A15076302,여의도자이,서울특별시 영등포구 여의도동 47 여의도자이,분양,지역난방,203904.0,4,580.0,GS건설(주),여의도한성재건축조합,027610508, ,아파트,서울특별시 영등포구 여의동로3길 10,위탁관리,계단식,20080429,027610509,580.0,114803.31,0.0,0.0,76.0,504.0,92651.53,1156011000,39.0,39.0,3.0,13.0,07324
A15088208,여의도목화,서울특별시 영등포구 여의도동 30 여의도목화,분양,지역난방,26867.22,2,312.0,(주)삼익주택,(주)삼익주택,027805388, ,아파트,서울특별시 영등포구 여의나루로 126,자치관리,복도식,19771018,027801550,312.0,24516.0,47.0,60.0,205.0,0.0,24722.68,1156011000,12.0,12.0,1.0,4.0,07338
A15088614,롯데캐슬엠파이어,서울특별시 영등포구 여의도동 36 롯데캐슬엠파이어,분양,지역난방,114226.16,2,406.0,롯데건설,백조재건축 조합,027612601,www.empireapt.com,주상복합,서울특별시 영등포구 의사당대로 127,위탁관리,복도식,20050502,027612603,406.0,79678.14,0.0,0.0,184.0,222.0,59758.04,1156011000,39.0,39.0,6.0,8.0,07331
A15088717,여의도미성,서울특별시 영등포구 여의도동 37 여의도미성,분양,지역난방,70062.0,5,577.0,(주)라이프 주택,모름,027839634, ,아파트,서울특별시 영등포구 의사당대로 110,자치관리,혼합식,19780524,027614264,577.0,70062.0,0.0,0.0,409.0,168.0,66453.28,1156011000,13.0,13.0,0.0,15.0,07322
A15088802,여의도화랑,서울특별시 영등포구 여의도동 40-4 여의도화랑,분양,지역난방,20628.0,3,160.0,삼익주택,삼익주택,027805488, ,아파트,서울특별시 영등포구 국제금융로7가길 21,자치관리,계단식,19771216,0266715488,160.0,20628.0,0.0,0.0,120.0,40.0,18083.18,1156011000,10.0,10.0,0.0,8.0,07341
A15088915,롯데캐슬아이비,서울특별시 영등포구 여의도동 43-4 롯데캐슬아이비,분양,지역난방,124284.2,2,445.0,롯데건설주식회사,미주재건축조합,027611351,롯데캐슬아이비.apti.co.kr,주상복합,서울특별시 영등포구 국제금융로 86,위탁관리,혼합식,20051230,027612411,445.0,63934.03,0.0,0.0,158.0,287.0,63934.03,1156011000,35.0,35.0,6.0,10.0,07333
A15088918,여의도한양,서울특별시 영등포구 여의도동 42 여의도한양,분양,지역난방,88763.0,8,588.0,한양,한양,0266724630, ,아파트,서울특별시 영등포구 국제금융로 79,자치관리,혼합식,19751105,027824788,588.0,84490.8,0.0,0.0,228.0,360.0,84546.64,1156011000,12.0,12.0,0.0,19.0,07340
A15089307,여의대우트럼프월드2차,서울특별시 영등포구 여의도동 48 여의대우트럼프월드2차,분양,지역난방,43516.88,2,218.0,(주)대우건설,(주)하이테크하우징,027841488, ,주상복합,서울특별시 영등포구 여의동로 97,위탁관리,계단식,20030701,027841487,293.0,33690.24,0.0,0.0,52.0,166.0,33690.24,1156011000,34.0,34.0,6.0,8.0,07324
A15089411,여의도삼익,서울특별시 영등포구 여의도동 51 여의도삼익,분양,지역난방,47520.0,4,360.0,삼익맨션,삼익맨션,027861787, ,아파트,서울특별시 영등포구 국제금융로 109,자치관리,계단식,19741019,027861786,360.0,47520.0,0.0,0.0,360.0,0.0,44318.4,1156011000,12.0,12.0,0.0,15.0,07344
A15089421,여의도시범아파트,서울특별시 영등포구 여의도동 50 여의도시범아파트,분양,지역난방,171413.0,24,1584.0,서울특별시,서울특별시,027821812, ,아파트,서울특별시 영등포구 63로 45,자치관리,복도식,19711221,027824773,1584.0,161688.48,5.0,886.0,357.0,336.0,161688.48,1156011000,13.0,13.0,0.0,24.0,07344
A15089510,여의도은하,서울특별시 영등포구 여의도동 52 여의도은하,분양,지역난방,47603.305,4,360.0,한양주택개발(주),한양주택개발(주),027833198, ,아파트,서울특별시 영등포구 63로 7,자치관리,계단식,19741219,0266713198,360.0,47603.305,0.0,0.0,360.0,0.0,43747.01,1156011000,12.0,12.0,1.0,15.0,07344
A15089513,여의도진주,서울특별시 영등포구 여의도동 54 여의도진주,분양,지역난방,33447.0,4,376.0,라이프주택개발(주),라이프주택개발(주),027824538,www.apartz.com/homepage/1508952,아파트,서울특별시 영등포구 국제금융로 108-6,자치관리,복도식,19770603,027824538,376.0,28839.56,156.0,132.0,88.0,0.0,24612.71,1156011000,12.0,12.0,1.0,4.0,07343
A15004101,당산신동아파밀리에,서울특별시 영등포구 당산동1가 457 당산신동아파밀리에,분양,개별난방,20885.48,4,167.0,신동아건설,주택재개발조합,0226310470, ,아파트,서울특별시 영등포구 영신로33길 3,위탁관리,계단식,20080118,0226310720,167.0,14400.82,133.0,34.0,0.0,0.0,10788.84,1156011100,15.0,15.0,0.0,7.0,07292
A15075001,당산코오롱,서울특별시 영등포구 당산동1가 9-1 당산코오롱,분양,개별난방,10878.66,1,109.0,코오롱건설,쌍방울건설,0226366590, ,주상복합,서울특별시 영등포구 영등포로28길 5,자치관리,복도식,19960802,0226796396,109.0,10878.346,44.0,65.0,0.0,0.0,7105.6,1156011100,16.0,16.0,4.0,2.0,07292
A15080002,당산진로,서울특별시 영등포구 당산동1가 16-1 당산진로,분양,개별난방,52800.0,4,461.0,진로건설,(주)진로,0226378704, ,아파트,서울특별시 영등포구 당산로 68,위탁관리,혼합식,19970829,0226378705,461.0,52314.043,207.0,170.0,0.0,84.0,40349.34,1156011100,23.0,23.0,2.0,8.0,07292
A10023489,포레나 당산,서울특별시 영등포구 당산동2가 165 포레나 당산,임대,개별난방,52545.15,2,496.0,한화건설,당산동청년주택피에프브이 주식회사,0267473400, ,주상복합,서울특별시 영등포구 당산로 83,위탁관리,복도식,20221202,0267473401,496.0,21360.451,496.0,0.0,0.0,0.0,13292.114,1156011200,19.0,19.0,6.0,6.0,07264
A15004201,당산동대우,서울특별시 영등포구 당산동2가 16-1 당산동대우,분양,중앙난방,50378.72,2,536.0,대우,대우건설,0226334815, ,아파트,서울특별시 영등포구 영등포로 106,위탁관리,혼합식,19990126,0226334816,536.0,28352.93,536.0,0.0,0.0,0.0,19302.66,1156011200,25.0,25.0,3.0,4.0,07291
A15004202,당산2가현대,서울특별시 영등포구 당산동2가 164 당산2가현대,분양,개별난방,99570.78,7,783.0,현대건설,당산동한전연합주택조합,0226799470,당산2가현대.apti.co.kr,아파트,서울특별시 영등포구 당산로 95,위탁관리,계단식,19940608,0226323533,783.0,90045.0,0.0,783.0,0.0,0.0,64808.91,1156011200,20.0,20.0,3.0,21.0,07264
A10020541,리마크빌 당산,서울특별시 영등포구 당산동3가 76- 리마크빌 당산,임대,중앙난방,19524.72,1,0.0,(주)보미건설,퍼시픽제55호 전문투자형 사모 부동산 투자 유한회사,0226312228, ,도시형 생활주택(주상복합),서울특별시 영등포구 양산로23길 16,위탁관리,복도식,20250519,0226312229,231.0,5876.9,0.0,0.0,0.0,0.0,5876.9,1156011300,7.0,7.0,4.0,0.0,
A10021962,당산계룡리슈빌3단지,서울특별시 영등포구 당산동3가 565- 당산계룡리슈빌3단지,분양,,16482.0,2,149.0,계룡건설,광희개발전문자기관리부동산투자회사(주),0226336177, ,도시형 생활주택(아파트),서울특별시 영등포구 양산로25길 12,위탁관리,계단식,20141121, ,149.0,10422.405,149.0,0.0,0.0,0.0,7448.595,1156011300,20.0,20.0,2.0,5.0,
A10021966,당산계룡리슈빌1단지,서울특별시 영등포구 당산동3가 564- 당산계룡리슈빌1단지,분양,개별난방,12030.0,1,146.0,계룡건설,광희개발전문자기관리부동산투자회사(주),0226336177, ,도시형 생활주택(아파트),서울특별시 영등포구 양산로25길 16,위탁관리,복도식,20140915,0226333922,147.0,8456.104,146.0,0.0,0.0,0.0,5761.234,1156011300,1.0,19.0,1.0,5.0,
A10021967,당산계룡리슈빌2단지,서울특별시 영등포구 당산동3가 566- 당산계룡리슈빌2단지,분양,개별난방,11968.0,1,146.0,계룡건설,광희개발전문자기관리부동산투자회사(주),0226336177, ,도시형 생활주택(아파트),서울특별시 영등포구 양산로25길 8,위탁관리,계단식,20140915, ,146.0,8420.726,146.0,0.0,0.0,0.0,5761.234,1156011300,1.0,19.0,1.0,0.0,
A10024834,당산금호2차어울림아파트,서울특별시 영등포구 당산동3가 563 당산금호2차어울림아파트,분양,개별난방,21743.45,2,125.0,금호건설,금호건설,0220689065, ,아파트,서울특별시 영등포구 양산로17길 22,위탁관리,계단식,20091119,0220686665,125.0,13643.8,0.0,121.0,0.0,4.0,10823.2683,1156011300,13.0,13.0,2.0,5.0,07261
A15072001,당산쌍용예가클래식,서울특별시 영등포구 당산동3가 559 당산쌍용예가클래식,분양,개별난방,42785.38,3,284.0,쌍용건설,평화아파트리모델링조택조합,0236674875,openapt.seoul.go.kr/wooriapt/wooriaptFrameset.do?aptCode=A15072001,아파트,서울특별시 영등포구 당산로31길 32,위탁관리,계단식,20100708,0236674876,284.0,31873.78,12.0,108.0,164.0,0.0,24155.42,1156011300,13.0,13.0,1.0,13.0,07256
A15072002,당산SHVILLE,서울특별시 영등포구 당산동3가 562 당산SHVILLE,임대,개별난방,25684.0,2,195.0,두산건설,에스에이치공사,0220685428,happy.i-sh.co.kr,아파트,서울특별시 영등포구 영신로 183,위탁관리(직영+위탁),계단식,20050630,0220685430,195.0,22561.988,38.0,157.0,0.0,0.0,15596.81,1156011300,23.0,23.0,0.0,5.0,07258
A15080204,당산한양,서울특별시 영등포구 당산동3가 2-6 당산한양,분양,개별난방,34036.0,3,338.0,한양건설,"영등포구,석유개발공사,관세청",0226786009, ,아파트,서울특별시 영등포구 영신로 193,위탁관리,계단식,19860228,0226725110,338.0,33800.0,0.0,338.0,0.0,0.0,27268.54,1156011300,14.0,14.0,1.0,13.0,07258
A15080205,당산동부센트레빌,서울특별시 영등포구 당산동3가 561 당산동부센트레빌,분양,개별난방,83533.0,6,468.0,동부건설,당산동철우아파트재건축조합 동부건설,0226771080, ,아파트,서울특별시 영등포구 영신로 191,위탁관리,계단식,20030625,0262671080,468.0,60198.53,0.0,85.0,383.0,0.0,49404.28,1156011300,25.0,25.0,2.0,11.0,07258
A15080402,당산삼익,서울특별시 영등포구 당산동3가 394 당산삼익,분양,개별난방,26886.0,2,176.0,삼익,삼익,0226354920, ,아파트,서울특별시 영등포구 국회대로 552,위탁관리,복도식,19790504,0220680182,176.0,18254.547,1.0,175.0,0.0,0.0,13101.26,1156011300,11.0,11.0,0.0,2.0,07256
A10026797,당산롯데캐슬프레스티지 아파트,서울특별시 영등포구 당산동4가 99 당산롯데캐슬프레스티지 아파트,분양,개별난방,22832.22,2,198.0,롯데건설(주),당산제4구역 주택재개발조합,0220693204, ,아파트,서울특별시 영등포구 영신로 237,위탁관리,계단식,20170728,0220693206,198.0,21991.965,0.0,198.0,0.0,0.0,16827.08,1156011400,26.0,26.0,2.0,5.0,07216
A10027684,당산브라운스톤아파트,서울특별시 영등포구 당산동4가 98 당산브라운스톤아파트,분양,개별난방,23393.475,3,162.0,이수건설,당산제2지역주택조합,0226373101, ,아파트,서울특별시 영등포구 영신로55길 6,위탁관리,계단식,20151124,0226373102,162.0,17344.0,2.0,160.0,0.0,0.0,13491.01,1156011400,20.0,20.0,1.0,6.0,07221
A15004403,당산금호어울림,서울특별시 영등포구 당산동4가 95 당산금호어울림,분양,개별난방,41632.4,6,292.0,(주)금호건설,(주)금호산업,0267349989, ,아파트,서울특별시 영등포구 국회대로37길 22,위탁관리,계단식,20020928,0226319990,292.0,32129.99,15.0,239.0,38.0,0.0,25479.64,1156011400,19.0,19.0,1.0,9.0,07221
A15004405,당산2차삼성,서울특별시 영등포구 당산동4가 94-1 당산2차삼성,분양,개별난방,53072.816,4,392.0,삼성물산,삼성물산,0226323255, ,아파트,서울특별시 영등포구 당산로36길 12,위탁관리,혼합식,19970924,0267479649,392.0,40456.246,168.0,224.0,0.0,0.0,29064,1156011400,23.0,23.0,2.0,7.0,07220
A15004406,당산현대3차,서울특별시 영등포구 당산동4가 88 당산현대3차,분양,개별난방,48439.887,6,509.0,현대건설,ㅎㅎㅎ,0226354016, ,아파트,서울특별시 영등포구 당산로41길 23,자치관리,혼합식,19881228,0226354015,509.0,48439.63,120.0,389.0,0.0,0.0,38465.65,1156011400,15.0,15.0,0.0,15.0,07217
A15072201,당산반도유보라,서울특별시 영등포구 당산동4가 96 당산반도유보라,분양,개별난방,68707.78,6,299.0,반도건설,반도건설,0226352431,유보라팰리스.apti.co.kr,아파트,서울특별시 영등포구 국회대로 597,위탁관리,계단식,20100219,0226352432,299.0,46680.44,0.0,69.0,148.0,82.0,37535.15,1156011400,21.0,21.0,2.0,10.0,07221
A15080501,한강아파트,서울특별시 영등포구 당산동4가 29 한강아파트,분양,개별난방,33621.97,2,265.0,서초건설,서초건설,0226373637,당산한강. apti. co. kr,아파트,서울특별시 영등포구 영신로57길 5,위탁관리,혼합식,19990902,0262653637,265.0,26084.38,111.0,154.0,0.0,0.0,19680.32,1156011400,20.0,20.0,2.0,6.0,07221
A15080507,당산현대5차,서울특별시 영등포구 당산동4가 30-1 당산현대5차,분양,개별난방,141297.72,13,976.0,현대산업개발(주),신우재건축조합,0226724400, ,아파트,서울특별시 영등포구 당산로42길 16,위탁관리,혼합식,20000327,0226724405,976.0,102110.08,396.0,340.0,240.0,0.0,79993.2,1156011400,25.0,25.0,2.0,23.0,07216
A10024789,당산센트럴아이파크,서울특별시 영등포구 당산동5가 43 당산센트럴아이파크,혼합,개별난방,121599.63,7,802.0,현대산업개발,상아현대주택재건축정비사업조합,0220689971, ,아파트,서울특별시 영등포구 영신로 247,위탁관리,혼합식,20200428,0220689972,802.0,77603.61,249.0,499.0,54.0,0.0,60805.96,1156011500,29.0,29.0,2.0,18.0,07215
A15004501,당산성원아파트,서울특별시 영등포구 당산동5가 40 당산성원아파트,분양,개별난방,25866.84,2,205.0,성원건설,조합,0226724064,dsseongwon.apti.co.kr,아파트,서울특별시 영등포구 양평로 57,위탁관리,혼합식,19971001,0226791121,205.0,21369.24,93.0,79.0,33.0,0.0,16004.82,1156011500,20.0,20.0,1.0,5.0,07213
A15004502,당산디오빌,서울특별시 영등포구 당산동5가 11-33 당산디오빌,분양,개별난방,21716.23,1,212.0,대우건설(주),강남상가 재건축조합,0226359119, ,주상복합,서울특별시 영등포구 당산로 222,위탁관리,복도식,20050222,0226359080,212.0,15157.68,212.0,0.0,0.0,0.0,7942.56,1156011500,15.0,15.0,4.0,3.0,07214
A15004503,당산2차효성타운,서울특별시 영등포구 당산동5가 13 당산2차효성타운,분양,개별난방,35197.77,3,258.0,(주)효성,(주)효성,0262686345, ,아파트,서울특별시 영등포구 당산로42길 7,위탁관리,계단식,20011012,0262686346,258.0,29592.6,0.0,258.0,0.0,0.0,21770.04,1156011500,17.0,17.0,2.0,9.0,07215
A15004505,당산유원제일2차,서울특별시 영등포구 당산동5가 7-2 당산유원제일2차,분양,개별난방,56902.0,5,410.0,유원건설,유원건설,0226347623, ,아파트,서울특별시 영등포구 선유동2로 56,위탁관리,계단식,19840905,0226366642,410.0,55139.7,0.0,176.0,156.0,78.0,45559.2,1156011500,13.0,13.0,0.0,17.0,07213
A15004506,당산동1차효성아파트,서울특별시 영등포구 당산동5가 12 당산동1차효성아파트,분양,개별난방,65773.84,6,480.0,효성건설,(주)효성,0226769116, ,아파트,서울특별시 영등포구 당산로42길 13,위탁관리,계단식,19991210,0226769117,480.0,51330.9,198.0,176.0,106.0,0.0,41078.32,1156011500,24.0,24.0,3.0,14.0,07215
A15004507,당산삼성래미안,서울특별시 영등포구 당산동5가 42 당산삼성래미안,분양,개별난방,286336.75,25,1391.0,삼성물산,강남맨션/삼성물산,02-2632-9630,www.uasis.com,아파트,서울특별시 영등포구 당산로 214,위탁관리,계단식,20031230,0226329629,1391.0,198709.58,0.0,216.0,992.0,183.0,162319.82,1156011500,25.0,25.0,2.0,32.0,07214
A15081001,래미안당산1차아파트,서울특별시 영등포구 당산동 374 래미안당산1차아파트,분양,개별난방,43332.395,4,348.0,삼성건설,삼성건설,0226355998, ,아파트,서울특별시 영등포구 당산로54길 11,자치관리,계단식,19950530,0266735998,348.0,37752.8,128.0,144.0,76.0,0.0,28638.76,1156011700,20.0,20.0,2.0,10.0,07224
A15081002,당산강변래미안3차,서울특별시 영등포구 당산동 376 당산강변래미안3차,분양,개별난방,128722.4,13,801.0,삼성물산,시범.외기재건축조합,0226759673,cvnet.co.kr,아파트,서울특별시 영등포구 버드나루로 130,위탁관리,계단식,20020626,0226759674,801.0,68263.164,120.0,419.0,262.0,0.0,68259.36,1156011700,19.0,19.0,2.0,23.0,07225
A15076701,도림한라,서울특별시 영등포구 도림동 231-1 도림한라,분양,개별난방,17993.65,1,142.0,한라건설,한라건설,028416515, ,아파트,서울특별시 영등포구 도신로15다길 33,위탁관리,혼합식,19980827,028436515,142.0,13749.15,71.0,71.0,0.0,0.0,10267.89,1156011800,19.0,19.0,2.0,1.0,07374
A15076702,영등포아트자이,서울특별시 영등포구 도림동 162-94 영등포아트자이,혼합,개별난방,137004.52,8,836.0,(주)gs공사,도림제16구역 주택재개발 정비사업조합,028438690, ,아파트,서울특별시 영등포구 도영로 66,위탁관리,혼합식,20140311,028438698,836.0,76915.7,203.0,519.0,56.0,58.0,68416.544,1156011800,31.0,31.0,3.0,17.0,07364
A15083201,도림청구,서울특별시 영등포구 도림동 221-1 도림청구,분양,개별난방,23246.0,1,200.0,청구건설,"호진제강(주), (주) 청구주택",028432358, ,아파트,서울특별시 영등포구 도영로7길 7,자치관리,혼합식,19971128,028432359,200.0,18501.646,99.0,66.0,35.0,0.0,13780.06,1156011800,19.0,19.0,1.0,0.0,07372
A15083202,도림동아에코빌,서울특별시 영등포구 도림동 165-1 도림동아에코빌,분양,개별난방,49251.34,5,346.0,동아건설,동아건설,028353232, ,아파트,서울특별시 영등포구 도림로 365,위탁관리,혼합식,20000128,028433231,346.0,37382.64,120.0,175.0,27.0,24.0,28533.19,1156011800,24.0,24.0,3.0,8.0,07374
A15009201,문래남성,서울특별시 영등포구 문래동2가 35 문래남성,분양,개별난방,32232.0,2,390.0,라이프주택,라이프주택,0226331403, ,아파트,서울특별시 영등포구 경인로77길 21,위탁관리,복도식,19830531,0226331476,390.0,32231.396,330.0,60.0,0.0,0.0,22675.8,1156012000,15.0,15.0,0.0,0.0,07289
A10022428,문래건영아파트,서울특별시 영등포구 문래동3가 93-1 문래건영아파트,분양,개별난방,19589.0,1,141.0,주) 건영,우승연립 재건축조합,0226766024, ,아파트,서울특별시 영등포구 문래로 94-7,위탁관리,혼합식,19980406,0226780820,141.0,14888.085,69.0,40.0,32.0,0.0,11163.63,1156012100,16.0,16.0,2.0,1.0,
A10024832,문래해태아파트,서울특별시 영등포구 문래동3가 13 문래해태아파트,분양,개별난방,12211.2,2,101.0,해태건설,지역주택조합,0226350724, ,아파트,서울특별시 영등포구 영신로25길 8,위탁관리,복도식,19990909,0226720724,101.0,9614.59,41.0,60.0,0.0,0.0,7159.09,1156012100,21.0,21.0,2.0,2.0,07300
A10027023,문래우정아파트,서울특별시 영등포구 문래동3가 78 문래우정아파트,분양,개별난방,16996.63,1,103.0,우정건설,우정건설,0226342613, ,아파트,서울특별시 영등포구 도림로 456,위탁관리,혼합식,19981208,0226342614,103.0,11019.46,42.0,39.0,22.0,0.0,8350.89,1156012100,15.0,15.0,3.0,3.0,07296
A15076801,금호어울림,서울특별시 영등포구 문래동3가 97 금호어울림,분양,개별난방,20506.74,3,134.0,(주)금호산업,(주) 집과사람,0226727300, ,아파트,서울특별시 영등포구 문래로 137,위탁관리,계단식,20060929,0226727302,134.0,14889.46,0.0,134.0,0.0,0.0,11387.62,1156012100,15.0,15.0,1.0,0.0,07293
A15083404,문래자이아파트,서울특별시 영등포구 문래동3가 54 문래자이아파트,분양,개별난방,227868.73,18,1302.0,GS건설,세일산업(주),0226763102,문래자이.com,아파트,서울특별시 영등포구 당산로4길 12,위탁관리,계단식,20011121,0226763391,1302.0,181226.31,0.0,644.0,520.0,138.0,138255.64,1156012100,25.0,25.0,0.0,28.0,07298
A15083601,문래국화,서울특별시 영등포구 문래동3가 76-1 문래국화,분양,개별난방,32443.12,2,270.0,라이프주택,라이프주택,0226786643, ,아파트,서울특별시 영등포구 도림로 464,위탁관리,계단식,19831219,0226361115,270.0,29851.44,0.0,210.0,60.0,0.0,24906.3,1156012100,15.0,15.0,0.0,9.0,07296
A15083602,문래공원한신,서울특별시 영등포구 문래동3가 77-2 문래공원한신,분양,개별난방,32776.78,2,367.0,한신공영,기은조합,0226719426, ,아파트,서울특별시 영등포구 문래로20길 14,위탁관리,혼합식,19880719,0262659426,367.0,32776.78,225.0,142.0,0.0,0.0,24616.82,1156012100,15.0,15.0,0.0,7.0,07295
A15083603,문래힐스테이트,서울특별시 영등포구 문래동3가 94 문래힐스테이트,분양,개별난방,157024.0,14,776.0,현대건설,고산공영,0220688881,문래힐스테이트.apti.co.kr,아파트,서울특별시 영등포구 문래로 82,위탁관리,계단식,20030619,0220689254,776.0,115460.45,0.0,172.0,371.0,233.0,92300.23,1156012100,24.0,24.0,2.0,19.0,07295
A15009401,리버뷰신안인스빌,서울특별시 영등포구 문래동4가 67 리버뷰신안인스빌,분양,개별난방,34379.0,4,212.0,(주)신안,(주)신안,0226333971, ,아파트,서울특별시 영등포구 도림로145길 28,위탁관리,계단식,20080506,0220689838,212.0,23032.12,0.0,212.0,0.0,0.0,18018.94,1156012200,22.0,22.0,2.0,4.0,07287
A15009402,문래삼환,서울특별시 영등포구 문래동4가 43 문래삼환,분양,개별난방,49031.74,5,382.0,삼환기업,삼환기업(주),0226728631, ,아파트,서울특별시 영등포구 도림로143길 30,위탁관리,계단식,20010910,0226728632,382.0,37784.82,126.0,256.0,0.0,0.0,29295.98,1156012200,23.0,23.0,2.0,9.0,07287
A10026197,문래동모아미래도아파트,서울특별시 영등포구 문래동5가 67 문래동모아미래도아파트,혼합,개별난방,34969.0,4,222.0,미래도건설,미래도건설,0226348881, ,아파트,서울특별시 영등포구 선유로9나길 5,위탁관리,계단식,20171122,0226348883,222.0,24295.09,17.0,205.0,0.0,0.0,18399.1,1156012300,18.0,18.0,2.0,4.0,07285
A15009502,문래현대3차,서울특별시 영등포구 문래동5가 21 문래현대3차,분양,개별난방,18871.78,2,166.0,현대건설(주),현대건설(주),0226714245, ,아파트,서울특별시 영등포구 선유서로 6,위탁관리,계단식,19911118,0226719479,166.0,18658.4,0.0,166.0,0.0,0.0,14025.36,1156012300,12.0,12.0,2.0,7.0,07286
A15009503,문래대림,서울특별시 영등포구 문래동5가 1 문래대림,분양,개별난방,24444.35,1,200.0,대림건설,(주)대림산업,0226792199, ,주상복합,서울특별시 영등포구 선유로 33,위탁관리,혼합식,20000128,0226792206,200.0,19702.5,80.0,100.0,20.0,0.0,15217,1156012300,21.0,21.0,3.0,4.0,07285
A15009504,문래현대5차아파트,서울특별시 영등포구 문래동5가 23-1 문래현대5차아파트,분양,개별난방,32900.58,2,282.0,현대건설,현대산업개발,0226319770, ,아파트,서울특별시 영등포구 선유서로9길 5,위탁관리,계단식,19920529,0262699770,282.0,32162.1,0.0,282.0,0.0,0.0,23907.72,1156012300,18.0,18.0,2.0,9.0,07284
A15009505,문래두산위브,서울특별시 영등포구 문래동5가 14 문래두산위브,분양,개별난방,38375.85,3,383.0,두산건설,두산사우주택조합,0226724090, ,아파트,서울특별시 영등포구 선유로9나길 8,위탁관리,복도식,19881108,0226724098,383.0,37470.0,0.0,383.0,0.0,0.0,27231.18,1156012300,15.0,15.0,1.0,5.0,07285
A10024495,e편한세상 문래 에듀플라츠,서울특별시 영등포구 문래동6가 36 e편한세상 문래 에듀플라츠,혼합,개별난방,33726.684,4,263.0,대림건설(주),에이자기관리부동산투자회사 주식회사,0226311035, ,아파트,서울특별시 영등포구 선유서로 50,위탁관리,계단식,20200924,0226311036,263.0,33413.938,249.0,14.0,0.0,0.0,16124.33,1156012400,20.0,20.0,2.0,8.0,07282
A10024925,문래롯데캐슬아파트,서울특별시 영등포구 문래동6가 57 문래롯데캐슬아파트,임대,개별난방,65471.52,5,499.0,롯데건설(주),롯데푸드(주),0269491129, ,아파트,서울특별시 영등포구 선유로9길 30,위탁관리,혼합식,20200324,0269491149,499.0,38776.574,499.0,0.0,0.0,0.0,28227.95,1156012400,21.0,21.0,3.0,14.0,07282
A10027512,문래유원아파트,서울특별시 영등포구 문래동6가 11-1 문래유원아파트,분양,개별난방,15577.94,1,134.0,유원,유원,0226329229, ,아파트,,위탁관리,계단식,19910605,0226329222,134.0,11387.32,0.0,134.0,0.0,0.0,11387.32,1156012400,15.0,15.0,1.0,5.0,
A15009601,문래미원아파트,서울특별시 영등포구 문래동6가 54 문래미원아파트,분양,개별난방,22348.0,2,170.0,미원건설(주),(주)미원,0226321971, ,아파트,서울특별시 영등포구 문래로8길 5,위탁관리,혼합식,19960909,0226321971,170.0,18195.281,68.0,66.0,36.0,0.0,14123.34,1156012400,14.0,14.0,0.0,5.0,07282
A15009602,문래한신,서울특별시 영등포구 문래동6가 43 문래한신,분양,개별난방,20287.527,2,186.0,(주)한신공영,(주) 한신공영,0226336396, ,아파트,서울특별시 영등포구 선유서로 35,위탁관리,혼합식,19850111,0260836396,186.0,18982.44,48.0,60.0,78.0,0.0,14514.12,1156012400,13.0,13.0,0.0,4.0,07283
A15009603,문래대원,서울특별시 영등포구 문래동6가 47-1 문래대원,분양,개별난방,29056.99,3,218.0,(주)대원,(주)대원,0226777012, ,아파트,서울특별시 영등포구 문래로4길 26,위탁관리,계단식,19981028,0262657012,218.0,21376.73,106.0,58.0,54.0,0.0,16969.01,1156012400,19.0,19.0,2.0,6.0,07283
A15009604,문래현대1차,서울특별시 영등포구 문래동6가 46 문래현대1차,분양,개별난방,25301.176,2,264.0,현대산업개발,한국주택은행조합주택,0262657100,www.okhomeapt.com,아파트,서울특별시 영등포구 문래로4길 20,위탁관리,혼합식,19861230,0226799449,264.0,24594.48,0.0,264.0,0.0,0.0,19176.48,1156012400,15.0,15.0,0.0,6.0,07283
A15009605,문래현대6차아파트,서울특별시 영등포구 문래동6가 55-1 문래현대6차아파트,분양,개별난방,32566.73,2,270.0,현대건설,현대건설,0226358529,moolraihyoondai6.apti.co.kr,아파트,서울특별시 영등포구 선유서로 31,위탁관리,혼합식,19970718,0226334452,270.0,20112.45,120.0,105.0,45.0,0.0,20111.4,1156012400,18.0,18.0,2.0,6.0,07283
A15009606,문래베어스타운,서울특별시 영등포구 문래동6가 38-1 문래베어스타운,분양,개별난방,38179.36,2,304.0,상부종합건설(주),상부종합건설(주),0226782280, ,아파트,서울특별시 영등포구 선유서로 40,위탁관리,계단식,19970524,0266722280,304.0,29504.11,123.0,181.0,0.0,0.0,22738.21,1156012400,20.0,20.0,3.0,3.0,07282
A15009607,문래현대2차,서울특별시 영등포구 문래동6가 45 문래현대2차,분양,개별난방,31657.43,2,390.0,현대,우정연합주택조합,0226798663, ,아파트,서울특별시 영등포구 문래로4길 6,위탁관리,혼합식,19871029,0226337221,390.0,25641.6,270.0,120.0,0.0,0.0,22872,1156012400,15.0,15.0,0.0,8.0,07283
A10020127,영등포자이디그니티 아파트,서울특별시 영등포구 양평동1가 238-7 영등포자이디그니티 아파트,혼합,개별난방,100556.42,4,0.0,GS건설,양평제12구역 도시환경정비사업조합,0269547617, ,아파트,서울특별시 영등포구 영등포로11길 19,위탁관리,계단식,20260326,0269547618,707.0,63763.688,0.0,0.0,0.0,0.0,47684.3444,1156012500,35.0,35.0,2.0,18.0,
A10024316,영등포 중흥S-클래스,서울특별시 영등포구 양평동1가 247 영등포 중흥S-클래스,분양,개별난방,41194.84,2,308.0,중흥건설(주),영등포기계상가시장정비사업조합,0226375550, ,주상복합,서울특별시 영등포구 선유서로24길 6,위탁관리,계단식,20210329,0226375551,308.0,27065.41,196.0,112.0,0.0,0.0,19471.81,1156012500,24.0,24.0,4.0,0.0,07273
A15086201,양평서통한신,서울특별시 영등포구 양평동1가 14-1 양평서통한신,분양,개별난방,22545.0,2,165.0,한신공영(주),한신공영(주),0226325674, ,아파트,서울특별시 영등포구 영등포로12길 7,위탁관리,계단식,19961231,0226711828,165.0,16978.68,75.0,52.0,38.0,0.0,13285.78,1156012500,19.0,19.0,2.0,3.0,07279
A15086202,양평신동아아파트,서울특별시 영등포구 양평동1가 20 양평신동아아파트,분양,개별난방,39617.27,4,495.0,신동아건설(주),신동아건설(주),0226343852, ,아파트,서울특별시 영등포구 영등포로12길 8,위탁관리,복도식,19820406,0226753853,501.0,37983.48,375.0,120.0,0.0,0.0,26444.55,1156012500,15.0,15.0,1.0,4.0,07279
A10022708,오목교벽산블루밍,서울특별시 영등포구 양평동2가 39-1 오목교벽산블루밍,분양,개별난방,13401.0,1,114.0,벽산건설,벽산건설,0226752968, ,아파트,서울특별시 영등포구 선유서로21길 30,위탁관리,복도식,19961207,0226752969,114.0,10297.46,68.0,46.0,0.0,0.0,7549.86,1156012600,23.0,23.0,2.0,0.0,07278
A15010201,양평상록수,서울특별시 영등포구 양평동2가 45 양평상록수,혼합,개별난방,12827.42,1,176.0,(주)건영,sh공사,0226766839, ,아파트,서울특별시 영등포구 영등포로 17,위탁관리,복도식,19991115,0226760371,176.0,11757.756,176.0,0.0,0.0,0.0,8292.31,1156012600,20.0,20.0,1.0,2.0,07275
A15010202,양평삼성래미안,서울특별시 영등포구 양평동2가 38-1 양평삼성래미안,분양,개별난방,50959.0,5,388.0,삼성물산,재건축조합,0226314852, ,아파트,서울특별시 영등포구 영등포로3길 9,위탁관리,혼합식,19980724,0262654852,388.0,30974.22,174.0,130.0,84.0,0.0,30974.22,1156012600,22.0,22.0,2.0,6.0,07276
A15010203,양평벽산,서울특별시 영등포구 양평동2가 23 양평벽산,분양,개별난방,35329.0,3,417.0,한국건업,벽산건설,0226772037, ,아파트,서울특별시 영등포구 선유서로21길 19,위탁관리,복도식,19901110,0262652037,417.0,34200.0,330.0,87.0,0.0,0.0,24913.2,1156012600,15.0,15.0,0.0,3.0,07278
A10020758,양평현대3차아파트,서울특별시 영등포구 양평동3가 79- 양평현대3차아파트,분양,개별난방,15781.89,1,145.0,현대산업개발,현대산업개발,0226323975, ,아파트,서울특별시 영등포구 선유동2로 23,자치관리,계단식,19910424,0226323974,145.0,15781.89,0.0,145.0,0.0,0.0,11930.65,1156012700,17.0,17.0,1.0,5.0,
A10021291,양평역월드메르디앙아파트,서울특별시 영등포구 양평동3가 19- 양평역월드메르디앙아파트,분양,개별난방,17568.0,2,116.0,월드건설,"유성,장수연립재건축조합",0226356200, ,아파트,서울특별시 영등포구 선유서로 116,위탁관리,계단식,20051130,0226356230,116.0,11759.46,18.0,98.0,0.0,0.0,9294.21,1156012700,15.0,15.0,2.0,5.0,
A10026457,양평역미소지움아파트,서울특별시 영등포구 양평동3가 106 양평역미소지움아파트,분양,개별난방,14153.414,1,128.0,SG신성건설(주),키스톤디앤씨,0226368481,양평역미소지움.apti.co.kr,아파트,서울특별시 영등포구 양산로 11,위탁관리,혼합식,20180124,0226368482,128.0,9951.136,128.0,0.0,0.0,0.0,6974.07,1156012700,19.0,19.0,2.0,4.0,07269
A15010301,양평우림루미아트,서울특별시 영등포구 양평동3가 102 양평우림루미아트,분양,개별난방,23815.25,2,170.0,우림산업개발(주),범우아파트재건축조합,0226332456, ,아파트,서울특별시 영등포구 선유로33길 23,위탁관리,계단식,20041012,0220682210,170.0,16125.692,48.0,122.0,0.0,0.0,13213.19,1156012700,18.0,18.0,2.0,0.0,07270
A15010302,양평경남1차,서울특별시 영등포구 양평동3가 55-1 양평경남1차,분양,개별난방,21486.92,1,179.0,경남기업 주식회사,경남기업 주식회사,0226789965, ,아파트,서울특별시 영등포구 선유로33길 22,위탁관리,혼합식,19980718,0226789967,179.0,16739.467,108.0,71.0,0.0,0.0,12498.52,1156012700,18.0,18.0,0.0,3.0,07270
A15010303,양평동삼천리아파트,서울특별시 영등포구 양평동3가 24 양평동삼천리아파트,분양,개별난방,25883.52,2,179.0,삼천리,삼천리,0220682996, ,아파트,서울특별시 영등포구 선유서로 115,위탁관리,계단식,20000629,0220682063,179.0,19604.494,54.0,90.0,35.0,0.0,15199.64,1156012700,18.0,18.0,2.0,6.0,07269
A15010304,양평삼호,서울특별시 영등포구 양평동3가 66 양평삼호,분양,개별난방,26899.963,1,213.0,대림,조합,0226377919, ,아파트,서울특별시 영등포구 선유로 172,위탁관리,혼합식,19980508,0262797919,213.0,20830.13,91.0,122.0,0.0,0.0,15816.6,1156012700,24.0,24.0,2.0,3.0,07255
A15010305,양평현대2차,서울특별시 영등포구 양평동3가 79-4 양평현대2차,분양,개별난방,32404.81,3,312.0,현대산업개발,농협중앙회직장조합,0226311915, ,아파트,서울특별시 영등포구 선유동2로 29,위탁관리,계단식,19900818,0266711915,312.0,31365.018,0.0,312.0,0.0,0.0,25247.04,1156012700,13.0,13.0,1.0,12.0,07218
A15010306,양평거성파스텔,서울특별시 영등포구 양평동3가 90-1 양평거성파스텔,분양,개별난방,78629.875,7,532.0,(주)거성주택,(주)거성주택,0226762465, ,아파트,서울특별시 영등포구 선유로43가길 24,위탁관리,계단식,19990524,0266722465,532.0,61067.086,111.0,283.0,138.0,0.0,48513.18,1156012700,23.0,23.0,2.0,12.0,07210
A15010307,양평동6차현대아파트,서울특별시 영등포구 양평동3가 101 양평동6차현대아파트,분양,개별난방,99216.29,9,770.0,고려산업개발(주),양평동현대연합주택,0226729833, ,아파트,서울특별시 영등포구 선유로 207,위탁관리,계단식,20001215,0262659833,770.0,75714.52,260.0,510.0,0.0,0.0,58913.72,1156012700,25.0,25.0,2.0,17.0,07211
A15086601,양평경남2차아너스빌,서울특별시 영등포구 양평동4가 51-1 양평경남2차아너스빌,분양,개별난방,26741.92,1,198.0,(주)경남기업,불이아파트재건축조합,0220689010, ,아파트,서울특별시 영등포구 양평로17길 9,위탁관리,복도식,20000311,0226771675,198.0,18185.127,87.0,111.0,0.0,0.0,13077.02,1156012800,19.0,19.0,2.0,2.0,07208
A15086603,양평성원,서울특별시 영등포구 양평동4가 12 양평성원,분양,개별난방,46040.55,2,372.0,성원건설(주),성원건설(주),0226752467, ,아파트,서울특별시 영등포구 양평로17길 36,위탁관리,계단식,19930710,0226364262,372.0,43041.33,0.0,372.0,0.0,0.0,31491.32,1156012800,19.0,19.0,2.0,11.0,07209
A15086702,삼호한숲,서울특별시 영등포구 양평동4가 94 삼호한숲,분양,개별난방,27738.19,2,216.0,진흥연립재건축조합,(주)삼호건설,0226727151, ,아파트,서울특별시 영등포구 선유로47길 34,위탁관리,혼합식,20000229,0263377151,216.0,16126.62,102.0,95.0,19.0,0.0,16126.62,1156012800,19.0,19.0,2.0,5.0,07208
A15010501,양평동보아파트,서울특별시 영등포구 양평동5가 9-1 양평동보아파트,분양,개별난방,22039.99,2,184.0,동보건설,동보건설,0226720736,openapt.seoul.go.kr,아파트,서울특별시 영등포구 양평로23길 18,위탁관리,계단식,19981016,0226720735,184.0,18763.633,76.0,90.0,18.0,0.0,14496.3,1156012900,19.0,19.0,1.0,5.0,07207
A15010502,양평한신,서울특별시 영등포구 양평동5가 76 양평한신,분양,개별난방,145296.0,10,1215.0,한신공영(주),양평동 한신 연합주택조합,0226751341,www.yhanshin.com,아파트,서울특별시 영등포구 양평로24길 9,위탁관리,혼합식,19960401,0226751342,1215.0,118388.0,610.0,605.0,0.0,0.0,87919.75,1156012900,20.0,20.0,2.0,0.0,07204
A15010601,양평한솔,서울특별시 영등포구 양평동6가 99 양평한솔,분양,개별난방,30702.23,2,219.0,(주)한솔,(주)한솔,0226320207, ,아파트,서울특별시 영등포구 양평로30길 51,위탁관리,혼합식,19990901,0262980207,219.0,22886.14,95.0,86.0,38.0,0.0,16946.64,1156013000,19.0,19.0,2.0,6.0,07201
A15010602,양평동양,서울특별시 영등포구 양평동6가 100 양평동양,분양,개별난방,34714.0,3,263.0,동양메이저(주),벽산재건축주택조합,0262654398, ,아파트,서울특별시 영등포구 양평로30가길 15,위탁관리,혼합식,20000805,0226764398,263.0,27176.88,99.0,129.0,35.0,0.0,20880.13,1156013000,18.0,18.0,1.0,7.0,07201
A10021119,신길동대성유니드아파트,서울특별시 영등포구 신길동 389- 신길동대성유니드아파트,분양,개별난방,16303.0,101,134.0,성원연립재건축,대성산업,028418466, ,아파트,서울특별시 영등포구 가마산로50길 27,위탁관리,계단식,20030628,028418467,134.0,14104.4,19.0,115.0,0.0,0.0,10634.68,1156013200,15.0,15.0,1.0,0.0,
A10021210,신풍역 비스타동원,서울특별시 영등포구 신길동 4975- 신풍역 비스타동원,임대,개별난방,35840.51,2,576.0,(주)동원개발,(주)랜드코퍼레이션,028499978,(주)랜드코퍼레이션,주상복합,서울특별시 영등포구 신풍로 28,위탁관리,복도식,20241008,028499979,576.0,35840.49,576.0,0.0,0.0,0.0,15095.5944,1156013200,1.0,23.0,5.0,6.0,
A10022430,신길AK푸르지오주상복합,서울특별시 영등포구 신길동 255-9 신길AK푸르지오주상복합,혼합,개별난방,39197.0,4,296.0,대우건설,에이엠플러스자산개발 주식회,028432220, ,주상복합,서울특별시 영등포구 가마산로 483,위탁관리,계단식,20240731,028432221,296.0,14662.406,296.0,0.0,0.0,0.0,14662.4058,1156013200,24.0,24.0,5.0,9.0,
A10022974,준타워,서울특별시 영등포구 신길동 173-6 준타워,임대,개별난방,6655.686,1,162.0,동호건설주식회사,(주)제이케이스타,028480888, ,주상복합,서울특별시 영등포구 영등포로62길 5,위탁관리,혼합식,20230714,028470888,162.0,5871.127,162.0,0.0,0.0,0.0,3136.683,1156013200,15.0,15.0,1.0,3.0,07317
A10023715,더샵파크프레스티지,서울특별시 영등포구 신길동 145-40 더샵파크프레스티지,혼합,개별난방,123740.266,9,799.0,포스코건설,신길3재정비촉진구역주택재개발정비사업조합,0269492462, ,아파트,서울특별시 영등포구 가마산로79길 37,위탁관리,혼합식,20221125,0269492463,799.0,77047.02,438.0,333.0,28.0,0.0,55254.89,1156013200,32.0,32.0,3.0,24.0,07361
A10024470,신길파크자이,서울특별시 영등포구 신길동 3163 신길파크자이,혼합,개별난방,9591851.0,6,641.0,GS건설,신길8 주택재개발 정비사업조합,0269527668,http://sgpark.xisnd.co.kr,아파트,서울특별시 영등포구 신길로28길 25,위탁관리,혼합식,20220217,0269527669,641.0,63293.914,264.0,362.0,15.0,0.0,46580.7,1156013200,27.0,27.0,3.0,0.0,07389
A10024615,힐스테이트클래시안아파트,서울특별시 영등포구 신길동 240-16 힐스테이트클래시안아파트,혼합,개별난방,209892.66,14,1482.0,현대건설,신길9구역 주택재개발정비사업조합,028339266,classyan.aptner.com,아파트,서울특별시 영등포구 신길로28길 9,위탁관리,혼합식,20201229,028339267,1476.0,131994.75,1034.0,424.0,24.0,0.0,95367.08,1156013200,29.0,29.0,4.0,37.0,07388
A10025024,신길센트럴자이,서울특별시 영등포구 신길동 337-246 신길센트럴자이,혼합,개별난방,144871.22,12,1008.0,GS건설,신길12재정비촉진구역 주택재개발정비사업조합,028498723, ,아파트,서울특별시 영등포구 신길로29길 17,위탁관리,혼합식,20210413,028498724,1008.0,93756.28,608.0,395.0,5.0,0.0,67596.84,1156013200,29.0,29.0,2.0,29.0,07397
A10025070,보라매 sk뷰,서울특별시 영등포구 신길동 1583-1 보라매 sk뷰,혼합,개별난방,232141.81,18,1546.0,sk건설,신길5재정비촉진구역 주택재개발정비사업조합,028499322, ,아파트,서울특별시 영등포구 여의대방로35가길 19,위탁관리,혼합식,20200129,028499324,1546.0,154512.02,650.0,789.0,105.0,2.0,113844.61,1156013200,29.0,29.0,2.0,40.0,07391
A10025562,신길센트럴아이파크,서울특별시 영등포구 신길동 347-50 신길센트럴아이파크,혼합,개별난방,84690.31,6,612.0,HDC현대산업개발,신길14 재정비촉진구역 주택재개발 정비사업조합,028334702,singil-ipark4702,아파트,서울특별시 영등포구 가마산로 426,위탁관리,혼합식,20190228,028334707,612.0,57554.45,372.0,240.0,0.0,0.0,41300.93,1156013200,28.0,28.0,2.0,1.0,07394
A10026182,신미아파트,서울특별시 영등포구 신길동 340-1 신미아파트,분양,개별난방,10167.98,4,130.0,미상,미상,028441524, ,아파트,서울특별시 영등포구 신길로23길 20,자치관리,계단식,19810627,028440234,130.0,9388.466,70.0,30.0,30.0,0.0,8521.7,1156013200,5.0,5.0,1.0,0.0,07399
A10027073,래미안에스티움,서울특별시 영등포구 신길동 4950 래미안에스티움,혼합,개별난방,272491.56,19,1722.0,삼성물산주식회사,신길7재정비촉진구역주택재개발사업조함,028499571,estium.aptner.co.kr,아파트,서울특별시 영등포구 신풍로 77,위탁관리,혼합식,20170412,028499574,1723.0,178278.12,682.0,833.0,207.0,0.0,133313.49,1156013200,27.0,27.0,3.0,52.0,07390
A10027755,래미안프레비뉴,서울특별시 영등포구 신길동 329-94 래미안프레비뉴,혼합,개별난방,140646.0,12,949.0,삼성물산주식회사,조합,028496655, ,아파트,서울특별시 영등포구 가마산로 442,위탁관리,혼합식,20151229,028496900,949.0,92203.29,397.0,535.0,17.0,0.0,68860.86,1156013200,25.0,25.0,2.0,28.0,07395
A15005001,신길우성4차아파트,서울특별시 영등포구 신길동 102-8 신길우성4차아파트,분양,개별난방,53207.29,4,476.0,우성건설,우성건설,028491156, ,아파트,서울특별시 영등포구 영등포로64길 11,위탁관리,계단식,19910504,028491157,476.0,51758.56,0.0,476.0,0.0,0.0,38900,1156013200,15.0,15.0,0.0,17.0,07317
A15005002,레전드힐스,서울특별시 영등포구 신길동 261-22 레전드힐스,분양,개별난방,8069.5,1,216.0,우신건설,코람코 자산신탁,028499181, ,주상복합,서울특별시 영등포구 가마산로 468,위탁관리,복도식,20130726,028499184,216.0,5451.88,216.0,0.0,0.0,0.0,2961.93,1156013200,17.0,17.0,2.0,3.0,07395
A15005102,신기목련,서울특별시 영등포구 신길동 4935 신기목련,혼합,개별난방,15140.0,2,213.0,우정건설 주식회사,도시개발 공사,028349119, ,아파트,서울특별시 영등포구 신길로42가길 34,위탁관리,복도식,20000711,028349122,213.0,9969.7,213.0,0.0,0.0,0.0,9969.7,1156013200,20.0,20.0,1.0,4.0,07362
A15005301,신길우성5차,서울특별시 영등포구 신길동 4933 신길우성5차,분양,개별난방,34003.53,3,321.0,우성건설,우성건설,028419412, ,아파트,서울특별시 영등포구 도신로 100,위탁관리,계단식,19931026,0266739412,321.0,34003.53,0.0,321.0,0.0,0.0,27278.58,1156013200,20.0,20.0,1.0,9.0,07382
A15005302,신길건영,서울특별시 영등포구 신길동 364 신길건영,분양,개별난방,44462.75,4,386.0,LIG건영,(주)건영,028442535,신길건영.apti.co.kr,아파트,서울특별시 영등포구 도림로 313,자치관리,복도식,19850904,028442536,386.0,43107.68,0.0,160.0,226.0,0.0,31387.44,1156013200,13.0,13.0,1.0,4.0,07380
A15005303,신길1차우성아파트,서울특별시 영등포구 신길동 365 신길1차우성아파트,분양,개별난방,61767.2,6,688.0,(주)우성건설,(주)우성건설,028336584,apt913.aptgate.co.kr,아파트,서울특별시 영등포구 도신로 68,위탁관리,혼합식,19860903,0266736583,688.0,61767.2,182.0,505.0,1.0,0.0,46238.48,1156013200,14.0,14.0,1.0,16.0,07380
A15005401,신길삼성제2,서울특별시 영등포구 신길동 4934-2 신길삼성제2,임대,개별난방,21067.0,1,387.0,삼성물산주식회사,삼성물산주식회사,028363272,happy.i-sh.co.kr/main.do?deptid=70169,아파트,서울특별시 영등포구 신길로42길 25,위탁관리,복도식,20010615,028363273,387.0,21064.797,387.0,0.0,0.0,0.0,12747.78,1156013200,20.0,22.0,2.0,4.0,07362
A15005402,신길삼성래미안,서울특별시 영등포구 신길동 4934 신길삼성래미안,분양,개별난방,111955.89,12,826.0,삼성물산,신길2-3지구주택재개발조합,028327937, ,아파트,서울특별시 영등포구 가마산로79길 7,위탁관리,혼합식,20010615,028327938,826.0,90601.82,214.0,382.0,230.0,0.0,71552.57,1156013200,22.0,22.0,3.0,18.0,07362
A15005501,포레나 신길,서울특별시 영등포구 신길동 4937 포레나 신길,분양,개별난방,48058.94,6,284.0,한화건설(주),한고을,028347097, ,아파트,서울특별시 영등포구 신길로 119,위탁관리,계단식,20080626,028340420,284.0,34529.164,0.0,147.0,137.0,0.0,27684.2474,1156013200,18.0,18.0,0.0,9.0,07400
A15005602,신길우창,서울특별시 영등포구 신길동 4501 신길우창,분양,개별난방,18782.2,2,214.0,우창건설(주),우창건설,0262687500, ,아파트,,위탁관리,복도식,19830817,028421929,214.0,13425.68,72.0,142.0,0.0,0.0,13421.68,1156013200,12.0,12.0,1.0,2.0,07435
A15005603,신길삼성,서울특별시 영등포구 신길동 4759 신길삼성,분양,중앙난방,30549.744,2,384.0,삼성종합건설(주),삼성종합건설(주),028462273, ,아파트,서울특별시 영등포구 여의대방로 45,위탁관리,복도식,19840414,028462275,384.0,30549.744,120.0,264.0,0.0,0.0,21766.32,1156013200,12.0,12.0,0.0,4.0,07435
A15005705,신길삼환,서울특별시 영등포구 신길동 897-1 신길삼환,분양,개별난방,131666.0,11,1174.0,삼환기업,군인공제회,028330286,신길삼환.apti.co.kr,아파트,서울특별시 영등포구 여의대방로43라길 9,위탁관리,계단식,19970510,028330289,1174.0,117110.62,478.0,696.0,0.0,0.0,87502.98,1156013200,25.0,25.0,1.0,26.0,07350
A15083701,신길삼두,서울특별시 영등포구 신길동 2-3 신길삼두,분양,개별난방,10684.0,1,160.0,삼두실업(주),삼두실업(주),028484188, ,아파트,서울특별시 영등포구 여의대방로61길 19,위탁관리,복도식,19871212,028484188,160.0,7333.2,160.0,0.0,0.0,0.0,7333.2,1156013200,10.0,10.0,1.0,2.0,07319
A15083703,신길경남,서울특별시 영등포구 신길동 67-1 신길경남,분양,개별난방,49860.67,5,368.0,경남건설,경남건설,028357655, ,아파트,서울특별시 영등포구 영등포로 351,자치관리,혼합식,19990615,0267477677,368.0,39145.37,165.0,121.0,82.0,0.0,29601.1,1156013200,24.0,24.0,2.0,8.0,07318
A15085404,신길한성,서울특별시 영등포구 신길동 769-1 신길한성,분양,개별난방,57972.21,5,420.0,한국보훈복지공단,한성건설,028362345, ,아파트,서울특별시 영등포구 가마산로 575,위탁관리,계단식,19970721,028362348,420.0,47134.0,172.0,144.0,104.0,0.0,36505.08,1156013200,22.0,22.0,1.0,11.0,07360
A15086001,보라매두산위브,서울특별시 영등포구 신길동 4497 보라매두산위브,분양,개별난방,27724.0,2,164.0,두산건설(주),두산건설,028360385, ,아파트,서울특별시 영등포구 여의대방로9길 5,위탁관리,계단식,20051110,028360386,164.0,21493.3,0.0,104.0,0.0,60.0,17039.43,1156013200,15.0,15.0,1.0,6.0,07434
A15086004,신길우성3차아파트,서울특별시 영등포구 신길동 4656 신길우성3차아파트,분양,개별난방,48820.0,5,477.0,우성건설,우성건설,028483078,ws3apt@hanmail.net,아파트,서울특별시 영등포구 대방천로14길 32,자치관리,혼합식,19890411,028450811,477.0,33366.24,139.0,338.0,0.0,0.0,33366.24,1156013200,15.0,15.0,0.0,13.0,07436
A15086006,보라매경남아너스빌,서울특별시 영등포구 신길동 4780 보라매경남아너스빌,분양,개별난방,73157.0,9,669.0,경남기업,경남기업,028484779, ,아파트,서울특별시 영등포구 여의대방로 25,위탁관리,계단식,20050812,028334779,669.0,70647.82,92.0,489.0,88.0,0.0,57010.79,1156013200,24.0,24.0,2.0,15.0,07437
A15086007,신길우성2차,서울특별시 영등포구 신길동 4518 신길우성2차,분양,개별난방,68385.75,7,725.0,우성건설,우성건설,028320181, ,아파트,서울특별시 영등포구 대방천로 180,위탁관리,혼합식,19860925,028320182,725.0,68254.0,120.0,605.0,0.0,0.0,51973.9,1156013200,15.0,15.0,0.0,0.0,07435
A15096001,신길자이,서울특별시 영등포구 신길동 4938 신길자이,분양,개별난방,21074.14,4,198.0,GS건설,신길동제5구역재개발주택조합,028310924, ,아파트,서울특별시 영등포구 가마산로79길 19,위탁관리,계단식,20110630,028310926,198.0,21074.14,76.0,86.0,36.0,0.0,16003.72,1156013200,20.0,20.0,2.0,5.0,07361
A10021177,문영칸타빌레아파트,서울특별시 영등포구 대림동 1061- 문영칸타빌레아파트,분양,개별난방,23270.0,1,133.0,문영건설,문영건설,028416213, ,아파트,서울특별시 영등포구 도림천로 391,위탁관리,계단식,20010818,028416214,133.0,16730.83,0.0,76.0,57.0,0.0,12847.04,1156013300,1.0,19.0,2.0,4.0,
A10021186,대림동1차한신아파트,서울특별시 영등포구 대림동 887-1 대림동1차한신아파트,분양,개별난방,21008.0,1,143.0,한신공영(주),대림연립재건축조합,0262677410, ,아파트,서울특별시 영등포구 디지털로69길 13,위탁관리,혼합식,19981210,0262677411,143.0,14925.28,58.0,54.0,31.0,0.0,11347.42,1156013300,1.0,18.0,3.0,3.0,
A10023516,영등포자이르네,서울특별시 영등포구 대림동 1132 영등포자이르네,분양,개별난방,22586.8,3,212.0,자이에스앤디(주),청명종합건설(주),0269563872, ,아파트,서울특별시 영등포구 시흥대로 625,위탁관리,계단식,20221107,0269563873,212.0,14169.44,212.0,0.0,0.0,0.0,10402.52,1156013300,20.0,20.0,2.0,7.0,07444
A10024725,e편한세상 영등포 아델포레,서울특별시 영등포구 대림동 1127 e편한세상 영등포 아델포레,혼합,개별난방,134427.0,13,859.0,대림산업(주),대림3구역재정비조합,028499824, ,아파트,서울특별시 영등포구 신길로 29,위탁관리,계단식,20200728,028499826,859.0,85993.55,340.0,519.0,0.0,0.0,64487.41,1156013300,21.0,21.0,3.0,26.0,07440
A10024829,대림 우성2차,서울특별시 영등포구 대림동 695 대림 우성2차,분양,개별난방,14182.95,1,120.0,우성건설(주),우성건설(주),028340664, ,아파트,서울특별시 영등포구 도림로47길 1,위탁관리,계단식,19921128,028330663,120.0,13233.6,0.0,120.0,0.0,0.0,9589.2,1156013300,15.0,15.0,0.0,4.0,07410
A10025122,지밸리소홈,서울특별시 영등포구 대림동 1101-7 지밸리소홈,분양,개별난방,17462.0,1,299.0,신세계건설,한일이앤에스,0269495082, ,도시형 생활주택(주상복합),서울특별시 영등포구 도림천로19길 11,위탁관리,복도식,20181030,0269495083,299.0,11124.786,299.0,0.0,0.0,0.0,4813.9,1156013300,16.0,16.0,3.0,3.0,07448
A10026761,H하우스 대림 뉴스테이,서울특별시 영등포구 대림동 1126 H하우스 대림 뉴스테이,임대,개별난방,20109.492,2,293.0,(주)케이씨씨건설,주식회사에이치티에이치피에프브이,028499166, ,아파트,서울특별시 영등포구 시흥대로 595,위탁관리,혼합식,20170627,028499168,301.0,19478.361,293.0,0.0,0.0,0.0,9387.763,1156013300,20.0,20.0,2.0,4.0,07445
A10027381,보라매 신동아파밀리에아파트,서울특별시 영등포구 대림동 1125 보라매 신동아파밀리에아파트,혼합,개별난방,41871.59,4,247.0,신동아건설(주),대림1주택 재건축정비사업조합,028329930,신대림2차신동아.apti.co.kr,아파트,서울특별시 영등포구 디지털로 420,위탁관리,계단식,20160729,028329931,247.0,26094.61,46.0,201.0,0.0,0.0,19818.83,1156013300,20.0,20.0,3.0,8.0,07439
A10027935,대림쌍용플래티넘S,서울특별시 영등포구 대림동 717 대림쌍용플래티넘S,분양,개별난방,12050.0,1,291.0,쌍용건설(주),두암산업(주),028315512, ,도시형 생활주택(주상복합),서울특별시 영등포구 대림로29길 13,위탁관리,복도식,20130628,0220685458,291.0,12049.88,291.0,0.0,0.0,0.0,5476.96,1156013300,12.0,12.0,4.0,3.0,07413
A15007002,신대림한솔솔파크,서울특별시 영등포구 대림동 1123 신대림한솔솔파크,분양,개별난방,34344.69,5,233.0,한솔건설(주),(주) 모아디앤씨,028321401, ,아파트,서울특별시 영등포구 도림천로 431,위탁관리,계단식,20080930,028321402,232.0,26298.68,0.0,212.0,21.0,0.0,19865.84,1156013300,19.0,19.0,1.0,7.0,07448
A15007101,대림갑을명가,서울특별시 영등포구 대림동 1119 대림갑을명가,분양,개별난방,21238.89,2,157.0,갑을건설(주),화양연립재건축정비사업조합,028350494, ,아파트,서울특별시 영등포구 대림로22길 29,위탁관리,계단식,20051017,028350495,157.0,16168.83,0.0,157.0,0.0,0.0,13326.47,1156013300,14.0,14.0,1.0,6.0,07423
A15007201,신대림자이,서울특별시 영등포구 대림동 1121 신대림자이,분양,개별난방,56075.49,4,314.0,GS건설,GS건설,028317047, ,주상복합,서울특별시 영등포구 시흥대로173길 13,위탁관리,계단식,20070927,028317049,314.0,36789.63,0.0,258.0,56.0,0.0,28257.32,1156013300,24.0,24.0,5.0,14.0,07445
A15081105,대림코오롱,서울특별시 영등포구 대림동 607-1 대림코오롱,분양,개별난방,64122.41,5,481.0,코오롱건설,대한주택보증,028314764,cafe.daum.net/daerimkolon,아파트,서울특별시 영등포구 도영로 2-5,위탁관리,계단식,19981016,0266744765,481.0,51466.91,200.0,197.0,84.0,0.0,40051.65,1156013300,25.0,25.0,3.0,10.0,07376
A15081107,대림현대3차,서울특별시 영등포구 대림동 608-1 대림현대3차,분양,중앙난방,157855.64,7,1162.0,현대산업개발(주),현대산업개발(주),028480773,hd3apt.apti.co.kr,아파트,서울특별시 영등포구 도신로 31,위탁관리,혼합식,19971027,028480774,1162.0,129004.32,509.0,394.0,0.0,259.0,95926.81,1156013300,30.0,30.0,0.0,23.0,07376
A15081201,대림성원,서울특별시 영등포구 대림동 650 대림성원,분양,개별난방,31654.89,2,220.0,성원건설,연합직장 주택조합,028352850, ,아파트,서울특별시 영등포구 대림로 256,위탁관리,계단식,19951018,0262742850,220.0,24690.6,110.0,110.0,0.0,0.0,15871.9,1156013300,24.0,24.0,2.0,5.0,07379
A15081503,대림우성,서울특별시 영등포구 대림동 762-1 대림우성,분양,개별난방,38735.99,4,435.0,우성건설,한국산업은행 직원 주택조합,028337186, ,아파트,서울특별시 영등포구 도림로 187,위탁관리,혼합식,19851127,028478609,435.0,29559.69,135.0,300.0,0.0,0.0,29561.31,1156013300,15.0,15.0,0.0,10.0,07410
A15081602,대림현대2차,서울특별시 영등포구 대림동 785 대림현대2차,분양,개별난방,32404.68,2,280.0,현대건설 주식회사,서원건축,028348687,대림현대2차.apti.co.kr,아파트,서울특별시 영등포구 도신로4길 6,자치관리,계단식,19921120,0267478687,280.0,32404.68,0.0,280.0,0.0,0.0,23727.2,1156013300,20.0,20.0,1.0,7.0,07377
A15081604,대림3동현대아파트,서울특별시 영등포구 대림동 785-1 대림3동현대아파트,분양,개별난방,51181.26,3,476.0,(주)현대건설,대한항공직장조합주택,028441417, ,아파트,서울특별시 영등포구 도신로4길 14,위탁관리,계단식,19920424,028316968,476.0,49631.04,0.0,476.0,0.0,0.0,39798.3,1156013300,20.0,20.0,0.0,13.0,07377
A15081606,대림신동아,서울특별시 영등포구 대림동 777-1 대림신동아,분양,개별난방,58340.56,4,591.0,신동아건설,신동아,028323430, ,아파트,서울특별시 영등포구 가마산로 312,위탁관리,복도식,19870117,0262653430,591.0,56451.71,155.0,436.0,0.0,0.0,40209.35,1156013300,15.0,15.0,1.0,6.0,07411
A15081802,대림동2차한신아파트,서울특별시 영등포구 대림동 897-1 대림동2차한신아파트,분양,개별난방,33926.14,2,234.0,한신공영,한신공영,028427070, ,아파트,서울특별시 영등포구 디지털로69길 16,위탁관리,혼합식,19990331,028417070,234.0,24779.48,100.0,95.0,38.0,1.0,18323.96,1156013300,18.0,18.0,2.0,7.0,07428
A15095001,대림동현대,서울특별시 영등포구 대림동 946-1 대림동현대,분양,개별난방,26391.53,1,217.0,현대건설,대림동지역주택조합,028357118, ,아파트,서울특별시 영등포구 시흥대로187길 12,자치관리,혼합식,19990203,028347118,217.0,20589.69,124.0,93.0,0.0,0.0,15298.32,1156013300,18.0,18.0,2.0,5.0,07441
A15095002,신대림신동아파밀리에,서울특별시 영등포구 대림동 1124 신대림신동아파밀리에,분양,개별난방,29834.23,4,185.0,신동아건설,대림2주택조합,028446400, ,아파트,서울특별시 영등포구 도림로54길 14,위탁관리,계단식,20130731,028496400,185.0,20020.041,47.0,104.0,34.0,0.0,15738.5032,1156013300,18.0,18.0,0.0,6.0,07422
A10020222,힐스테이트장승배기역 ,서울특별시 동작구 노량진동 328 힐스테이트장승배기역 ,혼합,개별난방,71600.99,3,0.0,현대엔지니어링,상도현대메트로센터파크지역주택조합,028111383, ,아파트,서울특별시 동작구 상도로 195,위탁관리,계단식,20260213,028111385,370.0,35478.43,0.0,0.0,0.0,0.0,25141.239,1159010100,29.0,29.0,6.0,0.0,
A10022416,더써밋타워,서울특별시 동작구 노량진동 54-4 더써밋타워,임대,개별난방,13907.0,1,299.0,강남건영(주),코레이트노량진역청년주택전문투자형사모부동산투자 유한회사,0226639656, ,주상복합,서울특별시 동작구 장승배기로 174,위탁관리,복도식,20240329,028169274,305.0,12120.29,299.0,0.0,0.0,0.0,7677.8,1159010100,27.0,27.0,2.0,2.0,
A10023966,어바니엘한강,서울특별시 동작구 노량진동 333 어바니엘한강,임대,개별난방,14680.19,1,0.0,(주)이테크건설,(주)마스턴제14호,028522805, ,도시형 생활주택(주상복합),,위탁관리,계단식,20180724,028522809,207.0,5425.34,0.0,0.0,0.0,0.0,10850.68,1159010100,19.0,19.0,3.0,3.0,06913
A10024524,더클래식동작,서울특별시 동작구 노량진동 37-1 더클래식동작,임대,개별난방,8517.85,1,272.0,강남건영,더클래식동작,028130361, ,도시형 생활주택(주상복합),서울특별시 동작구 노량진로8길 55,위탁관리,복도식,20201117,028130362,272.0,7342.24,272.0,0.0,0.0,0.0,4372.64,1159010100,18.0,18.0,2.0,0.0,06928
A15603205,상도건영,서울특별시 동작구 노량진동 324 상도건영,분양,중앙난방,142301.19,6,824.0,(주)건영,본동2구역주택재개발조합,028136445, ,아파트,서울특별시 동작구 만양로 26,위탁관리,혼합식,19970912,028249344,824.0,93417.32,162.0,340.0,322.0,0.0,71696.86,1159010100,18.0,18.0,0.0,21.0,06918
A15605001,노량진삼익,서울특별시 동작구 노량진동 330 노량진삼익,분양,개별난방,34982.89,1,175.0,주-삼익,주-삼익,028156850, ,주상복합,서울특별시 동작구 만양로 84,위탁관리,복도식,20010711,028156851,175.0,17845.23,82.0,93.0,0.0,0.0,12709.96,1159010100,19.0,19.0,3.0,3.0,06914
A15605002,노량진우성,서울특별시 동작구 노량진동 323 노량진우성,분양,중앙난방,127834.08,7,901.0,본동 제2-1 재개발조합,본동 제2-1 재개발조합,028234532, ,아파트,서울특별시 동작구 만양로8길 50,위탁관리,혼합식,19971216,028234531,901.0,104876.19,255.0,358.0,288.0,0.0,81597.06,1159010100,18.0,18.0,2.0,21.0,06917
A15605003,노량진쌍용예가,서울특별시 동작구 노량진동 332 노량진쌍용예가,분양,개별난방,49333.84,5,299.0,쌍용건설(주),노량진1구역재개발정비사업조합,028137510, ,아파트,서울특별시 동작구 장승배기로16길 134,위탁관리,혼합식,20100826,028137544,299.0,31281.0,118.0,136.0,45.0,0.0,23774.055,1159010100,15.0,15.0,3.0,10.0,06926
A15605103,신동아리버파크,서울특별시 동작구 노량진동 325 신동아리버파크,분양,중앙난방,240235.69,7,1696.0,신동아건설(주),신동아건설(주),028120322,신동아리버파크.apti.co.kr,아파트,서울특별시 동작구 만양로 19,위탁관리,혼합식,20010215,028122133,1696.0,193621.6,386.0,786.0,524.0,0.0,149877.5,1159010100,28.0,28.0,2.0,34.0,06920
A15676701,신동아리버파크제2관리사무소,서울특별시 동작구 노량진동 326 신동아리버파크제2관리사무소,임대,개별난방,54276.78,3,925.0,신동아,상도제1구역 재개발조합,0232805300,www.i-sh.co.kr/apthomepage/MB01_main.jsp?deptid=70162,아파트,서울특별시 동작구 만양로 19,위탁관리,복도식,20010215,0232805301,925.0,54256.16,925.0,0.0,0.0,0.0,30303,1159010100,25.0,25.0,0.0,12.0,06920
A10020109,쌍용임대아파트,서울특별시 동작구 상도동 418 쌍용임대아파트,임대,개별난방,3093.45,1,65.0,쌍용건설(주),쌍용건설(주),028122517, ,아파트,서울특별시 동작구 상도로 107,위탁관리,복도식,20031217,028132517,65.0,2189.525,65.0,0.0,0.0,0.0,2189.525,1159010200,12.0,0.0,2.0,1.0,
A10021490,건영약수맨션,서울특별시 동작구 상도동 211-1 건영약수맨션,분양,개별난방,17664.46,3,130.0,건영건설,건영건설,028232975, ,아파트,서울특별시 동작구 양녕로26길 15,자치관리(직영),혼합식,19800331,028232975,130.0,15953.24,0.0,0.0,130.0,0.0,15953.24,1159010200,1.0,10.0,0.0,0.0,
A10022456,상도2차갑을명가아파트,서울특별시 동작구 상도동 459- 상도2차갑을명가아파트,분양,,18172.0,1,118.0,..,..,028111705, ,아파트,서울특별시 동작구 국사봉길 175,위탁관리,계단식,20060922,02,119.0,12319.04,0.0,118.0,0.0,0.0,9668.3,1159010200,1.0,12.0,0.0,0.0,
A10022720,상도 푸르지오 클라베뉴,서울특별시 동작구 상도동 906 상도 푸르지오 클라베뉴,분양,개별난방,121475.0,10,0.0,(주)대우건설,(주)포스트개발,028230771, ,아파트,서울특별시 동작구 성대로 164,위탁관리,기타,20240229,028230772,771.0,76513.17,0.0,0.0,0.0,0.0,114729.1055,1159010200,18.0,18.0,4.0,26.0,07046
A10022916,상도1차갑을명가아파트,서울특별시 동작구 상도동 458 상도1차갑을명가아파트,분양,개별난방,17948.0,2,123.0,갑을건설(주),조합,0232804434, ,아파트,서울특별시 동작구 국사봉길 178,위탁관리,계단식,20061016,0232800116,123.0,12827.42,0.0,123.0,0.0,0.0,10141.39,1159010200,13.0,13.0,0.0,4.0,07051
A10024365,상도역롯데캐슬파크엘,서울특별시 동작구 상도동 904 상도역롯데캐슬파크엘,분양,개별난방,139978.0,13,950.0,롯데건설,태려건설,0232806667, ,아파트,서울특별시 동작구 양녕로 220,위탁관리,계단식,20210218,0232806668,950.0,89570.71,467.0,451.0,32.0,0.0,68120.5232,1159010200,20.0,20.0,5.0,31.0,07032
A10024777,상도동 롯데캐슬 비엔,서울특별시 동작구 상도동 530 상도동 롯데캐슬 비엔,분양,개별난방,26307.51,4,141.0,롯데건설,약수아파트 재건축 조합,028157522, ,아파트,서울특별시 동작구 양녕로 170,위탁관리(직영+위탁),계단식,20101230,028157524,141.0,16235.3,0.0,99.0,42.0,0.0,12830.68,1159010200,10.0,10.0,2.0,0.0,07037
A10025768,이편한세상 상도노빌리티,서울특별시 동작구 상도동 903 이편한세상 상도노빌리티,혼합,개별난방,141262.73,8,893.0,대림산업,상도노빌리티재건축조합,028270181,cafe.naver.com/sdnobilityapt,아파트,서울특별시 동작구 만양로 6,위탁관리,혼합식,20181203,028270183,893.0,94471.74,253.0,584.0,56.0,0.0,70828.56,1159010200,29.0,29.0,4.0,21.0,06919
A10027424,상도파크자이 아파트,서울특별시 동작구 상도동 363 상도파크자이 아파트,혼합,개별난방,68939.78,7,471.0,GS건설,상도제10구역 주택재개발 정비사업조합,028270795, ,아파트,서울특별시 동작구 장승배기로11가길 11,위탁관리,혼합식,20160826,028270798,471.0,46217.676,106.0,365.0,0.0,0.0,33362.69,1159010200,25.0,25.0,2.0,13.0,06937
A10027472,상도효성해링턴플레이스,서울특별시 동작구 상도동 536 상도효성해링턴플레이스,혼합,개별난방,33592.0,2,202.0,(주)효성,상도동지역주택조합,028255300, ,아파트,서울특별시 동작구 상도로 207,위탁관리,계단식,20160203,028255330,202.0,21163.068,54.0,148.0,0.0,0.0,15804.14,1159010200,28.0,28.0,4.0,6.0,06921
A10027614,상도 휴엔하임 도시형생횔주택,서울특별시 동작구 상도동 363-164 상도 휴엔하임 도시형생횔주택,분양,개별난방,11143.0,1,298.0,신구건설(주),상도개발(주),028254670, ,아파트,서울특별시 동작구 상도로15길 131,위탁관리,계단식,20160224,028264670,298.0,6646.0,298.0,0.0,0.0,0.0,4444.8,1159010200,15.0,15.0,2.0,2.0,06937
A10027633,상도2차 두산위브트레지움 아파트,서울특별시 동작구 상도동 535 상도2차 두산위브트레지움 아파트,혼합,개별난방,99488.17,6,582.0,두산중공업,상도동 두산위브 지역주택조합,028270510, ,주상복합,서울특별시 동작구 상도로30길 40,위탁관리,계단식,20160127,028270512,582.0,63187.797,127.0,455.0,0.0,0.0,46214.5592,1159010200,23.0,23.0,3.0,14.0,06964
A15603001,상도동원베네스트,서울특별시 동작구 상도동 528 상도동원베네스트,분양,개별난방,23332.004,4,162.0,동원시스템즈(주)/건설,상도동원지역주택조합,028243394, ,아파트,서울특별시 동작구 상도로34길 42,위탁관리,계단식,20081031,028253394,162.0,17602.01,0.0,162.0,0.0,0.0,13731.147,1159010200,13.0,13.0,1.0,6.0,06965
A15603002,브라운스톤상도,서울특별시 동작구 상도동 527 브라운스톤상도,분양,개별난방,58340.28,8,415.0,이수건설,상도이수지역주택조합,028212755,www.brsda.com,아파트,서울특별시 동작구 상도로31길 19,위탁관리,계단식,20071226,028212753,415.0,40979.42,110.0,305.0,0.0,0.0,32498.01,1159010200,18.0,18.0,2.0,13.0,06921
A15603003,상도건영제2 관리사무소,서울특별시 동작구 상도동 414 상도건영제2 관리사무소,임대,개별난방,29981.49,2,552.0,(주)건영,재개발사업,028138133, ,아파트,서울특별시 동작구 만양로 26,위탁관리,복도식,19970912,028138233,552.0,29979.12,552.0,0.0,0.0,0.0,18105.6,1159010200,18.0,18.0,1.0,8.0,06918
A15603004,상도sh-ville,서울특별시 동작구 상도동 430 상도sh-ville,임대,개별난방,65825.46,4,953.0,(주)C&우방,에스에이치공사,028226950, ,주상복합,서울특별시 동작구 상도로53길 70,위탁관리,복도식,20061103,028216950,953.0,44304.97,953.0,0.0,0.0,0.0,30905.79,1159010200,15.0,15.0,0.0,10.0,06977
A15603006,래미안상도3차,서울특별시 동작구 상도동 431 래미안상도3차,분양,개별난방,280216.8,28,1656.0,삼성물산(주) 주택부문,상도 제4구역 주택재개발사업 조합,028122936, ,아파트,서울특별시 동작구 상도로53길 8,위탁관리,계단식,20041224,0263325580,1656.0,192418.69,116.0,1019.0,493.0,28.0,155288.68,1159010200,15.0,15.0,2.0,58.0,06977
A15603007,상도래미안1차제2,서울특별시 동작구 상도동 447 상도래미안1차제2,임대,개별난방,11207.432,1,164.0,삼성건설,삼성건설,028156523, ,아파트,서울특별시 동작구 등용로 37,위탁관리,복도식,20041206,028156524,164.0,11207.432,164.0,0.0,0.0,0.0,4967.396,1159010200,18.0,18.0,3.0,2.0,06948
A15603008,힐스테이트상도프레스티지,서울특별시 동작구 상도동 533 힐스테이트상도프레스티지,분양,개별난방,158633.72,16,882.0,현대엠코,지역주택조합,028270388,astonpark.co.kr,아파트,서울특별시 동작구 상도로 346-2,위탁관리,계단식,20130814,028270389,882.0,106266.17,24.0,640.0,218.0,0.0,82034.881,1159010200,20.0,20.0,4.0,26.0,07034
A15603009,상도더샵2차,서울특별시 동작구 상도동 534 상도더샵2차,분양,개별난방,23430.0,4,138.0,포스코건설,상도동165번지 지역주택조합,0232806663,상도더샵2차.apti.co.kr,아파트,서울특별시 동작구 장승배기로10길 100,위탁관리,계단식,20140407,0232806661,138.0,11758.61,0.0,136.0,1.0,1.0,11758.61,1159010200,12.0,12.0,3.0,6.0,06966
A15603203,아이파크상도동,서울특별시 동작구 상도동 416 아이파크상도동,분양,개별난방,45623.46,6,400.0,현대산업개발주식회사,상도아파트재건축조합,028238896, ,아파트,서울특별시 동작구 장승배기로 26,위탁관리,계단식,20040427,028158897,400.0,45355.64,0.0,324.0,76.0,0.0,36254.12,1159010200,22.0,22.0,2.0,11.0,06967
A15603204,상도래미안1차,서울특별시 동작구 상도동 450 상도래미안1차,분양,개별난방,81236.0,7,517.0,삼성건설(주),상도2구역 주택재개발조합,028236884,상도래미안1차.apti.co.kr,아파트,서울특별시 동작구 등용로 37,위탁관리,계단식,20041206,028236885,517.0,59196.88,109.0,277.0,131.0,0.0,45011.296,1159010200,19.0,19.0,2.0,15.0,06948
A15603206,상도더샵,서울특별시 동작구 상도동 521 상도더샵,분양,개별난방,197874.17,22,1122.0,포스코건설(주),포스코건설(주),028248292,.www.sdthesharp.com/,아파트,서울특별시 동작구 장승배기로4길 9,위탁관리,계단식,20070928,0262698293,1122.0,137481.02,364.0,305.0,288.0,165.0,109786.216,1159010200,15.0,15.0,3.0,41.0,06966
A15603401,경향렉스빌아파트,서울특별시 동작구 상도동 445 경향렉스빌아파트,분양,개별난방,33119.0,2,197.0,경향건설(주),삼진재건축조합,028237345, ,아파트,서울특별시 동작구 양녕로23길 9,위탁관리,혼합식,20021015,0263347345,197.0,23456.41,18.0,108.0,71.0,0.0,17515.6418,1159010200,18.0,18.0,3.0,4.0,07049
A15603502,래미안상도2차,서울특별시 동작구 상도동 421 래미안상도2차,분양,개별난방,63061.12,9,431.0,삼성물산,상도6구역주택재개발조합,028139922,cafe.daum.net/raemian02,아파트,서울특별시 동작구 상도로55길 47,위탁관리,계단식,20031030,028135426,431.0,42265.67,173.0,174.0,84.0,0.0,34752.774,1159010200,15.0,15.0,0.0,17.0,06978
A15671801,상도두산위브,서울특별시 동작구 상도동 529 상도두산위브,분양,개별난방,31702.996,4,190.0,두산중공업(주),아이앤디개발(주),028130041,없음,아파트,서울특별시 동작구 상도로30길 39,위탁관리,계단식,20100315,028130042,199.0,16468.135,0.0,180.0,10.0,0.0,16468.135,1159010200,18.0,18.0,2.0,8.0,06964
A15678101,상도현대,서울특별시 동작구 상도동 412 상도현대,분양,개별난방,21098.0,2,194.0,현대건설,상도연합주택조합,028132231,a79366@gmail.com,아파트,서울특별시 동작구 사당로2길 2-32,위탁관리,혼합식,20030616,028138156,194.0,18638.42,99.0,95.0,0.0,0.0,13984.55,1159010200,15.0,15.0,2.0,5.0,07027
A15678102,상도삼호,서울특별시 동작구 상도동 408 상도삼호,혼합,중앙난방,81197.0,5,682.0,삼호건설,삼호건설,02-825-6525, ,아파트,서울특별시 동작구 상도로 407,위탁관리,혼합식,19940225,0262656521,682.0,66203.05,221.0,257.0,204.0,0.0,52353.09,1159010200,17.0,17.0,3.0,16.0,07026
A15678103,힐스테이트상도센트럴파크,서울특별시 동작구 상도동 531 힐스테이트상도센트럴파크,분양,개별난방,251674.0,22,1559.0,현대엠코,상도134지역주택조합,028268901,hillstatesangdo.co.kr,아파트,서울특별시 동작구 상도로 346-1,위탁관리,계단식,20120925,028268904,1559.0,172423.38,241.0,1079.0,239.0,0.0,134028.4378,1159010200,18.0,18.0,0.0,47.0,07039
A15683402,상도동중앙하이츠빌아파트,서울특별시 동작구 상도동 415 상도동중앙하이츠빌아파트,분양,개별난방,90284.74,10,544.0,(주)중앙건설,상도동연합주택조합,028136752, ,아파트,서울특별시 동작구 상도로 320,위탁관리,계단식,20031030,0267466752,544.0,50277.164,30.0,390.0,124.0,0.0,50277.0244,1159010200,25.0,25.0,3.0,17.0,07033
A15683601,상도1동대림,서울특별시 동작구 상도동 411 상도1동대림,분양,개별난방,40787.36,3,279.0,대림산업(주),직장조합,028177279, ,아파트,서울특별시 동작구 상도로60길 20,위탁관리,복도식,19951204,028267279,279.0,22014.0,0.0,279.0,0.0,0.0,22403.31,1159010200,15.0,15.0,6.0,5.0,07040
A15683901,상도쌍용,서울특별시 동작구 상도동 418 상도쌍용,분양,개별난방,40422.0,6,389.0,쌍용건설,상도3구역주택재개발조합,028122472, ,아파트,서울특별시 동작구 상도로 107,위탁관리,계단식,20031120,028122473,389.0,40122.32,124.0,179.0,86.0,0.0,32290.381,1159010200,15.0,15.0,2.0,15.0,06952
A10026873,극동강변아파트,서울특별시 동작구 본동 148-2 극동강변아파트,분양,개별난방,13816.95,1,123.0,극동건설(주),흥국생명보험(주),028130446, ,아파트,서울특별시 동작구 매봉로 156,위탁관리,계단식,19920309,028130449,123.0,10421.79,0.0,123.0,0.0,0.0,10421.79,1159010400,13.0,13.0,0.0,5.0,06906
A15605102,본동한신휴플러스,서울특별시 동작구 본동 487 본동한신휴플러스,분양,개별난방,39507.0,4,247.0,한신공영,본동제2구역 제3지구 주택재개발조합,028137209, ,아파트,서울특별시 동작구 매봉로 99,위탁관리,계단식,20040807,0262687209,247.0,22344.14,31.0,144.0,72.0,0.0,22344.14,1159010400,18.0,18.0,3.0,8.0,06916
A15606001,경동윈츠리버,서울특별시 동작구 본동 484 경동윈츠리버,분양,개별난방,34886.02,6,272.0,경동건설,경동건설,028128656, ,아파트,서울특별시 동작구 노량진로32길 156,위탁관리,계단식,20041230,0262938656,272.0,24595.047,142.0,78.0,52.0,0.0,19985.68,1159010400,13.0,13.0,2.0,13.0,06907
A15606002,유원강변,서울특별시 동작구 본동 482 유원강변,분양,개별난방,41807.8,5,306.0,유원울트라,준용연립재건축조합외,028249414, ,아파트,서울특별시 동작구 노량진로23가길 20,위탁관리,계단식,20000809,028259414,306.0,32506.4,44.0,236.0,26.0,0.0,25532.62,1159010400,25.0,25.0,2.0,1.0,06902
A15606003,본동삼성래미안아파트,서울특별시 동작구 본동 492 본동삼성래미안아파트,분양,개별난방,72488.83,6,477.0,삼성물산,본동제4구역재개발조합,028221162, ,아파트,서울특별시 동작구 매봉로 123,위탁관리,계단식,20041021,028221163,477.0,50884.39,99.0,272.0,106.0,0.0,41034.9986,1159010400,18.0,18.0,2.0,14.0,06916
A15606004,본동신동아,서울특별시 동작구 본동 481 본동신동아,분양,중앙난방,85044.0,9,765.0,신동아,본동제1구역제2지구주택개량재개발조합,028252318, ,아파트,서울특별시 동작구 매봉로 134,자치관리,혼합식,19930626,028261291,765.0,81054.914,273.0,228.0,264.0,0.0,61394.91,1159010400,12.0,12.0,0.0,16.0,06906
A15606005,한강쌍용,서울특별시 동작구 본동 150 한강쌍용,분양,개별난방,23192.16,2,161.0,쌍용건설(주),본동재개발조합,028226740, ,아파트,서울특별시 동작구 노량진로24길 2,위탁관리,혼합식,19990430,028226741,161.0,16420.37,83.0,47.0,31.0,0.0,12549,1159010400,17.0,17.0,2.0,4.0,06906
A15606006,본동한신휴플러스제2,서울특별시 동작구 본동 488 본동한신휴플러스제2,임대,개별난방,10438.46,1,134.0,(주)한신,재개발,028146975, ,아파트,서울특별시 동작구 매봉로 99,위탁관리,혼합식,20040807,028146976,134.0,10435.92,134.0,0.0,0.0,0.0,4356.34,1159010400,18.0,18.0,3.0,2.0,06916
A15606007,래미안트윈파크,서울특별시 동작구 본동 494 래미안트윈파크,혼합,개별난방,80008.23,5,523.0,삼성물산,본동5구역주택재개발정비사업조합,028150900, ,아파트,서울특별시 동작구 노량진로23가길 23,위탁관리,계단식,20111104,028150910,523.0,52125.79,203.0,216.0,104.0,0.0,40543.38,1159010400,29.0,29.0,3.0,10.0,06902
A15676702,본동SH-ville,서울특별시 동작구 본동 490 본동SH-ville,임대,개별난방,13308.0,1,176.0,(주)C&우방,본동4구역재개발임대아파트건설공사,028227923,SH공사홈페이지,아파트,서울특별시 동작구 노량진로22길 60,위탁관리,복도식,20061103,028244274,176.0,7788.0,176.0,0.0,0.0,0.0,5320.48,1159010400,17.0,17.0,2.0,0.0,06915
A10023350,흑석자이,서울특별시 동작구 흑석동 253-89 흑석자이,혼합,개별난방,167797.88,26,0.0,GS건설,흑석3재개발정비조합,028269903, ,아파트,서울특별시 동작구 서달로 90,위탁관리,혼합식,20230227,028269905,1772.0,167725.34,0.0,0.0,0.0,0.0,249083.74,1159010500,20.0,20.0,5.0,72.0,06987
A10025770,아크로 리버하임,서울특별시 동작구 흑석동 158-1 아크로 리버하임,혼합,개별난방,109103.78,20,1073.0,대림건설(주),흑석7재정비촉진구역주택재개발정비사업조합,028270190, ,아파트,서울특별시 동작구 현충로 52,위탁관리,계단식,20191224,028270192,1073.0,108732.15,313.0,716.0,36.0,8.0,81538.28,1159010500,28.0,28.0,3.0,39.0,06909
A10025867,흑석롯데캐슬에듀포레,서울특별시 동작구 흑석동 340 흑석롯데캐슬에듀포레,혼합,개별난방,84582.336,7,545.0,롯데건설(주),흑석8재정비촉진구역주택재개발정비사업조합,028127231, ,아파트,서울특별시 동작구 서달로 123,위탁관리,기타,20181129,028127230,545.0,52629.96,278.0,237.0,30.0,0.0,38395.02,1159010500,23.0,23.0,4.0,20.0,06973
A15607001,흑석동양,서울특별시 동작구 흑석동 328 흑석동양,분양,개별난방,53118.23,7,423.0,동양메이저건설,동양메이저건설,028167477, ,아파트,서울특별시 동작구 서달로1길 17,위탁관리,계단식,20031104,028167476,423.0,41771.82,147.0,276.0,0.0,0.0,32204.846,1159010500,17.0,17.0,2.0,13.0,06976
A15679103,우리유앤미,서울특별시 동작구 흑석동 329 우리유앤미,분양,개별난방,27096.682,2,206.0,우리건설,경수재건축조합,028127541, ,아파트,서울특별시 동작구 서달로 83,위탁관리,혼합식,20031226,028127542,206.0,20097.84,89.0,93.0,24.0,0.0,15827.2671,1159010500,17.0,17.0,2.0,6.0,06976
A15679104,흑석청호,서울특별시 동작구 흑석동 327 흑석청호,혼합,개별난방,23233.65,5,346.0,(주)해강,서울특별시 도시개발공사,028175152, ,아파트,서울특별시 동작구 서달로2길 29,위탁관리,복도식,19971014,028175142,346.0,23233.65,346.0,0.0,0.0,0.0,16286.4,1159010500,14.0,14.0,0.0,2.0,06986
A15679105,명수대현대아파트,서울특별시 동작구 흑석동 10 명수대현대아파트,분양,중앙난방,91430.0,8,660.0,현대산업개발,주택조합,028160300,명수대현대.apti.co.kr,아파트,서울특별시 동작구 현충로 119,위탁관리,혼합식,19880829,028247021,660.0,87517.65,0.0,330.0,270.0,60.0,67289.1,1159010500,15.0,15.0,0.0,21.0,06904
A15679106,흑석해가든,서울특별시 동작구 흑석동 332 흑석해가든,분양,개별난방,20044.16,1,154.0,이랜드건설(주),흑석시장재개발정비사업조합,028254400, ,주상복합,서울특별시 동작구 서달로 150,위탁관리,혼합식,20101229,028254401,154.0,20044.16,0.0,62.0,92.0,0.0,15251.64,1159010500,20.0,20.0,5.0,2.0,06980
A15679107,흑석한강센트레빌,서울특별시 동작구 흑석동 335 흑석한강센트레빌,혼합,개별난방,112883.86,10,655.0,흑석5구역재개발조합,동부건설(주),028128846,www.hshg.kr,아파트,서울특별시 동작구 흑석한강로 12,위탁관리,혼합식,20110916,028128847,655.0,70868.74,138.0,391.0,126.0,0.0,54329.68,1159010500,20.0,20.0,3.0,20.0,06981
A15679108,흑석한강푸르지오,서울특별시 동작구 흑석동 336 흑석한강푸르지오,혼합,개별난방,152758.27,14,863.0,대우건설,흑석4구역재정비조합,028230300,서울흑석동한강푸르지오.apti.co.kr/aptHome/,아파트,서울특별시 동작구 흑석한강로 27,위탁관리,혼합식,20120802,028240900,863.0,71696.9,175.0,518.0,170.0,0.0,71714.84,1159010500,19.0,19.0,4.0,33.0,06981
A15679109,흑석한강센트레빌2차,서울특별시 동작구 흑석동 339 흑석한강센트레빌2차,혼합,개별난방,167101.0,14,963.0,동부건설(주),흑석6재정비구역 주택재개발정비사업조합,028160088,www.흑석한강센트레빌2.com,아파트,서울특별시 동작구 서달로 91,위탁관리,계단식,20121224,028160111,963.0,106618.39,213.0,559.0,159.0,32.0,81393.655,1159010500,20.0,20.0,4.0,34.0,06975
A15685702,흑석한강현대,서울특별시 동작구 흑석동 28 흑석한강현대,분양,중앙난방,118020.26,13,960.0,현대건설,현대건설,028126812, ,아파트,서울특별시 동작구 현충로 151,위탁관리,혼합식,19880907,028174201,960.0,114249.6,0.0,570.0,390.0,0.0,90612.75,1159010500,15.0,15.0,0.0,26.0,06904
A10023898,이수스위첸포레힐즈아파트,서울특별시 동작구 동작동 102 이수스위첸포레힐즈아파트,분양,개별난방,55634.953,7,366.0,KCC건설,KCC건설,0234829233, ,아파트,서울특별시 동작구 동작대로45길 10,위탁관리,계단식,20220228,0234829234,370.0,39297.49,88.0,278.0,0.0,0.0,28546.57,1159010600,15.0,15.0,2.0,17.0,06994
A10025175,신동아갯마을아파트,서울특별시 동작구 동작동 329 신동아갯마을아파트,,,0.0,1,44.0, , ,025940999, ,아파트,서울특별시 동작구 동작대로43길 36,기타,,20010704, ,0.0,0.0,21.0,20.0,3.0,0.0,3117.09,1159010600,1.0,10.0,0.0,0.0,06994
A15608001,이수교스위첸,서울특별시 동작구 동작동 332 이수교스위첸,분양,개별난방,32003.0,5,178.0,케이씨씨건설,공작파크재건축조합,0234828584,isukccswitzen@daum.net,아파트,서울특별시 동작구 동작대로45길 22,위탁관리,계단식,20060330,0234828583,178.0,21820.54,20.0,72.0,86.0,0.0,17793.94,1159010600,15.0,15.0,2.0,8.0,06994
A15608002,동작금강KCC,서울특별시 동작구 동작동 331 동작금강KCC,분양,개별난방,38393.71,7,276.0,주)KCC건설,태화연립조합,025915610, ,아파트,서울특별시 동작구 동작대로39가길 55,위탁관리,계단식,20031030,025915609,276.0,23894.93,21.0,223.0,32.0,0.0,23894.93,1159010600,23.0,23.0,1.0,9.0,06992
A15608003,이수힐스테이트,서울특별시 동작구 동작동 333 이수힐스테이트,분양,개별난방,115589.0,15,680.0,현대건설,정금마을재건축조합,025372083,isuhillstate.com,아파트,서울특별시 동작구 동작대로39길 22,위탁관리,계단식,20130219,025372170,680.0,80717.555,171.0,303.0,173.0,33.0,59856.36,1159010600,15.0,15.0,2.0,27.0,06993
A10020085,스타팰리스 이수,서울특별시 동작구 사당동 1008-1 스타팰리스 이수,임대,개별난방,10157.02,1,0.0,트래콘건설,중앙랜드,025813413, ,도시형 생활주택(주상복합),서울특별시 동작구 동작대로17길 5,위탁관리,복도식,20260213,025813414,162.0,8551.33,0.0,0.0,0.0,0.0,3917.79,1159010700,15.0,15.0,3.0,2.0,
A10021807,사당삼성아파트,서울특별시 동작구 사당동 1140- 사당삼성아파트,분양,,0.0,1,113.0,삼성준공업,사당동재건축조합,025954406, ,아파트,서울특별시 동작구 동작대로35아길 14,자치관리,혼합식,19991231,025954407,113.0,11368.29,49.0,53.0,11.0,0.0,8646.71,1159010700,12.0,12.0,1.0,0.0,
A10022181,사당kcc아파트,서울특별시 동작구 사당동 1153 사당kcc아파트,분양,개별난방,16579.0,2,111.0,주)kcc건설,아주연립,025840584,없음,아파트,서울특별시 동작구 사당로20나길 57,위탁관리,계단식,20070720,025840585,111.0,12281.01,0.0,88.0,23.0,0.0,10248.0354,1159010700,12.0,12.0,1.0,5.0,
A10022230,르메이에르,서울특별시 동작구 사당동 1141- 르메이에르,분양,개별난방,0.0,1,140.0,르메이에르,르메이에르,025831065, ,아파트,서울특별시 동작구 사당로20길 119,위탁관리,혼합식,20011207,025831066,140.0,13441.38,63.0,77.0,0.0,0.0,10268.08,1159010700,0.0,16.0,2.0,0.0,
A10024245,이수푸르지오더프레티움,서울특별시 동작구 사당동 42 이수푸르지오더프레티움,혼합,개별난방,80835.07,11,514.0,대우건설,사당3주택재건축정비사업조합,0234829309,isuptp@aptstory.com,아파트,서울특별시 동작구 동작대로39길 39,위탁관리,계단식,20210629,0234829310,514.0,50194.094,193.0,306.0,12.0,3.0,38715.6,1159010700,15.0,15.0,3.0,21.0,06995
A10024642,사당진흥아파트,서울특별시 동작구 사당동 1142 사당진흥아파트,분양,개별난방,21137.33,1,140.0,성동종합건설(주),성동종합건설(주),025982778, ,아파트,서울특별시 동작구 사당로16아길 43,위탁관리,혼합식,20041229,025982798,140.0,11962.174,6.0,120.0,14.0,0.0,11962.1738,1159010700,1.0,14.0,0.0,0.0,07020
A10024811,남해오네뜨아파트,서울특별시 동작구 사당동 1143 남해오네뜨아파트,분양,개별난방,16925.967,1,131.0,남해건설,남해건설,0234722741, ,아파트,서울특별시 동작구 사당로2가길 173,위탁관리,혼합식,20021230,025811910,131.0,12763.656,60.0,57.0,14.0,0.0,9821.645,1159010700,15.0,15.0,2.0,3.0,07030
A10025013,사당롯데캐슬골든포레,서울특별시 동작구 사당동 1160 사당롯데캐슬골든포레,분양,개별난방,160369.27,17,959.0,롯데건설,사당2주택 재건축정비사업조합,0234874101, ,아파트,서울특별시 동작구 사당로 90,위탁관리,혼합식,20210702,0234874102,996.0,94432.086,468.0,488.0,3.0,0.0,69431.36,1159010700,18.0,18.0,4.0,36.0,07075
A10026025,사당갑을명가아파트,서울특별시 동작구 사당동 1151 사당갑을명가아파트,분양,개별난방,8285302.5,1,63.0,갑을건설,갑을건설,025845012, ,아파트,서울특별시 동작구 솔밭로 65,위탁관리(직영+위탁),계단식,20060324,025845011,63.0,6243.457,0.0,63.0,0.0,0.0,5022.5619,1159010700,12.0,12.0,1.0,3.0,07031
A10026299,래미안로이파크아파트,서울특별시 동작구 사당동 1159 래미안로이파크아파트,혼합,개별난방,117327.85,6,668.0,삼성물산(주),사당1 주택재건축정비사업,025959481, ,아파트,서울특별시 동작구 사당로23길 112,위탁관리,계단식,20181227,025959483,668.0,68672.53,158.0,486.0,24.0,0.0,53752.64,1159010700,25.0,25.0,4.0,18.0,07001
A10027495,이수자이 주상복합,서울특별시 동작구 사당동 147-29 이수자이 주상복합,분양,개별난방,52544.0,2,140.0,GS건설,(주)모벡에셋,025975116, ,주상복합,,위탁관리(직영+위탁),복도식,20101215,025975117,140.0,36015.32,0.0,0.0,120.0,20.0,16732.83,1159010700,24.0,24.0,7.0,2.0,
A15609001,사당유니드,서울특별시 동작구 사당동 1155 사당유니드,분양,개별난방,23347.76,5,151.0,대성산업(주),사당제7주택 재개발조합,025330511,cafe.daum.net/sd-uneed,아파트,서울특별시 동작구 동작대로29길 195,위탁관리,계단식,20090203,025330588,151.0,15206.71,27.0,124.0,0.0,0.0,11568.59,1159010700,9.0,9.0,3.0,10.0,06991
A15609002,사당삼호그린,서울특별시 동작구 사당동 1138 사당삼호그린,분양,개별난방,27671.55,1,211.0,(주)삼호건설,그린재건축조합,025834642, ,아파트,서울특별시 동작구 사당로2가길 188,위탁관리,혼합식,19991016,025834643,211.0,16298.841,83.0,110.0,18.0,0.0,16320.64,1159010700,17.0,17.0,3.0,5.0,07031
A15609003,사당휴먼시아,서울특별시 동작구 사당동 1154 사당휴먼시아,분양,개별난방,64450.0,8,480.0,(주)서희건설,한국토지주택공사,025882778, ,아파트,서울특별시 동작구 사당로16길 96,위탁관리,계단식,20090305,025882779,480.0,49613.918,96.0,384.0,0.0,0.0,38308.12,1159010700,15.0,15.0,3.0,18.0,07020
A15609005,사당 대림아파트,서울특별시 동작구 사당동 169-8 사당 대림아파트,분양,개별난방+기타,136437.05,12,1152.0,대림산업,대림산업,025939580,사당대림.apti.co.kr,아파트,서울특별시 동작구 사당로17길 52,위탁관리,계단식,19900807,025946447,1152.0,135400.5,162.0,570.0,419.0,1.0,110733.24,1159010700,15.0,15.0,0.0,35.0,07005
A15609006,신동아5,서울특별시 동작구 사당동 1137 신동아5,혼합,지역난방,35030.57,4,333.0,신동아건설(주),신동아건설(주),025996159,www.shindonga5.com,아파트,서울특별시 동작구 동작대로29길 118,위탁관리,혼합식,19981120,025996156,333.0,30096.67,177.0,90.0,66.0,0.0,22789.77,1159010700,19.0,19.0,0.0,8.0,06998
A15609007,이수역리가,서울특별시 동작구 사당동 1157 이수역리가,분양,개별난방,75491.26,8,452.0,LIG건설,사당동 지역주택조합,025323506, ,아파트,서울특별시 동작구 사당로27길 130,위탁관리,계단식,20130924,025323507,452.0,48868.62,0.0,452.0,0.0,0.0,38380.3692,1159010700,17.0,17.0,3.0,1.0,07000
A15609008,사당대아2차,서울특별시 동작구 사당동 1135 사당대아2차,분양,,16018.96,1,120.0,대아아파트,대아아파트,025358849, ,아파트,서울특별시 동작구 사당로 165,자치관리,복도식,19980530,0263328849,120.0,11926.16,64.0,56.0,0.0,0.0,8591.36,1159010700,19.0,19.0,3.0,2.0,
A15609301,사당롯데캐슬,서울특별시 동작구 사당동 1149 사당롯데캐슬,분양,개별난방,31057144.0,4,223.0,롯데건설(주),남성재건축조합,0234767786,a79596@gmail.com,아파트,서울특별시 동작구 사당로27길 181,위탁관리,계단식,20040922,025370678,223.0,19590.4,0.0,198.0,25.0,0.0,19534.249,1159010700,15.0,15.0,1.0,8.0,06989
A15609303,사당경남아너스빌,서울특별시 동작구 사당동 1134 사당경남아너스빌,분양,개별난방,45527.273,3,340.0,대아건설,대아건설,025925644, ,아파트,서울특별시 동작구 사당로9가길 82,자치관리,혼합식,19970228,025925889,340.0,26805.8,144.0,144.0,52.0,0.0,26805.8,1159010700,18.0,18.0,2.0,8.0,06988
A15609305,사당롯데캐슬샤인,서울특별시 동작구 사당동 1132 사당롯데캐슬샤인,분양,개별난방,87764.67,7,444.0,롯데건설,삼익아파트재건축조합,0234813737, ,아파트,서울특별시 동작구 사당로27길 190,위탁관리,계단식,20031017,0234823738,444.0,57136.44,0.0,196.0,134.0,114.0,49701.22,1159010700,20.0,20.0,3.0,12.0,06989
A15609306,사당동작삼성래미안아파트,서울특별시 동작구 사당동 1133 사당동작삼성래미안아파트,분양,개별난방,155858.44,18,896.0,삼성물산,삼성물산,025933465, ,아파트,서울특별시 동작구 사당로23바길 9,위탁관리,계단식,20030215,025923465,896.0,114737.19,0.0,542.0,314.0,40.0,86503.134,1159010700,20.0,20.0,3.0,24.0,07002
A15609401,사당삼익그린뷰,서울특별시 동작구 사당동 1150 사당삼익그린뷰,분양,개별난방,26617.375,2,183.0,삼익건설,삼익건설,025250810, ,아파트,서울특별시 동작구 남부순환로255길 21,위탁관리,계단식,20031002,025252810,183.0,19484.502,39.0,112.0,32.0,0.0,15336.8515,1159010700,16.0,16.0,2.0,6.0,07021
A15609501,사당제일,서울특별시 동작구 사당동 240-15 사당제일,분양,개별난방,25716.56,3,296.0,제일건축,제일건축,025834526, ,아파트,서울특별시 동작구 사당로16다길 57,위탁관리,복도식,19870213,025834546,296.0,17768.88,0.0,296.0,0.0,0.0,17768.88,1159010700,10.0,10.0,0.0,3.0,07019
A15609502,사당자이,서울특별시 동작구 사당동 1139 사당자이,분양,개별난방,76425.0,9,719.0,엘지건설(주),해병주택재건축조합,0234861182,사당자이.apti.co.kr,아파트,서울특별시 동작구 사당로2가길 102,위탁관리,혼합식,19991228,0262644450,719.0,74435.97,325.0,218.0,176.0,0.0,57908.48,1159010700,25.0,25.0,3.0,17.0,07028
A15677204,사당신동아4단지,서울특별시 동작구 사당동 105 사당신동아4단지,분양,중앙난방,91645.5,8,912.0,신동아건설,...,025951977, ,아파트,서울특별시 동작구 동작대로29길 110,위탁관리,혼합식,19931221,025353278,912.0,91645.5,465.0,207.0,240.0,0.0,71938.17,1159010700,15.0,15.0,0.0,15.0,06998
A15677501,남성두산위브트레지움,서울특별시 동작구 사당동 1131 남성두산위브트레지움,혼합,개별난방,76792.0,4,451.0,두산건설,영아아파트조합,025333964, ,아파트,서울특별시 동작구 사당로13길 31,위탁관리,계단식,20111028,025333965,451.0,52230.64,91.0,256.0,104.0,0.0,39340.2583,1159010700,28.0,28.0,3.0,9.0,07004
A15681501,사당우성(4-3)아파트,서울특별시 동작구 사당동 105 사당우성(4-3)아파트,분양,중앙난방,90542.4,6,855.0,우성건설(주),우성건설(주),025327430,https://openapt.seoul.go.kr/,아파트,서울특별시 동작구 동작대로29길 115,위탁관리,혼합식,19931221,025946753,855.0,90542.4,375.0,150.0,330.0,0.0,69742.8,1159010700,15.0,15.0,1.0,16.0,06990
A15681502,사당우성2단지,서울특별시 동작구 사당동 105 사당우성2단지,분양,중앙난방,121345.41,8,1080.0,우성건설,사당4-2공구 재개발 조합,025371786, ,아파트,서울특별시 동작구 동작대로29길 91,위탁관리,혼합식,19931221,025965941,1080.0,120922.3,405.0,285.0,390.0,0.0,91614.75,1159010700,15.0,15.0,0.0,21.0,06999
A15681503,사당극동,서울특별시 동작구 사당동 105 사당극동,분양,중앙난방,177942.0,12,1550.0,극동건설,사당4-1구역 재개발조합,025957010, ,아파트,서울특별시 동작구 동작대로29길 119,위탁관리,혼합식,19931221,025999603,1551.0,177543.98,476.0,360.0,714.0,0.0,137745.46,1159010700,20.0,20.0,1.0,35.0,06990
A15681802,사당현대아파트,서울특별시 동작구 사당동 169-32 사당현대아파트,분양,개별난방,28126.52,2,265.0,현대산업개발,현대산업개발,025946928, ,아파트,서울특별시 동작구 사당로17길 111,자치관리,혼합식,19910424,025946925,265.0,27305.777,175.0,0.0,90.0,0.0,21088.2,1159010700,15.0,15.0,1.0,5.0,07002
A10022093,골든노블레스,서울특별시 동작구 대방동 403-16 골든노블레스,임대,개별난방,5142.0,1,110.0,크라운종합건설,이영희 ,07076090100,db40314.kr,주상복합,서울특별시 동작구 상도로 36,위탁관리,복도식,20231124,07076090102,110.0,4055.84,110.0,0.0,0.0,0.0,2201.71,1159010800,14.0,14.0,2.0,0.0,
A10022384,대방2차e편한세상아파트,서울특별시 동작구 대방동 507- 대방2차e편한세상아파트,분양,개별난방,21197.0,1,100.0,대림산업,대림산업,028134265, ,아파트,서울특별시 동작구 알마타길 53,위탁관리,계단식,20030627,028134255,100.0,16032.0,0.0,0.0,100.0,0.0,13163.7,1159010800,18.0,18.0,2.0,4.0,
A10023859,대방동신일해피트리 아파트,서울특별시 동작구 대방동 510 대방동신일해피트리 아파트,분양,개별난방,11248.598,2,130.0,신일건설주식회사,(주)신일,028261117, ,아파트,서울특별시 동작구 여의대방로62길 7,위탁관리,계단식,20051125,028141484,130.0,10591.88,118.0,12.0,0.0,0.0,8078.071,1159010800,19.0,19.0,2.0,0.0,
A10024752,신한토탈아파트,서울특별시 동작구 대방동 41 신한토탈아파트,분양,개별난방,15117.21,1,134.0,(주) 신한건설,(주)신한건설,028248314, ,아파트,서울특별시 동작구 등용로14길 34,위탁관리,복도식,19971117,028248315,134.0,13335.0,44.0,90.0,0.0,0.0,9704.08,1159010800,18.0,18.0,1.0,2.0,06932
A15602001,대방경남아너스빌,서울특별시 동작구 대방동 512 대방경남아너스빌,분양,개별난방,25144.49,2,163.0,경남기업,대방시범아파트재건축조합,028242225, ,아파트,서울특별시 동작구 여의대방로54길 6,자치관리(직영),계단식,20060327,028242247,163.0,16852.08,0.0,163.0,0.0,0.0,13822.033,1159010800,15.0,15.0,2.0,0.0,06939
A15602002,보라매코오롱하늘채,서울특별시 동작구 대방동 509 보라매코오롱하늘채,분양,개별난방,27271.0,2,200.0,코오롱건설,코오롱건설(주),0264091372, ,아파트,서울특별시 동작구 여의대방로24다길 40,위탁관리,계단식,20050916,0264091373,200.0,21286.0,0.0,200.0,0.0,0.0,16939.58,1159010800,19.0,19.0,1.0,6.0,07055
A15602007,대방1차e편한세상,서울특별시 동작구 대방동 508 대방1차e편한세상,분양,개별난방,85252.95,7,609.0,대림산업,대림산업,028134262, ,아파트,서울특별시 동작구 알마타길 37,위탁관리,계단식,20030628,028134263,609.0,64450.47,0.0,609.0,0.0,0.0,51350.88,1159010800,24.0,24.0,3.0,16.0,06939
A15676512,대방주공1단지,서울특별시 동작구 대방동 503 대방주공1단지,임대,중앙난방,45128.21,5,925.0,"동양고속,신태진건설",LH,028249974,www.kohom.co.kr,아파트,서울특별시 동작구 여의대방로44길 47,위탁관리,복도식,19930418,028179469,925.0,40794.03,925.0,0.0,0.0,0.0,28233.45,1159010800,15.0,15.0,0.0,12.0,06942
A15681103,대방우정,서울특별시 동작구 대방동 505 대방우정,분양,개별난방,26306.0,2,206.0,(주) 우정건설,(주) 태욱건설,028150051, ,아파트,서울특별시 동작구 여의대방로62길 23,위탁관리,계단식,19990122,028160052,206.0,20548.703,78.0,128.0,0.0,0.0,15500.22,1159010800,23.0,23.0,2.0,0.0,06900
A15681104,대방2차현대,서울특별시 동작구 대방동 506 대방2차현대,분양,개별난방,37875.62,5,278.0,현대건설,주택조합,028136424,hydae2.apti.co.kr,아파트,서울특별시 동작구 알마타길 58,위탁관리,혼합식,19991209,028136424,278.0,30146.96,134.0,84.0,38.0,22.0,23133.7,1159010800,19.0,19.0,2.0,6.0,06942
A15681105,대방성원,서울특별시 동작구 대방동 500 대방성원,분양,개별난방,54733.93,3,487.0,성원건설,성원건설,028231319, ,아파트,서울특별시 동작구 여의대방로44길 9,위탁관리,계단식,19940115,028231320,487.0,41063.84,0.0,487.0,0.0,0.0,41063.84,1159010800,26.0,26.0,0.0,11.0,06941
A15681106,대방현대1차,서울특별시 동작구 대방동 502 대방현대1차,분양,개별난방,60763.72,5,514.0,현대건설(주),한일은행조합외5개 조합,028252190,https://openapt.seoul.go.kr/manager/index.do,아파트,서울특별시 동작구 등용로 127,위탁관리,혼합식,19940820,028252191,514.0,60763.72,80.0,434.0,0.0,0.0,41659.84,1159010800,23.0,23.0,3.0,12.0,06940
A15681108,대방주공2단지,서울특별시 동작구 대방동 503 대방주공2단지,분양,중앙난방,62382.75,10,798.0,유원건설,대한주택공사,028245436,http://,아파트,서울특별시 동작구 여의대방로44길 47,위탁관리,복도식,19950427,028261262,798.0,62382.75,798.0,0.0,0.0,0.0,45292.77,1159010800,15.0,15.0,1.0,12.0,06942
A15681110,대방대림,서울특별시 동작구 대방동 501 대방대림,분양,중앙난방,241528.06,14,1628.0,대림산업(주),대림산업(주),028262970, ,아파트,서울특별시 동작구 여의대방로44길 10,위탁관리,혼합식,19931120,028269999,1628.0,200089.5,570.0,570.0,298.0,190.0,153829.8,1159010800,19.0,19.0,1.0,36.0,06943
A10020786,골드타워신대방청년주택,서울특별시 동작구 신대방동 351-5 골드타워신대방청년주택,임대,개별난방,14941.66,1,330.0,백상건설,금성종합건설,028168852, ,주상복합,서울특별시 동작구 보라매로 105,위탁관리,복도식,20250210,028178853,330.0,12821.582,330.0,0.0,0.0,0.0,7387.526,1159010900,27.0,25.0,2.0,0.0,
A10021100,신대방벽산아파트,서울특별시 동작구 신대방동 709- 신대방벽산아파트,분양,개별난방,16796.37,2,132.0,벽산건설,벽산건설,028225245, ,아파트,서울특별시 동작구 여의대방로22길 24,자치관리,혼합식,19971212,028125245,132.0,11846.992,84.0,48.0,0.0,0.0,8905.44,1159010900,17.0,17.0,2.0,0.0,
A10022217,현진에버빌아파트,서울특별시 동작구 신대방동 716- 현진에버빌아파트,분양,개별난방,16213.0,1,135.0,현진건설,현진건설,028340133, ,아파트,서울특별시 동작구 신대방1나길 45,자치관리,계단식,20031024,028340134,135.0,9971.853,59.0,76.0,0.0,0.0,9971.8528,1159010900,19.0,19.0,1.0,4.0,
A10023324,캐릭터그린빌아파트,서울특별시 동작구 신대방동 395-73 캐릭터그린빌아파트,분양,개별난방,25162.39,1,96.0,우성건설,우성건설,028334751, ,주상복합,서울특별시 동작구 보라매로5가길 7,자치관리(직영),복도식,20001117,028334752,96.0,17851.2,0.0,0.0,48.0,48.0,13566.96,1159010900,27.0,26.0,5.0,4.0,07071
A10023551,동작협성휴포레시그니처아파트,서울특별시 동작구 신대방동 686-48 동작협성휴포레시그니처아파트,분양,개별난방,47065.082,5,274.0,(주)협성건설,(주)청민건설,028498834, ,주상복합,서울특별시 동작구 시흥대로 606,위탁관리,계단식,20220527,028498835,274.0,31880.188,0.0,274.0,0.0,0.0,23281.4591,1159010900,29.0,29.0,6.0,6.0,07074
A10024098,보라매자이 더 포레스트,서울특별시 동작구 신대방동 724 보라매자이 더 포레스트,혼합,개별난방,138393.94,8,0.0,GS건설(주),동작트인시아 지역주택조합,0269515071, ,주상복합,서울특별시 동작구 여의대방로22길 121,위탁관리,혼합식,20211029,0269515072,959.0,86911.32,0.0,0.0,0.0,0.0,112467.4691,1159010900,38.0,38.0,3.0,21.0,07056
A10024188,롯데타워아파트,서울특별시 동작구 신대방동 395-67 롯데타워아파트,분양,,0.0,1,90.0, , ,028469701, ,주상복합,서울특별시 동작구 보라매로5길 51,기타,,19960628, ,0.0,0.0,0.0,0.0,0.0,90.0,14771.08,1159010900,1.0,30.0,0.0,0.0,
A10025504,숲속마을 신동아파밀리에 아파트,서울특별시 동작구 신대방동 717 숲속마을 신동아파밀리에 아파트,분양,개별난방,18486.756,2,105.0,신동아건설,신동아건설,028317829, ,아파트,서울특별시 동작구 여의대방로10길 100,위탁관리,계단식,20050624,028316829,105.0,11975.52,0.0,46.0,59.0,0.0,10717.8976,1159010900,13.0,13.0,1.0,5.0,07062
A15183001,해태보라매타워,서울특별시 동작구 신대방동 708 해태보라매타워,분양,개별난방,46900.0,2,387.0,해태건설(주),해태건설(주),028360020,해태보라매타워.apti.co.kr,주상복합,서울특별시 관악구 보라매로3길 29,위탁관리,복도식,19961018,028446110,256.0,26122.8,203.0,183.0,1.0,0.0,18384.72,1159010900,23.0,23.0,6.0,4.0,08708
A15601002,보라매아카데미타워아파트,서울특별시 동작구 신대방동 395-69 보라매아카데미타워아파트,분양,개별난방,40411.42,1,225.0,라성건설,주은부동산신탁,028316649, ,주상복합,서울특별시 동작구 보라매로5가길 16,자치관리,복도식,19980817,028316662,225.0,35335.71,0.0,63.0,153.0,9.0,25812.54,1159010900,41.0,41.0,0.0,3.0,07071
A15601003,보라매e편한세상,서울특별시 동작구 신대방동 720 보라매e편한세상,분양,개별난방,67442.6,5,386.0,(주)삼호,스톰디엔엠,028143691, ,아파트,서울특별시 동작구 보라매로 70,위탁관리,계단식,20100726,028143692,386.0,37516.1,97.0,135.0,154.0,0.0,37516.1,1159010900,19.0,19.0,3.0,0.0,07054
A15601004,신대방,서울특별시 동작구 신대방동 705 신대방,혼합,,7833.33,1,108.0,(주)대호종합건설,서울도시개발공사,028213074, ,주상복합,서울특별시 동작구 보라매로 83,자치관리,복도식,19950517,028213075,108.0,7493.09,108.0,0.0,0.0,0.0,5164.7,1159010900,12.0,12.0,1.0,0.0,07060
A15601102,신대방경남교수,서울특별시 동작구 신대방동 710 신대방경남교수,분양,개별난방,49639.0,4,295.0,경남기업,재건축조합,028363737, ,아파트,서울특별시 동작구 여의대방로10길 14,위탁관리,계단식,20010802,028363776,295.0,36338.2,0.0,165.0,130.0,0.0,28826,1159010900,23.0,23.0,0.0,7.0,07064
A15601103,신대방경남아너스빌,서울특별시 동작구 신대방동 712 신대방경남아너스빌,분양,개별난방,65144.0,5,427.0,경남기업,무림아파트재건축조합,028479669,신대방경남.apti.co.kr,아파트,서울특별시 동작구 신대방길 85,위탁관리,혼합식,20030228,028479670,427.0,44915.49,78.0,263.0,54.0,32.0,35542.47,1159010900,20.0,20.0,2.0,11.0,07069
A15601104,보라매롯데낙천대,서울특별시 동작구 신대방동 713 보라매롯데낙천대,분양,개별난방,93924.0,7,734.0,롯데건설,신생 재건축조합,0262959655,www.boramelotteapt.com,아파트,서울특별시 동작구 여의대방로10길 38,위탁관리,계단식,20030802,0262959657,734.0,65443.51,415.0,236.0,83.0,0.0,50898.8536,1159010900,21.0,21.0,3.0,22.0,07064
A15601105,신대방현대,서울특별시 동작구 신대방동 707 신대방현대,분양,개별난방,113324.98,6,880.0,현대건설,조합주택,028356423,cafe.daum.net/aptsdhd,아파트,서울특별시 동작구 여의대방로 28,위탁관리,계단식,19960213,028356421,880.0,96000.08,0.0,879.0,1.0,0.0,74429.85,1159010900,20.0,20.0,2.0,22.0,07064
A15601201,신대방신동아,서울특별시 동작구 신대방동 360-17 신대방신동아,분양,개별난방,11953.09,1,171.0,신동아,신동아건설(주),028260713, ,아파트,서울특별시 동작구 여의대방로22아길 22,위탁관리,복도식,19930113,028260714,171.0,11953.09,171.0,0.0,0.0,0.0,7915.14,1159010900,14.0,14.0,1.0,2.0,07058
A15601202,신대방한성,서울특별시 동작구 신대방동 470-8 신대방한성,분양,개별난방,33023.0,4,272.0,한성건설,한성건설,028492295, ,아파트,서울특별시 동작구 여의대방로10길 13,자치관리,계단식,19950218,0262652295,272.0,29472.72,120.0,84.0,68.0,0.0,23172.4,1159010900,21.0,21.0,1.0,7.0,07063
A15670001,동작상떼빌주상복합,서울특별시 동작구 신대방동 719 동작상떼빌주상복합,분양,개별난방,122425.83,4,545.0,성원건설(주),에스엘종합건설(주),0232891113,dj-stv.com,아파트,서울특별시 동작구 신대방1가길 38,위탁관리,혼합식,20060825,0232891114,545.0,62251.49,0.0,196.0,349.0,0.0,62251.49,1159010900,28.0,28.0,4.0,8.0,07072
A15672001,보라매우성,서울특별시 동작구 신대방동 706 보라매우성,분양,개별난방,32438.457,2,199.0,우성건설,우성건설,028313382, ,주상복합,서울특별시 동작구 보라매로5길 5,위탁관리,복도식,19951114,028353382,199.0,23057.89,87.0,58.0,54.0,0.0,16422.16,1159010900,22.0,22.0,4.0,4.0,07071
A15672002,보라매삼성쉐르빌,서울특별시 동작구 신대방동 395-66 보라매삼성쉐르빌,분양,개별난방,76592.73,1,246.0,삼성중공업,삼성중공업,028485203,보라매삼성쉐르빌.apti.co.kr,주상복합,서울특별시 동작구 보라매로5길 43,위탁관리,계단식,20030103,028485204,246.0,68241.72,0.0,0.0,74.0,172.0,37102.42,1159010900,49.0,49.0,4.0,8.0,07071
A15685201,신대방우성2차,서울특별시 동작구 신대방동 565-21 신대방우성2차,분양,개별난방,24661.06,2,174.0,우성종합건설(주),우성종합건설(주),028488864, ,아파트,서울특별시 동작구 여의대방로 8,자치관리,복도식,19950119,028488857,174.0,19638.3,65.0,71.0,0.0,38.0,15269.11,1159010900,19.0,19.0,2.0,0.0,07065
A15685206,신대방우성1차,서울특별시 동작구 신대방동 565 신대방우성1차,분양,개별난방,178768.0,16,1335.0,우성건설,우성건설,028484912, ,아파트,서울특별시 동작구 여의대방로 22,자치관리,혼합식,19880924,028463971,1335.0,142320.75,0.0,635.0,520.0,180.0,142320.75,1159010900,20.0,20.0,1.0,33.0,07065
A15685503,보라매파크빌,서울특별시 동작구 신대방동 711 보라매파크빌,분양,개별난방,57603.24,6,423.0,한일건설,sh공사,028416417, ,아파트,서울특별시 동작구 여의대방로10길 59,위탁관리,계단식,20020227,028416418,423.0,35840.76,0.0,423.0,0.0,0.0,35840.76,1159010900,15.0,15.0,2.0,11.0,07063
A10020028,한일유앤아이아파트,서울특별시 관악구 봉천동 1727 한일유앤아이아파트,분양,개별난방,11997.377,1,74.0,한일개발주식회사,한일개발주식회사,028881141, ,아파트,서울특별시 관악구 은천로 137,위탁관리,계단식,20090930,028881174,74.0,11988.0,0.0,0.0,0.0,74.0,11988,1162010100,12.0,0.0,2.0,0.0,
A10020169,지안타워,서울특별시 관악구 봉천동 868-12 지안타워,임대,개별난방,6687.08,1,169.0,미주건설,미주건설,028833313, ,도시형 생활주택(아파트),서울특별시 관악구 남부순환로218길 17,위탁관리,기타,20260129,028833314,169.0,4333.55,169.0,0.0,0.0,0.0,4333.55,1162010100,18.0,0.0,2.0,0.0,
A10020559,낙성대현대아파트,서울특별시 관악구 봉천동 296- 낙성대현대아파트,분양,개별난방,17960.0,2,0.0,현대견설(주),범우연립주택조합,028844076, ,아파트,서울특별시 관악구 낙성대로 37,자치관리,혼합식,19981123,028844075,122.0,12827.37,0.0,0.0,0.0,0.0,9755.24,1162010100,1.0,16.0,2.0,3.0,
A10020665,반석푸른숲아파트,서울특별시 관악구 봉천동 1723- 반석푸른숲아파트,분양,개별난방,13078.0,1,0.0,반석종합건설,반석종합건설,028839920, ,아파트,서울특별시 관악구 인헌16다길 14,위탁관리,계단식,20060519,028848540,137.0,13078.0,0.0,0.0,0.0,0.0,10379.19,1162010100,1.0,12.0,0.0,0.0,
A10020718,LH관악봉천행복주택,서울특별시 관악구 봉천동 1739- LH관악봉천행복주택,임대,개별난방,7629.8574,1,0.0,양우종합건설(주),LH토지주택공사,028771723, ,아파트,서울특별시 관악구 인헌16가길 38,위탁관리,복도식,20250313,028771724,238.0,7629.8574,0.0,0.0,0.0,0.0,4126.19,1162010100,4.0,4.0,1.0,7.0,
A10020964,힐스테이트관악센트씨엘,서울특별시 관악구 봉천동 1699-1 힐스테이트관악센트씨엘,분양,개별난방,154393.53,9,0.0,현대건설,봉천제 4-1-2구역 주택재개발 정비사업 조합,028771060, ,아파트,서울특별시 관악구 구암5길 28,위탁관리,계단식,20241230,028771061,997.0,93461.21,0.0,0.0,0.0,0.0,68117.08,1162010100,28.0,28.0,3.0,30.0,
A10021647,마에스트로캠퍼스타운,서울특별시 관악구 봉천동 893-12 마에스트로캠퍼스타운,분양,개별난방,0.0,1,117.0,(주)한미글로벌건축사사무소,한국자산신탁(주),0261058690, ,주상복합,서울특별시 관악구 남부순환로 1773,위탁관리,복도식,20121019,0261058691,117.0,3207.23,117.0,0.0,0.0,0.0,1608.23,1162010100,1.0,15.0,2.0,1.0,
A10021687,동아타운아파트,서울특별시 관악구 봉천동 1629-2 동아타운아파트,분양,개별난방,20053.26,1,121.0,동아건설산업(주),새한연립 재건축 조합,028727637, ,주상복합,서울특별시 관악구 봉천로 576,위탁관리,복도식,19991030,028727400,121.0,10049.63,79.0,14.0,28.0,0.0,6868.8,1162010100,16.0,16.0,0.0,1.0,
A10021724,프라비다 M,서울특별시 관악구 봉천동 893-1 프라비다 M,분양,개별난방,0.0,1,114.0,대호아이피종합건설(주),대호아이피개발(주),0261058690, ,주상복합,서울특별시 관악구 남부순환로 1777-7,위탁관리,복도식,20141107,0261058691,114.0,4053.84,114.0,0.0,0.0,0.0,2882.11,1162010100,20.0,20.0,2.0,1.0,
A10023372,BX201 청년주택,서울특별시 관악구 봉천동 854-3 BX201 청년주택,임대,개별난방,8239.52,1,201.0,강남건영(주),라온스테이2030,028760203,www.bx201.co.kr,,,위탁관리,복도식,20220510,028760204,202.0,6626.4,201.0,0.0,0.0,0.0,4158,1162010100,20.0,20.0,2.0,0.0,08788
A10023490,일두아파트,서울특별시 관악구 봉천동 1021 일두아파트,분양,개별난방,12435.72,5,204.0,정보없음,정보없음,028771985, ,아파트,,자치관리,계단식,19851120,028771985,204.0,12434.88,204.0,0.0,0.0,0.0,9701.76,1162010100,6.0,6.0,0.0,0.0,08726
A10024514,관악위버폴리스,서울특별시 관악구 봉천동 859-17 관악위버폴리스,분양,개별난방,32278.865,1,108.0,(주)풍성주택,(주)풍성주택,028830120, ,주상복합,서울특별시 관악구 관악로 195,위탁관리,계단식,20100222,028830320,108.0,22273.19,0.0,2.0,104.0,2.0,11560.932,1162010100,20.0,20.0,6.0,2.0,08745
A10024638,관악월드메르디앙아파트,서울특별시 관악구 봉천동 1724 관악월드메르디앙아파트,분양,개별난방,12368.98,2,118.0,월드건설(주),미주연립재건축조합,028733148, ,아파트,서울특별시 관악구 관악로28길 80,위탁관리,계단식,20051202,028733138,118.0,12179.0,0.0,118.0,0.0,0.0,9729,1162010100,14.0,14.0,1.0,6.0,08736
A10024666,서희스타힐스,서울특별시 관악구 봉천동 1729 서희스타힐스,분양,개별난방,33910.17,1,142.0,주식회사 서희건설,봉천신시장재개발정비사업조합,01075611563, ,주상복합,서울특별시 관악구 청림3길 10,위탁관리,혼합식,20150910,028711563,142.0,14430.6,71.0,71.0,0.0,0.0,10082.58,1162010100,15.0,15.0,4.0,5.0,08731
A10024894,이편한세상서울대입구2차(5단지),서울특별시 관악구 봉천동 1733 이편한세상서울대입구2차(5단지),혼합,개별난방,81591.57,10,519.0,삼호건설,봉천제12의1구역주택재개발조합,0269521780,e-snu2.xisnd.co.kr,아파트,서울특별시 관악구 참숯1길 19,위탁관리,혼합식,20200429,0269521781,519.0,50986.19,191.0,276.0,52.0,0.0,38982.52,1162010100,18.0,18.0,3.0,17.0,08830
A10025092,e편한세상서울대입구아파트,서울특별시 관악구 봉천동 1540-37 e편한세상서울대입구아파트,혼합,개별난방,200806.56,19,1276.0,대림산업,봉천제12-2구역 주택재개발정비사업조합,028829891,e-seoulapt.co.kr,아파트,서울특별시 관악구 청룡16길 43,위탁관리,계단식,20190625,028829893,1278.0,135792.86,351.0,827.0,98.0,0.0,102533.92,1162010100,20.0,20.0,3.0,49.0,08830
A10025428,e편한세상서울대입구 3단지,서울특별시 관악구 봉천동 1540-37 e편한세상서울대입구 3단지,임대,개별난방,17045.62,2,206.0,대림산업,봉천12-2구역 주택재개발정비사업조함,028839891, ,아파트,서울특별시 관악구 참숯5길 7,위탁관리,복도식,20190625,028839892,206.0,10882.687,206.0,0.0,0.0,0.0,7569.73,1162010100,14.0,14.0,2.0,4.0,08830
A10026710,프라비다2,서울특별시 관악구 봉천동 867-12 프라비다2,분양,개별난방,10936.04,1,208.0,대호아이피종합건설,대호아이피종합건설,028821333, ,주상복합,서울특별시 관악구 남부순환로218길 37,위탁관리,복도식,20130227,028899524,208.0,7385.12,208.0,0.0,0.0,0.0,4093.11,1162010100,15.0,15.0,4.0,1.0,08787
A15105002,봉천인헌아파트,서울특별시 관악구 봉천동 1725 봉천인헌아파트,혼합,개별난방,17200.08,3,216.0,s.h공사,sh,028881217, ,아파트,서울특별시 관악구 낙성대로15길 66,위탁관리,복도식,19981022,028761216,216.0,17200.08,216.0,0.0,0.0,0.0,10037.86,1162010100,7.0,7.0,0.0,0.0,08800
A15105004,보라매삼성,서울특별시 관악구 봉천동 1698-1 보라매삼성,분양,개별난방,93236.9,8,710.0,삼성중공업,외환은행 주택조합,028854777,www.보라매삼성.com,아파트,서울특별시 관악구 보라매로 62,위탁관리,계단식,19960425,028854778,710.0,86842.94,0.0,710.0,0.0,0.0,60240.45,1162010100,15.0,15.0,0.0,25.0,08709
A15105005,서울대입구삼성아파트,서울특별시 관악구 봉천동 1591-2 서울대입구삼성아파트,분양,개별난방,35903.0,3,254.0,삼성중공업,삼성중공업,028718982, ,아파트,서울특별시 관악구 관악로 125,위탁관리,계단식,19991028,0262788982,254.0,26742.58,119.0,72.0,63.0,0.0,20465,1162010100,18.0,18.0,3.0,6.0,08833
A15105006,낙성대현대홈타운,서울특별시 관악구 봉천동 1713 낙성대현대홈타운,분양,개별난방,52610.465,2,297.0,현대산업개발,현대산업개발,028731984, ,아파트,서울특별시 관악구 솔밭로7길 16,위탁관리,계단식,20020225,028731985,297.0,39182.72,0.0,156.0,141.0,0.0,29449.943,1162010100,21.0,21.0,0.0,10.0,08741
A15105007,부미아띠랑스힐,서울특별시 관악구 봉천동 1715 부미아띠랑스힐,,,0.0,1,53.0, , ,028724195, ,아파트,서울특별시 관악구 남부순환로230길 117,기타,,,028724195,0.0,0.0,0.0,53.0,0.0,0.0,4438.95,1162010100,1.0,12.0,0.0,0.0,
A15105008,관악파크푸르지오,서울특별시 관악구 봉천동 1728 관악파크푸르지오,분양,개별난방,37249.48,7,363.0,대우건설,까치산공원주택재건축정비사업조합,028899790, ,아파트,서울특별시 관악구 행운10길 21,위탁관리,계단식,20140919,028899791,371.0,37240.9,95.0,268.0,0.0,0.0,28354.25,1162010100,22.0,22.0,5.0,11.0,08735
A15105301,관악푸르지오제2단지,서울특별시 관악구 봉천동 1717-1 관악푸르지오제2단지,임대,개별난방,28443.52,1,392.0,대우건설(주),대우,028823225,happy.i-sh.co.kr/main.do?deptid=70198,아파트,서울특별시 관악구 청림5길 28,위탁관리,복도식,20040826,028823226,392.0,28443.52,392.0,0.0,0.0,0.0,12689.04,1162010100,20.0,20.0,0.0,0.0,08734
A15105302,관악푸르지오아파트,서울특별시 관악구 봉천동 1717 관악푸르지오아파트,분양,개별난방,272722.88,23,2104.0,대우건설,재건축조합,028820185,www.kaprugio.com,아파트,서울특별시 관악구 관악로30길 27,위탁관리,혼합식,20040826,0267463400,2104.0,202953.61,1158.0,828.0,118.0,0.0,152563.11,1162010100,24.0,24.0,4.0,36.0,08734
A15105303,관악현대,서울특별시 관악구 봉천동 1000 관악현대,분양,개별난방,245533.55,26,2134.0,현대건설,봉천제1구역주택개량재개발조합,028731787,관악현대.apti.co.kr,아파트,서울특별시 관악구 관악로 304,위탁관리,혼합식,19920427,028732308,2134.0,235925.69,513.0,882.0,739.0,0.0,184527.43,1162010100,15.0,15.0,0.0,61.0,08730
A15105503,관악드림타운제2,서울특별시 관악구 봉천동 1712-1 관악드림타운제2,임대,개별난방,114254.12,5,1843.0,삼성물산,삼성물산,0232855302, ,아파트,서울특별시 관악구 구암길 106,위탁관리,복도식,20030906,0232856502,1843.0,85295.88,1843.0,0.0,0.0,0.0,60376.68,1162010100,24.0,24.0,5.0,24.0,08725
A15105602,봉천우성제2,서울특별시 관악구 봉천동 1706-1 봉천우성제2,임대,개별난방,36085.9,2,717.0,우성건설(주),우성건설(주),028894785, ,아파트,서울특별시 관악구 관악로30길 40,위탁관리,복도식,20001213,028894786,717.0,36079.44,717.0,0.0,0.0,0.0,21811.14,1162010100,21.0,21.0,2.0,0.0,08735
A15105603,관악우성아파트,서울특별시 관악구 봉천동 1706 관악우성아파트,분양,개별난방,225184.0,8,1597.0,우성건설,봉천 7-1 재개발조합,028843744, ,아파트,서울특별시 관악구 관악로30길 12,위탁관리,혼합식,20001213,028843746,1597.0,179254.9,440.0,747.0,410.0,0.0,136819.32,1162010100,29.0,29.0,2.0,30.0,08735
A15106001,봉천신봉,서울특별시 관악구 봉천동 1705 봉천신봉,혼합,개별난방,20728.62,2,277.0,(주)국제종합토건,SH공사,028765020,sinbong.aptgate.co.kr,아파트,서울특별시 관악구 양녕로6나길 18,위탁관리,복도식,19990511,028765070,277.0,20728.62,277.0,0.0,0.0,0.0,12868.6,1162010100,15.0,15.0,2.0,3.0,08746
A15106101,봉천은천1단지,서울특별시 관악구 봉천동 1707 봉천은천1단지,분양,개별난방,28876.0,4,180.0,자유종합건설(주),SH공사,028712632, ,아파트,서울특별시 관악구 인헌12길 46-2,위탁관리,계단식,20010625,0232854091,180.0,15247.08,0.0,180.0,0.0,0.0,15247.08,1162010100,16.0,16.0,3.0,4.0,08797
A15106103,봉천은천2단지,서울특별시 관악구 봉천동 1707-1 봉천은천2단지,분양,개별난방,41621.01,8,384.0,(주)일성건설,도시개발공사,028873168, ,아파트,서울특별시 관악구 인헌12길 46-1,위탁관리,혼합식,20000918,028773778,384.0,29808.451,384.0,0.0,0.0,0.0,21356.44,1162010100,15.0,15.0,3.0,7.0,08797
A15106901,"봉천두산1,2단지","서울특별시 관악구 봉천동 1708 봉천두산1,2단지",분양,개별난방,283601.03,25,2001.0,두산,두산,0232850168, ,아파트,서울특별시 관악구 봉천로 387,위탁관리,계단식,20001228,0232850169,2001.0,217088.77,753.0,738.0,510.0,0.0,166396.71,1162010100,23.0,23.0,0.0,47.0,08750
A15176202,성현동아,서울특별시 관악구 봉천동 1703 성현동아,분양,개별난방,185932.69,10,1261.0,동아건설,동아건설,028895173,성현동아.apti.co.kr,아파트,서울특별시 관악구 관악로 285,위탁관리,혼합식,20000509,028895174,1261.0,144013.14,262.0,644.0,355.0,0.0,111028.35,1162010100,24.0,24.0,3.0,26.0,08726
A15176602,봉천건영6차아파트,서울특별시 관악구 봉천동 1701 봉천건영6차아파트,분양,개별난방,23306.0,3,184.0,(주)건영,동우재건축조합,028781875, ,아파트,서울특별시 관악구 관악로 133,위탁관리,복도식,19990517,0262981175,184.0,17959.74,76.0,89.0,19.0,0.0,13760.34,1162010100,19.0,19.0,2.0,3.0,08833
A15176603,봉천갑을,서울특별시 관악구 봉천동 1700 봉천갑을,,,0.0,1,95.0, , ,028831343, ,아파트,서울특별시 관악구 관악로5길 42,기타,,, ,0.0,0.0,41.0,54.0,0.0,0.0,6829.46,1162010100,1.0,14.0,0.0,0.0,08833
A15178201,관악벽산블루밍,서울특별시 관악구 봉천동 1718 관악벽산블루밍,분양,개별난방,226769.0,18,2105.0,벽산건설,벽산건설,028779864, ,아파트,서울특별시 관악구 은천로 93,위탁관리,혼합식,20050630,028779862,2105.0,225224.88,753.0,816.0,536.0,0.0,172529.89,1162010100,25.0,25.0,0.0,42.0,08715
A15178202,봉천벽산블루밍3차,서울특별시 관악구 봉천동 1720 봉천벽산블루밍3차,분양,개별난방,38222.0,5,281.0,벽산건설,관악아파트 재건축조합,028873751, ,아파트,서울특별시 관악구 은천로15길 24,위탁관리,계단식,20041220,028873752,281.0,29590.92,57.0,180.0,44.0,0.0,23485.31,1162010100,23.0,23.0,2.0,8.0,08715
A15178203,봉천두산3단지,서울특별시 관악구 봉천동 1708-2 봉천두산3단지,임대,개별난방,33773.83,3,560.0,두산건설,서울시,0232854235,happy.i-sh.co.kr/main.do?deptid=70167,아파트,서울특별시 관악구 양녕로 31,위탁관리,복도식,20001228,0232854236,560.0,33773.824,560.0,0.0,0.0,0.0,17556.18,1162010100,23.0,23.0,3.0,5.0,08751
A15178204,관악벽산블루밍임대,서울특별시 관악구 봉천동 1718-1 관악벽산블루밍임대,임대,개별난방,48061.6,3,799.0,벽산블루밍,서울시,0232859614, ,아파트,서울특별시 관악구 양녕로 117,위탁관리,복도식,20050705,0232859615,799.0,26413.342,799.0,0.0,0.0,0.0,26303.08,1162010100,22.0,22.0,2.0,9.0,08715
A15180701,봉천벽산타운2차,서울특별시 관악구 봉천동 1716 봉천벽산타운2차,분양,개별난방,30975.0,1,203.0,벽산건설,봉천동양연립재건축조합,028881897, ,아파트,서울특별시 관악구 구암5가길 49,위탁관리,혼합식,20030612,028881892,203.0,20284.93,72.0,94.0,37.0,0.0,15564.18,1162010100,19.0,19.0,3.0,0.0,08724
A15180705,관악드림타운,서울특별시 관악구 봉천동 1712 관악드림타운,분양,개별난방,531140.0,44,3544.0,"삼성물산,동아건설","삼성물산,동아건설",0266721055,WWW.dreamtownapt.com,아파트,서울특별시 관악구 성현로 80,위탁관리,계단식,20030906,0266721058,3544.0,389395.94,1044.0,1468.0,1032.0,0.0,302517.6,1162010100,27.0,27.0,2.0,92.0,08725
A15181602,낙성대현대,서울특별시 관악구 봉천동 179-58 낙성대현대,분양,개별난방,30142.0,3,251.0,현대건설(주),현대건설(주),028711077, ,아파트,서울특별시 관악구 인헌길 68,위탁관리,혼합식,19880311,028876835,251.0,30141.62,0.0,161.0,0.0,90.0,23497.11,1162010100,15.0,15.0,0.0,5.0,08797
A15184101,서울대입구아이원 (1560-61),서울특별시 관악구 봉천동 1560-61 서울대입구아이원 (1560-61),분양,개별난방,48356.99,7,374.0,풍림산업(주),봉천10구역주택재개발정비사업조합,028727006, ,아파트,서울특별시 관악구 청룡길 78,위탁관리,계단식,20061130,028727017,374.0,36225.133,159.0,170.0,45.0,0.0,29075.29,1162010100,15.0,15.0,2.0,14.0,08831
A15192201,관악동부센트레빌,서울특별시 관악구 봉천동 1719 관악동부센트레빌,분양,개별난방,64146.63,7,487.0,동부건설,동부건설,028850826, ,아파트,서울특별시 관악구 은천로33길 5,위탁관리,계단식,20040528,0262657500,487.0,47547.32,230.0,186.0,71.0,0.0,37580.23,1162010100,20.0,20.0,0.0,17.0,08729
A15192202,봉천동아제2,서울특별시 관악구 봉천동 1703-1 봉천동아제2,임대,개별난방,54249.76,4,836.0,동아건설,봉천동재개발조합,028849524, ,아파트,서울특별시 관악구 관악로37길 20,위탁관리,복도식,20000509,028849525,829.0,54249.76,836.0,0.0,0.0,0.0,27387.36,1162010100,24.0,24.0,3.0,0.0,08726
A10020658,서울대벤처타운역푸르지오아파트,서울특별시 관악구 신림동 316-62 서울대벤처타운역푸르지오아파트,혼합,개별난방,79434.37,8,0.0,(주)대우건설,신림3재정비촉진구역주택재개발정비사업조합,0269589334, ,아파트,서울특별시 관악구 약수암길 1-8 ,위탁관리,혼합식,20250430,0269589335,571.0,51058.54,0.0,0.0,0.0,0.0,37995.5164,1162010200,17.0,17.0,4.0,24.0,
A10020921,관악우정하이비전아파트 2단지,서울특별시 관악구 신림동 1726- 관악우정하이비전아파트 2단지,분양,개별난방,18431.65,2,124.0,우정건설(주),청빛,028727780, ,아파트,서울특별시 관악구 양지길 52-1,위탁관리,계단식,20040611,028727781,124.0,13527.16,0.0,124.0,0.0,0.0,10487.92,1162010200,1.0,16.0,0.0,4.0,
A10021418,센터스퀘어 서울대점,서울특별시 관악구 신림동 1747- 센터스퀘어 서울대점,임대,개별난방,32088.0,1,413.0,요진건설산업,캡스톤서림역청년주택일반사모부동산투자 유한회사,028750980, ,주상복합,서울특별시 관악구 신림로 99,위탁관리,복도식,20240814, ,413.0,25977.29,413.0,0.0,0.0,0.0,10577.57,1162010200,1.0,16.0,0.0,6.0,
A10021742,프라비다트라움,서울특별시 관악구 신림동 1433-55 프라비다트라움,분양,개별난방,4328.0,1,130.0,대호아이피종합건설주식회사,주식회사코람코자산신탁,0261058690, ,주상복합,서울특별시 관악구 신림로65길 27,위탁관리,복도식,20131217,0261058691,130.0,2996.86,130.0,0.0,0.0,0.0,1827.33,1162010200,11.0,11.0,1.0,3.0,
A10022412,신림한양아파트,서울특별시 관악구 신림동 1563-82 신림한양아파트,분양,개별난방,14551.0,3,132.0,(주)한양건설,(주)한양건설,028697286, ,아파트,서울특별시 관악구 미성5길 33,위탁관리,계단식,19920218,028677286,132.0,11192.28,0.0,132.0,0.0,0.0,11192.28,1162010200,18.0,18.0,1.0,4.0,
A10022424,우민조원아파트,서울특별시 관악구 신림동 1719- 우민조원아파트,분양,개별난방,12406.2,1,119.0,우민건설,우민건설,028663454, ,아파트,서울특별시 관악구 조원로11길 24,위탁관리,혼합식,20030613, ,119.0,12382.2,0.0,72.0,47.0,0.0,9819.53,1162010200,1.0,19.0,0.0,0.0,
A10022801,최강타워,서울특별시 관악구 신림동 1745 최강타워,임대,개별난방,22890.23,2,299.0,보미건설,신림리더스하우징,028839057, ,주상복합,서울특별시 관악구 남부순환로180길 6,위탁관리(직영+위탁),복도식,20230530,028839058,299.0,22890.23,299.0,0.0,0.0,0.0,9901.1,1162010200,22.0,22.0,6.0,5.0,08777
A10023661,힐스테이트뉴포레,서울특별시 관악구 신림동 1644 힐스테이트뉴포레,혼합,개별난방,146678.0,7,1143.0,현대엔지니어링,강남아파트재건축조합,028536401, ,아파트,서울특별시 관악구 조원로 25,위탁관리,계단식,20220829,028536403,1143.0,96098.305,1007.0,136.0,0.0,0.0,69443.34,1162010200,35.0,35.0,3.0,27.0,08700
A10024621,태흥아파트,서울특별시 관악구 신림동 1698 태흥아파트,분양,개별난방,12813.0,1,127.0,태흥건설(주),태흥건설(주),028753731, ,아파트,서울특별시 관악구 호암로 541,자치관리(직영),복도식,19950327,028848776,127.0,12811.46,110.0,17.0,0.0,0.0,8027.39,1162010200,1.0,21.0,2.0,0.0,08848
A10024634,신림서초아파트,서울특별시 관악구 신림동 1724 신림서초아파트,분양,개별난방,13158.0,1,109.0,서초건설,서초건설,0264076963, ,,서울특별시 관악구 호암로16길 5,위탁관리,계단식,20030902,028786963,109.0,10497.03,24.0,85.0,0.0,0.0,8252.31,1162010200,15.0,15.0,1.0,4.0,08821
A10024749,신림2차금호타운,서울특별시 관악구 신림동 1706 신림2차금호타운,분양,개별난방,12765.21,1,126.0,금호건설,조합,028767331, ,아파트,서울특별시 관악구 신림로3가길 7,자치관리(직영),혼합식,19980601,0260837334,126.0,12764.0,60.0,50.0,16.0,0.0,9680.62,1162010200,16.0,16.0,2.0,1.0,08816
A10026910,관악우정하이비전아파트 1단지,서울특별시 관악구 신림동 1721 관악우정하이비전아파트 1단지,분양,개별난방,19269.15,2,140.0,우정건설(주),청빛산업개발(주),028727794, ,아파트,서울특별시 관악구 양지길 50-5,위탁관리,계단식,20040611,028727426,140.0,15206.48,0.0,140.0,0.0,0.0,11789.8,1162010200,18.0,18.0,1.0,2.0,08846
A15101101,신림동부,서울특별시 관악구 신림동 1695 신림동부,혼합,개별난방,50827.7,4,688.0,동부건설(주),신림5재개발조합,028576463, ,아파트,서울특별시 관악구 신원로 26,위탁관리,혼합식,19930719,028695240,592.0,48383.33,341.0,321.0,26.0,0.0,34845.45,1162010200,19.0,19.0,1.0,9.0,08775
A15101501,보라매파크뷰,서울특별시 관악구 신림동 1718 보라매파크뷰,분양,개별난방,19382.0,1,157.0,갑을건설,동심아파트재건축조합,028721574, ,아파트,서울특별시 관악구 관천로24길 3,위탁관리,계단식,20031231,028721573,157.0,13973.281,44.0,113.0,0.0,0.0,10883.68,1162010200,18.0,18.0,2.0,2.0,08706
A15101503,신림2차푸르지오,서울특별시 관악구 신림동 1736 신림2차푸르지오,분양,개별난방,54428.58,8,349.0,대우건설(주),신림7구역 재개발조합,028655757, ,아파트,서울특별시 관악구 난곡로 66,위탁관리,계단식,20070206,028655445,349.0,36131.56,86.0,174.0,89.0,0.0,30125.1879,1162010200,15.0,15.0,2.0,12.0,08861
A15101504,관악산휴먼시아,서울특별시 관악구 신림동 1735 관악산휴먼시아,혼합,개별난방,411433.0,39,2810.0,한국토지주택공사,금호외,028610020, ,아파트,서울특별시 관악구 난곡로 55,위탁관리,계단식,20080313,028621033,2810.0,411422.56,880.0,1336.0,594.0,0.0,234236.56,1162010200,20.0,20.0,3.0,81.0,08862
A15101505,신림벽산블루밍,서울특별시 관악구 신림동 1733 신림벽산블루밍,분양,개별난방,23719.17,3,177.0,벽산건설,삼두아파트재건축주택조합,028712774, ,아파트,서울특별시 관악구 호암로 519,위탁관리,계단식,20050929,028732774,177.0,17481.07,54.0,109.0,14.0,0.0,13902.4,1162010200,15.0,15.0,1.0,7.0,08848
A15101506,삼성산주공3단지,서울특별시 관악구 신림동 1714 삼성산주공3단지,분양,개별난방,218680.6,9,1482.0,대한주택공사,한국토지주택공사,028733747,APT7777,아파트,서울특별시 관악구 호암로 399,위탁관리,계단식,20000803,0232851277,1482.0,163623.39,384.0,670.0,428.0,0.0,126730.58,1162010200,25.0,25.0,6.0,27.0,08847
A15101507,신림주공1단지,서울특별시 관악구 신림동 1704-1 신림주공1단지,혼합,중앙난방,60799.0,7,960.0,LH,LH,028894523,kohom.or.kr,아파트,서울특별시 관악구 광신길 160,위탁관리,복도식,19951006,028711612,960.0,59756.16,960.0,0.0,0.0,0.0,38725.94,1162010200,23.0,23.0,1.0,14.0,08848
A15101508,신림현대,서울특별시 관악구 신림동 1694 신림현대,분양,중앙난방,171854.0,12,1634.0,현대산업개발,현대산업개발,028757446,신림현대.apti.co.kr,아파트,서울특별시 관악구 신림로29길 8,위탁관리,혼합식,19930525,028731958,1634.0,161040.0,704.0,330.0,600.0,0.0,126268.65,1162010200,15.0,15.0,1.0,38.0,08845
A15101509,신림SH빌(임대),서울특별시 관악구 신림동 1736-1 신림SH빌(임대),임대,개별난방,11702.26,1,150.0,SH공사,SH공사,028622144, ,아파트,서울특별시 관악구 난곡로 80,위탁관리,복도식,20071126,028622145,150.0,6862.5,150.0,0.0,0.0,0.0,4624.5,1162010200,15.0,15.0,3.0,2.0,08861
A15101702,관악산휴먼시아3단지,서울특별시 관악구 신림동 1735-2 관악산휴먼시아3단지,임대,개별난방,40654.83,4,512.0,양우건설,한국토지주택공사,028542228, ,아파트,서울특별시 관악구 난곡로 63,위탁관리,복도식,20080313,028542229,512.0,40654.746,512.0,0.0,0.0,0.0,20387.84,1162010200,20.0,20.0,3.0,6.0,08862
A15101802,신림신도브래뉴,서울특별시 관악구 신림동 1722 신림신도브래뉴,분양,개별난방,45238.0,4,304.0,(주)신도종합건설,(주)신도종합건설,028564929,http//신림신도브래뉴.apti.co.kr,아파트,서울특별시 관악구 조원로16길 7,위탁관리,계단식,20030401,028616542,304.0,33851.4,0.0,241.0,63.0,0.0,27404.79,1162010200,19.0,19.0,2.0,3.0,08767
A15101901,신림금호타운1차,서울특별시 관악구 신림동 1705 신림금호타운1차,분양,개별난방,28344.26,2,227.0,금호건설주식회사,경원연립재건축조합,028896512, ,아파트,서울특별시 관악구 대학18길 9,위탁관리,복도식,19970502,028739443,227.0,23378.883,115.0,112.0,0.0,0.0,16149,1162010200,20.0,20.0,2.0,0.0,08824
A15101903,건영3차아파트,서울특별시 관악구 신림동 1703-1 건영3차아파트,분양,개별난방,77543.0,7,783.0,건영,건영,028729643, ,아파트,서울특별시 관악구 신림로3길 40,자치관리,혼합식,19960618,028711695,783.0,74941.88,212.0,571.0,0.0,0.0,57240.97,1162010200,15.0,15.0,0.0,17.0,08816
A15102202,신림동부센트레빌,서울특별시 관악구 신림동 1734 신림동부센트레빌,분양,개별난방,33472.0,4,213.0,동부건설,삼천리난우연립재건축조합,028586674, ,아파트,서울특별시 관악구 미성3길 16,위탁관리,계단식,20060424,028586671,213.0,22315.05,41.0,144.0,28.0,0.0,17266.79,1162010200,15.0,15.0,2.0,6.0,08865
A15102203,신림쌍용,서울특별시 관악구 신림동 1686 신림쌍용,분양,개별난방,50881.25,3,373.0,산호재건축조합,남광토건(주),028613281, ,아파트,서울특별시 관악구 미성길 122,위탁관리,혼합식,19980227,028613282,373.0,36419.83,229.0,90.0,54.0,0.0,27415.96,1162010200,18.0,18.0,4.0,8.0,08866
A15102902,신림건영4차,서울특별시 관악구 신림동 1702-1 신림건영4차,분양,개별난방,28599.0,3,236.0,(주)건영종합건설,송파지구연예인지역주택조합,028861223, ,아파트,서울특별시 관악구 신림로48길 17-20,위탁관리,계단식,19970523,028751962,236.0,25289.43,0.0,236.0,0.0,0.0,20030.8,1162010200,19.0,19.0,3.0,2.0,08778
A15176701,관악국제산장,서울특별시 관악구 신림동 1693 관악국제산장,분양,개별난방,72052.0,8,630.0,국제종합건설,신림제2-2구역재개발조합,028860422,rnr16930@naver.com,아파트,서울특별시 관악구 호암로 417,위탁관리,혼합식,19930824,028860427,630.0,63759.6,120.0,510.0,0.0,0.0,50109.3,1162010200,15.0,15.0,0.0,19.0,08848
A15177101,라이프아파트,서울특별시 관악구 신림동 1700 라이프아파트,분양,개별난방,17619.914,1,171.0,라이프건설,신라연립,028681871, ,아파트,서울특별시 관악구 문성로 86,위탁관리,계단식,19960327,028681872,171.0,17619.914,77.0,72.0,22.0,0.0,13150.95,1162010200,22.0,22.0,1.0,4.0,08863
A15178401,신림2차현대,서울특별시 관악구 신림동 551-9 신림2차현대,분양,개별난방,14904.0,1,112.0,현대건설,현대건설,0232812159, ,아파트,서울특별시 관악구 조원로13길 15,자치관리,혼합식,19961220,0232812151,112.0,11526.88,48.0,48.0,16.0,0.0,8752.8,1162010200,16.0,16.0,2.0,3.0,08701
A15179403,신림주공2단지,서울특별시 관악구 신림동 1713 신림주공2단지,임대,개별난방,63137.11,6,818.0,금강종합건설,대한주택공사,0232850751, ,아파트,서울특별시 관악구 광신길 86,위탁관리,복도식,20000803,0232850752,818.0,31910.18,818.0,0.0,0.0,0.0,31910.18,1162010200,25.0,25.0,1.0,10.0,08848
A15179701,임광관악파크,서울특별시 관악구 신림동 1727 임광관악파크,분양,개별난방,63357.34,5,465.0,임광,난곡아파트 재건축조합,028307227, ,아파트,서울특별시 관악구 난곡로 167,위탁관리,혼합식,20030929,028684535,465.0,36786.51,215.0,171.0,79.0,0.0,36786.51,1162010200,25.0,25.0,0.0,11.0,08858
A15185201,신림현대성우,서울특별시 관악구 신림동 10-622 신림현대성우,분양,개별난방,21207.0,1,156.0,성우종합건설(주),삼성연립재건축조합,028742659, ,아파트,서울특별시 관악구 남부순환로198길 7,위탁관리,혼합식,19981026,028755972,156.0,15618.24,71.0,68.0,17.0,0.0,11990.49,1162010200,17.0,17.0,2.0,4.0,08780
A15185704,신림건영1차,서울특별시 관악구 신림동 746-43 신림건영1차,분양,개별난방,37550.0,3,492.0,건영,건영,028543718, ,아파트,서울특별시 관악구 문성로 74,자치관리,복도식,19841016,028543728,492.0,37092.24,216.0,276.0,0.0,0.0,27001.8,1162010200,12.0,12.0,0.0,6.0,08863
A15186002,대학동현대(구신림9동),서울특별시 관악구 신림동 255-189 대학동현대(구신림9동),분양,개별난방,35204.0,5,336.0,현대건설,지하철공사조합,028736250, ,아파트,서울특별시 관악구 대학20길 27,위탁관리,계단식,19911012,0262786250,336.0,26679.309,0.0,336.0,0.0,0.0,27297.74,1162010200,15.0,15.0,0.0,14.0,08824
A15187101,신림우방,서울특별시 관악구 신림동 1715 신림우방,혼합,개별난방,27367.29,3,201.0,(주)우방,(주)우방,028518283, ,아파트,서울특별시 관악구 관천로27길 2,위탁관리,혼합식,19991130,028616105,201.0,20918.27,108.0,47.0,46.0,0.0,15720.68,1162010200,24.0,24.0,2.0,0.0,08703
A15188101,신림건영2차,서울특별시 관악구 신림동 721-2 신림건영2차,분양,개별난방,27699.78,4,338.0,(주)건영,(주)건영,028684586, ,아파트,서울특별시 관악구 난곡로35길 28-7,자치관리,혼합식,19880105,0263344586,338.0,26535.533,255.0,83.0,0.0,0.0,19563.56,1162010200,13.0,13.0,0.0,6.0,08858
A15188801,신림초원,서울특별시 관악구 신림동 1712 신림초원,혼합,개별난방,17432.08,1,197.0,대양건설(주),sh공사,028563491, ,아파트,서울특별시 관악구 미성5길 40,자치관리,복도식,19990707,028553491,197.0,17332.12,197.0,0.0,0.0,0.0,10119.97,1162010200,18.0,18.0,1.0,0.0,08865
A15190301,신림미성,서울특별시 관악구 신림동 1656 신림미성,분양,개별난방,25263.6,2,280.0,라이프,라이프,028648742, ,아파트,서울특별시 관악구 조원로2길 13,자치관리,복도식,19821023,028698742,280.0,25263.6,0.0,140.0,140.0,0.0,22940.1,1162010200,10.0,10.0,0.0,4.0,08769
A15190705,신림푸르지오,서울특별시 관악구 신림동 1730 신림푸르지오,분양,개별난방,254293.0,23,1456.0,대우건설,미도재건축조합,028543765, ,아파트,서울특별시 관악구 남부순환로 1430,위탁관리,계단식,20050621,028634463,1456.0,176283.45,94.0,749.0,350.0,263.0,145820.53,1162010200,24.0,24.0,2.0,33.0,08770
A10021899,예성그랑펠리체아파트,서울특별시 관악구 남현동 1138- 예성그랑펠리체아파트,분양,,19388.0,3,129.0,예성종합건설,칠성재건축위원회,0234712226, ,아파트,서울특별시 관악구 승방길 66,위탁관리,복도식,20070328, ,129.0,13295.1,0.0,110.0,19.0,0.0,10742.16,1162010300,12.0,12.0,3.0,5.0,
A10025511,남현동 흥화 브라운아파트,서울특별시 관악구 남현동 1132 남현동 흥화 브라운아파트,분양,개별난방,12210.0,2,88.0,흥화공업(주),흥화공업(주),025981154, ,아파트,서울특별시 관악구 남현길 144,위탁관리,계단식,20030628,025981153,88.0,9789.4,11.0,53.0,24.0,0.0,7938.31,1162010300,12.0,12.0,1.0,4.0,08803
A15108001,남현동한일유앤아이,서울특별시 관악구 남현동 1136 남현동한일유앤아이,분양,개별난방,26068.0,3,170.0,한일건설,재건축 조합,025985718,남현한일유엔아이.apt.co.kr,아파트,서울특별시 관악구 남부순환로256라길 25,위탁관리,계단식,20050330,025985718,170.0,18546.27,12.0,140.0,18.0,0.0,14893.06,1162010300,11.0,11.0,1.0,9.0,08803
A15108003,남현우림루미아트,서울특별시 관악구 남현동 1135 남현우림루미아트,분양,개별난방,24957.52,4,174.0,우림건설,칠성화성재건축조합,0234871894, ,아파트,서울특별시 관악구 남현길 91,위탁관리,계단식,20041229,0234871890,174.0,18874.06,0.0,154.0,20.0,0.0,15307.5,1162010300,13.0,13.0,2.0,9.0,08809
A10020138,브라운스톤방배아파트,서울특별시 서초구 방배동 899-16 브라운스톤방배아파트,분양,개별난방,23214.63,3,145.0,이수건설,태양연립 재건축조합,0234711005, ,아파트,서울특별시 서초구 서초대로26길 19,자치관리,계단식,20050817,0234711105,145.0,16496.14,0.0,0.0,121.0,24.0,16496.14,1165010100,15.0,0.0,2.0,5.0,
A10020303,삼환나띠르빌,서울특별시 서초구 방배동 1002-7 삼환나띠르빌,분양,개별난방,18548.07,5,0.0,삼환까뮤,삼환카뮤(주),0234735328, ,아파트,서울특별시 서초구 명달로 33,자치관리,계단식,20030401,0234735327,126.0,15772.17,0.0,0.0,0.0,0.0,1393.95,1165010100,10.0,9.0,0.0,0.0,
A10020358,래미안 원페를라,서울특별시 서초구 방배동 818-14 래미안 원페를라,분양,지역난방,219510.16,16,0.0,삼성물산,방배6구역주택재건축정비사업조합,025326493, ,아파트,서울특별시 서초구 서초대로19길 77,위탁관리,계단식,20251125,025236494,1097.0,123099.48,0.0,0.0,0.0,0.0,91635.67,1165010100,22.0,22.0,3.0,45.0,
A10020361,방배한진로즈힐아파트,서울특별시 서초구 방배동 3276- 방배한진로즈힐아파트,분양,개별난방,15340.13,2,0.0,한진중공업건설부문,한진중공업건설부문,025375615, ,아파트,서울특별시 서초구 서초대로1길 2,위탁관리,계단식,20050121,025375614,84.0,9709.884,0.0,0.0,0.0,0.0,7602.511,1165010100,140.0,14.0,2.0,4.0,
A10021518,방배아이파크아파트,서울특별시 서초구 방배동 3277- 방배아이파크아파트,분양,개별난방,2932690.0,2,138.0,현대I'PARK,현대개발,025320127, ,아파트,서울특별시 서초구 동광로3길 18,위탁관리,계단식,20060605, ,138.0,35073.24,0.0,56.0,70.0,12.0,15408.68,1165010100,15.0,15.0,2.0,7.0,
A10021884,방배동부센트레빌아파트,서울특별시 서초구 방배동 3275- 방배동부센트레빌아파트,분양,개별난방,0.0,3,122.0,동부건설(주),-,025919748, ,아파트,서울특별시 서초구 방배로 278,위탁관리,계단식,20041112,025919749,122.0,21042.621,0.0,0.0,86.0,36.0,17199.564,1165010100,22.0,22.0,2.0,3.0,
A10023272,방배롯데캐슬로제,서울특별시 서초구 방배동 849-30 방배롯데캐슬로제,분양,개별난방,48452.09,4,130.0,롯데건설(주),한국자산신탁(주),025340974, ,아파트,,자치관리,기타,20090701,025340976,130.0,29459.84,0.0,0.0,0.0,130.0,24996.44,1165010100,12.0,12.0,0.0,7.0,06586
A10023620,방배 현대멤피스 2차 아파트,서울특별시 서초구 방배동 982-1 방배 현대멤피스 2차 아파트,분양,개별난방,2621438.0,2,90.0,현대산업개발 주식회사,삼도물산주식회사,025813972, ,아파트,서울특별시 서초구 방배로 63,위탁관리,계단식,20020727,025823972,90.0,16935.3,0.0,0.0,0.0,90.0,14652,1165010100,15.0,15.0,3.0,0.0,06695
A10024171,방배그랑자이아파트,서울특별시 서초구 방배동 1028-1 방배그랑자이아파트,혼합,지역난방,157182.25,8,758.0,GS건설주식회사,GS건설주식회사,0269561662,bbgran.xisad.co.kr,아파트,서울특별시 서초구 방배로 21,위탁관리,계단식,20210723,0269561663,758.0,85597.54,134.0,465.0,153.0,6.0,65873.3409,1165010100,20.0,20.0,5.0,29.0,06703
A10024322,삼호한숲아파트,서울특별시 서초구 방배동 1030-1 삼호한숲아파트,분양,개별난방,16923.72,1,116.0,(주)삼호,(주)삼호,025859670, ,아파트,서울특별시 서초구 방배로3길 10-3,위탁관리,혼합식,19981017,025859670,116.0,12015.94,47.0,44.0,25.0,0.0,9415.79,1165010100,15.0,15.0,2.0,0.0,06703
A10024857,방배아크로타워아파트,서울특별시 서초구 방배동 923-6 방배아크로타워아파트,분양,개별난방,23556.8,1,116.0,대림산업,대림산업,025812322, ,주상복합,서울특별시 서초구 방배로13길 18,자치관리,복도식,20070419,025811432,116.0,10089.12,46.0,70.0,0.0,0.0,7364.48,1165010100,10.0,10.0,4.0,1.0,06683
A10024942,방배서리풀그랑블아파트,서울특별시 서초구 방배동 903-17 방배서리풀그랑블아파트,분양,개별난방,17194.146,3,99.0,서해종합건설(주),서해종합건설(주),0234870195, ,아파트,서울특별시 서초구 서초대로34가길 52,위탁관리,계단식,20191226,0234870196,99.0,9793.284,20.0,79.0,0.0,0.0,7709.579,1165010100,7.0,7.0,2.0,0.0,06663
A10025472,신동아럭스빌아파트,서울특별시 서초구 방배동 1026-14 신동아럭스빌아파트,분양,개별난방,16188.0,1,55.0,신동아건설,신동아건설,025888355,www.seoildc.com,아파트,서울특별시 서초구 방배로1길 9,위탁관리,복도식,20030930,025848355,55.0,3440.0,0.0,0.0,0.0,55.0,9705.77,1165010100,14.0,14.0,0.0,2.0,06703
A10025927,방배아트자이,서울특별시 서초구 방배동 3278 방배아트자이,혼합,지역난방,68442.83,5,353.0,GS건설,방배3구역주택재건축정비사업조합,0234873741,bbaxi.xisnd.co.kr,아파트,서울특별시 서초구 명달로9길 57,위탁관리,계단식,20181029,0234873742,357.0,37790.22,133.0,178.0,42.0,0.0,28413.2211,1165010100,15.0,15.0,4.0,16.0,
A10026154,디오슈페리움1차,서울특별시 서초구 방배동 3001-2 디오슈페리움1차,분양,개별난방,40658.68,2,80.0,(주)대우건설,(주)델코디자인,0234832100, ,주상복합,서울특별시 서초구 서초대로 3-4,위탁관리,기타,20061130,0234832110,80.0,18369.59,0.0,57.0,23.0,0.0,7737.53,1165010100,25.0,25.0,7.0,3.0,06568
A10027016,방배자이아파트,서울특별시 서초구 방배동 888-53 방배자이아파트,분양,개별난방,39125.0,3,136.0,LG건설,한국토지신탁,025875633, ,아파트,서울특별시 서초구 방배로18길 67,위탁관리,계단식,20031101,025875634,136.0,27368.68,0.0,0.0,0.0,136.0,24381.96,1165010100,13.0,13.0,2.0,6.0,06663
A10027585,방배3차 현대 홈 타운 아파트,서울특별시 서초구 방배동 2233 방배3차 현대 홈 타운 아파트,분양,개별난방,27598.0,3,123.0,현대건설(주),현대건설(주),0234825826, ,아파트,서울특별시 서초구 방배중앙로21길 55,위탁관리,계단식,20040701,0234825821,123.0,15934.0,0.0,26.0,97.0,0.0,14030.797,1165010100,15.0,15.0,2.0,5.0,06560
A13706001,방배아크로리버,서울특별시 서초구 방배동 752-36 방배아크로리버,분양,개별난방+기타,59600.92,4,222.0,대림산업(주),CIT산업개발(주),025937324, ,주상복합,서울특별시 서초구 방배중앙로 207-10,자치관리,계단식,20041124,025937326,222.0,52754.5,0.0,24.0,56.0,142.0,30197.802,1165010100,25.0,25.0,4.0,7.0,06551
A13706002,방배SH-VILLE,서울특별시 서초구 방배동 2626-3 방배SH-VILLE,임대,개별난방,6292.97,1,81.0,울트라건설,울트라건설,025252048, ,아파트,서울특별시 서초구 과천대로 908,위탁관리,복도식,20050811,025252284,81.0,6292.83,81.0,0.0,0.0,0.0,2688.19,1165010100,9.0,9.0,0.0,1.0,06760
A13706302,방배래미안타워,서울특별시 서초구 방배동 485-3 방배래미안타워,분양,개별난방,67266.55,4,344.0,삼성물산,개나리아파트 주택조합,025880286, ,아파트,서울특별시 서초구 남부순환로 2183,위탁관리,혼합식,20050107,025880287,344.0,48696.48,0.0,0.0,344.0,0.0,40902.76,1165010100,22.0,22.0,2.0,4.0,06701
A13706303,방배대우효령,서울특별시 서초구 방배동 1038 방배대우효령,분양,개별난방,38506.0,6,364.0,대우종합건설,대우건설,025251280, ,아파트,서울특별시 서초구 효령로 84,위탁관리,계단식,19921125,025873940,364.0,38503.92,0.0,364.0,0.0,0.0,30908.23,1165010100,13.0,13.0,0.0,15.0,06696
A13770801,방배한신트리플,서울특별시 서초구 방배동 816-1 방배한신트리플,분양,개별난방,21498.34,1,163.0,한신공영,한신공영,025371057, ,주상복합,서울특별시 서초구 방배로33길 29,위탁관리,혼합식,20040227,025371055,163.0,9278.95,144.0,19.0,0.0,0.0,7271.55,1165010100,12.0,12.0,4.0,1.0,06562
A13771001,방배롯데캐슬아르떼,서울특별시 서초구 방배동 424-28 방배롯데캐슬아르떼,혼합,개별난방,143730.0,11,744.0,롯데건설,방배2-6구역 주택재건축 정비사업조합,0234864967,arte.aptnet.co.kr,아파트,서울특별시 서초구 방배천로18길 11,위탁관리,계단식,20131120,0234861800,744.0,93818.04,164.0,329.0,103.0,148.0,74227.8998,1165010100,18.0,18.0,3.0,0.0,06676
A13771601,방배서리풀e편한세상,서울특별시 서초구 방배동 906-13 방배서리풀e편한세상,분양,개별난방,99415.03,9,496.0,대림산업(주),방배서리풀 재건축조합,025210709,방배서리풀.한국/,아파트,서울특별시 서초구 효령로33길 50,위탁관리,혼합식,20100203,025210719,496.0,48431.54,101.0,215.0,110.0,70.0,48431.54,1165010100,15.0,15.0,4.0,26.0,06666
A13782601,쌍용예가클래식,서울특별시 서초구 방배동 776-3 쌍용예가클래식,분양,지역난방,38311.355,3,216.0,쌍용건설,방배궁전리모델링주택조합,025323048, ,아파트,서울특별시 서초구 방배로37길 26-9,위탁관리,계단식,20061227,025323302,216.0,31459.8,0.0,0.0,144.0,72.0,25998.4164,1165010100,12.0,12.0,1.0,10.0,06557
A13782602,방배신삼호,서울특별시 서초구 방배동 725 방배신삼호,분양,지역난방,85111.46,6,481.0,삼호주택,삼호주택,025936434, ,아파트,서울특별시 서초구 방배로 270,자치관리,혼합식,19830531,025930902,481.0,85111.46,0.0,0.0,117.0,364.0,76743.12,1165010100,13.0,13.0,0.0,17.0,06574
A13782803,롯데캐슬헤론,서울특별시 서초구 방배동 754-1 롯데캐슬헤론,분양,개별난방,96868.47,5,337.0,롯데건설(주),롯데건설(주),025328002, ,주상복합,서울특별시 서초구 동광로1길 112,위탁관리,계단식,20060626,025328005,337.0,84735.1,0.0,0.0,161.0,176.0,47039.63,1165010100,29.0,29.0,3.0,5.0,06551
A13782804,삼호,서울특별시 서초구 방배동 758-4 삼호,분양,지역난방,110500.59,10,683.0,(주)삼호주택,(주)삼호주택,025965535, ,아파트,서울특별시 서초구 방배로43길 2,자치관리,혼합식,19751128,025965537,803.0,103848.34,0.0,274.0,360.0,49.0,99264.85,1165010100,12.0,12.0,1.0,16.0,06552
A13782902,현대멤피스아파트,서울특별시 서초구 방배동 772-13 현대멤피스아파트,분양,개별난방,55980.0,5,206.0,현대산업개발,방배본 이수아파트 지구개발조합,025358051, ,아파트,서울특별시 서초구 방배로 249,위탁관리,계단식,20010926,0234815686,206.0,31818.0,0.0,0.0,74.0,132.0,31906.84,1165010100,21.0,21.0,2.0,6.0,06556
A13783001,방배3차e편한세상,서울특별시 서초구 방배동 797-30 방배3차e편한세상,분양,개별난방,68970.84,5,192.0,대림산업(주),주)비젼베이스,025990293, ,아파트,서울특별시 서초구 동광로 89-5,위탁관리,계단식,20060331,025990295,192.0,46705.0,0.0,0.0,0.0,192.0,40627.6215,1165010100,15.0,15.0,2.0,7.0,06584
A13783802,방배디오빌,서울특별시 서초구 방배동 866-20 방배디오빌,분양,개별난방,26513.14,1,412.0,대우건설,대가건설,025915832, ,주상복합,서울특별시 서초구 서초대로 17,위탁관리,복도식,20050705,025915834,412.0,23804.56,412.0,0.0,0.0,0.0,12462.96,1165010100,22.0,22.0,4.0,2.0,06569
A13784102,방배1차이편한세상,서울특별시 서초구 방배동 884-21 방배1차이편한세상,분양,개별난방,59833.24,3,199.0,대림건설(주),대림비젼베이스,025230622, ,아파트,서울특별시 서초구 서초대로34길 34,위탁관리,계단식,20031230,025230676,199.0,41169.65,0.0,0.0,0.0,199.0,33769.54,1165010100,15.0,15.0,2.0,7.0,06661
A13784401,방배브라운가,서울특별시 서초구 방배동 930-1 방배브라운가,분양,개별난방,19875.82,2,161.0,흥화공업(주),흥화공업(주),025860690, ,아파트,서울특별시 서초구 방배로19길 67,위탁관리,계단식,20060526,025860680,161.0,15462.02,0.0,116.0,45.0,0.0,15462.02,1165010100,13.0,13.0,1.0,7.0,06681
A13785001,방배임광3차,서울특별시 서초구 방배동 1010-1 방배임광3차,분양,중앙난방,32700.043,4,316.0,임광토건주식회사,임광토건주식회사,025235090, ,아파트,서울특별시 서초구 방배로2길 24-5,자치관리,기타,19880414,025857396,316.0,32700.043,76.0,200.0,40.0,0.0,22876.3,1165010100,10.0,10.0,1.0,8.0,06715
A13785005,"방배임광1,2차","서울특별시 서초구 방배동 1015 방배임광1,2차",분양,중앙난방,64805.44,6,418.0,임광토건,임광토건,025872322, ,아파트,서울특별시 서초구 방배로 14,자치관리,혼합식,19851113,025872318,418.0,50192.72,0.0,132.0,0.0,286.0,50195.64,1165010100,11.0,11.0,1.0,15.0,06715
A13785008,래미안방배아트힐,서울특별시 서초구 방배동 1008-2 래미안방배아트힐,분양,개별난방,129125.0,10,588.0,삼성물산,삼성건설,025874181, ,아파트,서울특별시 서초구 남부순환로 2311-12,위탁관리,계단식,20041214,025829792,588.0,93181.73,0.0,0.0,457.0,131.0,78695.6,1165010100,24.0,24.0,0.0,0.0,06714
A13785201,방배2차현대홈타운,서울특별시 서초구 방배동 2001 방배2차현대홈타운,분양,개별난방,62786.47,6,384.0,현대건설,현대건설,025953633, ,아파트,서울특별시 서초구 서초대로1길 34,위탁관리,계단식,20010827,025953634,384.0,50209.29,47.0,156.0,69.0,112.0,40474.24,1165010100,20.0,20.0,2.0,11.0,06566
A13785203,방배1차현대,서울특별시 서초구 방배동 1344 방배1차현대,분양,개별난방,96043.0,8,644.0,방배2-1지구 재건축 조합,현대건설,025374932,방배1차현대아파트.apti.co.kr,아파트,서울특별시 서초구 서초대로1길 30,위탁관리,혼합식,19991109,025993869,644.0,53760.11,262.0,224.0,158.0,0.0,53760.11,1165010100,20.0,20.0,2.0,15.0,06567
A13785301,방배래미안,서울특별시 서초구 방배동 2626 방배래미안,분양,개별난방,47659.0,9,303.0,삼성물산,방배제2구역주택재개발조합,025886991, ,아파트,서울특별시 서초구 방배선행길 2,위탁관리,계단식,20031001,025886992,303.0,32487.49,73.0,152.0,78.0,0.0,26244.34,1165010100,10.0,10.0,3.0,16.0,06760
A13785302,방배우성,서울특별시 서초구 방배동 2525 방배우성,분양,개별난방,56262.18,9,468.0,우성건설,우성건설,025870912, ,아파트,서울특별시 서초구 방배선행길 1,위탁관리,혼합식,19910506,025977131,468.0,55656.2,0.0,300.0,168.0,0.0,44492.28,1165010100,12.0,12.0,1.0,16.0,06760
A10020025,양재동청년주택호반써밋 ,서울특별시 서초구 양재동 17-7 양재동청년주택호반써밋 ,임대,개별난방,24231.62,1,224.0,호반건설,주식회사 에이치비양재,025293677, ,주상복합,서울특별시 서초구 강남대로 187,위탁관리,복도식,20260422,025293678,224.0,13546.24,80.0,144.0,0.0,0.0,13546.24,1165010200,17.0,0.0,7.0,0.0,
A13713001,양재리본타워1단지,서울특별시 서초구 양재동 102 양재리본타워1단지,임대,개별난방,33844.89,2,231.0,금호건설,서울특별시 SH공사,025293349,cafe.naver.com/livontower,아파트,서울특별시 서초구 바우뫼로18길 20,위탁관리,복도식,20140626,025293359,231.0,16384.62,154.0,56.0,21.0,0.0,16384.62,1165010200,29.0,29.0,2.0,0.0,06755
A13713002,양재리본타워2단지,서울특별시 서초구 양재동 212 양재리본타워2단지,임대,개별난방,55503.55,3,390.0,금호건설,sh공사,025292206,www.yjlivon2.com,아파트,서울특별시 서초구 매헌로 16,위탁관리,복도식,20140626,025292207,390.0,28843.26,228.0,114.0,48.0,0.0,28843.26,1165010200,34.0,34.0,1.0,0.0,06771
A13789002,양재신영체르니,서울특별시 서초구 양재동 90 양재신영체르니,분양,개별난방,12027.34,1,175.0,(주)한라,(주)신영,025719024,openapt.seoul.go.kr,아파트,서울특별시 서초구 논현로27길 57,위탁관리,복도식,20020830,025719025,175.0,8852.48,175.0,0.0,0.0,0.0,6505.89,1165010200,9.0,9.0,1.0,2.0,06747
A13789201,양재우성KBS(113동),서울특별시 서초구 양재동 160-2 양재우성KBS(113동),분양,개별난방,16533.39,1,150.0,우성건설,우성건설,025798994, ,아파트,서울특별시 서초구 바우뫼로 91,위탁관리,계단식,19961231,025748994,150.0,16533.39,0.0,150.0,0.0,0.0,12703.5,1165010200,14.0,14.0,1.0,6.0,06751
A13789203,양재우성,서울특별시 서초구 양재동 137-1 양재우성,분양,중앙난방,92578.0,11,848.0,우성건설,우성건설,025726062, ,아파트,서울특별시 서초구 바우뫼로 91,위탁관리,계단식,19911129,025763775,848.0,85917.34,0.0,848.0,0.0,0.0,68538.98,1165010200,15.0,15.0,0.0,30.0,06751
A13778201,서초네이처힐4단지,서울특별시 서초구 우면동 720 서초네이처힐4단지,혼합,개별난방,37609.54,7,409.0,SH,진흥기업,025775586,naturehill4@naver.com,아파트,서울특별시 서초구 태봉로2길 65,위탁관리,혼합식,20111212,025775587,409.0,37609.54,232.0,174.0,3.0,0.0,27233.25,1165010300,15.0,15.0,0.0,11.0,06764
A13778202,서초네이처힐5단지,서울특별시 서초구 우면동 730 서초네이처힐5단지,임대,개별난방,75858.08,8,509.0,태영건설(주),sh공사,025776617, ,아파트,서울특별시 서초구 태봉로2길 5,위탁관리,계단식,20111212,025776618,509.0,75368.62,256.0,78.0,175.0,0.0,40963.8,1165010300,17.0,17.0,3.0,13.0,06764
A13778203,서초네이처힐7단지,서울특별시 서초구 우면동 735 서초네이처힐7단지,혼합,개별난방,33126.93,5,275.0,SH공사,태영건설,025779930, ,아파트,서울특별시 서초구 태봉로2길 10,위탁관리,혼합식,20111212,025779931,275.0,33126.93,243.0,32.0,0.0,0.0,15383,1165010300,17.0,17.0,2.0,7.0,06764
A13778204,서초힐스,서울특별시 서초구 우면동 773 서초힐스,분양,개별난방,148779.27,12,1082.0,서희건설,한국토지주택공사(LH),025756204, ,아파트,서울특별시 서초구 양재대로2길 90,위탁관리,계단식,20121203,025756220,1082.0,97990.07,332.0,750.0,0.0,0.0,81337.69,1165010300,25.0,25.0,2.0,30.0,06767
A13778205,서초네이처힐3단지,서울특별시 서초구 우면동 717 서초네이처힐3단지,혼합,개별난방,176524.97,17,1251.0,진흥건설,SH공사,025760086, ,아파트,서울특별시 서초구 태봉로2길 60,위탁관리,혼합식,20130118,025760087,1251.0,90865.52,657.0,442.0,152.0,0.0,90865.52,1165010300,19.0,19.0,2.0,32.0,06764
A13778207,서초네이처힐6단지,서울특별시 서초구 우면동 737 서초네이처힐6단지,혼합,개별난방,50308.58,7,382.0,(주)태영건설,SH공사,025774455, ,아파트,서울특별시 서초구 태봉로2길 30,위탁관리,혼합식,20130215,025774554,382.0,49785.46,305.0,30.0,47.0,0.0,24386.75,1165010300,17.0,17.0,2.0,11.0,06764
A13778208,서초네이처힐1단지,서울특별시 서초구 우면동 707 서초네이처힐1단지,혼합,개별난방,31670.64,10,179.0,태영건설,SH공사,025772056, ,아파트,서울특별시 서초구 형촌길 35,위탁관리,혼합식,20121128,025772057,178.0,18678.6,50.0,101.0,28.0,0.0,14184.12,1165010300,7.0,7.0,2.0,11.0,06765
A13778209,호반써밋서초파크,서울특별시 서초구 우면동 788 호반써밋서초파크,분양,개별난방,56984.64,4,424.0,울트라건설(주) 외,한국토지주택공사,0220580377, ,아파트,서울특별시 서초구 양재대로2길 33,위탁관리,계단식,20131204,0220580379,424.0,56637.324,202.0,222.0,0.0,0.0,29708.18,1165010300,25.0,25.0,2.0,0.0,06768
A13778210,호반써밋서초파크뷰,서울특별시 서초구 우면동 789 호반써밋서초파크뷰,분양,개별난방,53557.0,3,358.0,(주)울트라건설,한국토지주택공사,0220580322, ,아파트,서울특별시 서초구 양재대로2길 11,위탁관리,계단식,20131204,0220580323,358.0,38824.652,108.0,250.0,0.0,0.0,27716.46,1165010300,25.0,25.0,2.0,9.0,06768
A13778211,서초호반써밋,서울특별시 서초구 우면동 753 서초호반써밋,분양,개별난방,117486.0,6,550.0,울트라건설,울트라건설,0220581820, ,아파트,서울특별시 서초구 양재대로2길 109,위탁관리,계단식,20131031,0220581821,550.0,76940.4,0.0,0.0,539.0,11.0,60504.5462,1165010300,25.0,25.0,2.0,12.0,06767
A13778212,LH서초3단지,서울특별시 서초구 우면동 784 LH서초3단지,임대,개별난방,68033.36,5,790.0,동아건설,lh,025719930, ,아파트,서울특별시 서초구 양재대로2길 34,위탁관리,혼합식,20131119,025719931,790.0,34363.63,790.0,0.0,0.0,0.0,34839.65,1165010300,25.0,25.0,1.0,12.0,06768
A13778213,서초네이처힐2단지,서울특별시 서초구 우면동 712 서초네이처힐2단지,혼합,개별난방,12669.0,8,133.0,SH공사,SH공사,025791557, ,아파트,서울특별시 서초구 형촌길 15,위탁관리,혼합식,20120426,025791558,133.0,12668.83,68.0,44.0,21.0,0.0,9677.61,1165010300,7.0,7.0,1.0,9.0,06765
A13778214,서초네이처힐가든,서울특별시 서초구 우면동 701 서초네이처힐가든,임대,개별난방,14988.19,16,115.0,동화이앤씨,SH,025298871, ,연립주택,서울특별시 서초구 형촌길 60,위탁관리,계단식,20110930,025298872,115.0,6849.5845,92.0,23.0,0.0,0.0,6894.73,1165010300,5.0,5.0,1.0,16.0,06765
A13778306,서울우면,서울특별시 서초구 우면동 63 서울우면,임대,중앙난방,43895.11,6,984.0,남광토건,한국토지주택공사,025780503,www.kohom.or.kr,아파트,서울특별시 서초구 바우뫼로7길 11,위탁관리,복도식,19940718,025733433,991.0,41852.46,984.0,0.0,0.0,0.0,28606.23,1165010300,15.0,15.0,1.0,13.0,06762
A13790001,우면한라,서울특별시 서초구 우면동 67 우면한라,분양,개별난방,23829.27,7,252.0,한라건설주식회사,한라건설주식회사,025299644,wh5299644@hanmail.net,아파트,서울특별시 서초구 바우뫼로 33,위탁관리,계단식,19940504,0262039644,252.0,18702.684,252.0,0.0,0.0,0.0,15114.96,1165010300,6.0,6.0,0.0,0.0,06762
A13790002,우면코오롱,서울특별시 서초구 우면동 70 우면코오롱,분양,개별난방,29750.0,6,300.0,코오롱,코오롱,025769980, ,아파트,서울특별시 서초구 바우뫼로 53,위탁관리,복도식,19941010,0262429980,300.0,22456.8,300.0,0.0,0.0,0.0,15741,1165010300,6.0,6.0,1.0,6.0,06762
A13790003,우면동동고,서울특별시 서초구 우면동 59 우면동동고,분양,개별난방,37798.26,5,330.0,(주)동양고속건설,(주)동양고속건설,025726658, ,아파트,서울특별시 서초구 바우뫼로7길 29,위탁관리,계단식,19950325,0262896658,330.0,34062.93,0.0,330.0,0.0,0.0,26488.44,1165010300,15.0,15.0,0.0,12.0,06762
A13790004,우면대림,서울특별시 서초구 우면동 57 우면대림,분양,중앙난방,75028.0,6,412.0,대림산업주식회사,대림산업주식회사,025712069, ,아파트,서울특별시 서초구 바우뫼로7길 51,자치관리,계단식,19950330,0234622069,412.0,65110.832,0.0,0.0,412.0,0.0,53926.68,1165010300,15.0,15.0,2.0,14.0,06762
A10020027,오티에르신반포,서울특별시 서초구 잠원동 49-17 오티에르신반포,분양,지역난방,27400.05,2,178.0,포스코이앤씨,신반포 18차 337동 주택재건축 정비사업조합,025326357, ,아파트,서울특별시 서초구 잠원로 195,위탁관리,계단식,20260624,025326358,178.0,13682.14,38.0,115.0,25.0,0.0,13682.14,1165010600,30.0,0.0,3.0,6.0,
A10020044,오티에르반포,서울특별시 서초구 잠원동 59-10 오티에르반포,분양,지역난방,49969.875,2,251.0,포스코이앤씨,신반포21차아파트 재건축정비사업조합,025328793, ,아파트,서울특별시 서초구 신반포로 267,위탁관리,계단식,20260605,025238794,251.0,25546.754,0.0,137.0,61.0,53.0,25546.7545,1165010600,20.0,0.0,4.0,0.0,
A10020557,메이플자이,서울특별시 서초구 잠원동 60-3 메이플자이,혼합,지역난방,650661.8,29,0.0,GS건설,신반포4지구재건축정비사업조합,0260835030, ,아파트,서울특별시 서초구 신반포로 251 메이플자이,위탁관리,계단식,20250627,0260835032,3307.0,362728.34,0.0,0.0,0.0,0.0,274338.7392,1165010600,35.0,35.0,4.0,124.0,
A10020770,잠원대주피오레아파트,서울특별시 서초구 잠원동 31-14 잠원대주피오레아파트,분양,개별난방,9888.4,1,49.0,대주주택주식회사,대주주택주식회사,0234447320, ,도시형 생활주택(아파트),서울특별시 서초구 강남대로95길 56,위탁관리,계단식,20021231,0234447365,49.0,6174.8,0.0,22.0,27.0,0.0,5198.85,1165010600,1.0,10.0,0.0,0.0,
A10020999,잠원현대훼밀리아파트,서울특별시 서초구 잠원동 59-3 잠원현대훼밀리아파트,분양,개별난방,13916.72,1,113.0,현대건설,현대건설주택조합,025952818, ,아파트,서울특별시 서초구 신반포로 261,위탁관리,혼합식,19970827,025334881,113.0,10928.31,67.0,46.0,0.0,0.0,7875.31,1165010600,17.0,17.0,2.0,3.0,
A10021612,블루힐하우스,서울특별시 서초구 잠원동 71-1 블루힐하우스,분양,개별난방,14826.91,1,125.0,청구건설,청구2차주택조합,025916617, ,아파트,서울특별시 서초구 잠원로 85,위탁관리,계단식,19991106,0262842757,125.0,14826.91,39.0,86.0,0.0,0.0,9604.59,1165010600,19.0,19.0,3.0,1.0,
A10022466,잠원금호베스트빌,서울특별시 서초구 잠원동 58- 잠원금호베스트빌,분양,,23043.0,2,117.0,금호,금호,025920194, ,아파트,서울특별시 서초구 나루터로 46,위탁관리,계단식,20021104, ,117.0,11295.729,0.0,41.0,0.0,76.0,14151.13,1165010600,17.0,17.0,2.0,4.0,
A10023143,신반포르엘,서울특별시 서초구 잠원동 52-2 신반포르엘,혼합,지역난방,61415.52,3,330.0,롯데건설,신반포13차아파트재개발조합,025329533, ,아파트,서울특별시 서초구 잠원로14길 42,위탁관리,계단식,20230627,025329534,330.0,35919.086,101.0,164.0,65.0,0.0,27085.34,1165010600,35.0,35.0,3.0,13.0,06516
A10023462,반포르엘2차,서울특별시 서초구 잠원동 74 반포르엘2차,혼합,지역난방,53173.363,3,280.0,롯데건설(주),신반포4차아파트 주택재건축정비사업조합,025952155, ,아파트,서울특별시 서초구 신반포로23길 33,위탁관리,계단식,20221228,025952156,280.0,30144.498,66.0,158.0,56.0,0.0,22744.09,1165010600,34.0,34.0,3.0,11.0,06509
A10023673,반포 르엘 아파트,서울특별시 서초구 잠원동 74-1 반포 르엘 아파트,혼합,지역난방,114189.91,7,596.0,롯데건설,반포우성아파트재건축조합,025959255, ,아파트,서울특별시 서초구 신반포로23길 23,위탁관리,계단식,20220830,025959256,596.0,71010.83,66.0,242.0,288.0,0.0,54606.46,1165010600,35.0,35.0,3.0,23.0,06509
A10023971,신반포20차아파트,서울특별시 서초구 잠원동 60-78 신반포20차아파트,분양,지역난방,17740.8,1,112.0,한신공영,한신공영,0262431859, ,아파트,서울특별시 서초구 나루터로4길 60,자치관리,계단식,19831223,0262431859,112.0,17740.8,0.0,0.0,0.0,112.0,16122.4,1165010600,14.0,14.0,1.0,4.0,
A10024913,반포센트럴자이아파트,서울특별시 서초구 잠원동 162 반포센트럴자이아파트,혼합,지역난방,142558.23,7,757.0,GS건설,신반포6차 재건축조합,0234829417, ,아파트,서울특별시 서초구 반포대로 310-6,위탁관리,계단식,20200428,0234829418,757.0,91467.08,127.0,340.0,290.0,0.0,67193.45,1165010600,35.0,35.0,2.0,26.0,06509
A10025381,잠원중앙하이츠B아파트,서울특별시 서초구 잠원동 71-17 잠원중앙하이츠B아파트,분양,개별난방,15219.53,1,126.0,중앙건설,중앙건설,0234817305,없음,아파트,서울특별시 서초구 잠원로3길 20,위탁관리,복도식,19981218,0234817305,126.0,11871.78,62.0,64.0,0.0,0.0,8543.82,1165010600,16.0,16.0,2.0,2.0,06510
A10025418,래미안 신반포 리오센트,서울특별시 서초구 잠원동 161 래미안 신반포 리오센트,혼합,지역난방,106931.0,6,475.0,삼성물산,신반포18차24차주택재건축정비사업조합,0234828650, ,아파트,서울특별시 서초구 잠원로14길 32,위탁관리,계단식,20190621,0234828652,475.0,64846.61,99.0,118.0,258.0,0.0,48942.62,1165010600,32.0,32.0,3.0,17.0,06516
A10026004,신반포자이아파트,서울특별시 서초구 잠원동 160 신반포자이아파트,혼합,지역난방,111291.44,7,607.0,GS건설,반포한양아파트 주택재건축정비사업조합,025348081,v2admin.aptner.com/,아파트,서울특별시 서초구 잠원로 60,위탁관리,계단식,20180727,025348082,607.0,69776.9,162.0,291.0,148.0,6.0,51475.31,1165010600,28.0,28.0,3.0,0.0,06521
A10026227,아크로리버뷰 신반포,서울특별시 서초구 잠원동 159 아크로리버뷰 신반포,분양,지역난방,109026.0,5,595.0,아크로리버뷰신반포,아크로리버뷰신반포입주자대표회의,025375194,https://cafe.naver.com/acroriverview117,아파트,서울특별시 서초구 잠원로 117,위탁관리,계단식,20180604,025375196,595.0,67034.67,0.0,595.0,0.0,0.0,48090.86,1165010600,35.0,35.0,2.0,11.0,06508
A10026977,월드메르디앙아파트,서울특별시 서초구 잠원동 33-11 월드메르디앙아파트,분양,,15461.55,1,107.0,월드건설,"동반포아파트,뉴영동연합 재건축조합",0234430855, ,아파트,서울특별시 서초구 신반포로45길 71,위탁관리,계단식,20020221,025464380,107.0,11913.51,0.0,92.0,15.0,0.0,9546.06,1165010600,15.0,15.0,1.0,5.0,06528
A10027439,래미안 신반포팰리스,서울특별시 서초구 잠원동 158 래미안 신반포팰리스,혼합,중앙난방,153551.2,7,0.0,삼성물산,잠원대림아파트주택재건축정비사업조합,025321016, ,아파트,서울특별시 서초구 잠원로8길 35,위탁관리,계단식,20160622,025321013,843.0,104373.79,0.0,0.0,0.0,0.0,157718.36,1165010600,35.0,35.0,2.0,27.0,06518
A13703011,잠원롯데캐슬갤럭시1차,서울특별시 서초구 잠원동 50 잠원롯데캐슬갤럭시1차,분양,지역난방,53085.29,5,256.0,(주)롯데건설,(주)롯데건설,0234770042,lotte.aptstory.kr,아파트,서울특별시 서초구 잠원로14길 3,위탁관리,계단식,20020727,025324954,256.0,39593.38,0.0,0.0,250.0,6.0,30274.86,1165010600,25.0,25.0,2.0,6.0,06515
A13703019,롯데캐슬갤럭시아파트,서울특별시 서초구 잠원동 50-1 롯데캐슬갤럭시아파트,분양,지역난방,92723.72,8,428.0,롯데건설(주),롯데건설(주),025954770, ,아파트,서울특별시 서초구 잠원로14길 23,위탁관리,계단식,20040428,025954771,428.0,55057.66,0.0,0.0,343.0,85.0,55106.96,1165010600,28.0,28.0,2.0,12.0,06515
A13703027,잠원동아,서울특별시 서초구 잠원동 157 잠원동아,분양,개별난방,121293.36,8,991.0,동아건설,잠원연립주택조합,025334413,www.jamwondonga.kr,아파트,서울특별시 서초구 신반포로33길 15,위탁관리,혼합식,20020704,025334464,991.0,100775.32,301.0,690.0,0.0,0.0,76609.9,1165010600,20.0,20.0,2.0,26.0,06521
A13779432,한신타운,서울특별시 서초구 잠원동 60-4 한신타운,분양,지역난방,10447.43,1,110.0,확인불가,확인불가,025324503, ,아파트,서울특별시 서초구 나루터로4길 70-5,자치관리,계단식,19890630,025364503,110.0,10294.77,0.0,110.0,0.0,0.0,8173.2,1165010600,15.0,15.0,0.0,4.0,06522
A13790604,잠원동대우아이빌,서울특별시 서초구 잠원동 42-13 잠원동대우아이빌,분양,개별난방,13769.0,3,168.0,(주)대우,한국구조개발,0234437384, ,아파트,서울특별시 서초구 신반포로45길 23,위탁관리,복도식,20010730,0234437386,168.0,8349.66,168.0,0.0,0.0,0.0,5792.58,1165010600,12.0,12.0,3.0,2.0,06532
A13790612,잠원훼미리 아파트,서울특별시 서초구 잠원동 51 잠원훼미리 아파트,분양,지역난방,33445.42,3,288.0,한신공영,한국과학기술원 제 2 직장 조합,025949140, ,아파트,서울특별시 서초구 잠원로 202-11,위탁관리,계단식,19921125,0262899140,288.0,32370.25,0.0,288.0,0.0,0.0,24428.37,1165010600,18.0,18.0,1.0,9.0,06516
A13790620,한강,서울특별시 서초구 잠원동 49-8 한강,분양,지역난방,48239.0,5,450.0,한신공영,공무원연금관리공단,025360775, ,아파트,서울특별시 서초구 잠원로 213-10,자치관리,계단식,19890617,0266770775,450.0,45813.6,0.0,450.0,0.0,0.0,37803,1165010600,15.0,15.0,0.0,16.0,06514
A13790701,잠원한신그린,서울특별시 서초구 잠원동 65-8 잠원한신그린,분양,지역난방,17968.11,1,150.0,한신공영(주),한신공영(주),025374739,없음,아파트,서울특별시 서초구 신반포로33길 71,위탁관리,계단식,19930121,025911575,150.0,16860.0,0.0,150.0,0.0,0.0,12733.5,1165010600,15.0,15.0,1.0,5.0,06520
A13790703,잠원신화,서울특별시 서초구 잠원동 54-7 잠원신화,분양,개별난방,19938.0,1,166.0,신화건설,잠원연합조합주택,0234770905, ,아파트,서울특별시 서초구 잠원로14길 54,위탁관리,혼합식,19971001,0234770905,166.0,15660.64,84.0,82.0,0.0,0.0,11703.46,1165010600,18.0,18.0,2.0,3.0,06516
A13790706,잠원한신로얄,서울특별시 서초구 잠원동 63-34 잠원한신로얄,분양,지역난방,23733.0,2,208.0,(주)한신공영,서울시지하철조합,025961970, ,아파트,서울특별시 서초구 신반포로33길 64,위탁관리,계단식,19920623,025971970,208.0,22979.86,0.0,208.0,0.0,0.0,16918.43,1165010600,13.0,13.0,1.0,9.0,06519
A13790707,잠원현대,서울특별시 서초구 잠원동 53 잠원현대,분양,지역난방,28091.99,2,238.0,현대건설,현대건설,025941779, ,아파트,서울특별시 서초구 잠원로12길 4,자치관리,계단식,19930423,025941522,238.0,27998.32,0.0,238.0,0.0,0.0,20199.06,1165010600,19.0,19.0,1.0,8.0,06517
A13790709,신반포한신19차,서울특별시 서초구 잠원동 61-2 신반포한신19차,분양,지역난방,26751.527,2,242.0,한신공영(주),한신공영(주),025931344, ,아파트,서울특별시 서초구 잠원로8길 20,위탁관리,복도식,19821231,025931344,242.0,26745.906,0.0,77.0,165.0,0.0,23975.35,1165010600,11.0,11.0,0.0,4.0,06519
A13790713,신반포청구,서울특별시 서초구 잠원동 63-2 신반포청구,분양,개별난방,40630.21,2,347.0,청구건설,신반포청구 연합주택조합,025955934,신반포청구.apti.co.kr/,아파트,서울특별시 서초구 신반포로33길 66,위탁관리,계단식,19980124,025945934,347.0,34549.53,136.0,211.0,0.0,0.0,26047.1,1165010600,18.0,18.0,2.0,10.0,06519
A13790714,강변아파트,서울특별시 서초구 잠원동 53-15 강변아파트,분양,지역난방,35239.0,4,360.0,한신공영(주),한신공영(주),025965329, ,아파트,서울특별시 서초구 잠원로 166-17,위탁관리,혼합식,19870715,025969617,360.0,34909.082,0.0,360.0,0.0,0.0,27694.8,1165010600,15.0,15.0,0.0,9.0,06517
A13790716,"신반포 한신 25,26,27차 아파트","서울특별시 서초구 잠원동 56-2 신반포 한신 25,26,27차 아파트",분양,지역난방,41411.688,4,391.0,한신공영,한신공영,025357828, ,아파트,서울특별시 서초구 잠원로8길 3,위탁관리,혼합식,19841108,025357827,391.0,41411.688,132.0,115.0,100.0,44.0,34723.77,1165010600,13.0,13.0,0.0,8.0,06518
A13790717,신반포한신16차,서울특별시 서초구 잠원동 55-12 신반포한신16차,분양,중앙난방,26306.0,2,396.0,한신공영(주),한신공영(주),025931310, ,아파트,서울특별시 서초구 잠원로 157,자치관리,복도식,19830107,025931310,396.0,26296.996,308.0,88.0,0.0,0.0,23453.73,1165010600,11.0,11.0,0.0,4.0,06514
A13790721,신반포7차,서울특별시 서초구 잠원동 65-32 신반포7차,분양,지역난방,43596.53,3,320.0,한신공영(주),한신공영(주),025324861,신반포7차.apti.co.kr,아파트,서울특별시 서초구 잠원로 88,자치관리,혼합식,19800430,0262844861,320.0,43430.08,0.0,0.0,160.0,160.0,39724.98,1165010600,10.0,10.0,0.0,11.0,06520
A13790722,잠원한신,서울특별시 서초구 잠원동 56-3 잠원한신,분양,지역난방,58033.8,7,540.0,한신공영,한신건설,025320556, ,아파트,서울특별시 서초구 잠원로 150,자치관리,계단식,19920716,025950556,540.0,58033.8,0.0,540.0,0.0,0.0,45640.8,1165010600,15.0,15.0,0.0,18.0,06518
A13790726,신반포한신5지구(12차),서울특별시 서초구 잠원동 49-17 신반포한신5지구(12차),분양,지역난방,165554.0,3,686.0,한신공영,한신공영,025943650, ,아파트,서울특별시 서초구 잠원로14길 41,자치관리,혼합식,19811229,025343650,324.0,25298.688,312.0,96.0,230.0,48.0,55197,1165010600,13.0,13.0,0.0,5.0,06515
A13790828,신반포4차,서울특별시 서초구 잠원동 70 신반포4차,분양,지역난방,147846.7,12,1212.0,한신공영,한신공영,025336167,신반포4차.apti.co.kr/,아파트,서울특별시 서초구 잠원로 37-48,자치관리,혼합식,19791025,025336160,1212.0,147717.33,0.0,0.0,900.0,312.0,135990.05,1165010600,13.0,13.0,1.0,21.0,06511
A13790902,잠원킴스빌리지,서울특별시 서초구 잠원동 71-12 잠원킴스빌리지,분양,개별난방,12613.67,1,160.0,시대종합건설(주),뉴코아,025917591, ,아파트,서울특별시 서초구 잠원로3길 6,위탁관리,복도식,19961217,025917590,160.0,12613.67,160.0,0.0,0.0,0.0,4850.69,1165010600,15.0,15.0,3.0,1.0,06510
A13790910,반포한신타워,서울특별시 서초구 잠원동 71-11 반포한신타워,분양,지역난방,34164.0,2,250.0,한신공영,한신공영,025377119, ,아파트,서울특별시 서초구 잠원로3길 8,자치관리,혼합식,19960805,025377223,250.0,27166.3,101.0,95.0,54.0,0.0,20424.04,1165010600,18.0,18.0,2.0,6.0,06510
A13790929,신반포한신2차,서울특별시 서초구 잠원동 73 신반포한신2차,분양,지역난방,163131.4,13,1572.0,한신공영(주),한신공영(주),025911869, ,아파트,서울특별시 서초구 신반포로23길 41,자치관리,혼합식,19780630,025935138,1572.0,163131.4,0.0,624.0,696.0,252.0,151684.2,1165010600,12.0,12.0,0.0,25.0,06509
A10019966,반포래미안트리니원,서울특별시 서초구 반포동 1109 반포래미안트리니원,분양,지역난방,448174.8,17,2091.0,삼성물산,반포아파트(3주구)주택재건축정비사업조합,025910177, ,아파트,서울특별시 서초구 신반포로 20,관리방식미정,계단식,20260723, ,2091.0,192543.72,492.0,694.0,828.0,77.0,192543.72,1165010700,0.0,0.0,0.0,0.0,
A10021765,반포센트레빌아스테리움,서울특별시 서초구 반포동 1344- 반포센트레빌아스테리움,혼합,,0.0,1,92.0, , ,0234762288, ,아파트,서울특별시 서초구 사평대로 310-4,,,20210730, ,0.0,0.0,3.0,87.0,2.0,0.0,7493.2938,1165010700,1.0,20.0,0.0,0.0,
A10022556,래미안 원펜타스,서울특별시 서초구 반포동 12 래미안 원펜타스,혼합,지역난방,158701.0,6,641.0,삼성건설,신반포15차아파트주택재건축정비사업조합,025968440, ,아파트,서울특별시 서초구 신반포로15길 1,위탁관리,혼합식,20240613, ,641.0,82688.66,203.0,219.0,65.0,154.0,63359.1973,1165010700,35.0,35.0,4.0,0.0,
A10023043,래미안원베일리,서울특별시 서초구 반포동 1-1 래미안원베일리,혼합,지역난방,673552.94,23,2990.0,삼성물산,신반포3차경남주택제정지조합,0234829892, ,아파트,서울특별시 서초구 반포대로 333,위탁관리,계단식,20230830,0234829894,2990.0,395735.9,746.0,1252.0,941.0,51.0,270686.4,1165010700,35.0,35.0,4.0,106.0,06506
A10024254,디에이치반포라클라스,서울특별시 서초구 반포동 1343 디에이치반포라클라스,혼합,지역난방,160162.0,6,848.0,현대건설,현대건설,025920848, ,아파트,서울특별시 서초구 서초중앙로 206,위탁관리,계단식,20210604,025920849,848.0,92739.27,274.0,403.0,171.0,0.0,70039.754,1165010700,35.0,35.0,4.0,32.0,06599
A10024646,궁전아파트,서울특별시 서초구 반포동 65-1 궁전아파트,분양,지역난방,17211.47,2,108.0,한신공영(주),한신공영(주),025994413, ,아파트,서울특별시 서초구 사평대로 142,자치관리,계단식,19840215,025990048,108.0,17193.0,0.0,0.0,39.0,69.0,15278.65,1165010700,10.0,10.0,0.0,6.0,06578
A10025550,두산힐스빌아파트,서울특별시 서초구 반포동 54-5 두산힐스빌아파트,분양,개별난방,9126.0,1,76.0,두산건설,두산건설,025991616, ,아파트,서울특별시 서초구 고무래로10길 16,위탁관리,복도식,20010803,0262541616,76.0,4005.09,76.0,0.0,0.0,0.0,4005.09,1165010700,12.0,12.0,3.0,1.0,06593
A10026015,반포써밋,서울특별시 서초구 반포동 1342 반포써밋,혼합,지역난방,132136.0,8,764.0,(주)대우건설,삼호가든4차아파트 주택재건축정비사업조합,0234780878, ,아파트,서울특별시 서초구 고무래로 89,위탁관리,계단식,20180921,0234780879,764.0,79790.37,275.0,343.0,146.0,0.0,61343.5766,1165010700,35.0,35.0,3.0,25.0,06598
A10026051,반포래미안아이파크,서울특별시 서초구 반포동 1341 반포래미안아이파크,혼합,지역난방,159761.42,11,829.0,"삼성물산, 현대산업개발",한양재건축조합,025948033, ,아파트,서울특별시 서초구 서초중앙로 220,위탁관리,계단식,20180831,025338035,829.0,108161.12,144.0,237.0,415.0,33.0,80426.3,1165010700,34.0,34.0,2.0,30.0,06599
A10026342,라인아파트,서울특별시 서초구 반포동 70 라인아파트,분양,개별난방,10793.38,1,85.0,라인건설,반포연립재건축주택조합,025932274, ,아파트,서울특별시 서초구 서래로10길 26,위탁관리,혼합식,19951102,025932225,85.0,8565.0,37.0,41.0,7.0,0.0,6406.24,1165010700,10.0,10.0,1.0,4.0,06577
A10027205,아크로리버파크,서울특별시 서초구 반포동 2-12 아크로리버파크,혼합,지역난방,346883.12,15,1612.0,(주)대림산업,신반포1차재건축주택조합,0234782904,www.acroriverpark.net/,아파트,서울특별시 서초구 신반포로15길 19,위탁관리,혼합식,20160830,0234782905,1612.0,206182.86,323.0,687.0,495.0,107.0,155508.55,1165010700,38.0,38.0,3.0,43.0,06503
A13704004,반포SKVIEW,서울특별시 서초구 반포동 112-15 반포SKVIEW,분양,개별난방,24958.75,2,63.0,SK건설,만울 종합건설(주),0234771192, ,아파트,서울특별시 서초구 사평대로14길 12,위탁관리,계단식,20061205,0234775432,63.0,15446.54,0.0,0.0,0.0,63.0,13375.24,1165010700,15.0,15.0,2.0,3.0,06575
A13704101,반포삼호가든맨션5차,서울특별시 서초구 반포동 30-1 반포삼호가든맨션5차,분양,지역난방,27653.094,3,168.0,삼호,삼호,025915141, ,아파트,서울특별시 서초구 서초중앙로 242,자치관리,혼합식,19860221,025915143,168.0,27653.094,0.0,0.0,42.0,126.0,23008.86,1165010700,14.0,14.0,0.0,6.0,06597
A13704104,반포자이,서울특별시 서초구 반포동 20-43 반포자이,혼합,지역난방,814368.0,44,3410.0,GS건설,반포주공3단지재건축주택정비사업조합,025334010,bpxi.aptner.com/,아파트,서울특별시 서초구 신반포로 270,위탁관리,계단식,20090313,025334075,3410.0,520772.94,683.0,1363.0,340.0,1024.0,405926.358,1165010700,29.0,29.0,3.0,81.0,06544
A13704404,반포미도아파트,서울특별시 서초구 반포동 60-4 반포미도아파트,분양,지역난방,148621.0,8,1260.0,한보건설,한국상업은행 주택조합,025343058, ,아파트,서울특별시 서초구 서초중앙로29길 28,위탁관리,복도식,19870617,025953238,1260.0,141619.84,0.0,1260.0,0.0,0.0,107049.6,1165010700,15.0,15.0,0.0,13.0,06592
A13770105,반포미도2차,서울특별시 서초구 반포동 60-5 반포미도2차,분양,지역난방,41174.0,3,435.0,한보건설,한보건설,025357604, ,아파트,서울특별시 서초구 사평대로 240,위탁관리,복도식,19890513,025337605,435.0,40711.65,60.0,375.0,0.0,0.0,30352.95,1165010700,15.0,15.0,0.0,5.0,06592
A13776301,반포리체,서울특별시 서초구 반포동 30-26 반포리체,혼합,지역난방,180700.16,9,1119.0,(주)대림/ (주)삼성,"삼호가든1,2차아파트재건축조합",025960346, ,아파트,서울특별시 서초구 고무래로 35,위탁관리,계단식,20101029,025960306,1119.0,123128.94,405.0,450.0,192.0,72.0,92869.532,1165010700,35.0,35.0,2.0,17.0,06597
A13776508,반포푸르지오,서울특별시 서초구 반포동 10 반포푸르지오,분양,개별난방,32930.47,3,237.0,(주)대우,반포 대우 직장조합 외 6개 조합,0234780625, ,아파트,서울특별시 서초구 신반포로15길 4,위탁관리,계단식,20001030,0234780624,237.0,23544.88,65.0,172.0,0.0,0.0,18354.09,1165010700,12.0,12.0,2.0,10.0,06504
A13776509,래미안퍼스티지,서울특별시 서초구 반포동 18-1 래미안퍼스티지,혼합,지역난방,540103.1,28,2444.0,삼성물산,반포주공2단지재건축조합,025999960,bpfirstige.aptner.com/,아파트,서울특별시 서초구 반포대로 275,위탁관리,계단식,20090714,025999935,2444.0,279425.6,512.0,955.0,130.0,847.0,279425.58,1165010700,32.0,32.0,3.0,4.0,06547
A13776510,반포힐스테이트,서울특별시 서초구 반포동 16-6 반포힐스테이트,분양,지역난방,77917.07,5,397.0,(주)현대건설,미주아파트재건축,025329277,banpohill@daum.net,아파트,서울특별시 서초구 신반포로16길 15-20,위탁관리,계단식,20120402,025329287,397.0,42872.67,80.0,159.0,0.0,158.0,42872.65,1165010700,29.0,29.0,2.0,10.0,06549
A13780201,엠브이아파트,서울특별시 서초구 반포동 46 엠브이아파트,분양,개별난방,21910.0,1,154.0,한보철강,해주정씨종친회,025911655, ,아파트,서울특별시 서초구 고무래로10길 39,자치관리,복도식,19940728,025911645,154.0,17664.36,54.0,60.0,40.0,0.0,13431.48,1165010700,18.0,18.0,2.0,2.0,06593
A13780402,반포현대동궁,서울특별시 서초구 반포동 64-5 반포현대동궁,분양,지역난방,22638.0,1,224.0,현대건설,현대건설,025342896, ,아파트,서울특별시 서초구 사평대로 154,위탁관리,혼합식,19910720,025342894,224.0,22573.8,0.0,224.0,0.0,0.0,17403.75,1165010700,15.0,15.0,1.0,4.0,06578
A13780403,반포한신서래,서울특별시 서초구 반포동 70-1 반포한신서래,분양,지역난방,50600.0,4,414.0,(주)한신공영,(주)한신공영,025359492, ,아파트,서울특별시 서초구 사평대로28길 31,자치관리,혼합식,19871231,025926146,414.0,50600.0,56.0,154.0,84.0,120.0,39183.78,1165010700,12.0,12.0,0.0,12.0,06578
A10020415,강남태영데시앙루브,서울특별시 서초구 서초동 1303-35 강남태영데시앙루브,분양,개별난방,24962.81,2,0.0,태영건설,맥스디앤아이,0234815076, ,주상복합,서울특별시 서초구 강남대로 455,위탁관리,혼합식,20050720,0234815077,50.0,7333.5,0.0,0.0,0.0,0.0,4313.3,1165010800,15.0,15.0,5.0,0.0,
A10020455,서초자이르네 아파트 ,서울특별시 서초구 서초동 1758- 서초자이르네 아파트 ,분양,개별난방,9032.154,2,0.0,자이 S&D,낙원청광연립 주택조합 ,025871450, ,주상복합,서울특별시 서초구 남부순환로323길 33,위탁관리,계단식,20220819,025871453,67.0,9032.154,0.0,0.0,0.0,0.0,4396.69,1165010800,0.0,14.0,0.0,0.0,
A10020535,서초쌍용플래티넘,서울특별시 서초구 서초동 1445-13 서초쌍용플래티넘,분양,개별난방,14332.97,1,0.0,남광토건,(주)그린건설,025881586, ,주상복합,서울특별시 서초구 서초중앙로 18,위탁관리,복도식,20060224,025881587,109.0,14332.97,0.0,0.0,0.0,0.0,7459,1165010800,1.0,21.0,0.0,4.0,
A10021305,현대ESA아파트,서울특별시 서초구 서초동 1338- 현대ESA아파트,분양,중앙난방,32672.48,1,122.0,현대건설,현대건설,025823630, ,주상복합,서울특별시 서초구 효령로77길 20,자치관리,기타,20020107,0262073630,122.0,23165.18,0.0,0.0,44.0,78.0,17700.3,1165010800,18.0,18.0,3.0,0.0,
A10021789,힐스테이트서리풀,서울특별시 서초구 서초동 1498-5 힐스테이트서리풀,분양,개별난방,15840.89,2,116.0,현대엔지니어링(주),마제스타시티피에프브이(주),0269523660, ,주상복합,서울특별시 서초구 서초대로38길 12,위탁관리,계단식,20170629,0269523810,116.0,15840.89,116.0,0.0,0.0,0.0,6955.36,1165010800,22.0,22.0,7.0,4.0,
A10021828,롯데캐슬주피터,서울특별시 서초구 서초동 1359-50 롯데캐슬주피터,분양,개별난방,31350.0,2,110.0,롯데건설,서초맨션 재건축조합,025988033, ,아파트,서울특별시 서초구 서운로6길 15-13,위탁관리,계단식,20031129,025218033,110.0,16730.07,0.0,0.0,18.0,92.0,16730.73,1165010800,12.0,12.0,2.0,0.0,
A10022209,삼성서초가든스위트아파트,서울특별시 서초구 서초동 1326 삼성서초가든스위트아파트,분양,지역난방,80126.0,3,141.0,삼성물산,삼성전자,025984090,삼성서초가든스위트.apti.co.kr/aptHome/,아파트,서울특별시 서초구 서운로 122,자치관리,복도식,20000624,0234863919,141.0,39517.047,0.0,0.0,0.0,141.0,39517.046,1165010800,23.0,23.0,4.0,0.0,
A10022390,서초프라임헤센 아파트,서울특별시 서초구 서초동 1756- 서초프라임헤센 아파트,분양,개별난방,8384.0,2,55.0,신한종합건설,남양연립가로주택정비조합,0234874165, ,,서울특별시 서초구 사임당로20길 5,위탁관리,계단식,20210112, ,55.0,4547.229,25.0,30.0,0.0,0.0,3642.6975,1165010800,7.0,7.0,2.0,4.0,
A10022474,서초동롯데캐슬리버티,서울특별시 서초구 서초동 1620-20 서초동롯데캐슬리버티,분양,개별난방,27432.0,3,132.0,롯데건설,서초연합 재건축조합,025868732, ,아파트,서울특별시 서초구 사임당로10길 39,위탁관리,계단식,20050323,025868730,132.0,18516.97,0.0,30.0,102.0,0.0,15264.84,1165010800,0.0,12.0,2.0,0.0,
A10022539,경남아너스빌 201동,서울특별시 서초구 서초동 1456-2 경남아너스빌 201동,분양,개별난방,13180.0,1,0.0,서초 경님아너스빌 201동,서초 경님아너스빌 201동,0234744216, ,아파트,서울특별시 서초구 반포대로10길 42,위탁관리,계단식,20060124, ,86.0,9124.63,0.0,0.0,0.0,0.0,7325.81,1165010800,15.0,15.0,2.0,0.0,
A10022623,대우디오빌프라임,서울특별시 서초구 서초동 1337-22 대우디오빌프라임,분양,개별난방,29811.69,1,112.0,(주)대우건설,(주)리얼앤 인베스트,025882254, ,주상복합,서울특별시 서초구 강남대로 321,위탁관리,혼합식,20051021,025884999,112.0,14853.8,16.0,96.0,0.0,0.0,8687.6,1165010800,15.0,15.0,5.0,0.0,06627
A10022656,서초벽산블루밍아파트,서울특별시 서초구 서초동 1347-20 서초벽산블루밍아파트,분양,개별난방,11098.73,2,60.0,벽산건설(주),양지빌라재건축조합/(주)토다건설,025876621, ,아파트,서울특별시 서초구 효령로74길 56,위탁관리,계단식,20060608,025876625,60.0,7206.644,0.0,42.0,18.0,0.0,5776.41,1165010800,12.0,12.0,2.0,0.0,06726
A10023049,코네스트,서울특별시 서초구 서초동 1365-8 코네스트,임대,기타,29179.3,1,0.0,KCC건설,당당,025835255, ,주상복합,서울특별시 서초구 남부순환로 2567,위탁관리,복도식,20230612,025835256,394.0,14070.299,0.0,0.0,0.0,0.0,18718.1776,1165010800,21.0,21.0,5.0,0.0,06734
A10023191,서초신원아침도시2차아파트,서울특별시 서초구 서초동 1420-18 서초신원아침도시2차아파트,분양,개별난방,13660.56,2,88.0,신원종합개발(주),(주)위클리인터내셔날,025839297, ,아파트,,위탁관리,계단식,20051227,025839297,88.0,819160.3,0.0,88.0,0.0,0.0,7421.92,1165010800,15.0,15.0,0.0,0.0,06724
A10023644,월드메르디앙오페라하우스,서울특별시 서초구 서초동 1450-1 월드메르디앙오페라하우스,분양,개별난방,13770.1,1,47.0,월드건설(주),월드건설(주),025827430, ,아파트,서울특별시 서초구 반포대로4길 24,위탁관리,계단식,20040921,025827431,47.0,9179.226,0.0,0.0,0.0,47.0,8047.902,1165010800,13.0,13.0,2.0,2.0,
A10023688,서초금호어울림아파트,서울특별시 서초구 서초동 1467-97 서초금호어울림아파트,분양,개별난방,17306.43,1,84.0,금호건설,"그린훼미리연합,그린재건축조합",025814847, ,아파트,서울특별시 서초구 명달로 10,위탁관리,계단식,20011210,025811789,84.0,13991.6,0.0,0.0,56.0,28.0,11055.24,1165010800,15.0,15.0,2.0,3.0,
A10023694,엠쉐르빌,서울특별시 서초구 서초동 1316-31 엠쉐르빌,분양,개별난방,16746.08,1,125.0,삼성중공업,광명산업,0234779733, ,주상복합,서울특별시 서초구 강남대로61길 17,위탁관리,복도식,20010731,0234779788,125.0,10979.75,81.0,43.0,1.0,0.0,6331.99,1165010800,1.0,23.0,7.0,3.0,
A10024156,서초꽃마을주얼리,서울특별시 서초구 서초동 1502-12 서초꽃마을주얼리,임대,개별난방,18495.13,1,0.0,한양산업개발,서초꽃마을1502,025848001, ,아파트,서울특별시 서초구 반포대로27길 13,위탁관리,복도식,20210323,025848002,280.0,13253.45,0.0,0.0,0.0,0.0,10799.6,1165010800,12.0,12.0,4.0,0.0,06656
A10024240,서초그랑자이,서울특별시 서초구 서초동 1335 서초그랑자이,혼합,지역난방,286624.75,9,1446.0,지에스건설(주),서초무지개아파트재건축조합,025229934, ,아파트,서울특별시 서초구 효령로 391,위탁관리,혼합식,20210629,025229924,1446.0,161283.61,436.0,520.0,487.0,3.0,121757.7,1165010800,35.0,35.0,3.0,47.0,06630
A10024552,래미안리더스원,서울특별시 서초구 서초동 1336 래미안리더스원,혼합,지역난방,267015.9,12,1317.0,삼성물산,서초우성1차 아파트 주택재건축정비사업조합,025237803, ,아파트,서울특별시 서초구 서운로 62,위탁관리,계단식,20200925,025237805,1317.0,161889.22,302.0,644.0,286.0,85.0,117457.03,1165010800,35.0,35.0,0.0,37.0,06629
A10024574,서초센트럴아이파크,서울특별시 서초구 서초동 1582-3 서초센트럴아이파크,분양,개별난방,48712.0,2,318.0,현대산업개발,마스턴제12호서초,025250978, ,주상복합,서울특별시 서초구 반포대로18길 36,위탁관리,계단식,20200907,025250979,319.0,33541.33,0.0,318.0,0.0,0.0,25607.581,1165010800,33.0,33.0,6.0,4.0,06652
A10024687,서초현대홈타운,서울특별시 서초구 서초동 1506-88 서초현대홈타운,분양,개별난방,14241.0,2,68.0,현대건설,서초그린빌라재건축조합,025856018, ,아파트,서울특별시 서초구 반포대로23길 71,위탁관리,계단식,20050511,025253943,68.0,9679.2,0.0,20.0,48.0,0.0,8140.52,1165010800,12.0,12.0,2.0,0.0,06658
A10024987,서초동원베네스트아파트,서울특별시 서초구 서초동 1350-13 서초동원베네스트아파트,분양,개별난방,20404.83,2,126.0,동원enc,동원enc,025252010,서초동원베네스트.apti.co.kr,아파트,서울특별시 서초구 효령로74길 57,자치관리(직영),계단식,20021130,0234742010,126.0,14415.54,0.0,96.0,30.0,0.0,11774.7,1165010800,15.0,15.0,2.0,5.0,06726
A10025375,지웰홈스 서초,서울특별시 서초구 서초동 1575-1 지웰홈스 서초,임대,중앙난방,8138.2,1,154.0,신영건설(주),(주)에이알에이신영제2호위탁관리부동산투자회사,025251575, ,주상복합,서울특별시 서초구 반포대로28길 94,위탁관리,복도식,20190521,025251572,154.0,4774.4365,154.0,0.0,0.0,0.0,2477.95,1165010800,19.0,19.0,5.0,3.0,06644
A10025615,경남아너스빌 101동 아파트,서울특별시 서초구 서초동 1455-9 경남아너스빌 101동 아파트,분양,개별난방,12967.938,1,55.0,경남기업,재건축,025217406, ,아파트,서울특별시 서초구 남부순환로323길 56-18,위탁관리,계단식,20051014,025217405,55.0,8872.45,0.0,0.0,9.0,46.0,7558.278,1165010800,15.0,15.0,2.0,2.0,06717
A10026317,서초한일아파트,서울특별시 서초구 서초동 1636-1 서초한일아파트,분양,개별난방,11959.89,1,86.0,한일건설(주),한일건설(주),025987017, ,아파트,서울특별시 서초구 서초대로64길 31,위탁관리,계단식,19971015,025987017,86.0,8341.58,32.0,54.0,0.0,0.0,6507.64,1165010800,11.0,11.0,2.0,4.0,06631
A10026337,래미안서초7차아파트,서울특별시 서초구 서초동 1642-34 래미안서초7차아파트,분양,개별난방,21450.0,2,79.0,삼성물산건설,삼성물산건설,025222592, ,아파트,서울특별시 서초구 사임당로17길 80,위탁관리,계단식,20060127,025222594,79.0,2400160.0,0.0,0.0,24.0,55.0,10899.82,1165010800,12.0,12.0,2.0,4.0,06635
A10026340,서초롯데캐슬84아파트,서울특별시 서초구 서초동 1642-14 서초롯데캐슬84아파트,분양,개별난방,29554.0,2,84.0,롯데건설주식회사,롯데건설주식회사,0234719412, ,아파트,서울특별시 서초구 사임당로17길 90,자치관리,계단식,20010228,0234719413,84.0,20648.23,0.0,0.0,1.0,83.0,17244.13,1165010800,16.0,16.0,2.0,2.0,06635
A10026411,래미안서초에스티지에스아파트,서울특별시 서초구 서초동 1331 래미안서초에스티지에스아파트,혼합,지역난방,108556.49,5,0.0,삼성물산,서초우성2차아파트 주택재건축조합,025978701, ,아파트,서울특별시 서초구 서운로 104,위탁관리,혼합식,20180124,025978702,593.0,70432.23,0.0,0.0,0.0,0.0,106597.1,1165010800,32.0,32.0,2.0,0.0,06625
A10026941,서초푸르지오써밋,서울특별시 서초구 서초동 1310 서초푸르지오써밋,혼합,지역난방,162715.0,7,907.0,대우건설,서초삼호1차아파트주택재건축정비조합,0234820907,scprugio@naver.com,아파트,서울특별시 서초구 서운로 201,위탁관리,계단식,20170622,0234820939,907.0,105109.4,192.0,388.0,327.0,0.0,78715.01,1165010800,35.0,35.0,2.0,22.0,06608
A10026972,서초동 아이파크,서울특별시 서초구 서초동 1436-14 서초동 아이파크,분양,지역난방,34195.13,3,115.0,현대산업개발,현대맨션 재건축조합,025841398, ,아파트,서울특별시 서초구 효령로68길 38,위탁관리,계단식,20030904,025841350,115.0,23154.04,0.0,0.0,4.0,111.0,19263.58,1165010800,18.0,18.0,2.0,4.0,06722
A10027221,래미안 서초에스티지,서울특별시 서초구 서초동 1332-13 래미안 서초에스티지,혼합,지역난방,75765.75,4,421.0,삼성물산,우성3차아파트주택재건축조합,025257607, ,아파트,서울특별시 서초구 서운로 107,위탁관리,혼합식,20161223,025257609,421.0,49460.5,85.0,211.0,93.0,32.0,37482.26,1165010800,33.0,33.0,2.0,13.0,06624
A10028146,서초롯데캐슬프레지던트,서울특별시 서초구 서초동 1681 서초롯데캐슬프레지던트,혼합,지역난방,55021.0,3,280.0,롯데건설,삼익건설아파트재건축조합,025327786,openapt.seoul.go.kr,아파트,서울특별시 서초구 서초중앙로24길 57,위탁관리,기타,20141114,025327787,280.0,37539.24,0.0,172.0,52.0,56.0,29178.8,1165010800,31.0,31.0,3.0,4.0,06603
A13707002,아남,서울특별시 서초구 서초동 1641-13 아남,분양,지역난방,17316.86,2,166.0,아남건설주식회사,아남건설주식회사,025886061, ,아파트,서울특별시 서초구 사임당로23길 53,위탁관리,혼합식,19891130,025886065,166.0,16868.166,0.0,166.0,0.0,0.0,13208.78,1165010800,13.0,13.0,1.0,5.0,06635
A13707003,서초대우아이빌,서울특별시 서초구 서초동 1675-11 서초대우아이빌,분양,개별난방,17899.87,1,215.0,대우건설,(주)리얼티투자개발,025816597, ,주상복합,서울특별시 서초구 서초대로58길 10,자치관리,복도식,20030313,025816598,254.0,11417.03,203.0,12.0,0.0,0.0,8543.82,1165010800,15.0,15.0,2.0,4.0,06633
A13707006,대림서초리시온,서울특별시 서초구 서초동 1671-5 대림서초리시온,분양,개별난방,29483.0,1,293.0,대림산업주식회사,주식회사 루튼,0234876308, ,주상복합,서울특별시 서초구 서초중앙로22길 25,위탁관리,복도식,20030422,0234876307,293.0,24578.8,286.0,7.0,0.0,0.0,13588.9,1165010800,14.0,14.0,4.0,2.0,06634
A13707009,래미안 서초스위트 아파트,서울특별시 서초구 서초동 1301-6 래미안 서초스위트 아파트,혼합,지역난방,57709.957,3,392.0,(주)삼성물산,삼호2차재건축조합,0234773405, ,아파트,서울특별시 서초구 서운로 221,위탁관리,계단식,20090430,0234773406,392.0,43456.81,84.0,159.0,149.0,0.0,32815.7143,1165010800,31.0,31.0,1.0,8.0,06608
A13707010,래미안서초유니빌,서울특별시 서초구 서초동 1445-4 래미안서초유니빌,분양,개별난방,36406.906,1,440.0,삼성물산(주),서린상사(주),0234710988,래미안서초유니빌.apti.co.kr,주상복합,서울특별시 서초구 서초중앙로 26,위탁관리,복도식,20030822,0234860988,440.0,36406.906,418.0,22.0,0.0,0.0,20329.37,1165010800,24.0,24.0,6.0,3.0,06720
A13707016,서초교대e편한세상,서울특별시 서초구 서초동 1686-9 서초교대e편한세상,혼합,지역난방,85723.25,6,435.0,대림산업 (주),금호아파트재건축조합,025341965,211.38.138.217,아파트,서울특별시 서초구 서초중앙로24길 33,자치관리,계단식,20100506,025341974,435.0,54086.56,90.0,177.0,120.0,48.0,41190.12,1165010800,20.0,20.0,3.0,19.0,06603
A13707017,서초동아타워,서울특별시 서초구 서초동 1321-6 서초동아타워,분양,개별난방,38566.83,1,64.0,동아건설산업(주),박영갑,025210410, ,아파트,서울특별시 서초구 서운로 138,위탁관리,복도식,19961029,025213295,64.0,14267.769,0.0,0.0,0.0,64.0,10068.67,1165010800,19.0,19.0,6.0,0.0,06619
A13707019,서초한신리빙타워,서울특별시 서초구 서초동 1533 서초한신리빙타워,분양,개별난방,19522.0,1,103.0,한신공영(주),한국부동산신탁(주),0234719712, ,주상복합,서울특별시 서초구 효령로 237,위탁관리,계단식,19990421,0234719716,104.0,10521.28,47.0,30.0,26.0,0.0,7919.63,1165010800,19.0,19.0,2.0,0.0,06671
A13707203,풍림아이원플러스,서울특별시 서초구 서초동 1338-1 풍림아이원플러스,분양,개별난방,14609.6,1,200.0,풍림산업,메트로,025828824, ,주상복합,서울특별시 서초구 효령로77길 14,위탁관리,복도식,20040423,025828864,200.0,9792.51,200.0,0.0,0.0,0.0,6910.2544,1165010800,15.0,15.0,4.0,2.0,06628
A13770606,더미캘란,서울특별시 서초구 서초동 1494-4 더미캘란,분양,개별난방,29195.957,1,67.0,대교D&S,대교D&S,0234746263, ,아파트,서울특별시 서초구 명달로 91,자치관리,계단식,20050623,0234746265,67.0,29195.957,0.0,0.0,0.0,67.0,16074.2,1165010800,14.0,14.0,2.0,6.0,06667
A13770607,서초5차e편한세상,서울특별시 서초구 서초동 1467-62 서초5차e편한세상,분양,개별난방,46330.44,2,161.0,대림건설,디케이건설,025216109,cafe.daum.net/seocho5cha,아파트,서울특별시 서초구 명달로4길 30,위탁관리,계단식,20051223,025216120,165.0,30637.979,0.0,0.0,0.0,161.0,25476.64,1165010800,15.0,15.0,2.0,6.0,06713
A13770608,서초현대ESA2차,서울특별시 서초구 서초동 1542-6 서초현대ESA2차,분양,중앙난방,43252.38,2,174.0,현대건설,SR건설,025237383, ,주상복합,서울특별시 서초구 반포대로 122,위탁관리,계단식,20030129,025237382,222.0,29917.56,0.0,0.0,0.0,174.0,23707.5,1165010800,25.0,25.0,6.0,1.0,06647
A13770609,현대슈퍼빌,서울특별시 서초구 서초동 1446-11 현대슈퍼빌,분양,지역난방,226180.0,4,645.0,현대건설(주),군인공제회,025851100,https://superville.aptner.com,주상복합,서울특별시 서초구 서초중앙로 15,위탁관리,계단식,20031013,025854155,645.0,202346.31,0.0,0.0,0.0,645.0,118181.34,1165010800,46.0,46.0,3.0,20.0,06718
A13770610,서초아트자이,서울특별시 서초구 서초동 1583-10 서초아트자이,분양,개별난방,68992.92,4,164.0,GS건설(주),(주)삼종지위드건설,025839105,http://www.seochoartxi.net,주상복합,서울특별시 서초구 반포대로 58,위탁관리,계단식,20090626,025839104,164.0,33067.4,0.0,0.0,0.0,164.0,26369.5332,1165010800,25.0,25.0,4.0,6.0,06652
A13770611,서초이오빌,서울특별시 서초구 서초동 1593-7 서초이오빌,분양,개별난방,40043.8,1,462.0,경남기업,서현개발,025862750, ,주상복합,서울특별시 서초구 효령로53길 45,자치관리,혼합식,20030813,025861218,463.0,35900.04,462.0,0.0,0.0,0.0,19386.62,1165010800,24.0,24.0,6.0,2.0,06652
A13772801,서초현대아파트,서울특별시 서초구 서초동 1648-2 서초현대아파트,분양,지역난방,44202.45,2,299.0,고려산업개발(주),고려산업개발(주),0234872288,없음,아파트,서울특별시 서초구 사임당로19길 10,위탁관리,혼합식,19991130,0234872330,299.0,30367.008,120.0,105.0,74.0,0.0,23750.52,1165010800,16.0,16.0,3.0,8.0,06637
A13775102,서초삼성쉐르빌2,서울특별시 서초구 서초동 1330 서초삼성쉐르빌2,분양,개별난방,32854.17,1,365.0,국민자산신탁(주),삼성중공업(주),025845626, ,주상복합,서울특별시 서초구 강남대로53길 11,자치관리,복도식,20020325,025845628,365.0,26867.53,313.0,52.0,0.0,0.0,15257.38,1165010800,21.0,21.0,0.0,4.0,06626
A13785604,서초진흥,서울특별시 서초구 서초동 1315 서초진흥,분양,지역난방,84451.21,7,615.0,진흥기업,진흥,0234812504, ,아파트,서울특별시 서초구 서초대로 385,자치관리,혼합식,19790822,0234829377,615.0,80578.516,0.0,0.0,495.0,120.0,74760.9,1165010800,15.0,15.0,0.0,13.0,06617
A13785607,롯데캐슬클래식,서울특별시 서초구 서초동 1312-3 롯데캐슬클래식,분양,지역난방,175496.48,15,990.0,롯데건설,롯데건설,025993425, ,아파트,서울특별시 서초구 서운로 200,위탁관리,계단식,20060607,025337564,990.0,98785.4,0.0,560.0,430.0,0.0,98785.4,1165010800,27.0,27.0,2.0,22.0,06610
A13785705,서초우성5차아파트,서울특별시 서초구 서초동 1326-17 서초우성5차아파트,분양,지역난방,51886.5,2,408.0,우성건설,우성건설,025811622, ,아파트,서울특별시 서초구 서초대로74길 30,자치관리,복도식,19980528,025811623,408.0,42988.42,188.0,160.0,60.0,0.0,32302.12,1165010800,23.0,23.0,2.0,10.0,06622
A13786601,서초자이,서울특별시 서초구 서초동 1444-7 서초자이,분양,지역난방,49153.0,4,184.0,GS건설,서초우성4차재건축조합,025861156, ,아파트,서울특별시 서초구 효령로68길 81,위탁관리,계단식,20060418,025861159,184.0,30247.24,0.0,17.0,81.0,86.0,24307.21,1165010800,18.0,18.0,2.0,6.0,06721
A13786606,서초더샵,서울특별시 서초구 서초동 1445-14 서초더샵,분양,지역난방,58681.1,3,329.0,포스코 건설,(주) 나우타 건설,025230877, ,주상복합,서울특별시 서초구 서초중앙로2길 10,위탁관리,계단식,20060119,025235509,329.0,46593.01,104.0,0.0,30.0,195.0,36102.47,1165010800,32.0,32.0,4.0,10.0,06725
A13786704,서초한신플러스타운,서울특별시 서초구 서초동 1454-29 서초한신플러스타운,분양,개별난방,34040.48,2,194.0,주식회사 한신공영,주식회사 한신공영,025222045, ,아파트,서울특별시 서초구 남부순환로323길 38-15,위탁관리,혼합식,20011214,025222046,194.0,24896.71,0.0,89.0,105.0,0.0,19223.98,1165010800,15.0,15.0,2.0,7.0,06717
A13786803,서초3차e편한세상,서울특별시 서초구 서초동 1467-37 서초3차e편한세상,분양,개별난방,21245.71,2,77.0,대림산업,(주)디케이건설,025216109,cafe.daum.net/seocho3cha,아파트,서울특별시 서초구 남부순환로 2343-10,위탁관리,계단식,20051223,025216120,81.0,14112.02,0.0,0.0,17.0,60.0,11721.57,1165010800,15.0,15.0,2.0,3.0,06713
A13786901,서초1차e편한세상,서울특별시 서초구 서초동 1487-63 서초1차e편한세상,분양,개별난방,37211.79,2,154.0,대림,대림,025831487,서초1차e-편한세상.apti.co.kr,아파트,서울특별시 서초구 명달로6길 31,위탁관리,계단식,20040824,025841488,154.0,24436.365,0.0,0.0,154.0,0.0,20101.62,1165010800,15.0,15.0,2.0,7.0,06708
A13787102,서초2차e편한세상,서울특별시 서초구 서초동 1529 서초2차e편한세상,분양,개별난방,30500.465,3,159.0,대림산업,서초연합 재건축 주택조합,025841546, ,아파트,서울특별시 서초구 효령로49길 57,위탁관리,계단식,20050224,025841506,159.0,16995.275,0.0,43.0,116.0,0.0,16997.336,1165010800,15.0,15.0,2.0,0.0,06670
A13787105,서초한빛삼성,서울특별시 서초구 서초동 1509-1 서초한빛삼성,분양,개별난방,37907.0,2,264.0,삼성중공업,삼성중공업,025829998, ,아파트,서울특별시 서초구 서초대로40길 72,위탁관리,혼합식,19991126,0220550115,264.0,30876.49,84.0,0.0,180.0,0.0,23639.68,1165010800,18.0,18.0,1.0,7.0,06657
A13788002,"서초현대1,2차","서울특별시 서초구 서초동 1346 서초현대1,2차",분양,지역난방,43404.84,5,413.0,현대산업개발주식회사,현대산업개발주식회사,025866369,서초현대.apti.co.kr,아파트,서울특별시 서초구 효령로72길 14,위탁관리,혼합식,19891218,025975856,413.0,33458.273,0.0,413.0,0.0,0.0,33458.275,1165010800,15.0,15.0,0.0,14.0,06726
A13788003,서초삼성래미안,서울특별시 서초구 서초동 1641-1 서초삼성래미안,분양,지역난방,57725.97,3,299.0,삼성물산,삼성물산,025844670, ,아파트,서울특별시 서초구 사임당로17길 116,위탁관리,계단식,20010521,0220551468,299.0,40968.74,0.0,139.0,128.0,32.0,32190.03,1165010800,16.0,16.0,2.0,11.0,06635
A13788201,서초현대4차,서울특별시 서초구 서초동 1684 서초현대4차,분양,지역난방,31325.56,3,160.0,현대산업개발,서초은하아파트재건축조합,025323538, ,아파트,서울특별시 서초구 고무래로 94,위탁관리,혼합식,20001127,0234817430,160.0,20033.71,20.0,70.0,17.0,53.0,16081.08,1165010800,18.0,18.0,3.0,4.0,06602
A13788203,유원서초아파트,서울특별시 서초구 서초동 1687 유원서초아파트,분양,지역난방,71334.71,4,590.0,유원건설,한전직장조합 외 13개 조합,025958595, ,아파트,서울특별시 서초구 서초중앙로24길 43,자치관리,계단식,19931125,025920824,590.0,70214.9,0.0,590.0,0.0,0.0,50051,1165010800,18.0,18.0,1.0,18.0,06603
A13788206,서초아크로비스타,서울특별시 서초구 서초동 1685-3 서초아크로비스타,분양,지역난방,258428.0,3,757.0,대림건설(주),대상주식회사,025306800,https://xn--2o2b21i98b4k51dezgl9c4ticordyal9a379a.apti.co.kr/aptHome/,주상복합,서울특별시 서초구 서초중앙로 188,위탁관리,계단식,20040625,025306801,757.0,124600.21,0.0,0.0,36.0,721.0,124600.21,1165010800,37.0,37.0,6.0,18.0,06600
A13788208,서초래미안,서울특별시 서초구 서초동 1682 서초래미안,분양,지역난방,218689.34,13,1129.0,삼성물산,삼성물산,0234778603, ,아파트,서울특별시 서초구 서초대로65길 13-10,위탁관리,계단식,20030510,0234778605,1129.0,157003.22,0.0,342.0,787.0,0.0,119018.09,1165010800,27.0,27.0,2.0,24.0,06602
A13792001,서초삼풍,서울특별시 서초구 서초동 1685 서초삼풍,분양,지역난방,368534.8,24,2390.0,삼풍건설,삼풍건설,025350320, ,아파트,서울특별시 서초구 서초중앙로 200,자치관리,혼합식,19880720,025991852,2390.0,368534.8,1.0,1049.0,726.0,614.0,279604.32,1165010800,15.0,15.0,0.0,62.0,06601
A13792306,서초트라팰리스1차,서울특별시 서초구 서초동 1344-13 서초트라팰리스1차,분양,개별난방,54028.53,3,257.0,삼성물산,세진푸드시스템,025981344, ,주상복합,서울특별시 서초구 효령로72길 57,위탁관리,계단식,20051118,025981393,257.0,54028.52,0.0,44.0,207.0,6.0,29623.24,1165010800,25.0,25.0,3.0,9.0,06732
A10028021,서초포레스타2단지아파트,서울특별시 서초구 내곡동 143 서초포레스타2단지아파트,혼합,개별난방,134430.77,13,1077.0,고려개발,에스에치공사,0220579560, ,아파트,서울특별시 서초구 헌릉로8길 45,위탁관리,복도식,20150618,0220579562,1078.0,134430.77,930.0,147.0,0.0,0.0,59280.75,1165010900,21.0,21.0,3.0,27.0,06800
A13718001,서초더샵포레,서울특별시 서초구 내곡동 77 서초더샵포레,혼합,개별난방,232130.0,26,1264.0,포스코,에스에치,0234612812,https://www.scthesharpfore.com,아파트,서울특별시 서초구 헌릉로8길 58,위탁관리,계단식,20140811,0234612817,1264.0,231171.38,264.0,455.0,545.0,0.0,113848.87,1165010900,20.0,20.0,2.0,0.0,06800
A10028046,힐스테이트서초젠트리스,서울특별시 서초구 신원동 412-5 힐스테이트서초젠트리스,분양,개별난방,48527.44,9,256.0,현대엔지니어링,현대엔지니어링,025783332, ,아파트,서울특별시 서초구 헌릉로8길 10-12,위탁관리,계단식,20141219,025783354,256.0,33135.5,0.0,127.0,129.0,0.0,24753.83,1165011100,9.0,9.0,1.0,15.0,06798
A10028105,서초포레스타6단지,서울특별시 서초구 신원동 285 서초포레스타6단지,혼합,개별난방,70339.43,11,585.0,계룡건설,에스에치공사,0220570537,서초포레스타6단지.apti.co.kr,아파트,서울특별시 서초구 청계산로9길 1-12,위탁관리,혼합식,20150407,0220570539,585.0,70339.43,532.0,53.0,0.0,0.0,30995.31,1165011100,7.0,7.0,1.0,26.0,06802
A13716001,서초포레스타7단지,서울특별시 서초구 신원동 271-9 서초포레스타7단지,혼합,개별난방,41430.76,10,310.0,한신공영,SH공사,0220580591, ,아파트,서울특별시 서초구 청계산로11길 7-12,위탁관리,혼합식,20130930,0220580592,310.0,41430.76,261.0,49.0,0.0,0.0,17835.75,1165011100,7.0,7.0,0.0,16.0,06802
A13716002,서초포레스타5단지,서울특별시 서초구 신원동 690 서초포레스타5단지,혼합,개별난방,88337.95,11,547.0,한신공영,에스에이치공사,0220582806, ,아파트,서울특별시 서초구 청계산로7길 43,위탁관리,계단식,20140508,0220582808,548.0,88337.95,206.0,229.0,112.0,0.0,43252.24,1165011100,17.0,17.0,3.0,19.0,06798
A13716003,서초포레스타3단지,서울특별시 서초구 신원동 408 서초포레스타3단지,혼합,개별난방,76114.0,8,482.0,한신공영(주),SH공사,0234612809, ,아파트,서울특별시 서초구 헌릉로8길 22,위탁관리,계단식,20140624,0234612811,482.0,75689.73,249.0,146.0,87.0,0.0,37219.4,1165011100,19.0,19.0,3.0,16.0,06798
A10020216,역삼우정에쉐르2,서울특별시 강남구 역삼동 707-18 역삼우정에쉐르2,분양,개별난방,5441.45,1,0.0,우정건설(주),(주)태승플래닝,025681135, ,주상복합,서울특별시 강남구 테헤란로48길 10,위탁관리,혼합식,20040806,025681136,0.0,0.0,0.0,0.0,0.0,0.0,0,1168010100,0.0,0.0,0.0,0.0,
A10021281,대림역삼아파트,서울특별시 강남구 역삼동 761-10 대림역삼아파트,분양,개별난방,15199.0,1,129.0,희훈건설,희훈건설,025660407, ,아파트,서울특별시 강남구 언주로 316,위탁관리,혼합식,19971001, ,129.0,9269.03,67.0,62.0,0.0,0.0,9269.03,1168010100,1.0,18.0,2.0,1.0,
A10022749,원에디션강남,서울특별시 강남구 역삼동 653-4 원에디션강남,분양,지역난방,45633.0,2,229.0,현대 엔지니어링(주),지엘스포월드피에프브이(주),025655800, ,,서울특별시 강남구 언주로 563,위탁관리,기타,20240206,025655801,229.0,30296.256,229.0,0.0,0.0,0.0,9636.344,1168010100,15.0,15.0,5.0,8.0,06135
A10023825,강남센트럴아이파크,서울특별시 강남구 역삼동 712-1 강남센트럴아이파크,혼합,지역난방,102103.0,5,499.0,현대산업개발,개나리4차 재건축조합,025087504,admin.aptner.co.kr,아파트,서울특별시 강남구 테헤란로44길 26,위탁관리,계단식,20220428,025087506,499.0,47840.06,100.0,208.0,166.0,25.0,47840.27,1168010100,35.0,35.0,3.0,0.0,06214
A10024813,롯데캐슬노블,서울특별시 강남구 역삼동 835-68 롯데캐슬노블,분양,개별난방,37453.3,2,117.0,롯데건설,롯데건설,025564992, ,아파트,서울특별시 강남구 도곡로13길 19,위탁관리,계단식,20070226,025564993,117.0,23289.34,0.0,0.0,0.0,117.0,20122.92,1168010100,15.0,15.0,2.0,5.0,06255
A10024820,현대까르띠에710아파트,서울특별시 강남구 역삼동 710 현대까르띠에710아파트,분양,개별난방,39097.0,3,137.0,현대건설,현대건설,025586562, ,아파트,서울특별시 강남구 언주로86길 12,위탁관리,계단식,20011109,025586563,137.0,28976.0,0.0,0.0,0.0,137.0,22010.896,1168010100,24.0,24.0,2.0,0.0,06214
A10027474,역삼자이아파트,서울특별시 강남구 역삼동 711-1 역삼자이아파트,혼합,지역난방,74559.65,3,408.0,GS건설,개나리6차아파트주택재건축정비사업조합,025697651, ,아파트,서울특별시 강남구 언주로 420,위탁관리,혼합식,20160622,025653655,408.0,51177.508,104.0,156.0,148.0,0.0,36393.78,1168010100,31.0,31.0,3.0,10.0,06214
A13508001,역삼휴먼터치빌,서울특별시 강남구 역삼동 606-18 역삼휴먼터치빌,분양,개별난방,12415.23,1,160.0,현대산업개발,현대산업개발,025530050,www.humantouch.co.kr,주상복합,서울특별시 강남구 논현로 565,자치관리,복도식,19990619,025526839,160.0,4784.64,160.0,0.0,0.0,0.0,4784.64,1168010100,18.0,18.0,3.0,2.0,06125
A13508002,역삼경남,서울특별시 강남구 역삼동 722 역삼경남,분양,개별난방,30232.0,1,164.0,경남기업,역삼 주상복합조합,025080500, ,주상복합,서울특별시 강남구 언주로85길 13,위탁관리,계단식,20020501,025080566,164.0,18521.2,0.0,164.0,0.0,0.0,13661.44,1168010100,17.0,17.0,3.0,0.0,06222
A13508003,대우디오빌플러스,서울특별시 강남구 역삼동 824-25 대우디오빌플러스,분양,개별난방,12448.08,1,168.0,대우건설,플러스하우징,0220500001, ,아파트,서울특별시 강남구 강남대로84길 33,위탁관리,복도식,20040525,0220500005,168.0,12448.08,168.0,0.0,0.0,0.0,6700.56,1168010100,13.0,13.0,4.0,6.0,06233
A13508004,역삼동부센트레빌,서울특별시 강남구 역삼동 716 역삼동부센트레빌,분양,중앙난방,25649.0,1,206.0,동부건설(주),선릉123지여구택조합,025633440, ,아파트,서울특별시 강남구 선릉로 423,위탁관리,계단식,19980421,025633543,206.0,20066.3,103.0,103.0,0.0,0.0,14922.52,1168010100,21.0,21.0,2.0,5.0,06213
A13508005,역삼한스빌아파트,서울특별시 강남구 역삼동 836 역삼한스빌아파트,분양,개별난방,17708.61,1,216.0,한일합섬,한일합섬,025088079, ,아파트,서울특별시 강남구 도곡로3길 26,위탁관리,복도식,19961126,025688079,216.0,12026.84,216.0,0.0,0.0,0.0,8575.59,1168010100,12.0,12.0,2.0,2.0,06254
A13508006,역삼래미안펜타빌,서울특별시 강남구 역삼동 713-7 역삼래미안펜타빌,분양,지역난방,50041.0,5,288.0,삼성물산,삼성물산,025554534, ,아파트,서울특별시 강남구 역삼로 309,위탁관리,계단식,20071130,025554651,288.0,42490.027,0.0,0.0,0.0,288.0,42490.3,1168010100,24.0,24.0,2.0,8.0,06215
A13508009,역삼아이파크,서울특별시 강남구 역삼동 713-11 역삼아이파크,분양,지역난방,109796.72,7,541.0,현대산업개발(주),개나리2차저층재건축조합,025676910, ,아파트,서울특별시 강남구 역삼로 307,위탁관리,혼합식,20060928,0260526912,541.0,65294.9,179.0,0.0,239.0,123.0,52062.959,1168010100,21.0,21.0,3.0,14.0,06215
A13508010,역삼쌍용플래티넘밸류,서울특별시 강남구 역삼동 826-37 역삼쌍용플래티넘밸류,분양,개별난방,27969.514,3,166.0,쌍용건설(주),한국자산신탁(주),025578416,www.drapt.com,주상복합,서울특별시 강남구 테헤란로4길 46,위탁관리,혼합식,20070119,025558417,166.0,27969.512,0.0,110.0,56.0,0.0,15705.94,1168010100,15.0,15.0,5.0,8.0,06241
A13508011,래미안그레이튼,서울특별시 강남구 역삼동 762-3 래미안그레이튼,혼합,지역난방,77893.71,5,464.0,삼성건설,삼성건설,025582981, ,아파트,서울특별시 강남구 도곡로43길 21,위탁관리,계단식,20100604,025582973,464.0,55307.3,94.0,188.0,182.0,0.0,42335.44,1168010100,34.0,34.0,2.0,11.0,06219
A13508012,테헤란 IPARK,서울특별시 강남구 역삼동 709 테헤란 IPARK,혼합,지역난방,71703.92,6,411.0,현대산업개발,성보아파트주택재건축정비사업조합,025551992, ,주상복합,서울특별시 강남구 테헤란로52길 16,위탁관리,계단식,20140124,025551901,411.0,34736.57,17.0,184.0,210.0,0.0,34735.58,1168010100,25.0,25.0,0.0,0.0,06213
A13508013,역삼SK허브젠,서울특별시 강남구 역삼동 831-45 역삼SK허브젠,,,0.0,1,56.0, , ,025671643, ,주상복합,서울특별시 강남구 역삼로 109,기타,,,025394895,0.0,0.0,0.0,56.0,0.0,0.0,4573.32,1168010100,1.0,15.0,0.0,0.0,06242
A13579501,역삼개나리푸르지오,서울특별시 강남구 역삼동 755-1 역삼개나리푸르지오,분양,지역난방,70901.0,5,332.0,대우건설,대우건설,025646600, ,아파트,서울특별시 강남구 역삼로 314,위탁관리,계단식,20060814,025646602,332.0,45118.496,67.0,102.0,85.0,78.0,35538.3408,1168010100,24.0,24.0,0.0,0.0,06217
A13579503,역삼2차아이파크,서울특별시 강남구 역삼동 765-32 역삼2차아이파크,분양,개별난방,22883.04,3,150.0,현대산업개발(주),신도곡아파트재건축조합,0220516283,xn--2-em4f59iital3dm4lq3husf.apti.co.kr/,아파트,서울특별시 강남구 도곡로57길 12,위탁관리,계단식,20081202,0220516284,150.0,16102.234,30.0,87.0,33.0,0.0,13090.646,1168010100,26.0,26.0,2.0,5.0,06218
A13579504,한화진넥스빌,서울특별시 강남구 역삼동 706-20 한화진넥스빌,분양,개별난방,26924.0,1,294.0,(주)한화건설,(주)한화건설,025557352,jin5557352@naver.com,주상복합,서울특별시 강남구 언주로86길 11,위탁관리,복도식,20010130,025620797,294.0,12193.02,294.0,0.0,0.0,0.0,12172.02,1168010100,26.0,26.0,6.0,4.0,06210
A13579505,래미안그레이튼3차,서울특별시 강남구 역삼동 763-16 래미안그레이튼3차,혼합,지역난방,76688.0,8,476.0,삼성물산,진달래아파트3차 재건축조합,0234536161, ,아파트,서울특별시 강남구 도곡로43길 20,위탁관리,계단식,20091228,0234530027,476.0,52943.79,121.0,281.0,0.0,74.0,39854.66,1168010100,21.0,21.0,2.0,13.0,06219
A13579506,개나리SKVIEW,서울특별시 강남구 역삼동 716-3 개나리SKVIEW,혼합,지역난방,49201.26,3,240.0,SK건설,개나리5차주택재건축정비조합,025577730, ,아파트,서울특별시 강남구 역삼로 315-1,위탁관리,계단식,20120817,025577732,246.0,31651.68,0.0,144.0,96.0,0.0,24456,1168010100,25.0,25.0,2.0,6.0,06213
A13591402,역삼금호어울림,서울특별시 강남구 역삼동 835-67 역삼금호어울림,분양,개별난방,36419.94,3,183.0,금호산업(주),금호,025384766, ,아파트,서울특별시 강남구 도곡로7길 22,위탁관리,계단식,20031202,025384769,183.0,25546.3,0.0,54.0,129.0,0.0,21796.31,1168010100,15.0,15.0,2.0,0.0,06255
A13592002,대우디오빌역삼,서울특별시 강남구 역삼동 720-25 대우디오빌역삼,분양,지역난방,34281.43,1,457.0,대우건설,대우건설,0221936000, ,주상복합,서울특별시 강남구 언주로 427,위탁관리,복도식,20020625,0221936004,457.0,34281.43,434.0,23.0,0.0,0.0,18737.983,1168010100,26.0,26.0,5.0,5.0,06221
A13592601,역삼개나리래미안,서울특별시 강남구 역삼동 754 역삼개나리래미안,분양,지역난방,93113.21,7,438.0,삼성,개나리래미안조합,025564420, ,아파트,서울특별시 강남구 역삼로 306,위탁관리,계단식,20060831,025564476,438.0,57361.67,88.0,133.0,143.0,74.0,44847.47,1168010100,22.0,22.0,2.0,14.0,06216
A13592604,역삼푸르지오,서울특별시 강남구 역삼동 754-1 역삼푸르지오,분양,지역난방,99362.945,11,738.0,대우건설,.,025632217, ,아파트,서울특별시 강남구 언주로 332,위탁관리,계단식,20060102,025632218,738.0,67654.22,376.0,362.0,0.0,0.0,53253.9962,1168010100,24.0,24.0,2.0,20.0,06216
A13592605,역삼e-편한세상,서울특별시 강남구 역삼동 755-4 역삼e-편한세상,분양,지역난방,116730.15,12,840.0,(주)대림산업,(주)대림산업,025652911,역삼e-편한세상.apti.co.kr,아파트,서울특별시 강남구 선릉로69길 20,위탁관리,계단식,20051216,025652917,840.0,75790.68,513.0,327.0,0.0,0.0,58385.755,1168010100,25.0,25.0,2.0,23.0,06217
A13592706,역삼래미안,서울특별시 강남구 역삼동 757 역삼래미안,분양,지역난방,130700.59,12,1050.0,삼성물산,영동1재건축조합,025393003, ,아파트,서울특별시 강남구 선릉로69길 19,위탁관리,계단식,20051026,025396699,1050.0,69465.86,722.0,328.0,0.0,0.0,69465.86,1168010100,22.0,22.0,2.0,24.0,06218
A10022859,디에이치퍼스티어아이파크,서울특별시 강남구 개포동 660-4 디에이치퍼스티어아이파크,혼합,지역난방,1306341.1,74,0.0,"현대산업개발, 현대건설","현대산업개발, 현대건설",0220581801, ,아파트,서울특별시 강남구 개포로 310,위탁관리,기타,20231129,0220581860,6702.0,748764.25,0.0,0.0,0.0,0.0,570729.28,1168010300,35.0,35.0,4.0,246.0,06321
A10023348,개포자이프레지던스,서울특별시 강남구 개포동 189 개포자이프레지던스,혼합,지역난방,641456.8,35,3375.0,GS건설,개포주공4단지주택재건축조합,0269568728, ,아파트,서울특별시 강남구 삼성로 14,위탁관리,혼합식,20230228,0269568729,3375.0,347743.75,1068.0,1848.0,457.0,2.0,263529.02,1168010300,35.0,35.0,4.0,0.0,06331
A10023565,개포6차우성아파트,서울특별시 강남구 개포동 658-1 개포6차우성아파트,분양,개별난방,22637.1,8,270.0,우성건설,모름,025776611, ,아파트,서울특별시 강남구 언주로 3,자치관리,계단식,19871121,025776673,270.0,22637.1,20.0,250.0,0.0,0.0,20203.8,1168010300,5.0,5.0,0.0,0.0,06316
A10023996,개포더샵트리에,서울특별시 강남구 개포동 651-1 개포더샵트리에,분양,지역난방,44951.176,2,232.0,포스코,개포우성9차모델링조합,025763999,thesharp-trieh.hthomeservice.com/#/feeManage?_k=vm58ep,아파트,서울특별시 강남구 개포로 311,위탁관리,계단식,20211201,025763998,232.0,31173.582,0.0,0.0,232.0,0.0,24877.8335,1168010300,16.0,16.0,3.0,9.0,06318
A10024564,개포래미안포레스트,서울특별시 강남구 개포동 1282 개포래미안포레스트,혼합,지역난방,422390.0,31,2296.0,삼성물산(주),개포시영아파트 주택재건축 정비사업조합,0220580890,gpforest.aptner.com,아파트,서울특별시 강남구 개포로 264,위탁관리,혼합식,20200928,0220580891,2296.0,244894.45,900.0,905.0,458.0,33.0,178215.29,1168010300,35.0,35.0,3.0,80.0,06310
A10025203,디에이치 아너힐즈,서울특별시 강남구 개포동 138 디에이치 아너힐즈,혼합,지역난방,233596.98,23,1320.0,현대건설,개포주공3단지주택재건축정비사업조합,025723340, ,아파트,서울특별시 강남구 삼성로 11,위탁관리,혼합식,20190829,025723341,1320.0,142115.88,426.0,629.0,261.0,4.0,104224.24,1168010300,33.0,33.0,3.0,38.0,06327
A10025675,래미안블레스티지,서울특별시 강남구 개포동 1280 래미안블레스티지,혼합,지역난방,362894.62,23,1957.0,삼성물산,개포주공2단지주택재건축정비사업조합,0220581970,rmabt1957.com,아파트,서울특별시 강남구 선릉로 8,위탁관리,계단식,20190226,0220581972,1957.0,215906.78,661.0,780.0,511.0,5.0,160922.329,1168010300,35.0,35.0,5.0,65.0,06326
A13524004,개포우성3차,서울특별시 강남구 개포동 652 개포우성3차,분양,지역난방,63304.19,5,405.0,우성건설,우성건설,025749116, ,아파트,서울특별시 강남구 개포로 307,자치관리,혼합식,19841231,025749094,405.0,61064.234,0.0,0.0,285.0,120.0,53437.05,1168010300,15.0,15.0,1.0,11.0,06319
A13524005,개포현대1차,서울특별시 강남구 개포동 653 개포현대1차,분양,지역난방,68692.0,6,416.0,현대산업개발(주),현대,025735666,개포현대1차.apti.co.kr/,아파트,서울특별시 강남구 개포로 303,자치관리,계단식,19840420,025745666,416.0,68330.57,0.0,0.0,208.0,208.0,60962.54,1168010300,13.0,13.0,1.0,16.0,06320
A13524006,개포2차 현대아파트,서울특별시 강남구 개포동 654 개포2차 현대아파트,분양,지역난방,92836.19,13,558.0,현대산업개발(주),현대산업개발(주),025721441,현대2차.apti.co.kr,아파트,서울특별시 강남구 언주로 107,자치관리,계단식,19860131,025721431,558.0,92376.66,0.0,112.0,230.0,216.0,75527,1168010300,9.0,9.0,1.0,31.0,06305
A13524009,개포대치2단지,서울특별시 강남구 개포동 12 개포대치2단지,분양,지역난방,101002.07,11,1753.0,성원건설.진덕산업주식회사,서울특별시도시개발공사,024514533, ,아파트,서울특별시 강남구 개포로109길 9,위탁관리,복도식,19921014,024593805,1753.0,101001.14,1753.0,0.0,0.0,0.0,71852.9,1168010300,15.0,15.0,0.0,0.0,06335
A13580001,개포현대3차,서울특별시 강남구 개포동 177 개포현대3차,분양,지역난방,33306.44,5,198.0,현대건설(주),현대건설(주),025725995, ,아파트,서울특별시 강남구 개포로 409,위탁관리,계단식,19860331,0262485996,198.0,27194.512,0.0,54.0,36.0,108.0,27029.16,1168010300,9.0,9.0,0.0,11.0,06323
A13580002,개포우성8차,서울특별시 강남구 개포동 179 개포우성8차,분양,지역난방,26745.86,3,261.0,우성건설,영동전화국 주택조합,025767421, ,아파트,서울특별시 강남구 개포로 411,위탁관리,혼합식,19870921,0262047421,261.0,26745.39,0.0,261.0,0.0,0.0,20759.85,1168010300,9.0,9.0,1.0,14.0,06323
A13580602,개포경남아파트,서울특별시 강남구 개포동 649 개포경남아파트,분양,지역난방,102480.0,9,678.0,경남건설,경남건설,025724400, ,아파트,서울특별시 강남구 언주로 110,위탁관리,계단식,19840308,025724410,678.0,94971.66,0.0,3.0,387.0,288.0,92546.465,1168010300,15.0,15.0,0.0,26.0,06317
A13593901,개포자이아파트,서울특별시 강남구 개포동 12-2 개포자이아파트,분양,지역난방,60358.78,4,212.0,화엄건설(주),LG건설,024454721,test,아파트,서울특별시 강남구 개포로109길 69,자치관리,계단식,20040617,024454722,212.0,38614.46,0.0,0.0,84.0,128.0,32275.48,1168010300,22.0,22.0,2.0,6.0,06334
A13593908,SH공사대치1단지,서울특별시 강남구 개포동 12 SH공사대치1단지,임대,지역난방,73357.0,8,1623.0,SH공사,남강개발,024514000,happy.i-sh.co.kr/main.do?deptid=20167,아파트,서울특별시 강남구 개포로109길 5,위탁관리,복도식,19911120,0234113267,1623.0,67049.56,1623.0,0.0,0.0,0.0,46586.33,1168010300,15.0,15.0,0.0,12.0,06335
A13594007,대청,서울특별시 강남구 개포동 12 대청,분양,지역난방,56825.18,6,822.0,삼익건설,도시개발공사,024514535, ,아파트,서울특별시 강남구 개포로109길 21,위탁관리,복도식,19921014,0222262317,822.0,56825.0,822.0,0.0,0.0,0.0,40402.1,1168010300,15.0,15.0,0.0,6.0,06334
A13599301,개포주공7단지,서울특별시 강남구 개포동 185 개포주공7단지,분양,지역난방,86506.7,8,900.0,주택공사,주택공사,024458909, ,아파트,서울특별시 강남구 개포로 516,자치관리,복도식,19831026,0262538909,900.0,86391.0,180.0,720.0,0.0,0.0,62938.8,1168010300,15.0,15.0,1.0,8.0,06330
A13599303,개포주공6단지,서울특별시 강남구 개포동 185 개포주공6단지,분양,지역난방,94816.95,9,1060.0,현대건설(주),대한주택공사,024458907, ,아파트,서울특별시 강남구 개포로 516,위탁관리,혼합식,19831026,024458906,1060.0,94577.76,220.0,840.0,0.0,0.0,73333.1,1168010300,15.0,15.0,1.0,19.0,06330
A13599402,개포주공5단지,서울특별시 강남구 개포동 187 개포주공5단지,분양,지역난방,93810.0,6,940.0,대한주택공사,대우건설,024458879, ,아파트,서울특별시 강남구 삼성로4길 17,위탁관리,복도식,19831026,024456219,940.0,65959.9,190.0,750.0,0.0,0.0,65959.9,1168010300,14.0,14.0,1.0,12.0,06329
,,,,,,,,,,,,,,,,,,,,,,,,,,,,,,
A10020363,청담르엘,서울특별시 강남구 청담동 134-18 청담르엘,혼합,지역난방,262739.38,9,0.0,(주)롯데건설,청담삼익아파트 주택재건축 정비사업조합,0269520630, ,아파트,서울특별시 강남구 학동로 607,위탁관리,혼합식,20251031,0269520630,1261.0,152589.92,0.0,0.0,0.0,0.0,113164.32,1168010400,35.0,35.0,4.0,0.0,
A10020611,청담신원아침도시마인,서울특별시 강남구 청담동 122-35 청담신원아침도시마인,분양,개별난방,11539.347,1,0.0,신원종합개발(주),청담제일시장 재건축 사업조합,025160901, ,도시형 생활주택(주상복합),서울특별시 강남구 도산대로85길 30,위탁관리,혼합식,20130917,025440901,89.0,6068.521,0.0,0.0,0.0,0.0,2805.1414,1168010400,1.0,10.0,4.0,2.0,
A10021563,청담린든그로브아파트,서울특별시 강남구 청담동 67-1 청담린든그로브아파트,분양,지역난방,29156.0,5,114.0,코오롱글로벌,청담진흥빌라주택재건축조합,025418920, ,아파트,서울특별시 강남구 학동로97길 51,위탁관리,계단식,20170829,025418919,114.0,17826.99,0.0,76.0,0.0,38.0,14170.3689,1168010400,7.0,7.0,3.0,0.0,
A10024186,청담우방아파트,서울특별시 강남구 청담동 43 청담우방아파트,분양,지역난방,17033.0,1,100.0,(주)우방,청담아파트B지구 재건축조합,025125435, ,아파트,서울특별시 강남구 학동로 409,자치관리,계단식,19991029,025125436,100.0,12228.32,29.0,17.0,54.0,0.0,9582.14,1168010400,1.0,18.0,2.0,3.0,
A10024640,청담2차e편한세상아파트,서울특별시 강남구 청담동 14 청담2차e편한세상아파트,분양,개별난방,23219.77,3,142.0,대림산업,대림산업,0234444611, ,아파트,서울특별시 강남구 도산대로70길 25,위탁관리,계단식,20060427,0234444610,142.0,17559.53,0.0,40.0,100.0,2.0,14421.02,1168010400,15.0,15.0,2.0,7.0,06063
A10025280,청담아이파크아파트,서울특별시 강남구 청담동 130 청담아이파크아파트,분양,개별난방,20808.32,1,108.0,현대산업개발,현대산업개발,025181649, ,아파트,서울특별시 강남구 영동대로142길 25,위탁관리,계단식,19921028,025428920,108.0,14796.0,0.0,0.0,108.0,0.0,11896.74,1168010400,19.0,19.0,3.0,3.0,06075
A10025755,청담신동아아파트,서울특별시 강남구 청담동 134-16 청담신동아아파트,분양,개별난방,13568.23,1,106.0,신동아건설,신동아건설,025435601, ,아파트,서울특별시 강남구 학동로105길 30,위탁관리,계단식,19970220,025126129,106.0,13315.72,0.0,106.0,0.0,0.0,9003.64,1168010400,14.0,14.0,2.0,4.0,06077
A13510001,청담삼성1차,서울특별시 강남구 청담동 33 청담삼성1차,분양,개별난방,20893.97,1,158.0,삼성건설,삼성물산,0234464486,청담삼성1차.apti.co.kr,아파트,서울특별시 강남구 삼성로133길 20,위탁관리,혼합식,19971219,0234464481,158.0,15138.6,70.0,88.0,0.0,0.0,11594.76,1168010400,19.0,19.0,2.0,2.0,06068
A13510002,청담휴먼스타빌,서울특별시 강남구 청담동 5-25 청담휴먼스타빌,분양,개별난방,17557.56,1,191.0,휴먼터치,휴먼터치,025560070, ,주상복합,서울특별시 강남구 도산대로 454,자치관리(직영),계단식,20051021,025408870,191.0,15166.55,181.0,4.0,0.0,6.0,8044.17,1168010400,27.0,27.0,8.0,3.0,06062
A13510003,청담대우유로카운티,서울특별시 강남구 청담동 50-5 청담대우유로카운티,분양,지역난방,41998.28,4,196.0,(주)대우건설,(주)대우건설,025111220,청담대우유로카운티.apti.co.kr,아파트,서울특별시 강남구 도산대로92길 10,위탁관리,계단식,20040422,025111228,196.0,28533.48,0.0,1.0,155.0,40.0,24252.34,1168010400,16.0,16.0,2.0,7.0,06070
A13510005,청담삼성진흥,서울특별시 강남구 청담동 65 청담삼성진흥,분양,지역난방,97041.06,7,630.0,진흥기업(주),타임종합기술,025177887, ,아파트,서울특별시 강남구 학동로87길 9,위탁관리,혼합식,19840718,0262577887,630.0,95504.125,0.0,2.0,242.0,386.0,92599.23,1168010400,15.0,15.0,0.0,17.0,06074
A13510006,청담대림,서울특별시 강남구 청담동 30-33 청담대림,분양,개별난방,44037.57,4,271.0,대림산업,에코프렌드,0234426975, ,아파트,서울특별시 강남구 학동로77길 27,위탁관리,계단식,20021230,0262039618,271.0,33443.99,0.0,152.0,119.0,0.0,27079.83,1168010400,17.0,17.0,2.0,0.0,06067
A13510007,청담자이,서울특별시 강남구 청담동 134-38 청담자이,혼합,지역난방,102809.375,5,708.0,GS건설,청담 한양아파트 주택재건축사업조합,025147022,WWW.청담자이.APTi.CO.KR,아파트,서울특별시 강남구 영동대로138길 12,위탁관리,계단식,20111021,025147024,708.0,63867.78,388.0,116.0,204.0,0.0,47130.198,1168010400,35.0,35.0,2.0,19.0,06076
A13510009,청담래미안로이뷰,서울특별시 강남구 청담동 134 청담래미안로이뷰,분양,개별난방,36357.65,1,177.0,삼성물산,청담두산리모델링조합,0234468781, ,아파트,서울특별시 강남구 영동대로142길 16,위탁관리,계단식,19920131,0234468782,177.0,23990.084,0.0,0.0,177.0,0.0,19505.4,1168010400,16.0,15.0,2.0,6.0,06076
A13510102,청담현대3차,서울특별시 강남구 청담동 127-31 청담현대3차,분양,지역난방,52230.0,4,317.0,현대건설(주),현대건설(주),0234422826, ,아파트,서울특별시 강남구 도산대로101길 29,위탁관리,혼합식,19990619,0234422827,317.0,37368.953,101.0,76.0,140.0,0.0,27849.15,1168010400,24.0,24.0,2.0,9.0,06013
A13510103,삼성청담공원,서울특별시 강남구 청담동 60 삼성청담공원,분양,지역난방,64721.1,8,391.0,삼성물산,삼성물산,025174158,scdp.co.kr,아파트,서울특별시 강남구 도산대로96길 39,위탁관리,혼합식,19990830,025174159,391.0,45778.87,75.0,86.0,230.0,0.0,36461.91,1168010400,15.0,15.0,3.0,13.0,06070
A13510201,청담삼환,서울특별시 강남구 청담동 10 청담삼환,분양,지역난방,23782.0,1,184.0,삼환기업(주),동일건축,025173047, ,아파트,서울특별시 강남구 학동로77길 49,위탁관리,혼합식,19991130,025428996,184.0,19384.65,56.0,82.0,46.0,0.0,14942.72,1168010400,16.0,16.0,1.0,5.0,06067
A13510202,청담2차현대아파트,서울특별시 강남구 청담동 23 청담2차현대아파트,분양,지역난방,23748.0,2,214.0,현대산업개발,1,025459105, ,아파트,서울특별시 강남구 선릉로 748,위탁관리,계단식,19880530,025459103,214.0,18190.0,0.0,214.0,0.0,0.0,18150.88,1168010400,13.0,13.0,1.0,9.0,06065
A13510203,청담래미안,서울특별시 강남구 청담동 42 청담래미안,분양,개별난방,36812.13,2,217.0,삼성물산(주),삼성물산(주),025163891, ,아파트,서울특별시 강남구 학동로 405,위탁관리,혼합식,19991029,025163892,217.0,26625.44,51.0,58.0,108.0,0.0,20645.75,1168010400,18.0,18.0,3.0,4.0,06069
A10020032,채널리저브,서울특별시 강남구 삼성동 144-14 채널리저브,분양,개별난방,22319.26,2,141.0,한일건설(주),채널씨앤디(주),025395175, ,주상복합,서울특별시 강남구 삼성로 517,위탁관리,혼합식,20070102,025395105,141.0,11155.92,0.0,0.0,63.0,78.0,18022.5,1168010500,22.0,0.0,6.0,2.0,
A10020826,아크로삼성,서울특별시 강남구 삼성동 79 아크로삼성,분양,지역난방,109172.94,4,0.0,DL이엔씨,홍실아파트주택재건축정비사업조합,025419711, ,아파트,서울특별시 강남구 영동대로128길 15,위탁관리,계단식,20250214,025419712,419.0,55163.11,0.0,0.0,0.0,0.0,43688.6,1168010500,25.0,25.0,4.0,0.0,
A10021856,삼성파크아파트,서울특별시 강남구 삼성동 126- 삼성파크아파트,분양,개별난방,24165.0,1,114.0,세방기업(주),삼산아파트재건축조합,025561401, ,아파트,서울특별시 강남구 삼성로99길 14,위탁관리,계단식,20011217,025661373,114.0,16515.95,0.0,0.0,114.0,0.0,12714.18,1168010500,13.0,13.0,2.0,0.0,
A10022130,삼성풍림2차아파트,서울특별시 강남구 삼성동 104- 삼성풍림2차아파트,분양,개별난방,13818.0,1,112.0,풍림산업주식회사,삼성동연합재건축조합,025401248, ,아파트,서울특별시 강남구 봉은사로105길 12-7,위탁관리,복도식,19981224,025401248,112.0,11513.95,56.0,3.0,53.0,0.0,8519.94,1168010500,12.0,12.0,1.0,2.0,
A10023020,삼성동 마에스트로,서울특별시 강남구 삼성동 140-32 삼성동 마에스트로,임대,개별난방,16427.719,1,299.0,한미글로벌,선릉역 마에스트로 프로젝트 금,0220521152,https://삼성동마에스트로.apti.co.kr,주상복합,서울특별시 강남구 선릉로94길 15,위탁관리,복도식,20230731,0220521153,301.0,6665.3,299.0,0.0,0.0,0.0,6665.051,1168010500,14.0,14.0,5.0,2.0,06161
A10023939,삼성석탑아파트,서울특별시 강남구 삼성동 3-3 삼성석탑아파트,분양,개별난방,16815.1,1,139.0,석탑건설,석탑건설,0234426104, ,아파트,서울특별시 강남구 학동로 412,위탁관리,혼합식,19960408,0234426181,139.0,13200.71,65.0,74.0,0.0,0.0,10142.07,1168010500,20.0,20.0,2.0,3.0,
A10024131,래미안 라클래시,서울특별시 강남구 삼성동 19-4 래미안 라클래시,혼합,지역난방,124879.52,7,679.0,삼성물산,상아아파트2차 주택재건축정비사업조합,025183318, ,아파트,서울특별시 강남구 삼성로 651,위탁관리,계단식,20210917,025183319,679.0,74657.7,164.0,372.0,112.0,31.0,55529.9,1168010500,35.0,35.0,3.0,19.0,06091
A10024435,삼성동대성유니드,서울특별시 강남구 삼성동 129 삼성동대성유니드,분양,개별난방,8502.32,1,59.0,대성산업,대성산업,025574557, ,아파트,서울특별시 강남구 테헤란로77길 26,자치관리(직영),계단식,20040701,025574557,59.0,361340.78,0.0,59.0,0.0,0.0,4931.91,1168010500,9.0,9.0,1.0,0.0,06157
A10024819,삼성동한일아파트,서울특별시 강남구 삼성동 48 삼성동한일아파트,분양,개별난방,19450.0,1,127.0,220-81-22460,220-88-02594,025494181, ,아파트,서울특별시 강남구 봉은사로73길 23,위탁관리,혼합식,20011227,025497181,127.0,12805.94,26.0,101.0,0.0,0.0,9123.13,1168010500,15.0,15.0,2.0,0.0,06096
A10026350,삼성동센트럴아이파크,서울특별시 강남구 삼성동 188 삼성동센트럴아이파크,혼합,지역난방,74101.64,4,416.0,현대산업개발,상아3차아파트주택재건축정비사업조합,025415951, ,아파트,서울특별시 강남구 삼성로 629,위탁관리,계단식,20180330,025415953,416.0,46756.9,115.0,204.0,75.0,22.0,34877.17,1168010500,31.0,31.0,3.0,11.0,06094
A10026934,삼성동롯데캐슬킹덤아파트,서울특별시 강남구 삼성동 43 삼성동롯데캐슬킹덤아파트,분양,개별난방,32570.0,3,118.0,롯데건설,영동삼익아파트재건축조합,025184328, ,아파트,서울특별시 강남구 선릉로112길 53,위탁관리,계단식,20051129,025184329,118.0,21223.52,0.0,0.0,44.0,74.0,17633.86,1168010500,13.0,13.0,2.0,0.0,06097
A13509001,삼성현대,서울특별시 강남구 삼성동 6 삼성현대,분양,개별난방,28438.47,1,198.0,현대산업개발,동남아재건축조합,0234434167, ,아파트,서울특별시 강남구 학동로64길 14,위탁관리,혼합식,19990416,0234434168,198.0,21300.75,89.0,60.0,49.0,0.0,15854.423,1168010500,19.0,19.0,0.0,4.0,06089
A13509003,삼성풍림아파트1차,서울특별시 강남구 삼성동 106 삼성풍림아파트1차,분양,개별난방,25899.0,1,252.0,풍림건설,풍림건설,0234432987, ,아파트,서울특별시 강남구 영동대로112길 15,위탁관리,혼합식,19980727,0234430299,252.0,25898.84,123.0,75.0,54.0,0.0,19766.28,1168010500,19.0,19.0,2.0,5.0,06082
A13509004,삼성한솔,서울특별시 강남구 삼성동 4-6 삼성한솔,분양,개별난방,38063.5,2,263.0,한솔건설,한솔건설,025166752, ,아파트,서울특별시 강남구 학동로64길 7,위탁관리,복도식,19981116,025166786,263.0,27988.83,114.0,89.0,60.0,0.0,20736.68,1168010500,19.0,19.0,2.0,0.0,06089
A13509005,삼성래미안2차,서울특별시 강남구 삼성동 7-3 삼성래미안2차,분양,지역난방,63606.8,8,275.0,삼성,삼성,025455512, ,아파트,서울특별시 강남구 선릉로130길 20,위탁관리,계단식,20070525,025455613,275.0,40608.05,0.0,46.0,196.0,33.0,31921.68,1168010500,24.0,24.0,2.0,10.0,06088
A13509006,삼성서광,서울특별시 강남구 삼성동 2 삼성서광,분양,개별난방,36837.0,2,304.0,(주)서광건설 산업,삼성동 지역 주택조합 아파트,025114838, ,아파트,서울특별시 강남구 선릉로130길 19,위탁관리,계단식,19981106,025114830,304.0,28528.918,152.0,152.0,0.0,0.0,21910.35,1168010500,20.0,20.0,3.0,10.0,06088
A13509007,삼성롯데,서울특별시 강남구 삼성동 17 삼성롯데,분양,지역난방,52550.67,3,339.0,롯데건설,롯데건설,0234430091, ,아파트,서울특별시 강남구 학동로 432,위탁관리,혼합식,20000415,0234434411,339.0,37643.45,99.0,84.0,156.0,0.0,27299.4,1168010500,20.0,20.0,0.0,8.0,06091
A13509009,아이파크삼성동,서울특별시 강남구 삼성동 87 아이파크삼성동,분양,지역난방,144635.69,3,449.0,현대산업개발,현대산업개발,0234439351, ,아파트,서울특별시 강남구 영동대로 640,위탁관리,계단식,20040318,0234439353,449.0,94247.26,0.0,0.0,0.0,449.0,75409.255,1168010500,46.0,46.0,4.0,9.0,06080
A13509010,삼성롯데캐슬프레미어,서울특별시 강남구 삼성동 11 삼성롯데캐슬프레미어,분양,지역난방,148987.88,11,713.0,롯데건설,해청재건축조합,025117208, ,아파트,서울특별시 강남구 선릉로126길 22,위탁관리,계단식,20070326,025117649,713.0,103545.94,0.0,158.0,415.0,140.0,86523.037,1168010500,22.0,22.0,2.0,19.0,06092
A13509012,삼성힐스테이트1단지,서울특별시 강남구 삼성동 16-2 삼성힐스테이트1단지,분양,지역난방,178491.0,17,1144.0,현대건설(주),영동차관아파트재건축정비사업조합,025410128,cafe.daum.net/ssdh1,아파트,서울특별시 강남구 학동로68길 29,위탁관리,계단식,20081210,025410130,1144.0,116666.37,230.0,744.0,170.0,0.0,89308.086,1168010500,23.0,23.0,0.0,2.0,06090
A13509013,래미안삼성1차(105),서울특별시 강남구 삼성동 105 래미안삼성1차(105),분양,개별난방,26155.0,4,112.0,삼성물산(주),재건축조합,025454565, ,아파트,서울특별시 강남구 영동대로114길 56,위탁관리,계단식,20051219,025454365,112.0,18505.72,0.0,25.0,35.0,52.0,15766.5,1168010500,15.0,15.0,1.0,5.0,06082
A13509014,래미안삼성1차103단지,서울특별시 강남구 삼성동 103-22 래미안삼성1차103단지,분양,개별난방,26889.0,3,133.0,삼성물산,삼성물산,025450542, ,아파트,서울특별시 강남구 영동대로114길 56,위탁관리,계단식,20060427,025450543,133.0,17911.8,0.0,38.0,65.0,30.0,14829.43,1168010500,15.0,15.0,2.0,0.0,06082
A13509015,동일파크스위트,서울특별시 강남구 삼성동 100-14 동일파크스위트,,,0.0,1,36.0, , ,025117908, ,아파트,서울특별시 강남구 영동대로112길 67,기타,,,025117908,0.0,0.0,0.0,0.0,0.0,36.0,5652.24,1168010500,1.0,13.0,0.0,0.0,06083
A13509101,삼성청구타운,서울특별시 강남구 삼성동 78-4 삼성청구타운,분양,개별난방,20121.29,3,167.0,청구,청구,025164338, ,아파트,서울특별시 강남구 영동대로128길 5,위탁관리,계단식,19920515,025164339,167.0,19322.318,0.0,167.0,0.0,0.0,14193.33,1168010500,15.0,15.0,1.0,7.0,06078
A13550701,삼성동중앙하이츠빌리지,서울특별시 강남구 삼성동 14-1 삼성동중앙하이츠빌리지,분양,지역난방,63733.0,5,298.0,중앙건설,중앙건설,025111845, ,아파트,서울특별시 강남구 학동로68길 30,위탁관리,계단식,20041229,025111846,298.0,42856.188,60.0,90.0,0.0,148.0,33866.26,1168010500,22.0,22.0,3.0,7.0,06092
A13570501,삼성동힐스테이트2단지,서울특별시 강남구 삼성동 50 삼성동힐스테이트2단지,분양,지역난방,147738.62,12,926.0,현대건설,조합,025111385, ,아파트,서울특별시 강남구 삼성로111길 8,위탁관리,혼합식,20081210,025111386,926.0,91411.34,186.0,740.0,0.0,0.0,69975.804,1168010500,23.0,23.0,3.0,21.0,06095
A13570502,래미안삼성1차104단지,서울특별시 강남구 삼성동 104-10 래미안삼성1차104단지,분양,개별난방,13438.96,1,77.0,삼성물산,삼성물산,025450542, ,아파트,서울특별시 강남구 영동대로114길 56,위탁관리,계단식,20051229,025450543,77.0,9261.08,0.0,49.0,27.0,1.0,7409.69,1168010500,15.0,15.0,2.0,0.0,06082
A13587603,선릉에클라트,서울특별시 강남구 삼성동 142-3 선릉에클라트,분양,개별난방,45274.22,1,293.0,LG건설,(주)규형디앤씨,0234529958, ,주상복합,서울특별시 강남구 테헤란로63길 12,자치관리,복도식,20040622,0234521758,293.0,11153.55,293.0,0.0,0.0,0.0,11153.55,1168010500,15.0,15.0,4.0,0.0,06160
A10020281,현대썬앤빌테헤란,서울특별시 강남구 대치동 894- 현대썬앤빌테헤란,분양,개별난방,8404.87,1,0.0,(주)현대BS&C,(주)시티갤럭시,025586667, ,도시형 생활주택(주상복합),서울특별시 강남구 삼성로85길 33,자치관리,계단식,20161020, ,49.0,4566.42,0.0,0.0,0.0,0.0,1888.79,1168010600,8.0,7.0,3.0,0.0,
A10020486,디에이치 대치 에델루이아파트,서울특별시 강남구 대치동 964 디에이치 대치 에델루이아파트,혼합,지역난방,55880.75,8,0.0,현대건설,대치동 구마을 제3지구 주택재건축 정비사업 조합,025016658, ,아파트,서울특별시 강남구 역삼로 532,위탁관리,계단식,20250808,025016659,282.0,30232.49,0.0,0.0,0.0,0.0,22977.74,1168010600,16.0,16.0,4.0,14.0,
A10023162,대치푸르지오써밋,서울특별시 강남구 대치동 963 대치푸르지오써밋,혼합,지역난방,90601.59,9,489.0,대우건설(주),대치동 제1지구 주택재건축정비사업조합,025569711, ,아파트,서울특별시 강남구 삼성로72길 12,위탁관리,계단식,20230605,025569714,489.0,39350.54,170.0,220.0,97.0,2.0,39350.09,1168010600,18.0,18.0,3.0,23.0,06186
A10024102,대치르엘,서울특별시 강남구 대치동 977 대치르엘,혼합,개별난방,46659.0,6,0.0,롯데건설,대치제2지구재건축조합,025640977, ,아파트,서울특별시 강남구 도곡로93길 23,위탁관리,계단식,20210917,025640978,273.0,26270.598,0.0,0.0,0.0,0.0,39483.5626,1168010600,15.0,15.0,3.0,13.0,06190
A10024799,대치1차현대아파트,서울특별시 강남구 대치동 992 대치1차현대아파트,분양,중앙난방,13420.37,1,120.0,현대산업개발,현대산업개발,025562398, ,아파트,서울특별시 강남구 영동대로57길 28,위탁관리,계단식,19900419,0262842398,120.0,10121.7,0.0,120.0,0.0,0.0,10121.7,1168010600,15.0,15.0,1.0,4.0,06282
A10024815,롯데캐슬리베아파트,서울특별시 강남구 대치동 1025 롯데캐슬리베아파트,분양,지역난방,29743.0,2,144.0,롯데건설,롯데건설,025571154, ,아파트,서울특별시 강남구 도곡로 404,위탁관리,계단식,20080222,025571139,144.0,21421.44,0.0,0.0,144.0,0.0,17436.8736,1168010600,18.0,18.0,0.0,0.0,06278
A10024821,대치롯데캐슬아파트,서울특별시 강남구 대치동 893 대치롯데캐슬아파트,분양,지역난방,28178.0,3,142.0,주)롯데건설,대치동 동아2차아파트 재건축조합,025694694, ,아파트,서울특별시 강남구 삼성로85길 11,위탁관리,계단식,20020829,025667009,142.0,20185.09,0.0,16.0,111.0,15.0,15531.47,1168010600,0.0,22.0,2.0,0.0,06195
A10025646,대치풍림아이원아파트 1.2단지,서울특별시 강남구 대치동 910-6 대치풍림아이원아파트 1.2단지,분양,개별난방,14047.58,5,19.0,풍림건설,풍림건설,025629735, ,아파트,서울특별시 강남구 역삼로 436,위탁관리,계단식,20030828,025629735,90.0,14047.58,0.0,0.0,11.0,8.0,2590.96,1168010600,7.0,7.0,1.0,5.0,06200
A10026526,대치풍림아이원3.4차아파트,서울특별시 강남구 대치동 1007-1 대치풍림아이원3.4차아파트,분양,개별난방,14606.0,2,75.0,풍림산업,풍림산업,025531870, ,아파트,서울특별시 강남구 영동대로72길 10,자치관리,계단식,20040630,025531871,75.0,10075.0,0.0,0.0,75.0,0.0,8440.75,1168010600,15.0,15.0,2.0,4.0,06177
A10026924,대치SK VIEW,서울특별시 강남구 대치동 1029 대치SK VIEW,분양,지역난방,49011.598,4,239.0,에스케이건설(주),대치국제아파트주택재건축정비사업조합,025674243, ,아파트,서울특별시 강남구 삼성로51길 25,위탁관리,계단식,20170620,025674244,239.0,28926.182,4.0,104.0,131.0,0.0,22079.96,1168010600,20.0,20.0,2.0,8.0,06280
A10027800,래미안 대치 팰리스,서울특별시 강남구 대치동 633 래미안 대치 팰리스,혼합,지역난방,350168.38,17,1608.0,삼성물산,청실아파트 재건축조합,025673303,www.palaceapt.co.kr,아파트,서울특별시 강남구 삼성로57길 37-3,위탁관리,계단식,20150922,025583303,1608.0,203390.98,54.0,447.0,1011.0,96.0,154173.87,1168010600,35.0,35.0,4.0,0.0,06279
A13528001,대치대우아이빌4차,서울특별시 강남구 대치동 891-23 대치대우아이빌4차,분양,개별난방,25696.74,1,210.0,대우건설,"맘모스산업개발,k2Enc",025658701, ,주상복합,서울특별시 강남구 선릉로90길 56,위탁관리,복도식,20040223,025658702,210.0,9534.3,210.0,0.0,0.0,0.0,7303.65,1168010600,11.0,11.0,3.0,4.0,06194
A13528003,대치삼성,서울특별시 강남구 대치동 1014-3 대치삼성,분양,지역난방,142506.5,14,960.0,삼성물산,삼성물산,025690020,대치삼성.apti.co.kr,아파트,서울특별시 강남구 도곡로78길 22,위탁관리,혼합식,20000731,0234532534,960.0,83158.74,249.0,192.0,519.0,0.0,83135.34,1168010600,25.0,25.0,2.0,25.0,06279
A13528004,대치미도맨션,서울특별시 강남구 대치동 511 대치미도맨션,분양,지역난방,362381.0,21,2436.0,한보주택(주),한보주택(주),025572954,www.대치미도.com,아파트,서울특별시 강남구 삼성로 150,자치관리,혼합식,19831128,025522843,2436.0,362365.1,2.0,281.0,1235.0,918.0,300674.92,1168010600,14.0,14.0,1.0,73.0,06288
A13528005,테헤란로대우아이빌,서울특별시 강남구 대치동 891-6 테헤란로대우아이빌,분양,개별난방,24850.46,1,372.0,대우건설,프리즘(주),025626736, ,주상복합,서울특별시 강남구 테헤란로 428,위탁관리,복도식,20040429,025626737,434.0,19812.05,344.0,28.0,0.0,0.0,15149.25,1168010600,26.0,26.0,7.0,4.0,06194
A13528007,래미안대치하이스턴,서울특별시 강남구 대치동 985 래미안대치하이스턴,분양,지역난방,69009.08,5,354.0,삼성물산주식회사,우성2차리모델링주택조합,025012372, ,아파트,서울특별시 강남구 도곡로93길 12,위탁관리,계단식,19891206,025012373,354.0,50474.84,0.0,0.0,354.0,0.0,39078.06,1168010600,16.0,16.0,2.0,0.0,06189
A13528008,대치효성,서울특별시 강남구 대치동 988-4 대치효성,,,0.0,1,83.0, , , , ,아파트,서울특별시 강남구 삼성로64길 12,기타,,, ,0.0,0.0,34.0,49.0,0.0,0.0,6190.34,1168010600,1.0,17.0,0.0,0.0,06191
A13528102,대치아이파크,서울특별시 강남구 대치동 888 대치아이파크,분양,지역난방,147441.7,11,768.0,현대산업개발,대치도곡제2아파트재건축조합,025636969, ,아파트,서울특별시 강남구 선릉로 222,위탁관리,계단식,20080603,025394114,768.0,99275.76,150.0,238.0,236.0,144.0,78559.1,1168010600,25.0,25.0,2.0,0.0,06278
A13528103,대치동부센트레빌,서울특별시 강남구 대치동 670 대치동부센트레빌,분양,지역난방,212324.7,7,805.0,동부건설,대치주공고층아파트재건축조합,025672232, ,아파트,서울특별시 강남구 선릉로 206,위탁관리,계단식,20050128,025673199,805.0,142942.4,0.0,0.0,198.0,607.0,116079.77,1168010600,29.0,29.0,2.0,21.0,06281
A13528105,개포1차2차우성,서울특별시 강남구 대치동 500- 개포1차2차우성,분양,중앙난방,174159.47,14,0.0,우성건설,우성건설,025564554,www.개포1-2차우성.net/,아파트,서울특별시 강남구 선릉로 120,위탁관리,계단식,19831217,025560131,1140.0,163240.2,0.0,0.0,0.0,0.0,139828.2,1168010600,15.0,15.0,0.0,38.0,06289
A13583402,대치쌍용2차,서울특별시 강남구 대치동 65 대치쌍용2차,분양,지역난방,47180.0,4,364.0,쌍용건설,쌍용건설,025569768, ,아파트,서울특별시 강남구 영동대로 220,위탁관리,계단식,19831130,0262418636,364.0,47180.0,0.0,3.0,361.0,0.0,38878.84,1168010600,14.0,14.0,0.0,13.0,06285
A13583403,대치우성1차아파트,서울특별시 강남구 대치동 63 대치우성1차아파트,분양,지역난방,57097.18,6,476.0,(주)우성건설,(주)우성건설,025567244, ,아파트,서울특별시 강남구 영동대로 230,위탁관리,계단식,19840127,025655560,476.0,57097.18,0.0,1.0,475.0,0.0,48099.24,1168010600,14.0,14.0,1.0,17.0,06285
A13583404,쌍용대치1차,서울특별시 강남구 대치동 66 쌍용대치1차,분양,지역난방,86082.54,5,630.0,쌍용건설,쌍용건설,025627908, ,아파트,서울특별시 강남구 영동대로 210,위탁관리,계단식,19830307,025620420,630.0,86082.54,0.0,1.0,272.0,357.0,71144.4,1168010600,15.0,15.0,0.0,21.0,06286
A13583507,은마,서울특별시 강남구 대치동 316 은마,분양,지역난방,504698.0,28,4424.0,한보,한보,025677608, ,아파트,서울특별시 강남구 삼성로 212,위탁관리,복도식,19790830,025613140,4424.0,470731.53,0.0,24.0,4400.0,0.0,353088.96,1168010600,14.0,14.0,0.0,42.0,06284
A13583604,대치선경,서울특별시 강남구 대치동 506 대치선경,분양,중앙난방,148926.3,12,1034.0,선경건설,선경건설,025526717,dcskapt.com,아파트,서울특별시 강남구 삼성로 151,위탁관리,계단식,19831212,025576716,1034.0,148926.0,0.0,121.0,487.0,426.0,127404.64,1168010600,15.0,15.0,0.0,36.0,06291
A13583701,대치현대,서울특별시 강남구 대치동 974 대치현대,분양,지역난방,91401.35,8,630.0,현대건설(주),신해청재건축조합,025399077,대치현대.apti.co.kr,아파트,서울특별시 강남구 삼성로64길 5,위탁관리,혼합식,19990614,025688620,630.0,67051.73,286.0,203.0,141.0,0.0,49312.64,1168010600,24.0,24.0,3.0,15.0,06191
A13584101,대치포스코더샵,서울특별시 강남구 대치동 902 대치포스코더샵,분양,지역난방,72318.86,4,276.0,포스코건설,동아1차재건축조합,025662220,대치포스코더샵.apti.co.kr,아파트,서울특별시 강남구 삼성로 417,위탁관리,계단식,20040930,0234523764,276.0,51829.2,0.0,0.0,0.0,276.0,41857.92,1168010600,22.0,22.0,2.0,7.0,06195
A10020117,알파임하우스아파트,서울특별시 강남구 신사동 649-5 알파임하우스아파트,분양,개별난방,0.0,,0.0, , ,02-542-4344, ,아파트,서울특별시 강남구 언주로164길 20,,,20020328, ,0.0,0.0,0.0,0.0,0.0,0.0,,1168010700,0.0,0.0,0.0,0.0,
A10024029,신사삼성래미안아파트,서울특별시 강남구 신사동 506-9 신사삼성래미안아파트,혼합,,0.0,1,0.0, , ,025121973, ,아파트,서울특별시 강남구 압구정로2길 20,기타,,20081006, ,0.0,0.0,0.0,0.0,0.0,0.0,10696.14,1168010700,1.0,12.0,0.0,0.0,
A10024805,압구정대원칸타빌아파트,서울특별시 강남구 신사동 659 압구정대원칸타빌아파트,분양,개별난방,20723.139,2,130.0,(주)대원,(주)대원칸타빌,025169557, ,아파트,서울특별시 강남구 압구정로48길 15,자치관리(직영),혼합식,20010720,025151169,130.0,14772.31,33.0,38.0,59.0,0.0,11378.73,1168010700,17.0,17.0,2.0,6.0,06018
A10024814,로데오현대아파트,서울특별시 강남구 신사동 658 로데오현대아파트,분양,지역난방,23950.41,1,139.0,고려산업개발(주),신사동 한영아파트 1지구 재건축조합,025448858,없음,주상복합,서울특별시 강남구 압구정로50길 28,자치관리,혼합식,19981116,025467447,142.0,10758.76,48.0,27.0,64.0,0.0,10758.76,1168010700,17.0,17.0,2.0,5.0,06018
A10028094,압구정하이츠파크,서울특별시 강남구 신사동 632 압구정하이츠파크,분양,개별난방,31355.217,2,86.0,중앙건설,중앙건설,025146373, ,아파트,서울특별시 강남구 압구정로42길 78,자치관리,계단식,20040420,025146374,86.0,21917.354,0.0,0.0,0.0,86.0,17299.88,1168010700,24.0,24.0,2.0,2.0,06020
A10020220,펜트힐 캐스케이드,서울특별시 강남구 논현동 106- 펜트힐 캐스케이드,분양,중앙난방,13651.948,1,0.0,롯데건설(주),(주)유림,025179485, ,주상복합,서울특별시 강남구 언주로 720,위탁관리,복도식,20230228,025179487,130.0,13651.948,0.0,0.0,0.0,0.0,5799.24,1168010800,18.0,18.0,7.0,4.0,
A10021034,브라이튼N40,서울특별시 강남구 논현동 40- 브라이튼N40,분양,개별난방+기타,42945.863,1,148.0,(주)포스코건설,(주)신영,025450148, ,아파트,서울특별시 강남구 논현로131길 44,위탁관리,계단식,20220610,025460148,148.0,23487.502,0.0,33.0,57.0,58.0,19477.0066,1168010800,1.0,10.0,0.0,0.0,
A10022330,논현우민아파트,서울특별시 강남구 논현동 107-44 논현우민아파트,분양,개별난방,0.0,1,70.0,우민산업개발(주),우민산업개발(주),025172342, ,,서울특별시 강남구 언주로136길 21,위탁관리,계단식,20020812,025172343,70.0,5259.32,0.0,70.0,0.0,0.0,5259.874,1168010800,0.0,6.0,0.0,1.0,
A10022476,논현 e편한세상,서울특별시 강남구 논현동 195-1 논현 e편한세상,분양,개별난방,0.0,1,64.0,삼호,삼우 남서울 재건축 조합,025120776, ,아파트,서울특별시 강남구 봉은사로11길 12,위탁관리,복도식,20050720,025120825,63.0,6235.131,0.0,31.0,32.0,1.0,6235.1307,1168010800,11.0,11.0,2.0,0.0,
A10023129,리스트강남,서울특별시 강남구 논현동 202-7 리스트강남,임대,중앙난방,17532.39,1,297.0,동원건설,(주)브이홀딩스,025426114,www.listgangnam.co.kr,아파트,서울특별시 강남구 봉은사로 125,위탁관리,복도식,20220406,025426114,297.0,13510.38,297.0,0.0,0.0,0.0,5297.74,1168010800,15.0,15.0,6.0,1.0,06120
A10023245,선정릉역 모아엘가퍼스트홈,서울특별시 강남구 논현동 278-4 선정릉역 모아엘가퍼스트홈,임대,개별난방,18986.0,1,283.0,혜림건설(주),(주)삼조디앤씨,025184997, ,주상복합,,위탁관리,복도식,20230113,025184999,283.0,8939.08,283.0,0.0,0.0,0.0,5402.02,1168010800,15.0,15.0,6.0,5.0,06103
A10024035,강남파라곤,서울특별시 강남구 논현동 241-1 강남파라곤,분양,개별난방,40008.92,1,0.0,동양건설산업(주),(주)SG개발,0234433013, ,,서울특별시 강남구 학동로 338,위탁관리,계단식,20070130,025465686,200.0,9415.52,0.0,0.0,0.0,0.0,12959.56,1168010800,20.0,15.0,6.0,6.0,
A10024457,논현두산2차아파트,서울특별시 강남구 논현동 258 논현두산2차아파트,분양,개별난방,15036.0,2,136.0,두산산업개발(주),두산산업개발(주),025472391, ,아파트,서울특별시 강남구 언주로122길 25,위탁관리,계단식,20040630, ,136.0,15035.5,0.0,108.0,28.0,0.0,11817.764,1168010800,14.0,14.0,2.0,7.0,06101
A10024501,논현 기린힐스,서울특별시 강남구 논현동 130-9 논현 기린힐스,임대,개별난방,18561.23,1,249.0,대림건설,기린건축,025124632, ,아파트,서울특별시 강남구 논현로 661,위탁관리,복도식,20201030,025124631,259.0,14888.25,249.0,0.0,0.0,0.0,4600.56,1168010800,15.0,15.0,0.0,4.0,06112
A13501001,동양파라곤,서울특별시 강남구 논현동 245 동양파라곤,분양,개별난방,70291.12,4,203.0,동양고속건설주식회사,동양고속건설주식회사,025402528, ,아파트,서울특별시 강남구 언주로130길 30,위탁관리,계단식,20040602,025402527,203.0,42833.05,0.0,0.0,0.0,203.0,35547.31,1168010800,16.0,16.0,3.0,8.0,06098
A13501002,마일스디오빌,서울특별시 강남구 논현동 58-2 마일스디오빌,분양,개별난방,21243.52,1,260.0,대우건설,대우건설,025456564, ,주상복합,서울특별시 강남구 학동로 165,위탁관리,복도식,20041126,025456531,260.0,12033.06,260.0,0.0,0.0,0.0,9435.4,1168010800,15.0,15.0,4.0,3.0,06046
A13501004,논현신동아,서울특별시 강남구 논현동 22 논현신동아,분양,개별난방,58817.0,6,644.0,신동아건설,논현동공무원아파트재건축조합,025147861, ,아파트,서울특별시 강남구 강남대로146길 28,위탁관리,혼합식,19970704,025147874,644.0,58768.27,273.0,219.0,152.0,0.0,45646.06,1168010800,13.0,13.0,3.0,20.0,06043
A13501005,논현두산위브1단지,서울특별시 강남구 논현동 252-1 논현두산위브1단지,분양,개별난방,22970.43,2,130.0,두산건설,양우재건축조합 아파트,025116834, ,아파트,서울특별시 강남구 학동로46길 38,위탁관리,계단식,20040630,025116834,130.0,14733.15,0.0,108.0,22.0,0.0,11621.9,1168010800,14.0,14.0,2.0,7.0,06101
A13501006,아크로힐스논현,서울특별시 강남구 논현동 276 아크로힐스논현,혼합,지역난방,74812.0,4,368.0,대림산업(주),경복아파트주택재건축정비사업조합,025119585, ,주상복합,서울특별시 강남구 언주로 604,위탁관리,기타,20141208,025119584,368.0,33208.0,34.0,222.0,112.0,0.0,33279.96,1168010800,30.0,30.0,3.0,10.0,06102
A13501007,논현쌍용,서울특별시 강남구 논현동 103 논현쌍용,분양,개별난방,14387.87,1,111.0,남광토건,학동연립재건축조합,025163310, ,아파트,서울특별시 강남구 도산대로50길 43,자치관리,복도식,19960724,0234443310,111.0,8108.13,47.0,64.0,0.0,0.0,8108.13,1168010800,12.0,12.0,2.0,0.0,06056
A13501008,거평,서울특별시 강남구 논현동 196 거평,분양,개별난방,8905.0,1,113.0,거평건설,거평건설,0234440353, ,아파트,서울특별시 강남구 강남대로112길 41,자치관리,복도식,19960903,0234440355,113.0,8904.504,113.0,0.0,0.0,0.0,4125.675,1168010800,1.0,11.0,3.0,2.0,
A13572601,동화히스토리,서울특별시 강남구 논현동 122-8 동화히스토리,임대,개별난방,21747.54,1,239.0,한신공영개발(주),동화상가(주),025459612, ,주상복합,서울특별시 강남구 학동로4길 15,자치관리,복도식,20120817,025459613,236.0,6750.76,236.0,0.0,1.0,2.0,6738.76,1168010800,11.0,11.0,0.0,3.0,06110
A13582002,논현동현,서울특별시 강남구 논현동 105 논현동현,분양,개별난방,69396.0,6,548.0,동산토건(주),동산토건(주),025455187, ,아파트,서울특별시 강남구 언주로146길 18,자치관리,계단식,19850803,025455703,549.0,68130.41,0.0,380.0,120.0,48.0,53853.76,1168010800,14.0,14.0,0.0,21.0,06057
A13583301,논현동부센트레빌,서울특별시 강남구 논현동 275 논현동부센트레빌,분양,개별난방,30443.0,4,160.0,동부건설,양지아파트재건축조합,0262416835, ,아파트,서울특별시 강남구 언주로116길 6,위탁관리,계단식,20031224,025426835,160.0,19496.8,0.0,76.0,84.0,0.0,15710.4068,1168010800,23.0,23.0,3.0,5.0,06102
A13511001,압구정미성1차,서울특별시 강남구 압구정동 414 압구정미성1차,분양,지역난방,72316.09,3,322.0,라이프주택,라이프,025435719, ,아파트,서울특별시 강남구 압구정로11길 17,자치관리,혼합식,19821118,025412814,322.0,72316.09,0.0,0.0,126.0,196.0,45701.92,1168011000,14.0,14.0,1.0,9.0,06000
A13511003,압구정미성2차,서울특별시 강남구 압구정동 397 압구정미성2차,분양,지역난방,131841.0,9,911.0,라이프주택,라이프주택,025426530, ,아파트,서울특별시 강남구 압구정로 113,자치관리,혼합식,19871205,025468277,911.0,128756.56,0.0,459.0,180.0,272.0,93827.8,1168011000,17.0,17.0,1.0,20.0,06000
A13511004,압구정신현대,서울특별시 강남구 압구정동 426 압구정신현대,분양,지역난방,296924.5,27,1924.0,한국도시개발공사(주),한국도시개발공사(주),025426028,apgush.apti.co.kr,아파트,서울특별시 강남구 압구정로 151,위탁관리,혼합식,19820525,025122558,1924.0,296924.5,0.0,1.0,872.0,1051.0,274638.36,1168011000,13.0,13.0,1.0,53.0,06001
A13511101,"압구정 현대(10,13,14차)","서울특별시 강남구 압구정동 436 압구정 현대(10,13,14차)",분양,지역난방,89277.75,10,766.0,현대산업개발,현대산업개발,025420977, ,아파트,서울특별시 강남구 압구정로29길 69,자치관리,혼합식,19820614,025126166,766.0,87591.74,0.0,388.0,329.0,49.0,75674.87,1168011000,15.0,15.0,1.0,21.0,06005
A13511201,압구정현대8차,서울특별시 강남구 압구정동 481 압구정현대8차,분양,지역난방,69926.0,5,515.0,도시개발,현대건설,025435723, ,아파트,서울특별시 강남구 압구정로 309,자치관리(직영),혼합식,19800915,025433358,515.0,69061.0,0.0,0.0,371.0,144.0,64018.88,1168011000,12.0,12.0,0.0,10.0,06006
A13551103,압구정한양아파트제1단지,서울특별시 강남구 압구정동 490 압구정한양아파트제1단지,분양,지역난방,141997.33,15,1232.0,(주)한양주택,(주)한양주택,025437789,apguhanyang1.apti.co.kr,아파트,서울특별시 강남구 압구정로 347,자치관리,복도식,19771226,025437730,1232.0,141996.69,195.0,598.0,144.0,295.0,113249.01,1168011000,13.0,13.0,1.0,0.0,06008
A13589802,압구정현대아파트,서울특별시 강남구 압구정동 369-1 압구정현대아파트,분양,중앙난방,516492.0,41,3130.0,현대건설,현대건설 현대산업개발,025142301,www.hyundaiapt.org,아파트,서울특별시 강남구 압구정로29길 71,자치관리,혼합식,19760607,025142307,3130.0,516492.0,0.0,656.0,387.0,2087.0,456872.42,1168011000,15.0,15.0,0.0,88.0,06002
A13590204,압구정한양아파트제2단지,서울특별시 강남구 압구정동 484 압구정한양아파트제2단지,분양,지역난방,120877.0,11,826.0,(주)한양주택,한양주택,025428001, ,아파트,서울특별시 강남구 압구정로 313,자치관리,혼합식,19781130,025428116,825.0,119739.68,0.0,1.0,545.0,280.0,109087.55,1168011000,13.0,13.0,1.0,23.0,06006
A13590602,압구정한양3단지,서울특별시 강남구 압구정동 513 압구정한양3단지,분양,지역난방,75261.945,6,582.0,한양주택,한양주택,025437937,압구정한양3단지.apti.co.kr,아파트,서울특별시 강남구 압구정로 401,자치관리,혼합식,19791113,025498972,582.0,74751.26,0.0,4.0,428.0,150.0,67910.91,1168011000,13.0,13.0,1.0,14.0,06009
A10027558,강남효성해링턴코트,서울특별시 강남구 세곡동 541 강남효성해링턴코트,분양,지역난방,43222.0,11,199.0,555071,(주)대륜테라스빌피에프브이,0222262001,gnhhc.ezville.net/,연립주택,서울특별시 강남구 자곡로7길 36-1,위탁관리,계단식,20160428,0222263001,199.0,26145.125,0.0,0.0,199.0,0.0,21314.66,1168011100,4.0,4.0,1.0,25.0,06372
A13519001,강남신동아파밀리에1단지,서울특별시 강남구 세곡동 508 강남신동아파밀리에1단지,혼합,개별난방,46317.87,6,395.0,신동아,sh공사,024459441,세곡리엔파크1단지.apti.co.kr/,아파트,서울특별시 강남구 헌릉로590길 100,위탁관리,혼합식,20110223,024459442,395.0,29694.53,395.0,0.0,0.0,0.0,20412,1168011100,13.0,13.0,2.0,12.0,06366
A13519002,강남신동아파밀리에2단지,서울특별시 강남구 세곡동 511 강남신동아파밀리에2단지,혼합,개별난방,55232.67,7,410.0,신동아건설,sh 공사,024459443,강남신동아파밀리에2단지.apti.co.kr,아파트,서울특별시 강남구 헌릉로590길 10,위탁관리,혼합식,20110223,024459444,410.0,36348.08,275.0,135.0,0.0,0.0,26460.84,1168011100,14.0,14.0,2.0,13.0,06365
A13519003,강남신동아파밀리에3단지,서울특별시 강남구 세곡동 516 강남신동아파밀리에3단지,혼합,개별난방,51339.0,7,363.0,신동아건설,서울시 SH공사,024459445, ,아파트,서울특별시 강남구 헌릉로590길 11,위탁관리,혼합식,20110223,024459446,363.0,32881.72,247.0,116.0,0.0,0.0,23604.61,1168011100,14.0,14.0,3.0,16.0,06365
A13519004,세곡리엔파크4단지,서울특별시 강남구 세곡동 522 세곡리엔파크4단지,임대,개별난방,52087.0,8,407.0,태영건설,SH공사,024450227, ,아파트,서울특별시 강남구 헌릉로590길 88,위탁관리,혼합식,20110616,024450225,407.0,33927.84,323.0,84.0,0.0,0.0,24150.7,1168011100,13.0,13.0,2.0,13.0,06366
A13519005,강남데시앙파크,서울특별시 강남구 세곡동 525 강남데시앙파크,혼합,개별난방,101633.27,15,546.0,태영건설,SH공사,024517070, ,아파트,서울특별시 강남구 헌릉로590길 63,위탁관리,계단식,20111101,024517088,546.0,67647.83,44.0,243.0,259.0,0.0,52989.42,1168011100,12.0,12.0,2.0,21.0,06366
A13519006,세곡푸르지오,서울특별시 강남구 세곡동 533 세곡푸르지오,분양,지역난방,133346.1,16,912.0,"대우건설,대림산업,태영건설",LH강남지역본부,0262044000,https://sgprugio.aptner.com/,아파트,서울특별시 강남구 자곡로 21,위탁관리,계단식,20120831,0234123035,912.0,132902.05,167.0,745.0,0.0,0.0,70586.11,1168011100,15.0,15.0,0.0,35.0,06375
A13519007,강남엘에이치1단지,서울특별시 강남구 세곡동 579 강남엘에이치1단지,분양,지역난방,117074.61,12,809.0,고려개발(주),한국토지주택공사,0234119245, ,아파트,서울특별시 강남구 헌릉로571길 20,위탁관리,계단식,20130612,0234119246,809.0,116860.06,324.0,485.0,0.0,0.0,58940.61,1168011100,15.0,15.0,2.0,31.0,06376
A10022652,LH 수서2단지,서울특별시 강남구 자곡동 138-2 LH 수서2단지,임대,지역난방,73423.0,10,1080.0,효성중공업(주),한국토지주택공사,024454445, ,아파트,서울특별시 강남구 자곡로11길 28,위탁관리,복도식,20240417,024454449,1088.0,73020.45,1080.0,0.0,0.0,0.0,32955.76,1168011200,15.0,15.0,2.0,0.0,06369
A10023132,디아크리온강남 아파트,서울특별시 강남구 자곡동  디아크리온강남 아파트,혼합,지역난방,81386.59,8,597.0,양우건설,대한토지주택공사,024452041, ,아파트,서울특별시 강남구 자곡로11길 11,위탁관리,혼합식,20230613,024452043,597.0,46645.965,597.0,0.0,0.0,0.0,30087.29,1168011200,15.0,15.0,2.0,16.0,06369
A10023314,LH수서1단지(행복주택),서울특별시 강남구 자곡동 335 LH수서1단지(행복주택),임대,지역난방,46138.0,6,830.0,동일토건(주),한국토지주택공사(LH),0234140243, ,아파트,,위탁관리,복도식,20230217,0234140245,830.0,45812.992,830.0,0.0,0.0,0.0,20482,1168011200,15.0,15.0,1.0,13.0,06369
A10027985,강남자곡힐스테이트아파트,서울특별시 강남구 자곡동 619 강남자곡힐스테이트아파트,혼합,지역난방,179903.97,5,1339.0,현대건설,한국토지공사,0234125678, ,아파트,서울특별시 강남구 자곡로3길 21,위탁관리,복도식,20150602,0234124300,1339.0,179378.8,789.0,550.0,0.0,0.0,87224.21,1168011200,18.0,18.0,3.0,37.0,06374
A10028172,강남자곡아이파크,서울특별시 강남구 자곡동 602 강남자곡아이파크,혼합,지역난방,102988.17,10,716.0,계룡건설산업(주),한국토지주택공사,024591131, ,아파트,서울특별시 강남구 자곡로 175,위탁관리,계단식,20141002,024591132,716.0,102814.14,195.0,521.0,0.0,0.0,52663.06,1168011200,15.0,15.0,2.0,28.0,06372
A13519008,강남에버시움,서울특별시 강남구 자곡동 621 강남에버시움,임대,지역난방,85564.64,15,1065.0,(주)풍림,한국토지주택공사,024598700,LH강남3단지.apti.co.kr,아파트,서울특별시 강남구 자곡로3길 22,위탁관리,복도식,20131113,024592772,1066.0,85561.28,1065.0,0.0,0.0,0.0,39909.55,1168011200,15.0,15.0,1.0,0.0,06374
A13520001,래미안포레,서울특별시 강남구 자곡동 361 래미안포레,혼합,개별난방,145322.62,15,1070.0,삼성물산,sh공사,0234142201, ,아파트,서울특별시 강남구 밤고개로21길 25,위탁관리,혼합식,20140313,0234142203,1070.0,101019.57,714.0,306.0,50.0,0.0,71731.72,1168011200,12.0,12.0,1.0,46.0,06370
A13520002,강남한양수자인,서울특별시 강남구 자곡동 77 강남한양수자인,혼합,개별난방,201793.0,26,1304.0,한양수자인,SH공사,0234125051, ,아파트,서울특별시 강남구 자곡로 260,위탁관리,혼합식,20140314,0234125053,1304.0,136339.3,625.0,347.0,332.0,0.0,100993.18,1168011200,10.0,10.0,1.0,0.0,06370
A13520003,래미안강남힐즈,서울특별시 강남구 자곡동 611 래미안강남힐즈,분양,지역난방,191300.39,20,1020.0,삼성물산,삼성물산,0234140400,래미안강남힐즈.apti.co.kr,아파트,서울특별시 강남구 자곡로 101,위탁관리,계단식,20140627,0234140402,1020.0,191300.23,0.0,0.0,1020.0,0.0,99130.59,1168011200,15.0,15.0,2.0,35.0,06374
A13520004,강남브리즈힐,서울특별시 강남구 자곡동 618 강남브리즈힐,분양,지역난방,65634.55,13,402.0,"현대아산(주), 신성건설(주) 등",한국토지주택공사,024453062, ,아파트,서울특별시 강남구 자곡로3길 45,위탁관리,계단식,20141030,024518288,406.0,65634.55,0.0,402.0,0.0,0.0,31764.07,1168011200,15.0,15.0,4.0,21.0,06374
A10027909,강남한신휴플러스 8단지,서울특별시 강남구 율현동 217 강남한신휴플러스 8단지,혼합,개별난방,29219.11,11,169.0,한신공영,에스에치공사,024459831, ,아파트,,위탁관리,계단식,20150923,024459833,169.0,29219.11,108.0,6.0,55.0,0.0,12839.06,1168011300,6.0,6.0,1.0,19.0,06378
A10027912,강남한신휴플러스 6단지,서울특별시 강남구 율현동 336 강남한신휴플러스 6단지,혼합,개별난방,48362.56,12,378.0,한신공영,SH공사,024459501,www.k-apt.go.kr,아파트,서울특별시 강남구 밤고개로26길 50,위탁관리,혼합식,20150923,024459503,378.0,48213.76,326.0,52.0,0.0,0.0,22371.46,1168011300,10.0,10.0,2.0,19.0,06377
A10023547,개포상록스타힐스,서울특별시 강남구 일원동 688 개포상록스타힐스,임대,개별난방,184881.3,12,1703.0,서희건설,공무원연금공단,024518825, ,아파트,서울특별시 강남구 영동대로 16,위탁관리,혼합식,20221031,024518826,1829.0,131004.6,1703.0,0.0,0.0,0.0,89672.121,1168011400,25.0,25.0,2.0,34.0,06345
A10024216,디에이치 자이 개포,서울특별시 강남구 일원동 611-1 디에이치 자이 개포,혼합,지역난방,364700.0,15,1996.0,"현대건설, 현대엔지니어링, GS건설",현대건설개포컨소시엄,024451996, ,아파트,서울특별시 강남구 영동대로 22,위탁관리,계단식,20210730,024451969,1996.0,212457.22,306.0,1198.0,486.0,6.0,164320.28,1168011400,35.0,35.0,4.0,49.0,06346
A10024258,디에이치포레센트아파트,서울특별시 강남구 일원동 690-1 디에이치포레센트아파트,혼합,지역난방,37045.21,4,184.0,현대건설,일원동 대우정비사업주택조합,024456901, ,아파트,서울특별시 강남구 개포로110길 38,위탁관리,계단식,20210122,024456902,184.0,21234.69,39.0,80.0,65.0,0.0,16618.61,1168011400,22.0,22.0,3.0,6.0,06344
A10025823,래미안개포루체하임,서울특별시 강남구 일원동 690-2 래미안개포루체하임,혼합,지역난방,154730.0,12,850.0,삼성물산,현대아파트 재건축 조합,024511188,rmagp.aptner.com,아파트,서울특별시 강남구 개포로110길 50,위탁관리,계단식,20181121,024512288,850.0,96467.02,210.0,395.0,239.0,6.0,71672.53,1168011400,25.0,25.0,3.0,0.0,06344
A10027571,개포4차현대아파트,서울특별시 강남구 일원동 614 개포4차현대아파트,분양,지역난방,14780.0,1,142.0,현대,현대,024456159, ,아파트,서울특별시 강남구 개포로110길 21,위탁관리,계단식,19870203,024454925,142.0,14779.99,0.0,142.0,0.0,0.0,11551.54,1168011400,13.0,13.0,1.0,6.0,06337
A13523001,일원청솔빌리지,서울특별시 강남구 일원동 739 일원청솔빌리지,분양,지역난방,29286.0,13,291.0,태신개발(주),태신개발(주),0222261138, ,연립주택,서울특별시 강남구 광평로10길 50,위탁관리,복도식,19931213,0262431138,291.0,23509.6,291.0,0.0,0.0,0.0,17387.25,1168011400,3.0,3.0,1.0,0.0,06363
A13523003,수서가람,서울특별시 강남구 일원동 735 수서가람,분양,지역난방,53188.4,13,496.0,동원건설(248세대)/두산건설(248세대),..,024519952, ,아파트,서울특별시 강남구 일원로 127,위탁관리,계단식,19930309,024519951,496.0,48751.92,0.0,496.0,0.0,0.0,40216.36,1168011400,5.0,5.0,1.0,0.0,06361
A13523004,일원샘터마을,서울특별시 강남구 일원동 718 일원샘터마을,분양,지역난방,87501.766,9,628.0,극동건설/현대건설,"극동건설,현대건설",0234110807, ,아파트,서울특별시 강남구 일원로 120,자치관리,계단식,19940214,0234123411,628.0,73768.36,0.0,0.0,613.0,15.0,73765.394,1168011400,15.0,15.0,2.0,22.0,06356
A13523005,일원목련타운,서울특별시 강남구 일원동 716 일원목련타운,분양,지역난방,91291.34,8,650.0,금호.진로,진로.금호,024590318, ,아파트,서울특별시 강남구 광평로19길 15,위탁관리,계단식,19930925,0234113485,650.0,91266.55,0.0,0.0,650.0,0.0,75339.5,1168011400,15.0,15.0,0.0,22.0,06355
A13593801,일원동 수서아파트,서울특별시 강남구 일원동 711 일원동 수서아파트,분양,지역난방,52885.0,7,720.0,신한건설,서울시도시개발공사,024512460,suseoapt.kr,아파트,서울특별시 강남구 양재대로55길 12,위탁관리,혼합식,19921126,024512457,720.0,52363.32,720.0,0.0,0.0,0.0,36235.08,1168011400,15.0,15.0,0.0,12.0,06341
A13593802,수서1-1단지아파트,서울특별시 강남구 일원동 711 수서1-1단지아파트,임대,지역난방,170988.98,14,2214.0,(주)신한외 8개업체,SH공사,024515266,happy.i-sh.co.kr/main.do?deptid=20168,아파트,서울특별시 강남구 양재대로55길 10,위탁관리,복도식,19921126,0234114193,2214.0,112739.445,2214.0,0.0,0.0,0.0,77697.18,1168011400,15.0,15.0,1.0,24.0,06341
A13594203,푸른마을아파트,서울특별시 강남구 일원동 719 푸른마을아파트,분양,지역난방,97434.0,11,930.0,"삼성종합건설(주), (주)삼호건설","삼성종합건설(주),삼호건설",0222262572, ,아파트,서울특별시 강남구 일원로14길 25,위탁관리,혼합식,19940127,0234113737,930.0,87391.27,466.0,464.0,0.0,0.0,67255.68,1168011400,15.0,15.0,0.0,22.0,06356
A13594403,개포7차우성,서울특별시 강남구 일원동 615 개포7차우성,분양,지역난방,88378.01,15,802.0,(주)우성,(주)우성,0234110831, ,아파트,서울특별시 강남구 개포로110길 15,자치관리,계단식,19871211,024455095,802.0,82873.22,0.0,802.0,0.0,0.0,65464.28,1168011400,14.0,14.0,0.0,19.0,06337
A13594701,한솔마을,서울특별시 강남구 일원동 731 한솔마을,분양,지역난방,66076.0,19,570.0,"(주)건영,삼익주택,라이프주택","건영종합건설, 삼익주택,라이프주택",024514250, ,아파트,서울특별시 강남구 광평로10길 6,자치관리,계단식,19940603,0222261420,570.0,54685.9,0.0,570.0,0.0,0.0,45360.3,1168011400,5.0,5.0,1.0,0.0,06359
A13594702,상록수아파트,서울특별시 강남구 일원동 734 상록수아파트,분양,지역난방,82830.0,22,740.0,"남광, 대우","남광토건, 대우",024517343,k-apt.co.kr,아파트,서울특별시 강남구 광평로10길 15,위탁관리,계단식,19930327,0234121799,740.0,70616.3,0.0,740.0,0.0,0.0,57866.2,1168011400,5.0,5.0,0.0,0.0,06360
A10025204,수서하니움,서울특별시 강남구 수서동 721-1 수서하니움,임대,지역난방,6018.62,1,73.0,선석건설(주) 외 1,에스에이치공사,0222266663, ,아파트,서울특별시 강남구 광평로60길 32,위탁관리,복도식,20160115,0222266664,73.0,4271.13,73.0,0.0,0.0,0.0,2794.09,1168011500,12.0,12.0,1.0,2.0,06369
A10027446,강남더샵포레스트,서울특별시 강남구 수서동 537 강남더샵포레스트,분양,지역난방,102231.984,10,400.0,포스코건설,한국자산신탁,024510017,gangnamforest.com,아파트,서울특별시 강남구 광평로34길 35,위탁관리,계단식,20160727,024510098,400.0,68291.65,0.0,0.0,204.0,196.0,55378.8312,1168011500,12.0,12.0,3.0,20.0,06362
A13522003,수서삼익,서울특별시 강남구 수서동 708 수서삼익,분양,지역난방,57521.0,5,645.0,삼익건설,도시개발,024594572, ,아파트,서울특별시 강남구 광평로51길 27,위탁관리,복도식,19921028,0222261859,645.0,57520.664,495.0,150.0,0.0,0.0,40428,1168011500,15.0,15.0,1.0,8.0,06347
A13522004,수서삼성,서울특별시 강남구 수서동 747 수서삼성,분양,지역난방,91841.77,12,680.0,삼성물산(주),삼성생명보험(주),0222268760, ,아파트,서울특별시 강남구 광평로31길 27,위탁관리,계단식,19971101,0222268761,680.0,68559.56,98.0,582.0,0.0,0.0,55318.82,1168011500,15.0,15.0,3.0,0.0,06354
A13522006,수서신동아,서울특별시 강남구 수서동 736 수서신동아,분양,지역난방,70470.0,8,1163.0,신동아,서울도시개발공사,024596486, ,아파트,서울특별시 강남구 광평로47길 17,위탁관리,복도식,19921028,024591489,1162.0,67968.0,1163.0,0.0,0.0,0.0,47041.97,1168011500,15.0,15.0,0.0,15.0,06352
A13522007,수서까치마을,서울특별시 강남구 수서동 746 수서까치마을,분양,지역난방,83491.0,7,1403.0,"서울도시개발, 진흥기업",.,024590778, ,아파트,서울특별시 강남구 광평로19길 10,위탁관리,복도식,19930908,0262470778,1403.0,81932.75,1403.0,0.0,0.0,0.0,57555.18,1168011500,15.0,15.0,0.0,18.0,06354
A13522008,수서주공,서울특별시 강남구 수서동 707 수서주공,임대,지역난방,116832.0,14,2565.0,럭키개발,한국토지주택공사,024591567,www.kohom.co.kr/,아파트,서울특별시 강남구 광평로51길 49,자치관리(직영),복도식,19921017,0262581566,2565.0,105730.06,2565.0,0.0,0.0,0.0,71925.75,1168011500,15.0,15.0,0.0,14.0,06347
A13552001,서울주택도시공사 수서6단지,서울특별시 강남구 수서동 723 서울주택도시공사 수서6단지,임대,지역난방,62908.72,7,1513.0,(주)동신주택,SH공사,024593775,happy.i-sh.co.kr/cms/main.do,아파트,서울특별시 강남구 광평로56길 11,위탁관리,복도식,19921214,0234113779,1508.0,57595.465,1513.0,0.0,0.0,0.0,39600.48,1168011500,15.0,15.0,0.0,18.0,06368
A13552002,강남데시앙포레,서울특별시 강남구 수서동 559 강남데시앙포레,분양,개별난방,125458.82,14,787.0,태영건설,SH공사,0234124301,www..openapt.seoul.go.kr,아파트,서울특별시 강남구 광평로34길 55,위탁관리,계단식,20140805,0234124303,787.0,86239.71,297.0,340.0,150.0,0.0,63104.14,1168011500,15.0,15.0,2.0,33.0,06362
A13588402,수서한아름,서울특별시 강남구 수서동 712 수서한아름,분양,지역난방,86433.88,7,498.0,"한라, 두진","한라, 두진",0222260737, ,아파트,서울특별시 강남구 광평로51길 22,위탁관리,계단식,19931101,024454888,498.0,71711.3,0.0,0.0,438.0,60.0,59105.84,1168011500,15.0,15.0,2.0,19.0,06348
A13588601,수서동익,서울특별시 강남구 수서동 738 수서동익,분양,지역난방,37566.0,4,330.0,동익건설(주),동익건설(주),024598410, ,아파트,서울특별시 강남구 광평로39길 3,위탁관리,계단식,19931126,024599320,330.0,33305.58,0.0,330.0,0.0,0.0,27138.3,1168011500,15.0,15.0,1.0,11.0,06352
A10020848,개포럭키아파트,서울특별시 강남구 도곡동 462- 개포럭키아파트,분양,지역난방,13193.0,2,128.0,럭키개발,럭키,025733974, ,아파트,서울특별시 강남구 남부순환로 2740,위탁관리,계단식,19861027,025783974,128.0,13192.96,0.0,128.0,0.0,0.0,10225.92,1168011800,8.0,8.0,1.0,8.0,
A10024793,매봉삼성아파트,서울특별시 강남구 도곡동 966 매봉삼성아파트,분양,개별난방,14943.0,1,132.0,삼성중공업,도곡연합주택조합,0234635245, ,아파트,서울특별시 강남구 언주로 203,위탁관리,계단식,19990106,0262035244,132.0,14789.94,66.0,66.0,0.0,0.0,9522.7,1168011800,22.0,22.0,3.0,3.0,06274
A10027319,도곡한라비발디아파트,서울특별시 강남구 도곡동 893-2 도곡한라비발디아파트,분양,지역난방,21131.0,1,110.0,(주)한라,동신아파트주택재건축정비사업조합,0220581874, ,아파트,서울특별시 강남구 남부순환로365길 33,위탁관리,계단식,20160422,0220581875,110.0,13116.42,0.0,94.0,16.0,0.0,9990.7422,1168011800,20.0,20.0,2.0,4.0,06269
A13527001,도곡동양재디오빌,서울특별시 강남구 도곡동 952 도곡동양재디오빌,분양,개별난방,9782.62,1,155.0,대우건설,대우건설,025771127, ,주상복합,서울특별시 강남구 강남대로 256,위탁관리,복도식,20040423,025771128,162.0,8099.3,155.0,0.0,0.0,0.0,4260.59,1168011800,15.0,15.0,5.0,2.0,06266
A13527002,도곡현대그린,서울특별시 강남구 도곡동 964 도곡현대그린,분양,지역난방,21843.0,1,171.0,현대산업개발,공업진흥청주택조합,0234635487,현대그린.apt.co.kr,아파트,서울특별시 강남구 논현로51길 25,자치관리,계단식,20061019,0262599033,171.0,21056.77,0.0,171.0,0.0,0.0,14518.56,1168011800,18.0,18.0,2.0,4.0,06269
A13527003,우성캐릭터199 아파트,서울특별시 강남구 도곡동 467-24 우성캐릭터199 아파트,분양,지역난방,100496.73,2,199.0,(주)우성건설,(주)우성건설,025714321, ,주상복합,서울특별시 강남구 언주로 118,위탁관리,계단식,19981107,025714327,199.0,46170.06,0.0,0.0,99.0,100.0,29658.06,1168011800,31.0,31.0,4.0,0.0,06295
A13527004,도곡삼성,서울특별시 강남구 도곡동 161 도곡삼성,분양,지역난방,22031.28,4,231.0,삼성건설,삼성생명보험(주),0234622943, ,아파트,서울특별시 강남구 남부순환로379길 14,위탁관리,혼합식,19941230,0220582666,236.0,21309.0,115.0,116.0,0.0,0.0,15515.11,1168011800,12.0,12.0,0.0,7.0,06274
A13527005,현대비전21,서울특별시 강남구 도곡동 467-19 현대비전21,분양,지역난방,42432.05,1,232.0,ㅁ,ㅁ,0234602004, ,주상복합,서울특별시 강남구 언주로30길 10,위탁관리,복도식,19991130,0234602017,232.0,16604.08,232.0,0.0,0.0,0.0,7899.14,1168011800,27.0,27.0,5.0,0.0,06295
A13527006,역삼삼익,서울특별시 강남구 도곡동 869 역삼삼익,분양,중앙난방,34809.83,2,247.0,삼익주택,삼익주택,0234623168, ,아파트,서울특별시 강남구 논현로 218,자치관리,혼합식,19830611,0262573168,247.0,34423.14,0.0,0.0,143.0,104.0,30859.27,1168011800,13.0,13.0,0.0,6.0,06272
A13527007,도곡1차아이파크,서울특별시 강남구 도곡동 543-7 도곡1차아이파크,분양,지역난방,65079.24,5,321.0,현대산업개발,서린아파트,025786319, ,아파트,서울특별시 강남구 도곡로28길 8,위탁관리,계단식,20070327,0220576320,321.0,36256.066,0.0,123.0,198.0,0.0,36256.068,1168011800,27.0,27.0,2.0,0.0,06272
A13527008,도곡경남,서울특별시 강남구 도곡동 967 도곡경남,분양,개별난방,44281.67,4,348.0,경남기업,경남기업,0234612518, ,아파트,서울특별시 강남구 논현로 209,위탁관리,혼합식,20050602,0262072517,353.0,35518.44,120.0,192.0,36.0,0.0,27618.24,1168011800,22.0,22.0,0.0,7.0,06270
A13527010,도곡우성아파트,서울특별시 강남구 도곡동 934-10 도곡우성아파트,분양,지역난방,40310.56,2,390.0,우성건설,을지조합,0234623466, ,아파트,서울특별시 강남구 남부순환로363길 49,자치관리,혼합식,19861031,0262413469,390.0,39792.15,0.0,390.0,0.0,0.0,32576.7,1168011800,15.0,15.0,0.0,12.0,06264
A13527011,아카데미스위트,서울특별시 강남구 도곡동 467-7 아카데미스위트,분양,지역난방,102379.0,1,414.0,라성건설(주),라성건설(주),025734305,academysweet.com/,아파트,서울특별시 강남구 언주로30길 21,위탁관리,계단식,20041115,025744305,414.0,72747.66,0.0,88.0,220.0,106.0,52865.18,1168011800,51.0,51.0,6.0,6.0,06292
A13527013,개포4차우성,서울특별시 강남구 도곡동 465 개포4차우성,분양,지역난방,73088.0,8,459.0,(주)우성건설,(주)우성건설,025728309, ,아파트,서울특별시 강남구 언주로 117,위탁관리,혼합식,19851226,0262418309,459.0,72171.0,0.0,99.0,144.0,216.0,59577.48,1168011800,9.0,9.0,0.0,22.0,06299
A13527014,도곡대림아크로빌,서울특별시 강남구 도곡동 467-6 도곡대림아크로빌,분양,중앙난방,144215.0,2,490.0,대림산업,대림산업,0221875114,dlacro.aptner.com/v2,주상복합,서울특별시 강남구 언주로30길 13,위탁관리,계단식,19991126,0221875435,497.0,101213.69,4.0,6.0,174.0,306.0,73177.226,1168011800,46.0,46.0,6.0,16.0,06292
A13527016,도곡개포한신아파트,서울특별시 강남구 도곡동 464 도곡개포한신아파트,분양,지역난방,62151.363,8,620.0,한신공영(주),한신공영,025724369,개포한신.apti.co.kr,아파트,서울특별시 강남구 언주로 123,위탁관리,혼합식,19851214,025724379,620.0,55239.77,404.0,216.0,0.0,0.0,40563.01,1168011800,9.0,9.0,0.0,20.0,06298
A13527017,타워팰리스1차,서울특별시 강남구 도곡동 467 타워팰리스1차,분양,지역난방,457994.0,4,0.0,삼성물산,삼성전자,0220592000, ,주상복합,서울특별시 강남구 언주로30길 56,위탁관리,복도식,20021023,0220592001,1297.0,283424.9,0.0,0.0,0.0,0.0,204005.65,1168011800,66.0,66.0,5.0,30.0,06294
A13527018,양재SK허브프리모,서울특별시 강남구 도곡동 953-1 양재SK허브프리모,분양,개별난방,20562.0,1,176.0,SK건설,SK건설,025783835, ,주상복합,서울특별시 강남구 강남대로 240,위탁관리,복도식,20060118,025784224,176.0,20562.25,67.0,109.0,0.0,0.0,9680.09,1168011800,20.0,20.0,7.0,3.0,06267
A13527019,도곡쌍용예가,서울특별시 강남구 도곡동 902-8 도곡쌍용예가,분양,지역난방,77270.12,5,384.0,쌍용건설(주),도곡동신아파트리모델링주택조합,0234610072, ,아파트,서울특별시 강남구 남부순환로363길 30,위탁관리,계단식,19781226,0234610073,384.0,52285.2,0.0,48.0,288.0,48.0,42932.4,1168011800,13.0,12.0,2.0,18.0,06269
A13527203,도곡렉슬,서울특별시 강남구 도곡동 527 도곡렉슬,분양,지역난방,553661.4,34,3002.0,"현대,쌍용,GS",도곡주공재건축조합,025774505,www.rexleapt.com,아파트,서울특별시 강남구 선릉로 221,위탁관리,계단식,20060127,025774559,3002.0,379722.4,601.0,936.0,1402.0,63.0,298679.464,1168011800,25.0,25.0,3.0,64.0,06276
A13550403,도곡한신,서울특별시 강남구 도곡동 895-8 도곡한신,분양,지역난방,46483.64,5,421.0,(주)한신공영,(주)한신공영,0234629901, ,아파트,서울특별시 강남구 논현로 205,위탁관리,혼합식,19880716,0234623965,421.0,36802.34,65.0,266.0,90.0,0.0,36882.14,1168011800,15.0,15.0,1.0,13.0,06270
A13550404,도곡동 포스코트 아파트,서울특별시 강남구 도곡동 164-6 도곡동 포스코트 아파트,분양,지역난방,23542.0,1,64.0,포스코건설,포스코건설,025292343, ,아파트,서울특별시 강남구 남부순환로381길 15,위탁관리,계단식,20020131,025292344,64.0,16128.0,0.0,0.0,0.0,64.0,13108.5,1168011800,17.0,17.0,0.0,0.0,06274
A13550502,도곡삼성래미안,서울특별시 강남구 도곡동 91-5 도곡삼성래미안,분양,지역난방,126760.78,10,732.0,(주)삼성물산,(주)삼성물산,0262052233,dgrma.aptner.co.kr,아파트,서울특별시 강남구 언주로 202,위탁관리,계단식,20011201,0262050033,732.0,94471.67,144.0,192.0,396.0,0.0,71979,1168011800,24.0,24.0,3.0,21.0,06277
A13585401,개포우성5차,서울특별시 강남구 도곡동 463-1 개포우성5차,분양,지역난방,17550.0,4,180.0,우성건설,우성건설,025732815, ,아파트,서울특별시 강남구 언주로29길 34,위탁관리,계단식,19861027,025736088,180.0,17550.0,0.0,180.0,0.0,0.0,13489.2,1168011800,9.0,9.0,1.0,10.0,06297
A13585402,타워팰리스2차,서울특별시 강남구 도곡동 467-17 타워팰리스2차,분양,지역난방,296650.3,2,813.0,삼성중공업,삼성중공업,0221874900, ,주상복합,서울특별시 강남구 언주로30길 57,위탁관리,혼합식,20030228,0221874901,813.0,126724.61,0.0,8.0,206.0,599.0,126724.61,1168011800,55.0,55.0,6.0,30.0,06293
A13585403,타워팰리스G동,서울특별시 강남구 도곡동 467-29 타워팰리스G동,분양,지역난방,222720.84,1,480.0,삼성중공업,삼성생명,0234970200, ,주상복합,서울특별시 강남구 언주로30길 26,위탁관리,복도식,20040419,0234970205,480.0,106201.82,0.0,0.0,76.0,404.0,75439.259,1168011800,69.0,69.0,6.0,16.0,06294
A13585404,래미안도곡카운티,서울특별시 강남구 도곡동 538 래미안도곡카운티,혼합,지역난방,67379.79,8,397.0,삼성물산,삼성물산,0234615380, ,아파트,서울특별시 강남구 도곡로 320,자치관리,계단식,20160902,0234625380,397.0,43122.11,81.0,159.0,157.0,0.0,33275.43,1168011800,21.0,21.0,2.0,13.0,06275
A13585804,역삼럭키,서울특별시 강남구 도곡동 963 역삼럭키,분양,지역난방,155069.47,10,1094.0,럭키,럭키,0234621077, ,아파트,서울특별시 강남구 논현로 213,위탁관리,혼합식,19951228,0234621079,1094.0,138068.0,0.0,674.0,420.0,0.0,109509.38,1168011800,15.0,15.0,1.0,23.0,06262
A13586101,도곡대림,서울특별시 강남구 도곡동 960 도곡대림,분양,개별난방,22757.13,2,197.0,대림건설,법무부 주택조합외 4개주택조합,0234623976, ,아파트,,자치관리,계단식,19921119,0234623975,197.0,22147.78,0.0,197.0,0.0,0.0,16733.19,1168011800,14.0,14.0,0.0,9.0,06270
A13586102,도곡현대,서울특별시 강남구 도곡동 961 도곡현대,분양,지역난방,25345.98,3,211.0,현대산업개발,현대산업개발,0234631849, ,아파트,서울특별시 강남구 도곡로18길 34,위탁관리,복도식,19941230,0234619220,211.0,25110.898,1.0,210.0,0.0,0.0,17926.56,1168011800,15.0,15.0,0.0,4.0,06263
A10023070,잠실 센트럴파크,서울특별시 송파구 잠실동 187-10 잠실 센트럴파크,임대,개별난방,14219.95,1,217.0,한일개발,제이제이앤주식회사,024126008, ,도시형 생활주택(아파트),서울특별시 송파구 백제고분로7길 42,위탁관리,복도식,20230802,024126009,217.0,8153.553,217.0,0.0,0.0,0.0,5805.5371,1171010100,15.0,15.0,4.0,3.0,05559
A10023599,잠실엘타워,서울특별시 송파구 잠실동 208-4 잠실엘타워,임대,개별난방,15521.0,2,298.0,한양산업개발,금강개발,024218878, ,주상복합,서울특별시 송파구 석촌호수로 74,위탁관리,복도식,20221013,024218879,298.0,13504.778,298.0,0.0,0.0,0.0,5575.35,1171010100,25.0,25.0,3.0,5.0,05559
A10027523,월드메르디앙주상복합아파트,서울특별시 송파구 잠실동 175-4 월드메르디앙주상복합아파트,분양,개별난방,11617.82,2,96.0,월드건설,(주)시우개발,0222021286, ,주상복합,서울특별시 송파구 올림픽로 74,위탁관리,계단식,20050829,0222031286,96.0,8996.1,52.0,44.0,0.0,0.0,6666.94,1171010100,15.0,15.0,3.0,3.0,05556
A13822001,잠실레이크팰리스,서울특별시 송파구 잠실동 44 잠실레이크팰리스,분양,지역난방,492205.06,35,2678.0,"삼성, gs","삼성물산건설부문, GS건설",0221471000,lakepalace.kr,아파트,서울특별시 송파구 잠실로 88,위탁관리,계단식,20061228,0221471005,2678.0,335910.3,536.0,1012.0,678.0,452.0,258281.7,1171010100,32.0,32.0,2.0,56.0,05607
A13822002,잠실동트리지움,서울특별시 송파구 잠실동 35 잠실동트리지움,분양,지역난방,597873.0,46,3696.0,"GS건설,현대건설,현대산업개발",잠실3단지 재건축조합,024257157,jamsil3zium.com,아파트,서울특별시 송파구 잠실로 62,위탁관리,계단식,20070824,024257161,3696.0,410089.22,740.0,2402.0,330.0,224.0,319527.2,1171010100,32.0,32.0,2.0,75.0,05555
A13822003,잠실리센츠,서울특별시 송파구 잠실동 22 잠실리센츠,분양,지역난방,935053.0,65,5563.0,"우방,삼성,대우,대림","우방,삼성,대우,대림",024190035,www.movill.net/05502,아파트,서울특별시 송파구 올림픽로 135,위탁관리,혼합식,20080731,024190039,5563.0,581999.06,1113.0,3590.0,860.0,0.0,447329.99,1171010100,33.0,33.0,2.0,119.0,05502
A13822004,잠실엘스아파트,서울특별시 송파구 잠실동 19 잠실엘스아파트,분양,지역난방,935380.4,72,5678.0,"대림,삼성,현대,현산",잠실1단지재건축조합,024162883,www.jsls.co.kr,아파트,서울특별시 송파구 올림픽로 99,위탁관리,계단식,20080930,024162280,5678.0,618665.75,1150.0,4042.0,486.0,0.0,470139.94,1171010100,34.0,34.0,2.0,117.0,05501
A13822301,갤러리아팰리스,서울특별시 송파구 잠실동 40 갤러리아팰리스,분양,지역난방,265791.62,3,741.0,"삼성물산,한화건설",한화건설,0221454900,www.cvnet.co.kr,주상복합,서울특별시 송파구 올림픽로 212,위탁관리,혼합식,20050111,0221454901,741.0,142343.81,0.0,48.0,137.0,556.0,109302.774,1171010100,46.0,46.0,5.0,22.0,05553
A13822701,잠실아시아선수촌,서울특별시 송파구 잠실동 86 잠실아시아선수촌,분양,지역난방,236718.0,18,1356.0,"신성, 우성건설",서울특별시,0222020086,www.yesvill.com/asia86/,아파트,서울특별시 송파구 올림픽로4길 15,위탁관리,계단식,19860614,024165032,1356.0,236425.2,0.0,0.0,636.0,720.0,189531.564,1171010100,18.0,18.0,1.0,52.0,05572
A13822702,"잠실우성1,2,3차","서울특별시 송파구 잠실동 101-1 잠실우성1,2,3차",분양,지역난방,233187.0,26,1842.0,우성,우성,024180332,woosung123.apti.co.kr,아파트,서울특별시 송파구 올림픽로4길 42,위탁관리,혼합식,19811208,024254712,1842.0,219002.52,0.0,345.0,1230.0,267.0,201359.49,1171010100,15.0,15.0,0.0,64.0,05571
A13822902,잠실우성4차,서울특별시 송파구 잠실동 320 잠실우성4차,분양,지역난방,63326.89,7,555.0,우성건설,우성,024188104, ,아파트,서울특별시 송파구 백제고분로18길 30,위탁관리,혼합식,19830831,024188105,555.0,61443.42,0.0,106.0,449.0,0.0,54654.67,1171010100,15.0,15.0,0.0,17.0,05580
A13879102,잠실5단지아파트,서울특별시 송파구 잠실동 27 잠실5단지아파트,분양,지역난방,455033.0,30,3930.0,LH공사,LH,024224005,https://xn--5-4t8e822brse23c.apti.co.kr/aptHome/,아파트,서울특별시 송파구 송파대로 567,자치관리,복도식,19780415,024127452,3930.0,451636.44,0.0,5.0,3925.0,0.0,310408.5,1171010100,15.0,15.0,0.0,55.0,05503
A13886701,잠실현대,서울특별시 송파구 잠실동 331 잠실현대,분양,지역난방,34058.15,3,336.0,현대,현대,024211979,잠실현대.apti.co.kr,아파트,서울특별시 송파구 백제고분로18길 7,위탁관리,계단식,19900817,0222031134,336.0,27595.66,0.0,336.0,0.0,0.0,27595.51,1171010100,15.0,15.0,0.0,12.0,05577
A10020230,잠실르엘,서울특별시 송파구 신천동 17-6 잠실르엘,혼합,지역난방,328719.47,13,1865.0,롯데건설,잠실미성크로바아파트주택재건축정비사업조합,0269566338, ,아파트,서울특별시 송파구 올림픽로 333,위탁관리,계단식,20251230,0269566339,1865.0,189445.53,0.0,717.0,926.0,222.0,189445.5385,1171010200,35.0,0.0,3.0,39.0,
A10020294,잠실래미안아이파크,서울특별시 송파구 신천동 20-4 잠실래미안아이파크,혼합,지역난방,524431.94,23,2678.0,삼성물산/현대산업개발,잠실진주아파트주택재건축정비사업조합,024247510, ,아파트,서울특별시 송파구 올림픽로 393,위탁관리,혼합식,20251230,024247512,2678.0,217428.0,941.0,1145.0,461.0,131.0,217428,1171010200,35.0,0.0,4.0,88.0,
A10023169,현대타워아파트,서울특별시 송파구 신천동 7-28 현대타워아파트,분양,개별난방,30818.14,1,55.0,현대건설,모름,024193722, ,주상복합,서울특별시 송파구 올림픽로 293-19,위탁관리,계단식,19961230,024190467,55.0,13345.95,0.0,0.0,15.0,40.0,8628.1,1171010200,30.0,30.0,7.0,1.0,05510
A13824001,포스코더샵스타리버,서울특별시 송파구 신천동 11-8 포스코더샵스타리버,분양,개별난방,76448.64,2,189.0,포스코,프리즘,024151925, ,주상복합,서울특별시 송파구 올림픽로35길 93,자치관리,계단식,20060929,024151926,189.0,53091.27,0.0,0.0,11.0,178.0,29694.4,1171010200,39.0,39.0,4.0,6.0,05510
A13824002,잠실더샵스타파크,서울특별시 송파구 신천동 7-14 잠실더샵스타파크,분양,개별난방,99828.45,3,213.0,포스코건설,포스코건설,024182730,www.jsthesharp.co.kr,아파트,서울특별시 송파구 올림픽로35가길 10,자치관리,계단식,20080912,024182727,213.0,46066.12,0.0,0.0,0.0,213.0,38108.61,1171010200,39.0,39.0,4.0,7.0,05510
A13824003,한신코아,서울특별시 송파구 신천동 11-9 한신코아,분양,중앙난방,34949.773,1,493.0,한신공영,한신공영,024162203,cafe.naver.com/hanshincore,주상복합,서울특별시 송파구 올림픽로35가길 11,위탁관리,복도식,19881230,024144056,493.0,34937.41,452.0,41.0,0.0,0.0,23856.36,1171010200,15.0,15.0,2.0,3.0,05510
A13824005,신천장미1차2차,서울특별시 송파구 신천동 11 신천장미1차2차,분양,지역난방,412227.0,31,3402.0,라이프주택개발,라이프주택개발,024230274,jsrose.kr,아파트,서울특별시 송파구 올림픽로35길 104,자치관리,혼합식,19790124,024248146,3402.0,412192.16,0.0,172.0,2548.0,682.0,320135.9,1171010200,14.0,14.0,1.0,41.0,05504
A13824006,잠실파크리오,서울특별시 송파구 신천동 17 잠실파크리오,분양,지역난방,1142141.0,66,6864.0,6개 시공사,"두산,쌍용,삼성,대림,코오롱,현대",0234317411,jsparkrio.com,아파트,서울특별시 송파구 올림픽로 435,자치관리,계단식,20080829,0234317415,6864.0,770030.06,1388.0,4260.0,642.0,574.0,597298.22,1171010200,36.0,36.0,2.0,111.0,05507
A13872502,롯데캐슬골드,서울특별시 송파구 신천동 7-18 롯데캐슬골드,분양,중앙난방,243460.86,2,400.0,롯데건설,롯데쇼핑,02-2143-0100,www.lottecastlegold.com,주상복합,서울특별시 송파구 올림픽로 269,위탁관리,복도식,20051122,0221430108,400.0,93291.16,0.0,0.0,8.0,392.0,69171.24,1171010200,36.0,36.0,0.0,16.0,05510
A13872503,잠실푸르지오월드마크,서울특별시 송파구 신천동 11-4 잠실푸르지오월드마크,분양,지역난방,62328.36,2,523.0,주)대우건설,잠실프로젝트금융투자(주),024218700, ,주상복합,서울특별시 송파구 올림픽로35가길 9,자치관리,기타,20130619,024216006,288.0,62328.36,145.0,144.0,226.0,8.0,32391.62,1171010200,39.0,39.0,4.0,6.0,05510
A13872504,장미3차,서울특별시 송파구 신천동 11 장미3차,분양,개별난방,19331.0,2,120.0,라이프 주택개발,라이프 주택개발,024150588, ,아파트,서울특별시 송파구 올림픽로35길 94,자치관리,계단식,19840817,024158558,120.0,16099.2,0.0,0.0,120.0,0.0,16099.2,1171010200,12.0,12.0,1.0,5.0,05504
A10020100,풍납동신동아아파트,서울특별시 송파구 풍납동 220-2 풍납동신동아아파트,분양,개별난방,14713.0,1,135.0,신동아건설,월성연립,024893887, ,도시형 생활주택(아파트),서울특별시 송파구 풍성로6길 15,위탁관리,혼합식,19931224,024893891,135.0,12839.55,0.0,51.0,84.0,0.0,12839.55,1171010300,14.0,0.0,1.0,0.0,
A10021523,풍납현대사원아파트,서울특별시 송파구 풍납동 251-2 풍납현대사원아파트,분양,개별난방,6972.48,1,132.0,현대산업개발,현대산업개발,024748949, ,아파트,서울특별시 송파구 풍성로14길 19,위탁관리,복도식,19860731,024846103,132.0,6972.48,132.0,0.0,0.0,0.0,6972.48,1171010300,1.0,12.0,1.0,0.0,
A10024358,풍납 갑을아파트,서울특별시 송파구 풍납동 214-6 풍납 갑을아파트,분양,개별난방,84904992.0,1,85.0,갑을건설,갑을건설,024881406, ,아파트,서울특별시 송파구 한가람로 414,자치관리,혼합식,19960722,024779060,85.0,84904992.0,50.0,32.0,3.0,0.0,5834.85,1171010300,14.0,14.0,2.0,2.0,05525
A10024379,(풍납)대동아파트,서울특별시 송파구 풍납동 172 (풍납)대동아파트,분양,개별난방,11534.04,1,93.0,대동,주민재건축조합,024750165, ,아파트,서울특별시 송파구 풍성로15길 10,위탁관리,복도식,19990112,024750532,93.0,8553.28,52.0,41.0,0.0,0.0,6048.6,1171010300,11.0,11.0,2.0,15.0,05522
A10025185,잠실올림픽공원아이파크,서울특별시 송파구 풍납동 388-7 잠실올림픽공원아이파크,분양,지역난방,113285.07,7,697.0,현대산업개발,풍남우성아파트주택재건축정비사업조합,024890693, ,아파트,서울특별시 송파구 올림픽로43길 34,위탁관리,계단식,20191114,024896994,697.0,67915.44,339.0,332.0,26.0,0.0,49378.19,1171010300,35.0,35.0,3.0,17.0,05506
A10025467,풍납대아아파트,서울특별시 송파구 풍납동 163 풍납대아아파트,분양,개별난방,745090.0,1,140.0,대아건설,대아건설,024732750, ,아파트,서울특별시 송파구 풍성로 52,위탁관리,혼합식,19980312,024732751,140.0,14302.2,58.0,63.0,19.0,0.0,10831.03,1171010300,13.0,13.0,2.0,6.0,05528
A10025632,송파해모로아파트,서울특별시 송파구 풍납동 512 송파해모로아파트,분양,개별난방,18184.74,3,114.0,(주)한진중공업,동산대진연립주택재건축정비사업조합,024792379,cafe.daum.net/songpahaemoro,,서울특별시 송파구 풍성로26길 47,위탁관리,복도식,20060629,024792379,114.0,13391.0,3.0,76.0,35.0,0.0,10781.82,1171010300,11.0,11.0,0.0,0.0,05531
A10026804,강변현대아파트,서울특별시 송파구 풍납동 299-1 강변현대아파트,분양,지역난방,12065.07,1,104.0,현대사업개발,현대조합외2,024718037, ,아파트,서울특별시 송파구 한가람로 402,위탁관리,계단식,19911018,024718037,104.0,11345.36,0.0,104.0,0.0,0.0,8651.76,1171010300,13.0,13.0,1.0,5.0,05525
A13804001,풍납극동,서울특별시 송파구 풍납동 391 풍납극동,분양,지역난방,38413.79,4,415.0,극동건설,극동,024736614, ,아파트,서울특별시 송파구 올림픽로45길 11,위탁관리,혼합식,19871215,024778016,415.0,38413.57,183.0,232.0,0.0,0.0,29455.525,1171010300,15.0,15.0,0.0,10.0,05539
A13804002,풍납쌍용,서울특별시 송파구 풍납동 401-1 풍납쌍용,분양,개별난방,52635.25,3,417.0,쌍용건설주식회사,쌍용건설주식회사,024792848, ,아파트,서울특별시 송파구 올림픽로47길 9,위탁관리,계단식,19940727,024712041,417.0,51004.938,1.0,416.0,0.0,0.0,35382.39,1171010300,20.0,20.0,3.0,11.0,05538
A13804003,풍납시티극동,서울특별시 송파구 풍납동 509 풍납시티극동,분양,개별난방,53700.56,3,442.0,극동건설,풍납동 재건축 조합,024734664,citykukdong@gmail.com,아파트,서울특별시 송파구 한가람로 478,위탁관리,계단식,19980527,024744665,442.0,46284.0,204.0,147.0,81.0,10.0,35287.34,1171010300,23.0,23.0,1.0,16.0,05514
A13804004,풍납현대,서울특별시 송파구 풍납동 413-1 풍납현대,분양,지역난방,77537.0,6,708.0,현대건설(주),지역조합연합주택,024747342, ,아파트,서울특별시 송파구 올림픽로 525,위탁관리,계단식,19951114,024868497,708.0,75956.44,0.0,708.0,0.0,0.0,57949.9,1171010300,20.0,20.0,1.0,19.0,05530
A13804206,풍납한강극동,서울특별시 송파구 풍납동 508 풍납한강극동,분양,개별난방,105425.1,9,895.0,극동건설,풍납동우일재건축조합,024727159, ,아파트,서울특별시 송파구 토성로 38-6,위탁관리,혼합식,19950731,024835113,895.0,99554.72,315.0,328.0,252.0,0.0,75357.7,1171010300,18.0,18.0,1.0,24.0,05536
A13887301,풍납신성노바빌,서울특별시 송파구 풍납동 510 풍납신성노바빌,분양,지역난방,31154.965,2,236.0,신성,신성,0264127006,풍납신성노뱌빌.apti.co.kr,아파트,서울특별시 송파구 한가람로 468,자치관리,혼합식,20000930,024717007,236.0,23872.96,124.0,74.0,38.0,0.0,18054.56,1171010300,19.0,19.0,0.0,0.0,05515
A13887302,풍납동아한가람,서울특별시 송파구 풍납동 506 풍납동아한가람,분양,개별난방,95001.0,7,782.0,동아건설,동아건설외 9개 연합,024850844,cafe.daum.net/dahangaram,아파트,서울특별시 송파구 한가람로 448,위탁관리,계단식,19950613,024723575,782.0,82564.4,83.0,699.0,0.0,0.0,63979.03,1171010300,18.0,18.0,2.0,24.0,05516
A13887403,현대리버빌2차아파트,서울특별시 송파구 풍납동 261 현대리버빌2차아파트,분양,지역난방,46653.0,4,384.0,현대건설,현대건설,024779989, ,아파트,서울특별시 송파구 풍성로24길 42,위탁관리,혼합식,19991130,024779987,384.0,35645.24,182.0,182.0,20.0,0.0,26616.76,1171010300,19.0,19.0,2.0,5.0,05532
A13887405,풍납 현대리버빌1차,서울특별시 송파구 풍납동 260 풍납 현대리버빌1차,분양,지역난방,82390.445,7,557.0,현대건설(주),풍납동 제1지구 재건축 조합,024764224, ,아파트,서울특별시 송파구 토성로 37,위탁관리,혼합식,19991115,024762542,557.0,61601.55,277.0,127.0,45.0,108.0,48459.45,1171010300,20.0,20.0,2.0,9.0,05532
A13887702,풍납미성,서울특별시 송파구 풍납동 219 풍납미성,분양,지역난방,35922.33,4,275.0,라이프주택,라이프주택,024869071, ,아파트,서울특별시 송파구 풍성로 14,위탁관리,혼합식,19850617,0264789071,275.0,35922.324,0.0,55.0,220.0,0.0,28864.04,1171010300,11.0,11.0,0.0,11.0,05525
A13887901,송파현대힐스테이트,서울특별시 송파구 풍납동 511 송파현대힐스테이트,분양,개별난방,26573.41,2,166.0,현대건설(주),우신.재경연립주택및강동연립주택 재건축정비사업조합,024722760, ,아파트,서울특별시 송파구 풍성로26길 31,위탁관리,계단식,20060224,024722765,166.0,19120.0,12.0,106.0,48.0,0.0,15540.94,1171010300,12.0,12.0,1.0,8.0,05531
A10020796,잠실더샵루벤,서울특별시 송파구 송파동 171- 잠실더샵루벤,분양,지역난방,58929.46,2,0.0,(주)포스코이앤씨,송파성지아파트리모델링주택조합,024240991, ,아파트,서울특별시 송파구 송이로12길 11,위탁관리,계단식,20250305,024240992,327.0,42565.28,0.0,0.0,0.0,0.0,34269.9016,1171010400,18.0,18.0,3.0,11.0,
A10021504,송파파밀리에더퍼스트아파트,서울특별시 송파구 송파동 245- 송파파밀리에더퍼스트아파트,혼합,개별난방,15072.0,3,102.0,신동아건설 주식회사,송파101번지일대가로주택정비사업조합,0234318620, ,아파트,서울특별시 송파구 송이로4길 15,위탁관리,계단식,20231219,0234318621,102.0,15028.982,56.0,46.0,0.0,0.0,6479.87,1171010400,1.0,7.0,0.0,6.0,
A10023610,송파kcc아파트,서울특별시 송파구 송파동 164 송파kcc아파트,분양,개별난방,15564.0,1,106.0,(주)금강종합건설,보람지역주택조합,024198033, ,아파트,서울특별시 송파구 송이로 27-1,위탁관리,혼합식,20030828,024190114,106.0,10095.59,29.0,77.0,0.0,0.0,8087.08,1171010400,15.0,15.0,2.0,3.0,05672
A10025460,잠실아르누보팰리스,서울특별시 송파구 송파동 7-1 잠실아르누보팰리스,분양,개별난방,15148.03,1,53.0,삼환기업,이든주택개발(주),024121851, ,아파트,서울특별시 송파구 석촌호수로 258,위탁관리,계단식,20071126,024121812,53.0,13609.93,0.0,0.0,17.0,36.0,7271.91,1171010400,20.0,20.0,3.0,2.0,05624
A10028083,송파SK아파트,서울특별시 송파구 송파동 170 송파SK아파트,분양,지역난방,9777.0,1,71.0,SK건설,은행연합주택조합,024148900, ,아파트,서울특별시 송파구 송이로 50,위탁관리,계단식,20011120,024148903,71.0,5950.1,0.0,71.0,0.0,0.0,5950.1,1171010400,15.0,15.0,2.0,2.0,05678
A13817001,래미안송파파인탑,서울특별시 송파구 송파동 243 래미안송파파인탑,혼합,지역난방,117966.39,9,794.0,삼성물산,반도아파트주택재건축정비사업조합,024220167, ,아파트,서울특별시 송파구 오금로32길 31,위탁관리(직영+위탁),계단식,20120106,024220168,794.0,73940.51,171.0,444.0,179.0,0.0,54704.09,1171010400,28.0,28.0,2.0,18.0,05673
A13817101,송파호수임광,서울특별시 송파구 송파동 33 송파호수임광,분양,개별난방,28268.38,2,227.0,남광토건,조합,024238650, ,아파트,서울특별시 송파구 송파대로48길 29,위탁관리,혼합식,19951017,0264288650,227.0,24565.29,119.0,108.0,0.0,0.0,15950.29,1171010400,12.0,12.0,2.0,7.0,05623
A13877501,송파삼성래미안,서울특별시 송파구 송파동 162 송파삼성래미안,분양,지역난방,158011.0,13,845.0,삼성물산,송파성원재건축주택조합,024233973, ,아파트,서울특별시 송파구 오금로32길 14,위탁관리,계단식,20011221,024233959,845.0,113055.34,0.0,327.0,476.0,42.0,84616.9,1171010400,23.0,23.0,2.0,22.0,05672
A13885102,한양아파트,서울특별시 송파구 송파동 119 한양아파트,분양,지역난방,76553.04,6,576.0,(주)한양건설,(주)한양건설,0264122228, ,아파트,서울특별시 송파구 가락로 187,위탁관리,혼합식,19831221,024143783,576.0,76553.04,0.0,145.0,143.0,288.0,67216.68,1171010400,12.0,12.0,0.0,17.0,05664
A13885301,송파현대1차,서울특별시 송파구 송파동 163-14 송파현대1차,분양,개별난방,30454.0,2,243.0,현대건설(주),현대건설(주),0234316153, ,아파트,서울특별시 송파구 오금로32길 42,자치관리,혼합식,19970516,0234316152,243.0,24030.63,124.0,119.0,0.0,0.0,17538.28,1171010400,22.0,22.0,2.0,5.0,05672
A13885303,송파미성,서울특별시 송파구 송파동 161 송파미성,분양,지역난방,56766.0,5,378.0,라이프(주),라이프(주),024170097, ,아파트,서울특별시 송파구 오금로32길 10,자치관리,혼합식,19850112,024178100,378.0,55125.434,42.0,56.0,168.0,112.0,45857.56,1171010400,14.0,14.0,1.0,13.0,05672
A13885304,송파한양2차,서울특별시 송파구 송파동 151 송파한양2차,분양,지역난방,98677.53,10,744.0,(주)한양,(주)한양,024237427, ,아파트,서울특별시 송파구 가락로 192,위탁관리,계단식,19841023,024208288,744.0,80604.96,0.0,288.0,311.0,145.0,80631.31,1171010400,12.0,12.0,1.0,28.0,05670
A13885306,가락삼익맨숀,서울특별시 송파구 송파동 166 가락삼익맨숀,분양,지역난방,118773.36,14,936.0,주식회사 삼익주택,주식회사 삼익주택,024156401,가락삼익.apti.co.kr/,아파트,서울특별시 송파구 오금로32길 5,위탁관리,계단식,19841220,0264136400,936.0,118773.36,0.0,408.0,432.0,96.0,98770.397,1171010400,12.0,12.0,0.0,39.0,05673
A10027881,석촌호수 효성해링턴타워,서울특별시 송파구 석촌동 24-3 석촌호수 효성해링턴타워,분양,개별난방,13055.763,1,257.0,(주)효성 PU,SCLPFV(주),024210037,석촌호수해링턴타워.apti.co.kr,주상복합,서울특별시 송파구 석촌호수로 210,위탁관리,복도식,20150826,024210038,257.0,4443.516,257.0,0.0,0.0,0.0,4443.5163,1171010500,21.0,21.0,5.0,3.0,05611
A13819001,잠실한솔,서울특별시 송파구 석촌동 285 잠실한솔,분양,개별난방,53498.0,7,393.0,한솔건설,재건축조합,024169640, ,아파트,서울특별시 송파구 백제고분로 348,위탁관리,계단식,20001010,0220429231,393.0,40474.67,86.0,307.0,0.0,0.0,31208.09,1171010500,19.0,19.0,2.0,11.0,05684
A10021157,삼전현대아파트,서울특별시 송파구 삼전동 39- 삼전현대아파트,분양,개별난방,12274.0,1,120.0,현대산업개발,현대산업개발,024202822, ,아파트,서울특별시 송파구 백제고분로22길 39,위탁관리,혼합식,19891122,024161722,4.0,12273.77,0.0,120.0,0.0,0.0,9720.6,1171010600,1.0,10.0,1.0,3.0,
A10020074,더샵송파루미스타,서울특별시 송파구 가락동 161-3 더샵송파루미스타,분양,지역난방,38964.664,4,0.0,포스코이앤씨,가락현대5차아파트소규모재건축정비사업조합,0269565961, ,아파트,서울특별시 송파구 오금로 360,위탁관리,계단식,20260508,0269565962,183.0,15346.095,0.0,0.0,0.0,0.0,15346.0944,1171010700,25.0,25.0,3.0,5.0,
A10021256,가락풍림아파트,서울특별시 송파구 가락동 142- 가락풍림아파트,분양,개별난방,13508.0,1,105.0,풍림건설,조합,024072831, ,아파트,서울특별시 송파구 동남로9길 39,위탁관리,복도식,19951130,0262872832,105.0,10157.4,42.0,63.0,0.0,0.0,7568.28,1171010700,1.0,11.0,1.0,0.0,
A10021390,송파가락두산위브센티움,서울특별시 송파구 가락동 98- 송파가락두산위브센티움,분양,중앙난방,14137.0,1,113.0,주)두산건설,주식회사 로쿠스,0234020773, ,주상복합,서울특별시 송파구 송파대로30길 16,위탁관리,복도식,20040329,0234020774,113.0,6295.7,113.0,0.0,0.0,0.0,3412.06,1171010700,1.0,13.0,3.0,2.0,
A10025850,헬리오시티아파트,서울특별시 송파구 가락동 479 헬리오시티아파트,혼합,지역난방,971190.4,84,9510.0,"현대건설,삼성물산,현대산업개발",가락시영아파트주택재건축정비사업조합,024038330,heliocity.com,아파트,서울특별시 송파구 송파대로 345,위탁관리,혼합식,20181228,024088736,9510.0,969877.0,2854.0,5132.0,1500.0,24.0,734780.75,1171010700,35.0,35.0,3.0,183.0,05698
A13816001,가락현대5차,서울특별시 송파구 가락동 161-2 가락현대5차,분양,기타,21360.9,3,210.0,현대산업개발,현대시멘트조합주택,024089527, ,아파트,서울특별시 송파구 오금로 370,위탁관리,복도식,19861216,024089529,210.0,21024.893,44.0,166.0,0.0,0.0,15626.86,1171010700,15.0,15.0,0.0,3.0,05819
A13816002,가락동부센트레빌,서울특별시 송파구 가락동 95 가락동부센트레빌,분양,지역난방,63270.34,5,264.0,동부건설,동부건설,0220433162, ,아파트,서울특별시 송파구 송파대로32길 33,위탁관리,계단식,20011126,0220433163,264.0,44625.39,0.0,0.0,135.0,129.0,34100.13,1171010700,23.0,23.0,2.0,8.0,05709
A13816005,송파롯데캐슬파인힐,서울특별시 송파구 가락동 79 송파롯데캐슬파인힐,분양,지역난방,36748.883,1,102.0,롯데건설,롯데건설,024049861, ,주상복합,서울특별시 송파구 중대로 121,위탁관리,계단식,20031220,024049862,102.0,23332.61,0.0,0.0,0.0,102.0,18172.372,1171010700,29.0,29.0,0.0,0.0,05718
A13816101,송파동부센트레빌,서울특별시 송파구 가락동 478 송파동부센트레빌,분양,개별난방,29357.61,4,206.0,동부건설,동부건설,024040331, ,아파트,서울특별시 송파구 송파대로37길 29,위탁관리,계단식,20041215,024040359,206.0,21934.88,0.0,206.0,0.0,0.0,17505.88,1171010700,15.0,15.0,1.0,0.0,05698
A13816202,가락극동,서울특별시 송파구 가락동 192 가락극동,분양,중앙난방,74865.82,7,555.0,극동건설(주),극동건설(주),024037885, ,아파트,서울특별시 송파구 동남로18길 9,위탁관리,혼합식,19841210,024486471,555.0,61628.4,105.0,90.0,210.0,150.0,61628.4,1171010700,15.0,15.0,0.0,16.0,05783
A13880105,가락2차쌍용아파트,서울특별시 송파구 가락동 21-6 가락2차쌍용아파트,분양,개별난방,61165.0,5,492.0,쌍용건설,쌍용건설,024082270, ,아파트,서울특별시 송파구 송이로15길 31,위탁관리,계단식,19991027,024082271,492.0,49644.67,175.0,317.0,0.0,0.0,37240.14,1171010700,26.0,26.0,2.0,10.0,05705
A13880201,가락현대6차,서울특별시 송파구 가락동 55 가락현대6차,분양,개별난방,17689.84,2,160.0,현대건설,한미은행 연합조합,024496408, ,아파트,서울특별시 송파구 송이로19길 8,위탁관리,계단식,19911214,024496408,160.0,17454.545,0.0,160.0,0.0,0.0,13568,1171010700,10.0,10.0,0.0,8.0,05716
A13880204,가락대림아파트,서울특별시 송파구 가락동 70-19 가락대림아파트,분양,지역난방,49190.98,4,443.0,1,가락대림아파트입주자대표회의,024032259, ,아파트,서울특별시 송파구 송이로 88,위탁관리,혼합식,19881118,024097580,443.0,49190.41,30.0,273.0,140.0,0.0,38894.96,1171010700,15.0,15.0,1.0,13.0,05707
A13880406,가락우성1차,서울특별시 송파구 가락동 96-1 가락우성1차,분양,지역난방,73785.38,7,839.0,(주)우성건설,가락제1구역 재개발 조합,024006608, ,아파트,서울특별시 송파구 송파대로32길 8,위탁관리,혼합식,19861206,024048467,838.0,72518.75,629.0,0.0,210.0,0.0,55919.14,1171010700,15.0,15.0,0.0,14.0,05711
A13880407,가락금호,서울특별시 송파구 가락동 95-1 가락금호,분양,지역난방,105825.26,8,915.0,금호건설,금호건설,024073582, ,아파트,서울특별시 송파구 송파대로32길 15,위탁관리,혼합식,19970811,024436475,915.0,88359.86,458.0,457.0,0.0,0.0,66271.23,1171010700,26.0,26.0,0.0,17.0,05710
A13880602,가락우성2차아파트,서울특별시 송파구 가락동 120-4 가락우성2차아파트,분양,개별난방,20701.15,2,162.0,우성건설,가락동조합아파트,024007459, ,아파트,서울특별시 송파구 중대로12길 35,위탁관리,혼합식,20000614,024487459,162.0,19536.42,82.0,80.0,0.0,0.0,11490.5,1171010700,20.0,20.0,2.0,4.0,05832
A13880603,가락한신,서울특별시 송파구 가락동 102 가락한신,분양,중앙난방,30283.19,2,256.0,한신공영,포철직장조합,024481558, ,아파트,서울특별시 송파구 송파대로 220,위탁관리,계단식,19930429,024481544,256.0,29619.2,0.0,256.0,0.0,0.0,21636.24,1171010700,15.0,15.0,0.0,9.0,05831
A13880701,가락미륭아파트,서울특별시 송파구 가락동 138 가락미륭아파트,분양,지역난방,42976.64,4,435.0,동부건설,농협중앙회재무부주택조합,024037719,garakmirungapt.co.kr,아파트,서울특별시 송파구 동남로11길 4,위탁관리,혼합식,19861107,024020013,435.0,39024.785,75.0,360.0,0.0,0.0,29993.54,1171010700,15.0,15.0,0.0,9.0,05826
A13880806,가락쌍용1차,서울특별시 송파구 가락동 140 가락쌍용1차,분양,중앙난방,248144.0,14,2064.0,쌍용건설 주식회사,쌍용건설 주식회사,0234021037, ,아파트,서울특별시 송파구 동남로 193,위탁관리,계단식,19970320,0234021039,2064.0,231986.78,1032.0,1032.0,0.0,0.0,149237.52,1171010700,24.0,24.0,0.0,49.0,05823
A13881005,가락래미안파크팰리스,서울특별시 송파구 가락동 165 가락래미안파크팰리스,분양,지역난방,149684.0,14,919.0,삼성물산,삼성물산,024008013,openapt.seoul.go.kr/openApt/index.do,아파트,서울특별시 송파구 동남로 225,위탁관리,혼합식,20071115,024008014,928.0,100315.86,194.0,549.0,176.0,0.0,78446.21,1171010700,27.0,27.0,2.0,22.0,05820
A13881103,삼환가락,서울특별시 송파구 가락동 176 삼환가락,분양,지역난방,78364.23,9,648.0,(주)삼환까뮤,(주)삼환까뮤,0264868798, ,아파트,서울특별시 송파구 오금로 432,위탁관리,혼합식,19841128,024028284,648.0,78364.23,0.0,383.0,265.0,0.0,62233.816,1171010700,12.0,12.0,1.0,19.0,05770
A13881204,가락프라자,서울특별시 송파구 가락동 199 가락프라자,분양,지역난방,92093.65,11,672.0,태평양건설,태평양건설,024008412, ,아파트,서울특별시 송파구 문정로 125,위탁관리,계단식,19850731,0264780699,673.0,92093.65,0.0,288.0,336.0,48.0,76876.8,1171010700,12.0,12.0,1.0,28.0,05785
A13895501,송파성원상떼빌,서울특별시 송파구 가락동 80 송파성원상떼빌,분양,개별난방,68203.0,2,324.0,(주)성원아이컴,성원건설,024093300, ,주상복합,서울특별시 송파구 송파대로28길 27,위탁관리,계단식,20060609,0220439428,324.0,68199.76,0.0,0.0,228.0,96.0,37765.39,1171010700,24.0,24.0,0.0,8.0,05718
A13895502,가락3차쌍용스윗닷홈(1~4동),서울특별시 송파구 가락동 52 가락3차쌍용스윗닷홈(1~4동),분양,개별난방,28338.0,4,206.0,쌍용건설,쌍용건설,024317464,ssangyong3.aptgate.co.kr,아파트,서울특별시 송파구 송이로19길 15,위탁관리,계단식,20050228,024317021,206.0,22263.76,45.0,120.0,41.0,0.0,17896.43,1171010700,15.0,15.0,1.0,11.0,05714
A13895503,한화오벨리스크,서울특별시 송파구 가락동 78-1 한화오벨리스크,분양,개별난방,11417.92,1,160.0,한화건설,한화건설,024305752, ,주상복합,서울특별시 송파구 중대로 127,위탁관리(직영+위탁),복도식,20041130,024305753,161.0,11417.92,160.0,0.0,0.0,0.0,4704,1171010700,22.0,22.0,4.0,2.0,05717
A10022030,문정현대아파트,서울특별시 송파구 문정동 104- 문정현대아파트,분양,개별난방,12617.0,1,120.0,한국주택은행과 대한팔프 조합,현대,024087634, ,,서울특별시 송파구 송이로34길 26,위탁관리,계단식,19910909,024097635,120.0,12616.4,0.0,120.0,0.0,0.0,9583.2,1171010800,10.0,10.0,1.0,0.0,
A10022403,힐스테이트 e편한세상 문정아파트,서울특별시 송파구 문정동 656 힐스테이트 e편한세상 문정아파트,혼합,개별난방,167891.0,14,0.0,문정동136번지일원재건축정비사업조합,"현대엔지니어링,디엘이엔씨 ",024498586, ,아파트,서울특별시 송파구 송이로31길 20,위탁관리,계단식,20240830,024498587,1265.0,108559.96,0.0,0.0,0.0,0.0,79383.37,1171010800,18.0,18.0,2.0,38.0,
A10022621,문정동마에스트로청년주택,서울특별시 송파구 문정동 55-6 문정동마에스트로청년주택,임대,개별난방,27348.0,1,438.0,효성중공업,문정역마에스트로프로젝트금융투자주식회사,0220431117, ,주상복합,서울특별시 송파구 문정로 1,위탁관리,복도식,20240119,0220431118,438.0,21318.207,438.0,0.0,0.0,0.0,9647.3938,1171010800,21.0,21.0,0.0,4.0,05806
A10022995,문정동현대2차아파트,서울특별시 송파구 문정동 58 문정동현대2차아파트,분양,개별난방,12957252.0,1,108.0,현대건설,현대건설,024480734, ,아파트,서울특별시 송파구 송파대로16길 12,자치관리,복도식,19951107,024008344,108.0,12148.2,58.0,50.0,0.0,0.0,7646.76,1171010800,10.0,10.0,1.0,1.0,05807
A10024172,문정현대아파트,서울특별시 송파구 문정동 62-5 문정현대아파트,분양,개별난방,12460.0,1,120.0,현대건설(주),한전주택조합,024064761, ,아파트,서울특별시 송파구 송파대로20길 28,위탁관리,혼합식,19930928,0264154761,120.0,12099.6,60.0,60.0,0.0,0.0,8161.8,1171010800,15.0,15.0,2.0,2.0,05807
A10027346,파크하비오푸르지오아파트,서울특별시 송파구 문정동 618 파크하비오푸르지오아파트,분양,지역난방,169516.31,10,999.0,대우건설주식회사,다함하비오주식회사,0234020400, ,주상복합,서울특별시 송파구 송파대로 111,위탁관리,혼합식,20160929,0234020440,999.0,169516.28,0.0,919.0,76.0,4.0,87608.5699,1171010800,19.0,19.0,5.0,20.0,05837
A13820001,문정3차푸르지오,서울특별시 송파구 문정동 117 문정3차푸르지오,분양,개별난방,16059.39,2,150.0,(주)대우건설,(주)대우,024044117,없음,아파트,서울특별시 송파구 송이로 257,위탁관리,계단식,20020813,024043379,150.0,15952.065,0.0,150.0,0.0,0.0,12744,1171010800,15.0,15.0,2.0,5.0,05798
A13820002,문정세양청마루,서울특별시 송파구 문정동 146 문정세양청마루,분양,개별난방,14742.7,2,157.0,세양건설,세양지역주택조합,024032521, ,아파트,서울특별시 송파구 송이로31길 66,위탁관리,계단식,20040501,024032523,157.0,12158.08,157.0,0.0,0.0,0.0,9405.87,1171010800,14.0,14.0,1.0,6.0,05781
A13820004,가락1차현대아파트,서울특별시 송파구 문정동 3 가락1차현대아파트,분양,지역난방,67951.59,8,514.0,현대산업개발,한국도시개발(주),024082336, ,아파트,서울특별시 송파구 동남로 160,위탁관리,계단식,19841114,024022338,514.0,66648.63,0.0,228.0,286.0,0.0,54727.9,1171010800,14.0,14.0,0.0,20.0,05795
A13820005,문정건영,서울특별시 송파구 문정동 72-3 문정건영,분양,지역난방,66903.0,5,545.0,건영,7개주택조합연합,024307450, ,아파트,서울특별시 송파구 새말로8길 12,위탁관리,계단식,19961010,024032704,545.0,64249.5,2.0,543.0,0.0,0.0,45793.65,1171010800,15.0,15.0,1.0,18.0,05817
A13820006,문정래미안,서울특별시 송파구 문정동 1 문정래미안,분양,지역난방,381065.0,31,1696.0,삼성물산,문정주공재건축조합,024024023,www.moonjungraemian.com,아파트,서울특별시 송파구 문정로 83,위탁관리,계단식,20040930,024495878,1712.0,255669.55,0.0,342.0,966.0,388.0,211278.78,1171010800,22.0,22.0,0.0,46.0,05794
A13820007,문정시영,서울특별시 송파구 문정동 145 문정시영,분양,지역난방,81117.29,10,1316.0,"태영건설, 현대산업개발",서울시 건설본부,024067588, ,아파트,서울특별시 송파구 송이로31길 56,위탁관리,복도식,19890330,024032653,1316.0,79608.56,1316.0,0.0,0.0,0.0,50581.44,1171010800,14.0,14.0,0.0,20.0,05786
A13820201,올림픽훼밀리타운,서울특별시 송파구 문정동 150 올림픽훼밀리타운,분양,지역난방,667132.0,56,4494.0,"대우,럭키개발,롯데건설,선경건설,태평양건설","대우,럭키개발,롯데건설,선경건설,태평양건설",024046006,www.oftapt.com,아파트,서울특별시 송파구 중대로 24,위탁관리,계단식,19881221,024304043,4494.0,646257.5,0.0,1500.0,900.0,2094.0,537573.39,1171010800,15.0,15.0,0.0,151.0,05834
A13882401,문정푸르지오2차,서울특별시 송파구 문정동 19 문정푸르지오2차,분양,개별난방,24261.17,2,165.0,(주)대우,제일은행 직장주택조합외 4개조합,024072178, ,아파트,서울특별시 송파구 송이로32길 37,위탁관리,혼합식,20010523,0264552178,165.0,16731.0,53.0,112.0,0.0,0.0,12652.85,1171010800,18.0,18.0,2.0,5.0,05797
A13882402,문정푸르지오1차,서울특별시 송파구 문정동 18 문정푸르지오1차,분양,개별난방,30283.62,4,233.0,대우,주택조합,024072179, ,아파트,서울특별시 송파구 문정로 55,위탁관리,계단식,19991020,024072180,233.0,17745.76,81.0,152.0,0.0,0.0,17745.76,1171010800,19.0,19.0,2.0,7.0,05797
A10023296,송파파인타운12단지,서울특별시 송파구 장지동 855 송파파인타운12단지,분양,개별난방,22882.35,4,149.0,양우건설,현대해상화재보험,024001894, ,아파트,서울특별시 송파구 송파대로8길 42,위탁관리,계단식,20110127,024001895,149.0,16797.39,0.0,149.0,0.0,0.0,12640.96,1171010900,20.0,20.0,1.0,4.0,05813
A10023897,위례중앙푸르지오아파트,서울특별시 송파구 장지동 896 위례중앙푸르지오아파트,분양,지역난방,77754.0,4,311.0,대우푸르지오,MDM,024300046,xn--9n2b13ybqbv7u.apti.co.kr/aptHome/,주상복합,서울특별시 송파구 위례광장로 120,위탁관리,계단식,20161223,024300048,311.0,39822.1,0.0,162.0,141.0,8.0,30262.9076,1171010900,19.0,19.0,3.0,0.0,05852
A10026682,위례포레샤인아파트,서울특별시 송파구 장지동 905 위례포레샤인아파트,임대,지역난방,261685.0,23,2200.0,계룡건설,서울주택도시공사,024013352, ,아파트,서울특별시 송파구 위례순환로 477,위탁관리,혼합식,20170928,024013360,2200.0,260035.98,1758.0,442.0,0.0,0.0,121619.37,1171010900,21.0,21.0,2.0,57.0,05814
A10027461,힐스테이트 송파위례아파트,서울특별시 송파구 장지동 170 힐스테이트 송파위례아파트,분양,지역난방,111137.11,8,490.0,현대건설(주),현대건설(주),024495910,hillsw5910@daum.net,주상복합,서울특별시 송파구 위례광장로 170,위탁관리,계단식,20160719,024495911,490.0,64356.492,0.0,0.0,488.0,2.0,50110.1,1171010900,29.0,29.0,3.0,14.0,05849
A10027553,위례2차아이파크아파트,서울특별시 송파구 장지동 884 위례2차아이파크아파트,분양,지역난방,116553.0,7,495.0,현대산업개발,네오밸류,024499170, ,아파트,서울특별시 송파구 위례광장로 193,위탁관리,계단식,20160526,024499169,495.0,64599.5,0.0,0.0,495.0,0.0,49502.1502,1171010900,29.0,29.0,3.0,12.0,05849
A10027632,송파 와이즈더샵,서울특별시 송파구 장지동 895 송파 와이즈더샵,분양,지역난방,75116.02,6,390.0,(주)포스코건설,에이엠플러스자산개발(주),024016040,songpayz-thesharp.com,아파트,서울특별시 송파구 위례광장로 270,위탁관리,계단식,20160226,024016041,390.0,50078.59,0.0,0.0,390.0,0.0,37822.5226,1171010900,24.0,24.0,2.0,0.0,05852
A10027744,위례아이파크아파트,서울특별시 송파구 장지동 894 위례아이파크아파트,분양,지역난방,82424.99,6,400.0,현대산업개발 주,하나자산신탁,024499804,.,아파트,서울특별시 송파구 위례광장로 136,위탁관리,계단식,20151130,024499805,400.0,51057.74,0.0,0.0,400.0,0.0,38889.5158,1171010900,24.0,24.0,3.0,0.0,05852
A10028086,위례 송파푸르지오,서울특별시 송파구 장지동 878 위례 송파푸르지오,분양,지역난방,125353.055,7,549.0,대우건설,대우건설,024099280,http://www.wrsp.co.kr/,아파트,서울특별시 송파구 위례광장로 185,위탁관리,계단식,20150123,024099281,549.0,77554.94,0.0,0.0,549.0,0.0,59596.5326,1171010900,29.0,29.0,2.0,0.0,05848
A13821001,송파파인타운4단지,서울특별시 송파구 장지동 837 송파파인타운4단지,혼합,개별난방,23655.19,4,181.0,신한종합건설(주),SH공사,024492431, ,아파트,서울특별시 송파구 새말로12길 16,위탁관리,계단식,20080403,024313717,181.0,17349.805,75.0,106.0,0.0,0.0,13479.87,1171010900,15.0,15.0,1.0,0.0,05811
A13821002,송파파인타운11단지,서울특별시 송파구 장지동 854 송파파인타운11단지,혼합,개별난방,43661.66,9,333.0,(주)일성건설,SH공사,024016145, ,아파트,서울특별시 송파구 송파대로8길 58,위탁관리,혼합식,20070731,024086145,333.0,32744.2,124.0,209.0,0.0,0.0,25187.5,1171010900,19.0,19.0,1.0,14.0,05813
A13821003,송파파인타운5단지,서울특별시 송파구 장지동 845 송파파인타운5단지,혼합,개별난방,57373.49,6,455.0,(주)진흥기업,SH공사,024035503, ,아파트,서울특별시 송파구 충민로4길 5,위탁관리,혼합식,20080822,024035504,455.0,40090.605,225.0,230.0,0.0,0.0,30770.04,1171010900,21.0,21.0,2.0,12.0,05812
A13821004,송파파인타운7단지,서울특별시 송파구 장지동 844 송파파인타운7단지,혼합,개별난방,68286.13,6,537.0,극동건설,sh,024007749, ,아파트,서울특별시 송파구 충민로4길 19,위탁관리,혼합식,20071224,024007741,538.0,47548.445,300.0,237.0,0.0,0.0,35108.58,1171010900,17.0,17.0,2.0,14.0,05812
A13821005,송파파인타운10단지,서울특별시 송파구 장지동 856 송파파인타운10단지,혼합,개별난방,58785.64,9,545.0,중앙건설,sh공사,024044556, ,아파트,서울특별시 송파구 송파대로8길 20,위탁관리,혼합식,20070820,024044552,546.0,41759.047,545.0,0.0,0.0,0.0,30048.26,1171010900,18.0,18.0,2.0,14.0,05813
A13821006,송파파인타운8단지,서울특별시 송파구 장지동 842 송파파인타운8단지,혼합,개별난방,72535.03,5,700.0,(주)신창건설,SH공사,0220439990, ,아파트,서울특별시 송파구 충민로4길 6,위탁관리,혼합식,20081020,0220439991,700.0,48249.69,700.0,0.0,0.0,0.0,34503.12,1171010900,20.0,20.0,0.0,15.0,05815
A13821007,송파파인타운9단지,서울특별시 송파구 장지동 843 송파파인타운9단지,혼합,개별난방,81605.38,7,796.0,신일산업,sh공사,024003801, ,아파트,서울특별시 송파구 송파대로8길 17,위탁관리,혼합식,20071224,0260126228,796.0,54298.78,796.0,0.0,0.0,0.0,38576.72,1171010900,17.0,17.0,2.0,18.0,05815
A13876108,송파파인타운6단지,서울특별시 송파구 장지동 847 송파파인타운6단지,혼합,개별난방,72224.0,7,564.0,경남기업,sh공사,024491489, ,아파트,서울특별시 송파구 충민로6길 14,위탁관리,혼합식,20080825,024491490,565.0,52676.727,225.0,339.0,0.0,0.0,42285.52,1171010900,20.0,20.0,0.0,0.0,05812
A13876109,송파파인타운2단지,서울특별시 송파구 장지동 835 송파파인타운2단지,혼합,개별난방,43248.7,9,374.0,울트라건설(주),sh공사,024098984, ,아파트,서울특별시 송파구 충민로 151,위탁관리,혼합식,20080925,024098985,375.0,30340.66,263.0,111.0,0.0,0.0,22522.79,1171010900,15.0,15.0,2.0,13.0,05799
A13876110,송파파인타운3단지,서울특별시 송파구 장지동 849 송파파인타운3단지,분양,개별난방,91403.76,10,625.0,sh공사,신일건업,024032511, ,아파트,서울특별시 송파구 충민로 152,위탁관리,계단식,20080718,024032513,626.0,65581.375,0.0,625.0,0.0,0.0,53093.74,1171010900,19.0,19.0,0.0,19.0,05792
A13876111,송파파인타운1단지,서울특별시 송파구 장지동 833 송파파인타운1단지,혼합,개별난방,31808.37,7,221.0,삼중종합건설(주),sh공사,024310070, ,아파트,서울특별시 송파구 충민로 188,위탁관리,계단식,20100119,024310073,221.0,23480.334,0.0,221.0,0.0,0.0,18773.18,1171010900,10.0,10.0,1.0,0.0,05792
A13876112,송파파인타운13단지,서울특별시 송파구 장지동 857 송파파인타운13단지,분양,개별난방,30646.47,4,197.0,양우건설(주),SH공사,024002658, ,아파트,서울특별시 송파구 송파대로8길 10,위탁관리,계단식,20110127,024002668,197.0,22520.26,0.0,197.0,0.0,0.0,16719.63,1171010900,17.0,17.0,1.0,6.0,05813
A13876113,송파더센트레아파트,서울특별시 송파구 장지동 879 송파더센트레아파트,분양,지역난방,130136.74,12,1139.0,(주)한라,LH,024492210,cafe.daum.net/hallavivaldi22,아파트,서울특별시 송파구 위례광장로 163,위탁관리,계단식,20131101,024492212,1139.0,89541.32,1139.0,0.0,0.0,0.0,62698.71,1171010900,25.0,25.0,2.0,33.0,05848
A13876114,송파꿈에그린아파트,서울특별시 송파구 장지동 901 송파꿈에그린아파트,분양,지역난방,229029.0,22,1810.0,한화건설,LH공사,07042220891,http://songpadreamapt.co.kr/,아파트,서울특별시 송파구 위례광장로 121,위탁관리,계단식,20131108,024066777,1810.0,159040.22,1210.0,600.0,0.0,0.0,116176.44,1171010900,21.0,21.0,2.0,53.0,05853
A10021457,방이금호어울림아파트,서울특별시 송파구 방이동 157- 방이금호어울림아파트,분양,개별난방,20063.0,1,144.0,금호산업개발,금호산업개발,024245338, ,아파트,서울특별시 송파구 위례성대로8길 28,위탁관리(직영+위탁),계단식,20010516, ,144.0,14562.96,24.0,120.0,0.0,0.0,11548.08,1171011100,1.0,12.0,2.0,0.0,
A10022027,효성올림픽카운티,서울특별시 송파구 방이동 51-4 효성올림픽카운티,분양,개별난방,13509.0,1,138.0,효성건설,효성건설,024168440, ,주상복합,서울특별시 송파구 백제고분로 497,위탁관리,복도식,20030930,024168441,138.0,7970.04,138.0,0.0,0.0,0.0,5804.28,1171011100,18.0,18.0,4.0,2.0,
A10026209,올림픽베어스타운,서울특별시 송파구 방이동 171 올림픽베어스타운,분양,개별난방,17159.55,2,140.0,상부종합건설(주),올림픽베어스타운,024233735, ,아파트,서울특별시 송파구 위례성대로 58,위탁관리,복도식,19960425,0264710106,140.0,13380.0,80.0,60.0,0.0,0.0,9804,1171011100,21.0,21.0,3.0,2.0,05628
A13805001,방이대림가락,서울특별시 송파구 방이동 217 방이대림가락,분양,지역난방,67298.94,6,480.0,대림건설,대림건설,024172038, ,아파트,서울특별시 송파구 양재대로 1109,자치관리,계단식,19850223,024251341,480.0,67298.94,0.0,148.0,242.0,90.0,56601.06,1171011100,15.0,15.0,0.0,16.0,05647
A13805002,올림픽선수기자촌아파트,서울특별시 송파구 방이동 89 올림픽선수기자촌아파트,분양,지역난방,854994.0,122,5540.0,한신공영(주) 외,서울특별시,024011921,www.olympicapt.apti.co.kr,아파트,서울특별시 송파구 양재대로 1218,위탁관리,혼합식,19880614,024011927,5540.0,634678.6,1.0,2032.0,2646.0,861.0,589196.33,1171011100,24.0,24.0,1.0,207.0,05649
A13805003,신구블레스밸리,서울특별시 송파구 방이동 197 신구블레스밸리,분양,개별난방,22565.47,2,104.0,신구,신구,024147893, ,아파트,서울특별시 송파구 위례성대로12길 25,위탁관리,계단식,20040520,024140211,104.0,12892.08,0.0,0.0,75.0,29.0,12892.08,1171011100,12.0,12.0,1.0,0.0,05640
A13883601,잠실한양3차,서울특별시 송파구 방이동 225 잠실한양3차,분양,중앙난방,36811.52,3,252.0,(주)한양,(주)한양,024232936,www.jshapt3.co.kr,아파트,서울특별시 송파구 양재대로 1089,위탁관리(직영+위탁),계단식,19850221,024232937,252.0,29575.84,0.0,84.0,112.0,56.0,29575.84,1171011100,14.0,14.0,0.0,9.0,05647
A13883602,방이코오롱,서울특별시 송파구 방이동 212-8 방이코오롱,분양,지역난방,83235.0,6,758.0,코오롱건설,성북전화국 외 10개 조합,024155810,방이코오롱아파트.apti.co.kr,아파트,서울특별시 송파구 오금로31길 27,위탁관리,계단식,19911018,024139786,758.0,83187.66,0.0,758.0,0.0,0.0,64369.54,1171011100,15.0,15.0,1.0,27.0,05646
A10021425,오금쌍용스윗닷홈1차,서울특별시 송파구 오금동 29- 오금쌍용스윗닷홈1차,분양,개별난방,17744.0,2,110.0,남광토건,오금쌍용1차입주자대표회의,0234012821, ,아파트,서울특별시 송파구 양재대로72길 42,위탁관리,계단식,20050913, ,110.0,11788.7,0.0,110.0,0.0,0.0,9343.4,1171011200,1.0,12.0,2.0,5.0,
A10022649,송파더플래티넘,서울특별시 송파구 오금동 67 송파더플래티넘,분양,지역난방,50633.0,2,328.0,주식회사쌍용,아남아파트리모델링주택조합,024498330, ,아파트,서울특별시 송파구 성내천로 50,위탁관리,계단식,20240130,024498331,328.0,36254.71,30.0,119.0,179.0,0.0,27600.63,1171011200,16.0,16.0,3.0,12.0,05728
A10023333,오금쌍용스윗닷홈2.3.4,서울특별시 송파구 오금동 30-2 오금쌍용스윗닷홈2.3.4,분양,개별난방,16552.97,3,73.0,남광토건,(주)한백티엔시4488,0234010879, ,아파트,서울특별시 송파구 중대로 293,위탁관리,혼합식,20050913,0234010877,73.0,13118.8,0.0,0.0,0.0,73.0,10888.56,1171011200,15.0,15.0,0.0,3.0,05655
A10025657,송파 두산위브아파트,서울특별시 송파구 오금동 135 송파 두산위브아파트,분양,개별난방,35327.613,2,269.0,두산건설,천강개발,024085781, ,아파트,서울특별시 송파구 성내천로 103,위탁관리,계단식,20190227,024095781,269.0,23594.246,215.0,54.0,0.0,0.0,17484.08,1171011200,28.0,28.0,2.0,5.0,05738
A10026249,송파레미니스2단지,서울특별시 송파구 오금동 617 송파레미니스2단지,혼합,개별난방,95867.81,7,818.0,"한신공영(주), 한양산업개발(주",서울주택도시공사,0220439911,https://account.zigbang.com/login,아파트,서울특별시 송파구 동남로 341,위탁관리,계단식,20180605,0220439922,818.0,69691.56,598.0,220.0,0.0,0.0,47419.52,1171011200,25.0,25.0,1.0,17.0,05721
A10026362,송파호반베르디움더퍼스트,서울특별시 송파구 오금동 619 송파호반베르디움더퍼스트,분양,개별난방,48124.88,3,220.0,(주)호반건설,(주)티에스주택,024004051,송호베.apti.co.kr,아파트,서울특별시 송파구 동남로 342,위탁관리,계단식,20180223,024004052,220.0,28607.766,0.0,0.0,220.0,0.0,22321.904,1171011200,20.0,20.0,2.0,0.0,05730
A10026734,송파레미니스아파트,서울특별시 송파구 오금동 616 송파레미니스아파트,혼합,개별난방,69081.0,5,575.0,한신공영(주),서울도시주택공사,024035100,송파레미니스.apti.co.kr,아파트,서울특별시 송파구 성내천로 6,위탁관리,혼합식,20171102,024065900,575.0,46916.71,439.0,136.0,0.0,0.0,31913.81,1171011200,20.0,20.0,2.0,14.0,05720
A13813002,오금우방,서울특별시 송파구 오금동 138 오금우방,분양,개별난방,29079.0,3,196.0,우방,신범화연립재건축조합,024482583, ,아파트,서울특별시 송파구 성내천로 87,위탁관리,혼합식,20010312,024482584,196.0,20710.742,44.0,109.0,43.0,0.0,16215.55,1171011200,19.0,19.0,2.0,6.0,05738
A13813003,오금삼성,서울특별시 송파구 오금동 160 오금삼성,분양,개별난방,22540.46,2,215.0,삼성물산,삼성주택조합,024045335, ,아파트,서울특별시 송파구 문정로 197,위탁관리,계단식,19890515,024045336,215.0,21170.248,0.0,215.0,0.0,0.0,16904.73,1171011200,12.0,12.0,0.0,9.0,05742
A13813004,가락상아1차,서울특별시 송파구 오금동 166 가락상아1차,분양,지역난방,44892.766,3,226.0,동성건설,동성건설,024025827,가락상아1차.apti.co.kr,아파트,서울특별시 송파구 오금로 405,위탁관리,혼합식,19841212,024315827,226.0,26915.697,0.0,72.0,154.0,0.0,21494.98,1171011200,12.0,12.0,0.0,8.0,05741
A13813005,가락우창,서울특별시 송파구 오금동 164 가락우창,분양,지역난방,34030.32,4,264.0,(주)우창건설,(주)우창건설,024048772, ,아파트,서울특별시 송파구 동남로24길 6,위탁관리,계단식,19851007,024305886,264.0,34030.32,0.0,72.0,192.0,0.0,27679.2,1171011200,12.0,12.0,1.0,11.0,05740
A13813006,오금현대백조,서울특별시 송파구 오금동 11 오금현대백조,분양,중앙난방,34216.14,2,285.0,현대건설,오금제2구역 주택개량재개발조합,024011896, ,아파트,서울특별시 송파구 양재대로72길 15,위탁관리,혼합식,19970124,024011897,285.0,28064.39,79.0,122.0,84.0,0.0,21962.14,1171011200,19.0,19.0,2.0,7.0,05652
A13813008,오금대림,서울특별시 송파구 오금동 19 오금대림,분양,지역난방,94110.0,7,749.0,대림산업(주),오금재개발조합,024082156,오금대림.apti.co.kr,아파트,서울특별시 송파구 위례성대로 176,위탁관리,계단식,19881210,024489380,749.0,92228.07,0.0,389.0,360.0,0.0,78314.39,1171011200,15.0,15.0,0.0,25.0,05652
A13813010,오금현대아파트,서울특별시 송파구 오금동 43 오금현대아파트,분양,지역난방,202977.9,21,1316.0,현대산업개발(주),현대산업개발(주),024022104, ,아파트,서울특별시 송파구 오금로35길 17,위탁관리,계단식,19841226,024431762,1316.0,196192.97,0.0,364.0,672.0,280.0,166663.98,1171011200,14.0,14.0,1.0,47.0,05658
A13873701,오금현대백조(임대),서울특별시 송파구 오금동 11 오금현대백조(임대),임대,개별난방,7317.76,1,153.0,현대건설,현대건설,024000298, ,아파트,서울특별시 송파구 양재대로72길 20,위탁관리,복도식,19970124,024000497,153.0,4743.0,153.0,0.0,0.0,0.0,4743,1171011200,14.0,14.0,1.0,2.0,05656
A13886009,상아2차아파트,서울특별시 송파구 오금동 165 상아2차아파트,분양,지역난방,62753.0,6,750.0,동성개발,동성개발,024086508, ,아파트,서울특별시 송파구 오금로 407,위탁관리,혼합식,19881102,024010008,750.0,62752.17,504.0,246.0,0.0,0.0,46918.2,1171011200,14.0,14.0,1.0,15.0,05741
A10021407,어울림거여동아파트,서울특별시 송파구 거여동 593- 어울림거여동아파트,분양,개별난방,0.0,3,140.0,어울림거여동아파트관리사무소,어울림거여동아파트관리사무소,024081733, ,아파트,서울특별시 송파구 오금로56길 28,위탁관리,계단식,20031129,0260128733,140.0,17572.56,0.0,45.0,95.0,0.0,13844.08,1171011300,1.0,16.0,2.0,0.0,
A10022033, 삼호아파트,서울특별시 송파구 거여동 136-  삼호아파트,분양,개별난방,18028.0,1,142.0,삼호,거여동 비둘기재건축 조합,024068232, ,아파트,서울특별시 송파구 거마로9길 19 삼호아파트,위탁관리,복도식,19990612,024069779,142.0,14630.32,66.0,76.0,0.0,0.0,10403.1,1171011300,19.0,19.0,2.0,0.0,
A10023887,송파 시그니처 롯데캐슬아파트,서울특별시 송파구 거여동 697 송파 시그니처 롯데캐슬아파트,혼합,지역난방,290795.62,17,0.0,(주)롯데건설,거여2재정비촉진구역1지구 주택재개발정비사업조합,024311945,https://splottecastle.aptner.com/v2,아파트,서울특별시 송파구 거마로 56,위탁관리,혼합식,20211231,024311946,1945.0,185905.3,0.0,0.0,0.0,0.0,273304.36,1171011300,33.0,33.0,3.0,48.0,05767
A10023922,송파레이크파크 호반 써밋2,서울특별시 송파구 거여동 607 송파레이크파크 호반 써밋2,분양,지역난방,180155248.0,11,700.0,호반건설( 주),호반건설(주),024497313, ,아파트,서울특별시 송파구 위례송파로 80,위탁관리,계단식,20220128,024497314,700.0,95938.414,0.0,0.0,693.0,7.0,76533.412,1171011300,25.0,25.0,4.0,23.0,05847
A10023927,송파레이크파크호반써밋1차,서울특별시 송파구 거여동 597 송파레이크파크호반써밋1차,분양,지역난방,175221.67,10,689.0,호반산업(주),호반산업(주),0269515107, ,아파트,서울특별시 송파구 위례송파로 40,위탁관리,계단식,20220128,0269515108,689.0,94009.16,0.0,0.0,689.0,0.0,74916.1371,1171011300,25.0,25.0,3.0,21.0,05791
A10024085,송파위례리슈빌,서울특별시 송파구 거여동 654 송파위례리슈빌,분양,지역난방,106742.0,8,494.0,계룡건설산업(주),(주)에스떠블유산업개발,024308454, ,아파트,서울특별시 송파구 위례송파로 124,위탁관리,계단식,20211012,024308456,494.0,54610.23,0.0,0.0,494.0,0.0,54610.2302,1171011300,25.0,25.0,2.0,17.0,05847
A10024152,포레나송파,서울특별시 송파구 거여동 651 포레나송파,분양,지역난방,194551.27,18,1282.0,한화건설외,서울주택도시공사,024002212, ,아파트,서울특별시 송파구 위례송파로 123,위탁관리,계단식,20210806,024002213,1282.0,128943.65,0.0,1282.0,0.0,0.0,99936.9,1171011300,25.0,25.0,2.0,43.0,05846
A10024197,송파레이크힐아파트,서울특별시 송파구 거여동 606 송파레이크힐아파트,분양,지역난방,58033.0,5,394.0,진흥기업,서울주택공사,024009958, ,아파트,서울특별시 송파구 위례송파로 89,위탁관리,계단식,20210810,024009959,394.0,58031.35,0.0,394.0,0.0,0.0,30218.5,1171011300,24.0,24.0,2.0,15.0,05790
A10024492,위례포레샤인13단지아파트,서울특별시 송파구 거여동 599 위례포레샤인13단지아파트,임대,지역난방,66974.41,8,560.0,계룡건설외,SH공사,024301645,foreshine13.aptner.com/,아파트,서울특별시 송파구 위례서이로 25,위탁관리,복도식,20201222,024301646,560.0,66605.0,560.0,0.0,0.0,0.0,29343.59,1171011300,27.0,27.0,2.0,14.0,05791
A10024577,위례포레샤인18단지,서울특별시 송파구 거여동 648 위례포레샤인18단지,임대,지역난방,101048.44,13,685.0,대명건설,SH공사,024023008, ,아파트,서울특별시 송파구 위례북로4길 12,위탁관리,계단식,20201028,024023009,685.0,100692.59,0.0,685.0,0.0,0.0,53533.99,1171011300,22.0,22.0,2.0,1.0,05776
A10024655,쌍용스윗닷홈거여역1차아파트,서울특별시 송파구 거여동 28 쌍용스윗닷홈거여역1차아파트,분양,개별난방,16369.76,2,95.0,쌍용건설,(주)선월드,024430115, ,아파트,서울특별시 송파구 오금로62길 10,위탁관리,계단식,20060418,024431101,95.0,10955.0,0.0,51.0,44.0,0.0,8961.25,1171011300,12.0,12.0,2.0,5.0,05773
A10024787,이편한세상 송파파크센트럴,서울특별시 송파구 거여동 696 이편한세상 송파파크센트럴,혼합,지역난방,180054.31,12,1199.0,대림산업(주),거여2재정비촉진구역 제2지구 주택재개발정비사업조합,024000930, ,아파트,서울특별시 송파구 오금로 551,위탁관리,혼합식,20210517,024000931,1199.0,117647.2,532.0,544.0,119.0,4.0,88022.26,1171011300,33.0,33.0,3.0,0.0,05764
A10025284,거여리본타운 아파트,서울특별시 송파구 거여동 12-1 거여리본타운 아파트,임대,개별난방,10739.0,1,128.0,서일종합건설,서울주택도시공사,024498655, ,아파트,서울특별시 송파구 오금로53길 14,위탁관리,복도식,20180510,024498656,128.0,10513.36,128.0,0.0,0.0,0.0,4145.2,1171011300,8.0,8.0,1.0,2.0,05744
A13811001,거여6단지,서울특별시 송파구 거여동 295 거여6단지,임대,지역난방,47207.85,5,660.0,삼우종합건설,SH공사,024000934,www.i-sh.co.kr/,아파트,서울특별시 송파구 양산로2길 38,위탁관리,복도식,19970410,024000933,660.0,46091.6,660.0,0.0,0.0,0.0,25582.47,1171011300,15.0,15.0,1.0,8.0,05789
A13811202,동아효성아파트(거여2단지),서울특별시 송파구 거여동 291 동아효성아파트(거여2단지),분양,지역난방,90784.61,11,478.0,"동아,효성",동아. 효성,024319686, ,아파트,서울특별시 송파구 양산로8길 24,위탁관리,계단식,19971215,024486790,478.0,68317.34,0.0,0.0,473.0,5.0,58549.24,1171011300,15.0,15.0,0.0,16.0,05778
A13811203,거여4단지,서울특별시 송파구 거여동 293 거여4단지,분양,지역난방,43710.8,6,546.0,삼익주택(주),서울시 도시개발공사,024097356,거여4단지.apti.co.kr,아파트,서울특별시 송파구 양산로4길 8,자치관리,복도식,19970703,024097357,546.0,40584.55,545.0,1.0,0.0,0.0,27346.75,1171011300,12.0,12.0,1.0,9.0,05787
A13811204,거여3단지,서울특별시 송파구 거여동 292 거여3단지,임대,지역난방,52376.0,5,598.0,자유건설,sh공사,024006950, ,아파트,서울특별시 송파구 양산로2길 44,위탁관리,복도식,20001009,024488698,598.0,37395.047,598.0,0.0,0.0,0.0,28026.842,1171011300,15.0,15.0,0.0,10.0,05778
A13811205,거여5단지,서울특별시 송파구 거여동 294 거여5단지,분양,지역난방,61834.14,6,605.0,라이프주택,도시개발공사,024005760, ,아파트,서울특별시 송파구 양산로4길 16,위탁관리,혼합식,19970703,024005761,605.0,60966.1,516.0,89.0,0.0,0.0,38307.11,1171011300,15.0,15.0,1.0,10.0,05788
A13811206,거여1단지,서울특별시 송파구 거여동 290 거여1단지,분양,지역난방,78124.72,6,1004.0,미주실업주식회사,도시개발공사,024318353,거여1단지.apti.co.kr,아파트,서울특별시 송파구 양산로8길 8,위탁관리,복도식,19971125,024318354,1004.0,78124.72,1004.0,0.0,0.0,0.0,48410.32,1171011300,12.0,12.0,1.0,14.0,05779
A13881302,거여현대3차,서울특별시 송파구 거여동 46 거여현대3차,분양,개별난방,34827.72,3,303.0,현대건설,현대건설,024037436, ,아파트,서울특별시 송파구 거마로 41,위탁관리,계단식,19930719,024434562,303.0,33471.01,0.0,302.0,0.0,1.0,25730.66,1171011300,15.0,15.0,2.0,11.0,05735
A13881401,거여현대2차,서울특별시 송파구 거여동 44 거여현대2차,분양,개별난방,31296.732,3,280.0,현대건설,현대건설,024313666, ,아파트,서울특별시 송파구 오금로61길 20,위탁관리,계단식,19920420,024310063,280.0,31296.72,0.0,280.0,0.0,0.0,23228.8,1171011300,12.0,12.0,1.0,13.0,05768
A13881601,거여우방,서울특별시 송파구 거여동 356 거여우방,분양,개별난방,37122.676,3,257.0,(주)우방,(주)우방,024040726, ,아파트,서울특별시 송파구 오금로56길 16,위탁관리,혼합식,19990909,024074723,257.0,26636.78,129.0,92.0,36.0,0.0,19669.11,1171011300,18.0,18.0,2.0,7.0,05771
A13881603,거여현대1차,서울특별시 송파구 거여동 362 거여현대1차,분양,지역난방,55661.0,5,497.0,남산직장조합,남산직장조합,024498490,a00233@hanmail.net,아파트,서울특별시 송파구 오금로54길 10,위탁관리,계단식,19920326,024048490,497.0,55505.703,0.0,497.0,0.0,0.0,41111.1,1171011300,15.0,15.0,0.0,18.0,05771
A10020176,마천 삼익아파트,서울특별시 송파구 마천동 573 마천 삼익아파트,분양,개별난방,14495.03,1,96.0,삼익주택,삼익주택,0234018461, ,아파트,서울특별시 송파구 성내천로 236,위탁관리,복도식,19961115,0234018461,96.0,10148.31,0.0,32.0,64.0,0.0,10148.31,1171011400,17.0,0.0,2.0,2.0,
A10021237,송파건원여미지아파트,서울특별시 송파구 마천동 21- 송파건원여미지아파트,분양,개별난방,10495.0,1,107.0,(주)건원건설,(주)건원건설,024315591, ,아파트,서울특별시 송파구 마천로35길 12,자치관리,혼합식,20181008,024315591,107.0,8420.579,107.0,0.0,0.0,0.0,5538.73,1171011400,20.0,20.0,1.0,3.0,
A10022249,아남아파트,서울특별시 송파구 마천동 9- 아남아파트,분양,개별난방,13282.0,1,122.0,마천아남(주),마천아남(주),024308073, ,아파트,서울특별시 송파구 마천로35길 18,위탁관리,혼합식,19921214,024308072,122.0,9270.42,0.0,122.0,0.0,0.0,9270.42,1171011400,0.0,16.0,1.0,2.0,
A10026717,마천동신동아아파트,서울특별시 송파구 마천동 20 마천동신동아아파트,분양,개별난방,16486.0,2,134.0,"신동아건설(주), 재건축 조합",신동아건설(주),024006220, ,아파트,서울특별시 송파구 성내천로21길 11,자치관리,혼합식,20010529,024006221,134.0,12786.12,60.0,74.0,0.0,0.0,9861.34,1171011400,20.0,20.0,1.0,3.0,05733
A10026961,송파파크데일3단지아파트,서울특별시 송파구 마천동 605 송파파크데일3단지아파트,임대,,8.0,3,148.0,서일종합건설(주),서울주택도시공사,0264150605, ,아파트,서울특별시 송파구 성내천로47길 22,위탁관리,복도식,20170327,0264150607,148.0,8090.7,148.0,0.0,0.0,0.0,3666.68,1171011400,7.0,7.0,1.0,0.0,05748
A13812001,마천금호어울림2차,서울특별시 송파구 마천동 319 마천금호어울림2차,분양,개별난방,25549.46,3,173.0,금호건설,금호건설,024002957, ,아파트,서울특별시 송파구 성내천로 314,위탁관리,계단식,20060424,024002958,173.0,18779.72,22.0,118.0,33.0,0.0,14980.45,1171011400,12.0,12.0,1.0,8.0,05763
A13812002,마천금호,서울특별시 송파구 마천동 304 마천금호,분양,개별난방+기타,25233.0,1,199.0,금호산업,지하철공사직장조합외연합주택조합,024308862, ,아파트,서울특별시 송파구 마천로57길 16,위탁관리,계단식,19980529,024438862,201.0,17473.688,101.0,98.0,0.0,0.0,14373.4,1171011400,18.0,18.0,2.0,6.0,05759
A13812003,금호어울림1차,서울특별시 송파구 마천동 575 금호어울림1차,분양,개별난방,34990.91,3,215.0,금호산업주식회사,금호산업주식회사,024004066, ,아파트,서울특별시 송파구 성내천로 245,위탁관리,계단식,20020326,024002454,215.0,27061.885,0.0,114.0,101.0,0.0,20467.13,1171011400,19.0,19.0,2.0,7.0,05747
A13812004,마천우방,서울특별시 송파구 마천동 576 마천우방,분양,개별난방,33396.67,4,249.0,(주)우방,우신연립 재건축조합,024319334,없음,아파트,서울특별시 송파구 성내천로 211,위탁관리,혼합식,20021129,024077292,247.0,24211.76,106.0,126.0,17.0,0.0,17512,1171011400,19.0,19.0,2.0,7.0,05746
A13812005,송파파크데일2단지,서울특별시 송파구 마천동 607 송파파크데일2단지,혼합,개별난방,116106.55,13,889.0,(주)신일건업,SH공사,024301998, ,아파트,서울특별시 송파구 성내천로47길 38,위탁관리,혼합식,20110127,024301999,889.0,79297.445,581.0,198.0,110.0,0.0,60280.11,1171011400,15.0,15.0,2.0,25.0,05748
A13881701,송파파크데일1단지,서울특별시 송파구 마천동 582 송파파크데일1단지,혼합,개별난방,105770.07,15,812.0,우방건설,SH,024071998,www.songpaparkdale.com/,아파트,서울특별시 송파구 성내천로37길 37,위탁관리,혼합식,20110127,024091998,812.0,74166.18,487.0,224.0,101.0,0.0,57032.74,1171011400,15.0,15.0,2.0,22.0,05748
A10021408,형인허브빌,서울특별시 강동구 명일동 354- 형인허브빌,분양,개별난방,13992.0,1,103.0,형인산업개발,"홍익,동광재거축  조합",0230136369, ,아파트,서울특별시 강동구 상암로49길 13,위탁관리,계단식,20021104, ,103.0,10647.04,0.0,103.0,0.0,0.0,8666.56,1174010100,15.0,15.0,1.0,0.0,
A10025415,래미안솔베뉴,서울특별시 강동구 명일동 359 래미안솔베뉴,혼합,개별난방,256091.9,13,1900.0,삼성물산(주),삼익그린맨션아파트 주택재건축정비사업조합,0269534980,rmasol.xisnd.co.kr,아파트,서울특별시 강동구 양재대로 1650,위탁관리,계단식,20190624,0269534981,1900.0,167138.81,1443.0,445.0,12.0,0.0,119768.6,1174010100,35.0,35.0,3.0,42.0,05266
A10026002,삼환고덕아파트,서울특별시 강동구 명일동 41 삼환고덕아파트,분양,중앙난방,14584.71,1,120.0,삼환기업(주)까뮈,삼환까뮈,024816832, ,아파트,서울특별시 강동구 고덕로62길 126,위탁관리,계단식,19870627,0262806870,120.0,14584.71,0.0,75.0,45.0,0.0,11837.715,1174010100,15.0,15.0,1.0,0.0,05268
A13407002,"명일삼익가든1,2차","서울특별시 강동구 명일동 270 명일삼익가든1,2차",분양,개별난방,88071.72,10,768.0,(주)삼익주택,(주)삼익주택,0234260087, ,아파트,서울특별시 강동구 상암로 224,위탁관리,혼합식,19841016,0234262242,768.0,84555.74,66.0,516.0,126.0,60.0,64102.16,1174010100,15.0,15.0,0.0,18.0,05297
A13407104,명일삼익그린2차,서울특별시 강동구 명일동 15 명일삼익그린2차,분양,중앙난방,221766.27,18,2400.0,삼익그린맨션,삼익건설,0234276454,samik2apt.com,아파트,서울특별시 강동구 고덕로 210,위탁관리,혼합식,19831217,024293969,2400.0,221766.27,765.0,1215.0,420.0,0.0,176252.97,1174010100,15.0,15.0,0.0,49.0,05267
A13407201,명일삼익그린11차,서울특별시 강동구 명일동 38 명일삼익그린11차,분양,개별난방,18346.0,1,152.0,삼익주택,삼익주택,024287062, ,아파트,서울특별시 강동구 명일로 376,위탁관리,혼합식,19860630,0264261451,152.0,18345.78,0.0,92.0,60.0,0.0,14833.98,1174010100,15.0,15.0,1.0,5.0,05268
A13407202,명일삼환아파트,서울특별시 강동구 명일동 47 명일삼환아파트,분양,개별난방,36500.0,2,306.0,삼환기업,삼환기업,024286492,www.gdsw.kr,아파트,서울특별시 강동구 고덕로62길 29,자치관리,계단식,19920630,0234268331,306.0,33375.42,0.0,306.0,0.0,0.0,25985.9,1174010100,17.0,17.0,0.0,9.0,05269
A13407204,명일신동아,서울특별시 강동구 명일동 44 명일신동아,분양,중앙난방,77635.0,7,570.0,신동아건설,신동아건설,024289655,www.gsda.co.kr,아파트,서울특별시 강동구 고덕로 240,자치관리,계단식,19860208,024282655,570.0,75780.0,0.0,120.0,450.0,0.0,64434.9,1174010100,15.0,15.0,0.0,19.0,05268
A13478601,고덕현대아파트,서울특별시 강동구 명일동 56 고덕현대아파트,분양,중앙난방,73374.4,7,524.0,한국도시개발(주),한국도시개발(주),024816061, ,아파트,서울특별시 강동구 동남로71길 41,위탁관리,계단식,19860207,024426062,527.0,73154.4,0.0,164.0,360.0,0.0,61384.04,1174010100,15.0,15.0,0.0,18.0,05270
A13478602,명일진로,서울특별시 강동구 명일동 47-12 명일진로,,,0.0,1,68.0, , , , ,주상복합,서울특별시 강동구 동남로73길 26,기타,,, ,0.0,0.0,0.0,0.0,68.0,0.0,8053.92,1174010100,1.0,17.0,0.0,0.0,
A13482505,명일동우성,서울특별시 강동구 명일동 42 명일동우성,분양,중앙난방,76114.0,8,572.0,우성건설,우성건설,024283095, ,아파트,서울특별시 강동구 고덕로62길 76,위탁관리,계단식,19860523,0264123095,572.0,75543.79,0.0,252.0,320.0,0.0,64170.36,1174010100,15.0,15.0,1.0,20.0,05268
A13482603,명일한양,서울특별시 강동구 명일동 54 명일한양,분양,중앙난방,68771.21,6,540.0,한양건설,한양건설,024818082, ,아파트,서울특별시 강동구 동남로71길 19,위탁관리(직영+위탁),계단식,19860510,0234270426,540.0,68770.914,0.0,150.0,390.0,0.0,57764.7,1174010100,15.0,15.0,0.0,18.0,05270
A13482706,고덕주공9단지,서울특별시 강동구 명일동 257 고덕주공9단지,분양,중앙난방,141846.0,14,1320.0,대한주택관리공사,대한주택관리공사,024816171,kd9.apti.co.kr/,아파트,서울특별시 강동구 상암로 251,위탁관리,혼합식,19851125,024816172,1320.0,141846.0,0.0,1320.0,0.0,0.0,110220.12,1174010100,15.0,15.0,0.0,22.0,05272
A13482801,명일현대,서울특별시 강동구 명일동 251-1 명일현대,분양,개별난방,24362.0,2,226.0,(주)현대산업개발,아남산업 외9개조합주택,024275577, ,아파트,서울특별시 강동구 양재대로134길 87,위탁관리,혼합식,19881004,0234279263,226.0,20441.94,140.0,86.0,0.0,0.0,15260.46,1174010100,15.0,15.0,0.0,4.0,05293
A13483002,명일지에스,서울특별시 강동구 명일동 332 명일지에스,분양,개별난방,102623.56,2,772.0,LG건설,명일시영아파트 재건축조합,024412091,www.milgapt.com,아파트,서울특별시 강동구 상암로51길 61,위탁관리,혼합식,19991227,024418267,772.0,100104.81,310.0,462.0,0.0,0.0,57749.55,1174010100,23.0,23.0,0.0,15.0,05292
A10020628,고덕 온빛채,서울특별시 강동구 고덕동 716-62 고덕 온빛채,임대,기타,62196.23,6,0.0,태영건설,서울주택도시공사,0269566594, ,아파트,서울특별시 강동구 아리수로 385,위탁관리,복도식,20250516,0269566595,702.0,61834.39,0.0,0.0,0.0,0.0,25955.88,1174010200,1.0,18.0,0.0,14.0,
A10022715,고덕풍경채어바니티,서울특별시 강동구 고덕동  고덕풍경채어바니티,분양,지역난방,183800.11,6,780.0,제일건설,고덕강일1피에프브이,024819115,https://v2admin.aptner.com/,아파트,서울특별시 강동구 아리수로 375,위탁관리,혼합식,20240130,024819116,780.0,96384.5,0.0,561.0,219.0,0.0,69378.03,1174010200,27.0,27.0,2.0,40.0,05206
A10024562,고덕센트럴푸르지오,서울특별시 강동구 고덕동 210-1 고덕센트럴푸르지오,혼합,지역난방,125594.0,4,656.0,(주)대우건설,아시아신탁(주),024419005, ,주상복합,서울특별시 강동구 고덕로 399,위탁관리,혼합식,20200820,024429005,656.0,51129.97,651.0,5.0,0.0,0.0,36076.48,1174010200,36.0,36.0,5.0,0.0,05222
A10025263,고덕 그라시움 아파트,서울특별시 강동구 고덕동 212 고덕 그라시움 아파트,혼합,지역난방,811620.0,53,4932.0,"대우건설, SK건설, 현대건설",고덕주공2단지 주택재건축,024429265,gdgm.aptner.com,아파트,서울특별시 강동구 고덕로 333,위탁관리,계단식,20190927,024429264,4935.0,504198.94,1964.0,2598.0,365.0,5.0,367195.74,1174010200,35.0,35.0,3.0,135.0,05224
A10027207,래미안힐스테이트 고덕,서울특별시 강동구 고덕동 670 래미안힐스테이트 고덕,혼합,지역난방,673476.25,51,3658.0,"삼성, 현대",고덕시영아파트 주택재건축사업조합,024818729,rhgd.aptner.com/v2,아파트,서울특별시 강동구 아리수로50길 50,위탁관리,계단식,20161229,024818732,3658.0,396457.53,1074.0,2105.0,472.0,7.0,289807.74,1174010200,35.0,35.0,3.0,96.0,05229
A13408003,고덕아이파크아파트,서울특별시 강동구 고덕동 499 고덕아이파크아파트,혼합,지역난방,229501.16,14,1142.0,현대산업개발주식회사,고덕주공1단지아파트주택재건축정비사업조합,024265590,godukipark.com/admin,아파트,서울특별시 강동구 동남로79길 26,위탁관리,계단식,20111228,024265589,1142.0,145199.4,264.0,474.0,209.0,195.0,111032.41,1174010200,20.0,20.0,3.0,38.0,05232
A13480401,고덕현대,서울특별시 강동구 고덕동 312 고덕현대,분양,개별난방,52625.66,4,448.0,현대,현대,024424262,a01696@hanmail.net,아파트,서울특별시 강동구 고덕로61길 37,위탁관리,혼합식,19951130,024263689,448.0,52625.66,229.0,219.0,0.0,0.0,32294.4,1174010200,22.0,22.0,3.0,10.0,05234
A13480403,고덕아남,서울특별시 강동구 고덕동 486 고덕아남,분양,개별난방,100548.0,8,807.0,아남건설,아남건설,024263413, ,아파트,서울특별시 강동구 양재대로 1706,위탁관리,혼합식,19960329,024813843,807.0,81261.16,82.0,725.0,0.0,0.0,64111.76,1174010200,19.0,19.0,1.0,22.0,05230
A10020567,삼성빌라,서울특별시 강동구 상일동 173- 삼성빌라,분양,개별난방,22169.45,1,0.0,삼성물산,삼성물산,024261760, ,연립주택,서울특별시 강동구 상암로 325,자치관리,계단식,19880728,024261763,132.0,21209.1,0.0,0.0,0.0,0.0,18001.5,1174010300,3.0,3.0,1.0,0.0,
A10021433,고덕아르테스미소지움,서울특별시 강동구 상일동 555- 고덕아르테스미소지움,분양,개별난방,11127.0,3,100.0,신성건설주식회사,벽산빌라가로주택정비조합,0234277442, ,아파트,서울특별시 강동구 동남로 858,위탁관리,계단식,20220527, ,100.0,11126.58,38.0,60.0,2.0,0.0,7633.72,1174010300,12.0,12.0,2.0,0.0,
A10022756,e편한세상 고덕 어반브릿지,서울특별시 강동구 상일동 554-38 e편한세상 고덕 어반브릿지,분양,지역난방,105461.52,6,593.0,DL 이앤씨(주),주식회사 강일고덕10피에프브이,024299260, ,아파트,서울특별시 강동구 고덕로98길 75,위탁관리,혼합식,20240222,024299261,593.0,69691.53,0.0,419.0,174.0,0.0,52849.2392,1174010300,27.0,27.0,1.0,34.0,05416
A10023855,강동리엔파크13단지아파트,서울특별시 강동구 상일동 33 강동리엔파크13단지아파트,임대,지역난방,75184.87,10,675.0,KR산업,서울주택도시공사,024276622,https://강동리엔파크13단.apti.co.kr/aptHome/,아파트,서울특별시 강동구 고덕로98길 161,위탁관리,혼합식,20220415,024276623,675.0,74827.234,675.0,0.0,0.0,0.0,33682.24,1174010300,22.0,22.0,2.0,0.0,05416
A10024412,강동리엔파크 14단지 아파트,서울특별시 강동구 상일동 28 강동리엔파크 14단지 아파트,혼합,지역난방,87618.24,9,943.0,대우조선해양건설(주),서울주택도시공사,024412845, ,아파트,서울특별시 강동구 고덕로98길 160,위탁관리,혼합식,20210210,024412855,943.0,87618.24,943.0,0.0,0.0,0.0,37803.9,1174010300,14.0,14.0,2.0,23.0,05286
A10024420,강동리엔파크11단지,서울특별시 강동구 상일동 36-3 강동리엔파크11단지,임대,지역난방,43966.95,3,600.0,신동아건설,서울주택도시공사,024263630, ,아파트,서울특별시 강동구 고덕로98길 101,위탁관리,복도식,20210215,024273630,600.0,43641.82,600.0,0.0,0.0,0.0,15531.94,1174010300,22.0,22.0,2.0,0.0,05416
A10024473,고덕자이 아파트,서울특별시 강동구 상일동 124 고덕자이 아파트,분양,지역난방,295366.28,19,1824.0,GS건설,고덕주공6단지주택재건축정비사업조합,0269513717,gdxi.xisnd.co.kr,아파트,서울특별시 강동구 상일로 55,위탁관리,계단식,20210107,0269513718,1824.0,184641.64,580.0,1130.0,114.0,0.0,139699.63,1174010300,29.0,29.0,3.0,59.0,05275
A10024798,상일우성타운,서울특별시 강동구 상일동 174 상일우성타운,분양,개별난방,16173.0,9,105.0,우성건설,우성건설,024281322, ,연립주택,서울특별시 강동구 상암로 331,자치관리,계단식,19890504,024281312,105.0,16173.0,0.0,45.0,0.0,60.0,13891.17,1174010300,3.0,3.0,0.0,0.0,05280
A10025010,고덕 아르테온 아파트,서울특별시 강동구 상일동 519 고덕 아르테온 아파트,혼합,지역난방,671682.2,41,4066.0,현대건설.대림산업,고덕3단지아파트주택재건축정비사업조합,024270997,gartheon.xisnd.co.kr/,아파트,서울특별시 강동구 고덕로 360,위탁관리,계단식,20200226,024270998,4066.0,430315.97,1220.0,2676.0,170.0,0.0,320038.25,1174010300,34.0,34.0,3.0,100.0,05274
A10025104,고덕센트럴 아이파크,서울특별시 강동구 상일동 131 고덕센트럴 아이파크,혼합,지역난방,287871.53,19,1745.0,현대산업개발,고덕주공5단지 재건축조합,0269599395,gcipark.xisnd.co.kr/,아파트,서울특별시 강동구 고덕로80길 99,위탁관리,계단식,20191230,0269599396,1752.0,180114.78,638.0,1012.0,95.0,0.0,131976.51,1174010300,29.0,29.0,2.0,50.0,05276
A10025112,고덕롯데캐슬베네루체,서울특별시 강동구 상일동 187 고덕롯데캐슬베네루체,분양,지역난방,324728.0,20,1859.0,롯데건설,고덕7단지 주택재건축정비사업조합,0269593940,https://glcastle.aptner.com,아파트,서울특별시 강동구 상암로79길 88,위탁관리,계단식,20191230,0269593941,1859.0,196965.0,461.0,1340.0,58.0,0.0,148201.232,1174010300,29.0,29.0,4.0,51.0,05281
A10026403,고덕숲아이파크아파트,서울특별시 강동구 상일동 515 고덕숲아이파크아파트,혼합,지역난방,114533.84,13,687.0,현대산업개발(주),고덕주공4단지주택재건축정비사업조합,024429927,gdsipark.apti.co.k,아파트,서울특별시 강동구 고덕로80길 134,위탁관리,계단식,20180308,024429928,687.0,71361.26,258.0,387.0,42.0,0.0,52861.07,1174010300,25.0,25.0,3.0,22.0,05277
A13409001,상일동아,서울특별시 강동구 상일동 473 상일동아,분양,개별난방,22428.0,1,186.0,(주)동아건설,상일동연합주택조합,0234265244, ,아파트,서울특별시 강동구 상암로81길 7,자치관리,혼합식,19970621,0234265233,186.0,17735.84,110.0,76.0,0.0,0.0,12968.58,1174010300,19.0,19.0,2.0,0.0,05284
A13472701,고덕리엔파크3단지,서울특별시 강동구 상일동 490 고덕리엔파크3단지,혼합,지역난방,222564.0,41,2283.0,신동아건설(주),SH공사,024290584,www.고덕리엔파크3단지.apti.co.kr,아파트,서울특별시 강동구 상일로 74,위탁관리,혼합식,20110127,024290586,2283.0,219853.23,1237.0,752.0,294.0,0.0,166321.17,1174010300,20.0,20.0,2.0,55.0,05287
A13483803,명일중앙하이츠아파트,서울특별시 강동구 상일동 476 명일중앙하이츠아파트,분양,개별난방,40780.86,5,410.0,중앙개발,중앙개발,024271470, ,아파트,서울특별시 강동구 구천면로 557,자치관리,혼합식,19920509,024272917,410.0,38664.45,156.0,254.0,0.0,0.0,30557.86,1174010300,13.0,13.0,1.0,12.0,05279
A10020308,강동와이시티,서울특별시 강동구 길동 414-4 강동와이시티,혼합,개별난방,8494.59,1,0.0,요진건설산업(주),아시아신탁주식회사,024701135, ,도시형 생활주택(주상복합),서울특별시 강동구 천호대로175길 42,위탁관리,복도식,20140128,024701137,216.0,5569.2,0.0,0.0,0.0,0.0,3018,1174010500,1.0,18.0,0.0,0.0,
A10020684,길동생활B,서울특별시 강동구 길동 368-7 길동생활B,임대,개별난방,11577.07,1,0.0,이랜드건설,주식회사대한제37호위탁관리부동산투자회사,024861441, ,도시형 생활주택(주상복합),서울특별시 강동구 양재대로 1501,위탁관리,복도식,20241204,024861142,270.0,9852.74,0.0,0.0,0.0,0.0,5736.02,1174010500,19.0,18.0,2.0,3.0,
A10020736,길동생활A,서울특별시 강동구 길동 367-1 길동생활A,임대,개별난방,14800.68,1,297.0,이랜드건설(주),(주)대한제37호위탁관리부동산투자회사,024831991, ,도시형 생활주택(아파트),서울특별시 강동구 양재대로 1499,위탁관리,복도식,20241204,024831992,297.0,12757.52,297.0,0.0,0.0,0.0,7917.99,1174010500,22.0,21.0,2.0,4.0,
A10020988,길동한빛아파트103동,서울특별시 강동구 길동 384-5 길동한빛아파트103동,분양,개별난방,14230.0,1,108.0,한빛건설,한빛건설,024776916, ,주상복합,서울특별시 강동구 성안로 170,위탁관리,복도식,20040608,024776917,108.0,10710.65,27.0,81.0,0.0,0.0,7474.27,1174010500,1.0,15.0,0.0,0.0,
A10020989,길동한빛아파트101동,서울특별시 강동구 길동 384-1 길동한빛아파트101동,분양,개별난방,20113.0,1,131.0,한빛건설,한빛건설,024776916, ,주상복합,서울특별시 강동구 성안로 176,위탁관리,복도식,20011013,024776917,131.0,12582.12,0.0,131.0,0.0,0.0,9512.7,1174010500,1.0,18.0,0.0,0.0,
A10022001,희훈리치파크아파트,서울특별시 강동구 길동 472- 희훈리치파크아파트,분양,개별난방,13715.0,1,102.0,희훈종합건설,희훈종합건설,024877599, ,아파트,서울특별시 강동구 천중로44길 40,위탁관리,계단식,20021212, ,102.0,10519.34,0.0,102.0,0.0,0.0,8391.89,1174010500,15.0,15.0,1.0,4.0,
A10022525,강동헤리티지자이,서울특별시 강동구 길동 160 강동헤리티지자이,혼합,개별난방+기타,178296.0,8,1299.0,GS건설,길동신동아1차2차아파트주택재건축정비사업조합,0269587053, ,아파트,서울특별시 강동구 천중로 264,위탁관리,계단식,20240627,0269587054,1299.0,112991.84,940.0,359.0,0.0,0.0,83485.71,1174010500,33.0,33.0,3.0,32.0,
A10024932,e편한세상 강동에코포레 아파트,서울특별시 강동구 길동 43 e편한세상 강동에코포레 아파트,혼합,개별난방,53691.0,6,366.0,고려개발(주),길동신동아3차아파트 주택재건축조합,024701535, ,아파트,서울특별시 강동구 천중로 253,위탁관리,계단식,20200414,024701536,366.0,33200.22,250.0,116.0,0.0,0.0,24544.3,1174010500,21.0,21.0,3.0,8.0,05300
A10024972,길동신동아아파트,서울특별시 강동구 길동 92 길동신동아아파트,분양,개별난방,11962.41,1,95.0,신동아건설(주),미광연립재건축주택조합,024743626, ,아파트,서울특별시 강동구 명일로 260,위탁관리,복도식,19991126,024743626,95.0,8495.52,43.0,52.0,0.0,0.0,6001.42,1174010500,12.0,12.0,2.0,0.0,05300
A13470101,길동삼익파크,서울특별시 강동구 길동 53 길동삼익파크,분양,개별난방,102794.36,12,1092.0,삼익건설,삼익건설,024768162,www.samikparkapt.com,아파트,서울특별시 강동구 명일로 293,자치관리,혼합식,19820904,024768161,1092.0,99728.91,192.0,504.0,276.0,120.0,91549.85,1174010500,12.0,12.0,0.0,24.0,05298
A13470102,강동QV2차,서울특별시 강동구 길동 415-13 강동QV2차,분양,개별난방,9252.26,1,236.0,대우건설주식회사,주식회사무궁화신탁,024706426, ,주상복합,서울특별시 강동구 진황도로 85,위탁관리,복도식,20130430,024716427,236.0,3441.12,236.0,0.0,0.0,0.0,3441.12,1174010500,15.0,15.0,1.0,2.0,05354
A13470103,길동라인,서울특별시 강동구 길동 365-1 길동라인,분양,개별난방,17831.7,1,128.0,라인건설,라인건설,024852325, ,아파트,서울특별시 강동구 천중로50길 48-12,위탁관리,혼합식,19980915,024735322,128.0,13118.6,67.0,27.0,34.0,0.0,9904.85,1174010500,17.0,17.0,2.0,3.0,05343
A13470104,청광플러스원큐브3차,서울특별시 강동구 길동 415-16 청광플러스원큐브3차,분양,개별난방,7293.53,1,207.0,청광종합건설(주),청광종합건설(주),024700093, ,주상복합,서울특별시 강동구 진황도로 87,위탁관리,복도식,20141006,024793900,291.0,4946.871,207.0,0.0,0.0,0.0,2769.591,1174010500,19.0,19.0,1.0,0.0,05354
A13480803,길동현대아파트,서울특별시 강동구 길동 470 길동현대아파트,분양,개별난방,31094.0,2,264.0,현대,현대,024757876, ,아파트,서울특별시 강동구 천호대로 1231,위탁관리,혼합식,19960809,0264850102,264.0,29805.6,100.0,164.0,0.0,0.0,19904.22,1174010500,18.0,18.0,2.0,8.0,05349
A13481001,길동우성1차,서울특별시 강동구 길동 332 길동우성1차,분양,개별난방,16822.0,2,162.0,우성건설,우성건설,024709574, ,아파트,서울특별시 강동구 천중로49길 58,위탁관리(직영+위탁),계단식,19891006,024709570,162.0,13216.77,0.0,162.0,0.0,0.0,13215.96,1174010500,9.0,9.0,0.0,9.0,05302
A13481305,길동우성2차,서울특별시 강동구 길동 400 길동우성2차,분양,개별난방,85080.0,6,811.0,우성건설,우성건설,024712639, ,아파트,서울특별시 강동구 천호대로193길 37,자치관리,혼합식,19941029,024716552,811.0,74433.055,289.0,522.0,0.0,0.0,59218.06,1174010500,18.0,18.0,2.0,21.0,05350
A13488104,길동GS강동자이,서울특별시 강동구 길동 474 길동GS강동자이,분양,개별난방,116210.22,12,596.0,GS건설주식회사,성우아파트재건축조합,024770093,강동GS자이.apti.co.kr,아파트,서울특별시 강동구 천호대로 1239,위탁관리,계단식,20031112,024770095,596.0,80460.37,0.0,272.0,249.0,75.0,65599.08,1174010500,24.0,23.0,2.0,16.0,05348
A10021122,올림픽파크포레온,서울특별시 강동구 둔촌동 633- 올림픽파크포레온,혼합,지역난방,2077545.5,85,12032.0,"대우건설, 현대산업개발, 현대건설, 롯데건설",둔촌주공아파트 주택재건축정비사업조합,024712010, ,아파트,서울특별시 강동구 양재대로 1300,위탁관리,혼합식,20241125,024712021,12032.0,1225530.1,5130.0,4370.0,2489.0,43.0,899134.87,1174010600,35.0,35.0,3.0,351.0,
A10021603,둔촌한솔솔파크,서울특별시 강동구 둔촌동 611- 둔촌한솔솔파크,분양,개별난방,19573.0,2,132.0,한솔건설(주),한솔건설(주),024720844, ,아파트,서울특별시 강동구 천호대로198길 36,위탁관리,계단식,20030724,024720840,132.0,14632.34,0.0,88.0,44.0,0.0,11977.92,1174010600,15.0,15.0,1.0,6.0,
A10021705,더샵둔촌포레,서울특별시 강동구 둔촌동 30-4 더샵둔촌포레,분양,지역난방,99209.09,8,572.0,포스코이앤씨,둔촌현대1차아파트리모델링주택조합,024840949,https://management.postown.net/login,아파트,서울특별시 강동구 동남로49길 57,위탁관리,계단식,20241030,024849991,572.0,65739.17,0.0,52.0,520.0,0.0,53941.1332,1174010600,14.0,14.0,2.0,0.0,
A10023059,더샵파크솔레이유아파트,서울특별시 강동구 둔촌동 85-2 더샵파크솔레이유아파트,분양,개별난방,32729.0,4,195.0,(주)포스코이앤씨,둔촌동삼익빌라주택재건축정비사업조합,024747790, ,아파트,서울특별시 강동구 진황도로61길 25-23,위탁관리,혼합식,20230607,024747792,195.0,18130.08,119.0,64.0,12.0,0.0,13226.91,1174010600,10.0,10.0,2.0,9.0,05367
A13406002,둔촌동동아,서울특별시 강동구 둔촌동 621 둔촌동동아,분양,개별난방,20338.85,2,170.0,동아건설,"조합, 동아건설",024703336, ,아파트,서울특별시 강동구 동남로49길 60-5,위탁관리,혼합식,19971231,0264061858,170.0,17224.58,64.0,106.0,0.0,0.0,12632.4,1174010600,19.0,19.0,1.0,5.0,05366
A13406003,둔촌하이츠,서울특별시 강동구 둔촌동 545 둔촌하이츠,분양,개별난방,31099.74,1,232.0,중앙건설(주),청수연립재건축조합,024820190, ,아파트,서울특별시 강동구 명일로 113,위탁관리,혼합식,19980501,024740631,232.0,24629.49,117.0,82.0,33.0,0.0,17712.48,1174010600,20.0,20.0,2.0,5.0,05371
A13406005,둔촌프라자,서울특별시 강동구 둔촌동 603 둔촌프라자,분양,개별난방,41989.37,4,354.0,태평양건설,000,024861400, ,아파트,서울특별시 강동구 천호대로 1240,위탁관리,계단식,19841210,0264866105,354.0,34144.2,0.0,174.0,180.0,0.0,34144.2,1174010600,15.0,15.0,0.0,12.0,05359
A13406007,둔촌성원,서울특별시 강동구 둔촌동 613 둔촌성원,,,0.0,1,74.0, , , , ,아파트,서울특별시 강동구 명일로12길 56,기타,,, ,0.0,0.0,30.0,44.0,0.0,0.0,5125.5,1174010600,1.0,16.0,0.0,0.0,05358
A13406201,둔촌현대2차,서울특별시 강동구 둔촌동 70-5 둔촌현대2차,분양,개별난방,19769.3,2,196.0,현대건설(주),한국보험공사직장조합,024734551, ,아파트,서울특별시 강동구 풍성로65길 34,위탁관리,복도식,19880129,024734551,196.0,19035.2,40.0,156.0,0.0,0.0,14050.2,1174010600,12.0,12.0,1.0,3.0,05371
A13406204,둔촌신동아,서울특별시 강동구 둔촌동 555 둔촌신동아,분양,개별난방,50289.0,3,357.0,신동아건설(주),신동아건설(주),024769580, ,아파트,서울특별시 강동구 양재대로96길 79,위탁관리,혼합식,20021115,024762030,357.0,26046.5,149.0,182.0,26.0,0.0,26044.54,1174010600,25.0,25.0,2.0,0.0,05371
A13406205,신성둔촌미소지움1차,서울특별시 강동구 둔촌동 546 신성둔촌미소지움1차,분양,개별난방,60251.99,2,460.0,주식회사 신성,주식회사 신성,024823002, ,아파트,서울특별시 강동구 명일로 102,위탁관리,혼합식,19980502,024750546,460.0,47272.28,233.0,156.0,71.0,0.0,35078.48,1174010600,24.0,24.0,2.0,0.0,05370
A13470502,신성둔촌미소지움2차,서울특별시 강동구 둔촌동 134-10 신성둔촌미소지움2차,분양,개별난방,42476.0,3,278.0,신성건설,일촌연립재건축조합,024880886, ,아파트,서울특별시 강동구 진황도로 212,위탁관리,혼합식,20001209,024880887,278.0,30722.32,72.0,146.0,60.0,0.0,23575.44,1174010600,22.0,22.0,2.0,6.0,05370
A13470503,둔촌푸르지오,서울특별시 강동구 둔촌동 630 둔촌푸르지오,분양,개별난방,130642.39,10,800.0,대우건설,길동진흥아파트주택재건축정비사업조합,024786156, ,아파트,서울특별시 강동구 명일로 172,자치관리,계단식,20100312,024780550,800.0,87978.48,179.0,500.0,121.0,0.0,66944.96,1174010600,25.0,25.0,2.0,21.0,05360
A13470504,둔촌현대3차,서울특별시 강동구 둔촌동 135-1 둔촌현대3차,분양,개별난방,15397.88,1,160.0,현대산업개발,현대산업개발,024885855, ,아파트,서울특별시 강동구 진황도로 211,자치관리,혼합식,19880602,024885934,160.0,15349.488,7.0,153.0,0.0,0.0,11779.56,1174010600,12.0,12.0,0.0,4.0,05369
A13481802,둔촌현대4차,서울특별시 강동구 둔촌동 89 둔촌현대4차,분양,개별난방,27333.75,2,235.0,현대산업개발,현대산업개발,024769923, ,아파트,서울특별시 강동구 진황도로61길 7,위탁관리,혼합식,19960229,0264282140,235.0,26480.68,62.0,128.0,45.0,0.0,19698.32,1174010600,19.0,19.0,0.0,4.0,05367
A10020036,한솔 솔파크 더리버 아파트,서울특별시 강동구 암사동 518 한솔 솔파크 더리버 아파트,분양,개별난방,17985.69,3,127.0,한솔건설,샘하우징,024265774, ,아파트,서울특별시 강동구 선사로 120,위탁관리,계단식,20090810,024264036,127.0,13461.137,0.0,0.0,127.0,0.0,13461.1364,1174010700,16.0,0.0,1.0,0.0,
A10020122,한강포스파크아파트,서울특별시 강동구 암사동 445 한강포스파크아파트,분양,개별난방,20487.28,1,134.0,포스코건설,서방연립재건축주택조합,0234262962, ,아파트,서울특별시 강동구 고덕로19길 30,위탁관리,계단식,20020906,0234262961,134.0,14239.29,0.0,15.0,100.0,19.0,14239.29,1174010700,19.0,0.0,2.0,4.0,
A10021259,암사라인아파트,서울특별시 강동구 암사동 442- 암사라인아파트,분양,개별난방,14440.0,1,107.0,라인건설,라인건설,024261632, ,아파트,서울특별시 강동구 고덕로 53,위탁관리,혼합식,19960112,024261632,107.0,10567.83,57.0,50.0,0.0,0.0,7625.88,1174010700,19.0,19.0,2.0,3.0,
A10023046,암사중앙하이츠아파트,서울특별시 강동구 암사동 493-14 암사중앙하이츠아파트,분양,개별난방,14442.16,1,126.0,중앙건설(주),중앙건설(주),024818708, ,아파트,서울특별시 강동구 올림픽로98가길 47,위탁관리,복도식,19980729,024288709,126.0,10599.16,115.0,0.0,11.0,0.0,7940.12,1174010700,11.0,11.0,2.0,2.0,05262
A10025174,힐스테이트강동리버뷰,서울특별시 강동구 암사동 675 힐스테이트강동리버뷰,혼합,개별난방,47479.754,5,460.0,현대엔지니어링,한국자산신탁,024269915, ,주상복합,서울특별시 강동구 올림픽로91길 30,위탁관리,계단식,20191112,024269916,460.0,47479.754,143.0,317.0,0.0,0.0,35514.0952,1174010700,26.0,26.0,3.0,11.0,05242
A13405002,암사삼성광나루,서울특별시 강동구 암사동 508 암사삼성광나루,분양,개별난방,76947.29,4,490.0,삼성중공업(주),신창보훈아파트재건축주택조합,0230134500, ,아파트,서울특별시 강동구 상암로3길 77,위탁관리,계단식,20021101,0230134501,490.0,56280.05,150.0,220.0,72.0,48.0,43442.02,1174010700,28.0,28.0,2.0,12.0,05240
A13405003,프라이어팰리스,서울특별시 강동구 암사동 413 프라이어팰리스,분양,개별난방,263646.25,22,1622.0,"현대,대림","현대,대림",0234274569,www.priorpalace.net,아파트,서울특별시 강동구 고덕로 130,위탁관리,계단식,20070709,0234274571,1622.0,181847.08,328.0,914.0,380.0,0.0,140764.96,1174010700,30.0,30.0,2.0,35.0,05256
A13405201,암사선사현대,서울특별시 강동구 암사동 509 암사선사현대,분양,개별난방,346795.47,16,2938.0,"현대건설, 현대산업개발","현대건설, 현대산업개발",0230133224,www.sshdapt.com,아파트,서울특별시 강동구 상암로 11,위탁관리,혼합식,20000615,0230133226,2938.0,287197.4,1403.0,1409.0,126.0,0.0,209681,1174010700,28.0,28.0,3.0,48.0,05240
A13471501,암사한강현대,서울특별시 강동구 암사동 442-1 암사한강현대,분양,개별난방,56367.58,3,417.0,현대건설주식회사,율산아파트재건축조합,0234269184, ,아파트,서울특별시 강동구 올림픽로104길 42,위탁관리,계단식,19990531,024412526,417.0,43237.79,168.0,162.0,87.0,0.0,33130.5,1174010700,27.0,27.0,2.0,9.0,05238
A13485301,강동현대홈타운,서울특별시 강동구 암사동 400 강동현대홈타운,분양,개별난방,85897.99,9,568.0,현대건설,동서울아파트 재건축조합,024273381,강동현대홈타운.apti.co.kr,아파트,서울특별시 강동구 고덕로27길 36,위탁관리,계단식,20040827,024283383,568.0,48126.42,122.0,346.0,100.0,0.0,48126.42,1174010700,25.0,25.0,2.0,12.0,05236
A13485302,강동롯데캐슬퍼스트아파트,서울특별시 강동구 암사동 414-2 강동롯데캐슬퍼스트아파트,분양,개별난방,399293.03,40,3226.0,롯데건설(주),롯데건설(주),0234270036,www.강동롯데캐슬퍼스트.com,아파트,서울특별시 강동구 고덕로 131,위탁관리,계단식,20080925,0234270038,3226.0,397744.34,654.0,1068.0,1444.0,60.0,300048.27,1174010700,34.0,34.0,2.0,62.0,05236
A13485401,암사동한솔아파트,서울특별시 강동구 암사동 419 암사동한솔아파트,분양,개별난방,28932.0,4,203.0,한솔건설,샘하우징,0230130110, ,아파트,서울특별시 강동구 암사19길 25,위탁관리,계단식,20020129,0230132332,203.0,22466.11,0.0,165.0,38.0,0.0,18089.45,1174010700,14.0,14.0,1.0,9.0,05258
A10020199,파크프라자아파트(성내동),서울특별시 강동구 성내동 428-2 파크프라자아파트(성내동),분양,개별난방,23909.9,1,87.0,솔뫼종합건설(주),둔촌시장(주),024751442, ,도시형 생활주택(주상복합),서울특별시 강동구 양재대로89길 16,위탁관리,복도식,20030526,024751443,87.0,10232.36,0.0,7.0,71.0,9.0,10232.36,1174010800,12.0,0.0,4.0,0.0,
A10020681,그란츠 리버파크,서울특별시 강동구 성내동 611- 그란츠 리버파크,혼합,지역난방,59294.527,2,0.0,(주)대림,(주)디에이치프라퍼티원,024720116, ,주상복합,서울특별시 강동구 천호대로 1050,위탁관리,혼합식,20250328,024720118,407.0,59294.527,0.0,0.0,0.0,0.0,25889.8075,1174010800,42.0,42.0,7.0,8.0,
A10022572,힐스테이트 천호역 젠트리스,서울특별시 강동구 성내동 48-6 힐스테이트 천호역 젠트리스,분양,개별난방,69710.0,1,160.0,현대엔지어링,정주시에스시(주),024740611, ,아파트,서울특별시 강동구 천호대로 1024,위탁관리,복도식,20240530,024884038,160.0,19480.4,0.0,160.0,0.0,0.0,13576,1174010800,45.0,45.0,7.0,2.0,05378
A10022996,천호역 효성해링턴타워,서울특별시 강동구 성내동 609 천호역 효성해링턴타워,임대,개별난방,606921.0,2,900.0,진흥기업,주식회사 이지스청년주택제1호위탁관리부동산투자회사,024887936,https://www.cheonho2030.com/,주상복합,서울특별시 강동구 올림픽로 610,위탁관리,복도식,20230724,024887937,900.0,35706.0,900.0,0.0,0.0,0.0,20170.8,1174010800,32.0,32.0,7.0,6.0,05385
A10027354,올림픽파크한양수자인,서울특별시 강동구 성내동 547-1 올림픽파크한양수자인,혼합,개별난방,73110.28,5,482.0,(주)한양,미주아파트 재건축조합,024719630,cafe.daum.net/sungnaero80,아파트,서울특별시 강동구 성내로 80,위탁관리,계단식,20160818,024719631,482.0,50105.22,190.0,210.0,82.0,0.0,38643.4,1174010800,24.0,24.0,2.0,12.0,05401
A13403001,성내2차e-편한세상,서울특별시 강동구 성내동 137 성내2차e-편한세상,분양,개별난방,22219.0,2,151.0,(주)삼호,대농연립재건축조합,024866688, ,아파트,서울특별시 강동구 풍성로37길 55,위탁관리,계단식,20041124,024866644,151.0,22218.08,0.0,126.0,25.0,0.0,13446.17,1174010800,13.0,13.0,1.0,7.0,05387
A13403002,성내성안청구,서울특별시 강동구 성내동 295 성내성안청구,분양,개별난방,44460.35,2,349.0,청구,럭키외 5개조합,024702694, ,아파트,서울특별시 강동구 풍성로 114-1,위탁관리,혼합식,20020725,024702695,349.0,33433.98,180.0,169.0,0.0,0.0,24791.56,1174010800,23.0,23.0,2.0,7.0,05393
A13403004,LIG건영강동리가,서울특별시 강동구 성내동 244-12 LIG건영강동리가,,,12798.65,1,46.0, , ,024774197, ,주상복합,서울특별시 강동구 천호대로 1120,기타,,20080724,024774198,46.0,5966.34,0.0,24.0,22.0,0.0,4795.54,1174010800,1.0,15.0,0.0,0.0,05373
A13403005,성내동신일유토빌,서울특별시 강동구 성내동 603 성내동신일유토빌,,,0.0,1,65.0, , , , ,아파트,서울특별시 강동구 양재대로81길 16,기타,,, ,0.0,0.0,8.0,57.0,0.0,0.0,4878.2,1174010800,1.0,12.0,0.0,0.0,
A13403101,성내삼성,서울특별시 강동구 성내동 590 성내삼성,분양,중앙난방,160983.98,10,1220.0,삼성물산(주),삼성물산(주),024865721, ,아파트,서울특별시 강동구 풍성로38길 22,위탁관리,혼합식,19990901,0264135721,1220.0,129309.234,510.0,485.0,225.0,0.0,97618.2,1174010800,28.0,28.0,3.0,27.0,05393
A13484003,성내현대,서울특별시 강동구 성내동 30-2 성내현대,분양,개별난방,25854.0,2,277.0,현대산업개발(주),현대산업개발주식회사,024747092, ,아파트,서울특별시 강동구 천호옛12길 27,위탁관리,복도식,19871212,024746788,277.0,25852.93,169.0,108.0,0.0,0.0,18947.38,1174010800,11.0,11.0,0.0,4.0,05384
A13484004,SK허브진주상복합아파트,서울특별시 강동구 성내동 194 SK허브진주상복합아파트,분양,개별난방,23327.07,1,325.0,SK건설,(주)리얼리치,024785928,SK허브진주상복합아파트.ma-um.co.kr,주상복합,서울특별시 강동구 천호대로 1092,위탁관리,복도식,20041021,024785929,325.0,23327.07,325.0,0.0,0.0,0.0,11486.15,1174010800,15.0,15.0,3.0,3.0,05381
A13484102,성내코오롱,서울특별시 강동구 성내동 196-8 성내코오롱,분양,개별난방,34851.02,2,257.0,코오롱건설,코오롱건설,024886828, ,아파트,서울특별시 강동구 천호대로168길 25,자치관리,혼합식,19990518,024856828,257.0,27271.31,120.0,75.0,62.0,0.0,20201.11,1174010800,21.0,21.0,2.0,6.0,05381
A13484201,성내1차e-편한세상,서울특별시 강동구 성내동 598 성내1차e-편한세상,분양,개별난방,31451.37,3,203.0,삼호건설,삼호건설,024735566, ,아파트,서울특별시 강동구 천호대로168길 58,위탁관리,계단식,20031114,024734455,203.0,23206.98,0.0,153.0,50.0,0.0,18852,1174010800,15.0,15.0,0.0,8.0,05382
A13484501,둔촌역청구아파트,서울특별시 강동구 성내동 419-1 둔촌역청구아파트,분양,개별난방,21637.0,2,222.0,(주)청구주택,둔촌역지역주택조합,024867255, ,아파트,서울특별시 강동구 풍성로 196,위탁관리,혼합식,19990311,024867256,222.0,21637.127,118.0,104.0,0.0,0.0,15901.75,1174010800,19.0,19.0,2.0,5.0,05403
A10020146,엘림스퀘어2차,서울특별시 강동구 천호동 416-2 엘림스퀘어2차,분양,개별난방,4198.73,1,143.0,엘에스 건설(주0,코리아신탁(주),024759225, ,도시형 생활주택(아파트),서울특별시 강동구 구천면로24길 9,위탁관리,복도식,20190418,024759226,143.0,3649.03,143.0,0.0,0.0,0.0,3649.03,1174010900,13.0,0.0,2.0,0.0,
A10020258,이편한세상 강동 프레스티지원,서울특별시 강동구 천호동 423-76 이편한세상 강동 프레스티지원,혼합,지역난방,81994.7,8,535.0,DL이앤씨,천호3주택재건축정비사업조합,024852111, ,아파트,서울특별시 강동구 올림픽로78길 37,위탁관리,계단식,20260122,024853111,535.0,49107.85,0.0,243.0,288.0,4.0,49107.85,1174010900,25.0,0.0,3.0,0.0,
A10020336,더샵강동센트럴시티,서울특별시 강동구 천호동 410-100 더샵강동센트럴시티,혼합,개별난방,97096.484,3,670.0,포스코이앤씨,재건축조합,024706785, ,아파트,서울특별시 강동구 진황도로 14,위탁관리,계단식,20251128,024706786,670.0,64629.406,0.0,386.0,284.0,0.0,64629.4048,1174010900,38.0,0.0,6.0,0.0,
A10020603,강동역 두산위브 센티움 아파트,서울특별시 강동구 천호동 155-5 강동역 두산위브 센티움 아파트,분양,개별난방,15889.88,1,0.0,두산건설주식회사,두산건설주식회사,024895556, ,아파트,서울특별시 강동구 성안로 155,위탁관리,복도식,20040503,024895556,140.0,11025.253,0.0,0.0,0.0,0.0,7905.44,1174010900,15.0,15.0,4.0,2.0,
A10021534,천호 대명사이버아파트,서울특별시 강동구 천호동 49-8 천호 대명사이버아파트,분양,개별난방,12389.0,1,100.0,한겨레건설(주),"크로바,현대연립주택조합",024726110, ,아파트,서울특별시 강동구 양재대로123길 31,위탁관리,복도식,20010113, ,100.0,10420.44,54.0,46.0,0.0,0.0,7123.88,1174010900,1.0,15.0,1.0,0.0,
A10022000,강동상떼빌 ,서울특별시 강동구 천호동 450- 강동상떼빌 ,분양,개별난방,31138.38,1,110.0,성원산업개발,성원산업개발,024848755, ,주상복합,서울특별시 강동구 천호대로 1065,위탁관리,계단식,20070330,024871088,110.0,15686.29,0.0,0.0,110.0,0.0,12032.4,1174010900,1.0,20.0,5.0,0.0,
A10022202,강동중흥S-클래스,서울특별시 강동구 천호동 423-200 강동중흥S-클래스,혼합,지역난방,107897.68,4,0.0,중흥토건,천호1도시환경정비사업조합,024888711, ,주상복합,서울특별시 강동구 올림픽로78길 60,위탁관리,혼합식,20240930,024888712,999.0,101884.53,0.0,0.0,0.0,0.0,72623.2196,1174010900,40.0,40.0,5.0,7.0,
A10023670,천호역한강청년주택,서울특별시 강동구 천호동 458-3 천호역한강청년주택,임대,중앙난방,10405.37,1,223.0,케이알산업,알이비에셋,0264723902, ,아파트,서울특별시 강동구 천호대로 989,위탁관리,복도식,20210820,024861555,223.0,8626.33,223.0,0.0,0.0,0.0,4658.32,1174010900,15.0,15.0,2.0,3.0,05248
A10023695,힐데스하임천호아파트,서울특별시 강동구 천호동 437-5 힐데스하임천호아파트,혼합,지역난방,34330.0,2,188.0,(주)원건설,천호2주택재건축정비사업조합,024719070, ,주상복합,서울특별시 강동구 올림픽로78길 30,위탁관리,계단식,20230511,024719071,188.0,19166.28,54.0,124.0,10.0,0.0,14611.78,1174010900,20.0,20.0,4.0,0.0,05327
A10023979,어바니엘 천호,서울특별시 강동구 천호동 452-22 어바니엘 천호,임대,개별난방,6255.0,1,182.0,(주)신화종합건설,코람코제72호전문투자형사모부동산투자유한회사,0226460707,cafe.naver.com/ubc22,도시형 생활주택(아파트),,위탁관리,혼합식,20191031,024740707,208.0,5160.218,182.0,0.0,0.0,0.0,2419.5542,1174010900,17.0,17.0,1.0,1.0,05335
A10024134,브라운스톤 암사아파트,서울특별시 강동구 천호동 288-29 브라운스톤 암사아파트,분양,개별난방,18215.0,2,125.0,이수건설,이수건설,024763663, ,아파트,서울특별시 강동구 올림픽로92길 61,위탁관리,계단식,20051028,024763662,125.0,17748.75,0.0,125.0,0.0,0.0,10621.25,1174010900,1.0,12.0,1.0,5.0,
A10026195,강변그대가갤럭시아파트,서울특별시 강동구 천호동 570 강변그대가갤럭시아파트,분양,개별난방,22138.45,3,134.0,글로에이(구.임광토건),천호임광주택조합,024707403, ,아파트,서울특별시 강동구 올림픽로89길 55,위탁관리,계단식,20090420,024707354,134.0,22138.16,0.0,112.0,22.0,0.0,12367.74,1174010900,15.0,15.0,2.0,2.0,05243
A10026852,래미안강동팰리스,서울특별시 강동구 천호동 571 래미안강동팰리스,분양,개별난방,171449.52,3,999.0,삼성물산,생보부동산신탁,024740991, ,주상복합,서울특별시 강동구 천호대로 1077,위탁관리,계단식,20170731,024740988,999.0,114090.42,231.0,756.0,0.0,12.0,79936.56,1174010900,45.0,45.0,5.0,14.0,05340
A10027948,강동역신동아파밀리에,서울특별시 강동구 천호동 447-17 강동역신동아파밀리에,분양,개별난방,46552.35,2,230.0,신동아 건설(주),(주)포유,024707726, ,주상복합,서울특별시 강동구 천호대로 1089,자치관리(직영),기타,20150730,024707783,230.0,31040.1,0.0,0.0,230.0,0.0,23243.5,1174010900,41.0,41.0,4.0,0.0,05339
A13402001,천호두산위브센티움,서울특별시 강동구 천호동 414 천호두산위브센티움,분양,개별난방,9700.2,1,156.0,두산건설,희성,024767783, ,주상복합,서울특별시 강동구 올림픽로70길 61,자치관리,복도식,20040906,024767860,156.0,9700.2,156.0,0.0,0.0,0.0,5183.22,1174010900,8.0,8.0,5.0,2.0,05329
A13402002,천호태영,서울특별시 강동구 천호동 566 천호태영,분양,개별난방,58613.25,5,385.0,태영건설,태영건설,024877430,www.ctyapt.com,주상복합,서울특별시 강동구 천호대로 1055,위탁관리,혼합식,19991120,024877431,385.0,43828.31,80.0,183.0,122.0,0.0,34312.7,1174010900,24.0,24.0,0.0,8.0,05336
A13402003,대우한강베네시티,서울특별시 강동구 천호동 425-5 대우한강베네시티,분양,개별난방,33108.96,2,204.0,대우건설,베네개발,0220419300, ,주상복합,서울특별시 강동구 올림픽로 664,위탁관리,복도식,20070321,0220419305,204.0,24988.56,0.0,0.0,200.0,4.0,24988.56,1174010900,22.0,22.0,7.0,6.0,05328
A13402004,강동이루미,서울특별시 강동구 천호동 46 강동이루미,,,0.0,1,75.0, , , , ,아파트,서울특별시 강동구 양재대로123길 30,기타,,, ,0.0,0.0,2.0,73.0,0.0,0.0,6162.57,1174010900,1.0,13.0,0.0,0.0,05315
A13402005,천호롯데,서울특별시 강동구 천호동 55-4 천호롯데,분양,개별난방,15011.3,1,114.0, 롯데기공,롯데기공,024756314, ,아파트,서울특별시 강동구 천중로 161,위탁관리,혼합식,19991122,024756324,114.0,7879.46,57.0,52.0,5.0,0.0,8394.07,1174010900,1.0,19.0,0.0,0.0,05316
A13402103,천호우성,서울특별시 강동구 천호동 19-1 천호우성,분양,개별난방,43858.5,6,479.0,우성건설,우성건설,024712883, ,아파트,서울특별시 강동구 구천면로 366,위탁관리,혼합식,19850202,024712893,479.0,43856.46,100.0,379.0,0.0,0.0,33844.07,1174010900,13.0,13.0,0.0,14.0,05305
A13402202,천호e-편한세상,서울특별시 강동구 천호동 333-55 천호e-편한세상,분양,개별난방,23895.0,2,150.0,대림산업,"한미,세경연립사업조합.(주)삼호",024706787, ,아파트,서울특별시 강동구 올림픽로81길 15,위탁관리,계단식,20051028,024846788,150.0,17086.79,0.0,98.0,52.0,0.0,13829.32,1174010900,13.0,13.0,2.0,0.0,05245
A13402204,강변그대가리버뷰,서울특별시 강동구 천호동 568 강변그대가리버뷰,분양,개별난방,33231.0,5,225.0,임광토건(주),(주)디씨엠하우징,024822821, ,아파트,서울특별시 강동구 올림픽로89길 58,위탁관리,계단식,20070216,0264072823,225.0,25587.62,0.0,225.0,0.0,0.0,19118.29,1174010900,15.0,15.0,1.0,0.0,05243
A13402304,천호태영임대,서울특별시 강동구 천호동 566 천호태영임대,임대,개별난방,16424.07,1,0.0,태영건설(주),태영건설(주),024867213,http://happy.i-sh.co.kr/cms/main.do,아파트,서울특별시 강동구 천호대로 1055,위탁관리,복도식,19991121,024867214,264.0,16423.44,0.0,0.0,0.0,0.0,42961.34,1174010900,18.0,24.0,0.0,3.0,05336
A13402305,천호삼성아파트,서울특별시 강동구 천호동 528 천호삼성아파트,분양,개별난방,49295.0,3,396.0,삼성물산(주),삼성물산(주),024878518, ,아파트,서울특별시 강동구 성안로25길 6,위탁관리,혼합식,19970526,024878584,396.0,33634.96,140.0,138.0,118.0,0.0,33634.73,1174010900,20.0,20.0,2.0,9.0,05338
A13472201,천호삼성임대,서울특별시 강동구 천호동 528 천호삼성임대,임대,개별난방,13822.12,1,247.0,삼성물산(주),삼성물산(주),024764738,happy.i-sh.co.kr/main.do?deptid=70112,아파트,서울특별시 강동구 성안로25길 15,위탁관리,복도식,19970527,024764739,247.0,12247.939,247.0,0.0,0.0,0.0,8143.59,1174010900,19.0,19.0,2.0,3.0,05338
A13475001,천호동아코아,서울특별시 강동구 천호동 563 천호동아코아,혼합,개별난방,23901.58,1,191.0,동아건설,동아건설,024758132, ,주상복합,서울특별시 강동구 구천면로 189,자치관리,복도식,19971231,024758133,192.0,19214.01,120.0,35.0,36.0,0.0,11626.2,1174010900,20.0,20.0,6.0,2.0,05327
A13486102,천호금호,서울특별시 강동구 천호동 44 천호금호,분양,개별난방,10138.4,1,232.0,금호건설,금호건설,024724500,천호금호apti.co.kr,아파트,서울특별시 강동구 양재대로 1557,자치관리,복도식,19870613,024737488,232.0,10138.4,232.0,0.0,0.0,0.0,6405.52,1174010900,14.0,14.0,1.0,2.0,05314
A13486401,천호현대,서울특별시 강동구 천호동 168-6 천호현대,분양,개별난방,13497.34,2,156.0,현대건설,아남산업주택조합,024870371, ,아파트,서울특별시 강동구 진황도로 47-2,위탁관리,복도식,19900531,0264830371,156.0,12620.36,48.0,108.0,0.0,0.0,8976.3,1174010900,12.0,12.0,1.0,2.0,05337
A13486504,천호동아하이빌,서울특별시 강동구 천호동 217-132 천호동아하이빌,분양,개별난방,64495.91,5,526.0,동아건설산업(주),동아아파트재건축주택조합,024735145,hivil@hanmail.net,아파트,서울특별시 강동구 구천면로 278,자치관리,혼합식,20000615,024735146,526.0,53797.387,211.0,298.0,17.0,0.0,39924.36,1174010900,25.0,25.0,3.0,12.0,05310
A13486601,천호한신,서울특별시 강동구 천호동 237 천호한신,분양,개별난방,20137.22,2,224.0,(주)장안건설주택조합,한신공영,024700181, ,아파트,서울특별시 강동구 구천면로42길 16,자치관리,복도식,19910330,024701681,224.0,19145.418,139.0,85.0,0.0,0.0,14182.56,1174010900,15.0,15.0,1.0,4.0,05310
A13486701,천호삼익,서울특별시 강동구 천호동 288-5 천호삼익,분양,개별난방,15925.17,1,150.0,삼익건설(주),삼익건설(주),0262859993,없음,아파트,서울특별시 강동구 상암로12길 13,위탁관리,혼합식,19971203,0262871298,150.0,15925.17,67.0,58.0,25.0,0.0,11792.85,1174010900,15.0,15.0,2.0,4.0,05318
A13486703,천호유원,서울특별시 강동구 천호동 287-9 천호유원,분양,개별난방,20746.2,1,174.0,유원건설,천호동연합주택조합,024855315, ,주상복합,서울특별시 강동구 상암로12길 24,위탁관리,혼합식,19970826,0264855315,174.0,17424.55,91.0,83.0,0.0,0.0,12102.6,1174010900,18.0,18.0,2.0,5.0,05318
A13486705,천호중앙하이츠,서울특별시 강동구 천호동 305 천호중앙하이츠,분양,개별난방,32515.65,1,226.0,중앙건설,천호도화신흥연립재건축조합,024833045,www.okhomeapt.com,아파트,서울특별시 강동구 구천면로41길 79,위탁관리,혼합식,19981204,0264860994,226.0,23596.94,117.0,82.0,27.0,0.0,17067.99,1174010900,16.0,16.0,3.0,6.0,05322
A13487102,천호현대타워,서울특별시 강동구 천호동 565 천호현대타워,분양,개별난방,44200.2,1,185.0,현대산업개발,세원기공,024858812, ,주상복합,서울특별시 강동구 천호대로 1095,자치관리,복도식,19990202,0264025208,185.0,21712.05,89.0,51.0,30.0,15.0,14945.62,1174010900,25.0,25.0,0.0,5.0,05339
A10022851,힐스테이트리슈빌강일,서울특별시 강동구 강일동 72 힐스테이트리슈빌강일,분양,지역난방,146109.0,8,0.0,현대건설,"현대건설(주), 계룡건설산업(주)",0234273295, ,아파트,서울특별시 강동구 아리수로93다길 80,위탁관리,혼합식,20231030,0234273297,809.0,94693.77,0.0,0.0,0.0,0.0,145567.0728,1174011000,27.0,27.0,2.0,45.0,05414
A10024410,강동리엔파크9단지아파트,서울특별시 강동구 강일동 22-36 강동리엔파크9단지아파트,임대,지역난방,35553.0,2,366.0,대림건설,sh,024429993,강동리엔파크9단지.apti.co.kr,아파트,서울특별시 강동구 고덕로98길 29,위탁관리,혼합식,20210223,024429994,366.0,35337.0,366.0,0.0,0.0,0.0,16676.5,1174011000,15.0,15.0,1.0,11.0,05416
A10024421,강동 리버스트 7단지 아파트,서울특별시 강동구 강일동 91 강동 리버스트 7단지 아파트,임대,지역난방,109567.96,2,1025.0,화성산업(주),SH공사,024294321, ,아파트,서울특별시 강동구 아리수로93가길 70,위탁관리,혼합식,20210223,024294322,1025.0,108617.71,962.0,63.0,0.0,0.0,51362.67,1174011000,20.0,20.0,1.0,26.0,05415
A10024422,강동리버스트6단지,서울특별시 강동구 강일동 215 강동리버스트6단지,임대,지역난방,130072.66,15,1244.0,sh,sh,0234275141,gdriverst6.com,아파트,서울특별시 강동구 아리수로93가길 77,위탁관리,혼합식,20210223,0234275143,1245.0,129314.87,1162.0,82.0,0.0,0.0,64216.88,1174011000,21.0,21.0,1.0,37.0,05201
A10024440,강동리버스트 8단지,서울특별시 강동구 강일동 66 강동리버스트 8단지,혼합,지역난방,103615.98,12,946.0,sh서울도시공사,대보건설,024287740,gdriverst8.com/,아파트,서울특별시 강동구 아리수로93나길 88,위탁관리,혼합식,20210210,024287742,946.0,68967.18,902.0,44.0,0.0,0.0,47557.08,1174011000,22.0,22.0,2.0,24.0,05415
A10024468,강동리버스트4단지,서울특별시 강동구 강일동 114 강동리버스트4단지,혼합,지역난방,137118.55,10,1239.0,두산건설,서울주택도시공사,0234274723,gdriverst.com,아파트,서울특별시 강동구 아리수로93가길 110,위탁관리,혼합식,20200828,0234274724,1239.0,91063.71,1196.0,43.0,0.0,0.0,61933.65,1174011000,24.0,24.0,2.0,31.0,05414
A10024487,강일푸르내,서울특별시 강동구 강일동 730-2 강일푸르내,임대,개별난방,13409.34,2,119.0,(주)보미건설,에스에이치공사,0234275234, ,아파트,서울특별시 강동구 상일로12길 95,위탁관리,복도식,20200123,0234275235,157.0,8419.76,119.0,0.0,0.0,0.0,3947.4,1174011000,12.0,12.0,2.0,2.0,05285
A10027638,강일리버파크11단지,서울특별시 강동구 강일동 689 강일리버파크11단지,임대,지역난방,25210.72,4,346.0,(주)대흥토건,(주)대흥토건,024429660, ,아파트,서울특별시 강동구 고덕로97길 89,위탁관리,복도식,20151229,024429661,346.0,25113.26,346.0,0.0,0.0,0.0,10366.88,1174011000,10.0,10.0,1.0,7.0,05216
A13410001,강일리버파크1단지,서울특별시 강동구 강일동 665 강일리버파크1단지,혼합,지역난방,37529.78,7,282.0,삼환기업,SH공사,024270051, ,아파트,서울특별시 강동구 아리수로93가길 25,자치관리,혼합식,20090311,024277337,282.0,27639.812,126.0,156.0,0.0,0.0,20746.16,1174011000,12.0,12.0,1.0,14.0,05211
A13410002,강일리버파크8단지,서울특별시 강동구 강일동 701 강일리버파크8단지,혼합,지역난방,52880.0,9,410.0,동부건설(주)외1,SH공사,024291147,intm.com/강일리버파크8단지,아파트,서울특별시 강동구 아리수로94길 72,위탁관리,혼합식,20090311,024291148,410.0,38875.727,206.0,204.0,0.0,0.0,28121.54,1174011000,14.0,14.0,0.0,17.0,05212
A13410003,강일리버파크2단지,서울특별시 강동구 강일동 668 강일리버파크2단지,혼합,지역난방,65452.19,9,442.0,한신공영(주),에스에이치공사,0234280002,강일리버파크2단지.apti.co.kr/,아파트,서울특별시 강동구 아리수로97길 68,위탁관리,계단식,20090311,0234280012,442.0,50744.215,46.0,294.0,102.0,0.0,39375.04,1174011000,14.0,14.0,1.0,0.0,05208
A13410004,강일리버파크6단지,서울특별시 강동구 강일동 684 강일리버파크6단지,혼합,지역난방,63524.18,10,553.0,동부건설,SH공사,024266646, ,아파트,서울특별시 강동구 아리수로94길 19,위탁관리,혼합식,20090311,024266647,553.0,47777.35,295.0,258.0,0.0,0.0,35282.68,1174011000,15.0,15.0,1.0,13.0,05213
A13410005,강일리버파크10단지,서울특별시 강동구 강일동 695 강일리버파크10단지,혼합,지역난방,94099.95,12,694.0,계룡건설(주),SH공사,024276675, ,아파트,서울특별시 강동구 고덕로97길 20,위탁관리,혼합식,20090406,024276676,694.0,54671.18,322.0,214.0,158.0,0.0,54671.18,1174011000,15.0,15.0,1.0,18.0,05215
A13410006,강일리버파크4단지,서울특별시 강동구 강일동 673 강일리버파크4단지,혼합,지역난방,92087.0,10,748.0,sh공사,한신공영,024288585,강일리버파크4단지.okhomeapt.co.kr,아파트,서울특별시 강동구 아리수로97길 19,위탁관리,혼합식,20090311,024414500,748.0,67346.53,418.0,330.0,0.0,0.0,49047.02,1174011000,15.0,15.0,0.0,16.0,05210
A13410007,강일리버파크9단지,서울특별시 강동구 강일동 699 강일리버파크9단지,혼합,지역난방,110116.36,13,841.0,SH공사,SH공사,024276690, ,아파트,서울특별시 강동구 고덕로97길 29,위탁관리,혼합식,20090406,024276692,841.0,83887.4,461.0,170.0,210.0,0.0,63051.84,1174011000,15.0,15.0,1.0,23.0,05216
A13410008,강일리버파크3단지,서울특별시 강동구 강일동 674 강일리버파크3단지,혼합,지역난방,112365.71,13,987.0,삼환기업,sh공사,024280187, ,아파트,서울특별시 강동구 아리수로93길 40,위탁관리,혼합식,20090311,024280057,987.0,80037.516,731.0,256.0,0.0,0.0,58114.23,1174011000,15.0,15.0,2.0,25.0,05210
A13410009,강일리버파크5단지,서울특별시 강동구 강일동 670 강일리버파크5단지,혼합,지역난방,84262.0,9,722.0,KR산업,SH공사,0234281005,강일리버파크5단지.apti.co.kr,아파트,서울특별시 강동구 아리수로97길 20,위탁관리,혼합식,20090713,024271090,722.0,61837.82,514.0,208.0,0.0,0.0,44691.94,1174011000,15.0,15.0,0.0,18.0,05209
A13410010,강일리버파크7단지,서울특별시 강동구 강일동 686 강일리버파크7단지,혼합,지역난방,80752.58,11,731.0,고속도로관리공단,SH공사,0234270007, ,아파트,서울특별시 강동구 아리수로98길 25,위탁관리,혼합식,20090609,0234270017,731.0,55097.496,515.0,216.0,0.0,0.0,41058.34,1174011000,15.0,15.0,2.0,14.0,05214
A13410011,고덕리엔파크2단지,서울특별시 강동구 강일동 717 고덕리엔파크2단지,혼합,지역난방,87367.62,11,636.0,신동아,SH공사,024262148,고덕리엔파크2단지,아파트,서울특별시 강동구 고덕로 427,위탁관리,혼합식,20110114,024262149,636.0,46334.0,354.0,188.0,94.0,0.0,46910.37,1174011000,17.0,17.0,1.0,16.0,05217
A13410012,고덕리엔파크1단지,서울특별시 강동구 강일동 707 고덕리엔파크1단지,혼합,지역난방,85168.67,9,605.0,신동아건설,서울주택도시공사,024262085, ,아파트,서울특별시 강동구 상일로 152,위탁관리,혼합식,20110114,024262086,605.0,59909.67,296.0,230.0,79.0,0.0,44850.96,1174011000,15.0,15.0,2.0,20.0,05218
